dataset_type,window_id,train_start,train_end,test_start,test_end,generation,min_impulse_candles,max_duration_ms,diagonal_imbalance_ratio_threshold,min_imbalance_count,take_profit_ticks,stop_loss_ticks,fitness,number_of_trades,net_profit,gross_profit,gross_loss,profit_factor,max_drawdown,win_rate,expectancy,biggest_loss,longest_losing_streak,analysis_generation,selected_generation
test,1,0,22406,22406,53560,0,6,496,7.75,2,24,3,-105.272823401573,39,-236.0,580.0,816.0,0.7107843137254902,340.0,0.1282051282051282,-6.051282051282051,24.0,14,0,0
train,1,0,22406,22406,53560,0,6,496,7.75,2,24,3,-4.6283352950392205,18,-12.0,348.0,360.0,0.9666666666666668,264.0,0.1666666666666666,-0.6666666666666666,24.0,11,0,0
test,1,0,22406,22406,53560,1,6,448,5.0,2,9,2,-142.85424179911496,54,-486.0,369.0,855.0,0.431578947368421,549.0,0.1666666666666666,-9.0,19.0,25,1,1
train,1,0,22406,22406,53560,1,6,448,5.0,2,9,2,130.28675638332888,23,163.0,410.0,247.0,1.6599190283400809,114.0,0.4347826086956521,7.086956521739131,19.0,6,1,1
test,1,0,22406,22406,53560,1,6,448,5.0,2,9,2,-142.85424179911496,54,-486.0,369.0,855.0,0.431578947368421,549.0,0.1666666666666666,-9.0,19.0,25,2,1
train,1,0,22406,22406,53560,1,6,448,5.0,2,9,2,130.28675638332888,23,163.0,410.0,247.0,1.6599190283400809,114.0,0.4347826086956521,7.086956521739131,19.0,6,2,1
test,1,0,22406,22406,53560,3,6,300,7.0,2,19,2,-79.34782608695652,25,-365.0,91.0,456.0,0.1995614035087719,437.0,0.04,-14.6,19.0,23,3,3
train,1,0,22406,22406,53560,3,6,300,7.0,2,19,2,139.17427923290998,13,193.0,364.0,171.0,2.128654970760234,95.0,0.3076923076923077,14.846153846153848,19.0,5,3,3
test,1,0,22406,22406,53560,4,6,448,8.75,1,9,2,-195.6529932048064,54,-426.0,410.0,836.0,0.4904306220095694,489.0,0.1851851851851851,-7.888888888888889,19.0,16,4,4
train,1,0,22406,22406,53560,4,6,448,8.75,1,9,2,185.0,25,185.0,451.0,266.0,1.6954887218045114,95.0,0.44,7.4,19.0,5,4,4
test,1,0,22406,22406,53560,5,6,281,6.25,3,9,2,-77.63157894736842,25,-295.0,123.0,418.0,0.2942583732057416,361.0,0.12,-11.8,19.0,19,5,5
train,1,0,22406,22406,53560,5,6,281,6.25,3,9,2,251.7439175034821,15,195.0,328.0,133.0,2.4661654135338344,57.0,0.5333333333333333,13.0,19.0,3,5,5
test,1,0,22406,22406,53560,6,6,300,6.25,2,9,2,-88.14664500099109,29,-311.0,164.0,475.0,0.3452631578947368,377.0,0.1379310344827586,-10.724137931034482,19.0,19,6,6
train,1,0,22406,22406,53560,6,6,300,6.25,2,9,2,571.050129148046,17,277.0,410.0,133.0,3.082706766917293,38.0,0.5882352941176471,16.294117647058822,19.0,2,6,6
test,1,0,22406,22406,53560,6,6,300,6.25,2,9,2,-88.14664500099109,29,-311.0,164.0,475.0,0.3452631578947368,377.0,0.1379310344827586,-10.724137931034482,19.0,19,7,6
train,1,0,22406,22406,53560,6,6,300,6.25,2,9,2,571.050129148046,17,277.0,410.0,133.0,3.082706766917293,38.0,0.5882352941176471,16.294117647058822,19.0,2,7,6
test,1,0,22406,22406,53560,8,6,255,9.75,2,9,2,-82.00178637535893,19,-301.0,41.0,342.0,0.1198830409356725,304.0,0.0526315789473684,-15.842105263157896,19.0,16,8,8
train,1,0,22406,22406,53560,8,6,255,9.75,2,9,2,840.0934471831094,13,233.0,328.0,95.0,3.4526315789473685,19.0,0.6153846153846154,17.923076923076923,19.0,1,8,8
test,1,0,22406,22406,53560,8,6,255,9.75,2,9,2,-82.00178637535893,19,-301.0,41.0,342.0,0.1198830409356725,304.0,0.0526315789473684,-15.842105263157896,19.0,16,9,8
train,1,0,22406,22406,53560,8,6,255,9.75,2,9,2,840.0934471831094,13,233.0,328.0,95.0,3.4526315789473685,19.0,0.6153846153846154,17.923076923076923,19.0,1,9,8
test,1,0,22406,22406,53560,8,6,255,9.75,2,9,2,-82.00178637535893,19,-301.0,41.0,342.0,0.1198830409356725,304.0,0.0526315789473684,-15.842105263157896,19.0,16,10,8
train,1,0,22406,22406,53560,8,6,255,9.75,2,9,2,840.0934471831094,13,233.0,328.0,95.0,3.4526315789473685,19.0,0.6153846153846154,17.923076923076923,19.0,1,10,8
test,1,0,22406,22406,53560,11,6,300,9.0,2,9,2,-84.18138268234503,20,-320.0,41.0,361.0,0.113573407202216,323.0,0.05,-16.0,19.0,17,11,11
train,1,0,22406,22406,53560,11,6,300,9.0,2,9,2,1025.21412397606,14,274.0,369.0,95.0,3.8842105263157896,19.0,0.6428571428571429,19.571428571428573,19.0,1,11,11
test,1,0,22406,22406,53560,11,6,300,9.0,2,9,2,-84.18138268234503,20,-320.0,41.0,361.0,0.113573407202216,323.0,0.05,-16.0,19.0,17,12,11
train,1,0,22406,22406,53560,11,6,300,9.0,2,9,2,1025.21412397606,14,274.0,369.0,95.0,3.8842105263157896,19.0,0.6428571428571429,19.571428571428573,19.0,1,12,11
test,1,0,22406,22406,53560,11,6,300,9.0,2,9,2,-84.18138268234503,20,-320.0,41.0,361.0,0.113573407202216,323.0,0.05,-16.0,19.0,17,13,11
train,1,0,22406,22406,53560,11,6,300,9.0,2,9,2,1025.21412397606,14,274.0,369.0,95.0,3.8842105263157896,19.0,0.6428571428571429,19.571428571428573,19.0,1,13,11
test,1,0,22406,22406,53560,11,6,300,9.0,2,9,2,-84.18138268234503,20,-320.0,41.0,361.0,0.113573407202216,323.0,0.05,-16.0,19.0,17,14,11
train,1,0,22406,22406,53560,11,6,300,9.0,2,9,2,1025.21412397606,14,274.0,369.0,95.0,3.8842105263157896,19.0,0.6428571428571429,19.571428571428573,19.0,1,14,11
test,1,0,22406,22406,53560,11,6,300,9.0,2,9,2,-84.18138268234503,20,-320.0,41.0,361.0,0.113573407202216,323.0,0.05,-16.0,19.0,17,15,11
train,1,0,22406,22406,53560,11,6,300,9.0,2,9,2,1025.21412397606,14,274.0,369.0,95.0,3.8842105263157896,19.0,0.6428571428571429,19.571428571428573,19.0,1,15,11
test,1,0,22406,22406,53560,11,6,300,9.0,2,9,2,-84.18138268234503,20,-320.0,41.0,361.0,0.113573407202216,323.0,0.05,-16.0,19.0,17,16,11
train,1,0,22406,22406,53560,11,6,300,9.0,2,9,2,1025.21412397606,14,274.0,369.0,95.0,3.8842105263157896,19.0,0.6428571428571429,19.571428571428573,19.0,1,16,11
test,1,0,22406,22406,53560,11,6,300,9.0,2,9,2,-84.18138268234503,20,-320.0,41.0,361.0,0.113573407202216,323.0,0.05,-16.0,19.0,17,17,11
train,1,0,22406,22406,53560,11,6,300,9.0,2,9,2,1025.21412397606,14,274.0,369.0,95.0,3.8842105263157896,19.0,0.6428571428571429,19.571428571428573,19.0,1,17,11
test,1,0,22406,22406,53560,11,6,300,9.0,2,9,2,-84.18138268234503,20,-320.0,41.0,361.0,0.113573407202216,323.0,0.05,-16.0,19.0,17,18,11
train,1,0,22406,22406,53560,11,6,300,9.0,2,9,2,1025.21412397606,14,274.0,369.0,95.0,3.8842105263157896,19.0,0.6428571428571429,19.571428571428573,19.0,1,18,11
test,1,0,22406,22406,53560,11,6,300,9.0,2,9,2,-84.18138268234503,20,-320.0,41.0,361.0,0.113573407202216,323.0,0.05,-16.0,19.0,17,19,11
train,1,0,22406,22406,53560,11,6,300,9.0,2,9,2,1025.21412397606,14,274.0,369.0,95.0,3.8842105263157896,19.0,0.6428571428571429,19.571428571428573,19.0,1,19,11
test,1,0,22406,22406,53560,11,6,300,9.0,2,9,2,-84.18138268234503,20,-320.0,41.0,361.0,0.113573407202216,323.0,0.05,-16.0,19.0,17,20,11
train,1,0,22406,22406,53560,11,6,300,9.0,2,9,2,1025.21412397606,14,274.0,369.0,95.0,3.8842105263157896,19.0,0.6428571428571429,19.571428571428573,19.0,1,20,11
test,1,0,22406,22406,53560,11,6,300,9.0,2,9,2,-84.18138268234503,20,-320.0,41.0,361.0,0.113573407202216,323.0,0.05,-16.0,19.0,17,21,11
train,1,0,22406,22406,53560,11,6,300,9.0,2,9,2,1025.21412397606,14,274.0,369.0,95.0,3.8842105263157896,19.0,0.6428571428571429,19.571428571428573,19.0,1,21,11
test,1,0,22406,22406,53560,11,6,300,9.0,2,9,2,-84.18138268234503,20,-320.0,41.0,361.0,0.113573407202216,323.0,0.05,-16.0,19.0,17,22,11
train,1,0,22406,22406,53560,11,6,300,9.0,2,9,2,1025.21412397606,14,274.0,369.0,95.0,3.8842105263157896,19.0,0.6428571428571429,19.571428571428573,19.0,1,22,11
test,1,0,22406,22406,53560,11,6,300,9.0,2,9,2,-84.18138268234503,20,-320.0,41.0,361.0,0.113573407202216,323.0,0.05,-16.0,19.0,17,23,11
train,1,0,22406,22406,53560,11,6,300,9.0,2,9,2,1025.21412397606,14,274.0,369.0,95.0,3.8842105263157896,19.0,0.6428571428571429,19.571428571428573,19.0,1,23,11
test,1,0,22406,22406,53560,11,6,300,9.0,2,9,2,-84.18138268234503,20,-320.0,41.0,361.0,0.113573407202216,323.0,0.05,-16.0,19.0,17,24,11
train,1,0,22406,22406,53560,11,6,300,9.0,2,9,2,1025.21412397606,14,274.0,369.0,95.0,3.8842105263157896,19.0,0.6428571428571429,19.571428571428573,19.0,1,24,11
test,1,0,22406,22406,53560,11,6,300,9.0,2,9,2,-84.18138268234503,20,-320.0,41.0,361.0,0.113573407202216,323.0,0.05,-16.0,19.0,17,25,11
train,1,0,22406,22406,53560,11,6,300,9.0,2,9,2,1025.21412397606,14,274.0,369.0,95.0,3.8842105263157896,19.0,0.6428571428571429,19.571428571428573,19.0,1,25,11
test,1,0,22406,22406,53560,11,6,300,9.0,2,9,2,-84.18138268234503,20,-320.0,41.0,361.0,0.113573407202216,323.0,0.05,-16.0,19.0,17,26,11
train,1,0,22406,22406,53560,11,6,300,9.0,2,9,2,1025.21412397606,14,274.0,369.0,95.0,3.8842105263157896,19.0,0.6428571428571429,19.571428571428573,19.0,1,26,11
test,1,0,22406,22406,53560,11,6,300,9.0,2,9,2,-84.18138268234503,20,-320.0,41.0,361.0,0.113573407202216,323.0,0.05,-16.0,19.0,17,27,11
train,1,0,22406,22406,53560,11,6,300,9.0,2,9,2,1025.21412397606,14,274.0,369.0,95.0,3.8842105263157896,19.0,0.6428571428571429,19.571428571428573,19.0,1,27,11
test,1,0,22406,22406,53560,11,6,300,9.0,2,9,2,-84.18138268234503,20,-320.0,41.0,361.0,0.113573407202216,323.0,0.05,-16.0,19.0,17,28,11
train,1,0,22406,22406,53560,11,6,300,9.0,2,9,2,1025.21412397606,14,274.0,369.0,95.0,3.8842105263157896,19.0,0.6428571428571429,19.571428571428573,19.0,1,28,11
test,1,0,22406,22406,53560,11,6,300,9.0,2,9,2,-84.18138268234503,20,-320.0,41.0,361.0,0.113573407202216,323.0,0.05,-16.0,19.0,17,29,11
train,1,0,22406,22406,53560,11,6,300,9.0,2,9,2,1025.21412397606,14,274.0,369.0,95.0,3.8842105263157896,19.0,0.6428571428571429,19.571428571428573,19.0,1,29,11
test,1,0,22406,22406,53560,11,6,300,9.0,2,9,2,-84.18138268234503,20,-320.0,41.0,361.0,0.113573407202216,323.0,0.05,-16.0,19.0,17,30,11
train,1,0,22406,22406,53560,11,6,300,9.0,2,9,2,1025.21412397606,14,274.0,369.0,95.0,3.8842105263157896,19.0,0.6428571428571429,19.571428571428573,19.0,1,30,11
test,1,0,22406,22406,53560,11,6,300,9.0,2,9,2,-84.18138268234503,20,-320.0,41.0,361.0,0.113573407202216,323.0,0.05,-16.0,19.0,17,31,11
train,1,0,22406,22406,53560,11,6,300,9.0,2,9,2,1025.21412397606,14,274.0,369.0,95.0,3.8842105263157896,19.0,0.6428571428571429,19.571428571428573,19.0,1,31,11
test,1,0,22406,22406,53560,11,6,300,9.0,2,9,2,-84.18138268234503,20,-320.0,41.0,361.0,0.113573407202216,323.0,0.05,-16.0,19.0,17,32,11
train,1,0,22406,22406,53560,11,6,300,9.0,2,9,2,1025.21412397606,14,274.0,369.0,95.0,3.8842105263157896,19.0,0.6428571428571429,19.571428571428573,19.0,1,32,11
test,1,0,22406,22406,53560,11,6,300,9.0,2,9,2,-84.18138268234503,20,-320.0,41.0,361.0,0.113573407202216,323.0,0.05,-16.0,19.0,17,33,11
train,1,0,22406,22406,53560,11,6,300,9.0,2,9,2,1025.21412397606,14,274.0,369.0,95.0,3.8842105263157896,19.0,0.6428571428571429,19.571428571428573,19.0,1,33,11
test,1,0,22406,22406,53560,11,6,300,9.0,2,9,2,-84.18138268234503,20,-320.0,41.0,361.0,0.113573407202216,323.0,0.05,-16.0,19.0,17,34,11
train,1,0,22406,22406,53560,11,6,300,9.0,2,9,2,1025.21412397606,14,274.0,369.0,95.0,3.8842105263157896,19.0,0.6428571428571429,19.571428571428573,19.0,1,34,11
test,1,0,22406,22406,53560,11,6,300,9.0,2,9,2,-84.18138268234503,20,-320.0,41.0,361.0,0.113573407202216,323.0,0.05,-16.0,19.0,17,35,11
train,1,0,22406,22406,53560,11,6,300,9.0,2,9,2,1025.21412397606,14,274.0,369.0,95.0,3.8842105263157896,19.0,0.6428571428571429,19.571428571428573,19.0,1,35,11
test,1,0,22406,22406,53560,11,6,300,9.0,2,9,2,-84.18138268234503,20,-320.0,41.0,361.0,0.113573407202216,323.0,0.05,-16.0,19.0,17,36,11
train,1,0,22406,22406,53560,11,6,300,9.0,2,9,2,1025.21412397606,14,274.0,369.0,95.0,3.8842105263157896,19.0,0.6428571428571429,19.571428571428573,19.0,1,36,11
test,1,0,22406,22406,53560,11,6,300,9.0,2,9,2,-84.18138268234503,20,-320.0,41.0,361.0,0.113573407202216,323.0,0.05,-16.0,19.0,17,37,11
train,1,0,22406,22406,53560,11,6,300,9.0,2,9,2,1025.21412397606,14,274.0,369.0,95.0,3.8842105263157896,19.0,0.6428571428571429,19.571428571428573,19.0,1,37,11
test,1,0,22406,22406,53560,11,6,300,9.0,2,9,2,-84.18138268234503,20,-320.0,41.0,361.0,0.113573407202216,323.0,0.05,-16.0,19.0,17,38,11
train,1,0,22406,22406,53560,11,6,300,9.0,2,9,2,1025.21412397606,14,274.0,369.0,95.0,3.8842105263157896,19.0,0.6428571428571429,19.571428571428573,19.0,1,38,11
test,1,0,22406,22406,53560,11,6,300,9.0,2,9,2,-84.18138268234503,20,-320.0,41.0,361.0,0.113573407202216,323.0,0.05,-16.0,19.0,17,39,11
train,1,0,22406,22406,53560,11,6,300,9.0,2,9,2,1025.21412397606,14,274.0,369.0,95.0,3.8842105263157896,19.0,0.6428571428571429,19.571428571428573,19.0,1,39,11
test,1,0,22406,22406,53560,11,6,300,9.0,2,9,2,-84.18138268234503,20,-320.0,41.0,361.0,0.113573407202216,323.0,0.05,-16.0,19.0,17,40,11
train,1,0,22406,22406,53560,11,6,300,9.0,2,9,2,1025.21412397606,14,274.0,369.0,95.0,3.8842105263157896,19.0,0.6428571428571429,19.571428571428573,19.0,1,40,11
test,1,0,22406,22406,53560,11,6,300,9.0,2,9,2,-84.18138268234503,20,-320.0,41.0,361.0,0.113573407202216,323.0,0.05,-16.0,19.0,17,41,11
train,1,0,22406,22406,53560,11,6,300,9.0,2,9,2,1025.21412397606,14,274.0,369.0,95.0,3.8842105263157896,19.0,0.6428571428571429,19.571428571428573,19.0,1,41,11
test,1,0,22406,22406,53560,11,6,300,9.0,2,9,2,-84.18138268234503,20,-320.0,41.0,361.0,0.113573407202216,323.0,0.05,-16.0,19.0,17,42,11
train,1,0,22406,22406,53560,11,6,300,9.0,2,9,2,1025.21412397606,14,274.0,369.0,95.0,3.8842105263157896,19.0,0.6428571428571429,19.571428571428573,19.0,1,42,11
test,1,0,22406,22406,53560,11,6,300,9.0,2,9,2,-84.18138268234503,20,-320.0,41.0,361.0,0.113573407202216,323.0,0.05,-16.0,19.0,17,43,11
train,1,0,22406,22406,53560,11,6,300,9.0,2,9,2,1025.21412397606,14,274.0,369.0,95.0,3.8842105263157896,19.0,0.6428571428571429,19.571428571428573,19.0,1,43,11
test,1,0,22406,22406,53560,11,6,300,9.0,2,9,2,-84.18138268234503,20,-320.0,41.0,361.0,0.113573407202216,323.0,0.05,-16.0,19.0,17,44,11
train,1,0,22406,22406,53560,11,6,300,9.0,2,9,2,1025.21412397606,14,274.0,369.0,95.0,3.8842105263157896,19.0,0.6428571428571429,19.571428571428573,19.0,1,44,11
test,1,0,22406,22406,53560,11,6,300,9.0,2,9,2,-84.18138268234503,20,-320.0,41.0,361.0,0.113573407202216,323.0,0.05,-16.0,19.0,17,45,11
train,1,0,22406,22406,53560,11,6,300,9.0,2,9,2,1025.21412397606,14,274.0,369.0,95.0,3.8842105263157896,19.0,0.6428571428571429,19.571428571428573,19.0,1,45,11
test,1,0,22406,22406,53560,11,6,300,9.0,2,9,2,-84.18138268234503,20,-320.0,41.0,361.0,0.113573407202216,323.0,0.05,-16.0,19.0,17,46,11
train,1,0,22406,22406,53560,11,6,300,9.0,2,9,2,1025.21412397606,14,274.0,369.0,95.0,3.8842105263157896,19.0,0.6428571428571429,19.571428571428573,19.0,1,46,11
test,1,0,22406,22406,53560,11,6,300,9.0,2,9,2,-84.18138268234503,20,-320.0,41.0,361.0,0.113573407202216,323.0,0.05,-16.0,19.0,17,47,11
train,1,0,22406,22406,53560,11,6,300,9.0,2,9,2,1025.21412397606,14,274.0,369.0,95.0,3.8842105263157896,19.0,0.6428571428571429,19.571428571428573,19.0,1,47,11
test,1,0,22406,22406,53560,11,6,300,9.0,2,9,2,-84.18138268234503,20,-320.0,41.0,361.0,0.113573407202216,323.0,0.05,-16.0,19.0,17,48,11
train,1,0,22406,22406,53560,11,6,300,9.0,2,9,2,1025.21412397606,14,274.0,369.0,95.0,3.8842105263157896,19.0,0.6428571428571429,19.571428571428573,19.0,1,48,11
test,1,0,22406,22406,53560,11,6,300,9.0,2,9,2,-84.18138268234503,20,-320.0,41.0,361.0,0.113573407202216,323.0,0.05,-16.0,19.0,17,49,11
train,1,0,22406,22406,53560,11,6,300,9.0,2,9,2,1025.21412397606,14,274.0,369.0,95.0,3.8842105263157896,19.0,0.6428571428571429,19.571428571428573,19.0,1,49,11
test,1,0,22406,22406,53560,11,6,300,9.0,2,9,2,-84.18138268234503,20,-320.0,41.0,361.0,0.113573407202216,323.0,0.05,-16.0,19.0,17,50,11
train,1,0,22406,22406,53560,11,6,300,9.0,2,9,2,1025.21412397606,14,274.0,369.0,95.0,3.8842105263157896,19.0,0.6428571428571429,19.571428571428573,19.0,1,50,11
test,1,0,22406,22406,53560,11,6,300,9.0,2,9,2,-84.18138268234503,20,-320.0,41.0,361.0,0.113573407202216,323.0,0.05,-16.0,19.0,17,51,11
train,1,0,22406,22406,53560,11,6,300,9.0,2,9,2,1025.21412397606,14,274.0,369.0,95.0,3.8842105263157896,19.0,0.6428571428571429,19.571428571428573,19.0,1,51,11
test,1,0,22406,22406,53560,11,6,300,9.0,2,9,2,-84.18138268234503,20,-320.0,41.0,361.0,0.113573407202216,323.0,0.05,-16.0,19.0,17,52,11
train,1,0,22406,22406,53560,11,6,300,9.0,2,9,2,1025.21412397606,14,274.0,369.0,95.0,3.8842105263157896,19.0,0.6428571428571429,19.571428571428573,19.0,1,52,11
test,1,0,22406,22406,53560,11,6,300,9.0,2,9,2,-84.18138268234503,20,-320.0,41.0,361.0,0.113573407202216,323.0,0.05,-16.0,19.0,17,53,11
train,1,0,22406,22406,53560,11,6,300,9.0,2,9,2,1025.21412397606,14,274.0,369.0,95.0,3.8842105263157896,19.0,0.6428571428571429,19.571428571428573,19.0,1,53,11
test,1,0,22406,22406,53560,11,6,300,9.0,2,9,2,-84.18138268234503,20,-320.0,41.0,361.0,0.113573407202216,323.0,0.05,-16.0,19.0,17,54,11
train,1,0,22406,22406,53560,11,6,300,9.0,2,9,2,1025.21412397606,14,274.0,369.0,95.0,3.8842105263157896,19.0,0.6428571428571429,19.571428571428573,19.0,1,54,11
test,1,0,22406,22406,53560,11,6,300,9.0,2,9,2,-84.18138268234503,20,-320.0,41.0,361.0,0.113573407202216,323.0,0.05,-16.0,19.0,17,55,11
train,1,0,22406,22406,53560,11,6,300,9.0,2,9,2,1025.21412397606,14,274.0,369.0,95.0,3.8842105263157896,19.0,0.6428571428571429,19.571428571428573,19.0,1,55,11
test,1,0,22406,22406,53560,11,6,300,9.0,2,9,2,-84.18138268234503,20,-320.0,41.0,361.0,0.113573407202216,323.0,0.05,-16.0,19.0,17,56,11
train,1,0,22406,22406,53560,11,6,300,9.0,2,9,2,1025.21412397606,14,274.0,369.0,95.0,3.8842105263157896,19.0,0.6428571428571429,19.571428571428573,19.0,1,56,11
test,1,0,22406,22406,53560,11,6,300,9.0,2,9,2,-84.18138268234503,20,-320.0,41.0,361.0,0.113573407202216,323.0,0.05,-16.0,19.0,17,57,11
train,1,0,22406,22406,53560,11,6,300,9.0,2,9,2,1025.21412397606,14,274.0,369.0,95.0,3.8842105263157896,19.0,0.6428571428571429,19.571428571428573,19.0,1,57,11
test,1,0,22406,22406,53560,11,6,300,9.0,2,9,2,-84.18138268234503,20,-320.0,41.0,361.0,0.113573407202216,323.0,0.05,-16.0,19.0,17,58,11
train,1,0,22406,22406,53560,11,6,300,9.0,2,9,2,1025.21412397606,14,274.0,369.0,95.0,3.8842105263157896,19.0,0.6428571428571429,19.571428571428573,19.0,1,58,11
test,1,0,22406,22406,53560,11,6,300,9.0,2,9,2,-84.18138268234503,20,-320.0,41.0,361.0,0.113573407202216,323.0,0.05,-16.0,19.0,17,59,11
train,1,0,22406,22406,53560,11,6,300,9.0,2,9,2,1025.21412397606,14,274.0,369.0,95.0,3.8842105263157896,19.0,0.6428571428571429,19.571428571428573,19.0,1,59,11
test,1,0,22406,22406,53560,11,6,300,9.0,2,9,2,-84.18138268234503,20,-320.0,41.0,361.0,0.113573407202216,323.0,0.05,-16.0,19.0,17,60,11
train,1,0,22406,22406,53560,11,6,300,9.0,2,9,2,1025.21412397606,14,274.0,369.0,95.0,3.8842105263157896,19.0,0.6428571428571429,19.571428571428573,19.0,1,60,11
test,1,0,22406,22406,53560,11,6,300,9.0,2,9,2,-84.18138268234503,20,-320.0,41.0,361.0,0.113573407202216,323.0,0.05,-16.0,19.0,17,61,11
train,1,0,22406,22406,53560,11,6,300,9.0,2,9,2,1025.21412397606,14,274.0,369.0,95.0,3.8842105263157896,19.0,0.6428571428571429,19.571428571428573,19.0,1,61,11
test,1,0,22406,22406,53560,11,6,300,9.0,2,9,2,-84.18138268234503,20,-320.0,41.0,361.0,0.113573407202216,323.0,0.05,-16.0,19.0,17,62,11
train,1,0,22406,22406,53560,11,6,300,9.0,2,9,2,1025.21412397606,14,274.0,369.0,95.0,3.8842105263157896,19.0,0.6428571428571429,19.571428571428573,19.0,1,62,11
test,1,0,22406,22406,53560,11,6,300,9.0,2,9,2,-84.18138268234503,20,-320.0,41.0,361.0,0.113573407202216,323.0,0.05,-16.0,19.0,17,63,11
train,1,0,22406,22406,53560,11,6,300,9.0,2,9,2,1025.21412397606,14,274.0,369.0,95.0,3.8842105263157896,19.0,0.6428571428571429,19.571428571428573,19.0,1,63,11
test,1,0,22406,22406,53560,11,6,300,9.0,2,9,2,-84.18138268234503,20,-320.0,41.0,361.0,0.113573407202216,323.0,0.05,-16.0,19.0,17,64,11
train,1,0,22406,22406,53560,11,6,300,9.0,2,9,2,1025.21412397606,14,274.0,369.0,95.0,3.8842105263157896,19.0,0.6428571428571429,19.571428571428573,19.0,1,64,11
test,1,0,22406,22406,53560,11,6,300,9.0,2,9,2,-84.18138268234503,20,-320.0,41.0,361.0,0.113573407202216,323.0,0.05,-16.0,19.0,17,65,11
train,1,0,22406,22406,53560,11,6,300,9.0,2,9,2,1025.21412397606,14,274.0,369.0,95.0,3.8842105263157896,19.0,0.6428571428571429,19.571428571428573,19.0,1,65,11
test,1,0,22406,22406,53560,11,6,300,9.0,2,9,2,-84.18138268234503,20,-320.0,41.0,361.0,0.113573407202216,323.0,0.05,-16.0,19.0,17,66,11
train,1,0,22406,22406,53560,11,6,300,9.0,2,9,2,1025.21412397606,14,274.0,369.0,95.0,3.8842105263157896,19.0,0.6428571428571429,19.571428571428573,19.0,1,66,11
test,1,0,22406,22406,53560,11,6,300,9.0,2,9,2,-84.18138268234503,20,-320.0,41.0,361.0,0.113573407202216,323.0,0.05,-16.0,19.0,17,67,11
train,1,0,22406,22406,53560,11,6,300,9.0,2,9,2,1025.21412397606,14,274.0,369.0,95.0,3.8842105263157896,19.0,0.6428571428571429,19.571428571428573,19.0,1,67,11
test,1,0,22406,22406,53560,11,6,300,9.0,2,9,2,-84.18138268234503,20,-320.0,41.0,361.0,0.113573407202216,323.0,0.05,-16.0,19.0,17,68,11
train,1,0,22406,22406,53560,11,6,300,9.0,2,9,2,1025.21412397606,14,274.0,369.0,95.0,3.8842105263157896,19.0,0.6428571428571429,19.571428571428573,19.0,1,68,11
test,1,0,22406,22406,53560,11,6,300,9.0,2,9,2,-84.18138268234503,20,-320.0,41.0,361.0,0.113573407202216,323.0,0.05,-16.0,19.0,17,69,11
train,1,0,22406,22406,53560,11,6,300,9.0,2,9,2,1025.21412397606,14,274.0,369.0,95.0,3.8842105263157896,19.0,0.6428571428571429,19.571428571428573,19.0,1,69,11
test,1,0,22406,22406,53560,11,6,300,9.0,2,9,2,-84.18138268234503,20,-320.0,41.0,361.0,0.113573407202216,323.0,0.05,-16.0,19.0,17,70,11
train,1,0,22406,22406,53560,11,6,300,9.0,2,9,2,1025.21412397606,14,274.0,369.0,95.0,3.8842105263157896,19.0,0.6428571428571429,19.571428571428573,19.0,1,70,11
test,1,0,22406,22406,53560,11,6,300,9.0,2,9,2,-84.18138268234503,20,-320.0,41.0,361.0,0.113573407202216,323.0,0.05,-16.0,19.0,17,71,11
train,1,0,22406,22406,53560,11,6,300,9.0,2,9,2,1025.21412397606,14,274.0,369.0,95.0,3.8842105263157896,19.0,0.6428571428571429,19.571428571428573,19.0,1,71,11
test,1,0,22406,22406,53560,11,6,300,9.0,2,9,2,-84.18138268234503,20,-320.0,41.0,361.0,0.113573407202216,323.0,0.05,-16.0,19.0,17,72,11
train,1,0,22406,22406,53560,11,6,300,9.0,2,9,2,1025.21412397606,14,274.0,369.0,95.0,3.8842105263157896,19.0,0.6428571428571429,19.571428571428573,19.0,1,72,11
test,1,0,22406,22406,53560,11,6,300,9.0,2,9,2,-84.18138268234503,20,-320.0,41.0,361.0,0.113573407202216,323.0,0.05,-16.0,19.0,17,73,11
train,1,0,22406,22406,53560,11,6,300,9.0,2,9,2,1025.21412397606,14,274.0,369.0,95.0,3.8842105263157896,19.0,0.6428571428571429,19.571428571428573,19.0,1,73,11
test,1,0,22406,22406,53560,11,6,300,9.0,2,9,2,-84.18138268234503,20,-320.0,41.0,361.0,0.113573407202216,323.0,0.05,-16.0,19.0,17,74,11
train,1,0,22406,22406,53560,11,6,300,9.0,2,9,2,1025.21412397606,14,274.0,369.0,95.0,3.8842105263157896,19.0,0.6428571428571429,19.571428571428573,19.0,1,74,11
test,1,0,22406,22406,53560,11,6,300,9.0,2,9,2,-84.18138268234503,20,-320.0,41.0,361.0,0.113573407202216,323.0,0.05,-16.0,19.0,17,75,11
train,1,0,22406,22406,53560,11,6,300,9.0,2,9,2,1025.21412397606,14,274.0,369.0,95.0,3.8842105263157896,19.0,0.6428571428571429,19.571428571428573,19.0,1,75,11
test,1,0,22406,22406,53560,11,6,300,9.0,2,9,2,-84.18138268234503,20,-320.0,41.0,361.0,0.113573407202216,323.0,0.05,-16.0,19.0,17,76,11
train,1,0,22406,22406,53560,11,6,300,9.0,2,9,2,1025.21412397606,14,274.0,369.0,95.0,3.8842105263157896,19.0,0.6428571428571429,19.571428571428573,19.0,1,76,11
test,1,0,22406,22406,53560,11,6,300,9.0,2,9,2,-84.18138268234503,20,-320.0,41.0,361.0,0.113573407202216,323.0,0.05,-16.0,19.0,17,77,11
train,1,0,22406,22406,53560,11,6,300,9.0,2,9,2,1025.21412397606,14,274.0,369.0,95.0,3.8842105263157896,19.0,0.6428571428571429,19.571428571428573,19.0,1,77,11
test,1,0,22406,22406,53560,11,6,300,9.0,2,9,2,-84.18138268234503,20,-320.0,41.0,361.0,0.113573407202216,323.0,0.05,-16.0,19.0,17,78,11
train,1,0,22406,22406,53560,11,6,300,9.0,2,9,2,1025.21412397606,14,274.0,369.0,95.0,3.8842105263157896,19.0,0.6428571428571429,19.571428571428573,19.0,1,78,11
test,1,0,22406,22406,53560,11,6,300,9.0,2,9,2,-84.18138268234503,20,-320.0,41.0,361.0,0.113573407202216,323.0,0.05,-16.0,19.0,17,79,11
train,1,0,22406,22406,53560,11,6,300,9.0,2,9,2,1025.21412397606,14,274.0,369.0,95.0,3.8842105263157896,19.0,0.6428571428571429,19.571428571428573,19.0,1,79,11
test,1,0,22406,22406,53560,11,6,300,9.0,2,9,2,-84.18138268234503,20,-320.0,41.0,361.0,0.113573407202216,323.0,0.05,-16.0,19.0,17,80,11
train,1,0,22406,22406,53560,11,6,300,9.0,2,9,2,1025.21412397606,14,274.0,369.0,95.0,3.8842105263157896,19.0,0.6428571428571429,19.571428571428573,19.0,1,80,11
test,1,0,22406,22406,53560,11,6,300,9.0,2,9,2,-84.18138268234503,20,-320.0,41.0,361.0,0.113573407202216,323.0,0.05,-16.0,19.0,17,81,11
train,1,0,22406,22406,53560,11,6,300,9.0,2,9,2,1025.21412397606,14,274.0,369.0,95.0,3.8842105263157896,19.0,0.6428571428571429,19.571428571428573,19.0,1,81,11
test,1,0,22406,22406,53560,11,6,300,9.0,2,9,2,-84.18138268234503,20,-320.0,41.0,361.0,0.113573407202216,323.0,0.05,-16.0,19.0,17,82,11
train,1,0,22406,22406,53560,11,6,300,9.0,2,9,2,1025.21412397606,14,274.0,369.0,95.0,3.8842105263157896,19.0,0.6428571428571429,19.571428571428573,19.0,1,82,11
test,1,0,22406,22406,53560,83,6,327,9.0,2,8,2,-74.16719920220798,22,-253.0,108.0,361.0,0.299168975069252,304.0,0.1363636363636363,-11.5,19.0,16,83,83
train,1,0,22406,22406,53560,83,6,327,9.0,2,8,2,1026.3405867449655,15,265.0,360.0,95.0,3.789473684210526,19.0,0.6666666666666666,17.666666666666668,19.0,1,83,83
test,1,0,22406,22406,53560,83,6,327,9.0,2,8,2,-74.16719920220798,22,-253.0,108.0,361.0,0.299168975069252,304.0,0.1363636363636363,-11.5,19.0,16,84,83
train,1,0,22406,22406,53560,83,6,327,9.0,2,8,2,1026.3405867449655,15,265.0,360.0,95.0,3.789473684210526,19.0,0.6666666666666666,17.666666666666668,19.0,1,84,83
test,1,0,22406,22406,53560,83,6,327,9.0,2,8,2,-74.16719920220798,22,-253.0,108.0,361.0,0.299168975069252,304.0,0.1363636363636363,-11.5,19.0,16,85,83
train,1,0,22406,22406,53560,83,6,327,9.0,2,8,2,1026.3405867449655,15,265.0,360.0,95.0,3.789473684210526,19.0,0.6666666666666666,17.666666666666668,19.0,1,85,83
test,1,0,22406,22406,53560,83,6,327,9.0,2,8,2,-74.16719920220798,22,-253.0,108.0,361.0,0.299168975069252,304.0,0.1363636363636363,-11.5,19.0,16,86,83
train,1,0,22406,22406,53560,83,6,327,9.0,2,8,2,1026.3405867449655,15,265.0,360.0,95.0,3.789473684210526,19.0,0.6666666666666666,17.666666666666668,19.0,1,86,83
test,1,0,22406,22406,53560,83,6,327,9.0,2,8,2,-74.16719920220798,22,-253.0,108.0,361.0,0.299168975069252,304.0,0.1363636363636363,-11.5,19.0,16,87,83
train,1,0,22406,22406,53560,83,6,327,9.0,2,8,2,1026.3405867449655,15,265.0,360.0,95.0,3.789473684210526,19.0,0.6666666666666666,17.666666666666668,19.0,1,87,83
test,1,0,22406,22406,53560,83,6,327,9.0,2,8,2,-74.16719920220798,22,-253.0,108.0,361.0,0.299168975069252,304.0,0.1363636363636363,-11.5,19.0,16,88,83
train,1,0,22406,22406,53560,83,6,327,9.0,2,8,2,1026.3405867449655,15,265.0,360.0,95.0,3.789473684210526,19.0,0.6666666666666666,17.666666666666668,19.0,1,88,83
test,1,0,22406,22406,53560,83,6,327,9.0,2,8,2,-74.16719920220798,22,-253.0,108.0,361.0,0.299168975069252,304.0,0.1363636363636363,-11.5,19.0,16,89,83
train,1,0,22406,22406,53560,83,6,327,9.0,2,8,2,1026.3405867449655,15,265.0,360.0,95.0,3.789473684210526,19.0,0.6666666666666666,17.666666666666668,19.0,1,89,83
test,1,0,22406,22406,53560,83,6,327,9.0,2,8,2,-74.16719920220798,22,-253.0,108.0,361.0,0.299168975069252,304.0,0.1363636363636363,-11.5,19.0,16,90,83
train,1,0,22406,22406,53560,83,6,327,9.0,2,8,2,1026.3405867449655,15,265.0,360.0,95.0,3.789473684210526,19.0,0.6666666666666666,17.666666666666668,19.0,1,90,83
test,1,0,22406,22406,53560,83,6,327,9.0,2,8,2,-74.16719920220798,22,-253.0,108.0,361.0,0.299168975069252,304.0,0.1363636363636363,-11.5,19.0,16,91,83
train,1,0,22406,22406,53560,83,6,327,9.0,2,8,2,1026.3405867449655,15,265.0,360.0,95.0,3.789473684210526,19.0,0.6666666666666666,17.666666666666668,19.0,1,91,83
test,1,0,22406,22406,53560,83,6,327,9.0,2,8,2,-74.16719920220798,22,-253.0,108.0,361.0,0.299168975069252,304.0,0.1363636363636363,-11.5,19.0,16,92,83
train,1,0,22406,22406,53560,83,6,327,9.0,2,8,2,1026.3405867449655,15,265.0,360.0,95.0,3.789473684210526,19.0,0.6666666666666666,17.666666666666668,19.0,1,92,83
test,1,0,22406,22406,53560,83,6,327,9.0,2,8,2,-74.16719920220798,22,-253.0,108.0,361.0,0.299168975069252,304.0,0.1363636363636363,-11.5,19.0,16,93,83
train,1,0,22406,22406,53560,83,6,327,9.0,2,8,2,1026.3405867449655,15,265.0,360.0,95.0,3.789473684210526,19.0,0.6666666666666666,17.666666666666668,19.0,1,93,83
test,1,0,22406,22406,53560,83,6,327,9.0,2,8,2,-74.16719920220798,22,-253.0,108.0,361.0,0.299168975069252,304.0,0.1363636363636363,-11.5,19.0,16,94,83
train,1,0,22406,22406,53560,83,6,327,9.0,2,8,2,1026.3405867449655,15,265.0,360.0,95.0,3.789473684210526,19.0,0.6666666666666666,17.666666666666668,19.0,1,94,83
test,1,0,22406,22406,53560,83,6,327,9.0,2,8,2,-74.16719920220798,22,-253.0,108.0,361.0,0.299168975069252,304.0,0.1363636363636363,-11.5,19.0,16,95,83
train,1,0,22406,22406,53560,83,6,327,9.0,2,8,2,1026.3405867449655,15,265.0,360.0,95.0,3.789473684210526,19.0,0.6666666666666666,17.666666666666668,19.0,1,95,83
test,1,0,22406,22406,53560,83,6,327,9.0,2,8,2,-74.16719920220798,22,-253.0,108.0,361.0,0.299168975069252,304.0,0.1363636363636363,-11.5,19.0,16,96,83
train,1,0,22406,22406,53560,83,6,327,9.0,2,8,2,1026.3405867449655,15,265.0,360.0,95.0,3.789473684210526,19.0,0.6666666666666666,17.666666666666668,19.0,1,96,83
test,1,0,22406,22406,53560,83,6,327,9.0,2,8,2,-74.16719920220798,22,-253.0,108.0,361.0,0.299168975069252,304.0,0.1363636363636363,-11.5,19.0,16,97,83
train,1,0,22406,22406,53560,83,6,327,9.0,2,8,2,1026.3405867449655,15,265.0,360.0,95.0,3.789473684210526,19.0,0.6666666666666666,17.666666666666668,19.0,1,97,83
test,1,0,22406,22406,53560,83,6,327,9.0,2,8,2,-74.16719920220798,22,-253.0,108.0,361.0,0.299168975069252,304.0,0.1363636363636363,-11.5,19.0,16,98,83
train,1,0,22406,22406,53560,83,6,327,9.0,2,8,2,1026.3405867449655,15,265.0,360.0,95.0,3.789473684210526,19.0,0.6666666666666666,17.666666666666668,19.0,1,98,83
test,1,0,22406,22406,53560,83,6,327,9.0,2,8,2,-74.16719920220798,22,-253.0,108.0,361.0,0.299168975069252,304.0,0.1363636363636363,-11.5,19.0,16,99,83
train,1,0,22406,22406,53560,83,6,327,9.0,2,8,2,1026.3405867449655,15,265.0,360.0,95.0,3.789473684210526,19.0,0.6666666666666666,17.666666666666668,19.0,1,99,83
test,1,0,22406,22406,53560,83,6,327,9.0,2,8,2,-74.16719920220798,22,-253.0,108.0,361.0,0.299168975069252,304.0,0.1363636363636363,-11.5,19.0,16,100,83
train,1,0,22406,22406,53560,83,6,327,9.0,2,8,2,1026.3405867449655,15,265.0,360.0,95.0,3.789473684210526,19.0,0.6666666666666666,17.666666666666668,19.0,1,100,83
test,2,22406,53560,53560,86986,0,10,1023,4.0,4,8,2,36.4828726939094,11,66.0,180.0,114.0,1.5789473684210529,114.0,0.4545454545454545,6.0,19.0,6,0,0
train,2,22406,53560,53560,86986,0,10,1023,4.0,4,8,2,25.238858928247925,13,28.0,180.0,152.0,1.1842105263157894,97.0,0.3846153846153846,2.1538461538461537,19.0,4,0,0
test,2,22406,53560,53560,86986,1,11,3378,9.5,1,5,4,-42.1637021355784,10,-40.0,105.0,145.0,0.7241379310344828,124.0,0.5,-4.0,29.0,3,1,1
train,2,22406,53560,53560,86986,1,11,3378,9.5,1,5,4,41.46383966783588,13,23.0,168.0,145.0,1.1586206896551725,95.0,0.6153846153846154,1.7692307692307692,29.0,2,1,1
test,2,22406,53560,53560,86986,1,11,3378,9.5,1,5,4,-42.1637021355784,10,-40.0,105.0,145.0,0.7241379310344828,124.0,0.5,-4.0,29.0,3,2,1
train,2,22406,53560,53560,86986,1,11,3378,9.5,1,5,4,41.46383966783588,13,23.0,168.0,145.0,1.1586206896551725,95.0,0.6153846153846154,1.7692307692307692,29.0,2,2,1
test,2,22406,53560,53560,86986,3,10,2894,6.25,1,12,2,-33.09259735953042,18,-117.0,168.0,285.0,0.5894736842105263,285.0,0.1666666666666666,-6.5,19.0,15,3,3
train,2,22406,53560,53560,86986,3,10,2894,6.25,1,12,2,52.1749194749951,20,70.0,336.0,266.0,1.263157894736842,114.0,0.3,3.5,19.0,6,3,3
test,2,22406,53560,53560,86986,4,10,1043,5.5,1,12,2,-7.932212806020776,13,-22.0,168.0,190.0,0.8842105263157894,190.0,0.2307692307692307,-1.6923076923076923,19.0,10,4,4
train,2,22406,53560,53560,86986,4,10,1043,5.5,1,12,2,75.45321398058535,11,91.0,224.0,133.0,1.6842105263157894,77.0,0.3636363636363636,8.272727272727273,19.0,4,4,4
test,2,22406,53560,53560,86986,4,10,1043,5.5,1,12,2,-7.932212806020776,13,-22.0,168.0,190.0,0.8842105263157894,190.0,0.2307692307692307,-1.6923076923076923,19.0,10,5,4
train,2,22406,53560,53560,86986,4,10,1043,5.5,1,12,2,75.45321398058535,11,91.0,224.0,133.0,1.6842105263157894,77.0,0.3636363636363636,8.272727272727273,19.0,4,5,4
test,2,22406,53560,53560,86986,6,10,2534,4.0,1,9,2,-32.52462512726967,20,-80.0,205.0,285.0,0.7192982456140351,244.0,0.25,-4.0,19.0,11,6,6
train,2,22406,53560,53560,86986,6,10,2534,4.0,1,9,2,102.87856919689348,24,84.0,369.0,285.0,1.2947368421052632,83.0,0.375,3.5,19.0,4,6,6
test,2,22406,53560,53560,86986,6,10,2534,4.0,1,9,2,-32.52462512726967,20,-80.0,205.0,285.0,0.7192982456140351,244.0,0.25,-4.0,19.0,11,7,6
train,2,22406,53560,53560,86986,6,10,2534,4.0,1,9,2,102.87856919689348,24,84.0,369.0,285.0,1.2947368421052632,83.0,0.375,3.5,19.0,4,7,6
test,2,22406,53560,53560,86986,6,10,2534,4.0,1,9,2,-32.52462512726967,20,-80.0,205.0,285.0,0.7192982456140351,244.0,0.25,-4.0,19.0,11,8,6
train,2,22406,53560,53560,86986,6,10,2534,4.0,1,9,2,102.87856919689348,24,84.0,369.0,285.0,1.2947368421052632,83.0,0.375,3.5,19.0,4,8,6
test,2,22406,53560,53560,86986,6,10,2534,4.0,1,9,2,-32.52462512726967,20,-80.0,205.0,285.0,0.7192982456140351,244.0,0.25,-4.0,19.0,11,9,6
train,2,22406,53560,53560,86986,6,10,2534,4.0,1,9,2,102.87856919689348,24,84.0,369.0,285.0,1.2947368421052632,83.0,0.375,3.5,19.0,4,9,6
test,2,22406,53560,53560,86986,10,11,1023,4.0,4,6,2,80.83316151184486,6,66.0,104.0,38.0,2.736842105263158,38.0,0.6666666666666666,11.0,19.0,2,10,10
train,2,22406,53560,53560,86986,10,11,1023,4.0,4,6,2,103.23759005323596,8,73.0,130.0,57.0,2.280701754385965,38.0,0.625,9.125,19.0,2,10,10
test,2,22406,53560,53560,86986,10,11,1023,4.0,4,6,2,80.83316151184486,6,66.0,104.0,38.0,2.736842105263158,38.0,0.6666666666666666,11.0,19.0,2,11,10
train,2,22406,53560,53560,86986,10,11,1023,4.0,4,6,2,103.23759005323596,8,73.0,130.0,57.0,2.280701754385965,38.0,0.625,9.125,19.0,2,11,10
test,2,22406,53560,53560,86986,12,9,912,4.0,7,8,2,-11.6,16,-29.0,180.0,209.0,0.861244019138756,190.0,0.3125,-1.8125,19.0,10,12,12
train,2,22406,53560,53560,86986,12,9,912,4.0,7,8,2,134.39680055715613,10,85.0,180.0,95.0,1.894736842105263,38.0,0.5,8.5,19.0,2,12,12
test,2,22406,53560,53560,86986,13,7,950,4.0,7,12,2,40.57142857142857,16,71.0,280.0,209.0,1.3397129186602872,133.0,0.3125,4.4375,19.0,7,13,13
train,2,22406,53560,53560,86986,13,7,950,4.0,7,12,2,150.9064279611707,11,91.0,224.0,133.0,1.6842105263157894,38.0,0.3636363636363636,8.272727272727273,19.0,2,13,13
test,2,22406,53560,53560,86986,14,9,912,3.75,7,8,2,-23.688077169749334,18,-67.0,180.0,247.0,0.728744939271255,228.0,0.2777777777777778,-3.7222222222222223,19.0,12,14,14
train,2,22406,53560,53560,86986,14,9,912,3.75,7,8,2,200.65579981650168,11,121.0,216.0,95.0,2.273684210526316,38.0,0.5454545454545454,11.0,19.0,2,14,14
test,2,22406,53560,53560,86986,14,9,912,3.75,7,8,2,-23.688077169749334,18,-67.0,180.0,247.0,0.728744939271255,228.0,0.2777777777777778,-3.7222222222222223,19.0,12,15,14
train,2,22406,53560,53560,86986,14,9,912,3.75,7,8,2,200.65579981650168,11,121.0,216.0,95.0,2.273684210526316,38.0,0.5454545454545454,11.0,19.0,2,15,14
test,2,22406,53560,53560,86986,14,9,912,3.75,7,8,2,-23.688077169749334,18,-67.0,180.0,247.0,0.728744939271255,228.0,0.2777777777777778,-3.7222222222222223,19.0,12,16,14
train,2,22406,53560,53560,86986,14,9,912,3.75,7,8,2,200.65579981650168,11,121.0,216.0,95.0,2.273684210526316,38.0,0.5454545454545454,11.0,19.0,2,16,14
test,2,22406,53560,53560,86986,14,9,912,3.75,7,8,2,-23.688077169749334,18,-67.0,180.0,247.0,0.728744939271255,228.0,0.2777777777777778,-3.7222222222222223,19.0,12,17,14
train,2,22406,53560,53560,86986,14,9,912,3.75,7,8,2,200.65579981650168,11,121.0,216.0,95.0,2.273684210526316,38.0,0.5454545454545454,11.0,19.0,2,17,14
test,2,22406,53560,53560,86986,18,9,912,4.0,8,6,2,-32.178253526255894,14,-86.0,104.0,190.0,0.5473684210526316,190.0,0.2857142857142857,-6.142857142857143,19.0,10,18,18
train,2,22406,53560,53560,86986,18,9,912,4.0,8,6,2,206.4751801064719,8,73.0,130.0,57.0,2.280701754385965,19.0,0.625,9.125,19.0,1,18,18
test,2,22406,53560,53560,86986,18,9,912,4.0,8,6,2,-32.178253526255894,14,-86.0,104.0,190.0,0.5473684210526316,190.0,0.2857142857142857,-6.142857142857143,19.0,10,19,18
train,2,22406,53560,53560,86986,18,9,912,4.0,8,6,2,206.4751801064719,8,73.0,130.0,57.0,2.280701754385965,19.0,0.625,9.125,19.0,1,19,18
test,2,22406,53560,53560,86986,18,9,912,4.0,8,6,2,-32.178253526255894,14,-86.0,104.0,190.0,0.5473684210526316,190.0,0.2857142857142857,-6.142857142857143,19.0,10,20,18
train,2,22406,53560,53560,86986,18,9,912,4.0,8,6,2,206.4751801064719,8,73.0,130.0,57.0,2.280701754385965,19.0,0.625,9.125,19.0,1,20,18
test,2,22406,53560,53560,86986,18,9,912,4.0,8,6,2,-32.178253526255894,14,-86.0,104.0,190.0,0.5473684210526316,190.0,0.2857142857142857,-6.142857142857143,19.0,10,21,18
train,2,22406,53560,53560,86986,18,9,912,4.0,8,6,2,206.4751801064719,8,73.0,130.0,57.0,2.280701754385965,19.0,0.625,9.125,19.0,1,21,18
test,2,22406,53560,53560,86986,18,9,912,4.0,8,6,2,-32.178253526255894,14,-86.0,104.0,190.0,0.5473684210526316,190.0,0.2857142857142857,-6.142857142857143,19.0,10,22,18
train,2,22406,53560,53560,86986,18,9,912,4.0,8,6,2,206.4751801064719,8,73.0,130.0,57.0,2.280701754385965,19.0,0.625,9.125,19.0,1,22,18
test,2,22406,53560,53560,86986,18,9,912,4.0,8,6,2,-32.178253526255894,14,-86.0,104.0,190.0,0.5473684210526316,190.0,0.2857142857142857,-6.142857142857143,19.0,10,23,18
train,2,22406,53560,53560,86986,18,9,912,4.0,8,6,2,206.4751801064719,8,73.0,130.0,57.0,2.280701754385965,19.0,0.625,9.125,19.0,1,23,18
test,2,22406,53560,53560,86986,18,9,912,4.0,8,6,2,-32.178253526255894,14,-86.0,104.0,190.0,0.5473684210526316,190.0,0.2857142857142857,-6.142857142857143,19.0,10,24,18
train,2,22406,53560,53560,86986,18,9,912,4.0,8,6,2,206.4751801064719,8,73.0,130.0,57.0,2.280701754385965,19.0,0.625,9.125,19.0,1,24,18
test,2,22406,53560,53560,86986,18,9,912,4.0,8,6,2,-32.178253526255894,14,-86.0,104.0,190.0,0.5473684210526316,190.0,0.2857142857142857,-6.142857142857143,19.0,10,25,18
train,2,22406,53560,53560,86986,18,9,912,4.0,8,6,2,206.4751801064719,8,73.0,130.0,57.0,2.280701754385965,19.0,0.625,9.125,19.0,1,25,18
test,2,22406,53560,53560,86986,18,9,912,4.0,8,6,2,-32.178253526255894,14,-86.0,104.0,190.0,0.5473684210526316,190.0,0.2857142857142857,-6.142857142857143,19.0,10,26,18
train,2,22406,53560,53560,86986,18,9,912,4.0,8,6,2,206.4751801064719,8,73.0,130.0,57.0,2.280701754385965,19.0,0.625,9.125,19.0,1,26,18
test,2,22406,53560,53560,86986,18,9,912,4.0,8,6,2,-32.178253526255894,14,-86.0,104.0,190.0,0.5473684210526316,190.0,0.2857142857142857,-6.142857142857143,19.0,10,27,18
train,2,22406,53560,53560,86986,18,9,912,4.0,8,6,2,206.4751801064719,8,73.0,130.0,57.0,2.280701754385965,19.0,0.625,9.125,19.0,1,27,18
test,2,22406,53560,53560,86986,18,9,912,4.0,8,6,2,-32.178253526255894,14,-86.0,104.0,190.0,0.5473684210526316,190.0,0.2857142857142857,-6.142857142857143,19.0,10,28,18
train,2,22406,53560,53560,86986,18,9,912,4.0,8,6,2,206.4751801064719,8,73.0,130.0,57.0,2.280701754385965,19.0,0.625,9.125,19.0,1,28,18
test,2,22406,53560,53560,86986,18,9,912,4.0,8,6,2,-32.178253526255894,14,-86.0,104.0,190.0,0.5473684210526316,190.0,0.2857142857142857,-6.142857142857143,19.0,10,29,18
train,2,22406,53560,53560,86986,18,9,912,4.0,8,6,2,206.4751801064719,8,73.0,130.0,57.0,2.280701754385965,19.0,0.625,9.125,19.0,1,29,18
test,2,22406,53560,53560,86986,18,9,912,4.0,8,6,2,-32.178253526255894,14,-86.0,104.0,190.0,0.5473684210526316,190.0,0.2857142857142857,-6.142857142857143,19.0,10,30,18
train,2,22406,53560,53560,86986,18,9,912,4.0,8,6,2,206.4751801064719,8,73.0,130.0,57.0,2.280701754385965,19.0,0.625,9.125,19.0,1,30,18
test,2,22406,53560,53560,86986,18,9,912,4.0,8,6,2,-32.178253526255894,14,-86.0,104.0,190.0,0.5473684210526316,190.0,0.2857142857142857,-6.142857142857143,19.0,10,31,18
train,2,22406,53560,53560,86986,18,9,912,4.0,8,6,2,206.4751801064719,8,73.0,130.0,57.0,2.280701754385965,19.0,0.625,9.125,19.0,1,31,18
test,2,22406,53560,53560,86986,18,9,912,4.0,8,6,2,-32.178253526255894,14,-86.0,104.0,190.0,0.5473684210526316,190.0,0.2857142857142857,-6.142857142857143,19.0,10,32,18
train,2,22406,53560,53560,86986,18,9,912,4.0,8,6,2,206.4751801064719,8,73.0,130.0,57.0,2.280701754385965,19.0,0.625,9.125,19.0,1,32,18
test,2,22406,53560,53560,86986,18,9,912,4.0,8,6,2,-32.178253526255894,14,-86.0,104.0,190.0,0.5473684210526316,190.0,0.2857142857142857,-6.142857142857143,19.0,10,33,18
train,2,22406,53560,53560,86986,18,9,912,4.0,8,6,2,206.4751801064719,8,73.0,130.0,57.0,2.280701754385965,19.0,0.625,9.125,19.0,1,33,18
test,2,22406,53560,53560,86986,18,9,912,4.0,8,6,2,-32.178253526255894,14,-86.0,104.0,190.0,0.5473684210526316,190.0,0.2857142857142857,-6.142857142857143,19.0,10,34,18
train,2,22406,53560,53560,86986,18,9,912,4.0,8,6,2,206.4751801064719,8,73.0,130.0,57.0,2.280701754385965,19.0,0.625,9.125,19.0,1,34,18
test,2,22406,53560,53560,86986,18,9,912,4.0,8,6,2,-32.178253526255894,14,-86.0,104.0,190.0,0.5473684210526316,190.0,0.2857142857142857,-6.142857142857143,19.0,10,35,18
train,2,22406,53560,53560,86986,18,9,912,4.0,8,6,2,206.4751801064719,8,73.0,130.0,57.0,2.280701754385965,19.0,0.625,9.125,19.0,1,35,18
test,2,22406,53560,53560,86986,18,9,912,4.0,8,6,2,-32.178253526255894,14,-86.0,104.0,190.0,0.5473684210526316,190.0,0.2857142857142857,-6.142857142857143,19.0,10,36,18
train,2,22406,53560,53560,86986,18,9,912,4.0,8,6,2,206.4751801064719,8,73.0,130.0,57.0,2.280701754385965,19.0,0.625,9.125,19.0,1,36,18
test,2,22406,53560,53560,86986,18,9,912,4.0,8,6,2,-32.178253526255894,14,-86.0,104.0,190.0,0.5473684210526316,190.0,0.2857142857142857,-6.142857142857143,19.0,10,37,18
train,2,22406,53560,53560,86986,18,9,912,4.0,8,6,2,206.4751801064719,8,73.0,130.0,57.0,2.280701754385965,19.0,0.625,9.125,19.0,1,37,18
test,2,22406,53560,53560,86986,18,9,912,4.0,8,6,2,-32.178253526255894,14,-86.0,104.0,190.0,0.5473684210526316,190.0,0.2857142857142857,-6.142857142857143,19.0,10,38,18
train,2,22406,53560,53560,86986,18,9,912,4.0,8,6,2,206.4751801064719,8,73.0,130.0,57.0,2.280701754385965,19.0,0.625,9.125,19.0,1,38,18
test,2,22406,53560,53560,86986,18,9,912,4.0,8,6,2,-32.178253526255894,14,-86.0,104.0,190.0,0.5473684210526316,190.0,0.2857142857142857,-6.142857142857143,19.0,10,39,18
train,2,22406,53560,53560,86986,18,9,912,4.0,8,6,2,206.4751801064719,8,73.0,130.0,57.0,2.280701754385965,19.0,0.625,9.125,19.0,1,39,18
test,2,22406,53560,53560,86986,18,9,912,4.0,8,6,2,-32.178253526255894,14,-86.0,104.0,190.0,0.5473684210526316,190.0,0.2857142857142857,-6.142857142857143,19.0,10,40,18
train,2,22406,53560,53560,86986,18,9,912,4.0,8,6,2,206.4751801064719,8,73.0,130.0,57.0,2.280701754385965,19.0,0.625,9.125,19.0,1,40,18
test,2,22406,53560,53560,86986,18,9,912,4.0,8,6,2,-32.178253526255894,14,-86.0,104.0,190.0,0.5473684210526316,190.0,0.2857142857142857,-6.142857142857143,19.0,10,41,18
train,2,22406,53560,53560,86986,18,9,912,4.0,8,6,2,206.4751801064719,8,73.0,130.0,57.0,2.280701754385965,19.0,0.625,9.125,19.0,1,41,18
test,2,22406,53560,53560,86986,18,9,912,4.0,8,6,2,-32.178253526255894,14,-86.0,104.0,190.0,0.5473684210526316,190.0,0.2857142857142857,-6.142857142857143,19.0,10,42,18
train,2,22406,53560,53560,86986,18,9,912,4.0,8,6,2,206.4751801064719,8,73.0,130.0,57.0,2.280701754385965,19.0,0.625,9.125,19.0,1,42,18
test,2,22406,53560,53560,86986,18,9,912,4.0,8,6,2,-32.178253526255894,14,-86.0,104.0,190.0,0.5473684210526316,190.0,0.2857142857142857,-6.142857142857143,19.0,10,43,18
train,2,22406,53560,53560,86986,18,9,912,4.0,8,6,2,206.4751801064719,8,73.0,130.0,57.0,2.280701754385965,19.0,0.625,9.125,19.0,1,43,18
test,2,22406,53560,53560,86986,18,9,912,4.0,8,6,2,-32.178253526255894,14,-86.0,104.0,190.0,0.5473684210526316,190.0,0.2857142857142857,-6.142857142857143,19.0,10,44,18
train,2,22406,53560,53560,86986,18,9,912,4.0,8,6,2,206.4751801064719,8,73.0,130.0,57.0,2.280701754385965,19.0,0.625,9.125,19.0,1,44,18
test,2,22406,53560,53560,86986,18,9,912,4.0,8,6,2,-32.178253526255894,14,-86.0,104.0,190.0,0.5473684210526316,190.0,0.2857142857142857,-6.142857142857143,19.0,10,45,18
train,2,22406,53560,53560,86986,18,9,912,4.0,8,6,2,206.4751801064719,8,73.0,130.0,57.0,2.280701754385965,19.0,0.625,9.125,19.0,1,45,18
test,2,22406,53560,53560,86986,18,9,912,4.0,8,6,2,-32.178253526255894,14,-86.0,104.0,190.0,0.5473684210526316,190.0,0.2857142857142857,-6.142857142857143,19.0,10,46,18
train,2,22406,53560,53560,86986,18,9,912,4.0,8,6,2,206.4751801064719,8,73.0,130.0,57.0,2.280701754385965,19.0,0.625,9.125,19.0,1,46,18
test,2,22406,53560,53560,86986,18,9,912,4.0,8,6,2,-32.178253526255894,14,-86.0,104.0,190.0,0.5473684210526316,190.0,0.2857142857142857,-6.142857142857143,19.0,10,47,18
train,2,22406,53560,53560,86986,18,9,912,4.0,8,6,2,206.4751801064719,8,73.0,130.0,57.0,2.280701754385965,19.0,0.625,9.125,19.0,1,47,18
test,2,22406,53560,53560,86986,18,9,912,4.0,8,6,2,-32.178253526255894,14,-86.0,104.0,190.0,0.5473684210526316,190.0,0.2857142857142857,-6.142857142857143,19.0,10,48,18
train,2,22406,53560,53560,86986,18,9,912,4.0,8,6,2,206.4751801064719,8,73.0,130.0,57.0,2.280701754385965,19.0,0.625,9.125,19.0,1,48,18
test,2,22406,53560,53560,86986,18,9,912,4.0,8,6,2,-32.178253526255894,14,-86.0,104.0,190.0,0.5473684210526316,190.0,0.2857142857142857,-6.142857142857143,19.0,10,49,18
train,2,22406,53560,53560,86986,18,9,912,4.0,8,6,2,206.4751801064719,8,73.0,130.0,57.0,2.280701754385965,19.0,0.625,9.125,19.0,1,49,18
test,2,22406,53560,53560,86986,18,9,912,4.0,8,6,2,-32.178253526255894,14,-86.0,104.0,190.0,0.5473684210526316,190.0,0.2857142857142857,-6.142857142857143,19.0,10,50,18
train,2,22406,53560,53560,86986,18,9,912,4.0,8,6,2,206.4751801064719,8,73.0,130.0,57.0,2.280701754385965,19.0,0.625,9.125,19.0,1,50,18
test,2,22406,53560,53560,86986,18,9,912,4.0,8,6,2,-32.178253526255894,14,-86.0,104.0,190.0,0.5473684210526316,190.0,0.2857142857142857,-6.142857142857143,19.0,10,51,18
train,2,22406,53560,53560,86986,18,9,912,4.0,8,6,2,206.4751801064719,8,73.0,130.0,57.0,2.280701754385965,19.0,0.625,9.125,19.0,1,51,18
test,2,22406,53560,53560,86986,18,9,912,4.0,8,6,2,-32.178253526255894,14,-86.0,104.0,190.0,0.5473684210526316,190.0,0.2857142857142857,-6.142857142857143,19.0,10,52,18
train,2,22406,53560,53560,86986,18,9,912,4.0,8,6,2,206.4751801064719,8,73.0,130.0,57.0,2.280701754385965,19.0,0.625,9.125,19.0,1,52,18
test,2,22406,53560,53560,86986,18,9,912,4.0,8,6,2,-32.178253526255894,14,-86.0,104.0,190.0,0.5473684210526316,190.0,0.2857142857142857,-6.142857142857143,19.0,10,53,18
train,2,22406,53560,53560,86986,18,9,912,4.0,8,6,2,206.4751801064719,8,73.0,130.0,57.0,2.280701754385965,19.0,0.625,9.125,19.0,1,53,18
test,2,22406,53560,53560,86986,18,9,912,4.0,8,6,2,-32.178253526255894,14,-86.0,104.0,190.0,0.5473684210526316,190.0,0.2857142857142857,-6.142857142857143,19.0,10,54,18
train,2,22406,53560,53560,86986,18,9,912,4.0,8,6,2,206.4751801064719,8,73.0,130.0,57.0,2.280701754385965,19.0,0.625,9.125,19.0,1,54,18
test,2,22406,53560,53560,86986,18,9,912,4.0,8,6,2,-32.178253526255894,14,-86.0,104.0,190.0,0.5473684210526316,190.0,0.2857142857142857,-6.142857142857143,19.0,10,55,18
train,2,22406,53560,53560,86986,18,9,912,4.0,8,6,2,206.4751801064719,8,73.0,130.0,57.0,2.280701754385965,19.0,0.625,9.125,19.0,1,55,18
test,2,22406,53560,53560,86986,18,9,912,4.0,8,6,2,-32.178253526255894,14,-86.0,104.0,190.0,0.5473684210526316,190.0,0.2857142857142857,-6.142857142857143,19.0,10,56,18
train,2,22406,53560,53560,86986,18,9,912,4.0,8,6,2,206.4751801064719,8,73.0,130.0,57.0,2.280701754385965,19.0,0.625,9.125,19.0,1,56,18
test,2,22406,53560,53560,86986,18,9,912,4.0,8,6,2,-32.178253526255894,14,-86.0,104.0,190.0,0.5473684210526316,190.0,0.2857142857142857,-6.142857142857143,19.0,10,57,18
train,2,22406,53560,53560,86986,18,9,912,4.0,8,6,2,206.4751801064719,8,73.0,130.0,57.0,2.280701754385965,19.0,0.625,9.125,19.0,1,57,18
test,2,22406,53560,53560,86986,18,9,912,4.0,8,6,2,-32.178253526255894,14,-86.0,104.0,190.0,0.5473684210526316,190.0,0.2857142857142857,-6.142857142857143,19.0,10,58,18
train,2,22406,53560,53560,86986,18,9,912,4.0,8,6,2,206.4751801064719,8,73.0,130.0,57.0,2.280701754385965,19.0,0.625,9.125,19.0,1,58,18
test,2,22406,53560,53560,86986,18,9,912,4.0,8,6,2,-32.178253526255894,14,-86.0,104.0,190.0,0.5473684210526316,190.0,0.2857142857142857,-6.142857142857143,19.0,10,59,18
train,2,22406,53560,53560,86986,18,9,912,4.0,8,6,2,206.4751801064719,8,73.0,130.0,57.0,2.280701754385965,19.0,0.625,9.125,19.0,1,59,18
test,2,22406,53560,53560,86986,18,9,912,4.0,8,6,2,-32.178253526255894,14,-86.0,104.0,190.0,0.5473684210526316,190.0,0.2857142857142857,-6.142857142857143,19.0,10,60,18
train,2,22406,53560,53560,86986,18,9,912,4.0,8,6,2,206.4751801064719,8,73.0,130.0,57.0,2.280701754385965,19.0,0.625,9.125,19.0,1,60,18
test,2,22406,53560,53560,86986,18,9,912,4.0,8,6,2,-32.178253526255894,14,-86.0,104.0,190.0,0.5473684210526316,190.0,0.2857142857142857,-6.142857142857143,19.0,10,61,18
train,2,22406,53560,53560,86986,18,9,912,4.0,8,6,2,206.4751801064719,8,73.0,130.0,57.0,2.280701754385965,19.0,0.625,9.125,19.0,1,61,18
test,2,22406,53560,53560,86986,18,9,912,4.0,8,6,2,-32.178253526255894,14,-86.0,104.0,190.0,0.5473684210526316,190.0,0.2857142857142857,-6.142857142857143,19.0,10,62,18
train,2,22406,53560,53560,86986,18,9,912,4.0,8,6,2,206.4751801064719,8,73.0,130.0,57.0,2.280701754385965,19.0,0.625,9.125,19.0,1,62,18
test,2,22406,53560,53560,86986,18,9,912,4.0,8,6,2,-32.178253526255894,14,-86.0,104.0,190.0,0.5473684210526316,190.0,0.2857142857142857,-6.142857142857143,19.0,10,63,18
train,2,22406,53560,53560,86986,18,9,912,4.0,8,6,2,206.4751801064719,8,73.0,130.0,57.0,2.280701754385965,19.0,0.625,9.125,19.0,1,63,18
test,2,22406,53560,53560,86986,18,9,912,4.0,8,6,2,-32.178253526255894,14,-86.0,104.0,190.0,0.5473684210526316,190.0,0.2857142857142857,-6.142857142857143,19.0,10,64,18
train,2,22406,53560,53560,86986,18,9,912,4.0,8,6,2,206.4751801064719,8,73.0,130.0,57.0,2.280701754385965,19.0,0.625,9.125,19.0,1,64,18
test,2,22406,53560,53560,86986,18,9,912,4.0,8,6,2,-32.178253526255894,14,-86.0,104.0,190.0,0.5473684210526316,190.0,0.2857142857142857,-6.142857142857143,19.0,10,65,18
train,2,22406,53560,53560,86986,18,9,912,4.0,8,6,2,206.4751801064719,8,73.0,130.0,57.0,2.280701754385965,19.0,0.625,9.125,19.0,1,65,18
test,2,22406,53560,53560,86986,18,9,912,4.0,8,6,2,-32.178253526255894,14,-86.0,104.0,190.0,0.5473684210526316,190.0,0.2857142857142857,-6.142857142857143,19.0,10,66,18
train,2,22406,53560,53560,86986,18,9,912,4.0,8,6,2,206.4751801064719,8,73.0,130.0,57.0,2.280701754385965,19.0,0.625,9.125,19.0,1,66,18
test,2,22406,53560,53560,86986,18,9,912,4.0,8,6,2,-32.178253526255894,14,-86.0,104.0,190.0,0.5473684210526316,190.0,0.2857142857142857,-6.142857142857143,19.0,10,67,18
train,2,22406,53560,53560,86986,18,9,912,4.0,8,6,2,206.4751801064719,8,73.0,130.0,57.0,2.280701754385965,19.0,0.625,9.125,19.0,1,67,18
test,2,22406,53560,53560,86986,18,9,912,4.0,8,6,2,-32.178253526255894,14,-86.0,104.0,190.0,0.5473684210526316,190.0,0.2857142857142857,-6.142857142857143,19.0,10,68,18
train,2,22406,53560,53560,86986,18,9,912,4.0,8,6,2,206.4751801064719,8,73.0,130.0,57.0,2.280701754385965,19.0,0.625,9.125,19.0,1,68,18
test,2,22406,53560,53560,86986,18,9,912,4.0,8,6,2,-32.178253526255894,14,-86.0,104.0,190.0,0.5473684210526316,190.0,0.2857142857142857,-6.142857142857143,19.0,10,69,18
train,2,22406,53560,53560,86986,18,9,912,4.0,8,6,2,206.4751801064719,8,73.0,130.0,57.0,2.280701754385965,19.0,0.625,9.125,19.0,1,69,18
test,2,22406,53560,53560,86986,18,9,912,4.0,8,6,2,-32.178253526255894,14,-86.0,104.0,190.0,0.5473684210526316,190.0,0.2857142857142857,-6.142857142857143,19.0,10,70,18
train,2,22406,53560,53560,86986,18,9,912,4.0,8,6,2,206.4751801064719,8,73.0,130.0,57.0,2.280701754385965,19.0,0.625,9.125,19.0,1,70,18
test,2,22406,53560,53560,86986,18,9,912,4.0,8,6,2,-32.178253526255894,14,-86.0,104.0,190.0,0.5473684210526316,190.0,0.2857142857142857,-6.142857142857143,19.0,10,71,18
train,2,22406,53560,53560,86986,18,9,912,4.0,8,6,2,206.4751801064719,8,73.0,130.0,57.0,2.280701754385965,19.0,0.625,9.125,19.0,1,71,18
test,2,22406,53560,53560,86986,18,9,912,4.0,8,6,2,-32.178253526255894,14,-86.0,104.0,190.0,0.5473684210526316,190.0,0.2857142857142857,-6.142857142857143,19.0,10,72,18
train,2,22406,53560,53560,86986,18,9,912,4.0,8,6,2,206.4751801064719,8,73.0,130.0,57.0,2.280701754385965,19.0,0.625,9.125,19.0,1,72,18
test,2,22406,53560,53560,86986,18,9,912,4.0,8,6,2,-32.178253526255894,14,-86.0,104.0,190.0,0.5473684210526316,190.0,0.2857142857142857,-6.142857142857143,19.0,10,73,18
train,2,22406,53560,53560,86986,18,9,912,4.0,8,6,2,206.4751801064719,8,73.0,130.0,57.0,2.280701754385965,19.0,0.625,9.125,19.0,1,73,18
test,2,22406,53560,53560,86986,18,9,912,4.0,8,6,2,-32.178253526255894,14,-86.0,104.0,190.0,0.5473684210526316,190.0,0.2857142857142857,-6.142857142857143,19.0,10,74,18
train,2,22406,53560,53560,86986,18,9,912,4.0,8,6,2,206.4751801064719,8,73.0,130.0,57.0,2.280701754385965,19.0,0.625,9.125,19.0,1,74,18
test,2,22406,53560,53560,86986,18,9,912,4.0,8,6,2,-32.178253526255894,14,-86.0,104.0,190.0,0.5473684210526316,190.0,0.2857142857142857,-6.142857142857143,19.0,10,75,18
train,2,22406,53560,53560,86986,18,9,912,4.0,8,6,2,206.4751801064719,8,73.0,130.0,57.0,2.280701754385965,19.0,0.625,9.125,19.0,1,75,18
test,2,22406,53560,53560,86986,18,9,912,4.0,8,6,2,-32.178253526255894,14,-86.0,104.0,190.0,0.5473684210526316,190.0,0.2857142857142857,-6.142857142857143,19.0,10,76,18
train,2,22406,53560,53560,86986,18,9,912,4.0,8,6,2,206.4751801064719,8,73.0,130.0,57.0,2.280701754385965,19.0,0.625,9.125,19.0,1,76,18
test,2,22406,53560,53560,86986,18,9,912,4.0,8,6,2,-32.178253526255894,14,-86.0,104.0,190.0,0.5473684210526316,190.0,0.2857142857142857,-6.142857142857143,19.0,10,77,18
train,2,22406,53560,53560,86986,18,9,912,4.0,8,6,2,206.4751801064719,8,73.0,130.0,57.0,2.280701754385965,19.0,0.625,9.125,19.0,1,77,18
test,2,22406,53560,53560,86986,18,9,912,4.0,8,6,2,-32.178253526255894,14,-86.0,104.0,190.0,0.5473684210526316,190.0,0.2857142857142857,-6.142857142857143,19.0,10,78,18
train,2,22406,53560,53560,86986,18,9,912,4.0,8,6,2,206.4751801064719,8,73.0,130.0,57.0,2.280701754385965,19.0,0.625,9.125,19.0,1,78,18
test,2,22406,53560,53560,86986,18,9,912,4.0,8,6,2,-32.178253526255894,14,-86.0,104.0,190.0,0.5473684210526316,190.0,0.2857142857142857,-6.142857142857143,19.0,10,79,18
train,2,22406,53560,53560,86986,18,9,912,4.0,8,6,2,206.4751801064719,8,73.0,130.0,57.0,2.280701754385965,19.0,0.625,9.125,19.0,1,79,18
test,2,22406,53560,53560,86986,18,9,912,4.0,8,6,2,-32.178253526255894,14,-86.0,104.0,190.0,0.5473684210526316,190.0,0.2857142857142857,-6.142857142857143,19.0,10,80,18
train,2,22406,53560,53560,86986,18,9,912,4.0,8,6,2,206.4751801064719,8,73.0,130.0,57.0,2.280701754385965,19.0,0.625,9.125,19.0,1,80,18
test,2,22406,53560,53560,86986,18,9,912,4.0,8,6,2,-32.178253526255894,14,-86.0,104.0,190.0,0.5473684210526316,190.0,0.2857142857142857,-6.142857142857143,19.0,10,81,18
train,2,22406,53560,53560,86986,18,9,912,4.0,8,6,2,206.4751801064719,8,73.0,130.0,57.0,2.280701754385965,19.0,0.625,9.125,19.0,1,81,18
test,2,22406,53560,53560,86986,18,9,912,4.0,8,6,2,-32.178253526255894,14,-86.0,104.0,190.0,0.5473684210526316,190.0,0.2857142857142857,-6.142857142857143,19.0,10,82,18
train,2,22406,53560,53560,86986,18,9,912,4.0,8,6,2,206.4751801064719,8,73.0,130.0,57.0,2.280701754385965,19.0,0.625,9.125,19.0,1,82,18
test,2,22406,53560,53560,86986,18,9,912,4.0,8,6,2,-32.178253526255894,14,-86.0,104.0,190.0,0.5473684210526316,190.0,0.2857142857142857,-6.142857142857143,19.0,10,83,18
train,2,22406,53560,53560,86986,18,9,912,4.0,8,6,2,206.4751801064719,8,73.0,130.0,57.0,2.280701754385965,19.0,0.625,9.125,19.0,1,83,18
test,2,22406,53560,53560,86986,18,9,912,4.0,8,6,2,-32.178253526255894,14,-86.0,104.0,190.0,0.5473684210526316,190.0,0.2857142857142857,-6.142857142857143,19.0,10,84,18
train,2,22406,53560,53560,86986,18,9,912,4.0,8,6,2,206.4751801064719,8,73.0,130.0,57.0,2.280701754385965,19.0,0.625,9.125,19.0,1,84,18
test,2,22406,53560,53560,86986,18,9,912,4.0,8,6,2,-32.178253526255894,14,-86.0,104.0,190.0,0.5473684210526316,190.0,0.2857142857142857,-6.142857142857143,19.0,10,85,18
train,2,22406,53560,53560,86986,18,9,912,4.0,8,6,2,206.4751801064719,8,73.0,130.0,57.0,2.280701754385965,19.0,0.625,9.125,19.0,1,85,18
test,2,22406,53560,53560,86986,18,9,912,4.0,8,6,2,-32.178253526255894,14,-86.0,104.0,190.0,0.5473684210526316,190.0,0.2857142857142857,-6.142857142857143,19.0,10,86,18
train,2,22406,53560,53560,86986,18,9,912,4.0,8,6,2,206.4751801064719,8,73.0,130.0,57.0,2.280701754385965,19.0,0.625,9.125,19.0,1,86,18
test,2,22406,53560,53560,86986,18,9,912,4.0,8,6,2,-32.178253526255894,14,-86.0,104.0,190.0,0.5473684210526316,190.0,0.2857142857142857,-6.142857142857143,19.0,10,87,18
train,2,22406,53560,53560,86986,18,9,912,4.0,8,6,2,206.4751801064719,8,73.0,130.0,57.0,2.280701754385965,19.0,0.625,9.125,19.0,1,87,18
test,2,22406,53560,53560,86986,18,9,912,4.0,8,6,2,-32.178253526255894,14,-86.0,104.0,190.0,0.5473684210526316,190.0,0.2857142857142857,-6.142857142857143,19.0,10,88,18
train,2,22406,53560,53560,86986,18,9,912,4.0,8,6,2,206.4751801064719,8,73.0,130.0,57.0,2.280701754385965,19.0,0.625,9.125,19.0,1,88,18
test,2,22406,53560,53560,86986,18,9,912,4.0,8,6,2,-32.178253526255894,14,-86.0,104.0,190.0,0.5473684210526316,190.0,0.2857142857142857,-6.142857142857143,19.0,10,89,18
train,2,22406,53560,53560,86986,18,9,912,4.0,8,6,2,206.4751801064719,8,73.0,130.0,57.0,2.280701754385965,19.0,0.625,9.125,19.0,1,89,18
test,2,22406,53560,53560,86986,18,9,912,4.0,8,6,2,-32.178253526255894,14,-86.0,104.0,190.0,0.5473684210526316,190.0,0.2857142857142857,-6.142857142857143,19.0,10,90,18
train,2,22406,53560,53560,86986,18,9,912,4.0,8,6,2,206.4751801064719,8,73.0,130.0,57.0,2.280701754385965,19.0,0.625,9.125,19.0,1,90,18
test,2,22406,53560,53560,86986,18,9,912,4.0,8,6,2,-32.178253526255894,14,-86.0,104.0,190.0,0.5473684210526316,190.0,0.2857142857142857,-6.142857142857143,19.0,10,91,18
train,2,22406,53560,53560,86986,18,9,912,4.0,8,6,2,206.4751801064719,8,73.0,130.0,57.0,2.280701754385965,19.0,0.625,9.125,19.0,1,91,18
test,2,22406,53560,53560,86986,18,9,912,4.0,8,6,2,-32.178253526255894,14,-86.0,104.0,190.0,0.5473684210526316,190.0,0.2857142857142857,-6.142857142857143,19.0,10,92,18
train,2,22406,53560,53560,86986,18,9,912,4.0,8,6,2,206.4751801064719,8,73.0,130.0,57.0,2.280701754385965,19.0,0.625,9.125,19.0,1,92,18
test,2,22406,53560,53560,86986,18,9,912,4.0,8,6,2,-32.178253526255894,14,-86.0,104.0,190.0,0.5473684210526316,190.0,0.2857142857142857,-6.142857142857143,19.0,10,93,18
train,2,22406,53560,53560,86986,18,9,912,4.0,8,6,2,206.4751801064719,8,73.0,130.0,57.0,2.280701754385965,19.0,0.625,9.125,19.0,1,93,18
test,2,22406,53560,53560,86986,18,9,912,4.0,8,6,2,-32.178253526255894,14,-86.0,104.0,190.0,0.5473684210526316,190.0,0.2857142857142857,-6.142857142857143,19.0,10,94,18
train,2,22406,53560,53560,86986,18,9,912,4.0,8,6,2,206.4751801064719,8,73.0,130.0,57.0,2.280701754385965,19.0,0.625,9.125,19.0,1,94,18
test,2,22406,53560,53560,86986,18,9,912,4.0,8,6,2,-32.178253526255894,14,-86.0,104.0,190.0,0.5473684210526316,190.0,0.2857142857142857,-6.142857142857143,19.0,10,95,18
train,2,22406,53560,53560,86986,18,9,912,4.0,8,6,2,206.4751801064719,8,73.0,130.0,57.0,2.280701754385965,19.0,0.625,9.125,19.0,1,95,18
test,2,22406,53560,53560,86986,18,9,912,4.0,8,6,2,-32.178253526255894,14,-86.0,104.0,190.0,0.5473684210526316,190.0,0.2857142857142857,-6.142857142857143,19.0,10,96,18
train,2,22406,53560,53560,86986,18,9,912,4.0,8,6,2,206.4751801064719,8,73.0,130.0,57.0,2.280701754385965,19.0,0.625,9.125,19.0,1,96,18
test,2,22406,53560,53560,86986,18,9,912,4.0,8,6,2,-32.178253526255894,14,-86.0,104.0,190.0,0.5473684210526316,190.0,0.2857142857142857,-6.142857142857143,19.0,10,97,18
train,2,22406,53560,53560,86986,18,9,912,4.0,8,6,2,206.4751801064719,8,73.0,130.0,57.0,2.280701754385965,19.0,0.625,9.125,19.0,1,97,18
test,2,22406,53560,53560,86986,18,9,912,4.0,8,6,2,-32.178253526255894,14,-86.0,104.0,190.0,0.5473684210526316,190.0,0.2857142857142857,-6.142857142857143,19.0,10,98,18
train,2,22406,53560,53560,86986,18,9,912,4.0,8,6,2,206.4751801064719,8,73.0,130.0,57.0,2.280701754385965,19.0,0.625,9.125,19.0,1,98,18
test,2,22406,53560,53560,86986,99,9,647,3.5,8,8,2,-4.303314829119352,15,-10.0,180.0,190.0,0.9473684210526316,171.0,0.3333333333333333,-0.6666666666666666,19.0,9,99,99
train,2,22406,53560,53560,86986,99,9,647,3.5,8,8,2,442.7188724235732,10,140.0,216.0,76.0,2.8421052631578947,19.0,0.6,14.0,19.0,1,99,99
test,2,22406,53560,53560,86986,99,9,647,3.5,8,8,2,-4.303314829119352,15,-10.0,180.0,190.0,0.9473684210526316,171.0,0.3333333333333333,-0.6666666666666666,19.0,9,100,99
train,2,22406,53560,53560,86986,99,9,647,3.5,8,8,2,442.7188724235732,10,140.0,216.0,76.0,2.8421052631578947,19.0,0.6,14.0,19.0,1,100,99
test,3,53560,86986,86986,125287,0,10,491,3.0,8,26,19,-700.6930051741633,19,-1286.0,378.0,1664.0,0.2271634615384615,1286.0,0.1578947368421052,-67.6842105263158,104.0,8,0,0
train,3,53560,86986,86986,125287,0,10,491,3.0,8,26,19,725.0489638638206,6,296.0,504.0,208.0,2.423076923076923,104.0,0.6666666666666666,49.333333333333336,104.0,1,0,0
test,3,53560,86986,86986,125287,0,10,491,3.0,8,26,19,-700.6930051741633,19,-1286.0,378.0,1664.0,0.2271634615384615,1286.0,0.1578947368421052,-67.6842105263158,104.0,8,1,0
train,3,53560,86986,86986,125287,0,10,491,3.0,8,26,19,725.0489638638206,6,296.0,504.0,208.0,2.423076923076923,104.0,0.6666666666666666,49.333333333333336,104.0,1,1,0
test,3,53560,86986,86986,125287,0,10,491,3.0,8,26,19,-700.6930051741633,19,-1286.0,378.0,1664.0,0.2271634615384615,1286.0,0.1578947368421052,-67.6842105263158,104.0,8,2,0
train,3,53560,86986,86986,125287,0,10,491,3.0,8,26,19,725.0489638638206,6,296.0,504.0,208.0,2.423076923076923,104.0,0.6666666666666666,49.333333333333336,104.0,1,2,0
test,3,53560,86986,86986,125287,0,10,491,3.0,8,26,19,-700.6930051741633,19,-1286.0,378.0,1664.0,0.2271634615384615,1286.0,0.1578947368421052,-67.6842105263158,104.0,8,3,0
train,3,53560,86986,86986,125287,0,10,491,3.0,8,26,19,725.0489638638206,6,296.0,504.0,208.0,2.423076923076923,104.0,0.6666666666666666,49.333333333333336,104.0,1,3,0
test,3,53560,86986,86986,125287,0,10,491,3.0,8,26,19,-700.6930051741633,19,-1286.0,378.0,1664.0,0.2271634615384615,1286.0,0.1578947368421052,-67.6842105263158,104.0,8,4,0
train,3,53560,86986,86986,125287,0,10,491,3.0,8,26,19,725.0489638638206,6,296.0,504.0,208.0,2.423076923076923,104.0,0.6666666666666666,49.333333333333336,104.0,1,4,0
test,3,53560,86986,86986,125287,0,10,491,3.0,8,26,19,-700.6930051741633,19,-1286.0,378.0,1664.0,0.2271634615384615,1286.0,0.1578947368421052,-67.6842105263158,104.0,8,5,0
train,3,53560,86986,86986,125287,0,10,491,3.0,8,26,19,725.0489638638206,6,296.0,504.0,208.0,2.423076923076923,104.0,0.6666666666666666,49.333333333333336,104.0,1,5,0
test,3,53560,86986,86986,125287,0,10,491,3.0,8,26,19,-700.6930051741633,19,-1286.0,378.0,1664.0,0.2271634615384615,1286.0,0.1578947368421052,-67.6842105263158,104.0,8,6,0
train,3,53560,86986,86986,125287,0,10,491,3.0,8,26,19,725.0489638638206,6,296.0,504.0,208.0,2.423076923076923,104.0,0.6666666666666666,49.333333333333336,104.0,1,6,0
test,3,53560,86986,86986,125287,0,10,491,3.0,8,26,19,-700.6930051741633,19,-1286.0,378.0,1664.0,0.2271634615384615,1286.0,0.1578947368421052,-67.6842105263158,104.0,8,7,0
train,3,53560,86986,86986,125287,0,10,491,3.0,8,26,19,725.0489638638206,6,296.0,504.0,208.0,2.423076923076923,104.0,0.6666666666666666,49.333333333333336,104.0,1,7,0
test,3,53560,86986,86986,125287,0,10,491,3.0,8,26,19,-700.6930051741633,19,-1286.0,378.0,1664.0,0.2271634615384615,1286.0,0.1578947368421052,-67.6842105263158,104.0,8,8,0
train,3,53560,86986,86986,125287,0,10,491,3.0,8,26,19,725.0489638638206,6,296.0,504.0,208.0,2.423076923076923,104.0,0.6666666666666666,49.333333333333336,104.0,1,8,0
test,3,53560,86986,86986,125287,0,10,491,3.0,8,26,19,-700.6930051741633,19,-1286.0,378.0,1664.0,0.2271634615384615,1286.0,0.1578947368421052,-67.6842105263158,104.0,8,9,0
train,3,53560,86986,86986,125287,0,10,491,3.0,8,26,19,725.0489638638206,6,296.0,504.0,208.0,2.423076923076923,104.0,0.6666666666666666,49.333333333333336,104.0,1,9,0
test,3,53560,86986,86986,125287,0,10,491,3.0,8,26,19,-700.6930051741633,19,-1286.0,378.0,1664.0,0.2271634615384615,1286.0,0.1578947368421052,-67.6842105263158,104.0,8,10,0
train,3,53560,86986,86986,125287,0,10,491,3.0,8,26,19,725.0489638638206,6,296.0,504.0,208.0,2.423076923076923,104.0,0.6666666666666666,49.333333333333336,104.0,1,10,0
test,3,53560,86986,86986,125287,0,10,491,3.0,8,26,19,-700.6930051741633,19,-1286.0,378.0,1664.0,0.2271634615384615,1286.0,0.1578947368421052,-67.6842105263158,104.0,8,11,0
train,3,53560,86986,86986,125287,0,10,491,3.0,8,26,19,725.0489638638206,6,296.0,504.0,208.0,2.423076923076923,104.0,0.6666666666666666,49.333333333333336,104.0,1,11,0
test,3,53560,86986,86986,125287,0,10,491,3.0,8,26,19,-700.6930051741633,19,-1286.0,378.0,1664.0,0.2271634615384615,1286.0,0.1578947368421052,-67.6842105263158,104.0,8,12,0
train,3,53560,86986,86986,125287,0,10,491,3.0,8,26,19,725.0489638638206,6,296.0,504.0,208.0,2.423076923076923,104.0,0.6666666666666666,49.333333333333336,104.0,1,12,0
test,3,53560,86986,86986,125287,0,10,491,3.0,8,26,19,-700.6930051741633,19,-1286.0,378.0,1664.0,0.2271634615384615,1286.0,0.1578947368421052,-67.6842105263158,104.0,8,13,0
train,3,53560,86986,86986,125287,0,10,491,3.0,8,26,19,725.0489638638206,6,296.0,504.0,208.0,2.423076923076923,104.0,0.6666666666666666,49.333333333333336,104.0,1,13,0
test,3,53560,86986,86986,125287,0,10,491,3.0,8,26,19,-700.6930051741633,19,-1286.0,378.0,1664.0,0.2271634615384615,1286.0,0.1578947368421052,-67.6842105263158,104.0,8,14,0
train,3,53560,86986,86986,125287,0,10,491,3.0,8,26,19,725.0489638638206,6,296.0,504.0,208.0,2.423076923076923,104.0,0.6666666666666666,49.333333333333336,104.0,1,14,0
test,3,53560,86986,86986,125287,0,10,491,3.0,8,26,19,-700.6930051741633,19,-1286.0,378.0,1664.0,0.2271634615384615,1286.0,0.1578947368421052,-67.6842105263158,104.0,8,15,0
train,3,53560,86986,86986,125287,0,10,491,3.0,8,26,19,725.0489638638206,6,296.0,504.0,208.0,2.423076923076923,104.0,0.6666666666666666,49.333333333333336,104.0,1,15,0
test,3,53560,86986,86986,125287,0,10,491,3.0,8,26,19,-700.6930051741633,19,-1286.0,378.0,1664.0,0.2271634615384615,1286.0,0.1578947368421052,-67.6842105263158,104.0,8,16,0
train,3,53560,86986,86986,125287,0,10,491,3.0,8,26,19,725.0489638638206,6,296.0,504.0,208.0,2.423076923076923,104.0,0.6666666666666666,49.333333333333336,104.0,1,16,0
test,3,53560,86986,86986,125287,0,10,491,3.0,8,26,19,-700.6930051741633,19,-1286.0,378.0,1664.0,0.2271634615384615,1286.0,0.1578947368421052,-67.6842105263158,104.0,8,17,0
train,3,53560,86986,86986,125287,0,10,491,3.0,8,26,19,725.0489638638206,6,296.0,504.0,208.0,2.423076923076923,104.0,0.6666666666666666,49.333333333333336,104.0,1,17,0
test,3,53560,86986,86986,125287,0,10,491,3.0,8,26,19,-700.6930051741633,19,-1286.0,378.0,1664.0,0.2271634615384615,1286.0,0.1578947368421052,-67.6842105263158,104.0,8,18,0
train,3,53560,86986,86986,125287,0,10,491,3.0,8,26,19,725.0489638638206,6,296.0,504.0,208.0,2.423076923076923,104.0,0.6666666666666666,49.333333333333336,104.0,1,18,0
test,3,53560,86986,86986,125287,0,10,491,3.0,8,26,19,-700.6930051741633,19,-1286.0,378.0,1664.0,0.2271634615384615,1286.0,0.1578947368421052,-67.6842105263158,104.0,8,19,0
train,3,53560,86986,86986,125287,0,10,491,3.0,8,26,19,725.0489638638206,6,296.0,504.0,208.0,2.423076923076923,104.0,0.6666666666666666,49.333333333333336,104.0,1,19,0
test,3,53560,86986,86986,125287,0,10,491,3.0,8,26,19,-700.6930051741633,19,-1286.0,378.0,1664.0,0.2271634615384615,1286.0,0.1578947368421052,-67.6842105263158,104.0,8,20,0
train,3,53560,86986,86986,125287,0,10,491,3.0,8,26,19,725.0489638638206,6,296.0,504.0,208.0,2.423076923076923,104.0,0.6666666666666666,49.333333333333336,104.0,1,20,0
test,3,53560,86986,86986,125287,0,10,491,3.0,8,26,19,-700.6930051741633,19,-1286.0,378.0,1664.0,0.2271634615384615,1286.0,0.1578947368421052,-67.6842105263158,104.0,8,21,0
train,3,53560,86986,86986,125287,0,10,491,3.0,8,26,19,725.0489638638206,6,296.0,504.0,208.0,2.423076923076923,104.0,0.6666666666666666,49.333333333333336,104.0,1,21,0
test,3,53560,86986,86986,125287,0,10,491,3.0,8,26,19,-700.6930051741633,19,-1286.0,378.0,1664.0,0.2271634615384615,1286.0,0.1578947368421052,-67.6842105263158,104.0,8,22,0
train,3,53560,86986,86986,125287,0,10,491,3.0,8,26,19,725.0489638638206,6,296.0,504.0,208.0,2.423076923076923,104.0,0.6666666666666666,49.333333333333336,104.0,1,22,0
test,3,53560,86986,86986,125287,0,10,491,3.0,8,26,19,-700.6930051741633,19,-1286.0,378.0,1664.0,0.2271634615384615,1286.0,0.1578947368421052,-67.6842105263158,104.0,8,23,0
train,3,53560,86986,86986,125287,0,10,491,3.0,8,26,19,725.0489638638206,6,296.0,504.0,208.0,2.423076923076923,104.0,0.6666666666666666,49.333333333333336,104.0,1,23,0
test,3,53560,86986,86986,125287,0,10,491,3.0,8,26,19,-700.6930051741633,19,-1286.0,378.0,1664.0,0.2271634615384615,1286.0,0.1578947368421052,-67.6842105263158,104.0,8,24,0
train,3,53560,86986,86986,125287,0,10,491,3.0,8,26,19,725.0489638638206,6,296.0,504.0,208.0,2.423076923076923,104.0,0.6666666666666666,49.333333333333336,104.0,1,24,0
test,3,53560,86986,86986,125287,0,10,491,3.0,8,26,19,-700.6930051741633,19,-1286.0,378.0,1664.0,0.2271634615384615,1286.0,0.1578947368421052,-67.6842105263158,104.0,8,25,0
train,3,53560,86986,86986,125287,0,10,491,3.0,8,26,19,725.0489638638206,6,296.0,504.0,208.0,2.423076923076923,104.0,0.6666666666666666,49.333333333333336,104.0,1,25,0
test,3,53560,86986,86986,125287,0,10,491,3.0,8,26,19,-700.6930051741633,19,-1286.0,378.0,1664.0,0.2271634615384615,1286.0,0.1578947368421052,-67.6842105263158,104.0,8,26,0
train,3,53560,86986,86986,125287,0,10,491,3.0,8,26,19,725.0489638638206,6,296.0,504.0,208.0,2.423076923076923,104.0,0.6666666666666666,49.333333333333336,104.0,1,26,0
test,3,53560,86986,86986,125287,0,10,491,3.0,8,26,19,-700.6930051741633,19,-1286.0,378.0,1664.0,0.2271634615384615,1286.0,0.1578947368421052,-67.6842105263158,104.0,8,27,0
train,3,53560,86986,86986,125287,0,10,491,3.0,8,26,19,725.0489638638206,6,296.0,504.0,208.0,2.423076923076923,104.0,0.6666666666666666,49.333333333333336,104.0,1,27,0
test,3,53560,86986,86986,125287,0,10,491,3.0,8,26,19,-700.6930051741633,19,-1286.0,378.0,1664.0,0.2271634615384615,1286.0,0.1578947368421052,-67.6842105263158,104.0,8,28,0
train,3,53560,86986,86986,125287,0,10,491,3.0,8,26,19,725.0489638638206,6,296.0,504.0,208.0,2.423076923076923,104.0,0.6666666666666666,49.333333333333336,104.0,1,28,0
test,3,53560,86986,86986,125287,0,10,491,3.0,8,26,19,-700.6930051741633,19,-1286.0,378.0,1664.0,0.2271634615384615,1286.0,0.1578947368421052,-67.6842105263158,104.0,8,29,0
train,3,53560,86986,86986,125287,0,10,491,3.0,8,26,19,725.0489638638206,6,296.0,504.0,208.0,2.423076923076923,104.0,0.6666666666666666,49.333333333333336,104.0,1,29,0
test,3,53560,86986,86986,125287,0,10,491,3.0,8,26,19,-700.6930051741633,19,-1286.0,378.0,1664.0,0.2271634615384615,1286.0,0.1578947368421052,-67.6842105263158,104.0,8,30,0
train,3,53560,86986,86986,125287,0,10,491,3.0,8,26,19,725.0489638638206,6,296.0,504.0,208.0,2.423076923076923,104.0,0.6666666666666666,49.333333333333336,104.0,1,30,0
test,3,53560,86986,86986,125287,0,10,491,3.0,8,26,19,-700.6930051741633,19,-1286.0,378.0,1664.0,0.2271634615384615,1286.0,0.1578947368421052,-67.6842105263158,104.0,8,31,0
train,3,53560,86986,86986,125287,0,10,491,3.0,8,26,19,725.0489638638206,6,296.0,504.0,208.0,2.423076923076923,104.0,0.6666666666666666,49.333333333333336,104.0,1,31,0
test,3,53560,86986,86986,125287,0,10,491,3.0,8,26,19,-700.6930051741633,19,-1286.0,378.0,1664.0,0.2271634615384615,1286.0,0.1578947368421052,-67.6842105263158,104.0,8,32,0
train,3,53560,86986,86986,125287,0,10,491,3.0,8,26,19,725.0489638638206,6,296.0,504.0,208.0,2.423076923076923,104.0,0.6666666666666666,49.333333333333336,104.0,1,32,0
test,3,53560,86986,86986,125287,0,10,491,3.0,8,26,19,-700.6930051741633,19,-1286.0,378.0,1664.0,0.2271634615384615,1286.0,0.1578947368421052,-67.6842105263158,104.0,8,33,0
train,3,53560,86986,86986,125287,0,10,491,3.0,8,26,19,725.0489638638206,6,296.0,504.0,208.0,2.423076923076923,104.0,0.6666666666666666,49.333333333333336,104.0,1,33,0
test,3,53560,86986,86986,125287,0,10,491,3.0,8,26,19,-700.6930051741633,19,-1286.0,378.0,1664.0,0.2271634615384615,1286.0,0.1578947368421052,-67.6842105263158,104.0,8,34,0
train,3,53560,86986,86986,125287,0,10,491,3.0,8,26,19,725.0489638638206,6,296.0,504.0,208.0,2.423076923076923,104.0,0.6666666666666666,49.333333333333336,104.0,1,34,0
test,3,53560,86986,86986,125287,0,10,491,3.0,8,26,19,-700.6930051741633,19,-1286.0,378.0,1664.0,0.2271634615384615,1286.0,0.1578947368421052,-67.6842105263158,104.0,8,35,0
train,3,53560,86986,86986,125287,0,10,491,3.0,8,26,19,725.0489638638206,6,296.0,504.0,208.0,2.423076923076923,104.0,0.6666666666666666,49.333333333333336,104.0,1,35,0
test,3,53560,86986,86986,125287,0,10,491,3.0,8,26,19,-700.6930051741633,19,-1286.0,378.0,1664.0,0.2271634615384615,1286.0,0.1578947368421052,-67.6842105263158,104.0,8,36,0
train,3,53560,86986,86986,125287,0,10,491,3.0,8,26,19,725.0489638638206,6,296.0,504.0,208.0,2.423076923076923,104.0,0.6666666666666666,49.333333333333336,104.0,1,36,0
test,3,53560,86986,86986,125287,0,10,491,3.0,8,26,19,-700.6930051741633,19,-1286.0,378.0,1664.0,0.2271634615384615,1286.0,0.1578947368421052,-67.6842105263158,104.0,8,37,0
train,3,53560,86986,86986,125287,0,10,491,3.0,8,26,19,725.0489638638206,6,296.0,504.0,208.0,2.423076923076923,104.0,0.6666666666666666,49.333333333333336,104.0,1,37,0
test,3,53560,86986,86986,125287,0,10,491,3.0,8,26,19,-700.6930051741633,19,-1286.0,378.0,1664.0,0.2271634615384615,1286.0,0.1578947368421052,-67.6842105263158,104.0,8,38,0
train,3,53560,86986,86986,125287,0,10,491,3.0,8,26,19,725.0489638638206,6,296.0,504.0,208.0,2.423076923076923,104.0,0.6666666666666666,49.333333333333336,104.0,1,38,0
test,3,53560,86986,86986,125287,0,10,491,3.0,8,26,19,-700.6930051741633,19,-1286.0,378.0,1664.0,0.2271634615384615,1286.0,0.1578947368421052,-67.6842105263158,104.0,8,39,0
train,3,53560,86986,86986,125287,0,10,491,3.0,8,26,19,725.0489638638206,6,296.0,504.0,208.0,2.423076923076923,104.0,0.6666666666666666,49.333333333333336,104.0,1,39,0
test,3,53560,86986,86986,125287,0,10,491,3.0,8,26,19,-700.6930051741633,19,-1286.0,378.0,1664.0,0.2271634615384615,1286.0,0.1578947368421052,-67.6842105263158,104.0,8,40,0
train,3,53560,86986,86986,125287,0,10,491,3.0,8,26,19,725.0489638638206,6,296.0,504.0,208.0,2.423076923076923,104.0,0.6666666666666666,49.333333333333336,104.0,1,40,0
test,3,53560,86986,86986,125287,0,10,491,3.0,8,26,19,-700.6930051741633,19,-1286.0,378.0,1664.0,0.2271634615384615,1286.0,0.1578947368421052,-67.6842105263158,104.0,8,41,0
train,3,53560,86986,86986,125287,0,10,491,3.0,8,26,19,725.0489638638206,6,296.0,504.0,208.0,2.423076923076923,104.0,0.6666666666666666,49.333333333333336,104.0,1,41,0
test,3,53560,86986,86986,125287,0,10,491,3.0,8,26,19,-700.6930051741633,19,-1286.0,378.0,1664.0,0.2271634615384615,1286.0,0.1578947368421052,-67.6842105263158,104.0,8,42,0
train,3,53560,86986,86986,125287,0,10,491,3.0,8,26,19,725.0489638638206,6,296.0,504.0,208.0,2.423076923076923,104.0,0.6666666666666666,49.333333333333336,104.0,1,42,0
test,3,53560,86986,86986,125287,0,10,491,3.0,8,26,19,-700.6930051741633,19,-1286.0,378.0,1664.0,0.2271634615384615,1286.0,0.1578947368421052,-67.6842105263158,104.0,8,43,0
train,3,53560,86986,86986,125287,0,10,491,3.0,8,26,19,725.0489638638206,6,296.0,504.0,208.0,2.423076923076923,104.0,0.6666666666666666,49.333333333333336,104.0,1,43,0
test,3,53560,86986,86986,125287,0,10,491,3.0,8,26,19,-700.6930051741633,19,-1286.0,378.0,1664.0,0.2271634615384615,1286.0,0.1578947368421052,-67.6842105263158,104.0,8,44,0
train,3,53560,86986,86986,125287,0,10,491,3.0,8,26,19,725.0489638638206,6,296.0,504.0,208.0,2.423076923076923,104.0,0.6666666666666666,49.333333333333336,104.0,1,44,0
test,3,53560,86986,86986,125287,0,10,491,3.0,8,26,19,-700.6930051741633,19,-1286.0,378.0,1664.0,0.2271634615384615,1286.0,0.1578947368421052,-67.6842105263158,104.0,8,45,0
train,3,53560,86986,86986,125287,0,10,491,3.0,8,26,19,725.0489638638206,6,296.0,504.0,208.0,2.423076923076923,104.0,0.6666666666666666,49.333333333333336,104.0,1,45,0
test,3,53560,86986,86986,125287,0,10,491,3.0,8,26,19,-700.6930051741633,19,-1286.0,378.0,1664.0,0.2271634615384615,1286.0,0.1578947368421052,-67.6842105263158,104.0,8,46,0
train,3,53560,86986,86986,125287,0,10,491,3.0,8,26,19,725.0489638638206,6,296.0,504.0,208.0,2.423076923076923,104.0,0.6666666666666666,49.333333333333336,104.0,1,46,0
test,3,53560,86986,86986,125287,0,10,491,3.0,8,26,19,-700.6930051741633,19,-1286.0,378.0,1664.0,0.2271634615384615,1286.0,0.1578947368421052,-67.6842105263158,104.0,8,47,0
train,3,53560,86986,86986,125287,0,10,491,3.0,8,26,19,725.0489638638206,6,296.0,504.0,208.0,2.423076923076923,104.0,0.6666666666666666,49.333333333333336,104.0,1,47,0
test,3,53560,86986,86986,125287,0,10,491,3.0,8,26,19,-700.6930051741633,19,-1286.0,378.0,1664.0,0.2271634615384615,1286.0,0.1578947368421052,-67.6842105263158,104.0,8,48,0
train,3,53560,86986,86986,125287,0,10,491,3.0,8,26,19,725.0489638638206,6,296.0,504.0,208.0,2.423076923076923,104.0,0.6666666666666666,49.333333333333336,104.0,1,48,0
test,3,53560,86986,86986,125287,0,10,491,3.0,8,26,19,-700.6930051741633,19,-1286.0,378.0,1664.0,0.2271634615384615,1286.0,0.1578947368421052,-67.6842105263158,104.0,8,49,0
train,3,53560,86986,86986,125287,0,10,491,3.0,8,26,19,725.0489638638206,6,296.0,504.0,208.0,2.423076923076923,104.0,0.6666666666666666,49.333333333333336,104.0,1,49,0
test,3,53560,86986,86986,125287,0,10,491,3.0,8,26,19,-700.6930051741633,19,-1286.0,378.0,1664.0,0.2271634615384615,1286.0,0.1578947368421052,-67.6842105263158,104.0,8,50,0
train,3,53560,86986,86986,125287,0,10,491,3.0,8,26,19,725.0489638638206,6,296.0,504.0,208.0,2.423076923076923,104.0,0.6666666666666666,49.333333333333336,104.0,1,50,0
test,3,53560,86986,86986,125287,0,10,491,3.0,8,26,19,-700.6930051741633,19,-1286.0,378.0,1664.0,0.2271634615384615,1286.0,0.1578947368421052,-67.6842105263158,104.0,8,51,0
train,3,53560,86986,86986,125287,0,10,491,3.0,8,26,19,725.0489638638206,6,296.0,504.0,208.0,2.423076923076923,104.0,0.6666666666666666,49.333333333333336,104.0,1,51,0
test,3,53560,86986,86986,125287,0,10,491,3.0,8,26,19,-700.6930051741633,19,-1286.0,378.0,1664.0,0.2271634615384615,1286.0,0.1578947368421052,-67.6842105263158,104.0,8,52,0
train,3,53560,86986,86986,125287,0,10,491,3.0,8,26,19,725.0489638638206,6,296.0,504.0,208.0,2.423076923076923,104.0,0.6666666666666666,49.333333333333336,104.0,1,52,0
test,3,53560,86986,86986,125287,0,10,491,3.0,8,26,19,-700.6930051741633,19,-1286.0,378.0,1664.0,0.2271634615384615,1286.0,0.1578947368421052,-67.6842105263158,104.0,8,53,0
train,3,53560,86986,86986,125287,0,10,491,3.0,8,26,19,725.0489638638206,6,296.0,504.0,208.0,2.423076923076923,104.0,0.6666666666666666,49.333333333333336,104.0,1,53,0
test,3,53560,86986,86986,125287,0,10,491,3.0,8,26,19,-700.6930051741633,19,-1286.0,378.0,1664.0,0.2271634615384615,1286.0,0.1578947368421052,-67.6842105263158,104.0,8,54,0
train,3,53560,86986,86986,125287,0,10,491,3.0,8,26,19,725.0489638638206,6,296.0,504.0,208.0,2.423076923076923,104.0,0.6666666666666666,49.333333333333336,104.0,1,54,0
test,3,53560,86986,86986,125287,0,10,491,3.0,8,26,19,-700.6930051741633,19,-1286.0,378.0,1664.0,0.2271634615384615,1286.0,0.1578947368421052,-67.6842105263158,104.0,8,55,0
train,3,53560,86986,86986,125287,0,10,491,3.0,8,26,19,725.0489638638206,6,296.0,504.0,208.0,2.423076923076923,104.0,0.6666666666666666,49.333333333333336,104.0,1,55,0
test,3,53560,86986,86986,125287,0,10,491,3.0,8,26,19,-700.6930051741633,19,-1286.0,378.0,1664.0,0.2271634615384615,1286.0,0.1578947368421052,-67.6842105263158,104.0,8,56,0
train,3,53560,86986,86986,125287,0,10,491,3.0,8,26,19,725.0489638638206,6,296.0,504.0,208.0,2.423076923076923,104.0,0.6666666666666666,49.333333333333336,104.0,1,56,0
test,3,53560,86986,86986,125287,0,10,491,3.0,8,26,19,-700.6930051741633,19,-1286.0,378.0,1664.0,0.2271634615384615,1286.0,0.1578947368421052,-67.6842105263158,104.0,8,57,0
train,3,53560,86986,86986,125287,0,10,491,3.0,8,26,19,725.0489638638206,6,296.0,504.0,208.0,2.423076923076923,104.0,0.6666666666666666,49.333333333333336,104.0,1,57,0
test,3,53560,86986,86986,125287,0,10,491,3.0,8,26,19,-700.6930051741633,19,-1286.0,378.0,1664.0,0.2271634615384615,1286.0,0.1578947368421052,-67.6842105263158,104.0,8,58,0
train,3,53560,86986,86986,125287,0,10,491,3.0,8,26,19,725.0489638638206,6,296.0,504.0,208.0,2.423076923076923,104.0,0.6666666666666666,49.333333333333336,104.0,1,58,0
test,3,53560,86986,86986,125287,0,10,491,3.0,8,26,19,-700.6930051741633,19,-1286.0,378.0,1664.0,0.2271634615384615,1286.0,0.1578947368421052,-67.6842105263158,104.0,8,59,0
train,3,53560,86986,86986,125287,0,10,491,3.0,8,26,19,725.0489638638206,6,296.0,504.0,208.0,2.423076923076923,104.0,0.6666666666666666,49.333333333333336,104.0,1,59,0
test,3,53560,86986,86986,125287,0,10,491,3.0,8,26,19,-700.6930051741633,19,-1286.0,378.0,1664.0,0.2271634615384615,1286.0,0.1578947368421052,-67.6842105263158,104.0,8,60,0
train,3,53560,86986,86986,125287,0,10,491,3.0,8,26,19,725.0489638638206,6,296.0,504.0,208.0,2.423076923076923,104.0,0.6666666666666666,49.333333333333336,104.0,1,60,0
test,3,53560,86986,86986,125287,0,10,491,3.0,8,26,19,-700.6930051741633,19,-1286.0,378.0,1664.0,0.2271634615384615,1286.0,0.1578947368421052,-67.6842105263158,104.0,8,61,0
train,3,53560,86986,86986,125287,0,10,491,3.0,8,26,19,725.0489638638206,6,296.0,504.0,208.0,2.423076923076923,104.0,0.6666666666666666,49.333333333333336,104.0,1,61,0
test,3,53560,86986,86986,125287,0,10,491,3.0,8,26,19,-700.6930051741633,19,-1286.0,378.0,1664.0,0.2271634615384615,1286.0,0.1578947368421052,-67.6842105263158,104.0,8,62,0
train,3,53560,86986,86986,125287,0,10,491,3.0,8,26,19,725.0489638638206,6,296.0,504.0,208.0,2.423076923076923,104.0,0.6666666666666666,49.333333333333336,104.0,1,62,0
test,3,53560,86986,86986,125287,0,10,491,3.0,8,26,19,-700.6930051741633,19,-1286.0,378.0,1664.0,0.2271634615384615,1286.0,0.1578947368421052,-67.6842105263158,104.0,8,63,0
train,3,53560,86986,86986,125287,0,10,491,3.0,8,26,19,725.0489638638206,6,296.0,504.0,208.0,2.423076923076923,104.0,0.6666666666666666,49.333333333333336,104.0,1,63,0
test,3,53560,86986,86986,125287,0,10,491,3.0,8,26,19,-700.6930051741633,19,-1286.0,378.0,1664.0,0.2271634615384615,1286.0,0.1578947368421052,-67.6842105263158,104.0,8,64,0
train,3,53560,86986,86986,125287,0,10,491,3.0,8,26,19,725.0489638638206,6,296.0,504.0,208.0,2.423076923076923,104.0,0.6666666666666666,49.333333333333336,104.0,1,64,0
test,3,53560,86986,86986,125287,0,10,491,3.0,8,26,19,-700.6930051741633,19,-1286.0,378.0,1664.0,0.2271634615384615,1286.0,0.1578947368421052,-67.6842105263158,104.0,8,65,0
train,3,53560,86986,86986,125287,0,10,491,3.0,8,26,19,725.0489638638206,6,296.0,504.0,208.0,2.423076923076923,104.0,0.6666666666666666,49.333333333333336,104.0,1,65,0
test,3,53560,86986,86986,125287,0,10,491,3.0,8,26,19,-700.6930051741633,19,-1286.0,378.0,1664.0,0.2271634615384615,1286.0,0.1578947368421052,-67.6842105263158,104.0,8,66,0
train,3,53560,86986,86986,125287,0,10,491,3.0,8,26,19,725.0489638638206,6,296.0,504.0,208.0,2.423076923076923,104.0,0.6666666666666666,49.333333333333336,104.0,1,66,0
test,3,53560,86986,86986,125287,0,10,491,3.0,8,26,19,-700.6930051741633,19,-1286.0,378.0,1664.0,0.2271634615384615,1286.0,0.1578947368421052,-67.6842105263158,104.0,8,67,0
train,3,53560,86986,86986,125287,0,10,491,3.0,8,26,19,725.0489638638206,6,296.0,504.0,208.0,2.423076923076923,104.0,0.6666666666666666,49.333333333333336,104.0,1,67,0
test,3,53560,86986,86986,125287,0,10,491,3.0,8,26,19,-700.6930051741633,19,-1286.0,378.0,1664.0,0.2271634615384615,1286.0,0.1578947368421052,-67.6842105263158,104.0,8,68,0
train,3,53560,86986,86986,125287,0,10,491,3.0,8,26,19,725.0489638638206,6,296.0,504.0,208.0,2.423076923076923,104.0,0.6666666666666666,49.333333333333336,104.0,1,68,0
test,3,53560,86986,86986,125287,0,10,491,3.0,8,26,19,-700.6930051741633,19,-1286.0,378.0,1664.0,0.2271634615384615,1286.0,0.1578947368421052,-67.6842105263158,104.0,8,69,0
train,3,53560,86986,86986,125287,0,10,491,3.0,8,26,19,725.0489638638206,6,296.0,504.0,208.0,2.423076923076923,104.0,0.6666666666666666,49.333333333333336,104.0,1,69,0
test,3,53560,86986,86986,125287,0,10,491,3.0,8,26,19,-700.6930051741633,19,-1286.0,378.0,1664.0,0.2271634615384615,1286.0,0.1578947368421052,-67.6842105263158,104.0,8,70,0
train,3,53560,86986,86986,125287,0,10,491,3.0,8,26,19,725.0489638638206,6,296.0,504.0,208.0,2.423076923076923,104.0,0.6666666666666666,49.333333333333336,104.0,1,70,0
test,3,53560,86986,86986,125287,0,10,491,3.0,8,26,19,-700.6930051741633,19,-1286.0,378.0,1664.0,0.2271634615384615,1286.0,0.1578947368421052,-67.6842105263158,104.0,8,71,0
train,3,53560,86986,86986,125287,0,10,491,3.0,8,26,19,725.0489638638206,6,296.0,504.0,208.0,2.423076923076923,104.0,0.6666666666666666,49.333333333333336,104.0,1,71,0
test,3,53560,86986,86986,125287,0,10,491,3.0,8,26,19,-700.6930051741633,19,-1286.0,378.0,1664.0,0.2271634615384615,1286.0,0.1578947368421052,-67.6842105263158,104.0,8,72,0
train,3,53560,86986,86986,125287,0,10,491,3.0,8,26,19,725.0489638638206,6,296.0,504.0,208.0,2.423076923076923,104.0,0.6666666666666666,49.333333333333336,104.0,1,72,0
test,3,53560,86986,86986,125287,0,10,491,3.0,8,26,19,-700.6930051741633,19,-1286.0,378.0,1664.0,0.2271634615384615,1286.0,0.1578947368421052,-67.6842105263158,104.0,8,73,0
train,3,53560,86986,86986,125287,0,10,491,3.0,8,26,19,725.0489638638206,6,296.0,504.0,208.0,2.423076923076923,104.0,0.6666666666666666,49.333333333333336,104.0,1,73,0
test,3,53560,86986,86986,125287,0,10,491,3.0,8,26,19,-700.6930051741633,19,-1286.0,378.0,1664.0,0.2271634615384615,1286.0,0.1578947368421052,-67.6842105263158,104.0,8,74,0
train,3,53560,86986,86986,125287,0,10,491,3.0,8,26,19,725.0489638638206,6,296.0,504.0,208.0,2.423076923076923,104.0,0.6666666666666666,49.333333333333336,104.0,1,74,0
test,3,53560,86986,86986,125287,0,10,491,3.0,8,26,19,-700.6930051741633,19,-1286.0,378.0,1664.0,0.2271634615384615,1286.0,0.1578947368421052,-67.6842105263158,104.0,8,75,0
train,3,53560,86986,86986,125287,0,10,491,3.0,8,26,19,725.0489638638206,6,296.0,504.0,208.0,2.423076923076923,104.0,0.6666666666666666,49.333333333333336,104.0,1,75,0
test,3,53560,86986,86986,125287,0,10,491,3.0,8,26,19,-700.6930051741633,19,-1286.0,378.0,1664.0,0.2271634615384615,1286.0,0.1578947368421052,-67.6842105263158,104.0,8,76,0
train,3,53560,86986,86986,125287,0,10,491,3.0,8,26,19,725.0489638638206,6,296.0,504.0,208.0,2.423076923076923,104.0,0.6666666666666666,49.333333333333336,104.0,1,76,0
test,3,53560,86986,86986,125287,0,10,491,3.0,8,26,19,-700.6930051741633,19,-1286.0,378.0,1664.0,0.2271634615384615,1286.0,0.1578947368421052,-67.6842105263158,104.0,8,77,0
train,3,53560,86986,86986,125287,0,10,491,3.0,8,26,19,725.0489638638206,6,296.0,504.0,208.0,2.423076923076923,104.0,0.6666666666666666,49.333333333333336,104.0,1,77,0
test,3,53560,86986,86986,125287,0,10,491,3.0,8,26,19,-700.6930051741633,19,-1286.0,378.0,1664.0,0.2271634615384615,1286.0,0.1578947368421052,-67.6842105263158,104.0,8,78,0
train,3,53560,86986,86986,125287,0,10,491,3.0,8,26,19,725.0489638638206,6,296.0,504.0,208.0,2.423076923076923,104.0,0.6666666666666666,49.333333333333336,104.0,1,78,0
test,3,53560,86986,86986,125287,0,10,491,3.0,8,26,19,-700.6930051741633,19,-1286.0,378.0,1664.0,0.2271634615384615,1286.0,0.1578947368421052,-67.6842105263158,104.0,8,79,0
train,3,53560,86986,86986,125287,0,10,491,3.0,8,26,19,725.0489638638206,6,296.0,504.0,208.0,2.423076923076923,104.0,0.6666666666666666,49.333333333333336,104.0,1,79,0
test,3,53560,86986,86986,125287,0,10,491,3.0,8,26,19,-700.6930051741633,19,-1286.0,378.0,1664.0,0.2271634615384615,1286.0,0.1578947368421052,-67.6842105263158,104.0,8,80,0
train,3,53560,86986,86986,125287,0,10,491,3.0,8,26,19,725.0489638638206,6,296.0,504.0,208.0,2.423076923076923,104.0,0.6666666666666666,49.333333333333336,104.0,1,80,0
test,3,53560,86986,86986,125287,0,10,491,3.0,8,26,19,-700.6930051741633,19,-1286.0,378.0,1664.0,0.2271634615384615,1286.0,0.1578947368421052,-67.6842105263158,104.0,8,81,0
train,3,53560,86986,86986,125287,0,10,491,3.0,8,26,19,725.0489638638206,6,296.0,504.0,208.0,2.423076923076923,104.0,0.6666666666666666,49.333333333333336,104.0,1,81,0
test,3,53560,86986,86986,125287,0,10,491,3.0,8,26,19,-700.6930051741633,19,-1286.0,378.0,1664.0,0.2271634615384615,1286.0,0.1578947368421052,-67.6842105263158,104.0,8,82,0
train,3,53560,86986,86986,125287,0,10,491,3.0,8,26,19,725.0489638638206,6,296.0,504.0,208.0,2.423076923076923,104.0,0.6666666666666666,49.333333333333336,104.0,1,82,0
test,3,53560,86986,86986,125287,0,10,491,3.0,8,26,19,-700.6930051741633,19,-1286.0,378.0,1664.0,0.2271634615384615,1286.0,0.1578947368421052,-67.6842105263158,104.0,8,83,0
train,3,53560,86986,86986,125287,0,10,491,3.0,8,26,19,725.0489638638206,6,296.0,504.0,208.0,2.423076923076923,104.0,0.6666666666666666,49.333333333333336,104.0,1,83,0
test,3,53560,86986,86986,125287,0,10,491,3.0,8,26,19,-700.6930051741633,19,-1286.0,378.0,1664.0,0.2271634615384615,1286.0,0.1578947368421052,-67.6842105263158,104.0,8,84,0
train,3,53560,86986,86986,125287,0,10,491,3.0,8,26,19,725.0489638638206,6,296.0,504.0,208.0,2.423076923076923,104.0,0.6666666666666666,49.333333333333336,104.0,1,84,0
test,3,53560,86986,86986,125287,0,10,491,3.0,8,26,19,-700.6930051741633,19,-1286.0,378.0,1664.0,0.2271634615384615,1286.0,0.1578947368421052,-67.6842105263158,104.0,8,85,0
train,3,53560,86986,86986,125287,0,10,491,3.0,8,26,19,725.0489638638206,6,296.0,504.0,208.0,2.423076923076923,104.0,0.6666666666666666,49.333333333333336,104.0,1,85,0
test,3,53560,86986,86986,125287,0,10,491,3.0,8,26,19,-700.6930051741633,19,-1286.0,378.0,1664.0,0.2271634615384615,1286.0,0.1578947368421052,-67.6842105263158,104.0,8,86,0
train,3,53560,86986,86986,125287,0,10,491,3.0,8,26,19,725.0489638638206,6,296.0,504.0,208.0,2.423076923076923,104.0,0.6666666666666666,49.333333333333336,104.0,1,86,0
test,3,53560,86986,86986,125287,0,10,491,3.0,8,26,19,-700.6930051741633,19,-1286.0,378.0,1664.0,0.2271634615384615,1286.0,0.1578947368421052,-67.6842105263158,104.0,8,87,0
train,3,53560,86986,86986,125287,0,10,491,3.0,8,26,19,725.0489638638206,6,296.0,504.0,208.0,2.423076923076923,104.0,0.6666666666666666,49.333333333333336,104.0,1,87,0
test,3,53560,86986,86986,125287,0,10,491,3.0,8,26,19,-700.6930051741633,19,-1286.0,378.0,1664.0,0.2271634615384615,1286.0,0.1578947368421052,-67.6842105263158,104.0,8,88,0
train,3,53560,86986,86986,125287,0,10,491,3.0,8,26,19,725.0489638638206,6,296.0,504.0,208.0,2.423076923076923,104.0,0.6666666666666666,49.333333333333336,104.0,1,88,0
test,3,53560,86986,86986,125287,0,10,491,3.0,8,26,19,-700.6930051741633,19,-1286.0,378.0,1664.0,0.2271634615384615,1286.0,0.1578947368421052,-67.6842105263158,104.0,8,89,0
train,3,53560,86986,86986,125287,0,10,491,3.0,8,26,19,725.0489638638206,6,296.0,504.0,208.0,2.423076923076923,104.0,0.6666666666666666,49.333333333333336,104.0,1,89,0
test,3,53560,86986,86986,125287,0,10,491,3.0,8,26,19,-700.6930051741633,19,-1286.0,378.0,1664.0,0.2271634615384615,1286.0,0.1578947368421052,-67.6842105263158,104.0,8,90,0
train,3,53560,86986,86986,125287,0,10,491,3.0,8,26,19,725.0489638638206,6,296.0,504.0,208.0,2.423076923076923,104.0,0.6666666666666666,49.333333333333336,104.0,1,90,0
test,3,53560,86986,86986,125287,0,10,491,3.0,8,26,19,-700.6930051741633,19,-1286.0,378.0,1664.0,0.2271634615384615,1286.0,0.1578947368421052,-67.6842105263158,104.0,8,91,0
train,3,53560,86986,86986,125287,0,10,491,3.0,8,26,19,725.0489638638206,6,296.0,504.0,208.0,2.423076923076923,104.0,0.6666666666666666,49.333333333333336,104.0,1,91,0
test,3,53560,86986,86986,125287,0,10,491,3.0,8,26,19,-700.6930051741633,19,-1286.0,378.0,1664.0,0.2271634615384615,1286.0,0.1578947368421052,-67.6842105263158,104.0,8,92,0
train,3,53560,86986,86986,125287,0,10,491,3.0,8,26,19,725.0489638638206,6,296.0,504.0,208.0,2.423076923076923,104.0,0.6666666666666666,49.333333333333336,104.0,1,92,0
test,3,53560,86986,86986,125287,0,10,491,3.0,8,26,19,-700.6930051741633,19,-1286.0,378.0,1664.0,0.2271634615384615,1286.0,0.1578947368421052,-67.6842105263158,104.0,8,93,0
train,3,53560,86986,86986,125287,0,10,491,3.0,8,26,19,725.0489638638206,6,296.0,504.0,208.0,2.423076923076923,104.0,0.6666666666666666,49.333333333333336,104.0,1,93,0
test,3,53560,86986,86986,125287,0,10,491,3.0,8,26,19,-700.6930051741633,19,-1286.0,378.0,1664.0,0.2271634615384615,1286.0,0.1578947368421052,-67.6842105263158,104.0,8,94,0
train,3,53560,86986,86986,125287,0,10,491,3.0,8,26,19,725.0489638638206,6,296.0,504.0,208.0,2.423076923076923,104.0,0.6666666666666666,49.333333333333336,104.0,1,94,0
test,3,53560,86986,86986,125287,0,10,491,3.0,8,26,19,-700.6930051741633,19,-1286.0,378.0,1664.0,0.2271634615384615,1286.0,0.1578947368421052,-67.6842105263158,104.0,8,95,0
train,3,53560,86986,86986,125287,0,10,491,3.0,8,26,19,725.0489638638206,6,296.0,504.0,208.0,2.423076923076923,104.0,0.6666666666666666,49.333333333333336,104.0,1,95,0
test,3,53560,86986,86986,125287,0,10,491,3.0,8,26,19,-700.6930051741633,19,-1286.0,378.0,1664.0,0.2271634615384615,1286.0,0.1578947368421052,-67.6842105263158,104.0,8,96,0
train,3,53560,86986,86986,125287,0,10,491,3.0,8,26,19,725.0489638638206,6,296.0,504.0,208.0,2.423076923076923,104.0,0.6666666666666666,49.333333333333336,104.0,1,96,0
test,3,53560,86986,86986,125287,0,10,491,3.0,8,26,19,-700.6930051741633,19,-1286.0,378.0,1664.0,0.2271634615384615,1286.0,0.1578947368421052,-67.6842105263158,104.0,8,97,0
train,3,53560,86986,86986,125287,0,10,491,3.0,8,26,19,725.0489638638206,6,296.0,504.0,208.0,2.423076923076923,104.0,0.6666666666666666,49.333333333333336,104.0,1,97,0
test,3,53560,86986,86986,125287,0,10,491,3.0,8,26,19,-700.6930051741633,19,-1286.0,378.0,1664.0,0.2271634615384615,1286.0,0.1578947368421052,-67.6842105263158,104.0,8,98,0
train,3,53560,86986,86986,125287,0,10,491,3.0,8,26,19,725.0489638638206,6,296.0,504.0,208.0,2.423076923076923,104.0,0.6666666666666666,49.333333333333336,104.0,1,98,0
test,3,53560,86986,86986,125287,0,10,491,3.0,8,26,19,-700.6930051741633,19,-1286.0,378.0,1664.0,0.2271634615384615,1286.0,0.1578947368421052,-67.6842105263158,104.0,8,99,0
train,3,53560,86986,86986,125287,0,10,491,3.0,8,26,19,725.0489638638206,6,296.0,504.0,208.0,2.423076923076923,104.0,0.6666666666666666,49.333333333333336,104.0,1,99,0
test,3,53560,86986,86986,125287,0,10,491,3.0,8,26,19,-700.6930051741633,19,-1286.0,378.0,1664.0,0.2271634615384615,1286.0,0.1578947368421052,-67.6842105263158,104.0,8,100,0
train,3,53560,86986,86986,125287,0,10,491,3.0,8,26,19,725.0489638638206,6,296.0,504.0,208.0,2.423076923076923,104.0,0.6666666666666666,49.333333333333336,104.0,1,100,0
test,4,86986,125287,125287,130699,0,7,3247,7.0,4,17,3,-1000.0,1,-24.0,0.0,24.0,0.0,24.0,0.0,-24.0,24.0,1,0,0
train,4,86986,125287,125287,130699,0,7,3247,7.0,4,17,3,399.2668280736581,54,489.0,1377.0,888.0,1.5506756756756757,216.0,0.3148148148148148,9.055555555555555,24.0,9,0,0
test,4,86986,125287,125287,130699,0,7,3247,7.0,4,17,3,-1000.0,1,-24.0,0.0,24.0,0.0,24.0,0.0,-24.0,24.0,1,1,0
train,4,86986,125287,125287,130699,0,7,3247,7.0,4,17,3,399.2668280736581,54,489.0,1377.0,888.0,1.5506756756756757,216.0,0.3148148148148148,9.055555555555555,24.0,9,1,0
test,4,86986,125287,125287,130699,2,15,1480,9.75,5,10,4,-1000.0,0,0.0,0.0,0.0,inf,0.0,0.0,0.0,0.0,0,2,2
train,4,86986,125287,125287,130699,2,15,1480,9.75,5,10,4,404.4650788387052,8,143.0,230.0,87.0,2.6436781609195403,29.0,0.625,17.875,29.0,1,2,2
test,4,86986,125287,125287,130699,3,14,2437,4.75,6,10,2,-1000.0,0,0.0,0.0,0.0,inf,0.0,0.0,0.0,0.0,0,3,3
train,4,86986,125287,125287,130699,3,14,2437,4.75,6,10,2,815.8896984274284,11,246.0,322.0,76.0,4.2368421052631575,19.0,0.6363636363636364,22.363636363636363,19.0,1,3,3
test,4,86986,125287,125287,130699,3,14,2437,4.75,6,10,2,-1000.0,0,0.0,0.0,0.0,inf,0.0,0.0,0.0,0.0,0,4,3
train,4,86986,125287,125287,130699,3,14,2437,4.75,6,10,2,815.8896984274284,11,246.0,322.0,76.0,4.2368421052631575,19.0,0.6363636363636364,22.363636363636363,19.0,1,4,3
test,4,86986,125287,125287,130699,3,14,2437,4.75,6,10,2,-1000.0,0,0.0,0.0,0.0,inf,0.0,0.0,0.0,0.0,0,5,3
train,4,86986,125287,125287,130699,3,14,2437,4.75,6,10,2,815.8896984274284,11,246.0,322.0,76.0,4.2368421052631575,19.0,0.6363636363636364,22.363636363636363,19.0,1,5,3
test,4,86986,125287,125287,130699,3,14,2437,4.75,6,10,2,-1000.0,0,0.0,0.0,0.0,inf,0.0,0.0,0.0,0.0,0,6,3
train,4,86986,125287,125287,130699,3,14,2437,4.75,6,10,2,815.8896984274284,11,246.0,322.0,76.0,4.2368421052631575,19.0,0.6363636363636364,22.363636363636363,19.0,1,6,3
test,4,86986,125287,125287,130699,3,14,2437,4.75,6,10,2,-1000.0,0,0.0,0.0,0.0,inf,0.0,0.0,0.0,0.0,0,7,3
train,4,86986,125287,125287,130699,3,14,2437,4.75,6,10,2,815.8896984274284,11,246.0,322.0,76.0,4.2368421052631575,19.0,0.6363636363636364,22.363636363636363,19.0,1,7,3
test,4,86986,125287,125287,130699,3,14,2437,4.75,6,10,2,-1000.0,0,0.0,0.0,0.0,inf,0.0,0.0,0.0,0.0,0,8,3
train,4,86986,125287,125287,130699,3,14,2437,4.75,6,10,2,815.8896984274284,11,246.0,322.0,76.0,4.2368421052631575,19.0,0.6363636363636364,22.363636363636363,19.0,1,8,3
test,4,86986,125287,125287,130699,3,14,2437,4.75,6,10,2,-1000.0,0,0.0,0.0,0.0,inf,0.0,0.0,0.0,0.0,0,9,3
train,4,86986,125287,125287,130699,3,14,2437,4.75,6,10,2,815.8896984274284,11,246.0,322.0,76.0,4.2368421052631575,19.0,0.6363636363636364,22.363636363636363,19.0,1,9,3
test,4,86986,125287,125287,130699,3,14,2437,4.75,6,10,2,-1000.0,0,0.0,0.0,0.0,inf,0.0,0.0,0.0,0.0,0,10,3
train,4,86986,125287,125287,130699,3,14,2437,4.75,6,10,2,815.8896984274284,11,246.0,322.0,76.0,4.2368421052631575,19.0,0.6363636363636364,22.363636363636363,19.0,1,10,3
test,4,86986,125287,125287,130699,3,14,2437,4.75,6,10,2,-1000.0,0,0.0,0.0,0.0,inf,0.0,0.0,0.0,0.0,0,11,3
train,4,86986,125287,125287,130699,3,14,2437,4.75,6,10,2,815.8896984274284,11,246.0,322.0,76.0,4.2368421052631575,19.0,0.6363636363636364,22.363636363636363,19.0,1,11,3
test,4,86986,125287,125287,130699,3,14,2437,4.75,6,10,2,-1000.0,0,0.0,0.0,0.0,inf,0.0,0.0,0.0,0.0,0,12,3
train,4,86986,125287,125287,130699,3,14,2437,4.75,6,10,2,815.8896984274284,11,246.0,322.0,76.0,4.2368421052631575,19.0,0.6363636363636364,22.363636363636363,19.0,1,12,3
test,4,86986,125287,125287,130699,3,14,2437,4.75,6,10,2,-1000.0,0,0.0,0.0,0.0,inf,0.0,0.0,0.0,0.0,0,13,3
train,4,86986,125287,125287,130699,3,14,2437,4.75,6,10,2,815.8896984274284,11,246.0,322.0,76.0,4.2368421052631575,19.0,0.6363636363636364,22.363636363636363,19.0,1,13,3
test,4,86986,125287,125287,130699,3,14,2437,4.75,6,10,2,-1000.0,0,0.0,0.0,0.0,inf,0.0,0.0,0.0,0.0,0,14,3
train,4,86986,125287,125287,130699,3,14,2437,4.75,6,10,2,815.8896984274284,11,246.0,322.0,76.0,4.2368421052631575,19.0,0.6363636363636364,22.363636363636363,19.0,1,14,3
test,4,86986,125287,125287,130699,3,14,2437,4.75,6,10,2,-1000.0,0,0.0,0.0,0.0,inf,0.0,0.0,0.0,0.0,0,15,3
train,4,86986,125287,125287,130699,3,14,2437,4.75,6,10,2,815.8896984274284,11,246.0,322.0,76.0,4.2368421052631575,19.0,0.6363636363636364,22.363636363636363,19.0,1,15,3
test,4,86986,125287,125287,130699,3,14,2437,4.75,6,10,2,-1000.0,0,0.0,0.0,0.0,inf,0.0,0.0,0.0,0.0,0,16,3
train,4,86986,125287,125287,130699,3,14,2437,4.75,6,10,2,815.8896984274284,11,246.0,322.0,76.0,4.2368421052631575,19.0,0.6363636363636364,22.363636363636363,19.0,1,16,3
test,4,86986,125287,125287,130699,3,14,2437,4.75,6,10,2,-1000.0,0,0.0,0.0,0.0,inf,0.0,0.0,0.0,0.0,0,17,3
train,4,86986,125287,125287,130699,3,14,2437,4.75,6,10,2,815.8896984274284,11,246.0,322.0,76.0,4.2368421052631575,19.0,0.6363636363636364,22.363636363636363,19.0,1,17,3
test,4,86986,125287,125287,130699,3,14,2437,4.75,6,10,2,-1000.0,0,0.0,0.0,0.0,inf,0.0,0.0,0.0,0.0,0,18,3
train,4,86986,125287,125287,130699,3,14,2437,4.75,6,10,2,815.8896984274284,11,246.0,322.0,76.0,4.2368421052631575,19.0,0.6363636363636364,22.363636363636363,19.0,1,18,3
test,4,86986,125287,125287,130699,3,14,2437,4.75,6,10,2,-1000.0,0,0.0,0.0,0.0,inf,0.0,0.0,0.0,0.0,0,19,3
train,4,86986,125287,125287,130699,3,14,2437,4.75,6,10,2,815.8896984274284,11,246.0,322.0,76.0,4.2368421052631575,19.0,0.6363636363636364,22.363636363636363,19.0,1,19,3
test,4,86986,125287,125287,130699,3,14,2437,4.75,6,10,2,-1000.0,0,0.0,0.0,0.0,inf,0.0,0.0,0.0,0.0,0,20,3
train,4,86986,125287,125287,130699,3,14,2437,4.75,6,10,2,815.8896984274284,11,246.0,322.0,76.0,4.2368421052631575,19.0,0.6363636363636364,22.363636363636363,19.0,1,20,3
test,4,86986,125287,125287,130699,3,14,2437,4.75,6,10,2,-1000.0,0,0.0,0.0,0.0,inf,0.0,0.0,0.0,0.0,0,21,3
train,4,86986,125287,125287,130699,3,14,2437,4.75,6,10,2,815.8896984274284,11,246.0,322.0,76.0,4.2368421052631575,19.0,0.6363636363636364,22.363636363636363,19.0,1,21,3
test,4,86986,125287,125287,130699,3,14,2437,4.75,6,10,2,-1000.0,0,0.0,0.0,0.0,inf,0.0,0.0,0.0,0.0,0,22,3
train,4,86986,125287,125287,130699,3,14,2437,4.75,6,10,2,815.8896984274284,11,246.0,322.0,76.0,4.2368421052631575,19.0,0.6363636363636364,22.363636363636363,19.0,1,22,3
test,4,86986,125287,125287,130699,3,14,2437,4.75,6,10,2,-1000.0,0,0.0,0.0,0.0,inf,0.0,0.0,0.0,0.0,0,23,3
train,4,86986,125287,125287,130699,3,14,2437,4.75,6,10,2,815.8896984274284,11,246.0,322.0,76.0,4.2368421052631575,19.0,0.6363636363636364,22.363636363636363,19.0,1,23,3
test,4,86986,125287,125287,130699,3,14,2437,4.75,6,10,2,-1000.0,0,0.0,0.0,0.0,inf,0.0,0.0,0.0,0.0,0,24,3
train,4,86986,125287,125287,130699,3,14,2437,4.75,6,10,2,815.8896984274284,11,246.0,322.0,76.0,4.2368421052631575,19.0,0.6363636363636364,22.363636363636363,19.0,1,24,3
test,4,86986,125287,125287,130699,3,14,2437,4.75,6,10,2,-1000.0,0,0.0,0.0,0.0,inf,0.0,0.0,0.0,0.0,0,25,3
train,4,86986,125287,125287,130699,3,14,2437,4.75,6,10,2,815.8896984274284,11,246.0,322.0,76.0,4.2368421052631575,19.0,0.6363636363636364,22.363636363636363,19.0,1,25,3
test,4,86986,125287,125287,130699,3,14,2437,4.75,6,10,2,-1000.0,0,0.0,0.0,0.0,inf,0.0,0.0,0.0,0.0,0,26,3
train,4,86986,125287,125287,130699,3,14,2437,4.75,6,10,2,815.8896984274284,11,246.0,322.0,76.0,4.2368421052631575,19.0,0.6363636363636364,22.363636363636363,19.0,1,26,3
test,4,86986,125287,125287,130699,3,14,2437,4.75,6,10,2,-1000.0,0,0.0,0.0,0.0,inf,0.0,0.0,0.0,0.0,0,27,3
train,4,86986,125287,125287,130699,3,14,2437,4.75,6,10,2,815.8896984274284,11,246.0,322.0,76.0,4.2368421052631575,19.0,0.6363636363636364,22.363636363636363,19.0,1,27,3
test,4,86986,125287,125287,130699,3,14,2437,4.75,6,10,2,-1000.0,0,0.0,0.0,0.0,inf,0.0,0.0,0.0,0.0,0,28,3
train,4,86986,125287,125287,130699,3,14,2437,4.75,6,10,2,815.8896984274284,11,246.0,322.0,76.0,4.2368421052631575,19.0,0.6363636363636364,22.363636363636363,19.0,1,28,3
test,4,86986,125287,125287,130699,3,14,2437,4.75,6,10,2,-1000.0,0,0.0,0.0,0.0,inf,0.0,0.0,0.0,0.0,0,29,3
train,4,86986,125287,125287,130699,3,14,2437,4.75,6,10,2,815.8896984274284,11,246.0,322.0,76.0,4.2368421052631575,19.0,0.6363636363636364,22.363636363636363,19.0,1,29,3
test,4,86986,125287,125287,130699,3,14,2437,4.75,6,10,2,-1000.0,0,0.0,0.0,0.0,inf,0.0,0.0,0.0,0.0,0,30,3
train,4,86986,125287,125287,130699,3,14,2437,4.75,6,10,2,815.8896984274284,11,246.0,322.0,76.0,4.2368421052631575,19.0,0.6363636363636364,22.363636363636363,19.0,1,30,3
test,4,86986,125287,125287,130699,3,14,2437,4.75,6,10,2,-1000.0,0,0.0,0.0,0.0,inf,0.0,0.0,0.0,0.0,0,31,3
train,4,86986,125287,125287,130699,3,14,2437,4.75,6,10,2,815.8896984274284,11,246.0,322.0,76.0,4.2368421052631575,19.0,0.6363636363636364,22.363636363636363,19.0,1,31,3
test,4,86986,125287,125287,130699,3,14,2437,4.75,6,10,2,-1000.0,0,0.0,0.0,0.0,inf,0.0,0.0,0.0,0.0,0,32,3
train,4,86986,125287,125287,130699,3,14,2437,4.75,6,10,2,815.8896984274284,11,246.0,322.0,76.0,4.2368421052631575,19.0,0.6363636363636364,22.363636363636363,19.0,1,32,3
test,4,86986,125287,125287,130699,3,14,2437,4.75,6,10,2,-1000.0,0,0.0,0.0,0.0,inf,0.0,0.0,0.0,0.0,0,33,3
train,4,86986,125287,125287,130699,3,14,2437,4.75,6,10,2,815.8896984274284,11,246.0,322.0,76.0,4.2368421052631575,19.0,0.6363636363636364,22.363636363636363,19.0,1,33,3
test,4,86986,125287,125287,130699,3,14,2437,4.75,6,10,2,-1000.0,0,0.0,0.0,0.0,inf,0.0,0.0,0.0,0.0,0,34,3
train,4,86986,125287,125287,130699,3,14,2437,4.75,6,10,2,815.8896984274284,11,246.0,322.0,76.0,4.2368421052631575,19.0,0.6363636363636364,22.363636363636363,19.0,1,34,3
test,4,86986,125287,125287,130699,3,14,2437,4.75,6,10,2,-1000.0,0,0.0,0.0,0.0,inf,0.0,0.0,0.0,0.0,0,35,3
train,4,86986,125287,125287,130699,3,14,2437,4.75,6,10,2,815.8896984274284,11,246.0,322.0,76.0,4.2368421052631575,19.0,0.6363636363636364,22.363636363636363,19.0,1,35,3
test,4,86986,125287,125287,130699,3,14,2437,4.75,6,10,2,-1000.0,0,0.0,0.0,0.0,inf,0.0,0.0,0.0,0.0,0,36,3
train,4,86986,125287,125287,130699,3,14,2437,4.75,6,10,2,815.8896984274284,11,246.0,322.0,76.0,4.2368421052631575,19.0,0.6363636363636364,22.363636363636363,19.0,1,36,3
test,4,86986,125287,125287,130699,3,14,2437,4.75,6,10,2,-1000.0,0,0.0,0.0,0.0,inf,0.0,0.0,0.0,0.0,0,37,3
train,4,86986,125287,125287,130699,3,14,2437,4.75,6,10,2,815.8896984274284,11,246.0,322.0,76.0,4.2368421052631575,19.0,0.6363636363636364,22.363636363636363,19.0,1,37,3
test,4,86986,125287,125287,130699,3,14,2437,4.75,6,10,2,-1000.0,0,0.0,0.0,0.0,inf,0.0,0.0,0.0,0.0,0,38,3
train,4,86986,125287,125287,130699,3,14,2437,4.75,6,10,2,815.8896984274284,11,246.0,322.0,76.0,4.2368421052631575,19.0,0.6363636363636364,22.363636363636363,19.0,1,38,3
test,4,86986,125287,125287,130699,3,14,2437,4.75,6,10,2,-1000.0,0,0.0,0.0,0.0,inf,0.0,0.0,0.0,0.0,0,39,3
train,4,86986,125287,125287,130699,3,14,2437,4.75,6,10,2,815.8896984274284,11,246.0,322.0,76.0,4.2368421052631575,19.0,0.6363636363636364,22.363636363636363,19.0,1,39,3
test,4,86986,125287,125287,130699,3,14,2437,4.75,6,10,2,-1000.0,0,0.0,0.0,0.0,inf,0.0,0.0,0.0,0.0,0,40,3
train,4,86986,125287,125287,130699,3,14,2437,4.75,6,10,2,815.8896984274284,11,246.0,322.0,76.0,4.2368421052631575,19.0,0.6363636363636364,22.363636363636363,19.0,1,40,3
test,4,86986,125287,125287,130699,3,14,2437,4.75,6,10,2,-1000.0,0,0.0,0.0,0.0,inf,0.0,0.0,0.0,0.0,0,41,3
train,4,86986,125287,125287,130699,3,14,2437,4.75,6,10,2,815.8896984274284,11,246.0,322.0,76.0,4.2368421052631575,19.0,0.6363636363636364,22.363636363636363,19.0,1,41,3
test,4,86986,125287,125287,130699,3,14,2437,4.75,6,10,2,-1000.0,0,0.0,0.0,0.0,inf,0.0,0.0,0.0,0.0,0,42,3
train,4,86986,125287,125287,130699,3,14,2437,4.75,6,10,2,815.8896984274284,11,246.0,322.0,76.0,4.2368421052631575,19.0,0.6363636363636364,22.363636363636363,19.0,1,42,3
test,4,86986,125287,125287,130699,3,14,2437,4.75,6,10,2,-1000.0,0,0.0,0.0,0.0,inf,0.0,0.0,0.0,0.0,0,43,3
train,4,86986,125287,125287,130699,3,14,2437,4.75,6,10,2,815.8896984274284,11,246.0,322.0,76.0,4.2368421052631575,19.0,0.6363636363636364,22.363636363636363,19.0,1,43,3
test,4,86986,125287,125287,130699,3,14,2437,4.75,6,10,2,-1000.0,0,0.0,0.0,0.0,inf,0.0,0.0,0.0,0.0,0,44,3
train,4,86986,125287,125287,130699,3,14,2437,4.75,6,10,2,815.8896984274284,11,246.0,322.0,76.0,4.2368421052631575,19.0,0.6363636363636364,22.363636363636363,19.0,1,44,3
test,4,86986,125287,125287,130699,3,14,2437,4.75,6,10,2,-1000.0,0,0.0,0.0,0.0,inf,0.0,0.0,0.0,0.0,0,45,3
train,4,86986,125287,125287,130699,3,14,2437,4.75,6,10,2,815.8896984274284,11,246.0,322.0,76.0,4.2368421052631575,19.0,0.6363636363636364,22.363636363636363,19.0,1,45,3
test,4,86986,125287,125287,130699,3,14,2437,4.75,6,10,2,-1000.0,0,0.0,0.0,0.0,inf,0.0,0.0,0.0,0.0,0,46,3
train,4,86986,125287,125287,130699,3,14,2437,4.75,6,10,2,815.8896984274284,11,246.0,322.0,76.0,4.2368421052631575,19.0,0.6363636363636364,22.363636363636363,19.0,1,46,3
test,4,86986,125287,125287,130699,3,14,2437,4.75,6,10,2,-1000.0,0,0.0,0.0,0.0,inf,0.0,0.0,0.0,0.0,0,47,3
train,4,86986,125287,125287,130699,3,14,2437,4.75,6,10,2,815.8896984274284,11,246.0,322.0,76.0,4.2368421052631575,19.0,0.6363636363636364,22.363636363636363,19.0,1,47,3
test,4,86986,125287,125287,130699,3,14,2437,4.75,6,10,2,-1000.0,0,0.0,0.0,0.0,inf,0.0,0.0,0.0,0.0,0,48,3
train,4,86986,125287,125287,130699,3,14,2437,4.75,6,10,2,815.8896984274284,11,246.0,322.0,76.0,4.2368421052631575,19.0,0.6363636363636364,22.363636363636363,19.0,1,48,3
test,4,86986,125287,125287,130699,3,14,2437,4.75,6,10,2,-1000.0,0,0.0,0.0,0.0,inf,0.0,0.0,0.0,0.0,0,49,3
train,4,86986,125287,125287,130699,3,14,2437,4.75,6,10,2,815.8896984274284,11,246.0,322.0,76.0,4.2368421052631575,19.0,0.6363636363636364,22.363636363636363,19.0,1,49,3
test,4,86986,125287,125287,130699,3,14,2437,4.75,6,10,2,-1000.0,0,0.0,0.0,0.0,inf,0.0,0.0,0.0,0.0,0,50,3
train,4,86986,125287,125287,130699,3,14,2437,4.75,6,10,2,815.8896984274284,11,246.0,322.0,76.0,4.2368421052631575,19.0,0.6363636363636364,22.363636363636363,19.0,1,50,3
test,4,86986,125287,125287,130699,3,14,2437,4.75,6,10,2,-1000.0,0,0.0,0.0,0.0,inf,0.0,0.0,0.0,0.0,0,51,3
train,4,86986,125287,125287,130699,3,14,2437,4.75,6,10,2,815.8896984274284,11,246.0,322.0,76.0,4.2368421052631575,19.0,0.6363636363636364,22.363636363636363,19.0,1,51,3
test,4,86986,125287,125287,130699,3,14,2437,4.75,6,10,2,-1000.0,0,0.0,0.0,0.0,inf,0.0,0.0,0.0,0.0,0,52,3
train,4,86986,125287,125287,130699,3,14,2437,4.75,6,10,2,815.8896984274284,11,246.0,322.0,76.0,4.2368421052631575,19.0,0.6363636363636364,22.363636363636363,19.0,1,52,3
test,4,86986,125287,125287,130699,3,14,2437,4.75,6,10,2,-1000.0,0,0.0,0.0,0.0,inf,0.0,0.0,0.0,0.0,0,53,3
train,4,86986,125287,125287,130699,3,14,2437,4.75,6,10,2,815.8896984274284,11,246.0,322.0,76.0,4.2368421052631575,19.0,0.6363636363636364,22.363636363636363,19.0,1,53,3
test,4,86986,125287,125287,130699,3,14,2437,4.75,6,10,2,-1000.0,0,0.0,0.0,0.0,inf,0.0,0.0,0.0,0.0,0,54,3
train,4,86986,125287,125287,130699,3,14,2437,4.75,6,10,2,815.8896984274284,11,246.0,322.0,76.0,4.2368421052631575,19.0,0.6363636363636364,22.363636363636363,19.0,1,54,3
test,4,86986,125287,125287,130699,3,14,2437,4.75,6,10,2,-1000.0,0,0.0,0.0,0.0,inf,0.0,0.0,0.0,0.0,0,55,3
train,4,86986,125287,125287,130699,3,14,2437,4.75,6,10,2,815.8896984274284,11,246.0,322.0,76.0,4.2368421052631575,19.0,0.6363636363636364,22.363636363636363,19.0,1,55,3
test,4,86986,125287,125287,130699,3,14,2437,4.75,6,10,2,-1000.0,0,0.0,0.0,0.0,inf,0.0,0.0,0.0,0.0,0,56,3
train,4,86986,125287,125287,130699,3,14,2437,4.75,6,10,2,815.8896984274284,11,246.0,322.0,76.0,4.2368421052631575,19.0,0.6363636363636364,22.363636363636363,19.0,1,56,3
test,4,86986,125287,125287,130699,3,14,2437,4.75,6,10,2,-1000.0,0,0.0,0.0,0.0,inf,0.0,0.0,0.0,0.0,0,57,3
train,4,86986,125287,125287,130699,3,14,2437,4.75,6,10,2,815.8896984274284,11,246.0,322.0,76.0,4.2368421052631575,19.0,0.6363636363636364,22.363636363636363,19.0,1,57,3
test,4,86986,125287,125287,130699,3,14,2437,4.75,6,10,2,-1000.0,0,0.0,0.0,0.0,inf,0.0,0.0,0.0,0.0,0,58,3
train,4,86986,125287,125287,130699,3,14,2437,4.75,6,10,2,815.8896984274284,11,246.0,322.0,76.0,4.2368421052631575,19.0,0.6363636363636364,22.363636363636363,19.0,1,58,3
test,4,86986,125287,125287,130699,3,14,2437,4.75,6,10,2,-1000.0,0,0.0,0.0,0.0,inf,0.0,0.0,0.0,0.0,0,59,3
train,4,86986,125287,125287,130699,3,14,2437,4.75,6,10,2,815.8896984274284,11,246.0,322.0,76.0,4.2368421052631575,19.0,0.6363636363636364,22.363636363636363,19.0,1,59,3
test,4,86986,125287,125287,130699,3,14,2437,4.75,6,10,2,-1000.0,0,0.0,0.0,0.0,inf,0.0,0.0,0.0,0.0,0,60,3
train,4,86986,125287,125287,130699,3,14,2437,4.75,6,10,2,815.8896984274284,11,246.0,322.0,76.0,4.2368421052631575,19.0,0.6363636363636364,22.363636363636363,19.0,1,60,3
test,4,86986,125287,125287,130699,3,14,2437,4.75,6,10,2,-1000.0,0,0.0,0.0,0.0,inf,0.0,0.0,0.0,0.0,0,61,3
train,4,86986,125287,125287,130699,3,14,2437,4.75,6,10,2,815.8896984274284,11,246.0,322.0,76.0,4.2368421052631575,19.0,0.6363636363636364,22.363636363636363,19.0,1,61,3
test,4,86986,125287,125287,130699,3,14,2437,4.75,6,10,2,-1000.0,0,0.0,0.0,0.0,inf,0.0,0.0,0.0,0.0,0,62,3
train,4,86986,125287,125287,130699,3,14,2437,4.75,6,10,2,815.8896984274284,11,246.0,322.0,76.0,4.2368421052631575,19.0,0.6363636363636364,22.363636363636363,19.0,1,62,3
test,4,86986,125287,125287,130699,3,14,2437,4.75,6,10,2,-1000.0,0,0.0,0.0,0.0,inf,0.0,0.0,0.0,0.0,0,63,3
train,4,86986,125287,125287,130699,3,14,2437,4.75,6,10,2,815.8896984274284,11,246.0,322.0,76.0,4.2368421052631575,19.0,0.6363636363636364,22.363636363636363,19.0,1,63,3
test,4,86986,125287,125287,130699,3,14,2437,4.75,6,10,2,-1000.0,0,0.0,0.0,0.0,inf,0.0,0.0,0.0,0.0,0,64,3
train,4,86986,125287,125287,130699,3,14,2437,4.75,6,10,2,815.8896984274284,11,246.0,322.0,76.0,4.2368421052631575,19.0,0.6363636363636364,22.363636363636363,19.0,1,64,3
test,4,86986,125287,125287,130699,3,14,2437,4.75,6,10,2,-1000.0,0,0.0,0.0,0.0,inf,0.0,0.0,0.0,0.0,0,65,3
train,4,86986,125287,125287,130699,3,14,2437,4.75,6,10,2,815.8896984274284,11,246.0,322.0,76.0,4.2368421052631575,19.0,0.6363636363636364,22.363636363636363,19.0,1,65,3
test,4,86986,125287,125287,130699,3,14,2437,4.75,6,10,2,-1000.0,0,0.0,0.0,0.0,inf,0.0,0.0,0.0,0.0,0,66,3
train,4,86986,125287,125287,130699,3,14,2437,4.75,6,10,2,815.8896984274284,11,246.0,322.0,76.0,4.2368421052631575,19.0,0.6363636363636364,22.363636363636363,19.0,1,66,3
test,4,86986,125287,125287,130699,3,14,2437,4.75,6,10,2,-1000.0,0,0.0,0.0,0.0,inf,0.0,0.0,0.0,0.0,0,67,3
train,4,86986,125287,125287,130699,3,14,2437,4.75,6,10,2,815.8896984274284,11,246.0,322.0,76.0,4.2368421052631575,19.0,0.6363636363636364,22.363636363636363,19.0,1,67,3
test,4,86986,125287,125287,130699,3,14,2437,4.75,6,10,2,-1000.0,0,0.0,0.0,0.0,inf,0.0,0.0,0.0,0.0,0,68,3
train,4,86986,125287,125287,130699,3,14,2437,4.75,6,10,2,815.8896984274284,11,246.0,322.0,76.0,4.2368421052631575,19.0,0.6363636363636364,22.363636363636363,19.0,1,68,3
test,4,86986,125287,125287,130699,3,14,2437,4.75,6,10,2,-1000.0,0,0.0,0.0,0.0,inf,0.0,0.0,0.0,0.0,0,69,3
train,4,86986,125287,125287,130699,3,14,2437,4.75,6,10,2,815.8896984274284,11,246.0,322.0,76.0,4.2368421052631575,19.0,0.6363636363636364,22.363636363636363,19.0,1,69,3
test,4,86986,125287,125287,130699,3,14,2437,4.75,6,10,2,-1000.0,0,0.0,0.0,0.0,inf,0.0,0.0,0.0,0.0,0,70,3
train,4,86986,125287,125287,130699,3,14,2437,4.75,6,10,2,815.8896984274284,11,246.0,322.0,76.0,4.2368421052631575,19.0,0.6363636363636364,22.363636363636363,19.0,1,70,3
test,4,86986,125287,125287,130699,3,14,2437,4.75,6,10,2,-1000.0,0,0.0,0.0,0.0,inf,0.0,0.0,0.0,0.0,0,71,3
train,4,86986,125287,125287,130699,3,14,2437,4.75,6,10,2,815.8896984274284,11,246.0,322.0,76.0,4.2368421052631575,19.0,0.6363636363636364,22.363636363636363,19.0,1,71,3
test,4,86986,125287,125287,130699,3,14,2437,4.75,6,10,2,-1000.0,0,0.0,0.0,0.0,inf,0.0,0.0,0.0,0.0,0,72,3
train,4,86986,125287,125287,130699,3,14,2437,4.75,6,10,2,815.8896984274284,11,246.0,322.0,76.0,4.2368421052631575,19.0,0.6363636363636364,22.363636363636363,19.0,1,72,3
test,4,86986,125287,125287,130699,3,14,2437,4.75,6,10,2,-1000.0,0,0.0,0.0,0.0,inf,0.0,0.0,0.0,0.0,0,73,3
train,4,86986,125287,125287,130699,3,14,2437,4.75,6,10,2,815.8896984274284,11,246.0,322.0,76.0,4.2368421052631575,19.0,0.6363636363636364,22.363636363636363,19.0,1,73,3
test,4,86986,125287,125287,130699,3,14,2437,4.75,6,10,2,-1000.0,0,0.0,0.0,0.0,inf,0.0,0.0,0.0,0.0,0,74,3
train,4,86986,125287,125287,130699,3,14,2437,4.75,6,10,2,815.8896984274284,11,246.0,322.0,76.0,4.2368421052631575,19.0,0.6363636363636364,22.363636363636363,19.0,1,74,3
test,4,86986,125287,125287,130699,3,14,2437,4.75,6,10,2,-1000.0,0,0.0,0.0,0.0,inf,0.0,0.0,0.0,0.0,0,75,3
train,4,86986,125287,125287,130699,3,14,2437,4.75,6,10,2,815.8896984274284,11,246.0,322.0,76.0,4.2368421052631575,19.0,0.6363636363636364,22.363636363636363,19.0,1,75,3
test,4,86986,125287,125287,130699,3,14,2437,4.75,6,10,2,-1000.0,0,0.0,0.0,0.0,inf,0.0,0.0,0.0,0.0,0,76,3
train,4,86986,125287,125287,130699,3,14,2437,4.75,6,10,2,815.8896984274284,11,246.0,322.0,76.0,4.2368421052631575,19.0,0.6363636363636364,22.363636363636363,19.0,1,76,3
test,4,86986,125287,125287,130699,3,14,2437,4.75,6,10,2,-1000.0,0,0.0,0.0,0.0,inf,0.0,0.0,0.0,0.0,0,77,3
train,4,86986,125287,125287,130699,3,14,2437,4.75,6,10,2,815.8896984274284,11,246.0,322.0,76.0,4.2368421052631575,19.0,0.6363636363636364,22.363636363636363,19.0,1,77,3
test,4,86986,125287,125287,130699,3,14,2437,4.75,6,10,2,-1000.0,0,0.0,0.0,0.0,inf,0.0,0.0,0.0,0.0,0,78,3
train,4,86986,125287,125287,130699,3,14,2437,4.75,6,10,2,815.8896984274284,11,246.0,322.0,76.0,4.2368421052631575,19.0,0.6363636363636364,22.363636363636363,19.0,1,78,3
test,4,86986,125287,125287,130699,3,14,2437,4.75,6,10,2,-1000.0,0,0.0,0.0,0.0,inf,0.0,0.0,0.0,0.0,0,79,3
train,4,86986,125287,125287,130699,3,14,2437,4.75,6,10,2,815.8896984274284,11,246.0,322.0,76.0,4.2368421052631575,19.0,0.6363636363636364,22.363636363636363,19.0,1,79,3
test,4,86986,125287,125287,130699,3,14,2437,4.75,6,10,2,-1000.0,0,0.0,0.0,0.0,inf,0.0,0.0,0.0,0.0,0,80,3
train,4,86986,125287,125287,130699,3,14,2437,4.75,6,10,2,815.8896984274284,11,246.0,322.0,76.0,4.2368421052631575,19.0,0.6363636363636364,22.363636363636363,19.0,1,80,3
test,4,86986,125287,125287,130699,3,14,2437,4.75,6,10,2,-1000.0,0,0.0,0.0,0.0,inf,0.0,0.0,0.0,0.0,0,81,3
train,4,86986,125287,125287,130699,3,14,2437,4.75,6,10,2,815.8896984274284,11,246.0,322.0,76.0,4.2368421052631575,19.0,0.6363636363636364,22.363636363636363,19.0,1,81,3
test,4,86986,125287,125287,130699,3,14,2437,4.75,6,10,2,-1000.0,0,0.0,0.0,0.0,inf,0.0,0.0,0.0,0.0,0,82,3
train,4,86986,125287,125287,130699,3,14,2437,4.75,6,10,2,815.8896984274284,11,246.0,322.0,76.0,4.2368421052631575,19.0,0.6363636363636364,22.363636363636363,19.0,1,82,3
test,4,86986,125287,125287,130699,3,14,2437,4.75,6,10,2,-1000.0,0,0.0,0.0,0.0,inf,0.0,0.0,0.0,0.0,0,83,3
train,4,86986,125287,125287,130699,3,14,2437,4.75,6,10,2,815.8896984274284,11,246.0,322.0,76.0,4.2368421052631575,19.0,0.6363636363636364,22.363636363636363,19.0,1,83,3
test,4,86986,125287,125287,130699,3,14,2437,4.75,6,10,2,-1000.0,0,0.0,0.0,0.0,inf,0.0,0.0,0.0,0.0,0,84,3
train,4,86986,125287,125287,130699,3,14,2437,4.75,6,10,2,815.8896984274284,11,246.0,322.0,76.0,4.2368421052631575,19.0,0.6363636363636364,22.363636363636363,19.0,1,84,3
test,4,86986,125287,125287,130699,3,14,2437,4.75,6,10,2,-1000.0,0,0.0,0.0,0.0,inf,0.0,0.0,0.0,0.0,0,85,3
train,4,86986,125287,125287,130699,3,14,2437,4.75,6,10,2,815.8896984274284,11,246.0,322.0,76.0,4.2368421052631575,19.0,0.6363636363636364,22.363636363636363,19.0,1,85,3
test,4,86986,125287,125287,130699,3,14,2437,4.75,6,10,2,-1000.0,0,0.0,0.0,0.0,inf,0.0,0.0,0.0,0.0,0,86,3
train,4,86986,125287,125287,130699,3,14,2437,4.75,6,10,2,815.8896984274284,11,246.0,322.0,76.0,4.2368421052631575,19.0,0.6363636363636364,22.363636363636363,19.0,1,86,3
test,4,86986,125287,125287,130699,3,14,2437,4.75,6,10,2,-1000.0,0,0.0,0.0,0.0,inf,0.0,0.0,0.0,0.0,0,87,3
train,4,86986,125287,125287,130699,3,14,2437,4.75,6,10,2,815.8896984274284,11,246.0,322.0,76.0,4.2368421052631575,19.0,0.6363636363636364,22.363636363636363,19.0,1,87,3
test,4,86986,125287,125287,130699,3,14,2437,4.75,6,10,2,-1000.0,0,0.0,0.0,0.0,inf,0.0,0.0,0.0,0.0,0,88,3
train,4,86986,125287,125287,130699,3,14,2437,4.75,6,10,2,815.8896984274284,11,246.0,322.0,76.0,4.2368421052631575,19.0,0.6363636363636364,22.363636363636363,19.0,1,88,3
test,4,86986,125287,125287,130699,3,14,2437,4.75,6,10,2,-1000.0,0,0.0,0.0,0.0,inf,0.0,0.0,0.0,0.0,0,89,3
train,4,86986,125287,125287,130699,3,14,2437,4.75,6,10,2,815.8896984274284,11,246.0,322.0,76.0,4.2368421052631575,19.0,0.6363636363636364,22.363636363636363,19.0,1,89,3
test,4,86986,125287,125287,130699,3,14,2437,4.75,6,10,2,-1000.0,0,0.0,0.0,0.0,inf,0.0,0.0,0.0,0.0,0,90,3
train,4,86986,125287,125287,130699,3,14,2437,4.75,6,10,2,815.8896984274284,11,246.0,322.0,76.0,4.2368421052631575,19.0,0.6363636363636364,22.363636363636363,19.0,1,90,3
test,4,86986,125287,125287,130699,3,14,2437,4.75,6,10,2,-1000.0,0,0.0,0.0,0.0,inf,0.0,0.0,0.0,0.0,0,91,3
train,4,86986,125287,125287,130699,3,14,2437,4.75,6,10,2,815.8896984274284,11,246.0,322.0,76.0,4.2368421052631575,19.0,0.6363636363636364,22.363636363636363,19.0,1,91,3
test,4,86986,125287,125287,130699,3,14,2437,4.75,6,10,2,-1000.0,0,0.0,0.0,0.0,inf,0.0,0.0,0.0,0.0,0,92,3
train,4,86986,125287,125287,130699,3,14,2437,4.75,6,10,2,815.8896984274284,11,246.0,322.0,76.0,4.2368421052631575,19.0,0.6363636363636364,22.363636363636363,19.0,1,92,3
test,4,86986,125287,125287,130699,3,14,2437,4.75,6,10,2,-1000.0,0,0.0,0.0,0.0,inf,0.0,0.0,0.0,0.0,0,93,3
train,4,86986,125287,125287,130699,3,14,2437,4.75,6,10,2,815.8896984274284,11,246.0,322.0,76.0,4.2368421052631575,19.0,0.6363636363636364,22.363636363636363,19.0,1,93,3
test,4,86986,125287,125287,130699,3,14,2437,4.75,6,10,2,-1000.0,0,0.0,0.0,0.0,inf,0.0,0.0,0.0,0.0,0,94,3
train,4,86986,125287,125287,130699,3,14,2437,4.75,6,10,2,815.8896984274284,11,246.0,322.0,76.0,4.2368421052631575,19.0,0.6363636363636364,22.363636363636363,19.0,1,94,3
test,4,86986,125287,125287,130699,3,14,2437,4.75,6,10,2,-1000.0,0,0.0,0.0,0.0,inf,0.0,0.0,0.0,0.0,0,95,3
train,4,86986,125287,125287,130699,3,14,2437,4.75,6,10,2,815.8896984274284,11,246.0,322.0,76.0,4.2368421052631575,19.0,0.6363636363636364,22.363636363636363,19.0,1,95,3
test,4,86986,125287,125287,130699,3,14,2437,4.75,6,10,2,-1000.0,0,0.0,0.0,0.0,inf,0.0,0.0,0.0,0.0,0,96,3
train,4,86986,125287,125287,130699,3,14,2437,4.75,6,10,2,815.8896984274284,11,246.0,322.0,76.0,4.2368421052631575,19.0,0.6363636363636364,22.363636363636363,19.0,1,96,3
test,4,86986,125287,125287,130699,3,14,2437,4.75,6,10,2,-1000.0,0,0.0,0.0,0.0,inf,0.0,0.0,0.0,0.0,0,97,3
train,4,86986,125287,125287,130699,3,14,2437,4.75,6,10,2,815.8896984274284,11,246.0,322.0,76.0,4.2368421052631575,19.0,0.6363636363636364,22.363636363636363,19.0,1,97,3
test,4,86986,125287,125287,130699,3,14,2437,4.75,6,10,2,-1000.0,0,0.0,0.0,0.0,inf,0.0,0.0,0.0,0.0,0,98,3
train,4,86986,125287,125287,130699,3,14,2437,4.75,6,10,2,815.8896984274284,11,246.0,322.0,76.0,4.2368421052631575,19.0,0.6363636363636364,22.363636363636363,19.0,1,98,3
test,4,86986,125287,125287,130699,3,14,2437,4.75,6,10,2,-1000.0,0,0.0,0.0,0.0,inf,0.0,0.0,0.0,0.0,0,99,3
train,4,86986,125287,125287,130699,3,14,2437,4.75,6,10,2,815.8896984274284,11,246.0,322.0,76.0,4.2368421052631575,19.0,0.6363636363636364,22.363636363636363,19.0,1,99,3
test,4,86986,125287,125287,130699,3,14,2437,4.75,6,10,2,-1000.0,0,0.0,0.0,0.0,inf,0.0,0.0,0.0,0.0,0,100,3
train,4,86986,125287,125287,130699,3,14,2437,4.75,6,10,2,815.8896984274284,11,246.0,322.0,76.0,4.2368421052631575,19.0,0.6363636363636364,22.363636363636363,19.0,1,100,3
