dataset_type,window_id,train_start,train_end,test_start,test_end,generation,min_impulse_candles,max_duration_ms,diagonal_imbalance_ratio_threshold,min_imbalance_count,take_profit_ticks,stop_loss_ticks,fitness,number_of_trades,net_profit,gross_profit,gross_loss,profit_factor,max_drawdown,win_rate,expectancy,biggest_loss,longest_losing_streak
train,1,0,22406,22406,53560,0,5,1899,9.5,4,7,2,-15.75,9,-21.0,93.0,114.0,0.8157894736842105,83.0,0.3333333333333333,-2.3333333333333335,19.0,4
test,1,0,22406,22406,53560,0,5,1899,9.5,4,7,2,-54.86857023834318,24,-56.0,248.0,304.0,0.8157894736842105,123.0,0.3333333333333333,-2.3333333333333335,19.0,5
train,1,0,22406,22406,53560,1,6,3178,8.75,4,7,2,-7.462405778299649,11,-9.0,124.0,133.0,0.9323308270676691,83.0,0.36363636363636365,-0.8181818181818182,19.0,4
test,1,0,22406,22406,53560,1,6,3178,8.75,4,7,2,-135.52664764621835,29,-151.0,248.0,399.0,0.6215538847117794,163.0,0.27586206896551724,-5.206896551724138,19.0,6
train,1,0,22406,22406,53560,2,7,200,10.0,3,4,12,26.944387170614956,6,11.0,80.0,69.0,1.1594202898550725,69.0,0.8333333333333334,1.8333333333333333,69.0,1
test,1,0,22406,22406,53560,2,7,200,10.0,3,4,12,-193.7925580499818,5,-260.0,16.0,276.0,0.057971014492753624,260.0,0.2,-52.0,69.0,3
train,1,0,22406,22406,53560,3,7,200,10.0,3,4,2,31.843366656181313,6,26.0,64.0,38.0,1.6842105263157894,38.0,0.6666666666666666,4.333333333333333,19.0,2
test,1,0,22406,22406,53560,3,7,200,10.0,3,4,2,-44.7213595499958,5,-60.0,16.0,76.0,0.21052631578947367,60.0,0.2,-12.0,19.0,3
train,1,0,22406,22406,53560,4,7,200,8.0,3,4,2,59.69924622639719,11,36.0,112.0,76.0,1.4736842105263157,41.0,0.6363636363636364,3.272727272727273,19.0,2
test,1,0,22406,22406,53560,4,7,200,8.0,3,4,2,-38.141185089087095,11,-69.0,64.0,133.0,0.48120300751879697,117.0,0.36363636363636365,-6.2727272727272725,19.0,6
train,1,0,22406,22406,53560,5,6,200,7.25,4,25,3,64.55633198997602,7,122.0,242.0,120.0,2.0166666666666666,120.0,0.2857142857142857,17.428571428571427,24.0,5
test,1,0,22406,22406,53560,5,6,200,7.25,4,25,3,-50.17725525020719,13,-167.0,121.0,288.0,0.4201388888888889,288.0,0.07692307692307693,-12.846153846153847,24.0,12
train,1,0,22406,22406,53560,6,6,200,8.0,3,20,2,109.17728701520295,8,193.0,288.0,95.0,3.031578947368421,95.0,0.375,24.125,19.0,5
test,1,0,22406,22406,53560,6,6,200,8.0,3,20,2,-39.66106403010388,13,-132.0,96.0,228.0,0.42105263157894735,228.0,0.07692307692307693,-10.153846153846153,19.0,12
train,1,0,22406,22406,53560,7,7,669,6.0,4,3,2,145.4922678357857,12,42.0,99.0,57.0,1.736842105263158,19.0,0.75,3.5,19.0,1
test,1,0,22406,22406,53560,7,7,669,6.0,4,3,2,-224.0379432149831,33,-117.0,187.0,304.0,0.6151315789473685,161.0,0.5151515151515151,-3.5454545454545454,19.0,3
train,1,0,22406,22406,53560,8,7,669,6.5,4,3,2,145.4922678357857,12,42.0,99.0,57.0,1.736842105263158,19.0,0.75,3.5,19.0,1
test,1,0,22406,22406,53560,8,7,669,6.5,4,3,2,-211.11267726027256,33,-147.0,176.0,323.0,0.544891640866873,191.0,0.48484848484848486,-4.454545454545454,19.0,4
train,1,0,22406,22406,53560,9,6,200,8.0,3,21,2,117.66256838944153,8,208.0,303.0,95.0,3.1894736842105265,95.0,0.375,26.0,19.0,5
test,1,0,22406,22406,53560,9,6,200,8.0,3,21,2,-38.15875099866055,13,-127.0,101.0,228.0,0.44298245614035087,228.0,0.07692307692307693,-9.76923076923077,19.0,12
train,1,0,22406,22406,53560,10,7,218,6.5,4,3,2,145.4922678357857,12,42.0,99.0,57.0,1.736842105263158,19.0,0.75,3.5,19.0,1
test,1,0,22406,22406,53560,10,7,218,6.5,4,3,2,-49.19660105693843,11,-89.0,44.0,133.0,0.3308270676691729,122.0,0.36363636363636365,-8.090909090909092,19.0,6
train,1,0,22406,22406,53560,11,6,188,8.0,3,21,2,150.1463869029155,7,227.0,303.0,76.0,3.986842105263158,76.0,0.42857142857142855,32.42857142857143,19.0,4
test,1,0,22406,22406,53560,11,6,188,8.0,3,21,2,-34.01117949407977,12,-108.0,101.0,209.0,0.48325358851674644,209.0,0.08333333333333333,-9.0,19.0,11
train,1,0,22406,22406,53560,12,7,669,6.5,4,3,2,145.4922678357857,12,42.0,99.0,57.0,1.736842105263158,19.0,0.75,3.5,19.0,1
test,1,0,22406,22406,53560,12,7,669,6.5,4,3,2,-211.11267726027256,33,-147.0,176.0,323.0,0.544891640866873,191.0,0.48484848484848486,-4.454545454545454,19.0,4
train,1,0,22406,22406,53560,13,7,669,6.5,4,3,2,145.4922678357857,12,42.0,99.0,57.0,1.736842105263158,19.0,0.75,3.5,19.0,1
test,1,0,22406,22406,53560,13,7,669,6.5,4,3,2,-211.11267726027256,33,-147.0,176.0,323.0,0.544891640866873,191.0,0.48484848484848486,-4.454545454545454,19.0,4
train,1,0,22406,22406,53560,14,7,669,6.5,4,3,2,145.4922678357857,12,42.0,99.0,57.0,1.736842105263158,19.0,0.75,3.5,19.0,1
test,1,0,22406,22406,53560,14,7,669,6.5,4,3,2,-211.11267726027256,33,-147.0,176.0,323.0,0.544891640866873,191.0,0.48484848484848486,-4.454545454545454,19.0,4
train,1,0,22406,22406,53560,15,7,669,6.5,4,3,2,145.4922678357857,12,42.0,99.0,57.0,1.736842105263158,19.0,0.75,3.5,19.0,1
test,1,0,22406,22406,53560,15,7,669,6.5,4,3,2,-211.11267726027256,33,-147.0,176.0,323.0,0.544891640866873,191.0,0.48484848484848486,-4.454545454545454,19.0,4
train,1,0,22406,22406,53560,16,7,669,6.5,4,3,2,145.4922678357857,12,42.0,99.0,57.0,1.736842105263158,19.0,0.75,3.5,19.0,1
test,1,0,22406,22406,53560,16,7,669,6.5,4,3,2,-211.11267726027256,33,-147.0,176.0,323.0,0.544891640866873,191.0,0.48484848484848486,-4.454545454545454,19.0,4
train,1,0,22406,22406,53560,17,7,669,6.5,4,3,2,145.4922678357857,12,42.0,99.0,57.0,1.736842105263158,19.0,0.75,3.5,19.0,1
test,1,0,22406,22406,53560,17,7,669,6.5,4,3,2,-211.11267726027256,33,-147.0,176.0,323.0,0.544891640866873,191.0,0.48484848484848486,-4.454545454545454,19.0,4
train,1,0,22406,22406,53560,18,7,722,7.0,4,3,2,145.4922678357857,12,42.0,99.0,57.0,1.736842105263158,19.0,0.75,3.5,19.0,1
test,1,0,22406,22406,53560,18,7,722,7.0,4,3,2,-35.69313659514949,26,-14.0,176.0,190.0,0.9263157894736842,94.0,0.6153846153846154,-0.5384615384615384,19.0,2
train,1,0,22406,22406,53560,19,7,669,6.5,4,3,2,145.4922678357857,12,42.0,99.0,57.0,1.736842105263158,19.0,0.75,3.5,19.0,1
test,1,0,22406,22406,53560,19,7,669,6.5,4,3,2,-211.11267726027256,33,-147.0,176.0,323.0,0.544891640866873,191.0,0.48484848484848486,-4.454545454545454,19.0,4
train,1,0,22406,22406,53560,20,7,669,6.5,4,3,2,145.4922678357857,12,42.0,99.0,57.0,1.736842105263158,19.0,0.75,3.5,19.0,1
test,1,0,22406,22406,53560,20,7,669,6.5,4,3,2,-211.11267726027256,33,-147.0,176.0,323.0,0.544891640866873,191.0,0.48484848484848486,-4.454545454545454,19.0,4
train,1,0,22406,22406,53560,21,7,642,6.5,4,3,2,145.4922678357857,12,42.0,99.0,57.0,1.736842105263158,19.0,0.75,3.5,19.0,1
test,1,0,22406,22406,53560,21,7,642,6.5,4,3,2,-193.47981160834325,31,-139.0,165.0,304.0,0.5427631578947368,183.0,0.4838709677419355,-4.483870967741935,19.0,4
train,1,0,22406,22406,53560,22,7,642,6.5,4,3,2,145.4922678357857,12,42.0,99.0,57.0,1.736842105263158,19.0,0.75,3.5,19.0,1
test,1,0,22406,22406,53560,22,7,642,6.5,4,3,2,-193.47981160834325,31,-139.0,165.0,304.0,0.5427631578947368,183.0,0.4838709677419355,-4.483870967741935,19.0,4
train,1,0,22406,22406,53560,23,7,669,6.5,4,3,2,145.4922678357857,12,42.0,99.0,57.0,1.736842105263158,19.0,0.75,3.5,19.0,1
test,1,0,22406,22406,53560,23,7,669,6.5,4,3,2,-211.11267726027256,33,-147.0,176.0,323.0,0.544891640866873,191.0,0.48484848484848486,-4.454545454545454,19.0,4
train,1,0,22406,22406,53560,24,7,669,6.25,4,3,2,145.4922678357857,12,42.0,99.0,57.0,1.736842105263158,19.0,0.75,3.5,19.0,1
test,1,0,22406,22406,53560,24,7,669,6.25,4,3,2,-224.0379432149831,33,-117.0,187.0,304.0,0.6151315789473685,161.0,0.5151515151515151,-3.5454545454545454,19.0,3
train,1,0,22406,22406,53560,25,7,695,7.25,4,3,2,145.4922678357857,12,42.0,99.0,57.0,1.736842105263158,19.0,0.75,3.5,19.0,1
test,1,0,22406,22406,53560,25,7,695,7.25,4,3,2,-35.69313659514949,26,-14.0,176.0,190.0,0.9263157894736842,94.0,0.6153846153846154,-0.5384615384615384,19.0,2
train,1,0,22406,22406,53560,26,7,669,6.25,4,3,2,145.4922678357857,12,42.0,99.0,57.0,1.736842105263158,19.0,0.75,3.5,19.0,1
test,1,0,22406,22406,53560,26,7,669,6.25,4,3,2,-224.0379432149831,33,-117.0,187.0,304.0,0.6151315789473685,161.0,0.5151515151515151,-3.5454545454545454,19.0,3
train,1,0,22406,22406,53560,27,7,669,6.5,4,3,2,145.4922678357857,12,42.0,99.0,57.0,1.736842105263158,19.0,0.75,3.5,19.0,1
test,1,0,22406,22406,53560,27,7,669,6.5,4,3,2,-211.11267726027256,33,-147.0,176.0,323.0,0.544891640866873,191.0,0.48484848484848486,-4.454545454545454,19.0,4
train,1,0,22406,22406,53560,28,7,669,7.0,4,3,2,145.4922678357857,12,42.0,99.0,57.0,1.736842105263158,19.0,0.75,3.5,19.0,1
test,1,0,22406,22406,53560,28,7,669,7.0,4,3,2,-35.69313659514949,26,-14.0,176.0,190.0,0.9263157894736842,94.0,0.6153846153846154,-0.5384615384615384,19.0,2
train,1,0,22406,22406,53560,29,7,715,6.5,4,3,2,145.4922678357857,12,42.0,99.0,57.0,1.736842105263158,19.0,0.75,3.5,19.0,1
test,1,0,22406,22406,53560,29,7,715,6.5,4,3,2,-211.11267726027256,33,-147.0,176.0,323.0,0.544891640866873,191.0,0.48484848484848486,-4.454545454545454,19.0,4
train,1,0,22406,22406,53560,30,7,669,6.75,4,3,2,145.4922678357857,12,42.0,99.0,57.0,1.736842105263158,19.0,0.75,3.5,19.0,1
test,1,0,22406,22406,53560,30,7,669,6.75,4,3,2,-211.11267726027256,33,-147.0,176.0,323.0,0.544891640866873,191.0,0.48484848484848486,-4.454545454545454,19.0,4
train,1,0,22406,22406,53560,31,7,669,7.0,4,3,2,145.4922678357857,12,42.0,99.0,57.0,1.736842105263158,19.0,0.75,3.5,19.0,1
test,1,0,22406,22406,53560,31,7,669,7.0,4,3,2,-35.69313659514949,26,-14.0,176.0,190.0,0.9263157894736842,94.0,0.6153846153846154,-0.5384615384615384,19.0,2
train,1,0,22406,22406,53560,32,7,669,6.5,4,3,2,145.4922678357857,12,42.0,99.0,57.0,1.736842105263158,19.0,0.75,3.5,19.0,1
test,1,0,22406,22406,53560,32,7,669,6.5,4,3,2,-211.11267726027256,33,-147.0,176.0,323.0,0.544891640866873,191.0,0.48484848484848486,-4.454545454545454,19.0,4
train,1,0,22406,22406,53560,33,7,669,6.5,4,3,2,145.4922678357857,12,42.0,99.0,57.0,1.736842105263158,19.0,0.75,3.5,19.0,1
test,1,0,22406,22406,53560,33,7,669,6.5,4,3,2,-211.11267726027256,33,-147.0,176.0,323.0,0.544891640866873,191.0,0.48484848484848486,-4.454545454545454,19.0,4
train,1,0,22406,22406,53560,34,7,669,7.0,4,3,2,145.4922678357857,12,42.0,99.0,57.0,1.736842105263158,19.0,0.75,3.5,19.0,1
test,1,0,22406,22406,53560,34,7,669,7.0,4,3,2,-35.69313659514949,26,-14.0,176.0,190.0,0.9263157894736842,94.0,0.6153846153846154,-0.5384615384615384,19.0,2
train,1,0,22406,22406,53560,35,7,669,6.5,4,3,2,145.4922678357857,12,42.0,99.0,57.0,1.736842105263158,19.0,0.75,3.5,19.0,1
test,1,0,22406,22406,53560,35,7,669,6.5,4,3,2,-211.11267726027256,33,-147.0,176.0,323.0,0.544891640866873,191.0,0.48484848484848486,-4.454545454545454,19.0,4
train,1,0,22406,22406,53560,36,7,669,6.25,4,3,2,145.4922678357857,12,42.0,99.0,57.0,1.736842105263158,19.0,0.75,3.5,19.0,1
test,1,0,22406,22406,53560,36,7,669,6.25,4,3,2,-224.0379432149831,33,-117.0,187.0,304.0,0.6151315789473685,161.0,0.5151515151515151,-3.5454545454545454,19.0,3
train,1,0,22406,22406,53560,37,7,669,7.0,4,3,2,145.4922678357857,12,42.0,99.0,57.0,1.736842105263158,19.0,0.75,3.5,19.0,1
test,1,0,22406,22406,53560,37,7,669,7.0,4,3,2,-35.69313659514949,26,-14.0,176.0,190.0,0.9263157894736842,94.0,0.6153846153846154,-0.5384615384615384,19.0,2
train,1,0,22406,22406,53560,38,7,655,6.5,4,3,2,145.4922678357857,12,42.0,99.0,57.0,1.736842105263158,19.0,0.75,3.5,19.0,1
test,1,0,22406,22406,53560,38,7,655,6.5,4,3,2,-211.11267726027256,33,-147.0,176.0,323.0,0.544891640866873,191.0,0.48484848484848486,-4.454545454545454,19.0,4
train,1,0,22406,22406,53560,39,7,520,6.5,4,3,2,145.4922678357857,12,42.0,99.0,57.0,1.736842105263158,19.0,0.75,3.5,19.0,1
test,1,0,22406,22406,53560,39,7,520,6.5,4,3,2,-85.40857685267915,26,-134.0,132.0,266.0,0.49624060150375937,178.0,0.46153846153846156,-5.153846153846154,19.0,8
train,1,0,22406,22406,53560,40,7,669,7.0,4,3,2,145.4922678357857,12,42.0,99.0,57.0,1.736842105263158,19.0,0.75,3.5,19.0,1
test,1,0,22406,22406,53560,40,7,669,7.0,4,3,2,-35.69313659514949,26,-14.0,176.0,190.0,0.9263157894736842,94.0,0.6153846153846154,-0.5384615384615384,19.0,2
train,1,0,22406,22406,53560,41,7,715,6.5,4,3,2,145.4922678357857,12,42.0,99.0,57.0,1.736842105263158,19.0,0.75,3.5,19.0,1
test,1,0,22406,22406,53560,41,7,715,6.5,4,3,2,-211.11267726027256,33,-147.0,176.0,323.0,0.544891640866873,191.0,0.48484848484848486,-4.454545454545454,19.0,4
train,1,0,22406,22406,53560,42,7,520,6.5,4,3,2,145.4922678357857,12,42.0,99.0,57.0,1.736842105263158,19.0,0.75,3.5,19.0,1
test,1,0,22406,22406,53560,42,7,520,6.5,4,3,2,-85.40857685267915,26,-134.0,132.0,266.0,0.49624060150375937,178.0,0.46153846153846156,-5.153846153846154,19.0,8
train,1,0,22406,22406,53560,43,7,715,6.75,4,3,2,145.4922678357857,12,42.0,99.0,57.0,1.736842105263158,19.0,0.75,3.5,19.0,1
test,1,0,22406,22406,53560,43,7,715,6.75,4,3,2,-211.11267726027256,33,-147.0,176.0,323.0,0.544891640866873,191.0,0.48484848484848486,-4.454545454545454,19.0,4
train,1,0,22406,22406,53560,44,7,669,6.5,4,3,2,145.4922678357857,12,42.0,99.0,57.0,1.736842105263158,19.0,0.75,3.5,19.0,1
test,1,0,22406,22406,53560,44,7,669,6.5,4,3,2,-211.11267726027256,33,-147.0,176.0,323.0,0.544891640866873,191.0,0.48484848484848486,-4.454545454545454,19.0,4
train,1,0,22406,22406,53560,45,7,548,6.0,4,3,2,145.4922678357857,12,42.0,99.0,57.0,1.736842105263158,19.0,0.75,3.5,19.0,1
test,1,0,22406,22406,53560,45,7,548,6.0,4,3,2,-108.78032910411699,29,-101.0,165.0,266.0,0.6203007518796992,145.0,0.5172413793103449,-3.4827586206896552,19.0,5
train,1,0,22406,22406,53560,46,7,602,6.25,4,3,2,145.4922678357857,12,42.0,99.0,57.0,1.736842105263158,19.0,0.75,3.5,19.0,1
test,1,0,22406,22406,53560,46,7,602,6.25,4,3,2,-202.29543851615745,31,-109.0,176.0,285.0,0.6175438596491228,153.0,0.5161290322580645,-3.5161290322580645,19.0,3
train,1,0,22406,22406,53560,47,7,669,7.0,4,3,2,145.4922678357857,12,42.0,99.0,57.0,1.736842105263158,19.0,0.75,3.5,19.0,1
test,1,0,22406,22406,53560,47,7,669,7.0,4,3,2,-35.69313659514949,26,-14.0,176.0,190.0,0.9263157894736842,94.0,0.6153846153846154,-0.5384615384615384,19.0,2
train,1,0,22406,22406,53560,48,7,669,6.25,4,3,2,145.4922678357857,12,42.0,99.0,57.0,1.736842105263158,19.0,0.75,3.5,19.0,1
test,1,0,22406,22406,53560,48,7,669,6.25,4,3,2,-224.0379432149831,33,-117.0,187.0,304.0,0.6151315789473685,161.0,0.5151515151515151,-3.5454545454545454,19.0,3
train,1,0,22406,22406,53560,49,7,671,6.75,4,3,2,145.4922678357857,12,42.0,99.0,57.0,1.736842105263158,19.0,0.75,3.5,19.0,1
test,1,0,22406,22406,53560,49,7,671,6.75,4,3,2,-211.11267726027256,33,-147.0,176.0,323.0,0.544891640866873,191.0,0.48484848484848486,-4.454545454545454,19.0,4
train,1,0,22406,22406,53560,50,7,722,6.25,4,3,2,145.4922678357857,12,42.0,99.0,57.0,1.736842105263158,19.0,0.75,3.5,19.0,1
test,1,0,22406,22406,53560,50,7,722,6.25,4,3,2,-224.0379432149831,33,-117.0,187.0,304.0,0.6151315789473685,161.0,0.5151515151515151,-3.5454545454545454,19.0,3
train,1,0,22406,22406,53560,51,7,615,6.5,4,3,2,145.4922678357857,12,42.0,99.0,57.0,1.736842105263158,19.0,0.75,3.5,19.0,1
test,1,0,22406,22406,53560,51,7,615,6.5,4,3,2,-193.47981160834325,31,-139.0,165.0,304.0,0.5427631578947368,183.0,0.4838709677419355,-4.483870967741935,19.0,4
train,1,0,22406,22406,53560,52,7,669,7.0,4,3,2,145.4922678357857,12,42.0,99.0,57.0,1.736842105263158,19.0,0.75,3.5,19.0,1
test,1,0,22406,22406,53560,52,7,669,7.0,4,3,2,-35.69313659514949,26,-14.0,176.0,190.0,0.9263157894736842,94.0,0.6153846153846154,-0.5384615384615384,19.0,2
train,1,0,22406,22406,53560,53,7,655,6.5,4,3,2,145.4922678357857,12,42.0,99.0,57.0,1.736842105263158,19.0,0.75,3.5,19.0,1
test,1,0,22406,22406,53560,53,7,655,6.5,4,3,2,-211.11267726027256,33,-147.0,176.0,323.0,0.544891640866873,191.0,0.48484848484848486,-4.454545454545454,19.0,4
train,1,0,22406,22406,53560,54,7,615,6.5,4,3,2,145.4922678357857,12,42.0,99.0,57.0,1.736842105263158,19.0,0.75,3.5,19.0,1
test,1,0,22406,22406,53560,54,7,615,6.5,4,3,2,-193.47981160834325,31,-139.0,165.0,304.0,0.5427631578947368,183.0,0.4838709677419355,-4.483870967741935,19.0,4
train,1,0,22406,22406,53560,55,7,669,6.25,4,3,2,145.4922678357857,12,42.0,99.0,57.0,1.736842105263158,19.0,0.75,3.5,19.0,1
test,1,0,22406,22406,53560,55,7,669,6.25,4,3,2,-224.0379432149831,33,-117.0,187.0,304.0,0.6151315789473685,161.0,0.5151515151515151,-3.5454545454545454,19.0,3
train,1,0,22406,22406,53560,56,7,722,6.25,4,3,2,145.4922678357857,12,42.0,99.0,57.0,1.736842105263158,19.0,0.75,3.5,19.0,1
test,1,0,22406,22406,53560,56,7,722,6.25,4,3,2,-224.0379432149831,33,-117.0,187.0,304.0,0.6151315789473685,161.0,0.5151515151515151,-3.5454545454545454,19.0,3
train,1,0,22406,22406,53560,57,7,633,6.5,4,3,2,145.4922678357857,12,42.0,99.0,57.0,1.736842105263158,19.0,0.75,3.5,19.0,1
test,1,0,22406,22406,53560,57,7,633,6.5,4,3,2,-193.47981160834325,31,-139.0,165.0,304.0,0.5427631578947368,183.0,0.4838709677419355,-4.483870967741935,19.0,4
train,1,0,22406,22406,53560,58,7,664,6.5,4,3,2,145.4922678357857,12,42.0,99.0,57.0,1.736842105263158,19.0,0.75,3.5,19.0,1
test,1,0,22406,22406,53560,58,7,664,6.5,4,3,2,-211.11267726027256,33,-147.0,176.0,323.0,0.544891640866873,191.0,0.48484848484848486,-4.454545454545454,19.0,4
train,1,0,22406,22406,53560,59,7,615,6.25,4,3,2,145.4922678357857,12,42.0,99.0,57.0,1.736842105263158,19.0,0.75,3.5,19.0,1
test,1,0,22406,22406,53560,59,7,615,6.25,4,3,2,-202.29543851615745,31,-109.0,176.0,285.0,0.6175438596491228,153.0,0.5161290322580645,-3.5161290322580645,19.0,3
train,1,0,22406,22406,53560,60,7,615,6.5,4,3,2,145.4922678357857,12,42.0,99.0,57.0,1.736842105263158,19.0,0.75,3.5,19.0,1
test,1,0,22406,22406,53560,60,7,615,6.5,4,3,2,-193.47981160834325,31,-139.0,165.0,304.0,0.5427631578947368,183.0,0.4838709677419355,-4.483870967741935,19.0,4
train,1,0,22406,22406,53560,61,7,671,6.25,4,3,2,145.4922678357857,12,42.0,99.0,57.0,1.736842105263158,19.0,0.75,3.5,19.0,1
test,1,0,22406,22406,53560,61,7,671,6.25,4,3,2,-224.0379432149831,33,-117.0,187.0,304.0,0.6151315789473685,161.0,0.5151515151515151,-3.5454545454545454,19.0,3
train,1,0,22406,22406,53560,62,7,715,6.5,4,3,2,145.4922678357857,12,42.0,99.0,57.0,1.736842105263158,19.0,0.75,3.5,19.0,1
test,1,0,22406,22406,53560,62,7,715,6.5,4,3,2,-211.11267726027256,33,-147.0,176.0,323.0,0.544891640866873,191.0,0.48484848484848486,-4.454545454545454,19.0,4
train,1,0,22406,22406,53560,63,7,615,6.5,4,3,2,145.4922678357857,12,42.0,99.0,57.0,1.736842105263158,19.0,0.75,3.5,19.0,1
test,1,0,22406,22406,53560,63,7,615,6.5,4,3,2,-193.47981160834325,31,-139.0,165.0,304.0,0.5427631578947368,183.0,0.4838709677419355,-4.483870967741935,19.0,4
train,1,0,22406,22406,53560,64,7,715,6.5,4,3,2,145.4922678357857,12,42.0,99.0,57.0,1.736842105263158,19.0,0.75,3.5,19.0,1
test,1,0,22406,22406,53560,64,7,715,6.5,4,3,2,-211.11267726027256,33,-147.0,176.0,323.0,0.544891640866873,191.0,0.48484848484848486,-4.454545454545454,19.0,4
train,1,0,22406,22406,53560,65,7,615,6.25,4,3,2,145.4922678357857,12,42.0,99.0,57.0,1.736842105263158,19.0,0.75,3.5,19.0,1
test,1,0,22406,22406,53560,65,7,615,6.25,4,3,2,-202.29543851615745,31,-109.0,176.0,285.0,0.6175438596491228,153.0,0.5161290322580645,-3.5161290322580645,19.0,3
train,1,0,22406,22406,53560,66,7,519,6.5,4,3,2,145.4922678357857,12,42.0,99.0,57.0,1.736842105263158,19.0,0.75,3.5,19.0,1
test,1,0,22406,22406,53560,66,7,519,6.5,4,3,2,-85.40857685267915,26,-134.0,132.0,266.0,0.49624060150375937,178.0,0.46153846153846156,-5.153846153846154,19.0,8
train,1,0,22406,22406,53560,67,7,651,6.25,4,3,2,145.4922678357857,12,42.0,99.0,57.0,1.736842105263158,19.0,0.75,3.5,19.0,1
test,1,0,22406,22406,53560,67,7,651,6.25,4,3,2,-224.0379432149831,33,-117.0,187.0,304.0,0.6151315789473685,161.0,0.5151515151515151,-3.5454545454545454,19.0,3
train,1,0,22406,22406,53560,68,7,519,6.25,4,3,2,145.4922678357857,12,42.0,99.0,57.0,1.736842105263158,19.0,0.75,3.5,19.0,1
test,1,0,22406,22406,53560,68,7,519,6.25,4,3,2,-106.05960588272993,26,-104.0,143.0,247.0,0.5789473684210527,148.0,0.5,-4.0,19.0,5
train,1,0,22406,22406,53560,69,7,519,6.25,4,3,2,145.4922678357857,12,42.0,99.0,57.0,1.736842105263158,19.0,0.75,3.5,19.0,1
test,1,0,22406,22406,53560,69,7,519,6.25,4,3,2,-106.05960588272993,26,-104.0,143.0,247.0,0.5789473684210527,148.0,0.5,-4.0,19.0,5
train,1,0,22406,22406,53560,70,7,519,6.5,4,3,2,145.4922678357857,12,42.0,99.0,57.0,1.736842105263158,19.0,0.75,3.5,19.0,1
test,1,0,22406,22406,53560,70,7,519,6.5,4,3,2,-85.40857685267915,26,-134.0,132.0,266.0,0.49624060150375937,178.0,0.46153846153846156,-5.153846153846154,19.0,8
train,1,0,22406,22406,53560,71,7,519,6.5,4,3,2,145.4922678357857,12,42.0,99.0,57.0,1.736842105263158,19.0,0.75,3.5,19.0,1
test,1,0,22406,22406,53560,71,7,519,6.5,4,3,2,-85.40857685267915,26,-134.0,132.0,266.0,0.49624060150375937,178.0,0.46153846153846156,-5.153846153846154,19.0,8
train,1,0,22406,22406,53560,72,7,662,6.25,4,3,2,145.4922678357857,12,42.0,99.0,57.0,1.736842105263158,19.0,0.75,3.5,19.0,1
test,1,0,22406,22406,53560,72,7,662,6.25,4,3,2,-224.0379432149831,33,-117.0,187.0,304.0,0.6151315789473685,161.0,0.5151515151515151,-3.5454545454545454,19.0,3
train,1,0,22406,22406,53560,73,7,615,6.25,4,3,2,145.4922678357857,12,42.0,99.0,57.0,1.736842105263158,19.0,0.75,3.5,19.0,1
test,1,0,22406,22406,53560,73,7,615,6.25,4,3,2,-202.29543851615745,31,-109.0,176.0,285.0,0.6175438596491228,153.0,0.5161290322580645,-3.5161290322580645,19.0,3
train,1,0,22406,22406,53560,74,7,662,6.5,4,3,2,145.4922678357857,12,42.0,99.0,57.0,1.736842105263158,19.0,0.75,3.5,19.0,1
test,1,0,22406,22406,53560,74,7,662,6.5,4,3,2,-211.11267726027256,33,-147.0,176.0,323.0,0.544891640866873,191.0,0.48484848484848486,-4.454545454545454,19.0,4
train,1,0,22406,22406,53560,75,7,662,6.25,4,3,2,145.4922678357857,12,42.0,99.0,57.0,1.736842105263158,19.0,0.75,3.5,19.0,1
test,1,0,22406,22406,53560,75,7,662,6.25,4,3,2,-224.0379432149831,33,-117.0,187.0,304.0,0.6151315789473685,161.0,0.5151515151515151,-3.5454545454545454,19.0,3
train,1,0,22406,22406,53560,76,7,615,6.25,4,3,2,145.4922678357857,12,42.0,99.0,57.0,1.736842105263158,19.0,0.75,3.5,19.0,1
test,1,0,22406,22406,53560,76,7,615,6.25,4,3,2,-202.29543851615745,31,-109.0,176.0,285.0,0.6175438596491228,153.0,0.5161290322580645,-3.5161290322580645,19.0,3
train,1,0,22406,22406,53560,77,7,645,6.0,4,3,2,145.4922678357857,12,42.0,99.0,57.0,1.736842105263158,19.0,0.75,3.5,19.0,1
test,1,0,22406,22406,53560,77,7,645,6.0,4,3,2,-202.29543851615745,31,-109.0,176.0,285.0,0.6175438596491228,153.0,0.5161290322580645,-3.5161290322580645,19.0,3
train,1,0,22406,22406,53560,78,7,615,6.5,4,3,2,145.4922678357857,12,42.0,99.0,57.0,1.736842105263158,19.0,0.75,3.5,19.0,1
test,1,0,22406,22406,53560,78,7,615,6.5,4,3,2,-193.47981160834325,31,-139.0,165.0,304.0,0.5427631578947368,183.0,0.4838709677419355,-4.483870967741935,19.0,4
train,1,0,22406,22406,53560,79,7,615,6.5,4,3,2,145.4922678357857,12,42.0,99.0,57.0,1.736842105263158,19.0,0.75,3.5,19.0,1
test,1,0,22406,22406,53560,79,7,615,6.5,4,3,2,-193.47981160834325,31,-139.0,165.0,304.0,0.5427631578947368,183.0,0.4838709677419355,-4.483870967741935,19.0,4
train,1,0,22406,22406,53560,80,7,615,6.5,4,3,2,145.4922678357857,12,42.0,99.0,57.0,1.736842105263158,19.0,0.75,3.5,19.0,1
test,1,0,22406,22406,53560,80,7,615,6.5,4,3,2,-193.47981160834325,31,-139.0,165.0,304.0,0.5427631578947368,183.0,0.4838709677419355,-4.483870967741935,19.0,4
train,1,0,22406,22406,53560,81,7,615,7.0,4,3,2,145.4922678357857,12,42.0,99.0,57.0,1.736842105263158,19.0,0.75,3.5,19.0,1
test,1,0,22406,22406,53560,81,7,615,7.0,4,3,2,-14.696938456699067,24,-6.0,165.0,171.0,0.9649122807017544,86.0,0.625,-0.25,19.0,2
train,1,0,22406,22406,53560,82,7,615,6.25,4,3,2,145.4922678357857,12,42.0,99.0,57.0,1.736842105263158,19.0,0.75,3.5,19.0,1
test,1,0,22406,22406,53560,82,7,615,6.25,4,3,2,-202.29543851615745,31,-109.0,176.0,285.0,0.6175438596491228,153.0,0.5161290322580645,-3.5161290322580645,19.0,3
train,1,0,22406,22406,53560,83,7,615,6.5,4,3,2,145.4922678357857,12,42.0,99.0,57.0,1.736842105263158,19.0,0.75,3.5,19.0,1
test,1,0,22406,22406,53560,83,7,615,6.5,4,3,2,-193.47981160834325,31,-139.0,165.0,304.0,0.5427631578947368,183.0,0.4838709677419355,-4.483870967741935,19.0,4
train,1,0,22406,22406,53560,84,7,615,6.5,4,3,2,145.4922678357857,12,42.0,99.0,57.0,1.736842105263158,19.0,0.75,3.5,19.0,1
test,1,0,22406,22406,53560,84,7,615,6.5,4,3,2,-193.47981160834325,31,-139.0,165.0,304.0,0.5427631578947368,183.0,0.4838709677419355,-4.483870967741935,19.0,4
train,1,0,22406,22406,53560,85,7,582,6.5,4,3,2,145.4922678357857,12,42.0,99.0,57.0,1.736842105263158,19.0,0.75,3.5,19.0,1
test,1,0,22406,22406,53560,85,7,582,6.5,4,3,2,-193.47981160834325,31,-139.0,165.0,304.0,0.5427631578947368,183.0,0.4838709677419355,-4.483870967741935,19.0,4
train,1,0,22406,22406,53560,86,7,633,6.5,4,3,2,145.4922678357857,12,42.0,99.0,57.0,1.736842105263158,19.0,0.75,3.5,19.0,1
test,1,0,22406,22406,53560,86,7,633,6.5,4,3,2,-193.47981160834325,31,-139.0,165.0,304.0,0.5427631578947368,183.0,0.4838709677419355,-4.483870967741935,19.0,4
train,1,0,22406,22406,53560,87,7,615,6.75,4,3,2,145.4922678357857,12,42.0,99.0,57.0,1.736842105263158,19.0,0.75,3.5,19.0,1
test,1,0,22406,22406,53560,87,7,615,6.75,4,3,2,-193.47981160834325,31,-139.0,165.0,304.0,0.5427631578947368,183.0,0.4838709677419355,-4.483870967741935,19.0,4
train,1,0,22406,22406,53560,88,7,664,6.5,4,3,2,145.4922678357857,12,42.0,99.0,57.0,1.736842105263158,19.0,0.75,3.5,19.0,1
test,1,0,22406,22406,53560,88,7,664,6.5,4,3,2,-211.11267726027256,33,-147.0,176.0,323.0,0.544891640866873,191.0,0.48484848484848486,-4.454545454545454,19.0,4
train,1,0,22406,22406,53560,89,7,584,6.5,4,3,2,145.4922678357857,12,42.0,99.0,57.0,1.736842105263158,19.0,0.75,3.5,19.0,1
test,1,0,22406,22406,53560,89,7,584,6.5,4,3,2,-193.47981160834325,31,-139.0,165.0,304.0,0.5427631578947368,183.0,0.4838709677419355,-4.483870967741935,19.0,4
train,1,0,22406,22406,53560,90,7,582,6.5,4,3,2,145.4922678357857,12,42.0,99.0,57.0,1.736842105263158,19.0,0.75,3.5,19.0,1
test,1,0,22406,22406,53560,90,7,582,6.5,4,3,2,-193.47981160834325,31,-139.0,165.0,304.0,0.5427631578947368,183.0,0.4838709677419355,-4.483870967741935,19.0,4
train,1,0,22406,22406,53560,91,7,615,6.25,4,3,2,145.4922678357857,12,42.0,99.0,57.0,1.736842105263158,19.0,0.75,3.5,19.0,1
test,1,0,22406,22406,53560,91,7,615,6.25,4,3,2,-202.29543851615745,31,-109.0,176.0,285.0,0.6175438596491228,153.0,0.5161290322580645,-3.5161290322580645,19.0,3
train,1,0,22406,22406,53560,92,7,615,6.5,4,3,2,145.4922678357857,12,42.0,99.0,57.0,1.736842105263158,19.0,0.75,3.5,19.0,1
test,1,0,22406,22406,53560,92,7,615,6.5,4,3,2,-193.47981160834325,31,-139.0,165.0,304.0,0.5427631578947368,183.0,0.4838709677419355,-4.483870967741935,19.0,4
train,1,0,22406,22406,53560,93,7,643,6.75,4,3,2,145.4922678357857,12,42.0,99.0,57.0,1.736842105263158,19.0,0.75,3.5,19.0,1
test,1,0,22406,22406,53560,93,7,643,6.75,4,3,2,-193.47981160834325,31,-139.0,165.0,304.0,0.5427631578947368,183.0,0.4838709677419355,-4.483870967741935,19.0,4
train,1,0,22406,22406,53560,94,7,597,6.25,4,3,2,145.4922678357857,12,42.0,99.0,57.0,1.736842105263158,19.0,0.75,3.5,19.0,1
test,1,0,22406,22406,53560,94,7,597,6.25,4,3,2,-202.29543851615745,31,-109.0,176.0,285.0,0.6175438596491228,153.0,0.5161290322580645,-3.5161290322580645,19.0,3
train,1,0,22406,22406,53560,95,7,615,6.25,4,3,2,145.4922678357857,12,42.0,99.0,57.0,1.736842105263158,19.0,0.75,3.5,19.0,1
test,1,0,22406,22406,53560,95,7,615,6.25,4,3,2,-202.29543851615745,31,-109.0,176.0,285.0,0.6175438596491228,153.0,0.5161290322580645,-3.5161290322580645,19.0,3
train,1,0,22406,22406,53560,96,7,639,6.5,4,3,2,145.4922678357857,12,42.0,99.0,57.0,1.736842105263158,19.0,0.75,3.5,19.0,1
test,1,0,22406,22406,53560,96,7,639,6.5,4,3,2,-193.47981160834325,31,-139.0,165.0,304.0,0.5427631578947368,183.0,0.4838709677419355,-4.483870967741935,19.0,4
train,1,0,22406,22406,53560,97,7,639,6.0,4,3,2,145.4922678357857,12,42.0,99.0,57.0,1.736842105263158,19.0,0.75,3.5,19.0,1
test,1,0,22406,22406,53560,97,7,639,6.0,4,3,2,-202.29543851615745,31,-109.0,176.0,285.0,0.6175438596491228,153.0,0.5161290322580645,-3.5161290322580645,19.0,3
train,1,0,22406,22406,53560,98,7,643,6.25,4,3,2,145.4922678357857,12,42.0,99.0,57.0,1.736842105263158,19.0,0.75,3.5,19.0,1
test,1,0,22406,22406,53560,98,7,643,6.25,4,3,2,-202.29543851615745,31,-109.0,176.0,285.0,0.6175438596491228,153.0,0.5161290322580645,-3.5161290322580645,19.0,3
train,1,0,22406,22406,53560,99,7,639,6.5,4,3,2,145.4922678357857,12,42.0,99.0,57.0,1.736842105263158,19.0,0.75,3.5,19.0,1
test,1,0,22406,22406,53560,99,7,639,6.5,4,3,2,-193.47981160834325,31,-139.0,165.0,304.0,0.5427631578947368,183.0,0.4838709677419355,-4.483870967741935,19.0,4
train,1,0,22406,22406,53560,100,7,633,6.5,4,3,2,145.4922678357857,12,42.0,99.0,57.0,1.736842105263158,19.0,0.75,3.5,19.0,1
test,1,0,22406,22406,53560,100,7,633,6.5,4,3,2,-193.47981160834325,31,-139.0,165.0,304.0,0.5427631578947368,183.0,0.4838709677419355,-4.483870967741935,19.0,4
train,2,0,53560,53560,86986,0,11,3374,6.0,5,27,2,-12.6,9,-21.0,131.0,152.0,0.8618421052631579,95.0,0.1111111111111111,-2.3333333333333335,19.0,5
test,2,0,53560,53560,86986,0,11,3374,6.0,5,27,2,305.5959569249713,5,205.0,262.0,57.0,4.5964912280701755,57.0,0.4,41.0,19.0,3
train,2,0,53560,53560,86986,1,10,1597,3.25,10,28,2,44.7213595499958,5,60.0,136.0,76.0,1.7894736842105263,57.0,0.2,12.0,19.0,3
test,2,0,53560,53560,86986,1,10,1597,3.25,10,28,2,-1000.0,2,117.0,136.0,19.0,7.157894736842105,19.0,0.5,58.5,19.0,1
train,2,0,53560,53560,86986,2,11,499,6.0,6,27,2,61.49186938124422,5,55.0,131.0,76.0,1.7236842105263157,38.0,0.2,11.0,19.0,2
test,2,0,53560,53560,86986,2,11,499,6.0,6,27,2,-1000.0,3,93.0,131.0,38.0,3.4473684210526314,38.0,0.3333333333333333,31.0,19.0,2
train,2,0,53560,53560,86986,3,11,499,6.0,6,27,2,61.49186938124422,5,55.0,131.0,76.0,1.7236842105263157,38.0,0.2,11.0,19.0,2
test,2,0,53560,53560,86986,3,11,499,6.0,6,27,2,-1000.0,3,93.0,131.0,38.0,3.4473684210526314,38.0,0.3333333333333333,31.0,19.0,2
train,2,0,53560,53560,86986,4,11,499,6.5,6,6,3,137.17142559585795,6,56.0,104.0,48.0,2.1666666666666665,24.0,0.6666666666666666,9.333333333333334,24.0,1
test,2,0,53560,53560,86986,4,11,499,6.5,6,6,3,137.17142559585795,6,56.0,104.0,48.0,2.1666666666666665,48.0,0.6666666666666666,9.333333333333334,24.0,2
train,2,0,53560,53560,86986,5,9,508,8.0,4,5,2,207.0,9,69.0,126.0,57.0,2.210526315789474,19.0,0.6666666666666666,7.666666666666667,19.0,1
test,2,0,53560,53560,86986,5,9,508,8.0,4,5,2,-42.36522748670187,13,-47.0,105.0,152.0,0.6907894736842105,152.0,0.38461538461538464,-3.6153846153846154,19.0,8
train,2,0,53560,53560,86986,6,11,494,7.75,5,6,2,190.06577808748213,5,85.0,104.0,19.0,5.473684210526316,19.0,0.8,17.0,19.0,1
test,2,0,53560,53560,86986,6,11,494,7.75,5,6,2,161.66632302368973,6,66.0,104.0,38.0,2.736842105263158,38.0,0.6666666666666666,11.0,19.0,2
train,2,0,53560,53560,86986,7,11,499,7.25,6,6,2,190.06577808748213,5,85.0,104.0,19.0,5.473684210526316,19.0,0.8,17.0,19.0,1
test,2,0,53560,53560,86986,7,11,499,7.25,6,6,2,89.44271909999159,5,40.0,78.0,38.0,2.0526315789473686,38.0,0.6,8.0,19.0,2
train,2,0,53560,53560,86986,8,11,520,7.75,6,6,2,190.06577808748213,5,85.0,104.0,19.0,5.473684210526316,19.0,0.8,17.0,19.0,1
test,2,0,53560,53560,86986,8,11,520,7.75,6,6,2,89.44271909999159,5,40.0,78.0,38.0,2.0526315789473686,38.0,0.6,8.0,19.0,2
train,2,0,53560,53560,86986,9,11,520,3.25,4,6,3,216.95160750729644,7,82.0,130.0,48.0,2.7083333333333335,24.0,0.7142857142857143,11.714285714285714,24.0,1
test,2,0,53560,53560,86986,9,11,520,3.25,4,6,3,137.17142559585795,6,56.0,104.0,48.0,2.1666666666666665,48.0,0.6666666666666666,9.333333333333334,24.0,2
train,2,0,53560,53560,86986,10,11,520,3.25,4,6,2,243.40912061794234,7,92.0,130.0,38.0,3.4210526315789473,19.0,0.7142857142857143,13.142857142857142,19.0,1
test,2,0,53560,53560,86986,10,11,520,3.25,4,6,2,161.66632302368973,6,66.0,104.0,38.0,2.736842105263158,38.0,0.6666666666666666,11.0,19.0,2
train,2,0,53560,53560,86986,11,11,520,3.25,4,6,2,243.40912061794234,7,92.0,130.0,38.0,3.4210526315789473,19.0,0.7142857142857143,13.142857142857142,19.0,1
test,2,0,53560,53560,86986,11,11,520,3.25,4,6,2,161.66632302368973,6,66.0,104.0,38.0,2.736842105263158,38.0,0.6666666666666666,11.0,19.0,2
train,2,0,53560,53560,86986,12,11,520,3.25,4,6,2,243.40912061794234,7,92.0,130.0,38.0,3.4210526315789473,19.0,0.7142857142857143,13.142857142857142,19.0,1
test,2,0,53560,53560,86986,12,11,520,3.25,4,6,2,161.66632302368973,6,66.0,104.0,38.0,2.736842105263158,38.0,0.6666666666666666,11.0,19.0,2
train,2,0,53560,53560,86986,13,11,520,3.25,4,6,2,243.40912061794234,7,92.0,130.0,38.0,3.4210526315789473,19.0,0.7142857142857143,13.142857142857142,19.0,1
test,2,0,53560,53560,86986,13,11,520,3.25,4,6,2,161.66632302368973,6,66.0,104.0,38.0,2.736842105263158,38.0,0.6666666666666666,11.0,19.0,2
train,2,0,53560,53560,86986,14,11,520,3.25,4,6,2,243.40912061794234,7,92.0,130.0,38.0,3.4210526315789473,19.0,0.7142857142857143,13.142857142857142,19.0,1
test,2,0,53560,53560,86986,14,11,520,3.25,4,6,2,161.66632302368973,6,66.0,104.0,38.0,2.736842105263158,38.0,0.6666666666666666,11.0,19.0,2
train,2,0,53560,53560,86986,15,11,520,3.25,4,6,2,243.40912061794234,7,92.0,130.0,38.0,3.4210526315789473,19.0,0.7142857142857143,13.142857142857142,19.0,1
test,2,0,53560,53560,86986,15,11,520,3.25,4,6,2,161.66632302368973,6,66.0,104.0,38.0,2.736842105263158,38.0,0.6666666666666666,11.0,19.0,2
train,2,0,53560,53560,86986,16,11,520,3.25,4,6,2,243.40912061794234,7,92.0,130.0,38.0,3.4210526315789473,19.0,0.7142857142857143,13.142857142857142,19.0,1
test,2,0,53560,53560,86986,16,11,520,3.25,4,6,2,161.66632302368973,6,66.0,104.0,38.0,2.736842105263158,38.0,0.6666666666666666,11.0,19.0,2
train,2,0,53560,53560,86986,17,11,520,3.25,4,6,2,243.40912061794234,7,92.0,130.0,38.0,3.4210526315789473,19.0,0.7142857142857143,13.142857142857142,19.0,1
test,2,0,53560,53560,86986,17,11,520,3.25,4,6,2,161.66632302368973,6,66.0,104.0,38.0,2.736842105263158,38.0,0.6666666666666666,11.0,19.0,2
train,2,0,53560,53560,86986,18,11,520,3.25,4,6,2,243.40912061794234,7,92.0,130.0,38.0,3.4210526315789473,19.0,0.7142857142857143,13.142857142857142,19.0,1
test,2,0,53560,53560,86986,18,11,520,3.25,4,6,2,161.66632302368973,6,66.0,104.0,38.0,2.736842105263158,38.0,0.6666666666666666,11.0,19.0,2
train,2,0,53560,53560,86986,19,11,520,3.25,5,6,2,243.40912061794234,7,92.0,130.0,38.0,3.4210526315789473,19.0,0.7142857142857143,13.142857142857142,19.0,1
test,2,0,53560,53560,86986,19,11,520,3.25,5,6,2,161.66632302368973,6,66.0,104.0,38.0,2.736842105263158,38.0,0.6666666666666666,11.0,19.0,2
train,2,0,53560,53560,86986,20,11,520,3.25,5,6,2,243.40912061794234,7,92.0,130.0,38.0,3.4210526315789473,19.0,0.7142857142857143,13.142857142857142,19.0,1
test,2,0,53560,53560,86986,20,11,520,3.25,5,6,2,161.66632302368973,6,66.0,104.0,38.0,2.736842105263158,38.0,0.6666666666666666,11.0,19.0,2
train,2,0,53560,53560,86986,21,11,520,3.25,5,6,2,243.40912061794234,7,92.0,130.0,38.0,3.4210526315789473,19.0,0.7142857142857143,13.142857142857142,19.0,1
test,2,0,53560,53560,86986,21,11,520,3.25,5,6,2,161.66632302368973,6,66.0,104.0,38.0,2.736842105263158,38.0,0.6666666666666666,11.0,19.0,2
train,2,0,53560,53560,86986,22,11,520,3.25,5,6,2,243.40912061794234,7,92.0,130.0,38.0,3.4210526315789473,19.0,0.7142857142857143,13.142857142857142,19.0,1
test,2,0,53560,53560,86986,22,11,520,3.25,5,6,2,161.66632302368973,6,66.0,104.0,38.0,2.736842105263158,38.0,0.6666666666666666,11.0,19.0,2
train,2,0,53560,53560,86986,23,11,520,3.25,5,6,2,243.40912061794234,7,92.0,130.0,38.0,3.4210526315789473,19.0,0.7142857142857143,13.142857142857142,19.0,1
test,2,0,53560,53560,86986,23,11,520,3.25,5,6,2,161.66632302368973,6,66.0,104.0,38.0,2.736842105263158,38.0,0.6666666666666666,11.0,19.0,2
train,2,0,53560,53560,86986,24,11,520,3.25,5,6,2,243.40912061794234,7,92.0,130.0,38.0,3.4210526315789473,19.0,0.7142857142857143,13.142857142857142,19.0,1
test,2,0,53560,53560,86986,24,11,520,3.25,5,6,2,161.66632302368973,6,66.0,104.0,38.0,2.736842105263158,38.0,0.6666666666666666,11.0,19.0,2
train,2,0,53560,53560,86986,25,11,520,3.25,5,6,2,243.40912061794234,7,92.0,130.0,38.0,3.4210526315789473,19.0,0.7142857142857143,13.142857142857142,19.0,1
test,2,0,53560,53560,86986,25,11,520,3.25,5,6,2,161.66632302368973,6,66.0,104.0,38.0,2.736842105263158,38.0,0.6666666666666666,11.0,19.0,2
train,2,0,53560,53560,86986,26,11,520,3.25,5,6,2,243.40912061794234,7,92.0,130.0,38.0,3.4210526315789473,19.0,0.7142857142857143,13.142857142857142,19.0,1
test,2,0,53560,53560,86986,26,11,520,3.25,5,6,2,161.66632302368973,6,66.0,104.0,38.0,2.736842105263158,38.0,0.6666666666666666,11.0,19.0,2
train,2,0,53560,53560,86986,27,11,520,3.25,5,6,2,243.40912061794234,7,92.0,130.0,38.0,3.4210526315789473,19.0,0.7142857142857143,13.142857142857142,19.0,1
test,2,0,53560,53560,86986,27,11,520,3.25,5,6,2,161.66632302368973,6,66.0,104.0,38.0,2.736842105263158,38.0,0.6666666666666666,11.0,19.0,2
train,2,0,53560,53560,86986,28,11,520,3.25,4,6,2,243.40912061794234,7,92.0,130.0,38.0,3.4210526315789473,19.0,0.7142857142857143,13.142857142857142,19.0,1
test,2,0,53560,53560,86986,28,11,520,3.25,4,6,2,161.66632302368973,6,66.0,104.0,38.0,2.736842105263158,38.0,0.6666666666666666,11.0,19.0,2
train,2,0,53560,53560,86986,29,11,520,3.25,4,6,2,243.40912061794234,7,92.0,130.0,38.0,3.4210526315789473,19.0,0.7142857142857143,13.142857142857142,19.0,1
test,2,0,53560,53560,86986,29,11,520,3.25,4,6,2,161.66632302368973,6,66.0,104.0,38.0,2.736842105263158,38.0,0.6666666666666666,11.0,19.0,2
train,2,0,53560,53560,86986,30,11,520,3.5,4,6,2,243.40912061794234,7,92.0,130.0,38.0,3.4210526315789473,19.0,0.7142857142857143,13.142857142857142,19.0,1
test,2,0,53560,53560,86986,30,11,520,3.5,4,6,2,161.66632302368973,6,66.0,104.0,38.0,2.736842105263158,38.0,0.6666666666666666,11.0,19.0,2
train,2,0,53560,53560,86986,31,11,520,3.25,3,6,2,243.40912061794234,7,92.0,130.0,38.0,3.4210526315789473,19.0,0.7142857142857143,13.142857142857142,19.0,1
test,2,0,53560,53560,86986,31,11,520,3.25,3,6,2,161.66632302368973,6,66.0,104.0,38.0,2.736842105263158,38.0,0.6666666666666666,11.0,19.0,2
train,2,0,53560,53560,86986,32,11,530,3.0,5,6,2,243.40912061794234,7,92.0,130.0,38.0,3.4210526315789473,19.0,0.7142857142857143,13.142857142857142,19.0,1
test,2,0,53560,53560,86986,32,11,530,3.0,5,6,2,161.66632302368973,6,66.0,104.0,38.0,2.736842105263158,38.0,0.6666666666666666,11.0,19.0,2
train,2,0,53560,53560,86986,33,11,520,3.5,5,6,2,243.40912061794234,7,92.0,130.0,38.0,3.4210526315789473,19.0,0.7142857142857143,13.142857142857142,19.0,1
test,2,0,53560,53560,86986,33,11,520,3.5,5,6,2,161.66632302368973,6,66.0,104.0,38.0,2.736842105263158,38.0,0.6666666666666666,11.0,19.0,2
train,2,0,53560,53560,86986,34,11,520,3.0,4,6,2,243.40912061794234,7,92.0,130.0,38.0,3.4210526315789473,19.0,0.7142857142857143,13.142857142857142,19.0,1
test,2,0,53560,53560,86986,34,11,520,3.0,4,6,2,161.66632302368973,6,66.0,104.0,38.0,2.736842105263158,38.0,0.6666666666666666,11.0,19.0,2
train,2,0,53560,53560,86986,35,11,520,3.0,5,6,2,243.40912061794234,7,92.0,130.0,38.0,3.4210526315789473,19.0,0.7142857142857143,13.142857142857142,19.0,1
test,2,0,53560,53560,86986,35,11,520,3.0,5,6,2,161.66632302368973,6,66.0,104.0,38.0,2.736842105263158,38.0,0.6666666666666666,11.0,19.0,2
train,2,0,53560,53560,86986,36,11,525,3.25,5,6,2,243.40912061794234,7,92.0,130.0,38.0,3.4210526315789473,19.0,0.7142857142857143,13.142857142857142,19.0,1
test,2,0,53560,53560,86986,36,11,525,3.25,5,6,2,161.66632302368973,6,66.0,104.0,38.0,2.736842105263158,38.0,0.6666666666666666,11.0,19.0,2
train,2,0,53560,53560,86986,37,11,530,3.25,4,6,2,243.40912061794234,7,92.0,130.0,38.0,3.4210526315789473,19.0,0.7142857142857143,13.142857142857142,19.0,1
test,2,0,53560,53560,86986,37,11,530,3.25,4,6,2,161.66632302368973,6,66.0,104.0,38.0,2.736842105263158,38.0,0.6666666666666666,11.0,19.0,2
train,2,0,53560,53560,86986,38,11,520,3.25,4,6,2,243.40912061794234,7,92.0,130.0,38.0,3.4210526315789473,19.0,0.7142857142857143,13.142857142857142,19.0,1
test,2,0,53560,53560,86986,38,11,520,3.25,4,6,2,161.66632302368973,6,66.0,104.0,38.0,2.736842105263158,38.0,0.6666666666666666,11.0,19.0,2
train,2,0,53560,53560,86986,39,11,520,3.25,5,6,2,243.40912061794234,7,92.0,130.0,38.0,3.4210526315789473,19.0,0.7142857142857143,13.142857142857142,19.0,1
test,2,0,53560,53560,86986,39,11,520,3.25,5,6,2,161.66632302368973,6,66.0,104.0,38.0,2.736842105263158,38.0,0.6666666666666666,11.0,19.0,2
train,2,0,53560,53560,86986,40,11,520,3.25,5,6,2,243.40912061794234,7,92.0,130.0,38.0,3.4210526315789473,19.0,0.7142857142857143,13.142857142857142,19.0,1
test,2,0,53560,53560,86986,40,11,520,3.25,5,6,2,161.66632302368973,6,66.0,104.0,38.0,2.736842105263158,38.0,0.6666666666666666,11.0,19.0,2
train,2,0,53560,53560,86986,41,11,530,3.25,5,6,2,243.40912061794234,7,92.0,130.0,38.0,3.4210526315789473,19.0,0.7142857142857143,13.142857142857142,19.0,1
test,2,0,53560,53560,86986,41,11,530,3.25,5,6,2,161.66632302368973,6,66.0,104.0,38.0,2.736842105263158,38.0,0.6666666666666666,11.0,19.0,2
train,2,0,53560,53560,86986,42,11,520,3.0,5,6,2,243.40912061794234,7,92.0,130.0,38.0,3.4210526315789473,19.0,0.7142857142857143,13.142857142857142,19.0,1
test,2,0,53560,53560,86986,42,11,520,3.0,5,6,2,161.66632302368973,6,66.0,104.0,38.0,2.736842105263158,38.0,0.6666666666666666,11.0,19.0,2
train,2,0,53560,53560,86986,43,11,525,3.25,5,6,2,243.40912061794234,7,92.0,130.0,38.0,3.4210526315789473,19.0,0.7142857142857143,13.142857142857142,19.0,1
test,2,0,53560,53560,86986,43,11,525,3.25,5,6,2,161.66632302368973,6,66.0,104.0,38.0,2.736842105263158,38.0,0.6666666666666666,11.0,19.0,2
train,2,0,53560,53560,86986,44,11,520,3.25,5,6,2,243.40912061794234,7,92.0,130.0,38.0,3.4210526315789473,19.0,0.7142857142857143,13.142857142857142,19.0,1
test,2,0,53560,53560,86986,44,11,520,3.25,5,6,2,161.66632302368973,6,66.0,104.0,38.0,2.736842105263158,38.0,0.6666666666666666,11.0,19.0,2
train,2,0,53560,53560,86986,45,11,520,3.0,4,6,2,243.40912061794234,7,92.0,130.0,38.0,3.4210526315789473,19.0,0.7142857142857143,13.142857142857142,19.0,1
test,2,0,53560,53560,86986,45,11,520,3.0,4,6,2,161.66632302368973,6,66.0,104.0,38.0,2.736842105263158,38.0,0.6666666666666666,11.0,19.0,2
train,2,0,53560,53560,86986,46,11,520,3.0,4,6,2,243.40912061794234,7,92.0,130.0,38.0,3.4210526315789473,19.0,0.7142857142857143,13.142857142857142,19.0,1
test,2,0,53560,53560,86986,46,11,520,3.0,4,6,2,161.66632302368973,6,66.0,104.0,38.0,2.736842105263158,38.0,0.6666666666666666,11.0,19.0,2
train,2,0,53560,53560,86986,47,11,520,3.0,5,6,2,243.40912061794234,7,92.0,130.0,38.0,3.4210526315789473,19.0,0.7142857142857143,13.142857142857142,19.0,1
test,2,0,53560,53560,86986,47,11,520,3.0,5,6,2,161.66632302368973,6,66.0,104.0,38.0,2.736842105263158,38.0,0.6666666666666666,11.0,19.0,2
train,2,0,53560,53560,86986,48,11,520,3.0,5,6,2,243.40912061794234,7,92.0,130.0,38.0,3.4210526315789473,19.0,0.7142857142857143,13.142857142857142,19.0,1
test,2,0,53560,53560,86986,48,11,520,3.0,5,6,2,161.66632302368973,6,66.0,104.0,38.0,2.736842105263158,38.0,0.6666666666666666,11.0,19.0,2
train,2,0,53560,53560,86986,49,11,520,3.25,4,6,2,243.40912061794234,7,92.0,130.0,38.0,3.4210526315789473,19.0,0.7142857142857143,13.142857142857142,19.0,1
test,2,0,53560,53560,86986,49,11,520,3.25,4,6,2,161.66632302368973,6,66.0,104.0,38.0,2.736842105263158,38.0,0.6666666666666666,11.0,19.0,2
train,2,0,53560,53560,86986,50,11,520,3.0,4,6,2,243.40912061794234,7,92.0,130.0,38.0,3.4210526315789473,19.0,0.7142857142857143,13.142857142857142,19.0,1
test,2,0,53560,53560,86986,50,11,520,3.0,4,6,2,161.66632302368973,6,66.0,104.0,38.0,2.736842105263158,38.0,0.6666666666666666,11.0,19.0,2
train,2,0,53560,53560,86986,51,11,520,3.0,5,6,2,243.40912061794234,7,92.0,130.0,38.0,3.4210526315789473,19.0,0.7142857142857143,13.142857142857142,19.0,1
test,2,0,53560,53560,86986,51,11,520,3.0,5,6,2,161.66632302368973,6,66.0,104.0,38.0,2.736842105263158,38.0,0.6666666666666666,11.0,19.0,2
train,2,0,53560,53560,86986,52,11,520,3.0,4,6,2,243.40912061794234,7,92.0,130.0,38.0,3.4210526315789473,19.0,0.7142857142857143,13.142857142857142,19.0,1
test,2,0,53560,53560,86986,52,11,520,3.0,4,6,2,161.66632302368973,6,66.0,104.0,38.0,2.736842105263158,38.0,0.6666666666666666,11.0,19.0,2
train,2,0,53560,53560,86986,53,11,520,3.25,5,6,2,243.40912061794234,7,92.0,130.0,38.0,3.4210526315789473,19.0,0.7142857142857143,13.142857142857142,19.0,1
test,2,0,53560,53560,86986,53,11,520,3.25,5,6,2,161.66632302368973,6,66.0,104.0,38.0,2.736842105263158,38.0,0.6666666666666666,11.0,19.0,2
train,2,0,53560,53560,86986,54,11,520,3.25,4,6,2,243.40912061794234,7,92.0,130.0,38.0,3.4210526315789473,19.0,0.7142857142857143,13.142857142857142,19.0,1
test,2,0,53560,53560,86986,54,11,520,3.25,4,6,2,161.66632302368973,6,66.0,104.0,38.0,2.736842105263158,38.0,0.6666666666666666,11.0,19.0,2
train,2,0,53560,53560,86986,55,11,520,3.25,4,6,2,243.40912061794234,7,92.0,130.0,38.0,3.4210526315789473,19.0,0.7142857142857143,13.142857142857142,19.0,1
test,2,0,53560,53560,86986,55,11,520,3.25,4,6,2,161.66632302368973,6,66.0,104.0,38.0,2.736842105263158,38.0,0.6666666666666666,11.0,19.0,2
train,2,0,53560,53560,86986,56,11,520,3.0,4,6,2,243.40912061794234,7,92.0,130.0,38.0,3.4210526315789473,19.0,0.7142857142857143,13.142857142857142,19.0,1
test,2,0,53560,53560,86986,56,11,520,3.0,4,6,2,161.66632302368973,6,66.0,104.0,38.0,2.736842105263158,38.0,0.6666666666666666,11.0,19.0,2
train,2,0,53560,53560,86986,57,11,520,3.25,4,6,2,243.40912061794234,7,92.0,130.0,38.0,3.4210526315789473,19.0,0.7142857142857143,13.142857142857142,19.0,1
test,2,0,53560,53560,86986,57,11,520,3.25,4,6,2,161.66632302368973,6,66.0,104.0,38.0,2.736842105263158,38.0,0.6666666666666666,11.0,19.0,2
train,2,0,53560,53560,86986,58,11,520,3.25,4,6,2,243.40912061794234,7,92.0,130.0,38.0,3.4210526315789473,19.0,0.7142857142857143,13.142857142857142,19.0,1
test,2,0,53560,53560,86986,58,11,520,3.25,4,6,2,161.66632302368973,6,66.0,104.0,38.0,2.736842105263158,38.0,0.6666666666666666,11.0,19.0,2
train,2,0,53560,53560,86986,59,11,514,3.5,4,6,2,243.40912061794234,7,92.0,130.0,38.0,3.4210526315789473,19.0,0.7142857142857143,13.142857142857142,19.0,1
test,2,0,53560,53560,86986,59,11,514,3.5,4,6,2,161.66632302368973,6,66.0,104.0,38.0,2.736842105263158,38.0,0.6666666666666666,11.0,19.0,2
train,2,0,53560,53560,86986,60,11,520,3.25,5,6,2,243.40912061794234,7,92.0,130.0,38.0,3.4210526315789473,19.0,0.7142857142857143,13.142857142857142,19.0,1
test,2,0,53560,53560,86986,60,11,520,3.25,5,6,2,161.66632302368973,6,66.0,104.0,38.0,2.736842105263158,38.0,0.6666666666666666,11.0,19.0,2
train,2,0,53560,53560,86986,61,11,520,3.5,4,6,2,243.40912061794234,7,92.0,130.0,38.0,3.4210526315789473,19.0,0.7142857142857143,13.142857142857142,19.0,1
test,2,0,53560,53560,86986,61,11,520,3.5,4,6,2,161.66632302368973,6,66.0,104.0,38.0,2.736842105263158,38.0,0.6666666666666666,11.0,19.0,2
train,2,0,53560,53560,86986,62,11,520,3.25,5,6,2,243.40912061794234,7,92.0,130.0,38.0,3.4210526315789473,19.0,0.7142857142857143,13.142857142857142,19.0,1
test,2,0,53560,53560,86986,62,11,520,3.25,5,6,2,161.66632302368973,6,66.0,104.0,38.0,2.736842105263158,38.0,0.6666666666666666,11.0,19.0,2
train,2,0,53560,53560,86986,63,11,520,3.0,4,6,2,243.40912061794234,7,92.0,130.0,38.0,3.4210526315789473,19.0,0.7142857142857143,13.142857142857142,19.0,1
test,2,0,53560,53560,86986,63,11,520,3.0,4,6,2,161.66632302368973,6,66.0,104.0,38.0,2.736842105263158,38.0,0.6666666666666666,11.0,19.0,2
train,2,0,53560,53560,86986,64,11,520,3.0,3,6,2,243.40912061794234,7,92.0,130.0,38.0,3.4210526315789473,19.0,0.7142857142857143,13.142857142857142,19.0,1
test,2,0,53560,53560,86986,64,11,520,3.0,3,6,2,161.66632302368973,6,66.0,104.0,38.0,2.736842105263158,38.0,0.6666666666666666,11.0,19.0,2
train,2,0,53560,53560,86986,65,11,520,3.25,4,6,2,243.40912061794234,7,92.0,130.0,38.0,3.4210526315789473,19.0,0.7142857142857143,13.142857142857142,19.0,1
test,2,0,53560,53560,86986,65,11,520,3.25,4,6,2,161.66632302368973,6,66.0,104.0,38.0,2.736842105263158,38.0,0.6666666666666666,11.0,19.0,2
train,2,0,53560,53560,86986,66,11,514,3.5,4,6,2,243.40912061794234,7,92.0,130.0,38.0,3.4210526315789473,19.0,0.7142857142857143,13.142857142857142,19.0,1
test,2,0,53560,53560,86986,66,11,514,3.5,4,6,2,161.66632302368973,6,66.0,104.0,38.0,2.736842105263158,38.0,0.6666666666666666,11.0,19.0,2
train,2,0,53560,53560,86986,67,11,520,3.0,3,6,2,243.40912061794234,7,92.0,130.0,38.0,3.4210526315789473,19.0,0.7142857142857143,13.142857142857142,19.0,1
test,2,0,53560,53560,86986,67,11,520,3.0,3,6,2,161.66632302368973,6,66.0,104.0,38.0,2.736842105263158,38.0,0.6666666666666666,11.0,19.0,2
train,2,0,53560,53560,86986,68,11,520,3.25,5,6,2,243.40912061794234,7,92.0,130.0,38.0,3.4210526315789473,19.0,0.7142857142857143,13.142857142857142,19.0,1
test,2,0,53560,53560,86986,68,11,520,3.25,5,6,2,161.66632302368973,6,66.0,104.0,38.0,2.736842105263158,38.0,0.6666666666666666,11.0,19.0,2
train,2,0,53560,53560,86986,69,11,520,3.5,4,6,2,243.40912061794234,7,92.0,130.0,38.0,3.4210526315789473,19.0,0.7142857142857143,13.142857142857142,19.0,1
test,2,0,53560,53560,86986,69,11,520,3.5,4,6,2,161.66632302368973,6,66.0,104.0,38.0,2.736842105263158,38.0,0.6666666666666666,11.0,19.0,2
train,2,0,53560,53560,86986,70,11,520,3.25,5,6,2,243.40912061794234,7,92.0,130.0,38.0,3.4210526315789473,19.0,0.7142857142857143,13.142857142857142,19.0,1
test,2,0,53560,53560,86986,70,11,520,3.25,5,6,2,161.66632302368973,6,66.0,104.0,38.0,2.736842105263158,38.0,0.6666666666666666,11.0,19.0,2
train,2,0,53560,53560,86986,71,11,520,3.75,3,6,2,243.40912061794234,7,92.0,130.0,38.0,3.4210526315789473,19.0,0.7142857142857143,13.142857142857142,19.0,1
test,2,0,53560,53560,86986,71,11,520,3.75,3,6,2,161.66632302368973,6,66.0,104.0,38.0,2.736842105263158,38.0,0.6666666666666666,11.0,19.0,2
train,2,0,53560,53560,86986,72,11,520,3.0,4,6,2,243.40912061794234,7,92.0,130.0,38.0,3.4210526315789473,19.0,0.7142857142857143,13.142857142857142,19.0,1
test,2,0,53560,53560,86986,72,11,520,3.0,4,6,2,161.66632302368973,6,66.0,104.0,38.0,2.736842105263158,38.0,0.6666666666666666,11.0,19.0,2
train,2,0,53560,53560,86986,73,11,520,3.5,3,6,2,243.40912061794234,7,92.0,130.0,38.0,3.4210526315789473,19.0,0.7142857142857143,13.142857142857142,19.0,1
test,2,0,53560,53560,86986,73,11,520,3.5,3,6,2,161.66632302368973,6,66.0,104.0,38.0,2.736842105263158,38.0,0.6666666666666666,11.0,19.0,2
train,2,0,53560,53560,86986,74,11,520,3.0,5,6,2,243.40912061794234,7,92.0,130.0,38.0,3.4210526315789473,19.0,0.7142857142857143,13.142857142857142,19.0,1
test,2,0,53560,53560,86986,74,11,520,3.0,5,6,2,161.66632302368973,6,66.0,104.0,38.0,2.736842105263158,38.0,0.6666666666666666,11.0,19.0,2
train,2,0,53560,53560,86986,75,11,520,3.0,5,6,2,243.40912061794234,7,92.0,130.0,38.0,3.4210526315789473,19.0,0.7142857142857143,13.142857142857142,19.0,1
test,2,0,53560,53560,86986,75,11,520,3.0,5,6,2,161.66632302368973,6,66.0,104.0,38.0,2.736842105263158,38.0,0.6666666666666666,11.0,19.0,2
train,2,0,53560,53560,86986,76,11,520,3.5,3,6,2,243.40912061794234,7,92.0,130.0,38.0,3.4210526315789473,19.0,0.7142857142857143,13.142857142857142,19.0,1
test,2,0,53560,53560,86986,76,11,520,3.5,3,6,2,161.66632302368973,6,66.0,104.0,38.0,2.736842105263158,38.0,0.6666666666666666,11.0,19.0,2
train,2,0,53560,53560,86986,77,11,520,3.0,5,6,2,243.40912061794234,7,92.0,130.0,38.0,3.4210526315789473,19.0,0.7142857142857143,13.142857142857142,19.0,1
test,2,0,53560,53560,86986,77,11,520,3.0,5,6,2,161.66632302368973,6,66.0,104.0,38.0,2.736842105263158,38.0,0.6666666666666666,11.0,19.0,2
train,2,0,53560,53560,86986,78,11,520,3.0,4,6,2,243.40912061794234,7,92.0,130.0,38.0,3.4210526315789473,19.0,0.7142857142857143,13.142857142857142,19.0,1
test,2,0,53560,53560,86986,78,11,520,3.0,4,6,2,161.66632302368973,6,66.0,104.0,38.0,2.736842105263158,38.0,0.6666666666666666,11.0,19.0,2
train,2,0,53560,53560,86986,79,11,520,3.0,3,6,2,243.40912061794234,7,92.0,130.0,38.0,3.4210526315789473,19.0,0.7142857142857143,13.142857142857142,19.0,1
test,2,0,53560,53560,86986,79,11,520,3.0,3,6,2,161.66632302368973,6,66.0,104.0,38.0,2.736842105263158,38.0,0.6666666666666666,11.0,19.0,2
train,2,0,53560,53560,86986,80,11,520,3.5,3,6,2,243.40912061794234,7,92.0,130.0,38.0,3.4210526315789473,19.0,0.7142857142857143,13.142857142857142,19.0,1
test,2,0,53560,53560,86986,80,11,520,3.5,3,6,2,161.66632302368973,6,66.0,104.0,38.0,2.736842105263158,38.0,0.6666666666666666,11.0,19.0,2
train,2,0,53560,53560,86986,81,11,520,3.0,5,6,2,243.40912061794234,7,92.0,130.0,38.0,3.4210526315789473,19.0,0.7142857142857143,13.142857142857142,19.0,1
test,2,0,53560,53560,86986,81,11,520,3.0,5,6,2,161.66632302368973,6,66.0,104.0,38.0,2.736842105263158,38.0,0.6666666666666666,11.0,19.0,2
train,2,0,53560,53560,86986,82,11,520,3.0,4,6,2,243.40912061794234,7,92.0,130.0,38.0,3.4210526315789473,19.0,0.7142857142857143,13.142857142857142,19.0,1
test,2,0,53560,53560,86986,82,11,520,3.0,4,6,2,161.66632302368973,6,66.0,104.0,38.0,2.736842105263158,38.0,0.6666666666666666,11.0,19.0,2
train,2,0,53560,53560,86986,83,11,520,3.0,3,6,2,243.40912061794234,7,92.0,130.0,38.0,3.4210526315789473,19.0,0.7142857142857143,13.142857142857142,19.0,1
test,2,0,53560,53560,86986,83,11,520,3.0,3,6,2,161.66632302368973,6,66.0,104.0,38.0,2.736842105263158,38.0,0.6666666666666666,11.0,19.0,2
train,2,0,53560,53560,86986,84,11,520,3.25,4,6,2,243.40912061794234,7,92.0,130.0,38.0,3.4210526315789473,19.0,0.7142857142857143,13.142857142857142,19.0,1
test,2,0,53560,53560,86986,84,11,520,3.25,4,6,2,161.66632302368973,6,66.0,104.0,38.0,2.736842105263158,38.0,0.6666666666666666,11.0,19.0,2
train,2,0,53560,53560,86986,85,11,520,3.0,4,6,2,243.40912061794234,7,92.0,130.0,38.0,3.4210526315789473,19.0,0.7142857142857143,13.142857142857142,19.0,1
test,2,0,53560,53560,86986,85,11,520,3.0,4,6,2,161.66632302368973,6,66.0,104.0,38.0,2.736842105263158,38.0,0.6666666666666666,11.0,19.0,2
train,2,0,53560,53560,86986,86,11,520,3.25,5,6,2,243.40912061794234,7,92.0,130.0,38.0,3.4210526315789473,19.0,0.7142857142857143,13.142857142857142,19.0,1
test,2,0,53560,53560,86986,86,11,520,3.25,5,6,2,161.66632302368973,6,66.0,104.0,38.0,2.736842105263158,38.0,0.6666666666666666,11.0,19.0,2
train,2,0,53560,53560,86986,87,11,520,3.5,4,6,2,243.40912061794234,7,92.0,130.0,38.0,3.4210526315789473,19.0,0.7142857142857143,13.142857142857142,19.0,1
test,2,0,53560,53560,86986,87,11,520,3.5,4,6,2,161.66632302368973,6,66.0,104.0,38.0,2.736842105263158,38.0,0.6666666666666666,11.0,19.0,2
train,2,0,53560,53560,86986,88,11,520,3.75,5,6,2,243.40912061794234,7,92.0,130.0,38.0,3.4210526315789473,19.0,0.7142857142857143,13.142857142857142,19.0,1
test,2,0,53560,53560,86986,88,11,520,3.75,5,6,2,161.66632302368973,6,66.0,104.0,38.0,2.736842105263158,38.0,0.6666666666666666,11.0,19.0,2
train,2,0,53560,53560,86986,89,11,520,3.0,4,6,2,243.40912061794234,7,92.0,130.0,38.0,3.4210526315789473,19.0,0.7142857142857143,13.142857142857142,19.0,1
test,2,0,53560,53560,86986,89,11,520,3.0,4,6,2,161.66632302368973,6,66.0,104.0,38.0,2.736842105263158,38.0,0.6666666666666666,11.0,19.0,2
train,2,0,53560,53560,86986,90,11,520,3.0,4,6,2,243.40912061794234,7,92.0,130.0,38.0,3.4210526315789473,19.0,0.7142857142857143,13.142857142857142,19.0,1
test,2,0,53560,53560,86986,90,11,520,3.0,4,6,2,161.66632302368973,6,66.0,104.0,38.0,2.736842105263158,38.0,0.6666666666666666,11.0,19.0,2
train,2,0,53560,53560,86986,91,11,520,3.25,3,6,2,243.40912061794234,7,92.0,130.0,38.0,3.4210526315789473,19.0,0.7142857142857143,13.142857142857142,19.0,1
test,2,0,53560,53560,86986,91,11,520,3.25,3,6,2,161.66632302368973,6,66.0,104.0,38.0,2.736842105263158,38.0,0.6666666666666666,11.0,19.0,2
train,2,0,53560,53560,86986,92,11,520,3.0,4,6,2,243.40912061794234,7,92.0,130.0,38.0,3.4210526315789473,19.0,0.7142857142857143,13.142857142857142,19.0,1
test,2,0,53560,53560,86986,92,11,520,3.0,4,6,2,161.66632302368973,6,66.0,104.0,38.0,2.736842105263158,38.0,0.6666666666666666,11.0,19.0,2
train,2,0,53560,53560,86986,93,11,520,3.25,3,6,2,243.40912061794234,7,92.0,130.0,38.0,3.4210526315789473,19.0,0.7142857142857143,13.142857142857142,19.0,1
test,2,0,53560,53560,86986,93,11,520,3.25,3,6,2,161.66632302368973,6,66.0,104.0,38.0,2.736842105263158,38.0,0.6666666666666666,11.0,19.0,2
train,2,0,53560,53560,86986,94,11,514,3.0,5,6,2,243.40912061794234,7,92.0,130.0,38.0,3.4210526315789473,19.0,0.7142857142857143,13.142857142857142,19.0,1
test,2,0,53560,53560,86986,94,11,514,3.0,5,6,2,161.66632302368973,6,66.0,104.0,38.0,2.736842105263158,38.0,0.6666666666666666,11.0,19.0,2
train,2,0,53560,53560,86986,95,11,520,3.5,4,6,2,243.40912061794234,7,92.0,130.0,38.0,3.4210526315789473,19.0,0.7142857142857143,13.142857142857142,19.0,1
test,2,0,53560,53560,86986,95,11,520,3.5,4,6,2,161.66632302368973,6,66.0,104.0,38.0,2.736842105263158,38.0,0.6666666666666666,11.0,19.0,2
train,2,0,53560,53560,86986,96,11,530,3.25,3,6,2,243.40912061794234,7,92.0,130.0,38.0,3.4210526315789473,19.0,0.7142857142857143,13.142857142857142,19.0,1
test,2,0,53560,53560,86986,96,11,530,3.25,3,6,2,161.66632302368973,6,66.0,104.0,38.0,2.736842105263158,38.0,0.6666666666666666,11.0,19.0,2
train,2,0,53560,53560,86986,97,11,520,3.25,3,6,2,243.40912061794234,7,92.0,130.0,38.0,3.4210526315789473,19.0,0.7142857142857143,13.142857142857142,19.0,1
test,2,0,53560,53560,86986,97,11,520,3.25,3,6,2,161.66632302368973,6,66.0,104.0,38.0,2.736842105263158,38.0,0.6666666666666666,11.0,19.0,2
train,2,0,53560,53560,86986,98,11,520,3.25,5,6,2,243.40912061794234,7,92.0,130.0,38.0,3.4210526315789473,19.0,0.7142857142857143,13.142857142857142,19.0,1
test,2,0,53560,53560,86986,98,11,520,3.25,5,6,2,161.66632302368973,6,66.0,104.0,38.0,2.736842105263158,38.0,0.6666666666666666,11.0,19.0,2
train,2,0,53560,53560,86986,99,11,520,3.0,3,6,2,243.40912061794234,7,92.0,130.0,38.0,3.4210526315789473,19.0,0.7142857142857143,13.142857142857142,19.0,1
test,2,0,53560,53560,86986,99,11,520,3.0,3,6,2,161.66632302368973,6,66.0,104.0,38.0,2.736842105263158,38.0,0.6666666666666666,11.0,19.0,2
train,2,0,53560,53560,86986,100,11,520,3.25,3,6,2,243.40912061794234,7,92.0,130.0,38.0,3.4210526315789473,19.0,0.7142857142857143,13.142857142857142,19.0,1
test,2,0,53560,53560,86986,100,11,520,3.25,3,6,2,161.66632302368973,6,66.0,104.0,38.0,2.736842105263158,38.0,0.6666666666666666,11.0,19.0,2
train,3,0,86986,86986,125287,0,13,851,4.0,11,14,2,357.77087639996637,5,160.0,198.0,38.0,5.2105263157894735,19.0,0.6,32.0,19.0,1
test,3,0,86986,86986,125287,0,13,851,4.0,11,14,2,-22.360679774997898,5,-10.0,66.0,76.0,0.868421052631579,57.0,0.2,-2.0,19.0,3
train,3,0,86986,86986,125287,1,13,1517,3.0,8,22,7,455.6050921576711,6,186.0,318.0,132.0,2.409090909090909,44.0,0.5,31.0,44.0,1
test,3,0,86986,86986,125287,1,13,1517,3.0,8,22,7,149.64918977395098,12,72.0,424.0,352.0,1.2045454545454546,220.0,0.3333333333333333,6.0,44.0,5
train,3,0,86986,86986,125287,2,13,851,8.75,5,12,2,441.84046894778663,7,167.0,224.0,57.0,3.9298245614035086,19.0,0.5714285714285714,23.857142857142858,19.0,1
test,3,0,86986,86986,125287,2,13,851,8.75,5,12,2,206.4751801064719,8,73.0,168.0,95.0,1.768421052631579,57.0,0.375,9.125,19.0,3
train,3,0,86986,86986,125287,3,13,851,4.0,7,12,2,441.84046894778663,7,167.0,224.0,57.0,3.9298245614035086,19.0,0.5714285714285714,23.857142857142858,19.0,1
test,3,0,86986,86986,125287,3,13,851,4.0,7,12,2,226.35964194175602,11,91.0,224.0,133.0,1.6842105263157894,76.0,0.36363636363636365,8.272727272727273,19.0,4
train,3,0,86986,86986,125287,4,13,833,4.0,6,21,2,602.5744767246617,6,246.0,303.0,57.0,5.315789473684211,19.0,0.5,41.0,19.0,1
test,3,0,86986,86986,125287,4,13,833,4.0,6,21,2,79.05694150420949,10,50.0,202.0,152.0,1.3289473684210527,114.0,0.2,5.0,19.0,6
train,3,0,86986,86986,125287,5,13,833,4.0,6,21,2,602.5744767246617,6,246.0,303.0,57.0,5.315789473684211,19.0,0.5,41.0,19.0,1
test,3,0,86986,86986,125287,5,13,833,4.0,6,21,2,79.05694150420949,10,50.0,202.0,152.0,1.3289473684210527,114.0,0.2,5.0,19.0,6
train,3,0,86986,86986,125287,6,13,833,4.0,6,21,2,602.5744767246617,6,246.0,303.0,57.0,5.315789473684211,19.0,0.5,41.0,19.0,1
test,3,0,86986,86986,125287,6,13,833,4.0,6,21,2,79.05694150420949,10,50.0,202.0,152.0,1.3289473684210527,114.0,0.2,5.0,19.0,6
train,3,0,86986,86986,125287,7,13,851,4.0,4,21,2,602.5744767246617,6,246.0,303.0,57.0,5.315789473684211,19.0,0.5,41.0,19.0,1
test,3,0,86986,86986,125287,7,13,851,4.0,4,21,2,79.05694150420949,10,50.0,202.0,152.0,1.3289473684210527,114.0,0.2,5.0,19.0,6
train,3,0,86986,86986,125287,8,13,885,4.0,4,21,2,602.5744767246617,6,246.0,303.0,57.0,5.315789473684211,19.0,0.5,41.0,19.0,1
test,3,0,86986,86986,125287,8,13,885,4.0,4,21,2,79.05694150420949,10,50.0,202.0,152.0,1.3289473684210527,114.0,0.2,5.0,19.0,6
train,3,0,86986,86986,125287,9,13,885,4.0,4,23,2,659.640053362438,5,295.0,333.0,38.0,8.763157894736842,19.0,0.6,59.0,19.0,1
test,3,0,86986,86986,125287,9,13,885,4.0,4,23,2,110.67971810589327,10,70.0,222.0,152.0,1.4605263157894737,114.0,0.2,7.0,19.0,6
train,3,0,86986,86986,125287,10,13,823,4.0,8,23,2,659.640053362438,5,295.0,333.0,38.0,8.763157894736842,19.0,0.6,59.0,19.0,1
test,3,0,86986,86986,125287,10,13,823,4.0,8,23,2,229.10259710444143,8,108.0,222.0,114.0,1.9473684210526316,76.0,0.25,13.5,19.0,4
train,3,0,86986,86986,125287,11,13,851,4.0,7,23,2,659.640053362438,5,295.0,333.0,38.0,8.763157894736842,19.0,0.6,59.0,19.0,1
test,3,0,86986,86986,125287,11,13,851,4.0,7,23,2,160.2,9,89.0,222.0,133.0,1.669172932330827,95.0,0.2222222222222222,9.88888888888889,19.0,5
train,3,0,86986,86986,125287,12,13,851,4.25,6,23,2,659.640053362438,5,295.0,333.0,38.0,8.763157894736842,19.0,0.6,59.0,19.0,1
test,3,0,86986,86986,125287,12,13,851,4.25,6,23,2,110.67971810589327,10,70.0,222.0,152.0,1.4605263157894737,114.0,0.2,7.0,19.0,6
train,3,0,86986,86986,125287,13,13,874,4.0,8,23,2,659.640053362438,5,295.0,333.0,38.0,8.763157894736842,19.0,0.6,59.0,19.0,1
test,3,0,86986,86986,125287,13,13,874,4.0,8,23,2,229.10259710444143,8,108.0,222.0,114.0,1.9473684210526316,76.0,0.25,13.5,19.0,4
train,3,0,86986,86986,125287,14,13,851,4.0,6,23,2,659.640053362438,5,295.0,333.0,38.0,8.763157894736842,19.0,0.6,59.0,19.0,1
test,3,0,86986,86986,125287,14,13,851,4.0,6,23,2,110.67971810589327,10,70.0,222.0,152.0,1.4605263157894737,114.0,0.2,7.0,19.0,6
train,3,0,86986,86986,125287,15,13,874,4.0,4,23,2,659.640053362438,5,295.0,333.0,38.0,8.763157894736842,19.0,0.6,59.0,19.0,1
test,3,0,86986,86986,125287,15,13,874,4.0,4,23,2,110.67971810589327,10,70.0,222.0,152.0,1.4605263157894737,114.0,0.2,7.0,19.0,6
train,3,0,86986,86986,125287,16,13,885,4.0,9,23,2,659.640053362438,5,295.0,333.0,38.0,8.763157894736842,19.0,0.6,59.0,19.0,1
test,3,0,86986,86986,125287,16,13,885,4.0,9,23,2,-150.80782473068166,7,-133.0,0.0,133.0,0.0,133.0,0.0,-19.0,19.0,7
train,3,0,86986,86986,125287,17,13,851,4.0,7,23,2,659.640053362438,5,295.0,333.0,38.0,8.763157894736842,19.0,0.6,59.0,19.0,1
test,3,0,86986,86986,125287,17,13,851,4.0,7,23,2,160.2,9,89.0,222.0,133.0,1.669172932330827,95.0,0.2222222222222222,9.88888888888889,19.0,5
train,3,0,86986,86986,125287,18,13,851,4.0,4,23,2,659.640053362438,5,295.0,333.0,38.0,8.763157894736842,19.0,0.6,59.0,19.0,1
test,3,0,86986,86986,125287,18,13,851,4.0,4,23,2,110.67971810589327,10,70.0,222.0,152.0,1.4605263157894737,114.0,0.2,7.0,19.0,6
train,3,0,86986,86986,125287,19,13,856,3.75,8,23,2,659.640053362438,5,295.0,333.0,38.0,8.763157894736842,19.0,0.6,59.0,19.0,1
test,3,0,86986,86986,125287,19,13,856,3.75,8,23,2,160.2,9,89.0,222.0,133.0,1.669172932330827,95.0,0.2222222222222222,9.88888888888889,19.0,5
train,3,0,86986,86986,125287,20,13,851,4.0,4,23,2,659.640053362438,5,295.0,333.0,38.0,8.763157894736842,19.0,0.6,59.0,19.0,1
test,3,0,86986,86986,125287,20,13,851,4.0,4,23,2,110.67971810589327,10,70.0,222.0,152.0,1.4605263157894737,114.0,0.2,7.0,19.0,6
train,3,0,86986,86986,125287,21,13,856,4.0,6,23,2,659.640053362438,5,295.0,333.0,38.0,8.763157894736842,19.0,0.6,59.0,19.0,1
test,3,0,86986,86986,125287,21,13,856,4.0,6,23,2,110.67971810589327,10,70.0,222.0,152.0,1.4605263157894737,114.0,0.2,7.0,19.0,6
train,3,0,86986,86986,125287,22,13,804,4.0,6,23,2,659.640053362438,5,295.0,333.0,38.0,8.763157894736842,19.0,0.6,59.0,19.0,1
test,3,0,86986,86986,125287,22,13,804,4.0,6,23,2,110.67971810589327,10,70.0,222.0,152.0,1.4605263157894737,114.0,0.2,7.0,19.0,6
train,3,0,86986,86986,125287,23,13,774,3.5,7,23,2,659.640053362438,5,295.0,333.0,38.0,8.763157894736842,19.0,0.6,59.0,19.0,1
test,3,0,86986,86986,125287,23,13,774,3.5,7,23,2,160.2,9,89.0,222.0,133.0,1.669172932330827,95.0,0.2222222222222222,9.88888888888889,19.0,5
train,3,0,86986,86986,125287,24,13,885,3.75,8,23,2,659.640053362438,5,295.0,333.0,38.0,8.763157894736842,19.0,0.6,59.0,19.0,1
test,3,0,86986,86986,125287,24,13,885,3.75,8,23,2,160.2,9,89.0,222.0,133.0,1.669172932330827,95.0,0.2222222222222222,9.88888888888889,19.0,5
train,3,0,86986,86986,125287,25,13,774,4.0,4,23,2,659.640053362438,5,295.0,333.0,38.0,8.763157894736842,19.0,0.6,59.0,19.0,1
test,3,0,86986,86986,125287,25,13,774,4.0,4,23,2,110.67971810589327,10,70.0,222.0,152.0,1.4605263157894737,114.0,0.2,7.0,19.0,6
train,3,0,86986,86986,125287,26,13,773,4.0,6,23,2,659.640053362438,5,295.0,333.0,38.0,8.763157894736842,19.0,0.6,59.0,19.0,1
test,3,0,86986,86986,125287,26,13,773,4.0,6,23,2,110.67971810589327,10,70.0,222.0,152.0,1.4605263157894737,114.0,0.2,7.0,19.0,6
train,3,0,86986,86986,125287,27,13,885,4.25,5,23,2,659.640053362438,5,295.0,333.0,38.0,8.763157894736842,19.0,0.6,59.0,19.0,1
test,3,0,86986,86986,125287,27,13,885,4.25,5,23,2,110.67971810589327,10,70.0,222.0,152.0,1.4605263157894737,114.0,0.2,7.0,19.0,6
train,3,0,86986,86986,125287,28,13,859,3.75,4,23,2,659.640053362438,5,295.0,333.0,38.0,8.763157894736842,19.0,0.6,59.0,19.0,1
test,3,0,86986,86986,125287,28,13,859,3.75,4,23,2,84.57393215406269,11,51.0,222.0,171.0,1.2982456140350878,114.0,0.18181818181818182,4.636363636363637,19.0,6
train,3,0,86986,86986,125287,29,13,790,4.25,4,23,2,659.640053362438,5,295.0,333.0,38.0,8.763157894736842,19.0,0.6,59.0,19.0,1
test,3,0,86986,86986,125287,29,13,790,4.25,4,23,2,110.67971810589327,10,70.0,222.0,152.0,1.4605263157894737,114.0,0.2,7.0,19.0,6
train,3,0,86986,86986,125287,30,13,812,4.0,6,23,2,659.640053362438,5,295.0,333.0,38.0,8.763157894736842,19.0,0.6,59.0,19.0,1
test,3,0,86986,86986,125287,30,13,812,4.0,6,23,2,110.67971810589327,10,70.0,222.0,152.0,1.4605263157894737,114.0,0.2,7.0,19.0,6
train,3,0,86986,86986,125287,31,13,859,4.0,5,23,2,659.640053362438,5,295.0,333.0,38.0,8.763157894736842,19.0,0.6,59.0,19.0,1
test,3,0,86986,86986,125287,31,13,859,4.0,5,23,2,110.67971810589327,10,70.0,222.0,152.0,1.4605263157894737,114.0,0.2,7.0,19.0,6
train,3,0,86986,86986,125287,32,13,851,4.0,6,23,2,659.640053362438,5,295.0,333.0,38.0,8.763157894736842,19.0,0.6,59.0,19.0,1
test,3,0,86986,86986,125287,32,13,851,4.0,6,23,2,110.67971810589327,10,70.0,222.0,152.0,1.4605263157894737,114.0,0.2,7.0,19.0,6
train,3,0,86986,86986,125287,33,13,851,4.0,5,23,2,659.640053362438,5,295.0,333.0,38.0,8.763157894736842,19.0,0.6,59.0,19.0,1
test,3,0,86986,86986,125287,33,13,851,4.0,5,23,2,110.67971810589327,10,70.0,222.0,152.0,1.4605263157894737,114.0,0.2,7.0,19.0,6
train,3,0,86986,86986,125287,34,13,851,3.75,7,23,2,659.640053362438,5,295.0,333.0,38.0,8.763157894736842,19.0,0.6,59.0,19.0,1
test,3,0,86986,86986,125287,34,13,851,3.75,7,23,2,160.2,9,89.0,222.0,133.0,1.669172932330827,95.0,0.2222222222222222,9.88888888888889,19.0,5
train,3,0,86986,86986,125287,35,13,851,4.0,5,23,2,659.640053362438,5,295.0,333.0,38.0,8.763157894736842,19.0,0.6,59.0,19.0,1
test,3,0,86986,86986,125287,35,13,851,4.0,5,23,2,110.67971810589327,10,70.0,222.0,152.0,1.4605263157894737,114.0,0.2,7.0,19.0,6
train,3,0,86986,86986,125287,36,13,790,4.0,6,23,2,659.640053362438,5,295.0,333.0,38.0,8.763157894736842,19.0,0.6,59.0,19.0,1
test,3,0,86986,86986,125287,36,13,790,4.0,6,23,2,110.67971810589327,10,70.0,222.0,152.0,1.4605263157894737,114.0,0.2,7.0,19.0,6
train,3,0,86986,86986,125287,37,13,851,4.25,4,23,2,659.640053362438,5,295.0,333.0,38.0,8.763157894736842,19.0,0.6,59.0,19.0,1
test,3,0,86986,86986,125287,37,13,851,4.25,4,23,2,110.67971810589327,10,70.0,222.0,152.0,1.4605263157894737,114.0,0.2,7.0,19.0,6
train,3,0,86986,86986,125287,38,13,828,4.25,6,23,2,659.640053362438,5,295.0,333.0,38.0,8.763157894736842,19.0,0.6,59.0,19.0,1
test,3,0,86986,86986,125287,38,13,828,4.25,6,23,2,110.67971810589327,10,70.0,222.0,152.0,1.4605263157894737,114.0,0.2,7.0,19.0,6
train,3,0,86986,86986,125287,39,13,828,3.75,5,23,2,659.640053362438,5,295.0,333.0,38.0,8.763157894736842,19.0,0.6,59.0,19.0,1
test,3,0,86986,86986,125287,39,13,828,3.75,5,23,2,110.67971810589327,10,70.0,222.0,152.0,1.4605263157894737,114.0,0.2,7.0,19.0,6
train,3,0,86986,86986,125287,40,13,828,3.75,5,23,2,659.640053362438,5,295.0,333.0,38.0,8.763157894736842,19.0,0.6,59.0,19.0,1
test,3,0,86986,86986,125287,40,13,828,3.75,5,23,2,110.67971810589327,10,70.0,222.0,152.0,1.4605263157894737,114.0,0.2,7.0,19.0,6
train,3,0,86986,86986,125287,41,13,795,3.75,7,23,2,659.640053362438,5,295.0,333.0,38.0,8.763157894736842,19.0,0.6,59.0,19.0,1
test,3,0,86986,86986,125287,41,13,795,3.75,7,23,2,160.2,9,89.0,222.0,133.0,1.669172932330827,95.0,0.2222222222222222,9.88888888888889,19.0,5
train,3,0,86986,86986,125287,42,13,833,4.0,6,23,2,659.640053362438,5,295.0,333.0,38.0,8.763157894736842,19.0,0.6,59.0,19.0,1
test,3,0,86986,86986,125287,42,13,833,4.0,6,23,2,110.67971810589327,10,70.0,222.0,152.0,1.4605263157894737,114.0,0.2,7.0,19.0,6
train,3,0,86986,86986,125287,43,13,851,4.25,6,23,2,659.640053362438,5,295.0,333.0,38.0,8.763157894736842,19.0,0.6,59.0,19.0,1
test,3,0,86986,86986,125287,43,13,851,4.25,6,23,2,110.67971810589327,10,70.0,222.0,152.0,1.4605263157894737,114.0,0.2,7.0,19.0,6
train,3,0,86986,86986,125287,44,13,859,3.5,5,23,2,659.640053362438,5,295.0,333.0,38.0,8.763157894736842,19.0,0.6,59.0,19.0,1
test,3,0,86986,86986,125287,44,13,859,3.5,5,23,2,110.67971810589327,10,70.0,222.0,152.0,1.4605263157894737,114.0,0.2,7.0,19.0,6
train,3,0,86986,86986,125287,45,13,812,4.0,7,23,2,659.640053362438,5,295.0,333.0,38.0,8.763157894736842,19.0,0.6,59.0,19.0,1
test,3,0,86986,86986,125287,45,13,812,4.0,7,23,2,160.2,9,89.0,222.0,133.0,1.669172932330827,95.0,0.2222222222222222,9.88888888888889,19.0,5
train,3,0,86986,86986,125287,46,13,851,3.75,7,23,2,659.640053362438,5,295.0,333.0,38.0,8.763157894736842,19.0,0.6,59.0,19.0,1
test,3,0,86986,86986,125287,46,13,851,3.75,7,23,2,160.2,9,89.0,222.0,133.0,1.669172932330827,95.0,0.2222222222222222,9.88888888888889,19.0,5
train,3,0,86986,86986,125287,47,13,765,4.0,6,23,2,659.640053362438,5,295.0,333.0,38.0,8.763157894736842,19.0,0.6,59.0,19.0,1
test,3,0,86986,86986,125287,47,13,765,4.0,6,23,2,110.67971810589327,10,70.0,222.0,152.0,1.4605263157894737,114.0,0.2,7.0,19.0,6
train,3,0,86986,86986,125287,48,13,812,4.0,7,23,2,659.640053362438,5,295.0,333.0,38.0,8.763157894736842,19.0,0.6,59.0,19.0,1
test,3,0,86986,86986,125287,48,13,812,4.0,7,23,2,160.2,9,89.0,222.0,133.0,1.669172932330827,95.0,0.2222222222222222,9.88888888888889,19.0,5
train,3,0,86986,86986,125287,49,13,763,3.75,6,23,2,659.640053362438,5,295.0,333.0,38.0,8.763157894736842,19.0,0.6,59.0,19.0,1
test,3,0,86986,86986,125287,49,13,763,3.75,6,23,2,110.67971810589327,10,70.0,222.0,152.0,1.4605263157894737,114.0,0.2,7.0,19.0,6
train,3,0,86986,86986,125287,50,13,747,3.5,7,23,2,659.640053362438,5,295.0,333.0,38.0,8.763157894736842,19.0,0.6,59.0,19.0,1
test,3,0,86986,86986,125287,50,13,747,3.5,7,23,2,160.2,9,89.0,222.0,133.0,1.669172932330827,95.0,0.2222222222222222,9.88888888888889,19.0,5
train,3,0,86986,86986,125287,51,13,851,3.75,6,23,2,659.640053362438,5,295.0,333.0,38.0,8.763157894736842,19.0,0.6,59.0,19.0,1
test,3,0,86986,86986,125287,51,13,851,3.75,6,23,2,110.67971810589327,10,70.0,222.0,152.0,1.4605263157894737,114.0,0.2,7.0,19.0,6
train,3,0,86986,86986,125287,52,13,790,4.5,5,23,2,659.640053362438,5,295.0,333.0,38.0,8.763157894736842,19.0,0.6,59.0,19.0,1
test,3,0,86986,86986,125287,52,13,790,4.5,5,23,2,110.67971810589327,10,70.0,222.0,152.0,1.4605263157894737,114.0,0.2,7.0,19.0,6
train,3,0,86986,86986,125287,53,13,851,3.5,5,23,2,659.640053362438,5,295.0,333.0,38.0,8.763157894736842,19.0,0.6,59.0,19.0,1
test,3,0,86986,86986,125287,53,13,851,3.5,5,23,2,110.67971810589327,10,70.0,222.0,152.0,1.4605263157894737,114.0,0.2,7.0,19.0,6
train,3,0,86986,86986,125287,54,13,723,4.5,5,23,2,659.640053362438,5,295.0,333.0,38.0,8.763157894736842,19.0,0.6,59.0,19.0,1
test,3,0,86986,86986,125287,54,13,723,4.5,5,23,2,110.67971810589327,10,70.0,222.0,152.0,1.4605263157894737,114.0,0.2,7.0,19.0,6
train,3,0,86986,86986,125287,55,13,790,3.75,5,23,2,659.640053362438,5,295.0,333.0,38.0,8.763157894736842,19.0,0.6,59.0,19.0,1
test,3,0,86986,86986,125287,55,13,790,3.75,5,23,2,110.67971810589327,10,70.0,222.0,152.0,1.4605263157894737,114.0,0.2,7.0,19.0,6
train,3,0,86986,86986,125287,56,13,812,4.25,6,23,2,659.640053362438,5,295.0,333.0,38.0,8.763157894736842,19.0,0.6,59.0,19.0,1
test,3,0,86986,86986,125287,56,13,812,4.25,6,23,2,110.67971810589327,10,70.0,222.0,152.0,1.4605263157894737,114.0,0.2,7.0,19.0,6
train,3,0,86986,86986,125287,57,13,747,3.75,5,23,2,659.640053362438,5,295.0,333.0,38.0,8.763157894736842,19.0,0.6,59.0,19.0,1
test,3,0,86986,86986,125287,57,13,747,3.75,5,23,2,110.67971810589327,10,70.0,222.0,152.0,1.4605263157894737,114.0,0.2,7.0,19.0,6
train,3,0,86986,86986,125287,58,13,790,3.75,6,23,2,659.640053362438,5,295.0,333.0,38.0,8.763157894736842,19.0,0.6,59.0,19.0,1
test,3,0,86986,86986,125287,58,13,790,3.75,6,23,2,110.67971810589327,10,70.0,222.0,152.0,1.4605263157894737,114.0,0.2,7.0,19.0,6
train,3,0,86986,86986,125287,59,13,812,4.5,6,23,2,659.640053362438,5,295.0,333.0,38.0,8.763157894736842,19.0,0.6,59.0,19.0,1
test,3,0,86986,86986,125287,59,13,812,4.5,6,23,2,110.67971810589327,10,70.0,222.0,152.0,1.4605263157894737,114.0,0.2,7.0,19.0,6
train,3,0,86986,86986,125287,60,13,730,4.25,6,23,2,659.640053362438,5,295.0,333.0,38.0,8.763157894736842,19.0,0.6,59.0,19.0,1
test,3,0,86986,86986,125287,60,13,730,4.25,6,23,2,110.67971810589327,10,70.0,222.0,152.0,1.4605263157894737,114.0,0.2,7.0,19.0,6
train,3,0,86986,86986,125287,61,13,845,3.75,6,23,2,659.640053362438,5,295.0,333.0,38.0,8.763157894736842,19.0,0.6,59.0,19.0,1
test,3,0,86986,86986,125287,61,13,845,3.75,6,23,2,110.67971810589327,10,70.0,222.0,152.0,1.4605263157894737,114.0,0.2,7.0,19.0,6
train,3,0,86986,86986,125287,62,13,774,3.75,5,23,2,659.640053362438,5,295.0,333.0,38.0,8.763157894736842,19.0,0.6,59.0,19.0,1
test,3,0,86986,86986,125287,62,13,774,3.75,5,23,2,110.67971810589327,10,70.0,222.0,152.0,1.4605263157894737,114.0,0.2,7.0,19.0,6
train,3,0,86986,86986,125287,63,13,776,4.5,4,23,2,659.640053362438,5,295.0,333.0,38.0,8.763157894736842,19.0,0.6,59.0,19.0,1
test,3,0,86986,86986,125287,63,13,776,4.5,4,23,2,110.67971810589327,10,70.0,222.0,152.0,1.4605263157894737,114.0,0.2,7.0,19.0,6
train,3,0,86986,86986,125287,64,13,900,3.5,5,23,2,659.640053362438,5,295.0,333.0,38.0,8.763157894736842,19.0,0.6,59.0,19.0,1
test,3,0,86986,86986,125287,64,13,900,3.5,5,23,2,110.67971810589327,10,70.0,222.0,152.0,1.4605263157894737,114.0,0.2,7.0,19.0,6
train,3,0,86986,86986,125287,65,13,851,4.75,7,23,2,659.640053362438,5,295.0,333.0,38.0,8.763157894736842,19.0,0.6,59.0,19.0,1
test,3,0,86986,86986,125287,65,13,851,4.75,7,23,2,160.2,9,89.0,222.0,133.0,1.669172932330827,95.0,0.2222222222222222,9.88888888888889,19.0,5
train,3,0,86986,86986,125287,66,13,747,3.75,8,23,2,659.640053362438,5,295.0,333.0,38.0,8.763157894736842,19.0,0.6,59.0,19.0,1
test,3,0,86986,86986,125287,66,13,747,3.75,8,23,2,160.2,9,89.0,222.0,133.0,1.669172932330827,95.0,0.2222222222222222,9.88888888888889,19.0,5
train,3,0,86986,86986,125287,67,13,900,3.5,8,23,2,659.640053362438,5,295.0,333.0,38.0,8.763157894736842,19.0,0.6,59.0,19.0,1
test,3,0,86986,86986,125287,67,13,900,3.5,8,23,2,160.2,9,89.0,222.0,133.0,1.669172932330827,95.0,0.2222222222222222,9.88888888888889,19.0,5
train,3,0,86986,86986,125287,68,13,776,3.5,5,23,2,659.640053362438,5,295.0,333.0,38.0,8.763157894736842,19.0,0.6,59.0,19.0,1
test,3,0,86986,86986,125287,68,13,776,3.5,5,23,2,110.67971810589327,10,70.0,222.0,152.0,1.4605263157894737,114.0,0.2,7.0,19.0,6
train,3,0,86986,86986,125287,69,13,868,3.75,7,23,2,659.640053362438,5,295.0,333.0,38.0,8.763157894736842,19.0,0.6,59.0,19.0,1
test,3,0,86986,86986,125287,69,13,868,3.75,7,23,2,160.2,9,89.0,222.0,133.0,1.669172932330827,95.0,0.2222222222222222,9.88888888888889,19.0,5
train,3,0,86986,86986,125287,70,13,776,4.5,7,23,2,659.640053362438,5,295.0,333.0,38.0,8.763157894736842,19.0,0.6,59.0,19.0,1
test,3,0,86986,86986,125287,70,13,776,4.5,7,23,2,160.2,9,89.0,222.0,133.0,1.669172932330827,95.0,0.2222222222222222,9.88888888888889,19.0,5
train,3,0,86986,86986,125287,71,13,876,4.25,6,23,2,659.640053362438,5,295.0,333.0,38.0,8.763157894736842,19.0,0.6,59.0,19.0,1
test,3,0,86986,86986,125287,71,13,876,4.25,6,23,2,110.67971810589327,10,70.0,222.0,152.0,1.4605263157894737,114.0,0.2,7.0,19.0,6
train,3,0,86986,86986,125287,72,13,739,3.75,5,23,2,659.640053362438,5,295.0,333.0,38.0,8.763157894736842,19.0,0.6,59.0,19.0,1
test,3,0,86986,86986,125287,72,13,739,3.75,5,23,2,110.67971810589327,10,70.0,222.0,152.0,1.4605263157894737,114.0,0.2,7.0,19.0,6
train,3,0,86986,86986,125287,73,13,739,4.0,5,23,2,659.640053362438,5,295.0,333.0,38.0,8.763157894736842,19.0,0.6,59.0,19.0,1
test,3,0,86986,86986,125287,73,13,739,4.0,5,23,2,110.67971810589327,10,70.0,222.0,152.0,1.4605263157894737,114.0,0.2,7.0,19.0,6
train,3,0,86986,86986,125287,74,13,900,3.75,4,23,2,659.640053362438,5,295.0,333.0,38.0,8.763157894736842,19.0,0.6,59.0,19.0,1
test,3,0,86986,86986,125287,74,13,900,3.75,4,23,2,84.57393215406269,11,51.0,222.0,171.0,1.2982456140350878,114.0,0.18181818181818182,4.636363636363637,19.0,6
train,3,0,86986,86986,125287,75,13,760,3.75,5,23,2,659.640053362438,5,295.0,333.0,38.0,8.763157894736842,19.0,0.6,59.0,19.0,1
test,3,0,86986,86986,125287,75,13,760,3.75,5,23,2,110.67971810589327,10,70.0,222.0,152.0,1.4605263157894737,114.0,0.2,7.0,19.0,6
train,3,0,86986,86986,125287,76,13,900,4.0,5,23,2,659.640053362438,5,295.0,333.0,38.0,8.763157894736842,19.0,0.6,59.0,19.0,1
test,3,0,86986,86986,125287,76,13,900,4.0,5,23,2,110.67971810589327,10,70.0,222.0,152.0,1.4605263157894737,114.0,0.2,7.0,19.0,6
train,3,0,86986,86986,125287,77,13,836,4.0,4,23,2,659.640053362438,5,295.0,333.0,38.0,8.763157894736842,19.0,0.6,59.0,19.0,1
test,3,0,86986,86986,125287,77,13,836,4.0,4,23,2,110.67971810589327,10,70.0,222.0,152.0,1.4605263157894737,114.0,0.2,7.0,19.0,6
train,3,0,86986,86986,125287,78,13,900,4.0,4,23,2,659.640053362438,5,295.0,333.0,38.0,8.763157894736842,19.0,0.6,59.0,19.0,1
test,3,0,86986,86986,125287,78,13,900,4.0,4,23,2,110.67971810589327,10,70.0,222.0,152.0,1.4605263157894737,114.0,0.2,7.0,19.0,6
train,3,0,86986,86986,125287,79,13,900,4.0,6,23,2,659.640053362438,5,295.0,333.0,38.0,8.763157894736842,19.0,0.6,59.0,19.0,1
test,3,0,86986,86986,125287,79,13,900,4.0,6,23,2,110.67971810589327,10,70.0,222.0,152.0,1.4605263157894737,114.0,0.2,7.0,19.0,6
train,3,0,86986,86986,125287,80,13,912,4.25,6,23,2,659.640053362438,5,295.0,333.0,38.0,8.763157894736842,19.0,0.6,59.0,19.0,1
test,3,0,86986,86986,125287,80,13,912,4.25,6,23,2,110.67971810589327,10,70.0,222.0,152.0,1.4605263157894737,114.0,0.2,7.0,19.0,6
train,3,0,86986,86986,125287,81,13,900,3.75,6,23,2,659.640053362438,5,295.0,333.0,38.0,8.763157894736842,19.0,0.6,59.0,19.0,1
test,3,0,86986,86986,125287,81,13,900,3.75,6,23,2,110.67971810589327,10,70.0,222.0,152.0,1.4605263157894737,114.0,0.2,7.0,19.0,6
train,3,0,86986,86986,125287,82,13,774,4.0,6,23,2,659.640053362438,5,295.0,333.0,38.0,8.763157894736842,19.0,0.6,59.0,19.0,1
test,3,0,86986,86986,125287,82,13,774,4.0,6,23,2,110.67971810589327,10,70.0,222.0,152.0,1.4605263157894737,114.0,0.2,7.0,19.0,6
train,3,0,86986,86986,125287,83,13,900,3.0,5,23,2,659.640053362438,5,295.0,333.0,38.0,8.763157894736842,19.0,0.6,59.0,19.0,1
test,3,0,86986,86986,125287,83,13,900,3.0,5,23,2,110.67971810589327,10,70.0,222.0,152.0,1.4605263157894737,114.0,0.2,7.0,19.0,6
train,3,0,86986,86986,125287,84,13,836,4.25,6,23,2,659.640053362438,5,295.0,333.0,38.0,8.763157894736842,19.0,0.6,59.0,19.0,1
test,3,0,86986,86986,125287,84,13,836,4.25,6,23,2,110.67971810589327,10,70.0,222.0,152.0,1.4605263157894737,114.0,0.2,7.0,19.0,6
train,3,0,86986,86986,125287,85,13,900,3.75,4,23,2,659.640053362438,5,295.0,333.0,38.0,8.763157894736842,19.0,0.6,59.0,19.0,1
test,3,0,86986,86986,125287,85,13,900,3.75,4,23,2,84.57393215406269,11,51.0,222.0,171.0,1.2982456140350878,114.0,0.18181818181818182,4.636363636363637,19.0,6
train,3,0,86986,86986,125287,86,13,836,4.25,5,23,2,659.640053362438,5,295.0,333.0,38.0,8.763157894736842,19.0,0.6,59.0,19.0,1
test,3,0,86986,86986,125287,86,13,836,4.25,5,23,2,110.67971810589327,10,70.0,222.0,152.0,1.4605263157894737,114.0,0.2,7.0,19.0,6
train,3,0,86986,86986,125287,87,13,900,3.5,5,23,2,659.640053362438,5,295.0,333.0,38.0,8.763157894736842,19.0,0.6,59.0,19.0,1
test,3,0,86986,86986,125287,87,13,900,3.5,5,23,2,110.67971810589327,10,70.0,222.0,152.0,1.4605263157894737,114.0,0.2,7.0,19.0,6
train,3,0,86986,86986,125287,88,13,774,4.25,4,23,2,659.640053362438,5,295.0,333.0,38.0,8.763157894736842,19.0,0.6,59.0,19.0,1
test,3,0,86986,86986,125287,88,13,774,4.25,4,23,2,110.67971810589327,10,70.0,222.0,152.0,1.4605263157894737,114.0,0.2,7.0,19.0,6
train,3,0,86986,86986,125287,89,13,873,3.75,7,23,2,659.640053362438,5,295.0,333.0,38.0,8.763157894736842,19.0,0.6,59.0,19.0,1
test,3,0,86986,86986,125287,89,13,873,3.75,7,23,2,160.2,9,89.0,222.0,133.0,1.669172932330827,95.0,0.2222222222222222,9.88888888888889,19.0,5
train,3,0,86986,86986,125287,90,13,900,3.5,6,23,2,659.640053362438,5,295.0,333.0,38.0,8.763157894736842,19.0,0.6,59.0,19.0,1
test,3,0,86986,86986,125287,90,13,900,3.5,6,23,2,110.67971810589327,10,70.0,222.0,152.0,1.4605263157894737,114.0,0.2,7.0,19.0,6
train,3,0,86986,86986,125287,91,13,900,4.0,6,23,2,659.640053362438,5,295.0,333.0,38.0,8.763157894736842,19.0,0.6,59.0,19.0,1
test,3,0,86986,86986,125287,91,13,900,4.0,6,23,2,110.67971810589327,10,70.0,222.0,152.0,1.4605263157894737,114.0,0.2,7.0,19.0,6
train,3,0,86986,86986,125287,92,13,900,4.0,6,23,2,659.640053362438,5,295.0,333.0,38.0,8.763157894736842,19.0,0.6,59.0,19.0,1
test,3,0,86986,86986,125287,92,13,900,4.0,6,23,2,110.67971810589327,10,70.0,222.0,152.0,1.4605263157894737,114.0,0.2,7.0,19.0,6
train,3,0,86986,86986,125287,93,13,768,4.0,6,23,2,659.640053362438,5,295.0,333.0,38.0,8.763157894736842,19.0,0.6,59.0,19.0,1
test,3,0,86986,86986,125287,93,13,768,4.0,6,23,2,110.67971810589327,10,70.0,222.0,152.0,1.4605263157894737,114.0,0.2,7.0,19.0,6
train,3,0,86986,86986,125287,94,13,836,3.5,4,23,2,659.640053362438,5,295.0,333.0,38.0,8.763157894736842,19.0,0.6,59.0,19.0,1
test,3,0,86986,86986,125287,94,13,836,3.5,4,23,2,84.57393215406269,11,51.0,222.0,171.0,1.2982456140350878,114.0,0.18181818181818182,4.636363636363637,19.0,6
train,3,0,86986,86986,125287,95,13,836,3.75,7,23,2,659.640053362438,5,295.0,333.0,38.0,8.763157894736842,19.0,0.6,59.0,19.0,1
test,3,0,86986,86986,125287,95,13,836,3.75,7,23,2,160.2,9,89.0,222.0,133.0,1.669172932330827,95.0,0.2222222222222222,9.88888888888889,19.0,5
train,3,0,86986,86986,125287,96,13,836,4.0,6,23,2,659.640053362438,5,295.0,333.0,38.0,8.763157894736842,19.0,0.6,59.0,19.0,1
test,3,0,86986,86986,125287,96,13,836,4.0,6,23,2,110.67971810589327,10,70.0,222.0,152.0,1.4605263157894737,114.0,0.2,7.0,19.0,6
train,3,0,86986,86986,125287,97,13,766,4.0,6,23,2,659.640053362438,5,295.0,333.0,38.0,8.763157894736842,19.0,0.6,59.0,19.0,1
test,3,0,86986,86986,125287,97,13,766,4.0,6,23,2,110.67971810589327,10,70.0,222.0,152.0,1.4605263157894737,114.0,0.2,7.0,19.0,6
train,3,0,86986,86986,125287,98,13,766,4.0,6,23,2,659.640053362438,5,295.0,333.0,38.0,8.763157894736842,19.0,0.6,59.0,19.0,1
test,3,0,86986,86986,125287,98,13,766,4.0,6,23,2,110.67971810589327,10,70.0,222.0,152.0,1.4605263157894737,114.0,0.2,7.0,19.0,6
train,3,0,86986,86986,125287,99,13,836,4.0,5,23,2,659.640053362438,5,295.0,333.0,38.0,8.763157894736842,19.0,0.6,59.0,19.0,1
test,3,0,86986,86986,125287,99,13,836,4.0,5,23,2,110.67971810589327,10,70.0,222.0,152.0,1.4605263157894737,114.0,0.2,7.0,19.0,6
train,3,0,86986,86986,125287,100,13,900,4.25,4,23,2,659.640053362438,5,295.0,333.0,38.0,8.763157894736842,19.0,0.6,59.0,19.0,1
test,3,0,86986,86986,125287,100,13,900,4.25,4,23,2,110.67971810589327,10,70.0,222.0,152.0,1.4605263157894737,114.0,0.2,7.0,19.0,6
train,4,0,125287,125287,130699,0,14,2150,5.75,7,15,6,419.06562731868144,14,224.0,497.0,273.0,1.8205128205128205,85.0,0.5,16.0,39.0,2
test,4,0,125287,125287,130699,0,14,2150,5.75,7,15,6,-1000.0,0,0.0,0.0,0.0,inf,0.0,0.0,0.0,0.0,0
train,4,0,125287,125287,130699,1,14,3651,3.25,8,18,7,550.0236358557694,14,294.0,602.0,308.0,1.9545454545454546,90.0,0.5,21.0,44.0,2
test,4,0,125287,125287,130699,1,14,3651,3.25,8,18,7,-1000.0,0,0.0,0.0,0.0,inf,0.0,0.0,0.0,0.0,0
train,4,0,125287,125287,130699,2,15,1467,5.75,3,14,2,627.3659219307341,13,348.0,462.0,114.0,4.052631578947368,38.0,0.5384615384615384,26.76923076923077,19.0,2
test,4,0,125287,125287,130699,2,15,1467,5.75,3,14,2,-1000.0,0,0.0,0.0,0.0,inf,0.0,0.0,0.0,0.0,0
train,4,0,125287,125287,130699,3,15,1467,6.0,1,14,2,627.3659219307341,13,348.0,462.0,114.0,4.052631578947368,38.0,0.5384615384615384,26.76923076923077,19.0,2
test,4,0,125287,125287,130699,3,15,1467,6.0,1,14,2,-1000.0,0,0.0,0.0,0.0,inf,0.0,0.0,0.0,0.0,0
train,4,0,125287,125287,130699,4,15,3739,5.75,7,14,2,627.3659219307341,13,348.0,462.0,114.0,4.052631578947368,38.0,0.5384615384615384,26.76923076923077,19.0,2
test,4,0,125287,125287,130699,4,15,3739,5.75,7,14,2,-1000.0,0,0.0,0.0,0.0,inf,0.0,0.0,0.0,0.0,0
train,4,0,125287,125287,130699,5,14,1467,3.25,7,18,3,811.9396529299453,14,434.0,602.0,168.0,3.5833333333333335,48.0,0.5,31.0,24.0,2
test,4,0,125287,125287,130699,5,14,1467,3.25,7,18,3,-1000.0,0,0.0,0.0,0.0,inf,0.0,0.0,0.0,0.0,0
train,4,0,125287,125287,130699,6,13,3739,6.25,7,14,2,911.206343261503,17,442.0,594.0,152.0,3.9078947368421053,38.0,0.5294117647058824,26.0,19.0,2
test,4,0,125287,125287,130699,6,13,3739,6.25,7,14,2,-1000.0,0,0.0,0.0,0.0,inf,0.0,0.0,0.0,0.0,0
train,4,0,125287,125287,130699,7,14,3131,3.25,2,18,2,871.4212528966689,15,450.0,602.0,152.0,3.960526315789474,38.0,0.4666666666666667,30.0,19.0,2
test,4,0,125287,125287,130699,7,14,3131,3.25,2,18,2,-1000.0,0,0.0,0.0,0.0,inf,0.0,0.0,0.0,0.0,0
train,4,0,125287,125287,130699,8,15,3651,7.75,8,8,2,894.1767163150693,13,248.0,324.0,76.0,4.2631578947368425,19.0,0.6923076923076923,19.076923076923077,19.0,1
test,4,0,125287,125287,130699,8,15,3651,7.75,8,8,2,-1000.0,0,0.0,0.0,0.0,inf,0.0,0.0,0.0,0.0,0
train,4,0,125287,125287,130699,9,15,3651,7.75,8,8,2,894.1767163150693,13,248.0,324.0,76.0,4.2631578947368425,19.0,0.6923076923076923,19.076923076923077,19.0,1
test,4,0,125287,125287,130699,9,15,3651,7.75,8,8,2,-1000.0,0,0.0,0.0,0.0,inf,0.0,0.0,0.0,0.0,0
train,4,0,125287,125287,130699,10,15,3906,7.75,8,8,2,894.1767163150693,13,248.0,324.0,76.0,4.2631578947368425,19.0,0.6923076923076923,19.076923076923077,19.0,1
test,4,0,125287,125287,130699,10,15,3906,7.75,8,8,2,-1000.0,0,0.0,0.0,0.0,inf,0.0,0.0,0.0,0.0,0
train,4,0,125287,125287,130699,11,15,3707,7.75,8,8,2,894.1767163150693,13,248.0,324.0,76.0,4.2631578947368425,19.0,0.6923076923076923,19.076923076923077,19.0,1
test,4,0,125287,125287,130699,11,15,3707,7.75,8,8,2,-1000.0,0,0.0,0.0,0.0,inf,0.0,0.0,0.0,0.0,0
train,4,0,125287,125287,130699,12,15,3707,7.75,8,8,2,894.1767163150693,13,248.0,324.0,76.0,4.2631578947368425,19.0,0.6923076923076923,19.076923076923077,19.0,1
test,4,0,125287,125287,130699,12,15,3707,7.75,8,8,2,-1000.0,0,0.0,0.0,0.0,inf,0.0,0.0,0.0,0.0,0
train,4,0,125287,125287,130699,13,15,3241,7.75,8,8,2,894.1767163150693,13,248.0,324.0,76.0,4.2631578947368425,19.0,0.6923076923076923,19.076923076923077,19.0,1
test,4,0,125287,125287,130699,13,15,3241,7.75,8,8,2,-1000.0,0,0.0,0.0,0.0,inf,0.0,0.0,0.0,0.0,0
train,4,0,125287,125287,130699,14,15,1467,7.75,8,8,2,894.1767163150693,13,248.0,324.0,76.0,4.2631578947368425,19.0,0.6923076923076923,19.076923076923077,19.0,1
test,4,0,125287,125287,130699,14,15,1467,7.75,8,8,2,-1000.0,0,0.0,0.0,0.0,inf,0.0,0.0,0.0,0.0,0
train,4,0,125287,125287,130699,15,15,1467,7.75,8,8,2,894.1767163150693,13,248.0,324.0,76.0,4.2631578947368425,19.0,0.6923076923076923,19.076923076923077,19.0,1
test,4,0,125287,125287,130699,15,15,1467,7.75,8,8,2,-1000.0,0,0.0,0.0,0.0,inf,0.0,0.0,0.0,0.0,0
train,4,0,125287,125287,130699,16,15,1467,7.75,8,8,2,894.1767163150693,13,248.0,324.0,76.0,4.2631578947368425,19.0,0.6923076923076923,19.076923076923077,19.0,1
test,4,0,125287,125287,130699,16,15,1467,7.75,8,8,2,-1000.0,0,0.0,0.0,0.0,inf,0.0,0.0,0.0,0.0,0
train,4,0,125287,125287,130699,17,15,1467,7.75,8,8,2,894.1767163150693,13,248.0,324.0,76.0,4.2631578947368425,19.0,0.6923076923076923,19.076923076923077,19.0,1
test,4,0,125287,125287,130699,17,15,1467,7.75,8,8,2,-1000.0,0,0.0,0.0,0.0,inf,0.0,0.0,0.0,0.0,0
train,4,0,125287,125287,130699,18,15,1467,7.75,8,8,2,894.1767163150693,13,248.0,324.0,76.0,4.2631578947368425,19.0,0.6923076923076923,19.076923076923077,19.0,1
test,4,0,125287,125287,130699,18,15,1467,7.75,8,8,2,-1000.0,0,0.0,0.0,0.0,inf,0.0,0.0,0.0,0.0,0
train,4,0,125287,125287,130699,19,15,1467,7.75,8,8,2,894.1767163150693,13,248.0,324.0,76.0,4.2631578947368425,19.0,0.6923076923076923,19.076923076923077,19.0,1
test,4,0,125287,125287,130699,19,15,1467,7.75,8,8,2,-1000.0,0,0.0,0.0,0.0,inf,0.0,0.0,0.0,0.0,0
train,4,0,125287,125287,130699,20,15,1467,7.75,8,8,2,894.1767163150693,13,248.0,324.0,76.0,4.2631578947368425,19.0,0.6923076923076923,19.076923076923077,19.0,1
test,4,0,125287,125287,130699,20,15,1467,7.75,8,8,2,-1000.0,0,0.0,0.0,0.0,inf,0.0,0.0,0.0,0.0,0
train,4,0,125287,125287,130699,21,15,3651,7.75,8,8,2,894.1767163150693,13,248.0,324.0,76.0,4.2631578947368425,19.0,0.6923076923076923,19.076923076923077,19.0,1
test,4,0,125287,125287,130699,21,15,3651,7.75,8,8,2,-1000.0,0,0.0,0.0,0.0,inf,0.0,0.0,0.0,0.0,0
train,4,0,125287,125287,130699,22,15,3739,7.75,8,8,2,894.1767163150693,13,248.0,324.0,76.0,4.2631578947368425,19.0,0.6923076923076923,19.076923076923077,19.0,1
test,4,0,125287,125287,130699,22,15,3739,7.75,8,8,2,-1000.0,0,0.0,0.0,0.0,inf,0.0,0.0,0.0,0.0,0
train,4,0,125287,125287,130699,23,15,3241,7.75,8,8,2,894.1767163150693,13,248.0,324.0,76.0,4.2631578947368425,19.0,0.6923076923076923,19.076923076923077,19.0,1
test,4,0,125287,125287,130699,23,15,3241,7.75,8,8,2,-1000.0,0,0.0,0.0,0.0,inf,0.0,0.0,0.0,0.0,0
train,4,0,125287,125287,130699,24,15,1467,7.75,8,8,2,894.1767163150693,13,248.0,324.0,76.0,4.2631578947368425,19.0,0.6923076923076923,19.076923076923077,19.0,1
test,4,0,125287,125287,130699,24,15,1467,7.75,8,8,2,-1000.0,0,0.0,0.0,0.0,inf,0.0,0.0,0.0,0.0,0
train,4,0,125287,125287,130699,25,15,1467,7.75,8,8,2,894.1767163150693,13,248.0,324.0,76.0,4.2631578947368425,19.0,0.6923076923076923,19.076923076923077,19.0,1
test,4,0,125287,125287,130699,25,15,1467,7.75,8,8,2,-1000.0,0,0.0,0.0,0.0,inf,0.0,0.0,0.0,0.0,0
train,4,0,125287,125287,130699,26,15,1467,7.75,8,8,2,894.1767163150693,13,248.0,324.0,76.0,4.2631578947368425,19.0,0.6923076923076923,19.076923076923077,19.0,1
test,4,0,125287,125287,130699,26,15,1467,7.75,8,8,2,-1000.0,0,0.0,0.0,0.0,inf,0.0,0.0,0.0,0.0,0
train,4,0,125287,125287,130699,27,15,1511,7.75,8,8,2,894.1767163150693,13,248.0,324.0,76.0,4.2631578947368425,19.0,0.6923076923076923,19.076923076923077,19.0,1
test,4,0,125287,125287,130699,27,15,1511,7.75,8,8,2,-1000.0,0,0.0,0.0,0.0,inf,0.0,0.0,0.0,0.0,0
train,4,0,125287,125287,130699,28,15,3724,7.75,8,8,2,894.1767163150693,13,248.0,324.0,76.0,4.2631578947368425,19.0,0.6923076923076923,19.076923076923077,19.0,1
test,4,0,125287,125287,130699,28,15,3724,7.75,8,8,2,-1000.0,0,0.0,0.0,0.0,inf,0.0,0.0,0.0,0.0,0
train,4,0,125287,125287,130699,29,15,1467,7.75,8,8,2,894.1767163150693,13,248.0,324.0,76.0,4.2631578947368425,19.0,0.6923076923076923,19.076923076923077,19.0,1
test,4,0,125287,125287,130699,29,15,1467,7.75,8,8,2,-1000.0,0,0.0,0.0,0.0,inf,0.0,0.0,0.0,0.0,0
train,4,0,125287,125287,130699,30,15,1511,7.75,8,8,2,894.1767163150693,13,248.0,324.0,76.0,4.2631578947368425,19.0,0.6923076923076923,19.076923076923077,19.0,1
test,4,0,125287,125287,130699,30,15,1511,7.75,8,8,2,-1000.0,0,0.0,0.0,0.0,inf,0.0,0.0,0.0,0.0,0
train,4,0,125287,125287,130699,31,15,1540,7.75,8,8,2,894.1767163150693,13,248.0,324.0,76.0,4.2631578947368425,19.0,0.6923076923076923,19.076923076923077,19.0,1
test,4,0,125287,125287,130699,31,15,1540,7.75,8,8,2,-1000.0,0,0.0,0.0,0.0,inf,0.0,0.0,0.0,0.0,0
train,4,0,125287,125287,130699,32,15,1555,7.75,8,8,2,894.1767163150693,13,248.0,324.0,76.0,4.2631578947368425,19.0,0.6923076923076923,19.076923076923077,19.0,1
test,4,0,125287,125287,130699,32,15,1555,7.75,8,8,2,-1000.0,0,0.0,0.0,0.0,inf,0.0,0.0,0.0,0.0,0
train,4,0,125287,125287,130699,33,15,1467,7.75,8,8,2,894.1767163150693,13,248.0,324.0,76.0,4.2631578947368425,19.0,0.6923076923076923,19.076923076923077,19.0,1
test,4,0,125287,125287,130699,33,15,1467,7.75,8,8,2,-1000.0,0,0.0,0.0,0.0,inf,0.0,0.0,0.0,0.0,0
train,4,0,125287,125287,130699,34,15,1511,7.5,8,8,2,894.1767163150693,13,248.0,324.0,76.0,4.2631578947368425,19.0,0.6923076923076923,19.076923076923077,19.0,1
test,4,0,125287,125287,130699,34,15,1511,7.5,8,8,2,-1000.0,0,0.0,0.0,0.0,inf,0.0,0.0,0.0,0.0,0
train,4,0,125287,125287,130699,35,15,3687,7.75,8,8,2,894.1767163150693,13,248.0,324.0,76.0,4.2631578947368425,19.0,0.6923076923076923,19.076923076923077,19.0,1
test,4,0,125287,125287,130699,35,15,3687,7.75,8,8,2,-1000.0,0,0.0,0.0,0.0,inf,0.0,0.0,0.0,0.0,0
train,4,0,125287,125287,130699,36,15,3979,7.75,8,8,2,894.1767163150693,13,248.0,324.0,76.0,4.2631578947368425,19.0,0.6923076923076923,19.076923076923077,19.0,1
test,4,0,125287,125287,130699,36,15,3979,7.75,8,8,2,-1000.0,0,0.0,0.0,0.0,inf,0.0,0.0,0.0,0.0,0
train,4,0,125287,125287,130699,37,15,1511,7.75,8,8,2,894.1767163150693,13,248.0,324.0,76.0,4.2631578947368425,19.0,0.6923076923076923,19.076923076923077,19.0,1
test,4,0,125287,125287,130699,37,15,1511,7.75,8,8,2,-1000.0,0,0.0,0.0,0.0,inf,0.0,0.0,0.0,0.0,0
train,4,0,125287,125287,130699,38,15,1437,7.5,8,8,2,894.1767163150693,13,248.0,324.0,76.0,4.2631578947368425,19.0,0.6923076923076923,19.076923076923077,19.0,1
test,4,0,125287,125287,130699,38,15,1437,7.5,8,8,2,-1000.0,0,0.0,0.0,0.0,inf,0.0,0.0,0.0,0.0,0
train,4,0,125287,125287,130699,39,15,1408,7.75,8,8,2,894.1767163150693,13,248.0,324.0,76.0,4.2631578947368425,19.0,0.6923076923076923,19.076923076923077,19.0,1
test,4,0,125287,125287,130699,39,15,1408,7.75,8,8,2,-1000.0,0,0.0,0.0,0.0,inf,0.0,0.0,0.0,0.0,0
train,4,0,125287,125287,130699,40,15,1467,7.75,8,8,2,894.1767163150693,13,248.0,324.0,76.0,4.2631578947368425,19.0,0.6923076923076923,19.076923076923077,19.0,1
test,4,0,125287,125287,130699,40,15,1467,7.75,8,8,2,-1000.0,0,0.0,0.0,0.0,inf,0.0,0.0,0.0,0.0,0
train,4,0,125287,125287,130699,41,15,1467,7.75,8,8,2,894.1767163150693,13,248.0,324.0,76.0,4.2631578947368425,19.0,0.6923076923076923,19.076923076923077,19.0,1
test,4,0,125287,125287,130699,41,15,1467,7.75,8,8,2,-1000.0,0,0.0,0.0,0.0,inf,0.0,0.0,0.0,0.0,0
train,4,0,125287,125287,130699,42,15,3979,7.75,8,8,2,894.1767163150693,13,248.0,324.0,76.0,4.2631578947368425,19.0,0.6923076923076923,19.076923076923077,19.0,1
test,4,0,125287,125287,130699,42,15,3979,7.75,8,8,2,-1000.0,0,0.0,0.0,0.0,inf,0.0,0.0,0.0,0.0,0
train,4,0,125287,125287,130699,43,15,1511,7.5,8,8,2,894.1767163150693,13,248.0,324.0,76.0,4.2631578947368425,19.0,0.6923076923076923,19.076923076923077,19.0,1
test,4,0,125287,125287,130699,43,15,1511,7.5,8,8,2,-1000.0,0,0.0,0.0,0.0,inf,0.0,0.0,0.0,0.0,0
train,4,0,125287,125287,130699,44,15,1408,7.75,8,8,2,894.1767163150693,13,248.0,324.0,76.0,4.2631578947368425,19.0,0.6923076923076923,19.076923076923077,19.0,1
test,4,0,125287,125287,130699,44,15,1408,7.75,8,8,2,-1000.0,0,0.0,0.0,0.0,inf,0.0,0.0,0.0,0.0,0
train,4,0,125287,125287,130699,45,15,1511,7.5,8,8,2,894.1767163150693,13,248.0,324.0,76.0,4.2631578947368425,19.0,0.6923076923076923,19.076923076923077,19.0,1
test,4,0,125287,125287,130699,45,15,1511,7.5,8,8,2,-1000.0,0,0.0,0.0,0.0,inf,0.0,0.0,0.0,0.0,0
train,4,0,125287,125287,130699,46,15,3835,7.75,8,8,2,894.1767163150693,13,248.0,324.0,76.0,4.2631578947368425,19.0,0.6923076923076923,19.076923076923077,19.0,1
test,4,0,125287,125287,130699,46,15,3835,7.75,8,8,2,-1000.0,0,0.0,0.0,0.0,inf,0.0,0.0,0.0,0.0,0
train,4,0,125287,125287,130699,47,15,3984,7.75,8,8,2,894.1767163150693,13,248.0,324.0,76.0,4.2631578947368425,19.0,0.6923076923076923,19.076923076923077,19.0,1
test,4,0,125287,125287,130699,47,15,3984,7.75,8,8,2,-1000.0,0,0.0,0.0,0.0,inf,0.0,0.0,0.0,0.0,0
train,4,0,125287,125287,130699,48,15,4000,7.75,8,8,2,894.1767163150693,13,248.0,324.0,76.0,4.2631578947368425,19.0,0.6923076923076923,19.076923076923077,19.0,1
test,4,0,125287,125287,130699,48,15,4000,7.75,8,8,2,-1000.0,0,0.0,0.0,0.0,inf,0.0,0.0,0.0,0.0,0
train,4,0,125287,125287,130699,49,15,3835,7.5,8,8,2,894.1767163150693,13,248.0,324.0,76.0,4.2631578947368425,19.0,0.6923076923076923,19.076923076923077,19.0,1
test,4,0,125287,125287,130699,49,15,3835,7.5,8,8,2,-1000.0,0,0.0,0.0,0.0,inf,0.0,0.0,0.0,0.0,0
train,4,0,125287,125287,130699,50,15,3537,7.75,8,8,2,894.1767163150693,13,248.0,324.0,76.0,4.2631578947368425,19.0,0.6923076923076923,19.076923076923077,19.0,1
test,4,0,125287,125287,130699,50,15,3537,7.75,8,8,2,-1000.0,0,0.0,0.0,0.0,inf,0.0,0.0,0.0,0.0,0
train,4,0,125287,125287,130699,51,15,3960,7.75,8,8,2,894.1767163150693,13,248.0,324.0,76.0,4.2631578947368425,19.0,0.6923076923076923,19.076923076923077,19.0,1
test,4,0,125287,125287,130699,51,15,3960,7.75,8,8,2,-1000.0,0,0.0,0.0,0.0,inf,0.0,0.0,0.0,0.0,0
train,4,0,125287,125287,130699,52,15,3724,7.75,8,8,2,894.1767163150693,13,248.0,324.0,76.0,4.2631578947368425,19.0,0.6923076923076923,19.076923076923077,19.0,1
test,4,0,125287,125287,130699,52,15,3724,7.75,8,8,2,-1000.0,0,0.0,0.0,0.0,inf,0.0,0.0,0.0,0.0,0
train,4,0,125287,125287,130699,53,15,3724,7.75,8,8,2,894.1767163150693,13,248.0,324.0,76.0,4.2631578947368425,19.0,0.6923076923076923,19.076923076923077,19.0,1
test,4,0,125287,125287,130699,53,15,3724,7.75,8,8,2,-1000.0,0,0.0,0.0,0.0,inf,0.0,0.0,0.0,0.0,0
train,4,0,125287,125287,130699,54,15,3724,7.75,8,8,2,894.1767163150693,13,248.0,324.0,76.0,4.2631578947368425,19.0,0.6923076923076923,19.076923076923077,19.0,1
test,4,0,125287,125287,130699,54,15,3724,7.75,8,8,2,-1000.0,0,0.0,0.0,0.0,inf,0.0,0.0,0.0,0.0,0
train,4,0,125287,125287,130699,55,15,1349,7.75,8,8,2,894.1767163150693,13,248.0,324.0,76.0,4.2631578947368425,19.0,0.6923076923076923,19.076923076923077,19.0,1
test,4,0,125287,125287,130699,55,15,1349,7.75,8,8,2,-1000.0,0,0.0,0.0,0.0,inf,0.0,0.0,0.0,0.0,0
train,4,0,125287,125287,130699,56,15,3537,7.5,8,8,2,894.1767163150693,13,248.0,324.0,76.0,4.2631578947368425,19.0,0.6923076923076923,19.076923076923077,19.0,1
test,4,0,125287,125287,130699,56,15,3537,7.5,8,8,2,-1000.0,0,0.0,0.0,0.0,inf,0.0,0.0,0.0,0.0,0
train,4,0,125287,125287,130699,57,15,4000,7.75,8,8,2,894.1767163150693,13,248.0,324.0,76.0,4.2631578947368425,19.0,0.6923076923076923,19.076923076923077,19.0,1
test,4,0,125287,125287,130699,57,15,4000,7.75,8,8,2,-1000.0,0,0.0,0.0,0.0,inf,0.0,0.0,0.0,0.0,0
train,4,0,125287,125287,130699,58,15,3430,7.75,8,8,2,894.1767163150693,13,248.0,324.0,76.0,4.2631578947368425,19.0,0.6923076923076923,19.076923076923077,19.0,1
test,4,0,125287,125287,130699,58,15,3430,7.75,8,8,2,-1000.0,0,0.0,0.0,0.0,inf,0.0,0.0,0.0,0.0,0
train,4,0,125287,125287,130699,59,15,3572,7.75,8,8,2,894.1767163150693,13,248.0,324.0,76.0,4.2631578947368425,19.0,0.6923076923076923,19.076923076923077,19.0,1
test,4,0,125287,125287,130699,59,15,3572,7.75,8,8,2,-1000.0,0,0.0,0.0,0.0,inf,0.0,0.0,0.0,0.0,0
train,4,0,125287,125287,130699,60,15,1349,7.5,8,8,2,894.1767163150693,13,248.0,324.0,76.0,4.2631578947368425,19.0,0.6923076923076923,19.076923076923077,19.0,1
test,4,0,125287,125287,130699,60,15,1349,7.5,8,8,2,-1000.0,0,0.0,0.0,0.0,inf,0.0,0.0,0.0,0.0,0
train,4,0,125287,125287,130699,61,15,3430,7.5,8,8,2,894.1767163150693,13,248.0,324.0,76.0,4.2631578947368425,19.0,0.6923076923076923,19.076923076923077,19.0,1
test,4,0,125287,125287,130699,61,15,3430,7.5,8,8,2,-1000.0,0,0.0,0.0,0.0,inf,0.0,0.0,0.0,0.0,0
train,4,0,125287,125287,130699,62,15,1349,7.25,8,8,2,894.1767163150693,13,248.0,324.0,76.0,4.2631578947368425,19.0,0.6923076923076923,19.076923076923077,19.0,1
test,4,0,125287,125287,130699,62,15,1349,7.25,8,8,2,-1000.0,0,0.0,0.0,0.0,inf,0.0,0.0,0.0,0.0,0
train,4,0,125287,125287,130699,63,15,1371,7.5,8,8,2,894.1767163150693,13,248.0,324.0,76.0,4.2631578947368425,19.0,0.6923076923076923,19.076923076923077,19.0,1
test,4,0,125287,125287,130699,63,15,1371,7.5,8,8,2,-1000.0,0,0.0,0.0,0.0,inf,0.0,0.0,0.0,0.0,0
train,4,0,125287,125287,130699,64,15,1389,7.75,8,8,2,894.1767163150693,13,248.0,324.0,76.0,4.2631578947368425,19.0,0.6923076923076923,19.076923076923077,19.0,1
test,4,0,125287,125287,130699,64,15,1389,7.75,8,8,2,-1000.0,0,0.0,0.0,0.0,inf,0.0,0.0,0.0,0.0,0
train,4,0,125287,125287,130699,65,15,1349,7.75,8,8,2,894.1767163150693,13,248.0,324.0,76.0,4.2631578947368425,19.0,0.6923076923076923,19.076923076923077,19.0,1
test,4,0,125287,125287,130699,65,15,1349,7.75,8,8,2,-1000.0,0,0.0,0.0,0.0,inf,0.0,0.0,0.0,0.0,0
train,4,0,125287,125287,130699,66,15,1308,7.75,8,8,2,894.1767163150693,13,248.0,324.0,76.0,4.2631578947368425,19.0,0.6923076923076923,19.076923076923077,19.0,1
test,4,0,125287,125287,130699,66,15,1308,7.75,8,8,2,-1000.0,0,0.0,0.0,0.0,inf,0.0,0.0,0.0,0.0,0
train,4,0,125287,125287,130699,67,15,3429,7.75,8,8,2,894.1767163150693,13,248.0,324.0,76.0,4.2631578947368425,19.0,0.6923076923076923,19.076923076923077,19.0,1
test,4,0,125287,125287,130699,67,15,3429,7.75,8,8,2,-1000.0,0,0.0,0.0,0.0,inf,0.0,0.0,0.0,0.0,0
train,4,0,125287,125287,130699,68,15,3880,7.75,8,8,2,894.1767163150693,13,248.0,324.0,76.0,4.2631578947368425,19.0,0.6923076923076923,19.076923076923077,19.0,1
test,4,0,125287,125287,130699,68,15,3880,7.75,8,8,2,-1000.0,0,0.0,0.0,0.0,inf,0.0,0.0,0.0,0.0,0
train,4,0,125287,125287,130699,69,15,3800,7.75,8,8,2,894.1767163150693,13,248.0,324.0,76.0,4.2631578947368425,19.0,0.6923076923076923,19.076923076923077,19.0,1
test,4,0,125287,125287,130699,69,15,3800,7.75,8,8,2,-1000.0,0,0.0,0.0,0.0,inf,0.0,0.0,0.0,0.0,0
train,4,0,125287,125287,130699,70,15,1349,7.5,8,8,2,894.1767163150693,13,248.0,324.0,76.0,4.2631578947368425,19.0,0.6923076923076923,19.076923076923077,19.0,1
test,4,0,125287,125287,130699,70,15,1349,7.5,8,8,2,-1000.0,0,0.0,0.0,0.0,inf,0.0,0.0,0.0,0.0,0
train,4,0,125287,125287,130699,71,15,4000,7.75,8,8,2,894.1767163150693,13,248.0,324.0,76.0,4.2631578947368425,19.0,0.6923076923076923,19.076923076923077,19.0,1
test,4,0,125287,125287,130699,71,15,4000,7.75,8,8,2,-1000.0,0,0.0,0.0,0.0,inf,0.0,0.0,0.0,0.0,0
train,4,0,125287,125287,130699,72,15,1349,7.75,8,8,2,894.1767163150693,13,248.0,324.0,76.0,4.2631578947368425,19.0,0.6923076923076923,19.076923076923077,19.0,1
test,4,0,125287,125287,130699,72,15,1349,7.75,8,8,2,-1000.0,0,0.0,0.0,0.0,inf,0.0,0.0,0.0,0.0,0
train,4,0,125287,125287,130699,73,15,3880,7.5,8,8,2,894.1767163150693,13,248.0,324.0,76.0,4.2631578947368425,19.0,0.6923076923076923,19.076923076923077,19.0,1
test,4,0,125287,125287,130699,73,15,3880,7.5,8,8,2,-1000.0,0,0.0,0.0,0.0,inf,0.0,0.0,0.0,0.0,0
train,4,0,125287,125287,130699,74,15,3572,7.75,8,8,2,894.1767163150693,13,248.0,324.0,76.0,4.2631578947368425,19.0,0.6923076923076923,19.076923076923077,19.0,1
test,4,0,125287,125287,130699,74,15,3572,7.75,8,8,2,-1000.0,0,0.0,0.0,0.0,inf,0.0,0.0,0.0,0.0,0
train,4,0,125287,125287,130699,75,15,4000,7.5,8,8,2,894.1767163150693,13,248.0,324.0,76.0,4.2631578947368425,19.0,0.6923076923076923,19.076923076923077,19.0,1
test,4,0,125287,125287,130699,75,15,4000,7.5,8,8,2,-1000.0,0,0.0,0.0,0.0,inf,0.0,0.0,0.0,0.0,0
train,4,0,125287,125287,130699,76,15,4000,7.5,8,8,2,894.1767163150693,13,248.0,324.0,76.0,4.2631578947368425,19.0,0.6923076923076923,19.076923076923077,19.0,1
test,4,0,125287,125287,130699,76,15,4000,7.5,8,8,2,-1000.0,0,0.0,0.0,0.0,inf,0.0,0.0,0.0,0.0,0
train,4,0,125287,125287,130699,77,15,4000,7.5,8,8,2,894.1767163150693,13,248.0,324.0,76.0,4.2631578947368425,19.0,0.6923076923076923,19.076923076923077,19.0,1
test,4,0,125287,125287,130699,77,15,4000,7.5,8,8,2,-1000.0,0,0.0,0.0,0.0,inf,0.0,0.0,0.0,0.0,0
train,4,0,125287,125287,130699,78,15,1349,7.75,8,8,2,894.1767163150693,13,248.0,324.0,76.0,4.2631578947368425,19.0,0.6923076923076923,19.076923076923077,19.0,1
test,4,0,125287,125287,130699,78,15,1349,7.75,8,8,2,-1000.0,0,0.0,0.0,0.0,inf,0.0,0.0,0.0,0.0,0
train,4,0,125287,125287,130699,79,15,1349,7.5,8,8,2,894.1767163150693,13,248.0,324.0,76.0,4.2631578947368425,19.0,0.6923076923076923,19.076923076923077,19.0,1
test,4,0,125287,125287,130699,79,15,1349,7.5,8,8,2,-1000.0,0,0.0,0.0,0.0,inf,0.0,0.0,0.0,0.0,0
train,4,0,125287,125287,130699,80,15,1349,7.5,8,8,2,894.1767163150693,13,248.0,324.0,76.0,4.2631578947368425,19.0,0.6923076923076923,19.076923076923077,19.0,1
test,4,0,125287,125287,130699,80,15,1349,7.5,8,8,2,-1000.0,0,0.0,0.0,0.0,inf,0.0,0.0,0.0,0.0,0
train,4,0,125287,125287,130699,81,15,4000,7.75,8,8,2,894.1767163150693,13,248.0,324.0,76.0,4.2631578947368425,19.0,0.6923076923076923,19.076923076923077,19.0,1
test,4,0,125287,125287,130699,81,15,4000,7.75,8,8,2,-1000.0,0,0.0,0.0,0.0,inf,0.0,0.0,0.0,0.0,0
train,4,0,125287,125287,130699,82,15,1282,7.75,8,8,2,894.1767163150693,13,248.0,324.0,76.0,4.2631578947368425,19.0,0.6923076923076923,19.076923076923077,19.0,1
test,4,0,125287,125287,130699,82,15,1282,7.75,8,8,2,-1000.0,0,0.0,0.0,0.0,inf,0.0,0.0,0.0,0.0,0
train,4,0,125287,125287,130699,83,15,4000,7.5,8,8,2,894.1767163150693,13,248.0,324.0,76.0,4.2631578947368425,19.0,0.6923076923076923,19.076923076923077,19.0,1
test,4,0,125287,125287,130699,83,15,4000,7.5,8,8,2,-1000.0,0,0.0,0.0,0.0,inf,0.0,0.0,0.0,0.0,0
train,4,0,125287,125287,130699,84,15,1282,7.75,8,8,2,894.1767163150693,13,248.0,324.0,76.0,4.2631578947368425,19.0,0.6923076923076923,19.076923076923077,19.0,1
test,4,0,125287,125287,130699,84,15,1282,7.75,8,8,2,-1000.0,0,0.0,0.0,0.0,inf,0.0,0.0,0.0,0.0,0
train,4,0,125287,125287,130699,85,15,3760,7.5,8,8,2,894.1767163150693,13,248.0,324.0,76.0,4.2631578947368425,19.0,0.6923076923076923,19.076923076923077,19.0,1
test,4,0,125287,125287,130699,85,15,3760,7.5,8,8,2,-1000.0,0,0.0,0.0,0.0,inf,0.0,0.0,0.0,0.0,0
train,4,0,125287,125287,130699,86,15,3760,7.75,8,8,2,894.1767163150693,13,248.0,324.0,76.0,4.2631578947368425,19.0,0.6923076923076923,19.076923076923077,19.0,1
test,4,0,125287,125287,130699,86,15,3760,7.75,8,8,2,-1000.0,0,0.0,0.0,0.0,inf,0.0,0.0,0.0,0.0,0
train,4,0,125287,125287,130699,87,15,3760,7.5,8,8,2,894.1767163150693,13,248.0,324.0,76.0,4.2631578947368425,19.0,0.6923076923076923,19.076923076923077,19.0,1
test,4,0,125287,125287,130699,87,15,3760,7.5,8,8,2,-1000.0,0,0.0,0.0,0.0,inf,0.0,0.0,0.0,0.0,0
train,4,0,125287,125287,130699,88,15,3760,7.75,8,8,2,894.1767163150693,13,248.0,324.0,76.0,4.2631578947368425,19.0,0.6923076923076923,19.076923076923077,19.0,1
test,4,0,125287,125287,130699,88,15,3760,7.75,8,8,2,-1000.0,0,0.0,0.0,0.0,inf,0.0,0.0,0.0,0.0,0
train,4,0,125287,125287,130699,89,15,3920,7.5,8,8,2,894.1767163150693,13,248.0,324.0,76.0,4.2631578947368425,19.0,0.6923076923076923,19.076923076923077,19.0,1
test,4,0,125287,125287,130699,89,15,3920,7.5,8,8,2,-1000.0,0,0.0,0.0,0.0,inf,0.0,0.0,0.0,0.0,0
train,4,0,125287,125287,130699,90,15,3760,7.5,8,8,2,894.1767163150693,13,248.0,324.0,76.0,4.2631578947368425,19.0,0.6923076923076923,19.076923076923077,19.0,1
test,4,0,125287,125287,130699,90,15,3760,7.5,8,8,2,-1000.0,0,0.0,0.0,0.0,inf,0.0,0.0,0.0,0.0,0
train,4,0,125287,125287,130699,91,15,3760,7.25,8,8,2,894.1767163150693,13,248.0,324.0,76.0,4.2631578947368425,19.0,0.6923076923076923,19.076923076923077,19.0,1
test,4,0,125287,125287,130699,91,15,3760,7.25,8,8,2,-1000.0,0,0.0,0.0,0.0,inf,0.0,0.0,0.0,0.0,0
train,4,0,125287,125287,130699,92,15,3760,7.5,8,8,2,894.1767163150693,13,248.0,324.0,76.0,4.2631578947368425,19.0,0.6923076923076923,19.076923076923077,19.0,1
test,4,0,125287,125287,130699,92,15,3760,7.5,8,8,2,-1000.0,0,0.0,0.0,0.0,inf,0.0,0.0,0.0,0.0,0
train,4,0,125287,125287,130699,93,15,3760,7.75,8,8,2,894.1767163150693,13,248.0,324.0,76.0,4.2631578947368425,19.0,0.6923076923076923,19.076923076923077,19.0,1
test,4,0,125287,125287,130699,93,15,3760,7.75,8,8,2,-1000.0,0,0.0,0.0,0.0,inf,0.0,0.0,0.0,0.0,0
train,4,0,125287,125287,130699,94,15,1349,7.25,8,8,2,894.1767163150693,13,248.0,324.0,76.0,4.2631578947368425,19.0,0.6923076923076923,19.076923076923077,19.0,1
test,4,0,125287,125287,130699,94,15,1349,7.25,8,8,2,-1000.0,0,0.0,0.0,0.0,inf,0.0,0.0,0.0,0.0,0
train,4,0,125287,125287,130699,95,15,1349,7.5,8,8,2,894.1767163150693,13,248.0,324.0,76.0,4.2631578947368425,19.0,0.6923076923076923,19.076923076923077,19.0,1
test,4,0,125287,125287,130699,95,15,1349,7.5,8,8,2,-1000.0,0,0.0,0.0,0.0,inf,0.0,0.0,0.0,0.0,0
train,4,0,125287,125287,130699,96,15,1360,7.5,8,8,2,894.1767163150693,13,248.0,324.0,76.0,4.2631578947368425,19.0,0.6923076923076923,19.076923076923077,19.0,1
test,4,0,125287,125287,130699,96,15,1360,7.5,8,8,2,-1000.0,0,0.0,0.0,0.0,inf,0.0,0.0,0.0,0.0,0
train,4,0,125287,125287,130699,97,15,3760,7.5,8,8,2,894.1767163150693,13,248.0,324.0,76.0,4.2631578947368425,19.0,0.6923076923076923,19.076923076923077,19.0,1
test,4,0,125287,125287,130699,97,15,3760,7.5,8,8,2,-1000.0,0,0.0,0.0,0.0,inf,0.0,0.0,0.0,0.0,0
train,4,0,125287,125287,130699,98,15,3724,7.5,8,8,2,894.1767163150693,13,248.0,324.0,76.0,4.2631578947368425,19.0,0.6923076923076923,19.076923076923077,19.0,1
test,4,0,125287,125287,130699,98,15,3724,7.5,8,8,2,-1000.0,0,0.0,0.0,0.0,inf,0.0,0.0,0.0,0.0,0
train,4,0,125287,125287,130699,99,15,3724,7.5,8,8,2,894.1767163150693,13,248.0,324.0,76.0,4.2631578947368425,19.0,0.6923076923076923,19.076923076923077,19.0,1
test,4,0,125287,125287,130699,99,15,3724,7.5,8,8,2,-1000.0,0,0.0,0.0,0.0,inf,0.0,0.0,0.0,0.0,0
train,4,0,125287,125287,130699,100,15,3760,7.0,8,8,2,894.1767163150693,13,248.0,324.0,76.0,4.2631578947368425,19.0,0.6923076923076923,19.076923076923077,19.0,1
test,4,0,125287,125287,130699,100,15,3760,7.0,8,8,2,-1000.0,0,0.0,0.0,0.0,inf,0.0,0.0,0.0,0.0,0
