dataset_type,window_id,train_start,train_end,test_start,test_end,generation,min_impulse_candles,max_duration_ms,diagonal_imbalance_ratio_threshold,min_imbalance_count,take_profit_ticks,stop_loss_ticks,fitness,number_of_trades,net_profit,gross_profit,gross_loss,profit_factor,max_drawdown,win_rate,expectancy,biggest_loss,longest_losing_streak
train,1,0,22406,22406,53560,0,6,496,7.75,2,24,3,-4.6283352950392205,18,-12.0,348.0,360.0,0.9666666666666667,264.0,0.16666666666666666,-0.6666666666666666,24.0,11
test,1,0,22406,22406,53560,0,6,496,7.75,2,24,3,-105.27282340157299,39,-236.0,580.0,816.0,0.7107843137254902,340.0,0.1282051282051282,-6.051282051282051,24.0,14
train,1,0,22406,22406,53560,1,6,448,5.0,2,9,2,130.28675638332888,23,163.0,410.0,247.0,1.6599190283400809,114.0,0.43478260869565216,7.086956521739131,19.0,6
test,1,0,22406,22406,53560,1,6,448,5.0,2,9,2,-142.85424179911496,54,-486.0,369.0,855.0,0.43157894736842106,549.0,0.16666666666666666,-9.0,19.0,25
train,1,0,22406,22406,53560,2,6,448,5.0,3,19,2,53.60037313302959,17,117.0,364.0,247.0,1.4736842105263157,171.0,0.23529411764705882,6.882352941176471,19.0,9
test,1,0,22406,22406,53560,2,6,448,5.0,3,19,2,-97.6,36,-244.0,364.0,608.0,0.5986842105263158,316.0,0.1111111111111111,-6.777777777777778,19.0,15
train,1,0,22406,22406,53560,3,6,300,7.0,2,19,2,139.17427923290998,13,193.0,364.0,171.0,2.128654970760234,95.0,0.3076923076923077,14.846153846153847,19.0,5
test,1,0,22406,22406,53560,3,6,300,7.0,2,19,2,-79.34782608695652,25,-365.0,91.0,456.0,0.19956140350877194,437.0,0.04,-14.6,19.0,23
train,1,0,22406,22406,53560,4,6,448,8.75,1,9,2,185.0,25,185.0,451.0,266.0,1.6954887218045114,95.0,0.44,7.4,19.0,5
test,1,0,22406,22406,53560,4,6,448,8.75,1,9,2,-195.65299320480636,54,-426.0,410.0,836.0,0.4904306220095694,489.0,0.18518518518518517,-7.888888888888889,19.0,16
train,1,0,22406,22406,53560,5,6,281,6.25,3,9,2,251.7439175034821,15,195.0,328.0,133.0,2.4661654135338344,57.0,0.5333333333333333,13.0,19.0,3
test,1,0,22406,22406,53560,5,6,281,6.25,3,9,2,-77.63157894736842,25,-295.0,123.0,418.0,0.2942583732057416,361.0,0.12,-11.8,19.0,19
train,1,0,22406,22406,53560,6,6,300,6.25,2,9,2,571.050129148046,17,277.0,410.0,133.0,3.082706766917293,38.0,0.5882352941176471,16.294117647058822,19.0,2
test,1,0,22406,22406,53560,6,6,300,6.25,2,9,2,-88.14664500099109,29,-311.0,164.0,475.0,0.3452631578947368,377.0,0.13793103448275862,-10.724137931034482,19.0,19
train,1,0,22406,22406,53560,7,6,300,8.5,2,9,2,571.050129148046,17,277.0,410.0,133.0,3.082706766917293,38.0,0.5882352941176471,16.294117647058822,19.0,2
test,1,0,22406,22406,53560,7,6,300,8.5,2,9,2,-75.11768544535079,24,-276.0,123.0,399.0,0.3082706766917293,342.0,0.125,-11.5,19.0,18
train,1,0,22406,22406,53560,8,6,255,9.75,2,9,2,840.0934471831094,13,233.0,328.0,95.0,3.4526315789473685,19.0,0.6153846153846154,17.923076923076923,19.0,1
test,1,0,22406,22406,53560,8,6,255,9.75,2,9,2,-82.00178637535893,19,-301.0,41.0,342.0,0.11988304093567251,304.0,0.05263157894736842,-15.842105263157896,19.0,16
train,1,0,22406,22406,53560,9,6,300,8.75,2,9,2,571.050129148046,17,277.0,410.0,133.0,3.082706766917293,38.0,0.5882352941176471,16.294117647058822,19.0,2
test,1,0,22406,22406,53560,9,6,300,8.75,2,9,2,-75.11768544535079,24,-276.0,123.0,399.0,0.3082706766917293,342.0,0.125,-11.5,19.0,18
train,1,0,22406,22406,53560,10,6,300,7.5,2,9,2,571.050129148046,17,277.0,410.0,133.0,3.082706766917293,38.0,0.5882352941176471,16.294117647058822,19.0,2
test,1,0,22406,22406,53560,10,6,300,7.5,2,9,2,-85.83993142565117,28,-292.0,164.0,456.0,0.35964912280701755,358.0,0.14285714285714285,-10.428571428571429,19.0,18
train,1,0,22406,22406,53560,11,6,300,9.0,2,9,2,1025.21412397606,14,274.0,369.0,95.0,3.8842105263157896,19.0,0.6428571428571429,19.571428571428573,19.0,1
test,1,0,22406,22406,53560,11,6,300,9.0,2,9,2,-84.18138268234503,20,-320.0,41.0,361.0,0.11357340720221606,323.0,0.05,-16.0,19.0,17
train,1,0,22406,22406,53560,12,6,300,9.0,2,9,2,1025.21412397606,14,274.0,369.0,95.0,3.8842105263157896,19.0,0.6428571428571429,19.571428571428573,19.0,1
test,1,0,22406,22406,53560,12,6,300,9.0,2,9,2,-84.18138268234503,20,-320.0,41.0,361.0,0.11357340720221606,323.0,0.05,-16.0,19.0,17
train,1,0,22406,22406,53560,13,6,300,9.0,2,9,2,1025.21412397606,14,274.0,369.0,95.0,3.8842105263157896,19.0,0.6428571428571429,19.571428571428573,19.0,1
test,1,0,22406,22406,53560,13,6,300,9.0,2,9,2,-84.18138268234503,20,-320.0,41.0,361.0,0.11357340720221606,323.0,0.05,-16.0,19.0,17
train,1,0,22406,22406,53560,14,6,300,9.0,2,9,2,1025.21412397606,14,274.0,369.0,95.0,3.8842105263157896,19.0,0.6428571428571429,19.571428571428573,19.0,1
test,1,0,22406,22406,53560,14,6,300,9.0,2,9,2,-84.18138268234503,20,-320.0,41.0,361.0,0.11357340720221606,323.0,0.05,-16.0,19.0,17
train,1,0,22406,22406,53560,15,6,294,9.0,2,9,2,1025.21412397606,14,274.0,369.0,95.0,3.8842105263157896,19.0,0.6428571428571429,19.571428571428573,19.0,1
test,1,0,22406,22406,53560,15,6,294,9.0,2,9,2,-84.18138268234503,20,-320.0,41.0,361.0,0.11357340720221606,323.0,0.05,-16.0,19.0,17
train,1,0,22406,22406,53560,16,6,300,9.0,2,9,2,1025.21412397606,14,274.0,369.0,95.0,3.8842105263157896,19.0,0.6428571428571429,19.571428571428573,19.0,1
test,1,0,22406,22406,53560,16,6,300,9.0,2,9,2,-84.18138268234503,20,-320.0,41.0,361.0,0.11357340720221606,323.0,0.05,-16.0,19.0,17
train,1,0,22406,22406,53560,17,6,300,9.0,2,9,2,1025.21412397606,14,274.0,369.0,95.0,3.8842105263157896,19.0,0.6428571428571429,19.571428571428573,19.0,1
test,1,0,22406,22406,53560,17,6,300,9.0,2,9,2,-84.18138268234503,20,-320.0,41.0,361.0,0.11357340720221606,323.0,0.05,-16.0,19.0,17
train,1,0,22406,22406,53560,18,6,300,9.0,2,9,2,1025.21412397606,14,274.0,369.0,95.0,3.8842105263157896,19.0,0.6428571428571429,19.571428571428573,19.0,1
test,1,0,22406,22406,53560,18,6,300,9.0,2,9,2,-84.18138268234503,20,-320.0,41.0,361.0,0.11357340720221606,323.0,0.05,-16.0,19.0,17
train,1,0,22406,22406,53560,19,6,291,9.0,2,9,2,1025.21412397606,14,274.0,369.0,95.0,3.8842105263157896,19.0,0.6428571428571429,19.571428571428573,19.0,1
test,1,0,22406,22406,53560,19,6,291,9.0,2,9,2,-84.18138268234503,20,-320.0,41.0,361.0,0.11357340720221606,323.0,0.05,-16.0,19.0,17
train,1,0,22406,22406,53560,20,6,300,9.0,2,9,2,1025.21412397606,14,274.0,369.0,95.0,3.8842105263157896,19.0,0.6428571428571429,19.571428571428573,19.0,1
test,1,0,22406,22406,53560,20,6,300,9.0,2,9,2,-84.18138268234503,20,-320.0,41.0,361.0,0.11357340720221606,323.0,0.05,-16.0,19.0,17
train,1,0,22406,22406,53560,21,6,300,9.0,2,9,2,1025.21412397606,14,274.0,369.0,95.0,3.8842105263157896,19.0,0.6428571428571429,19.571428571428573,19.0,1
test,1,0,22406,22406,53560,21,6,300,9.0,2,9,2,-84.18138268234503,20,-320.0,41.0,361.0,0.11357340720221606,323.0,0.05,-16.0,19.0,17
train,1,0,22406,22406,53560,22,6,300,9.0,2,9,2,1025.21412397606,14,274.0,369.0,95.0,3.8842105263157896,19.0,0.6428571428571429,19.571428571428573,19.0,1
test,1,0,22406,22406,53560,22,6,300,9.0,2,9,2,-84.18138268234503,20,-320.0,41.0,361.0,0.11357340720221606,323.0,0.05,-16.0,19.0,17
train,1,0,22406,22406,53560,23,6,300,9.0,2,9,2,1025.21412397606,14,274.0,369.0,95.0,3.8842105263157896,19.0,0.6428571428571429,19.571428571428573,19.0,1
test,1,0,22406,22406,53560,23,6,300,9.0,2,9,2,-84.18138268234503,20,-320.0,41.0,361.0,0.11357340720221606,323.0,0.05,-16.0,19.0,17
train,1,0,22406,22406,53560,24,6,300,9.0,2,9,2,1025.21412397606,14,274.0,369.0,95.0,3.8842105263157896,19.0,0.6428571428571429,19.571428571428573,19.0,1
test,1,0,22406,22406,53560,24,6,300,9.0,2,9,2,-84.18138268234503,20,-320.0,41.0,361.0,0.11357340720221606,323.0,0.05,-16.0,19.0,17
train,1,0,22406,22406,53560,25,6,297,9.25,2,9,2,1025.21412397606,14,274.0,369.0,95.0,3.8842105263157896,19.0,0.6428571428571429,19.571428571428573,19.0,1
test,1,0,22406,22406,53560,25,6,297,9.25,2,9,2,-84.18138268234503,20,-320.0,41.0,361.0,0.11357340720221606,323.0,0.05,-16.0,19.0,17
train,1,0,22406,22406,53560,26,6,300,9.0,2,9,2,1025.21412397606,14,274.0,369.0,95.0,3.8842105263157896,19.0,0.6428571428571429,19.571428571428573,19.0,1
test,1,0,22406,22406,53560,26,6,300,9.0,2,9,2,-84.18138268234503,20,-320.0,41.0,361.0,0.11357340720221606,323.0,0.05,-16.0,19.0,17
train,1,0,22406,22406,53560,27,6,300,9.0,2,9,2,1025.21412397606,14,274.0,369.0,95.0,3.8842105263157896,19.0,0.6428571428571429,19.571428571428573,19.0,1
test,1,0,22406,22406,53560,27,6,300,9.0,2,9,2,-84.18138268234503,20,-320.0,41.0,361.0,0.11357340720221606,323.0,0.05,-16.0,19.0,17
train,1,0,22406,22406,53560,28,6,294,9.25,2,9,2,1025.21412397606,14,274.0,369.0,95.0,3.8842105263157896,19.0,0.6428571428571429,19.571428571428573,19.0,1
test,1,0,22406,22406,53560,28,6,294,9.25,2,9,2,-84.18138268234503,20,-320.0,41.0,361.0,0.11357340720221606,323.0,0.05,-16.0,19.0,17
train,1,0,22406,22406,53560,29,6,300,9.0,2,9,2,1025.21412397606,14,274.0,369.0,95.0,3.8842105263157896,19.0,0.6428571428571429,19.571428571428573,19.0,1
test,1,0,22406,22406,53560,29,6,300,9.0,2,9,2,-84.18138268234503,20,-320.0,41.0,361.0,0.11357340720221606,323.0,0.05,-16.0,19.0,17
train,1,0,22406,22406,53560,30,6,291,9.0,2,9,2,1025.21412397606,14,274.0,369.0,95.0,3.8842105263157896,19.0,0.6428571428571429,19.571428571428573,19.0,1
test,1,0,22406,22406,53560,30,6,291,9.0,2,9,2,-84.18138268234503,20,-320.0,41.0,361.0,0.11357340720221606,323.0,0.05,-16.0,19.0,17
train,1,0,22406,22406,53560,31,6,294,9.0,2,9,2,1025.21412397606,14,274.0,369.0,95.0,3.8842105263157896,19.0,0.6428571428571429,19.571428571428573,19.0,1
test,1,0,22406,22406,53560,31,6,294,9.0,2,9,2,-84.18138268234503,20,-320.0,41.0,361.0,0.11357340720221606,323.0,0.05,-16.0,19.0,17
train,1,0,22406,22406,53560,32,6,300,9.0,2,9,2,1025.21412397606,14,274.0,369.0,95.0,3.8842105263157896,19.0,0.6428571428571429,19.571428571428573,19.0,1
test,1,0,22406,22406,53560,32,6,300,9.0,2,9,2,-84.18138268234503,20,-320.0,41.0,361.0,0.11357340720221606,323.0,0.05,-16.0,19.0,17
train,1,0,22406,22406,53560,33,6,294,9.0,2,9,2,1025.21412397606,14,274.0,369.0,95.0,3.8842105263157896,19.0,0.6428571428571429,19.571428571428573,19.0,1
test,1,0,22406,22406,53560,33,6,294,9.0,2,9,2,-84.18138268234503,20,-320.0,41.0,361.0,0.11357340720221606,323.0,0.05,-16.0,19.0,17
train,1,0,22406,22406,53560,34,6,291,9.0,2,9,2,1025.21412397606,14,274.0,369.0,95.0,3.8842105263157896,19.0,0.6428571428571429,19.571428571428573,19.0,1
test,1,0,22406,22406,53560,34,6,291,9.0,2,9,2,-84.18138268234503,20,-320.0,41.0,361.0,0.11357340720221606,323.0,0.05,-16.0,19.0,17
train,1,0,22406,22406,53560,35,6,294,9.0,2,9,2,1025.21412397606,14,274.0,369.0,95.0,3.8842105263157896,19.0,0.6428571428571429,19.571428571428573,19.0,1
test,1,0,22406,22406,53560,35,6,294,9.0,2,9,2,-84.18138268234503,20,-320.0,41.0,361.0,0.11357340720221606,323.0,0.05,-16.0,19.0,17
train,1,0,22406,22406,53560,36,6,294,9.25,2,9,2,1025.21412397606,14,274.0,369.0,95.0,3.8842105263157896,19.0,0.6428571428571429,19.571428571428573,19.0,1
test,1,0,22406,22406,53560,36,6,294,9.25,2,9,2,-84.18138268234503,20,-320.0,41.0,361.0,0.11357340720221606,323.0,0.05,-16.0,19.0,17
train,1,0,22406,22406,53560,37,6,294,9.0,2,9,2,1025.21412397606,14,274.0,369.0,95.0,3.8842105263157896,19.0,0.6428571428571429,19.571428571428573,19.0,1
test,1,0,22406,22406,53560,37,6,294,9.0,2,9,2,-84.18138268234503,20,-320.0,41.0,361.0,0.11357340720221606,323.0,0.05,-16.0,19.0,17
train,1,0,22406,22406,53560,38,6,294,9.25,2,9,2,1025.21412397606,14,274.0,369.0,95.0,3.8842105263157896,19.0,0.6428571428571429,19.571428571428573,19.0,1
test,1,0,22406,22406,53560,38,6,294,9.25,2,9,2,-84.18138268234503,20,-320.0,41.0,361.0,0.11357340720221606,323.0,0.05,-16.0,19.0,17
train,1,0,22406,22406,53560,39,6,294,9.0,2,9,2,1025.21412397606,14,274.0,369.0,95.0,3.8842105263157896,19.0,0.6428571428571429,19.571428571428573,19.0,1
test,1,0,22406,22406,53560,39,6,294,9.0,2,9,2,-84.18138268234503,20,-320.0,41.0,361.0,0.11357340720221606,323.0,0.05,-16.0,19.0,17
train,1,0,22406,22406,53560,40,6,300,9.0,2,9,2,1025.21412397606,14,274.0,369.0,95.0,3.8842105263157896,19.0,0.6428571428571429,19.571428571428573,19.0,1
test,1,0,22406,22406,53560,40,6,300,9.0,2,9,2,-84.18138268234503,20,-320.0,41.0,361.0,0.11357340720221606,323.0,0.05,-16.0,19.0,17
train,1,0,22406,22406,53560,41,6,300,9.25,2,9,2,1025.21412397606,14,274.0,369.0,95.0,3.8842105263157896,19.0,0.6428571428571429,19.571428571428573,19.0,1
test,1,0,22406,22406,53560,41,6,300,9.25,2,9,2,-84.18138268234503,20,-320.0,41.0,361.0,0.11357340720221606,323.0,0.05,-16.0,19.0,17
train,1,0,22406,22406,53560,42,6,294,9.25,2,9,2,1025.21412397606,14,274.0,369.0,95.0,3.8842105263157896,19.0,0.6428571428571429,19.571428571428573,19.0,1
test,1,0,22406,22406,53560,42,6,294,9.25,2,9,2,-84.18138268234503,20,-320.0,41.0,361.0,0.11357340720221606,323.0,0.05,-16.0,19.0,17
train,1,0,22406,22406,53560,43,6,300,9.0,2,9,2,1025.21412397606,14,274.0,369.0,95.0,3.8842105263157896,19.0,0.6428571428571429,19.571428571428573,19.0,1
test,1,0,22406,22406,53560,43,6,300,9.0,2,9,2,-84.18138268234503,20,-320.0,41.0,361.0,0.11357340720221606,323.0,0.05,-16.0,19.0,17
train,1,0,22406,22406,53560,44,6,300,9.0,2,9,2,1025.21412397606,14,274.0,369.0,95.0,3.8842105263157896,19.0,0.6428571428571429,19.571428571428573,19.0,1
test,1,0,22406,22406,53560,44,6,300,9.0,2,9,2,-84.18138268234503,20,-320.0,41.0,361.0,0.11357340720221606,323.0,0.05,-16.0,19.0,17
train,1,0,22406,22406,53560,45,6,294,9.0,2,9,2,1025.21412397606,14,274.0,369.0,95.0,3.8842105263157896,19.0,0.6428571428571429,19.571428571428573,19.0,1
test,1,0,22406,22406,53560,45,6,294,9.0,2,9,2,-84.18138268234503,20,-320.0,41.0,361.0,0.11357340720221606,323.0,0.05,-16.0,19.0,17
train,1,0,22406,22406,53560,46,6,300,9.0,2,9,2,1025.21412397606,14,274.0,369.0,95.0,3.8842105263157896,19.0,0.6428571428571429,19.571428571428573,19.0,1
test,1,0,22406,22406,53560,46,6,300,9.0,2,9,2,-84.18138268234503,20,-320.0,41.0,361.0,0.11357340720221606,323.0,0.05,-16.0,19.0,17
train,1,0,22406,22406,53560,47,6,294,9.5,2,9,2,1025.21412397606,14,274.0,369.0,95.0,3.8842105263157896,19.0,0.6428571428571429,19.571428571428573,19.0,1
test,1,0,22406,22406,53560,47,6,294,9.5,2,9,2,-84.18138268234503,20,-320.0,41.0,361.0,0.11357340720221606,323.0,0.05,-16.0,19.0,17
train,1,0,22406,22406,53560,48,6,300,9.5,2,9,2,1025.21412397606,14,274.0,369.0,95.0,3.8842105263157896,19.0,0.6428571428571429,19.571428571428573,19.0,1
test,1,0,22406,22406,53560,48,6,300,9.5,2,9,2,-84.18138268234503,20,-320.0,41.0,361.0,0.11357340720221606,323.0,0.05,-16.0,19.0,17
train,1,0,22406,22406,53560,49,6,300,9.0,2,9,2,1025.21412397606,14,274.0,369.0,95.0,3.8842105263157896,19.0,0.6428571428571429,19.571428571428573,19.0,1
test,1,0,22406,22406,53560,49,6,300,9.0,2,9,2,-84.18138268234503,20,-320.0,41.0,361.0,0.11357340720221606,323.0,0.05,-16.0,19.0,17
train,1,0,22406,22406,53560,50,6,294,9.5,2,9,2,1025.21412397606,14,274.0,369.0,95.0,3.8842105263157896,19.0,0.6428571428571429,19.571428571428573,19.0,1
test,1,0,22406,22406,53560,50,6,294,9.5,2,9,2,-84.18138268234503,20,-320.0,41.0,361.0,0.11357340720221606,323.0,0.05,-16.0,19.0,17
train,1,0,22406,22406,53560,51,6,300,9.0,2,9,2,1025.21412397606,14,274.0,369.0,95.0,3.8842105263157896,19.0,0.6428571428571429,19.571428571428573,19.0,1
test,1,0,22406,22406,53560,51,6,300,9.0,2,9,2,-84.18138268234503,20,-320.0,41.0,361.0,0.11357340720221606,323.0,0.05,-16.0,19.0,17
train,1,0,22406,22406,53560,52,6,294,9.0,2,9,2,1025.21412397606,14,274.0,369.0,95.0,3.8842105263157896,19.0,0.6428571428571429,19.571428571428573,19.0,1
test,1,0,22406,22406,53560,52,6,294,9.0,2,9,2,-84.18138268234503,20,-320.0,41.0,361.0,0.11357340720221606,323.0,0.05,-16.0,19.0,17
train,1,0,22406,22406,53560,53,6,300,9.0,2,9,2,1025.21412397606,14,274.0,369.0,95.0,3.8842105263157896,19.0,0.6428571428571429,19.571428571428573,19.0,1
test,1,0,22406,22406,53560,53,6,300,9.0,2,9,2,-84.18138268234503,20,-320.0,41.0,361.0,0.11357340720221606,323.0,0.05,-16.0,19.0,17
train,1,0,22406,22406,53560,54,6,300,9.25,2,9,2,1025.21412397606,14,274.0,369.0,95.0,3.8842105263157896,19.0,0.6428571428571429,19.571428571428573,19.0,1
test,1,0,22406,22406,53560,54,6,300,9.25,2,9,2,-84.18138268234503,20,-320.0,41.0,361.0,0.11357340720221606,323.0,0.05,-16.0,19.0,17
train,1,0,22406,22406,53560,55,6,300,9.5,2,9,2,1025.21412397606,14,274.0,369.0,95.0,3.8842105263157896,19.0,0.6428571428571429,19.571428571428573,19.0,1
test,1,0,22406,22406,53560,55,6,300,9.5,2,9,2,-84.18138268234503,20,-320.0,41.0,361.0,0.11357340720221606,323.0,0.05,-16.0,19.0,17
train,1,0,22406,22406,53560,56,6,294,9.5,2,9,2,1025.21412397606,14,274.0,369.0,95.0,3.8842105263157896,19.0,0.6428571428571429,19.571428571428573,19.0,1
test,1,0,22406,22406,53560,56,6,294,9.5,2,9,2,-84.18138268234503,20,-320.0,41.0,361.0,0.11357340720221606,323.0,0.05,-16.0,19.0,17
train,1,0,22406,22406,53560,57,6,300,9.0,2,9,2,1025.21412397606,14,274.0,369.0,95.0,3.8842105263157896,19.0,0.6428571428571429,19.571428571428573,19.0,1
test,1,0,22406,22406,53560,57,6,300,9.0,2,9,2,-84.18138268234503,20,-320.0,41.0,361.0,0.11357340720221606,323.0,0.05,-16.0,19.0,17
train,1,0,22406,22406,53560,58,6,300,9.25,2,9,2,1025.21412397606,14,274.0,369.0,95.0,3.8842105263157896,19.0,0.6428571428571429,19.571428571428573,19.0,1
test,1,0,22406,22406,53560,58,6,300,9.25,2,9,2,-84.18138268234503,20,-320.0,41.0,361.0,0.11357340720221606,323.0,0.05,-16.0,19.0,17
train,1,0,22406,22406,53560,59,6,300,9.0,2,9,2,1025.21412397606,14,274.0,369.0,95.0,3.8842105263157896,19.0,0.6428571428571429,19.571428571428573,19.0,1
test,1,0,22406,22406,53560,59,6,300,9.0,2,9,2,-84.18138268234503,20,-320.0,41.0,361.0,0.11357340720221606,323.0,0.05,-16.0,19.0,17
train,1,0,22406,22406,53560,60,6,294,9.25,2,9,2,1025.21412397606,14,274.0,369.0,95.0,3.8842105263157896,19.0,0.6428571428571429,19.571428571428573,19.0,1
test,1,0,22406,22406,53560,60,6,294,9.25,2,9,2,-84.18138268234503,20,-320.0,41.0,361.0,0.11357340720221606,323.0,0.05,-16.0,19.0,17
train,1,0,22406,22406,53560,61,6,294,9.25,2,9,2,1025.21412397606,14,274.0,369.0,95.0,3.8842105263157896,19.0,0.6428571428571429,19.571428571428573,19.0,1
test,1,0,22406,22406,53560,61,6,294,9.25,2,9,2,-84.18138268234503,20,-320.0,41.0,361.0,0.11357340720221606,323.0,0.05,-16.0,19.0,17
train,1,0,22406,22406,53560,62,6,294,9.0,2,9,2,1025.21412397606,14,274.0,369.0,95.0,3.8842105263157896,19.0,0.6428571428571429,19.571428571428573,19.0,1
test,1,0,22406,22406,53560,62,6,294,9.0,2,9,2,-84.18138268234503,20,-320.0,41.0,361.0,0.11357340720221606,323.0,0.05,-16.0,19.0,17
train,1,0,22406,22406,53560,63,6,300,9.25,2,9,2,1025.21412397606,14,274.0,369.0,95.0,3.8842105263157896,19.0,0.6428571428571429,19.571428571428573,19.0,1
test,1,0,22406,22406,53560,63,6,300,9.25,2,9,2,-84.18138268234503,20,-320.0,41.0,361.0,0.11357340720221606,323.0,0.05,-16.0,19.0,17
train,1,0,22406,22406,53560,64,6,294,9.25,2,9,2,1025.21412397606,14,274.0,369.0,95.0,3.8842105263157896,19.0,0.6428571428571429,19.571428571428573,19.0,1
test,1,0,22406,22406,53560,64,6,294,9.25,2,9,2,-84.18138268234503,20,-320.0,41.0,361.0,0.11357340720221606,323.0,0.05,-16.0,19.0,17
train,1,0,22406,22406,53560,65,6,291,9.75,2,9,2,1025.21412397606,14,274.0,369.0,95.0,3.8842105263157896,19.0,0.6428571428571429,19.571428571428573,19.0,1
test,1,0,22406,22406,53560,65,6,291,9.75,2,9,2,-84.18138268234503,20,-320.0,41.0,361.0,0.11357340720221606,323.0,0.05,-16.0,19.0,17
train,1,0,22406,22406,53560,66,6,300,9.0,2,9,2,1025.21412397606,14,274.0,369.0,95.0,3.8842105263157896,19.0,0.6428571428571429,19.571428571428573,19.0,1
test,1,0,22406,22406,53560,66,6,300,9.0,2,9,2,-84.18138268234503,20,-320.0,41.0,361.0,0.11357340720221606,323.0,0.05,-16.0,19.0,17
train,1,0,22406,22406,53560,67,6,294,9.25,2,9,2,1025.21412397606,14,274.0,369.0,95.0,3.8842105263157896,19.0,0.6428571428571429,19.571428571428573,19.0,1
test,1,0,22406,22406,53560,67,6,294,9.25,2,9,2,-84.18138268234503,20,-320.0,41.0,361.0,0.11357340720221606,323.0,0.05,-16.0,19.0,17
train,1,0,22406,22406,53560,68,6,300,9.0,2,9,2,1025.21412397606,14,274.0,369.0,95.0,3.8842105263157896,19.0,0.6428571428571429,19.571428571428573,19.0,1
test,1,0,22406,22406,53560,68,6,300,9.0,2,9,2,-84.18138268234503,20,-320.0,41.0,361.0,0.11357340720221606,323.0,0.05,-16.0,19.0,17
train,1,0,22406,22406,53560,69,6,300,9.75,2,9,2,1025.21412397606,14,274.0,369.0,95.0,3.8842105263157896,19.0,0.6428571428571429,19.571428571428573,19.0,1
test,1,0,22406,22406,53560,69,6,300,9.75,2,9,2,-84.18138268234503,20,-320.0,41.0,361.0,0.11357340720221606,323.0,0.05,-16.0,19.0,17
train,1,0,22406,22406,53560,70,6,300,9.25,2,9,2,1025.21412397606,14,274.0,369.0,95.0,3.8842105263157896,19.0,0.6428571428571429,19.571428571428573,19.0,1
test,1,0,22406,22406,53560,70,6,300,9.25,2,9,2,-84.18138268234503,20,-320.0,41.0,361.0,0.11357340720221606,323.0,0.05,-16.0,19.0,17
train,1,0,22406,22406,53560,71,6,300,9.5,2,9,2,1025.21412397606,14,274.0,369.0,95.0,3.8842105263157896,19.0,0.6428571428571429,19.571428571428573,19.0,1
test,1,0,22406,22406,53560,71,6,300,9.5,2,9,2,-84.18138268234503,20,-320.0,41.0,361.0,0.11357340720221606,323.0,0.05,-16.0,19.0,17
train,1,0,22406,22406,53560,72,6,300,9.0,2,9,2,1025.21412397606,14,274.0,369.0,95.0,3.8842105263157896,19.0,0.6428571428571429,19.571428571428573,19.0,1
test,1,0,22406,22406,53560,72,6,300,9.0,2,9,2,-84.18138268234503,20,-320.0,41.0,361.0,0.11357340720221606,323.0,0.05,-16.0,19.0,17
train,1,0,22406,22406,53560,73,6,300,9.75,2,9,2,1025.21412397606,14,274.0,369.0,95.0,3.8842105263157896,19.0,0.6428571428571429,19.571428571428573,19.0,1
test,1,0,22406,22406,53560,73,6,300,9.75,2,9,2,-84.18138268234503,20,-320.0,41.0,361.0,0.11357340720221606,323.0,0.05,-16.0,19.0,17
train,1,0,22406,22406,53560,74,6,294,9.25,2,9,2,1025.21412397606,14,274.0,369.0,95.0,3.8842105263157896,19.0,0.6428571428571429,19.571428571428573,19.0,1
test,1,0,22406,22406,53560,74,6,294,9.25,2,9,2,-84.18138268234503,20,-320.0,41.0,361.0,0.11357340720221606,323.0,0.05,-16.0,19.0,17
train,1,0,22406,22406,53560,75,6,300,9.0,2,9,2,1025.21412397606,14,274.0,369.0,95.0,3.8842105263157896,19.0,0.6428571428571429,19.571428571428573,19.0,1
test,1,0,22406,22406,53560,75,6,300,9.0,2,9,2,-84.18138268234503,20,-320.0,41.0,361.0,0.11357340720221606,323.0,0.05,-16.0,19.0,17
train,1,0,22406,22406,53560,76,6,300,9.25,2,9,2,1025.21412397606,14,274.0,369.0,95.0,3.8842105263157896,19.0,0.6428571428571429,19.571428571428573,19.0,1
test,1,0,22406,22406,53560,76,6,300,9.25,2,9,2,-84.18138268234503,20,-320.0,41.0,361.0,0.11357340720221606,323.0,0.05,-16.0,19.0,17
train,1,0,22406,22406,53560,77,6,300,9.0,2,9,2,1025.21412397606,14,274.0,369.0,95.0,3.8842105263157896,19.0,0.6428571428571429,19.571428571428573,19.0,1
test,1,0,22406,22406,53560,77,6,300,9.0,2,9,2,-84.18138268234503,20,-320.0,41.0,361.0,0.11357340720221606,323.0,0.05,-16.0,19.0,17
train,1,0,22406,22406,53560,78,6,300,9.0,2,9,2,1025.21412397606,14,274.0,369.0,95.0,3.8842105263157896,19.0,0.6428571428571429,19.571428571428573,19.0,1
test,1,0,22406,22406,53560,78,6,300,9.0,2,9,2,-84.18138268234503,20,-320.0,41.0,361.0,0.11357340720221606,323.0,0.05,-16.0,19.0,17
train,1,0,22406,22406,53560,79,6,300,9.0,2,9,2,1025.21412397606,14,274.0,369.0,95.0,3.8842105263157896,19.0,0.6428571428571429,19.571428571428573,19.0,1
test,1,0,22406,22406,53560,79,6,300,9.0,2,9,2,-84.18138268234503,20,-320.0,41.0,361.0,0.11357340720221606,323.0,0.05,-16.0,19.0,17
train,1,0,22406,22406,53560,80,6,300,9.25,2,9,2,1025.21412397606,14,274.0,369.0,95.0,3.8842105263157896,19.0,0.6428571428571429,19.571428571428573,19.0,1
test,1,0,22406,22406,53560,80,6,300,9.25,2,9,2,-84.18138268234503,20,-320.0,41.0,361.0,0.11357340720221606,323.0,0.05,-16.0,19.0,17
train,1,0,22406,22406,53560,81,6,300,9.0,2,9,2,1025.21412397606,14,274.0,369.0,95.0,3.8842105263157896,19.0,0.6428571428571429,19.571428571428573,19.0,1
test,1,0,22406,22406,53560,81,6,300,9.0,2,9,2,-84.18138268234503,20,-320.0,41.0,361.0,0.11357340720221606,323.0,0.05,-16.0,19.0,17
train,1,0,22406,22406,53560,82,6,294,9.0,2,9,2,1025.21412397606,14,274.0,369.0,95.0,3.8842105263157896,19.0,0.6428571428571429,19.571428571428573,19.0,1
test,1,0,22406,22406,53560,82,6,294,9.0,2,9,2,-84.18138268234503,20,-320.0,41.0,361.0,0.11357340720221606,323.0,0.05,-16.0,19.0,17
train,1,0,22406,22406,53560,83,6,327,9.0,2,8,2,1026.3405867449655,15,265.0,360.0,95.0,3.789473684210526,19.0,0.6666666666666666,17.666666666666668,19.0,1
test,1,0,22406,22406,53560,83,6,327,9.0,2,8,2,-74.16719920220798,22,-253.0,108.0,361.0,0.29916897506925205,304.0,0.13636363636363635,-11.5,19.0,16
train,1,0,22406,22406,53560,84,6,327,9.0,2,8,2,1026.3405867449655,15,265.0,360.0,95.0,3.789473684210526,19.0,0.6666666666666666,17.666666666666668,19.0,1
test,1,0,22406,22406,53560,84,6,327,9.0,2,8,2,-74.16719920220798,22,-253.0,108.0,361.0,0.29916897506925205,304.0,0.13636363636363635,-11.5,19.0,16
train,1,0,22406,22406,53560,85,6,327,9.0,2,8,2,1026.3405867449655,15,265.0,360.0,95.0,3.789473684210526,19.0,0.6666666666666666,17.666666666666668,19.0,1
test,1,0,22406,22406,53560,85,6,327,9.0,2,8,2,-74.16719920220798,22,-253.0,108.0,361.0,0.29916897506925205,304.0,0.13636363636363635,-11.5,19.0,16
train,1,0,22406,22406,53560,86,6,327,9.0,2,8,2,1026.3405867449655,15,265.0,360.0,95.0,3.789473684210526,19.0,0.6666666666666666,17.666666666666668,19.0,1
test,1,0,22406,22406,53560,86,6,327,9.0,2,8,2,-74.16719920220798,22,-253.0,108.0,361.0,0.29916897506925205,304.0,0.13636363636363635,-11.5,19.0,16
train,1,0,22406,22406,53560,87,6,300,9.25,2,9,2,1025.21412397606,14,274.0,369.0,95.0,3.8842105263157896,19.0,0.6428571428571429,19.571428571428573,19.0,1
test,1,0,22406,22406,53560,87,6,300,9.25,2,9,2,-84.18138268234503,20,-320.0,41.0,361.0,0.11357340720221606,323.0,0.05,-16.0,19.0,17
train,1,0,22406,22406,53560,88,6,300,9.5,2,9,2,1025.21412397606,14,274.0,369.0,95.0,3.8842105263157896,19.0,0.6428571428571429,19.571428571428573,19.0,1
test,1,0,22406,22406,53560,88,6,300,9.5,2,9,2,-84.18138268234503,20,-320.0,41.0,361.0,0.11357340720221606,323.0,0.05,-16.0,19.0,17
train,1,0,22406,22406,53560,89,6,300,9.25,2,9,2,1025.21412397606,14,274.0,369.0,95.0,3.8842105263157896,19.0,0.6428571428571429,19.571428571428573,19.0,1
test,1,0,22406,22406,53560,89,6,300,9.25,2,9,2,-84.18138268234503,20,-320.0,41.0,361.0,0.11357340720221606,323.0,0.05,-16.0,19.0,17
train,1,0,22406,22406,53560,90,6,300,9.25,2,9,2,1025.21412397606,14,274.0,369.0,95.0,3.8842105263157896,19.0,0.6428571428571429,19.571428571428573,19.0,1
test,1,0,22406,22406,53560,90,6,300,9.25,2,9,2,-84.18138268234503,20,-320.0,41.0,361.0,0.11357340720221606,323.0,0.05,-16.0,19.0,17
train,1,0,22406,22406,53560,91,6,300,9.0,2,9,2,1025.21412397606,14,274.0,369.0,95.0,3.8842105263157896,19.0,0.6428571428571429,19.571428571428573,19.0,1
test,1,0,22406,22406,53560,91,6,300,9.0,2,9,2,-84.18138268234503,20,-320.0,41.0,361.0,0.11357340720221606,323.0,0.05,-16.0,19.0,17
train,1,0,22406,22406,53560,92,6,300,9.0,2,9,2,1025.21412397606,14,274.0,369.0,95.0,3.8842105263157896,19.0,0.6428571428571429,19.571428571428573,19.0,1
test,1,0,22406,22406,53560,92,6,300,9.0,2,9,2,-84.18138268234503,20,-320.0,41.0,361.0,0.11357340720221606,323.0,0.05,-16.0,19.0,17
train,1,0,22406,22406,53560,93,6,294,9.25,2,9,2,1025.21412397606,14,274.0,369.0,95.0,3.8842105263157896,19.0,0.6428571428571429,19.571428571428573,19.0,1
test,1,0,22406,22406,53560,93,6,294,9.25,2,9,2,-84.18138268234503,20,-320.0,41.0,361.0,0.11357340720221606,323.0,0.05,-16.0,19.0,17
train,1,0,22406,22406,53560,94,6,300,9.0,2,9,2,1025.21412397606,14,274.0,369.0,95.0,3.8842105263157896,19.0,0.6428571428571429,19.571428571428573,19.0,1
test,1,0,22406,22406,53560,94,6,300,9.0,2,9,2,-84.18138268234503,20,-320.0,41.0,361.0,0.11357340720221606,323.0,0.05,-16.0,19.0,17
train,1,0,22406,22406,53560,95,6,297,9.25,2,9,2,1025.21412397606,14,274.0,369.0,95.0,3.8842105263157896,19.0,0.6428571428571429,19.571428571428573,19.0,1
test,1,0,22406,22406,53560,95,6,297,9.25,2,9,2,-84.18138268234503,20,-320.0,41.0,361.0,0.11357340720221606,323.0,0.05,-16.0,19.0,17
train,1,0,22406,22406,53560,96,6,300,9.25,2,9,2,1025.21412397606,14,274.0,369.0,95.0,3.8842105263157896,19.0,0.6428571428571429,19.571428571428573,19.0,1
test,1,0,22406,22406,53560,96,6,300,9.25,2,9,2,-84.18138268234503,20,-320.0,41.0,361.0,0.11357340720221606,323.0,0.05,-16.0,19.0,17
train,1,0,22406,22406,53560,97,6,300,9.25,2,9,2,1025.21412397606,14,274.0,369.0,95.0,3.8842105263157896,19.0,0.6428571428571429,19.571428571428573,19.0,1
test,1,0,22406,22406,53560,97,6,300,9.25,2,9,2,-84.18138268234503,20,-320.0,41.0,361.0,0.11357340720221606,323.0,0.05,-16.0,19.0,17
train,1,0,22406,22406,53560,98,6,300,9.25,2,9,2,1025.21412397606,14,274.0,369.0,95.0,3.8842105263157896,19.0,0.6428571428571429,19.571428571428573,19.0,1
test,1,0,22406,22406,53560,98,6,300,9.25,2,9,2,-84.18138268234503,20,-320.0,41.0,361.0,0.11357340720221606,323.0,0.05,-16.0,19.0,17
train,1,0,22406,22406,53560,99,6,300,9.5,2,9,2,1025.21412397606,14,274.0,369.0,95.0,3.8842105263157896,19.0,0.6428571428571429,19.571428571428573,19.0,1
test,1,0,22406,22406,53560,99,6,300,9.5,2,9,2,-84.18138268234503,20,-320.0,41.0,361.0,0.11357340720221606,323.0,0.05,-16.0,19.0,17
train,1,0,22406,22406,53560,100,6,300,9.0,2,9,2,1025.21412397606,14,274.0,369.0,95.0,3.8842105263157896,19.0,0.6428571428571429,19.571428571428573,19.0,1
test,1,0,22406,22406,53560,100,6,300,9.0,2,9,2,-84.18138268234503,20,-320.0,41.0,361.0,0.11357340720221606,323.0,0.05,-16.0,19.0,17
train,2,22406,53560,53560,86986,0,10,1023,4.0,4,8,2,25.238858928247925,13,28.0,180.0,152.0,1.1842105263157894,97.0,0.38461538461538464,2.1538461538461537,19.0,4
test,2,22406,53560,53560,86986,0,10,1023,4.0,4,8,2,36.4828726939094,11,66.0,180.0,114.0,1.5789473684210527,114.0,0.45454545454545453,6.0,19.0,6
train,2,22406,53560,53560,86986,1,11,3378,9.5,1,5,4,41.46383966783588,13,23.0,168.0,145.0,1.1586206896551725,95.0,0.6153846153846154,1.7692307692307692,29.0,2
test,2,22406,53560,53560,86986,1,11,3378,9.5,1,5,4,-42.1637021355784,10,-40.0,105.0,145.0,0.7241379310344828,124.0,0.5,-4.0,29.0,3
train,2,22406,53560,53560,86986,2,13,1023,4.0,1,8,2,16.770509831248425,5,15.0,72.0,57.0,1.263157894736842,38.0,0.4,3.0,19.0,2
test,2,22406,53560,53560,86986,2,13,1023,4.0,1,8,2,-1000.0,4,144.0,144.0,0.0,inf,0.0,1.0,36.0,0.0,0
train,2,22406,53560,53560,86986,3,10,2894,6.25,1,12,2,52.1749194749951,20,70.0,336.0,266.0,1.263157894736842,114.0,0.3,3.5,19.0,6
test,2,22406,53560,53560,86986,3,10,2894,6.25,1,12,2,-33.09259735953042,18,-117.0,168.0,285.0,0.5894736842105263,285.0,0.16666666666666666,-6.5,19.0,15
train,2,22406,53560,53560,86986,4,10,1043,5.5,1,12,2,75.45321398058535,11,91.0,224.0,133.0,1.6842105263157894,77.0,0.36363636363636365,8.272727272727273,19.0,4
test,2,22406,53560,53560,86986,4,10,1043,5.5,1,12,2,-7.932212806020776,13,-22.0,168.0,190.0,0.8842105263157894,190.0,0.23076923076923078,-1.6923076923076923,19.0,10
train,2,22406,53560,53560,86986,5,9,1023,4.0,6,8,2,58.09475019311125,15,45.0,216.0,171.0,1.263157894736842,80.0,0.4,3.0,19.0,3
test,2,22406,53560,53560,86986,5,9,1023,4.0,6,8,2,-5.091168824543142,18,-12.0,216.0,228.0,0.9473684210526315,192.0,0.3333333333333333,-0.6666666666666666,19.0,10
train,2,22406,53560,53560,86986,6,10,2534,4.0,1,9,2,102.87856919689347,24,84.0,369.0,285.0,1.2947368421052632,83.0,0.375,3.5,19.0,4
test,2,22406,53560,53560,86986,6,10,2534,4.0,1,9,2,-32.52462512726967,20,-80.0,205.0,285.0,0.7192982456140351,244.0,0.25,-4.0,19.0,11
train,2,22406,53560,53560,86986,7,10,2534,5.5,1,9,2,102.87856919689347,24,84.0,369.0,285.0,1.2947368421052632,83.0,0.375,3.5,19.0,4
test,2,22406,53560,53560,86986,7,10,2534,5.5,1,9,2,-32.52462512726967,20,-80.0,205.0,285.0,0.7192982456140351,244.0,0.25,-4.0,19.0,11
train,2,22406,53560,53560,86986,8,9,1023,3.75,7,8,2,79.82202425117741,14,64.0,216.0,152.0,1.4210526315789473,61.0,0.42857142857142855,4.571428571428571,19.0,3
test,2,22406,53560,53560,86986,8,9,1023,3.75,7,8,2,-23.688077169749338,18,-67.0,180.0,247.0,0.728744939271255,228.0,0.2777777777777778,-3.7222222222222223,19.0,12
train,2,22406,53560,53560,86986,9,9,1147,5.5,7,8,2,73.5,9,49.0,144.0,95.0,1.5157894736842106,38.0,0.4444444444444444,5.444444444444445,19.0,2
test,2,22406,53560,53560,86986,9,9,1147,5.5,7,8,2,-10.816653826391967,13,-27.0,144.0,171.0,0.8421052631578947,171.0,0.3076923076923077,-2.076923076923077,19.0,9
train,2,22406,53560,53560,86986,10,11,1023,4.0,4,6,2,103.23759005323595,8,73.0,130.0,57.0,2.280701754385965,38.0,0.625,9.125,19.0,2
test,2,22406,53560,53560,86986,10,11,1023,4.0,4,6,2,80.83316151184486,6,66.0,104.0,38.0,2.736842105263158,38.0,0.6666666666666666,11.0,19.0,2
train,2,22406,53560,53560,86986,11,9,950,3.75,4,10,2,101.6658128379447,15,105.0,276.0,171.0,1.6140350877192982,76.0,0.4,7.0,19.0,4
test,2,22406,53560,53560,86986,11,9,950,3.75,4,10,2,-33.55451274335223,22,-93.0,230.0,323.0,0.7120743034055728,277.0,0.22727272727272727,-4.2272727272727275,19.0,13
train,2,22406,53560,53560,86986,12,9,912,4.0,7,8,2,134.39680055715613,10,85.0,180.0,95.0,1.894736842105263,38.0,0.5,8.5,19.0,2
test,2,22406,53560,53560,86986,12,9,912,4.0,7,8,2,-11.6,16,-29.0,180.0,209.0,0.861244019138756,190.0,0.3125,-1.8125,19.0,10
train,2,22406,53560,53560,86986,13,7,950,4.0,7,12,2,150.9064279611707,11,91.0,224.0,133.0,1.6842105263157894,38.0,0.36363636363636365,8.272727272727273,19.0,2
test,2,22406,53560,53560,86986,13,7,950,4.0,7,12,2,40.57142857142857,16,71.0,280.0,209.0,1.3397129186602872,133.0,0.3125,4.4375,19.0,7
train,2,22406,53560,53560,86986,14,9,912,3.75,7,8,2,200.65579981650168,11,121.0,216.0,95.0,2.2736842105263158,38.0,0.5454545454545454,11.0,19.0,2
test,2,22406,53560,53560,86986,14,9,912,3.75,7,8,2,-23.688077169749338,18,-67.0,180.0,247.0,0.728744939271255,228.0,0.2777777777777778,-3.7222222222222223,19.0,12
train,2,22406,53560,53560,86986,15,9,912,3.75,7,8,2,200.65579981650168,11,121.0,216.0,95.0,2.2736842105263158,38.0,0.5454545454545454,11.0,19.0,2
test,2,22406,53560,53560,86986,15,9,912,3.75,7,8,2,-23.688077169749338,18,-67.0,180.0,247.0,0.728744939271255,228.0,0.2777777777777778,-3.7222222222222223,19.0,12
train,2,22406,53560,53560,86986,16,9,796,3.75,7,8,2,200.65579981650168,11,121.0,216.0,95.0,2.2736842105263158,38.0,0.5454545454545454,11.0,19.0,2
test,2,22406,53560,53560,86986,16,9,796,3.75,7,8,2,-23.688077169749338,18,-67.0,180.0,247.0,0.728744939271255,228.0,0.2777777777777778,-3.7222222222222223,19.0,12
train,2,22406,53560,53560,86986,17,9,839,3.75,7,8,2,200.65579981650168,11,121.0,216.0,95.0,2.2736842105263158,38.0,0.5454545454545454,11.0,19.0,2
test,2,22406,53560,53560,86986,17,9,839,3.75,7,8,2,-23.688077169749338,18,-67.0,180.0,247.0,0.728744939271255,228.0,0.2777777777777778,-3.7222222222222223,19.0,12
train,2,22406,53560,53560,86986,18,9,912,4.0,8,6,2,206.4751801064719,8,73.0,130.0,57.0,2.280701754385965,19.0,0.625,9.125,19.0,1
test,2,22406,53560,53560,86986,18,9,912,4.0,8,6,2,-32.178253526255894,14,-86.0,104.0,190.0,0.5473684210526316,190.0,0.2857142857142857,-6.142857142857143,19.0,10
train,2,22406,53560,53560,86986,19,9,883,3.5,8,8,2,200.65579981650168,11,121.0,216.0,95.0,2.2736842105263158,38.0,0.5454545454545454,11.0,19.0,2
test,2,22406,53560,53560,86986,19,9,883,3.5,8,8,2,-4.303314829119352,15,-10.0,180.0,190.0,0.9473684210526315,171.0,0.3333333333333333,-0.6666666666666666,19.0,9
train,2,22406,53560,53560,86986,20,9,796,3.5,8,8,2,200.65579981650168,11,121.0,216.0,95.0,2.2736842105263158,38.0,0.5454545454545454,11.0,19.0,2
test,2,22406,53560,53560,86986,20,9,796,3.5,8,8,2,-4.303314829119352,15,-10.0,180.0,190.0,0.9473684210526315,171.0,0.3333333333333333,-0.6666666666666666,19.0,9
train,2,22406,53560,53560,86986,21,9,912,3.5,7,8,2,200.65579981650168,11,121.0,216.0,95.0,2.2736842105263158,38.0,0.5454545454545454,11.0,19.0,2
test,2,22406,53560,53560,86986,21,9,912,3.5,7,8,2,-23.688077169749338,18,-67.0,180.0,247.0,0.728744939271255,228.0,0.2777777777777778,-3.7222222222222223,19.0,12
train,2,22406,53560,53560,86986,22,9,796,3.75,8,8,2,200.65579981650168,11,121.0,216.0,95.0,2.2736842105263158,38.0,0.5454545454545454,11.0,19.0,2
test,2,22406,53560,53560,86986,22,9,796,3.75,8,8,2,-4.303314829119352,15,-10.0,180.0,190.0,0.9473684210526315,171.0,0.3333333333333333,-0.6666666666666666,19.0,9
train,2,22406,53560,53560,86986,23,9,796,3.75,7,8,2,200.65579981650168,11,121.0,216.0,95.0,2.2736842105263158,38.0,0.5454545454545454,11.0,19.0,2
test,2,22406,53560,53560,86986,23,9,796,3.75,7,8,2,-23.688077169749338,18,-67.0,180.0,247.0,0.728744939271255,228.0,0.2777777777777778,-3.7222222222222223,19.0,12
train,2,22406,53560,53560,86986,24,9,875,3.75,7,8,2,200.65579981650168,11,121.0,216.0,95.0,2.2736842105263158,38.0,0.5454545454545454,11.0,19.0,2
test,2,22406,53560,53560,86986,24,9,875,3.75,7,8,2,-23.688077169749338,18,-67.0,180.0,247.0,0.728744939271255,228.0,0.2777777777777778,-3.7222222222222223,19.0,12
train,2,22406,53560,53560,86986,25,9,839,3.5,7,8,2,200.65579981650168,11,121.0,216.0,95.0,2.2736842105263158,38.0,0.5454545454545454,11.0,19.0,2
test,2,22406,53560,53560,86986,25,9,839,3.5,7,8,2,-23.688077169749338,18,-67.0,180.0,247.0,0.728744939271255,228.0,0.2777777777777778,-3.7222222222222223,19.0,12
train,2,22406,53560,53560,86986,26,9,839,3.75,8,8,2,200.65579981650168,11,121.0,216.0,95.0,2.2736842105263158,38.0,0.5454545454545454,11.0,19.0,2
test,2,22406,53560,53560,86986,26,9,839,3.75,8,8,2,-4.303314829119352,15,-10.0,180.0,190.0,0.9473684210526315,171.0,0.3333333333333333,-0.6666666666666666,19.0,9
train,2,22406,53560,53560,86986,27,9,912,3.75,8,8,2,200.65579981650168,11,121.0,216.0,95.0,2.2736842105263158,38.0,0.5454545454545454,11.0,19.0,2
test,2,22406,53560,53560,86986,27,9,912,3.75,8,8,2,-4.303314829119352,15,-10.0,180.0,190.0,0.9473684210526315,171.0,0.3333333333333333,-0.6666666666666666,19.0,9
train,2,22406,53560,53560,86986,28,9,796,3.75,7,8,2,200.65579981650168,11,121.0,216.0,95.0,2.2736842105263158,38.0,0.5454545454545454,11.0,19.0,2
test,2,22406,53560,53560,86986,28,9,796,3.75,7,8,2,-23.688077169749338,18,-67.0,180.0,247.0,0.728744939271255,228.0,0.2777777777777778,-3.7222222222222223,19.0,12
train,2,22406,53560,53560,86986,29,9,796,3.5,7,8,2,200.65579981650168,11,121.0,216.0,95.0,2.2736842105263158,38.0,0.5454545454545454,11.0,19.0,2
test,2,22406,53560,53560,86986,29,9,796,3.5,7,8,2,-23.688077169749338,18,-67.0,180.0,247.0,0.728744939271255,228.0,0.2777777777777778,-3.7222222222222223,19.0,12
train,2,22406,53560,53560,86986,30,9,796,3.75,7,8,2,200.65579981650168,11,121.0,216.0,95.0,2.2736842105263158,38.0,0.5454545454545454,11.0,19.0,2
test,2,22406,53560,53560,86986,30,9,796,3.75,7,8,2,-23.688077169749338,18,-67.0,180.0,247.0,0.728744939271255,228.0,0.2777777777777778,-3.7222222222222223,19.0,12
train,2,22406,53560,53560,86986,31,9,912,3.75,7,8,2,200.65579981650168,11,121.0,216.0,95.0,2.2736842105263158,38.0,0.5454545454545454,11.0,19.0,2
test,2,22406,53560,53560,86986,31,9,912,3.75,7,8,2,-23.688077169749338,18,-67.0,180.0,247.0,0.728744939271255,228.0,0.2777777777777778,-3.7222222222222223,19.0,12
train,2,22406,53560,53560,86986,32,9,756,3.25,7,8,2,200.65579981650168,11,121.0,216.0,95.0,2.2736842105263158,38.0,0.5454545454545454,11.0,19.0,2
test,2,22406,53560,53560,86986,32,9,756,3.25,7,8,2,-17.991733639058882,17,-48.0,180.0,228.0,0.7894736842105263,209.0,0.29411764705882354,-2.823529411764706,19.0,11
train,2,22406,53560,53560,86986,33,9,756,3.0,8,8,2,200.65579981650168,11,121.0,216.0,95.0,2.2736842105263158,38.0,0.5454545454545454,11.0,19.0,2
test,2,22406,53560,53560,86986,33,9,756,3.0,8,8,2,-4.303314829119352,15,-10.0,180.0,190.0,0.9473684210526315,171.0,0.3333333333333333,-0.6666666666666666,19.0,9
train,2,22406,53560,53560,86986,34,9,756,3.75,8,8,2,200.65579981650168,11,121.0,216.0,95.0,2.2736842105263158,38.0,0.5454545454545454,11.0,19.0,2
test,2,22406,53560,53560,86986,34,9,756,3.75,8,8,2,-4.303314829119352,15,-10.0,180.0,190.0,0.9473684210526315,171.0,0.3333333333333333,-0.6666666666666666,19.0,9
train,2,22406,53560,53560,86986,35,9,796,3.5,7,8,2,200.65579981650168,11,121.0,216.0,95.0,2.2736842105263158,38.0,0.5454545454545454,11.0,19.0,2
test,2,22406,53560,53560,86986,35,9,796,3.5,7,8,2,-23.688077169749338,18,-67.0,180.0,247.0,0.728744939271255,228.0,0.2777777777777778,-3.7222222222222223,19.0,12
train,2,22406,53560,53560,86986,36,9,853,3.0,7,8,2,200.65579981650168,11,121.0,216.0,95.0,2.2736842105263158,38.0,0.5454545454545454,11.0,19.0,2
test,2,22406,53560,53560,86986,36,9,853,3.0,7,8,2,-23.688077169749338,18,-67.0,180.0,247.0,0.728744939271255,228.0,0.2777777777777778,-3.7222222222222223,19.0,12
train,2,22406,53560,53560,86986,37,9,796,3.5,8,8,2,200.65579981650168,11,121.0,216.0,95.0,2.2736842105263158,38.0,0.5454545454545454,11.0,19.0,2
test,2,22406,53560,53560,86986,37,9,796,3.5,8,8,2,-4.303314829119352,15,-10.0,180.0,190.0,0.9473684210526315,171.0,0.3333333333333333,-0.6666666666666666,19.0,9
train,2,22406,53560,53560,86986,38,9,756,3.5,8,8,2,200.65579981650168,11,121.0,216.0,95.0,2.2736842105263158,38.0,0.5454545454545454,11.0,19.0,2
test,2,22406,53560,53560,86986,38,9,756,3.5,8,8,2,-4.303314829119352,15,-10.0,180.0,190.0,0.9473684210526315,171.0,0.3333333333333333,-0.6666666666666666,19.0,9
train,2,22406,53560,53560,86986,39,9,827,3.25,8,8,2,200.65579981650168,11,121.0,216.0,95.0,2.2736842105263158,38.0,0.5454545454545454,11.0,19.0,2
test,2,22406,53560,53560,86986,39,9,827,3.25,8,8,2,-4.303314829119352,15,-10.0,180.0,190.0,0.9473684210526315,171.0,0.3333333333333333,-0.6666666666666666,19.0,9
train,2,22406,53560,53560,86986,40,9,855,3.25,7,8,2,200.65579981650168,11,121.0,216.0,95.0,2.2736842105263158,38.0,0.5454545454545454,11.0,19.0,2
test,2,22406,53560,53560,86986,40,9,855,3.25,7,8,2,-23.688077169749338,18,-67.0,180.0,247.0,0.728744939271255,228.0,0.2777777777777778,-3.7222222222222223,19.0,12
train,2,22406,53560,53560,86986,41,9,796,3.25,7,8,2,200.65579981650168,11,121.0,216.0,95.0,2.2736842105263158,38.0,0.5454545454545454,11.0,19.0,2
test,2,22406,53560,53560,86986,41,9,796,3.25,7,8,2,-23.688077169749338,18,-67.0,180.0,247.0,0.728744939271255,228.0,0.2777777777777778,-3.7222222222222223,19.0,12
train,2,22406,53560,53560,86986,42,9,820,3.25,7,8,2,200.65579981650168,11,121.0,216.0,95.0,2.2736842105263158,38.0,0.5454545454545454,11.0,19.0,2
test,2,22406,53560,53560,86986,42,9,820,3.25,7,8,2,-23.688077169749338,18,-67.0,180.0,247.0,0.728744939271255,228.0,0.2777777777777778,-3.7222222222222223,19.0,12
train,2,22406,53560,53560,86986,43,9,827,3.5,8,8,2,200.65579981650168,11,121.0,216.0,95.0,2.2736842105263158,38.0,0.5454545454545454,11.0,19.0,2
test,2,22406,53560,53560,86986,43,9,827,3.5,8,8,2,-4.303314829119352,15,-10.0,180.0,190.0,0.9473684210526315,171.0,0.3333333333333333,-0.6666666666666666,19.0,9
train,2,22406,53560,53560,86986,44,9,740,3.5,7,8,2,200.65579981650168,11,121.0,216.0,95.0,2.2736842105263158,38.0,0.5454545454545454,11.0,19.0,2
test,2,22406,53560,53560,86986,44,9,740,3.5,7,8,2,-11.6,16,-29.0,180.0,209.0,0.861244019138756,190.0,0.3125,-1.8125,19.0,10
train,2,22406,53560,53560,86986,45,9,760,3.5,7,8,2,200.65579981650168,11,121.0,216.0,95.0,2.2736842105263158,38.0,0.5454545454545454,11.0,19.0,2
test,2,22406,53560,53560,86986,45,9,760,3.5,7,8,2,-17.991733639058882,17,-48.0,180.0,228.0,0.7894736842105263,209.0,0.29411764705882354,-2.823529411764706,19.0,11
train,2,22406,53560,53560,86986,46,9,855,3.25,7,8,2,200.65579981650168,11,121.0,216.0,95.0,2.2736842105263158,38.0,0.5454545454545454,11.0,19.0,2
test,2,22406,53560,53560,86986,46,9,855,3.25,7,8,2,-23.688077169749338,18,-67.0,180.0,247.0,0.728744939271255,228.0,0.2777777777777778,-3.7222222222222223,19.0,12
train,2,22406,53560,53560,86986,47,9,796,3.25,7,8,2,200.65579981650168,11,121.0,216.0,95.0,2.2736842105263158,38.0,0.5454545454545454,11.0,19.0,2
test,2,22406,53560,53560,86986,47,9,796,3.25,7,8,2,-23.688077169749338,18,-67.0,180.0,247.0,0.728744939271255,228.0,0.2777777777777778,-3.7222222222222223,19.0,12
train,2,22406,53560,53560,86986,48,9,811,3.25,7,8,2,200.65579981650168,11,121.0,216.0,95.0,2.2736842105263158,38.0,0.5454545454545454,11.0,19.0,2
test,2,22406,53560,53560,86986,48,9,811,3.25,7,8,2,-23.688077169749338,18,-67.0,180.0,247.0,0.728744939271255,228.0,0.2777777777777778,-3.7222222222222223,19.0,12
train,2,22406,53560,53560,86986,49,9,803,3.75,7,8,2,200.65579981650168,11,121.0,216.0,95.0,2.2736842105263158,38.0,0.5454545454545454,11.0,19.0,2
test,2,22406,53560,53560,86986,49,9,803,3.75,7,8,2,-23.688077169749338,18,-67.0,180.0,247.0,0.728744939271255,228.0,0.2777777777777778,-3.7222222222222223,19.0,12
train,2,22406,53560,53560,86986,50,9,820,3.25,7,8,2,200.65579981650168,11,121.0,216.0,95.0,2.2736842105263158,38.0,0.5454545454545454,11.0,19.0,2
test,2,22406,53560,53560,86986,50,9,820,3.25,7,8,2,-23.688077169749338,18,-67.0,180.0,247.0,0.728744939271255,228.0,0.2777777777777778,-3.7222222222222223,19.0,12
train,2,22406,53560,53560,86986,51,9,796,3.5,7,8,2,200.65579981650168,11,121.0,216.0,95.0,2.2736842105263158,38.0,0.5454545454545454,11.0,19.0,2
test,2,22406,53560,53560,86986,51,9,796,3.5,7,8,2,-23.688077169749338,18,-67.0,180.0,247.0,0.728744939271255,228.0,0.2777777777777778,-3.7222222222222223,19.0,12
train,2,22406,53560,53560,86986,52,9,796,3.75,8,8,2,200.65579981650168,11,121.0,216.0,95.0,2.2736842105263158,38.0,0.5454545454545454,11.0,19.0,2
test,2,22406,53560,53560,86986,52,9,796,3.75,8,8,2,-4.303314829119352,15,-10.0,180.0,190.0,0.9473684210526315,171.0,0.3333333333333333,-0.6666666666666666,19.0,9
train,2,22406,53560,53560,86986,53,9,788,3.0,7,8,2,200.65579981650168,11,121.0,216.0,95.0,2.2736842105263158,38.0,0.5454545454545454,11.0,19.0,2
test,2,22406,53560,53560,86986,53,9,788,3.0,7,8,2,-23.688077169749338,18,-67.0,180.0,247.0,0.728744939271255,228.0,0.2777777777777778,-3.7222222222222223,19.0,12
train,2,22406,53560,53560,86986,54,9,912,3.0,8,8,2,200.65579981650168,11,121.0,216.0,95.0,2.2736842105263158,38.0,0.5454545454545454,11.0,19.0,2
test,2,22406,53560,53560,86986,54,9,912,3.0,8,8,2,-4.303314829119352,15,-10.0,180.0,190.0,0.9473684210526315,171.0,0.3333333333333333,-0.6666666666666666,19.0,9
train,2,22406,53560,53560,86986,55,9,912,3.75,7,8,2,200.65579981650168,11,121.0,216.0,95.0,2.2736842105263158,38.0,0.5454545454545454,11.0,19.0,2
test,2,22406,53560,53560,86986,55,9,912,3.75,7,8,2,-23.688077169749338,18,-67.0,180.0,247.0,0.728744939271255,228.0,0.2777777777777778,-3.7222222222222223,19.0,12
train,2,22406,53560,53560,86986,56,9,855,3.75,8,8,2,200.65579981650168,11,121.0,216.0,95.0,2.2736842105263158,38.0,0.5454545454545454,11.0,19.0,2
test,2,22406,53560,53560,86986,56,9,855,3.75,8,8,2,-4.303314829119352,15,-10.0,180.0,190.0,0.9473684210526315,171.0,0.3333333333333333,-0.6666666666666666,19.0,9
train,2,22406,53560,53560,86986,57,9,796,3.5,8,8,2,200.65579981650168,11,121.0,216.0,95.0,2.2736842105263158,38.0,0.5454545454545454,11.0,19.0,2
test,2,22406,53560,53560,86986,57,9,796,3.5,8,8,2,-4.303314829119352,15,-10.0,180.0,190.0,0.9473684210526315,171.0,0.3333333333333333,-0.6666666666666666,19.0,9
train,2,22406,53560,53560,86986,58,9,788,3.75,8,8,2,200.65579981650168,11,121.0,216.0,95.0,2.2736842105263158,38.0,0.5454545454545454,11.0,19.0,2
test,2,22406,53560,53560,86986,58,9,788,3.75,8,8,2,-4.303314829119352,15,-10.0,180.0,190.0,0.9473684210526315,171.0,0.3333333333333333,-0.6666666666666666,19.0,9
train,2,22406,53560,53560,86986,59,9,740,3.5,8,8,2,200.65579981650168,11,121.0,216.0,95.0,2.2736842105263158,38.0,0.5454545454545454,11.0,19.0,2
test,2,22406,53560,53560,86986,59,9,740,3.5,8,8,2,-4.303314829119352,15,-10.0,180.0,190.0,0.9473684210526315,171.0,0.3333333333333333,-0.6666666666666666,19.0,9
train,2,22406,53560,53560,86986,60,9,740,3.0,7,8,2,200.65579981650168,11,121.0,216.0,95.0,2.2736842105263158,38.0,0.5454545454545454,11.0,19.0,2
test,2,22406,53560,53560,86986,60,9,740,3.0,7,8,2,-11.6,16,-29.0,180.0,209.0,0.861244019138756,190.0,0.3125,-1.8125,19.0,10
train,2,22406,53560,53560,86986,61,9,788,3.0,7,8,2,200.65579981650168,11,121.0,216.0,95.0,2.2736842105263158,38.0,0.5454545454545454,11.0,19.0,2
test,2,22406,53560,53560,86986,61,9,788,3.0,7,8,2,-23.688077169749338,18,-67.0,180.0,247.0,0.728744939271255,228.0,0.2777777777777778,-3.7222222222222223,19.0,12
train,2,22406,53560,53560,86986,62,9,912,3.75,7,8,2,200.65579981650168,11,121.0,216.0,95.0,2.2736842105263158,38.0,0.5454545454545454,11.0,19.0,2
test,2,22406,53560,53560,86986,62,9,912,3.75,7,8,2,-23.688077169749338,18,-67.0,180.0,247.0,0.728744939271255,228.0,0.2777777777777778,-3.7222222222222223,19.0,12
train,2,22406,53560,53560,86986,63,9,788,3.0,7,8,2,200.65579981650168,11,121.0,216.0,95.0,2.2736842105263158,38.0,0.5454545454545454,11.0,19.0,2
test,2,22406,53560,53560,86986,63,9,788,3.0,7,8,2,-23.688077169749338,18,-67.0,180.0,247.0,0.728744939271255,228.0,0.2777777777777778,-3.7222222222222223,19.0,12
train,2,22406,53560,53560,86986,64,9,811,3.5,8,8,2,200.65579981650168,11,121.0,216.0,95.0,2.2736842105263158,38.0,0.5454545454545454,11.0,19.0,2
test,2,22406,53560,53560,86986,64,9,811,3.5,8,8,2,-4.303314829119352,15,-10.0,180.0,190.0,0.9473684210526315,171.0,0.3333333333333333,-0.6666666666666666,19.0,9
train,2,22406,53560,53560,86986,65,9,912,3.0,8,8,2,200.65579981650168,11,121.0,216.0,95.0,2.2736842105263158,38.0,0.5454545454545454,11.0,19.0,2
test,2,22406,53560,53560,86986,65,9,912,3.0,8,8,2,-4.303314829119352,15,-10.0,180.0,190.0,0.9473684210526315,171.0,0.3333333333333333,-0.6666666666666666,19.0,9
train,2,22406,53560,53560,86986,66,9,788,3.5,8,8,2,200.65579981650168,11,121.0,216.0,95.0,2.2736842105263158,38.0,0.5454545454545454,11.0,19.0,2
test,2,22406,53560,53560,86986,66,9,788,3.5,8,8,2,-4.303314829119352,15,-10.0,180.0,190.0,0.9473684210526315,171.0,0.3333333333333333,-0.6666666666666666,19.0,9
train,2,22406,53560,53560,86986,67,9,912,3.5,7,8,2,200.65579981650168,11,121.0,216.0,95.0,2.2736842105263158,38.0,0.5454545454545454,11.0,19.0,2
test,2,22406,53560,53560,86986,67,9,912,3.5,7,8,2,-23.688077169749338,18,-67.0,180.0,247.0,0.728744939271255,228.0,0.2777777777777778,-3.7222222222222223,19.0,12
train,2,22406,53560,53560,86986,68,9,776,3.75,7,8,2,200.65579981650168,11,121.0,216.0,95.0,2.2736842105263158,38.0,0.5454545454545454,11.0,19.0,2
test,2,22406,53560,53560,86986,68,9,776,3.75,7,8,2,-23.688077169749338,18,-67.0,180.0,247.0,0.728744939271255,228.0,0.2777777777777778,-3.7222222222222223,19.0,12
train,2,22406,53560,53560,86986,69,9,855,3.5,7,8,2,200.65579981650168,11,121.0,216.0,95.0,2.2736842105263158,38.0,0.5454545454545454,11.0,19.0,2
test,2,22406,53560,53560,86986,69,9,855,3.5,7,8,2,-23.688077169749338,18,-67.0,180.0,247.0,0.728744939271255,228.0,0.2777777777777778,-3.7222222222222223,19.0,12
train,2,22406,53560,53560,86986,70,9,726,3.25,7,8,2,200.65579981650168,11,121.0,216.0,95.0,2.2736842105263158,38.0,0.5454545454545454,11.0,19.0,2
test,2,22406,53560,53560,86986,70,9,726,3.25,7,8,2,-11.6,16,-29.0,180.0,209.0,0.861244019138756,190.0,0.3125,-1.8125,19.0,10
train,2,22406,53560,53560,86986,71,9,726,3.75,8,8,2,200.65579981650168,11,121.0,216.0,95.0,2.2736842105263158,38.0,0.5454545454545454,11.0,19.0,2
test,2,22406,53560,53560,86986,71,9,726,3.75,8,8,2,-4.303314829119352,15,-10.0,180.0,190.0,0.9473684210526315,171.0,0.3333333333333333,-0.6666666666666666,19.0,9
train,2,22406,53560,53560,86986,72,9,855,3.75,7,8,2,200.65579981650168,11,121.0,216.0,95.0,2.2736842105263158,38.0,0.5454545454545454,11.0,19.0,2
test,2,22406,53560,53560,86986,72,9,855,3.75,7,8,2,-23.688077169749338,18,-67.0,180.0,247.0,0.728744939271255,228.0,0.2777777777777778,-3.7222222222222223,19.0,12
train,2,22406,53560,53560,86986,73,9,855,3.25,8,8,2,200.65579981650168,11,121.0,216.0,95.0,2.2736842105263158,38.0,0.5454545454545454,11.0,19.0,2
test,2,22406,53560,53560,86986,73,9,855,3.25,8,8,2,-4.303314829119352,15,-10.0,180.0,190.0,0.9473684210526315,171.0,0.3333333333333333,-0.6666666666666666,19.0,9
train,2,22406,53560,53560,86986,74,9,788,3.25,8,8,2,200.65579981650168,11,121.0,216.0,95.0,2.2736842105263158,38.0,0.5454545454545454,11.0,19.0,2
test,2,22406,53560,53560,86986,74,9,788,3.25,8,8,2,-4.303314829119352,15,-10.0,180.0,190.0,0.9473684210526315,171.0,0.3333333333333333,-0.6666666666666666,19.0,9
train,2,22406,53560,53560,86986,75,9,855,3.5,8,8,2,200.65579981650168,11,121.0,216.0,95.0,2.2736842105263158,38.0,0.5454545454545454,11.0,19.0,2
test,2,22406,53560,53560,86986,75,9,855,3.5,8,8,2,-4.303314829119352,15,-10.0,180.0,190.0,0.9473684210526315,171.0,0.3333333333333333,-0.6666666666666666,19.0,9
train,2,22406,53560,53560,86986,76,9,855,3.5,8,8,2,200.65579981650168,11,121.0,216.0,95.0,2.2736842105263158,38.0,0.5454545454545454,11.0,19.0,2
test,2,22406,53560,53560,86986,76,9,855,3.5,8,8,2,-4.303314829119352,15,-10.0,180.0,190.0,0.9473684210526315,171.0,0.3333333333333333,-0.6666666666666666,19.0,9
train,2,22406,53560,53560,86986,77,9,855,3.75,8,8,2,200.65579981650168,11,121.0,216.0,95.0,2.2736842105263158,38.0,0.5454545454545454,11.0,19.0,2
test,2,22406,53560,53560,86986,77,9,855,3.75,8,8,2,-4.303314829119352,15,-10.0,180.0,190.0,0.9473684210526315,171.0,0.3333333333333333,-0.6666666666666666,19.0,9
train,2,22406,53560,53560,86986,78,9,912,3.75,7,8,2,200.65579981650168,11,121.0,216.0,95.0,2.2736842105263158,38.0,0.5454545454545454,11.0,19.0,2
test,2,22406,53560,53560,86986,78,9,912,3.75,7,8,2,-23.688077169749338,18,-67.0,180.0,247.0,0.728744939271255,228.0,0.2777777777777778,-3.7222222222222223,19.0,12
train,2,22406,53560,53560,86986,79,9,855,3.75,8,8,2,200.65579981650168,11,121.0,216.0,95.0,2.2736842105263158,38.0,0.5454545454545454,11.0,19.0,2
test,2,22406,53560,53560,86986,79,9,855,3.75,8,8,2,-4.303314829119352,15,-10.0,180.0,190.0,0.9473684210526315,171.0,0.3333333333333333,-0.6666666666666666,19.0,9
train,2,22406,53560,53560,86986,80,9,912,3.5,8,8,2,200.65579981650168,11,121.0,216.0,95.0,2.2736842105263158,38.0,0.5454545454545454,11.0,19.0,2
test,2,22406,53560,53560,86986,80,9,912,3.5,8,8,2,-4.303314829119352,15,-10.0,180.0,190.0,0.9473684210526315,171.0,0.3333333333333333,-0.6666666666666666,19.0,9
train,2,22406,53560,53560,86986,81,9,764,3.5,8,8,2,200.65579981650168,11,121.0,216.0,95.0,2.2736842105263158,38.0,0.5454545454545454,11.0,19.0,2
test,2,22406,53560,53560,86986,81,9,764,3.5,8,8,2,-4.303314829119352,15,-10.0,180.0,190.0,0.9473684210526315,171.0,0.3333333333333333,-0.6666666666666666,19.0,9
train,2,22406,53560,53560,86986,82,9,772,3.25,8,8,2,200.65579981650168,11,121.0,216.0,95.0,2.2736842105263158,38.0,0.5454545454545454,11.0,19.0,2
test,2,22406,53560,53560,86986,82,9,772,3.25,8,8,2,-4.303314829119352,15,-10.0,180.0,190.0,0.9473684210526315,171.0,0.3333333333333333,-0.6666666666666666,19.0,9
train,2,22406,53560,53560,86986,83,9,711,3.5,8,8,2,200.65579981650168,11,121.0,216.0,95.0,2.2736842105263158,38.0,0.5454545454545454,11.0,19.0,2
test,2,22406,53560,53560,86986,83,9,711,3.5,8,8,2,-4.303314829119352,15,-10.0,180.0,190.0,0.9473684210526315,171.0,0.3333333333333333,-0.6666666666666666,19.0,9
train,2,22406,53560,53560,86986,84,9,788,3.5,7,8,2,200.65579981650168,11,121.0,216.0,95.0,2.2736842105263158,38.0,0.5454545454545454,11.0,19.0,2
test,2,22406,53560,53560,86986,84,9,788,3.5,7,8,2,-23.688077169749338,18,-67.0,180.0,247.0,0.728744939271255,228.0,0.2777777777777778,-3.7222222222222223,19.0,12
train,2,22406,53560,53560,86986,85,9,764,3.0,8,8,2,200.65579981650168,11,121.0,216.0,95.0,2.2736842105263158,38.0,0.5454545454545454,11.0,19.0,2
test,2,22406,53560,53560,86986,85,9,764,3.0,8,8,2,-4.303314829119352,15,-10.0,180.0,190.0,0.9473684210526315,171.0,0.3333333333333333,-0.6666666666666666,19.0,9
train,2,22406,53560,53560,86986,86,9,711,3.5,8,8,2,200.65579981650168,11,121.0,216.0,95.0,2.2736842105263158,38.0,0.5454545454545454,11.0,19.0,2
test,2,22406,53560,53560,86986,86,9,711,3.5,8,8,2,-4.303314829119352,15,-10.0,180.0,190.0,0.9473684210526315,171.0,0.3333333333333333,-0.6666666666666666,19.0,9
train,2,22406,53560,53560,86986,87,9,764,3.25,8,8,2,200.65579981650168,11,121.0,216.0,95.0,2.2736842105263158,38.0,0.5454545454545454,11.0,19.0,2
test,2,22406,53560,53560,86986,87,9,764,3.25,8,8,2,-4.303314829119352,15,-10.0,180.0,190.0,0.9473684210526315,171.0,0.3333333333333333,-0.6666666666666666,19.0,9
train,2,22406,53560,53560,86986,88,9,912,3.25,8,8,2,200.65579981650168,11,121.0,216.0,95.0,2.2736842105263158,38.0,0.5454545454545454,11.0,19.0,2
test,2,22406,53560,53560,86986,88,9,912,3.25,8,8,2,-4.303314829119352,15,-10.0,180.0,190.0,0.9473684210526315,171.0,0.3333333333333333,-0.6666666666666666,19.0,9
train,2,22406,53560,53560,86986,89,9,793,3.25,8,8,2,200.65579981650168,11,121.0,216.0,95.0,2.2736842105263158,38.0,0.5454545454545454,11.0,19.0,2
test,2,22406,53560,53560,86986,89,9,793,3.25,8,8,2,-4.303314829119352,15,-10.0,180.0,190.0,0.9473684210526315,171.0,0.3333333333333333,-0.6666666666666666,19.0,9
train,2,22406,53560,53560,86986,90,9,855,3.75,8,8,2,200.65579981650168,11,121.0,216.0,95.0,2.2736842105263158,38.0,0.5454545454545454,11.0,19.0,2
test,2,22406,53560,53560,86986,90,9,855,3.75,8,8,2,-4.303314829119352,15,-10.0,180.0,190.0,0.9473684210526315,171.0,0.3333333333333333,-0.6666666666666666,19.0,9
train,2,22406,53560,53560,86986,91,9,855,3.5,7,8,2,200.65579981650168,11,121.0,216.0,95.0,2.2736842105263158,38.0,0.5454545454545454,11.0,19.0,2
test,2,22406,53560,53560,86986,91,9,855,3.5,7,8,2,-23.688077169749338,18,-67.0,180.0,247.0,0.728744939271255,228.0,0.2777777777777778,-3.7222222222222223,19.0,12
train,2,22406,53560,53560,86986,92,9,827,3.5,8,8,2,200.65579981650168,11,121.0,216.0,95.0,2.2736842105263158,38.0,0.5454545454545454,11.0,19.0,2
test,2,22406,53560,53560,86986,92,9,827,3.5,8,8,2,-4.303314829119352,15,-10.0,180.0,190.0,0.9473684210526315,171.0,0.3333333333333333,-0.6666666666666666,19.0,9
train,2,22406,53560,53560,86986,93,9,711,3.0,7,8,2,200.65579981650168,11,121.0,216.0,95.0,2.2736842105263158,38.0,0.5454545454545454,11.0,19.0,2
test,2,22406,53560,53560,86986,93,9,711,3.0,7,8,2,-11.6,16,-29.0,180.0,209.0,0.861244019138756,190.0,0.3125,-1.8125,19.0,10
train,2,22406,53560,53560,86986,94,9,772,3.75,8,8,2,200.65579981650168,11,121.0,216.0,95.0,2.2736842105263158,38.0,0.5454545454545454,11.0,19.0,2
test,2,22406,53560,53560,86986,94,9,772,3.75,8,8,2,-4.303314829119352,15,-10.0,180.0,190.0,0.9473684210526315,171.0,0.3333333333333333,-0.6666666666666666,19.0,9
train,2,22406,53560,53560,86986,95,9,711,3.25,8,8,2,200.65579981650168,11,121.0,216.0,95.0,2.2736842105263158,38.0,0.5454545454545454,11.0,19.0,2
test,2,22406,53560,53560,86986,95,9,711,3.25,8,8,2,-4.303314829119352,15,-10.0,180.0,190.0,0.9473684210526315,171.0,0.3333333333333333,-0.6666666666666666,19.0,9
train,2,22406,53560,53560,86986,96,9,802,3.75,8,8,2,200.65579981650168,11,121.0,216.0,95.0,2.2736842105263158,38.0,0.5454545454545454,11.0,19.0,2
test,2,22406,53560,53560,86986,96,9,802,3.75,8,8,2,-4.303314829119352,15,-10.0,180.0,190.0,0.9473684210526315,171.0,0.3333333333333333,-0.6666666666666666,19.0,9
train,2,22406,53560,53560,86986,97,9,711,3.0,8,8,2,200.65579981650168,11,121.0,216.0,95.0,2.2736842105263158,38.0,0.5454545454545454,11.0,19.0,2
test,2,22406,53560,53560,86986,97,9,711,3.0,8,8,2,-4.303314829119352,15,-10.0,180.0,190.0,0.9473684210526315,171.0,0.3333333333333333,-0.6666666666666666,19.0,9
train,2,22406,53560,53560,86986,98,9,711,3.0,8,8,2,200.65579981650168,11,121.0,216.0,95.0,2.2736842105263158,38.0,0.5454545454545454,11.0,19.0,2
test,2,22406,53560,53560,86986,98,9,711,3.0,8,8,2,-4.303314829119352,15,-10.0,180.0,190.0,0.9473684210526315,171.0,0.3333333333333333,-0.6666666666666666,19.0,9
train,2,22406,53560,53560,86986,99,9,647,3.5,8,8,2,442.71887242357315,10,140.0,216.0,76.0,2.8421052631578947,19.0,0.6,14.0,19.0,1
test,2,22406,53560,53560,86986,99,9,647,3.5,8,8,2,-4.303314829119352,15,-10.0,180.0,190.0,0.9473684210526315,171.0,0.3333333333333333,-0.6666666666666666,19.0,9
train,2,22406,53560,53560,86986,100,9,647,3.0,8,8,2,442.71887242357315,10,140.0,216.0,76.0,2.8421052631578947,19.0,0.6,14.0,19.0,1
test,2,22406,53560,53560,86986,100,9,647,3.0,8,8,2,-4.303314829119352,15,-10.0,180.0,190.0,0.9473684210526315,171.0,0.3333333333333333,-0.6666666666666666,19.0,9
train,3,53560,86986,86986,125287,0,10,491,3.0,8,26,19,725.0489638638206,6,296.0,504.0,208.0,2.423076923076923,104.0,0.6666666666666666,49.333333333333336,104.0,1
test,3,53560,86986,86986,125287,0,10,491,3.0,8,26,19,-700.6930051741633,19,-1286.0,378.0,1664.0,0.22716346153846154,1286.0,0.15789473684210525,-67.6842105263158,104.0,8
train,3,53560,86986,86986,125287,1,12,2332,5.5,1,7,4,212.42645786248002,5,95.0,124.0,29.0,4.275862068965517,29.0,0.8,19.0,29.0,1
test,3,53560,86986,86986,125287,1,12,2332,5.5,1,7,4,119.2569587999888,20,80.0,341.0,261.0,1.3065134099616857,143.0,0.55,4.0,29.0,3
train,3,53560,86986,86986,125287,2,12,2332,5.5,1,7,4,212.42645786248002,5,95.0,124.0,29.0,4.275862068965517,29.0,0.8,19.0,29.0,1
test,3,53560,86986,86986,125287,2,12,2332,5.5,1,7,4,119.2569587999888,20,80.0,341.0,261.0,1.3065134099616857,143.0,0.55,4.0,29.0,3
train,3,53560,86986,86986,125287,3,13,3573,5.5,3,7,4,212.42645786248002,5,95.0,124.0,29.0,4.275862068965517,29.0,0.8,19.0,29.0,1
test,3,53560,86986,86986,125287,3,13,3573,5.5,3,7,4,110.3086578651014,18,78.0,310.0,232.0,1.3362068965517242,114.0,0.5555555555555556,4.333333333333333,29.0,3
train,3,53560,86986,86986,125287,4,13,1069,3.5,7,7,2,234.78713763747794,5,105.0,124.0,19.0,6.526315789473684,19.0,0.8,21.0,19.0,1
test,3,53560,86986,86986,125287,4,13,1069,3.5,7,7,2,124.70765814495915,12,72.0,186.0,114.0,1.631578947368421,45.0,0.5,6.0,19.0,2
train,3,53560,86986,86986,125287,5,12,2332,4.75,8,9,4,301.8691769624716,5,135.0,164.0,29.0,5.655172413793103,29.0,0.8,27.0,29.0,1
test,3,53560,86986,86986,125287,5,12,2332,4.75,8,9,4,236.0,16,236.0,410.0,174.0,2.3563218390804597,116.0,0.625,14.75,29.0,4
train,3,53560,86986,86986,125287,6,12,2332,4.75,8,9,4,301.8691769624716,5,135.0,164.0,29.0,5.655172413793103,29.0,0.8,27.0,29.0,1
test,3,53560,86986,86986,125287,6,12,2332,4.75,8,9,4,236.0,16,236.0,410.0,174.0,2.3563218390804597,116.0,0.625,14.75,29.0,4
train,3,53560,86986,86986,125287,7,12,2332,4.75,8,9,4,301.8691769624716,5,135.0,164.0,29.0,5.655172413793103,29.0,0.8,27.0,29.0,1
test,3,53560,86986,86986,125287,7,12,2332,4.75,8,9,4,236.0,16,236.0,410.0,174.0,2.3563218390804597,116.0,0.625,14.75,29.0,4
train,3,53560,86986,86986,125287,8,12,401,4.75,1,9,2,324.2298567374695,5,145.0,164.0,19.0,8.631578947368421,19.0,0.8,29.0,19.0,1
test,3,53560,86986,86986,125287,8,12,401,4.75,1,9,2,166.93678111455512,11,151.0,246.0,95.0,2.5894736842105264,57.0,0.5454545454545454,13.727272727272727,19.0,3
train,3,53560,86986,86986,125287,9,12,401,5.5,1,9,2,324.2298567374695,5,145.0,164.0,19.0,8.631578947368421,19.0,0.8,29.0,19.0,1
test,3,53560,86986,86986,125287,9,12,401,5.5,1,9,2,166.93678111455512,11,151.0,246.0,95.0,2.5894736842105264,57.0,0.5454545454545454,13.727272727272727,19.0,3
train,3,53560,86986,86986,125287,10,12,2332,5.75,2,9,4,301.8691769624716,5,135.0,164.0,29.0,5.655172413793103,29.0,0.8,27.0,29.0,1
test,3,53560,86986,86986,125287,10,12,2332,5.75,2,9,4,283.23527714997334,20,190.0,451.0,261.0,1.7279693486590038,133.0,0.55,9.5,29.0,3
train,3,53560,86986,86986,125287,11,12,2332,5.25,2,9,2,324.2298567374695,5,145.0,164.0,19.0,8.631578947368421,19.0,0.8,29.0,19.0,1
test,3,53560,86986,86986,125287,11,12,2332,5.25,2,9,2,417.3993557999608,20,280.0,451.0,171.0,2.6374269005847952,73.0,0.55,14.0,19.0,3
train,3,53560,86986,86986,125287,12,12,2332,4.75,2,9,2,324.2298567374695,5,145.0,164.0,19.0,8.631578947368421,19.0,0.8,29.0,19.0,1
test,3,53560,86986,86986,125287,12,12,2332,4.75,2,9,2,417.3993557999608,20,280.0,451.0,171.0,2.6374269005847952,73.0,0.55,14.0,19.0,3
train,3,53560,86986,86986,125287,13,12,1069,4.75,2,9,2,324.2298567374695,5,145.0,164.0,19.0,8.631578947368421,19.0,0.8,29.0,19.0,1
test,3,53560,86986,86986,125287,13,12,1069,4.75,2,9,2,174.28425057933376,15,135.0,287.0,152.0,1.888157894736842,73.0,0.4666666666666667,9.0,19.0,3
train,3,53560,86986,86986,125287,14,12,2332,5.75,2,9,2,324.2298567374695,5,145.0,164.0,19.0,8.631578947368421,19.0,0.8,29.0,19.0,1
test,3,53560,86986,86986,125287,14,12,2332,5.75,2,9,2,417.3993557999608,20,280.0,451.0,171.0,2.6374269005847952,73.0,0.55,14.0,19.0,3
train,3,53560,86986,86986,125287,15,12,2332,5.25,1,9,2,324.2298567374695,5,145.0,164.0,19.0,8.631578947368421,19.0,0.8,29.0,19.0,1
test,3,53560,86986,86986,125287,15,12,2332,5.25,1,9,2,417.3993557999608,20,280.0,451.0,171.0,2.6374269005847952,73.0,0.55,14.0,19.0,3
train,3,53560,86986,86986,125287,16,12,2332,6.0,2,9,2,324.2298567374695,5,145.0,164.0,19.0,8.631578947368421,19.0,0.8,29.0,19.0,1
test,3,53560,86986,86986,125287,16,12,2332,6.0,2,9,2,417.3993557999608,20,280.0,451.0,171.0,2.6374269005847952,73.0,0.55,14.0,19.0,3
train,3,53560,86986,86986,125287,17,12,2565,5.5,1,9,2,324.2298567374695,5,145.0,164.0,19.0,8.631578947368421,19.0,0.8,29.0,19.0,1
test,3,53560,86986,86986,125287,17,12,2565,5.5,1,9,2,417.3993557999608,20,280.0,451.0,171.0,2.6374269005847952,73.0,0.55,14.0,19.0,3
train,3,53560,86986,86986,125287,18,12,1069,5.75,1,9,2,324.2298567374695,5,145.0,164.0,19.0,8.631578947368421,19.0,0.8,29.0,19.0,1
test,3,53560,86986,86986,125287,18,12,1069,5.75,1,9,2,174.28425057933376,15,135.0,287.0,152.0,1.888157894736842,73.0,0.4666666666666667,9.0,19.0,3
train,3,53560,86986,86986,125287,19,12,2285,5.75,1,9,2,324.2298567374695,5,145.0,164.0,19.0,8.631578947368421,19.0,0.8,29.0,19.0,1
test,3,53560,86986,86986,125287,19,12,2285,5.75,1,9,2,417.3993557999608,20,280.0,451.0,171.0,2.6374269005847952,73.0,0.55,14.0,19.0,3
train,3,53560,86986,86986,125287,20,12,1642,4.75,1,9,2,324.2298567374695,5,145.0,164.0,19.0,8.631578947368421,19.0,0.8,29.0,19.0,1
test,3,53560,86986,86986,125287,20,12,1642,4.75,1,9,2,417.3993557999608,20,280.0,451.0,171.0,2.6374269005847952,73.0,0.55,14.0,19.0,3
train,3,53560,86986,86986,125287,21,12,2332,6.0,1,9,2,324.2298567374695,5,145.0,164.0,19.0,8.631578947368421,19.0,0.8,29.0,19.0,1
test,3,53560,86986,86986,125287,21,12,2332,6.0,1,9,2,417.3993557999608,20,280.0,451.0,171.0,2.6374269005847952,73.0,0.55,14.0,19.0,3
train,3,53560,86986,86986,125287,22,12,2332,6.0,1,9,2,324.2298567374695,5,145.0,164.0,19.0,8.631578947368421,19.0,0.8,29.0,19.0,1
test,3,53560,86986,86986,125287,22,12,2332,6.0,1,9,2,417.3993557999608,20,280.0,451.0,171.0,2.6374269005847952,73.0,0.55,14.0,19.0,3
train,3,53560,86986,86986,125287,23,12,2332,5.75,1,9,2,324.2298567374695,5,145.0,164.0,19.0,8.631578947368421,19.0,0.8,29.0,19.0,1
test,3,53560,86986,86986,125287,23,12,2332,5.75,1,9,2,417.3993557999608,20,280.0,451.0,171.0,2.6374269005847952,73.0,0.55,14.0,19.0,3
train,3,53560,86986,86986,125287,24,12,1642,5.5,3,9,2,324.2298567374695,5,145.0,164.0,19.0,8.631578947368421,19.0,0.8,29.0,19.0,1
test,3,53560,86986,86986,125287,24,12,1642,5.5,3,9,2,417.3993557999608,20,280.0,451.0,171.0,2.6374269005847952,73.0,0.55,14.0,19.0,3
train,3,53560,86986,86986,125287,25,12,1094,4.75,1,9,2,324.2298567374695,5,145.0,164.0,19.0,8.631578947368421,19.0,0.8,29.0,19.0,1
test,3,53560,86986,86986,125287,25,12,1094,4.75,1,9,2,174.28425057933376,15,135.0,287.0,152.0,1.888157894736842,73.0,0.4666666666666667,9.0,19.0,3
train,3,53560,86986,86986,125287,26,12,1642,5.75,3,9,2,324.2298567374695,5,145.0,164.0,19.0,8.631578947368421,19.0,0.8,29.0,19.0,1
test,3,53560,86986,86986,125287,26,12,1642,5.75,3,9,2,417.3993557999608,20,280.0,451.0,171.0,2.6374269005847952,73.0,0.55,14.0,19.0,3
train,3,53560,86986,86986,125287,27,12,2496,5.75,1,9,2,324.2298567374695,5,145.0,164.0,19.0,8.631578947368421,19.0,0.8,29.0,19.0,1
test,3,53560,86986,86986,125287,27,12,2496,5.75,1,9,2,417.3993557999608,20,280.0,451.0,171.0,2.6374269005847952,73.0,0.55,14.0,19.0,3
train,3,53560,86986,86986,125287,28,12,1069,5.0,1,9,2,324.2298567374695,5,145.0,164.0,19.0,8.631578947368421,19.0,0.8,29.0,19.0,1
test,3,53560,86986,86986,125287,28,12,1069,5.0,1,9,2,174.28425057933376,15,135.0,287.0,152.0,1.888157894736842,73.0,0.4666666666666667,9.0,19.0,3
train,3,53560,86986,86986,125287,29,12,1069,5.5,1,9,2,324.2298567374695,5,145.0,164.0,19.0,8.631578947368421,19.0,0.8,29.0,19.0,1
test,3,53560,86986,86986,125287,29,12,1069,5.5,1,9,2,174.28425057933376,15,135.0,287.0,152.0,1.888157894736842,73.0,0.4666666666666667,9.0,19.0,3
train,3,53560,86986,86986,125287,30,12,2546,5.5,1,9,2,324.2298567374695,5,145.0,164.0,19.0,8.631578947368421,19.0,0.8,29.0,19.0,1
test,3,53560,86986,86986,125287,30,12,2546,5.5,1,9,2,417.3993557999608,20,280.0,451.0,171.0,2.6374269005847952,73.0,0.55,14.0,19.0,3
train,3,53560,86986,86986,125287,31,12,1165,5.5,1,9,2,324.2298567374695,5,145.0,164.0,19.0,8.631578947368421,19.0,0.8,29.0,19.0,1
test,3,53560,86986,86986,125287,31,12,1165,5.5,1,9,2,174.28425057933376,15,135.0,287.0,152.0,1.888157894736842,73.0,0.4666666666666667,9.0,19.0,3
train,3,53560,86986,86986,125287,32,12,1069,5.5,1,9,2,324.2298567374695,5,145.0,164.0,19.0,8.631578947368421,19.0,0.8,29.0,19.0,1
test,3,53560,86986,86986,125287,32,12,1069,5.5,1,9,2,174.28425057933376,15,135.0,287.0,152.0,1.888157894736842,73.0,0.4666666666666667,9.0,19.0,3
train,3,53560,86986,86986,125287,33,12,2103,5.75,1,9,2,324.2298567374695,5,145.0,164.0,19.0,8.631578947368421,19.0,0.8,29.0,19.0,1
test,3,53560,86986,86986,125287,33,12,2103,5.75,1,9,2,417.3993557999608,20,280.0,451.0,171.0,2.6374269005847952,73.0,0.55,14.0,19.0,3
train,3,53560,86986,86986,125287,34,12,1069,5.75,1,9,2,324.2298567374695,5,145.0,164.0,19.0,8.631578947368421,19.0,0.8,29.0,19.0,1
test,3,53560,86986,86986,125287,34,12,1069,5.75,1,9,2,174.28425057933376,15,135.0,287.0,152.0,1.888157894736842,73.0,0.4666666666666667,9.0,19.0,3
train,3,53560,86986,86986,125287,35,12,2285,4.75,1,9,2,324.2298567374695,5,145.0,164.0,19.0,8.631578947368421,19.0,0.8,29.0,19.0,1
test,3,53560,86986,86986,125287,35,12,2285,4.75,1,9,2,417.3993557999608,20,280.0,451.0,171.0,2.6374269005847952,73.0,0.55,14.0,19.0,3
train,3,53560,86986,86986,125287,36,12,2265,4.75,3,9,2,324.2298567374695,5,145.0,164.0,19.0,8.631578947368421,19.0,0.8,29.0,19.0,1
test,3,53560,86986,86986,125287,36,12,2265,4.75,3,9,2,417.3993557999608,20,280.0,451.0,171.0,2.6374269005847952,73.0,0.55,14.0,19.0,3
train,3,53560,86986,86986,125287,37,12,2425,4.75,1,9,2,324.2298567374695,5,145.0,164.0,19.0,8.631578947368421,19.0,0.8,29.0,19.0,1
test,3,53560,86986,86986,125287,37,12,2425,4.75,1,9,2,417.3993557999608,20,280.0,451.0,171.0,2.6374269005847952,73.0,0.55,14.0,19.0,3
train,3,53560,86986,86986,125287,38,12,2546,4.75,1,9,2,324.2298567374695,5,145.0,164.0,19.0,8.631578947368421,19.0,0.8,29.0,19.0,1
test,3,53560,86986,86986,125287,38,12,2546,4.75,1,9,2,417.3993557999608,20,280.0,451.0,171.0,2.6374269005847952,73.0,0.55,14.0,19.0,3
train,3,53560,86986,86986,125287,39,12,972,5.5,1,9,2,324.2298567374695,5,145.0,164.0,19.0,8.631578947368421,19.0,0.8,29.0,19.0,1
test,3,53560,86986,86986,125287,39,12,972,5.5,1,9,2,174.28425057933376,15,135.0,287.0,152.0,1.888157894736842,73.0,0.4666666666666667,9.0,19.0,3
train,3,53560,86986,86986,125287,40,12,2546,5.75,4,9,2,324.2298567374695,5,145.0,164.0,19.0,8.631578947368421,19.0,0.8,29.0,19.0,1
test,3,53560,86986,86986,125287,40,12,2546,5.75,4,9,2,417.3993557999608,20,280.0,451.0,171.0,2.6374269005847952,73.0,0.55,14.0,19.0,3
train,3,53560,86986,86986,125287,41,12,1026,6.0,4,9,2,324.2298567374695,5,145.0,164.0,19.0,8.631578947368421,19.0,0.8,29.0,19.0,1
test,3,53560,86986,86986,125287,41,12,1026,6.0,4,9,2,174.28425057933376,15,135.0,287.0,152.0,1.888157894736842,73.0,0.4666666666666667,9.0,19.0,3
train,3,53560,86986,86986,125287,42,12,2546,5.75,1,9,2,324.2298567374695,5,145.0,164.0,19.0,8.631578947368421,19.0,0.8,29.0,19.0,1
test,3,53560,86986,86986,125287,42,12,2546,5.75,1,9,2,417.3993557999608,20,280.0,451.0,171.0,2.6374269005847952,73.0,0.55,14.0,19.0,3
train,3,53560,86986,86986,125287,43,12,2546,5.5,1,9,2,324.2298567374695,5,145.0,164.0,19.0,8.631578947368421,19.0,0.8,29.0,19.0,1
test,3,53560,86986,86986,125287,43,12,2546,5.5,1,9,2,417.3993557999608,20,280.0,451.0,171.0,2.6374269005847952,73.0,0.55,14.0,19.0,3
train,3,53560,86986,86986,125287,44,12,1069,5.5,1,9,2,324.2298567374695,5,145.0,164.0,19.0,8.631578947368421,19.0,0.8,29.0,19.0,1
test,3,53560,86986,86986,125287,44,12,1069,5.5,1,9,2,174.28425057933376,15,135.0,287.0,152.0,1.888157894736842,73.0,0.4666666666666667,9.0,19.0,3
train,3,53560,86986,86986,125287,45,12,1069,5.75,1,9,2,324.2298567374695,5,145.0,164.0,19.0,8.631578947368421,19.0,0.8,29.0,19.0,1
test,3,53560,86986,86986,125287,45,12,1069,5.75,1,9,2,174.28425057933376,15,135.0,287.0,152.0,1.888157894736842,73.0,0.4666666666666667,9.0,19.0,3
train,3,53560,86986,86986,125287,46,12,1026,5.25,1,9,2,324.2298567374695,5,145.0,164.0,19.0,8.631578947368421,19.0,0.8,29.0,19.0,1
test,3,53560,86986,86986,125287,46,12,1026,5.25,1,9,2,174.28425057933376,15,135.0,287.0,152.0,1.888157894736842,73.0,0.4666666666666667,9.0,19.0,3
train,3,53560,86986,86986,125287,47,12,1069,5.5,1,9,2,324.2298567374695,5,145.0,164.0,19.0,8.631578947368421,19.0,0.8,29.0,19.0,1
test,3,53560,86986,86986,125287,47,12,1069,5.5,1,9,2,174.28425057933376,15,135.0,287.0,152.0,1.888157894736842,73.0,0.4666666666666667,9.0,19.0,3
train,3,53560,86986,86986,125287,48,12,981,5.5,5,9,2,324.2298567374695,5,145.0,164.0,19.0,8.631578947368421,19.0,0.8,29.0,19.0,1
test,3,53560,86986,86986,125287,48,12,981,5.5,5,9,2,174.28425057933376,15,135.0,287.0,152.0,1.888157894736842,73.0,0.4666666666666667,9.0,19.0,3
train,3,53560,86986,86986,125287,49,12,2425,5.5,1,9,2,324.2298567374695,5,145.0,164.0,19.0,8.631578947368421,19.0,0.8,29.0,19.0,1
test,3,53560,86986,86986,125287,49,12,2425,5.5,1,9,2,417.3993557999608,20,280.0,451.0,171.0,2.6374269005847952,73.0,0.55,14.0,19.0,3
train,3,53560,86986,86986,125287,50,12,2546,4.75,5,9,2,324.2298567374695,5,145.0,164.0,19.0,8.631578947368421,19.0,0.8,29.0,19.0,1
test,3,53560,86986,86986,125287,50,12,2546,4.75,5,9,2,417.3993557999608,20,280.0,451.0,171.0,2.6374269005847952,73.0,0.55,14.0,19.0,3
train,3,53560,86986,86986,125287,51,12,2332,6.0,1,9,2,324.2298567374695,5,145.0,164.0,19.0,8.631578947368421,19.0,0.8,29.0,19.0,1
test,3,53560,86986,86986,125287,51,12,2332,6.0,1,9,2,417.3993557999608,20,280.0,451.0,171.0,2.6374269005847952,73.0,0.55,14.0,19.0,3
train,3,53560,86986,86986,125287,52,12,2546,5.75,4,9,2,324.2298567374695,5,145.0,164.0,19.0,8.631578947368421,19.0,0.8,29.0,19.0,1
test,3,53560,86986,86986,125287,52,12,2546,5.75,4,9,2,417.3993557999608,20,280.0,451.0,171.0,2.6374269005847952,73.0,0.55,14.0,19.0,3
train,3,53560,86986,86986,125287,53,12,1069,5.5,2,9,2,324.2298567374695,5,145.0,164.0,19.0,8.631578947368421,19.0,0.8,29.0,19.0,1
test,3,53560,86986,86986,125287,53,12,1069,5.5,2,9,2,174.28425057933376,15,135.0,287.0,152.0,1.888157894736842,73.0,0.4666666666666667,9.0,19.0,3
train,3,53560,86986,86986,125287,54,12,2425,6.0,4,9,2,324.2298567374695,5,145.0,164.0,19.0,8.631578947368421,19.0,0.8,29.0,19.0,1
test,3,53560,86986,86986,125287,54,12,2425,6.0,4,9,2,417.3993557999608,20,280.0,451.0,171.0,2.6374269005847952,73.0,0.55,14.0,19.0,3
train,3,53560,86986,86986,125287,55,12,2206,4.5,1,9,2,324.2298567374695,5,145.0,164.0,19.0,8.631578947368421,19.0,0.8,29.0,19.0,1
test,3,53560,86986,86986,125287,55,12,2206,4.5,1,9,2,417.3993557999608,20,280.0,451.0,171.0,2.6374269005847952,73.0,0.55,14.0,19.0,3
train,3,53560,86986,86986,125287,56,12,2546,5.5,6,9,2,324.2298567374695,5,145.0,164.0,19.0,8.631578947368421,19.0,0.8,29.0,19.0,1
test,3,53560,86986,86986,125287,56,12,2546,5.5,6,9,2,218.9202594553551,18,258.0,410.0,152.0,2.6973684210526314,95.0,0.5555555555555556,14.333333333333334,19.0,5
train,3,53560,86986,86986,125287,57,12,2332,5.75,5,9,2,324.2298567374695,5,145.0,164.0,19.0,8.631578947368421,19.0,0.8,29.0,19.0,1
test,3,53560,86986,86986,125287,57,12,2332,5.75,5,9,2,417.3993557999608,20,280.0,451.0,171.0,2.6374269005847952,73.0,0.55,14.0,19.0,3
train,3,53560,86986,86986,125287,58,12,2182,5.75,5,9,2,324.2298567374695,5,145.0,164.0,19.0,8.631578947368421,19.0,0.8,29.0,19.0,1
test,3,53560,86986,86986,125287,58,12,2182,5.75,5,9,2,417.3993557999608,20,280.0,451.0,171.0,2.6374269005847952,73.0,0.55,14.0,19.0,3
train,3,53560,86986,86986,125287,59,12,1175,5.75,3,9,2,324.2298567374695,5,145.0,164.0,19.0,8.631578947368421,19.0,0.8,29.0,19.0,1
test,3,53560,86986,86986,125287,59,12,1175,5.75,3,9,2,174.28425057933376,15,135.0,287.0,152.0,1.888157894736842,73.0,0.4666666666666667,9.0,19.0,3
train,3,53560,86986,86986,125287,60,12,2332,5.75,5,9,2,324.2298567374695,5,145.0,164.0,19.0,8.631578947368421,19.0,0.8,29.0,19.0,1
test,3,53560,86986,86986,125287,60,12,2332,5.75,5,9,2,417.3993557999608,20,280.0,451.0,171.0,2.6374269005847952,73.0,0.55,14.0,19.0,3
train,3,53560,86986,86986,125287,61,12,1111,5.25,6,9,2,324.2298567374695,5,145.0,164.0,19.0,8.631578947368421,19.0,0.8,29.0,19.0,1
test,3,53560,86986,86986,125287,61,12,1111,5.25,6,9,2,81.48545882548616,13,113.0,246.0,133.0,1.849624060150376,95.0,0.46153846153846156,8.692307692307692,19.0,5
train,3,53560,86986,86986,125287,62,12,2343,5.75,1,9,2,324.2298567374695,5,145.0,164.0,19.0,8.631578947368421,19.0,0.8,29.0,19.0,1
test,3,53560,86986,86986,125287,62,12,2343,5.75,1,9,2,417.3993557999608,20,280.0,451.0,171.0,2.6374269005847952,73.0,0.55,14.0,19.0,3
train,3,53560,86986,86986,125287,63,12,1036,5.75,6,9,2,324.2298567374695,5,145.0,164.0,19.0,8.631578947368421,19.0,0.8,29.0,19.0,1
test,3,53560,86986,86986,125287,63,12,1036,5.75,6,9,2,81.48545882548616,13,113.0,246.0,133.0,1.849624060150376,95.0,0.46153846153846156,8.692307692307692,19.0,5
train,3,53560,86986,86986,125287,64,12,1069,5.75,1,9,2,324.2298567374695,5,145.0,164.0,19.0,8.631578947368421,19.0,0.8,29.0,19.0,1
test,3,53560,86986,86986,125287,64,12,1069,5.75,1,9,2,174.28425057933376,15,135.0,287.0,152.0,1.888157894736842,73.0,0.4666666666666667,9.0,19.0,3
train,3,53560,86986,86986,125287,65,12,1098,5.75,1,9,2,324.2298567374695,5,145.0,164.0,19.0,8.631578947368421,19.0,0.8,29.0,19.0,1
test,3,53560,86986,86986,125287,65,12,1098,5.75,1,9,2,174.28425057933376,15,135.0,287.0,152.0,1.888157894736842,73.0,0.4666666666666667,9.0,19.0,3
train,3,53560,86986,86986,125287,66,12,1036,5.5,5,9,2,324.2298567374695,5,145.0,164.0,19.0,8.631578947368421,19.0,0.8,29.0,19.0,1
test,3,53560,86986,86986,125287,66,12,1036,5.5,5,9,2,174.28425057933376,15,135.0,287.0,152.0,1.888157894736842,73.0,0.4666666666666667,9.0,19.0,3
train,3,53560,86986,86986,125287,67,12,1036,5.25,4,9,2,324.2298567374695,5,145.0,164.0,19.0,8.631578947368421,19.0,0.8,29.0,19.0,1
test,3,53560,86986,86986,125287,67,12,1036,5.25,4,9,2,174.28425057933376,15,135.0,287.0,152.0,1.888157894736842,73.0,0.4666666666666667,9.0,19.0,3
train,3,53560,86986,86986,125287,68,12,2262,5.75,4,9,2,324.2298567374695,5,145.0,164.0,19.0,8.631578947368421,19.0,0.8,29.0,19.0,1
test,3,53560,86986,86986,125287,68,12,2262,5.75,4,9,2,417.3993557999608,20,280.0,451.0,171.0,2.6374269005847952,73.0,0.55,14.0,19.0,3
train,3,53560,86986,86986,125287,69,12,1069,5.75,6,9,2,324.2298567374695,5,145.0,164.0,19.0,8.631578947368421,19.0,0.8,29.0,19.0,1
test,3,53560,86986,86986,125287,69,12,1069,5.75,6,9,2,81.48545882548616,13,113.0,246.0,133.0,1.849624060150376,95.0,0.46153846153846156,8.692307692307692,19.0,5
train,3,53560,86986,86986,125287,70,12,2507,5.75,6,9,2,324.2298567374695,5,145.0,164.0,19.0,8.631578947368421,19.0,0.8,29.0,19.0,1
test,3,53560,86986,86986,125287,70,12,2507,5.75,6,9,2,218.9202594553551,18,258.0,410.0,152.0,2.6973684210526314,95.0,0.5555555555555556,14.333333333333334,19.0,5
train,3,53560,86986,86986,125287,71,12,2507,5.75,1,9,2,324.2298567374695,5,145.0,164.0,19.0,8.631578947368421,19.0,0.8,29.0,19.0,1
test,3,53560,86986,86986,125287,71,12,2507,5.75,1,9,2,417.3993557999608,20,280.0,451.0,171.0,2.6374269005847952,73.0,0.55,14.0,19.0,3
train,3,53560,86986,86986,125287,72,12,1047,5.25,1,9,2,324.2298567374695,5,145.0,164.0,19.0,8.631578947368421,19.0,0.8,29.0,19.0,1
test,3,53560,86986,86986,125287,72,12,1047,5.25,1,9,2,174.28425057933376,15,135.0,287.0,152.0,1.888157894736842,73.0,0.4666666666666667,9.0,19.0,3
train,3,53560,86986,86986,125287,73,12,1031,5.25,1,9,2,324.2298567374695,5,145.0,164.0,19.0,8.631578947368421,19.0,0.8,29.0,19.0,1
test,3,53560,86986,86986,125287,73,12,1031,5.25,1,9,2,174.28425057933376,15,135.0,287.0,152.0,1.888157894736842,73.0,0.4666666666666667,9.0,19.0,3
train,3,53560,86986,86986,125287,74,12,2285,5.25,3,9,2,324.2298567374695,5,145.0,164.0,19.0,8.631578947368421,19.0,0.8,29.0,19.0,1
test,3,53560,86986,86986,125287,74,12,2285,5.25,3,9,2,417.3993557999608,20,280.0,451.0,171.0,2.6374269005847952,73.0,0.55,14.0,19.0,3
train,3,53560,86986,86986,125287,75,12,2285,5.75,2,9,2,324.2298567374695,5,145.0,164.0,19.0,8.631578947368421,19.0,0.8,29.0,19.0,1
test,3,53560,86986,86986,125287,75,12,2285,5.75,2,9,2,417.3993557999608,20,280.0,451.0,171.0,2.6374269005847952,73.0,0.55,14.0,19.0,3
train,3,53560,86986,86986,125287,76,12,1069,5.75,3,9,2,324.2298567374695,5,145.0,164.0,19.0,8.631578947368421,19.0,0.8,29.0,19.0,1
test,3,53560,86986,86986,125287,76,12,1069,5.75,3,9,2,174.28425057933376,15,135.0,287.0,152.0,1.888157894736842,73.0,0.4666666666666667,9.0,19.0,3
train,3,53560,86986,86986,125287,77,12,2262,4.75,1,9,2,324.2298567374695,5,145.0,164.0,19.0,8.631578947368421,19.0,0.8,29.0,19.0,1
test,3,53560,86986,86986,125287,77,12,2262,4.75,1,9,2,417.3993557999608,20,280.0,451.0,171.0,2.6374269005847952,73.0,0.55,14.0,19.0,3
train,3,53560,86986,86986,125287,78,12,2285,5.75,5,9,2,324.2298567374695,5,145.0,164.0,19.0,8.631578947368421,19.0,0.8,29.0,19.0,1
test,3,53560,86986,86986,125287,78,12,2285,5.75,5,9,2,417.3993557999608,20,280.0,451.0,171.0,2.6374269005847952,73.0,0.55,14.0,19.0,3
train,3,53560,86986,86986,125287,79,12,1069,5.25,5,9,2,324.2298567374695,5,145.0,164.0,19.0,8.631578947368421,19.0,0.8,29.0,19.0,1
test,3,53560,86986,86986,125287,79,12,1069,5.25,5,9,2,174.28425057933376,15,135.0,287.0,152.0,1.888157894736842,73.0,0.4666666666666667,9.0,19.0,3
train,3,53560,86986,86986,125287,80,12,2153,6.0,3,9,2,324.2298567374695,5,145.0,164.0,19.0,8.631578947368421,19.0,0.8,29.0,19.0,1
test,3,53560,86986,86986,125287,80,12,2153,6.0,3,9,2,417.3993557999608,20,280.0,451.0,171.0,2.6374269005847952,73.0,0.55,14.0,19.0,3
train,3,53560,86986,86986,125287,81,12,1069,5.75,6,9,2,324.2298567374695,5,145.0,164.0,19.0,8.631578947368421,19.0,0.8,29.0,19.0,1
test,3,53560,86986,86986,125287,81,12,1069,5.75,6,9,2,81.48545882548616,13,113.0,246.0,133.0,1.849624060150376,95.0,0.46153846153846156,8.692307692307692,19.0,5
train,3,53560,86986,86986,125287,82,12,2285,5.5,3,9,2,324.2298567374695,5,145.0,164.0,19.0,8.631578947368421,19.0,0.8,29.0,19.0,1
test,3,53560,86986,86986,125287,82,12,2285,5.5,3,9,2,417.3993557999608,20,280.0,451.0,171.0,2.6374269005847952,73.0,0.55,14.0,19.0,3
train,3,53560,86986,86986,125287,83,12,2332,5.5,5,9,2,324.2298567374695,5,145.0,164.0,19.0,8.631578947368421,19.0,0.8,29.0,19.0,1
test,3,53560,86986,86986,125287,83,12,2332,5.5,5,9,2,417.3993557999608,20,280.0,451.0,171.0,2.6374269005847952,73.0,0.55,14.0,19.0,3
train,3,53560,86986,86986,125287,84,12,2285,4.75,5,9,2,324.2298567374695,5,145.0,164.0,19.0,8.631578947368421,19.0,0.8,29.0,19.0,1
test,3,53560,86986,86986,125287,84,12,2285,4.75,5,9,2,417.3993557999608,20,280.0,451.0,171.0,2.6374269005847952,73.0,0.55,14.0,19.0,3
train,3,53560,86986,86986,125287,85,12,1004,5.5,5,9,2,324.2298567374695,5,145.0,164.0,19.0,8.631578947368421,19.0,0.8,29.0,19.0,1
test,3,53560,86986,86986,125287,85,12,1004,5.5,5,9,2,174.28425057933376,15,135.0,287.0,152.0,1.888157894736842,73.0,0.4666666666666667,9.0,19.0,3
train,3,53560,86986,86986,125287,86,12,2147,5.25,5,9,2,324.2298567374695,5,145.0,164.0,19.0,8.631578947368421,19.0,0.8,29.0,19.0,1
test,3,53560,86986,86986,125287,86,12,2147,5.25,5,9,2,417.3993557999608,20,280.0,451.0,171.0,2.6374269005847952,73.0,0.55,14.0,19.0,3
train,3,53560,86986,86986,125287,87,12,2285,4.75,3,9,2,324.2298567374695,5,145.0,164.0,19.0,8.631578947368421,19.0,0.8,29.0,19.0,1
test,3,53560,86986,86986,125287,87,12,2285,4.75,3,9,2,417.3993557999608,20,280.0,451.0,171.0,2.6374269005847952,73.0,0.55,14.0,19.0,3
train,3,53560,86986,86986,125287,88,12,2132,5.75,3,9,2,324.2298567374695,5,145.0,164.0,19.0,8.631578947368421,19.0,0.8,29.0,19.0,1
test,3,53560,86986,86986,125287,88,12,2132,5.75,3,9,2,417.3993557999608,20,280.0,451.0,171.0,2.6374269005847952,73.0,0.55,14.0,19.0,3
train,3,53560,86986,86986,125287,89,12,1025,5.75,5,9,2,324.2298567374695,5,145.0,164.0,19.0,8.631578947368421,19.0,0.8,29.0,19.0,1
test,3,53560,86986,86986,125287,89,12,1025,5.75,5,9,2,174.28425057933376,15,135.0,287.0,152.0,1.888157894736842,73.0,0.4666666666666667,9.0,19.0,3
train,3,53560,86986,86986,125287,90,12,1143,6.25,5,9,2,324.2298567374695,5,145.0,164.0,19.0,8.631578947368421,19.0,0.8,29.0,19.0,1
test,3,53560,86986,86986,125287,90,12,1143,6.25,5,9,2,58.61929905945842,14,94.0,246.0,152.0,1.618421052631579,114.0,0.42857142857142855,6.714285714285714,19.0,6
train,3,53560,86986,86986,125287,91,12,2262,5.75,2,9,2,324.2298567374695,5,145.0,164.0,19.0,8.631578947368421,19.0,0.8,29.0,19.0,1
test,3,53560,86986,86986,125287,91,12,2262,5.75,2,9,2,417.3993557999608,20,280.0,451.0,171.0,2.6374269005847952,73.0,0.55,14.0,19.0,3
train,3,53560,86986,86986,125287,92,12,2285,6.0,2,9,2,324.2298567374695,5,145.0,164.0,19.0,8.631578947368421,19.0,0.8,29.0,19.0,1
test,3,53560,86986,86986,125287,92,12,2285,6.0,2,9,2,417.3993557999608,20,280.0,451.0,171.0,2.6374269005847952,73.0,0.55,14.0,19.0,3
train,3,53560,86986,86986,125287,93,12,2260,5.75,6,9,2,324.2298567374695,5,145.0,164.0,19.0,8.631578947368421,19.0,0.8,29.0,19.0,1
test,3,53560,86986,86986,125287,93,12,2260,5.75,6,9,2,218.9202594553551,18,258.0,410.0,152.0,2.6973684210526314,95.0,0.5555555555555556,14.333333333333334,19.0,5
train,3,53560,86986,86986,125287,94,12,2442,5.75,4,9,2,324.2298567374695,5,145.0,164.0,19.0,8.631578947368421,19.0,0.8,29.0,19.0,1
test,3,53560,86986,86986,125287,94,12,2442,5.75,4,9,2,417.3993557999608,20,280.0,451.0,171.0,2.6374269005847952,73.0,0.55,14.0,19.0,3
train,3,53560,86986,86986,125287,95,12,1069,5.75,5,9,2,324.2298567374695,5,145.0,164.0,19.0,8.631578947368421,19.0,0.8,29.0,19.0,1
test,3,53560,86986,86986,125287,95,12,1069,5.75,5,9,2,174.28425057933376,15,135.0,287.0,152.0,1.888157894736842,73.0,0.4666666666666667,9.0,19.0,3
train,3,53560,86986,86986,125287,96,12,1025,6.0,2,9,2,324.2298567374695,5,145.0,164.0,19.0,8.631578947368421,19.0,0.8,29.0,19.0,1
test,3,53560,86986,86986,125287,96,12,1025,6.0,2,9,2,174.28425057933376,15,135.0,287.0,152.0,1.888157894736842,73.0,0.4666666666666667,9.0,19.0,3
train,3,53560,86986,86986,125287,97,12,2566,6.0,5,9,2,324.2298567374695,5,145.0,164.0,19.0,8.631578947368421,19.0,0.8,29.0,19.0,1
test,3,53560,86986,86986,125287,97,12,2566,6.0,5,9,2,173.62947458437017,19,239.0,410.0,171.0,2.3976608187134505,114.0,0.5263157894736842,12.578947368421053,19.0,6
train,3,53560,86986,86986,125287,98,12,1069,6.25,5,9,2,324.2298567374695,5,145.0,164.0,19.0,8.631578947368421,19.0,0.8,29.0,19.0,1
test,3,53560,86986,86986,125287,98,12,1069,6.25,5,9,2,58.61929905945842,14,94.0,246.0,152.0,1.618421052631579,114.0,0.42857142857142855,6.714285714285714,19.0,6
train,3,53560,86986,86986,125287,99,12,2566,5.75,2,9,2,324.2298567374695,5,145.0,164.0,19.0,8.631578947368421,19.0,0.8,29.0,19.0,1
test,3,53560,86986,86986,125287,99,12,2566,5.75,2,9,2,417.3993557999608,20,280.0,451.0,171.0,2.6374269005847952,73.0,0.55,14.0,19.0,3
train,3,53560,86986,86986,125287,100,12,1282,5.75,4,9,2,324.2298567374695,5,145.0,164.0,19.0,8.631578947368421,19.0,0.8,29.0,19.0,1
test,3,53560,86986,86986,125287,100,12,1282,5.75,4,9,2,417.3993557999608,20,280.0,451.0,171.0,2.6374269005847952,73.0,0.55,14.0,19.0,3
train,4,86986,125287,125287,130699,0,7,3247,7.0,4,17,3,399.2668280736581,54,489.0,1377.0,888.0,1.5506756756756757,216.0,0.3148148148148148,9.055555555555555,24.0,9
test,4,86986,125287,125287,130699,0,7,3247,7.0,4,17,3,-1000.0,1,-24.0,0.0,24.0,0.0,24.0,0.0,-24.0,24.0,1
train,4,86986,125287,125287,130699,1,14,1297,4.75,1,15,2,283.5,9,189.0,284.0,95.0,2.9894736842105263,38.0,0.4444444444444444,21.0,19.0,2
test,4,86986,125287,125287,130699,1,14,1297,4.75,1,15,2,-1000.0,0,0.0,0.0,0.0,inf,0.0,0.0,0.0,0.0,0
train,4,86986,125287,125287,130699,2,15,1480,9.75,5,10,4,404.4650788387052,8,143.0,230.0,87.0,2.6436781609195403,29.0,0.625,17.875,29.0,1
test,4,86986,125287,125287,130699,2,15,1480,9.75,5,10,4,-1000.0,0,0.0,0.0,0.0,inf,0.0,0.0,0.0,0.0,0
train,4,86986,125287,125287,130699,3,14,2437,4.75,6,10,2,815.8896984274284,11,246.0,322.0,76.0,4.2368421052631575,19.0,0.6363636363636364,22.363636363636363,19.0,1
test,4,86986,125287,125287,130699,3,14,2437,4.75,6,10,2,-1000.0,0,0.0,0.0,0.0,inf,0.0,0.0,0.0,0.0,0
train,4,86986,125287,125287,130699,4,14,2437,4.5,6,10,2,815.8896984274284,11,246.0,322.0,76.0,4.2368421052631575,19.0,0.6363636363636364,22.363636363636363,19.0,1
test,4,86986,125287,125287,130699,4,14,2437,4.5,6,10,2,-1000.0,0,0.0,0.0,0.0,inf,0.0,0.0,0.0,0.0,0
train,4,86986,125287,125287,130699,5,14,1297,4.5,8,19,2,403.5,9,269.0,364.0,95.0,3.831578947368421,38.0,0.4444444444444444,29.88888888888889,19.0,2
test,4,86986,125287,125287,130699,5,14,1297,4.5,8,19,2,-1000.0,0,0.0,0.0,0.0,inf,0.0,0.0,0.0,0.0,0
train,4,86986,125287,125287,130699,6,14,1480,4.5,8,10,3,749.5572026203204,11,226.0,322.0,96.0,3.3541666666666665,24.0,0.6363636363636364,20.545454545454547,24.0,1
test,4,86986,125287,125287,130699,6,14,1480,4.5,8,10,3,-1000.0,0,0.0,0.0,0.0,inf,0.0,0.0,0.0,0.0,0
train,4,86986,125287,125287,130699,7,14,1480,4.5,6,10,2,815.8896984274284,11,246.0,322.0,76.0,4.2368421052631575,19.0,0.6363636363636364,22.363636363636363,19.0,1
test,4,86986,125287,125287,130699,7,14,1480,4.5,6,10,2,-1000.0,0,0.0,0.0,0.0,inf,0.0,0.0,0.0,0.0,0
train,4,86986,125287,125287,130699,8,14,3933,4.5,8,10,2,815.8896984274284,11,246.0,322.0,76.0,4.2368421052631575,19.0,0.6363636363636364,22.363636363636363,19.0,1
test,4,86986,125287,125287,130699,8,14,3933,4.5,8,10,2,-1000.0,0,0.0,0.0,0.0,inf,0.0,0.0,0.0,0.0,0
train,4,86986,125287,125287,130699,9,14,1480,3.0,6,10,2,815.8896984274284,11,246.0,322.0,76.0,4.2368421052631575,19.0,0.6363636363636364,22.363636363636363,19.0,1
test,4,86986,125287,125287,130699,9,14,1480,3.0,6,10,2,-1000.0,0,0.0,0.0,0.0,inf,0.0,0.0,0.0,0.0,0
train,4,86986,125287,125287,130699,10,14,3247,3.25,8,10,2,815.8896984274284,11,246.0,322.0,76.0,4.2368421052631575,19.0,0.6363636363636364,22.363636363636363,19.0,1
test,4,86986,125287,125287,130699,10,14,3247,3.25,8,10,2,-1000.0,0,0.0,0.0,0.0,inf,0.0,0.0,0.0,0.0,0
train,4,86986,125287,125287,130699,11,14,1764,4.5,8,10,2,815.8896984274284,11,246.0,322.0,76.0,4.2368421052631575,19.0,0.6363636363636364,22.363636363636363,19.0,1
test,4,86986,125287,125287,130699,11,14,1764,4.5,8,10,2,-1000.0,0,0.0,0.0,0.0,inf,0.0,0.0,0.0,0.0,0
train,4,86986,125287,125287,130699,12,14,1297,3.25,8,10,2,815.8896984274284,11,246.0,322.0,76.0,4.2368421052631575,19.0,0.6363636363636364,22.363636363636363,19.0,1
test,4,86986,125287,125287,130699,12,14,1297,3.25,8,10,2,-1000.0,0,0.0,0.0,0.0,inf,0.0,0.0,0.0,0.0,0
train,4,86986,125287,125287,130699,13,14,2437,4.75,8,10,2,815.8896984274284,11,246.0,322.0,76.0,4.2368421052631575,19.0,0.6363636363636364,22.363636363636363,19.0,1
test,4,86986,125287,125287,130699,13,14,2437,4.75,8,10,2,-1000.0,0,0.0,0.0,0.0,inf,0.0,0.0,0.0,0.0,0
train,4,86986,125287,125287,130699,14,14,1728,4.5,7,10,2,815.8896984274284,11,246.0,322.0,76.0,4.2368421052631575,19.0,0.6363636363636364,22.363636363636363,19.0,1
test,4,86986,125287,125287,130699,14,14,1728,4.5,7,10,2,-1000.0,0,0.0,0.0,0.0,inf,0.0,0.0,0.0,0.0,0
train,4,86986,125287,125287,130699,15,14,1764,3.0,6,10,2,815.8896984274284,11,246.0,322.0,76.0,4.2368421052631575,19.0,0.6363636363636364,22.363636363636363,19.0,1
test,4,86986,125287,125287,130699,15,14,1764,3.0,6,10,2,-1000.0,0,0.0,0.0,0.0,inf,0.0,0.0,0.0,0.0,0
train,4,86986,125287,125287,130699,16,14,1297,4.5,7,10,2,815.8896984274284,11,246.0,322.0,76.0,4.2368421052631575,19.0,0.6363636363636364,22.363636363636363,19.0,1
test,4,86986,125287,125287,130699,16,14,1297,4.5,7,10,2,-1000.0,0,0.0,0.0,0.0,inf,0.0,0.0,0.0,0.0,0
train,4,86986,125287,125287,130699,17,14,1728,4.5,8,10,2,815.8896984274284,11,246.0,322.0,76.0,4.2368421052631575,19.0,0.6363636363636364,22.363636363636363,19.0,1
test,4,86986,125287,125287,130699,17,14,1728,4.5,8,10,2,-1000.0,0,0.0,0.0,0.0,inf,0.0,0.0,0.0,0.0,0
train,4,86986,125287,125287,130699,18,14,1764,3.25,5,10,2,815.8896984274284,11,246.0,322.0,76.0,4.2368421052631575,19.0,0.6363636363636364,22.363636363636363,19.0,1
test,4,86986,125287,125287,130699,18,14,1764,3.25,5,10,2,-1000.0,0,0.0,0.0,0.0,inf,0.0,0.0,0.0,0.0,0
train,4,86986,125287,125287,130699,19,14,1728,4.25,8,10,2,815.8896984274284,11,246.0,322.0,76.0,4.2368421052631575,19.0,0.6363636363636364,22.363636363636363,19.0,1
test,4,86986,125287,125287,130699,19,14,1728,4.25,8,10,2,-1000.0,0,0.0,0.0,0.0,inf,0.0,0.0,0.0,0.0,0
train,4,86986,125287,125287,130699,20,14,2700,3.25,5,10,2,815.8896984274284,11,246.0,322.0,76.0,4.2368421052631575,19.0,0.6363636363636364,22.363636363636363,19.0,1
test,4,86986,125287,125287,130699,20,14,2700,3.25,5,10,2,-1000.0,0,0.0,0.0,0.0,inf,0.0,0.0,0.0,0.0,0
train,4,86986,125287,125287,130699,21,14,2754,4.5,5,10,2,815.8896984274284,11,246.0,322.0,76.0,4.2368421052631575,19.0,0.6363636363636364,22.363636363636363,19.0,1
test,4,86986,125287,125287,130699,21,14,2754,4.5,5,10,2,-1000.0,0,0.0,0.0,0.0,inf,0.0,0.0,0.0,0.0,0
train,4,86986,125287,125287,130699,22,14,1900,4.5,7,10,2,815.8896984274284,11,246.0,322.0,76.0,4.2368421052631575,19.0,0.6363636363636364,22.363636363636363,19.0,1
test,4,86986,125287,125287,130699,22,14,1900,4.5,7,10,2,-1000.0,0,0.0,0.0,0.0,inf,0.0,0.0,0.0,0.0,0
train,4,86986,125287,125287,130699,23,14,1728,4.75,6,10,2,815.8896984274284,11,246.0,322.0,76.0,4.2368421052631575,19.0,0.6363636363636364,22.363636363636363,19.0,1
test,4,86986,125287,125287,130699,23,14,1728,4.75,6,10,2,-1000.0,0,0.0,0.0,0.0,inf,0.0,0.0,0.0,0.0,0
train,4,86986,125287,125287,130699,24,14,1814,4.5,8,10,2,815.8896984274284,11,246.0,322.0,76.0,4.2368421052631575,19.0,0.6363636363636364,22.363636363636363,19.0,1
test,4,86986,125287,125287,130699,24,14,1814,4.5,8,10,2,-1000.0,0,0.0,0.0,0.0,inf,0.0,0.0,0.0,0.0,0
train,4,86986,125287,125287,130699,25,14,2513,4.5,8,10,2,815.8896984274284,11,246.0,322.0,76.0,4.2368421052631575,19.0,0.6363636363636364,22.363636363636363,19.0,1
test,4,86986,125287,125287,130699,25,14,2513,4.5,8,10,2,-1000.0,0,0.0,0.0,0.0,inf,0.0,0.0,0.0,0.0,0
train,4,86986,125287,125287,130699,26,14,1728,3.75,7,10,2,815.8896984274284,11,246.0,322.0,76.0,4.2368421052631575,19.0,0.6363636363636364,22.363636363636363,19.0,1
test,4,86986,125287,125287,130699,26,14,1728,3.75,7,10,2,-1000.0,0,0.0,0.0,0.0,inf,0.0,0.0,0.0,0.0,0
train,4,86986,125287,125287,130699,27,14,1728,4.5,8,10,2,815.8896984274284,11,246.0,322.0,76.0,4.2368421052631575,19.0,0.6363636363636364,22.363636363636363,19.0,1
test,4,86986,125287,125287,130699,27,14,1728,4.5,8,10,2,-1000.0,0,0.0,0.0,0.0,inf,0.0,0.0,0.0,0.0,0
train,4,86986,125287,125287,130699,28,14,3182,3.25,5,10,2,815.8896984274284,11,246.0,322.0,76.0,4.2368421052631575,19.0,0.6363636363636364,22.363636363636363,19.0,1
test,4,86986,125287,125287,130699,28,14,3182,3.25,5,10,2,-1000.0,0,0.0,0.0,0.0,inf,0.0,0.0,0.0,0.0,0
train,4,86986,125287,125287,130699,29,14,2754,3.5,8,10,2,815.8896984274284,11,246.0,322.0,76.0,4.2368421052631575,19.0,0.6363636363636364,22.363636363636363,19.0,1
test,4,86986,125287,125287,130699,29,14,2754,3.5,8,10,2,-1000.0,0,0.0,0.0,0.0,inf,0.0,0.0,0.0,0.0,0
train,4,86986,125287,125287,130699,30,14,1881,4.25,7,10,2,815.8896984274284,11,246.0,322.0,76.0,4.2368421052631575,19.0,0.6363636363636364,22.363636363636363,19.0,1
test,4,86986,125287,125287,130699,30,14,1881,4.25,7,10,2,-1000.0,0,0.0,0.0,0.0,inf,0.0,0.0,0.0,0.0,0
train,4,86986,125287,125287,130699,31,14,2462,4.5,8,10,2,815.8896984274284,11,246.0,322.0,76.0,4.2368421052631575,19.0,0.6363636363636364,22.363636363636363,19.0,1
test,4,86986,125287,125287,130699,31,14,2462,4.5,8,10,2,-1000.0,0,0.0,0.0,0.0,inf,0.0,0.0,0.0,0.0,0
train,4,86986,125287,125287,130699,32,14,1728,4.5,5,10,2,815.8896984274284,11,246.0,322.0,76.0,4.2368421052631575,19.0,0.6363636363636364,22.363636363636363,19.0,1
test,4,86986,125287,125287,130699,32,14,1728,4.5,5,10,2,-1000.0,0,0.0,0.0,0.0,inf,0.0,0.0,0.0,0.0,0
train,4,86986,125287,125287,130699,33,14,1728,4.5,8,10,2,815.8896984274284,11,246.0,322.0,76.0,4.2368421052631575,19.0,0.6363636363636364,22.363636363636363,19.0,1
test,4,86986,125287,125287,130699,33,14,1728,4.5,8,10,2,-1000.0,0,0.0,0.0,0.0,inf,0.0,0.0,0.0,0.0,0
train,4,86986,125287,125287,130699,34,14,1728,4.5,8,10,2,815.8896984274284,11,246.0,322.0,76.0,4.2368421052631575,19.0,0.6363636363636364,22.363636363636363,19.0,1
test,4,86986,125287,125287,130699,34,14,1728,4.5,8,10,2,-1000.0,0,0.0,0.0,0.0,inf,0.0,0.0,0.0,0.0,0
train,4,86986,125287,125287,130699,35,14,2462,4.75,8,10,2,815.8896984274284,11,246.0,322.0,76.0,4.2368421052631575,19.0,0.6363636363636364,22.363636363636363,19.0,1
test,4,86986,125287,125287,130699,35,14,2462,4.75,8,10,2,-1000.0,0,0.0,0.0,0.0,inf,0.0,0.0,0.0,0.0,0
train,4,86986,125287,125287,130699,36,14,2700,4.5,8,10,2,815.8896984274284,11,246.0,322.0,76.0,4.2368421052631575,19.0,0.6363636363636364,22.363636363636363,19.0,1
test,4,86986,125287,125287,130699,36,14,2700,4.5,8,10,2,-1000.0,0,0.0,0.0,0.0,inf,0.0,0.0,0.0,0.0,0
train,4,86986,125287,125287,130699,37,14,2754,4.75,5,10,2,815.8896984274284,11,246.0,322.0,76.0,4.2368421052631575,19.0,0.6363636363636364,22.363636363636363,19.0,1
test,4,86986,125287,125287,130699,37,14,2754,4.75,5,10,2,-1000.0,0,0.0,0.0,0.0,inf,0.0,0.0,0.0,0.0,0
train,4,86986,125287,125287,130699,38,14,2754,4.5,8,10,2,815.8896984274284,11,246.0,322.0,76.0,4.2368421052631575,19.0,0.6363636363636364,22.363636363636363,19.0,1
test,4,86986,125287,125287,130699,38,14,2754,4.5,8,10,2,-1000.0,0,0.0,0.0,0.0,inf,0.0,0.0,0.0,0.0,0
train,4,86986,125287,125287,130699,39,14,2565,3.75,8,10,2,815.8896984274284,11,246.0,322.0,76.0,4.2368421052631575,19.0,0.6363636363636364,22.363636363636363,19.0,1
test,4,86986,125287,125287,130699,39,14,2565,3.75,8,10,2,-1000.0,0,0.0,0.0,0.0,inf,0.0,0.0,0.0,0.0,0
train,4,86986,125287,125287,130699,40,14,2842,4.75,8,10,2,815.8896984274284,11,246.0,322.0,76.0,4.2368421052631575,19.0,0.6363636363636364,22.363636363636363,19.0,1
test,4,86986,125287,125287,130699,40,14,2842,4.75,8,10,2,-1000.0,0,0.0,0.0,0.0,inf,0.0,0.0,0.0,0.0,0
train,4,86986,125287,125287,130699,41,14,2842,3.75,8,10,2,815.8896984274284,11,246.0,322.0,76.0,4.2368421052631575,19.0,0.6363636363636364,22.363636363636363,19.0,1
test,4,86986,125287,125287,130699,41,14,2842,3.75,8,10,2,-1000.0,0,0.0,0.0,0.0,inf,0.0,0.0,0.0,0.0,0
train,4,86986,125287,125287,130699,42,14,2754,4.75,5,10,2,815.8896984274284,11,246.0,322.0,76.0,4.2368421052631575,19.0,0.6363636363636364,22.363636363636363,19.0,1
test,4,86986,125287,125287,130699,42,14,2754,4.75,5,10,2,-1000.0,0,0.0,0.0,0.0,inf,0.0,0.0,0.0,0.0,0
train,4,86986,125287,125287,130699,43,14,2754,4.5,8,10,2,815.8896984274284,11,246.0,322.0,76.0,4.2368421052631575,19.0,0.6363636363636364,22.363636363636363,19.0,1
test,4,86986,125287,125287,130699,43,14,2754,4.5,8,10,2,-1000.0,0,0.0,0.0,0.0,inf,0.0,0.0,0.0,0.0,0
train,4,86986,125287,125287,130699,44,14,2754,4.75,5,10,2,815.8896984274284,11,246.0,322.0,76.0,4.2368421052631575,19.0,0.6363636363636364,22.363636363636363,19.0,1
test,4,86986,125287,125287,130699,44,14,2754,4.75,5,10,2,-1000.0,0,0.0,0.0,0.0,inf,0.0,0.0,0.0,0.0,0
train,4,86986,125287,125287,130699,45,14,2754,4.75,8,10,2,815.8896984274284,11,246.0,322.0,76.0,4.2368421052631575,19.0,0.6363636363636364,22.363636363636363,19.0,1
test,4,86986,125287,125287,130699,45,14,2754,4.75,8,10,2,-1000.0,0,0.0,0.0,0.0,inf,0.0,0.0,0.0,0.0,0
train,4,86986,125287,125287,130699,46,14,2616,3.0,7,10,2,815.8896984274284,11,246.0,322.0,76.0,4.2368421052631575,19.0,0.6363636363636364,22.363636363636363,19.0,1
test,4,86986,125287,125287,130699,46,14,2616,3.0,7,10,2,-1000.0,0,0.0,0.0,0.0,inf,0.0,0.0,0.0,0.0,0
train,4,86986,125287,125287,130699,47,14,2898,4.75,8,10,2,815.8896984274284,11,246.0,322.0,76.0,4.2368421052631575,19.0,0.6363636363636364,22.363636363636363,19.0,1
test,4,86986,125287,125287,130699,47,14,2898,4.75,8,10,2,-1000.0,0,0.0,0.0,0.0,inf,0.0,0.0,0.0,0.0,0
train,4,86986,125287,125287,130699,48,14,2671,4.5,5,10,2,815.8896984274284,11,246.0,322.0,76.0,4.2368421052631575,19.0,0.6363636363636364,22.363636363636363,19.0,1
test,4,86986,125287,125287,130699,48,14,2671,4.5,5,10,2,-1000.0,0,0.0,0.0,0.0,inf,0.0,0.0,0.0,0.0,0
train,4,86986,125287,125287,130699,49,14,2754,4.5,8,10,2,815.8896984274284,11,246.0,322.0,76.0,4.2368421052631575,19.0,0.6363636363636364,22.363636363636363,19.0,1
test,4,86986,125287,125287,130699,49,14,2754,4.5,8,10,2,-1000.0,0,0.0,0.0,0.0,inf,0.0,0.0,0.0,0.0,0
train,4,86986,125287,125287,130699,50,14,2693,4.5,5,10,2,815.8896984274284,11,246.0,322.0,76.0,4.2368421052631575,19.0,0.6363636363636364,22.363636363636363,19.0,1
test,4,86986,125287,125287,130699,50,14,2693,4.5,5,10,2,-1000.0,0,0.0,0.0,0.0,inf,0.0,0.0,0.0,0.0,0
train,4,86986,125287,125287,130699,51,14,2809,3.0,6,10,2,815.8896984274284,11,246.0,322.0,76.0,4.2368421052631575,19.0,0.6363636363636364,22.363636363636363,19.0,1
test,4,86986,125287,125287,130699,51,14,2809,3.0,6,10,2,-1000.0,0,0.0,0.0,0.0,inf,0.0,0.0,0.0,0.0,0
train,4,86986,125287,125287,130699,52,14,2754,4.25,8,10,2,815.8896984274284,11,246.0,322.0,76.0,4.2368421052631575,19.0,0.6363636363636364,22.363636363636363,19.0,1
test,4,86986,125287,125287,130699,52,14,2754,4.25,8,10,2,-1000.0,0,0.0,0.0,0.0,inf,0.0,0.0,0.0,0.0,0
train,4,86986,125287,125287,130699,53,14,2754,3.0,5,10,2,815.8896984274284,11,246.0,322.0,76.0,4.2368421052631575,19.0,0.6363636363636364,22.363636363636363,19.0,1
test,4,86986,125287,125287,130699,53,14,2754,3.0,5,10,2,-1000.0,0,0.0,0.0,0.0,inf,0.0,0.0,0.0,0.0,0
train,4,86986,125287,125287,130699,54,14,2754,4.25,8,10,2,815.8896984274284,11,246.0,322.0,76.0,4.2368421052631575,19.0,0.6363636363636364,22.363636363636363,19.0,1
test,4,86986,125287,125287,130699,54,14,2754,4.25,8,10,2,-1000.0,0,0.0,0.0,0.0,inf,0.0,0.0,0.0,0.0,0
train,4,86986,125287,125287,130699,55,14,2754,4.5,8,10,2,815.8896984274284,11,246.0,322.0,76.0,4.2368421052631575,19.0,0.6363636363636364,22.363636363636363,19.0,1
test,4,86986,125287,125287,130699,55,14,2754,4.5,8,10,2,-1000.0,0,0.0,0.0,0.0,inf,0.0,0.0,0.0,0.0,0
train,4,86986,125287,125287,130699,56,14,2877,3.0,8,10,2,815.8896984274284,11,246.0,322.0,76.0,4.2368421052631575,19.0,0.6363636363636364,22.363636363636363,19.0,1
test,4,86986,125287,125287,130699,56,14,2877,3.0,8,10,2,-1000.0,0,0.0,0.0,0.0,inf,0.0,0.0,0.0,0.0,0
train,4,86986,125287,125287,130699,57,14,2754,3.25,5,10,2,815.8896984274284,11,246.0,322.0,76.0,4.2368421052631575,19.0,0.6363636363636364,22.363636363636363,19.0,1
test,4,86986,125287,125287,130699,57,14,2754,3.25,5,10,2,-1000.0,0,0.0,0.0,0.0,inf,0.0,0.0,0.0,0.0,0
train,4,86986,125287,125287,130699,58,14,2754,4.5,6,10,2,815.8896984274284,11,246.0,322.0,76.0,4.2368421052631575,19.0,0.6363636363636364,22.363636363636363,19.0,1
test,4,86986,125287,125287,130699,58,14,2754,4.5,6,10,2,-1000.0,0,0.0,0.0,0.0,inf,0.0,0.0,0.0,0.0,0
train,4,86986,125287,125287,130699,59,14,2877,3.0,7,10,2,815.8896984274284,11,246.0,322.0,76.0,4.2368421052631575,19.0,0.6363636363636364,22.363636363636363,19.0,1
test,4,86986,125287,125287,130699,59,14,2877,3.0,7,10,2,-1000.0,0,0.0,0.0,0.0,inf,0.0,0.0,0.0,0.0,0
train,4,86986,125287,125287,130699,60,14,2877,3.0,8,10,2,815.8896984274284,11,246.0,322.0,76.0,4.2368421052631575,19.0,0.6363636363636364,22.363636363636363,19.0,1
test,4,86986,125287,125287,130699,60,14,2877,3.0,8,10,2,-1000.0,0,0.0,0.0,0.0,inf,0.0,0.0,0.0,0.0,0
train,4,86986,125287,125287,130699,61,14,2772,4.5,7,10,2,815.8896984274284,11,246.0,322.0,76.0,4.2368421052631575,19.0,0.6363636363636364,22.363636363636363,19.0,1
test,4,86986,125287,125287,130699,61,14,2772,4.5,7,10,2,-1000.0,0,0.0,0.0,0.0,inf,0.0,0.0,0.0,0.0,0
train,4,86986,125287,125287,130699,62,14,1728,4.5,5,10,2,815.8896984274284,11,246.0,322.0,76.0,4.2368421052631575,19.0,0.6363636363636364,22.363636363636363,19.0,1
test,4,86986,125287,125287,130699,62,14,1728,4.5,5,10,2,-1000.0,0,0.0,0.0,0.0,inf,0.0,0.0,0.0,0.0,0
train,4,86986,125287,125287,130699,63,14,2754,4.75,5,10,2,815.8896984274284,11,246.0,322.0,76.0,4.2368421052631575,19.0,0.6363636363636364,22.363636363636363,19.0,1
test,4,86986,125287,125287,130699,63,14,2754,4.75,5,10,2,-1000.0,0,0.0,0.0,0.0,inf,0.0,0.0,0.0,0.0,0
train,4,86986,125287,125287,130699,64,14,2726,4.25,5,10,2,815.8896984274284,11,246.0,322.0,76.0,4.2368421052631575,19.0,0.6363636363636364,22.363636363636363,19.0,1
test,4,86986,125287,125287,130699,64,14,2726,4.25,5,10,2,-1000.0,0,0.0,0.0,0.0,inf,0.0,0.0,0.0,0.0,0
train,4,86986,125287,125287,130699,65,14,2754,3.25,5,10,2,815.8896984274284,11,246.0,322.0,76.0,4.2368421052631575,19.0,0.6363636363636364,22.363636363636363,19.0,1
test,4,86986,125287,125287,130699,65,14,2754,3.25,5,10,2,-1000.0,0,0.0,0.0,0.0,inf,0.0,0.0,0.0,0.0,0
train,4,86986,125287,125287,130699,66,14,2754,4.5,8,10,2,815.8896984274284,11,246.0,322.0,76.0,4.2368421052631575,19.0,0.6363636363636364,22.363636363636363,19.0,1
test,4,86986,125287,125287,130699,66,14,2754,4.5,8,10,2,-1000.0,0,0.0,0.0,0.0,inf,0.0,0.0,0.0,0.0,0
train,4,86986,125287,125287,130699,67,14,2772,4.5,7,10,2,815.8896984274284,11,246.0,322.0,76.0,4.2368421052631575,19.0,0.6363636363636364,22.363636363636363,19.0,1
test,4,86986,125287,125287,130699,67,14,2772,4.5,7,10,2,-1000.0,0,0.0,0.0,0.0,inf,0.0,0.0,0.0,0.0,0
train,4,86986,125287,125287,130699,68,14,2754,4.5,7,10,2,815.8896984274284,11,246.0,322.0,76.0,4.2368421052631575,19.0,0.6363636363636364,22.363636363636363,19.0,1
test,4,86986,125287,125287,130699,68,14,2754,4.5,7,10,2,-1000.0,0,0.0,0.0,0.0,inf,0.0,0.0,0.0,0.0,0
train,4,86986,125287,125287,130699,69,14,2761,3.25,8,10,2,815.8896984274284,11,246.0,322.0,76.0,4.2368421052631575,19.0,0.6363636363636364,22.363636363636363,19.0,1
test,4,86986,125287,125287,130699,69,14,2761,3.25,8,10,2,-1000.0,0,0.0,0.0,0.0,inf,0.0,0.0,0.0,0.0,0
train,4,86986,125287,125287,130699,70,14,2754,3.0,8,10,2,815.8896984274284,11,246.0,322.0,76.0,4.2368421052631575,19.0,0.6363636363636364,22.363636363636363,19.0,1
test,4,86986,125287,125287,130699,70,14,2754,3.0,8,10,2,-1000.0,0,0.0,0.0,0.0,inf,0.0,0.0,0.0,0.0,0
train,4,86986,125287,125287,130699,71,14,2754,4.75,5,10,2,815.8896984274284,11,246.0,322.0,76.0,4.2368421052631575,19.0,0.6363636363636364,22.363636363636363,19.0,1
test,4,86986,125287,125287,130699,71,14,2754,4.75,5,10,2,-1000.0,0,0.0,0.0,0.0,inf,0.0,0.0,0.0,0.0,0
train,4,86986,125287,125287,130699,72,14,2754,3.0,9,10,2,815.8896984274284,11,246.0,322.0,76.0,4.2368421052631575,19.0,0.6363636363636364,22.363636363636363,19.0,1
test,4,86986,125287,125287,130699,72,14,2754,3.0,9,10,2,-1000.0,0,0.0,0.0,0.0,inf,0.0,0.0,0.0,0.0,0
train,4,86986,125287,125287,130699,73,14,2547,4.5,8,10,2,815.8896984274284,11,246.0,322.0,76.0,4.2368421052631575,19.0,0.6363636363636364,22.363636363636363,19.0,1
test,4,86986,125287,125287,130699,73,14,2547,4.5,8,10,2,-1000.0,0,0.0,0.0,0.0,inf,0.0,0.0,0.0,0.0,0
train,4,86986,125287,125287,130699,74,14,2761,3.25,6,10,2,815.8896984274284,11,246.0,322.0,76.0,4.2368421052631575,19.0,0.6363636363636364,22.363636363636363,19.0,1
test,4,86986,125287,125287,130699,74,14,2761,3.25,6,10,2,-1000.0,0,0.0,0.0,0.0,inf,0.0,0.0,0.0,0.0,0
train,4,86986,125287,125287,130699,75,14,2754,3.25,8,10,2,815.8896984274284,11,246.0,322.0,76.0,4.2368421052631575,19.0,0.6363636363636364,22.363636363636363,19.0,1
test,4,86986,125287,125287,130699,75,14,2754,3.25,8,10,2,-1000.0,0,0.0,0.0,0.0,inf,0.0,0.0,0.0,0.0,0
train,4,86986,125287,125287,130699,76,14,2916,4.5,4,10,2,815.8896984274284,11,246.0,322.0,76.0,4.2368421052631575,19.0,0.6363636363636364,22.363636363636363,19.0,1
test,4,86986,125287,125287,130699,76,14,2916,4.5,4,10,2,-1000.0,0,0.0,0.0,0.0,inf,0.0,0.0,0.0,0.0,0
train,4,86986,125287,125287,130699,77,14,3072,3.25,7,10,2,815.8896984274284,11,246.0,322.0,76.0,4.2368421052631575,19.0,0.6363636363636364,22.363636363636363,19.0,1
test,4,86986,125287,125287,130699,77,14,3072,3.25,7,10,2,-1000.0,0,0.0,0.0,0.0,inf,0.0,0.0,0.0,0.0,0
train,4,86986,125287,125287,130699,78,14,2547,4.25,6,10,2,815.8896984274284,11,246.0,322.0,76.0,4.2368421052631575,19.0,0.6363636363636364,22.363636363636363,19.0,1
test,4,86986,125287,125287,130699,78,14,2547,4.25,6,10,2,-1000.0,0,0.0,0.0,0.0,inf,0.0,0.0,0.0,0.0,0
train,4,86986,125287,125287,130699,79,14,2919,4.5,7,10,2,815.8896984274284,11,246.0,322.0,76.0,4.2368421052631575,19.0,0.6363636363636364,22.363636363636363,19.0,1
test,4,86986,125287,125287,130699,79,14,2919,4.5,7,10,2,-1000.0,0,0.0,0.0,0.0,inf,0.0,0.0,0.0,0.0,0
train,4,86986,125287,125287,130699,80,14,2761,3.25,6,10,2,815.8896984274284,11,246.0,322.0,76.0,4.2368421052631575,19.0,0.6363636363636364,22.363636363636363,19.0,1
test,4,86986,125287,125287,130699,80,14,2761,3.25,6,10,2,-1000.0,0,0.0,0.0,0.0,inf,0.0,0.0,0.0,0.0,0
train,4,86986,125287,125287,130699,81,14,3072,3.25,8,10,2,815.8896984274284,11,246.0,322.0,76.0,4.2368421052631575,19.0,0.6363636363636364,22.363636363636363,19.0,1
test,4,86986,125287,125287,130699,81,14,3072,3.25,8,10,2,-1000.0,0,0.0,0.0,0.0,inf,0.0,0.0,0.0,0.0,0
train,4,86986,125287,125287,130699,82,14,3072,4.5,8,10,2,815.8896984274284,11,246.0,322.0,76.0,4.2368421052631575,19.0,0.6363636363636364,22.363636363636363,19.0,1
test,4,86986,125287,125287,130699,82,14,3072,4.5,8,10,2,-1000.0,0,0.0,0.0,0.0,inf,0.0,0.0,0.0,0.0,0
train,4,86986,125287,125287,130699,83,14,2547,4.25,7,10,2,815.8896984274284,11,246.0,322.0,76.0,4.2368421052631575,19.0,0.6363636363636364,22.363636363636363,19.0,1
test,4,86986,125287,125287,130699,83,14,2547,4.25,7,10,2,-1000.0,0,0.0,0.0,0.0,inf,0.0,0.0,0.0,0.0,0
train,4,86986,125287,125287,130699,84,14,2889,3.25,8,10,2,815.8896984274284,11,246.0,322.0,76.0,4.2368421052631575,19.0,0.6363636363636364,22.363636363636363,19.0,1
test,4,86986,125287,125287,130699,84,14,2889,3.25,8,10,2,-1000.0,0,0.0,0.0,0.0,inf,0.0,0.0,0.0,0.0,0
train,4,86986,125287,125287,130699,85,14,2754,3.25,7,10,2,815.8896984274284,11,246.0,322.0,76.0,4.2368421052631575,19.0,0.6363636363636364,22.363636363636363,19.0,1
test,4,86986,125287,125287,130699,85,14,2754,3.25,7,10,2,-1000.0,0,0.0,0.0,0.0,inf,0.0,0.0,0.0,0.0,0
train,4,86986,125287,125287,130699,86,14,3071,3.25,8,10,2,815.8896984274284,11,246.0,322.0,76.0,4.2368421052631575,19.0,0.6363636363636364,22.363636363636363,19.0,1
test,4,86986,125287,125287,130699,86,14,3071,3.25,8,10,2,-1000.0,0,0.0,0.0,0.0,inf,0.0,0.0,0.0,0.0,0
train,4,86986,125287,125287,130699,87,14,2547,3.25,8,10,2,815.8896984274284,11,246.0,322.0,76.0,4.2368421052631575,19.0,0.6363636363636364,22.363636363636363,19.0,1
test,4,86986,125287,125287,130699,87,14,2547,3.25,8,10,2,-1000.0,0,0.0,0.0,0.0,inf,0.0,0.0,0.0,0.0,0
train,4,86986,125287,125287,130699,88,14,2547,3.25,8,10,2,815.8896984274284,11,246.0,322.0,76.0,4.2368421052631575,19.0,0.6363636363636364,22.363636363636363,19.0,1
test,4,86986,125287,125287,130699,88,14,2547,3.25,8,10,2,-1000.0,0,0.0,0.0,0.0,inf,0.0,0.0,0.0,0.0,0
train,4,86986,125287,125287,130699,89,14,2754,3.25,7,10,2,815.8896984274284,11,246.0,322.0,76.0,4.2368421052631575,19.0,0.6363636363636364,22.363636363636363,19.0,1
test,4,86986,125287,125287,130699,89,14,2754,3.25,7,10,2,-1000.0,0,0.0,0.0,0.0,inf,0.0,0.0,0.0,0.0,0
train,4,86986,125287,125287,130699,90,14,2650,4.25,6,10,2,815.8896984274284,11,246.0,322.0,76.0,4.2368421052631575,19.0,0.6363636363636364,22.363636363636363,19.0,1
test,4,86986,125287,125287,130699,90,14,2650,4.25,6,10,2,-1000.0,0,0.0,0.0,0.0,inf,0.0,0.0,0.0,0.0,0
train,4,86986,125287,125287,130699,91,14,3165,3.25,7,10,2,815.8896984274284,11,246.0,322.0,76.0,4.2368421052631575,19.0,0.6363636363636364,22.363636363636363,19.0,1
test,4,86986,125287,125287,130699,91,14,3165,3.25,7,10,2,-1000.0,0,0.0,0.0,0.0,inf,0.0,0.0,0.0,0.0,0
train,4,86986,125287,125287,130699,92,14,2650,3.0,6,10,2,815.8896984274284,11,246.0,322.0,76.0,4.2368421052631575,19.0,0.6363636363636364,22.363636363636363,19.0,1
test,4,86986,125287,125287,130699,92,14,2650,3.0,6,10,2,-1000.0,0,0.0,0.0,0.0,inf,0.0,0.0,0.0,0.0,0
train,4,86986,125287,125287,130699,93,14,2261,3.25,8,10,2,815.8896984274284,11,246.0,322.0,76.0,4.2368421052631575,19.0,0.6363636363636364,22.363636363636363,19.0,1
test,4,86986,125287,125287,130699,93,14,2261,3.25,8,10,2,-1000.0,0,0.0,0.0,0.0,inf,0.0,0.0,0.0,0.0,0
train,4,86986,125287,125287,130699,94,14,2547,4.25,7,10,2,815.8896984274284,11,246.0,322.0,76.0,4.2368421052631575,19.0,0.6363636363636364,22.363636363636363,19.0,1
test,4,86986,125287,125287,130699,94,14,2547,4.25,7,10,2,-1000.0,0,0.0,0.0,0.0,inf,0.0,0.0,0.0,0.0,0
train,4,86986,125287,125287,130699,95,14,2958,4.25,7,10,2,815.8896984274284,11,246.0,322.0,76.0,4.2368421052631575,19.0,0.6363636363636364,22.363636363636363,19.0,1
test,4,86986,125287,125287,130699,95,14,2958,4.25,7,10,2,-1000.0,0,0.0,0.0,0.0,inf,0.0,0.0,0.0,0.0,0
train,4,86986,125287,125287,130699,96,14,2671,4.25,7,10,2,815.8896984274284,11,246.0,322.0,76.0,4.2368421052631575,19.0,0.6363636363636364,22.363636363636363,19.0,1
test,4,86986,125287,125287,130699,96,14,2671,4.25,7,10,2,-1000.0,0,0.0,0.0,0.0,inf,0.0,0.0,0.0,0.0,0
train,4,86986,125287,125287,130699,97,14,2750,3.25,6,10,2,815.8896984274284,11,246.0,322.0,76.0,4.2368421052631575,19.0,0.6363636363636364,22.363636363636363,19.0,1
test,4,86986,125287,125287,130699,97,14,2750,3.25,6,10,2,-1000.0,0,0.0,0.0,0.0,inf,0.0,0.0,0.0,0.0,0
train,4,86986,125287,125287,130699,98,14,2547,3.0,7,10,2,815.8896984274284,11,246.0,322.0,76.0,4.2368421052631575,19.0,0.6363636363636364,22.363636363636363,19.0,1
test,4,86986,125287,125287,130699,98,14,2547,3.0,7,10,2,-1000.0,0,0.0,0.0,0.0,inf,0.0,0.0,0.0,0.0,0
train,4,86986,125287,125287,130699,99,14,2547,3.0,8,10,2,815.8896984274284,11,246.0,322.0,76.0,4.2368421052631575,19.0,0.6363636363636364,22.363636363636363,19.0,1
test,4,86986,125287,125287,130699,99,14,2547,3.0,8,10,2,-1000.0,0,0.0,0.0,0.0,inf,0.0,0.0,0.0,0.0,0
train,4,86986,125287,125287,130699,100,14,2547,4.0,6,10,2,815.8896984274284,11,246.0,322.0,76.0,4.2368421052631575,19.0,0.6363636363636364,22.363636363636363,19.0,1
test,4,86986,125287,125287,130699,100,14,2547,4.0,6,10,2,-1000.0,0,0.0,0.0,0.0,inf,0.0,0.0,0.0,0.0,0
