dataset_type,window_id,train_start,train_end,test_start,test_end,generation,min_impulse_candles,max_duration_ms,diagonal_imbalance_ratio_threshold,min_imbalance_count,take_profit_ticks,stop_loss_ticks,fitness,number_of_trades,net_profit,gross_profit,gross_loss,profit_factor,max_drawdown,win_rate,expectancy,biggest_loss,longest_losing_streak
train,1,0,22406,22406,53560,0,7,1563,8.75,4,4,4,-49.0260701622673,8,-52.0,64.0,116.0,0.5517241379310345,87.0,0.5,-6.5,29.0,3
test,1,0,22406,22406,53560,0,7,1563,8.75,4,4,4,-206.22075550244693,23,-172.0,176.0,348.0,0.5057471264367817,239.0,0.4782608695652174,-7.478260869565218,29.0,4
train,1,0,22406,22406,53560,1,6,855,7.25,4,25,3,31.714285714285715,9,74.0,242.0,168.0,1.4404761904761905,168.0,0.2222222222222222,8.222222222222221,24.0,7
test,1,0,22406,22406,53560,1,6,855,7.25,4,25,3,-12.5,25,-20.0,484.0,504.0,0.9603174603174603,192.0,0.16,-0.8,24.0,8
train,1,0,22406,22406,53560,2,9,1563,8.75,2,15,4,-33.54101966249684,5,-45.0,71.0,116.0,0.6120689655172413,87.0,0.2,-9.0,29.0,3
test,1,0,22406,22406,53560,2,9,1563,8.75,2,15,4,-73.94316626122182,18,-122.0,284.0,406.0,0.6995073891625616,277.0,0.2222222222222222,-6.777777777777778,29.0,7
train,1,0,22406,22406,53560,3,7,2035,9.25,4,12,4,27.95084971874737,5,25.0,112.0,87.0,1.2873563218390804,58.0,0.4,5.0,29.0,2
test,1,0,22406,22406,53560,3,7,2035,9.25,4,12,4,-73.58668357794093,15,-95.0,224.0,319.0,0.7021943573667712,149.0,0.26666666666666666,-6.333333333333333,29.0,5
train,1,0,22406,22406,53560,4,7,1563,8.75,4,15,4,21.228911104120876,6,26.0,142.0,116.0,1.2241379310344827,87.0,0.3333333333333333,4.333333333333333,29.0,3
test,1,0,22406,22406,53560,4,7,1563,8.75,4,15,4,-51.2,16,-64.0,284.0,348.0,0.8160919540229885,190.0,0.25,-4.0,29.0,5
train,1,0,22406,22406,53560,5,7,1563,9.5,4,15,4,61.49186938124422,5,55.0,142.0,87.0,1.632183908045977,58.0,0.4,11.0,29.0,2
test,1,0,22406,22406,53560,5,7,1563,9.5,4,15,4,-49.57696037475472,14,-106.0,213.0,319.0,0.6677115987460815,232.0,0.21428571428571427,-7.571428571428571,29.0,8
train,1,0,22406,22406,53560,6,7,1563,9.25,4,15,4,61.49186938124422,5,55.0,142.0,87.0,1.632183908045977,58.0,0.4,11.0,29.0,2
test,1,0,22406,22406,53560,6,7,1563,9.25,4,15,4,-49.57696037475472,14,-106.0,213.0,319.0,0.6677115987460815,232.0,0.21428571428571427,-7.571428571428571,29.0,8
train,1,0,22406,22406,53560,7,7,1563,8.75,4,15,2,53.88877434122991,6,66.0,142.0,76.0,1.868421052631579,57.0,0.3333333333333333,11.0,19.0,3
test,1,0,22406,22406,53560,7,7,1563,8.75,4,15,2,-13.6,16,-34.0,213.0,247.0,0.8623481781376519,190.0,0.1875,-2.125,19.0,10
train,1,0,22406,22406,53560,8,7,1563,9.25,4,15,4,61.49186938124422,5,55.0,142.0,87.0,1.632183908045977,58.0,0.4,11.0,29.0,2
test,1,0,22406,22406,53560,8,7,1563,9.25,4,15,4,-49.57696037475472,14,-106.0,213.0,319.0,0.6677115987460815,232.0,0.21428571428571427,-7.571428571428571,29.0,8
train,1,0,22406,22406,53560,9,7,1563,9.0,4,15,2,95.03288904374106,5,85.0,142.0,57.0,2.491228070175439,38.0,0.4,17.0,19.0,2
test,1,0,22406,22406,53560,9,7,1563,9.0,4,15,2,1.8708286933869707,14,4.0,213.0,209.0,1.0191387559808613,152.0,0.21428571428571427,0.2857142857142857,19.0,8
train,1,0,22406,22406,53560,10,7,1563,9.0,4,15,2,95.03288904374106,5,85.0,142.0,57.0,2.491228070175439,38.0,0.4,17.0,19.0,2
test,1,0,22406,22406,53560,10,7,1563,9.0,4,15,2,1.8708286933869707,14,4.0,213.0,209.0,1.0191387559808613,152.0,0.21428571428571427,0.2857142857142857,19.0,8
train,1,0,22406,22406,53560,11,7,1563,9.0,4,15,2,95.03288904374106,5,85.0,142.0,57.0,2.491228070175439,38.0,0.4,17.0,19.0,2
test,1,0,22406,22406,53560,11,7,1563,9.0,4,15,2,1.8708286933869707,14,4.0,213.0,209.0,1.0191387559808613,152.0,0.21428571428571427,0.2857142857142857,19.0,8
train,1,0,22406,22406,53560,12,6,1563,9.0,4,15,2,95.03288904374106,5,85.0,142.0,57.0,2.491228070175439,38.0,0.4,17.0,19.0,2
test,1,0,22406,22406,53560,12,6,1563,9.0,4,15,2,28.0,16,56.0,284.0,228.0,1.2456140350877194,152.0,0.25,3.5,19.0,8
train,1,0,22406,22406,53560,13,7,1563,9.0,4,15,2,95.03288904374106,5,85.0,142.0,57.0,2.491228070175439,38.0,0.4,17.0,19.0,2
test,1,0,22406,22406,53560,13,7,1563,9.0,4,15,2,1.8708286933869707,14,4.0,213.0,209.0,1.0191387559808613,152.0,0.21428571428571427,0.2857142857142857,19.0,8
train,1,0,22406,22406,53560,14,7,1563,9.0,4,16,2,106.21322893124001,5,95.0,152.0,57.0,2.6666666666666665,38.0,0.4,19.0,19.0,2
test,1,0,22406,22406,53560,14,7,1563,9.0,4,16,2,8.88643629358811,14,19.0,228.0,209.0,1.0909090909090908,152.0,0.21428571428571427,1.3571428571428572,19.0,8
train,1,0,22406,22406,53560,15,7,1563,9.0,4,16,2,106.21322893124001,5,95.0,152.0,57.0,2.6666666666666665,38.0,0.4,19.0,19.0,2
test,1,0,22406,22406,53560,15,7,1563,9.0,4,16,2,8.88643629358811,14,19.0,228.0,209.0,1.0909090909090908,152.0,0.21428571428571427,1.3571428571428572,19.0,8
train,1,0,22406,22406,53560,16,7,1453,9.0,4,16,2,106.21322893124001,5,95.0,152.0,57.0,2.6666666666666665,38.0,0.4,19.0,19.0,2
test,1,0,22406,22406,53560,16,7,1453,9.0,4,16,2,8.88643629358811,14,19.0,228.0,209.0,1.0909090909090908,152.0,0.21428571428571427,1.3571428571428572,19.0,8
train,1,0,22406,22406,53560,17,7,1594,9.0,4,16,2,106.21322893124001,5,95.0,152.0,57.0,2.6666666666666665,38.0,0.4,19.0,19.0,2
test,1,0,22406,22406,53560,17,7,1594,9.0,4,16,2,8.88643629358811,14,19.0,228.0,209.0,1.0909090909090908,152.0,0.21428571428571427,1.3571428571428572,19.0,8
train,1,0,22406,22406,53560,18,7,1563,9.0,4,16,2,106.21322893124001,5,95.0,152.0,57.0,2.6666666666666665,38.0,0.4,19.0,19.0,2
test,1,0,22406,22406,53560,18,7,1563,9.0,4,16,2,8.88643629358811,14,19.0,228.0,209.0,1.0909090909090908,152.0,0.21428571428571427,1.3571428571428572,19.0,8
train,1,0,22406,22406,53560,19,7,1594,9.0,4,16,2,106.21322893124001,5,95.0,152.0,57.0,2.6666666666666665,38.0,0.4,19.0,19.0,2
test,1,0,22406,22406,53560,19,7,1594,9.0,4,16,2,8.88643629358811,14,19.0,228.0,209.0,1.0909090909090908,152.0,0.21428571428571427,1.3571428571428572,19.0,8
train,1,0,22406,22406,53560,20,7,1469,9.0,4,16,2,106.21322893124001,5,95.0,152.0,57.0,2.6666666666666665,38.0,0.4,19.0,19.0,2
test,1,0,22406,22406,53560,20,7,1469,9.0,4,16,2,8.88643629358811,14,19.0,228.0,209.0,1.0909090909090908,152.0,0.21428571428571427,1.3571428571428572,19.0,8
train,1,0,22406,22406,53560,21,7,1609,9.25,4,16,2,106.21322893124001,5,95.0,152.0,57.0,2.6666666666666665,38.0,0.4,19.0,19.0,2
test,1,0,22406,22406,53560,21,7,1609,9.25,4,16,2,8.88643629358811,14,19.0,228.0,209.0,1.0909090909090908,152.0,0.21428571428571427,1.3571428571428572,19.0,8
train,1,0,22406,22406,53560,22,7,1753,9.0,4,16,2,106.21322893124001,5,95.0,152.0,57.0,2.6666666666666665,38.0,0.4,19.0,19.0,2
test,1,0,22406,22406,53560,22,7,1753,9.0,4,16,2,0.0,15,0.0,228.0,228.0,1.0,152.0,0.2,0.0,19.0,8
train,1,0,22406,22406,53560,23,7,1563,9.0,4,16,2,106.21322893124001,5,95.0,152.0,57.0,2.6666666666666665,38.0,0.4,19.0,19.0,2
test,1,0,22406,22406,53560,23,7,1563,9.0,4,16,2,8.88643629358811,14,19.0,228.0,209.0,1.0909090909090908,152.0,0.21428571428571427,1.3571428571428572,19.0,8
train,1,0,22406,22406,53560,24,7,1563,9.0,4,16,2,106.21322893124001,5,95.0,152.0,57.0,2.6666666666666665,38.0,0.4,19.0,19.0,2
test,1,0,22406,22406,53560,24,7,1563,9.0,4,16,2,8.88643629358811,14,19.0,228.0,209.0,1.0909090909090908,152.0,0.21428571428571427,1.3571428571428572,19.0,8
train,1,0,22406,22406,53560,25,7,1563,9.25,4,16,2,106.21322893124001,5,95.0,152.0,57.0,2.6666666666666665,38.0,0.4,19.0,19.0,2
test,1,0,22406,22406,53560,25,7,1563,9.25,4,16,2,8.88643629358811,14,19.0,228.0,209.0,1.0909090909090908,152.0,0.21428571428571427,1.3571428571428572,19.0,8
train,1,0,22406,22406,53560,26,7,1563,9.0,4,16,2,106.21322893124001,5,95.0,152.0,57.0,2.6666666666666665,38.0,0.4,19.0,19.0,2
test,1,0,22406,22406,53560,26,7,1563,9.0,4,16,2,8.88643629358811,14,19.0,228.0,209.0,1.0909090909090908,152.0,0.21428571428571427,1.3571428571428572,19.0,8
train,1,0,22406,22406,53560,27,7,1578,9.25,4,16,2,106.21322893124001,5,95.0,152.0,57.0,2.6666666666666665,38.0,0.4,19.0,19.0,2
test,1,0,22406,22406,53560,27,7,1578,9.25,4,16,2,8.88643629358811,14,19.0,228.0,209.0,1.0909090909090908,152.0,0.21428571428571427,1.3571428571428572,19.0,8
train,1,0,22406,22406,53560,28,6,1563,9.0,4,16,2,106.21322893124001,5,95.0,152.0,57.0,2.6666666666666665,38.0,0.4,19.0,19.0,2
test,1,0,22406,22406,53560,28,6,1563,9.0,4,16,2,38.0,16,76.0,304.0,228.0,1.3333333333333333,152.0,0.25,4.75,19.0,8
train,1,0,22406,22406,53560,29,6,1656,9.25,4,16,2,106.21322893124001,5,95.0,152.0,57.0,2.6666666666666665,38.0,0.4,19.0,19.0,2
test,1,0,22406,22406,53560,29,6,1656,9.25,4,16,2,38.0,16,76.0,304.0,228.0,1.3333333333333333,152.0,0.25,4.75,19.0,8
train,1,0,22406,22406,53560,30,7,1563,9.0,4,16,2,106.21322893124001,5,95.0,152.0,57.0,2.6666666666666665,38.0,0.4,19.0,19.0,2
test,1,0,22406,22406,53560,30,7,1563,9.0,4,16,2,8.88643629358811,14,19.0,228.0,209.0,1.0909090909090908,152.0,0.21428571428571427,1.3571428571428572,19.0,8
train,1,0,22406,22406,53560,31,6,1609,9.0,4,16,2,106.21322893124001,5,95.0,152.0,57.0,2.6666666666666665,38.0,0.4,19.0,19.0,2
test,1,0,22406,22406,53560,31,6,1609,9.0,4,16,2,38.0,16,76.0,304.0,228.0,1.3333333333333333,152.0,0.25,4.75,19.0,8
train,1,0,22406,22406,53560,32,7,1563,9.75,4,16,2,106.21322893124001,5,95.0,152.0,57.0,2.6666666666666665,38.0,0.4,19.0,19.0,2
test,1,0,22406,22406,53560,32,7,1563,9.75,4,16,2,8.88643629358811,14,19.0,228.0,209.0,1.0909090909090908,152.0,0.21428571428571427,1.3571428571428572,19.0,8
train,1,0,22406,22406,53560,33,7,1563,9.25,4,16,2,106.21322893124001,5,95.0,152.0,57.0,2.6666666666666665,38.0,0.4,19.0,19.0,2
test,1,0,22406,22406,53560,33,7,1563,9.25,4,16,2,8.88643629358811,14,19.0,228.0,209.0,1.0909090909090908,152.0,0.21428571428571427,1.3571428571428572,19.0,8
train,1,0,22406,22406,53560,34,6,1563,9.0,4,16,2,106.21322893124001,5,95.0,152.0,57.0,2.6666666666666665,38.0,0.4,19.0,19.0,2
test,1,0,22406,22406,53560,34,6,1563,9.0,4,16,2,38.0,16,76.0,304.0,228.0,1.3333333333333333,152.0,0.25,4.75,19.0,8
train,1,0,22406,22406,53560,35,7,1563,9.0,4,16,2,106.21322893124001,5,95.0,152.0,57.0,2.6666666666666665,38.0,0.4,19.0,19.0,2
test,1,0,22406,22406,53560,35,7,1563,9.0,4,16,2,8.88643629358811,14,19.0,228.0,209.0,1.0909090909090908,152.0,0.21428571428571427,1.3571428571428572,19.0,8
train,1,0,22406,22406,53560,36,7,1563,9.25,4,16,2,106.21322893124001,5,95.0,152.0,57.0,2.6666666666666665,38.0,0.4,19.0,19.0,2
test,1,0,22406,22406,53560,36,7,1563,9.25,4,16,2,8.88643629358811,14,19.0,228.0,209.0,1.0909090909090908,152.0,0.21428571428571427,1.3571428571428572,19.0,8
train,1,0,22406,22406,53560,37,7,1500,9.0,4,16,2,106.21322893124001,5,95.0,152.0,57.0,2.6666666666666665,38.0,0.4,19.0,19.0,2
test,1,0,22406,22406,53560,37,7,1500,9.0,4,16,2,8.88643629358811,14,19.0,228.0,209.0,1.0909090909090908,152.0,0.21428571428571427,1.3571428571428572,19.0,8
train,1,0,22406,22406,53560,38,6,1500,9.0,4,16,2,106.21322893124001,5,95.0,152.0,57.0,2.6666666666666665,38.0,0.4,19.0,19.0,2
test,1,0,22406,22406,53560,38,6,1500,9.0,4,16,2,38.0,16,76.0,304.0,228.0,1.3333333333333333,152.0,0.25,4.75,19.0,8
train,1,0,22406,22406,53560,39,6,1594,9.0,4,16,2,106.21322893124001,5,95.0,152.0,57.0,2.6666666666666665,38.0,0.4,19.0,19.0,2
test,1,0,22406,22406,53560,39,6,1594,9.0,4,16,2,38.0,16,76.0,304.0,228.0,1.3333333333333333,152.0,0.25,4.75,19.0,8
train,1,0,22406,22406,53560,40,6,1563,9.0,4,16,2,106.21322893124001,5,95.0,152.0,57.0,2.6666666666666665,38.0,0.4,19.0,19.0,2
test,1,0,22406,22406,53560,40,6,1563,9.0,4,16,2,38.0,16,76.0,304.0,228.0,1.3333333333333333,152.0,0.25,4.75,19.0,8
train,1,0,22406,22406,53560,41,7,1500,9.0,4,16,2,106.21322893124001,5,95.0,152.0,57.0,2.6666666666666665,38.0,0.4,19.0,19.0,2
test,1,0,22406,22406,53560,41,7,1500,9.0,4,16,2,8.88643629358811,14,19.0,228.0,209.0,1.0909090909090908,152.0,0.21428571428571427,1.3571428571428572,19.0,8
train,1,0,22406,22406,53560,42,7,1563,9.0,4,16,2,106.21322893124001,5,95.0,152.0,57.0,2.6666666666666665,38.0,0.4,19.0,19.0,2
test,1,0,22406,22406,53560,42,7,1563,9.0,4,16,2,8.88643629358811,14,19.0,228.0,209.0,1.0909090909090908,152.0,0.21428571428571427,1.3571428571428572,19.0,8
train,1,0,22406,22406,53560,43,6,1547,9.0,4,16,2,106.21322893124001,5,95.0,152.0,57.0,2.6666666666666665,38.0,0.4,19.0,19.0,2
test,1,0,22406,22406,53560,43,6,1547,9.0,4,16,2,38.0,16,76.0,304.0,228.0,1.3333333333333333,152.0,0.25,4.75,19.0,8
train,1,0,22406,22406,53560,44,7,1500,9.0,4,16,2,106.21322893124001,5,95.0,152.0,57.0,2.6666666666666665,38.0,0.4,19.0,19.0,2
test,1,0,22406,22406,53560,44,7,1500,9.0,4,16,2,8.88643629358811,14,19.0,228.0,209.0,1.0909090909090908,152.0,0.21428571428571427,1.3571428571428572,19.0,8
train,1,0,22406,22406,53560,45,6,1500,9.25,4,16,2,106.21322893124001,5,95.0,152.0,57.0,2.6666666666666665,38.0,0.4,19.0,19.0,2
test,1,0,22406,22406,53560,45,6,1500,9.25,4,16,2,38.0,16,76.0,304.0,228.0,1.3333333333333333,152.0,0.25,4.75,19.0,8
train,1,0,22406,22406,53560,46,7,1563,9.0,4,16,2,106.21322893124001,5,95.0,152.0,57.0,2.6666666666666665,38.0,0.4,19.0,19.0,2
test,1,0,22406,22406,53560,46,7,1563,9.0,4,16,2,8.88643629358811,14,19.0,228.0,209.0,1.0909090909090908,152.0,0.21428571428571427,1.3571428571428572,19.0,8
train,1,0,22406,22406,53560,47,7,1563,9.0,4,16,2,106.21322893124001,5,95.0,152.0,57.0,2.6666666666666665,38.0,0.4,19.0,19.0,2
test,1,0,22406,22406,53560,47,7,1563,9.0,4,16,2,8.88643629358811,14,19.0,228.0,209.0,1.0909090909090908,152.0,0.21428571428571427,1.3571428571428572,19.0,8
train,1,0,22406,22406,53560,48,6,1500,9.25,4,16,2,106.21322893124001,5,95.0,152.0,57.0,2.6666666666666665,38.0,0.4,19.0,19.0,2
test,1,0,22406,22406,53560,48,6,1500,9.25,4,16,2,38.0,16,76.0,304.0,228.0,1.3333333333333333,152.0,0.25,4.75,19.0,8
train,1,0,22406,22406,53560,49,6,1594,9.25,4,16,2,106.21322893124001,5,95.0,152.0,57.0,2.6666666666666665,38.0,0.4,19.0,19.0,2
test,1,0,22406,22406,53560,49,6,1594,9.25,4,16,2,38.0,16,76.0,304.0,228.0,1.3333333333333333,152.0,0.25,4.75,19.0,8
train,1,0,22406,22406,53560,50,7,1563,9.25,4,16,2,106.21322893124001,5,95.0,152.0,57.0,2.6666666666666665,38.0,0.4,19.0,19.0,2
test,1,0,22406,22406,53560,50,7,1563,9.25,4,16,2,8.88643629358811,14,19.0,228.0,209.0,1.0909090909090908,152.0,0.21428571428571427,1.3571428571428572,19.0,8
train,1,0,22406,22406,53560,51,7,1563,9.25,4,16,2,106.21322893124001,5,95.0,152.0,57.0,2.6666666666666665,38.0,0.4,19.0,19.0,2
test,1,0,22406,22406,53560,51,7,1563,9.25,4,16,2,8.88643629358811,14,19.0,228.0,209.0,1.0909090909090908,152.0,0.21428571428571427,1.3571428571428572,19.0,8
train,1,0,22406,22406,53560,52,6,1563,9.0,4,16,2,106.21322893124001,5,95.0,152.0,57.0,2.6666666666666665,38.0,0.4,19.0,19.0,2
test,1,0,22406,22406,53560,52,6,1563,9.0,4,16,2,38.0,16,76.0,304.0,228.0,1.3333333333333333,152.0,0.25,4.75,19.0,8
train,1,0,22406,22406,53560,53,7,1609,9.25,4,16,2,106.21322893124001,5,95.0,152.0,57.0,2.6666666666666665,38.0,0.4,19.0,19.0,2
test,1,0,22406,22406,53560,53,7,1609,9.25,4,16,2,8.88643629358811,14,19.0,228.0,209.0,1.0909090909090908,152.0,0.21428571428571427,1.3571428571428572,19.0,8
train,1,0,22406,22406,53560,54,6,1496,9.25,4,16,2,106.21322893124001,5,95.0,152.0,57.0,2.6666666666666665,38.0,0.4,19.0,19.0,2
test,1,0,22406,22406,53560,54,6,1496,9.25,4,16,2,38.0,16,76.0,304.0,228.0,1.3333333333333333,152.0,0.25,4.75,19.0,8
train,1,0,22406,22406,53560,55,6,1500,9.25,4,16,2,106.21322893124001,5,95.0,152.0,57.0,2.6666666666666665,38.0,0.4,19.0,19.0,2
test,1,0,22406,22406,53560,55,6,1500,9.25,4,16,2,38.0,16,76.0,304.0,228.0,1.3333333333333333,152.0,0.25,4.75,19.0,8
train,1,0,22406,22406,53560,56,7,1563,9.0,4,16,2,106.21322893124001,5,95.0,152.0,57.0,2.6666666666666665,38.0,0.4,19.0,19.0,2
test,1,0,22406,22406,53560,56,7,1563,9.0,4,16,2,8.88643629358811,14,19.0,228.0,209.0,1.0909090909090908,152.0,0.21428571428571427,1.3571428571428572,19.0,8
train,1,0,22406,22406,53560,57,7,1563,9.5,4,16,2,106.21322893124001,5,95.0,152.0,57.0,2.6666666666666665,38.0,0.4,19.0,19.0,2
test,1,0,22406,22406,53560,57,7,1563,9.5,4,16,2,8.88643629358811,14,19.0,228.0,209.0,1.0909090909090908,152.0,0.21428571428571427,1.3571428571428572,19.0,8
train,1,0,22406,22406,53560,58,6,1563,9.25,4,16,2,106.21322893124001,5,95.0,152.0,57.0,2.6666666666666665,38.0,0.4,19.0,19.0,2
test,1,0,22406,22406,53560,58,6,1563,9.25,4,16,2,38.0,16,76.0,304.0,228.0,1.3333333333333333,152.0,0.25,4.75,19.0,8
train,1,0,22406,22406,53560,59,7,1705,9.0,4,16,2,106.21322893124001,5,95.0,152.0,57.0,2.6666666666666665,38.0,0.4,19.0,19.0,2
test,1,0,22406,22406,53560,59,7,1705,9.0,4,16,2,0.0,15,0.0,228.0,228.0,1.0,152.0,0.2,0.0,19.0,8
train,1,0,22406,22406,53560,60,6,1512,9.25,4,16,2,106.21322893124001,5,95.0,152.0,57.0,2.6666666666666665,38.0,0.4,19.0,19.0,2
test,1,0,22406,22406,53560,60,6,1512,9.25,4,16,2,38.0,16,76.0,304.0,228.0,1.3333333333333333,152.0,0.25,4.75,19.0,8
train,1,0,22406,22406,53560,61,6,1657,9.5,4,16,2,106.21322893124001,5,95.0,152.0,57.0,2.6666666666666665,38.0,0.4,19.0,19.0,2
test,1,0,22406,22406,53560,61,6,1657,9.5,4,16,2,38.0,16,76.0,304.0,228.0,1.3333333333333333,152.0,0.25,4.75,19.0,8
train,1,0,22406,22406,53560,62,6,1563,9.0,4,16,2,106.21322893124001,5,95.0,152.0,57.0,2.6666666666666665,38.0,0.4,19.0,19.0,2
test,1,0,22406,22406,53560,62,6,1563,9.0,4,16,2,38.0,16,76.0,304.0,228.0,1.3333333333333333,152.0,0.25,4.75,19.0,8
train,1,0,22406,22406,53560,63,7,1563,9.25,4,16,2,106.21322893124001,5,95.0,152.0,57.0,2.6666666666666665,38.0,0.4,19.0,19.0,2
test,1,0,22406,22406,53560,63,7,1563,9.25,4,16,2,8.88643629358811,14,19.0,228.0,209.0,1.0909090909090908,152.0,0.21428571428571427,1.3571428571428572,19.0,8
train,1,0,22406,22406,53560,64,6,1563,9.25,4,16,2,106.21322893124001,5,95.0,152.0,57.0,2.6666666666666665,38.0,0.4,19.0,19.0,2
test,1,0,22406,22406,53560,64,6,1563,9.25,4,16,2,38.0,16,76.0,304.0,228.0,1.3333333333333333,152.0,0.25,4.75,19.0,8
train,1,0,22406,22406,53560,65,7,1563,9.75,4,16,2,106.21322893124001,5,95.0,152.0,57.0,2.6666666666666665,38.0,0.4,19.0,19.0,2
test,1,0,22406,22406,53560,65,7,1563,9.75,4,16,2,8.88643629358811,14,19.0,228.0,209.0,1.0909090909090908,152.0,0.21428571428571427,1.3571428571428572,19.0,8
train,1,0,22406,22406,53560,66,6,1563,9.0,4,16,2,106.21322893124001,5,95.0,152.0,57.0,2.6666666666666665,38.0,0.4,19.0,19.0,2
test,1,0,22406,22406,53560,66,6,1563,9.0,4,16,2,38.0,16,76.0,304.0,228.0,1.3333333333333333,152.0,0.25,4.75,19.0,8
train,1,0,22406,22406,53560,67,6,1500,9.25,4,16,2,106.21322893124001,5,95.0,152.0,57.0,2.6666666666666665,38.0,0.4,19.0,19.0,2
test,1,0,22406,22406,53560,67,6,1500,9.25,4,16,2,38.0,16,76.0,304.0,228.0,1.3333333333333333,152.0,0.25,4.75,19.0,8
train,1,0,22406,22406,53560,68,7,1666,9.0,4,16,2,106.21322893124001,5,95.0,152.0,57.0,2.6666666666666665,38.0,0.4,19.0,19.0,2
test,1,0,22406,22406,53560,68,7,1666,9.0,4,16,2,0.0,15,0.0,228.0,228.0,1.0,152.0,0.2,0.0,19.0,8
train,1,0,22406,22406,53560,69,6,1657,9.25,4,16,2,106.21322893124001,5,95.0,152.0,57.0,2.6666666666666665,38.0,0.4,19.0,19.0,2
test,1,0,22406,22406,53560,69,6,1657,9.25,4,16,2,38.0,16,76.0,304.0,228.0,1.3333333333333333,152.0,0.25,4.75,19.0,8
train,1,0,22406,22406,53560,70,7,1563,9.0,4,16,2,106.21322893124001,5,95.0,152.0,57.0,2.6666666666666665,38.0,0.4,19.0,19.0,2
test,1,0,22406,22406,53560,70,7,1563,9.0,4,16,2,8.88643629358811,14,19.0,228.0,209.0,1.0909090909090908,152.0,0.21428571428571427,1.3571428571428572,19.0,8
train,1,0,22406,22406,53560,71,6,1563,9.5,4,16,2,106.21322893124001,5,95.0,152.0,57.0,2.6666666666666665,38.0,0.4,19.0,19.0,2
test,1,0,22406,22406,53560,71,6,1563,9.5,4,16,2,38.0,16,76.0,304.0,228.0,1.3333333333333333,152.0,0.25,4.75,19.0,8
train,1,0,22406,22406,53560,72,6,1603,9.25,4,16,2,106.21322893124001,5,95.0,152.0,57.0,2.6666666666666665,38.0,0.4,19.0,19.0,2
test,1,0,22406,22406,53560,72,6,1603,9.25,4,16,2,38.0,16,76.0,304.0,228.0,1.3333333333333333,152.0,0.25,4.75,19.0,8
train,1,0,22406,22406,53560,73,7,1466,9.25,4,16,2,106.21322893124001,5,95.0,152.0,57.0,2.6666666666666665,38.0,0.4,19.0,19.0,2
test,1,0,22406,22406,53560,73,7,1466,9.25,4,16,2,8.88643629358811,14,19.0,228.0,209.0,1.0909090909090908,152.0,0.21428571428571427,1.3571428571428572,19.0,8
train,1,0,22406,22406,53560,74,7,1514,9.25,4,16,2,106.21322893124001,5,95.0,152.0,57.0,2.6666666666666665,38.0,0.4,19.0,19.0,2
test,1,0,22406,22406,53560,74,7,1514,9.25,4,16,2,8.88643629358811,14,19.0,228.0,209.0,1.0909090909090908,152.0,0.21428571428571427,1.3571428571428572,19.0,8
train,1,0,22406,22406,53560,75,7,1466,9.25,4,16,2,106.21322893124001,5,95.0,152.0,57.0,2.6666666666666665,38.0,0.4,19.0,19.0,2
test,1,0,22406,22406,53560,75,7,1466,9.25,4,16,2,8.88643629358811,14,19.0,228.0,209.0,1.0909090909090908,152.0,0.21428571428571427,1.3571428571428572,19.0,8
train,1,0,22406,22406,53560,76,7,1455,9.0,4,16,2,106.21322893124001,5,95.0,152.0,57.0,2.6666666666666665,38.0,0.4,19.0,19.0,2
test,1,0,22406,22406,53560,76,7,1455,9.0,4,16,2,8.88643629358811,14,19.0,228.0,209.0,1.0909090909090908,152.0,0.21428571428571427,1.3571428571428572,19.0,8
train,1,0,22406,22406,53560,77,7,1594,9.0,4,16,2,106.21322893124001,5,95.0,152.0,57.0,2.6666666666666665,38.0,0.4,19.0,19.0,2
test,1,0,22406,22406,53560,77,7,1594,9.0,4,16,2,8.88643629358811,14,19.0,228.0,209.0,1.0909090909090908,152.0,0.21428571428571427,1.3571428571428572,19.0,8
train,1,0,22406,22406,53560,78,7,1603,9.0,4,16,2,106.21322893124001,5,95.0,152.0,57.0,2.6666666666666665,38.0,0.4,19.0,19.0,2
test,1,0,22406,22406,53560,78,7,1603,9.0,4,16,2,8.88643629358811,14,19.0,228.0,209.0,1.0909090909090908,152.0,0.21428571428571427,1.3571428571428572,19.0,8
train,1,0,22406,22406,53560,79,6,1512,9.5,4,16,2,106.21322893124001,5,95.0,152.0,57.0,2.6666666666666665,38.0,0.4,19.0,19.0,2
test,1,0,22406,22406,53560,79,6,1512,9.5,4,16,2,38.0,16,76.0,304.0,228.0,1.3333333333333333,152.0,0.25,4.75,19.0,8
train,1,0,22406,22406,53560,80,6,1455,9.5,4,16,2,106.21322893124001,5,95.0,152.0,57.0,2.6666666666666665,38.0,0.4,19.0,19.0,2
test,1,0,22406,22406,53560,80,6,1455,9.5,4,16,2,38.0,16,76.0,304.0,228.0,1.3333333333333333,152.0,0.25,4.75,19.0,8
train,1,0,22406,22406,53560,81,6,1500,9.5,4,16,2,106.21322893124001,5,95.0,152.0,57.0,2.6666666666666665,38.0,0.4,19.0,19.0,2
test,1,0,22406,22406,53560,81,6,1500,9.5,4,16,2,38.0,16,76.0,304.0,228.0,1.3333333333333333,152.0,0.25,4.75,19.0,8
train,1,0,22406,22406,53560,82,7,1563,9.25,4,16,2,106.21322893124001,5,95.0,152.0,57.0,2.6666666666666665,38.0,0.4,19.0,19.0,2
test,1,0,22406,22406,53560,82,7,1563,9.25,4,16,2,8.88643629358811,14,19.0,228.0,209.0,1.0909090909090908,152.0,0.21428571428571427,1.3571428571428572,19.0,8
train,1,0,22406,22406,53560,83,7,1512,9.0,4,16,2,106.21322893124001,5,95.0,152.0,57.0,2.6666666666666665,38.0,0.4,19.0,19.0,2
test,1,0,22406,22406,53560,83,7,1512,9.0,4,16,2,8.88643629358811,14,19.0,228.0,209.0,1.0909090909090908,152.0,0.21428571428571427,1.3571428571428572,19.0,8
train,1,0,22406,22406,53560,84,6,1455,9.25,4,16,2,106.21322893124001,5,95.0,152.0,57.0,2.6666666666666665,38.0,0.4,19.0,19.0,2
test,1,0,22406,22406,53560,84,6,1455,9.25,4,16,2,38.0,16,76.0,304.0,228.0,1.3333333333333333,152.0,0.25,4.75,19.0,8
train,1,0,22406,22406,53560,85,7,1455,9.25,4,16,2,106.21322893124001,5,95.0,152.0,57.0,2.6666666666666665,38.0,0.4,19.0,19.0,2
test,1,0,22406,22406,53560,85,7,1455,9.25,4,16,2,8.88643629358811,14,19.0,228.0,209.0,1.0909090909090908,152.0,0.21428571428571427,1.3571428571428572,19.0,8
train,1,0,22406,22406,53560,86,6,1666,9.0,4,16,2,106.21322893124001,5,95.0,152.0,57.0,2.6666666666666665,38.0,0.4,19.0,19.0,2
test,1,0,22406,22406,53560,86,6,1666,9.0,4,16,2,29.37712758252583,17,57.0,304.0,247.0,1.2307692307692308,152.0,0.23529411764705882,3.3529411764705883,19.0,8
train,1,0,22406,22406,53560,87,7,1594,9.0,4,16,2,106.21322893124001,5,95.0,152.0,57.0,2.6666666666666665,38.0,0.4,19.0,19.0,2
test,1,0,22406,22406,53560,87,7,1594,9.0,4,16,2,8.88643629358811,14,19.0,228.0,209.0,1.0909090909090908,152.0,0.21428571428571427,1.3571428571428572,19.0,8
train,1,0,22406,22406,53560,88,6,1563,9.25,4,16,2,106.21322893124001,5,95.0,152.0,57.0,2.6666666666666665,38.0,0.4,19.0,19.0,2
test,1,0,22406,22406,53560,88,6,1563,9.25,4,16,2,38.0,16,76.0,304.0,228.0,1.3333333333333333,152.0,0.25,4.75,19.0,8
train,1,0,22406,22406,53560,89,7,1455,9.5,4,16,2,106.21322893124001,5,95.0,152.0,57.0,2.6666666666666665,38.0,0.4,19.0,19.0,2
test,1,0,22406,22406,53560,89,7,1455,9.5,4,16,2,8.88643629358811,14,19.0,228.0,209.0,1.0909090909090908,152.0,0.21428571428571427,1.3571428571428572,19.0,8
train,1,0,22406,22406,53560,90,7,1563,9.0,4,16,2,106.21322893124001,5,95.0,152.0,57.0,2.6666666666666665,38.0,0.4,19.0,19.0,2
test,1,0,22406,22406,53560,90,7,1563,9.0,4,16,2,8.88643629358811,14,19.0,228.0,209.0,1.0909090909090908,152.0,0.21428571428571427,1.3571428571428572,19.0,8
train,1,0,22406,22406,53560,91,6,1511,9.5,4,16,2,106.21322893124001,5,95.0,152.0,57.0,2.6666666666666665,38.0,0.4,19.0,19.0,2
test,1,0,22406,22406,53560,91,6,1511,9.5,4,16,2,38.0,16,76.0,304.0,228.0,1.3333333333333333,152.0,0.25,4.75,19.0,8
train,1,0,22406,22406,53560,92,7,1466,9.0,4,16,2,106.21322893124001,5,95.0,152.0,57.0,2.6666666666666665,38.0,0.4,19.0,19.0,2
test,1,0,22406,22406,53560,92,7,1466,9.0,4,16,2,8.88643629358811,14,19.0,228.0,209.0,1.0909090909090908,152.0,0.21428571428571427,1.3571428571428572,19.0,8
train,1,0,22406,22406,53560,93,7,1652,9.5,4,16,2,106.21322893124001,5,95.0,152.0,57.0,2.6666666666666665,38.0,0.4,19.0,19.0,2
test,1,0,22406,22406,53560,93,7,1652,9.5,4,16,2,8.88643629358811,14,19.0,228.0,209.0,1.0909090909090908,152.0,0.21428571428571427,1.3571428571428572,19.0,8
train,1,0,22406,22406,53560,94,6,1594,9.25,4,16,2,106.21322893124001,5,95.0,152.0,57.0,2.6666666666666665,38.0,0.4,19.0,19.0,2
test,1,0,22406,22406,53560,94,6,1594,9.25,4,16,2,38.0,16,76.0,304.0,228.0,1.3333333333333333,152.0,0.25,4.75,19.0,8
train,1,0,22406,22406,53560,95,7,1563,9.75,4,16,2,106.21322893124001,5,95.0,152.0,57.0,2.6666666666666665,38.0,0.4,19.0,19.0,2
test,1,0,22406,22406,53560,95,7,1563,9.75,4,16,2,8.88643629358811,14,19.0,228.0,209.0,1.0909090909090908,152.0,0.21428571428571427,1.3571428571428572,19.0,8
train,1,0,22406,22406,53560,96,7,1466,9.0,4,16,2,106.21322893124001,5,95.0,152.0,57.0,2.6666666666666665,38.0,0.4,19.0,19.0,2
test,1,0,22406,22406,53560,96,7,1466,9.0,4,16,2,8.88643629358811,14,19.0,228.0,209.0,1.0909090909090908,152.0,0.21428571428571427,1.3571428571428572,19.0,8
train,1,0,22406,22406,53560,97,7,1516,9.0,4,16,2,106.21322893124001,5,95.0,152.0,57.0,2.6666666666666665,38.0,0.4,19.0,19.0,2
test,1,0,22406,22406,53560,97,7,1516,9.0,4,16,2,8.88643629358811,14,19.0,228.0,209.0,1.0909090909090908,152.0,0.21428571428571427,1.3571428571428572,19.0,8
train,1,0,22406,22406,53560,98,7,1641,9.5,4,16,2,106.21322893124001,5,95.0,152.0,57.0,2.6666666666666665,38.0,0.4,19.0,19.0,2
test,1,0,22406,22406,53560,98,7,1641,9.5,4,16,2,8.88643629358811,14,19.0,228.0,209.0,1.0909090909090908,152.0,0.21428571428571427,1.3571428571428572,19.0,8
train,1,0,22406,22406,53560,99,6,1594,9.25,4,16,2,106.21322893124001,5,95.0,152.0,57.0,2.6666666666666665,38.0,0.4,19.0,19.0,2
test,1,0,22406,22406,53560,99,6,1594,9.25,4,16,2,38.0,16,76.0,304.0,228.0,1.3333333333333333,152.0,0.25,4.75,19.0,8
train,1,0,22406,22406,53560,100,6,1516,9.5,4,16,2,106.21322893124001,5,95.0,152.0,57.0,2.6666666666666665,38.0,0.4,19.0,19.0,2
test,1,0,22406,22406,53560,100,6,1516,9.5,4,16,2,38.0,16,76.0,304.0,228.0,1.3333333333333333,152.0,0.25,4.75,19.0,8
train,2,22406,53560,53560,86986,0,7,3630,7.5,4,20,3,46.0399826238021,23,48.0,480.0,432.0,1.1111111111111112,120.0,0.21739130434782608,2.0869565217391304,24.0,5
test,2,22406,53560,53560,86986,0,7,3630,7.5,4,20,3,-101.11801061633835,30,-480.0,192.0,672.0,0.2857142857142857,624.0,0.06666666666666667,-16.0,24.0,26
train,2,22406,53560,53560,86986,1,6,737,7.75,5,16,6,92.66471820493493,12,107.0,380.0,273.0,1.3919413919413919,156.0,0.4166666666666667,8.916666666666666,39.0,4
test,2,22406,53560,53560,86986,1,6,737,7.75,5,16,6,-119.02031572616313,17,-433.0,152.0,585.0,0.25982905982905985,585.0,0.11764705882352941,-25.470588235294116,39.0,15
train,2,22406,53560,53560,86986,2,6,737,7.75,5,16,6,92.66471820493493,12,107.0,380.0,273.0,1.3919413919413919,156.0,0.4166666666666667,8.916666666666666,39.0,4
test,2,22406,53560,53560,86986,2,6,737,7.75,5,16,6,-119.02031572616313,17,-433.0,152.0,585.0,0.25982905982905985,585.0,0.11764705882352941,-25.470588235294116,39.0,15
train,2,22406,53560,53560,86986,3,6,737,7.75,5,20,6,62.35382907247958,12,72.0,384.0,312.0,1.2307692307692308,156.0,0.3333333333333333,6.0,39.0,4
test,2,22406,53560,53560,86986,3,6,737,7.75,5,20,6,-108.02536739118271,17,-393.0,192.0,585.0,0.3282051282051282,585.0,0.11764705882352941,-23.11764705882353,39.0,15
train,2,22406,53560,53560,86986,4,7,3630,7.75,5,16,3,180.7392228230128,15,140.0,380.0,240.0,1.5833333333333333,72.0,0.3333333333333333,9.333333333333334,24.0,3
test,2,22406,53560,53560,86986,4,7,3630,7.75,5,16,3,-73.65870984705191,20,-280.0,152.0,432.0,0.35185185185185186,408.0,0.1,-14.0,24.0,17
train,2,22406,53560,53560,86986,5,7,737,7.75,5,8,3,269.3993318477238,14,144.0,288.0,144.0,2.0,48.0,0.5714285714285714,10.285714285714286,24.0,2
test,2,22406,53560,53560,86986,5,7,737,7.75,5,8,3,16.492422502470642,17,12.0,252.0,240.0,1.05,132.0,0.4117647058823529,0.7058823529411765,24.0,3
train,2,22406,53560,53560,86986,6,7,737,7.75,5,8,3,269.3993318477238,14,144.0,288.0,144.0,2.0,48.0,0.5714285714285714,10.285714285714286,24.0,2
test,2,22406,53560,53560,86986,6,7,737,7.75,5,8,3,16.492422502470642,17,12.0,252.0,240.0,1.05,132.0,0.4117647058823529,0.7058823529411765,24.0,3
train,2,22406,53560,53560,86986,7,7,737,7.75,5,16,3,260.90781684129144,11,236.0,380.0,144.0,2.638888888888889,72.0,0.45454545454545453,21.454545454545453,24.0,3
test,2,22406,53560,53560,86986,7,7,737,7.75,5,16,3,-47.66748733793744,15,-160.0,152.0,312.0,0.48717948717948717,312.0,0.13333333333333333,-10.666666666666666,24.0,13
train,2,22406,53560,53560,86986,8,7,737,5.25,5,16,3,263.8787600395303,17,192.0,456.0,264.0,1.7272727272727273,72.0,0.35294117647058826,11.294117647058824,24.0,3
test,2,22406,53560,53560,86986,8,7,737,5.25,5,16,3,-85.90972005541632,27,-248.0,304.0,552.0,0.5507246376811594,428.0,0.14814814814814814,-9.185185185185185,24.0,15
train,2,22406,53560,53560,86986,9,7,737,7.0,5,8,3,269.3993318477238,14,144.0,288.0,144.0,2.0,48.0,0.5714285714285714,10.285714285714286,24.0,2
test,2,22406,53560,53560,86986,9,7,737,7.0,5,8,3,16.492422502470642,17,12.0,252.0,240.0,1.05,132.0,0.4117647058823529,0.7058823529411765,24.0,3
train,2,22406,53560,53560,86986,10,7,737,7.75,5,8,3,269.3993318477238,14,144.0,288.0,144.0,2.0,48.0,0.5714285714285714,10.285714285714286,24.0,2
test,2,22406,53560,53560,86986,10,7,737,7.75,5,8,3,16.492422502470642,17,12.0,252.0,240.0,1.05,132.0,0.4117647058823529,0.7058823529411765,24.0,3
train,2,22406,53560,53560,86986,11,7,737,5.25,5,18,3,346.3408725518835,17,252.0,516.0,264.0,1.9545454545454546,72.0,0.35294117647058826,14.823529411764707,24.0,3
test,2,22406,53560,53560,86986,11,7,737,5.25,5,18,3,-72.0533135948653,27,-208.0,344.0,552.0,0.6231884057971014,418.0,0.14814814814814814,-7.703703703703703,24.0,15
train,2,22406,53560,53560,86986,12,7,737,5.25,5,18,3,346.3408725518835,17,252.0,516.0,264.0,1.9545454545454546,72.0,0.35294117647058826,14.823529411764707,24.0,3
test,2,22406,53560,53560,86986,12,7,737,5.25,5,18,3,-72.0533135948653,27,-208.0,344.0,552.0,0.6231884057971014,418.0,0.14814814814814814,-7.703703703703703,24.0,15
train,2,22406,53560,53560,86986,13,7,737,5.25,5,19,3,387.57192880806014,17,282.0,546.0,264.0,2.0681818181818183,72.0,0.35294117647058826,16.58823529411765,24.0,3
test,2,22406,53560,53560,86986,13,7,737,5.25,5,19,3,-98.40213650500684,27,-303.0,273.0,576.0,0.4739583333333333,437.0,0.1111111111111111,-11.222222222222221,24.0,16
train,2,22406,53560,53560,86986,14,7,737,5.25,5,19,3,387.57192880806014,17,282.0,546.0,264.0,2.0681818181818183,72.0,0.35294117647058826,16.58823529411765,24.0,3
test,2,22406,53560,53560,86986,14,7,737,5.25,5,19,3,-98.40213650500684,27,-303.0,273.0,576.0,0.4739583333333333,437.0,0.1111111111111111,-11.222222222222221,24.0,16
train,2,22406,53560,53560,86986,15,7,737,5.25,5,19,3,387.57192880806014,17,282.0,546.0,264.0,2.0681818181818183,72.0,0.35294117647058826,16.58823529411765,24.0,3
test,2,22406,53560,53560,86986,15,7,737,5.25,5,19,3,-98.40213650500684,27,-303.0,273.0,576.0,0.4739583333333333,437.0,0.1111111111111111,-11.222222222222221,24.0,16
train,2,22406,53560,53560,86986,16,7,737,5.25,5,19,3,387.57192880806014,17,282.0,546.0,264.0,2.0681818181818183,72.0,0.35294117647058826,16.58823529411765,24.0,3
test,2,22406,53560,53560,86986,16,7,737,5.25,5,19,3,-98.40213650500684,27,-303.0,273.0,576.0,0.4739583333333333,437.0,0.1111111111111111,-11.222222222222221,24.0,16
train,2,22406,53560,53560,86986,17,7,663,5.5,5,19,3,387.57192880806014,17,282.0,546.0,264.0,2.0681818181818183,72.0,0.35294117647058826,16.58823529411765,24.0,3
test,2,22406,53560,53560,86986,17,7,663,5.5,5,19,3,-98.40213650500684,27,-303.0,273.0,576.0,0.4739583333333333,437.0,0.1111111111111111,-11.222222222222221,24.0,16
train,2,22406,53560,53560,86986,18,7,737,5.25,5,19,3,387.57192880806014,17,282.0,546.0,264.0,2.0681818181818183,72.0,0.35294117647058826,16.58823529411765,24.0,3
test,2,22406,53560,53560,86986,18,7,737,5.25,5,19,3,-98.40213650500684,27,-303.0,273.0,576.0,0.4739583333333333,437.0,0.1111111111111111,-11.222222222222221,24.0,16
train,2,22406,53560,53560,86986,19,7,737,5.25,5,19,3,387.57192880806014,17,282.0,546.0,264.0,2.0681818181818183,72.0,0.35294117647058826,16.58823529411765,24.0,3
test,2,22406,53560,53560,86986,19,7,737,5.25,5,19,3,-98.40213650500684,27,-303.0,273.0,576.0,0.4739583333333333,437.0,0.1111111111111111,-11.222222222222221,24.0,16
train,2,22406,53560,53560,86986,20,7,737,5.25,5,19,3,387.57192880806014,17,282.0,546.0,264.0,2.0681818181818183,72.0,0.35294117647058826,16.58823529411765,24.0,3
test,2,22406,53560,53560,86986,20,7,737,5.25,5,19,3,-98.40213650500684,27,-303.0,273.0,576.0,0.4739583333333333,437.0,0.1111111111111111,-11.222222222222221,24.0,16
train,2,22406,53560,53560,86986,21,7,737,5.25,5,19,3,387.57192880806014,17,282.0,546.0,264.0,2.0681818181818183,72.0,0.35294117647058826,16.58823529411765,24.0,3
test,2,22406,53560,53560,86986,21,7,737,5.25,5,19,3,-98.40213650500684,27,-303.0,273.0,576.0,0.4739583333333333,437.0,0.1111111111111111,-11.222222222222221,24.0,16
train,2,22406,53560,53560,86986,22,7,795,5.25,5,19,3,387.57192880806014,17,282.0,546.0,264.0,2.0681818181818183,72.0,0.35294117647058826,16.58823529411765,24.0,3
test,2,22406,53560,53560,86986,22,7,795,5.25,5,19,3,-114.1088661469096,30,-375.0,273.0,648.0,0.4212962962962963,485.0,0.1,-12.5,24.0,18
train,2,22406,53560,53560,86986,23,7,603,5.25,5,19,3,408.0,16,306.0,546.0,240.0,2.275,72.0,0.375,19.125,24.0,3
test,2,22406,53560,53560,86986,23,7,603,5.25,5,19,3,-98.40213650500684,27,-303.0,273.0,576.0,0.4739583333333333,437.0,0.1111111111111111,-11.222222222222221,24.0,16
train,2,22406,53560,53560,86986,24,7,603,5.25,5,19,3,408.0,16,306.0,546.0,240.0,2.275,72.0,0.375,19.125,24.0,3
test,2,22406,53560,53560,86986,24,7,603,5.25,5,19,3,-98.40213650500684,27,-303.0,273.0,576.0,0.4739583333333333,437.0,0.1111111111111111,-11.222222222222221,24.0,16
train,2,22406,53560,53560,86986,25,7,603,5.5,5,19,3,408.0,16,306.0,546.0,240.0,2.275,72.0,0.375,19.125,24.0,3
test,2,22406,53560,53560,86986,25,7,603,5.5,5,19,3,-98.40213650500684,27,-303.0,273.0,576.0,0.4739583333333333,437.0,0.1111111111111111,-11.222222222222221,24.0,16
train,2,22406,53560,53560,86986,26,7,603,5.0,5,19,3,408.0,16,306.0,546.0,240.0,2.275,72.0,0.375,19.125,24.0,3
test,2,22406,53560,53560,86986,26,7,603,5.0,5,19,3,-98.40213650500684,27,-303.0,273.0,576.0,0.4739583333333333,437.0,0.1111111111111111,-11.222222222222221,24.0,16
train,2,22406,53560,53560,86986,27,7,603,5.25,5,19,3,408.0,16,306.0,546.0,240.0,2.275,72.0,0.375,19.125,24.0,3
test,2,22406,53560,53560,86986,27,7,603,5.25,5,19,3,-98.40213650500684,27,-303.0,273.0,576.0,0.4739583333333333,437.0,0.1111111111111111,-11.222222222222221,24.0,16
train,2,22406,53560,53560,86986,28,7,603,5.0,5,19,3,408.0,16,306.0,546.0,240.0,2.275,72.0,0.375,19.125,24.0,3
test,2,22406,53560,53560,86986,28,7,603,5.0,5,19,3,-98.40213650500684,27,-303.0,273.0,576.0,0.4739583333333333,437.0,0.1111111111111111,-11.222222222222221,24.0,16
train,2,22406,53560,53560,86986,29,7,603,5.25,5,19,3,408.0,16,306.0,546.0,240.0,2.275,72.0,0.375,19.125,24.0,3
test,2,22406,53560,53560,86986,29,7,603,5.25,5,19,3,-98.40213650500684,27,-303.0,273.0,576.0,0.4739583333333333,437.0,0.1111111111111111,-11.222222222222221,24.0,16
train,2,22406,53560,53560,86986,30,7,603,5.25,5,19,3,408.0,16,306.0,546.0,240.0,2.275,72.0,0.375,19.125,24.0,3
test,2,22406,53560,53560,86986,30,7,603,5.25,5,19,3,-98.40213650500684,27,-303.0,273.0,576.0,0.4739583333333333,437.0,0.1111111111111111,-11.222222222222221,24.0,16
train,2,22406,53560,53560,86986,31,7,603,5.0,5,19,3,408.0,16,306.0,546.0,240.0,2.275,72.0,0.375,19.125,24.0,3
test,2,22406,53560,53560,86986,31,7,603,5.0,5,19,3,-98.40213650500684,27,-303.0,273.0,576.0,0.4739583333333333,437.0,0.1111111111111111,-11.222222222222221,24.0,16
train,2,22406,53560,53560,86986,32,7,603,5.25,5,19,3,408.0,16,306.0,546.0,240.0,2.275,72.0,0.375,19.125,24.0,3
test,2,22406,53560,53560,86986,32,7,603,5.25,5,19,3,-98.40213650500684,27,-303.0,273.0,576.0,0.4739583333333333,437.0,0.1111111111111111,-11.222222222222221,24.0,16
train,2,22406,53560,53560,86986,33,7,603,5.25,5,19,3,408.0,16,306.0,546.0,240.0,2.275,72.0,0.375,19.125,24.0,3
test,2,22406,53560,53560,86986,33,7,603,5.25,5,19,3,-98.40213650500684,27,-303.0,273.0,576.0,0.4739583333333333,437.0,0.1111111111111111,-11.222222222222221,24.0,16
train,2,22406,53560,53560,86986,34,7,584,5.0,5,19,3,408.0,16,306.0,546.0,240.0,2.275,72.0,0.375,19.125,24.0,3
test,2,22406,53560,53560,86986,34,7,584,5.0,5,19,3,-94.84176295282579,26,-279.0,273.0,552.0,0.4945652173913043,413.0,0.11538461538461539,-10.73076923076923,24.0,15
train,2,22406,53560,53560,86986,35,7,603,5.25,5,19,3,408.0,16,306.0,546.0,240.0,2.275,72.0,0.375,19.125,24.0,3
test,2,22406,53560,53560,86986,35,7,603,5.25,5,19,3,-98.40213650500684,27,-303.0,273.0,576.0,0.4739583333333333,437.0,0.1111111111111111,-11.222222222222221,24.0,16
train,2,22406,53560,53560,86986,36,7,603,5.25,5,19,3,408.0,16,306.0,546.0,240.0,2.275,72.0,0.375,19.125,24.0,3
test,2,22406,53560,53560,86986,36,7,603,5.25,5,19,3,-98.40213650500684,27,-303.0,273.0,576.0,0.4739583333333333,437.0,0.1111111111111111,-11.222222222222221,24.0,16
train,2,22406,53560,53560,86986,37,7,603,5.0,5,19,3,408.0,16,306.0,546.0,240.0,2.275,72.0,0.375,19.125,24.0,3
test,2,22406,53560,53560,86986,37,7,603,5.0,5,19,3,-98.40213650500684,27,-303.0,273.0,576.0,0.4739583333333333,437.0,0.1111111111111111,-11.222222222222221,24.0,16
train,2,22406,53560,53560,86986,38,7,578,5.25,5,19,3,408.0,16,306.0,546.0,240.0,2.275,72.0,0.375,19.125,24.0,3
test,2,22406,53560,53560,86986,38,7,578,5.25,5,19,3,-94.84176295282579,26,-279.0,273.0,552.0,0.4945652173913043,413.0,0.11538461538461539,-10.73076923076923,24.0,15
train,2,22406,53560,53560,86986,39,7,603,5.0,5,19,3,408.0,16,306.0,546.0,240.0,2.275,72.0,0.375,19.125,24.0,3
test,2,22406,53560,53560,86986,39,7,603,5.0,5,19,3,-98.40213650500684,27,-303.0,273.0,576.0,0.4739583333333333,437.0,0.1111111111111111,-11.222222222222221,24.0,16
train,2,22406,53560,53560,86986,40,7,603,5.0,5,19,3,408.0,16,306.0,546.0,240.0,2.275,72.0,0.375,19.125,24.0,3
test,2,22406,53560,53560,86986,40,7,603,5.0,5,19,3,-98.40213650500684,27,-303.0,273.0,576.0,0.4739583333333333,437.0,0.1111111111111111,-11.222222222222221,24.0,16
train,2,22406,53560,53560,86986,41,7,603,5.25,5,19,3,408.0,16,306.0,546.0,240.0,2.275,72.0,0.375,19.125,24.0,3
test,2,22406,53560,53560,86986,41,7,603,5.25,5,19,3,-98.40213650500684,27,-303.0,273.0,576.0,0.4739583333333333,437.0,0.1111111111111111,-11.222222222222221,24.0,16
train,2,22406,53560,53560,86986,42,7,603,5.25,5,19,3,408.0,16,306.0,546.0,240.0,2.275,72.0,0.375,19.125,24.0,3
test,2,22406,53560,53560,86986,42,7,603,5.25,5,19,3,-98.40213650500684,27,-303.0,273.0,576.0,0.4739583333333333,437.0,0.1111111111111111,-11.222222222222221,24.0,16
train,2,22406,53560,53560,86986,43,7,603,5.25,5,19,3,408.0,16,306.0,546.0,240.0,2.275,72.0,0.375,19.125,24.0,3
test,2,22406,53560,53560,86986,43,7,603,5.25,5,19,3,-98.40213650500684,27,-303.0,273.0,576.0,0.4739583333333333,437.0,0.1111111111111111,-11.222222222222221,24.0,16
train,2,22406,53560,53560,86986,44,7,603,5.0,5,19,3,408.0,16,306.0,546.0,240.0,2.275,72.0,0.375,19.125,24.0,3
test,2,22406,53560,53560,86986,44,7,603,5.0,5,19,3,-98.40213650500684,27,-303.0,273.0,576.0,0.4739583333333333,437.0,0.1111111111111111,-11.222222222222221,24.0,16
train,2,22406,53560,53560,86986,45,7,596,5.25,5,19,3,408.0,16,306.0,546.0,240.0,2.275,72.0,0.375,19.125,24.0,3
test,2,22406,53560,53560,86986,45,7,596,5.25,5,19,3,-94.84176295282579,26,-279.0,273.0,552.0,0.4945652173913043,413.0,0.11538461538461539,-10.73076923076923,24.0,15
train,2,22406,53560,53560,86986,46,7,596,5.25,5,19,3,408.0,16,306.0,546.0,240.0,2.275,72.0,0.375,19.125,24.0,3
test,2,22406,53560,53560,86986,46,7,596,5.25,5,19,3,-94.84176295282579,26,-279.0,273.0,552.0,0.4945652173913043,413.0,0.11538461538461539,-10.73076923076923,24.0,15
train,2,22406,53560,53560,86986,47,7,621,5.0,5,19,3,408.0,16,306.0,546.0,240.0,2.275,72.0,0.375,19.125,24.0,3
test,2,22406,53560,53560,86986,47,7,621,5.0,5,19,3,-98.40213650500684,27,-303.0,273.0,576.0,0.4739583333333333,437.0,0.1111111111111111,-11.222222222222221,24.0,16
train,2,22406,53560,53560,86986,48,7,603,5.25,5,19,3,408.0,16,306.0,546.0,240.0,2.275,72.0,0.375,19.125,24.0,3
test,2,22406,53560,53560,86986,48,7,603,5.25,5,19,3,-98.40213650500684,27,-303.0,273.0,576.0,0.4739583333333333,437.0,0.1111111111111111,-11.222222222222221,24.0,16
train,2,22406,53560,53560,86986,49,7,578,5.25,5,19,3,408.0,16,306.0,546.0,240.0,2.275,72.0,0.375,19.125,24.0,3
test,2,22406,53560,53560,86986,49,7,578,5.25,5,19,3,-94.84176295282579,26,-279.0,273.0,552.0,0.4945652173913043,413.0,0.11538461538461539,-10.73076923076923,24.0,15
train,2,22406,53560,53560,86986,50,7,603,5.25,5,19,3,408.0,16,306.0,546.0,240.0,2.275,72.0,0.375,19.125,24.0,3
test,2,22406,53560,53560,86986,50,7,603,5.25,5,19,3,-98.40213650500684,27,-303.0,273.0,576.0,0.4739583333333333,437.0,0.1111111111111111,-11.222222222222221,24.0,16
train,2,22406,53560,53560,86986,51,7,603,5.25,5,19,3,408.0,16,306.0,546.0,240.0,2.275,72.0,0.375,19.125,24.0,3
test,2,22406,53560,53560,86986,51,7,603,5.25,5,19,3,-98.40213650500684,27,-303.0,273.0,576.0,0.4739583333333333,437.0,0.1111111111111111,-11.222222222222221,24.0,16
train,2,22406,53560,53560,86986,52,7,603,5.0,5,19,3,408.0,16,306.0,546.0,240.0,2.275,72.0,0.375,19.125,24.0,3
test,2,22406,53560,53560,86986,52,7,603,5.0,5,19,3,-98.40213650500684,27,-303.0,273.0,576.0,0.4739583333333333,437.0,0.1111111111111111,-11.222222222222221,24.0,16
train,2,22406,53560,53560,86986,53,7,603,5.25,5,19,3,408.0,16,306.0,546.0,240.0,2.275,72.0,0.375,19.125,24.0,3
test,2,22406,53560,53560,86986,53,7,603,5.25,5,19,3,-98.40213650500684,27,-303.0,273.0,576.0,0.4739583333333333,437.0,0.1111111111111111,-11.222222222222221,24.0,16
train,2,22406,53560,53560,86986,54,7,603,5.25,5,19,3,408.0,16,306.0,546.0,240.0,2.275,72.0,0.375,19.125,24.0,3
test,2,22406,53560,53560,86986,54,7,603,5.25,5,19,3,-98.40213650500684,27,-303.0,273.0,576.0,0.4739583333333333,437.0,0.1111111111111111,-11.222222222222221,24.0,16
train,2,22406,53560,53560,86986,55,7,603,5.0,5,19,3,408.0,16,306.0,546.0,240.0,2.275,72.0,0.375,19.125,24.0,3
test,2,22406,53560,53560,86986,55,7,603,5.0,5,19,3,-98.40213650500684,27,-303.0,273.0,576.0,0.4739583333333333,437.0,0.1111111111111111,-11.222222222222221,24.0,16
train,2,22406,53560,53560,86986,56,7,603,5.25,5,19,3,408.0,16,306.0,546.0,240.0,2.275,72.0,0.375,19.125,24.0,3
test,2,22406,53560,53560,86986,56,7,603,5.25,5,19,3,-98.40213650500684,27,-303.0,273.0,576.0,0.4739583333333333,437.0,0.1111111111111111,-11.222222222222221,24.0,16
train,2,22406,53560,53560,86986,57,7,603,5.5,5,19,3,408.0,16,306.0,546.0,240.0,2.275,72.0,0.375,19.125,24.0,3
test,2,22406,53560,53560,86986,57,7,603,5.5,5,19,3,-98.40213650500684,27,-303.0,273.0,576.0,0.4739583333333333,437.0,0.1111111111111111,-11.222222222222221,24.0,16
train,2,22406,53560,53560,86986,58,7,603,5.0,5,19,3,408.0,16,306.0,546.0,240.0,2.275,72.0,0.375,19.125,24.0,3
test,2,22406,53560,53560,86986,58,7,603,5.0,5,19,3,-98.40213650500684,27,-303.0,273.0,576.0,0.4739583333333333,437.0,0.1111111111111111,-11.222222222222221,24.0,16
train,2,22406,53560,53560,86986,59,7,603,5.25,5,19,3,408.0,16,306.0,546.0,240.0,2.275,72.0,0.375,19.125,24.0,3
test,2,22406,53560,53560,86986,59,7,603,5.25,5,19,3,-98.40213650500684,27,-303.0,273.0,576.0,0.4739583333333333,437.0,0.1111111111111111,-11.222222222222221,24.0,16
train,2,22406,53560,53560,86986,60,7,603,5.25,5,19,3,408.0,16,306.0,546.0,240.0,2.275,72.0,0.375,19.125,24.0,3
test,2,22406,53560,53560,86986,60,7,603,5.25,5,19,3,-98.40213650500684,27,-303.0,273.0,576.0,0.4739583333333333,437.0,0.1111111111111111,-11.222222222222221,24.0,16
train,2,22406,53560,53560,86986,61,7,603,5.0,5,19,3,408.0,16,306.0,546.0,240.0,2.275,72.0,0.375,19.125,24.0,3
test,2,22406,53560,53560,86986,61,7,603,5.0,5,19,3,-98.40213650500684,27,-303.0,273.0,576.0,0.4739583333333333,437.0,0.1111111111111111,-11.222222222222221,24.0,16
train,2,22406,53560,53560,86986,62,7,578,5.5,5,19,3,408.0,16,306.0,546.0,240.0,2.275,72.0,0.375,19.125,24.0,3
test,2,22406,53560,53560,86986,62,7,578,5.5,5,19,3,-94.84176295282579,26,-279.0,273.0,552.0,0.4945652173913043,413.0,0.11538461538461539,-10.73076923076923,24.0,15
train,2,22406,53560,53560,86986,63,7,603,5.25,5,19,3,408.0,16,306.0,546.0,240.0,2.275,72.0,0.375,19.125,24.0,3
test,2,22406,53560,53560,86986,63,7,603,5.25,5,19,3,-98.40213650500684,27,-303.0,273.0,576.0,0.4739583333333333,437.0,0.1111111111111111,-11.222222222222221,24.0,16
train,2,22406,53560,53560,86986,64,7,578,5.5,5,19,3,408.0,16,306.0,546.0,240.0,2.275,72.0,0.375,19.125,24.0,3
test,2,22406,53560,53560,86986,64,7,578,5.5,5,19,3,-94.84176295282579,26,-279.0,273.0,552.0,0.4945652173913043,413.0,0.11538461538461539,-10.73076923076923,24.0,15
train,2,22406,53560,53560,86986,65,7,639,5.0,5,19,3,408.0,16,306.0,546.0,240.0,2.275,72.0,0.375,19.125,24.0,3
test,2,22406,53560,53560,86986,65,7,639,5.0,5,19,3,-98.40213650500684,27,-303.0,273.0,576.0,0.4739583333333333,437.0,0.1111111111111111,-11.222222222222221,24.0,16
train,2,22406,53560,53560,86986,66,7,621,5.0,5,19,3,408.0,16,306.0,546.0,240.0,2.275,72.0,0.375,19.125,24.0,3
test,2,22406,53560,53560,86986,66,7,621,5.0,5,19,3,-98.40213650500684,27,-303.0,273.0,576.0,0.4739583333333333,437.0,0.1111111111111111,-11.222222222222221,24.0,16
train,2,22406,53560,53560,86986,67,7,639,5.5,5,19,3,408.0,16,306.0,546.0,240.0,2.275,72.0,0.375,19.125,24.0,3
test,2,22406,53560,53560,86986,67,7,639,5.5,5,19,3,-98.40213650500684,27,-303.0,273.0,576.0,0.4739583333333333,437.0,0.1111111111111111,-11.222222222222221,24.0,16
train,2,22406,53560,53560,86986,68,7,578,5.25,5,19,3,408.0,16,306.0,546.0,240.0,2.275,72.0,0.375,19.125,24.0,3
test,2,22406,53560,53560,86986,68,7,578,5.25,5,19,3,-94.84176295282579,26,-279.0,273.0,552.0,0.4945652173913043,413.0,0.11538461538461539,-10.73076923076923,24.0,15
train,2,22406,53560,53560,86986,69,7,603,5.0,5,19,3,408.0,16,306.0,546.0,240.0,2.275,72.0,0.375,19.125,24.0,3
test,2,22406,53560,53560,86986,69,7,603,5.0,5,19,3,-98.40213650500684,27,-303.0,273.0,576.0,0.4739583333333333,437.0,0.1111111111111111,-11.222222222222221,24.0,16
train,2,22406,53560,53560,86986,70,7,621,5.5,5,19,3,408.0,16,306.0,546.0,240.0,2.275,72.0,0.375,19.125,24.0,3
test,2,22406,53560,53560,86986,70,7,621,5.5,5,19,3,-98.40213650500684,27,-303.0,273.0,576.0,0.4739583333333333,437.0,0.1111111111111111,-11.222222222222221,24.0,16
train,2,22406,53560,53560,86986,71,7,603,5.25,5,19,3,408.0,16,306.0,546.0,240.0,2.275,72.0,0.375,19.125,24.0,3
test,2,22406,53560,53560,86986,71,7,603,5.25,5,19,3,-98.40213650500684,27,-303.0,273.0,576.0,0.4739583333333333,437.0,0.1111111111111111,-11.222222222222221,24.0,16
train,2,22406,53560,53560,86986,72,7,578,5.25,5,19,3,408.0,16,306.0,546.0,240.0,2.275,72.0,0.375,19.125,24.0,3
test,2,22406,53560,53560,86986,72,7,578,5.25,5,19,3,-94.84176295282579,26,-279.0,273.0,552.0,0.4945652173913043,413.0,0.11538461538461539,-10.73076923076923,24.0,15
train,2,22406,53560,53560,86986,73,7,621,5.0,5,19,3,408.0,16,306.0,546.0,240.0,2.275,72.0,0.375,19.125,24.0,3
test,2,22406,53560,53560,86986,73,7,621,5.0,5,19,3,-98.40213650500684,27,-303.0,273.0,576.0,0.4739583333333333,437.0,0.1111111111111111,-11.222222222222221,24.0,16
train,2,22406,53560,53560,86986,74,7,603,5.5,5,19,3,408.0,16,306.0,546.0,240.0,2.275,72.0,0.375,19.125,24.0,3
test,2,22406,53560,53560,86986,74,7,603,5.5,5,19,3,-98.40213650500684,27,-303.0,273.0,576.0,0.4739583333333333,437.0,0.1111111111111111,-11.222222222222221,24.0,16
train,2,22406,53560,53560,86986,75,7,603,5.0,5,19,3,408.0,16,306.0,546.0,240.0,2.275,72.0,0.375,19.125,24.0,3
test,2,22406,53560,53560,86986,75,7,603,5.0,5,19,3,-98.40213650500684,27,-303.0,273.0,576.0,0.4739583333333333,437.0,0.1111111111111111,-11.222222222222221,24.0,16
train,2,22406,53560,53560,86986,76,7,603,5.25,5,19,3,408.0,16,306.0,546.0,240.0,2.275,72.0,0.375,19.125,24.0,3
test,2,22406,53560,53560,86986,76,7,603,5.25,5,19,3,-98.40213650500684,27,-303.0,273.0,576.0,0.4739583333333333,437.0,0.1111111111111111,-11.222222222222221,24.0,16
train,2,22406,53560,53560,86986,77,7,578,5.25,5,19,3,408.0,16,306.0,546.0,240.0,2.275,72.0,0.375,19.125,24.0,3
test,2,22406,53560,53560,86986,77,7,578,5.25,5,19,3,-94.84176295282579,26,-279.0,273.0,552.0,0.4945652173913043,413.0,0.11538461538461539,-10.73076923076923,24.0,15
train,2,22406,53560,53560,86986,78,7,603,5.0,5,19,3,408.0,16,306.0,546.0,240.0,2.275,72.0,0.375,19.125,24.0,3
test,2,22406,53560,53560,86986,78,7,603,5.0,5,19,3,-98.40213650500684,27,-303.0,273.0,576.0,0.4739583333333333,437.0,0.1111111111111111,-11.222222222222221,24.0,16
train,2,22406,53560,53560,86986,79,7,603,5.0,5,19,3,408.0,16,306.0,546.0,240.0,2.275,72.0,0.375,19.125,24.0,3
test,2,22406,53560,53560,86986,79,7,603,5.0,5,19,3,-98.40213650500684,27,-303.0,273.0,576.0,0.4739583333333333,437.0,0.1111111111111111,-11.222222222222221,24.0,16
train,2,22406,53560,53560,86986,80,7,609,5.25,5,19,3,408.0,16,306.0,546.0,240.0,2.275,72.0,0.375,19.125,24.0,3
test,2,22406,53560,53560,86986,80,7,609,5.25,5,19,3,-98.40213650500684,27,-303.0,273.0,576.0,0.4739583333333333,437.0,0.1111111111111111,-11.222222222222221,24.0,16
train,2,22406,53560,53560,86986,81,7,603,5.0,5,19,3,408.0,16,306.0,546.0,240.0,2.275,72.0,0.375,19.125,24.0,3
test,2,22406,53560,53560,86986,81,7,603,5.0,5,19,3,-98.40213650500684,27,-303.0,273.0,576.0,0.4739583333333333,437.0,0.1111111111111111,-11.222222222222221,24.0,16
train,2,22406,53560,53560,86986,82,7,603,5.5,5,19,3,408.0,16,306.0,546.0,240.0,2.275,72.0,0.375,19.125,24.0,3
test,2,22406,53560,53560,86986,82,7,603,5.5,5,19,3,-98.40213650500684,27,-303.0,273.0,576.0,0.4739583333333333,437.0,0.1111111111111111,-11.222222222222221,24.0,16
train,2,22406,53560,53560,86986,83,7,603,5.25,5,19,3,408.0,16,306.0,546.0,240.0,2.275,72.0,0.375,19.125,24.0,3
test,2,22406,53560,53560,86986,83,7,603,5.25,5,19,3,-98.40213650500684,27,-303.0,273.0,576.0,0.4739583333333333,437.0,0.1111111111111111,-11.222222222222221,24.0,16
train,2,22406,53560,53560,86986,84,7,596,5.5,5,19,3,408.0,16,306.0,546.0,240.0,2.275,72.0,0.375,19.125,24.0,3
test,2,22406,53560,53560,86986,84,7,596,5.5,5,19,3,-94.84176295282579,26,-279.0,273.0,552.0,0.4945652173913043,413.0,0.11538461538461539,-10.73076923076923,24.0,15
train,2,22406,53560,53560,86986,85,7,603,5.25,5,19,3,408.0,16,306.0,546.0,240.0,2.275,72.0,0.375,19.125,24.0,3
test,2,22406,53560,53560,86986,85,7,603,5.25,5,19,3,-98.40213650500684,27,-303.0,273.0,576.0,0.4739583333333333,437.0,0.1111111111111111,-11.222222222222221,24.0,16
train,2,22406,53560,53560,86986,86,7,603,5.5,5,19,3,408.0,16,306.0,546.0,240.0,2.275,72.0,0.375,19.125,24.0,3
test,2,22406,53560,53560,86986,86,7,603,5.5,5,19,3,-98.40213650500684,27,-303.0,273.0,576.0,0.4739583333333333,437.0,0.1111111111111111,-11.222222222222221,24.0,16
train,2,22406,53560,53560,86986,87,7,615,5.5,5,19,3,408.0,16,306.0,546.0,240.0,2.275,72.0,0.375,19.125,24.0,3
test,2,22406,53560,53560,86986,87,7,615,5.5,5,19,3,-98.40213650500684,27,-303.0,273.0,576.0,0.4739583333333333,437.0,0.1111111111111111,-11.222222222222221,24.0,16
train,2,22406,53560,53560,86986,88,7,603,5.5,5,19,3,408.0,16,306.0,546.0,240.0,2.275,72.0,0.375,19.125,24.0,3
test,2,22406,53560,53560,86986,88,7,603,5.5,5,19,3,-98.40213650500684,27,-303.0,273.0,576.0,0.4739583333333333,437.0,0.1111111111111111,-11.222222222222221,24.0,16
train,2,22406,53560,53560,86986,89,7,603,5.5,5,19,3,408.0,16,306.0,546.0,240.0,2.275,72.0,0.375,19.125,24.0,3
test,2,22406,53560,53560,86986,89,7,603,5.5,5,19,3,-98.40213650500684,27,-303.0,273.0,576.0,0.4739583333333333,437.0,0.1111111111111111,-11.222222222222221,24.0,16
train,2,22406,53560,53560,86986,90,7,603,5.25,5,19,3,408.0,16,306.0,546.0,240.0,2.275,72.0,0.375,19.125,24.0,3
test,2,22406,53560,53560,86986,90,7,603,5.25,5,19,3,-98.40213650500684,27,-303.0,273.0,576.0,0.4739583333333333,437.0,0.1111111111111111,-11.222222222222221,24.0,16
train,2,22406,53560,53560,86986,91,7,603,5.5,5,19,3,408.0,16,306.0,546.0,240.0,2.275,72.0,0.375,19.125,24.0,3
test,2,22406,53560,53560,86986,91,7,603,5.5,5,19,3,-98.40213650500684,27,-303.0,273.0,576.0,0.4739583333333333,437.0,0.1111111111111111,-11.222222222222221,24.0,16
train,2,22406,53560,53560,86986,92,7,603,5.25,5,19,3,408.0,16,306.0,546.0,240.0,2.275,72.0,0.375,19.125,24.0,3
test,2,22406,53560,53560,86986,92,7,603,5.25,5,19,3,-98.40213650500684,27,-303.0,273.0,576.0,0.4739583333333333,437.0,0.1111111111111111,-11.222222222222221,24.0,16
train,2,22406,53560,53560,86986,93,7,615,5.25,5,19,3,408.0,16,306.0,546.0,240.0,2.275,72.0,0.375,19.125,24.0,3
test,2,22406,53560,53560,86986,93,7,615,5.25,5,19,3,-98.40213650500684,27,-303.0,273.0,576.0,0.4739583333333333,437.0,0.1111111111111111,-11.222222222222221,24.0,16
train,2,22406,53560,53560,86986,94,7,603,5.5,5,19,3,408.0,16,306.0,546.0,240.0,2.275,72.0,0.375,19.125,24.0,3
test,2,22406,53560,53560,86986,94,7,603,5.5,5,19,3,-98.40213650500684,27,-303.0,273.0,576.0,0.4739583333333333,437.0,0.1111111111111111,-11.222222222222221,24.0,16
train,2,22406,53560,53560,86986,95,7,645,5.0,5,19,3,408.0,16,306.0,546.0,240.0,2.275,72.0,0.375,19.125,24.0,3
test,2,22406,53560,53560,86986,95,7,645,5.0,5,19,3,-98.40213650500684,27,-303.0,273.0,576.0,0.4739583333333333,437.0,0.1111111111111111,-11.222222222222221,24.0,16
train,2,22406,53560,53560,86986,96,7,603,5.0,5,19,3,408.0,16,306.0,546.0,240.0,2.275,72.0,0.375,19.125,24.0,3
test,2,22406,53560,53560,86986,96,7,603,5.0,5,19,3,-98.40213650500684,27,-303.0,273.0,576.0,0.4739583333333333,437.0,0.1111111111111111,-11.222222222222221,24.0,16
train,2,22406,53560,53560,86986,97,7,565,5.5,5,19,3,408.0,16,306.0,546.0,240.0,2.275,72.0,0.375,19.125,24.0,3
test,2,22406,53560,53560,86986,97,7,565,5.5,5,19,3,-94.84176295282579,26,-279.0,273.0,552.0,0.4945652173913043,413.0,0.11538461538461539,-10.73076923076923,24.0,15
train,2,22406,53560,53560,86986,98,7,645,5.5,5,19,3,408.0,16,306.0,546.0,240.0,2.275,72.0,0.375,19.125,24.0,3
test,2,22406,53560,53560,86986,98,7,645,5.5,5,19,3,-98.40213650500684,27,-303.0,273.0,576.0,0.4739583333333333,437.0,0.1111111111111111,-11.222222222222221,24.0,16
train,2,22406,53560,53560,86986,99,7,603,5.5,5,19,3,408.0,16,306.0,546.0,240.0,2.275,72.0,0.375,19.125,24.0,3
test,2,22406,53560,53560,86986,99,7,603,5.5,5,19,3,-98.40213650500684,27,-303.0,273.0,576.0,0.4739583333333333,437.0,0.1111111111111111,-11.222222222222221,24.0,16
train,2,22406,53560,53560,86986,100,7,632,5.0,5,19,3,408.0,16,306.0,546.0,240.0,2.275,72.0,0.375,19.125,24.0,3
test,2,22406,53560,53560,86986,100,7,632,5.0,5,19,3,-98.40213650500684,27,-303.0,273.0,576.0,0.4739583333333333,437.0,0.1111111111111111,-11.222222222222221,24.0,16
train,3,53560,86986,86986,125287,0,13,2236,4.0,4,3,20,161.66632302368973,6,66.0,66.0,0.0,inf,0.0,1.0,11.0,0.0,0
test,3,53560,86986,86986,125287,0,13,2236,4.0,4,3,20,-938.384368061522,23,-587.0,176.0,763.0,0.2306684141546527,653.0,0.6956521739130435,-25.52173913043478,109.0,3
train,3,53560,86986,86986,125287,1,6,202,8.0,6,7,3,234.7594513539338,8,83.0,155.0,72.0,2.1527777777777777,24.0,0.625,10.375,24.0,1
test,3,53560,86986,86986,125287,1,6,202,8.0,6,7,3,4.0,9,4.0,124.0,120.0,1.0333333333333334,89.0,0.4444444444444444,0.4444444444444444,24.0,3
train,3,53560,86986,86986,125287,2,6,202,8.0,5,12,3,252.98221281347037,10,160.0,280.0,120.0,2.3333333333333335,48.0,0.5,16.0,24.0,2
test,3,53560,86986,86986,125287,2,6,202,8.0,5,12,3,79.82202425117741,14,64.0,280.0,216.0,1.2962962962962963,72.0,0.35714285714285715,4.571428571428571,24.0,3
train,3,53560,86986,86986,125287,3,10,1216,9.5,3,16,7,227.5346127515548,7,172.0,304.0,132.0,2.303030303030303,88.0,0.5714285714285714,24.571428571428573,44.0,2
test,3,53560,86986,86986,125287,3,10,1216,9.5,3,16,7,-226.0737342844881,21,-444.0,304.0,748.0,0.40641711229946526,444.0,0.19047619047619047,-21.142857142857142,44.0,9
train,3,53560,86986,86986,125287,4,10,1216,9.5,3,16,7,227.5346127515548,7,172.0,304.0,132.0,2.303030303030303,88.0,0.5714285714285714,24.571428571428573,44.0,2
test,3,53560,86986,86986,125287,4,10,1216,9.5,3,16,7,-226.0737342844881,21,-444.0,304.0,748.0,0.40641711229946526,444.0,0.19047619047619047,-21.142857142857142,44.0,9
train,3,53560,86986,86986,125287,5,10,268,4.5,6,29,8,363.3610463437158,5,325.0,423.0,98.0,4.316326530612245,98.0,0.6,65.0,49.0,2
test,3,53560,86986,86986,125287,5,10,268,4.5,6,29,8,-196.4155839862333,15,-355.0,282.0,637.0,0.4427001569858713,355.0,0.13333333333333333,-23.666666666666668,49.0,7
train,3,53560,86986,86986,125287,6,13,1216,5.0,7,7,3,223.60679774997897,5,100.0,124.0,24.0,5.166666666666667,24.0,0.8,20.0,24.0,1
test,3,53560,86986,86986,125287,6,13,1216,5.0,7,7,3,-29.18629815512752,11,-44.0,124.0,168.0,0.7380952380952381,120.0,0.36363636363636365,-4.0,24.0,5
train,3,53560,86986,86986,125287,7,13,1564,4.0,6,7,2,234.78713763747794,5,105.0,124.0,19.0,6.526315789473684,19.0,0.8,21.0,19.0,1
test,3,53560,86986,86986,125287,7,13,1564,4.0,6,7,2,223.445742854949,18,158.0,310.0,152.0,2.039473684210526,64.0,0.5555555555555556,8.777777777777779,19.0,3
train,3,53560,86986,86986,125287,8,12,2123,5.0,6,9,3,313.0495168499706,5,140.0,164.0,24.0,6.833333333333333,24.0,0.8,28.0,24.0,1
test,3,53560,86986,86986,125287,8,12,2123,5.0,6,9,3,184.97913395840084,18,218.0,410.0,192.0,2.1354166666666665,120.0,0.5555555555555556,12.11111111111111,24.0,5
train,3,53560,86986,86986,125287,9,12,2123,5.0,6,9,2,324.2298567374695,5,145.0,164.0,19.0,8.631578947368421,19.0,0.8,29.0,19.0,1
test,3,53560,86986,86986,125287,9,12,2123,5.0,6,9,2,218.9202594553551,18,258.0,410.0,152.0,2.6973684210526314,95.0,0.5555555555555556,14.333333333333334,19.0,5
train,3,53560,86986,86986,125287,10,12,601,3.5,8,9,3,313.0495168499706,5,140.0,164.0,24.0,6.833333333333333,24.0,0.8,28.0,24.0,1
test,3,53560,86986,86986,125287,10,12,601,3.5,8,9,3,148.419076342033,14,119.0,287.0,168.0,1.7083333333333333,79.0,0.5,8.5,24.0,3
train,3,53560,86986,86986,125287,11,12,601,4.0,8,9,2,324.2298567374695,5,145.0,164.0,19.0,8.631578947368421,19.0,0.8,29.0,19.0,1
test,3,53560,86986,86986,125287,11,12,601,4.0,8,9,2,125.20258583591634,11,151.0,246.0,95.0,2.5894736842105264,76.0,0.5454545454545454,13.727272727272727,19.0,4
train,3,53560,86986,86986,125287,12,12,601,4.0,7,9,2,324.2298567374695,5,145.0,164.0,19.0,8.631578947368421,19.0,0.8,29.0,19.0,1
test,3,53560,86986,86986,125287,12,12,601,4.0,7,9,2,192.07174585439566,14,154.0,287.0,133.0,2.1578947368421053,57.0,0.5,11.0,19.0,3
train,3,53560,86986,86986,125287,13,12,319,3.5,7,9,2,324.2298567374695,5,145.0,164.0,19.0,8.631578947368421,19.0,0.8,29.0,19.0,1
test,3,53560,86986,86986,125287,13,12,319,3.5,7,9,2,141.54769514195561,7,107.0,164.0,57.0,2.8771929824561404,38.0,0.5714285714285714,15.285714285714286,19.0,2
train,3,53560,86986,86986,125287,14,12,601,3.75,7,9,2,324.2298567374695,5,145.0,164.0,19.0,8.631578947368421,19.0,0.8,29.0,19.0,1
test,3,53560,86986,86986,125287,14,12,601,3.75,7,9,2,192.07174585439566,14,154.0,287.0,133.0,2.1578947368421053,57.0,0.5,11.0,19.0,3
train,3,53560,86986,86986,125287,15,12,601,4.0,7,9,2,324.2298567374695,5,145.0,164.0,19.0,8.631578947368421,19.0,0.8,29.0,19.0,1
test,3,53560,86986,86986,125287,15,12,601,4.0,7,9,2,192.07174585439566,14,154.0,287.0,133.0,2.1578947368421053,57.0,0.5,11.0,19.0,3
train,3,53560,86986,86986,125287,16,12,1564,5.0,5,9,2,324.2298567374695,5,145.0,164.0,19.0,8.631578947368421,19.0,0.8,29.0,19.0,1
test,3,53560,86986,86986,125287,16,12,1564,5.0,5,9,2,417.3993557999608,20,280.0,451.0,171.0,2.6374269005847952,73.0,0.55,14.0,19.0,3
train,3,53560,86986,86986,125287,17,12,601,4.0,7,9,2,324.2298567374695,5,145.0,164.0,19.0,8.631578947368421,19.0,0.8,29.0,19.0,1
test,3,53560,86986,86986,125287,17,12,601,4.0,7,9,2,192.07174585439566,14,154.0,287.0,133.0,2.1578947368421053,57.0,0.5,11.0,19.0,3
train,3,53560,86986,86986,125287,18,12,319,5.0,6,9,2,324.2298567374695,5,145.0,164.0,19.0,8.631578947368421,19.0,0.8,29.0,19.0,1
test,3,53560,86986,86986,125287,18,12,319,5.0,6,9,2,141.54769514195561,7,107.0,164.0,57.0,2.8771929824561404,38.0,0.5714285714285714,15.285714285714286,19.0,2
train,3,53560,86986,86986,125287,19,12,1485,3.75,7,9,2,324.2298567374695,5,145.0,164.0,19.0,8.631578947368421,19.0,0.8,29.0,19.0,1
test,3,53560,86986,86986,125287,19,12,1485,3.75,7,9,2,434.43692803955383,19,299.0,451.0,152.0,2.9671052631578947,57.0,0.5789473684210527,15.736842105263158,19.0,3
train,3,53560,86986,86986,125287,20,12,601,3.75,7,9,2,324.2298567374695,5,145.0,164.0,19.0,8.631578947368421,19.0,0.8,29.0,19.0,1
test,3,53560,86986,86986,125287,20,12,601,3.75,7,9,2,192.07174585439566,14,154.0,287.0,133.0,2.1578947368421053,57.0,0.5,11.0,19.0,3
train,3,53560,86986,86986,125287,21,12,1823,3.25,7,9,2,324.2298567374695,5,145.0,164.0,19.0,8.631578947368421,19.0,0.8,29.0,19.0,1
test,3,53560,86986,86986,125287,21,12,1823,3.25,7,9,2,434.43692803955383,19,299.0,451.0,152.0,2.9671052631578947,57.0,0.5789473684210527,15.736842105263158,19.0,3
train,3,53560,86986,86986,125287,22,12,601,4.0,6,9,2,324.2298567374695,5,145.0,164.0,19.0,8.631578947368421,19.0,0.8,29.0,19.0,1
test,3,53560,86986,86986,125287,22,12,601,4.0,6,9,2,174.28425057933376,15,135.0,287.0,152.0,1.888157894736842,73.0,0.4666666666666667,9.0,19.0,3
train,3,53560,86986,86986,125287,23,12,619,4.25,7,9,2,324.2298567374695,5,145.0,164.0,19.0,8.631578947368421,19.0,0.8,29.0,19.0,1
test,3,53560,86986,86986,125287,23,12,619,4.25,7,9,2,192.07174585439566,14,154.0,287.0,133.0,2.1578947368421053,57.0,0.5,11.0,19.0,3
train,3,53560,86986,86986,125287,24,12,1657,3.75,8,9,2,324.2298567374695,5,145.0,164.0,19.0,8.631578947368421,19.0,0.8,29.0,19.0,1
test,3,53560,86986,86986,125287,24,12,1657,3.75,8,9,2,434.43692803955383,19,299.0,451.0,152.0,2.9671052631578947,57.0,0.5789473684210527,15.736842105263158,19.0,3
train,3,53560,86986,86986,125287,25,12,576,5.25,7,9,2,324.2298567374695,5,145.0,164.0,19.0,8.631578947368421,19.0,0.8,29.0,19.0,1
test,3,53560,86986,86986,125287,25,12,576,5.25,7,9,2,49.883063257983665,12,72.0,205.0,133.0,1.5413533834586466,95.0,0.4166666666666667,6.0,19.0,5
train,3,53560,86986,86986,125287,26,12,1564,3.25,6,9,2,324.2298567374695,5,145.0,164.0,19.0,8.631578947368421,19.0,0.8,29.0,19.0,1
test,3,53560,86986,86986,125287,26,12,1564,3.25,6,9,2,417.3993557999608,20,280.0,451.0,171.0,2.6374269005847952,73.0,0.55,14.0,19.0,3
train,3,53560,86986,86986,125287,27,12,601,5.75,6,9,2,324.2298567374695,5,145.0,164.0,19.0,8.631578947368421,19.0,0.8,29.0,19.0,1
test,3,53560,86986,86986,125287,27,12,601,5.75,6,9,2,81.48545882548616,13,113.0,246.0,133.0,1.849624060150376,95.0,0.46153846153846156,8.692307692307692,19.0,5
train,3,53560,86986,86986,125287,28,12,619,4.5,7,9,2,324.2298567374695,5,145.0,164.0,19.0,8.631578947368421,19.0,0.8,29.0,19.0,1
test,3,53560,86986,86986,125287,28,12,619,4.5,7,9,2,81.48545882548616,13,113.0,246.0,133.0,1.849624060150376,95.0,0.46153846153846156,8.692307692307692,19.0,5
train,3,53560,86986,86986,125287,29,12,601,4.75,6,9,2,324.2298567374695,5,145.0,164.0,19.0,8.631578947368421,19.0,0.8,29.0,19.0,1
test,3,53560,86986,86986,125287,29,12,601,4.75,6,9,2,174.28425057933376,15,135.0,287.0,152.0,1.888157894736842,73.0,0.4666666666666667,9.0,19.0,3
train,3,53560,86986,86986,125287,30,12,546,5.0,7,9,2,324.2298567374695,5,145.0,164.0,19.0,8.631578947368421,19.0,0.8,29.0,19.0,1
test,3,53560,86986,86986,125287,30,12,546,5.0,7,9,2,49.883063257983665,12,72.0,205.0,133.0,1.5413533834586466,95.0,0.4166666666666667,6.0,19.0,5
train,3,53560,86986,86986,125287,31,12,600,4.5,7,9,2,324.2298567374695,5,145.0,164.0,19.0,8.631578947368421,19.0,0.8,29.0,19.0,1
test,3,53560,86986,86986,125287,31,12,600,4.5,7,9,2,81.48545882548616,13,113.0,246.0,133.0,1.849624060150376,95.0,0.46153846153846156,8.692307692307692,19.0,5
train,3,53560,86986,86986,125287,32,12,601,5.0,7,9,2,324.2298567374695,5,145.0,164.0,19.0,8.631578947368421,19.0,0.8,29.0,19.0,1
test,3,53560,86986,86986,125287,32,12,601,5.0,7,9,2,49.883063257983665,12,72.0,205.0,133.0,1.5413533834586466,95.0,0.4166666666666667,6.0,19.0,5
train,3,53560,86986,86986,125287,33,12,523,4.5,5,9,2,324.2298567374695,5,145.0,164.0,19.0,8.631578947368421,19.0,0.8,29.0,19.0,1
test,3,53560,86986,86986,125287,33,12,523,4.5,5,9,2,174.28425057933376,15,135.0,287.0,152.0,1.888157894736842,73.0,0.4666666666666667,9.0,19.0,3
train,3,53560,86986,86986,125287,34,12,576,4.5,6,9,2,324.2298567374695,5,145.0,164.0,19.0,8.631578947368421,19.0,0.8,29.0,19.0,1
test,3,53560,86986,86986,125287,34,12,576,4.5,6,9,2,174.28425057933376,15,135.0,287.0,152.0,1.888157894736842,73.0,0.4666666666666667,9.0,19.0,3
train,3,53560,86986,86986,125287,35,12,601,5.25,6,9,2,324.2298567374695,5,145.0,164.0,19.0,8.631578947368421,19.0,0.8,29.0,19.0,1
test,3,53560,86986,86986,125287,35,12,601,5.25,6,9,2,81.48545882548616,13,113.0,246.0,133.0,1.849624060150376,95.0,0.46153846153846156,8.692307692307692,19.0,5
train,3,53560,86986,86986,125287,36,12,601,4.5,6,9,2,324.2298567374695,5,145.0,164.0,19.0,8.631578947368421,19.0,0.8,29.0,19.0,1
test,3,53560,86986,86986,125287,36,12,601,4.5,6,9,2,174.28425057933376,15,135.0,287.0,152.0,1.888157894736842,73.0,0.4666666666666667,9.0,19.0,3
train,3,53560,86986,86986,125287,37,12,601,5.0,6,9,2,324.2298567374695,5,145.0,164.0,19.0,8.631578947368421,19.0,0.8,29.0,19.0,1
test,3,53560,86986,86986,125287,37,12,601,5.0,6,9,2,81.48545882548616,13,113.0,246.0,133.0,1.849624060150376,95.0,0.46153846153846156,8.692307692307692,19.0,5
train,3,53560,86986,86986,125287,38,12,601,3.25,7,9,2,324.2298567374695,5,145.0,164.0,19.0,8.631578947368421,19.0,0.8,29.0,19.0,1
test,3,53560,86986,86986,125287,38,12,601,3.25,7,9,2,192.07174585439566,14,154.0,287.0,133.0,2.1578947368421053,57.0,0.5,11.0,19.0,3
train,3,53560,86986,86986,125287,39,12,601,5.5,5,9,2,324.2298567374695,5,145.0,164.0,19.0,8.631578947368421,19.0,0.8,29.0,19.0,1
test,3,53560,86986,86986,125287,39,12,601,5.5,5,9,2,174.28425057933376,15,135.0,287.0,152.0,1.888157894736842,73.0,0.4666666666666667,9.0,19.0,3
train,3,53560,86986,86986,125287,40,12,552,3.5,6,9,2,324.2298567374695,5,145.0,164.0,19.0,8.631578947368421,19.0,0.8,29.0,19.0,1
test,3,53560,86986,86986,125287,40,12,552,3.5,6,9,2,174.28425057933376,15,135.0,287.0,152.0,1.888157894736842,73.0,0.4666666666666667,9.0,19.0,3
train,3,53560,86986,86986,125287,41,12,546,5.5,6,9,2,324.2298567374695,5,145.0,164.0,19.0,8.631578947368421,19.0,0.8,29.0,19.0,1
test,3,53560,86986,86986,125287,41,12,546,5.5,6,9,2,81.48545882548616,13,113.0,246.0,133.0,1.849624060150376,95.0,0.46153846153846156,8.692307692307692,19.0,5
train,3,53560,86986,86986,125287,42,12,588,4.75,7,9,2,324.2298567374695,5,145.0,164.0,19.0,8.631578947368421,19.0,0.8,29.0,19.0,1
test,3,53560,86986,86986,125287,42,12,588,4.75,7,9,2,81.48545882548616,13,113.0,246.0,133.0,1.849624060150376,95.0,0.46153846153846156,8.692307692307692,19.0,5
train,3,53560,86986,86986,125287,43,12,588,5.5,5,9,2,324.2298567374695,5,145.0,164.0,19.0,8.631578947368421,19.0,0.8,29.0,19.0,1
test,3,53560,86986,86986,125287,43,12,588,5.5,5,9,2,174.28425057933376,15,135.0,287.0,152.0,1.888157894736842,73.0,0.4666666666666667,9.0,19.0,3
train,3,53560,86986,86986,125287,44,12,490,5.0,6,9,2,324.2298567374695,5,145.0,164.0,19.0,8.631578947368421,19.0,0.8,29.0,19.0,1
test,3,53560,86986,86986,125287,44,12,490,5.0,6,9,2,81.48545882548616,13,113.0,246.0,133.0,1.849624060150376,95.0,0.46153846153846156,8.692307692307692,19.0,5
train,3,53560,86986,86986,125287,45,12,619,5.0,4,9,2,324.2298567374695,5,145.0,164.0,19.0,8.631578947368421,19.0,0.8,29.0,19.0,1
test,3,53560,86986,86986,125287,45,12,619,5.0,4,9,2,174.28425057933376,15,135.0,287.0,152.0,1.888157894736842,73.0,0.4666666666666667,9.0,19.0,3
train,3,53560,86986,86986,125287,46,12,588,5.0,7,9,2,324.2298567374695,5,145.0,164.0,19.0,8.631578947368421,19.0,0.8,29.0,19.0,1
test,3,53560,86986,86986,125287,46,12,588,5.0,7,9,2,49.883063257983665,12,72.0,205.0,133.0,1.5413533834586466,95.0,0.4166666666666667,6.0,19.0,5
train,3,53560,86986,86986,125287,47,12,655,5.5,6,9,2,324.2298567374695,5,145.0,164.0,19.0,8.631578947368421,19.0,0.8,29.0,19.0,1
test,3,53560,86986,86986,125287,47,12,655,5.5,6,9,2,81.48545882548616,13,113.0,246.0,133.0,1.849624060150376,95.0,0.46153846153846156,8.692307692307692,19.0,5
train,3,53560,86986,86986,125287,48,12,582,3.5,4,9,2,324.2298567374695,5,145.0,164.0,19.0,8.631578947368421,19.0,0.8,29.0,19.0,1
test,3,53560,86986,86986,125287,48,12,582,3.5,4,9,2,234.66666666666666,16,176.0,328.0,152.0,2.1578947368421053,73.0,0.5,11.0,19.0,3
train,3,53560,86986,86986,125287,49,12,588,5.0,6,9,2,324.2298567374695,5,145.0,164.0,19.0,8.631578947368421,19.0,0.8,29.0,19.0,1
test,3,53560,86986,86986,125287,49,12,588,5.0,6,9,2,81.48545882548616,13,113.0,246.0,133.0,1.849624060150376,95.0,0.46153846153846156,8.692307692307692,19.0,5
train,3,53560,86986,86986,125287,50,12,601,4.75,4,9,2,324.2298567374695,5,145.0,164.0,19.0,8.631578947368421,19.0,0.8,29.0,19.0,1
test,3,53560,86986,86986,125287,50,12,601,4.75,4,9,2,174.28425057933376,15,135.0,287.0,152.0,1.888157894736842,73.0,0.4666666666666667,9.0,19.0,3
train,3,53560,86986,86986,125287,51,12,588,5.0,7,9,2,324.2298567374695,5,145.0,164.0,19.0,8.631578947368421,19.0,0.8,29.0,19.0,1
test,3,53560,86986,86986,125287,51,12,588,5.0,7,9,2,49.883063257983665,12,72.0,205.0,133.0,1.5413533834586466,95.0,0.4166666666666667,6.0,19.0,5
train,3,53560,86986,86986,125287,52,12,601,4.5,8,9,2,324.2298567374695,5,145.0,164.0,19.0,8.631578947368421,19.0,0.8,29.0,19.0,1
test,3,53560,86986,86986,125287,52,12,601,4.5,8,9,2,125.20258583591634,11,151.0,246.0,95.0,2.5894736842105264,76.0,0.5454545454545454,13.727272727272727,19.0,4
train,3,53560,86986,86986,125287,53,12,582,5.0,7,9,2,324.2298567374695,5,145.0,164.0,19.0,8.631578947368421,19.0,0.8,29.0,19.0,1
test,3,53560,86986,86986,125287,53,12,582,5.0,7,9,2,49.883063257983665,12,72.0,205.0,133.0,1.5413533834586466,95.0,0.4166666666666667,6.0,19.0,5
train,3,53560,86986,86986,125287,54,12,601,5.5,6,9,2,324.2298567374695,5,145.0,164.0,19.0,8.631578947368421,19.0,0.8,29.0,19.0,1
test,3,53560,86986,86986,125287,54,12,601,5.5,6,9,2,81.48545882548616,13,113.0,246.0,133.0,1.849624060150376,95.0,0.46153846153846156,8.692307692307692,19.0,5
train,3,53560,86986,86986,125287,55,12,607,3.75,4,9,2,324.2298567374695,5,145.0,164.0,19.0,8.631578947368421,19.0,0.8,29.0,19.0,1
test,3,53560,86986,86986,125287,55,12,607,3.75,4,9,2,234.66666666666666,16,176.0,328.0,152.0,2.1578947368421053,73.0,0.5,11.0,19.0,3
train,3,53560,86986,86986,125287,56,12,582,4.75,5,9,2,324.2298567374695,5,145.0,164.0,19.0,8.631578947368421,19.0,0.8,29.0,19.0,1
test,3,53560,86986,86986,125287,56,12,582,4.75,5,9,2,174.28425057933376,15,135.0,287.0,152.0,1.888157894736842,73.0,0.4666666666666667,9.0,19.0,3
train,3,53560,86986,86986,125287,57,12,619,5.5,4,9,2,324.2298567374695,5,145.0,164.0,19.0,8.631578947368421,19.0,0.8,29.0,19.0,1
test,3,53560,86986,86986,125287,57,12,619,5.5,4,9,2,174.28425057933376,15,135.0,287.0,152.0,1.888157894736842,73.0,0.4666666666666667,9.0,19.0,3
train,3,53560,86986,86986,125287,58,12,582,5.5,3,9,2,324.2298567374695,5,145.0,164.0,19.0,8.631578947368421,19.0,0.8,29.0,19.0,1
test,3,53560,86986,86986,125287,58,12,582,5.5,3,9,2,174.28425057933376,15,135.0,287.0,152.0,1.888157894736842,73.0,0.4666666666666667,9.0,19.0,3
train,3,53560,86986,86986,125287,59,12,535,4.5,5,9,2,324.2298567374695,5,145.0,164.0,19.0,8.631578947368421,19.0,0.8,29.0,19.0,1
test,3,53560,86986,86986,125287,59,12,535,4.5,5,9,2,174.28425057933376,15,135.0,287.0,152.0,1.888157894736842,73.0,0.4666666666666667,9.0,19.0,3
train,3,53560,86986,86986,125287,60,12,619,3.25,6,9,2,324.2298567374695,5,145.0,164.0,19.0,8.631578947368421,19.0,0.8,29.0,19.0,1
test,3,53560,86986,86986,125287,60,12,619,3.25,6,9,2,174.28425057933376,15,135.0,287.0,152.0,1.888157894736842,73.0,0.4666666666666667,9.0,19.0,3
train,3,53560,86986,86986,125287,61,12,582,3.75,4,9,2,324.2298567374695,5,145.0,164.0,19.0,8.631578947368421,19.0,0.8,29.0,19.0,1
test,3,53560,86986,86986,125287,61,12,582,3.75,4,9,2,234.66666666666666,16,176.0,328.0,152.0,2.1578947368421053,73.0,0.5,11.0,19.0,3
train,3,53560,86986,86986,125287,62,12,539,3.5,7,9,2,324.2298567374695,5,145.0,164.0,19.0,8.631578947368421,19.0,0.8,29.0,19.0,1
test,3,53560,86986,86986,125287,62,12,539,3.5,7,9,2,192.07174585439566,14,154.0,287.0,133.0,2.1578947368421053,57.0,0.5,11.0,19.0,3
train,3,53560,86986,86986,125287,63,12,535,5.5,7,9,2,324.2298567374695,5,145.0,164.0,19.0,8.631578947368421,19.0,0.8,29.0,19.0,1
test,3,53560,86986,86986,125287,63,12,535,5.5,7,9,2,49.883063257983665,12,72.0,205.0,133.0,1.5413533834586466,95.0,0.4166666666666667,6.0,19.0,5
train,3,53560,86986,86986,125287,64,12,601,3.75,6,9,2,324.2298567374695,5,145.0,164.0,19.0,8.631578947368421,19.0,0.8,29.0,19.0,1
test,3,53560,86986,86986,125287,64,12,601,3.75,6,9,2,174.28425057933376,15,135.0,287.0,152.0,1.888157894736842,73.0,0.4666666666666667,9.0,19.0,3
train,3,53560,86986,86986,125287,65,12,576,3.5,6,9,2,324.2298567374695,5,145.0,164.0,19.0,8.631578947368421,19.0,0.8,29.0,19.0,1
test,3,53560,86986,86986,125287,65,12,576,3.5,6,9,2,174.28425057933376,15,135.0,287.0,152.0,1.888157894736842,73.0,0.4666666666666667,9.0,19.0,3
train,3,53560,86986,86986,125287,66,12,576,5.25,7,9,2,324.2298567374695,5,145.0,164.0,19.0,8.631578947368421,19.0,0.8,29.0,19.0,1
test,3,53560,86986,86986,125287,66,12,576,5.25,7,9,2,49.883063257983665,12,72.0,205.0,133.0,1.5413533834586466,95.0,0.4166666666666667,6.0,19.0,5
train,3,53560,86986,86986,125287,67,12,576,5.0,6,9,2,324.2298567374695,5,145.0,164.0,19.0,8.631578947368421,19.0,0.8,29.0,19.0,1
test,3,53560,86986,86986,125287,67,12,576,5.0,6,9,2,81.48545882548616,13,113.0,246.0,133.0,1.849624060150376,95.0,0.46153846153846156,8.692307692307692,19.0,5
train,3,53560,86986,86986,125287,68,12,582,5.0,5,9,2,324.2298567374695,5,145.0,164.0,19.0,8.631578947368421,19.0,0.8,29.0,19.0,1
test,3,53560,86986,86986,125287,68,12,582,5.0,5,9,2,174.28425057933376,15,135.0,287.0,152.0,1.888157894736842,73.0,0.4666666666666667,9.0,19.0,3
train,3,53560,86986,86986,125287,69,12,601,4.75,3,9,2,324.2298567374695,5,145.0,164.0,19.0,8.631578947368421,19.0,0.8,29.0,19.0,1
test,3,53560,86986,86986,125287,69,12,601,4.75,3,9,2,174.28425057933376,15,135.0,287.0,152.0,1.888157894736842,73.0,0.4666666666666667,9.0,19.0,3
train,3,53560,86986,86986,125287,70,12,576,5.0,4,9,2,324.2298567374695,5,145.0,164.0,19.0,8.631578947368421,19.0,0.8,29.0,19.0,1
test,3,53560,86986,86986,125287,70,12,576,5.0,4,9,2,174.28425057933376,15,135.0,287.0,152.0,1.888157894736842,73.0,0.4666666666666667,9.0,19.0,3
train,3,53560,86986,86986,125287,71,12,564,3.25,7,9,2,324.2298567374695,5,145.0,164.0,19.0,8.631578947368421,19.0,0.8,29.0,19.0,1
test,3,53560,86986,86986,125287,71,12,564,3.25,7,9,2,192.07174585439566,14,154.0,287.0,133.0,2.1578947368421053,57.0,0.5,11.0,19.0,3
train,3,53560,86986,86986,125287,72,12,576,3.25,3,9,2,324.2298567374695,5,145.0,164.0,19.0,8.631578947368421,19.0,0.8,29.0,19.0,1
test,3,53560,86986,86986,125287,72,12,576,3.25,3,9,2,234.66666666666666,16,176.0,328.0,152.0,2.1578947368421053,73.0,0.5,11.0,19.0,3
train,3,53560,86986,86986,125287,73,12,605,5.0,3,9,2,324.2298567374695,5,145.0,164.0,19.0,8.631578947368421,19.0,0.8,29.0,19.0,1
test,3,53560,86986,86986,125287,73,12,605,5.0,3,9,2,174.28425057933376,15,135.0,287.0,152.0,1.888157894736842,73.0,0.4666666666666667,9.0,19.0,3
train,3,53560,86986,86986,125287,74,12,564,5.25,6,9,2,324.2298567374695,5,145.0,164.0,19.0,8.631578947368421,19.0,0.8,29.0,19.0,1
test,3,53560,86986,86986,125287,74,12,564,5.25,6,9,2,81.48545882548616,13,113.0,246.0,133.0,1.849624060150376,95.0,0.46153846153846156,8.692307692307692,19.0,5
train,3,53560,86986,86986,125287,75,12,564,4.75,5,9,2,324.2298567374695,5,145.0,164.0,19.0,8.631578947368421,19.0,0.8,29.0,19.0,1
test,3,53560,86986,86986,125287,75,12,564,4.75,5,9,2,174.28425057933376,15,135.0,287.0,152.0,1.888157894736842,73.0,0.4666666666666667,9.0,19.0,3
train,3,53560,86986,86986,125287,76,12,564,3.25,6,9,2,324.2298567374695,5,145.0,164.0,19.0,8.631578947368421,19.0,0.8,29.0,19.0,1
test,3,53560,86986,86986,125287,76,12,564,3.25,6,9,2,174.28425057933376,15,135.0,287.0,152.0,1.888157894736842,73.0,0.4666666666666667,9.0,19.0,3
train,3,53560,86986,86986,125287,77,12,637,5.0,7,9,2,324.2298567374695,5,145.0,164.0,19.0,8.631578947368421,19.0,0.8,29.0,19.0,1
test,3,53560,86986,86986,125287,77,12,637,5.0,7,9,2,49.883063257983665,12,72.0,205.0,133.0,1.5413533834586466,95.0,0.4166666666666667,6.0,19.0,5
train,3,53560,86986,86986,125287,78,12,550,5.25,6,9,2,324.2298567374695,5,145.0,164.0,19.0,8.631578947368421,19.0,0.8,29.0,19.0,1
test,3,53560,86986,86986,125287,78,12,550,5.25,6,9,2,81.48545882548616,13,113.0,246.0,133.0,1.849624060150376,95.0,0.46153846153846156,8.692307692307692,19.0,5
train,3,53560,86986,86986,125287,79,12,582,5.25,7,9,2,324.2298567374695,5,145.0,164.0,19.0,8.631578947368421,19.0,0.8,29.0,19.0,1
test,3,53560,86986,86986,125287,79,12,582,5.25,7,9,2,49.883063257983665,12,72.0,205.0,133.0,1.5413533834586466,95.0,0.4166666666666667,6.0,19.0,5
train,3,53560,86986,86986,125287,80,12,611,4.75,7,9,2,324.2298567374695,5,145.0,164.0,19.0,8.631578947368421,19.0,0.8,29.0,19.0,1
test,3,53560,86986,86986,125287,80,12,611,4.75,7,9,2,81.48545882548616,13,113.0,246.0,133.0,1.849624060150376,95.0,0.46153846153846156,8.692307692307692,19.0,5
train,3,53560,86986,86986,125287,81,12,616,3.25,7,9,2,324.2298567374695,5,145.0,164.0,19.0,8.631578947368421,19.0,0.8,29.0,19.0,1
test,3,53560,86986,86986,125287,81,12,616,3.25,7,9,2,192.07174585439566,14,154.0,287.0,133.0,2.1578947368421053,57.0,0.5,11.0,19.0,3
train,3,53560,86986,86986,125287,82,12,582,3.0,7,9,2,324.2298567374695,5,145.0,164.0,19.0,8.631578947368421,19.0,0.8,29.0,19.0,1
test,3,53560,86986,86986,125287,82,12,582,3.0,7,9,2,192.07174585439566,14,154.0,287.0,133.0,2.1578947368421053,57.0,0.5,11.0,19.0,3
train,3,53560,86986,86986,125287,83,12,582,5.75,4,9,2,324.2298567374695,5,145.0,164.0,19.0,8.631578947368421,19.0,0.8,29.0,19.0,1
test,3,53560,86986,86986,125287,83,12,582,5.75,4,9,2,174.28425057933376,15,135.0,287.0,152.0,1.888157894736842,73.0,0.4666666666666667,9.0,19.0,3
train,3,53560,86986,86986,125287,84,12,582,5.25,5,9,2,324.2298567374695,5,145.0,164.0,19.0,8.631578947368421,19.0,0.8,29.0,19.0,1
test,3,53560,86986,86986,125287,84,12,582,5.25,5,9,2,174.28425057933376,15,135.0,287.0,152.0,1.888157894736842,73.0,0.4666666666666667,9.0,19.0,3
train,3,53560,86986,86986,125287,85,12,556,3.5,7,9,2,324.2298567374695,5,145.0,164.0,19.0,8.631578947368421,19.0,0.8,29.0,19.0,1
test,3,53560,86986,86986,125287,85,12,556,3.5,7,9,2,192.07174585439566,14,154.0,287.0,133.0,2.1578947368421053,57.0,0.5,11.0,19.0,3
train,3,53560,86986,86986,125287,86,12,582,4.75,7,9,2,324.2298567374695,5,145.0,164.0,19.0,8.631578947368421,19.0,0.8,29.0,19.0,1
test,3,53560,86986,86986,125287,86,12,582,4.75,7,9,2,81.48545882548616,13,113.0,246.0,133.0,1.849624060150376,95.0,0.46153846153846156,8.692307692307692,19.0,5
train,3,53560,86986,86986,125287,87,12,582,5.25,7,9,2,324.2298567374695,5,145.0,164.0,19.0,8.631578947368421,19.0,0.8,29.0,19.0,1
test,3,53560,86986,86986,125287,87,12,582,5.25,7,9,2,49.883063257983665,12,72.0,205.0,133.0,1.5413533834586466,95.0,0.4166666666666667,6.0,19.0,5
train,3,53560,86986,86986,125287,88,12,556,3.25,5,9,2,324.2298567374695,5,145.0,164.0,19.0,8.631578947368421,19.0,0.8,29.0,19.0,1
test,3,53560,86986,86986,125287,88,12,556,3.25,5,9,2,174.28425057933376,15,135.0,287.0,152.0,1.888157894736842,73.0,0.4666666666666667,9.0,19.0,3
train,3,53560,86986,86986,125287,89,12,523,3.0,7,9,2,324.2298567374695,5,145.0,164.0,19.0,8.631578947368421,19.0,0.8,29.0,19.0,1
test,3,53560,86986,86986,125287,89,12,523,3.0,7,9,2,192.07174585439566,14,154.0,287.0,133.0,2.1578947368421053,57.0,0.5,11.0,19.0,3
train,3,53560,86986,86986,125287,90,12,523,5.25,6,9,2,324.2298567374695,5,145.0,164.0,19.0,8.631578947368421,19.0,0.8,29.0,19.0,1
test,3,53560,86986,86986,125287,90,12,523,5.25,6,9,2,81.48545882548616,13,113.0,246.0,133.0,1.849624060150376,95.0,0.46153846153846156,8.692307692307692,19.0,5
train,3,53560,86986,86986,125287,91,12,582,3.5,7,9,2,324.2298567374695,5,145.0,164.0,19.0,8.631578947368421,19.0,0.8,29.0,19.0,1
test,3,53560,86986,86986,125287,91,12,582,3.5,7,9,2,192.07174585439566,14,154.0,287.0,133.0,2.1578947368421053,57.0,0.5,11.0,19.0,3
train,3,53560,86986,86986,125287,92,12,634,3.25,6,9,2,324.2298567374695,5,145.0,164.0,19.0,8.631578947368421,19.0,0.8,29.0,19.0,1
test,3,53560,86986,86986,125287,92,12,634,3.25,6,9,2,174.28425057933376,15,135.0,287.0,152.0,1.888157894736842,73.0,0.4666666666666667,9.0,19.0,3
train,3,53560,86986,86986,125287,93,12,599,3.5,6,9,2,324.2298567374695,5,145.0,164.0,19.0,8.631578947368421,19.0,0.8,29.0,19.0,1
test,3,53560,86986,86986,125287,93,12,599,3.5,6,9,2,174.28425057933376,15,135.0,287.0,152.0,1.888157894736842,73.0,0.4666666666666667,9.0,19.0,3
train,3,53560,86986,86986,125287,94,12,582,3.25,2,9,2,324.2298567374695,5,145.0,164.0,19.0,8.631578947368421,19.0,0.8,29.0,19.0,1
test,3,53560,86986,86986,125287,94,12,582,3.25,2,9,2,234.66666666666666,16,176.0,328.0,152.0,2.1578947368421053,73.0,0.5,11.0,19.0,3
train,3,53560,86986,86986,125287,95,12,582,3.5,6,9,2,324.2298567374695,5,145.0,164.0,19.0,8.631578947368421,19.0,0.8,29.0,19.0,1
test,3,53560,86986,86986,125287,95,12,582,3.5,6,9,2,174.28425057933376,15,135.0,287.0,152.0,1.888157894736842,73.0,0.4666666666666667,9.0,19.0,3
train,3,53560,86986,86986,125287,96,12,640,3.25,5,9,2,324.2298567374695,5,145.0,164.0,19.0,8.631578947368421,19.0,0.8,29.0,19.0,1
test,3,53560,86986,86986,125287,96,12,640,3.25,5,9,2,174.28425057933376,15,135.0,287.0,152.0,1.888157894736842,73.0,0.4666666666666667,9.0,19.0,3
train,3,53560,86986,86986,125287,97,12,646,3.25,7,9,2,324.2298567374695,5,145.0,164.0,19.0,8.631578947368421,19.0,0.8,29.0,19.0,1
test,3,53560,86986,86986,125287,97,12,646,3.25,7,9,2,192.07174585439566,14,154.0,287.0,133.0,2.1578947368421053,57.0,0.5,11.0,19.0,3
train,3,53560,86986,86986,125287,98,12,634,5.25,5,9,2,324.2298567374695,5,145.0,164.0,19.0,8.631578947368421,19.0,0.8,29.0,19.0,1
test,3,53560,86986,86986,125287,98,12,634,5.25,5,9,2,174.28425057933376,15,135.0,287.0,152.0,1.888157894736842,73.0,0.4666666666666667,9.0,19.0,3
train,3,53560,86986,86986,125287,99,12,582,5.0,7,9,2,324.2298567374695,5,145.0,164.0,19.0,8.631578947368421,19.0,0.8,29.0,19.0,1
test,3,53560,86986,86986,125287,99,12,582,5.0,7,9,2,49.883063257983665,12,72.0,205.0,133.0,1.5413533834586466,95.0,0.4166666666666667,6.0,19.0,5
train,3,53560,86986,86986,125287,100,12,592,5.5,6,9,2,324.2298567374695,5,145.0,164.0,19.0,8.631578947368421,19.0,0.8,29.0,19.0,1
test,3,53560,86986,86986,125287,100,12,592,5.5,6,9,2,81.48545882548616,13,113.0,246.0,133.0,1.849624060150376,95.0,0.46153846153846156,8.692307692307692,19.0,5
train,4,86986,125287,125287,130699,0,13,2708,5.0,10,4,2,387.2983346207417,15,100.0,176.0,76.0,2.3157894736842106,22.0,0.7333333333333333,6.666666666666667,19.0,1
test,4,86986,125287,125287,130699,0,13,2708,5.0,10,4,2,-1000.0,0,0.0,0.0,0.0,inf,0.0,0.0,0.0,0.0,0
train,4,86986,125287,125287,130699,1,6,304,9.75,3,14,3,208.556646981102,46,246.0,990.0,744.0,1.3306451612903225,192.0,0.32608695652173914,5.3478260869565215,24.0,8
test,4,86986,125287,125287,130699,1,6,304,9.75,3,14,3,-1000.0,1,-24.0,0.0,24.0,0.0,24.0,0.0,-24.0,24.0,1
train,4,86986,125287,125287,130699,2,11,2402,4.5,8,23,3,243.99795081106726,15,315.0,555.0,240.0,2.3125,120.0,0.3333333333333333,21.0,24.0,5
test,4,86986,125287,125287,130699,2,11,2402,4.5,8,23,3,-1000.0,0,0.0,0.0,0.0,inf,0.0,0.0,0.0,0.0,0
train,4,86986,125287,125287,130699,3,11,2402,4.5,8,23,2,282.7277842731414,15,365.0,555.0,190.0,2.9210526315789473,95.0,0.3333333333333333,24.333333333333332,19.0,5
test,4,86986,125287,125287,130699,3,11,2402,4.5,8,23,2,-1000.0,0,0.0,0.0,0.0,inf,0.0,0.0,0.0,0.0,0
train,4,86986,125287,125287,130699,4,11,1794,7.25,8,4,3,384.0,16,96.0,192.0,96.0,2.0,32.0,0.75,6.0,24.0,1
test,4,86986,125287,125287,130699,4,11,1794,7.25,8,4,3,-1000.0,0,0.0,0.0,0.0,inf,0.0,0.0,0.0,0.0,0
train,4,86986,125287,125287,130699,5,13,2527,9.0,5,4,4,484.0,16,121.0,208.0,87.0,2.3908045977011496,29.0,0.8125,7.5625,29.0,1
test,4,86986,125287,125287,130699,5,13,2527,9.0,5,4,4,-1000.0,0,0.0,0.0,0.0,inf,0.0,0.0,0.0,0.0,0
train,4,86986,125287,125287,130699,6,13,409,4.5,8,15,2,600.585547611662,7,227.0,284.0,57.0,4.982456140350878,19.0,0.5714285714285714,32.42857142857143,19.0,1
test,4,86986,125287,125287,130699,6,13,409,4.5,8,15,2,-1000.0,0,0.0,0.0,0.0,inf,0.0,0.0,0.0,0.0,0
train,4,86986,125287,125287,130699,7,12,384,7.0,5,15,2,600.585547611662,7,227.0,284.0,57.0,4.982456140350878,19.0,0.5714285714285714,32.42857142857143,19.0,1
test,4,86986,125287,125287,130699,7,12,384,7.0,5,15,2,-1000.0,0,0.0,0.0,0.0,inf,0.0,0.0,0.0,0.0,0
train,4,86986,125287,125287,130699,8,12,384,7.0,5,15,2,600.585547611662,7,227.0,284.0,57.0,4.982456140350878,19.0,0.5714285714285714,32.42857142857143,19.0,1
test,4,86986,125287,125287,130699,8,12,384,7.0,5,15,2,-1000.0,0,0.0,0.0,0.0,inf,0.0,0.0,0.0,0.0,0
train,4,86986,125287,125287,130699,9,13,384,4.5,8,15,2,600.585547611662,7,227.0,284.0,57.0,4.982456140350878,19.0,0.5714285714285714,32.42857142857143,19.0,1
test,4,86986,125287,125287,130699,9,13,384,4.5,8,15,2,-1000.0,0,0.0,0.0,0.0,inf,0.0,0.0,0.0,0.0,0
train,4,86986,125287,125287,130699,10,12,418,7.0,5,15,2,600.585547611662,7,227.0,284.0,57.0,4.982456140350878,19.0,0.5714285714285714,32.42857142857143,19.0,1
test,4,86986,125287,125287,130699,10,12,418,7.0,5,15,2,-1000.0,0,0.0,0.0,0.0,inf,0.0,0.0,0.0,0.0,0
train,4,86986,125287,125287,130699,11,12,409,4.5,8,15,2,600.585547611662,7,227.0,284.0,57.0,4.982456140350878,19.0,0.5714285714285714,32.42857142857143,19.0,1
test,4,86986,125287,125287,130699,11,12,409,4.5,8,15,2,-1000.0,0,0.0,0.0,0.0,inf,0.0,0.0,0.0,0.0,0
train,4,86986,125287,125287,130699,12,12,384,7.0,5,15,2,600.585547611662,7,227.0,284.0,57.0,4.982456140350878,19.0,0.5714285714285714,32.42857142857143,19.0,1
test,4,86986,125287,125287,130699,12,12,384,7.0,5,15,2,-1000.0,0,0.0,0.0,0.0,inf,0.0,0.0,0.0,0.0,0
train,4,86986,125287,125287,130699,13,12,384,4.5,8,15,2,600.585547611662,7,227.0,284.0,57.0,4.982456140350878,19.0,0.5714285714285714,32.42857142857143,19.0,1
test,4,86986,125287,125287,130699,13,12,384,4.5,8,15,2,-1000.0,0,0.0,0.0,0.0,inf,0.0,0.0,0.0,0.0,0
train,4,86986,125287,125287,130699,14,12,384,3.25,8,15,2,600.585547611662,7,227.0,284.0,57.0,4.982456140350878,19.0,0.5714285714285714,32.42857142857143,19.0,1
test,4,86986,125287,125287,130699,14,12,384,3.25,8,15,2,-1000.0,0,0.0,0.0,0.0,inf,0.0,0.0,0.0,0.0,0
train,4,86986,125287,125287,130699,15,12,417,4.5,8,15,2,600.585547611662,7,227.0,284.0,57.0,4.982456140350878,19.0,0.5714285714285714,32.42857142857143,19.0,1
test,4,86986,125287,125287,130699,15,12,417,4.5,8,15,2,-1000.0,0,0.0,0.0,0.0,inf,0.0,0.0,0.0,0.0,0
train,4,86986,125287,125287,130699,16,12,409,4.5,8,15,2,600.585547611662,7,227.0,284.0,57.0,4.982456140350878,19.0,0.5714285714285714,32.42857142857143,19.0,1
test,4,86986,125287,125287,130699,16,12,409,4.5,8,15,2,-1000.0,0,0.0,0.0,0.0,inf,0.0,0.0,0.0,0.0,0
train,4,86986,125287,125287,130699,17,12,417,4.5,8,15,2,600.585547611662,7,227.0,284.0,57.0,4.982456140350878,19.0,0.5714285714285714,32.42857142857143,19.0,1
test,4,86986,125287,125287,130699,17,12,417,4.5,8,15,2,-1000.0,0,0.0,0.0,0.0,inf,0.0,0.0,0.0,0.0,0
train,4,86986,125287,125287,130699,18,12,414,3.5,8,15,2,600.585547611662,7,227.0,284.0,57.0,4.982456140350878,19.0,0.5714285714285714,32.42857142857143,19.0,1
test,4,86986,125287,125287,130699,18,12,414,3.5,8,15,2,-1000.0,0,0.0,0.0,0.0,inf,0.0,0.0,0.0,0.0,0
train,4,86986,125287,125287,130699,19,12,409,3.5,8,15,2,600.585547611662,7,227.0,284.0,57.0,4.982456140350878,19.0,0.5714285714285714,32.42857142857143,19.0,1
test,4,86986,125287,125287,130699,19,12,409,3.5,8,15,2,-1000.0,0,0.0,0.0,0.0,inf,0.0,0.0,0.0,0.0,0
train,4,86986,125287,125287,130699,20,12,409,3.5,8,15,2,600.585547611662,7,227.0,284.0,57.0,4.982456140350878,19.0,0.5714285714285714,32.42857142857143,19.0,1
test,4,86986,125287,125287,130699,20,12,409,3.5,8,15,2,-1000.0,0,0.0,0.0,0.0,inf,0.0,0.0,0.0,0.0,0
train,4,86986,125287,125287,130699,21,12,403,4.5,7,15,2,600.585547611662,7,227.0,284.0,57.0,4.982456140350878,19.0,0.5714285714285714,32.42857142857143,19.0,1
test,4,86986,125287,125287,130699,21,12,403,4.5,7,15,2,-1000.0,0,0.0,0.0,0.0,inf,0.0,0.0,0.0,0.0,0
train,4,86986,125287,125287,130699,22,12,384,4.75,7,15,2,600.585547611662,7,227.0,284.0,57.0,4.982456140350878,19.0,0.5714285714285714,32.42857142857143,19.0,1
test,4,86986,125287,125287,130699,22,12,384,4.75,7,15,2,-1000.0,0,0.0,0.0,0.0,inf,0.0,0.0,0.0,0.0,0
train,4,86986,125287,125287,130699,23,12,384,3.5,8,15,2,600.585547611662,7,227.0,284.0,57.0,4.982456140350878,19.0,0.5714285714285714,32.42857142857143,19.0,1
test,4,86986,125287,125287,130699,23,12,384,3.5,8,15,2,-1000.0,0,0.0,0.0,0.0,inf,0.0,0.0,0.0,0.0,0
train,4,86986,125287,125287,130699,24,12,384,4.5,7,15,2,600.585547611662,7,227.0,284.0,57.0,4.982456140350878,19.0,0.5714285714285714,32.42857142857143,19.0,1
test,4,86986,125287,125287,130699,24,12,384,4.5,7,15,2,-1000.0,0,0.0,0.0,0.0,inf,0.0,0.0,0.0,0.0,0
train,4,86986,125287,125287,130699,25,12,384,4.75,8,15,2,600.585547611662,7,227.0,284.0,57.0,4.982456140350878,19.0,0.5714285714285714,32.42857142857143,19.0,1
test,4,86986,125287,125287,130699,25,12,384,4.75,8,15,2,-1000.0,0,0.0,0.0,0.0,inf,0.0,0.0,0.0,0.0,0
train,4,86986,125287,125287,130699,26,12,384,4.5,8,15,2,600.585547611662,7,227.0,284.0,57.0,4.982456140350878,19.0,0.5714285714285714,32.42857142857143,19.0,1
test,4,86986,125287,125287,130699,26,12,384,4.5,8,15,2,-1000.0,0,0.0,0.0,0.0,inf,0.0,0.0,0.0,0.0,0
train,4,86986,125287,125287,130699,27,12,384,4.25,7,15,2,600.585547611662,7,227.0,284.0,57.0,4.982456140350878,19.0,0.5714285714285714,32.42857142857143,19.0,1
test,4,86986,125287,125287,130699,27,12,384,4.25,7,15,2,-1000.0,0,0.0,0.0,0.0,inf,0.0,0.0,0.0,0.0,0
train,4,86986,125287,125287,130699,28,12,390,4.5,8,15,2,600.585547611662,7,227.0,284.0,57.0,4.982456140350878,19.0,0.5714285714285714,32.42857142857143,19.0,1
test,4,86986,125287,125287,130699,28,12,390,4.5,8,15,2,-1000.0,0,0.0,0.0,0.0,inf,0.0,0.0,0.0,0.0,0
train,4,86986,125287,125287,130699,29,12,385,4.25,7,15,2,600.585547611662,7,227.0,284.0,57.0,4.982456140350878,19.0,0.5714285714285714,32.42857142857143,19.0,1
test,4,86986,125287,125287,130699,29,12,385,4.25,7,15,2,-1000.0,0,0.0,0.0,0.0,inf,0.0,0.0,0.0,0.0,0
train,4,86986,125287,125287,130699,30,12,384,4.75,7,15,2,600.585547611662,7,227.0,284.0,57.0,4.982456140350878,19.0,0.5714285714285714,32.42857142857143,19.0,1
test,4,86986,125287,125287,130699,30,12,384,4.75,7,15,2,-1000.0,0,0.0,0.0,0.0,inf,0.0,0.0,0.0,0.0,0
train,4,86986,125287,125287,130699,31,12,384,4.5,8,15,2,600.585547611662,7,227.0,284.0,57.0,4.982456140350878,19.0,0.5714285714285714,32.42857142857143,19.0,1
test,4,86986,125287,125287,130699,31,12,384,4.5,8,15,2,-1000.0,0,0.0,0.0,0.0,inf,0.0,0.0,0.0,0.0,0
train,4,86986,125287,125287,130699,32,12,388,4.5,8,15,2,600.585547611662,7,227.0,284.0,57.0,4.982456140350878,19.0,0.5714285714285714,32.42857142857143,19.0,1
test,4,86986,125287,125287,130699,32,12,388,4.5,8,15,2,-1000.0,0,0.0,0.0,0.0,inf,0.0,0.0,0.0,0.0,0
train,4,86986,125287,125287,130699,33,12,384,4.75,7,15,2,600.585547611662,7,227.0,284.0,57.0,4.982456140350878,19.0,0.5714285714285714,32.42857142857143,19.0,1
test,4,86986,125287,125287,130699,33,12,384,4.75,7,15,2,-1000.0,0,0.0,0.0,0.0,inf,0.0,0.0,0.0,0.0,0
train,4,86986,125287,125287,130699,34,12,418,4.75,8,15,2,600.585547611662,7,227.0,284.0,57.0,4.982456140350878,19.0,0.5714285714285714,32.42857142857143,19.0,1
test,4,86986,125287,125287,130699,34,12,418,4.75,8,15,2,-1000.0,0,0.0,0.0,0.0,inf,0.0,0.0,0.0,0.0,0
train,4,86986,125287,125287,130699,35,12,384,3.5,8,15,2,600.585547611662,7,227.0,284.0,57.0,4.982456140350878,19.0,0.5714285714285714,32.42857142857143,19.0,1
test,4,86986,125287,125287,130699,35,12,384,3.5,8,15,2,-1000.0,0,0.0,0.0,0.0,inf,0.0,0.0,0.0,0.0,0
train,4,86986,125287,125287,130699,36,12,380,4.75,8,15,2,600.585547611662,7,227.0,284.0,57.0,4.982456140350878,19.0,0.5714285714285714,32.42857142857143,19.0,1
test,4,86986,125287,125287,130699,36,12,380,4.75,8,15,2,-1000.0,0,0.0,0.0,0.0,inf,0.0,0.0,0.0,0.0,0
train,4,86986,125287,125287,130699,37,13,375,4.25,8,15,2,600.585547611662,7,227.0,284.0,57.0,4.982456140350878,19.0,0.5714285714285714,32.42857142857143,19.0,1
test,4,86986,125287,125287,130699,37,13,375,4.25,8,15,2,-1000.0,0,0.0,0.0,0.0,inf,0.0,0.0,0.0,0.0,0
train,4,86986,125287,125287,130699,38,12,384,4.5,8,15,2,600.585547611662,7,227.0,284.0,57.0,4.982456140350878,19.0,0.5714285714285714,32.42857142857143,19.0,1
test,4,86986,125287,125287,130699,38,12,384,4.5,8,15,2,-1000.0,0,0.0,0.0,0.0,inf,0.0,0.0,0.0,0.0,0
train,4,86986,125287,125287,130699,39,12,403,4.25,8,15,2,600.585547611662,7,227.0,284.0,57.0,4.982456140350878,19.0,0.5714285714285714,32.42857142857143,19.0,1
test,4,86986,125287,125287,130699,39,12,403,4.25,8,15,2,-1000.0,0,0.0,0.0,0.0,inf,0.0,0.0,0.0,0.0,0
train,4,86986,125287,125287,130699,40,13,384,3.0,7,15,2,600.585547611662,7,227.0,284.0,57.0,4.982456140350878,19.0,0.5714285714285714,32.42857142857143,19.0,1
test,4,86986,125287,125287,130699,40,13,384,3.0,7,15,2,-1000.0,0,0.0,0.0,0.0,inf,0.0,0.0,0.0,0.0,0
train,4,86986,125287,125287,130699,41,12,384,4.25,8,15,2,600.585547611662,7,227.0,284.0,57.0,4.982456140350878,19.0,0.5714285714285714,32.42857142857143,19.0,1
test,4,86986,125287,125287,130699,41,12,384,4.25,8,15,2,-1000.0,0,0.0,0.0,0.0,inf,0.0,0.0,0.0,0.0,0
train,4,86986,125287,125287,130699,42,13,406,4.75,8,15,2,600.585547611662,7,227.0,284.0,57.0,4.982456140350878,19.0,0.5714285714285714,32.42857142857143,19.0,1
test,4,86986,125287,125287,130699,42,13,406,4.75,8,15,2,-1000.0,0,0.0,0.0,0.0,inf,0.0,0.0,0.0,0.0,0
train,4,86986,125287,125287,130699,43,12,384,4.5,7,15,2,600.585547611662,7,227.0,284.0,57.0,4.982456140350878,19.0,0.5714285714285714,32.42857142857143,19.0,1
test,4,86986,125287,125287,130699,43,12,384,4.5,7,15,2,-1000.0,0,0.0,0.0,0.0,inf,0.0,0.0,0.0,0.0,0
train,4,86986,125287,125287,130699,44,13,387,4.25,8,15,2,600.585547611662,7,227.0,284.0,57.0,4.982456140350878,19.0,0.5714285714285714,32.42857142857143,19.0,1
test,4,86986,125287,125287,130699,44,13,387,4.25,8,15,2,-1000.0,0,0.0,0.0,0.0,inf,0.0,0.0,0.0,0.0,0
train,4,86986,125287,125287,130699,45,12,395,4.5,8,15,2,600.585547611662,7,227.0,284.0,57.0,4.982456140350878,19.0,0.5714285714285714,32.42857142857143,19.0,1
test,4,86986,125287,125287,130699,45,12,395,4.5,8,15,2,-1000.0,0,0.0,0.0,0.0,inf,0.0,0.0,0.0,0.0,0
train,4,86986,125287,125287,130699,46,13,384,4.5,7,15,2,600.585547611662,7,227.0,284.0,57.0,4.982456140350878,19.0,0.5714285714285714,32.42857142857143,19.0,1
test,4,86986,125287,125287,130699,46,13,384,4.5,7,15,2,-1000.0,0,0.0,0.0,0.0,inf,0.0,0.0,0.0,0.0,0
train,4,86986,125287,125287,130699,47,12,384,4.25,8,15,2,600.585547611662,7,227.0,284.0,57.0,4.982456140350878,19.0,0.5714285714285714,32.42857142857143,19.0,1
test,4,86986,125287,125287,130699,47,12,384,4.25,8,15,2,-1000.0,0,0.0,0.0,0.0,inf,0.0,0.0,0.0,0.0,0
train,4,86986,125287,125287,130699,48,13,384,4.5,8,15,2,600.585547611662,7,227.0,284.0,57.0,4.982456140350878,19.0,0.5714285714285714,32.42857142857143,19.0,1
test,4,86986,125287,125287,130699,48,13,384,4.5,8,15,2,-1000.0,0,0.0,0.0,0.0,inf,0.0,0.0,0.0,0.0,0
train,4,86986,125287,125287,130699,49,12,384,4.0,8,15,2,600.585547611662,7,227.0,284.0,57.0,4.982456140350878,19.0,0.5714285714285714,32.42857142857143,19.0,1
test,4,86986,125287,125287,130699,49,12,384,4.0,8,15,2,-1000.0,0,0.0,0.0,0.0,inf,0.0,0.0,0.0,0.0,0
train,4,86986,125287,125287,130699,50,12,387,4.75,8,15,2,600.585547611662,7,227.0,284.0,57.0,4.982456140350878,19.0,0.5714285714285714,32.42857142857143,19.0,1
test,4,86986,125287,125287,130699,50,12,387,4.75,8,15,2,-1000.0,0,0.0,0.0,0.0,inf,0.0,0.0,0.0,0.0,0
train,4,86986,125287,125287,130699,51,12,353,3.0,8,15,2,600.585547611662,7,227.0,284.0,57.0,4.982456140350878,19.0,0.5714285714285714,32.42857142857143,19.0,1
test,4,86986,125287,125287,130699,51,12,353,3.0,8,15,2,-1000.0,0,0.0,0.0,0.0,inf,0.0,0.0,0.0,0.0,0
train,4,86986,125287,125287,130699,52,13,384,4.75,8,15,2,600.585547611662,7,227.0,284.0,57.0,4.982456140350878,19.0,0.5714285714285714,32.42857142857143,19.0,1
test,4,86986,125287,125287,130699,52,13,384,4.75,8,15,2,-1000.0,0,0.0,0.0,0.0,inf,0.0,0.0,0.0,0.0,0
train,4,86986,125287,125287,130699,53,12,403,4.75,8,15,2,600.585547611662,7,227.0,284.0,57.0,4.982456140350878,19.0,0.5714285714285714,32.42857142857143,19.0,1
test,4,86986,125287,125287,130699,53,12,403,4.75,8,15,2,-1000.0,0,0.0,0.0,0.0,inf,0.0,0.0,0.0,0.0,0
train,4,86986,125287,125287,130699,54,13,403,4.0,8,15,2,600.585547611662,7,227.0,284.0,57.0,4.982456140350878,19.0,0.5714285714285714,32.42857142857143,19.0,1
test,4,86986,125287,125287,130699,54,13,403,4.0,8,15,2,-1000.0,0,0.0,0.0,0.0,inf,0.0,0.0,0.0,0.0,0
train,4,86986,125287,125287,130699,55,13,403,3.0,8,15,2,600.585547611662,7,227.0,284.0,57.0,4.982456140350878,19.0,0.5714285714285714,32.42857142857143,19.0,1
test,4,86986,125287,125287,130699,55,13,403,3.0,8,15,2,-1000.0,0,0.0,0.0,0.0,inf,0.0,0.0,0.0,0.0,0
train,4,86986,125287,125287,130699,56,12,403,4.25,8,15,2,600.585547611662,7,227.0,284.0,57.0,4.982456140350878,19.0,0.5714285714285714,32.42857142857143,19.0,1
test,4,86986,125287,125287,130699,56,12,403,4.25,8,15,2,-1000.0,0,0.0,0.0,0.0,inf,0.0,0.0,0.0,0.0,0
train,4,86986,125287,125287,130699,57,12,406,4.75,7,15,2,600.585547611662,7,227.0,284.0,57.0,4.982456140350878,19.0,0.5714285714285714,32.42857142857143,19.0,1
test,4,86986,125287,125287,130699,57,12,406,4.75,7,15,2,-1000.0,0,0.0,0.0,0.0,inf,0.0,0.0,0.0,0.0,0
train,4,86986,125287,125287,130699,58,13,411,4.75,8,15,2,600.585547611662,7,227.0,284.0,57.0,4.982456140350878,19.0,0.5714285714285714,32.42857142857143,19.0,1
test,4,86986,125287,125287,130699,58,13,411,4.75,8,15,2,-1000.0,0,0.0,0.0,0.0,inf,0.0,0.0,0.0,0.0,0
train,4,86986,125287,125287,130699,59,13,393,3.0,8,15,2,600.585547611662,7,227.0,284.0,57.0,4.982456140350878,19.0,0.5714285714285714,32.42857142857143,19.0,1
test,4,86986,125287,125287,130699,59,13,393,3.0,8,15,2,-1000.0,0,0.0,0.0,0.0,inf,0.0,0.0,0.0,0.0,0
train,4,86986,125287,125287,130699,60,13,403,3.0,8,15,2,600.585547611662,7,227.0,284.0,57.0,4.982456140350878,19.0,0.5714285714285714,32.42857142857143,19.0,1
test,4,86986,125287,125287,130699,60,13,403,3.0,8,15,2,-1000.0,0,0.0,0.0,0.0,inf,0.0,0.0,0.0,0.0,0
train,4,86986,125287,125287,130699,61,13,403,3.0,8,15,2,600.585547611662,7,227.0,284.0,57.0,4.982456140350878,19.0,0.5714285714285714,32.42857142857143,19.0,1
test,4,86986,125287,125287,130699,61,13,403,3.0,8,15,2,-1000.0,0,0.0,0.0,0.0,inf,0.0,0.0,0.0,0.0,0
train,4,86986,125287,125287,130699,62,13,397,3.0,7,15,2,600.585547611662,7,227.0,284.0,57.0,4.982456140350878,19.0,0.5714285714285714,32.42857142857143,19.0,1
test,4,86986,125287,125287,130699,62,13,397,3.0,7,15,2,-1000.0,0,0.0,0.0,0.0,inf,0.0,0.0,0.0,0.0,0
train,4,86986,125287,125287,130699,63,13,427,4.75,8,15,2,600.585547611662,7,227.0,284.0,57.0,4.982456140350878,19.0,0.5714285714285714,32.42857142857143,19.0,1
test,4,86986,125287,125287,130699,63,13,427,4.75,8,15,2,-1000.0,0,0.0,0.0,0.0,inf,0.0,0.0,0.0,0.0,0
train,4,86986,125287,125287,130699,64,12,403,4.75,8,15,2,600.585547611662,7,227.0,284.0,57.0,4.982456140350878,19.0,0.5714285714285714,32.42857142857143,19.0,1
test,4,86986,125287,125287,130699,64,12,403,4.75,8,15,2,-1000.0,0,0.0,0.0,0.0,inf,0.0,0.0,0.0,0.0,0
train,4,86986,125287,125287,130699,65,12,388,4.25,7,15,2,600.585547611662,7,227.0,284.0,57.0,4.982456140350878,19.0,0.5714285714285714,32.42857142857143,19.0,1
test,4,86986,125287,125287,130699,65,12,388,4.25,7,15,2,-1000.0,0,0.0,0.0,0.0,inf,0.0,0.0,0.0,0.0,0
train,4,86986,125287,125287,130699,66,13,427,4.25,8,15,2,600.585547611662,7,227.0,284.0,57.0,4.982456140350878,19.0,0.5714285714285714,32.42857142857143,19.0,1
test,4,86986,125287,125287,130699,66,13,427,4.25,8,15,2,-1000.0,0,0.0,0.0,0.0,inf,0.0,0.0,0.0,0.0,0
train,4,86986,125287,125287,130699,67,12,384,4.5,7,15,2,600.585547611662,7,227.0,284.0,57.0,4.982456140350878,19.0,0.5714285714285714,32.42857142857143,19.0,1
test,4,86986,125287,125287,130699,67,12,384,4.5,7,15,2,-1000.0,0,0.0,0.0,0.0,inf,0.0,0.0,0.0,0.0,0
train,4,86986,125287,125287,130699,68,13,388,4.5,7,15,2,600.585547611662,7,227.0,284.0,57.0,4.982456140350878,19.0,0.5714285714285714,32.42857142857143,19.0,1
test,4,86986,125287,125287,130699,68,13,388,4.5,7,15,2,-1000.0,0,0.0,0.0,0.0,inf,0.0,0.0,0.0,0.0,0
train,4,86986,125287,125287,130699,69,13,384,3.0,7,15,2,600.585547611662,7,227.0,284.0,57.0,4.982456140350878,19.0,0.5714285714285714,32.42857142857143,19.0,1
test,4,86986,125287,125287,130699,69,13,384,3.0,7,15,2,-1000.0,0,0.0,0.0,0.0,inf,0.0,0.0,0.0,0.0,0
train,4,86986,125287,125287,130699,70,13,427,3.0,8,15,2,600.585547611662,7,227.0,284.0,57.0,4.982456140350878,19.0,0.5714285714285714,32.42857142857143,19.0,1
test,4,86986,125287,125287,130699,70,13,427,3.0,8,15,2,-1000.0,0,0.0,0.0,0.0,inf,0.0,0.0,0.0,0.0,0
train,4,86986,125287,125287,130699,71,12,427,4.25,7,15,2,600.585547611662,7,227.0,284.0,57.0,4.982456140350878,19.0,0.5714285714285714,32.42857142857143,19.0,1
test,4,86986,125287,125287,130699,71,12,427,4.25,7,15,2,-1000.0,0,0.0,0.0,0.0,inf,0.0,0.0,0.0,0.0,0
train,4,86986,125287,125287,130699,72,13,406,4.0,7,15,2,600.585547611662,7,227.0,284.0,57.0,4.982456140350878,19.0,0.5714285714285714,32.42857142857143,19.0,1
test,4,86986,125287,125287,130699,72,13,406,4.0,7,15,2,-1000.0,0,0.0,0.0,0.0,inf,0.0,0.0,0.0,0.0,0
train,4,86986,125287,125287,130699,73,12,427,4.75,7,15,2,600.585547611662,7,227.0,284.0,57.0,4.982456140350878,19.0,0.5714285714285714,32.42857142857143,19.0,1
test,4,86986,125287,125287,130699,73,12,427,4.75,7,15,2,-1000.0,0,0.0,0.0,0.0,inf,0.0,0.0,0.0,0.0,0
train,4,86986,125287,125287,130699,74,13,427,4.0,7,15,2,600.585547611662,7,227.0,284.0,57.0,4.982456140350878,19.0,0.5714285714285714,32.42857142857143,19.0,1
test,4,86986,125287,125287,130699,74,13,427,4.0,7,15,2,-1000.0,0,0.0,0.0,0.0,inf,0.0,0.0,0.0,0.0,0
train,4,86986,125287,125287,130699,75,13,388,3.0,8,15,2,600.585547611662,7,227.0,284.0,57.0,4.982456140350878,19.0,0.5714285714285714,32.42857142857143,19.0,1
test,4,86986,125287,125287,130699,75,13,388,3.0,8,15,2,-1000.0,0,0.0,0.0,0.0,inf,0.0,0.0,0.0,0.0,0
train,4,86986,125287,125287,130699,76,13,388,3.25,7,15,2,600.585547611662,7,227.0,284.0,57.0,4.982456140350878,19.0,0.5714285714285714,32.42857142857143,19.0,1
test,4,86986,125287,125287,130699,76,13,388,3.25,7,15,2,-1000.0,0,0.0,0.0,0.0,inf,0.0,0.0,0.0,0.0,0
train,4,86986,125287,125287,130699,77,13,427,4.75,7,15,2,600.585547611662,7,227.0,284.0,57.0,4.982456140350878,19.0,0.5714285714285714,32.42857142857143,19.0,1
test,4,86986,125287,125287,130699,77,13,427,4.75,7,15,2,-1000.0,0,0.0,0.0,0.0,inf,0.0,0.0,0.0,0.0,0
train,4,86986,125287,125287,130699,78,12,427,4.0,7,15,2,600.585547611662,7,227.0,284.0,57.0,4.982456140350878,19.0,0.5714285714285714,32.42857142857143,19.0,1
test,4,86986,125287,125287,130699,78,12,427,4.0,7,15,2,-1000.0,0,0.0,0.0,0.0,inf,0.0,0.0,0.0,0.0,0
train,4,86986,125287,125287,130699,79,13,427,4.25,7,15,2,600.585547611662,7,227.0,284.0,57.0,4.982456140350878,19.0,0.5714285714285714,32.42857142857143,19.0,1
test,4,86986,125287,125287,130699,79,13,427,4.25,7,15,2,-1000.0,0,0.0,0.0,0.0,inf,0.0,0.0,0.0,0.0,0
train,4,86986,125287,125287,130699,80,12,390,3.0,7,15,2,600.585547611662,7,227.0,284.0,57.0,4.982456140350878,19.0,0.5714285714285714,32.42857142857143,19.0,1
test,4,86986,125287,125287,130699,80,12,390,3.0,7,15,2,-1000.0,0,0.0,0.0,0.0,inf,0.0,0.0,0.0,0.0,0
train,4,86986,125287,125287,130699,81,13,403,4.0,8,15,2,600.585547611662,7,227.0,284.0,57.0,4.982456140350878,19.0,0.5714285714285714,32.42857142857143,19.0,1
test,4,86986,125287,125287,130699,81,13,403,4.0,8,15,2,-1000.0,0,0.0,0.0,0.0,inf,0.0,0.0,0.0,0.0,0
train,4,86986,125287,125287,130699,82,13,364,4.5,7,15,2,600.585547611662,7,227.0,284.0,57.0,4.982456140350878,19.0,0.5714285714285714,32.42857142857143,19.0,1
test,4,86986,125287,125287,130699,82,13,364,4.5,7,15,2,-1000.0,0,0.0,0.0,0.0,inf,0.0,0.0,0.0,0.0,0
train,4,86986,125287,125287,130699,83,12,388,4.5,7,15,2,600.585547611662,7,227.0,284.0,57.0,4.982456140350878,19.0,0.5714285714285714,32.42857142857143,19.0,1
test,4,86986,125287,125287,130699,83,12,388,4.5,7,15,2,-1000.0,0,0.0,0.0,0.0,inf,0.0,0.0,0.0,0.0,0
train,4,86986,125287,125287,130699,84,12,427,3.0,8,15,2,600.585547611662,7,227.0,284.0,57.0,4.982456140350878,19.0,0.5714285714285714,32.42857142857143,19.0,1
test,4,86986,125287,125287,130699,84,12,427,3.0,8,15,2,-1000.0,0,0.0,0.0,0.0,inf,0.0,0.0,0.0,0.0,0
train,4,86986,125287,125287,130699,85,12,427,4.75,7,15,2,600.585547611662,7,227.0,284.0,57.0,4.982456140350878,19.0,0.5714285714285714,32.42857142857143,19.0,1
test,4,86986,125287,125287,130699,85,12,427,4.75,7,15,2,-1000.0,0,0.0,0.0,0.0,inf,0.0,0.0,0.0,0.0,0
train,4,86986,125287,125287,130699,86,12,427,4.5,7,15,2,600.585547611662,7,227.0,284.0,57.0,4.982456140350878,19.0,0.5714285714285714,32.42857142857143,19.0,1
test,4,86986,125287,125287,130699,86,12,427,4.5,7,15,2,-1000.0,0,0.0,0.0,0.0,inf,0.0,0.0,0.0,0.0,0
train,4,86986,125287,125287,130699,87,12,427,4.5,8,15,2,600.585547611662,7,227.0,284.0,57.0,4.982456140350878,19.0,0.5714285714285714,32.42857142857143,19.0,1
test,4,86986,125287,125287,130699,87,12,427,4.5,8,15,2,-1000.0,0,0.0,0.0,0.0,inf,0.0,0.0,0.0,0.0,0
train,4,86986,125287,125287,130699,88,12,403,4.75,7,15,2,600.585547611662,7,227.0,284.0,57.0,4.982456140350878,19.0,0.5714285714285714,32.42857142857143,19.0,1
test,4,86986,125287,125287,130699,88,12,403,4.75,7,15,2,-1000.0,0,0.0,0.0,0.0,inf,0.0,0.0,0.0,0.0,0
train,4,86986,125287,125287,130699,89,12,427,4.0,8,15,2,600.585547611662,7,227.0,284.0,57.0,4.982456140350878,19.0,0.5714285714285714,32.42857142857143,19.0,1
test,4,86986,125287,125287,130699,89,12,427,4.0,8,15,2,-1000.0,0,0.0,0.0,0.0,inf,0.0,0.0,0.0,0.0,0
train,4,86986,125287,125287,130699,90,12,372,4.25,7,15,2,600.585547611662,7,227.0,284.0,57.0,4.982456140350878,19.0,0.5714285714285714,32.42857142857143,19.0,1
test,4,86986,125287,125287,130699,90,12,372,4.25,7,15,2,-1000.0,0,0.0,0.0,0.0,inf,0.0,0.0,0.0,0.0,0
train,4,86986,125287,125287,130699,91,12,386,4.25,7,15,2,600.585547611662,7,227.0,284.0,57.0,4.982456140350878,19.0,0.5714285714285714,32.42857142857143,19.0,1
test,4,86986,125287,125287,130699,91,12,386,4.25,7,15,2,-1000.0,0,0.0,0.0,0.0,inf,0.0,0.0,0.0,0.0,0
train,4,86986,125287,125287,130699,92,12,403,3.5,7,15,2,600.585547611662,7,227.0,284.0,57.0,4.982456140350878,19.0,0.5714285714285714,32.42857142857143,19.0,1
test,4,86986,125287,125287,130699,92,12,403,3.5,7,15,2,-1000.0,0,0.0,0.0,0.0,inf,0.0,0.0,0.0,0.0,0
train,4,86986,125287,125287,130699,93,12,427,3.5,8,15,2,600.585547611662,7,227.0,284.0,57.0,4.982456140350878,19.0,0.5714285714285714,32.42857142857143,19.0,1
test,4,86986,125287,125287,130699,93,12,427,3.5,8,15,2,-1000.0,0,0.0,0.0,0.0,inf,0.0,0.0,0.0,0.0,0
train,4,86986,125287,125287,130699,94,12,427,3.5,8,15,2,600.585547611662,7,227.0,284.0,57.0,4.982456140350878,19.0,0.5714285714285714,32.42857142857143,19.0,1
test,4,86986,125287,125287,130699,94,12,427,3.5,8,15,2,-1000.0,0,0.0,0.0,0.0,inf,0.0,0.0,0.0,0.0,0
train,4,86986,125287,125287,130699,95,12,424,4.75,7,15,2,600.585547611662,7,227.0,284.0,57.0,4.982456140350878,19.0,0.5714285714285714,32.42857142857143,19.0,1
test,4,86986,125287,125287,130699,95,12,424,4.75,7,15,2,-1000.0,0,0.0,0.0,0.0,inf,0.0,0.0,0.0,0.0,0
train,4,86986,125287,125287,130699,96,12,427,3.75,7,15,2,600.585547611662,7,227.0,284.0,57.0,4.982456140350878,19.0,0.5714285714285714,32.42857142857143,19.0,1
test,4,86986,125287,125287,130699,96,12,427,3.75,7,15,2,-1000.0,0,0.0,0.0,0.0,inf,0.0,0.0,0.0,0.0,0
train,4,86986,125287,125287,130699,97,12,403,4.75,7,15,2,600.585547611662,7,227.0,284.0,57.0,4.982456140350878,19.0,0.5714285714285714,32.42857142857143,19.0,1
test,4,86986,125287,125287,130699,97,12,403,4.75,7,15,2,-1000.0,0,0.0,0.0,0.0,inf,0.0,0.0,0.0,0.0,0
train,4,86986,125287,125287,130699,98,12,403,4.25,8,15,2,600.585547611662,7,227.0,284.0,57.0,4.982456140350878,19.0,0.5714285714285714,32.42857142857143,19.0,1
test,4,86986,125287,125287,130699,98,12,403,4.25,8,15,2,-1000.0,0,0.0,0.0,0.0,inf,0.0,0.0,0.0,0.0,0
train,4,86986,125287,125287,130699,99,12,411,4.25,7,15,2,600.585547611662,7,227.0,284.0,57.0,4.982456140350878,19.0,0.5714285714285714,32.42857142857143,19.0,1
test,4,86986,125287,125287,130699,99,12,411,4.25,7,15,2,-1000.0,0,0.0,0.0,0.0,inf,0.0,0.0,0.0,0.0,0
train,4,86986,125287,125287,130699,100,12,403,4.0,8,15,2,600.585547611662,7,227.0,284.0,57.0,4.982456140350878,19.0,0.5714285714285714,32.42857142857143,19.0,1
test,4,86986,125287,125287,130699,100,12,403,4.0,8,15,2,-1000.0,0,0.0,0.0,0.0,inf,0.0,0.0,0.0,0.0,0
