dataset_type,window_id,train_start,train_end,test_start,test_end,generation,min_impulse_candles,max_duration_ms,diagonal_imbalance_ratio_threshold,min_imbalance_count,take_profit_ticks,stop_loss_ticks,fitness,number_of_trades,net_profit,gross_profit,gross_loss,profit_factor,max_drawdown,win_rate,expectancy,biggest_loss,longest_losing_streak
train,1,0,22406,22406,53560,0,5,863,5.25,5,14,8,-107.23753488815792,11,-194.0,198.0,392.0,0.5051020408163265,294.0,0.2727272727272727,-17.636363636363637,49.0,6
test,1,0,22406,22406,53560,0,5,863,5.25,5,14,8,-350.0,25,-420.0,462.0,882.0,0.5238095238095238,520.0,0.28,-16.8,49.0,6
train,1,0,22406,22406,53560,1,7,3360,4.25,7,19,8,-58.696784409369485,5,-105.0,91.0,196.0,0.4642857142857143,196.0,0.2,-21.0,49.0,4
test,1,0,22406,22406,53560,1,7,3360,4.25,7,19,8,-165.41666141897556,11,-399.0,91.0,490.0,0.18571428571428572,399.0,0.09090909090909091,-36.27272727272727,49.0,8
train,1,0,22406,22406,53560,2,8,881,7.0,5,14,4,-27.95084971874737,5,-50.0,66.0,116.0,0.5689655172413793,116.0,0.2,-10.0,29.0,4
test,1,0,22406,22406,53560,2,8,881,7.0,5,14,4,146.64696837416494,12,127.0,330.0,203.0,1.625615763546798,87.0,0.4166666666666667,10.583333333333334,29.0,3
train,1,0,22406,22406,53560,3,8,658,9.0,1,14,2,4.8074017006186525,13,8.0,198.0,190.0,1.0421052631578946,124.0,0.23076923076923078,0.6153846153846154,19.0,6
test,1,0,22406,22406,53560,3,8,658,9.0,1,14,2,-1.0606601717798212,18,-2.0,264.0,266.0,0.9924812030075187,162.0,0.2222222222222222,-0.1111111111111111,19.0,8
train,1,0,22406,22406,53560,4,9,872,9.0,1,14,4,19.595917942265423,6,16.0,132.0,116.0,1.1379310344827587,58.0,0.3333333333333333,2.6666666666666665,29.0,2
test,1,0,22406,22406,53560,4,9,872,9.0,1,14,4,-31.17691453623979,12,-63.0,198.0,261.0,0.7586206896551724,203.0,0.25,-5.25,29.0,7
train,1,0,22406,22406,53560,5,8,881,6.75,5,14,4,9.797958971132712,6,16.0,132.0,116.0,1.1379310344827587,116.0,0.3333333333333333,2.6666666666666665,29.0,4
test,1,0,22406,22406,53560,5,8,881,6.75,5,14,4,146.64696837416494,12,127.0,330.0,203.0,1.625615763546798,87.0,0.4166666666666667,10.583333333333334,29.0,3
train,1,0,22406,22406,53560,6,5,528,7.0,4,7,4,124.70765814495915,12,72.0,217.0,145.0,1.4965517241379311,85.0,0.5833333333333334,6.0,29.0,2
test,1,0,22406,22406,53560,6,5,528,7.0,4,7,4,-166.6352334304128,31,-419.0,248.0,667.0,0.37181409295352325,512.0,0.25806451612903225,-13.516129032258064,29.0,14
train,1,0,22406,22406,53560,7,9,528,7.0,1,14,4,100.62305898749054,5,45.0,132.0,87.0,1.5172413793103448,29.0,0.4,9.0,29.0,1
test,1,0,22406,22406,53560,7,9,528,7.0,1,14,4,18.0,9,24.0,198.0,174.0,1.1379310344827587,116.0,0.3333333333333333,2.6666666666666665,29.0,4
train,1,0,22406,22406,53560,8,9,644,9.0,1,14,2,167.70509831248424,5,75.0,132.0,57.0,2.3157894736842106,19.0,0.4,15.0,19.0,1
test,1,0,22406,22406,53560,8,9,644,9.0,1,14,2,25.427456726058065,11,46.0,198.0,152.0,1.3026315789473684,114.0,0.2727272727272727,4.181818181818182,19.0,6
train,1,0,22406,22406,53560,9,9,644,7.0,1,14,2,68.58571279792898,6,56.0,132.0,76.0,1.736842105263158,38.0,0.3333333333333333,9.333333333333334,19.0,2
test,1,0,22406,22406,53560,9,9,644,7.0,1,14,2,25.427456726058065,11,46.0,198.0,152.0,1.3026315789473684,114.0,0.2727272727272727,4.181818181818182,19.0,6
train,1,0,22406,22406,53560,10,9,528,7.0,1,14,4,100.62305898749054,5,45.0,132.0,87.0,1.5172413793103448,29.0,0.4,9.0,29.0,1
test,1,0,22406,22406,53560,10,9,528,7.0,1,14,4,18.0,9,24.0,198.0,174.0,1.1379310344827587,116.0,0.3333333333333333,2.6666666666666665,29.0,4
train,1,0,22406,22406,53560,11,9,528,6.5,1,14,4,100.62305898749054,5,45.0,132.0,87.0,1.5172413793103448,29.0,0.4,9.0,29.0,1
test,1,0,22406,22406,53560,11,9,528,6.5,1,14,4,18.0,9,24.0,198.0,174.0,1.1379310344827587,116.0,0.3333333333333333,2.6666666666666665,29.0,4
train,1,0,22406,22406,53560,12,9,528,6.75,1,14,2,167.70509831248424,5,75.0,132.0,57.0,2.3157894736842106,19.0,0.4,15.0,19.0,1
test,1,0,22406,22406,53560,12,9,528,6.75,1,14,2,63.0,9,84.0,198.0,114.0,1.736842105263158,76.0,0.3333333333333333,9.333333333333334,19.0,4
train,1,0,22406,22406,53560,13,8,222,6.75,5,15,2,40.41658075592243,6,66.0,142.0,76.0,1.868421052631579,76.0,0.3333333333333333,11.0,19.0,4
test,1,0,22406,22406,53560,13,8,222,6.75,5,15,2,-1000.0,3,-57.0,0.0,57.0,0.0,57.0,0.0,-19.0,19.0,3
train,1,0,22406,22406,53560,14,8,881,6.75,5,15,2,40.41658075592243,6,66.0,142.0,76.0,1.868421052631579,76.0,0.3333333333333333,11.0,19.0,4
test,1,0,22406,22406,53560,14,8,881,6.75,5,15,2,50.59644256269407,10,80.0,213.0,133.0,1.6015037593984962,95.0,0.3,8.0,19.0,5
train,1,0,22406,22406,53560,15,8,222,6.75,5,15,2,40.41658075592243,6,66.0,142.0,76.0,1.868421052631579,76.0,0.3333333333333333,11.0,19.0,4
test,1,0,22406,22406,53560,15,8,222,6.75,5,15,2,-1000.0,3,-57.0,0.0,57.0,0.0,57.0,0.0,-19.0,19.0,3
train,1,0,22406,22406,53560,16,8,222,6.75,5,15,2,40.41658075592243,6,66.0,142.0,76.0,1.868421052631579,76.0,0.3333333333333333,11.0,19.0,4
test,1,0,22406,22406,53560,16,8,222,6.75,5,15,2,-1000.0,3,-57.0,0.0,57.0,0.0,57.0,0.0,-19.0,19.0,3
train,1,0,22406,22406,53560,17,8,528,6.75,5,15,2,40.41658075592243,6,66.0,142.0,76.0,1.868421052631579,76.0,0.3333333333333333,11.0,19.0,4
test,1,0,22406,22406,53560,17,8,528,6.75,5,15,2,53.88877434122991,6,66.0,142.0,76.0,1.868421052631579,57.0,0.3333333333333333,11.0,19.0,3
train,1,0,22406,22406,53560,18,8,881,6.75,5,15,2,40.41658075592243,6,66.0,142.0,76.0,1.868421052631579,76.0,0.3333333333333333,11.0,19.0,4
test,1,0,22406,22406,53560,18,8,881,6.75,5,15,2,50.59644256269407,10,80.0,213.0,133.0,1.6015037593984962,95.0,0.3,8.0,19.0,5
train,1,0,22406,22406,53560,19,8,580,6.75,5,15,2,40.41658075592243,6,66.0,142.0,76.0,1.868421052631579,76.0,0.3333333333333333,11.0,19.0,4
test,1,0,22406,22406,53560,19,8,580,6.75,5,15,2,111.25146690668349,8,118.0,213.0,95.0,2.2421052631578946,57.0,0.375,14.75,19.0,3
train,1,0,22406,22406,53560,20,8,916,6.75,5,15,2,40.41658075592243,6,66.0,142.0,76.0,1.868421052631579,76.0,0.3333333333333333,11.0,19.0,4
test,1,0,22406,22406,53560,20,8,916,6.75,5,15,2,33.71901870194657,11,61.0,213.0,152.0,1.4013157894736843,114.0,0.2727272727272727,5.545454545454546,19.0,6
train,1,0,22406,22406,53560,21,8,881,6.75,5,15,2,40.41658075592243,6,66.0,142.0,76.0,1.868421052631579,76.0,0.3333333333333333,11.0,19.0,4
test,1,0,22406,22406,53560,21,8,881,6.75,5,15,2,50.59644256269407,10,80.0,213.0,133.0,1.6015037593984962,95.0,0.3,8.0,19.0,5
train,1,0,22406,22406,53560,22,8,199,6.75,5,15,2,40.41658075592243,6,66.0,142.0,76.0,1.868421052631579,76.0,0.3333333333333333,11.0,19.0,4
test,1,0,22406,22406,53560,22,8,199,6.75,5,15,2,-1000.0,3,-57.0,0.0,57.0,0.0,57.0,0.0,-19.0,19.0,3
train,1,0,22406,22406,53560,23,8,528,6.5,5,15,2,40.41658075592243,6,66.0,142.0,76.0,1.868421052631579,76.0,0.3333333333333333,11.0,19.0,4
test,1,0,22406,22406,53560,23,8,528,6.5,5,15,2,53.88877434122991,6,66.0,142.0,76.0,1.868421052631579,57.0,0.3333333333333333,11.0,19.0,3
train,1,0,22406,22406,53560,24,8,222,6.75,5,15,2,40.41658075592243,6,66.0,142.0,76.0,1.868421052631579,76.0,0.3333333333333333,11.0,19.0,4
test,1,0,22406,22406,53560,24,8,222,6.75,5,15,2,-1000.0,3,-57.0,0.0,57.0,0.0,57.0,0.0,-19.0,19.0,3
train,1,0,22406,22406,53560,25,8,575,6.5,5,15,2,40.41658075592243,6,66.0,142.0,76.0,1.868421052631579,76.0,0.3333333333333333,11.0,19.0,4
test,1,0,22406,22406,53560,25,8,575,6.5,5,15,2,111.25146690668349,8,118.0,213.0,95.0,2.2421052631578946,57.0,0.375,14.75,19.0,3
train,1,0,22406,22406,53560,26,8,554,6.75,5,15,2,40.41658075592243,6,66.0,142.0,76.0,1.868421052631579,76.0,0.3333333333333333,11.0,19.0,4
test,1,0,22406,22406,53560,26,8,554,6.75,5,15,2,181.23396480792445,7,137.0,213.0,76.0,2.8026315789473686,38.0,0.42857142857142855,19.571428571428573,19.0,2
train,1,0,22406,22406,53560,27,8,961,6.5,5,15,2,40.41658075592243,6,66.0,142.0,76.0,1.868421052631579,76.0,0.3333333333333333,11.0,19.0,4
test,1,0,22406,22406,53560,27,8,961,6.5,5,15,2,11.846811333667393,13,23.0,213.0,190.0,1.1210526315789473,133.0,0.23076923076923078,1.7692307692307692,19.0,7
train,1,0,22406,22406,53560,28,8,222,6.5,5,15,2,40.41658075592243,6,66.0,142.0,76.0,1.868421052631579,76.0,0.3333333333333333,11.0,19.0,4
test,1,0,22406,22406,53560,28,8,222,6.5,5,15,2,-1000.0,3,-57.0,0.0,57.0,0.0,57.0,0.0,-19.0,19.0,3
train,1,0,22406,22406,53560,29,8,170,6.75,5,15,2,63.355259362494046,5,85.0,142.0,57.0,2.491228070175439,57.0,0.4,17.0,19.0,3
test,1,0,22406,22406,53560,29,8,170,6.75,5,15,2,-1000.0,3,-57.0,0.0,57.0,0.0,57.0,0.0,-19.0,19.0,3
train,1,0,22406,22406,53560,30,8,170,6.75,5,15,2,63.355259362494046,5,85.0,142.0,57.0,2.491228070175439,57.0,0.4,17.0,19.0,3
test,1,0,22406,22406,53560,30,8,170,6.75,5,15,2,-1000.0,3,-57.0,0.0,57.0,0.0,57.0,0.0,-19.0,19.0,3
train,1,0,22406,22406,53560,31,8,170,6.5,5,15,2,63.355259362494046,5,85.0,142.0,57.0,2.491228070175439,57.0,0.4,17.0,19.0,3
test,1,0,22406,22406,53560,31,8,170,6.5,5,15,2,-1000.0,3,-57.0,0.0,57.0,0.0,57.0,0.0,-19.0,19.0,3
train,1,0,22406,22406,53560,32,8,170,6.75,5,15,2,63.355259362494046,5,85.0,142.0,57.0,2.491228070175439,57.0,0.4,17.0,19.0,3
test,1,0,22406,22406,53560,32,8,170,6.75,5,15,2,-1000.0,3,-57.0,0.0,57.0,0.0,57.0,0.0,-19.0,19.0,3
train,1,0,22406,22406,53560,33,8,170,6.5,5,15,2,63.355259362494046,5,85.0,142.0,57.0,2.491228070175439,57.0,0.4,17.0,19.0,3
test,1,0,22406,22406,53560,33,8,170,6.5,5,15,2,-1000.0,3,-57.0,0.0,57.0,0.0,57.0,0.0,-19.0,19.0,3
train,1,0,22406,22406,53560,34,8,170,6.5,5,15,2,63.355259362494046,5,85.0,142.0,57.0,2.491228070175439,57.0,0.4,17.0,19.0,3
test,1,0,22406,22406,53560,34,8,170,6.5,5,15,2,-1000.0,3,-57.0,0.0,57.0,0.0,57.0,0.0,-19.0,19.0,3
train,1,0,22406,22406,53560,35,8,170,6.5,5,15,2,63.355259362494046,5,85.0,142.0,57.0,2.491228070175439,57.0,0.4,17.0,19.0,3
test,1,0,22406,22406,53560,35,8,170,6.5,5,15,2,-1000.0,3,-57.0,0.0,57.0,0.0,57.0,0.0,-19.0,19.0,3
train,1,0,22406,22406,53560,36,8,175,6.75,5,15,2,63.355259362494046,5,85.0,142.0,57.0,2.491228070175439,57.0,0.4,17.0,19.0,3
test,1,0,22406,22406,53560,36,8,175,6.75,5,15,2,-1000.0,3,-57.0,0.0,57.0,0.0,57.0,0.0,-19.0,19.0,3
train,1,0,22406,22406,53560,37,8,170,6.75,5,15,2,63.355259362494046,5,85.0,142.0,57.0,2.491228070175439,57.0,0.4,17.0,19.0,3
test,1,0,22406,22406,53560,37,8,170,6.75,5,15,2,-1000.0,3,-57.0,0.0,57.0,0.0,57.0,0.0,-19.0,19.0,3
train,1,0,22406,22406,53560,38,8,170,6.25,5,15,2,63.355259362494046,5,85.0,142.0,57.0,2.491228070175439,57.0,0.4,17.0,19.0,3
test,1,0,22406,22406,53560,38,8,170,6.25,5,15,2,-1000.0,3,-57.0,0.0,57.0,0.0,57.0,0.0,-19.0,19.0,3
train,1,0,22406,22406,53560,39,8,170,6.5,5,15,2,63.355259362494046,5,85.0,142.0,57.0,2.491228070175439,57.0,0.4,17.0,19.0,3
test,1,0,22406,22406,53560,39,8,170,6.5,5,15,2,-1000.0,3,-57.0,0.0,57.0,0.0,57.0,0.0,-19.0,19.0,3
train,1,0,22406,22406,53560,40,8,170,6.25,5,15,2,63.355259362494046,5,85.0,142.0,57.0,2.491228070175439,57.0,0.4,17.0,19.0,3
test,1,0,22406,22406,53560,40,8,170,6.25,5,15,2,-1000.0,3,-57.0,0.0,57.0,0.0,57.0,0.0,-19.0,19.0,3
train,1,0,22406,22406,53560,41,8,145,6.75,5,15,2,63.355259362494046,5,85.0,142.0,57.0,2.491228070175439,57.0,0.4,17.0,19.0,3
test,1,0,22406,22406,53560,41,8,145,6.75,5,15,2,-1000.0,3,-57.0,0.0,57.0,0.0,57.0,0.0,-19.0,19.0,3
train,1,0,22406,22406,53560,42,8,170,6.75,5,15,2,63.355259362494046,5,85.0,142.0,57.0,2.491228070175439,57.0,0.4,17.0,19.0,3
test,1,0,22406,22406,53560,42,8,170,6.75,5,15,2,-1000.0,3,-57.0,0.0,57.0,0.0,57.0,0.0,-19.0,19.0,3
train,1,0,22406,22406,53560,43,8,170,6.5,5,15,2,63.355259362494046,5,85.0,142.0,57.0,2.491228070175439,57.0,0.4,17.0,19.0,3
test,1,0,22406,22406,53560,43,8,170,6.5,5,15,2,-1000.0,3,-57.0,0.0,57.0,0.0,57.0,0.0,-19.0,19.0,3
train,1,0,22406,22406,53560,44,8,170,6.25,5,15,2,63.355259362494046,5,85.0,142.0,57.0,2.491228070175439,57.0,0.4,17.0,19.0,3
test,1,0,22406,22406,53560,44,8,170,6.25,5,15,2,-1000.0,3,-57.0,0.0,57.0,0.0,57.0,0.0,-19.0,19.0,3
train,1,0,22406,22406,53560,45,8,170,6.25,5,15,2,63.355259362494046,5,85.0,142.0,57.0,2.491228070175439,57.0,0.4,17.0,19.0,3
test,1,0,22406,22406,53560,45,8,170,6.25,5,15,2,-1000.0,3,-57.0,0.0,57.0,0.0,57.0,0.0,-19.0,19.0,3
train,1,0,22406,22406,53560,46,8,145,6.25,5,15,2,63.355259362494046,5,85.0,142.0,57.0,2.491228070175439,57.0,0.4,17.0,19.0,3
test,1,0,22406,22406,53560,46,8,145,6.25,5,15,2,-1000.0,3,-57.0,0.0,57.0,0.0,57.0,0.0,-19.0,19.0,3
train,1,0,22406,22406,53560,47,8,185,6.25,5,15,2,63.355259362494046,5,85.0,142.0,57.0,2.491228070175439,57.0,0.4,17.0,19.0,3
test,1,0,22406,22406,53560,47,8,185,6.25,5,15,2,-1000.0,3,-57.0,0.0,57.0,0.0,57.0,0.0,-19.0,19.0,3
train,1,0,22406,22406,53560,48,8,145,6.5,5,15,2,63.355259362494046,5,85.0,142.0,57.0,2.491228070175439,57.0,0.4,17.0,19.0,3
test,1,0,22406,22406,53560,48,8,145,6.5,5,15,2,-1000.0,3,-57.0,0.0,57.0,0.0,57.0,0.0,-19.0,19.0,3
train,1,0,22406,22406,53560,49,8,145,6.25,5,15,2,63.355259362494046,5,85.0,142.0,57.0,2.491228070175439,57.0,0.4,17.0,19.0,3
test,1,0,22406,22406,53560,49,8,145,6.25,5,15,2,-1000.0,3,-57.0,0.0,57.0,0.0,57.0,0.0,-19.0,19.0,3
train,1,0,22406,22406,53560,50,8,158,6.25,5,15,2,63.355259362494046,5,85.0,142.0,57.0,2.491228070175439,57.0,0.4,17.0,19.0,3
test,1,0,22406,22406,53560,50,8,158,6.25,5,15,2,-1000.0,3,-57.0,0.0,57.0,0.0,57.0,0.0,-19.0,19.0,3
train,1,0,22406,22406,53560,51,8,175,6.0,5,15,2,63.355259362494046,5,85.0,142.0,57.0,2.491228070175439,57.0,0.4,17.0,19.0,3
test,1,0,22406,22406,53560,51,8,175,6.0,5,15,2,-1000.0,3,-57.0,0.0,57.0,0.0,57.0,0.0,-19.0,19.0,3
train,1,0,22406,22406,53560,52,8,167,6.25,5,15,2,63.355259362494046,5,85.0,142.0,57.0,2.491228070175439,57.0,0.4,17.0,19.0,3
test,1,0,22406,22406,53560,52,8,167,6.25,5,15,2,-1000.0,3,-57.0,0.0,57.0,0.0,57.0,0.0,-19.0,19.0,3
train,1,0,22406,22406,53560,53,8,170,6.75,5,15,2,63.355259362494046,5,85.0,142.0,57.0,2.491228070175439,57.0,0.4,17.0,19.0,3
test,1,0,22406,22406,53560,53,8,170,6.75,5,15,2,-1000.0,3,-57.0,0.0,57.0,0.0,57.0,0.0,-19.0,19.0,3
train,1,0,22406,22406,53560,54,8,170,6.5,5,15,2,63.355259362494046,5,85.0,142.0,57.0,2.491228070175439,57.0,0.4,17.0,19.0,3
test,1,0,22406,22406,53560,54,8,170,6.5,5,15,2,-1000.0,3,-57.0,0.0,57.0,0.0,57.0,0.0,-19.0,19.0,3
train,1,0,22406,22406,53560,55,8,167,6.25,5,15,2,63.355259362494046,5,85.0,142.0,57.0,2.491228070175439,57.0,0.4,17.0,19.0,3
test,1,0,22406,22406,53560,55,8,167,6.25,5,15,2,-1000.0,3,-57.0,0.0,57.0,0.0,57.0,0.0,-19.0,19.0,3
train,1,0,22406,22406,53560,56,8,170,6.5,5,15,2,63.355259362494046,5,85.0,142.0,57.0,2.491228070175439,57.0,0.4,17.0,19.0,3
test,1,0,22406,22406,53560,56,8,170,6.5,5,15,2,-1000.0,3,-57.0,0.0,57.0,0.0,57.0,0.0,-19.0,19.0,3
train,1,0,22406,22406,53560,57,8,167,6.25,5,15,2,63.355259362494046,5,85.0,142.0,57.0,2.491228070175439,57.0,0.4,17.0,19.0,3
test,1,0,22406,22406,53560,57,8,167,6.25,5,15,2,-1000.0,3,-57.0,0.0,57.0,0.0,57.0,0.0,-19.0,19.0,3
train,1,0,22406,22406,53560,58,8,170,6.25,5,15,2,63.355259362494046,5,85.0,142.0,57.0,2.491228070175439,57.0,0.4,17.0,19.0,3
test,1,0,22406,22406,53560,58,8,170,6.25,5,15,2,-1000.0,3,-57.0,0.0,57.0,0.0,57.0,0.0,-19.0,19.0,3
train,1,0,22406,22406,53560,59,8,170,6.5,5,15,2,63.355259362494046,5,85.0,142.0,57.0,2.491228070175439,57.0,0.4,17.0,19.0,3
test,1,0,22406,22406,53560,59,8,170,6.5,5,15,2,-1000.0,3,-57.0,0.0,57.0,0.0,57.0,0.0,-19.0,19.0,3
train,1,0,22406,22406,53560,60,8,170,6.25,5,15,2,63.355259362494046,5,85.0,142.0,57.0,2.491228070175439,57.0,0.4,17.0,19.0,3
test,1,0,22406,22406,53560,60,8,170,6.25,5,15,2,-1000.0,3,-57.0,0.0,57.0,0.0,57.0,0.0,-19.0,19.0,3
train,1,0,22406,22406,53560,61,8,170,6.75,5,15,2,63.355259362494046,5,85.0,142.0,57.0,2.491228070175439,57.0,0.4,17.0,19.0,3
test,1,0,22406,22406,53560,61,8,170,6.75,5,15,2,-1000.0,3,-57.0,0.0,57.0,0.0,57.0,0.0,-19.0,19.0,3
train,1,0,22406,22406,53560,62,8,170,6.25,5,15,2,63.355259362494046,5,85.0,142.0,57.0,2.491228070175439,57.0,0.4,17.0,19.0,3
test,1,0,22406,22406,53560,62,8,170,6.25,5,15,2,-1000.0,3,-57.0,0.0,57.0,0.0,57.0,0.0,-19.0,19.0,3
train,1,0,22406,22406,53560,63,8,170,6.5,5,15,2,63.355259362494046,5,85.0,142.0,57.0,2.491228070175439,57.0,0.4,17.0,19.0,3
test,1,0,22406,22406,53560,63,8,170,6.5,5,15,2,-1000.0,3,-57.0,0.0,57.0,0.0,57.0,0.0,-19.0,19.0,3
train,1,0,22406,22406,53560,64,8,140,6.5,5,15,2,63.355259362494046,5,85.0,142.0,57.0,2.491228070175439,57.0,0.4,17.0,19.0,3
test,1,0,22406,22406,53560,64,8,140,6.5,5,15,2,-1000.0,3,-57.0,0.0,57.0,0.0,57.0,0.0,-19.0,19.0,3
train,1,0,22406,22406,53560,65,8,170,6.5,5,15,2,63.355259362494046,5,85.0,142.0,57.0,2.491228070175439,57.0,0.4,17.0,19.0,3
test,1,0,22406,22406,53560,65,8,170,6.5,5,15,2,-1000.0,3,-57.0,0.0,57.0,0.0,57.0,0.0,-19.0,19.0,3
train,1,0,22406,22406,53560,66,8,170,6.75,5,15,2,63.355259362494046,5,85.0,142.0,57.0,2.491228070175439,57.0,0.4,17.0,19.0,3
test,1,0,22406,22406,53560,66,8,170,6.75,5,15,2,-1000.0,3,-57.0,0.0,57.0,0.0,57.0,0.0,-19.0,19.0,3
train,1,0,22406,22406,53560,67,8,147,6.25,5,15,2,63.355259362494046,5,85.0,142.0,57.0,2.491228070175439,57.0,0.4,17.0,19.0,3
test,1,0,22406,22406,53560,67,8,147,6.25,5,15,2,-1000.0,3,-57.0,0.0,57.0,0.0,57.0,0.0,-19.0,19.0,3
train,1,0,22406,22406,53560,68,8,185,6.25,5,15,2,63.355259362494046,5,85.0,142.0,57.0,2.491228070175439,57.0,0.4,17.0,19.0,3
test,1,0,22406,22406,53560,68,8,185,6.25,5,15,2,-1000.0,3,-57.0,0.0,57.0,0.0,57.0,0.0,-19.0,19.0,3
train,1,0,22406,22406,53560,69,8,154,6.75,5,15,2,63.355259362494046,5,85.0,142.0,57.0,2.491228070175439,57.0,0.4,17.0,19.0,3
test,1,0,22406,22406,53560,69,8,154,6.75,5,15,2,-1000.0,3,-57.0,0.0,57.0,0.0,57.0,0.0,-19.0,19.0,3
train,1,0,22406,22406,53560,70,8,167,6.75,5,15,2,63.355259362494046,5,85.0,142.0,57.0,2.491228070175439,57.0,0.4,17.0,19.0,3
test,1,0,22406,22406,53560,70,8,167,6.75,5,15,2,-1000.0,3,-57.0,0.0,57.0,0.0,57.0,0.0,-19.0,19.0,3
train,1,0,22406,22406,53560,71,8,170,6.0,5,15,2,63.355259362494046,5,85.0,142.0,57.0,2.491228070175439,57.0,0.4,17.0,19.0,3
test,1,0,22406,22406,53560,71,8,170,6.0,5,15,2,-1000.0,3,-57.0,0.0,57.0,0.0,57.0,0.0,-19.0,19.0,3
train,1,0,22406,22406,53560,72,8,180,6.0,5,15,2,63.355259362494046,5,85.0,142.0,57.0,2.491228070175439,57.0,0.4,17.0,19.0,3
test,1,0,22406,22406,53560,72,8,180,6.0,5,15,2,-1000.0,3,-57.0,0.0,57.0,0.0,57.0,0.0,-19.0,19.0,3
train,1,0,22406,22406,53560,73,8,167,6.25,5,15,2,63.355259362494046,5,85.0,142.0,57.0,2.491228070175439,57.0,0.4,17.0,19.0,3
test,1,0,22406,22406,53560,73,8,167,6.25,5,15,2,-1000.0,3,-57.0,0.0,57.0,0.0,57.0,0.0,-19.0,19.0,3
train,1,0,22406,22406,53560,74,8,185,6.0,5,15,2,63.355259362494046,5,85.0,142.0,57.0,2.491228070175439,57.0,0.4,17.0,19.0,3
test,1,0,22406,22406,53560,74,8,185,6.0,5,15,2,-1000.0,3,-57.0,0.0,57.0,0.0,57.0,0.0,-19.0,19.0,3
train,1,0,22406,22406,53560,75,8,162,6.0,5,15,2,63.355259362494046,5,85.0,142.0,57.0,2.491228070175439,57.0,0.4,17.0,19.0,3
test,1,0,22406,22406,53560,75,8,162,6.0,5,15,2,-1000.0,3,-57.0,0.0,57.0,0.0,57.0,0.0,-19.0,19.0,3
train,1,0,22406,22406,53560,76,8,170,6.75,5,15,2,63.355259362494046,5,85.0,142.0,57.0,2.491228070175439,57.0,0.4,17.0,19.0,3
test,1,0,22406,22406,53560,76,8,170,6.75,5,15,2,-1000.0,3,-57.0,0.0,57.0,0.0,57.0,0.0,-19.0,19.0,3
train,1,0,22406,22406,53560,77,8,167,6.25,5,15,2,63.355259362494046,5,85.0,142.0,57.0,2.491228070175439,57.0,0.4,17.0,19.0,3
test,1,0,22406,22406,53560,77,8,167,6.25,5,15,2,-1000.0,3,-57.0,0.0,57.0,0.0,57.0,0.0,-19.0,19.0,3
train,1,0,22406,22406,53560,78,8,151,6.0,5,15,2,63.355259362494046,5,85.0,142.0,57.0,2.491228070175439,57.0,0.4,17.0,19.0,3
test,1,0,22406,22406,53560,78,8,151,6.0,5,15,2,-1000.0,3,-57.0,0.0,57.0,0.0,57.0,0.0,-19.0,19.0,3
train,1,0,22406,22406,53560,79,8,159,6.75,5,15,2,63.355259362494046,5,85.0,142.0,57.0,2.491228070175439,57.0,0.4,17.0,19.0,3
test,1,0,22406,22406,53560,79,8,159,6.75,5,15,2,-1000.0,3,-57.0,0.0,57.0,0.0,57.0,0.0,-19.0,19.0,3
train,1,0,22406,22406,53560,80,8,185,6.5,5,15,2,63.355259362494046,5,85.0,142.0,57.0,2.491228070175439,57.0,0.4,17.0,19.0,3
test,1,0,22406,22406,53560,80,8,185,6.5,5,15,2,-1000.0,3,-57.0,0.0,57.0,0.0,57.0,0.0,-19.0,19.0,3
train,1,0,22406,22406,53560,81,8,176,6.5,5,15,2,63.355259362494046,5,85.0,142.0,57.0,2.491228070175439,57.0,0.4,17.0,19.0,3
test,1,0,22406,22406,53560,81,8,176,6.5,5,15,2,-1000.0,3,-57.0,0.0,57.0,0.0,57.0,0.0,-19.0,19.0,3
train,1,0,22406,22406,53560,82,8,158,6.0,5,15,2,63.355259362494046,5,85.0,142.0,57.0,2.491228070175439,57.0,0.4,17.0,19.0,3
test,1,0,22406,22406,53560,82,8,158,6.0,5,15,2,-1000.0,3,-57.0,0.0,57.0,0.0,57.0,0.0,-19.0,19.0,3
train,1,0,22406,22406,53560,83,8,145,6.75,5,15,2,63.355259362494046,5,85.0,142.0,57.0,2.491228070175439,57.0,0.4,17.0,19.0,3
test,1,0,22406,22406,53560,83,8,145,6.75,5,15,2,-1000.0,3,-57.0,0.0,57.0,0.0,57.0,0.0,-19.0,19.0,3
train,1,0,22406,22406,53560,84,8,162,6.0,5,15,2,63.355259362494046,5,85.0,142.0,57.0,2.491228070175439,57.0,0.4,17.0,19.0,3
test,1,0,22406,22406,53560,84,8,162,6.0,5,15,2,-1000.0,3,-57.0,0.0,57.0,0.0,57.0,0.0,-19.0,19.0,3
train,1,0,22406,22406,53560,85,8,158,6.25,5,15,2,63.355259362494046,5,85.0,142.0,57.0,2.491228070175439,57.0,0.4,17.0,19.0,3
test,1,0,22406,22406,53560,85,8,158,6.25,5,15,2,-1000.0,3,-57.0,0.0,57.0,0.0,57.0,0.0,-19.0,19.0,3
train,1,0,22406,22406,53560,86,8,145,6.75,5,15,2,63.355259362494046,5,85.0,142.0,57.0,2.491228070175439,57.0,0.4,17.0,19.0,3
test,1,0,22406,22406,53560,86,8,145,6.75,5,15,2,-1000.0,3,-57.0,0.0,57.0,0.0,57.0,0.0,-19.0,19.0,3
train,1,0,22406,22406,53560,87,8,145,5.75,5,15,2,63.355259362494046,5,85.0,142.0,57.0,2.491228070175439,57.0,0.4,17.0,19.0,3
test,1,0,22406,22406,53560,87,8,145,5.75,5,15,2,-1000.0,3,-57.0,0.0,57.0,0.0,57.0,0.0,-19.0,19.0,3
train,1,0,22406,22406,53560,88,8,158,5.75,5,15,2,63.355259362494046,5,85.0,142.0,57.0,2.491228070175439,57.0,0.4,17.0,19.0,3
test,1,0,22406,22406,53560,88,8,158,5.75,5,15,2,-1000.0,3,-57.0,0.0,57.0,0.0,57.0,0.0,-19.0,19.0,3
train,1,0,22406,22406,53560,89,8,187,6.0,5,15,2,63.355259362494046,5,85.0,142.0,57.0,2.491228070175439,57.0,0.4,17.0,19.0,3
test,1,0,22406,22406,53560,89,8,187,6.0,5,15,2,-1000.0,3,-57.0,0.0,57.0,0.0,57.0,0.0,-19.0,19.0,3
train,1,0,22406,22406,53560,90,8,167,6.0,5,15,2,63.355259362494046,5,85.0,142.0,57.0,2.491228070175439,57.0,0.4,17.0,19.0,3
test,1,0,22406,22406,53560,90,8,167,6.0,5,15,2,-1000.0,3,-57.0,0.0,57.0,0.0,57.0,0.0,-19.0,19.0,3
train,1,0,22406,22406,53560,91,8,158,6.75,5,15,2,63.355259362494046,5,85.0,142.0,57.0,2.491228070175439,57.0,0.4,17.0,19.0,3
test,1,0,22406,22406,53560,91,8,158,6.75,5,15,2,-1000.0,3,-57.0,0.0,57.0,0.0,57.0,0.0,-19.0,19.0,3
train,1,0,22406,22406,53560,92,8,185,6.0,5,15,2,63.355259362494046,5,85.0,142.0,57.0,2.491228070175439,57.0,0.4,17.0,19.0,3
test,1,0,22406,22406,53560,92,8,185,6.0,5,15,2,-1000.0,3,-57.0,0.0,57.0,0.0,57.0,0.0,-19.0,19.0,3
train,1,0,22406,22406,53560,93,8,167,6.75,5,15,2,63.355259362494046,5,85.0,142.0,57.0,2.491228070175439,57.0,0.4,17.0,19.0,3
test,1,0,22406,22406,53560,93,8,167,6.75,5,15,2,-1000.0,3,-57.0,0.0,57.0,0.0,57.0,0.0,-19.0,19.0,3
train,1,0,22406,22406,53560,94,8,145,5.75,5,15,2,63.355259362494046,5,85.0,142.0,57.0,2.491228070175439,57.0,0.4,17.0,19.0,3
test,1,0,22406,22406,53560,94,8,145,5.75,5,15,2,-1000.0,3,-57.0,0.0,57.0,0.0,57.0,0.0,-19.0,19.0,3
train,1,0,22406,22406,53560,95,8,134,6.5,5,15,2,63.355259362494046,5,85.0,142.0,57.0,2.491228070175439,57.0,0.4,17.0,19.0,3
test,1,0,22406,22406,53560,95,8,134,6.5,5,15,2,-1000.0,3,-57.0,0.0,57.0,0.0,57.0,0.0,-19.0,19.0,3
train,1,0,22406,22406,53560,96,8,180,6.75,5,15,2,63.355259362494046,5,85.0,142.0,57.0,2.491228070175439,57.0,0.4,17.0,19.0,3
test,1,0,22406,22406,53560,96,8,180,6.75,5,15,2,-1000.0,3,-57.0,0.0,57.0,0.0,57.0,0.0,-19.0,19.0,3
train,1,0,22406,22406,53560,97,8,169,6.0,5,15,2,63.355259362494046,5,85.0,142.0,57.0,2.491228070175439,57.0,0.4,17.0,19.0,3
test,1,0,22406,22406,53560,97,8,169,6.0,5,15,2,-1000.0,3,-57.0,0.0,57.0,0.0,57.0,0.0,-19.0,19.0,3
train,1,0,22406,22406,53560,98,8,151,6.75,5,15,2,63.355259362494046,5,85.0,142.0,57.0,2.491228070175439,57.0,0.4,17.0,19.0,3
test,1,0,22406,22406,53560,98,8,151,6.75,5,15,2,-1000.0,3,-57.0,0.0,57.0,0.0,57.0,0.0,-19.0,19.0,3
train,1,0,22406,22406,53560,99,8,151,6.5,5,15,2,63.355259362494046,5,85.0,142.0,57.0,2.491228070175439,57.0,0.4,17.0,19.0,3
test,1,0,22406,22406,53560,99,8,151,6.5,5,15,2,-1000.0,3,-57.0,0.0,57.0,0.0,57.0,0.0,-19.0,19.0,3
train,1,0,22406,22406,53560,100,8,145,6.75,5,15,2,63.355259362494046,5,85.0,142.0,57.0,2.491228070175439,57.0,0.4,17.0,19.0,3
test,1,0,22406,22406,53560,100,8,145,6.75,5,15,2,-1000.0,3,-57.0,0.0,57.0,0.0,57.0,0.0,-19.0,19.0,3
train,2,22406,53560,53560,86986,0,13,1907,6.25,4,22,3,11.180339887498949,5,10.0,106.0,96.0,1.1041666666666667,48.0,0.2,2.0,24.0,2
test,2,22406,53560,53560,86986,0,13,1907,6.25,4,22,3,-1000.0,3,188.0,212.0,24.0,8.833333333333334,24.0,0.6666666666666666,62.666666666666664,24.0,1
train,2,22406,53560,53560,86986,1,13,3437,6.25,4,22,3,11.180339887498949,5,10.0,106.0,96.0,1.1041666666666667,48.0,0.2,2.0,24.0,2
test,2,22406,53560,53560,86986,1,13,3437,6.25,4,22,3,-1000.0,3,188.0,212.0,24.0,8.833333333333334,24.0,0.6666666666666666,62.666666666666664,24.0,1
train,2,22406,53560,53560,86986,2,8,2632,8.0,5,15,2,50.59644256269407,10,80.0,213.0,133.0,1.6015037593984962,95.0,0.3,8.0,19.0,5
test,2,22406,53560,53560,86986,2,8,2632,8.0,5,15,2,-35.42857142857143,16,-124.0,142.0,266.0,0.5338345864661654,266.0,0.125,-7.75,19.0,14
train,2,22406,53560,53560,86986,3,8,1198,7.25,3,20,4,46.079788831715696,19,74.0,480.0,406.0,1.1822660098522169,223.0,0.2631578947368421,3.8947368421052633,29.0,7
test,2,22406,53560,53560,86986,3,8,1198,7.25,3,20,4,-145.3624113167449,33,-582.0,288.0,870.0,0.3310344827586207,745.0,0.09090909090909091,-17.636363636363637,29.0,23
train,2,22406,53560,53560,86986,4,6,1367,7.0,5,23,5,97.28309205612247,14,104.0,444.0,340.0,1.3058823529411765,136.0,0.2857142857142857,7.428571428571429,34.0,4
test,2,22406,53560,53560,86986,4,6,1367,7.0,5,23,5,-96.98550149377999,19,-356.0,222.0,578.0,0.38408304498269896,544.0,0.10526315789473684,-18.736842105263158,34.0,16
train,2,22406,53560,53560,86986,5,6,1070,7.25,5,23,5,97.28309205612247,14,104.0,444.0,340.0,1.3058823529411765,136.0,0.2857142857142857,7.428571428571429,34.0,4
test,2,22406,53560,53560,86986,5,6,1070,7.25,5,23,5,-96.98550149377999,19,-356.0,222.0,578.0,0.38408304498269896,544.0,0.10526315789473684,-18.736842105263158,34.0,16
train,2,22406,53560,53560,86986,6,8,2469,9.5,5,15,5,67.90761698399116,7,77.0,213.0,136.0,1.5661764705882353,102.0,0.42857142857142855,11.0,34.0,3
test,2,22406,53560,53560,86986,6,8,2469,9.5,5,15,5,-76.04435417342232,13,-232.0,142.0,374.0,0.37967914438502676,374.0,0.15384615384615385,-17.846153846153847,34.0,11
train,2,22406,53560,53560,86986,7,8,1493,7.25,5,28,5,70.66767294881018,12,102.0,408.0,306.0,1.3333333333333333,170.0,0.25,8.5,34.0,5
test,2,22406,53560,53560,86986,7,8,1493,7.25,5,28,5,-112.14847301680037,17,-408.0,136.0,544.0,0.25,510.0,0.058823529411764705,-24.0,34.0,15
train,2,22406,53560,53560,86986,8,8,1493,9.5,5,15,5,67.90761698399116,7,77.0,213.0,136.0,1.5661764705882353,102.0,0.42857142857142855,11.0,34.0,3
test,2,22406,53560,53560,86986,8,8,1493,9.5,5,15,5,-68.58921197972754,12,-198.0,142.0,340.0,0.4176470588235294,340.0,0.16666666666666666,-16.5,34.0,10
train,2,22406,53560,53560,86986,9,8,1645,9.5,6,15,2,80.83316151184486,6,66.0,142.0,76.0,1.868421052631579,38.0,0.3333333333333333,11.0,19.0,2
test,2,22406,53560,53560,86986,9,8,1645,9.5,6,15,2,3.857142857142857,9,9.0,142.0,133.0,1.0676691729323309,133.0,0.2222222222222222,1.0,19.0,7
train,2,22406,53560,53560,86986,10,8,1645,9.5,6,15,2,80.83316151184486,6,66.0,142.0,76.0,1.868421052631579,38.0,0.3333333333333333,11.0,19.0,2
test,2,22406,53560,53560,86986,10,8,1645,9.5,6,15,2,3.857142857142857,9,9.0,142.0,133.0,1.0676691729323309,133.0,0.2222222222222222,1.0,19.0,7
train,2,22406,53560,53560,86986,11,8,1493,9.5,6,15,2,80.83316151184486,6,66.0,142.0,76.0,1.868421052631579,38.0,0.3333333333333333,11.0,19.0,2
test,2,22406,53560,53560,86986,11,8,1493,9.5,6,15,2,3.857142857142857,9,9.0,142.0,133.0,1.0676691729323309,133.0,0.2222222222222222,1.0,19.0,7
train,2,22406,53560,53560,86986,12,8,1645,9.5,6,15,2,80.83316151184486,6,66.0,142.0,76.0,1.868421052631579,38.0,0.3333333333333333,11.0,19.0,2
test,2,22406,53560,53560,86986,12,8,1645,9.5,6,15,2,3.857142857142857,9,9.0,142.0,133.0,1.0676691729323309,133.0,0.2222222222222222,1.0,19.0,7
train,2,22406,53560,53560,86986,13,12,1493,9.5,4,30,2,52.1749194749951,5,70.0,146.0,76.0,1.9210526315789473,57.0,0.2,14.0,19.0,3
test,2,22406,53560,53560,86986,13,12,1493,9.5,4,30,2,-1000.0,2,127.0,146.0,19.0,7.684210526315789,19.0,0.5,63.5,19.0,1
train,2,22406,53560,53560,86986,14,12,1206,6.5,3,30,2,52.1749194749951,5,70.0,146.0,76.0,1.9210526315789473,57.0,0.2,14.0,19.0,3
test,2,22406,53560,53560,86986,14,12,1206,6.5,3,30,2,-1000.0,2,127.0,146.0,19.0,7.684210526315789,19.0,0.5,63.5,19.0,1
train,2,22406,53560,53560,86986,15,12,1206,6.5,3,30,2,52.1749194749951,5,70.0,146.0,76.0,1.9210526315789473,57.0,0.2,14.0,19.0,3
test,2,22406,53560,53560,86986,15,12,1206,6.5,3,30,2,-1000.0,2,127.0,146.0,19.0,7.684210526315789,19.0,0.5,63.5,19.0,1
train,2,22406,53560,53560,86986,16,12,1645,7.5,5,30,2,52.1749194749951,5,70.0,146.0,76.0,1.9210526315789473,57.0,0.2,14.0,19.0,3
test,2,22406,53560,53560,86986,16,12,1645,7.5,5,30,2,-1000.0,2,127.0,146.0,19.0,7.684210526315789,19.0,0.5,63.5,19.0,1
train,2,22406,53560,53560,86986,17,12,1645,6.75,3,30,2,52.1749194749951,5,70.0,146.0,76.0,1.9210526315789473,57.0,0.2,14.0,19.0,3
test,2,22406,53560,53560,86986,17,12,1645,6.75,3,30,2,-1000.0,2,127.0,146.0,19.0,7.684210526315789,19.0,0.5,63.5,19.0,1
train,2,22406,53560,53560,86986,18,12,1493,7.5,5,30,2,52.1749194749951,5,70.0,146.0,76.0,1.9210526315789473,57.0,0.2,14.0,19.0,3
test,2,22406,53560,53560,86986,18,12,1493,7.5,5,30,2,-1000.0,2,127.0,146.0,19.0,7.684210526315789,19.0,0.5,63.5,19.0,1
train,2,22406,53560,53560,86986,19,12,1480,6.25,4,30,2,52.1749194749951,5,70.0,146.0,76.0,1.9210526315789473,57.0,0.2,14.0,19.0,3
test,2,22406,53560,53560,86986,19,12,1480,6.25,4,30,2,-1000.0,2,127.0,146.0,19.0,7.684210526315789,19.0,0.5,63.5,19.0,1
train,2,22406,53560,53560,86986,20,12,1367,7.0,2,30,2,52.1749194749951,5,70.0,146.0,76.0,1.9210526315789473,57.0,0.2,14.0,19.0,3
test,2,22406,53560,53560,86986,20,12,1367,7.0,2,30,2,-1000.0,2,127.0,146.0,19.0,7.684210526315789,19.0,0.5,63.5,19.0,1
train,2,22406,53560,53560,86986,21,12,1090,6.75,4,30,2,52.1749194749951,5,70.0,146.0,76.0,1.9210526315789473,57.0,0.2,14.0,19.0,3
test,2,22406,53560,53560,86986,21,12,1090,6.75,4,30,2,-1000.0,2,127.0,146.0,19.0,7.684210526315789,19.0,0.5,63.5,19.0,1
train,2,22406,53560,53560,86986,22,12,1493,6.25,5,30,2,52.1749194749951,5,70.0,146.0,76.0,1.9210526315789473,57.0,0.2,14.0,19.0,3
test,2,22406,53560,53560,86986,22,12,1493,6.25,5,30,2,-1000.0,2,127.0,146.0,19.0,7.684210526315789,19.0,0.5,63.5,19.0,1
train,2,22406,53560,53560,86986,23,12,1358,7.75,5,30,2,52.1749194749951,5,70.0,146.0,76.0,1.9210526315789473,57.0,0.2,14.0,19.0,3
test,2,22406,53560,53560,86986,23,12,1358,7.75,5,30,2,-1000.0,2,127.0,146.0,19.0,7.684210526315789,19.0,0.5,63.5,19.0,1
train,2,22406,53560,53560,86986,24,12,1480,6.25,2,30,2,52.1749194749951,5,70.0,146.0,76.0,1.9210526315789473,57.0,0.2,14.0,19.0,3
test,2,22406,53560,53560,86986,24,12,1480,6.25,2,30,2,-1000.0,2,127.0,146.0,19.0,7.684210526315789,19.0,0.5,63.5,19.0,1
train,2,22406,53560,53560,86986,25,12,1645,7.5,2,30,2,52.1749194749951,5,70.0,146.0,76.0,1.9210526315789473,57.0,0.2,14.0,19.0,3
test,2,22406,53560,53560,86986,25,12,1645,7.5,2,30,2,-1000.0,2,127.0,146.0,19.0,7.684210526315789,19.0,0.5,63.5,19.0,1
train,2,22406,53560,53560,86986,26,12,1198,7.5,2,30,2,52.1749194749951,5,70.0,146.0,76.0,1.9210526315789473,57.0,0.2,14.0,19.0,3
test,2,22406,53560,53560,86986,26,12,1198,7.5,2,30,2,-1000.0,2,127.0,146.0,19.0,7.684210526315789,19.0,0.5,63.5,19.0,1
train,2,22406,53560,53560,86986,27,12,1198,6.25,2,30,2,52.1749194749951,5,70.0,146.0,76.0,1.9210526315789473,57.0,0.2,14.0,19.0,3
test,2,22406,53560,53560,86986,27,12,1198,6.25,2,30,2,-1000.0,2,127.0,146.0,19.0,7.684210526315789,19.0,0.5,63.5,19.0,1
train,2,22406,53560,53560,86986,28,12,1496,7.5,3,30,2,52.1749194749951,5,70.0,146.0,76.0,1.9210526315789473,57.0,0.2,14.0,19.0,3
test,2,22406,53560,53560,86986,28,12,1496,7.5,3,30,2,-1000.0,2,127.0,146.0,19.0,7.684210526315789,19.0,0.5,63.5,19.0,1
train,2,22406,53560,53560,86986,29,12,1540,7.0,3,30,2,52.1749194749951,5,70.0,146.0,76.0,1.9210526315789473,57.0,0.2,14.0,19.0,3
test,2,22406,53560,53560,86986,29,12,1540,7.0,3,30,2,-1000.0,2,127.0,146.0,19.0,7.684210526315789,19.0,0.5,63.5,19.0,1
train,2,22406,53560,53560,86986,30,12,1645,7.5,5,30,2,52.1749194749951,5,70.0,146.0,76.0,1.9210526315789473,57.0,0.2,14.0,19.0,3
test,2,22406,53560,53560,86986,30,12,1645,7.5,5,30,2,-1000.0,2,127.0,146.0,19.0,7.684210526315789,19.0,0.5,63.5,19.0,1
train,2,22406,53560,53560,86986,31,12,1645,6.25,4,30,2,52.1749194749951,5,70.0,146.0,76.0,1.9210526315789473,57.0,0.2,14.0,19.0,3
test,2,22406,53560,53560,86986,31,12,1645,6.25,4,30,2,-1000.0,2,127.0,146.0,19.0,7.684210526315789,19.0,0.5,63.5,19.0,1
train,2,22406,53560,53560,86986,32,12,1557,7.0,5,30,2,52.1749194749951,5,70.0,146.0,76.0,1.9210526315789473,57.0,0.2,14.0,19.0,3
test,2,22406,53560,53560,86986,32,12,1557,7.0,5,30,2,-1000.0,2,127.0,146.0,19.0,7.684210526315789,19.0,0.5,63.5,19.0,1
train,2,22406,53560,53560,86986,33,12,1557,7.5,2,30,2,52.1749194749951,5,70.0,146.0,76.0,1.9210526315789473,57.0,0.2,14.0,19.0,3
test,2,22406,53560,53560,86986,33,12,1557,7.5,2,30,2,-1000.0,2,127.0,146.0,19.0,7.684210526315789,19.0,0.5,63.5,19.0,1
train,2,22406,53560,53560,86986,34,12,1376,6.0,4,30,2,52.1749194749951,5,70.0,146.0,76.0,1.9210526315789473,57.0,0.2,14.0,19.0,3
test,2,22406,53560,53560,86986,34,12,1376,6.0,4,30,2,-1000.0,2,127.0,146.0,19.0,7.684210526315789,19.0,0.5,63.5,19.0,1
train,2,22406,53560,53560,86986,35,12,1645,6.5,5,30,2,52.1749194749951,5,70.0,146.0,76.0,1.9210526315789473,57.0,0.2,14.0,19.0,3
test,2,22406,53560,53560,86986,35,12,1645,6.5,5,30,2,-1000.0,2,127.0,146.0,19.0,7.684210526315789,19.0,0.5,63.5,19.0,1
train,2,22406,53560,53560,86986,36,12,1557,7.0,2,30,2,52.1749194749951,5,70.0,146.0,76.0,1.9210526315789473,57.0,0.2,14.0,19.0,3
test,2,22406,53560,53560,86986,36,12,1557,7.0,2,30,2,-1000.0,2,127.0,146.0,19.0,7.684210526315789,19.0,0.5,63.5,19.0,1
train,2,22406,53560,53560,86986,37,12,1388,6.0,2,30,2,52.1749194749951,5,70.0,146.0,76.0,1.9210526315789473,57.0,0.2,14.0,19.0,3
test,2,22406,53560,53560,86986,37,12,1388,6.0,2,30,2,-1000.0,2,127.0,146.0,19.0,7.684210526315789,19.0,0.5,63.5,19.0,1
train,2,22406,53560,53560,86986,38,12,1466,6.25,2,30,2,52.1749194749951,5,70.0,146.0,76.0,1.9210526315789473,57.0,0.2,14.0,19.0,3
test,2,22406,53560,53560,86986,38,12,1466,6.25,2,30,2,-1000.0,2,127.0,146.0,19.0,7.684210526315789,19.0,0.5,63.5,19.0,1
train,2,22406,53560,53560,86986,39,12,1198,7.5,2,30,2,52.1749194749951,5,70.0,146.0,76.0,1.9210526315789473,57.0,0.2,14.0,19.0,3
test,2,22406,53560,53560,86986,39,12,1198,7.5,2,30,2,-1000.0,2,127.0,146.0,19.0,7.684210526315789,19.0,0.5,63.5,19.0,1
train,2,22406,53560,53560,86986,40,12,1484,7.75,2,30,2,52.1749194749951,5,70.0,146.0,76.0,1.9210526315789473,57.0,0.2,14.0,19.0,3
test,2,22406,53560,53560,86986,40,12,1484,7.75,2,30,2,-1000.0,2,127.0,146.0,19.0,7.684210526315789,19.0,0.5,63.5,19.0,1
train,2,22406,53560,53560,86986,41,12,1496,6.0,4,30,2,52.1749194749951,5,70.0,146.0,76.0,1.9210526315789473,57.0,0.2,14.0,19.0,3
test,2,22406,53560,53560,86986,41,12,1496,6.0,4,30,2,-1000.0,2,127.0,146.0,19.0,7.684210526315789,19.0,0.5,63.5,19.0,1
train,2,22406,53560,53560,86986,42,12,1557,6.0,2,30,2,52.1749194749951,5,70.0,146.0,76.0,1.9210526315789473,57.0,0.2,14.0,19.0,3
test,2,22406,53560,53560,86986,42,12,1557,6.0,2,30,2,-1000.0,2,127.0,146.0,19.0,7.684210526315789,19.0,0.5,63.5,19.0,1
train,2,22406,53560,53560,86986,43,12,1552,7.5,2,30,2,52.1749194749951,5,70.0,146.0,76.0,1.9210526315789473,57.0,0.2,14.0,19.0,3
test,2,22406,53560,53560,86986,43,12,1552,7.5,2,30,2,-1000.0,2,127.0,146.0,19.0,7.684210526315789,19.0,0.5,63.5,19.0,1
train,2,22406,53560,53560,86986,44,12,1421,7.0,6,30,2,52.1749194749951,5,70.0,146.0,76.0,1.9210526315789473,57.0,0.2,14.0,19.0,3
test,2,22406,53560,53560,86986,44,12,1421,7.0,6,30,2,-1000.0,2,127.0,146.0,19.0,7.684210526315789,19.0,0.5,63.5,19.0,1
train,2,22406,53560,53560,86986,45,12,1510,6.25,3,30,2,52.1749194749951,5,70.0,146.0,76.0,1.9210526315789473,57.0,0.2,14.0,19.0,3
test,2,22406,53560,53560,86986,45,12,1510,6.25,3,30,2,-1000.0,2,127.0,146.0,19.0,7.684210526315789,19.0,0.5,63.5,19.0,1
train,2,22406,53560,53560,86986,46,12,1496,6.0,2,30,2,52.1749194749951,5,70.0,146.0,76.0,1.9210526315789473,57.0,0.2,14.0,19.0,3
test,2,22406,53560,53560,86986,46,12,1496,6.0,2,30,2,-1000.0,2,127.0,146.0,19.0,7.684210526315789,19.0,0.5,63.5,19.0,1
train,2,22406,53560,53560,86986,47,12,1557,6.0,4,30,2,52.1749194749951,5,70.0,146.0,76.0,1.9210526315789473,57.0,0.2,14.0,19.0,3
test,2,22406,53560,53560,86986,47,12,1557,6.0,4,30,2,-1000.0,2,127.0,146.0,19.0,7.684210526315789,19.0,0.5,63.5,19.0,1
train,2,22406,53560,53560,86986,48,12,1557,7.25,4,30,2,52.1749194749951,5,70.0,146.0,76.0,1.9210526315789473,57.0,0.2,14.0,19.0,3
test,2,22406,53560,53560,86986,48,12,1557,7.25,4,30,2,-1000.0,2,127.0,146.0,19.0,7.684210526315789,19.0,0.5,63.5,19.0,1
train,2,22406,53560,53560,86986,49,12,1557,7.75,4,30,2,52.1749194749951,5,70.0,146.0,76.0,1.9210526315789473,57.0,0.2,14.0,19.0,3
test,2,22406,53560,53560,86986,49,12,1557,7.75,4,30,2,-1000.0,2,127.0,146.0,19.0,7.684210526315789,19.0,0.5,63.5,19.0,1
train,2,22406,53560,53560,86986,50,12,1471,6.0,2,30,2,52.1749194749951,5,70.0,146.0,76.0,1.9210526315789473,57.0,0.2,14.0,19.0,3
test,2,22406,53560,53560,86986,50,12,1471,6.0,2,30,2,-1000.0,2,127.0,146.0,19.0,7.684210526315789,19.0,0.5,63.5,19.0,1
train,2,22406,53560,53560,86986,51,12,1665,6.0,3,30,2,52.1749194749951,5,70.0,146.0,76.0,1.9210526315789473,57.0,0.2,14.0,19.0,3
test,2,22406,53560,53560,86986,51,12,1665,6.0,3,30,2,-1000.0,2,127.0,146.0,19.0,7.684210526315789,19.0,0.5,63.5,19.0,1
train,2,22406,53560,53560,86986,52,12,1552,7.5,2,30,2,52.1749194749951,5,70.0,146.0,76.0,1.9210526315789473,57.0,0.2,14.0,19.0,3
test,2,22406,53560,53560,86986,52,12,1552,7.5,2,30,2,-1000.0,2,127.0,146.0,19.0,7.684210526315789,19.0,0.5,63.5,19.0,1
train,2,22406,53560,53560,86986,53,12,1449,7.5,4,30,2,52.1749194749951,5,70.0,146.0,76.0,1.9210526315789473,57.0,0.2,14.0,19.0,3
test,2,22406,53560,53560,86986,53,12,1449,7.5,4,30,2,-1000.0,2,127.0,146.0,19.0,7.684210526315789,19.0,0.5,63.5,19.0,1
train,2,22406,53560,53560,86986,54,12,1665,7.0,4,30,2,52.1749194749951,5,70.0,146.0,76.0,1.9210526315789473,57.0,0.2,14.0,19.0,3
test,2,22406,53560,53560,86986,54,12,1665,7.0,4,30,2,-1000.0,2,127.0,146.0,19.0,7.684210526315789,19.0,0.5,63.5,19.0,1
train,2,22406,53560,53560,86986,55,12,1552,7.5,4,30,2,52.1749194749951,5,70.0,146.0,76.0,1.9210526315789473,57.0,0.2,14.0,19.0,3
test,2,22406,53560,53560,86986,55,12,1552,7.5,4,30,2,-1000.0,2,127.0,146.0,19.0,7.684210526315789,19.0,0.5,63.5,19.0,1
train,2,22406,53560,53560,86986,56,12,1198,7.0,2,30,2,52.1749194749951,5,70.0,146.0,76.0,1.9210526315789473,57.0,0.2,14.0,19.0,3
test,2,22406,53560,53560,86986,56,12,1198,7.0,2,30,2,-1000.0,2,127.0,146.0,19.0,7.684210526315789,19.0,0.5,63.5,19.0,1
train,2,22406,53560,53560,86986,57,12,1496,7.75,3,30,2,52.1749194749951,5,70.0,146.0,76.0,1.9210526315789473,57.0,0.2,14.0,19.0,3
test,2,22406,53560,53560,86986,57,12,1496,7.75,3,30,2,-1000.0,2,127.0,146.0,19.0,7.684210526315789,19.0,0.5,63.5,19.0,1
train,2,22406,53560,53560,86986,58,12,1449,6.75,2,30,2,52.1749194749951,5,70.0,146.0,76.0,1.9210526315789473,57.0,0.2,14.0,19.0,3
test,2,22406,53560,53560,86986,58,12,1449,6.75,2,30,2,-1000.0,2,127.0,146.0,19.0,7.684210526315789,19.0,0.5,63.5,19.0,1
train,2,22406,53560,53560,86986,59,12,1224,7.25,2,30,2,52.1749194749951,5,70.0,146.0,76.0,1.9210526315789473,57.0,0.2,14.0,19.0,3
test,2,22406,53560,53560,86986,59,12,1224,7.25,2,30,2,-1000.0,2,127.0,146.0,19.0,7.684210526315789,19.0,0.5,63.5,19.0,1
train,2,22406,53560,53560,86986,60,12,1496,7.0,3,30,2,52.1749194749951,5,70.0,146.0,76.0,1.9210526315789473,57.0,0.2,14.0,19.0,3
test,2,22406,53560,53560,86986,60,12,1496,7.0,3,30,2,-1000.0,2,127.0,146.0,19.0,7.684210526315789,19.0,0.5,63.5,19.0,1
train,2,22406,53560,53560,86986,61,12,1570,7.75,2,30,2,52.1749194749951,5,70.0,146.0,76.0,1.9210526315789473,57.0,0.2,14.0,19.0,3
test,2,22406,53560,53560,86986,61,12,1570,7.75,2,30,2,-1000.0,2,127.0,146.0,19.0,7.684210526315789,19.0,0.5,63.5,19.0,1
train,2,22406,53560,53560,86986,62,12,1603,7.25,4,30,2,52.1749194749951,5,70.0,146.0,76.0,1.9210526315789473,57.0,0.2,14.0,19.0,3
test,2,22406,53560,53560,86986,62,12,1603,7.25,4,30,2,-1000.0,2,127.0,146.0,19.0,7.684210526315789,19.0,0.5,63.5,19.0,1
train,2,22406,53560,53560,86986,63,12,1449,6.25,4,30,2,52.1749194749951,5,70.0,146.0,76.0,1.9210526315789473,57.0,0.2,14.0,19.0,3
test,2,22406,53560,53560,86986,63,12,1449,6.25,4,30,2,-1000.0,2,127.0,146.0,19.0,7.684210526315789,19.0,0.5,63.5,19.0,1
train,2,22406,53560,53560,86986,64,12,1603,7.0,3,30,2,52.1749194749951,5,70.0,146.0,76.0,1.9210526315789473,57.0,0.2,14.0,19.0,3
test,2,22406,53560,53560,86986,64,12,1603,7.0,3,30,2,-1000.0,2,127.0,146.0,19.0,7.684210526315789,19.0,0.5,63.5,19.0,1
train,2,22406,53560,53560,86986,65,12,1449,7.25,3,30,2,52.1749194749951,5,70.0,146.0,76.0,1.9210526315789473,57.0,0.2,14.0,19.0,3
test,2,22406,53560,53560,86986,65,12,1449,7.25,3,30,2,-1000.0,2,127.0,146.0,19.0,7.684210526315789,19.0,0.5,63.5,19.0,1
train,2,22406,53560,53560,86986,66,12,1496,6.25,4,30,2,52.1749194749951,5,70.0,146.0,76.0,1.9210526315789473,57.0,0.2,14.0,19.0,3
test,2,22406,53560,53560,86986,66,12,1496,6.25,4,30,2,-1000.0,2,127.0,146.0,19.0,7.684210526315789,19.0,0.5,63.5,19.0,1
train,2,22406,53560,53560,86986,67,12,1449,6.25,3,30,2,52.1749194749951,5,70.0,146.0,76.0,1.9210526315789473,57.0,0.2,14.0,19.0,3
test,2,22406,53560,53560,86986,67,12,1449,6.25,3,30,2,-1000.0,2,127.0,146.0,19.0,7.684210526315789,19.0,0.5,63.5,19.0,1
train,2,22406,53560,53560,86986,68,12,1449,7.25,4,30,2,52.1749194749951,5,70.0,146.0,76.0,1.9210526315789473,57.0,0.2,14.0,19.0,3
test,2,22406,53560,53560,86986,68,12,1449,7.25,4,30,2,-1000.0,2,127.0,146.0,19.0,7.684210526315789,19.0,0.5,63.5,19.0,1
train,2,22406,53560,53560,86986,69,12,1449,6.75,2,30,2,52.1749194749951,5,70.0,146.0,76.0,1.9210526315789473,57.0,0.2,14.0,19.0,3
test,2,22406,53560,53560,86986,69,12,1449,6.75,2,30,2,-1000.0,2,127.0,146.0,19.0,7.684210526315789,19.0,0.5,63.5,19.0,1
train,2,22406,53560,53560,86986,70,12,1538,6.25,5,30,2,52.1749194749951,5,70.0,146.0,76.0,1.9210526315789473,57.0,0.2,14.0,19.0,3
test,2,22406,53560,53560,86986,70,12,1538,6.25,5,30,2,-1000.0,2,127.0,146.0,19.0,7.684210526315789,19.0,0.5,63.5,19.0,1
train,2,22406,53560,53560,86986,71,12,1650,7.25,4,30,2,52.1749194749951,5,70.0,146.0,76.0,1.9210526315789473,57.0,0.2,14.0,19.0,3
test,2,22406,53560,53560,86986,71,12,1650,7.25,4,30,2,-1000.0,2,127.0,146.0,19.0,7.684210526315789,19.0,0.5,63.5,19.0,1
train,2,22406,53560,53560,86986,72,12,1449,7.0,3,30,2,52.1749194749951,5,70.0,146.0,76.0,1.9210526315789473,57.0,0.2,14.0,19.0,3
test,2,22406,53560,53560,86986,72,12,1449,7.0,3,30,2,-1000.0,2,127.0,146.0,19.0,7.684210526315789,19.0,0.5,63.5,19.0,1
train,2,22406,53560,53560,86986,73,12,1449,6.0,3,30,2,52.1749194749951,5,70.0,146.0,76.0,1.9210526315789473,57.0,0.2,14.0,19.0,3
test,2,22406,53560,53560,86986,73,12,1449,6.0,3,30,2,-1000.0,2,127.0,146.0,19.0,7.684210526315789,19.0,0.5,63.5,19.0,1
train,2,22406,53560,53560,86986,74,12,1449,7.5,4,30,2,52.1749194749951,5,70.0,146.0,76.0,1.9210526315789473,57.0,0.2,14.0,19.0,3
test,2,22406,53560,53560,86986,74,12,1449,7.5,4,30,2,-1000.0,2,127.0,146.0,19.0,7.684210526315789,19.0,0.5,63.5,19.0,1
train,2,22406,53560,53560,86986,75,12,1449,7.5,4,30,2,52.1749194749951,5,70.0,146.0,76.0,1.9210526315789473,57.0,0.2,14.0,19.0,3
test,2,22406,53560,53560,86986,75,12,1449,7.5,4,30,2,-1000.0,2,127.0,146.0,19.0,7.684210526315789,19.0,0.5,63.5,19.0,1
train,2,22406,53560,53560,86986,76,12,1449,7.25,2,30,2,52.1749194749951,5,70.0,146.0,76.0,1.9210526315789473,57.0,0.2,14.0,19.0,3
test,2,22406,53560,53560,86986,76,12,1449,7.25,2,30,2,-1000.0,2,127.0,146.0,19.0,7.684210526315789,19.0,0.5,63.5,19.0,1
train,2,22406,53560,53560,86986,77,12,1445,6.25,4,30,2,52.1749194749951,5,70.0,146.0,76.0,1.9210526315789473,57.0,0.2,14.0,19.0,3
test,2,22406,53560,53560,86986,77,12,1445,6.25,4,30,2,-1000.0,2,127.0,146.0,19.0,7.684210526315789,19.0,0.5,63.5,19.0,1
train,2,22406,53560,53560,86986,78,12,1449,6.25,4,30,2,52.1749194749951,5,70.0,146.0,76.0,1.9210526315789473,57.0,0.2,14.0,19.0,3
test,2,22406,53560,53560,86986,78,12,1449,6.25,4,30,2,-1000.0,2,127.0,146.0,19.0,7.684210526315789,19.0,0.5,63.5,19.0,1
train,2,22406,53560,53560,86986,79,12,1334,7.25,3,30,2,52.1749194749951,5,70.0,146.0,76.0,1.9210526315789473,57.0,0.2,14.0,19.0,3
test,2,22406,53560,53560,86986,79,12,1334,7.25,3,30,2,-1000.0,2,127.0,146.0,19.0,7.684210526315789,19.0,0.5,63.5,19.0,1
train,2,22406,53560,53560,86986,80,12,1496,6.75,4,30,2,52.1749194749951,5,70.0,146.0,76.0,1.9210526315789473,57.0,0.2,14.0,19.0,3
test,2,22406,53560,53560,86986,80,12,1496,6.75,4,30,2,-1000.0,2,127.0,146.0,19.0,7.684210526315789,19.0,0.5,63.5,19.0,1
train,2,22406,53560,53560,86986,81,12,1449,6.25,3,30,2,52.1749194749951,5,70.0,146.0,76.0,1.9210526315789473,57.0,0.2,14.0,19.0,3
test,2,22406,53560,53560,86986,81,12,1449,6.25,3,30,2,-1000.0,2,127.0,146.0,19.0,7.684210526315789,19.0,0.5,63.5,19.0,1
train,2,22406,53560,53560,86986,82,12,1362,6.25,4,30,2,52.1749194749951,5,70.0,146.0,76.0,1.9210526315789473,57.0,0.2,14.0,19.0,3
test,2,22406,53560,53560,86986,82,12,1362,6.25,4,30,2,-1000.0,2,127.0,146.0,19.0,7.684210526315789,19.0,0.5,63.5,19.0,1
train,2,22406,53560,53560,86986,83,12,1449,6.25,4,30,2,52.1749194749951,5,70.0,146.0,76.0,1.9210526315789473,57.0,0.2,14.0,19.0,3
test,2,22406,53560,53560,86986,83,12,1449,6.25,4,30,2,-1000.0,2,127.0,146.0,19.0,7.684210526315789,19.0,0.5,63.5,19.0,1
train,2,22406,53560,53560,86986,84,12,1362,7.25,2,30,2,52.1749194749951,5,70.0,146.0,76.0,1.9210526315789473,57.0,0.2,14.0,19.0,3
test,2,22406,53560,53560,86986,84,12,1362,7.25,2,30,2,-1000.0,2,127.0,146.0,19.0,7.684210526315789,19.0,0.5,63.5,19.0,1
train,2,22406,53560,53560,86986,85,12,1449,7.25,3,30,2,52.1749194749951,5,70.0,146.0,76.0,1.9210526315789473,57.0,0.2,14.0,19.0,3
test,2,22406,53560,53560,86986,85,12,1449,7.25,3,30,2,-1000.0,2,127.0,146.0,19.0,7.684210526315789,19.0,0.5,63.5,19.0,1
train,2,22406,53560,53560,86986,86,12,1420,6.25,3,30,2,52.1749194749951,5,70.0,146.0,76.0,1.9210526315789473,57.0,0.2,14.0,19.0,3
test,2,22406,53560,53560,86986,86,12,1420,6.25,3,30,2,-1000.0,2,127.0,146.0,19.0,7.684210526315789,19.0,0.5,63.5,19.0,1
train,2,22406,53560,53560,86986,87,12,1449,6.25,3,30,2,52.1749194749951,5,70.0,146.0,76.0,1.9210526315789473,57.0,0.2,14.0,19.0,3
test,2,22406,53560,53560,86986,87,12,1449,6.25,3,30,2,-1000.0,2,127.0,146.0,19.0,7.684210526315789,19.0,0.5,63.5,19.0,1
train,2,22406,53560,53560,86986,88,12,1449,6.5,3,30,2,52.1749194749951,5,70.0,146.0,76.0,1.9210526315789473,57.0,0.2,14.0,19.0,3
test,2,22406,53560,53560,86986,88,12,1449,6.5,3,30,2,-1000.0,2,127.0,146.0,19.0,7.684210526315789,19.0,0.5,63.5,19.0,1
train,2,22406,53560,53560,86986,89,12,1391,7.0,4,30,2,52.1749194749951,5,70.0,146.0,76.0,1.9210526315789473,57.0,0.2,14.0,19.0,3
test,2,22406,53560,53560,86986,89,12,1391,7.0,4,30,2,-1000.0,2,127.0,146.0,19.0,7.684210526315789,19.0,0.5,63.5,19.0,1
train,2,22406,53560,53560,86986,90,12,1449,6.5,2,30,2,52.1749194749951,5,70.0,146.0,76.0,1.9210526315789473,57.0,0.2,14.0,19.0,3
test,2,22406,53560,53560,86986,90,12,1449,6.5,2,30,2,-1000.0,2,127.0,146.0,19.0,7.684210526315789,19.0,0.5,63.5,19.0,1
train,2,22406,53560,53560,86986,91,12,1449,6.25,3,30,2,52.1749194749951,5,70.0,146.0,76.0,1.9210526315789473,57.0,0.2,14.0,19.0,3
test,2,22406,53560,53560,86986,91,12,1449,6.25,3,30,2,-1000.0,2,127.0,146.0,19.0,7.684210526315789,19.0,0.5,63.5,19.0,1
train,2,22406,53560,53560,86986,92,12,1449,6.5,4,30,2,52.1749194749951,5,70.0,146.0,76.0,1.9210526315789473,57.0,0.2,14.0,19.0,3
test,2,22406,53560,53560,86986,92,12,1449,6.5,4,30,2,-1000.0,2,127.0,146.0,19.0,7.684210526315789,19.0,0.5,63.5,19.0,1
train,2,22406,53560,53560,86986,93,12,1334,6.0,3,30,2,52.1749194749951,5,70.0,146.0,76.0,1.9210526315789473,57.0,0.2,14.0,19.0,3
test,2,22406,53560,53560,86986,93,12,1334,6.0,3,30,2,-1000.0,2,127.0,146.0,19.0,7.684210526315789,19.0,0.5,63.5,19.0,1
train,2,22406,53560,53560,86986,94,12,1449,6.5,2,30,2,52.1749194749951,5,70.0,146.0,76.0,1.9210526315789473,57.0,0.2,14.0,19.0,3
test,2,22406,53560,53560,86986,94,12,1449,6.5,2,30,2,-1000.0,2,127.0,146.0,19.0,7.684210526315789,19.0,0.5,63.5,19.0,1
train,2,22406,53560,53560,86986,95,12,1376,7.0,4,30,2,52.1749194749951,5,70.0,146.0,76.0,1.9210526315789473,57.0,0.2,14.0,19.0,3
test,2,22406,53560,53560,86986,95,12,1376,7.0,4,30,2,-1000.0,2,127.0,146.0,19.0,7.684210526315789,19.0,0.5,63.5,19.0,1
train,2,22406,53560,53560,86986,96,12,1376,6.0,3,30,2,52.1749194749951,5,70.0,146.0,76.0,1.9210526315789473,57.0,0.2,14.0,19.0,3
test,2,22406,53560,53560,86986,96,12,1376,6.0,3,30,2,-1000.0,2,127.0,146.0,19.0,7.684210526315789,19.0,0.5,63.5,19.0,1
train,2,22406,53560,53560,86986,97,12,1376,6.5,3,30,2,52.1749194749951,5,70.0,146.0,76.0,1.9210526315789473,57.0,0.2,14.0,19.0,3
test,2,22406,53560,53560,86986,97,12,1376,6.5,3,30,2,-1000.0,2,127.0,146.0,19.0,7.684210526315789,19.0,0.5,63.5,19.0,1
train,2,22406,53560,53560,86986,98,12,1334,6.0,3,30,2,52.1749194749951,5,70.0,146.0,76.0,1.9210526315789473,57.0,0.2,14.0,19.0,3
test,2,22406,53560,53560,86986,98,12,1334,6.0,3,30,2,-1000.0,2,127.0,146.0,19.0,7.684210526315789,19.0,0.5,63.5,19.0,1
train,2,22406,53560,53560,86986,99,12,1334,6.0,3,30,2,52.1749194749951,5,70.0,146.0,76.0,1.9210526315789473,57.0,0.2,14.0,19.0,3
test,2,22406,53560,53560,86986,99,12,1334,6.0,3,30,2,-1000.0,2,127.0,146.0,19.0,7.684210526315789,19.0,0.5,63.5,19.0,1
train,2,22406,53560,53560,86986,100,12,1391,6.25,3,30,2,52.1749194749951,5,70.0,146.0,76.0,1.9210526315789473,57.0,0.2,14.0,19.0,3
test,2,22406,53560,53560,86986,100,12,1391,6.25,3,30,2,-1000.0,2,127.0,146.0,19.0,7.684210526315789,19.0,0.5,63.5,19.0,1
train,3,53560,86986,86986,125287,0,12,2716,7.0,5,2,18,88.18163074019441,6,36.0,36.0,0.0,inf,0.0,1.0,6.0,0.0,0
test,3,53560,86986,86986,125287,0,12,2716,7.0,5,2,18,-1150.0,25,-690.0,102.0,792.0,0.12878787878787878,726.0,0.68,-27.6,99.0,3
train,3,53560,86986,86986,125287,1,12,2680,3.25,8,9,10,234.78713763747794,5,105.0,164.0,59.0,2.7796610169491527,59.0,0.8,21.0,59.0,1
test,3,53560,86986,86986,125287,1,12,2680,3.25,8,9,10,-30.51229260478472,19,-21.0,451.0,472.0,0.9555084745762712,272.0,0.5789473684210527,-1.105263157894737,59.0,3
train,3,53560,86986,86986,125287,2,11,536,8.5,3,13,7,106.21322893124001,5,95.0,183.0,88.0,2.0795454545454546,88.0,0.6,19.0,44.0,2
test,3,53560,86986,86986,125287,2,11,536,8.5,3,13,7,-141.59813293260612,18,-267.0,305.0,572.0,0.5332167832167832,352.0,0.2777777777777778,-14.833333333333334,44.0,8
train,3,53560,86986,86986,125287,3,11,251,4.75,3,9,10,234.78713763747794,5,105.0,164.0,59.0,2.7796610169491527,59.0,0.8,21.0,59.0,1
test,3,53560,86986,86986,125287,3,11,251,4.75,3,9,10,-275.95006341727844,15,-285.0,246.0,531.0,0.4632768361581921,285.0,0.4,-19.0,59.0,4
train,3,53560,86986,86986,125287,4,12,590,4.0,1,9,4,301.8691769624716,5,135.0,164.0,29.0,5.655172413793103,29.0,0.8,27.0,29.0,1
test,3,53560,86986,86986,125287,4,12,590,4.0,1,9,4,71.00469468046931,15,55.0,287.0,232.0,1.2370689655172413,133.0,0.4666666666666667,3.6666666666666665,29.0,3
train,3,53560,86986,86986,125287,5,12,503,4.0,5,9,4,301.8691769624716,5,135.0,164.0,29.0,5.655172413793103,29.0,0.8,27.0,29.0,1
test,3,53560,86986,86986,125287,5,12,503,4.0,5,9,4,71.00469468046931,15,55.0,287.0,232.0,1.2370689655172413,133.0,0.4666666666666667,3.6666666666666665,29.0,3
train,3,53560,86986,86986,125287,6,12,1878,4.0,5,9,4,301.8691769624716,5,135.0,164.0,29.0,5.655172413793103,29.0,0.8,27.0,29.0,1
test,3,53560,86986,86986,125287,6,12,1878,4.0,5,9,4,283.23527714997334,20,190.0,451.0,261.0,1.7279693486590038,133.0,0.55,9.5,29.0,3
train,3,53560,86986,86986,125287,7,12,1878,5.25,7,9,4,301.8691769624716,5,135.0,164.0,29.0,5.655172413793103,29.0,0.8,27.0,29.0,1
test,3,53560,86986,86986,125287,7,12,1878,5.25,7,9,4,112.9730941419239,17,137.0,369.0,232.0,1.5905172413793103,145.0,0.5294117647058824,8.058823529411764,29.0,5
train,3,53560,86986,86986,125287,8,12,1878,5.0,6,9,3,313.0495168499706,5,140.0,164.0,24.0,6.833333333333333,24.0,0.8,28.0,24.0,1
test,3,53560,86986,86986,125287,8,12,1878,5.0,6,9,3,184.97913395840084,18,218.0,410.0,192.0,2.1354166666666665,120.0,0.5555555555555556,12.11111111111111,24.0,5
train,3,53560,86986,86986,125287,9,12,536,5.0,6,9,3,313.0495168499706,5,140.0,164.0,24.0,6.833333333333333,24.0,0.8,28.0,24.0,1
test,3,53560,86986,86986,125287,9,12,536,5.0,6,9,3,56.24659989723823,13,78.0,246.0,168.0,1.4642857142857142,120.0,0.46153846153846156,6.0,24.0,5
train,3,53560,86986,86986,125287,10,12,246,5.0,2,9,3,313.0495168499706,5,140.0,164.0,24.0,6.833333333333333,24.0,0.8,28.0,24.0,1
test,3,53560,86986,86986,125287,10,12,246,5.0,2,9,3,64.11101482758032,8,68.0,164.0,96.0,1.7083333333333333,72.0,0.5,8.5,24.0,3
train,3,53560,86986,86986,125287,11,12,414,5.25,2,9,2,324.2298567374695,5,145.0,164.0,19.0,8.631578947368421,19.0,0.8,29.0,19.0,1
test,3,53560,86986,86986,125287,11,12,414,5.25,2,9,2,166.93678111455512,11,151.0,246.0,95.0,2.5894736842105264,57.0,0.5454545454545454,13.727272727272727,19.0,3
train,3,53560,86986,86986,125287,12,12,1878,3.25,8,9,2,324.2298567374695,5,145.0,164.0,19.0,8.631578947368421,19.0,0.8,29.0,19.0,1
test,3,53560,86986,86986,125287,12,12,1878,3.25,8,9,2,434.43692803955383,19,299.0,451.0,152.0,2.9671052631578947,57.0,0.5789473684210527,15.736842105263158,19.0,3
train,3,53560,86986,86986,125287,13,12,246,4.0,7,9,2,324.2298567374695,5,145.0,164.0,19.0,8.631578947368421,19.0,0.8,29.0,19.0,1
test,3,53560,86986,86986,125287,13,12,246,4.0,7,9,2,141.54769514195561,7,107.0,164.0,57.0,2.8771929824561404,38.0,0.5714285714285714,15.285714285714286,19.0,2
train,3,53560,86986,86986,125287,14,12,536,3.5,6,9,2,324.2298567374695,5,145.0,164.0,19.0,8.631578947368421,19.0,0.8,29.0,19.0,1
test,3,53560,86986,86986,125287,14,12,536,3.5,6,9,2,174.28425057933376,15,135.0,287.0,152.0,1.888157894736842,73.0,0.4666666666666667,9.0,19.0,3
train,3,53560,86986,86986,125287,15,12,414,4.0,7,9,2,324.2298567374695,5,145.0,164.0,19.0,8.631578947368421,19.0,0.8,29.0,19.0,1
test,3,53560,86986,86986,125287,15,12,414,4.0,7,9,2,268.79360111431225,10,170.0,246.0,76.0,3.236842105263158,38.0,0.6,17.0,19.0,2
train,3,53560,86986,86986,125287,16,12,414,4.0,7,9,2,324.2298567374695,5,145.0,164.0,19.0,8.631578947368421,19.0,0.8,29.0,19.0,1
test,3,53560,86986,86986,125287,16,12,414,4.0,7,9,2,268.79360111431225,10,170.0,246.0,76.0,3.236842105263158,38.0,0.6,17.0,19.0,2
train,3,53560,86986,86986,125287,17,12,536,4.25,5,9,2,324.2298567374695,5,145.0,164.0,19.0,8.631578947368421,19.0,0.8,29.0,19.0,1
test,3,53560,86986,86986,125287,17,12,536,4.25,5,9,2,174.28425057933376,15,135.0,287.0,152.0,1.888157894736842,73.0,0.4666666666666667,9.0,19.0,3
train,3,53560,86986,86986,125287,18,12,246,4.0,6,9,2,324.2298567374695,5,145.0,164.0,19.0,8.631578947368421,19.0,0.8,29.0,19.0,1
test,3,53560,86986,86986,125287,18,12,246,4.0,6,9,2,82.96719565922159,8,88.0,164.0,76.0,2.1578947368421053,57.0,0.5,11.0,19.0,3
train,3,53560,86986,86986,125287,19,12,1840,4.0,7,9,2,324.2298567374695,5,145.0,164.0,19.0,8.631578947368421,19.0,0.8,29.0,19.0,1
test,3,53560,86986,86986,125287,19,12,1840,4.0,7,9,2,434.43692803955383,19,299.0,451.0,152.0,2.9671052631578947,57.0,0.5789473684210527,15.736842105263158,19.0,3
train,3,53560,86986,86986,125287,20,12,268,5.25,6,9,2,324.2298567374695,5,145.0,164.0,19.0,8.631578947368421,19.0,0.8,29.0,19.0,1
test,3,53560,86986,86986,125287,20,12,268,5.25,6,9,2,141.54769514195561,7,107.0,164.0,57.0,2.8771929824561404,38.0,0.5714285714285714,15.285714285714286,19.0,2
train,3,53560,86986,86986,125287,21,12,250,4.0,7,9,2,324.2298567374695,5,145.0,164.0,19.0,8.631578947368421,19.0,0.8,29.0,19.0,1
test,3,53560,86986,86986,125287,21,12,250,4.0,7,9,2,141.54769514195561,7,107.0,164.0,57.0,2.8771929824561404,38.0,0.5714285714285714,15.285714285714286,19.0,2
train,3,53560,86986,86986,125287,22,12,414,5.25,6,9,2,324.2298567374695,5,145.0,164.0,19.0,8.631578947368421,19.0,0.8,29.0,19.0,1
test,3,53560,86986,86986,125287,22,12,414,5.25,6,9,2,268.79360111431225,10,170.0,246.0,76.0,3.236842105263158,38.0,0.6,17.0,19.0,2
train,3,53560,86986,86986,125287,23,12,536,5.25,4,9,2,324.2298567374695,5,145.0,164.0,19.0,8.631578947368421,19.0,0.8,29.0,19.0,1
test,3,53560,86986,86986,125287,23,12,536,5.25,4,9,2,174.28425057933376,15,135.0,287.0,152.0,1.888157894736842,73.0,0.4666666666666667,9.0,19.0,3
train,3,53560,86986,86986,125287,24,12,1878,5.25,7,9,2,324.2298567374695,5,145.0,164.0,19.0,8.631578947368421,19.0,0.8,29.0,19.0,1
test,3,53560,86986,86986,125287,24,12,1878,5.25,7,9,2,178.94278415180648,17,217.0,369.0,152.0,2.4276315789473686,95.0,0.5294117647058824,12.764705882352942,19.0,5
train,3,53560,86986,86986,125287,25,12,536,4.0,7,9,2,324.2298567374695,5,145.0,164.0,19.0,8.631578947368421,19.0,0.8,29.0,19.0,1
test,3,53560,86986,86986,125287,25,12,536,4.0,7,9,2,192.07174585439566,14,154.0,287.0,133.0,2.1578947368421053,57.0,0.5,11.0,19.0,3
train,3,53560,86986,86986,125287,26,12,236,5.0,5,9,2,324.2298567374695,5,145.0,164.0,19.0,8.631578947368421,19.0,0.8,29.0,19.0,1
test,3,53560,86986,86986,125287,26,12,236,5.0,5,9,2,82.96719565922159,8,88.0,164.0,76.0,2.1578947368421053,57.0,0.5,11.0,19.0,3
train,3,53560,86986,86986,125287,27,12,503,5.25,7,9,2,324.2298567374695,5,145.0,164.0,19.0,8.631578947368421,19.0,0.8,29.0,19.0,1
test,3,53560,86986,86986,125287,27,12,503,5.25,7,9,2,49.883063257983665,12,72.0,205.0,133.0,1.5413533834586466,95.0,0.4166666666666667,6.0,19.0,5
train,3,53560,86986,86986,125287,28,12,414,4.0,6,9,2,324.2298567374695,5,145.0,164.0,19.0,8.631578947368421,19.0,0.8,29.0,19.0,1
test,3,53560,86986,86986,125287,28,12,414,4.0,6,9,2,166.93678111455512,11,151.0,246.0,95.0,2.5894736842105264,57.0,0.5454545454545454,13.727272727272727,19.0,3
train,3,53560,86986,86986,125287,29,12,1878,5.25,5,9,2,324.2298567374695,5,145.0,164.0,19.0,8.631578947368421,19.0,0.8,29.0,19.0,1
test,3,53560,86986,86986,125287,29,12,1878,5.25,5,9,2,417.3993557999608,20,280.0,451.0,171.0,2.6374269005847952,73.0,0.55,14.0,19.0,3
train,3,53560,86986,86986,125287,30,12,1878,5.25,6,9,2,324.2298567374695,5,145.0,164.0,19.0,8.631578947368421,19.0,0.8,29.0,19.0,1
test,3,53560,86986,86986,125287,30,12,1878,5.25,6,9,2,218.9202594553551,18,258.0,410.0,152.0,2.6973684210526314,95.0,0.5555555555555556,14.333333333333334,19.0,5
train,3,53560,86986,86986,125287,31,12,503,4.0,6,9,2,324.2298567374695,5,145.0,164.0,19.0,8.631578947368421,19.0,0.8,29.0,19.0,1
test,3,53560,86986,86986,125287,31,12,503,4.0,6,9,2,174.28425057933376,15,135.0,287.0,152.0,1.888157894736842,73.0,0.4666666666666667,9.0,19.0,3
train,3,53560,86986,86986,125287,32,12,250,3.75,6,9,2,324.2298567374695,5,145.0,164.0,19.0,8.631578947368421,19.0,0.8,29.0,19.0,1
test,3,53560,86986,86986,125287,32,12,250,3.75,6,9,2,82.96719565922159,8,88.0,164.0,76.0,2.1578947368421053,57.0,0.5,11.0,19.0,3
train,3,53560,86986,86986,125287,33,12,422,5.25,6,9,2,324.2298567374695,5,145.0,164.0,19.0,8.631578947368421,19.0,0.8,29.0,19.0,1
test,3,53560,86986,86986,125287,33,12,422,5.25,6,9,2,268.79360111431225,10,170.0,246.0,76.0,3.236842105263158,38.0,0.6,17.0,19.0,2
train,3,53560,86986,86986,125287,34,12,1878,5.5,2,9,2,324.2298567374695,5,145.0,164.0,19.0,8.631578947368421,19.0,0.8,29.0,19.0,1
test,3,53560,86986,86986,125287,34,12,1878,5.5,2,9,2,417.3993557999608,20,280.0,451.0,171.0,2.6374269005847952,73.0,0.55,14.0,19.0,3
train,3,53560,86986,86986,125287,35,12,567,4.0,6,9,2,324.2298567374695,5,145.0,164.0,19.0,8.631578947368421,19.0,0.8,29.0,19.0,1
test,3,53560,86986,86986,125287,35,12,567,4.0,6,9,2,174.28425057933376,15,135.0,287.0,152.0,1.888157894736842,73.0,0.4666666666666667,9.0,19.0,3
train,3,53560,86986,86986,125287,36,12,530,5.5,3,9,2,324.2298567374695,5,145.0,164.0,19.0,8.631578947368421,19.0,0.8,29.0,19.0,1
test,3,53560,86986,86986,125287,36,12,530,5.5,3,9,2,174.28425057933376,15,135.0,287.0,152.0,1.888157894736842,73.0,0.4666666666666667,9.0,19.0,3
train,3,53560,86986,86986,125287,37,12,265,5.25,6,9,2,324.2298567374695,5,145.0,164.0,19.0,8.631578947368421,19.0,0.8,29.0,19.0,1
test,3,53560,86986,86986,125287,37,12,265,5.25,6,9,2,141.54769514195561,7,107.0,164.0,57.0,2.8771929824561404,38.0,0.5714285714285714,15.285714285714286,19.0,2
train,3,53560,86986,86986,125287,38,12,1915,5.25,5,9,2,324.2298567374695,5,145.0,164.0,19.0,8.631578947368421,19.0,0.8,29.0,19.0,1
test,3,53560,86986,86986,125287,38,12,1915,5.25,5,9,2,417.3993557999608,20,280.0,451.0,171.0,2.6374269005847952,73.0,0.55,14.0,19.0,3
train,3,53560,86986,86986,125287,39,12,530,5.5,3,9,2,324.2298567374695,5,145.0,164.0,19.0,8.631578947368421,19.0,0.8,29.0,19.0,1
test,3,53560,86986,86986,125287,39,12,530,5.5,3,9,2,174.28425057933376,15,135.0,287.0,152.0,1.888157894736842,73.0,0.4666666666666667,9.0,19.0,3
train,3,53560,86986,86986,125287,40,12,437,5.25,7,9,2,324.2298567374695,5,145.0,164.0,19.0,8.631578947368421,19.0,0.8,29.0,19.0,1
test,3,53560,86986,86986,125287,40,12,437,5.25,7,9,2,115.95018087284058,10,110.0,205.0,95.0,2.1578947368421053,57.0,0.5,11.0,19.0,3
train,3,53560,86986,86986,125287,41,12,437,5.0,4,9,2,324.2298567374695,5,145.0,164.0,19.0,8.631578947368421,19.0,0.8,29.0,19.0,1
test,3,53560,86986,86986,125287,41,12,437,5.0,4,9,2,114.31535329954589,12,132.0,246.0,114.0,2.1578947368421053,76.0,0.5,11.0,19.0,4
train,3,53560,86986,86986,125287,42,12,297,5.25,3,9,2,324.2298567374695,5,145.0,164.0,19.0,8.631578947368421,19.0,0.8,29.0,19.0,1
test,3,53560,86986,86986,125287,42,12,297,5.25,3,9,2,82.96719565922159,8,88.0,164.0,76.0,2.1578947368421053,57.0,0.5,11.0,19.0,3
train,3,53560,86986,86986,125287,43,12,530,4.25,7,9,2,324.2298567374695,5,145.0,164.0,19.0,8.631578947368421,19.0,0.8,29.0,19.0,1
test,3,53560,86986,86986,125287,43,12,530,4.25,7,9,2,192.07174585439566,14,154.0,287.0,133.0,2.1578947368421053,57.0,0.5,11.0,19.0,3
train,3,53560,86986,86986,125287,44,12,530,5.25,5,9,2,324.2298567374695,5,145.0,164.0,19.0,8.631578947368421,19.0,0.8,29.0,19.0,1
test,3,53560,86986,86986,125287,44,12,530,5.25,5,9,2,174.28425057933376,15,135.0,287.0,152.0,1.888157894736842,73.0,0.4666666666666667,9.0,19.0,3
train,3,53560,86986,86986,125287,45,12,364,4.0,7,9,2,324.2298567374695,5,145.0,164.0,19.0,8.631578947368421,19.0,0.8,29.0,19.0,1
test,3,53560,86986,86986,125287,45,12,364,4.0,7,9,2,268.79360111431225,10,170.0,246.0,76.0,3.236842105263158,38.0,0.6,17.0,19.0,2
train,3,53560,86986,86986,125287,46,12,503,3.75,4,9,2,324.2298567374695,5,145.0,164.0,19.0,8.631578947368421,19.0,0.8,29.0,19.0,1
test,3,53560,86986,86986,125287,46,12,503,3.75,4,9,2,234.66666666666666,16,176.0,328.0,152.0,2.1578947368421053,73.0,0.5,11.0,19.0,3
train,3,53560,86986,86986,125287,47,12,1878,5.0,7,9,2,324.2298567374695,5,145.0,164.0,19.0,8.631578947368421,19.0,0.8,29.0,19.0,1
test,3,53560,86986,86986,125287,47,12,1878,5.0,7,9,2,178.94278415180648,17,217.0,369.0,152.0,2.4276315789473686,95.0,0.5294117647058824,12.764705882352942,19.0,5
train,3,53560,86986,86986,125287,48,12,1878,4.0,4,9,2,324.2298567374695,5,145.0,164.0,19.0,8.631578947368421,19.0,0.8,29.0,19.0,1
test,3,53560,86986,86986,125287,48,12,1878,4.0,4,9,2,417.3993557999608,20,280.0,451.0,171.0,2.6374269005847952,73.0,0.55,14.0,19.0,3
train,3,53560,86986,86986,125287,49,12,437,3.75,3,9,2,324.2298567374695,5,145.0,164.0,19.0,8.631578947368421,19.0,0.8,29.0,19.0,1
test,3,53560,86986,86986,125287,49,12,437,3.75,3,9,2,114.31535329954589,12,132.0,246.0,114.0,2.1578947368421053,76.0,0.5,11.0,19.0,4
train,3,53560,86986,86986,125287,50,12,530,4.25,7,9,2,324.2298567374695,5,145.0,164.0,19.0,8.631578947368421,19.0,0.8,29.0,19.0,1
test,3,53560,86986,86986,125287,50,12,530,4.25,7,9,2,192.07174585439566,14,154.0,287.0,133.0,2.1578947368421053,57.0,0.5,11.0,19.0,3
train,3,53560,86986,86986,125287,51,12,1934,4.0,7,9,2,324.2298567374695,5,145.0,164.0,19.0,8.631578947368421,19.0,0.8,29.0,19.0,1
test,3,53560,86986,86986,125287,51,12,1934,4.0,7,9,2,434.43692803955383,19,299.0,451.0,152.0,2.9671052631578947,57.0,0.5789473684210527,15.736842105263158,19.0,3
train,3,53560,86986,86986,125287,52,12,413,4.0,4,9,2,324.2298567374695,5,145.0,164.0,19.0,8.631578947368421,19.0,0.8,29.0,19.0,1
test,3,53560,86986,86986,125287,52,12,413,4.0,4,9,2,166.93678111455512,11,151.0,246.0,95.0,2.5894736842105264,57.0,0.5454545454545454,13.727272727272727,19.0,3
train,3,53560,86986,86986,125287,53,12,437,4.25,7,9,2,324.2298567374695,5,145.0,164.0,19.0,8.631578947368421,19.0,0.8,29.0,19.0,1
test,3,53560,86986,86986,125287,53,12,437,4.25,7,9,2,166.93678111455512,11,151.0,246.0,95.0,2.5894736842105264,57.0,0.5454545454545454,13.727272727272727,19.0,3
train,3,53560,86986,86986,125287,54,12,1878,4.0,3,9,2,324.2298567374695,5,145.0,164.0,19.0,8.631578947368421,19.0,0.8,29.0,19.0,1
test,3,53560,86986,86986,125287,54,12,1878,4.0,3,9,2,417.3993557999608,20,280.0,451.0,171.0,2.6374269005847952,73.0,0.55,14.0,19.0,3
train,3,53560,86986,86986,125287,55,12,1971,4.25,7,9,2,324.2298567374695,5,145.0,164.0,19.0,8.631578947368421,19.0,0.8,29.0,19.0,1
test,3,53560,86986,86986,125287,55,12,1971,4.25,7,9,2,434.43692803955383,19,299.0,451.0,152.0,2.9671052631578947,57.0,0.5789473684210527,15.736842105263158,19.0,3
train,3,53560,86986,86986,125287,56,12,364,4.0,5,9,2,324.2298567374695,5,145.0,164.0,19.0,8.631578947368421,19.0,0.8,29.0,19.0,1
test,3,53560,86986,86986,125287,56,12,364,4.0,5,9,2,166.93678111455512,11,151.0,246.0,95.0,2.5894736842105264,57.0,0.5454545454545454,13.727272727272727,19.0,3
train,3,53560,86986,86986,125287,57,12,567,4.0,2,9,2,324.2298567374695,5,145.0,164.0,19.0,8.631578947368421,19.0,0.8,29.0,19.0,1
test,3,53560,86986,86986,125287,57,12,567,4.0,2,9,2,174.28425057933376,15,135.0,287.0,152.0,1.888157894736842,73.0,0.4666666666666667,9.0,19.0,3
train,3,53560,86986,86986,125287,58,12,1657,4.0,2,9,2,324.2298567374695,5,145.0,164.0,19.0,8.631578947368421,19.0,0.8,29.0,19.0,1
test,3,53560,86986,86986,125287,58,12,1657,4.0,2,9,2,417.3993557999608,20,280.0,451.0,171.0,2.6374269005847952,73.0,0.55,14.0,19.0,3
train,3,53560,86986,86986,125287,59,12,393,4.0,7,9,2,324.2298567374695,5,145.0,164.0,19.0,8.631578947368421,19.0,0.8,29.0,19.0,1
test,3,53560,86986,86986,125287,59,12,393,4.0,7,9,2,268.79360111431225,10,170.0,246.0,76.0,3.236842105263158,38.0,0.6,17.0,19.0,2
train,3,53560,86986,86986,125287,60,12,413,4.0,7,9,2,324.2298567374695,5,145.0,164.0,19.0,8.631578947368421,19.0,0.8,29.0,19.0,1
test,3,53560,86986,86986,125287,60,12,413,4.0,7,9,2,268.79360111431225,10,170.0,246.0,76.0,3.236842105263158,38.0,0.6,17.0,19.0,2
train,3,53560,86986,86986,125287,61,12,530,3.5,6,9,2,324.2298567374695,5,145.0,164.0,19.0,8.631578947368421,19.0,0.8,29.0,19.0,1
test,3,53560,86986,86986,125287,61,12,530,3.5,6,9,2,174.28425057933376,15,135.0,287.0,152.0,1.888157894736842,73.0,0.4666666666666667,9.0,19.0,3
train,3,53560,86986,86986,125287,62,12,530,3.5,6,9,2,324.2298567374695,5,145.0,164.0,19.0,8.631578947368421,19.0,0.8,29.0,19.0,1
test,3,53560,86986,86986,125287,62,12,530,3.5,6,9,2,174.28425057933376,15,135.0,287.0,152.0,1.888157894736842,73.0,0.4666666666666667,9.0,19.0,3
train,3,53560,86986,86986,125287,63,12,413,4.0,8,9,2,324.2298567374695,5,145.0,164.0,19.0,8.631578947368421,19.0,0.8,29.0,19.0,1
test,3,53560,86986,86986,125287,63,12,413,4.0,8,9,2,283.5,9,189.0,246.0,57.0,4.315789473684211,38.0,0.6666666666666666,21.0,19.0,2
train,3,53560,86986,86986,125287,64,12,530,5.25,4,9,2,324.2298567374695,5,145.0,164.0,19.0,8.631578947368421,19.0,0.8,29.0,19.0,1
test,3,53560,86986,86986,125287,64,12,530,5.25,4,9,2,174.28425057933376,15,135.0,287.0,152.0,1.888157894736842,73.0,0.4666666666666667,9.0,19.0,3
train,3,53560,86986,86986,125287,65,12,375,4.25,7,9,2,324.2298567374695,5,145.0,164.0,19.0,8.631578947368421,19.0,0.8,29.0,19.0,1
test,3,53560,86986,86986,125287,65,12,375,4.25,7,9,2,268.79360111431225,10,170.0,246.0,76.0,3.236842105263158,38.0,0.6,17.0,19.0,2
train,3,53560,86986,86986,125287,66,12,389,4.5,3,9,2,324.2298567374695,5,145.0,164.0,19.0,8.631578947368421,19.0,0.8,29.0,19.0,1
test,3,53560,86986,86986,125287,66,12,389,4.5,3,9,2,166.93678111455512,11,151.0,246.0,95.0,2.5894736842105264,57.0,0.5454545454545454,13.727272727272727,19.0,3
train,3,53560,86986,86986,125287,67,12,540,3.75,7,9,2,324.2298567374695,5,145.0,164.0,19.0,8.631578947368421,19.0,0.8,29.0,19.0,1
test,3,53560,86986,86986,125287,67,12,540,3.75,7,9,2,192.07174585439566,14,154.0,287.0,133.0,2.1578947368421053,57.0,0.5,11.0,19.0,3
train,3,53560,86986,86986,125287,68,12,530,4.5,8,9,2,324.2298567374695,5,145.0,164.0,19.0,8.631578947368421,19.0,0.8,29.0,19.0,1
test,3,53560,86986,86986,125287,68,12,530,4.5,8,9,2,125.20258583591634,11,151.0,246.0,95.0,2.5894736842105264,76.0,0.5454545454545454,13.727272727272727,19.0,4
train,3,53560,86986,86986,125287,69,12,389,4.0,3,9,2,324.2298567374695,5,145.0,164.0,19.0,8.631578947368421,19.0,0.8,29.0,19.0,1
test,3,53560,86986,86986,125287,69,12,389,4.0,3,9,2,166.93678111455512,11,151.0,246.0,95.0,2.5894736842105264,57.0,0.5454545454545454,13.727272727272727,19.0,3
train,3,53560,86986,86986,125287,70,11,413,4.5,3,9,2,324.2298567374695,5,145.0,164.0,19.0,8.631578947368421,19.0,0.8,29.0,19.0,1
test,3,53560,86986,86986,125287,70,11,413,4.5,3,9,2,146.37110370561533,18,138.0,328.0,190.0,1.7263157894736842,76.0,0.4444444444444444,7.666666666666667,19.0,4
train,3,53560,86986,86986,125287,71,12,561,3.75,7,9,2,324.2298567374695,5,145.0,164.0,19.0,8.631578947368421,19.0,0.8,29.0,19.0,1
test,3,53560,86986,86986,125287,71,12,561,3.75,7,9,2,192.07174585439566,14,154.0,287.0,133.0,2.1578947368421053,57.0,0.5,11.0,19.0,3
train,3,53560,86986,86986,125287,72,12,413,4.0,8,9,2,324.2298567374695,5,145.0,164.0,19.0,8.631578947368421,19.0,0.8,29.0,19.0,1
test,3,53560,86986,86986,125287,72,12,413,4.0,8,9,2,283.5,9,189.0,246.0,57.0,4.315789473684211,38.0,0.6666666666666666,21.0,19.0,2
train,3,53560,86986,86986,125287,73,12,413,4.25,8,9,2,324.2298567374695,5,145.0,164.0,19.0,8.631578947368421,19.0,0.8,29.0,19.0,1
test,3,53560,86986,86986,125287,73,12,413,4.25,8,9,2,283.5,9,189.0,246.0,57.0,4.315789473684211,38.0,0.6666666666666666,21.0,19.0,2
train,3,53560,86986,86986,125287,74,12,364,3.75,3,9,2,324.2298567374695,5,145.0,164.0,19.0,8.631578947368421,19.0,0.8,29.0,19.0,1
test,3,53560,86986,86986,125287,74,12,364,3.75,3,9,2,166.93678111455512,11,151.0,246.0,95.0,2.5894736842105264,57.0,0.5454545454545454,13.727272727272727,19.0,3
train,3,53560,86986,86986,125287,75,12,463,4.0,7,9,2,324.2298567374695,5,145.0,164.0,19.0,8.631578947368421,19.0,0.8,29.0,19.0,1
test,3,53560,86986,86986,125287,75,12,463,4.0,7,9,2,114.31535329954589,12,132.0,246.0,114.0,2.1578947368421053,76.0,0.5,11.0,19.0,4
train,3,53560,86986,86986,125287,76,12,408,4.0,7,9,2,324.2298567374695,5,145.0,164.0,19.0,8.631578947368421,19.0,0.8,29.0,19.0,1
test,3,53560,86986,86986,125287,76,12,408,4.0,7,9,2,268.79360111431225,10,170.0,246.0,76.0,3.236842105263158,38.0,0.6,17.0,19.0,2
train,3,53560,86986,86986,125287,77,12,463,4.0,7,9,2,324.2298567374695,5,145.0,164.0,19.0,8.631578947368421,19.0,0.8,29.0,19.0,1
test,3,53560,86986,86986,125287,77,12,463,4.0,7,9,2,114.31535329954589,12,132.0,246.0,114.0,2.1578947368421053,76.0,0.5,11.0,19.0,4
train,3,53560,86986,86986,125287,78,12,413,3.75,8,9,2,324.2298567374695,5,145.0,164.0,19.0,8.631578947368421,19.0,0.8,29.0,19.0,1
test,3,53560,86986,86986,125287,78,12,413,3.75,8,9,2,268.79360111431225,10,170.0,246.0,76.0,3.236842105263158,38.0,0.6,17.0,19.0,2
train,3,53560,86986,86986,125287,79,12,400,4.0,6,9,2,324.2298567374695,5,145.0,164.0,19.0,8.631578947368421,19.0,0.8,29.0,19.0,1
test,3,53560,86986,86986,125287,79,12,400,4.0,6,9,2,166.93678111455512,11,151.0,246.0,95.0,2.5894736842105264,57.0,0.5454545454545454,13.727272727272727,19.0,3
train,3,53560,86986,86986,125287,80,12,408,3.75,2,9,2,324.2298567374695,5,145.0,164.0,19.0,8.631578947368421,19.0,0.8,29.0,19.0,1
test,3,53560,86986,86986,125287,80,12,408,3.75,2,9,2,166.93678111455512,11,151.0,246.0,95.0,2.5894736842105264,57.0,0.5454545454545454,13.727272727272727,19.0,3
train,3,53560,86986,86986,125287,81,12,413,3.75,2,9,2,324.2298567374695,5,145.0,164.0,19.0,8.631578947368421,19.0,0.8,29.0,19.0,1
test,3,53560,86986,86986,125287,81,12,413,3.75,2,9,2,166.93678111455512,11,151.0,246.0,95.0,2.5894736842105264,57.0,0.5454545454545454,13.727272727272727,19.0,3
train,3,53560,86986,86986,125287,82,12,389,4.0,7,9,2,324.2298567374695,5,145.0,164.0,19.0,8.631578947368421,19.0,0.8,29.0,19.0,1
test,3,53560,86986,86986,125287,82,12,389,4.0,7,9,2,268.79360111431225,10,170.0,246.0,76.0,3.236842105263158,38.0,0.6,17.0,19.0,2
train,3,53560,86986,86986,125287,83,12,463,3.75,8,9,2,324.2298567374695,5,145.0,164.0,19.0,8.631578947368421,19.0,0.8,29.0,19.0,1
test,3,53560,86986,86986,125287,83,12,463,3.75,8,9,2,114.31535329954589,12,132.0,246.0,114.0,2.1578947368421053,76.0,0.5,11.0,19.0,4
train,3,53560,86986,86986,125287,84,12,389,4.0,6,9,2,324.2298567374695,5,145.0,164.0,19.0,8.631578947368421,19.0,0.8,29.0,19.0,1
test,3,53560,86986,86986,125287,84,12,389,4.0,6,9,2,166.93678111455512,11,151.0,246.0,95.0,2.5894736842105264,57.0,0.5454545454545454,13.727272727272727,19.0,3
train,3,53560,86986,86986,125287,85,12,393,3.75,8,9,2,324.2298567374695,5,145.0,164.0,19.0,8.631578947368421,19.0,0.8,29.0,19.0,1
test,3,53560,86986,86986,125287,85,12,393,3.75,8,9,2,268.79360111431225,10,170.0,246.0,76.0,3.236842105263158,38.0,0.6,17.0,19.0,2
train,3,53560,86986,86986,125287,86,12,530,3.75,1,9,2,324.2298567374695,5,145.0,164.0,19.0,8.631578947368421,19.0,0.8,29.0,19.0,1
test,3,53560,86986,86986,125287,86,12,530,3.75,1,9,2,234.66666666666666,16,176.0,328.0,152.0,2.1578947368421053,73.0,0.5,11.0,19.0,3
train,3,53560,86986,86986,125287,87,12,361,3.75,3,9,2,324.2298567374695,5,145.0,164.0,19.0,8.631578947368421,19.0,0.8,29.0,19.0,1
test,3,53560,86986,86986,125287,87,12,361,3.75,3,9,2,166.93678111455512,11,151.0,246.0,95.0,2.5894736842105264,57.0,0.5454545454545454,13.727272727272727,19.0,3
train,3,53560,86986,86986,125287,88,12,389,3.75,2,9,2,324.2298567374695,5,145.0,164.0,19.0,8.631578947368421,19.0,0.8,29.0,19.0,1
test,3,53560,86986,86986,125287,88,12,389,3.75,2,9,2,166.93678111455512,11,151.0,246.0,95.0,2.5894736842105264,57.0,0.5454545454545454,13.727272727272727,19.0,3
train,3,53560,86986,86986,125287,89,12,361,4.0,8,9,2,324.2298567374695,5,145.0,164.0,19.0,8.631578947368421,19.0,0.8,29.0,19.0,1
test,3,53560,86986,86986,125287,89,12,361,4.0,8,9,2,283.5,9,189.0,246.0,57.0,4.315789473684211,38.0,0.6666666666666666,21.0,19.0,2
train,3,53560,86986,86986,125287,90,12,371,4.0,2,9,2,324.2298567374695,5,145.0,164.0,19.0,8.631578947368421,19.0,0.8,29.0,19.0,1
test,3,53560,86986,86986,125287,90,12,371,4.0,2,9,2,166.93678111455512,11,151.0,246.0,95.0,2.5894736842105264,57.0,0.5454545454545454,13.727272727272727,19.0,3
train,3,53560,86986,86986,125287,91,12,385,4.25,2,9,2,324.2298567374695,5,145.0,164.0,19.0,8.631578947368421,19.0,0.8,29.0,19.0,1
test,3,53560,86986,86986,125287,91,12,385,4.25,2,9,2,166.93678111455512,11,151.0,246.0,95.0,2.5894736842105264,57.0,0.5454545454545454,13.727272727272727,19.0,3
train,3,53560,86986,86986,125287,92,12,361,4.0,8,9,2,324.2298567374695,5,145.0,164.0,19.0,8.631578947368421,19.0,0.8,29.0,19.0,1
test,3,53560,86986,86986,125287,92,12,361,4.0,8,9,2,283.5,9,189.0,246.0,57.0,4.315789473684211,38.0,0.6666666666666666,21.0,19.0,2
train,3,53560,86986,86986,125287,93,12,361,3.75,2,9,2,324.2298567374695,5,145.0,164.0,19.0,8.631578947368421,19.0,0.8,29.0,19.0,1
test,3,53560,86986,86986,125287,93,12,361,3.75,2,9,2,166.93678111455512,11,151.0,246.0,95.0,2.5894736842105264,57.0,0.5454545454545454,13.727272727272727,19.0,3
train,3,53560,86986,86986,125287,94,12,530,4.25,7,9,2,324.2298567374695,5,145.0,164.0,19.0,8.631578947368421,19.0,0.8,29.0,19.0,1
test,3,53560,86986,86986,125287,94,12,530,4.25,7,9,2,192.07174585439566,14,154.0,287.0,133.0,2.1578947368421053,57.0,0.5,11.0,19.0,3
train,3,53560,86986,86986,125287,95,12,361,4.0,2,9,2,324.2298567374695,5,145.0,164.0,19.0,8.631578947368421,19.0,0.8,29.0,19.0,1
test,3,53560,86986,86986,125287,95,12,361,4.0,2,9,2,166.93678111455512,11,151.0,246.0,95.0,2.5894736842105264,57.0,0.5454545454545454,13.727272727272727,19.0,3
train,3,53560,86986,86986,125287,96,12,361,4.25,7,9,2,324.2298567374695,5,145.0,164.0,19.0,8.631578947368421,19.0,0.8,29.0,19.0,1
test,3,53560,86986,86986,125287,96,12,361,4.25,7,9,2,268.79360111431225,10,170.0,246.0,76.0,3.236842105263158,38.0,0.6,17.0,19.0,2
train,3,53560,86986,86986,125287,97,12,361,4.0,3,9,2,324.2298567374695,5,145.0,164.0,19.0,8.631578947368421,19.0,0.8,29.0,19.0,1
test,3,53560,86986,86986,125287,97,12,361,4.0,3,9,2,166.93678111455512,11,151.0,246.0,95.0,2.5894736842105264,57.0,0.5454545454545454,13.727272727272727,19.0,3
train,3,53560,86986,86986,125287,98,12,389,4.25,2,9,2,324.2298567374695,5,145.0,164.0,19.0,8.631578947368421,19.0,0.8,29.0,19.0,1
test,3,53560,86986,86986,125287,98,12,389,4.25,2,9,2,166.93678111455512,11,151.0,246.0,95.0,2.5894736842105264,57.0,0.5454545454545454,13.727272727272727,19.0,3
train,3,53560,86986,86986,125287,99,12,389,3.5,1,9,2,324.2298567374695,5,145.0,164.0,19.0,8.631578947368421,19.0,0.8,29.0,19.0,1
test,3,53560,86986,86986,125287,99,12,389,3.5,1,9,2,166.93678111455512,11,151.0,246.0,95.0,2.5894736842105264,57.0,0.5454545454545454,13.727272727272727,19.0,3
train,3,53560,86986,86986,125287,100,12,389,3.75,2,9,2,324.2298567374695,5,145.0,164.0,19.0,8.631578947368421,19.0,0.8,29.0,19.0,1
test,3,53560,86986,86986,125287,100,12,389,3.75,2,9,2,166.93678111455512,11,151.0,246.0,95.0,2.5894736842105264,57.0,0.5454545454545454,13.727272727272727,19.0,3
train,4,86986,125287,125287,130699,0,12,2050,3.75,7,12,4,432.0,16,216.0,448.0,232.0,1.9310344827586208,60.0,0.5,13.5,29.0,2
test,4,86986,125287,125287,130699,0,12,2050,3.75,7,12,4,-1000.0,0,0.0,0.0,0.0,inf,0.0,0.0,0.0,0.0,0
train,4,86986,125287,125287,130699,1,13,2226,7.5,7,12,2,399.6532872378257,11,241.0,336.0,95.0,3.536842105263158,38.0,0.5454545454545454,21.90909090909091,19.0,2
test,4,86986,125287,125287,130699,1,13,2226,7.5,7,12,2,-1000.0,0,0.0,0.0,0.0,inf,0.0,0.0,0.0,0.0,0
train,4,86986,125287,125287,130699,2,13,2697,5.25,9,4,5,348.5685011586675,15,90.0,192.0,102.0,1.8823529411764706,52.0,0.8,6.0,34.0,1
test,4,86986,125287,125287,130699,2,13,2697,5.25,9,4,5,-1000.0,0,0.0,0.0,0.0,inf,0.0,0.0,0.0,0.0,0
train,4,86986,125287,125287,130699,3,13,2697,5.25,9,4,2,522.8527517380013,15,135.0,192.0,57.0,3.3684210526315788,22.0,0.8,9.0,19.0,1
test,4,86986,125287,125287,130699,3,13,2697,5.25,9,4,2,-1000.0,0,0.0,0.0,0.0,inf,0.0,0.0,0.0,0.0,0
train,4,86986,125287,125287,130699,4,15,2165,9.0,2,4,2,371.3717813727909,13,103.0,160.0,57.0,2.807017543859649,19.0,0.7692307692307693,7.923076923076923,19.0,1
test,4,86986,125287,125287,130699,4,15,2165,9.0,2,4,2,-1000.0,0,0.0,0.0,0.0,inf,0.0,0.0,0.0,0.0,0
train,4,86986,125287,125287,130699,5,12,1851,9.0,5,14,4,416.2364111896027,11,251.0,396.0,145.0,2.731034482758621,58.0,0.5454545454545454,22.818181818181817,29.0,2
test,4,86986,125287,125287,130699,5,12,1851,9.0,5,14,4,-1000.0,0,0.0,0.0,0.0,inf,0.0,0.0,0.0,0.0,0
train,4,86986,125287,125287,130699,6,12,1667,3.75,1,12,2,456.2314227572572,19,314.0,504.0,190.0,2.6526315789473682,57.0,0.47368421052631576,16.526315789473685,19.0,3
test,4,86986,125287,125287,130699,6,12,1667,3.75,1,12,2,-1000.0,0,0.0,0.0,0.0,inf,0.0,0.0,0.0,0.0,0
train,4,86986,125287,125287,130699,7,12,3054,3.25,7,12,2,592.0,16,296.0,448.0,152.0,2.9473684210526314,38.0,0.5,18.5,19.0,2
test,4,86986,125287,125287,130699,7,12,3054,3.25,7,12,2,-1000.0,0,0.0,0.0,0.0,inf,0.0,0.0,0.0,0.0,0
train,4,86986,125287,125287,130699,8,12,1851,3.75,7,12,2,592.0,16,296.0,448.0,152.0,2.9473684210526314,38.0,0.5,18.5,19.0,2
test,4,86986,125287,125287,130699,8,12,1851,3.75,7,12,2,-1000.0,0,0.0,0.0,0.0,inf,0.0,0.0,0.0,0.0,0
train,4,86986,125287,125287,130699,9,12,1841,3.25,7,12,2,592.0,16,296.0,448.0,152.0,2.9473684210526314,38.0,0.5,18.5,19.0,2
test,4,86986,125287,125287,130699,9,12,1841,3.25,7,12,2,-1000.0,0,0.0,0.0,0.0,inf,0.0,0.0,0.0,0.0,0
train,4,86986,125287,125287,130699,10,12,2697,3.75,7,12,2,592.0,16,296.0,448.0,152.0,2.9473684210526314,38.0,0.5,18.5,19.0,2
test,4,86986,125287,125287,130699,10,12,2697,3.75,7,12,2,-1000.0,0,0.0,0.0,0.0,inf,0.0,0.0,0.0,0.0,0
train,4,86986,125287,125287,130699,11,12,1841,4.0,7,12,2,592.0,16,296.0,448.0,152.0,2.9473684210526314,38.0,0.5,18.5,19.0,2
test,4,86986,125287,125287,130699,11,12,1841,4.0,7,12,2,-1000.0,0,0.0,0.0,0.0,inf,0.0,0.0,0.0,0.0,0
train,4,86986,125287,125287,130699,12,12,2943,3.25,7,12,2,592.0,16,296.0,448.0,152.0,2.9473684210526314,38.0,0.5,18.5,19.0,2
test,4,86986,125287,125287,130699,12,12,2943,3.25,7,12,2,-1000.0,0,0.0,0.0,0.0,inf,0.0,0.0,0.0,0.0,0
train,4,86986,125287,125287,130699,13,12,3054,3.25,7,12,2,592.0,16,296.0,448.0,152.0,2.9473684210526314,38.0,0.5,18.5,19.0,2
test,4,86986,125287,125287,130699,13,12,3054,3.25,7,12,2,-1000.0,0,0.0,0.0,0.0,inf,0.0,0.0,0.0,0.0,0
train,4,86986,125287,125287,130699,14,12,1851,4.0,7,12,2,592.0,16,296.0,448.0,152.0,2.9473684210526314,38.0,0.5,18.5,19.0,2
test,4,86986,125287,125287,130699,14,12,1851,4.0,7,12,2,-1000.0,0,0.0,0.0,0.0,inf,0.0,0.0,0.0,0.0,0
train,4,86986,125287,125287,130699,15,12,3054,3.75,7,12,2,592.0,16,296.0,448.0,152.0,2.9473684210526314,38.0,0.5,18.5,19.0,2
test,4,86986,125287,125287,130699,15,12,3054,3.75,7,12,2,-1000.0,0,0.0,0.0,0.0,inf,0.0,0.0,0.0,0.0,0
train,4,86986,125287,125287,130699,16,12,1841,3.25,7,12,2,592.0,16,296.0,448.0,152.0,2.9473684210526314,38.0,0.5,18.5,19.0,2
test,4,86986,125287,125287,130699,16,12,1841,3.25,7,12,2,-1000.0,0,0.0,0.0,0.0,inf,0.0,0.0,0.0,0.0,0
train,4,86986,125287,125287,130699,17,12,1841,3.75,7,12,2,592.0,16,296.0,448.0,152.0,2.9473684210526314,38.0,0.5,18.5,19.0,2
test,4,86986,125287,125287,130699,17,12,1841,3.75,7,12,2,-1000.0,0,0.0,0.0,0.0,inf,0.0,0.0,0.0,0.0,0
train,4,86986,125287,125287,130699,18,12,1841,3.0,7,12,2,592.0,16,296.0,448.0,152.0,2.9473684210526314,38.0,0.5,18.5,19.0,2
test,4,86986,125287,125287,130699,18,12,1841,3.0,7,12,2,-1000.0,0,0.0,0.0,0.0,inf,0.0,0.0,0.0,0.0,0
train,4,86986,125287,125287,130699,19,12,2943,3.0,7,12,2,592.0,16,296.0,448.0,152.0,2.9473684210526314,38.0,0.5,18.5,19.0,2
test,4,86986,125287,125287,130699,19,12,2943,3.0,7,12,2,-1000.0,0,0.0,0.0,0.0,inf,0.0,0.0,0.0,0.0,0
train,4,86986,125287,125287,130699,20,12,1859,3.5,7,12,2,592.0,16,296.0,448.0,152.0,2.9473684210526314,38.0,0.5,18.5,19.0,2
test,4,86986,125287,125287,130699,20,12,1859,3.5,7,12,2,-1000.0,0,0.0,0.0,0.0,inf,0.0,0.0,0.0,0.0,0
train,4,86986,125287,125287,130699,21,12,1851,4.0,7,12,2,592.0,16,296.0,448.0,152.0,2.9473684210526314,38.0,0.5,18.5,19.0,2
test,4,86986,125287,125287,130699,21,12,1851,4.0,7,12,2,-1000.0,0,0.0,0.0,0.0,inf,0.0,0.0,0.0,0.0,0
train,4,86986,125287,125287,130699,22,12,1841,3.75,7,12,2,592.0,16,296.0,448.0,152.0,2.9473684210526314,38.0,0.5,18.5,19.0,2
test,4,86986,125287,125287,130699,22,12,1841,3.75,7,12,2,-1000.0,0,0.0,0.0,0.0,inf,0.0,0.0,0.0,0.0,0
train,4,86986,125287,125287,130699,23,12,1851,3.5,7,12,2,592.0,16,296.0,448.0,152.0,2.9473684210526314,38.0,0.5,18.5,19.0,2
test,4,86986,125287,125287,130699,23,12,1851,3.5,7,12,2,-1000.0,0,0.0,0.0,0.0,inf,0.0,0.0,0.0,0.0,0
train,4,86986,125287,125287,130699,24,12,1776,3.75,7,12,2,592.0,16,296.0,448.0,152.0,2.9473684210526314,38.0,0.5,18.5,19.0,2
test,4,86986,125287,125287,130699,24,12,1776,3.75,7,12,2,-1000.0,0,0.0,0.0,0.0,inf,0.0,0.0,0.0,0.0,0
train,4,86986,125287,125287,130699,25,12,1906,3.75,7,12,2,592.0,16,296.0,448.0,152.0,2.9473684210526314,38.0,0.5,18.5,19.0,2
test,4,86986,125287,125287,130699,25,12,1906,3.75,7,12,2,-1000.0,0,0.0,0.0,0.0,inf,0.0,0.0,0.0,0.0,0
train,4,86986,125287,125287,130699,26,12,1665,4.0,7,12,2,592.0,16,296.0,448.0,152.0,2.9473684210526314,38.0,0.5,18.5,19.0,2
test,4,86986,125287,125287,130699,26,12,1665,4.0,7,12,2,-1000.0,0,0.0,0.0,0.0,inf,0.0,0.0,0.0,0.0,0
train,4,86986,125287,125287,130699,27,12,1851,4.25,7,12,2,592.0,16,296.0,448.0,152.0,2.9473684210526314,38.0,0.5,18.5,19.0,2
test,4,86986,125287,125287,130699,27,12,1851,4.25,7,12,2,-1000.0,0,0.0,0.0,0.0,inf,0.0,0.0,0.0,0.0,0
train,4,86986,125287,125287,130699,28,12,1851,3.75,7,12,2,592.0,16,296.0,448.0,152.0,2.9473684210526314,38.0,0.5,18.5,19.0,2
test,4,86986,125287,125287,130699,28,12,1851,3.75,7,12,2,-1000.0,0,0.0,0.0,0.0,inf,0.0,0.0,0.0,0.0,0
train,4,86986,125287,125287,130699,29,12,2165,3.25,7,12,2,592.0,16,296.0,448.0,152.0,2.9473684210526314,38.0,0.5,18.5,19.0,2
test,4,86986,125287,125287,130699,29,12,2165,3.25,7,12,2,-1000.0,0,0.0,0.0,0.0,inf,0.0,0.0,0.0,0.0,0
train,4,86986,125287,125287,130699,30,12,2007,3.25,8,12,2,592.0,16,296.0,448.0,152.0,2.9473684210526314,38.0,0.5,18.5,19.0,2
test,4,86986,125287,125287,130699,30,12,2007,3.25,8,12,2,-1000.0,0,0.0,0.0,0.0,inf,0.0,0.0,0.0,0.0,0
train,4,86986,125287,125287,130699,31,12,2039,3.25,7,12,2,592.0,16,296.0,448.0,152.0,2.9473684210526314,38.0,0.5,18.5,19.0,2
test,4,86986,125287,125287,130699,31,12,2039,3.25,7,12,2,-1000.0,0,0.0,0.0,0.0,inf,0.0,0.0,0.0,0.0,0
train,4,86986,125287,125287,130699,32,12,1841,3.75,7,12,2,592.0,16,296.0,448.0,152.0,2.9473684210526314,38.0,0.5,18.5,19.0,2
test,4,86986,125287,125287,130699,32,12,1841,3.75,7,12,2,-1000.0,0,0.0,0.0,0.0,inf,0.0,0.0,0.0,0.0,0
train,4,86986,125287,125287,130699,33,12,1906,3.25,7,12,2,592.0,16,296.0,448.0,152.0,2.9473684210526314,38.0,0.5,18.5,19.0,2
test,4,86986,125287,125287,130699,33,12,1906,3.25,7,12,2,-1000.0,0,0.0,0.0,0.0,inf,0.0,0.0,0.0,0.0,0
train,4,86986,125287,125287,130699,34,12,1896,3.0,8,12,2,592.0,16,296.0,448.0,152.0,2.9473684210526314,38.0,0.5,18.5,19.0,2
test,4,86986,125287,125287,130699,34,12,1896,3.0,8,12,2,-1000.0,0,0.0,0.0,0.0,inf,0.0,0.0,0.0,0.0,0
train,4,86986,125287,125287,130699,35,12,2007,3.75,8,12,2,592.0,16,296.0,448.0,152.0,2.9473684210526314,38.0,0.5,18.5,19.0,2
test,4,86986,125287,125287,130699,35,12,2007,3.75,8,12,2,-1000.0,0,0.0,0.0,0.0,inf,0.0,0.0,0.0,0.0,0
train,4,86986,125287,125287,130699,36,12,1841,3.0,7,12,2,592.0,16,296.0,448.0,152.0,2.9473684210526314,38.0,0.5,18.5,19.0,2
test,4,86986,125287,125287,130699,36,12,1841,3.0,7,12,2,-1000.0,0,0.0,0.0,0.0,inf,0.0,0.0,0.0,0.0,0
train,4,86986,125287,125287,130699,37,12,2007,3.75,8,12,2,592.0,16,296.0,448.0,152.0,2.9473684210526314,38.0,0.5,18.5,19.0,2
test,4,86986,125287,125287,130699,37,12,2007,3.75,8,12,2,-1000.0,0,0.0,0.0,0.0,inf,0.0,0.0,0.0,0.0,0
train,4,86986,125287,125287,130699,38,12,1548,3.25,7,12,2,592.0,16,296.0,448.0,152.0,2.9473684210526314,38.0,0.5,18.5,19.0,2
test,4,86986,125287,125287,130699,38,12,1548,3.25,7,12,2,-1000.0,0,0.0,0.0,0.0,inf,0.0,0.0,0.0,0.0,0
train,4,86986,125287,125287,130699,39,12,1739,3.0,8,12,2,592.0,16,296.0,448.0,152.0,2.9473684210526314,38.0,0.5,18.5,19.0,2
test,4,86986,125287,125287,130699,39,12,1739,3.0,8,12,2,-1000.0,0,0.0,0.0,0.0,inf,0.0,0.0,0.0,0.0,0
train,4,86986,125287,125287,130699,40,12,1841,3.5,7,12,2,592.0,16,296.0,448.0,152.0,2.9473684210526314,38.0,0.5,18.5,19.0,2
test,4,86986,125287,125287,130699,40,12,1841,3.5,7,12,2,-1000.0,0,0.0,0.0,0.0,inf,0.0,0.0,0.0,0.0,0
train,4,86986,125287,125287,130699,41,12,1841,3.25,7,12,2,592.0,16,296.0,448.0,152.0,2.9473684210526314,38.0,0.5,18.5,19.0,2
test,4,86986,125287,125287,130699,41,12,1841,3.25,7,12,2,-1000.0,0,0.0,0.0,0.0,inf,0.0,0.0,0.0,0.0,0
train,4,86986,125287,125287,130699,42,12,2039,3.0,7,12,2,592.0,16,296.0,448.0,152.0,2.9473684210526314,38.0,0.5,18.5,19.0,2
test,4,86986,125287,125287,130699,42,12,2039,3.0,7,12,2,-1000.0,0,0.0,0.0,0.0,inf,0.0,0.0,0.0,0.0,0
train,4,86986,125287,125287,130699,43,12,1625,3.5,7,12,2,592.0,16,296.0,448.0,152.0,2.9473684210526314,38.0,0.5,18.5,19.0,2
test,4,86986,125287,125287,130699,43,12,1625,3.5,7,12,2,-1000.0,0,0.0,0.0,0.0,inf,0.0,0.0,0.0,0.0,0
train,4,86986,125287,125287,130699,44,12,1675,3.75,7,12,2,592.0,16,296.0,448.0,152.0,2.9473684210526314,38.0,0.5,18.5,19.0,2
test,4,86986,125287,125287,130699,44,12,1675,3.75,7,12,2,-1000.0,0,0.0,0.0,0.0,inf,0.0,0.0,0.0,0.0,0
train,4,86986,125287,125287,130699,45,12,1933,3.5,7,12,2,592.0,16,296.0,448.0,152.0,2.9473684210526314,38.0,0.5,18.5,19.0,2
test,4,86986,125287,125287,130699,45,12,1933,3.5,7,12,2,-1000.0,0,0.0,0.0,0.0,inf,0.0,0.0,0.0,0.0,0
train,4,86986,125287,125287,130699,46,12,2186,3.0,7,12,2,592.0,16,296.0,448.0,152.0,2.9473684210526314,38.0,0.5,18.5,19.0,2
test,4,86986,125287,125287,130699,46,12,2186,3.0,7,12,2,-1000.0,0,0.0,0.0,0.0,inf,0.0,0.0,0.0,0.0,0
train,4,86986,125287,125287,130699,47,12,2039,3.25,7,12,2,592.0,16,296.0,448.0,152.0,2.9473684210526314,38.0,0.5,18.5,19.0,2
test,4,86986,125287,125287,130699,47,12,2039,3.25,7,12,2,-1000.0,0,0.0,0.0,0.0,inf,0.0,0.0,0.0,0.0,0
train,4,86986,125287,125287,130699,48,12,1625,3.25,7,12,2,592.0,16,296.0,448.0,152.0,2.9473684210526314,38.0,0.5,18.5,19.0,2
test,4,86986,125287,125287,130699,48,12,1625,3.25,7,12,2,-1000.0,0,0.0,0.0,0.0,inf,0.0,0.0,0.0,0.0,0
train,4,86986,125287,125287,130699,49,12,1914,3.25,7,12,2,592.0,16,296.0,448.0,152.0,2.9473684210526314,38.0,0.5,18.5,19.0,2
test,4,86986,125287,125287,130699,49,12,1914,3.25,7,12,2,-1000.0,0,0.0,0.0,0.0,inf,0.0,0.0,0.0,0.0,0
train,4,86986,125287,125287,130699,50,12,1739,3.25,7,12,2,592.0,16,296.0,448.0,152.0,2.9473684210526314,38.0,0.5,18.5,19.0,2
test,4,86986,125287,125287,130699,50,12,1739,3.25,7,12,2,-1000.0,0,0.0,0.0,0.0,inf,0.0,0.0,0.0,0.0,0
train,4,86986,125287,125287,130699,51,12,2186,3.25,7,12,2,592.0,16,296.0,448.0,152.0,2.9473684210526314,38.0,0.5,18.5,19.0,2
test,4,86986,125287,125287,130699,51,12,2186,3.25,7,12,2,-1000.0,0,0.0,0.0,0.0,inf,0.0,0.0,0.0,0.0,0
train,4,86986,125287,125287,130699,52,12,1989,3.5,7,12,2,592.0,16,296.0,448.0,152.0,2.9473684210526314,38.0,0.5,18.5,19.0,2
test,4,86986,125287,125287,130699,52,12,1989,3.5,7,12,2,-1000.0,0,0.0,0.0,0.0,inf,0.0,0.0,0.0,0.0,0
train,4,86986,125287,125287,130699,53,12,1971,3.25,8,12,2,592.0,16,296.0,448.0,152.0,2.9473684210526314,38.0,0.5,18.5,19.0,2
test,4,86986,125287,125287,130699,53,12,1971,3.25,8,12,2,-1000.0,0,0.0,0.0,0.0,inf,0.0,0.0,0.0,0.0,0
train,4,86986,125287,125287,130699,54,12,2404,3.25,7,12,2,592.0,16,296.0,448.0,152.0,2.9473684210526314,38.0,0.5,18.5,19.0,2
test,4,86986,125287,125287,130699,54,12,2404,3.25,7,12,2,-1000.0,0,0.0,0.0,0.0,inf,0.0,0.0,0.0,0.0,0
train,4,86986,125287,125287,130699,55,12,1914,3.0,7,12,2,592.0,16,296.0,448.0,152.0,2.9473684210526314,38.0,0.5,18.5,19.0,2
test,4,86986,125287,125287,130699,55,12,1914,3.0,7,12,2,-1000.0,0,0.0,0.0,0.0,inf,0.0,0.0,0.0,0.0,0
train,4,86986,125287,125287,130699,56,12,2039,3.5,8,12,2,592.0,16,296.0,448.0,152.0,2.9473684210526314,38.0,0.5,18.5,19.0,2
test,4,86986,125287,125287,130699,56,12,2039,3.5,8,12,2,-1000.0,0,0.0,0.0,0.0,inf,0.0,0.0,0.0,0.0,0
train,4,86986,125287,125287,130699,57,12,2120,3.25,7,12,2,592.0,16,296.0,448.0,152.0,2.9473684210526314,38.0,0.5,18.5,19.0,2
test,4,86986,125287,125287,130699,57,12,2120,3.25,7,12,2,-1000.0,0,0.0,0.0,0.0,inf,0.0,0.0,0.0,0.0,0
train,4,86986,125287,125287,130699,58,12,1916,3.5,7,12,2,592.0,16,296.0,448.0,152.0,2.9473684210526314,38.0,0.5,18.5,19.0,2
test,4,86986,125287,125287,130699,58,12,1916,3.5,7,12,2,-1000.0,0,0.0,0.0,0.0,inf,0.0,0.0,0.0,0.0,0
train,4,86986,125287,125287,130699,59,12,2404,3.25,8,12,2,592.0,16,296.0,448.0,152.0,2.9473684210526314,38.0,0.5,18.5,19.0,2
test,4,86986,125287,125287,130699,59,12,2404,3.25,8,12,2,-1000.0,0,0.0,0.0,0.0,inf,0.0,0.0,0.0,0.0,0
train,4,86986,125287,125287,130699,60,12,1914,3.25,8,12,2,592.0,16,296.0,448.0,152.0,2.9473684210526314,38.0,0.5,18.5,19.0,2
test,4,86986,125287,125287,130699,60,12,1914,3.25,8,12,2,-1000.0,0,0.0,0.0,0.0,inf,0.0,0.0,0.0,0.0,0
train,4,86986,125287,125287,130699,61,12,1914,3.25,8,12,2,592.0,16,296.0,448.0,152.0,2.9473684210526314,38.0,0.5,18.5,19.0,2
test,4,86986,125287,125287,130699,61,12,1914,3.25,8,12,2,-1000.0,0,0.0,0.0,0.0,inf,0.0,0.0,0.0,0.0,0
train,4,86986,125287,125287,130699,62,12,1914,3.25,8,12,2,592.0,16,296.0,448.0,152.0,2.9473684210526314,38.0,0.5,18.5,19.0,2
test,4,86986,125287,125287,130699,62,12,1914,3.25,8,12,2,-1000.0,0,0.0,0.0,0.0,inf,0.0,0.0,0.0,0.0,0
train,4,86986,125287,125287,130699,63,12,2100,3.0,7,12,2,592.0,16,296.0,448.0,152.0,2.9473684210526314,38.0,0.5,18.5,19.0,2
test,4,86986,125287,125287,130699,63,12,2100,3.0,7,12,2,-1000.0,0,0.0,0.0,0.0,inf,0.0,0.0,0.0,0.0,0
train,4,86986,125287,125287,130699,64,12,1989,3.5,7,12,2,592.0,16,296.0,448.0,152.0,2.9473684210526314,38.0,0.5,18.5,19.0,2
test,4,86986,125287,125287,130699,64,12,1989,3.5,7,12,2,-1000.0,0,0.0,0.0,0.0,inf,0.0,0.0,0.0,0.0,0
train,4,86986,125287,125287,130699,65,12,2331,3.25,7,12,2,592.0,16,296.0,448.0,152.0,2.9473684210526314,38.0,0.5,18.5,19.0,2
test,4,86986,125287,125287,130699,65,12,2331,3.25,7,12,2,-1000.0,0,0.0,0.0,0.0,inf,0.0,0.0,0.0,0.0,0
train,4,86986,125287,125287,130699,66,12,2039,3.0,7,12,2,592.0,16,296.0,448.0,152.0,2.9473684210526314,38.0,0.5,18.5,19.0,2
test,4,86986,125287,125287,130699,66,12,2039,3.0,7,12,2,-1000.0,0,0.0,0.0,0.0,inf,0.0,0.0,0.0,0.0,0
train,4,86986,125287,125287,130699,67,12,1914,3.0,7,12,2,592.0,16,296.0,448.0,152.0,2.9473684210526314,38.0,0.5,18.5,19.0,2
test,4,86986,125287,125287,130699,67,12,1914,3.0,7,12,2,-1000.0,0,0.0,0.0,0.0,inf,0.0,0.0,0.0,0.0,0
train,4,86986,125287,125287,130699,68,12,2039,3.5,7,12,2,592.0,16,296.0,448.0,152.0,2.9473684210526314,38.0,0.5,18.5,19.0,2
test,4,86986,125287,125287,130699,68,12,2039,3.5,7,12,2,-1000.0,0,0.0,0.0,0.0,inf,0.0,0.0,0.0,0.0,0
train,4,86986,125287,125287,130699,69,12,1989,3.75,7,12,2,592.0,16,296.0,448.0,152.0,2.9473684210526314,38.0,0.5,18.5,19.0,2
test,4,86986,125287,125287,130699,69,12,1989,3.75,7,12,2,-1000.0,0,0.0,0.0,0.0,inf,0.0,0.0,0.0,0.0,0
train,4,86986,125287,125287,130699,70,12,1933,3.0,7,12,2,592.0,16,296.0,448.0,152.0,2.9473684210526314,38.0,0.5,18.5,19.0,2
test,4,86986,125287,125287,130699,70,12,1933,3.0,7,12,2,-1000.0,0,0.0,0.0,0.0,inf,0.0,0.0,0.0,0.0,0
train,4,86986,125287,125287,130699,71,12,2331,3.0,7,12,2,592.0,16,296.0,448.0,152.0,2.9473684210526314,38.0,0.5,18.5,19.0,2
test,4,86986,125287,125287,130699,71,12,2331,3.0,7,12,2,-1000.0,0,0.0,0.0,0.0,inf,0.0,0.0,0.0,0.0,0
train,4,86986,125287,125287,130699,72,12,2331,3.25,8,12,2,592.0,16,296.0,448.0,152.0,2.9473684210526314,38.0,0.5,18.5,19.0,2
test,4,86986,125287,125287,130699,72,12,2331,3.25,8,12,2,-1000.0,0,0.0,0.0,0.0,inf,0.0,0.0,0.0,0.0,0
train,4,86986,125287,125287,130699,73,12,1952,3.75,8,12,2,592.0,16,296.0,448.0,152.0,2.9473684210526314,38.0,0.5,18.5,19.0,2
test,4,86986,125287,125287,130699,73,12,1952,3.75,8,12,2,-1000.0,0,0.0,0.0,0.0,inf,0.0,0.0,0.0,0.0,0
train,4,86986,125287,125287,130699,74,12,2331,3.0,8,12,2,592.0,16,296.0,448.0,152.0,2.9473684210526314,38.0,0.5,18.5,19.0,2
test,4,86986,125287,125287,130699,74,12,2331,3.0,8,12,2,-1000.0,0,0.0,0.0,0.0,inf,0.0,0.0,0.0,0.0,0
train,4,86986,125287,125287,130699,75,12,2331,3.5,8,12,2,592.0,16,296.0,448.0,152.0,2.9473684210526314,38.0,0.5,18.5,19.0,2
test,4,86986,125287,125287,130699,75,12,2331,3.5,8,12,2,-1000.0,0,0.0,0.0,0.0,inf,0.0,0.0,0.0,0.0,0
train,4,86986,125287,125287,130699,76,12,2039,3.75,8,12,2,592.0,16,296.0,448.0,152.0,2.9473684210526314,38.0,0.5,18.5,19.0,2
test,4,86986,125287,125287,130699,76,12,2039,3.75,8,12,2,-1000.0,0,0.0,0.0,0.0,inf,0.0,0.0,0.0,0.0,0
train,4,86986,125287,125287,130699,77,12,2331,3.25,8,12,2,592.0,16,296.0,448.0,152.0,2.9473684210526314,38.0,0.5,18.5,19.0,2
test,4,86986,125287,125287,130699,77,12,2331,3.25,8,12,2,-1000.0,0,0.0,0.0,0.0,inf,0.0,0.0,0.0,0.0,0
train,4,86986,125287,125287,130699,78,12,2331,3.75,7,12,2,592.0,16,296.0,448.0,152.0,2.9473684210526314,38.0,0.5,18.5,19.0,2
test,4,86986,125287,125287,130699,78,12,2331,3.75,7,12,2,-1000.0,0,0.0,0.0,0.0,inf,0.0,0.0,0.0,0.0,0
train,4,86986,125287,125287,130699,79,12,1933,3.25,7,12,2,592.0,16,296.0,448.0,152.0,2.9473684210526314,38.0,0.5,18.5,19.0,2
test,4,86986,125287,125287,130699,79,12,1933,3.25,7,12,2,-1000.0,0,0.0,0.0,0.0,inf,0.0,0.0,0.0,0.0,0
train,4,86986,125287,125287,130699,80,12,2331,3.25,7,12,2,592.0,16,296.0,448.0,152.0,2.9473684210526314,38.0,0.5,18.5,19.0,2
test,4,86986,125287,125287,130699,80,12,2331,3.25,7,12,2,-1000.0,0,0.0,0.0,0.0,inf,0.0,0.0,0.0,0.0,0
train,4,86986,125287,125287,130699,81,12,2331,3.25,8,12,2,592.0,16,296.0,448.0,152.0,2.9473684210526314,38.0,0.5,18.5,19.0,2
test,4,86986,125287,125287,130699,81,12,2331,3.25,8,12,2,-1000.0,0,0.0,0.0,0.0,inf,0.0,0.0,0.0,0.0,0
train,4,86986,125287,125287,130699,82,12,1933,3.0,7,12,2,592.0,16,296.0,448.0,152.0,2.9473684210526314,38.0,0.5,18.5,19.0,2
test,4,86986,125287,125287,130699,82,12,1933,3.0,7,12,2,-1000.0,0,0.0,0.0,0.0,inf,0.0,0.0,0.0,0.0,0
train,4,86986,125287,125287,130699,83,12,2331,3.75,7,12,2,592.0,16,296.0,448.0,152.0,2.9473684210526314,38.0,0.5,18.5,19.0,2
test,4,86986,125287,125287,130699,83,12,2331,3.75,7,12,2,-1000.0,0,0.0,0.0,0.0,inf,0.0,0.0,0.0,0.0,0
train,4,86986,125287,125287,130699,84,12,2284,3.0,8,12,2,592.0,16,296.0,448.0,152.0,2.9473684210526314,38.0,0.5,18.5,19.0,2
test,4,86986,125287,125287,130699,84,12,2284,3.0,8,12,2,-1000.0,0,0.0,0.0,0.0,inf,0.0,0.0,0.0,0.0,0
train,4,86986,125287,125287,130699,85,12,1794,3.25,8,12,2,592.0,16,296.0,448.0,152.0,2.9473684210526314,38.0,0.5,18.5,19.0,2
test,4,86986,125287,125287,130699,85,12,1794,3.25,8,12,2,-1000.0,0,0.0,0.0,0.0,inf,0.0,0.0,0.0,0.0,0
train,4,86986,125287,125287,130699,86,12,2331,3.0,8,12,2,592.0,16,296.0,448.0,152.0,2.9473684210526314,38.0,0.5,18.5,19.0,2
test,4,86986,125287,125287,130699,86,12,2331,3.0,8,12,2,-1000.0,0,0.0,0.0,0.0,inf,0.0,0.0,0.0,0.0,0
train,4,86986,125287,125287,130699,87,12,1896,3.25,7,12,2,592.0,16,296.0,448.0,152.0,2.9473684210526314,38.0,0.5,18.5,19.0,2
test,4,86986,125287,125287,130699,87,12,1896,3.25,7,12,2,-1000.0,0,0.0,0.0,0.0,inf,0.0,0.0,0.0,0.0,0
train,4,86986,125287,125287,130699,88,12,2331,3.0,8,12,2,592.0,16,296.0,448.0,152.0,2.9473684210526314,38.0,0.5,18.5,19.0,2
test,4,86986,125287,125287,130699,88,12,2331,3.0,8,12,2,-1000.0,0,0.0,0.0,0.0,inf,0.0,0.0,0.0,0.0,0
train,4,86986,125287,125287,130699,89,12,2331,3.0,8,12,2,592.0,16,296.0,448.0,152.0,2.9473684210526314,38.0,0.5,18.5,19.0,2
test,4,86986,125287,125287,130699,89,12,2331,3.0,8,12,2,-1000.0,0,0.0,0.0,0.0,inf,0.0,0.0,0.0,0.0,0
train,4,86986,125287,125287,130699,90,12,1809,3.0,7,12,2,592.0,16,296.0,448.0,152.0,2.9473684210526314,38.0,0.5,18.5,19.0,2
test,4,86986,125287,125287,130699,90,12,1809,3.0,7,12,2,-1000.0,0,0.0,0.0,0.0,inf,0.0,0.0,0.0,0.0,0
train,4,86986,125287,125287,130699,91,12,1809,3.25,8,12,2,592.0,16,296.0,448.0,152.0,2.9473684210526314,38.0,0.5,18.5,19.0,2
test,4,86986,125287,125287,130699,91,12,1809,3.25,8,12,2,-1000.0,0,0.0,0.0,0.0,inf,0.0,0.0,0.0,0.0,0
train,4,86986,125287,125287,130699,92,12,2284,3.25,8,12,2,592.0,16,296.0,448.0,152.0,2.9473684210526314,38.0,0.5,18.5,19.0,2
test,4,86986,125287,125287,130699,92,12,2284,3.25,8,12,2,-1000.0,0,0.0,0.0,0.0,inf,0.0,0.0,0.0,0.0,0
train,4,86986,125287,125287,130699,93,12,2284,3.75,8,12,2,592.0,16,296.0,448.0,152.0,2.9473684210526314,38.0,0.5,18.5,19.0,2
test,4,86986,125287,125287,130699,93,12,2284,3.75,8,12,2,-1000.0,0,0.0,0.0,0.0,inf,0.0,0.0,0.0,0.0,0
train,4,86986,125287,125287,130699,94,12,1794,3.0,8,12,2,592.0,16,296.0,448.0,152.0,2.9473684210526314,38.0,0.5,18.5,19.0,2
test,4,86986,125287,125287,130699,94,12,1794,3.0,8,12,2,-1000.0,0,0.0,0.0,0.0,inf,0.0,0.0,0.0,0.0,0
train,4,86986,125287,125287,130699,95,12,1916,3.0,8,12,2,592.0,16,296.0,448.0,152.0,2.9473684210526314,38.0,0.5,18.5,19.0,2
test,4,86986,125287,125287,130699,95,12,1916,3.0,8,12,2,-1000.0,0,0.0,0.0,0.0,inf,0.0,0.0,0.0,0.0,0
train,4,86986,125287,125287,130699,96,12,1794,3.25,8,12,2,592.0,16,296.0,448.0,152.0,2.9473684210526314,38.0,0.5,18.5,19.0,2
test,4,86986,125287,125287,130699,96,12,1794,3.25,8,12,2,-1000.0,0,0.0,0.0,0.0,inf,0.0,0.0,0.0,0.0,0
train,4,86986,125287,125287,130699,97,12,1794,3.25,8,12,2,592.0,16,296.0,448.0,152.0,2.9473684210526314,38.0,0.5,18.5,19.0,2
test,4,86986,125287,125287,130699,97,12,1794,3.25,8,12,2,-1000.0,0,0.0,0.0,0.0,inf,0.0,0.0,0.0,0.0,0
train,4,86986,125287,125287,130699,98,12,1668,3.0,8,12,2,592.0,16,296.0,448.0,152.0,2.9473684210526314,38.0,0.5,18.5,19.0,2
test,4,86986,125287,125287,130699,98,12,1668,3.0,8,12,2,-1000.0,0,0.0,0.0,0.0,inf,0.0,0.0,0.0,0.0,0
train,4,86986,125287,125287,130699,99,12,2284,3.25,8,12,2,592.0,16,296.0,448.0,152.0,2.9473684210526314,38.0,0.5,18.5,19.0,2
test,4,86986,125287,125287,130699,99,12,2284,3.25,8,12,2,-1000.0,0,0.0,0.0,0.0,inf,0.0,0.0,0.0,0.0,0
train,4,86986,125287,125287,130699,100,12,1668,3.0,8,12,2,592.0,16,296.0,448.0,152.0,2.9473684210526314,38.0,0.5,18.5,19.0,2
test,4,86986,125287,125287,130699,100,12,1668,3.0,8,12,2,-1000.0,0,0.0,0.0,0.0,inf,0.0,0.0,0.0,0.0,0
