dataset_type,window_id,train_start,train_end,test_start,test_end,generation,min_impulse_candles,max_duration_ms,diagonal_imbalance_ratio_threshold,min_imbalance_count,take_profit_ticks,stop_loss_ticks,fitness,number_of_trades,net_profit,gross_profit,gross_loss,profit_factor,max_drawdown,win_rate,expectancy,biggest_loss,longest_losing_streak
train,1,0,22406,22406,53560,0,8,2034,6.0,5,7,7,-54.899339704590254,7,-83.0,93.0,176.0,0.5284090909090909,176.0,0.42857142857142855,-11.857142857142858,44.0,4
test,1,0,22406,22406,53560,0,8,2034,6.0,5,7,7,-313.0495168499706,20,-280.0,248.0,528.0,0.4696969696969697,347.0,0.4,-14.0,44.0,4
train,1,0,22406,22406,53560,1,8,2034,6.0,5,7,7,-54.899339704590254,7,-83.0,93.0,176.0,0.5284090909090909,176.0,0.42857142857142855,-11.857142857142858,44.0,4
test,1,0,22406,22406,53560,1,8,2034,6.0,5,7,7,-313.0495168499706,20,-280.0,248.0,528.0,0.4696969696969697,347.0,0.4,-14.0,44.0,4
train,1,0,22406,22406,53560,2,4,1694,8.75,4,8,9,81.0,9,54.0,216.0,162.0,1.3333333333333333,108.0,0.6666666666666666,6.0,54.0,2
test,1,0,22406,22406,53560,2,4,1694,8.75,4,8,9,-1038.5984402068011,32,-918.0,324.0,1242.0,0.2608695652173913,918.0,0.28125,-28.6875,54.0,5
train,1,0,22406,22406,53560,3,4,1694,8.75,4,8,7,6.0,9,4.0,180.0,176.0,1.0227272727272727,104.0,0.5555555555555556,0.4444444444444444,44.0,2
test,1,0,22406,22406,53560,3,4,1694,8.75,4,8,7,-778.3831447301516,32,-688.0,324.0,1012.0,0.3201581027667984,688.0,0.28125,-21.5,44.0,5
train,1,0,22406,22406,53560,4,6,565,4.25,4,8,5,100.62305898749054,20,90.0,396.0,306.0,1.2941176470588236,136.0,0.55,4.5,34.0,4
test,1,0,22406,22406,53560,4,6,565,4.25,4,8,5,-327.7002898991699,47,-478.0,576.0,1054.0,0.5464895635673624,552.0,0.3404255319148936,-10.170212765957446,34.0,10
train,1,0,22406,22406,53560,5,4,1308,8.75,4,8,7,15.874507866387544,7,12.0,144.0,132.0,1.0909090909090908,88.0,0.5714285714285714,1.7142857142857142,44.0,2
test,1,0,22406,22406,53560,5,4,1308,8.75,4,8,7,-717.1280499325068,31,-644.0,324.0,968.0,0.3347107438016529,644.0,0.2903225806451613,-20.774193548387096,44.0,5
train,1,0,22406,22406,53560,6,6,1308,8.75,4,8,7,137.17142559585795,6,56.0,144.0,88.0,1.6363636363636365,44.0,0.6666666666666666,9.333333333333334,44.0,1
test,1,0,22406,22406,53560,6,6,1308,8.75,4,8,7,-475.0,25,-380.0,324.0,704.0,0.4602272727272727,380.0,0.36,-15.2,44.0,4
train,1,0,22406,22406,53560,7,6,565,7.0,4,8,7,126.0317420335052,11,76.0,252.0,176.0,1.4318181818181819,104.0,0.6363636363636364,6.909090909090909,44.0,2
test,1,0,22406,22406,53560,7,6,565,7.0,4,8,7,-372.5217845978944,28,-352.0,396.0,748.0,0.5294117647058824,460.0,0.39285714285714285,-12.571428571428571,44.0,5
train,1,0,22406,22406,53560,8,6,610,8.75,4,8,7,137.17142559585795,6,56.0,144.0,88.0,1.6363636363636365,44.0,0.6666666666666666,9.333333333333334,44.0,1
test,1,0,22406,22406,53560,8,6,610,8.75,4,8,7,-477.0278351999552,20,-320.0,252.0,572.0,0.4405594405594406,320.0,0.35,-16.0,44.0,3
train,1,0,22406,22406,53560,9,6,565,7.0,4,8,3,159.1979899370592,11,96.0,216.0,120.0,1.8,48.0,0.5454545454545454,8.727272727272727,24.0,2
test,1,0,22406,22406,53560,9,6,565,7.0,4,8,3,-76.1976377586602,28,-72.0,360.0,432.0,0.8333333333333334,144.0,0.35714285714285715,-2.5714285714285716,24.0,5
train,1,0,22406,22406,53560,10,6,565,8.75,4,8,7,137.17142559585795,6,56.0,144.0,88.0,1.6363636363636365,44.0,0.6666666666666666,9.333333333333334,44.0,1
test,1,0,22406,22406,53560,10,6,565,8.75,4,8,7,-477.0278351999552,20,-320.0,252.0,572.0,0.4405594405594406,320.0,0.35,-16.0,44.0,3
train,1,0,22406,22406,53560,11,6,565,7.0,4,8,3,159.1979899370592,11,96.0,216.0,120.0,1.8,48.0,0.5454545454545454,8.727272727272727,24.0,2
test,1,0,22406,22406,53560,11,6,565,7.0,4,8,3,-76.1976377586602,28,-72.0,360.0,432.0,0.8333333333333334,144.0,0.35714285714285715,-2.5714285714285716,24.0,5
train,1,0,22406,22406,53560,12,6,565,7.0,4,8,2,200.65579981650168,11,121.0,216.0,95.0,2.2736842105263158,38.0,0.5454545454545454,11.0,19.0,2
test,1,0,22406,22406,53560,12,6,565,7.0,4,8,2,19.04940943966505,28,18.0,360.0,342.0,1.0526315789473684,95.0,0.35714285714285715,0.6428571428571429,19.0,5
train,1,0,22406,22406,53560,13,6,565,7.0,4,8,2,200.65579981650168,11,121.0,216.0,95.0,2.2736842105263158,38.0,0.5454545454545454,11.0,19.0,2
test,1,0,22406,22406,53560,13,6,565,7.0,4,8,2,19.04940943966505,28,18.0,360.0,342.0,1.0526315789473684,95.0,0.35714285714285715,0.6428571428571429,19.0,5
train,1,0,22406,22406,53560,14,5,565,7.0,4,8,3,228.63070659909178,12,132.0,252.0,120.0,2.1,60.0,0.5833333333333334,11.0,24.0,2
test,1,0,22406,22406,53560,14,5,565,7.0,4,8,3,-177.4823934929885,35,-180.0,396.0,576.0,0.6875,288.0,0.3142857142857143,-5.142857142857143,24.0,6
train,1,0,22406,22406,53560,15,5,565,7.0,4,8,2,271.9319767883137,12,157.0,252.0,95.0,2.6526315789473682,40.0,0.5833333333333334,13.083333333333334,19.0,2
test,1,0,22406,22406,53560,15,5,565,7.0,4,8,2,-59.16079783099616,35,-60.0,396.0,456.0,0.868421052631579,181.0,0.3142857142857143,-1.7142857142857142,19.0,6
train,1,0,22406,22406,53560,16,5,565,7.0,4,9,3,289.2524848640025,12,167.0,287.0,120.0,2.3916666666666666,55.0,0.5833333333333334,13.916666666666666,24.0,2
test,1,0,22406,22406,53560,16,5,565,7.0,4,9,3,-123.25166214790868,35,-125.0,451.0,576.0,0.7829861111111112,251.0,0.3142857142857143,-3.5714285714285716,24.0,6
train,1,0,22406,22406,53560,17,5,565,7.0,4,9,3,289.2524848640025,12,167.0,287.0,120.0,2.3916666666666666,55.0,0.5833333333333334,13.916666666666666,24.0,2
test,1,0,22406,22406,53560,17,5,565,7.0,4,9,3,-123.25166214790868,35,-125.0,451.0,576.0,0.7829861111111112,251.0,0.3142857142857143,-3.5714285714285716,24.0,6
train,1,0,22406,22406,53560,18,5,565,7.25,4,9,2,332.55375505322445,12,192.0,287.0,95.0,3.0210526315789474,38.0,0.5833333333333334,16.0,19.0,2
test,1,0,22406,22406,53560,18,5,565,7.25,4,9,2,-4.930066485916346,35,-5.0,451.0,456.0,0.9890350877192983,162.0,0.3142857142857143,-0.14285714285714285,19.0,6
train,1,0,22406,22406,53560,19,5,565,7.0,4,9,2,332.55375505322445,12,192.0,287.0,95.0,3.0210526315789474,38.0,0.5833333333333334,16.0,19.0,2
test,1,0,22406,22406,53560,19,5,565,7.0,4,9,2,-4.930066485916346,35,-5.0,451.0,456.0,0.9890350877192983,162.0,0.3142857142857143,-0.14285714285714285,19.0,6
train,1,0,22406,22406,53560,20,5,565,7.0,4,9,2,332.55375505322445,12,192.0,287.0,95.0,3.0210526315789474,38.0,0.5833333333333334,16.0,19.0,2
test,1,0,22406,22406,53560,20,5,565,7.0,4,9,2,-4.930066485916346,35,-5.0,451.0,456.0,0.9890350877192983,162.0,0.3142857142857143,-0.14285714285714285,19.0,6
train,1,0,22406,22406,53560,21,5,565,7.0,4,9,2,332.55375505322445,12,192.0,287.0,95.0,3.0210526315789474,38.0,0.5833333333333334,16.0,19.0,2
test,1,0,22406,22406,53560,21,5,565,7.0,4,9,2,-4.930066485916346,35,-5.0,451.0,456.0,0.9890350877192983,162.0,0.3142857142857143,-0.14285714285714285,19.0,6
train,1,0,22406,22406,53560,22,5,610,7.0,4,9,2,332.55375505322445,12,192.0,287.0,95.0,3.0210526315789474,38.0,0.5833333333333334,16.0,19.0,2
test,1,0,22406,22406,53560,22,5,610,7.0,4,9,2,-4.930066485916346,35,-5.0,451.0,456.0,0.9890350877192983,162.0,0.3142857142857143,-0.14285714285714285,19.0,6
train,1,0,22406,22406,53560,23,5,565,7.25,4,9,2,332.55375505322445,12,192.0,287.0,95.0,3.0210526315789474,38.0,0.5833333333333334,16.0,19.0,2
test,1,0,22406,22406,53560,23,5,565,7.25,4,9,2,-4.930066485916346,35,-5.0,451.0,456.0,0.9890350877192983,162.0,0.3142857142857143,-0.14285714285714285,19.0,6
train,1,0,22406,22406,53560,24,5,565,7.0,4,9,2,332.55375505322445,12,192.0,287.0,95.0,3.0210526315789474,38.0,0.5833333333333334,16.0,19.0,2
test,1,0,22406,22406,53560,24,5,565,7.0,4,9,2,-4.930066485916346,35,-5.0,451.0,456.0,0.9890350877192983,162.0,0.3142857142857143,-0.14285714285714285,19.0,6
train,1,0,22406,22406,53560,25,5,565,7.25,4,9,2,332.55375505322445,12,192.0,287.0,95.0,3.0210526315789474,38.0,0.5833333333333334,16.0,19.0,2
test,1,0,22406,22406,53560,25,5,565,7.25,4,9,2,-4.930066485916346,35,-5.0,451.0,456.0,0.9890350877192983,162.0,0.3142857142857143,-0.14285714285714285,19.0,6
train,1,0,22406,22406,53560,26,5,610,7.0,4,9,2,332.55375505322445,12,192.0,287.0,95.0,3.0210526315789474,38.0,0.5833333333333334,16.0,19.0,2
test,1,0,22406,22406,53560,26,5,610,7.0,4,9,2,-4.930066485916346,35,-5.0,451.0,456.0,0.9890350877192983,162.0,0.3142857142857143,-0.14285714285714285,19.0,6
train,1,0,22406,22406,53560,27,5,621,7.0,4,9,2,332.55375505322445,12,192.0,287.0,95.0,3.0210526315789474,38.0,0.5833333333333334,16.0,19.0,2
test,1,0,22406,22406,53560,27,5,621,7.0,4,9,2,-4.930066485916346,35,-5.0,451.0,456.0,0.9890350877192983,162.0,0.3142857142857143,-0.14285714285714285,19.0,6
train,1,0,22406,22406,53560,28,5,565,7.0,4,9,2,332.55375505322445,12,192.0,287.0,95.0,3.0210526315789474,38.0,0.5833333333333334,16.0,19.0,2
test,1,0,22406,22406,53560,28,5,565,7.0,4,9,2,-4.930066485916346,35,-5.0,451.0,456.0,0.9890350877192983,162.0,0.3142857142857143,-0.14285714285714285,19.0,6
train,1,0,22406,22406,53560,29,5,565,7.0,4,9,2,332.55375505322445,12,192.0,287.0,95.0,3.0210526315789474,38.0,0.5833333333333334,16.0,19.0,2
test,1,0,22406,22406,53560,29,5,565,7.0,4,9,2,-4.930066485916346,35,-5.0,451.0,456.0,0.9890350877192983,162.0,0.3142857142857143,-0.14285714285714285,19.0,6
train,1,0,22406,22406,53560,30,5,576,7.0,4,9,2,332.55375505322445,12,192.0,287.0,95.0,3.0210526315789474,38.0,0.5833333333333334,16.0,19.0,2
test,1,0,22406,22406,53560,30,5,576,7.0,4,9,2,-4.930066485916346,35,-5.0,451.0,456.0,0.9890350877192983,162.0,0.3142857142857143,-0.14285714285714285,19.0,6
train,1,0,22406,22406,53560,31,5,565,7.25,4,9,2,332.55375505322445,12,192.0,287.0,95.0,3.0210526315789474,38.0,0.5833333333333334,16.0,19.0,2
test,1,0,22406,22406,53560,31,5,565,7.25,4,9,2,-4.930066485916346,35,-5.0,451.0,456.0,0.9890350877192983,162.0,0.3142857142857143,-0.14285714285714285,19.0,6
train,1,0,22406,22406,53560,32,5,565,7.0,4,9,2,332.55375505322445,12,192.0,287.0,95.0,3.0210526315789474,38.0,0.5833333333333334,16.0,19.0,2
test,1,0,22406,22406,53560,32,5,565,7.0,4,9,2,-4.930066485916346,35,-5.0,451.0,456.0,0.9890350877192983,162.0,0.3142857142857143,-0.14285714285714285,19.0,6
train,1,0,22406,22406,53560,33,5,621,7.0,4,9,2,332.55375505322445,12,192.0,287.0,95.0,3.0210526315789474,38.0,0.5833333333333334,16.0,19.0,2
test,1,0,22406,22406,53560,33,5,621,7.0,4,9,2,-4.930066485916346,35,-5.0,451.0,456.0,0.9890350877192983,162.0,0.3142857142857143,-0.14285714285714285,19.0,6
train,1,0,22406,22406,53560,34,5,565,7.0,4,9,2,332.55375505322445,12,192.0,287.0,95.0,3.0210526315789474,38.0,0.5833333333333334,16.0,19.0,2
test,1,0,22406,22406,53560,34,5,565,7.0,4,9,2,-4.930066485916346,35,-5.0,451.0,456.0,0.9890350877192983,162.0,0.3142857142857143,-0.14285714285714285,19.0,6
train,1,0,22406,22406,53560,35,5,565,7.0,4,9,2,332.55375505322445,12,192.0,287.0,95.0,3.0210526315789474,38.0,0.5833333333333334,16.0,19.0,2
test,1,0,22406,22406,53560,35,5,565,7.0,4,9,2,-4.930066485916346,35,-5.0,451.0,456.0,0.9890350877192983,162.0,0.3142857142857143,-0.14285714285714285,19.0,6
train,1,0,22406,22406,53560,36,5,565,7.0,4,9,2,332.55375505322445,12,192.0,287.0,95.0,3.0210526315789474,38.0,0.5833333333333334,16.0,19.0,2
test,1,0,22406,22406,53560,36,5,565,7.0,4,9,2,-4.930066485916346,35,-5.0,451.0,456.0,0.9890350877192983,162.0,0.3142857142857143,-0.14285714285714285,19.0,6
train,1,0,22406,22406,53560,37,5,565,7.0,4,9,2,332.55375505322445,12,192.0,287.0,95.0,3.0210526315789474,38.0,0.5833333333333334,16.0,19.0,2
test,1,0,22406,22406,53560,37,5,565,7.0,4,9,2,-4.930066485916346,35,-5.0,451.0,456.0,0.9890350877192983,162.0,0.3142857142857143,-0.14285714285714285,19.0,6
train,1,0,22406,22406,53560,38,5,565,7.25,4,9,2,332.55375505322445,12,192.0,287.0,95.0,3.0210526315789474,38.0,0.5833333333333334,16.0,19.0,2
test,1,0,22406,22406,53560,38,5,565,7.25,4,9,2,-4.930066485916346,35,-5.0,451.0,456.0,0.9890350877192983,162.0,0.3142857142857143,-0.14285714285714285,19.0,6
train,1,0,22406,22406,53560,39,5,621,7.25,4,9,2,332.55375505322445,12,192.0,287.0,95.0,3.0210526315789474,38.0,0.5833333333333334,16.0,19.0,2
test,1,0,22406,22406,53560,39,5,621,7.25,4,9,2,-4.930066485916346,35,-5.0,451.0,456.0,0.9890350877192983,162.0,0.3142857142857143,-0.14285714285714285,19.0,6
train,1,0,22406,22406,53560,40,5,542,7.0,4,9,2,332.55375505322445,12,192.0,287.0,95.0,3.0210526315789474,38.0,0.5833333333333334,16.0,19.0,2
test,1,0,22406,22406,53560,40,5,542,7.0,4,9,2,-29.802643018098202,34,-46.0,410.0,456.0,0.8991228070175439,203.0,0.29411764705882354,-1.3529411764705883,19.0,9
train,1,0,22406,22406,53560,41,5,615,7.0,4,9,2,332.55375505322445,12,192.0,287.0,95.0,3.0210526315789474,38.0,0.5833333333333334,16.0,19.0,2
test,1,0,22406,22406,53560,41,5,615,7.0,4,9,2,-4.930066485916346,35,-5.0,451.0,456.0,0.9890350877192983,162.0,0.3142857142857143,-0.14285714285714285,19.0,6
train,1,0,22406,22406,53560,42,5,565,7.0,4,9,2,332.55375505322445,12,192.0,287.0,95.0,3.0210526315789474,38.0,0.5833333333333334,16.0,19.0,2
test,1,0,22406,22406,53560,42,5,565,7.0,4,9,2,-4.930066485916346,35,-5.0,451.0,456.0,0.9890350877192983,162.0,0.3142857142857143,-0.14285714285714285,19.0,6
train,1,0,22406,22406,53560,43,5,565,7.25,4,9,2,332.55375505322445,12,192.0,287.0,95.0,3.0210526315789474,38.0,0.5833333333333334,16.0,19.0,2
test,1,0,22406,22406,53560,43,5,565,7.25,4,9,2,-4.930066485916346,35,-5.0,451.0,456.0,0.9890350877192983,162.0,0.3142857142857143,-0.14285714285714285,19.0,6
train,1,0,22406,22406,53560,44,5,565,7.25,4,9,2,332.55375505322445,12,192.0,287.0,95.0,3.0210526315789474,38.0,0.5833333333333334,16.0,19.0,2
test,1,0,22406,22406,53560,44,5,565,7.25,4,9,2,-4.930066485916346,35,-5.0,451.0,456.0,0.9890350877192983,162.0,0.3142857142857143,-0.14285714285714285,19.0,6
train,1,0,22406,22406,53560,45,5,565,7.0,4,9,2,332.55375505322445,12,192.0,287.0,95.0,3.0210526315789474,38.0,0.5833333333333334,16.0,19.0,2
test,1,0,22406,22406,53560,45,5,565,7.0,4,9,2,-4.930066485916346,35,-5.0,451.0,456.0,0.9890350877192983,162.0,0.3142857142857143,-0.14285714285714285,19.0,6
train,1,0,22406,22406,53560,46,5,565,7.0,4,9,2,332.55375505322445,12,192.0,287.0,95.0,3.0210526315789474,38.0,0.5833333333333334,16.0,19.0,2
test,1,0,22406,22406,53560,46,5,565,7.0,4,9,2,-4.930066485916346,35,-5.0,451.0,456.0,0.9890350877192983,162.0,0.3142857142857143,-0.14285714285714285,19.0,6
train,1,0,22406,22406,53560,47,5,558,7.5,4,9,2,332.55375505322445,12,192.0,287.0,95.0,3.0210526315789474,38.0,0.5833333333333334,16.0,19.0,2
test,1,0,22406,22406,53560,47,5,558,7.5,4,9,2,-29.802643018098202,34,-46.0,410.0,456.0,0.8991228070175439,203.0,0.29411764705882354,-1.3529411764705883,19.0,9
train,1,0,22406,22406,53560,48,5,525,7.0,4,9,2,332.55375505322445,12,192.0,287.0,95.0,3.0210526315789474,38.0,0.5833333333333334,16.0,19.0,2
test,1,0,22406,22406,53560,48,5,525,7.0,4,9,2,-43.349022539176595,31,-109.0,328.0,437.0,0.7505720823798627,266.0,0.25806451612903225,-3.5161290322580645,19.0,14
train,1,0,22406,22406,53560,49,5,514,7.5,4,9,2,332.55375505322445,12,192.0,287.0,95.0,3.0210526315789474,38.0,0.5833333333333334,16.0,19.0,2
test,1,0,22406,22406,53560,49,5,514,7.5,4,9,2,-43.349022539176595,31,-109.0,328.0,437.0,0.7505720823798627,266.0,0.25806451612903225,-3.5161290322580645,19.0,14
train,1,0,22406,22406,53560,50,5,581,7.5,4,9,2,332.55375505322445,12,192.0,287.0,95.0,3.0210526315789474,38.0,0.5833333333333334,16.0,19.0,2
test,1,0,22406,22406,53560,50,5,581,7.5,4,9,2,-4.930066485916346,35,-5.0,451.0,456.0,0.9890350877192983,162.0,0.3142857142857143,-0.14285714285714285,19.0,6
train,1,0,22406,22406,53560,51,5,598,7.0,4,9,2,332.55375505322445,12,192.0,287.0,95.0,3.0210526315789474,38.0,0.5833333333333334,16.0,19.0,2
test,1,0,22406,22406,53560,51,5,598,7.0,4,9,2,-4.930066485916346,35,-5.0,451.0,456.0,0.9890350877192983,162.0,0.3142857142857143,-0.14285714285714285,19.0,6
train,1,0,22406,22406,53560,52,5,565,7.25,4,9,2,332.55375505322445,12,192.0,287.0,95.0,3.0210526315789474,38.0,0.5833333333333334,16.0,19.0,2
test,1,0,22406,22406,53560,52,5,565,7.25,4,9,2,-4.930066485916346,35,-5.0,451.0,456.0,0.9890350877192983,162.0,0.3142857142857143,-0.14285714285714285,19.0,6
train,1,0,22406,22406,53560,53,5,519,7.25,4,9,2,332.55375505322445,12,192.0,287.0,95.0,3.0210526315789474,38.0,0.5833333333333334,16.0,19.0,2
test,1,0,22406,22406,53560,53,5,519,7.25,4,9,2,-43.349022539176595,31,-109.0,328.0,437.0,0.7505720823798627,266.0,0.25806451612903225,-3.5161290322580645,19.0,14
train,1,0,22406,22406,53560,54,5,581,7.0,4,9,2,332.55375505322445,12,192.0,287.0,95.0,3.0210526315789474,38.0,0.5833333333333334,16.0,19.0,2
test,1,0,22406,22406,53560,54,5,581,7.0,4,9,2,-4.930066485916346,35,-5.0,451.0,456.0,0.9890350877192983,162.0,0.3142857142857143,-0.14285714285714285,19.0,6
train,1,0,22406,22406,53560,55,5,530,7.5,4,9,2,332.55375505322445,12,192.0,287.0,95.0,3.0210526315789474,38.0,0.5833333333333334,16.0,19.0,2
test,1,0,22406,22406,53560,55,5,530,7.5,4,9,2,-43.349022539176595,31,-109.0,328.0,437.0,0.7505720823798627,266.0,0.25806451612903225,-3.5161290322580645,19.0,14
train,1,0,22406,22406,53560,56,5,514,7.25,4,9,2,332.55375505322445,12,192.0,287.0,95.0,3.0210526315789474,38.0,0.5833333333333334,16.0,19.0,2
test,1,0,22406,22406,53560,56,5,514,7.25,4,9,2,-43.349022539176595,31,-109.0,328.0,437.0,0.7505720823798627,266.0,0.25806451612903225,-3.5161290322580645,19.0,14
train,1,0,22406,22406,53560,57,5,581,7.75,4,9,2,332.55375505322445,12,192.0,287.0,95.0,3.0210526315789474,38.0,0.5833333333333334,16.0,19.0,2
test,1,0,22406,22406,53560,57,5,581,7.75,4,9,2,-4.930066485916346,35,-5.0,451.0,456.0,0.9890350877192983,162.0,0.3142857142857143,-0.14285714285714285,19.0,6
train,1,0,22406,22406,53560,58,5,537,7.5,4,9,2,332.55375505322445,12,192.0,287.0,95.0,3.0210526315789474,38.0,0.5833333333333334,16.0,19.0,2
test,1,0,22406,22406,53560,58,5,537,7.5,4,9,2,-29.802643018098202,34,-46.0,410.0,456.0,0.8991228070175439,203.0,0.29411764705882354,-1.3529411764705883,19.0,9
train,1,0,22406,22406,53560,59,5,528,7.0,4,9,2,332.55375505322445,12,192.0,287.0,95.0,3.0210526315789474,38.0,0.5833333333333334,16.0,19.0,2
test,1,0,22406,22406,53560,59,5,528,7.0,4,9,2,-43.349022539176595,31,-109.0,328.0,437.0,0.7505720823798627,266.0,0.25806451612903225,-3.5161290322580645,19.0,14
train,1,0,22406,22406,53560,60,5,563,7.0,4,9,2,332.55375505322445,12,192.0,287.0,95.0,3.0210526315789474,38.0,0.5833333333333334,16.0,19.0,2
test,1,0,22406,22406,53560,60,5,563,7.0,4,9,2,-4.930066485916346,35,-5.0,451.0,456.0,0.9890350877192983,162.0,0.3142857142857143,-0.14285714285714285,19.0,6
train,1,0,22406,22406,53560,61,5,579,7.5,4,9,2,332.55375505322445,12,192.0,287.0,95.0,3.0210526315789474,38.0,0.5833333333333334,16.0,19.0,2
test,1,0,22406,22406,53560,61,5,579,7.5,4,9,2,-4.930066485916346,35,-5.0,451.0,456.0,0.9890350877192983,162.0,0.3142857142857143,-0.14285714285714285,19.0,6
train,1,0,22406,22406,53560,62,5,581,7.5,4,9,2,332.55375505322445,12,192.0,287.0,95.0,3.0210526315789474,38.0,0.5833333333333334,16.0,19.0,2
test,1,0,22406,22406,53560,62,5,581,7.5,4,9,2,-4.930066485916346,35,-5.0,451.0,456.0,0.9890350877192983,162.0,0.3142857142857143,-0.14285714285714285,19.0,6
train,1,0,22406,22406,53560,63,5,519,7.75,4,9,2,332.55375505322445,12,192.0,287.0,95.0,3.0210526315789474,38.0,0.5833333333333334,16.0,19.0,2
test,1,0,22406,22406,53560,63,5,519,7.75,4,9,2,-43.349022539176595,31,-109.0,328.0,437.0,0.7505720823798627,266.0,0.25806451612903225,-3.5161290322580645,19.0,14
train,1,0,22406,22406,53560,64,5,503,7.5,4,9,2,332.55375505322445,12,192.0,287.0,95.0,3.0210526315789474,38.0,0.5833333333333334,16.0,19.0,2
test,1,0,22406,22406,53560,64,5,503,7.5,4,9,2,-43.349022539176595,31,-109.0,328.0,437.0,0.7505720823798627,266.0,0.25806451612903225,-3.5161290322580645,19.0,14
train,1,0,22406,22406,53560,65,5,558,7.5,4,9,2,332.55375505322445,12,192.0,287.0,95.0,3.0210526315789474,38.0,0.5833333333333334,16.0,19.0,2
test,1,0,22406,22406,53560,65,5,558,7.5,4,9,2,-29.802643018098202,34,-46.0,410.0,456.0,0.8991228070175439,203.0,0.29411764705882354,-1.3529411764705883,19.0,9
train,1,0,22406,22406,53560,66,5,558,7.5,4,9,2,332.55375505322445,12,192.0,287.0,95.0,3.0210526315789474,38.0,0.5833333333333334,16.0,19.0,2
test,1,0,22406,22406,53560,66,5,558,7.5,4,9,2,-29.802643018098202,34,-46.0,410.0,456.0,0.8991228070175439,203.0,0.29411764705882354,-1.3529411764705883,19.0,9
train,1,0,22406,22406,53560,67,5,558,7.75,4,9,2,332.55375505322445,12,192.0,287.0,95.0,3.0210526315789474,38.0,0.5833333333333334,16.0,19.0,2
test,1,0,22406,22406,53560,67,5,558,7.75,4,9,2,-29.802643018098202,34,-46.0,410.0,456.0,0.8991228070175439,203.0,0.29411764705882354,-1.3529411764705883,19.0,9
train,1,0,22406,22406,53560,68,5,542,7.5,4,9,2,332.55375505322445,12,192.0,287.0,95.0,3.0210526315789474,38.0,0.5833333333333334,16.0,19.0,2
test,1,0,22406,22406,53560,68,5,542,7.5,4,9,2,-29.802643018098202,34,-46.0,410.0,456.0,0.8991228070175439,203.0,0.29411764705882354,-1.3529411764705883,19.0,9
train,1,0,22406,22406,53560,69,5,503,7.75,4,9,2,332.55375505322445,12,192.0,287.0,95.0,3.0210526315789474,38.0,0.5833333333333334,16.0,19.0,2
test,1,0,22406,22406,53560,69,5,503,7.75,4,9,2,-43.349022539176595,31,-109.0,328.0,437.0,0.7505720823798627,266.0,0.25806451612903225,-3.5161290322580645,19.0,14
train,1,0,22406,22406,53560,70,5,558,7.0,4,9,2,332.55375505322445,12,192.0,287.0,95.0,3.0210526315789474,38.0,0.5833333333333334,16.0,19.0,2
test,1,0,22406,22406,53560,70,5,558,7.0,4,9,2,-29.802643018098202,34,-46.0,410.0,456.0,0.8991228070175439,203.0,0.29411764705882354,-1.3529411764705883,19.0,9
train,1,0,22406,22406,53560,71,5,591,7.25,4,9,2,332.55375505322445,12,192.0,287.0,95.0,3.0210526315789474,38.0,0.5833333333333334,16.0,19.0,2
test,1,0,22406,22406,53560,71,5,591,7.25,4,9,2,-4.930066485916346,35,-5.0,451.0,456.0,0.9890350877192983,162.0,0.3142857142857143,-0.14285714285714285,19.0,6
train,1,0,22406,22406,53560,72,5,558,7.5,4,9,2,332.55375505322445,12,192.0,287.0,95.0,3.0210526315789474,38.0,0.5833333333333334,16.0,19.0,2
test,1,0,22406,22406,53560,72,5,558,7.5,4,9,2,-29.802643018098202,34,-46.0,410.0,456.0,0.8991228070175439,203.0,0.29411764705882354,-1.3529411764705883,19.0,9
train,1,0,22406,22406,53560,73,5,558,7.5,4,9,2,332.55375505322445,12,192.0,287.0,95.0,3.0210526315789474,38.0,0.5833333333333334,16.0,19.0,2
test,1,0,22406,22406,53560,73,5,558,7.5,4,9,2,-29.802643018098202,34,-46.0,410.0,456.0,0.8991228070175439,203.0,0.29411764705882354,-1.3529411764705883,19.0,9
train,1,0,22406,22406,53560,74,5,472,7.5,4,9,2,332.55375505322445,12,192.0,287.0,95.0,3.0210526315789474,38.0,0.5833333333333334,16.0,19.0,2
test,1,0,22406,22406,53560,74,5,472,7.5,4,9,2,-43.349022539176595,31,-109.0,328.0,437.0,0.7505720823798627,266.0,0.25806451612903225,-3.5161290322580645,19.0,14
train,1,0,22406,22406,53560,75,5,472,7.5,4,9,2,332.55375505322445,12,192.0,287.0,95.0,3.0210526315789474,38.0,0.5833333333333334,16.0,19.0,2
test,1,0,22406,22406,53560,75,5,472,7.5,4,9,2,-43.349022539176595,31,-109.0,328.0,437.0,0.7505720823798627,266.0,0.25806451612903225,-3.5161290322580645,19.0,14
train,1,0,22406,22406,53560,76,5,565,7.25,4,9,2,332.55375505322445,12,192.0,287.0,95.0,3.0210526315789474,38.0,0.5833333333333334,16.0,19.0,2
test,1,0,22406,22406,53560,76,5,565,7.25,4,9,2,-4.930066485916346,35,-5.0,451.0,456.0,0.9890350877192983,162.0,0.3142857142857143,-0.14285714285714285,19.0,6
train,1,0,22406,22406,53560,77,5,532,7.25,4,9,2,332.55375505322445,12,192.0,287.0,95.0,3.0210526315789474,38.0,0.5833333333333334,16.0,19.0,2
test,1,0,22406,22406,53560,77,5,532,7.25,4,9,2,-43.349022539176595,31,-109.0,328.0,437.0,0.7505720823798627,266.0,0.25806451612903225,-3.5161290322580645,19.0,14
train,1,0,22406,22406,53560,78,5,585,7.5,4,9,2,332.55375505322445,12,192.0,287.0,95.0,3.0210526315789474,38.0,0.5833333333333334,16.0,19.0,2
test,1,0,22406,22406,53560,78,5,585,7.5,4,9,2,-4.930066485916346,35,-5.0,451.0,456.0,0.9890350877192983,162.0,0.3142857142857143,-0.14285714285714285,19.0,6
train,1,0,22406,22406,53560,79,5,585,7.5,4,9,2,332.55375505322445,12,192.0,287.0,95.0,3.0210526315789474,38.0,0.5833333333333334,16.0,19.0,2
test,1,0,22406,22406,53560,79,5,585,7.5,4,9,2,-4.930066485916346,35,-5.0,451.0,456.0,0.9890350877192983,162.0,0.3142857142857143,-0.14285714285714285,19.0,6
train,1,0,22406,22406,53560,80,5,503,7.25,4,9,2,332.55375505322445,12,192.0,287.0,95.0,3.0210526315789474,38.0,0.5833333333333334,16.0,19.0,2
test,1,0,22406,22406,53560,80,5,503,7.25,4,9,2,-43.349022539176595,31,-109.0,328.0,437.0,0.7505720823798627,266.0,0.25806451612903225,-3.5161290322580645,19.0,14
train,1,0,22406,22406,53560,81,5,558,7.5,4,9,2,332.55375505322445,12,192.0,287.0,95.0,3.0210526315789474,38.0,0.5833333333333334,16.0,19.0,2
test,1,0,22406,22406,53560,81,5,558,7.5,4,9,2,-29.802643018098202,34,-46.0,410.0,456.0,0.8991228070175439,203.0,0.29411764705882354,-1.3529411764705883,19.0,9
train,1,0,22406,22406,53560,82,5,585,7.5,4,9,2,332.55375505322445,12,192.0,287.0,95.0,3.0210526315789474,38.0,0.5833333333333334,16.0,19.0,2
test,1,0,22406,22406,53560,82,5,585,7.5,4,9,2,-4.930066485916346,35,-5.0,451.0,456.0,0.9890350877192983,162.0,0.3142857142857143,-0.14285714285714285,19.0,6
train,1,0,22406,22406,53560,83,5,585,7.25,4,9,2,332.55375505322445,12,192.0,287.0,95.0,3.0210526315789474,38.0,0.5833333333333334,16.0,19.0,2
test,1,0,22406,22406,53560,83,5,585,7.25,4,9,2,-4.930066485916346,35,-5.0,451.0,456.0,0.9890350877192983,162.0,0.3142857142857143,-0.14285714285714285,19.0,6
train,1,0,22406,22406,53560,84,5,558,7.5,4,9,2,332.55375505322445,12,192.0,287.0,95.0,3.0210526315789474,38.0,0.5833333333333334,16.0,19.0,2
test,1,0,22406,22406,53560,84,5,558,7.5,4,9,2,-29.802643018098202,34,-46.0,410.0,456.0,0.8991228070175439,203.0,0.29411764705882354,-1.3529411764705883,19.0,9
train,1,0,22406,22406,53560,85,5,558,7.75,4,9,2,332.55375505322445,12,192.0,287.0,95.0,3.0210526315789474,38.0,0.5833333333333334,16.0,19.0,2
test,1,0,22406,22406,53560,85,5,558,7.75,4,9,2,-29.802643018098202,34,-46.0,410.0,456.0,0.8991228070175439,203.0,0.29411764705882354,-1.3529411764705883,19.0,9
train,1,0,22406,22406,53560,86,5,565,7.5,4,9,2,332.55375505322445,12,192.0,287.0,95.0,3.0210526315789474,38.0,0.5833333333333334,16.0,19.0,2
test,1,0,22406,22406,53560,86,5,565,7.5,4,9,2,-4.930066485916346,35,-5.0,451.0,456.0,0.9890350877192983,162.0,0.3142857142857143,-0.14285714285714285,19.0,6
train,1,0,22406,22406,53560,87,5,546,7.5,4,9,2,332.55375505322445,12,192.0,287.0,95.0,3.0210526315789474,38.0,0.5833333333333334,16.0,19.0,2
test,1,0,22406,22406,53560,87,5,546,7.5,4,9,2,-29.802643018098202,34,-46.0,410.0,456.0,0.8991228070175439,203.0,0.29411764705882354,-1.3529411764705883,19.0,9
train,1,0,22406,22406,53560,88,5,609,7.25,4,9,2,332.55375505322445,12,192.0,287.0,95.0,3.0210526315789474,38.0,0.5833333333333334,16.0,19.0,2
test,1,0,22406,22406,53560,88,5,609,7.25,4,9,2,-4.930066485916346,35,-5.0,451.0,456.0,0.9890350877192983,162.0,0.3142857142857143,-0.14285714285714285,19.0,6
train,1,0,22406,22406,53560,89,5,592,7.5,4,9,2,332.55375505322445,12,192.0,287.0,95.0,3.0210526315789474,38.0,0.5833333333333334,16.0,19.0,2
test,1,0,22406,22406,53560,89,5,592,7.5,4,9,2,-4.930066485916346,35,-5.0,451.0,456.0,0.9890350877192983,162.0,0.3142857142857143,-0.14285714285714285,19.0,6
train,1,0,22406,22406,53560,90,5,558,7.5,4,9,2,332.55375505322445,12,192.0,287.0,95.0,3.0210526315789474,38.0,0.5833333333333334,16.0,19.0,2
test,1,0,22406,22406,53560,90,5,558,7.5,4,9,2,-29.802643018098202,34,-46.0,410.0,456.0,0.8991228070175439,203.0,0.29411764705882354,-1.3529411764705883,19.0,9
train,1,0,22406,22406,53560,91,5,581,7.75,4,9,2,332.55375505322445,12,192.0,287.0,95.0,3.0210526315789474,38.0,0.5833333333333334,16.0,19.0,2
test,1,0,22406,22406,53560,91,5,581,7.75,4,9,2,-4.930066485916346,35,-5.0,451.0,456.0,0.9890350877192983,162.0,0.3142857142857143,-0.14285714285714285,19.0,6
train,1,0,22406,22406,53560,92,5,558,7.25,4,9,2,332.55375505322445,12,192.0,287.0,95.0,3.0210526315789474,38.0,0.5833333333333334,16.0,19.0,2
test,1,0,22406,22406,53560,92,5,558,7.25,4,9,2,-29.802643018098202,34,-46.0,410.0,456.0,0.8991228070175439,203.0,0.29411764705882354,-1.3529411764705883,19.0,9
train,1,0,22406,22406,53560,93,5,552,7.5,4,9,2,332.55375505322445,12,192.0,287.0,95.0,3.0210526315789474,38.0,0.5833333333333334,16.0,19.0,2
test,1,0,22406,22406,53560,93,5,552,7.5,4,9,2,-29.802643018098202,34,-46.0,410.0,456.0,0.8991228070175439,203.0,0.29411764705882354,-1.3529411764705883,19.0,9
train,1,0,22406,22406,53560,94,5,586,7.5,4,9,2,332.55375505322445,12,192.0,287.0,95.0,3.0210526315789474,38.0,0.5833333333333334,16.0,19.0,2
test,1,0,22406,22406,53560,94,5,586,7.5,4,9,2,-4.930066485916346,35,-5.0,451.0,456.0,0.9890350877192983,162.0,0.3142857142857143,-0.14285714285714285,19.0,6
train,1,0,22406,22406,53560,95,5,558,7.5,4,9,2,332.55375505322445,12,192.0,287.0,95.0,3.0210526315789474,38.0,0.5833333333333334,16.0,19.0,2
test,1,0,22406,22406,53560,95,5,558,7.5,4,9,2,-29.802643018098202,34,-46.0,410.0,456.0,0.8991228070175439,203.0,0.29411764705882354,-1.3529411764705883,19.0,9
train,1,0,22406,22406,53560,96,5,597,7.25,4,9,2,332.55375505322445,12,192.0,287.0,95.0,3.0210526315789474,38.0,0.5833333333333334,16.0,19.0,2
test,1,0,22406,22406,53560,96,5,597,7.25,4,9,2,-4.930066485916346,35,-5.0,451.0,456.0,0.9890350877192983,162.0,0.3142857142857143,-0.14285714285714285,19.0,6
train,1,0,22406,22406,53560,97,5,569,7.25,4,9,2,332.55375505322445,12,192.0,287.0,95.0,3.0210526315789474,38.0,0.5833333333333334,16.0,19.0,2
test,1,0,22406,22406,53560,97,5,569,7.25,4,9,2,-4.930066485916346,35,-5.0,451.0,456.0,0.9890350877192983,162.0,0.3142857142857143,-0.14285714285714285,19.0,6
train,1,0,22406,22406,53560,98,5,467,7.5,4,9,2,332.55375505322445,12,192.0,287.0,95.0,3.0210526315789474,38.0,0.5833333333333334,16.0,19.0,2
test,1,0,22406,22406,53560,98,5,467,7.5,4,9,2,-43.349022539176595,31,-109.0,328.0,437.0,0.7505720823798627,266.0,0.25806451612903225,-3.5161290322580645,19.0,14
train,1,0,22406,22406,53560,99,5,542,7.75,4,9,2,332.55375505322445,12,192.0,287.0,95.0,3.0210526315789474,38.0,0.5833333333333334,16.0,19.0,2
test,1,0,22406,22406,53560,99,5,542,7.75,4,9,2,-29.802643018098202,34,-46.0,410.0,456.0,0.8991228070175439,203.0,0.29411764705882354,-1.3529411764705883,19.0,9
train,1,0,22406,22406,53560,100,5,532,7.0,4,9,2,332.55375505322445,12,192.0,287.0,95.0,3.0210526315789474,38.0,0.5833333333333334,16.0,19.0,2
test,1,0,22406,22406,53560,100,5,532,7.0,4,9,2,-43.349022539176595,31,-109.0,328.0,437.0,0.7505720823798627,266.0,0.25806451612903225,-3.5161290322580645,19.0,14
train,2,0,53560,53560,86986,0,11,799,5.0,6,26,4,-15.513435037626794,6,-19.0,126.0,145.0,0.8689655172413793,87.0,0.16666666666666666,-3.1666666666666665,29.0,3
test,2,0,53560,53560,86986,0,11,799,5.0,6,26,4,-1000.0,4,194.0,252.0,58.0,4.344827586206897,58.0,0.5,48.5,29.0,2
train,2,0,53560,53560,86986,1,9,511,8.5,2,15,3,61.294371682887814,13,68.0,284.0,216.0,1.3148148148148149,96.0,0.3076923076923077,5.230769230769231,24.0,4
test,2,0,53560,53560,86986,1,9,511,8.5,2,15,3,-3.2,16,-4.0,284.0,288.0,0.9861111111111112,240.0,0.25,-0.25,24.0,10
train,2,0,53560,53560,86986,2,9,511,7.75,2,15,3,61.294371682887814,13,68.0,284.0,216.0,1.3148148148148149,96.0,0.3076923076923077,5.230769230769231,24.0,4
test,2,0,53560,53560,86986,2,9,511,7.75,2,15,3,-23.0893915034589,17,-28.0,284.0,312.0,0.9102564102564102,241.0,0.23529411764705882,-1.6470588235294117,24.0,10
train,2,0,53560,53560,86986,3,11,2947,6.5,7,11,2,50.31152949374527,5,45.0,102.0,57.0,1.7894736842105263,38.0,0.4,9.0,19.0,2
test,2,0,53560,53560,86986,3,11,2947,6.5,7,11,2,67.08203932499369,5,45.0,102.0,57.0,1.7894736842105263,57.0,0.4,9.0,19.0,3
train,2,0,53560,53560,86986,4,11,1817,7.25,7,30,2,52.1749194749951,5,70.0,146.0,76.0,1.9210526315789473,57.0,0.2,14.0,19.0,3
test,2,0,53560,53560,86986,4,11,1817,7.25,7,30,2,-1000.0,3,108.0,146.0,38.0,3.8421052631578947,38.0,0.3333333333333333,36.0,19.0,2
train,2,0,53560,53560,86986,5,11,511,7.75,2,29,2,72.67220926874317,5,65.0,141.0,76.0,1.855263157894737,38.0,0.2,13.0,19.0,2
test,2,0,53560,53560,86986,5,11,511,7.75,2,29,2,-1000.0,3,103.0,141.0,38.0,3.710526315789474,38.0,0.3333333333333333,34.333333333333336,19.0,2
train,2,0,53560,53560,86986,6,11,511,4.75,7,30,2,78.26237921249265,5,70.0,146.0,76.0,1.9210526315789473,38.0,0.2,14.0,19.0,2
test,2,0,53560,53560,86986,6,11,511,4.75,7,30,2,-1000.0,3,108.0,146.0,38.0,3.8421052631578947,38.0,0.3333333333333333,36.0,19.0,2
train,2,0,53560,53560,86986,7,11,511,3.75,2,6,2,243.40912061794234,7,92.0,130.0,38.0,3.4210526315789473,19.0,0.7142857142857143,13.142857142857142,19.0,1
test,2,0,53560,53560,86986,7,11,511,3.75,2,6,2,161.66632302368973,6,66.0,104.0,38.0,2.736842105263158,38.0,0.6666666666666666,11.0,19.0,2
train,2,0,53560,53560,86986,8,11,511,3.75,8,6,2,161.66632302368973,6,66.0,104.0,38.0,2.736842105263158,19.0,0.6666666666666666,11.0,19.0,1
test,2,0,53560,53560,86986,8,11,511,3.75,8,6,2,161.66632302368973,6,66.0,104.0,38.0,2.736842105263158,38.0,0.6666666666666666,11.0,19.0,2
train,2,0,53560,53560,86986,9,11,511,6.5,2,6,2,161.66632302368973,6,66.0,104.0,38.0,2.736842105263158,19.0,0.6666666666666666,11.0,19.0,1
test,2,0,53560,53560,86986,9,11,511,6.5,2,6,2,161.66632302368973,6,66.0,104.0,38.0,2.736842105263158,38.0,0.6666666666666666,11.0,19.0,2
train,2,0,53560,53560,86986,10,11,511,4.0,2,6,2,243.40912061794234,7,92.0,130.0,38.0,3.4210526315789473,19.0,0.7142857142857143,13.142857142857142,19.0,1
test,2,0,53560,53560,86986,10,11,511,4.0,2,6,2,161.66632302368973,6,66.0,104.0,38.0,2.736842105263158,38.0,0.6666666666666666,11.0,19.0,2
train,2,0,53560,53560,86986,11,11,511,3.5,2,6,2,243.40912061794234,7,92.0,130.0,38.0,3.4210526315789473,19.0,0.7142857142857143,13.142857142857142,19.0,1
test,2,0,53560,53560,86986,11,11,511,3.5,2,6,2,161.66632302368973,6,66.0,104.0,38.0,2.736842105263158,38.0,0.6666666666666666,11.0,19.0,2
train,2,0,53560,53560,86986,12,11,511,3.75,1,6,2,243.40912061794234,7,92.0,130.0,38.0,3.4210526315789473,19.0,0.7142857142857143,13.142857142857142,19.0,1
test,2,0,53560,53560,86986,12,11,511,3.75,1,6,2,161.66632302368973,6,66.0,104.0,38.0,2.736842105263158,38.0,0.6666666666666666,11.0,19.0,2
train,2,0,53560,53560,86986,13,11,511,6.75,1,6,2,243.40912061794234,7,92.0,130.0,38.0,3.4210526315789473,19.0,0.7142857142857143,13.142857142857142,19.0,1
test,2,0,53560,53560,86986,13,11,511,6.75,1,6,2,161.66632302368973,6,66.0,104.0,38.0,2.736842105263158,38.0,0.6666666666666666,11.0,19.0,2
train,2,0,53560,53560,86986,14,11,511,3.5,2,6,2,243.40912061794234,7,92.0,130.0,38.0,3.4210526315789473,19.0,0.7142857142857143,13.142857142857142,19.0,1
test,2,0,53560,53560,86986,14,11,511,3.5,2,6,2,161.66632302368973,6,66.0,104.0,38.0,2.736842105263158,38.0,0.6666666666666666,11.0,19.0,2
train,2,0,53560,53560,86986,15,11,511,3.5,3,6,2,243.40912061794234,7,92.0,130.0,38.0,3.4210526315789473,19.0,0.7142857142857143,13.142857142857142,19.0,1
test,2,0,53560,53560,86986,15,11,511,3.5,3,6,2,161.66632302368973,6,66.0,104.0,38.0,2.736842105263158,38.0,0.6666666666666666,11.0,19.0,2
train,2,0,53560,53560,86986,16,11,511,3.75,2,6,2,243.40912061794234,7,92.0,130.0,38.0,3.4210526315789473,19.0,0.7142857142857143,13.142857142857142,19.0,1
test,2,0,53560,53560,86986,16,11,511,3.75,2,6,2,161.66632302368973,6,66.0,104.0,38.0,2.736842105263158,38.0,0.6666666666666666,11.0,19.0,2
train,2,0,53560,53560,86986,17,11,511,3.75,2,6,2,243.40912061794234,7,92.0,130.0,38.0,3.4210526315789473,19.0,0.7142857142857143,13.142857142857142,19.0,1
test,2,0,53560,53560,86986,17,11,511,3.75,2,6,2,161.66632302368973,6,66.0,104.0,38.0,2.736842105263158,38.0,0.6666666666666666,11.0,19.0,2
train,2,0,53560,53560,86986,18,11,511,3.75,1,6,2,243.40912061794234,7,92.0,130.0,38.0,3.4210526315789473,19.0,0.7142857142857143,13.142857142857142,19.0,1
test,2,0,53560,53560,86986,18,11,511,3.75,1,6,2,161.66632302368973,6,66.0,104.0,38.0,2.736842105263158,38.0,0.6666666666666666,11.0,19.0,2
train,2,0,53560,53560,86986,19,11,511,3.75,2,6,2,243.40912061794234,7,92.0,130.0,38.0,3.4210526315789473,19.0,0.7142857142857143,13.142857142857142,19.0,1
test,2,0,53560,53560,86986,19,11,511,3.75,2,6,2,161.66632302368973,6,66.0,104.0,38.0,2.736842105263158,38.0,0.6666666666666666,11.0,19.0,2
train,2,0,53560,53560,86986,20,11,511,3.75,1,6,2,243.40912061794234,7,92.0,130.0,38.0,3.4210526315789473,19.0,0.7142857142857143,13.142857142857142,19.0,1
test,2,0,53560,53560,86986,20,11,511,3.75,1,6,2,161.66632302368973,6,66.0,104.0,38.0,2.736842105263158,38.0,0.6666666666666666,11.0,19.0,2
train,2,0,53560,53560,86986,21,11,531,3.5,1,6,2,243.40912061794234,7,92.0,130.0,38.0,3.4210526315789473,19.0,0.7142857142857143,13.142857142857142,19.0,1
test,2,0,53560,53560,86986,21,11,531,3.5,1,6,2,161.66632302368973,6,66.0,104.0,38.0,2.736842105263158,38.0,0.6666666666666666,11.0,19.0,2
train,2,0,53560,53560,86986,22,11,511,3.5,2,6,2,243.40912061794234,7,92.0,130.0,38.0,3.4210526315789473,19.0,0.7142857142857143,13.142857142857142,19.0,1
test,2,0,53560,53560,86986,22,11,511,3.5,2,6,2,161.66632302368973,6,66.0,104.0,38.0,2.736842105263158,38.0,0.6666666666666666,11.0,19.0,2
train,2,0,53560,53560,86986,23,11,511,3.5,2,6,2,243.40912061794234,7,92.0,130.0,38.0,3.4210526315789473,19.0,0.7142857142857143,13.142857142857142,19.0,1
test,2,0,53560,53560,86986,23,11,511,3.5,2,6,2,161.66632302368973,6,66.0,104.0,38.0,2.736842105263158,38.0,0.6666666666666666,11.0,19.0,2
train,2,0,53560,53560,86986,24,11,511,3.75,2,6,2,243.40912061794234,7,92.0,130.0,38.0,3.4210526315789473,19.0,0.7142857142857143,13.142857142857142,19.0,1
test,2,0,53560,53560,86986,24,11,511,3.75,2,6,2,161.66632302368973,6,66.0,104.0,38.0,2.736842105263158,38.0,0.6666666666666666,11.0,19.0,2
train,2,0,53560,53560,86986,25,11,531,4.0,1,6,2,243.40912061794234,7,92.0,130.0,38.0,3.4210526315789473,19.0,0.7142857142857143,13.142857142857142,19.0,1
test,2,0,53560,53560,86986,25,11,531,4.0,1,6,2,161.66632302368973,6,66.0,104.0,38.0,2.736842105263158,38.0,0.6666666666666666,11.0,19.0,2
train,2,0,53560,53560,86986,26,11,511,3.5,2,6,2,243.40912061794234,7,92.0,130.0,38.0,3.4210526315789473,19.0,0.7142857142857143,13.142857142857142,19.0,1
test,2,0,53560,53560,86986,26,11,511,3.5,2,6,2,161.66632302368973,6,66.0,104.0,38.0,2.736842105263158,38.0,0.6666666666666666,11.0,19.0,2
train,2,0,53560,53560,86986,27,11,531,3.75,3,6,2,243.40912061794234,7,92.0,130.0,38.0,3.4210526315789473,19.0,0.7142857142857143,13.142857142857142,19.0,1
test,2,0,53560,53560,86986,27,11,531,3.75,3,6,2,161.66632302368973,6,66.0,104.0,38.0,2.736842105263158,38.0,0.6666666666666666,11.0,19.0,2
train,2,0,53560,53560,86986,28,11,531,3.75,3,6,2,243.40912061794234,7,92.0,130.0,38.0,3.4210526315789473,19.0,0.7142857142857143,13.142857142857142,19.0,1
test,2,0,53560,53560,86986,28,11,531,3.75,3,6,2,161.66632302368973,6,66.0,104.0,38.0,2.736842105263158,38.0,0.6666666666666666,11.0,19.0,2
train,2,0,53560,53560,86986,29,11,511,3.5,2,6,2,243.40912061794234,7,92.0,130.0,38.0,3.4210526315789473,19.0,0.7142857142857143,13.142857142857142,19.0,1
test,2,0,53560,53560,86986,29,11,511,3.5,2,6,2,161.66632302368973,6,66.0,104.0,38.0,2.736842105263158,38.0,0.6666666666666666,11.0,19.0,2
train,2,0,53560,53560,86986,30,11,511,3.75,1,6,2,243.40912061794234,7,92.0,130.0,38.0,3.4210526315789473,19.0,0.7142857142857143,13.142857142857142,19.0,1
test,2,0,53560,53560,86986,30,11,511,3.75,1,6,2,161.66632302368973,6,66.0,104.0,38.0,2.736842105263158,38.0,0.6666666666666666,11.0,19.0,2
train,2,0,53560,53560,86986,31,11,511,3.75,3,6,2,243.40912061794234,7,92.0,130.0,38.0,3.4210526315789473,19.0,0.7142857142857143,13.142857142857142,19.0,1
test,2,0,53560,53560,86986,31,11,511,3.75,3,6,2,161.66632302368973,6,66.0,104.0,38.0,2.736842105263158,38.0,0.6666666666666666,11.0,19.0,2
train,2,0,53560,53560,86986,32,11,511,3.75,4,6,2,243.40912061794234,7,92.0,130.0,38.0,3.4210526315789473,19.0,0.7142857142857143,13.142857142857142,19.0,1
test,2,0,53560,53560,86986,32,11,511,3.75,4,6,2,161.66632302368973,6,66.0,104.0,38.0,2.736842105263158,38.0,0.6666666666666666,11.0,19.0,2
train,2,0,53560,53560,86986,33,11,511,3.5,4,6,2,243.40912061794234,7,92.0,130.0,38.0,3.4210526315789473,19.0,0.7142857142857143,13.142857142857142,19.0,1
test,2,0,53560,53560,86986,33,11,511,3.5,4,6,2,161.66632302368973,6,66.0,104.0,38.0,2.736842105263158,38.0,0.6666666666666666,11.0,19.0,2
train,2,0,53560,53560,86986,34,11,531,3.5,4,6,2,243.40912061794234,7,92.0,130.0,38.0,3.4210526315789473,19.0,0.7142857142857143,13.142857142857142,19.0,1
test,2,0,53560,53560,86986,34,11,531,3.5,4,6,2,161.66632302368973,6,66.0,104.0,38.0,2.736842105263158,38.0,0.6666666666666666,11.0,19.0,2
train,2,0,53560,53560,86986,35,11,511,3.5,2,6,2,243.40912061794234,7,92.0,130.0,38.0,3.4210526315789473,19.0,0.7142857142857143,13.142857142857142,19.0,1
test,2,0,53560,53560,86986,35,11,511,3.5,2,6,2,161.66632302368973,6,66.0,104.0,38.0,2.736842105263158,38.0,0.6666666666666666,11.0,19.0,2
train,2,0,53560,53560,86986,36,11,511,3.75,4,6,2,243.40912061794234,7,92.0,130.0,38.0,3.4210526315789473,19.0,0.7142857142857143,13.142857142857142,19.0,1
test,2,0,53560,53560,86986,36,11,511,3.75,4,6,2,161.66632302368973,6,66.0,104.0,38.0,2.736842105263158,38.0,0.6666666666666666,11.0,19.0,2
train,2,0,53560,53560,86986,37,11,511,3.25,2,6,2,243.40912061794234,7,92.0,130.0,38.0,3.4210526315789473,19.0,0.7142857142857143,13.142857142857142,19.0,1
test,2,0,53560,53560,86986,37,11,511,3.25,2,6,2,161.66632302368973,6,66.0,104.0,38.0,2.736842105263158,38.0,0.6666666666666666,11.0,19.0,2
train,2,0,53560,53560,86986,38,11,511,3.5,2,6,2,243.40912061794234,7,92.0,130.0,38.0,3.4210526315789473,19.0,0.7142857142857143,13.142857142857142,19.0,1
test,2,0,53560,53560,86986,38,11,511,3.5,2,6,2,161.66632302368973,6,66.0,104.0,38.0,2.736842105263158,38.0,0.6666666666666666,11.0,19.0,2
train,2,0,53560,53560,86986,39,11,511,3.75,2,6,2,243.40912061794234,7,92.0,130.0,38.0,3.4210526315789473,19.0,0.7142857142857143,13.142857142857142,19.0,1
test,2,0,53560,53560,86986,39,11,511,3.75,2,6,2,161.66632302368973,6,66.0,104.0,38.0,2.736842105263158,38.0,0.6666666666666666,11.0,19.0,2
train,2,0,53560,53560,86986,40,11,511,3.75,2,6,2,243.40912061794234,7,92.0,130.0,38.0,3.4210526315789473,19.0,0.7142857142857143,13.142857142857142,19.0,1
test,2,0,53560,53560,86986,40,11,511,3.75,2,6,2,161.66632302368973,6,66.0,104.0,38.0,2.736842105263158,38.0,0.6666666666666666,11.0,19.0,2
train,2,0,53560,53560,86986,41,11,511,3.75,2,6,2,243.40912061794234,7,92.0,130.0,38.0,3.4210526315789473,19.0,0.7142857142857143,13.142857142857142,19.0,1
test,2,0,53560,53560,86986,41,11,511,3.75,2,6,2,161.66632302368973,6,66.0,104.0,38.0,2.736842105263158,38.0,0.6666666666666666,11.0,19.0,2
train,2,0,53560,53560,86986,42,11,511,3.5,3,6,2,243.40912061794234,7,92.0,130.0,38.0,3.4210526315789473,19.0,0.7142857142857143,13.142857142857142,19.0,1
test,2,0,53560,53560,86986,42,11,511,3.5,3,6,2,161.66632302368973,6,66.0,104.0,38.0,2.736842105263158,38.0,0.6666666666666666,11.0,19.0,2
train,2,0,53560,53560,86986,43,11,511,3.5,3,6,2,243.40912061794234,7,92.0,130.0,38.0,3.4210526315789473,19.0,0.7142857142857143,13.142857142857142,19.0,1
test,2,0,53560,53560,86986,43,11,511,3.5,3,6,2,161.66632302368973,6,66.0,104.0,38.0,2.736842105263158,38.0,0.6666666666666666,11.0,19.0,2
train,2,0,53560,53560,86986,44,11,511,3.5,3,6,2,243.40912061794234,7,92.0,130.0,38.0,3.4210526315789473,19.0,0.7142857142857143,13.142857142857142,19.0,1
test,2,0,53560,53560,86986,44,11,511,3.5,3,6,2,161.66632302368973,6,66.0,104.0,38.0,2.736842105263158,38.0,0.6666666666666666,11.0,19.0,2
train,2,0,53560,53560,86986,45,11,511,3.75,2,6,2,243.40912061794234,7,92.0,130.0,38.0,3.4210526315789473,19.0,0.7142857142857143,13.142857142857142,19.0,1
test,2,0,53560,53560,86986,45,11,511,3.75,2,6,2,161.66632302368973,6,66.0,104.0,38.0,2.736842105263158,38.0,0.6666666666666666,11.0,19.0,2
train,2,0,53560,53560,86986,46,11,531,3.75,1,6,2,243.40912061794234,7,92.0,130.0,38.0,3.4210526315789473,19.0,0.7142857142857143,13.142857142857142,19.0,1
test,2,0,53560,53560,86986,46,11,531,3.75,1,6,2,161.66632302368973,6,66.0,104.0,38.0,2.736842105263158,38.0,0.6666666666666666,11.0,19.0,2
train,2,0,53560,53560,86986,47,11,511,4.0,2,6,2,243.40912061794234,7,92.0,130.0,38.0,3.4210526315789473,19.0,0.7142857142857143,13.142857142857142,19.0,1
test,2,0,53560,53560,86986,47,11,511,4.0,2,6,2,161.66632302368973,6,66.0,104.0,38.0,2.736842105263158,38.0,0.6666666666666666,11.0,19.0,2
train,2,0,53560,53560,86986,48,11,511,3.75,1,6,2,243.40912061794234,7,92.0,130.0,38.0,3.4210526315789473,19.0,0.7142857142857143,13.142857142857142,19.0,1
test,2,0,53560,53560,86986,48,11,511,3.75,1,6,2,161.66632302368973,6,66.0,104.0,38.0,2.736842105263158,38.0,0.6666666666666666,11.0,19.0,2
train,2,0,53560,53560,86986,49,11,511,3.5,2,6,2,243.40912061794234,7,92.0,130.0,38.0,3.4210526315789473,19.0,0.7142857142857143,13.142857142857142,19.0,1
test,2,0,53560,53560,86986,49,11,511,3.5,2,6,2,161.66632302368973,6,66.0,104.0,38.0,2.736842105263158,38.0,0.6666666666666666,11.0,19.0,2
train,2,0,53560,53560,86986,50,11,531,3.5,3,6,2,243.40912061794234,7,92.0,130.0,38.0,3.4210526315789473,19.0,0.7142857142857143,13.142857142857142,19.0,1
test,2,0,53560,53560,86986,50,11,531,3.5,3,6,2,161.66632302368973,6,66.0,104.0,38.0,2.736842105263158,38.0,0.6666666666666666,11.0,19.0,2
train,2,0,53560,53560,86986,51,11,511,3.75,2,6,2,243.40912061794234,7,92.0,130.0,38.0,3.4210526315789473,19.0,0.7142857142857143,13.142857142857142,19.0,1
test,2,0,53560,53560,86986,51,11,511,3.75,2,6,2,161.66632302368973,6,66.0,104.0,38.0,2.736842105263158,38.0,0.6666666666666666,11.0,19.0,2
train,2,0,53560,53560,86986,52,11,511,3.75,1,6,2,243.40912061794234,7,92.0,130.0,38.0,3.4210526315789473,19.0,0.7142857142857143,13.142857142857142,19.0,1
test,2,0,53560,53560,86986,52,11,511,3.75,1,6,2,161.66632302368973,6,66.0,104.0,38.0,2.736842105263158,38.0,0.6666666666666666,11.0,19.0,2
train,2,0,53560,53560,86986,53,11,511,3.5,2,6,2,243.40912061794234,7,92.0,130.0,38.0,3.4210526315789473,19.0,0.7142857142857143,13.142857142857142,19.0,1
test,2,0,53560,53560,86986,53,11,511,3.5,2,6,2,161.66632302368973,6,66.0,104.0,38.0,2.736842105263158,38.0,0.6666666666666666,11.0,19.0,2
train,2,0,53560,53560,86986,54,11,511,3.25,3,6,2,243.40912061794234,7,92.0,130.0,38.0,3.4210526315789473,19.0,0.7142857142857143,13.142857142857142,19.0,1
test,2,0,53560,53560,86986,54,11,511,3.25,3,6,2,161.66632302368973,6,66.0,104.0,38.0,2.736842105263158,38.0,0.6666666666666666,11.0,19.0,2
train,2,0,53560,53560,86986,55,11,511,3.75,3,6,2,243.40912061794234,7,92.0,130.0,38.0,3.4210526315789473,19.0,0.7142857142857143,13.142857142857142,19.0,1
test,2,0,53560,53560,86986,55,11,511,3.75,3,6,2,161.66632302368973,6,66.0,104.0,38.0,2.736842105263158,38.0,0.6666666666666666,11.0,19.0,2
train,2,0,53560,53560,86986,56,11,511,3.75,2,6,2,243.40912061794234,7,92.0,130.0,38.0,3.4210526315789473,19.0,0.7142857142857143,13.142857142857142,19.0,1
test,2,0,53560,53560,86986,56,11,511,3.75,2,6,2,161.66632302368973,6,66.0,104.0,38.0,2.736842105263158,38.0,0.6666666666666666,11.0,19.0,2
train,2,0,53560,53560,86986,57,11,511,3.5,1,6,2,243.40912061794234,7,92.0,130.0,38.0,3.4210526315789473,19.0,0.7142857142857143,13.142857142857142,19.0,1
test,2,0,53560,53560,86986,57,11,511,3.5,1,6,2,161.66632302368973,6,66.0,104.0,38.0,2.736842105263158,38.0,0.6666666666666666,11.0,19.0,2
train,2,0,53560,53560,86986,58,11,511,3.5,3,6,2,243.40912061794234,7,92.0,130.0,38.0,3.4210526315789473,19.0,0.7142857142857143,13.142857142857142,19.0,1
test,2,0,53560,53560,86986,58,11,511,3.5,3,6,2,161.66632302368973,6,66.0,104.0,38.0,2.736842105263158,38.0,0.6666666666666666,11.0,19.0,2
train,2,0,53560,53560,86986,59,11,511,3.75,2,6,2,243.40912061794234,7,92.0,130.0,38.0,3.4210526315789473,19.0,0.7142857142857143,13.142857142857142,19.0,1
test,2,0,53560,53560,86986,59,11,511,3.75,2,6,2,161.66632302368973,6,66.0,104.0,38.0,2.736842105263158,38.0,0.6666666666666666,11.0,19.0,2
train,2,0,53560,53560,86986,60,11,531,3.5,4,6,2,243.40912061794234,7,92.0,130.0,38.0,3.4210526315789473,19.0,0.7142857142857143,13.142857142857142,19.0,1
test,2,0,53560,53560,86986,60,11,531,3.5,4,6,2,161.66632302368973,6,66.0,104.0,38.0,2.736842105263158,38.0,0.6666666666666666,11.0,19.0,2
train,2,0,53560,53560,86986,61,11,511,3.75,3,6,2,243.40912061794234,7,92.0,130.0,38.0,3.4210526315789473,19.0,0.7142857142857143,13.142857142857142,19.0,1
test,2,0,53560,53560,86986,61,11,511,3.75,3,6,2,161.66632302368973,6,66.0,104.0,38.0,2.736842105263158,38.0,0.6666666666666666,11.0,19.0,2
train,2,0,53560,53560,86986,62,11,511,3.75,2,6,2,243.40912061794234,7,92.0,130.0,38.0,3.4210526315789473,19.0,0.7142857142857143,13.142857142857142,19.0,1
test,2,0,53560,53560,86986,62,11,511,3.75,2,6,2,161.66632302368973,6,66.0,104.0,38.0,2.736842105263158,38.0,0.6666666666666666,11.0,19.0,2
train,2,0,53560,53560,86986,63,11,531,3.75,3,6,2,243.40912061794234,7,92.0,130.0,38.0,3.4210526315789473,19.0,0.7142857142857143,13.142857142857142,19.0,1
test,2,0,53560,53560,86986,63,11,531,3.75,3,6,2,161.66632302368973,6,66.0,104.0,38.0,2.736842105263158,38.0,0.6666666666666666,11.0,19.0,2
train,2,0,53560,53560,86986,64,11,516,3.5,2,6,2,243.40912061794234,7,92.0,130.0,38.0,3.4210526315789473,19.0,0.7142857142857143,13.142857142857142,19.0,1
test,2,0,53560,53560,86986,64,11,516,3.5,2,6,2,161.66632302368973,6,66.0,104.0,38.0,2.736842105263158,38.0,0.6666666666666666,11.0,19.0,2
train,2,0,53560,53560,86986,65,11,511,3.5,1,6,2,243.40912061794234,7,92.0,130.0,38.0,3.4210526315789473,19.0,0.7142857142857143,13.142857142857142,19.0,1
test,2,0,53560,53560,86986,65,11,511,3.5,1,6,2,161.66632302368973,6,66.0,104.0,38.0,2.736842105263158,38.0,0.6666666666666666,11.0,19.0,2
train,2,0,53560,53560,86986,66,11,531,3.75,1,6,2,243.40912061794234,7,92.0,130.0,38.0,3.4210526315789473,19.0,0.7142857142857143,13.142857142857142,19.0,1
test,2,0,53560,53560,86986,66,11,531,3.75,1,6,2,161.66632302368973,6,66.0,104.0,38.0,2.736842105263158,38.0,0.6666666666666666,11.0,19.0,2
train,2,0,53560,53560,86986,67,11,511,3.5,1,6,2,243.40912061794234,7,92.0,130.0,38.0,3.4210526315789473,19.0,0.7142857142857143,13.142857142857142,19.0,1
test,2,0,53560,53560,86986,67,11,511,3.5,1,6,2,161.66632302368973,6,66.0,104.0,38.0,2.736842105263158,38.0,0.6666666666666666,11.0,19.0,2
train,2,0,53560,53560,86986,68,11,511,3.0,1,6,2,243.40912061794234,7,92.0,130.0,38.0,3.4210526315789473,19.0,0.7142857142857143,13.142857142857142,19.0,1
test,2,0,53560,53560,86986,68,11,511,3.0,1,6,2,161.66632302368973,6,66.0,104.0,38.0,2.736842105263158,38.0,0.6666666666666666,11.0,19.0,2
train,2,0,53560,53560,86986,69,11,511,3.75,2,6,2,243.40912061794234,7,92.0,130.0,38.0,3.4210526315789473,19.0,0.7142857142857143,13.142857142857142,19.0,1
test,2,0,53560,53560,86986,69,11,511,3.75,2,6,2,161.66632302368973,6,66.0,104.0,38.0,2.736842105263158,38.0,0.6666666666666666,11.0,19.0,2
train,2,0,53560,53560,86986,70,11,526,3.5,4,6,2,243.40912061794234,7,92.0,130.0,38.0,3.4210526315789473,19.0,0.7142857142857143,13.142857142857142,19.0,1
test,2,0,53560,53560,86986,70,11,526,3.5,4,6,2,161.66632302368973,6,66.0,104.0,38.0,2.736842105263158,38.0,0.6666666666666666,11.0,19.0,2
train,2,0,53560,53560,86986,71,11,520,3.75,2,6,2,243.40912061794234,7,92.0,130.0,38.0,3.4210526315789473,19.0,0.7142857142857143,13.142857142857142,19.0,1
test,2,0,53560,53560,86986,71,11,520,3.75,2,6,2,161.66632302368973,6,66.0,104.0,38.0,2.736842105263158,38.0,0.6666666666666666,11.0,19.0,2
train,2,0,53560,53560,86986,72,11,526,3.5,2,6,2,243.40912061794234,7,92.0,130.0,38.0,3.4210526315789473,19.0,0.7142857142857143,13.142857142857142,19.0,1
test,2,0,53560,53560,86986,72,11,526,3.5,2,6,2,161.66632302368973,6,66.0,104.0,38.0,2.736842105263158,38.0,0.6666666666666666,11.0,19.0,2
train,2,0,53560,53560,86986,73,11,511,3.75,1,6,2,243.40912061794234,7,92.0,130.0,38.0,3.4210526315789473,19.0,0.7142857142857143,13.142857142857142,19.0,1
test,2,0,53560,53560,86986,73,11,511,3.75,1,6,2,161.66632302368973,6,66.0,104.0,38.0,2.736842105263158,38.0,0.6666666666666666,11.0,19.0,2
train,2,0,53560,53560,86986,74,11,531,3.75,3,6,2,243.40912061794234,7,92.0,130.0,38.0,3.4210526315789473,19.0,0.7142857142857143,13.142857142857142,19.0,1
test,2,0,53560,53560,86986,74,11,531,3.75,3,6,2,161.66632302368973,6,66.0,104.0,38.0,2.736842105263158,38.0,0.6666666666666666,11.0,19.0,2
train,2,0,53560,53560,86986,75,11,511,3.75,4,6,2,243.40912061794234,7,92.0,130.0,38.0,3.4210526315789473,19.0,0.7142857142857143,13.142857142857142,19.0,1
test,2,0,53560,53560,86986,75,11,511,3.75,4,6,2,161.66632302368973,6,66.0,104.0,38.0,2.736842105263158,38.0,0.6666666666666666,11.0,19.0,2
train,2,0,53560,53560,86986,76,11,531,3.75,1,6,2,243.40912061794234,7,92.0,130.0,38.0,3.4210526315789473,19.0,0.7142857142857143,13.142857142857142,19.0,1
test,2,0,53560,53560,86986,76,11,531,3.75,1,6,2,161.66632302368973,6,66.0,104.0,38.0,2.736842105263158,38.0,0.6666666666666666,11.0,19.0,2
train,2,0,53560,53560,86986,77,11,511,3.75,3,6,2,243.40912061794234,7,92.0,130.0,38.0,3.4210526315789473,19.0,0.7142857142857143,13.142857142857142,19.0,1
test,2,0,53560,53560,86986,77,11,511,3.75,3,6,2,161.66632302368973,6,66.0,104.0,38.0,2.736842105263158,38.0,0.6666666666666666,11.0,19.0,2
train,2,0,53560,53560,86986,78,11,526,3.5,1,6,2,243.40912061794234,7,92.0,130.0,38.0,3.4210526315789473,19.0,0.7142857142857143,13.142857142857142,19.0,1
test,2,0,53560,53560,86986,78,11,526,3.5,1,6,2,161.66632302368973,6,66.0,104.0,38.0,2.736842105263158,38.0,0.6666666666666666,11.0,19.0,2
train,2,0,53560,53560,86986,79,11,511,3.5,2,6,2,243.40912061794234,7,92.0,130.0,38.0,3.4210526315789473,19.0,0.7142857142857143,13.142857142857142,19.0,1
test,2,0,53560,53560,86986,79,11,511,3.5,2,6,2,161.66632302368973,6,66.0,104.0,38.0,2.736842105263158,38.0,0.6666666666666666,11.0,19.0,2
train,2,0,53560,53560,86986,80,11,520,3.75,2,6,2,243.40912061794234,7,92.0,130.0,38.0,3.4210526315789473,19.0,0.7142857142857143,13.142857142857142,19.0,1
test,2,0,53560,53560,86986,80,11,520,3.75,2,6,2,161.66632302368973,6,66.0,104.0,38.0,2.736842105263158,38.0,0.6666666666666666,11.0,19.0,2
train,2,0,53560,53560,86986,81,11,520,3.0,3,6,2,243.40912061794234,7,92.0,130.0,38.0,3.4210526315789473,19.0,0.7142857142857143,13.142857142857142,19.0,1
test,2,0,53560,53560,86986,81,11,520,3.0,3,6,2,161.66632302368973,6,66.0,104.0,38.0,2.736842105263158,38.0,0.6666666666666666,11.0,19.0,2
train,2,0,53560,53560,86986,82,11,511,3.25,2,6,2,243.40912061794234,7,92.0,130.0,38.0,3.4210526315789473,19.0,0.7142857142857143,13.142857142857142,19.0,1
test,2,0,53560,53560,86986,82,11,511,3.25,2,6,2,161.66632302368973,6,66.0,104.0,38.0,2.736842105263158,38.0,0.6666666666666666,11.0,19.0,2
train,2,0,53560,53560,86986,83,11,531,3.5,3,6,2,243.40912061794234,7,92.0,130.0,38.0,3.4210526315789473,19.0,0.7142857142857143,13.142857142857142,19.0,1
test,2,0,53560,53560,86986,83,11,531,3.5,3,6,2,161.66632302368973,6,66.0,104.0,38.0,2.736842105263158,38.0,0.6666666666666666,11.0,19.0,2
train,2,0,53560,53560,86986,84,11,511,3.5,2,6,2,243.40912061794234,7,92.0,130.0,38.0,3.4210526315789473,19.0,0.7142857142857143,13.142857142857142,19.0,1
test,2,0,53560,53560,86986,84,11,511,3.5,2,6,2,161.66632302368973,6,66.0,104.0,38.0,2.736842105263158,38.0,0.6666666666666666,11.0,19.0,2
train,2,0,53560,53560,86986,85,11,526,3.75,2,6,2,243.40912061794234,7,92.0,130.0,38.0,3.4210526315789473,19.0,0.7142857142857143,13.142857142857142,19.0,1
test,2,0,53560,53560,86986,85,11,526,3.75,2,6,2,161.66632302368973,6,66.0,104.0,38.0,2.736842105263158,38.0,0.6666666666666666,11.0,19.0,2
train,2,0,53560,53560,86986,86,11,520,3.5,2,6,2,243.40912061794234,7,92.0,130.0,38.0,3.4210526315789473,19.0,0.7142857142857143,13.142857142857142,19.0,1
test,2,0,53560,53560,86986,86,11,520,3.5,2,6,2,161.66632302368973,6,66.0,104.0,38.0,2.736842105263158,38.0,0.6666666666666666,11.0,19.0,2
train,2,0,53560,53560,86986,87,11,520,3.75,2,6,2,243.40912061794234,7,92.0,130.0,38.0,3.4210526315789473,19.0,0.7142857142857143,13.142857142857142,19.0,1
test,2,0,53560,53560,86986,87,11,520,3.75,2,6,2,161.66632302368973,6,66.0,104.0,38.0,2.736842105263158,38.0,0.6666666666666666,11.0,19.0,2
train,2,0,53560,53560,86986,88,11,531,3.5,3,6,2,243.40912061794234,7,92.0,130.0,38.0,3.4210526315789473,19.0,0.7142857142857143,13.142857142857142,19.0,1
test,2,0,53560,53560,86986,88,11,531,3.5,3,6,2,161.66632302368973,6,66.0,104.0,38.0,2.736842105263158,38.0,0.6666666666666666,11.0,19.0,2
train,2,0,53560,53560,86986,89,11,520,3.25,2,6,2,243.40912061794234,7,92.0,130.0,38.0,3.4210526315789473,19.0,0.7142857142857143,13.142857142857142,19.0,1
test,2,0,53560,53560,86986,89,11,520,3.25,2,6,2,161.66632302368973,6,66.0,104.0,38.0,2.736842105263158,38.0,0.6666666666666666,11.0,19.0,2
train,2,0,53560,53560,86986,90,11,526,3.75,3,6,2,243.40912061794234,7,92.0,130.0,38.0,3.4210526315789473,19.0,0.7142857142857143,13.142857142857142,19.0,1
test,2,0,53560,53560,86986,90,11,526,3.75,3,6,2,161.66632302368973,6,66.0,104.0,38.0,2.736842105263158,38.0,0.6666666666666666,11.0,19.0,2
train,2,0,53560,53560,86986,91,11,511,3.25,2,6,2,243.40912061794234,7,92.0,130.0,38.0,3.4210526315789473,19.0,0.7142857142857143,13.142857142857142,19.0,1
test,2,0,53560,53560,86986,91,11,511,3.25,2,6,2,161.66632302368973,6,66.0,104.0,38.0,2.736842105263158,38.0,0.6666666666666666,11.0,19.0,2
train,2,0,53560,53560,86986,92,11,531,3.5,3,6,2,243.40912061794234,7,92.0,130.0,38.0,3.4210526315789473,19.0,0.7142857142857143,13.142857142857142,19.0,1
test,2,0,53560,53560,86986,92,11,531,3.5,3,6,2,161.66632302368973,6,66.0,104.0,38.0,2.736842105263158,38.0,0.6666666666666666,11.0,19.0,2
train,2,0,53560,53560,86986,93,11,511,4.0,1,6,2,243.40912061794234,7,92.0,130.0,38.0,3.4210526315789473,19.0,0.7142857142857143,13.142857142857142,19.0,1
test,2,0,53560,53560,86986,93,11,511,4.0,1,6,2,161.66632302368973,6,66.0,104.0,38.0,2.736842105263158,38.0,0.6666666666666666,11.0,19.0,2
train,2,0,53560,53560,86986,94,11,511,3.25,1,6,2,243.40912061794234,7,92.0,130.0,38.0,3.4210526315789473,19.0,0.7142857142857143,13.142857142857142,19.0,1
test,2,0,53560,53560,86986,94,11,511,3.25,1,6,2,161.66632302368973,6,66.0,104.0,38.0,2.736842105263158,38.0,0.6666666666666666,11.0,19.0,2
train,2,0,53560,53560,86986,95,11,511,3.5,2,6,2,243.40912061794234,7,92.0,130.0,38.0,3.4210526315789473,19.0,0.7142857142857143,13.142857142857142,19.0,1
test,2,0,53560,53560,86986,95,11,511,3.5,2,6,2,161.66632302368973,6,66.0,104.0,38.0,2.736842105263158,38.0,0.6666666666666666,11.0,19.0,2
train,2,0,53560,53560,86986,96,11,511,3.5,2,6,2,243.40912061794234,7,92.0,130.0,38.0,3.4210526315789473,19.0,0.7142857142857143,13.142857142857142,19.0,1
test,2,0,53560,53560,86986,96,11,511,3.5,2,6,2,161.66632302368973,6,66.0,104.0,38.0,2.736842105263158,38.0,0.6666666666666666,11.0,19.0,2
train,2,0,53560,53560,86986,97,11,531,3.5,2,6,2,243.40912061794234,7,92.0,130.0,38.0,3.4210526315789473,19.0,0.7142857142857143,13.142857142857142,19.0,1
test,2,0,53560,53560,86986,97,11,531,3.5,2,6,2,161.66632302368973,6,66.0,104.0,38.0,2.736842105263158,38.0,0.6666666666666666,11.0,19.0,2
train,2,0,53560,53560,86986,98,11,531,3.75,4,6,2,243.40912061794234,7,92.0,130.0,38.0,3.4210526315789473,19.0,0.7142857142857143,13.142857142857142,19.0,1
test,2,0,53560,53560,86986,98,11,531,3.75,4,6,2,161.66632302368973,6,66.0,104.0,38.0,2.736842105263158,38.0,0.6666666666666666,11.0,19.0,2
train,2,0,53560,53560,86986,99,11,511,3.5,2,6,2,243.40912061794234,7,92.0,130.0,38.0,3.4210526315789473,19.0,0.7142857142857143,13.142857142857142,19.0,1
test,2,0,53560,53560,86986,99,11,511,3.5,2,6,2,161.66632302368973,6,66.0,104.0,38.0,2.736842105263158,38.0,0.6666666666666666,11.0,19.0,2
train,2,0,53560,53560,86986,100,11,531,3.75,3,6,2,243.40912061794234,7,92.0,130.0,38.0,3.4210526315789473,19.0,0.7142857142857143,13.142857142857142,19.0,1
test,2,0,53560,53560,86986,100,11,531,3.75,3,6,2,161.66632302368973,6,66.0,104.0,38.0,2.736842105263158,38.0,0.6666666666666666,11.0,19.0,2
train,3,0,86986,86986,125287,0,15,3085,7.25,8,7,7,178.88543819998318,5,80.0,124.0,44.0,2.8181818181818183,44.0,0.8,16.0,44.0,1
test,3,0,86986,86986,125287,0,15,3085,7.25,8,7,7,195.1614716074871,8,23.0,155.0,132.0,1.1742424242424243,70.0,0.625,2.875,44.0,1
train,3,0,86986,86986,125287,1,12,429,4.25,9,20,9,308.6357075906804,6,126.0,288.0,162.0,1.7777777777777777,54.0,0.5,21.0,54.0,1
test,3,0,86986,86986,125287,1,12,429,4.25,9,20,9,100.62305898749055,5,30.0,192.0,162.0,1.1851851851851851,108.0,0.4,6.0,54.0,2
train,3,0,86986,86986,125287,2,13,412,3.0,3,22,6,492.34743829941874,6,201.0,318.0,117.0,2.717948717948718,39.0,0.5,33.5,39.0,1
test,3,0,86986,86986,125287,2,13,412,3.0,3,22,6,44.977772288098045,7,17.0,212.0,195.0,1.087179487179487,117.0,0.2857142857142857,2.4285714285714284,39.0,3
train,3,0,86986,86986,125287,3,13,534,4.25,7,19,3,492.34743829941874,6,201.0,273.0,72.0,3.7916666666666665,24.0,0.5,33.5,24.0,1
test,3,0,86986,86986,125287,3,13,534,4.25,7,19,3,-15.811388300841898,10,-10.0,182.0,192.0,0.9479166666666666,144.0,0.2,-1.0,24.0,6
train,3,0,86986,86986,125287,4,13,534,3.25,8,23,3,637.2793735874401,5,285.0,333.0,48.0,6.9375,24.0,0.6,57.0,24.0,1
test,3,0,86986,86986,125287,4,13,534,3.25,8,23,3,97.19999999999999,9,54.0,222.0,168.0,1.3214285714285714,120.0,0.2222222222222222,6.0,24.0,5
train,3,0,86986,86986,125287,5,13,534,4.0,8,23,3,637.2793735874401,5,285.0,333.0,48.0,6.9375,24.0,0.6,57.0,24.0,1
test,3,0,86986,86986,125287,5,13,534,4.0,8,23,3,165.46298679765215,8,78.0,222.0,144.0,1.5416666666666667,96.0,0.25,9.75,24.0,4
train,3,0,86986,86986,125287,6,13,534,3.25,8,23,3,637.2793735874401,5,285.0,333.0,48.0,6.9375,24.0,0.6,57.0,24.0,1
test,3,0,86986,86986,125287,6,13,534,3.25,8,23,3,97.19999999999999,9,54.0,222.0,168.0,1.3214285714285714,120.0,0.2222222222222222,6.0,24.0,5
train,3,0,86986,86986,125287,7,12,534,4.25,8,23,3,639.3168228664094,6,261.0,333.0,72.0,4.625,24.0,0.5,43.5,24.0,1
test,3,0,86986,86986,125287,7,12,534,4.25,8,23,3,165.46298679765215,8,78.0,222.0,144.0,1.5416666666666667,96.0,0.25,9.75,24.0,4
train,3,0,86986,86986,125287,8,13,534,3.5,8,23,3,637.2793735874401,5,285.0,333.0,48.0,6.9375,24.0,0.6,57.0,24.0,1
test,3,0,86986,86986,125287,8,13,534,3.5,8,23,3,97.19999999999999,9,54.0,222.0,168.0,1.3214285714285714,120.0,0.2222222222222222,6.0,24.0,5
train,3,0,86986,86986,125287,9,13,534,4.25,9,23,3,637.2793735874401,5,285.0,333.0,48.0,6.9375,24.0,0.6,57.0,24.0,1
test,3,0,86986,86986,125287,9,13,534,4.25,9,23,3,-190.49409439665052,7,-168.0,0.0,168.0,0.0,168.0,0.0,-24.0,24.0,7
train,3,0,86986,86986,125287,10,13,534,3.0,7,23,3,637.2793735874401,5,285.0,333.0,48.0,6.9375,24.0,0.6,57.0,24.0,1
test,3,0,86986,86986,125287,10,13,534,3.0,7,23,3,97.19999999999999,9,54.0,222.0,168.0,1.3214285714285714,120.0,0.2222222222222222,6.0,24.0,5
train,3,0,86986,86986,125287,11,13,534,3.25,8,23,3,637.2793735874401,5,285.0,333.0,48.0,6.9375,24.0,0.6,57.0,24.0,1
test,3,0,86986,86986,125287,11,13,534,3.25,8,23,3,97.19999999999999,9,54.0,222.0,168.0,1.3214285714285714,120.0,0.2222222222222222,6.0,24.0,5
train,3,0,86986,86986,125287,12,13,534,3.5,7,23,2,659.640053362438,5,295.0,333.0,38.0,8.763157894736842,19.0,0.6,59.0,19.0,1
test,3,0,86986,86986,125287,12,13,534,3.5,7,23,2,160.2,9,89.0,222.0,133.0,1.669172932330827,95.0,0.2222222222222222,9.88888888888889,19.0,5
train,3,0,86986,86986,125287,13,13,534,3.0,8,23,2,659.640053362438,5,295.0,333.0,38.0,8.763157894736842,19.0,0.6,59.0,19.0,1
test,3,0,86986,86986,125287,13,13,534,3.0,8,23,2,160.2,9,89.0,222.0,133.0,1.669172932330827,95.0,0.2222222222222222,9.88888888888889,19.0,5
train,3,0,86986,86986,125287,14,13,534,3.0,9,23,2,659.640053362438,5,295.0,333.0,38.0,8.763157894736842,19.0,0.6,59.0,19.0,1
test,3,0,86986,86986,125287,14,13,534,3.0,9,23,2,229.10259710444143,8,108.0,222.0,114.0,1.9473684210526316,76.0,0.25,13.5,19.0,4
train,3,0,86986,86986,125287,15,13,523,3.5,7,23,2,659.640053362438,5,295.0,333.0,38.0,8.763157894736842,19.0,0.6,59.0,19.0,1
test,3,0,86986,86986,125287,15,13,523,3.5,7,23,2,160.2,9,89.0,222.0,133.0,1.669172932330827,95.0,0.2222222222222222,9.88888888888889,19.0,5
train,3,0,86986,86986,125287,16,13,534,3.25,7,23,2,659.640053362438,5,295.0,333.0,38.0,8.763157894736842,19.0,0.6,59.0,19.0,1
test,3,0,86986,86986,125287,16,13,534,3.25,7,23,2,160.2,9,89.0,222.0,133.0,1.669172932330827,95.0,0.2222222222222222,9.88888888888889,19.0,5
train,3,0,86986,86986,125287,17,12,534,4.25,8,23,2,676.0591690081571,6,276.0,333.0,57.0,5.842105263157895,19.0,0.5,46.0,19.0,1
test,3,0,86986,86986,125287,17,12,534,4.25,8,23,2,229.10259710444143,8,108.0,222.0,114.0,1.9473684210526316,76.0,0.25,13.5,19.0,4
train,3,0,86986,86986,125287,18,13,523,3.5,7,23,2,659.640053362438,5,295.0,333.0,38.0,8.763157894736842,19.0,0.6,59.0,19.0,1
test,3,0,86986,86986,125287,18,13,523,3.5,7,23,2,160.2,9,89.0,222.0,133.0,1.669172932330827,95.0,0.2222222222222222,9.88888888888889,19.0,5
train,3,0,86986,86986,125287,19,13,534,3.5,7,23,2,659.640053362438,5,295.0,333.0,38.0,8.763157894736842,19.0,0.6,59.0,19.0,1
test,3,0,86986,86986,125287,19,13,534,3.5,7,23,2,160.2,9,89.0,222.0,133.0,1.669172932330827,95.0,0.2222222222222222,9.88888888888889,19.0,5
train,3,0,86986,86986,125287,20,12,534,4.0,8,23,2,676.0591690081571,6,276.0,333.0,57.0,5.842105263157895,19.0,0.5,46.0,19.0,1
test,3,0,86986,86986,125287,20,12,534,4.0,8,23,2,229.10259710444143,8,108.0,222.0,114.0,1.9473684210526316,76.0,0.25,13.5,19.0,4
train,3,0,86986,86986,125287,21,13,485,4.0,7,23,2,659.640053362438,5,295.0,333.0,38.0,8.763157894736842,19.0,0.6,59.0,19.0,1
test,3,0,86986,86986,125287,21,13,485,4.0,7,23,2,160.2,9,89.0,222.0,133.0,1.669172932330827,95.0,0.2222222222222222,9.88888888888889,19.0,5
train,3,0,86986,86986,125287,22,13,416,3.75,8,23,2,659.640053362438,5,295.0,333.0,38.0,8.763157894736842,19.0,0.6,59.0,19.0,1
test,3,0,86986,86986,125287,22,13,416,3.75,8,23,2,536.4382536695159,6,146.0,222.0,76.0,2.9210526315789473,38.0,0.3333333333333333,24.333333333333332,19.0,2
train,3,0,86986,86986,125287,23,13,534,4.5,9,23,2,659.640053362438,5,295.0,333.0,38.0,8.763157894736842,19.0,0.6,59.0,19.0,1
test,3,0,86986,86986,125287,23,13,534,4.5,9,23,2,-150.80782473068166,7,-133.0,0.0,133.0,0.0,133.0,0.0,-19.0,19.0,7
train,3,0,86986,86986,125287,24,13,496,3.0,7,23,2,659.640053362438,5,295.0,333.0,38.0,8.763157894736842,19.0,0.6,59.0,19.0,1
test,3,0,86986,86986,125287,24,13,496,3.0,7,23,2,160.2,9,89.0,222.0,133.0,1.669172932330827,95.0,0.2222222222222222,9.88888888888889,19.0,5
train,3,0,86986,86986,125287,25,13,530,3.0,8,23,2,659.640053362438,5,295.0,333.0,38.0,8.763157894736842,19.0,0.6,59.0,19.0,1
test,3,0,86986,86986,125287,25,13,530,3.0,8,23,2,160.2,9,89.0,222.0,133.0,1.669172932330827,95.0,0.2222222222222222,9.88888888888889,19.0,5
train,3,0,86986,86986,125287,26,13,534,4.0,7,23,2,659.640053362438,5,295.0,333.0,38.0,8.763157894736842,19.0,0.6,59.0,19.0,1
test,3,0,86986,86986,125287,26,13,534,4.0,7,23,2,160.2,9,89.0,222.0,133.0,1.669172932330827,95.0,0.2222222222222222,9.88888888888889,19.0,5
train,3,0,86986,86986,125287,27,13,523,3.5,7,23,2,659.640053362438,5,295.0,333.0,38.0,8.763157894736842,19.0,0.6,59.0,19.0,1
test,3,0,86986,86986,125287,27,13,523,3.5,7,23,2,160.2,9,89.0,222.0,133.0,1.669172932330827,95.0,0.2222222222222222,9.88888888888889,19.0,5
train,3,0,86986,86986,125287,28,13,534,3.0,7,23,2,659.640053362438,5,295.0,333.0,38.0,8.763157894736842,19.0,0.6,59.0,19.0,1
test,3,0,86986,86986,125287,28,13,534,3.0,7,23,2,160.2,9,89.0,222.0,133.0,1.669172932330827,95.0,0.2222222222222222,9.88888888888889,19.0,5
train,3,0,86986,86986,125287,29,13,534,3.0,8,23,2,659.640053362438,5,295.0,333.0,38.0,8.763157894736842,19.0,0.6,59.0,19.0,1
test,3,0,86986,86986,125287,29,13,534,3.0,8,23,2,160.2,9,89.0,222.0,133.0,1.669172932330827,95.0,0.2222222222222222,9.88888888888889,19.0,5
train,3,0,86986,86986,125287,30,13,534,3.0,7,23,2,659.640053362438,5,295.0,333.0,38.0,8.763157894736842,19.0,0.6,59.0,19.0,1
test,3,0,86986,86986,125287,30,13,534,3.0,7,23,2,160.2,9,89.0,222.0,133.0,1.669172932330827,95.0,0.2222222222222222,9.88888888888889,19.0,5
train,3,0,86986,86986,125287,31,13,534,3.5,8,23,2,659.640053362438,5,295.0,333.0,38.0,8.763157894736842,19.0,0.6,59.0,19.0,1
test,3,0,86986,86986,125287,31,13,534,3.5,8,23,2,160.2,9,89.0,222.0,133.0,1.669172932330827,95.0,0.2222222222222222,9.88888888888889,19.0,5
train,3,0,86986,86986,125287,32,13,534,3.0,7,23,2,659.640053362438,5,295.0,333.0,38.0,8.763157894736842,19.0,0.6,59.0,19.0,1
test,3,0,86986,86986,125287,32,13,534,3.0,7,23,2,160.2,9,89.0,222.0,133.0,1.669172932330827,95.0,0.2222222222222222,9.88888888888889,19.0,5
train,3,0,86986,86986,125287,33,13,530,3.5,9,23,2,659.640053362438,5,295.0,333.0,38.0,8.763157894736842,19.0,0.6,59.0,19.0,1
test,3,0,86986,86986,125287,33,13,530,3.5,9,23,2,229.10259710444143,8,108.0,222.0,114.0,1.9473684210526316,76.0,0.25,13.5,19.0,4
train,3,0,86986,86986,125287,34,13,496,3.0,6,23,2,659.640053362438,5,295.0,333.0,38.0,8.763157894736842,19.0,0.6,59.0,19.0,1
test,3,0,86986,86986,125287,34,13,496,3.0,6,23,2,110.67971810589327,10,70.0,222.0,152.0,1.4605263157894737,114.0,0.2,7.0,19.0,6
train,3,0,86986,86986,125287,35,13,534,3.0,7,23,2,659.640053362438,5,295.0,333.0,38.0,8.763157894736842,19.0,0.6,59.0,19.0,1
test,3,0,86986,86986,125287,35,13,534,3.0,7,23,2,160.2,9,89.0,222.0,133.0,1.669172932330827,95.0,0.2222222222222222,9.88888888888889,19.0,5
train,3,0,86986,86986,125287,36,13,496,3.25,6,23,2,659.640053362438,5,295.0,333.0,38.0,8.763157894736842,19.0,0.6,59.0,19.0,1
test,3,0,86986,86986,125287,36,13,496,3.25,6,23,2,110.67971810589327,10,70.0,222.0,152.0,1.4605263157894737,114.0,0.2,7.0,19.0,6
train,3,0,86986,86986,125287,37,13,534,3.0,9,23,2,659.640053362438,5,295.0,333.0,38.0,8.763157894736842,19.0,0.6,59.0,19.0,1
test,3,0,86986,86986,125287,37,13,534,3.0,9,23,2,229.10259710444143,8,108.0,222.0,114.0,1.9473684210526316,76.0,0.25,13.5,19.0,4
train,3,0,86986,86986,125287,38,13,534,3.5,7,23,2,659.640053362438,5,295.0,333.0,38.0,8.763157894736842,19.0,0.6,59.0,19.0,1
test,3,0,86986,86986,125287,38,13,534,3.5,7,23,2,160.2,9,89.0,222.0,133.0,1.669172932330827,95.0,0.2222222222222222,9.88888888888889,19.0,5
train,3,0,86986,86986,125287,39,13,496,3.5,6,23,2,659.640053362438,5,295.0,333.0,38.0,8.763157894736842,19.0,0.6,59.0,19.0,1
test,3,0,86986,86986,125287,39,13,496,3.5,6,23,2,110.67971810589327,10,70.0,222.0,152.0,1.4605263157894737,114.0,0.2,7.0,19.0,6
train,3,0,86986,86986,125287,40,13,496,3.5,9,23,2,659.640053362438,5,295.0,333.0,38.0,8.763157894736842,19.0,0.6,59.0,19.0,1
test,3,0,86986,86986,125287,40,13,496,3.5,9,23,2,229.10259710444143,8,108.0,222.0,114.0,1.9473684210526316,76.0,0.25,13.5,19.0,4
train,3,0,86986,86986,125287,41,13,534,3.0,7,23,2,659.640053362438,5,295.0,333.0,38.0,8.763157894736842,19.0,0.6,59.0,19.0,1
test,3,0,86986,86986,125287,41,13,534,3.0,7,23,2,160.2,9,89.0,222.0,133.0,1.669172932330827,95.0,0.2222222222222222,9.88888888888889,19.0,5
train,3,0,86986,86986,125287,42,13,534,3.5,8,23,2,659.640053362438,5,295.0,333.0,38.0,8.763157894736842,19.0,0.6,59.0,19.0,1
test,3,0,86986,86986,125287,42,13,534,3.5,8,23,2,160.2,9,89.0,222.0,133.0,1.669172932330827,95.0,0.2222222222222222,9.88888888888889,19.0,5
train,3,0,86986,86986,125287,43,13,560,3.0,8,23,2,659.640053362438,5,295.0,333.0,38.0,8.763157894736842,19.0,0.6,59.0,19.0,1
test,3,0,86986,86986,125287,43,13,560,3.0,8,23,2,160.2,9,89.0,222.0,133.0,1.669172932330827,95.0,0.2222222222222222,9.88888888888889,19.0,5
train,3,0,86986,86986,125287,44,13,486,3.0,6,23,2,659.640053362438,5,295.0,333.0,38.0,8.763157894736842,19.0,0.6,59.0,19.0,1
test,3,0,86986,86986,125287,44,13,486,3.0,6,23,2,110.67971810589327,10,70.0,222.0,152.0,1.4605263157894737,114.0,0.2,7.0,19.0,6
train,3,0,86986,86986,125287,45,13,534,3.0,8,23,2,659.640053362438,5,295.0,333.0,38.0,8.763157894736842,19.0,0.6,59.0,19.0,1
test,3,0,86986,86986,125287,45,13,534,3.0,8,23,2,160.2,9,89.0,222.0,133.0,1.669172932330827,95.0,0.2222222222222222,9.88888888888889,19.0,5
train,3,0,86986,86986,125287,46,13,534,3.0,7,23,2,659.640053362438,5,295.0,333.0,38.0,8.763157894736842,19.0,0.6,59.0,19.0,1
test,3,0,86986,86986,125287,46,13,534,3.0,7,23,2,160.2,9,89.0,222.0,133.0,1.669172932330827,95.0,0.2222222222222222,9.88888888888889,19.0,5
train,3,0,86986,86986,125287,47,13,486,3.5,7,23,2,659.640053362438,5,295.0,333.0,38.0,8.763157894736842,19.0,0.6,59.0,19.0,1
test,3,0,86986,86986,125287,47,13,486,3.5,7,23,2,160.2,9,89.0,222.0,133.0,1.669172932330827,95.0,0.2222222222222222,9.88888888888889,19.0,5
train,3,0,86986,86986,125287,48,13,456,3.5,9,23,2,659.640053362438,5,295.0,333.0,38.0,8.763157894736842,19.0,0.6,59.0,19.0,1
test,3,0,86986,86986,125287,48,13,456,3.5,9,23,2,336.010416505203,7,127.0,222.0,95.0,2.336842105263158,57.0,0.2857142857142857,18.142857142857142,19.0,3
train,3,0,86986,86986,125287,49,13,534,3.5,8,23,2,659.640053362438,5,295.0,333.0,38.0,8.763157894736842,19.0,0.6,59.0,19.0,1
test,3,0,86986,86986,125287,49,13,534,3.5,8,23,2,160.2,9,89.0,222.0,133.0,1.669172932330827,95.0,0.2222222222222222,9.88888888888889,19.0,5
train,3,0,86986,86986,125287,50,13,534,3.5,8,23,2,659.640053362438,5,295.0,333.0,38.0,8.763157894736842,19.0,0.6,59.0,19.0,1
test,3,0,86986,86986,125287,50,13,534,3.5,8,23,2,160.2,9,89.0,222.0,133.0,1.669172932330827,95.0,0.2222222222222222,9.88888888888889,19.0,5
train,3,0,86986,86986,125287,51,13,534,3.25,8,23,2,659.640053362438,5,295.0,333.0,38.0,8.763157894736842,19.0,0.6,59.0,19.0,1
test,3,0,86986,86986,125287,51,13,534,3.25,8,23,2,160.2,9,89.0,222.0,133.0,1.669172932330827,95.0,0.2222222222222222,9.88888888888889,19.0,5
train,3,0,86986,86986,125287,52,13,529,3.75,8,23,2,659.640053362438,5,295.0,333.0,38.0,8.763157894736842,19.0,0.6,59.0,19.0,1
test,3,0,86986,86986,125287,52,13,529,3.75,8,23,2,160.2,9,89.0,222.0,133.0,1.669172932330827,95.0,0.2222222222222222,9.88888888888889,19.0,5
train,3,0,86986,86986,125287,53,13,414,3.5,9,23,2,659.640053362438,5,295.0,333.0,38.0,8.763157894736842,19.0,0.6,59.0,19.0,1
test,3,0,86986,86986,125287,53,13,414,3.5,9,23,2,536.4382536695159,6,146.0,222.0,76.0,2.9210526315789473,38.0,0.3333333333333333,24.333333333333332,19.0,2
train,3,0,86986,86986,125287,54,13,534,3.25,8,23,2,659.640053362438,5,295.0,333.0,38.0,8.763157894736842,19.0,0.6,59.0,19.0,1
test,3,0,86986,86986,125287,54,13,534,3.25,8,23,2,160.2,9,89.0,222.0,133.0,1.669172932330827,95.0,0.2222222222222222,9.88888888888889,19.0,5
train,3,0,86986,86986,125287,55,13,543,3.0,8,23,2,659.640053362438,5,295.0,333.0,38.0,8.763157894736842,19.0,0.6,59.0,19.0,1
test,3,0,86986,86986,125287,55,13,543,3.0,8,23,2,160.2,9,89.0,222.0,133.0,1.669172932330827,95.0,0.2222222222222222,9.88888888888889,19.0,5
train,3,0,86986,86986,125287,56,13,645,3.25,7,23,2,659.640053362438,5,295.0,333.0,38.0,8.763157894736842,19.0,0.6,59.0,19.0,1
test,3,0,86986,86986,125287,56,13,645,3.25,7,23,2,160.2,9,89.0,222.0,133.0,1.669172932330827,95.0,0.2222222222222222,9.88888888888889,19.0,5
train,3,0,86986,86986,125287,57,13,486,3.0,8,23,2,659.640053362438,5,295.0,333.0,38.0,8.763157894736842,19.0,0.6,59.0,19.0,1
test,3,0,86986,86986,125287,57,13,486,3.0,8,23,2,160.2,9,89.0,222.0,133.0,1.669172932330827,95.0,0.2222222222222222,9.88888888888889,19.0,5
train,3,0,86986,86986,125287,58,13,414,3.0,9,23,2,659.640053362438,5,295.0,333.0,38.0,8.763157894736842,19.0,0.6,59.0,19.0,1
test,3,0,86986,86986,125287,58,13,414,3.0,9,23,2,536.4382536695159,6,146.0,222.0,76.0,2.9210526315789473,38.0,0.3333333333333333,24.333333333333332,19.0,2
train,3,0,86986,86986,125287,59,13,471,3.25,7,23,2,659.640053362438,5,295.0,333.0,38.0,8.763157894736842,19.0,0.6,59.0,19.0,1
test,3,0,86986,86986,125287,59,13,471,3.25,7,23,2,229.10259710444143,8,108.0,222.0,114.0,1.9473684210526316,76.0,0.25,13.5,19.0,4
train,3,0,86986,86986,125287,60,13,529,3.0,4,23,2,659.640053362438,5,295.0,333.0,38.0,8.763157894736842,19.0,0.6,59.0,19.0,1
test,3,0,86986,86986,125287,60,13,529,3.0,4,23,2,84.57393215406269,11,51.0,222.0,171.0,1.2982456140350878,114.0,0.18181818181818182,4.636363636363637,19.0,6
train,3,0,86986,86986,125287,61,13,534,3.0,7,23,2,659.640053362438,5,295.0,333.0,38.0,8.763157894736842,19.0,0.6,59.0,19.0,1
test,3,0,86986,86986,125287,61,13,534,3.0,7,23,2,160.2,9,89.0,222.0,133.0,1.669172932330827,95.0,0.2222222222222222,9.88888888888889,19.0,5
train,3,0,86986,86986,125287,62,13,534,3.5,9,23,2,659.640053362438,5,295.0,333.0,38.0,8.763157894736842,19.0,0.6,59.0,19.0,1
test,3,0,86986,86986,125287,62,13,534,3.5,9,23,2,229.10259710444143,8,108.0,222.0,114.0,1.9473684210526316,76.0,0.25,13.5,19.0,4
train,3,0,86986,86986,125287,63,13,480,3.0,8,23,2,659.640053362438,5,295.0,333.0,38.0,8.763157894736842,19.0,0.6,59.0,19.0,1
test,3,0,86986,86986,125287,63,13,480,3.0,8,23,2,160.2,9,89.0,222.0,133.0,1.669172932330827,95.0,0.2222222222222222,9.88888888888889,19.0,5
train,3,0,86986,86986,125287,64,13,428,3.0,5,23,2,659.640053362438,5,295.0,333.0,38.0,8.763157894736842,19.0,0.6,59.0,19.0,1
test,3,0,86986,86986,125287,64,13,428,3.0,5,23,2,336.010416505203,7,127.0,222.0,95.0,2.336842105263158,57.0,0.2857142857142857,18.142857142857142,19.0,3
train,3,0,86986,86986,125287,65,13,507,3.0,7,23,2,659.640053362438,5,295.0,333.0,38.0,8.763157894736842,19.0,0.6,59.0,19.0,1
test,3,0,86986,86986,125287,65,13,507,3.0,7,23,2,160.2,9,89.0,222.0,133.0,1.669172932330827,95.0,0.2222222222222222,9.88888888888889,19.0,5
train,3,0,86986,86986,125287,66,13,486,3.75,7,23,2,659.640053362438,5,295.0,333.0,38.0,8.763157894736842,19.0,0.6,59.0,19.0,1
test,3,0,86986,86986,125287,66,13,486,3.75,7,23,2,160.2,9,89.0,222.0,133.0,1.669172932330827,95.0,0.2222222222222222,9.88888888888889,19.0,5
train,3,0,86986,86986,125287,67,13,486,3.75,7,23,2,659.640053362438,5,295.0,333.0,38.0,8.763157894736842,19.0,0.6,59.0,19.0,1
test,3,0,86986,86986,125287,67,13,486,3.75,7,23,2,160.2,9,89.0,222.0,133.0,1.669172932330827,95.0,0.2222222222222222,9.88888888888889,19.0,5
train,3,0,86986,86986,125287,68,13,534,3.75,7,23,2,659.640053362438,5,295.0,333.0,38.0,8.763157894736842,19.0,0.6,59.0,19.0,1
test,3,0,86986,86986,125287,68,13,534,3.75,7,23,2,160.2,9,89.0,222.0,133.0,1.669172932330827,95.0,0.2222222222222222,9.88888888888889,19.0,5
train,3,0,86986,86986,125287,69,13,471,3.25,7,23,2,659.640053362438,5,295.0,333.0,38.0,8.763157894736842,19.0,0.6,59.0,19.0,1
test,3,0,86986,86986,125287,69,13,471,3.25,7,23,2,229.10259710444143,8,108.0,222.0,114.0,1.9473684210526316,76.0,0.25,13.5,19.0,4
train,3,0,86986,86986,125287,70,13,534,3.5,7,23,2,659.640053362438,5,295.0,333.0,38.0,8.763157894736842,19.0,0.6,59.0,19.0,1
test,3,0,86986,86986,125287,70,13,534,3.5,7,23,2,160.2,9,89.0,222.0,133.0,1.669172932330827,95.0,0.2222222222222222,9.88888888888889,19.0,5
train,3,0,86986,86986,125287,71,13,471,3.75,5,23,2,659.640053362438,5,295.0,333.0,38.0,8.763157894736842,19.0,0.6,59.0,19.0,1
test,3,0,86986,86986,125287,71,13,471,3.75,5,23,2,160.2,9,89.0,222.0,133.0,1.669172932330827,95.0,0.2222222222222222,9.88888888888889,19.0,5
train,3,0,86986,86986,125287,72,13,471,4.5,9,23,2,659.640053362438,5,295.0,333.0,38.0,8.763157894736842,19.0,0.6,59.0,19.0,1
test,3,0,86986,86986,125287,72,13,471,4.5,9,23,2,-139.62091533864114,6,-114.0,0.0,114.0,0.0,114.0,0.0,-19.0,19.0,6
train,3,0,86986,86986,125287,73,13,524,3.5,4,23,2,659.640053362438,5,295.0,333.0,38.0,8.763157894736842,19.0,0.6,59.0,19.0,1
test,3,0,86986,86986,125287,73,13,524,3.5,4,23,2,84.57393215406269,11,51.0,222.0,171.0,1.2982456140350878,114.0,0.18181818181818182,4.636363636363637,19.0,6
train,3,0,86986,86986,125287,74,13,524,3.5,7,23,2,659.640053362438,5,295.0,333.0,38.0,8.763157894736842,19.0,0.6,59.0,19.0,1
test,3,0,86986,86986,125287,74,13,524,3.5,7,23,2,160.2,9,89.0,222.0,133.0,1.669172932330827,95.0,0.2222222222222222,9.88888888888889,19.0,5
train,3,0,86986,86986,125287,75,13,471,3.25,7,23,2,659.640053362438,5,295.0,333.0,38.0,8.763157894736842,19.0,0.6,59.0,19.0,1
test,3,0,86986,86986,125287,75,13,471,3.25,7,23,2,229.10259710444143,8,108.0,222.0,114.0,1.9473684210526316,76.0,0.25,13.5,19.0,4
train,3,0,86986,86986,125287,76,13,480,3.25,9,23,2,659.640053362438,5,295.0,333.0,38.0,8.763157894736842,19.0,0.6,59.0,19.0,1
test,3,0,86986,86986,125287,76,13,480,3.25,9,23,2,229.10259710444143,8,108.0,222.0,114.0,1.9473684210526316,76.0,0.25,13.5,19.0,4
train,3,0,86986,86986,125287,77,13,523,3.25,8,23,2,659.640053362438,5,295.0,333.0,38.0,8.763157894736842,19.0,0.6,59.0,19.0,1
test,3,0,86986,86986,125287,77,13,523,3.25,8,23,2,160.2,9,89.0,222.0,133.0,1.669172932330827,95.0,0.2222222222222222,9.88888888888889,19.0,5
train,3,0,86986,86986,125287,78,13,486,3.0,4,23,2,659.640053362438,5,295.0,333.0,38.0,8.763157894736842,19.0,0.6,59.0,19.0,1
test,3,0,86986,86986,125287,78,13,486,3.0,4,23,2,110.67971810589327,10,70.0,222.0,152.0,1.4605263157894737,114.0,0.2,7.0,19.0,6
train,3,0,86986,86986,125287,79,13,486,3.25,4,23,2,659.640053362438,5,295.0,333.0,38.0,8.763157894736842,19.0,0.6,59.0,19.0,1
test,3,0,86986,86986,125287,79,13,486,3.25,4,23,2,110.67971810589327,10,70.0,222.0,152.0,1.4605263157894737,114.0,0.2,7.0,19.0,6
train,3,0,86986,86986,125287,80,13,491,3.25,5,23,2,659.640053362438,5,295.0,333.0,38.0,8.763157894736842,19.0,0.6,59.0,19.0,1
test,3,0,86986,86986,125287,80,13,491,3.25,5,23,2,110.67971810589327,10,70.0,222.0,152.0,1.4605263157894737,114.0,0.2,7.0,19.0,6
train,3,0,86986,86986,125287,81,13,486,3.25,7,23,2,659.640053362438,5,295.0,333.0,38.0,8.763157894736842,19.0,0.6,59.0,19.0,1
test,3,0,86986,86986,125287,81,13,486,3.25,7,23,2,160.2,9,89.0,222.0,133.0,1.669172932330827,95.0,0.2222222222222222,9.88888888888889,19.0,5
train,3,0,86986,86986,125287,82,13,523,3.25,8,23,2,659.640053362438,5,295.0,333.0,38.0,8.763157894736842,19.0,0.6,59.0,19.0,1
test,3,0,86986,86986,125287,82,13,523,3.25,8,23,2,160.2,9,89.0,222.0,133.0,1.669172932330827,95.0,0.2222222222222222,9.88888888888889,19.0,5
train,3,0,86986,86986,125287,83,13,471,3.25,9,23,2,659.640053362438,5,295.0,333.0,38.0,8.763157894736842,19.0,0.6,59.0,19.0,1
test,3,0,86986,86986,125287,83,13,471,3.25,9,23,2,336.010416505203,7,127.0,222.0,95.0,2.336842105263158,57.0,0.2857142857142857,18.142857142857142,19.0,3
train,3,0,86986,86986,125287,84,13,471,3.25,5,23,2,659.640053362438,5,295.0,333.0,38.0,8.763157894736842,19.0,0.6,59.0,19.0,1
test,3,0,86986,86986,125287,84,13,471,3.25,5,23,2,160.2,9,89.0,222.0,133.0,1.669172932330827,95.0,0.2222222222222222,9.88888888888889,19.0,5
train,3,0,86986,86986,125287,85,13,461,3.25,7,23,2,659.640053362438,5,295.0,333.0,38.0,8.763157894736842,19.0,0.6,59.0,19.0,1
test,3,0,86986,86986,125287,85,13,461,3.25,7,23,2,229.10259710444143,8,108.0,222.0,114.0,1.9473684210526316,76.0,0.25,13.5,19.0,4
train,3,0,86986,86986,125287,86,13,486,3.75,9,23,2,659.640053362438,5,295.0,333.0,38.0,8.763157894736842,19.0,0.6,59.0,19.0,1
test,3,0,86986,86986,125287,86,13,486,3.75,9,23,2,229.10259710444143,8,108.0,222.0,114.0,1.9473684210526316,76.0,0.25,13.5,19.0,4
train,3,0,86986,86986,125287,87,13,414,3.75,3,23,2,659.640053362438,5,295.0,333.0,38.0,8.763157894736842,19.0,0.6,59.0,19.0,1
test,3,0,86986,86986,125287,87,13,414,3.75,3,23,2,336.010416505203,7,127.0,222.0,95.0,2.336842105263158,57.0,0.2857142857142857,18.142857142857142,19.0,3
train,3,0,86986,86986,125287,88,13,499,3.25,8,23,2,659.640053362438,5,295.0,333.0,38.0,8.763157894736842,19.0,0.6,59.0,19.0,1
test,3,0,86986,86986,125287,88,13,499,3.25,8,23,2,160.2,9,89.0,222.0,133.0,1.669172932330827,95.0,0.2222222222222222,9.88888888888889,19.0,5
train,3,0,86986,86986,125287,89,13,471,3.5,3,23,2,659.640053362438,5,295.0,333.0,38.0,8.763157894736842,19.0,0.6,59.0,19.0,1
test,3,0,86986,86986,125287,89,13,471,3.5,3,23,2,160.2,9,89.0,222.0,133.0,1.669172932330827,95.0,0.2222222222222222,9.88888888888889,19.0,5
train,3,0,86986,86986,125287,90,13,480,3.5,8,23,2,659.640053362438,5,295.0,333.0,38.0,8.763157894736842,19.0,0.6,59.0,19.0,1
test,3,0,86986,86986,125287,90,13,480,3.5,8,23,2,160.2,9,89.0,222.0,133.0,1.669172932330827,95.0,0.2222222222222222,9.88888888888889,19.0,5
train,3,0,86986,86986,125287,91,13,523,3.5,8,23,2,659.640053362438,5,295.0,333.0,38.0,8.763157894736842,19.0,0.6,59.0,19.0,1
test,3,0,86986,86986,125287,91,13,523,3.5,8,23,2,160.2,9,89.0,222.0,133.0,1.669172932330827,95.0,0.2222222222222222,9.88888888888889,19.0,5
train,3,0,86986,86986,125287,92,13,480,3.5,3,23,2,659.640053362438,5,295.0,333.0,38.0,8.763157894736842,19.0,0.6,59.0,19.0,1
test,3,0,86986,86986,125287,92,13,480,3.5,3,23,2,110.67971810589327,10,70.0,222.0,152.0,1.4605263157894737,114.0,0.2,7.0,19.0,6
train,3,0,86986,86986,125287,93,13,480,3.5,3,23,2,659.640053362438,5,295.0,333.0,38.0,8.763157894736842,19.0,0.6,59.0,19.0,1
test,3,0,86986,86986,125287,93,13,480,3.5,3,23,2,110.67971810589327,10,70.0,222.0,152.0,1.4605263157894737,114.0,0.2,7.0,19.0,6
train,3,0,86986,86986,125287,94,13,480,3.5,8,23,2,659.640053362438,5,295.0,333.0,38.0,8.763157894736842,19.0,0.6,59.0,19.0,1
test,3,0,86986,86986,125287,94,13,480,3.5,8,23,2,160.2,9,89.0,222.0,133.0,1.669172932330827,95.0,0.2222222222222222,9.88888888888889,19.0,5
train,3,0,86986,86986,125287,95,13,515,3.25,5,23,2,659.640053362438,5,295.0,333.0,38.0,8.763157894736842,19.0,0.6,59.0,19.0,1
test,3,0,86986,86986,125287,95,13,515,3.25,5,23,2,110.67971810589327,10,70.0,222.0,152.0,1.4605263157894737,114.0,0.2,7.0,19.0,6
train,3,0,86986,86986,125287,96,13,523,3.5,8,23,2,659.640053362438,5,295.0,333.0,38.0,8.763157894736842,19.0,0.6,59.0,19.0,1
test,3,0,86986,86986,125287,96,13,523,3.5,8,23,2,160.2,9,89.0,222.0,133.0,1.669172932330827,95.0,0.2222222222222222,9.88888888888889,19.0,5
train,3,0,86986,86986,125287,97,13,488,3.5,5,23,2,659.640053362438,5,295.0,333.0,38.0,8.763157894736842,19.0,0.6,59.0,19.0,1
test,3,0,86986,86986,125287,97,13,488,3.5,5,23,2,110.67971810589327,10,70.0,222.0,152.0,1.4605263157894737,114.0,0.2,7.0,19.0,6
train,3,0,86986,86986,125287,98,13,486,3.75,8,23,2,659.640053362438,5,295.0,333.0,38.0,8.763157894736842,19.0,0.6,59.0,19.0,1
test,3,0,86986,86986,125287,98,13,486,3.75,8,23,2,160.2,9,89.0,222.0,133.0,1.669172932330827,95.0,0.2222222222222222,9.88888888888889,19.0,5
train,3,0,86986,86986,125287,99,13,486,3.5,4,23,2,659.640053362438,5,295.0,333.0,38.0,8.763157894736842,19.0,0.6,59.0,19.0,1
test,3,0,86986,86986,125287,99,13,486,3.5,4,23,2,110.67971810589327,10,70.0,222.0,152.0,1.4605263157894737,114.0,0.2,7.0,19.0,6
train,3,0,86986,86986,125287,100,13,480,3.25,3,23,2,659.640053362438,5,295.0,333.0,38.0,8.763157894736842,19.0,0.6,59.0,19.0,1
test,3,0,86986,86986,125287,100,13,480,3.25,3,23,2,110.67971810589327,10,70.0,222.0,152.0,1.4605263157894737,114.0,0.2,7.0,19.0,6
train,4,0,125287,125287,130699,0,14,1296,7.25,2,19,6,680.9816443928573,14,364.0,637.0,273.0,2.3333333333333335,78.0,0.5,26.0,39.0,2
test,4,0,125287,125287,130699,0,14,1296,7.25,2,19,6,-1000.0,0,0.0,0.0,0.0,inf,0.0,0.0,0.0,0.0,0
train,4,0,125287,125287,130699,1,14,1511,5.25,2,19,6,680.9816443928573,14,364.0,637.0,273.0,2.3333333333333335,78.0,0.5,26.0,39.0,2
test,4,0,125287,125287,130699,1,14,1511,5.25,2,19,6,-1000.0,0,0.0,0.0,0.0,inf,0.0,0.0,0.0,0.0,0
train,4,0,125287,125287,130699,2,14,3209,7.0,2,17,2,811.9396529299453,14,434.0,567.0,133.0,4.2631578947368425,38.0,0.5,31.0,19.0,2
test,4,0,125287,125287,130699,2,14,3209,7.0,2,17,2,-1000.0,0,0.0,0.0,0.0,inf,0.0,0.0,0.0,0.0,0
train,4,0,125287,125287,130699,3,14,3381,6.25,2,10,5,1024.0,16,256.0,460.0,204.0,2.2549019607843137,34.0,0.625,16.0,34.0,1
test,4,0,125287,125287,130699,3,14,3381,6.25,2,10,5,-1000.0,0,0.0,0.0,0.0,inf,0.0,0.0,0.0,0.0,0
train,4,0,125287,125287,130699,4,14,2563,6.25,2,10,2,1384.0,16,346.0,460.0,114.0,4.035087719298246,19.0,0.625,21.625,19.0,1
test,4,0,125287,125287,130699,4,14,2563,6.25,2,10,2,-1000.0,0,0.0,0.0,0.0,inf,0.0,0.0,0.0,0.0,0
train,4,0,125287,125287,130699,5,14,2563,5.25,2,10,2,1384.0,16,346.0,460.0,114.0,4.035087719298246,19.0,0.625,21.625,19.0,1
test,4,0,125287,125287,130699,5,14,2563,5.25,2,10,2,-1000.0,0,0.0,0.0,0.0,inf,0.0,0.0,0.0,0.0,0
train,4,0,125287,125287,130699,6,14,2563,9.0,2,10,2,1384.0,16,346.0,460.0,114.0,4.035087719298246,19.0,0.625,21.625,19.0,1
test,4,0,125287,125287,130699,6,14,2563,9.0,2,10,2,-1000.0,0,0.0,0.0,0.0,inf,0.0,0.0,0.0,0.0,0
train,4,0,125287,125287,130699,7,14,2563,7.0,2,10,2,1384.0,16,346.0,460.0,114.0,4.035087719298246,19.0,0.625,21.625,19.0,1
test,4,0,125287,125287,130699,7,14,2563,7.0,2,10,2,-1000.0,0,0.0,0.0,0.0,inf,0.0,0.0,0.0,0.0,0
train,4,0,125287,125287,130699,8,14,3241,5.25,2,10,2,1384.0,16,346.0,460.0,114.0,4.035087719298246,19.0,0.625,21.625,19.0,1
test,4,0,125287,125287,130699,8,14,3241,5.25,2,10,2,-1000.0,0,0.0,0.0,0.0,inf,0.0,0.0,0.0,0.0,0
train,4,0,125287,125287,130699,9,14,3241,8.75,2,10,2,1384.0,16,346.0,460.0,114.0,4.035087719298246,19.0,0.625,21.625,19.0,1
test,4,0,125287,125287,130699,9,14,3241,8.75,2,10,2,-1000.0,0,0.0,0.0,0.0,inf,0.0,0.0,0.0,0.0,0
train,4,0,125287,125287,130699,10,14,3181,5.25,2,10,2,1384.0,16,346.0,460.0,114.0,4.035087719298246,19.0,0.625,21.625,19.0,1
test,4,0,125287,125287,130699,10,14,3181,5.25,2,10,2,-1000.0,0,0.0,0.0,0.0,inf,0.0,0.0,0.0,0.0,0
train,4,0,125287,125287,130699,11,14,1969,5.25,2,10,2,1384.0,16,346.0,460.0,114.0,4.035087719298246,19.0,0.625,21.625,19.0,1
test,4,0,125287,125287,130699,11,14,1969,5.25,2,10,2,-1000.0,0,0.0,0.0,0.0,inf,0.0,0.0,0.0,0.0,0
train,4,0,125287,125287,130699,12,14,3181,7.25,2,10,2,1384.0,16,346.0,460.0,114.0,4.035087719298246,19.0,0.625,21.625,19.0,1
test,4,0,125287,125287,130699,12,14,3181,7.25,2,10,2,-1000.0,0,0.0,0.0,0.0,inf,0.0,0.0,0.0,0.0,0
train,4,0,125287,125287,130699,13,14,1969,5.25,2,10,2,1384.0,16,346.0,460.0,114.0,4.035087719298246,19.0,0.625,21.625,19.0,1
test,4,0,125287,125287,130699,13,14,1969,5.25,2,10,2,-1000.0,0,0.0,0.0,0.0,inf,0.0,0.0,0.0,0.0,0
train,4,0,125287,125287,130699,14,14,3181,5.25,1,10,2,1384.0,16,346.0,460.0,114.0,4.035087719298246,19.0,0.625,21.625,19.0,1
test,4,0,125287,125287,130699,14,14,3181,5.25,1,10,2,-1000.0,0,0.0,0.0,0.0,inf,0.0,0.0,0.0,0.0,0
train,4,0,125287,125287,130699,15,14,2563,5.25,1,10,2,1384.0,16,346.0,460.0,114.0,4.035087719298246,19.0,0.625,21.625,19.0,1
test,4,0,125287,125287,130699,15,14,2563,5.25,1,10,2,-1000.0,0,0.0,0.0,0.0,inf,0.0,0.0,0.0,0.0,0
train,4,0,125287,125287,130699,16,14,1519,5.25,2,10,2,1384.0,16,346.0,460.0,114.0,4.035087719298246,19.0,0.625,21.625,19.0,1
test,4,0,125287,125287,130699,16,14,1519,5.25,2,10,2,-1000.0,0,0.0,0.0,0.0,inf,0.0,0.0,0.0,0.0,0
train,4,0,125287,125287,130699,17,14,1519,5.25,2,10,2,1384.0,16,346.0,460.0,114.0,4.035087719298246,19.0,0.625,21.625,19.0,1
test,4,0,125287,125287,130699,17,14,1519,5.25,2,10,2,-1000.0,0,0.0,0.0,0.0,inf,0.0,0.0,0.0,0.0,0
train,4,0,125287,125287,130699,18,14,3181,5.25,2,10,2,1384.0,16,346.0,460.0,114.0,4.035087719298246,19.0,0.625,21.625,19.0,1
test,4,0,125287,125287,130699,18,14,3181,5.25,2,10,2,-1000.0,0,0.0,0.0,0.0,inf,0.0,0.0,0.0,0.0,0
train,4,0,125287,125287,130699,19,14,3090,8.75,3,10,2,1384.0,16,346.0,460.0,114.0,4.035087719298246,19.0,0.625,21.625,19.0,1
test,4,0,125287,125287,130699,19,14,3090,8.75,3,10,2,-1000.0,0,0.0,0.0,0.0,inf,0.0,0.0,0.0,0.0,0
train,4,0,125287,125287,130699,20,14,3244,5.0,1,10,2,1384.0,16,346.0,460.0,114.0,4.035087719298246,19.0,0.625,21.625,19.0,1
test,4,0,125287,125287,130699,20,14,3244,5.0,1,10,2,-1000.0,0,0.0,0.0,0.0,inf,0.0,0.0,0.0,0.0,0
train,4,0,125287,125287,130699,21,14,3181,5.5,2,10,2,1384.0,16,346.0,460.0,114.0,4.035087719298246,19.0,0.625,21.625,19.0,1
test,4,0,125287,125287,130699,21,14,3181,5.5,2,10,2,-1000.0,0,0.0,0.0,0.0,inf,0.0,0.0,0.0,0.0,0
train,4,0,125287,125287,130699,22,14,2252,7.0,3,10,2,1384.0,16,346.0,460.0,114.0,4.035087719298246,19.0,0.625,21.625,19.0,1
test,4,0,125287,125287,130699,22,14,2252,7.0,3,10,2,-1000.0,0,0.0,0.0,0.0,inf,0.0,0.0,0.0,0.0,0
train,4,0,125287,125287,130699,23,14,2563,5.5,1,10,2,1384.0,16,346.0,460.0,114.0,4.035087719298246,19.0,0.625,21.625,19.0,1
test,4,0,125287,125287,130699,23,14,2563,5.5,1,10,2,-1000.0,0,0.0,0.0,0.0,inf,0.0,0.0,0.0,0.0,0
train,4,0,125287,125287,130699,24,14,2563,5.5,3,10,2,1384.0,16,346.0,460.0,114.0,4.035087719298246,19.0,0.625,21.625,19.0,1
test,4,0,125287,125287,130699,24,14,2563,5.5,3,10,2,-1000.0,0,0.0,0.0,0.0,inf,0.0,0.0,0.0,0.0,0
train,4,0,125287,125287,130699,25,14,2819,5.25,3,10,2,1384.0,16,346.0,460.0,114.0,4.035087719298246,19.0,0.625,21.625,19.0,1
test,4,0,125287,125287,130699,25,14,2819,5.25,3,10,2,-1000.0,0,0.0,0.0,0.0,inf,0.0,0.0,0.0,0.0,0
train,4,0,125287,125287,130699,26,14,2345,4.75,2,10,2,1384.0,16,346.0,460.0,114.0,4.035087719298246,19.0,0.625,21.625,19.0,1
test,4,0,125287,125287,130699,26,14,2345,4.75,2,10,2,-1000.0,0,0.0,0.0,0.0,inf,0.0,0.0,0.0,0.0,0
train,4,0,125287,125287,130699,27,14,2988,5.25,2,10,2,1384.0,16,346.0,460.0,114.0,4.035087719298246,19.0,0.625,21.625,19.0,1
test,4,0,125287,125287,130699,27,14,2988,5.25,2,10,2,-1000.0,0,0.0,0.0,0.0,inf,0.0,0.0,0.0,0.0,0
train,4,0,125287,125287,130699,28,14,2563,5.0,2,10,2,1384.0,16,346.0,460.0,114.0,4.035087719298246,19.0,0.625,21.625,19.0,1
test,4,0,125287,125287,130699,28,14,2563,5.0,2,10,2,-1000.0,0,0.0,0.0,0.0,inf,0.0,0.0,0.0,0.0,0
train,4,0,125287,125287,130699,29,14,2322,5.25,1,10,2,1384.0,16,346.0,460.0,114.0,4.035087719298246,19.0,0.625,21.625,19.0,1
test,4,0,125287,125287,130699,29,14,2322,5.25,1,10,2,-1000.0,0,0.0,0.0,0.0,inf,0.0,0.0,0.0,0.0,0
train,4,0,125287,125287,130699,30,14,3244,5.5,1,10,2,1384.0,16,346.0,460.0,114.0,4.035087719298246,19.0,0.625,21.625,19.0,1
test,4,0,125287,125287,130699,30,14,3244,5.5,1,10,2,-1000.0,0,0.0,0.0,0.0,inf,0.0,0.0,0.0,0.0,0
train,4,0,125287,125287,130699,31,14,2322,9.0,1,10,2,1384.0,16,346.0,460.0,114.0,4.035087719298246,19.0,0.625,21.625,19.0,1
test,4,0,125287,125287,130699,31,14,2322,9.0,1,10,2,-1000.0,0,0.0,0.0,0.0,inf,0.0,0.0,0.0,0.0,0
train,4,0,125287,125287,130699,32,14,2252,8.75,2,10,2,1384.0,16,346.0,460.0,114.0,4.035087719298246,19.0,0.625,21.625,19.0,1
test,4,0,125287,125287,130699,32,14,2252,8.75,2,10,2,-1000.0,0,0.0,0.0,0.0,inf,0.0,0.0,0.0,0.0,0
train,4,0,125287,125287,130699,33,14,2322,5.25,1,10,2,1384.0,16,346.0,460.0,114.0,4.035087719298246,19.0,0.625,21.625,19.0,1
test,4,0,125287,125287,130699,33,14,2322,5.25,1,10,2,-1000.0,0,0.0,0.0,0.0,inf,0.0,0.0,0.0,0.0,0
train,4,0,125287,125287,130699,34,14,1564,5.25,1,10,2,1384.0,16,346.0,460.0,114.0,4.035087719298246,19.0,0.625,21.625,19.0,1
test,4,0,125287,125287,130699,34,14,1564,5.25,1,10,2,-1000.0,0,0.0,0.0,0.0,inf,0.0,0.0,0.0,0.0,0
train,4,0,125287,125287,130699,35,14,1701,5.0,1,10,2,1384.0,16,346.0,460.0,114.0,4.035087719298246,19.0,0.625,21.625,19.0,1
test,4,0,125287,125287,130699,35,14,1701,5.0,1,10,2,-1000.0,0,0.0,0.0,0.0,inf,0.0,0.0,0.0,0.0,0
train,4,0,125287,125287,130699,36,14,2357,9.5,1,10,2,1384.0,16,346.0,460.0,114.0,4.035087719298246,19.0,0.625,21.625,19.0,1
test,4,0,125287,125287,130699,36,14,2357,9.5,1,10,2,-1000.0,0,0.0,0.0,0.0,inf,0.0,0.0,0.0,0.0,0
train,4,0,125287,125287,130699,37,14,3181,9.0,2,10,2,1384.0,16,346.0,460.0,114.0,4.035087719298246,19.0,0.625,21.625,19.0,1
test,4,0,125287,125287,130699,37,14,3181,9.0,2,10,2,-1000.0,0,0.0,0.0,0.0,inf,0.0,0.0,0.0,0.0,0
train,4,0,125287,125287,130699,38,14,2262,8.75,2,10,2,1384.0,16,346.0,460.0,114.0,4.035087719298246,19.0,0.625,21.625,19.0,1
test,4,0,125287,125287,130699,38,14,2262,8.75,2,10,2,-1000.0,0,0.0,0.0,0.0,inf,0.0,0.0,0.0,0.0,0
train,4,0,125287,125287,130699,39,14,1701,5.5,3,10,2,1384.0,16,346.0,460.0,114.0,4.035087719298246,19.0,0.625,21.625,19.0,1
test,4,0,125287,125287,130699,39,14,1701,5.5,3,10,2,-1000.0,0,0.0,0.0,0.0,inf,0.0,0.0,0.0,0.0,0
train,4,0,125287,125287,130699,40,14,2357,9.0,2,10,2,1384.0,16,346.0,460.0,114.0,4.035087719298246,19.0,0.625,21.625,19.0,1
test,4,0,125287,125287,130699,40,14,2357,9.0,2,10,2,-1000.0,0,0.0,0.0,0.0,inf,0.0,0.0,0.0,0.0,0
train,4,0,125287,125287,130699,41,14,2322,9.25,1,10,2,1384.0,16,346.0,460.0,114.0,4.035087719298246,19.0,0.625,21.625,19.0,1
test,4,0,125287,125287,130699,41,14,2322,9.25,1,10,2,-1000.0,0,0.0,0.0,0.0,inf,0.0,0.0,0.0,0.0,0
train,4,0,125287,125287,130699,42,14,1701,5.5,1,10,2,1384.0,16,346.0,460.0,114.0,4.035087719298246,19.0,0.625,21.625,19.0,1
test,4,0,125287,125287,130699,42,14,1701,5.5,1,10,2,-1000.0,0,0.0,0.0,0.0,inf,0.0,0.0,0.0,0.0,0
train,4,0,125287,125287,130699,43,14,2110,5.25,2,10,2,1384.0,16,346.0,460.0,114.0,4.035087719298246,19.0,0.625,21.625,19.0,1
test,4,0,125287,125287,130699,43,14,2110,5.25,2,10,2,-1000.0,0,0.0,0.0,0.0,inf,0.0,0.0,0.0,0.0,0
train,4,0,125287,125287,130699,44,14,2357,9.5,2,10,2,1384.0,16,346.0,460.0,114.0,4.035087719298246,19.0,0.625,21.625,19.0,1
test,4,0,125287,125287,130699,44,14,2357,9.5,2,10,2,-1000.0,0,0.0,0.0,0.0,inf,0.0,0.0,0.0,0.0,0
train,4,0,125287,125287,130699,45,14,2322,5.75,3,10,2,1384.0,16,346.0,460.0,114.0,4.035087719298246,19.0,0.625,21.625,19.0,1
test,4,0,125287,125287,130699,45,14,2322,5.75,3,10,2,-1000.0,0,0.0,0.0,0.0,inf,0.0,0.0,0.0,0.0,0
train,4,0,125287,125287,130699,46,14,2322,9.25,2,10,2,1384.0,16,346.0,460.0,114.0,4.035087719298246,19.0,0.625,21.625,19.0,1
test,4,0,125287,125287,130699,46,14,2322,9.25,2,10,2,-1000.0,0,0.0,0.0,0.0,inf,0.0,0.0,0.0,0.0,0
train,4,0,125287,125287,130699,47,14,2322,5.0,3,10,2,1384.0,16,346.0,460.0,114.0,4.035087719298246,19.0,0.625,21.625,19.0,1
test,4,0,125287,125287,130699,47,14,2322,5.0,3,10,2,-1000.0,0,0.0,0.0,0.0,inf,0.0,0.0,0.0,0.0,0
train,4,0,125287,125287,130699,48,14,2322,5.75,1,10,2,1384.0,16,346.0,460.0,114.0,4.035087719298246,19.0,0.625,21.625,19.0,1
test,4,0,125287,125287,130699,48,14,2322,5.75,1,10,2,-1000.0,0,0.0,0.0,0.0,inf,0.0,0.0,0.0,0.0,0
train,4,0,125287,125287,130699,49,14,2110,9.0,2,10,2,1384.0,16,346.0,460.0,114.0,4.035087719298246,19.0,0.625,21.625,19.0,1
test,4,0,125287,125287,130699,49,14,2110,9.0,2,10,2,-1000.0,0,0.0,0.0,0.0,inf,0.0,0.0,0.0,0.0,0
train,4,0,125287,125287,130699,50,14,1772,5.25,2,10,2,1384.0,16,346.0,460.0,114.0,4.035087719298246,19.0,0.625,21.625,19.0,1
test,4,0,125287,125287,130699,50,14,1772,5.25,2,10,2,-1000.0,0,0.0,0.0,0.0,inf,0.0,0.0,0.0,0.0,0
train,4,0,125287,125287,130699,51,14,1612,8.75,2,10,2,1384.0,16,346.0,460.0,114.0,4.035087719298246,19.0,0.625,21.625,19.0,1
test,4,0,125287,125287,130699,51,14,1612,8.75,2,10,2,-1000.0,0,0.0,0.0,0.0,inf,0.0,0.0,0.0,0.0,0
train,4,0,125287,125287,130699,52,14,1772,5.0,2,10,2,1384.0,16,346.0,460.0,114.0,4.035087719298246,19.0,0.625,21.625,19.0,1
test,4,0,125287,125287,130699,52,14,1772,5.0,2,10,2,-1000.0,0,0.0,0.0,0.0,inf,0.0,0.0,0.0,0.0,0
train,4,0,125287,125287,130699,53,14,2322,9.25,1,10,2,1384.0,16,346.0,460.0,114.0,4.035087719298246,19.0,0.625,21.625,19.0,1
test,4,0,125287,125287,130699,53,14,2322,9.25,1,10,2,-1000.0,0,0.0,0.0,0.0,inf,0.0,0.0,0.0,0.0,0
train,4,0,125287,125287,130699,54,14,1772,5.0,1,10,2,1384.0,16,346.0,460.0,114.0,4.035087719298246,19.0,0.625,21.625,19.0,1
test,4,0,125287,125287,130699,54,14,1772,5.0,1,10,2,-1000.0,0,0.0,0.0,0.0,inf,0.0,0.0,0.0,0.0,0
train,4,0,125287,125287,130699,55,14,2309,8.75,2,10,2,1384.0,16,346.0,460.0,114.0,4.035087719298246,19.0,0.625,21.625,19.0,1
test,4,0,125287,125287,130699,55,14,2309,8.75,2,10,2,-1000.0,0,0.0,0.0,0.0,inf,0.0,0.0,0.0,0.0,0
train,4,0,125287,125287,130699,56,14,1772,5.0,2,10,2,1384.0,16,346.0,460.0,114.0,4.035087719298246,19.0,0.625,21.625,19.0,1
test,4,0,125287,125287,130699,56,14,1772,5.0,2,10,2,-1000.0,0,0.0,0.0,0.0,inf,0.0,0.0,0.0,0.0,0
train,4,0,125287,125287,130699,57,14,1772,5.0,1,10,2,1384.0,16,346.0,460.0,114.0,4.035087719298246,19.0,0.625,21.625,19.0,1
test,4,0,125287,125287,130699,57,14,1772,5.0,1,10,2,-1000.0,0,0.0,0.0,0.0,inf,0.0,0.0,0.0,0.0,0
train,4,0,125287,125287,130699,58,14,2322,4.75,2,10,2,1384.0,16,346.0,460.0,114.0,4.035087719298246,19.0,0.625,21.625,19.0,1
test,4,0,125287,125287,130699,58,14,2322,4.75,2,10,2,-1000.0,0,0.0,0.0,0.0,inf,0.0,0.0,0.0,0.0,0
train,4,0,125287,125287,130699,59,14,1772,5.0,2,10,2,1384.0,16,346.0,460.0,114.0,4.035087719298246,19.0,0.625,21.625,19.0,1
test,4,0,125287,125287,130699,59,14,1772,5.0,2,10,2,-1000.0,0,0.0,0.0,0.0,inf,0.0,0.0,0.0,0.0,0
train,4,0,125287,125287,130699,60,14,1612,4.75,2,10,2,1384.0,16,346.0,460.0,114.0,4.035087719298246,19.0,0.625,21.625,19.0,1
test,4,0,125287,125287,130699,60,14,1612,4.75,2,10,2,-1000.0,0,0.0,0.0,0.0,inf,0.0,0.0,0.0,0.0,0
train,4,0,125287,125287,130699,61,14,2278,4.75,2,10,2,1384.0,16,346.0,460.0,114.0,4.035087719298246,19.0,0.625,21.625,19.0,1
test,4,0,125287,125287,130699,61,14,2278,4.75,2,10,2,-1000.0,0,0.0,0.0,0.0,inf,0.0,0.0,0.0,0.0,0
train,4,0,125287,125287,130699,62,14,2322,8.75,2,10,2,1384.0,16,346.0,460.0,114.0,4.035087719298246,19.0,0.625,21.625,19.0,1
test,4,0,125287,125287,130699,62,14,2322,8.75,2,10,2,-1000.0,0,0.0,0.0,0.0,inf,0.0,0.0,0.0,0.0,0
train,4,0,125287,125287,130699,63,14,2345,9.0,2,10,2,1384.0,16,346.0,460.0,114.0,4.035087719298246,19.0,0.625,21.625,19.0,1
test,4,0,125287,125287,130699,63,14,2345,9.0,2,10,2,-1000.0,0,0.0,0.0,0.0,inf,0.0,0.0,0.0,0.0,0
train,4,0,125287,125287,130699,64,14,2309,9.0,3,10,2,1384.0,16,346.0,460.0,114.0,4.035087719298246,19.0,0.625,21.625,19.0,1
test,4,0,125287,125287,130699,64,14,2309,9.0,3,10,2,-1000.0,0,0.0,0.0,0.0,inf,0.0,0.0,0.0,0.0,0
train,4,0,125287,125287,130699,65,14,2309,9.25,2,10,2,1384.0,16,346.0,460.0,114.0,4.035087719298246,19.0,0.625,21.625,19.0,1
test,4,0,125287,125287,130699,65,14,2309,9.25,2,10,2,-1000.0,0,0.0,0.0,0.0,inf,0.0,0.0,0.0,0.0,0
train,4,0,125287,125287,130699,66,14,2309,9.25,2,10,2,1384.0,16,346.0,460.0,114.0,4.035087719298246,19.0,0.625,21.625,19.0,1
test,4,0,125287,125287,130699,66,14,2309,9.25,2,10,2,-1000.0,0,0.0,0.0,0.0,inf,0.0,0.0,0.0,0.0,0
train,4,0,125287,125287,130699,67,14,2309,8.75,2,10,2,1384.0,16,346.0,460.0,114.0,4.035087719298246,19.0,0.625,21.625,19.0,1
test,4,0,125287,125287,130699,67,14,2309,8.75,2,10,2,-1000.0,0,0.0,0.0,0.0,inf,0.0,0.0,0.0,0.0,0
train,4,0,125287,125287,130699,68,14,2205,9.5,2,10,2,1384.0,16,346.0,460.0,114.0,4.035087719298246,19.0,0.625,21.625,19.0,1
test,4,0,125287,125287,130699,68,14,2205,9.5,2,10,2,-1000.0,0,0.0,0.0,0.0,inf,0.0,0.0,0.0,0.0,0
train,4,0,125287,125287,130699,69,14,2309,8.5,2,10,2,1384.0,16,346.0,460.0,114.0,4.035087719298246,19.0,0.625,21.625,19.0,1
test,4,0,125287,125287,130699,69,14,2309,8.5,2,10,2,-1000.0,0,0.0,0.0,0.0,inf,0.0,0.0,0.0,0.0,0
train,4,0,125287,125287,130699,70,14,1649,9.0,3,10,2,1384.0,16,346.0,460.0,114.0,4.035087719298246,19.0,0.625,21.625,19.0,1
test,4,0,125287,125287,130699,70,14,1649,9.0,3,10,2,-1000.0,0,0.0,0.0,0.0,inf,0.0,0.0,0.0,0.0,0
train,4,0,125287,125287,130699,71,14,2141,9.25,2,10,2,1384.0,16,346.0,460.0,114.0,4.035087719298246,19.0,0.625,21.625,19.0,1
test,4,0,125287,125287,130699,71,14,2141,9.25,2,10,2,-1000.0,0,0.0,0.0,0.0,inf,0.0,0.0,0.0,0.0,0
train,4,0,125287,125287,130699,72,14,1772,9.0,1,10,2,1384.0,16,346.0,460.0,114.0,4.035087719298246,19.0,0.625,21.625,19.0,1
test,4,0,125287,125287,130699,72,14,1772,9.0,1,10,2,-1000.0,0,0.0,0.0,0.0,inf,0.0,0.0,0.0,0.0,0
train,4,0,125287,125287,130699,73,14,1772,5.25,2,10,2,1384.0,16,346.0,460.0,114.0,4.035087719298246,19.0,0.625,21.625,19.0,1
test,4,0,125287,125287,130699,73,14,1772,5.25,2,10,2,-1000.0,0,0.0,0.0,0.0,inf,0.0,0.0,0.0,0.0,0
train,4,0,125287,125287,130699,74,14,2322,4.75,3,10,2,1384.0,16,346.0,460.0,114.0,4.035087719298246,19.0,0.625,21.625,19.0,1
test,4,0,125287,125287,130699,74,14,2322,4.75,3,10,2,-1000.0,0,0.0,0.0,0.0,inf,0.0,0.0,0.0,0.0,0
train,4,0,125287,125287,130699,75,14,2205,9.0,3,10,2,1384.0,16,346.0,460.0,114.0,4.035087719298246,19.0,0.625,21.625,19.0,1
test,4,0,125287,125287,130699,75,14,2205,9.0,3,10,2,-1000.0,0,0.0,0.0,0.0,inf,0.0,0.0,0.0,0.0,0
train,4,0,125287,125287,130699,76,14,2278,5.25,2,10,2,1384.0,16,346.0,460.0,114.0,4.035087719298246,19.0,0.625,21.625,19.0,1
test,4,0,125287,125287,130699,76,14,2278,5.25,2,10,2,-1000.0,0,0.0,0.0,0.0,inf,0.0,0.0,0.0,0.0,0
train,4,0,125287,125287,130699,77,14,2205,9.0,1,10,2,1384.0,16,346.0,460.0,114.0,4.035087719298246,19.0,0.625,21.625,19.0,1
test,4,0,125287,125287,130699,77,14,2205,9.0,1,10,2,-1000.0,0,0.0,0.0,0.0,inf,0.0,0.0,0.0,0.0,0
train,4,0,125287,125287,130699,78,14,2309,5.0,3,10,2,1384.0,16,346.0,460.0,114.0,4.035087719298246,19.0,0.625,21.625,19.0,1
test,4,0,125287,125287,130699,78,14,2309,5.0,3,10,2,-1000.0,0,0.0,0.0,0.0,inf,0.0,0.0,0.0,0.0,0
train,4,0,125287,125287,130699,79,14,2322,9.0,3,10,2,1384.0,16,346.0,460.0,114.0,4.035087719298246,19.0,0.625,21.625,19.0,1
test,4,0,125287,125287,130699,79,14,2322,9.0,3,10,2,-1000.0,0,0.0,0.0,0.0,inf,0.0,0.0,0.0,0.0,0
train,4,0,125287,125287,130699,80,14,2309,5.25,3,10,2,1384.0,16,346.0,460.0,114.0,4.035087719298246,19.0,0.625,21.625,19.0,1
test,4,0,125287,125287,130699,80,14,2309,5.25,3,10,2,-1000.0,0,0.0,0.0,0.0,inf,0.0,0.0,0.0,0.0,0
train,4,0,125287,125287,130699,81,14,2322,9.25,1,10,2,1384.0,16,346.0,460.0,114.0,4.035087719298246,19.0,0.625,21.625,19.0,1
test,4,0,125287,125287,130699,81,14,2322,9.25,1,10,2,-1000.0,0,0.0,0.0,0.0,inf,0.0,0.0,0.0,0.0,0
train,4,0,125287,125287,130699,82,14,2322,9.0,2,10,2,1384.0,16,346.0,460.0,114.0,4.035087719298246,19.0,0.625,21.625,19.0,1
test,4,0,125287,125287,130699,82,14,2322,9.0,2,10,2,-1000.0,0,0.0,0.0,0.0,inf,0.0,0.0,0.0,0.0,0
train,4,0,125287,125287,130699,83,14,2322,4.75,3,10,2,1384.0,16,346.0,460.0,114.0,4.035087719298246,19.0,0.625,21.625,19.0,1
test,4,0,125287,125287,130699,83,14,2322,4.75,3,10,2,-1000.0,0,0.0,0.0,0.0,inf,0.0,0.0,0.0,0.0,0
train,4,0,125287,125287,130699,84,14,2309,4.75,4,10,2,1384.0,16,346.0,460.0,114.0,4.035087719298246,19.0,0.625,21.625,19.0,1
test,4,0,125287,125287,130699,84,14,2309,4.75,4,10,2,-1000.0,0,0.0,0.0,0.0,inf,0.0,0.0,0.0,0.0,0
train,4,0,125287,125287,130699,85,14,2141,9.25,1,10,2,1384.0,16,346.0,460.0,114.0,4.035087719298246,19.0,0.625,21.625,19.0,1
test,4,0,125287,125287,130699,85,14,2141,9.25,1,10,2,-1000.0,0,0.0,0.0,0.0,inf,0.0,0.0,0.0,0.0,0
train,4,0,125287,125287,130699,86,14,2141,4.75,4,10,2,1384.0,16,346.0,460.0,114.0,4.035087719298246,19.0,0.625,21.625,19.0,1
test,4,0,125287,125287,130699,86,14,2141,4.75,4,10,2,-1000.0,0,0.0,0.0,0.0,inf,0.0,0.0,0.0,0.0,0
train,4,0,125287,125287,130699,87,14,2322,9.0,1,10,2,1384.0,16,346.0,460.0,114.0,4.035087719298246,19.0,0.625,21.625,19.0,1
test,4,0,125287,125287,130699,87,14,2322,9.0,1,10,2,-1000.0,0,0.0,0.0,0.0,inf,0.0,0.0,0.0,0.0,0
train,4,0,125287,125287,130699,88,14,1772,9.0,2,10,2,1384.0,16,346.0,460.0,114.0,4.035087719298246,19.0,0.625,21.625,19.0,1
test,4,0,125287,125287,130699,88,14,1772,9.0,2,10,2,-1000.0,0,0.0,0.0,0.0,inf,0.0,0.0,0.0,0.0,0
train,4,0,125287,125287,130699,89,14,2141,9.0,1,10,2,1384.0,16,346.0,460.0,114.0,4.035087719298246,19.0,0.625,21.625,19.0,1
test,4,0,125287,125287,130699,89,14,2141,9.0,1,10,2,-1000.0,0,0.0,0.0,0.0,inf,0.0,0.0,0.0,0.0,0
train,4,0,125287,125287,130699,90,14,1772,9.25,2,10,2,1384.0,16,346.0,460.0,114.0,4.035087719298246,19.0,0.625,21.625,19.0,1
test,4,0,125287,125287,130699,90,14,1772,9.25,2,10,2,-1000.0,0,0.0,0.0,0.0,inf,0.0,0.0,0.0,0.0,0
train,4,0,125287,125287,130699,91,14,1772,8.75,3,10,2,1384.0,16,346.0,460.0,114.0,4.035087719298246,19.0,0.625,21.625,19.0,1
test,4,0,125287,125287,130699,91,14,1772,8.75,3,10,2,-1000.0,0,0.0,0.0,0.0,inf,0.0,0.0,0.0,0.0,0
train,4,0,125287,125287,130699,92,14,2141,5.0,1,10,2,1384.0,16,346.0,460.0,114.0,4.035087719298246,19.0,0.625,21.625,19.0,1
test,4,0,125287,125287,130699,92,14,2141,5.0,1,10,2,-1000.0,0,0.0,0.0,0.0,inf,0.0,0.0,0.0,0.0,0
train,4,0,125287,125287,130699,93,14,1772,9.0,2,10,2,1384.0,16,346.0,460.0,114.0,4.035087719298246,19.0,0.625,21.625,19.0,1
test,4,0,125287,125287,130699,93,14,1772,9.0,2,10,2,-1000.0,0,0.0,0.0,0.0,inf,0.0,0.0,0.0,0.0,0
train,4,0,125287,125287,130699,94,14,2381,4.75,3,10,2,1384.0,16,346.0,460.0,114.0,4.035087719298246,19.0,0.625,21.625,19.0,1
test,4,0,125287,125287,130699,94,14,2381,4.75,3,10,2,-1000.0,0,0.0,0.0,0.0,inf,0.0,0.0,0.0,0.0,0
train,4,0,125287,125287,130699,95,14,2309,4.5,2,10,2,1384.0,16,346.0,460.0,114.0,4.035087719298246,19.0,0.625,21.625,19.0,1
test,4,0,125287,125287,130699,95,14,2309,4.5,2,10,2,-1000.0,0,0.0,0.0,0.0,inf,0.0,0.0,0.0,0.0,0
train,4,0,125287,125287,130699,96,14,2248,5.0,1,10,2,1384.0,16,346.0,460.0,114.0,4.035087719298246,19.0,0.625,21.625,19.0,1
test,4,0,125287,125287,130699,96,14,2248,5.0,1,10,2,-1000.0,0,0.0,0.0,0.0,inf,0.0,0.0,0.0,0.0,0
train,4,0,125287,125287,130699,97,14,2309,9.0,3,10,2,1384.0,16,346.0,460.0,114.0,4.035087719298246,19.0,0.625,21.625,19.0,1
test,4,0,125287,125287,130699,97,14,2309,9.0,3,10,2,-1000.0,0,0.0,0.0,0.0,inf,0.0,0.0,0.0,0.0,0
train,4,0,125287,125287,130699,98,14,1772,4.75,1,10,2,1384.0,16,346.0,460.0,114.0,4.035087719298246,19.0,0.625,21.625,19.0,1
test,4,0,125287,125287,130699,98,14,1772,4.75,1,10,2,-1000.0,0,0.0,0.0,0.0,inf,0.0,0.0,0.0,0.0,0
train,4,0,125287,125287,130699,99,14,2141,9.0,1,10,2,1384.0,16,346.0,460.0,114.0,4.035087719298246,19.0,0.625,21.625,19.0,1
test,4,0,125287,125287,130699,99,14,2141,9.0,1,10,2,-1000.0,0,0.0,0.0,0.0,inf,0.0,0.0,0.0,0.0,0
train,4,0,125287,125287,130699,100,14,2269,8.75,3,10,2,1384.0,16,346.0,460.0,114.0,4.035087719298246,19.0,0.625,21.625,19.0,1
test,4,0,125287,125287,130699,100,14,2269,8.75,3,10,2,-1000.0,0,0.0,0.0,0.0,inf,0.0,0.0,0.0,0.0,0
