Date, Time, Open, High, Low, Last, Volume, NumberOfTrades, BidVolume, AskVolume
2026/6/15, 00:00:00, 30191.00, 30192.00, 30191.00, 30191.00, 34, 19, 34, 0
2026/6/15, 00:00:00.142, 30200.00, 30201.00, 30200.00, 30200.00, 3, 3, 2, 1
2026/6/15, 00:00:00.148, 30210.00, 30211.00, 30210.00, 30210.00, 1, 1, 0, 1
2026/6/15, 00:00:00.149, 30212.00, 30213.00, 30212.00, 30212.00, 1, 1, 0, 1
2026/6/15, 00:00:00.149, 30219.50, 30220.50, 30219.50, 30219.50, 1, 1, 0, 1
2026/6/15, 00:00:00.156, 30234.50, 30234.50, 30233.50, 30234.50, 1, 1, 1, 0
2026/6/15, 00:00:00.162, 30199.75, 30200.75, 30199.75, 30199.75, 1, 1, 0, 1
2026/6/15, 00:00:00.162, 30209.00, 30210.00, 30209.00, 30210.00, 3, 3, 0, 3
2026/6/15, 00:00:00.163, 30235.00, 30236.00, 30235.00, 30235.00, 1, 1, 0, 1
2026/6/15, 00:00:00.163, 30244.00, 30245.00, 30244.00, 30244.00, 1, 1, 0, 1
2026/6/15, 00:00:00.163, 30250.00, 30251.00, 30250.00, 30250.00, 2, 1, 0, 2
2026/6/15, 00:00:00.163, 30262.00, 30263.00, 30262.00, 30262.00, 5, 1, 0, 5
2026/6/15, 00:00:00.163, 30264.00, 30265.00, 30264.00, 30265.00, 6, 2, 0, 6
2026/6/15, 00:00:00.163, 30267.50, 30267.50, 30266.50, 30267.50, 4, 1, 0, 4
2026/6/15, 00:00:00.163, 30255.00, 30255.00, 30254.00, 30255.00, 1, 1, 1, 0
2026/6/15, 00:00:00.163, 30214.75, 30215.75, 30214.75, 30214.75, 15, 8, 15, 0
2026/6/15, 00:00:00.209, 30234.50, 30235.50, 30234.50, 30234.50, 1, 1, 0, 1
2026/6/15, 00:00:00.209, 30244.00, 30244.00, 30243.00, 30244.00, 2, 2, 0, 2
2026/6/15, 00:00:00.210, 30215.00, 30216.00, 30215.00, 30215.00, 1, 1, 1, 0
2026/6/15, 00:00:00.225, 30267.50, 30267.50, 30266.50, 30267.50, 1, 1, 0, 1
2026/6/15, 00:00:00.228, 30214.75, 30215.75, 30214.75, 30214.75, 1, 1, 1, 0
2026/6/15, 00:00:00.228, 30267.50, 30267.50, 30266.50, 30267.50, 1, 1, 0, 1
2026/6/15, 00:00:00.247, 30215.00, 30215.75, 30214.75, 30214.75, 9, 4, 9, 0
2026/6/15, 00:00:00.249, 30275.75, 30275.75, 30274.75, 30275.75, 1, 1, 0, 1
2026/6/15, 00:00:00.258, 30194.25, 30194.25, 30193.25, 30193.25, 2, 2, 2, 0
2026/6/15, 00:00:00.258, 30191.00, 30192.00, 30191.00, 30191.00, 1, 1, 1, 0
2026/6/15, 00:00:00.267, 30205.00, 30206.00, 30205.00, 30205.00, 1, 1, 0, 1
2026/6/15, 00:00:00.281, 30208.25, 30209.25, 30208.25, 30208.25, 1, 1, 0, 1
2026/6/15, 00:00:00.293, 30210.00, 30211.00, 30210.00, 30210.00, 1, 1, 0, 1
2026/6/15, 00:00:00.302, 30215.00, 30216.00, 30215.00, 30215.00, 1, 1, 0, 1
2026/6/15, 00:00:00.302, 30220.00, 30221.00, 30220.00, 30220.00, 1, 1, 0, 1
2026/6/15, 00:00:00.308, 30230.00, 30231.00, 30230.00, 30230.00, 4, 4, 4, 0
2026/6/15, 00:00:00.334, 30267.25, 30267.25, 30266.25, 30267.25, 1, 1, 0, 1
2026/6/15, 00:00:00.340, 30230.00, 30231.00, 30230.00, 30230.00, 5, 4, 5, 0
2026/6/15, 00:00:00.355, 30238.25, 30238.25, 30237.25, 30238.25, 1, 1, 0, 1
2026/6/15, 00:00:00.369, 30217.75, 30218.75, 30217.75, 30217.75, 1, 1, 0, 1
2026/6/15, 00:00:00.371, 30219.25, 30219.25, 30218.25, 30218.25, 2, 2, 0, 2
2026/6/15, 00:00:00.388, 30223.50, 30224.50, 30223.50, 30223.50, 1, 1, 0, 1
2026/6/15, 00:00:00.441, 30228.00, 30229.00, 30228.00, 30228.00, 2, 2, 1, 1
2026/6/15, 00:00:00.528, 30238.25, 30238.50, 30237.50, 30238.50, 3, 3, 3, 0
2026/6/15, 00:00:00.763, 30235.25, 30235.25, 30234.25, 30235.25, 1, 1, 1, 0
2026/6/15, 00:00:00.966, 30222.50, 30222.50, 30221.50, 30222.50, 2, 2, 2, 0
2026/6/15, 00:00:00.969, 30210.00, 30210.00, 30209.00, 30210.00, 2, 2, 2, 0
2026/6/15, 00:00:00.969, 30195.00, 30195.00, 30194.00, 30195.00, 14, 2, 0, 14
2026/6/15, 00:00:01.002, 30192.75, 30192.75, 30191.75, 30192.75, 2, 2, 2, 0
2026/6/15, 00:00:01.002, 30191.00, 30192.00, 30191.00, 30191.00, 1, 1, 1, 0
2026/6/15, 00:00:01.016, 30276.50, 30276.75, 30275.75, 30276.75, 3, 3, 0, 3
2026/6/15, 00:00:06.016, 30216.75, 30216.75, 30215.75, 30215.75, 34, 11, 34, 0
2026/6/15, 00:00:06.023, 30215.00, 30216.00, 30215.00, 30215.00, 1, 1, 0, 1
2026/6/15, 00:00:06.023, 30220.00, 30220.00, 30219.00, 30220.00, 1, 1, 0, 1
2026/6/15, 00:00:06.023, 30216.75, 30216.75, 30215.75, 30216.75, 4, 2, 4, 0
2026/6/15, 00:00:06.023, 30214.00, 30214.00, 30213.00, 30214.00, 5, 1, 5, 0
2026/6/15, 00:00:06.024, 30204.00, 30204.75, 30203.75, 30203.75, 12, 12, 0, 12
2026/6/15, 00:00:06.032, 30210.25, 30211.25, 30210.25, 30210.25, 2, 2, 1, 1
2026/6/15, 00:00:06.035, 30212.00, 30212.00, 30211.00, 30212.00, 1, 1, 0, 1
2026/6/15, 00:00:06.035, 30207.25, 30208.25, 30207.25, 30207.25, 1, 1, 1, 0
2026/6/15, 00:00:06.037, 30212.75, 30212.75, 30211.75, 30212.75, 1, 1, 0, 1
2026/6/15, 00:00:06.041, 30211.25, 30212.25, 30211.25, 30211.25, 1, 1, 1, 0
2026/6/15, 00:00:06.042, 30218.00, 30219.00, 30218.00, 30218.00, 1, 1, 1, 0
2026/6/15, 00:00:06.053, 30233.00, 30233.00, 30232.00, 30233.00, 1, 1, 0, 1
2026/6/15, 00:00:06.057, 30225.00, 30225.75, 30224.75, 30225.75, 4, 4, 4, 0
2026/6/15, 00:00:06.060, 30222.50, 30223.50, 30222.50, 30222.50, 1, 1, 1, 0
2026/6/15, 00:00:06.077, 30228.25, 30228.25, 30227.25, 30228.25, 1, 1, 1, 0
2026/6/15, 00:00:06.092, 30223.50, 30223.50, 30222.50, 30223.50, 1, 1, 1, 0
2026/6/15, 00:00:06.113, 30222.25, 30222.25, 30221.25, 30222.25, 1, 1, 1, 0
2026/6/15, 00:00:06.134, 30220.25, 30221.25, 30220.25, 30220.25, 1, 1, 1, 0
2026/6/15, 00:00:06.151, 30221.75, 30221.75, 30220.75, 30221.75, 3, 3, 1, 2
2026/6/15, 00:00:06.259, 30220.00, 30220.75, 30219.75, 30219.75, 2, 2, 0, 2
2026/6/15, 00:00:06.294, 30221.75, 30222.75, 30221.75, 30221.75, 3, 3, 0, 3
2026/6/15, 00:00:06.321, 30248.00, 30249.00, 30248.00, 30248.00, 1, 1, 0, 1
2026/6/15, 00:00:06.322, 30251.75, 30252.25, 30251.25, 30252.25, 3, 2, 2, 1
2026/6/15, 00:00:06.524, 30225.25, 30226.25, 30225.25, 30225.25, 1, 1, 0, 1
2026/6/15, 00:00:06.765, 30265.00, 30266.00, 30265.00, 30265.00, 1, 1, 0, 1
2026/6/15, 00:00:06.765, 30270.00, 30271.00, 30270.00, 30270.00, 3, 3, 0, 3
2026/6/15, 00:00:06.771, 30274.50, 30275.50, 30274.50, 30274.50, 2, 2, 0, 2
2026/6/15, 00:00:06.771, 30285.75, 30285.75, 30284.75, 30284.75, 10, 8, 0, 10
2026/6/15, 00:00:07.073, 30280.00, 30281.00, 30280.00, 30280.00, 2, 2, 2, 0
2026/6/15, 00:00:07.242, 30285.00, 30285.25, 30284.25, 30285.25, 4, 3, 0, 4
2026/6/15, 00:00:07.364, 30280.75, 30280.75, 30279.75, 30280.75, 2, 2, 2, 0
2026/6/15, 00:00:07.364, 30273.00, 30273.00, 30272.00, 30272.00, 2, 2, 2, 0
2026/6/15, 00:00:07.364, 30265.00, 30266.00, 30265.00, 30265.00, 1, 1, 1, 0
2026/6/15, 00:00:07.366, 30281.00, 30281.00, 30280.00, 30281.00, 1, 1, 1, 0
2026/6/15, 00:00:07.415, 30272.25, 30272.50, 30271.50, 30271.50, 6, 6, 6, 0
2026/6/15, 00:00:07.455, 30283.25, 30284.25, 30283.25, 30283.25, 2, 2, 0, 2
2026/6/15, 00:00:07.455, 30285.00, 30286.00, 30285.00, 30286.00, 2, 2, 0, 2
2026/6/15, 00:00:07.455, 30271.50, 30272.50, 30271.50, 30271.50, 1, 1, 1, 0
2026/6/15, 00:00:07.469, 30283.25, 30283.25, 30282.25, 30283.25, 1, 1, 0, 1
2026/6/15, 00:00:07.469, 30271.75, 30272.50, 30271.50, 30271.50, 4, 4, 4, 0
2026/6/15, 00:00:07.859, 30283.25, 30283.25, 30282.25, 30283.25, 3, 3, 0, 3
2026/6/15, 00:00:12.927, 30250.00, 30251.00, 30250.00, 30250.00, 20, 9, 20, 0
2026/6/15, 00:00:12.929, 30280.50, 30281.50, 30280.50, 30280.50, 1, 1, 0, 1
2026/6/15, 00:00:12.930, 30283.50, 30283.50, 30282.50, 30283.50, 1, 1, 0, 1
2026/6/15, 00:00:12.930, 30280.75, 30281.25, 30280.25, 30280.25, 4, 4, 1, 3
2026/6/15, 00:00:12.952, 30282.75, 30283.50, 30282.50, 30283.50, 5, 4, 0, 5
2026/6/15, 00:00:12.959, 30275.00, 30276.00, 30275.00, 30275.00, 1, 1, 1, 0
2026/6/15, 00:00:13.078, 30280.25, 30280.25, 30279.25, 30279.25, 3, 3, 1, 2
2026/6/15, 00:00:13.205, 30278.50, 30279.25, 30278.25, 30278.25, 2, 2, 2, 0
2026/6/15, 00:00:13.249, 30283.50, 30283.50, 30282.50, 30282.50, 17, 13, 1, 16
2026/6/15, 00:00:13.376, 30275.25, 30276.25, 30275.25, 30275.25, 1, 1, 1, 0
2026/6/15, 00:00:13.458, 30283.50, 30283.50, 30282.50, 30283.50, 6, 4, 0, 6
2026/6/15, 00:00:13.484, 30274.50, 30274.50, 30273.50, 30274.50, 1, 1, 1, 0
2026/6/15, 00:00:13.628, 30265.75, 30266.75, 30265.75, 30265.75, 1, 1, 1, 0
2026/6/15, 00:00:14.212, 30283.25, 30283.25, 30282.25, 30283.25, 1, 1, 0, 1
2026/6/15, 00:00:14.430, 30273.50, 30273.50, 30272.50, 30273.50, 1, 1, 0, 1
2026/6/15, 00:00:14.430, 30270.00, 30270.75, 30269.75, 30269.75, 2, 2, 2, 0
2026/6/15, 00:00:14.714, 30273.25, 30273.25, 30272.25, 30273.25, 1, 1, 0, 1
2026/6/15, 00:00:15.098, 30269.50, 30270.50, 30269.50, 30270.50, 2, 2, 2, 0
2026/6/15, 00:00:15.160, 30268.50, 30268.50, 30267.50, 30268.50, 6, 5, 1, 5
2026/6/15, 00:00:15.659, 30262.00, 30263.00, 30262.00, 30262.00, 3, 3, 3, 0
2026/6/15, 00:00:16.229, 30267.75, 30268.75, 30267.75, 30267.75, 1, 1, 0, 1
2026/6/15, 00:00:16.370, 30272.25, 30273.25, 30272.25, 30272.25, 1, 1, 0, 1
2026/6/15, 00:00:16.370, 30274.00, 30275.00, 30274.00, 30274.00, 2, 2, 0, 2
2026/6/15, 00:00:16.370, 30279.00, 30280.00, 30279.00, 30279.00, 1, 1, 0, 1
2026/6/15, 00:00:16.371, 30283.25, 30284.00, 30283.00, 30284.00, 5, 5, 1, 4
2026/6/15, 00:00:16.708, 30285.50, 30285.50, 30284.50, 30285.50, 1, 1, 0, 1
2026/6/15, 00:00:16.880, 30280.00, 30280.00, 30279.00, 30280.00, 2, 2, 0, 2
2026/6/15, 00:00:17.311, 30272.75, 30272.75, 30271.75, 30272.75, 2, 2, 2, 0
2026/6/15, 00:00:17.311, 30268.00, 30268.00, 30267.00, 30268.00, 1, 1, 1, 0
2026/6/15, 00:00:17.311, 30264.75, 30265.75, 30264.75, 30264.75, 1, 1, 1, 0
2026/6/15, 00:00:17.479, 30273.25, 30273.25, 30272.25, 30273.25, 1, 1, 1, 0
2026/6/15, 00:00:18.371, 30263.25, 30263.25, 30262.25, 30263.25, 1, 1, 1, 0
2026/6/15, 00:00:18.374, 30261.00, 30262.00, 30261.00, 30261.00, 2, 2, 2, 0
2026/6/15, 00:00:18.449, 30264.25, 30264.25, 30263.25, 30264.25, 1, 1, 0, 1
2026/6/15, 00:00:18.449, 30261.25, 30262.25, 30261.25, 30261.25, 1, 1, 1, 0
2026/6/15, 00:00:18.450, 30264.50, 30265.50, 30264.50, 30265.50, 14, 9, 4, 10
2026/6/15, 00:00:18.521, 30272.50, 30273.50, 30272.50, 30272.50, 1, 1, 0, 1
2026/6/15, 00:00:18.627, 30278.25, 30278.25, 30277.25, 30278.25, 1, 1, 0, 1
2026/6/15, 00:00:18.779, 30268.25, 30268.25, 30267.25, 30268.25, 2, 2, 2, 0
2026/6/15, 00:00:19.446, 30261.00, 30261.00, 30260.00, 30261.00, 1, 1, 1, 0
2026/6/15, 00:00:19.501, 30258.25, 30258.25, 30257.25, 30258.25, 3, 3, 0, 3
2026/6/15, 00:00:19.645, 30257.00, 30258.00, 30257.00, 30257.00, 1, 1, 1, 0
2026/6/15, 00:00:19.645, 30258.50, 30259.50, 30258.50, 30258.50, 1, 1, 0, 1
2026/6/15, 00:00:19.768, 30260.00, 30260.75, 30259.75, 30259.75, 2, 2, 1, 1
2026/6/15, 00:00:20.024, 30264.00, 30265.00, 30264.00, 30265.00, 2, 2, 0, 2
2026/6/15, 00:00:20.024, 30274.25, 30274.75, 30273.75, 30274.75, 32, 10, 31, 1
2026/6/15, 00:00:20.237, 30267.50, 30267.50, 30266.50, 30267.50, 2, 2, 1, 1
2026/6/15, 00:00:20.768, 30264.50, 30265.50, 30264.50, 30264.50, 1, 1, 0, 1
2026/6/15, 00:00:20.839, 30278.00, 30279.00, 30278.00, 30279.00, 3, 3, 0, 3
2026/6/15, 00:00:20.839, 30279.50, 30280.50, 30279.50, 30280.50, 4, 4, 0, 4
2026/6/15, 00:00:20.839, 30284.50, 30285.50, 30284.50, 30284.50, 2, 2, 0, 2
2026/6/15, 00:00:20.839, 30290.00, 30291.00, 30290.00, 30290.00, 2, 2, 0, 2
2026/6/15, 00:00:20.840, 30293.00, 30293.00, 30292.00, 30293.00, 4, 1, 4, 0
2026/6/15, 00:00:21.407, 30271.75, 30271.75, 30270.75, 30270.75, 2, 2, 2, 0
2026/6/15, 00:00:21.407, 30265.00, 30265.00, 30264.00, 30265.00, 2, 2, 2, 0
2026/6/15, 00:00:21.407, 30261.50, 30261.50, 30260.50, 30261.50, 2, 2, 2, 0
2026/6/15, 00:00:21.407, 30260.00, 30260.00, 30259.00, 30260.00, 2, 2, 2, 0
2026/6/15, 00:00:21.408, 30256.75, 30257.75, 30256.75, 30256.75, 7, 3, 0, 7
2026/6/15, 00:00:21.919, 30272.50, 30272.50, 30271.50, 30272.50, 1, 1, 0, 1
2026/6/15, 00:00:22.221, 30270.50, 30271.50, 30270.50, 30270.50, 1, 1, 1, 0
2026/6/15, 00:00:22.234, 30276.50, 30277.50, 30276.50, 30276.50, 5, 5, 0, 5
2026/6/15, 00:00:22.318, 30279.00, 30280.00, 30279.00, 30279.00, 2, 2, 0, 2
2026/6/15, 00:00:22.354, 30280.25, 30281.25, 30280.25, 30280.25, 2, 2, 0, 2
2026/6/15, 00:00:22.559, 30295.00, 30296.00, 30295.00, 30295.00, 2, 2, 0, 2
2026/6/15, 00:00:22.559, 30300.00, 30300.00, 30299.00, 30300.00, 2, 2, 0, 2
2026/6/15, 00:00:22.560, 30280.25, 30280.25, 30279.25, 30279.25, 4, 4, 0, 4
2026/6/15, 00:00:23.463, 30275.75, 30275.75, 30274.75, 30275.75, 1, 1, 1, 0
2026/6/15, 00:00:23.463, 30273.00, 30274.00, 30273.00, 30273.00, 5, 5, 4, 1
2026/6/15, 00:00:23.464, 30275.50, 30275.50, 30274.50, 30275.50, 1, 1, 0, 1
2026/6/15, 00:00:23.465, 30273.25, 30273.25, 30272.25, 30273.25, 1, 1, 1, 0
2026/6/15, 00:00:23.587, 30270.50, 30271.50, 30270.50, 30270.50, 1, 1, 0, 1
2026/6/15, 00:00:23.819, 30275.50, 30275.50, 30274.50, 30275.50, 1, 1, 0, 1
2026/6/15, 00:00:24.091, 30271.75, 30271.75, 30270.75, 30271.75, 1, 1, 0, 1
2026/6/15, 00:00:24.143, 30270.50, 30271.50, 30270.50, 30270.50, 1, 1, 1, 0
2026/6/15, 00:00:24.143, 30271.75, 30272.75, 30271.75, 30271.75, 3, 3, 0, 3
2026/6/15, 00:00:25.331, 30280.00, 30281.00, 30280.00, 30280.00, 1, 1, 1, 0
2026/6/15, 00:00:25.401, 30288.50, 30289.50, 30288.50, 30288.50, 1, 1, 0, 1
2026/6/15, 00:00:25.704, 30295.00, 30296.00, 30295.00, 30296.00, 2, 2, 0, 2
2026/6/15, 00:00:26.435, 30296.75, 30297.75, 30296.75, 30296.75, 1, 1, 0, 1
2026/6/15, 00:00:26.436, 30298.00, 30299.00, 30298.00, 30298.00, 1, 1, 0, 1
2026/6/15, 00:00:26.438, 30300.00, 30301.00, 30300.00, 30300.00, 4, 2, 0, 4
2026/6/15, 00:00:26.496, 30303.00, 30304.00, 30303.00, 30303.00, 1, 1, 0, 1
2026/6/15, 00:00:26.496, 30307.25, 30308.25, 30307.25, 30308.25, 2, 2, 0, 2
2026/6/15, 00:00:26.497, 30318.00, 30318.00, 30317.00, 30318.00, 2, 1, 2, 0
2026/6/15, 00:00:26.735, 30303.25, 30304.00, 30303.00, 30303.00, 2, 2, 2, 0
2026/6/15, 00:00:26.780, 30308.25, 30308.25, 30307.25, 30308.25, 1, 1, 0, 1
2026/6/15, 00:00:26.810, 30302.75, 30303.75, 30302.75, 30302.75, 1, 1, 1, 0
2026/6/15, 00:00:26.878, 30308.50, 30309.50, 30308.50, 30308.50, 1, 1, 0, 1
2026/6/15, 00:00:26.926, 30317.50, 30318.50, 30317.50, 30317.50, 2, 2, 1, 1
2026/6/15, 00:00:26.947, 30319.50, 30320.00, 30319.00, 30320.00, 3, 3, 0, 3
2026/6/15, 00:00:27.378, 30314.75, 30315.50, 30314.50, 30314.50, 8, 8, 8, 0
2026/6/15, 00:00:27.490, 30314.25, 30315.25, 30314.25, 30314.25, 1, 1, 1, 0
2026/6/15, 00:00:27.604, 30315.50, 30316.50, 30315.50, 30315.50, 1, 1, 0, 1
2026/6/15, 00:00:27.682, 30317.50, 30318.50, 30317.50, 30317.50, 1, 1, 0, 1
2026/6/15, 00:00:27.971, 30327.00, 30328.00, 30327.00, 30327.00, 1, 1, 0, 1
2026/6/15, 00:00:27.971, 30330.00, 30331.00, 30330.00, 30330.00, 3, 2, 0, 3
2026/6/15, 00:00:27.971, 30332.00, 30332.00, 30331.00, 30332.00, 6, 1, 0, 6
2026/6/15, 00:00:27.972, 30326.25, 30327.25, 30326.25, 30327.25, 5, 5, 5, 0
2026/6/15, 00:00:28.303, 30315.00, 30315.00, 30314.00, 30315.00, 3, 3, 3, 0
2026/6/15, 00:00:28.387, 30310.00, 30311.00, 30310.00, 30310.00, 1, 1, 1, 0
2026/6/15, 00:00:28.422, 30332.00, 30332.00, 30331.00, 30332.00, 2, 2, 0, 2
2026/6/15, 00:00:28.549, 30324.00, 30325.00, 30324.00, 30324.00, 1, 1, 1, 0
2026/6/15, 00:00:28.615, 30332.75, 30333.00, 30332.00, 30333.00, 4, 4, 0, 4
2026/6/15, 00:00:28.666, 30326.25, 30326.25, 30325.25, 30326.25, 1, 1, 1, 0
2026/6/15, 00:00:28.685, 30313.25, 30314.00, 30313.00, 30313.00, 3, 3, 2, 1
2026/6/15, 00:00:29.223, 30332.75, 30333.75, 30332.75, 30332.75, 2, 2, 0, 2
2026/6/15, 00:00:29.659, 30336.50, 30336.50, 30335.50, 30336.50, 1, 1, 0, 1
2026/6/15, 00:00:29.896, 30326.75, 30327.75, 30326.75, 30326.75, 1, 1, 1, 0
2026/6/15, 00:00:30.010, 30336.50, 30336.50, 30335.50, 30336.50, 2, 2, 0, 2
2026/6/15, 00:00:30.092, 30327.00, 30327.00, 30326.00, 30326.00, 2, 2, 2, 0
2026/6/15, 00:00:30.631, 30332.00, 30333.00, 30332.00, 30332.00, 4, 4, 2, 2
2026/6/15, 00:00:31.018, 30336.75, 30336.75, 30335.75, 30336.75, 1, 1, 0, 1
2026/6/15, 00:00:31.049, 30326.75, 30327.75, 30326.75, 30326.75, 1, 1, 1, 0
2026/6/15, 00:00:31.372, 30336.50, 30336.75, 30335.75, 30336.75, 4, 4, 0, 4
2026/6/15, 00:00:31.725, 30334.00, 30335.00, 30334.00, 30334.00, 1, 1, 0, 1
2026/6/15, 00:00:31.725, 30336.75, 30336.75, 30335.75, 30336.75, 1, 1, 0, 1
2026/6/15, 00:00:32.385, 30334.00, 30335.00, 30334.00, 30334.00, 1, 1, 0, 1
2026/6/15, 00:00:33.099, 30336.75, 30336.75, 30335.75, 30336.75, 6, 3, 0, 6
2026/6/15, 00:00:33.939, 30331.50, 30331.50, 30330.50, 30331.50, 1, 1, 1, 0
2026/6/15, 00:00:34.123, 30330.25, 30331.25, 30330.25, 30330.25, 1, 1, 1, 0
2026/6/15, 00:00:34.392, 30335.75, 30336.75, 30335.75, 30336.75, 5, 5, 0, 5
2026/6/15, 00:00:34.733, 30337.00, 30337.00, 30336.00, 30337.00, 2, 1, 0, 2
2026/6/15, 00:00:34.774, 30334.25, 30334.25, 30333.25, 30334.25, 1, 1, 0, 1
2026/6/15, 00:00:35.034, 30332.00, 30332.00, 30331.00, 30332.00, 3, 3, 3, 0
2026/6/15, 00:00:35.034, 30329.00, 30330.00, 30329.00, 30329.00, 2, 1, 0, 2
2026/6/15, 00:00:35.106, 30334.50, 30334.50, 30333.50, 30334.50, 1, 1, 0, 1
2026/6/15, 00:00:35.713, 30333.00, 30333.00, 30332.00, 30333.00, 2, 2, 2, 0
2026/6/15, 00:00:35.809, 30326.00, 30327.00, 30326.00, 30326.00, 2, 2, 2, 0
2026/6/15, 00:00:36.217, 30333.75, 30333.75, 30332.75, 30333.75, 2, 2, 0, 2
2026/6/15, 00:00:36.427, 30320.25, 30320.25, 30319.25, 30320.25, 3, 3, 3, 0
2026/6/15, 00:00:36.427, 30317.25, 30317.25, 30316.25, 30317.25, 2, 2, 2, 0
2026/6/15, 00:00:36.427, 30316.00, 30316.50, 30315.50, 30315.50, 2, 2, 2, 0
2026/6/15, 00:00:36.428, 30320.25, 30320.25, 30319.25, 30320.25, 2, 2, 0, 2
2026/6/15, 00:00:36.428, 30317.50, 30317.50, 30316.50, 30317.50, 1, 1, 1, 0
2026/6/15, 00:00:36.431, 30300.00, 30300.00, 30299.00, 30300.00, 2, 2, 2, 0
2026/6/15, 00:00:36.431, 30296.50, 30296.50, 30295.50, 30296.50, 1, 1, 1, 0
2026/6/15, 00:00:36.431, 30295.00, 30295.00, 30294.00, 30295.00, 2, 2, 2, 0
2026/6/15, 00:00:36.431, 30290.00, 30291.00, 30290.00, 30290.00, 1, 1, 1, 0
2026/6/15, 00:00:36.433, 30293.75, 30294.75, 30293.75, 30293.75, 1, 1, 1, 0
2026/6/15, 00:00:36.433, 30309.75, 30310.75, 30309.75, 30309.75, 1, 1, 0, 1
2026/6/15, 00:00:36.443, 30314.75, 30314.75, 30313.75, 30314.75, 1, 1, 0, 1
2026/6/15, 00:00:36.596, 30311.00, 30311.00, 30310.00, 30311.00, 2, 2, 0, 2
2026/6/15, 00:00:36.799, 30298.25, 30298.25, 30297.25, 30298.25, 1, 1, 1, 0
2026/6/15, 00:00:36.867, 30296.75, 30297.75, 30296.75, 30296.75, 1, 1, 1, 0
2026/6/15, 00:00:36.988, 30300.50, 30300.50, 30299.50, 30300.50, 1, 1, 1, 0
2026/6/15, 00:00:37.194, 30298.50, 30298.50, 30297.50, 30298.50, 2, 2, 2, 0
2026/6/15, 00:00:37.194, 30291.75, 30291.75, 30290.75, 30291.75, 1, 1, 1, 0
2026/6/15, 00:00:37.194, 30287.75, 30288.50, 30287.50, 30287.50, 3, 3, 3, 0
2026/6/15, 00:00:37.439, 30298.00, 30298.75, 30297.75, 30297.75, 2, 2, 2, 0
2026/6/15, 00:00:38.729, 30302.50, 30303.50, 30302.50, 30302.50, 3, 3, 0, 3
2026/6/15, 00:00:39.296, 30304.00, 30304.00, 30303.00, 30304.00, 1, 1, 0, 1
2026/6/15, 00:00:39.296, 30302.50, 30303.50, 30302.50, 30302.50, 2, 2, 2, 0
2026/6/15, 00:00:39.297, 30312.75, 30313.75, 30312.75, 30312.75, 1, 1, 0, 1
2026/6/15, 00:00:39.680, 30318.50, 30318.50, 30317.50, 30318.50, 3, 2, 0, 3
2026/6/15, 00:00:39.845, 30306.50, 30307.25, 30306.25, 30306.25, 6, 5, 6, 0
2026/6/15, 00:00:41.437, 30313.50, 30314.50, 30313.50, 30313.50, 1, 1, 1, 0
2026/6/15, 00:00:41.560, 30314.75, 30314.75, 30313.75, 30314.75, 1, 1, 0, 1
2026/6/15, 00:00:41.929, 30311.75, 30312.75, 30311.75, 30311.75, 1, 1, 1, 0
2026/6/15, 00:00:42.028, 30317.50, 30318.50, 30317.50, 30317.50, 1, 1, 0, 1
2026/6/15, 00:00:42.028, 30320.50, 30321.00, 30320.00, 30321.00, 4, 4, 0, 4
2026/6/15, 00:00:42.918, 30321.25, 30322.25, 30321.25, 30321.25, 1, 1, 0, 1
2026/6/15, 00:00:42.958, 30322.50, 30323.50, 30322.50, 30322.50, 2, 2, 1, 1
2026/6/15, 00:00:44.533, 30328.25, 30329.25, 30328.25, 30328.25, 2, 2, 0, 2
2026/6/15, 00:00:46.286, 30331.25, 30331.25, 30330.25, 30331.25, 1, 1, 0, 1
2026/6/15, 00:00:46.743, 30322.25, 30323.25, 30322.25, 30322.25, 1, 1, 1, 0
2026/6/15, 00:00:47.402, 30331.25, 30331.25, 30330.25, 30331.25, 2, 2, 0, 2
2026/6/15, 00:00:47.624, 30322.50, 30323.50, 30322.50, 30322.50, 1, 1, 1, 0
2026/6/15, 00:00:48.103, 30329.25, 30330.25, 30329.25, 30329.25, 1, 1, 0, 1
2026/6/15, 00:00:48.103, 30331.50, 30332.50, 30331.50, 30331.50, 2, 2, 0, 2
2026/6/15, 00:00:48.103, 30334.25, 30335.25, 30334.25, 30334.25, 2, 2, 0, 2
2026/6/15, 00:00:49.115, 30336.00, 30336.75, 30335.75, 30336.75, 5, 5, 0, 5
2026/6/15, 00:00:49.571, 30331.25, 30332.25, 30331.25, 30331.25, 1, 1, 1, 0
2026/6/15, 00:00:49.574, 30336.50, 30336.75, 30335.75, 30336.75, 2, 2, 0, 2
2026/6/15, 00:00:49.662, 30331.50, 30332.25, 30331.25, 30331.25, 5, 3, 5, 0
2026/6/15, 00:00:50.554, 30335.25, 30336.25, 30335.25, 30335.25, 2, 2, 0, 2
2026/6/15, 00:00:50.554, 30336.75, 30337.00, 30336.00, 30337.00, 4, 3, 0, 4
2026/6/15, 00:00:51.004, 30328.75, 30328.75, 30327.75, 30328.75, 1, 1, 1, 0
2026/6/15, 00:00:51.004, 30323.50, 30323.50, 30322.50, 30323.50, 2, 2, 2, 0
2026/6/15, 00:00:51.004, 30320.00, 30321.00, 30320.00, 30320.00, 2, 2, 2, 0
2026/6/15, 00:00:51.005, 30328.50, 30328.50, 30327.50, 30328.50, 1, 1, 0, 1
2026/6/15, 00:00:51.008, 30325.75, 30326.00, 30325.00, 30326.00, 3, 3, 0, 3
2026/6/15, 00:00:51.196, 30321.75, 30322.75, 30321.75, 30321.75, 1, 1, 1, 0
2026/6/15, 00:00:51.536, 30324.50, 30324.50, 30323.50, 30324.50, 5, 5, 0, 5
2026/6/15, 00:00:52.172, 30320.00, 30321.00, 30320.00, 30320.00, 5, 3, 0, 5
2026/6/15, 00:00:52.185, 30327.00, 30328.00, 30327.00, 30328.00, 3, 3, 0, 3
2026/6/15, 00:00:52.185, 30329.75, 30330.00, 30329.00, 30330.00, 16, 11, 13, 3
2026/6/15, 00:00:52.951, 30323.50, 30324.50, 30323.50, 30323.50, 1, 1, 1, 0
2026/6/15, 00:00:54.766, 30324.75, 30325.75, 30324.75, 30325.75, 4, 4, 0, 4
2026/6/15, 00:00:54.766, 30326.00, 30326.50, 30325.50, 30326.50, 4, 4, 0, 4
2026/6/15, 00:00:56.013, 30327.50, 30328.50, 30327.50, 30327.50, 1, 1, 0, 1
2026/6/15, 00:00:56.544, 30331.50, 30332.50, 30331.50, 30331.50, 2, 2, 0, 2
2026/6/15, 00:00:56.544, 30336.25, 30337.00, 30336.00, 30337.00, 9, 5, 0, 9
2026/6/15, 00:00:56.571, 30325.50, 30325.50, 30324.50, 30325.50, 3, 3, 3, 0
2026/6/15, 00:00:56.571, 30320.25, 30321.25, 30320.25, 30320.25, 2, 1, 0, 2
2026/6/15, 00:00:56.741, 30331.50, 30331.50, 30330.50, 30331.50, 1, 1, 0, 1
2026/6/15, 00:00:56.956, 30322.50, 30323.50, 30322.50, 30322.50, 1, 1, 1, 0
2026/6/15, 00:00:57.100, 30324.50, 30325.50, 30324.50, 30324.50, 1, 1, 1, 0
2026/6/15, 00:00:57.785, 30331.25, 30331.25, 30330.25, 30331.25, 3, 3, 0, 3
2026/6/15, 00:00:58.909, 30329.00, 30329.00, 30328.00, 30329.00, 5, 5, 5, 0
2026/6/15, 00:01:00.073, 30325.50, 30325.50, 30324.50, 30325.50, 1, 1, 1, 0
2026/6/15, 00:01:00.289, 30323.25, 30324.25, 30323.25, 30323.25, 3, 3, 3, 0
2026/6/15, 00:01:00.769, 30325.00, 30325.00, 30324.00, 30325.00, 7, 7, 0, 7
2026/6/15, 00:01:00.984, 30321.50, 30322.50, 30321.50, 30321.50, 1, 1, 1, 0
2026/6/15, 00:01:00.986, 30326.25, 30326.50, 30325.50, 30326.50, 5, 4, 0, 5
2026/6/15, 00:01:01.048, 30328.25, 30329.00, 30328.00, 30329.00, 5, 5, 2, 3
2026/6/15, 00:01:01.210, 30327.50, 30327.50, 30326.50, 30327.50, 1, 1, 1, 0
2026/6/15, 00:01:01.266, 30324.00, 30325.00, 30324.00, 30324.00, 1, 1, 1, 0
2026/6/15, 00:01:01.436, 30328.00, 30329.00, 30328.00, 30329.00, 2, 2, 1, 1
2026/6/15, 00:01:02.146, 30329.75, 30330.75, 30329.75, 30329.75, 4, 4, 4, 0
2026/6/15, 00:01:02.800, 30333.25, 30334.25, 30333.25, 30333.25, 1, 1, 0, 1
2026/6/15, 00:01:02.980, 30336.00, 30336.00, 30335.00, 30336.00, 1, 1, 0, 1
2026/6/15, 00:01:03.048, 30331.50, 30332.50, 30331.50, 30331.50, 1, 1, 1, 0
2026/6/15, 00:01:03.405, 30333.50, 30333.50, 30332.50, 30333.50, 1, 1, 0, 1
2026/6/15, 00:01:03.486, 30332.00, 30333.00, 30332.00, 30333.00, 6, 6, 2, 4
2026/6/15, 00:01:04.721, 30334.00, 30334.25, 30333.25, 30333.25, 5, 5, 5, 0
2026/6/15, 00:01:04.738, 30331.25, 30332.25, 30331.25, 30331.25, 1, 1, 1, 0
2026/6/15, 00:01:05.088, 30336.50, 30336.50, 30335.50, 30336.50, 1, 1, 0, 1
2026/6/15, 00:01:05.119, 30331.50, 30332.25, 30331.25, 30331.25, 3, 3, 3, 0
2026/6/15, 00:01:05.705, 30334.75, 30335.75, 30334.75, 30334.75, 4, 4, 0, 4
2026/6/15, 00:01:05.817, 30336.50, 30337.00, 30336.00, 30337.00, 37, 8, 0, 37
2026/6/15, 00:01:05.826, 30335.50, 30336.25, 30335.25, 30335.25, 3, 3, 3, 0
2026/6/15, 00:01:06.076, 30338.75, 30338.75, 30337.75, 30338.75, 1, 1, 0, 1
2026/6/15, 00:01:06.278, 30334.50, 30335.25, 30334.25, 30334.25, 4, 4, 4, 0
2026/6/15, 00:01:06.480, 30337.00, 30337.00, 30336.00, 30337.00, 2, 2, 1, 1
2026/6/15, 00:01:06.497, 30334.50, 30334.50, 30333.50, 30334.50, 1, 1, 1, 0
2026/6/15, 00:01:06.687, 30332.25, 30333.25, 30332.25, 30332.25, 1, 1, 1, 0
2026/6/15, 00:01:06.828, 30334.75, 30335.75, 30334.75, 30334.75, 1, 1, 1, 0
2026/6/15, 00:01:07.902, 30338.00, 30339.00, 30338.00, 30339.00, 4, 4, 2, 2
2026/6/15, 00:01:08.447, 30339.25, 30339.25, 30338.25, 30339.25, 1, 1, 0, 1
2026/6/15, 00:01:08.503, 30337.25, 30338.00, 30337.00, 30337.00, 2, 2, 2, 0
2026/6/15, 00:01:08.577, 30339.75, 30340.75, 30339.75, 30339.75, 2, 2, 0, 2
2026/6/15, 00:01:08.577, 30342.50, 30343.50, 30342.50, 30342.50, 1, 1, 0, 1
2026/6/15, 00:01:08.578, 30344.50, 30344.50, 30343.50, 30344.50, 1, 1, 0, 1
2026/6/15, 00:01:09.145, 30341.00, 30341.25, 30340.25, 30341.25, 4, 4, 2, 2
2026/6/15, 00:01:09.281, 30345.25, 30345.25, 30344.25, 30345.25, 1, 1, 0, 1
2026/6/15, 00:01:09.689, 30343.50, 30343.50, 30342.50, 30343.50, 1, 1, 0, 1
2026/6/15, 00:01:09.735, 30340.75, 30340.75, 30339.75, 30340.75, 1, 1, 1, 0
2026/6/15, 00:01:10.167, 30338.75, 30339.75, 30338.75, 30338.75, 1, 1, 1, 0
2026/6/15, 00:01:10.379, 30341.00, 30341.00, 30340.00, 30341.00, 1, 1, 1, 0
2026/6/15, 00:01:10.379, 30338.75, 30338.75, 30337.75, 30337.75, 8, 8, 8, 0
2026/6/15, 00:01:10.379, 30335.00, 30335.00, 30334.00, 30334.00, 5, 4, 5, 0
2026/6/15, 00:01:10.379, 30333.00, 30333.00, 30332.00, 30333.00, 2, 2, 2, 0
2026/6/15, 00:01:11.388, 30331.25, 30332.25, 30331.25, 30331.25, 1, 1, 1, 0
2026/6/15, 00:01:11.425, 30336.00, 30336.00, 30335.00, 30336.00, 1, 1, 0, 1
2026/6/15, 00:01:11.735, 30333.50, 30333.50, 30332.50, 30333.50, 1, 1, 1, 0
2026/6/15, 00:01:12.458, 30331.50, 30331.50, 30330.50, 30330.50, 2, 2, 2, 0
2026/6/15, 00:01:12.496, 30330.00, 30331.00, 30330.00, 30331.00, 3, 3, 3, 0
2026/6/15, 00:01:12.881, 30333.75, 30334.00, 30333.00, 30333.00, 3, 3, 3, 0
2026/6/15, 00:01:14.999, 30337.75, 30337.75, 30336.75, 30337.75, 1, 1, 0, 1
2026/6/15, 00:01:15.063, 30332.75, 30332.75, 30331.75, 30332.75, 1, 1, 1, 0
2026/6/15, 00:01:16.549, 30325.00, 30325.00, 30324.00, 30324.00, 2, 2, 1, 1
2026/6/15, 00:01:17.465, 30320.50, 30320.50, 30319.50, 30319.50, 4, 4, 4, 0
2026/6/15, 00:01:17.465, 30318.50, 30318.50, 30317.50, 30318.50, 1, 1, 1, 0
2026/6/15, 00:01:17.465, 30316.00, 30317.00, 30316.00, 30316.00, 1, 1, 1, 0
2026/6/15, 00:01:17.945, 30326.75, 30326.75, 30325.75, 30326.75, 1, 1, 0, 1
2026/6/15, 00:01:18.529, 30325.25, 30325.25, 30324.25, 30324.25, 2, 2, 1, 1
2026/6/15, 00:01:20.939, 30329.50, 30329.50, 30328.50, 30329.50, 1, 1, 0, 1
2026/6/15, 00:01:20.951, 30325.00, 30325.00, 30324.00, 30325.00, 1, 1, 1, 0
2026/6/15, 00:01:21.207, 30322.00, 30323.00, 30322.00, 30322.00, 1, 1, 1, 0
2026/6/15, 00:01:21.765, 30323.75, 30323.75, 30322.75, 30323.75, 1, 1, 0, 1
2026/6/15, 00:01:22.238, 30320.25, 30320.25, 30319.25, 30319.25, 7, 5, 7, 0
2026/6/15, 00:01:22.422, 30321.25, 30321.25, 30320.25, 30320.25, 10, 7, 7, 3
2026/6/15, 00:01:24.343, 30317.00, 30317.00, 30316.00, 30317.00, 1, 1, 1, 0
2026/6/15, 00:01:24.343, 30315.50, 30315.50, 30314.50, 30314.50, 2, 2, 2, 0
2026/6/15, 00:01:25.238, 30310.25, 30311.25, 30310.25, 30310.25, 1, 1, 1, 0
2026/6/15, 00:01:25.334, 30315.00, 30315.00, 30314.00, 30315.00, 1, 1, 0, 1
2026/6/15, 00:01:25.445, 30310.00, 30311.00, 30310.00, 30310.00, 1, 1, 1, 0
2026/6/15, 00:01:25.787, 30315.25, 30315.75, 30314.75, 30315.75, 3, 3, 0, 3
2026/6/15, 00:01:27.422, 30318.50, 30319.50, 30318.50, 30318.50, 2, 2, 0, 2
2026/6/15, 00:01:27.424, 30320.75, 30321.00, 30320.00, 30321.00, 3, 3, 0, 3
2026/6/15, 00:01:27.623, 30319.75, 30320.25, 30319.25, 30320.25, 2, 2, 0, 2
2026/6/15, 00:01:28.941, 30314.50, 30315.50, 30314.50, 30314.50, 1, 1, 1, 0
2026/6/15, 00:01:29.269, 30321.00, 30322.00, 30321.00, 30321.00, 7, 3, 0, 7
2026/6/15, 00:01:29.605, 30322.75, 30323.75, 30322.75, 30323.75, 9, 5, 0, 9
2026/6/15, 00:01:29.780, 30326.00, 30327.00, 30326.00, 30326.00, 2, 2, 2, 0
2026/6/15, 00:01:30.229, 30327.25, 30328.25, 30327.25, 30327.25, 1, 1, 1, 0
2026/6/15, 00:01:30.402, 30330.50, 30331.50, 30330.50, 30330.50, 2, 2, 0, 2
2026/6/15, 00:01:30.601, 30333.00, 30333.00, 30332.00, 30333.00, 7, 7, 0, 7
2026/6/15, 00:01:31.282, 30329.25, 30330.25, 30329.25, 30329.25, 1, 1, 1, 0
2026/6/15, 00:01:31.584, 30332.75, 30333.00, 30332.00, 30333.00, 3, 3, 0, 3
2026/6/15, 00:01:33.498, 30329.00, 30330.00, 30329.00, 30329.00, 1, 1, 1, 0
2026/6/15, 00:01:33.680, 30332.00, 30332.00, 30331.00, 30332.00, 1, 1, 0, 1
2026/6/15, 00:01:33.821, 30320.50, 30321.50, 30320.50, 30320.50, 1, 1, 1, 0
2026/6/15, 00:01:34.072, 30325.75, 30326.50, 30325.50, 30326.50, 5, 5, 0, 5
2026/6/15, 00:01:34.239, 30319.25, 30320.00, 30319.00, 30319.00, 2, 2, 2, 0
2026/6/15, 00:01:34.487, 30327.00, 30328.00, 30327.00, 30327.00, 3, 3, 0, 3
2026/6/15, 00:01:34.487, 30333.00, 30333.00, 30332.00, 30333.00, 2, 2, 0, 2
2026/6/15, 00:01:34.851, 30322.00, 30323.00, 30322.00, 30322.00, 1, 1, 1, 0
2026/6/15, 00:01:35.033, 30328.25, 30329.25, 30328.25, 30328.25, 2, 2, 0, 2
2026/6/15, 00:01:35.033, 30331.00, 30332.00, 30331.00, 30331.00, 4, 4, 0, 4
2026/6/15, 00:01:35.033, 30332.50, 30333.00, 30332.00, 30333.00, 6, 5, 0, 6
2026/6/15, 00:01:36.961, 30331.75, 30332.25, 30331.25, 30331.25, 3, 3, 0, 3
2026/6/15, 00:01:37.632, 30333.00, 30333.00, 30332.00, 30333.00, 4, 3, 0, 4
2026/6/15, 00:01:38.796, 30330.00, 30331.00, 30330.00, 30330.00, 4, 4, 0, 4
2026/6/15, 00:01:38.796, 30332.50, 30333.00, 30332.00, 30333.00, 7, 7, 2, 5
2026/6/15, 00:01:40.525, 30325.00, 30326.00, 30325.00, 30325.00, 1, 1, 0, 1
2026/6/15, 00:01:40.634, 30327.75, 30327.75, 30326.75, 30327.75, 1, 1, 0, 1
2026/6/15, 00:01:40.740, 30324.75, 30324.75, 30323.75, 30323.75, 6, 5, 6, 0
2026/6/15, 00:01:40.808, 30319.00, 30319.00, 30318.00, 30319.00, 1, 1, 1, 0
2026/6/15, 00:01:40.808, 30315.00, 30316.00, 30315.00, 30315.00, 1, 1, 1, 0
2026/6/15, 00:01:40.842, 30319.75, 30319.75, 30318.75, 30319.75, 1, 1, 0, 1
2026/6/15, 00:01:41.458, 30315.50, 30316.50, 30315.50, 30315.50, 1, 1, 1, 0
2026/6/15, 00:01:41.864, 30318.25, 30318.25, 30317.25, 30317.25, 3, 3, 2, 1
2026/6/15, 00:01:42.154, 30315.25, 30315.25, 30314.25, 30315.25, 2, 2, 2, 0
2026/6/15, 00:01:42.183, 30310.75, 30310.75, 30309.75, 30310.75, 4, 4, 4, 0
2026/6/15, 00:01:42.185, 30309.50, 30309.50, 30308.50, 30308.50, 8, 4, 8, 0
2026/6/15, 00:01:42.185, 30302.75, 30302.75, 30301.75, 30301.75, 3, 3, 3, 0
2026/6/15, 00:01:42.185, 30300.00, 30301.00, 30300.00, 30300.00, 2, 2, 2, 0
2026/6/15, 00:01:42.187, 30301.50, 30301.50, 30300.50, 30301.50, 1, 1, 1, 0
2026/6/15, 00:01:42.192, 30294.25, 30294.25, 30293.25, 30293.25, 3, 3, 3, 0
2026/6/15, 00:01:42.192, 30292.00, 30292.00, 30291.00, 30291.00, 2, 2, 2, 0
2026/6/15, 00:01:42.192, 30280.00, 30280.00, 30279.00, 30280.00, 2, 1, 2, 0
2026/6/15, 00:01:42.193, 30272.00, 30273.00, 30272.00, 30272.00, 5, 1, 0, 5
2026/6/15, 00:01:42.193, 30275.75, 30276.75, 30275.75, 30275.75, 1, 1, 0, 1
2026/6/15, 00:01:42.193, 30278.25, 30279.25, 30278.25, 30279.25, 5, 3, 0, 5
2026/6/15, 00:01:42.193, 30279.75, 30280.75, 30279.75, 30279.75, 1, 1, 0, 1
2026/6/15, 00:01:42.193, 30287.25, 30288.25, 30287.25, 30287.25, 1, 1, 0, 1
2026/6/15, 00:01:42.197, 30310.00, 30310.00, 30309.00, 30310.00, 2, 2, 1, 1
2026/6/15, 00:01:42.198, 30293.75, 30294.75, 30293.75, 30293.75, 2, 2, 0, 2
2026/6/15, 00:01:42.199, 30309.75, 30309.75, 30308.75, 30309.75, 1, 1, 0, 1
2026/6/15, 00:01:42.201, 30291.25, 30292.25, 30291.25, 30291.25, 1, 1, 1, 0
2026/6/15, 00:01:42.201, 30293.25, 30294.25, 30293.25, 30293.25, 3, 3, 0, 3
2026/6/15, 00:01:42.529, 30313.25, 30313.50, 30312.50, 30313.50, 2, 2, 0, 2
2026/6/15, 00:01:42.965, 30293.00, 30293.00, 30292.00, 30292.00, 5, 5, 5, 0
2026/6/15, 00:01:42.965, 30289.75, 30289.75, 30288.75, 30289.75, 2, 2, 2, 0
2026/6/15, 00:01:42.965, 30279.25, 30279.25, 30278.25, 30279.25, 2, 2, 2, 0
2026/6/15, 00:01:42.965, 30278.00, 30278.75, 30277.75, 30277.75, 8, 3, 1, 7
2026/6/15, 00:01:42.970, 30305.00, 30305.00, 30304.00, 30305.00, 1, 1, 1, 0
2026/6/15, 00:01:42.976, 30286.75, 30287.75, 30286.75, 30286.75, 2, 1, 0, 2
2026/6/15, 00:01:42.979, 30290.00, 30290.00, 30289.00, 30290.00, 2, 2, 0, 2
2026/6/15, 00:01:43.175, 30281.75, 30282.00, 30281.00, 30282.00, 3, 3, 3, 0
2026/6/15, 00:01:43.232, 30279.75, 30280.75, 30279.75, 30279.75, 1, 1, 1, 0
2026/6/15, 00:01:43.267, 30287.25, 30287.25, 30286.25, 30287.25, 1, 1, 0, 1
2026/6/15, 00:01:43.634, 30285.75, 30286.75, 30285.75, 30285.75, 1, 1, 0, 1
2026/6/15, 00:01:43.634, 30287.00, 30287.00, 30286.00, 30287.00, 1, 1, 0, 1
2026/6/15, 00:01:43.964, 30281.25, 30282.00, 30281.00, 30281.00, 3, 3, 3, 0
2026/6/15, 00:01:45.195, 30295.50, 30296.00, 30295.00, 30296.00, 3, 3, 3, 0
2026/6/15, 00:01:46.819, 30290.50, 30291.50, 30290.50, 30290.50, 1, 1, 0, 1
2026/6/15, 00:01:46.822, 30297.25, 30297.25, 30296.25, 30297.25, 1, 1, 0, 1
2026/6/15, 00:01:47.026, 30291.00, 30291.00, 30290.00, 30291.00, 1, 1, 1, 0
2026/6/15, 00:01:47.305, 30285.00, 30286.00, 30285.00, 30285.00, 1, 1, 1, 0
2026/6/15, 00:01:47.568, 30291.75, 30291.75, 30290.75, 30291.75, 1, 1, 1, 0
2026/6/15, 00:01:47.817, 30285.25, 30285.25, 30284.25, 30285.25, 1, 1, 1, 0
2026/6/15, 00:01:48.004, 30280.75, 30280.75, 30279.75, 30279.75, 5, 5, 5, 0
2026/6/15, 00:01:48.007, 30272.00, 30273.00, 30272.00, 30272.00, 1, 1, 1, 0
2026/6/15, 00:01:48.085, 30292.00, 30292.00, 30291.00, 30292.00, 1, 1, 0, 1
2026/6/15, 00:01:48.570, 30290.25, 30290.25, 30289.25, 30290.25, 1, 1, 0, 1
2026/6/15, 00:01:48.582, 30286.75, 30287.75, 30286.75, 30286.75, 1, 1, 1, 0
2026/6/15, 00:01:48.717, 30294.75, 30294.75, 30293.75, 30294.75, 1, 1, 0, 1
2026/6/15, 00:01:48.937, 30286.00, 30286.00, 30285.00, 30286.00, 1, 1, 1, 0
2026/6/15, 00:01:49.654, 30284.25, 30285.25, 30284.25, 30284.25, 1, 1, 0, 1
2026/6/15, 00:01:49.655, 30287.50, 30288.00, 30287.00, 30287.00, 3, 3, 0, 3
2026/6/15, 00:01:50.285, 30293.25, 30293.25, 30292.25, 30293.25, 1, 1, 0, 1
2026/6/15, 00:01:50.315, 30289.50, 30290.50, 30289.50, 30289.50, 1, 1, 0, 1
2026/6/15, 00:01:51.176, 30297.00, 30298.00, 30297.00, 30297.00, 1, 1, 0, 1
2026/6/15, 00:01:51.962, 30319.00, 30320.00, 30319.00, 30319.00, 2, 2, 0, 2
2026/6/15, 00:01:51.962, 30324.00, 30324.25, 30323.25, 30324.25, 4, 4, 0, 4
2026/6/15, 00:01:52.268, 30316.25, 30317.25, 30316.25, 30316.25, 1, 1, 0, 1
2026/6/15, 00:01:52.572, 30319.00, 30319.00, 30318.00, 30319.00, 1, 1, 0, 1
2026/6/15, 00:01:52.832, 30315.25, 30316.25, 30315.25, 30315.25, 1, 1, 1, 0
2026/6/15, 00:01:53.164, 30317.75, 30318.75, 30317.75, 30317.75, 2, 2, 0, 2
2026/6/15, 00:01:53.164, 30320.50, 30321.50, 30320.50, 30320.50, 2, 2, 0, 2
2026/6/15, 00:01:53.254, 30324.00, 30324.00, 30323.00, 30324.00, 1, 1, 0, 1
2026/6/15, 00:01:53.486, 30317.25, 30318.25, 30317.25, 30317.25, 1, 1, 0, 1
2026/6/15, 00:01:55.508, 30319.50, 30320.25, 30319.25, 30320.25, 2, 2, 1, 1
2026/6/15, 00:01:56, 30317.25, 30317.25, 30316.25, 30316.25, 3, 3, 3, 0
2026/6/15, 00:01:56.406, 30310.00, 30311.00, 30310.00, 30310.00, 1, 1, 1, 0
2026/6/15, 00:01:57.193, 30324.75, 30325.00, 30324.00, 30325.00, 3, 3, 1, 2
2026/6/15, 00:01:57.795, 30322.00, 30323.00, 30322.00, 30322.00, 2, 2, 2, 0
2026/6/15, 00:01:57.914, 30326.25, 30326.25, 30325.25, 30325.25, 2, 2, 0, 2
2026/6/15, 00:01:59.301, 30328.25, 30328.50, 30327.50, 30328.50, 3, 3, 0, 3
2026/6/15, 00:01:59.767, 30325.00, 30325.00, 30324.00, 30325.00, 1, 1, 1, 0
2026/6/15, 00:02:00.040, 30322.00, 30322.00, 30321.00, 30321.00, 2, 2, 2, 0
2026/6/15, 00:02:00.040, 30315.50, 30315.50, 30314.50, 30314.50, 3, 2, 3, 0
2026/6/15, 00:02:00.045, 30311.50, 30312.50, 30311.50, 30311.50, 1, 1, 0, 1
2026/6/15, 00:02:00.061, 30318.25, 30319.25, 30318.25, 30318.25, 1, 1, 0, 1
2026/6/15, 00:02:00.501, 30328.50, 30328.75, 30327.75, 30328.75, 14, 9, 0, 14
2026/6/15, 00:02:00.951, 30327.50, 30328.25, 30327.25, 30327.25, 2, 2, 2, 0
2026/6/15, 00:02:01.113, 30328.50, 30328.50, 30327.50, 30328.50, 1, 1, 0, 1
2026/6/15, 00:02:01.136, 30321.75, 30321.75, 30320.75, 30320.75, 6, 6, 5, 1
2026/6/15, 00:02:01.263, 30319.75, 30319.75, 30318.75, 30319.75, 2, 2, 0, 2
2026/6/15, 00:02:01.569, 30314.25, 30315.25, 30314.25, 30314.25, 2, 2, 0, 2
2026/6/15, 00:02:02.214, 30316.50, 30317.50, 30316.50, 30316.50, 2, 1, 0, 2
2026/6/15, 00:02:03.452, 30323.00, 30324.00, 30323.00, 30323.00, 1, 1, 0, 1
2026/6/15, 00:02:03.452, 30325.50, 30325.50, 30324.50, 30325.50, 2, 2, 0, 2
2026/6/15, 00:02:03.899, 30321.00, 30322.00, 30321.00, 30321.00, 1, 1, 1, 0
2026/6/15, 00:02:04.205, 30324.25, 30325.25, 30324.25, 30324.25, 2, 2, 0, 2
2026/6/15, 00:02:04.206, 30328.50, 30329.50, 30328.50, 30328.50, 113, 10, 0, 113
2026/6/15, 00:02:04.211, 30330.00, 30331.00, 30330.00, 30330.00, 2, 2, 0, 2
2026/6/15, 00:02:04.211, 30334.25, 30335.25, 30334.25, 30334.25, 2, 2, 0, 2
2026/6/15, 00:02:04.211, 30337.25, 30337.25, 30336.25, 30337.25, 3, 2, 0, 3
2026/6/15, 00:02:04.349, 30334.00, 30334.00, 30333.00, 30334.00, 1, 1, 1, 0
2026/6/15, 00:02:04.349, 30324.00, 30324.75, 30323.75, 30323.75, 2, 2, 2, 0
2026/6/15, 00:02:05.870, 30332.25, 30332.25, 30331.25, 30331.25, 3, 3, 3, 0
2026/6/15, 00:02:06.233, 30331.00, 30331.00, 30330.00, 30331.00, 1, 1, 1, 0
2026/6/15, 00:02:06.233, 30328.50, 30329.50, 30328.50, 30328.50, 2, 2, 2, 0
2026/6/15, 00:02:06.233, 30331.50, 30331.50, 30330.50, 30331.50, 7, 4, 0, 7
2026/6/15, 00:02:06.547, 30325.75, 30326.75, 30325.75, 30326.75, 3, 3, 0, 3
2026/6/15, 00:02:06.692, 30322.25, 30322.25, 30321.25, 30322.25, 1, 1, 1, 0
2026/6/15, 00:02:06.692, 30316.00, 30316.75, 30315.75, 30315.75, 4, 4, 4, 0
2026/6/15, 00:02:07.549, 30318.75, 30319.75, 30318.75, 30318.75, 1, 1, 1, 0
2026/6/15, 00:02:07.787, 30325.50, 30325.50, 30324.50, 30325.50, 2, 2, 0, 2
2026/6/15, 00:02:08.375, 30316.75, 30317.75, 30316.75, 30316.75, 1, 1, 1, 0
2026/6/15, 00:02:08.484, 30324.75, 30324.75, 30323.75, 30324.75, 1, 1, 0, 1
2026/6/15, 00:02:09.035, 30319.75, 30319.75, 30318.75, 30319.75, 1, 1, 1, 0
2026/6/15, 00:02:09.424, 30315.75, 30316.75, 30315.75, 30315.75, 1, 1, 1, 0
2026/6/15, 00:02:10.572, 30318.50, 30319.50, 30318.50, 30318.50, 1, 1, 1, 0
2026/6/15, 00:02:11.330, 30327.75, 30328.00, 30327.00, 30328.00, 3, 2, 0, 3
2026/6/15, 00:02:11.918, 30322.75, 30322.75, 30321.75, 30322.75, 2, 2, 2, 0
2026/6/15, 00:02:15.685, 30316.75, 30316.75, 30315.75, 30316.75, 2, 2, 2, 0
2026/6/15, 00:02:16.950, 30311.75, 30311.75, 30310.75, 30311.75, 1, 1, 1, 0
2026/6/15, 00:02:17.039, 30307.25, 30307.25, 30306.25, 30307.25, 2, 2, 2, 0
2026/6/15, 00:02:17.236, 30306.00, 30307.00, 30306.00, 30307.00, 2, 2, 1, 1
2026/6/15, 00:02:17.843, 30310.75, 30310.75, 30309.75, 30310.75, 1, 1, 0, 1
2026/6/15, 00:02:18.080, 30304.50, 30304.50, 30303.50, 30304.50, 1, 1, 1, 0
2026/6/15, 00:02:18.080, 30298.25, 30299.25, 30298.25, 30298.25, 1, 1, 1, 0
2026/6/15, 00:02:18.326, 30303.75, 30304.75, 30303.75, 30303.75, 1, 1, 0, 1
2026/6/15, 00:02:19.455, 30307.00, 30308.00, 30307.00, 30307.00, 1, 1, 0, 1
2026/6/15, 00:02:20.250, 30314.00, 30315.00, 30314.00, 30314.00, 3, 3, 0, 3
2026/6/15, 00:02:20.257, 30321.00, 30322.00, 30321.00, 30321.00, 3, 3, 0, 3
2026/6/15, 00:02:20.967, 30322.50, 30322.50, 30321.50, 30322.50, 1, 1, 0, 1
2026/6/15, 00:02:21.759, 30315.00, 30315.00, 30314.00, 30315.00, 1, 1, 1, 0
2026/6/15, 00:02:21.767, 30311.75, 30311.75, 30310.75, 30311.75, 2, 1, 2, 0
2026/6/15, 00:02:22.133, 30305.75, 30306.75, 30305.75, 30305.75, 3, 3, 0, 3
2026/6/15, 00:02:22.901, 30308.50, 30308.50, 30307.50, 30308.50, 1, 1, 0, 1
2026/6/15, 00:02:23.341, 30306.75, 30306.75, 30305.75, 30306.75, 1, 1, 0, 1
2026/6/15, 00:02:23.703, 30301.25, 30302.00, 30301.00, 30301.00, 4, 3, 4, 0
2026/6/15, 00:02:24.194, 30304.50, 30304.50, 30303.50, 30304.50, 1, 1, 0, 1
2026/6/15, 00:02:24.956, 30298.50, 30299.50, 30298.50, 30298.50, 1, 1, 1, 0
2026/6/15, 00:02:26.353, 30306.25, 30306.50, 30305.50, 30305.50, 5, 4, 2, 3
2026/6/15, 00:02:26.745, 30309.25, 30309.25, 30308.25, 30309.25, 1, 1, 0, 1
2026/6/15, 00:02:27.340, 30300.00, 30301.00, 30300.00, 30300.00, 1, 1, 1, 0
2026/6/15, 00:02:27.635, 30307.00, 30307.00, 30306.00, 30307.00, 1, 1, 1, 0
2026/6/15, 00:02:28.031, 30303.00, 30303.00, 30302.00, 30303.00, 1, 1, 1, 0
2026/6/15, 00:02:28.031, 30298.25, 30299.25, 30298.25, 30298.25, 1, 1, 1, 0
2026/6/15, 00:02:28.298, 30307.75, 30308.75, 30307.75, 30308.75, 3, 3, 0, 3
2026/6/15, 00:02:28.990, 30309.00, 30310.00, 30309.00, 30309.00, 1, 1, 0, 1
2026/6/15, 00:02:28.990, 30320.00, 30320.00, 30319.00, 30320.00, 1, 1, 0, 1
2026/6/15, 00:02:28.993, 30309.25, 30310.25, 30309.25, 30309.25, 2, 2, 1, 1
2026/6/15, 00:02:31.397, 30315.75, 30316.75, 30315.75, 30315.75, 1, 1, 0, 1
2026/6/15, 00:02:33.128, 30320.25, 30320.25, 30319.25, 30320.25, 1, 1, 1, 0
2026/6/15, 00:02:33.259, 30319.00, 30319.00, 30318.00, 30319.00, 1, 1, 0, 1
2026/6/15, 00:02:34.400, 30314.00, 30314.75, 30313.75, 30313.75, 3, 3, 2, 1
2026/6/15, 00:02:35.539, 30315.75, 30316.50, 30315.50, 30315.50, 3, 3, 1, 2
2026/6/15, 00:02:38.380, 30313.00, 30313.00, 30312.00, 30313.00, 1, 1, 0, 1
2026/6/15, 00:02:38.473, 30310.00, 30310.00, 30309.00, 30310.00, 1, 1, 1, 0
2026/6/15, 00:02:38.785, 30305.00, 30306.00, 30305.00, 30305.00, 1, 1, 0, 1
2026/6/15, 00:02:39.788, 30310.50, 30310.50, 30309.50, 30310.50, 1, 1, 0, 1
2026/6/15, 00:02:39.982, 30308.50, 30308.50, 30307.50, 30307.50, 2, 2, 2, 0
2026/6/15, 00:02:39.982, 30305.50, 30305.50, 30304.50, 30305.50, 1, 1, 1, 0
2026/6/15, 00:02:39.982, 30301.25, 30302.25, 30301.25, 30301.25, 4, 1, 4, 0
2026/6/15, 00:02:41.523, 30309.25, 30309.75, 30308.75, 30309.75, 3, 3, 0, 3
2026/6/15, 00:02:41.970, 30305.50, 30305.50, 30304.50, 30305.50, 1, 1, 1, 0
2026/6/15, 00:02:44.974, 30304.25, 30304.25, 30303.25, 30304.25, 1, 1, 1, 0
2026/6/15, 00:02:45.122, 30302.75, 30302.75, 30301.75, 30301.75, 2, 2, 2, 0
2026/6/15, 00:02:46.280, 30305.25, 30306.25, 30305.25, 30305.25, 1, 1, 0, 1
2026/6/15, 00:02:48.285, 30307.00, 30307.00, 30306.00, 30307.00, 1, 1, 0, 1
2026/6/15, 00:02:48.311, 30305.50, 30306.50, 30305.50, 30305.50, 1, 1, 0, 1
2026/6/15, 00:02:48.835, 30306.75, 30306.75, 30305.75, 30306.75, 1, 1, 0, 1
2026/6/15, 00:02:49.132, 30303.00, 30303.00, 30302.00, 30303.00, 2, 1, 2, 0
2026/6/15, 00:02:50.034, 30301.25, 30301.25, 30300.25, 30301.25, 6, 5, 6, 0
2026/6/15, 00:02:52.845, 30300.00, 30300.00, 30299.00, 30299.00, 2, 2, 1, 1
2026/6/15, 00:02:53.754, 30296.50, 30297.50, 30296.50, 30296.50, 1, 1, 1, 0
2026/6/15, 00:02:54.125, 30302.75, 30302.75, 30301.75, 30302.75, 1, 1, 0, 1
2026/6/15, 00:02:57.097, 30296.50, 30297.50, 30296.50, 30296.50, 1, 1, 1, 0
2026/6/15, 00:02:57.596, 30297.75, 30298.75, 30297.75, 30298.75, 2, 2, 1, 1
2026/6/15, 00:03:00.477, 30306.00, 30306.25, 30305.25, 30306.25, 4, 4, 0, 4
2026/6/15, 00:03:00.494, 30305.00, 30305.50, 30304.50, 30305.50, 5, 5, 1, 4
2026/6/15, 00:03:02.310, 30300.00, 30300.25, 30299.25, 30299.25, 12, 8, 8, 4
2026/6/15, 00:03:04.927, 30305.00, 30306.00, 30305.00, 30306.00, 13, 12, 8, 5
2026/6/15, 00:03:05.899, 30301.25, 30302.25, 30301.25, 30301.25, 2, 2, 0, 2
2026/6/15, 00:03:05.902, 30302.75, 30303.75, 30302.75, 30302.75, 1, 1, 0, 1
2026/6/15, 00:03:06.068, 30305.25, 30305.50, 30304.50, 30304.50, 4, 2, 4, 0
2026/6/15, 00:03:07.161, 30308.50, 30309.50, 30308.50, 30308.50, 1, 1, 0, 1
2026/6/15, 00:03:09.485, 30311.75, 30312.00, 30311.00, 30312.00, 2, 2, 0, 2
2026/6/15, 00:03:09.712, 30310.25, 30311.25, 30310.25, 30310.25, 1, 1, 0, 1
2026/6/15, 00:03:10.132, 30314.50, 30315.50, 30314.50, 30314.50, 2, 2, 0, 2
2026/6/15, 00:03:10.132, 30316.50, 30317.50, 30316.50, 30316.50, 4, 4, 0, 4
2026/6/15, 00:03:10.132, 30318.50, 30319.00, 30318.00, 30319.00, 4, 3, 0, 4
2026/6/15, 00:03:10.133, 30314.75, 30315.00, 30314.00, 30314.00, 2, 2, 1, 1
2026/6/15, 00:03:10.519, 30319.25, 30319.25, 30318.25, 30319.25, 1, 1, 0, 1
2026/6/15, 00:03:11.999, 30316.50, 30317.25, 30316.25, 30316.25, 2, 2, 2, 0
2026/6/15, 00:03:12.988, 30319.50, 30320.50, 30319.50, 30319.50, 1, 1, 0, 1
2026/6/15, 00:03:12.988, 30320.75, 30321.75, 30320.75, 30320.75, 1, 1, 0, 1
2026/6/15, 00:03:12.988, 30322.00, 30322.25, 30321.25, 30322.25, 3, 2, 0, 3
2026/6/15, 00:03:13.412, 30318.75, 30318.75, 30317.75, 30318.75, 1, 1, 1, 0
2026/6/15, 00:03:13.412, 30317.50, 30318.25, 30317.25, 30317.25, 4, 3, 4, 0
2026/6/15, 00:03:13.799, 30323.75, 30323.75, 30322.75, 30323.75, 1, 1, 0, 1
2026/6/15, 00:03:14.378, 30319.25, 30319.25, 30318.25, 30319.25, 1, 1, 1, 0
2026/6/15, 00:03:14.740, 30317.25, 30318.25, 30317.25, 30317.25, 1, 1, 1, 0
2026/6/15, 00:03:14.892, 30320.75, 30320.75, 30319.75, 30320.75, 1, 1, 0, 1
2026/6/15, 00:03:14.939, 30317.75, 30318.75, 30317.75, 30317.75, 1, 1, 1, 0
2026/6/15, 00:03:15.386, 30319.25, 30319.50, 30318.50, 30319.50, 3, 3, 0, 3
2026/6/15, 00:03:16.053, 30315.75, 30315.75, 30314.75, 30315.75, 1, 1, 1, 0
2026/6/15, 00:03:16.054, 30314.00, 30314.00, 30313.00, 30314.00, 2, 2, 2, 0
2026/6/15, 00:03:16.063, 30312.50, 30312.50, 30311.50, 30312.50, 1, 1, 1, 0
2026/6/15, 00:03:17.973, 30305.75, 30305.75, 30304.75, 30304.75, 2, 2, 2, 0
2026/6/15, 00:03:17.973, 30304.50, 30304.50, 30303.50, 30303.50, 3, 3, 3, 0
2026/6/15, 00:03:18.907, 30303.25, 30303.75, 30302.75, 30302.75, 5, 5, 5, 0
2026/6/15, 00:03:19.100, 30305.75, 30306.25, 30305.25, 30305.25, 3, 3, 0, 3
2026/6/15, 00:03:20.098, 30303.00, 30303.00, 30302.00, 30303.00, 1, 1, 1, 0
2026/6/15, 00:03:22.123, 30301.50, 30301.50, 30300.50, 30301.50, 2, 2, 1, 1
2026/6/15, 00:03:22.928, 30300.00, 30301.00, 30300.00, 30300.00, 2, 2, 2, 0
2026/6/15, 00:03:22.990, 30302.00, 30302.25, 30301.25, 30302.25, 3, 3, 0, 3
2026/6/15, 00:03:23.654, 30297.75, 30298.00, 30297.00, 30297.00, 5, 5, 5, 0
2026/6/15, 00:03:24.037, 30300.50, 30301.50, 30300.50, 30300.50, 1, 1, 0, 1
2026/6/15, 00:03:25.840, 30302.50, 30302.50, 30301.50, 30302.50, 2, 2, 2, 0
2026/6/15, 00:03:26.598, 30301.00, 30301.00, 30300.00, 30300.00, 3, 3, 3, 0
2026/6/15, 00:03:26.598, 30299.75, 30300.50, 30299.50, 30299.50, 3, 3, 2, 1
2026/6/15, 00:03:28.312, 30301.00, 30301.00, 30300.00, 30301.00, 1, 1, 0, 1
2026/6/15, 00:03:29.305, 30297.25, 30297.25, 30296.25, 30297.25, 4, 3, 3, 1
2026/6/15, 00:03:30.168, 30296.00, 30296.00, 30295.00, 30295.00, 2, 2, 2, 0
2026/6/15, 00:03:30.312, 30293.00, 30293.00, 30292.00, 30292.00, 3, 3, 3, 0
2026/6/15, 00:03:30.620, 30295.25, 30295.25, 30294.25, 30295.25, 1, 1, 0, 1
2026/6/15, 00:03:31.014, 30292.25, 30292.75, 30291.75, 30291.75, 3, 2, 3, 0
2026/6/15, 00:03:32.007, 30296.00, 30297.00, 30296.00, 30296.00, 2, 2, 0, 2
2026/6/15, 00:03:32.558, 30297.50, 30298.50, 30297.50, 30297.50, 4, 3, 0, 4
2026/6/15, 00:03:33.727, 30301.50, 30301.50, 30300.50, 30301.50, 3, 3, 0, 3
2026/6/15, 00:03:33.884, 30298.50, 30298.50, 30297.50, 30298.50, 1, 1, 1, 0
2026/6/15, 00:03:33.885, 30296.50, 30296.50, 30295.50, 30296.50, 1, 1, 1, 0
2026/6/15, 00:03:34.727, 30293.25, 30293.50, 30292.50, 30293.50, 3, 3, 0, 3
2026/6/15, 00:03:37.737, 30290.25, 30291.00, 30290.00, 30290.00, 2, 2, 2, 0
2026/6/15, 00:03:40.151, 30291.75, 30292.75, 30291.75, 30292.75, 3, 3, 0, 3
2026/6/15, 00:03:41.171, 30294.75, 30295.75, 30294.75, 30294.75, 1, 1, 0, 1
2026/6/15, 00:03:41.197, 30296.00, 30297.00, 30296.00, 30297.00, 3, 3, 0, 3
2026/6/15, 00:03:41.202, 30297.25, 30297.25, 30296.25, 30297.25, 1, 1, 1, 0
2026/6/15, 00:03:41.729, 30296.00, 30296.00, 30295.00, 30296.00, 3, 3, 2, 1
2026/6/15, 00:03:42.162, 30294.00, 30295.00, 30294.00, 30294.00, 1, 1, 1, 0
2026/6/15, 00:03:42.222, 30297.75, 30298.75, 30297.75, 30297.75, 1, 1, 0, 1
2026/6/15, 00:03:43.270, 30299.00, 30300.00, 30299.00, 30299.00, 1, 1, 0, 1
2026/6/15, 00:03:43.367, 30301.75, 30301.75, 30300.75, 30301.75, 1, 1, 0, 1
2026/6/15, 00:03:44.196, 30297.25, 30297.25, 30296.25, 30297.25, 1, 1, 1, 0
2026/6/15, 00:03:44.196, 30295.50, 30296.50, 30295.50, 30295.50, 1, 1, 1, 0
2026/6/15, 00:03:44.837, 30300.50, 30300.50, 30299.50, 30300.50, 1, 1, 0, 1
2026/6/15, 00:03:45.555, 30295.00, 30295.00, 30294.00, 30295.00, 2, 2, 1, 1
2026/6/15, 00:03:47.195, 30292.25, 30292.25, 30291.25, 30292.25, 1, 1, 1, 0
2026/6/15, 00:03:47.196, 30290.50, 30290.50, 30289.50, 30289.50, 5, 4, 5, 0
2026/6/15, 00:03:47.196, 30288.75, 30288.75, 30287.75, 30288.75, 9, 9, 9, 0
2026/6/15, 00:03:47.276, 30287.25, 30287.25, 30286.25, 30287.25, 2, 2, 0, 2
2026/6/15, 00:03:47.783, 30285.25, 30286.25, 30285.25, 30285.25, 1, 1, 1, 0
2026/6/15, 00:03:47.835, 30288.50, 30288.50, 30287.50, 30288.50, 8, 6, 0, 8
2026/6/15, 00:03:48.628, 30286.00, 30287.00, 30286.00, 30286.00, 1, 1, 1, 0
2026/6/15, 00:03:49.121, 30289.00, 30289.00, 30288.00, 30289.00, 1, 1, 0, 1
2026/6/15, 00:03:50.133, 30285.75, 30286.75, 30285.75, 30285.75, 1, 1, 1, 0
2026/6/15, 00:03:52.675, 30292.25, 30293.25, 30292.25, 30292.25, 1, 1, 0, 1
2026/6/15, 00:03:53.313, 30295.75, 30295.75, 30294.75, 30295.75, 1, 1, 0, 1
2026/6/15, 00:03:53.802, 30294.25, 30294.50, 30293.50, 30294.50, 8, 8, 4, 4
2026/6/15, 00:03:58.723, 30294.75, 30294.75, 30293.75, 30293.75, 2, 2, 1, 1
2026/6/15, 00:04:00.377, 30292.75, 30293.50, 30292.50, 30293.50, 2, 2, 1, 1
2026/6/15, 00:04:01.399, 30291.25, 30292.25, 30291.25, 30292.25, 5, 5, 2, 3
2026/6/15, 00:04:03.060, 30294.75, 30295.00, 30294.00, 30295.00, 2, 2, 0, 2
2026/6/15, 00:04:03.116, 30293.75, 30294.25, 30293.25, 30294.25, 2, 2, 0, 2
2026/6/15, 00:04:03.470, 30289.50, 30289.50, 30288.50, 30288.50, 4, 4, 4, 0
2026/6/15, 00:04:03.470, 30288.25, 30289.25, 30288.25, 30288.25, 1, 1, 1, 0
2026/6/15, 00:04:03.473, 30289.50, 30289.75, 30288.75, 30289.75, 3, 3, 1, 2
2026/6/15, 00:04:04.608, 30286.25, 30286.25, 30285.25, 30286.25, 6, 6, 3, 3
2026/6/15, 00:04:04.957, 30286.50, 30286.50, 30285.50, 30285.50, 2, 2, 1, 1
2026/6/15, 00:04:05.611, 30285.25, 30286.25, 30285.25, 30285.25, 4, 4, 0, 4
2026/6/15, 00:04:05.639, 30289.50, 30289.50, 30288.50, 30289.50, 2, 2, 0, 2
2026/6/15, 00:04:06.362, 30285.50, 30285.50, 30284.50, 30284.50, 4, 4, 4, 0
2026/6/15, 00:04:06.365, 30284.00, 30284.00, 30283.00, 30284.00, 1, 1, 1, 0
2026/6/15, 00:04:06.458, 30281.25, 30281.25, 30280.25, 30280.25, 3, 3, 3, 0
2026/6/15, 00:04:07.567, 30280.00, 30280.00, 30279.00, 30280.00, 1, 1, 1, 0
2026/6/15, 00:04:07.653, 30277.25, 30277.25, 30276.25, 30276.25, 4, 3, 4, 0
2026/6/15, 00:04:07.653, 30276.00, 30276.25, 30275.25, 30275.25, 2, 2, 2, 0
2026/6/15, 00:04:07.699, 30277.25, 30277.50, 30276.50, 30276.50, 5, 5, 2, 3
2026/6/15, 00:04:08.939, 30273.25, 30273.25, 30272.25, 30273.25, 3, 3, 3, 0
2026/6/15, 00:04:09.449, 30272.00, 30272.00, 30271.00, 30272.00, 3, 2, 3, 0
2026/6/15, 00:04:09.569, 30270.00, 30270.00, 30269.00, 30270.00, 8, 8, 3, 5
2026/6/15, 00:04:09.827, 30268.75, 30268.75, 30267.75, 30268.75, 1, 1, 1, 0
2026/6/15, 00:04:09.847, 30267.00, 30267.00, 30266.00, 30267.00, 3, 3, 2, 1
2026/6/15, 00:04:10.023, 30268.25, 30268.75, 30267.75, 30268.75, 2, 2, 0, 2
2026/6/15, 00:04:10.286, 30265.75, 30265.75, 30264.75, 30265.75, 1, 1, 0, 1
2026/6/15, 00:04:10.372, 30262.00, 30262.75, 30261.75, 30262.75, 3, 3, 3, 0
2026/6/15, 00:04:10.530, 30263.75, 30264.75, 30263.75, 30263.75, 3, 3, 1, 2
2026/6/15, 00:04:11.897, 30265.25, 30265.25, 30264.25, 30265.25, 1, 1, 0, 1
2026/6/15, 00:04:12.024, 30261.75, 30262.75, 30261.75, 30262.75, 2, 2, 1, 1
2026/6/15, 00:04:12.543, 30265.25, 30265.50, 30264.50, 30265.50, 7, 6, 5, 2
2026/6/15, 00:04:13.785, 30266.00, 30267.00, 30266.00, 30266.00, 1, 1, 0, 1
2026/6/15, 00:04:14.076, 30269.75, 30270.25, 30269.25, 30269.25, 11, 10, 5, 6
2026/6/15, 00:04:14.693, 30267.00, 30268.00, 30267.00, 30267.00, 3, 3, 0, 3
2026/6/15, 00:04:16.193, 30270.00, 30271.00, 30270.00, 30270.00, 1, 1, 0, 1
2026/6/15, 00:04:18.038, 30273.00, 30274.00, 30273.00, 30274.00, 8, 8, 5, 3
2026/6/15, 00:04:19.290, 30274.75, 30275.75, 30274.75, 30274.75, 1, 1, 0, 1
2026/6/15, 00:04:19.537, 30277.25, 30277.25, 30276.25, 30277.25, 2, 2, 0, 2
2026/6/15, 00:04:19.928, 30275.25, 30276.25, 30275.25, 30275.25, 1, 1, 1, 0
2026/6/15, 00:04:20.237, 30277.25, 30278.25, 30277.25, 30277.25, 2, 2, 0, 2
2026/6/15, 00:04:20.549, 30279.75, 30280.75, 30279.75, 30279.75, 4, 4, 2, 2
2026/6/15, 00:04:20.955, 30284.75, 30285.00, 30284.00, 30285.00, 4, 4, 2, 2
2026/6/15, 00:04:21.036, 30281.00, 30282.00, 30281.00, 30281.00, 1, 1, 1, 0
2026/6/15, 00:04:21.384, 30282.50, 30283.50, 30282.50, 30283.50, 2, 2, 1, 1
2026/6/15, 00:04:21.741, 30287.75, 30288.75, 30287.75, 30288.75, 2, 2, 0, 2
2026/6/15, 00:04:21.741, 30289.75, 30290.75, 30289.75, 30289.75, 1, 1, 0, 1
2026/6/15, 00:04:21.741, 30291.50, 30292.00, 30291.00, 30292.00, 2, 2, 0, 2
2026/6/15, 00:04:21.947, 30289.00, 30289.25, 30288.25, 30288.25, 3, 3, 1, 2
2026/6/15, 00:04:22.833, 30290.50, 30290.75, 30289.75, 30290.75, 4, 4, 2, 2
2026/6/15, 00:04:22.973, 30289.50, 30289.50, 30288.50, 30288.50, 3, 3, 3, 0
2026/6/15, 00:04:23.409, 30284.75, 30284.75, 30283.75, 30284.75, 2, 2, 2, 0
2026/6/15, 00:04:23.711, 30283.50, 30283.50, 30282.50, 30283.50, 1, 1, 0, 1
2026/6/15, 00:04:23.930, 30280.00, 30280.00, 30279.00, 30280.00, 4, 4, 4, 0
2026/6/15, 00:04:23.940, 30278.75, 30279.75, 30278.75, 30278.75, 3, 3, 0, 3
2026/6/15, 00:04:24.966, 30281.00, 30282.00, 30281.00, 30282.00, 2, 2, 0, 2
2026/6/15, 00:04:25.745, 30283.00, 30283.00, 30282.00, 30282.00, 2, 2, 0, 2
2026/6/15, 00:04:26.434, 30279.00, 30279.00, 30278.00, 30279.00, 1, 1, 1, 0
2026/6/15, 00:04:26.435, 30277.50, 30277.50, 30276.50, 30277.50, 1, 1, 1, 0
2026/6/15, 00:04:26.871, 30274.25, 30274.25, 30273.25, 30273.25, 11, 10, 0, 11
2026/6/15, 00:04:28.224, 30277.50, 30278.50, 30277.50, 30278.50, 5, 5, 0, 5
2026/6/15, 00:04:28.485, 30278.75, 30279.75, 30278.75, 30279.75, 7, 7, 0, 7
2026/6/15, 00:04:28.485, 30280.00, 30280.50, 30279.50, 30280.50, 3, 3, 0, 3
2026/6/15, 00:04:28.485, 30278.00, 30279.00, 30278.00, 30278.00, 8, 6, 8, 0
2026/6/15, 00:04:28.485, 30280.75, 30281.75, 30280.75, 30280.75, 1, 1, 0, 1
2026/6/15, 00:04:28.486, 30284.25, 30284.25, 30283.25, 30284.25, 1, 1, 0, 1
2026/6/15, 00:04:28.491, 30283.00, 30284.00, 30283.00, 30283.00, 2, 1, 2, 0
2026/6/15, 00:04:28.491, 30284.25, 30284.25, 30283.25, 30283.25, 2, 2, 1, 1
2026/6/15, 00:04:28.492, 30282.25, 30283.25, 30282.25, 30282.25, 2, 2, 2, 0
2026/6/15, 00:04:28.494, 30283.75, 30284.75, 30283.75, 30283.75, 4, 4, 4, 0
2026/6/15, 00:04:28.931, 30288.50, 30289.00, 30288.00, 30289.00, 4, 4, 3, 1
2026/6/15, 00:04:29.996, 30292.00, 30292.00, 30291.00, 30292.00, 5, 5, 4, 1
2026/6/15, 00:04:32.993, 30294.00, 30295.00, 30294.00, 30294.00, 4, 4, 0, 4
2026/6/15, 00:04:32.997, 30295.25, 30295.25, 30294.25, 30294.25, 5, 4, 0, 5
2026/6/15, 00:04:33.322, 30299.75, 30300.50, 30299.50, 30299.50, 7, 7, 0, 7
2026/6/15, 00:04:33.385, 30301.75, 30302.75, 30301.75, 30301.75, 1, 1, 0, 1
2026/6/15, 00:04:33.385, 30303.50, 30304.50, 30303.50, 30304.50, 3, 3, 0, 3
2026/6/15, 00:04:33.385, 30305.75, 30305.75, 30304.75, 30305.75, 4, 3, 0, 4
2026/6/15, 00:04:33.441, 30300.00, 30301.00, 30300.00, 30300.00, 1, 1, 1, 0
2026/6/15, 00:04:33.828, 30305.75, 30306.75, 30305.75, 30305.75, 5, 5, 0, 5
2026/6/15, 00:04:34.969, 30307.50, 30308.00, 30307.00, 30308.00, 3, 3, 0, 3
2026/6/15, 00:04:35.025, 30305.50, 30305.50, 30304.50, 30305.50, 1, 1, 0, 1
2026/6/15, 00:04:36.572, 30303.75, 30304.25, 30303.25, 30304.25, 4, 4, 0, 4
2026/6/15, 00:04:39.835, 30302.50, 30303.50, 30302.50, 30302.50, 1, 1, 1, 0
2026/6/15, 00:04:41.347, 30303.75, 30304.75, 30303.75, 30304.75, 2, 2, 0, 2
2026/6/15, 00:04:41.347, 30305.00, 30306.00, 30305.00, 30305.00, 1, 1, 0, 1
2026/6/15, 00:04:41.349, 30306.25, 30307.25, 30306.25, 30306.25, 4, 2, 0, 4
2026/6/15, 00:04:41.349, 30308.50, 30309.50, 30308.50, 30308.50, 2, 2, 0, 2
2026/6/15, 00:04:41.349, 30309.75, 30310.00, 30309.00, 30310.00, 2, 2, 0, 2
2026/6/15, 00:04:41.350, 30306.25, 30306.25, 30305.25, 30306.25, 3, 3, 0, 3
2026/6/15, 00:04:41.350, 30304.75, 30305.75, 30304.75, 30304.75, 1, 1, 0, 1
2026/6/15, 00:04:41.352, 30306.25, 30307.25, 30306.25, 30306.25, 4, 4, 0, 4
2026/6/15, 00:04:41.356, 30311.00, 30311.00, 30310.00, 30311.00, 1, 1, 0, 1
2026/6/15, 00:04:41.357, 30306.25, 30307.25, 30306.25, 30306.25, 9, 6, 0, 9
2026/6/15, 00:04:41.459, 30308.25, 30308.75, 30307.75, 30307.75, 3, 3, 3, 0
2026/6/15, 00:04:42.164, 30310.00, 30311.00, 30310.00, 30310.00, 4, 4, 0, 4
2026/6/15, 00:04:42.801, 30312.00, 30313.00, 30312.00, 30312.00, 4, 2, 0, 4
2026/6/15, 00:04:42.801, 30315.00, 30316.00, 30315.00, 30315.00, 1, 1, 0, 1
2026/6/15, 00:04:42.801, 30316.50, 30316.50, 30315.50, 30316.50, 1, 1, 0, 1
2026/6/15, 00:04:42.808, 30314.50, 30314.75, 30313.75, 30314.75, 10, 7, 10, 0
2026/6/15, 00:04:43.177, 30312.00, 30313.00, 30312.00, 30312.00, 1, 1, 1, 0
2026/6/15, 00:04:43.299, 30315.50, 30315.50, 30314.50, 30315.50, 2, 1, 0, 2
2026/6/15, 00:04:43.856, 30311.75, 30312.75, 30311.75, 30311.75, 1, 1, 1, 0
2026/6/15, 00:04:43.858, 30316.00, 30316.50, 30315.50, 30316.50, 2, 2, 0, 2
2026/6/15, 00:04:44.127, 30313.25, 30313.25, 30312.25, 30313.25, 4, 4, 2, 2
2026/6/15, 00:04:44.200, 30309.00, 30309.00, 30308.00, 30308.00, 12, 12, 12, 0
2026/6/15, 00:04:44.200, 30307.50, 30308.50, 30307.50, 30308.50, 3, 2, 3, 0
2026/6/15, 00:04:44.233, 30313.25, 30313.25, 30312.25, 30313.25, 1, 1, 0, 1
2026/6/15, 00:04:45.224, 30308.50, 30308.50, 30307.50, 30308.50, 9, 7, 7, 2
2026/6/15, 00:04:45.738, 30310.25, 30311.25, 30310.25, 30310.25, 2, 2, 2, 0
2026/6/15, 00:04:45.954, 30312.00, 30313.00, 30312.00, 30313.00, 2, 2, 1, 1
2026/6/15, 00:04:46.946, 30314.75, 30314.75, 30313.75, 30313.75, 2, 2, 1, 1
2026/6/15, 00:04:46.946, 30313.25, 30314.25, 30313.25, 30313.25, 7, 6, 7, 0
2026/6/15, 00:04:46.948, 30314.50, 30314.50, 30313.50, 30313.50, 2, 2, 1, 1
2026/6/15, 00:04:47.266, 30312.50, 30313.25, 30312.25, 30313.25, 6, 4, 4, 2
2026/6/15, 00:04:48.826, 30311.75, 30312.50, 30311.50, 30311.50, 2, 2, 2, 0
2026/6/15, 00:04:49.059, 30313.00, 30313.00, 30312.00, 30313.00, 1, 1, 1, 0
2026/6/15, 00:04:49.458, 30311.75, 30311.75, 30310.75, 30311.75, 1, 1, 0, 1
2026/6/15, 00:04:50.573, 30309.25, 30309.50, 30308.50, 30308.50, 3, 3, 3, 0
2026/6/15, 00:04:52.668, 30312.00, 30312.00, 30311.00, 30311.00, 2, 2, 1, 1
2026/6/15, 00:04:52.942, 30310.75, 30310.75, 30309.75, 30310.75, 1, 1, 1, 0
2026/6/15, 00:04:52.942, 30308.50, 30308.50, 30307.50, 30307.50, 3, 2, 3, 0
2026/6/15, 00:04:53.649, 30313.25, 30314.25, 30313.25, 30313.25, 2, 2, 1, 1
2026/6/15, 00:04:53.678, 30316.00, 30316.00, 30315.00, 30316.00, 1, 1, 0, 1
2026/6/15, 00:04:53.731, 30314.75, 30314.75, 30313.75, 30313.75, 3, 2, 3, 0
2026/6/15, 00:04:54.200, 30313.50, 30314.50, 30313.50, 30314.50, 2, 2, 2, 0
2026/6/15, 00:04:55.115, 30317.25, 30318.25, 30317.25, 30318.25, 4, 4, 0, 4
2026/6/15, 00:04:56.716, 30318.75, 30319.75, 30318.75, 30319.75, 5, 5, 0, 5
2026/6/15, 00:04:58.151, 30320.00, 30321.00, 30320.00, 30320.00, 3, 2, 0, 3
2026/6/15, 00:04:58.151, 30321.50, 30322.00, 30321.00, 30322.00, 4, 4, 0, 4
2026/6/15, 00:04:58.153, 30318.75, 30319.75, 30318.75, 30318.75, 2, 2, 0, 2
2026/6/15, 00:04:58.734, 30320.50, 30321.50, 30320.50, 30321.50, 3, 3, 0, 3
2026/6/15, 00:04:58.734, 30322.00, 30322.50, 30321.50, 30322.50, 3, 3, 2, 1
2026/6/15, 00:04:58.735, 30320.75, 30321.75, 30320.75, 30320.75, 1, 1, 1, 0
2026/6/15, 00:04:58.737, 30323.00, 30323.00, 30322.00, 30323.00, 1, 1, 1, 0
2026/6/15, 00:04:58.739, 30321.00, 30322.00, 30321.00, 30321.00, 1, 1, 1, 0
2026/6/15, 00:04:58.748, 30324.75, 30325.00, 30324.00, 30325.00, 3, 3, 0, 3
2026/6/15, 00:04:58.775, 30323.75, 30324.50, 30323.50, 30324.50, 9, 7, 8, 1
2026/6/15, 00:04:59.603, 30321.25, 30322.25, 30321.25, 30321.25, 8, 6, 3, 5
2026/6/15, 00:04:59.958, 30324.25, 30324.25, 30323.25, 30323.25, 2, 2, 1, 1
2026/6/15, 00:05:00.226, 30322.50, 30323.50, 30322.50, 30322.50, 1, 1, 1, 0
2026/6/15, 00:05:00.231, 30323.75, 30324.50, 30323.50, 30324.50, 4, 4, 0, 4
2026/6/15, 00:05:00.847, 30322.75, 30322.75, 30321.75, 30321.75, 5, 5, 2, 3
2026/6/15, 00:05:00.850, 30321.50, 30322.50, 30321.50, 30321.50, 1, 1, 1, 0
2026/6/15, 00:05:00.989, 30322.75, 30323.75, 30322.75, 30323.75, 2, 2, 0, 2
2026/6/15, 00:05:01.378, 30326.25, 30327.25, 30326.25, 30326.25, 1, 1, 0, 1
2026/6/15, 00:05:01.426, 30327.75, 30327.75, 30326.75, 30327.75, 1, 1, 0, 1
2026/6/15, 00:05:01.428, 30325.75, 30326.00, 30325.00, 30325.00, 5, 5, 5, 0
2026/6/15, 00:05:01.503, 30322.75, 30322.75, 30321.75, 30322.75, 3, 3, 1, 2
2026/6/15, 00:05:01.630, 30321.50, 30322.50, 30321.50, 30321.50, 1, 1, 1, 0
2026/6/15, 00:05:01.759, 30324.00, 30325.00, 30324.00, 30325.00, 2, 2, 0, 2
2026/6/15, 00:05:01.842, 30325.50, 30325.50, 30324.50, 30325.50, 1, 1, 0, 1
2026/6/15, 00:05:01.909, 30324.25, 30325.25, 30324.25, 30324.25, 2, 2, 2, 0
2026/6/15, 00:05:01.996, 30326.50, 30327.50, 30326.50, 30327.50, 5, 5, 0, 5
2026/6/15, 00:05:01.999, 30328.25, 30328.25, 30327.25, 30328.25, 1, 1, 0, 1
2026/6/15, 00:05:02.124, 30325.50, 30325.50, 30324.50, 30325.50, 1, 1, 1, 0
2026/6/15, 00:05:02.126, 30323.50, 30323.50, 30322.50, 30323.50, 2, 2, 1, 1
2026/6/15, 00:05:02.330, 30320.50, 30320.50, 30319.50, 30319.50, 9, 8, 3, 6
2026/6/15, 00:05:02.645, 30321.75, 30322.00, 30321.00, 30321.00, 4, 3, 1, 3
2026/6/15, 00:05:03.778, 30323.75, 30323.75, 30322.75, 30322.75, 7, 6, 5, 2
2026/6/15, 00:05:04.402, 30322.50, 30323.50, 30322.50, 30322.50, 1, 1, 1, 0
2026/6/15, 00:05:04.844, 30324.25, 30325.25, 30324.25, 30324.25, 1, 1, 0, 1
2026/6/15, 00:05:05.113, 30325.50, 30326.50, 30325.50, 30326.50, 3, 3, 3, 0
2026/6/15, 00:05:06.387, 30328.00, 30328.25, 30327.25, 30328.25, 3, 3, 0, 3
2026/6/15, 00:05:06.638, 30326.75, 30326.75, 30325.75, 30326.75, 1, 1, 1, 0
2026/6/15, 00:05:06.638, 30325.50, 30325.75, 30324.75, 30324.75, 4, 4, 4, 0
2026/6/15, 00:05:06.824, 30328.25, 30329.00, 30328.00, 30329.00, 4, 4, 0, 4
2026/6/15, 00:05:07.065, 30327.50, 30328.50, 30327.50, 30327.50, 1, 1, 1, 0
2026/6/15, 00:05:07.542, 30329.50, 30330.50, 30329.50, 30330.50, 7, 6, 0, 7
2026/6/15, 00:05:07.732, 30332.00, 30332.00, 30331.00, 30331.00, 4, 2, 1, 3
2026/6/15, 00:05:08.513, 30334.00, 30335.00, 30334.00, 30334.00, 1, 1, 0, 1
2026/6/15, 00:05:08.513, 30335.50, 30335.75, 30334.75, 30334.75, 3, 3, 0, 3
2026/6/15, 00:05:08.635, 30333.25, 30333.75, 30332.75, 30332.75, 2, 2, 2, 0
2026/6/15, 00:05:09.970, 30334.50, 30335.00, 30334.00, 30335.00, 6, 6, 4, 2
2026/6/15, 00:05:10.323, 30333.00, 30333.75, 30332.75, 30332.75, 3, 3, 3, 0
2026/6/15, 00:05:10.426, 30334.50, 30334.50, 30333.50, 30334.50, 1, 1, 0, 1
2026/6/15, 00:05:10.707, 30331.50, 30332.50, 30331.50, 30331.50, 1, 1, 1, 0
2026/6/15, 00:05:10.966, 30334.50, 30335.50, 30334.50, 30335.50, 2, 2, 1, 1
2026/6/15, 00:05:11.959, 30333.50, 30334.50, 30333.50, 30333.50, 1, 1, 1, 0
2026/6/15, 00:05:12.873, 30335.00, 30335.00, 30334.00, 30335.00, 1, 1, 1, 0
2026/6/15, 00:05:13.236, 30333.50, 30334.50, 30333.50, 30333.50, 1, 1, 1, 0
2026/6/15, 00:05:13.376, 30335.25, 30335.25, 30334.25, 30335.25, 1, 1, 0, 1
2026/6/15, 00:05:13.464, 30332.75, 30333.75, 30332.75, 30332.75, 1, 1, 1, 0
2026/6/15, 00:05:13.708, 30335.75, 30336.75, 30335.75, 30336.75, 4, 3, 0, 4
2026/6/15, 00:05:13.870, 30337.50, 30338.50, 30337.50, 30337.50, 2, 1, 0, 2
2026/6/15, 00:05:13.870, 30340.00, 30341.00, 30340.00, 30341.00, 4, 4, 0, 4
2026/6/15, 00:05:13.870, 30341.50, 30341.50, 30340.50, 30341.50, 7, 6, 2, 5
2026/6/15, 00:05:14.406, 30341.75, 30342.75, 30341.75, 30342.75, 3, 3, 0, 3
2026/6/15, 00:05:14.406, 30343.50, 30343.50, 30342.50, 30343.50, 2, 2, 0, 2
2026/6/15, 00:05:14.410, 30341.00, 30341.00, 30340.00, 30341.00, 2, 2, 0, 2
2026/6/15, 00:05:14.478, 30339.25, 30340.25, 30339.25, 30339.25, 1, 1, 1, 0
2026/6/15, 00:05:14.676, 30342.75, 30343.75, 30342.75, 30342.75, 1, 1, 0, 1
2026/6/15, 00:05:14.678, 30344.50, 30345.50, 30344.50, 30345.50, 6, 5, 0, 6
2026/6/15, 00:05:14.688, 30346.50, 30347.50, 30346.50, 30346.50, 12, 10, 2, 10
2026/6/15, 00:05:14.700, 30348.25, 30349.25, 30348.25, 30349.25, 3, 3, 0, 3
2026/6/15, 00:05:14.992, 30349.75, 30350.75, 30349.75, 30350.75, 10, 10, 0, 10
2026/6/15, 00:05:15.080, 30355.00, 30356.00, 30355.00, 30356.00, 2, 2, 0, 2
2026/6/15, 00:05:15.128, 30360.00, 30360.00, 30359.00, 30360.00, 1, 1, 0, 1
2026/6/15, 00:05:15.130, 30355.50, 30355.75, 30354.75, 30355.75, 3, 3, 1, 2
2026/6/15, 00:05:15.495, 30359.75, 30360.50, 30359.50, 30359.50, 4, 4, 3, 1
2026/6/15, 00:05:15.780, 30364.25, 30364.25, 30363.25, 30363.25, 4, 4, 3, 1
2026/6/15, 00:05:15.788, 30363.00, 30363.00, 30362.00, 30363.00, 5, 5, 5, 0
2026/6/15, 00:05:15.863, 30359.75, 30360.75, 30359.75, 30360.75, 8, 8, 4, 4
2026/6/15, 00:05:16.782, 30361.00, 30362.00, 30361.00, 30361.00, 1, 1, 1, 0
2026/6/15, 00:05:16.925, 30363.50, 30364.50, 30363.50, 30363.50, 2, 2, 0, 2
2026/6/15, 00:05:16.928, 30368.25, 30368.25, 30367.25, 30368.25, 1, 1, 0, 1
2026/6/15, 00:05:16.931, 30366.50, 30366.75, 30365.75, 30365.75, 8, 6, 7, 1
2026/6/15, 00:05:17.261, 30361.75, 30362.75, 30361.75, 30361.75, 1, 1, 1, 0
2026/6/15, 00:05:17.433, 30364.25, 30364.25, 30363.25, 30364.25, 1, 1, 1, 0
2026/6/15, 00:05:17.448, 30362.75, 30363.75, 30362.75, 30362.75, 6, 4, 0, 6
2026/6/15, 00:05:17.595, 30365.75, 30365.75, 30364.75, 30365.75, 1, 1, 0, 1
2026/6/15, 00:05:17.758, 30362.50, 30363.50, 30362.50, 30362.50, 1, 1, 1, 0
2026/6/15, 00:05:17.766, 30364.75, 30364.75, 30363.75, 30364.75, 1, 1, 0, 1
2026/6/15, 00:05:17.886, 30361.50, 30361.50, 30360.50, 30360.50, 7, 7, 7, 0
2026/6/15, 00:05:17.893, 30360.00, 30360.50, 30359.50, 30360.50, 6, 6, 1, 5
2026/6/15, 00:05:18.084, 30361.00, 30362.00, 30361.00, 30362.00, 3, 3, 0, 3
2026/6/15, 00:05:18.102, 30365.00, 30366.00, 30365.00, 30366.00, 2, 2, 2, 0
2026/6/15, 00:05:18.123, 30366.25, 30366.75, 30365.75, 30365.75, 10, 10, 7, 3
2026/6/15, 00:05:18.459, 30367.50, 30368.25, 30367.25, 30367.25, 3, 3, 1, 2
2026/6/15, 00:05:18.826, 30371.00, 30372.00, 30371.00, 30371.00, 4, 4, 0, 4
2026/6/15, 00:05:19.300, 30375.00, 30376.00, 30375.00, 30375.00, 1, 1, 0, 1
2026/6/15, 00:05:19.445, 30378.25, 30378.25, 30377.25, 30378.25, 1, 1, 0, 1
2026/6/15, 00:05:19.448, 30374.75, 30375.75, 30374.75, 30374.75, 1, 1, 1, 0
2026/6/15, 00:05:19.547, 30376.25, 30376.25, 30375.25, 30376.25, 3, 3, 0, 3
2026/6/15, 00:05:20, 30371.50, 30372.50, 30371.50, 30371.50, 1, 1, 1, 0
2026/6/15, 00:05:20.223, 30376.25, 30376.25, 30375.25, 30376.25, 2, 2, 0, 2
2026/6/15, 00:05:20.514, 30372.25, 30373.25, 30372.25, 30372.25, 1, 1, 1, 0
2026/6/15, 00:05:20.578, 30375.75, 30376.50, 30375.50, 30376.50, 2, 2, 0, 2
2026/6/15, 00:05:21.214, 30372.25, 30372.25, 30371.25, 30371.25, 2, 2, 2, 0
2026/6/15, 00:05:21.344, 30374.25, 30375.25, 30374.25, 30375.25, 3, 3, 0, 3
2026/6/15, 00:05:21.437, 30375.50, 30376.50, 30375.50, 30375.50, 3, 2, 0, 3
2026/6/15, 00:05:21.518, 30377.50, 30377.75, 30376.75, 30377.75, 6, 4, 0, 6
2026/6/15, 00:05:21.763, 30374.75, 30374.75, 30373.75, 30374.75, 2, 1, 2, 0
2026/6/15, 00:05:21.815, 30371.00, 30371.75, 30370.75, 30370.75, 2, 2, 2, 0
2026/6/15, 00:05:21.998, 30372.00, 30373.00, 30372.00, 30373.00, 2, 2, 0, 2
2026/6/15, 00:05:22.429, 30374.00, 30374.00, 30373.00, 30374.00, 2, 2, 0, 2
2026/6/15, 00:05:22.529, 30372.00, 30372.00, 30371.00, 30372.00, 1, 1, 1, 0
2026/6/15, 00:05:22.647, 30368.50, 30369.25, 30368.25, 30368.25, 8, 8, 3, 5
2026/6/15, 00:05:23.447, 30374.25, 30374.25, 30373.25, 30374.25, 1, 1, 0, 1
2026/6/15, 00:05:23.474, 30371.50, 30372.50, 30371.50, 30371.50, 1, 1, 1, 0
2026/6/15, 00:05:23.643, 30375.00, 30376.00, 30375.00, 30375.00, 2, 1, 0, 2
2026/6/15, 00:05:24.059, 30377.00, 30377.00, 30376.00, 30377.00, 2, 2, 0, 2
2026/6/15, 00:05:24.752, 30374.50, 30375.50, 30374.50, 30374.50, 1, 1, 0, 1
2026/6/15, 00:05:24.763, 30377.75, 30377.75, 30376.75, 30377.75, 1, 1, 0, 1
2026/6/15, 00:05:24.980, 30372.00, 30373.00, 30372.00, 30372.00, 1, 1, 1, 0
2026/6/15, 00:05:25.038, 30376.25, 30376.25, 30375.25, 30375.25, 2, 2, 0, 2
2026/6/15, 00:05:26.509, 30369.50, 30369.50, 30368.50, 30369.50, 1, 1, 1, 0
2026/6/15, 00:05:26.509, 30368.00, 30368.00, 30367.00, 30367.00, 5, 5, 4, 1
2026/6/15, 00:05:28.399, 30363.25, 30363.25, 30362.25, 30363.25, 1, 1, 0, 1
2026/6/15, 00:05:28.410, 30359.75, 30359.75, 30358.75, 30359.75, 6, 6, 6, 0
2026/6/15, 00:05:28.802, 30357.50, 30357.50, 30356.50, 30357.50, 1, 1, 1, 0
2026/6/15, 00:05:28.827, 30354.75, 30354.75, 30353.75, 30353.75, 2, 2, 2, 0
2026/6/15, 00:05:29.395, 30352.50, 30353.25, 30352.25, 30353.25, 2, 2, 0, 2
2026/6/15, 00:05:31.525, 30340.50, 30340.50, 30339.50, 30340.50, 1, 1, 0, 1
2026/6/15, 00:05:31.525, 30336.25, 30336.25, 30335.25, 30335.25, 8, 8, 8, 0
2026/6/15, 00:05:31.607, 30339.75, 30339.75, 30338.75, 30339.75, 1, 1, 0, 1
2026/6/15, 00:05:31.731, 30335.50, 30336.50, 30335.50, 30336.50, 2, 2, 1, 1
2026/6/15, 00:05:32.144, 30334.75, 30335.00, 30334.00, 30335.00, 2, 2, 0, 2
2026/6/15, 00:05:32.245, 30330.00, 30331.00, 30330.00, 30330.00, 1, 1, 1, 0
2026/6/15, 00:05:32.555, 30333.00, 30334.00, 30333.00, 30334.00, 4, 4, 2, 2
2026/6/15, 00:05:32.872, 30335.25, 30335.25, 30334.25, 30334.25, 4, 4, 3, 1
2026/6/15, 00:05:33.324, 30334.00, 30334.00, 30333.00, 30333.00, 6, 5, 0, 6
2026/6/15, 00:05:34.325, 30332.00, 30332.75, 30331.75, 30331.75, 3, 3, 3, 0
2026/6/15, 00:05:34.709, 30333.00, 30334.00, 30333.00, 30333.00, 2, 2, 0, 2
2026/6/15, 00:05:34.713, 30334.25, 30335.25, 30334.25, 30334.25, 5, 3, 0, 5
2026/6/15, 00:05:35.086, 30339.00, 30340.00, 30339.00, 30340.00, 6, 6, 0, 6
2026/6/15, 00:05:35.192, 30341.50, 30342.50, 30341.50, 30341.50, 1, 1, 0, 1
2026/6/15, 00:05:35.361, 30348.00, 30349.00, 30348.00, 30349.00, 2, 2, 0, 2
2026/6/15, 00:05:35.412, 30349.25, 30350.00, 30349.00, 30349.00, 2, 2, 2, 0
2026/6/15, 00:05:37.613, 30355.25, 30355.50, 30354.50, 30354.50, 6, 6, 6, 0
2026/6/15, 00:05:37.677, 30359.50, 30360.50, 30359.50, 30359.50, 1, 1, 0, 1
2026/6/15, 00:05:37.677, 30362.00, 30363.00, 30362.00, 30362.00, 1, 1, 0, 1
2026/6/15, 00:05:37.677, 30363.25, 30364.00, 30363.00, 30364.00, 2, 2, 0, 2
2026/6/15, 00:05:37.788, 30360.00, 30360.00, 30359.00, 30360.00, 3, 2, 3, 0
2026/6/15, 00:05:38.143, 30357.50, 30358.50, 30357.50, 30357.50, 1, 1, 1, 0
2026/6/15, 00:05:38.246, 30362.50, 30363.00, 30362.00, 30363.00, 2, 2, 0, 2
2026/6/15, 00:05:38.507, 30361.75, 30362.75, 30361.75, 30361.75, 2, 2, 0, 2
2026/6/15, 00:05:38.507, 30363.00, 30363.00, 30362.00, 30362.00, 7, 6, 6, 1
2026/6/15, 00:05:38.510, 30363.75, 30363.75, 30362.75, 30363.75, 3, 2, 0, 3
2026/6/15, 00:05:38.767, 30361.50, 30362.50, 30361.50, 30361.50, 1, 1, 1, 0
2026/6/15, 00:05:38.872, 30365.00, 30366.00, 30365.00, 30366.00, 2, 2, 0, 2
2026/6/15, 00:05:38.980, 30366.25, 30366.25, 30365.25, 30366.25, 1, 1, 0, 1
2026/6/15, 00:05:38.982, 30362.75, 30362.75, 30361.75, 30362.75, 5, 5, 3, 2
2026/6/15, 00:05:39.386, 30364.50, 30364.50, 30363.50, 30364.50, 1, 1, 0, 1
2026/6/15, 00:05:39.899, 30360.50, 30361.50, 30360.50, 30361.50, 4, 3, 2, 2
2026/6/15, 00:05:40.281, 30362.00, 30362.00, 30361.00, 30362.00, 2, 1, 2, 0
2026/6/15, 00:05:40.519, 30359.00, 30360.00, 30359.00, 30359.00, 1, 1, 1, 0
2026/6/15, 00:05:40.557, 30364.00, 30364.00, 30363.00, 30364.00, 2, 2, 0, 2
2026/6/15, 00:05:40.731, 30360.75, 30360.75, 30359.75, 30359.75, 17, 11, 1, 16
2026/6/15, 00:05:40.867, 30358.00, 30358.00, 30357.00, 30357.00, 2, 2, 1, 1
2026/6/15, 00:05:42.222, 30353.25, 30353.25, 30352.25, 30353.25, 2, 2, 2, 0
2026/6/15, 00:05:43.900, 30348.75, 30349.00, 30348.00, 30348.00, 2, 2, 2, 0
2026/6/15, 00:05:43.924, 30351.00, 30351.50, 30350.50, 30351.50, 2, 2, 0, 2
2026/6/15, 00:05:45.093, 30348.25, 30348.75, 30347.75, 30347.75, 6, 4, 6, 0
2026/6/15, 00:05:45.622, 30351.25, 30351.25, 30350.25, 30351.25, 3, 3, 0, 3
2026/6/15, 00:05:46.136, 30348.75, 30348.75, 30347.75, 30347.75, 4, 3, 4, 0
2026/6/15, 00:05:46.417, 30343.00, 30343.00, 30342.00, 30343.00, 1, 1, 0, 1
2026/6/15, 00:05:46.515, 30337.25, 30337.25, 30336.25, 30337.25, 1, 1, 1, 0
2026/6/15, 00:05:46.515, 30335.00, 30336.00, 30335.00, 30335.00, 3, 3, 3, 0
2026/6/15, 00:05:47.012, 30338.00, 30339.00, 30338.00, 30339.00, 4, 4, 0, 4
2026/6/15, 00:05:47.013, 30339.50, 30340.50, 30339.50, 30339.50, 1, 1, 0, 1
2026/6/15, 00:05:47.481, 30343.25, 30343.25, 30342.25, 30343.25, 1, 1, 1, 0
2026/6/15, 00:05:47.633, 30341.75, 30341.75, 30340.75, 30341.75, 1, 1, 1, 0
2026/6/15, 00:05:47.993, 30340.50, 30341.25, 30340.25, 30340.25, 2, 2, 2, 0
2026/6/15, 00:05:48.601, 30341.50, 30342.00, 30341.00, 30341.00, 2, 2, 2, 0
2026/6/15, 00:05:49.474, 30345.00, 30346.00, 30345.00, 30345.00, 2, 2, 0, 2
2026/6/15, 00:05:49.503, 30347.75, 30348.75, 30347.75, 30347.75, 2, 1, 0, 2
2026/6/15, 00:05:50.194, 30349.50, 30350.00, 30349.00, 30349.00, 3, 3, 1, 2
2026/6/15, 00:05:50.233, 30348.75, 30348.75, 30347.75, 30348.75, 1, 1, 1, 0
2026/6/15, 00:05:50.235, 30346.75, 30347.75, 30346.75, 30346.75, 1, 1, 1, 0
2026/6/15, 00:05:51.034, 30348.75, 30348.75, 30347.75, 30348.75, 1, 1, 0, 1
2026/6/15, 00:05:51.336, 30346.25, 30347.00, 30346.00, 30346.00, 2, 2, 2, 0
2026/6/15, 00:05:51.654, 30349.00, 30349.25, 30348.25, 30349.25, 3, 3, 0, 3
2026/6/15, 00:05:52.806, 30347.25, 30347.75, 30346.75, 30347.75, 6, 5, 2, 4
2026/6/15, 00:05:52.981, 30345.75, 30346.75, 30345.75, 30345.75, 2, 1, 0, 2
2026/6/15, 00:05:53.578, 30347.75, 30348.25, 30347.25, 30348.25, 4, 3, 0, 4
2026/6/15, 00:05:55.473, 30339.75, 30339.75, 30338.75, 30338.75, 6, 6, 3, 3
2026/6/15, 00:05:58.058, 30333.25, 30333.25, 30332.25, 30333.25, 2, 2, 2, 0
2026/6/15, 00:05:58.059, 30331.00, 30332.00, 30331.00, 30331.00, 1, 1, 1, 0
2026/6/15, 00:05:58.104, 30335.00, 30336.00, 30335.00, 30336.00, 4, 4, 1, 3
2026/6/15, 00:05:58.306, 30342.25, 30343.25, 30342.25, 30343.25, 3, 3, 0, 3
2026/6/15, 00:05:58.308, 30345.50, 30346.50, 30345.50, 30346.50, 3, 2, 0, 3
2026/6/15, 00:05:58.311, 30347.50, 30348.50, 30347.50, 30347.50, 1, 1, 0, 1
2026/6/15, 00:05:58.316, 30350.00, 30351.00, 30350.00, 30350.00, 3, 3, 0, 3
2026/6/15, 00:05:58.330, 30353.00, 30353.00, 30352.00, 30353.00, 1, 1, 0, 1
2026/6/15, 00:05:58.338, 30347.00, 30348.00, 30347.00, 30347.00, 2, 2, 2, 0
2026/6/15, 00:05:58.548, 30350.50, 30351.25, 30350.25, 30351.25, 2, 2, 1, 1
2026/6/15, 00:05:59.178, 30347.75, 30347.75, 30346.75, 30347.75, 1, 1, 0, 1
2026/6/15, 00:05:59.226, 30345.50, 30345.50, 30344.50, 30344.50, 4, 3, 4, 0
2026/6/15, 00:05:59.227, 30344.00, 30344.75, 30343.75, 30343.75, 4, 4, 4, 0
2026/6/15, 00:05:59.261, 30343.50, 30344.50, 30343.50, 30343.50, 1, 1, 1, 0
2026/6/15, 00:05:59.717, 30345.75, 30346.75, 30345.75, 30345.75, 3, 3, 0, 3
2026/6/15, 00:05:59.743, 30348.75, 30349.75, 30348.75, 30348.75, 3, 3, 2, 1
2026/6/15, 00:06:00.166, 30347.25, 30348.25, 30347.25, 30347.25, 1, 1, 1, 0
2026/6/15, 00:06:00.650, 30355.00, 30355.00, 30354.00, 30355.00, 1, 1, 0, 1
2026/6/15, 00:06:00.757, 30353.50, 30354.50, 30353.50, 30353.50, 1, 1, 1, 0
2026/6/15, 00:06:01.778, 30354.75, 30354.75, 30353.75, 30353.75, 2, 2, 1, 1
2026/6/15, 00:06:02.787, 30353.50, 30354.50, 30353.50, 30353.50, 1, 1, 1, 0
2026/6/15, 00:06:03.027, 30355.75, 30356.75, 30355.75, 30355.75, 4, 4, 1, 3
2026/6/15, 00:06:04.273, 30357.75, 30358.25, 30357.25, 30358.25, 3, 3, 0, 3
2026/6/15, 00:06:04.277, 30355.25, 30355.25, 30354.25, 30355.25, 1, 1, 1, 0
2026/6/15, 00:06:04.356, 30353.75, 30354.75, 30353.75, 30353.75, 2, 2, 2, 0
2026/6/15, 00:06:04.662, 30357.00, 30358.00, 30357.00, 30357.00, 5, 5, 2, 3
2026/6/15, 00:06:05.877, 30359.00, 30360.00, 30359.00, 30360.00, 7, 7, 3, 4
2026/6/15, 00:06:10.234, 30362.75, 30362.75, 30361.75, 30362.75, 1, 1, 1, 0
2026/6/15, 00:06:12.968, 30360.50, 30361.50, 30360.50, 30361.50, 2, 2, 1, 1
2026/6/15, 00:06:13.333, 30364.25, 30364.75, 30363.75, 30364.75, 3, 3, 0, 3
2026/6/15, 00:06:13.484, 30360.75, 30360.75, 30359.75, 30360.75, 2, 2, 2, 0
2026/6/15, 00:06:14.107, 30357.50, 30358.00, 30357.00, 30357.00, 5, 5, 5, 0
2026/6/15, 00:06:14.865, 30358.75, 30359.00, 30358.00, 30359.00, 2, 2, 0, 2
2026/6/15, 00:06:15.299, 30356.25, 30357.25, 30356.25, 30356.25, 1, 1, 1, 0
2026/6/15, 00:06:15.633, 30359.50, 30360.50, 30359.50, 30359.50, 1, 1, 0, 1
2026/6/15, 00:06:15.949, 30361.00, 30362.00, 30361.00, 30361.00, 2, 2, 0, 2
2026/6/15, 00:06:18.851, 30362.25, 30363.25, 30362.25, 30362.25, 1, 1, 0, 1
2026/6/15, 00:06:19.726, 30365.25, 30366.00, 30365.00, 30366.00, 2, 2, 0, 2
2026/6/15, 00:06:20.608, 30363.50, 30364.50, 30363.50, 30363.50, 2, 2, 2, 0
2026/6/15, 00:06:22.701, 30366.00, 30366.00, 30365.00, 30366.00, 1, 1, 0, 1
2026/6/15, 00:06:28.573, 30360.25, 30361.00, 30360.00, 30360.00, 2, 2, 2, 0
2026/6/15, 00:06:29.540, 30363.50, 30363.50, 30362.50, 30363.50, 2, 2, 0, 2
2026/6/15, 00:06:34.225, 30357.25, 30358.25, 30357.25, 30358.25, 3, 3, 1, 2
2026/6/15, 00:06:37.300, 30360.25, 30361.25, 30360.25, 30360.25, 6, 4, 0, 6
2026/6/15, 00:06:38.438, 30361.50, 30361.50, 30360.50, 30361.50, 1, 1, 0, 1
2026/6/15, 00:06:38.771, 30359.75, 30359.75, 30358.75, 30359.75, 2, 2, 2, 0
2026/6/15, 00:06:39.007, 30356.25, 30357.25, 30356.25, 30356.25, 5, 4, 5, 0
2026/6/15, 00:06:39.015, 30358.50, 30359.25, 30358.25, 30358.25, 2, 2, 0, 2
2026/6/15, 00:06:40.193, 30362.50, 30362.50, 30361.50, 30362.50, 1, 1, 0, 1
2026/6/15, 00:06:42.276, 30360.50, 30360.50, 30359.50, 30360.50, 1, 1, 1, 0
2026/6/15, 00:06:43.002, 30358.25, 30358.25, 30357.25, 30357.25, 5, 5, 5, 0
2026/6/15, 00:06:43.755, 30357.00, 30357.00, 30356.00, 30356.00, 14, 5, 14, 0
2026/6/15, 00:06:45.003, 30354.00, 30354.00, 30353.00, 30354.00, 1, 1, 0, 1
2026/6/15, 00:06:45.003, 30351.25, 30352.25, 30351.25, 30351.25, 1, 1, 1, 0
2026/6/15, 00:06:45.304, 30358.25, 30358.25, 30357.25, 30358.25, 1, 1, 0, 1
2026/6/15, 00:06:45.462, 30356.25, 30357.25, 30356.25, 30356.25, 2, 2, 2, 0
2026/6/15, 00:06:47.226, 30359.75, 30360.75, 30359.75, 30359.75, 2, 2, 0, 2
2026/6/15, 00:06:47.230, 30364.25, 30365.25, 30364.25, 30365.25, 3, 3, 0, 3
2026/6/15, 00:06:47.230, 30365.50, 30366.00, 30365.00, 30366.00, 5, 3, 0, 5
2026/6/15, 00:06:47.265, 30361.00, 30362.00, 30361.00, 30362.00, 2, 2, 1, 1
2026/6/15, 00:06:49.402, 30362.75, 30362.75, 30361.75, 30362.75, 1, 1, 0, 1
2026/6/15, 00:06:49.743, 30359.75, 30359.75, 30358.75, 30358.75, 3, 3, 3, 0
2026/6/15, 00:06:50.055, 30356.75, 30356.75, 30355.75, 30356.75, 1, 1, 1, 0
2026/6/15, 00:06:50.055, 30355.50, 30356.50, 30355.50, 30355.50, 1, 1, 1, 0
2026/6/15, 00:06:52.025, 30360.75, 30360.75, 30359.75, 30360.75, 1, 1, 0, 1
2026/6/15, 00:06:53.841, 30358.25, 30358.25, 30357.25, 30358.25, 4, 4, 4, 0
2026/6/15, 00:06:56.732, 30357.00, 30358.00, 30357.00, 30358.00, 5, 3, 4, 1
2026/6/15, 00:06:56.732, 30358.25, 30359.25, 30358.25, 30358.25, 5, 4, 3, 2
2026/6/15, 00:07:01.471, 30357.00, 30358.00, 30357.00, 30357.00, 1, 1, 1, 0
2026/6/15, 00:07:01.675, 30360.00, 30360.00, 30359.00, 30360.00, 1, 1, 0, 1
2026/6/15, 00:07:01.746, 30358.25, 30358.25, 30357.25, 30357.25, 3, 3, 3, 0
2026/6/15, 00:07:02.897, 30357.00, 30358.00, 30357.00, 30357.00, 1, 1, 1, 0
2026/6/15, 00:07:03.161, 30359.00, 30359.00, 30358.00, 30359.00, 1, 1, 0, 1
2026/6/15, 00:07:03.164, 30357.00, 30357.00, 30356.00, 30357.00, 11, 1, 11, 0
2026/6/15, 00:07:03.165, 30355.00, 30355.00, 30354.00, 30355.00, 1, 1, 1, 0
2026/6/15, 00:07:06.610, 30352.25, 30352.50, 30351.50, 30352.50, 2, 2, 1, 1
2026/6/15, 00:07:06.686, 30350.00, 30350.00, 30349.00, 30350.00, 3, 3, 3, 0
2026/6/15, 00:07:06.686, 30348.00, 30349.00, 30348.00, 30348.00, 3, 3, 3, 0
2026/6/15, 00:07:06.923, 30349.75, 30350.75, 30349.75, 30349.75, 8, 2, 0, 8
2026/6/15, 00:07:07.814, 30354.50, 30354.50, 30353.50, 30354.50, 1, 1, 1, 0
2026/6/15, 00:07:08.357, 30353.00, 30354.00, 30353.00, 30353.00, 1, 1, 1, 0
2026/6/15, 00:07:11.586, 30356.25, 30357.25, 30356.25, 30356.25, 1, 1, 0, 1
2026/6/15, 00:07:11.586, 30359.50, 30360.50, 30359.50, 30360.50, 15, 10, 0, 15
2026/6/15, 00:07:13.477, 30362.00, 30362.00, 30361.00, 30361.00, 3, 3, 3, 0
2026/6/15, 00:07:14.264, 30360.75, 30360.75, 30359.75, 30359.75, 9, 8, 6, 3
2026/6/15, 00:07:15.841, 30357.75, 30357.75, 30356.75, 30356.75, 4, 4, 4, 0
2026/6/15, 00:07:15.950, 30356.50, 30356.50, 30355.50, 30355.50, 3, 3, 3, 0
2026/6/15, 00:07:16.527, 30354.75, 30355.50, 30354.50, 30355.50, 5, 5, 4, 1
2026/6/15, 00:07:18.337, 30355.75, 30356.25, 30355.25, 30355.25, 5, 5, 1, 4
2026/6/15, 00:07:23.031, 30355.00, 30355.00, 30354.00, 30355.00, 2, 2, 2, 0
2026/6/15, 00:07:24.296, 30353.75, 30354.00, 30353.00, 30353.00, 4, 4, 4, 0
2026/6/15, 00:07:24.296, 30354.75, 30354.75, 30353.75, 30354.75, 2, 2, 0, 2
2026/6/15, 00:07:24.917, 30353.00, 30353.00, 30352.00, 30353.00, 1, 1, 0, 1
2026/6/15, 00:07:25.175, 30350.25, 30351.00, 30350.00, 30350.00, 2, 2, 2, 0
2026/6/15, 00:07:25.781, 30353.00, 30353.00, 30352.00, 30353.00, 1, 1, 0, 1
2026/6/15, 00:07:25.868, 30350.25, 30350.25, 30349.25, 30350.25, 10, 8, 10, 0
2026/6/15, 00:07:27.794, 30348.50, 30348.50, 30347.50, 30348.50, 1, 1, 0, 1
2026/6/15, 00:07:27.794, 30345.25, 30345.75, 30344.75, 30345.75, 5, 5, 3, 2
2026/6/15, 00:07:30.621, 30346.00, 30346.00, 30345.00, 30346.00, 1, 1, 0, 1
2026/6/15, 00:07:30.727, 30344.75, 30345.25, 30344.25, 30345.25, 2, 2, 1, 1
2026/6/15, 00:07:32.088, 30343.50, 30343.75, 30342.75, 30342.75, 4, 4, 4, 0
2026/6/15, 00:07:32.928, 30344.25, 30344.25, 30343.25, 30344.25, 1, 1, 0, 1
2026/6/15, 00:07:35.295, 30341.50, 30342.00, 30341.00, 30342.00, 2, 2, 0, 2
2026/6/15, 00:07:35.295, 30338.25, 30338.25, 30337.25, 30338.25, 2, 2, 2, 0
2026/6/15, 00:07:36.606, 30336.75, 30336.75, 30335.75, 30335.75, 5, 5, 5, 0
2026/6/15, 00:07:36.606, 30335.50, 30336.50, 30335.50, 30335.50, 1, 1, 1, 0
2026/6/15, 00:07:37.195, 30338.75, 30339.50, 30338.50, 30339.50, 6, 6, 0, 6
2026/6/15, 00:07:37.251, 30335.75, 30336.75, 30335.75, 30335.75, 1, 1, 1, 0
2026/6/15, 00:07:37.295, 30338.50, 30338.50, 30337.50, 30338.50, 1, 1, 0, 1
2026/6/15, 00:07:37.316, 30335.50, 30336.00, 30335.00, 30335.00, 5, 4, 5, 0
2026/6/15, 00:07:37.345, 30338.50, 30339.50, 30338.50, 30338.50, 1, 1, 0, 1
2026/6/15, 00:07:38.931, 30339.75, 30340.75, 30339.75, 30339.75, 2, 2, 0, 2
2026/6/15, 00:07:39.211, 30341.50, 30341.50, 30340.50, 30341.50, 3, 3, 0, 3
2026/6/15, 00:07:39.331, 30339.25, 30340.25, 30339.25, 30339.25, 1, 1, 1, 0
2026/6/15, 00:07:39.365, 30342.00, 30343.00, 30342.00, 30342.00, 4, 4, 0, 4
2026/6/15, 00:07:40.084, 30348.00, 30348.50, 30347.50, 30348.50, 4, 4, 0, 4
2026/6/15, 00:07:40.992, 30346.75, 30346.75, 30345.75, 30345.75, 9, 8, 3, 6
2026/6/15, 00:07:42.100, 30341.25, 30342.25, 30341.25, 30341.25, 1, 1, 0, 1
2026/6/15, 00:07:42.473, 30344.75, 30345.50, 30344.50, 30345.50, 6, 6, 0, 6
2026/6/15, 00:07:44.936, 30344.00, 30345.00, 30344.00, 30344.00, 1, 1, 1, 0
2026/6/15, 00:07:45.069, 30345.50, 30346.25, 30345.25, 30346.25, 5, 4, 0, 5
2026/6/15, 00:07:47.194, 30344.75, 30344.75, 30343.75, 30344.75, 9, 9, 8, 1
2026/6/15, 00:07:53.353, 30339.75, 30339.75, 30338.75, 30339.75, 2, 2, 1, 1
2026/6/15, 00:07:59.792, 30337.75, 30337.75, 30336.75, 30337.75, 2, 2, 2, 0
2026/6/15, 00:08:03.588, 30335.25, 30335.25, 30334.25, 30334.25, 5, 4, 5, 0
2026/6/15, 00:08:04.980, 30333.00, 30334.00, 30333.00, 30333.00, 1, 1, 1, 0
2026/6/15, 00:08:04.981, 30336.00, 30336.00, 30335.00, 30336.00, 1, 1, 0, 1
2026/6/15, 00:08:05.029, 30332.00, 30333.00, 30332.00, 30332.00, 1, 1, 1, 0
2026/6/15, 00:08:06.071, 30333.50, 30334.50, 30333.50, 30334.50, 6, 6, 0, 6
2026/6/15, 00:08:06.071, 30334.75, 30335.75, 30334.75, 30334.75, 12, 8, 6, 6
2026/6/15, 00:08:06.072, 30336.50, 30336.50, 30335.50, 30335.50, 3, 3, 0, 3
2026/6/15, 00:08:06.125, 30335.25, 30335.75, 30334.75, 30335.75, 5, 5, 5, 0
2026/6/15, 00:08:09.601, 30333.50, 30334.50, 30333.50, 30333.50, 1, 1, 1, 0
2026/6/15, 00:08:10.008, 30336.25, 30337.00, 30336.00, 30337.00, 2, 2, 0, 2
2026/6/15, 00:08:10.719, 30331.00, 30332.00, 30331.00, 30331.00, 2, 2, 2, 0
2026/6/15, 00:08:13.280, 30334.50, 30334.50, 30333.50, 30334.50, 1, 1, 0, 1
2026/6/15, 00:08:13.369, 30333.25, 30334.25, 30333.25, 30333.25, 3, 3, 1, 2
2026/6/15, 00:08:14.282, 30338.50, 30339.50, 30338.50, 30339.50, 6, 6, 0, 6
2026/6/15, 00:08:14.787, 30339.75, 30339.75, 30338.75, 30339.75, 10, 6, 0, 10
2026/6/15, 00:08:15.420, 30338.25, 30339.25, 30338.25, 30339.25, 2, 2, 1, 1
2026/6/15, 00:08:20.930, 30336.25, 30336.25, 30335.25, 30335.25, 2, 2, 2, 0
2026/6/15, 00:08:22.736, 30332.75, 30333.75, 30332.75, 30332.75, 1, 1, 1, 0
2026/6/15, 00:08:23.237, 30336.00, 30336.00, 30335.00, 30335.00, 2, 2, 0, 2
2026/6/15, 00:08:24.218, 30332.00, 30333.00, 30332.00, 30333.00, 3, 3, 2, 1
2026/6/15, 00:08:25.738, 30331.00, 30332.00, 30331.00, 30331.00, 1, 1, 1, 0
2026/6/15, 00:08:26.914, 30334.75, 30335.75, 30334.75, 30334.75, 1, 1, 0, 1
2026/6/15, 00:08:27.848, 30336.00, 30337.00, 30336.00, 30337.00, 7, 7, 0, 7
2026/6/15, 00:08:27.848, 30337.25, 30338.00, 30337.00, 30338.00, 5, 5, 0, 5
2026/6/15, 00:08:27.849, 30335.25, 30335.25, 30334.25, 30335.25, 1, 1, 0, 1
2026/6/15, 00:08:28.150, 30333.75, 30334.25, 30333.25, 30334.25, 11, 11, 4, 7
2026/6/15, 00:08:30.136, 30334.75, 30335.75, 30334.75, 30334.75, 1, 1, 0, 1
2026/6/15, 00:08:31.027, 30337.25, 30337.25, 30336.25, 30337.25, 1, 1, 1, 0
2026/6/15, 00:08:34.456, 30334.75, 30335.75, 30334.75, 30334.75, 1, 1, 1, 0
2026/6/15, 00:08:35.079, 30337.75, 30337.75, 30336.75, 30337.75, 1, 1, 0, 1
2026/6/15, 00:08:35.606, 30336.00, 30336.00, 30335.00, 30336.00, 1, 1, 1, 0
2026/6/15, 00:08:35.745, 30334.25, 30334.25, 30333.25, 30333.25, 8, 8, 8, 0
2026/6/15, 00:08:35.745, 30333.00, 30333.00, 30332.00, 30333.00, 4, 4, 4, 0
2026/6/15, 00:08:35.745, 30331.75, 30331.75, 30330.75, 30331.75, 3, 3, 3, 0
2026/6/15, 00:08:35.745, 30329.75, 30329.75, 30328.75, 30328.75, 10, 10, 10, 0
2026/6/15, 00:08:35.745, 30328.50, 30329.50, 30328.50, 30328.50, 2, 2, 2, 0
2026/6/15, 00:08:35.747, 30334.50, 30335.00, 30334.00, 30334.00, 3, 3, 2, 1
2026/6/15, 00:08:35.958, 30339.00, 30340.00, 30339.00, 30339.00, 1, 1, 0, 1
2026/6/15, 00:08:37.351, 30341.00, 30342.00, 30341.00, 30341.00, 1, 1, 0, 1
2026/6/15, 00:08:37.438, 30342.25, 30342.25, 30341.25, 30342.25, 2, 1, 0, 2
2026/6/15, 00:08:38.370, 30340.50, 30341.25, 30340.25, 30340.25, 4, 4, 4, 0
2026/6/15, 00:08:38.422, 30342.25, 30343.25, 30342.25, 30342.25, 1, 1, 0, 1
2026/6/15, 00:08:39.159, 30347.25, 30348.25, 30347.25, 30347.25, 1, 1, 0, 1
2026/6/15, 00:08:40.057, 30349.00, 30350.00, 30349.00, 30350.00, 4, 4, 0, 4
2026/6/15, 00:08:40.065, 30352.50, 30353.50, 30352.50, 30353.50, 10, 10, 0, 10
2026/6/15, 00:08:40.065, 30353.75, 30354.75, 30353.75, 30353.75, 1, 1, 0, 1
2026/6/15, 00:08:40.065, 30357.00, 30358.00, 30357.00, 30357.00, 2, 2, 0, 2
2026/6/15, 00:08:40.065, 30359.00, 30359.00, 30358.00, 30359.00, 1, 1, 0, 1
2026/6/15, 00:08:40.108, 30353.75, 30353.75, 30352.75, 30353.75, 1, 1, 0, 1
2026/6/15, 00:08:40.556, 30351.00, 30351.00, 30350.00, 30351.00, 2, 2, 2, 0
2026/6/15, 00:08:40.828, 30349.50, 30350.25, 30349.25, 30349.25, 4, 4, 4, 0
2026/6/15, 00:08:42.926, 30355.50, 30355.50, 30354.50, 30355.50, 1, 1, 0, 1
2026/6/15, 00:08:43.582, 30353.00, 30354.00, 30353.00, 30353.00, 2, 2, 2, 0
2026/6/15, 00:08:45.580, 30357.00, 30357.00, 30356.00, 30357.00, 1, 1, 0, 1
2026/6/15, 00:08:45.592, 30355.50, 30356.50, 30355.50, 30356.50, 2, 2, 1, 1
2026/6/15, 00:08:46.858, 30359.25, 30359.25, 30358.25, 30359.25, 1, 1, 0, 1
2026/6/15, 00:08:47.084, 30356.75, 30357.75, 30356.75, 30356.75, 1, 1, 1, 0
2026/6/15, 00:08:47.293, 30360.00, 30360.00, 30359.00, 30360.00, 3, 3, 0, 3
2026/6/15, 00:08:49.788, 30357.50, 30358.50, 30357.50, 30357.50, 1, 1, 1, 0
2026/6/15, 00:08:50.446, 30359.75, 30359.75, 30358.75, 30358.75, 3, 3, 0, 3
2026/6/15, 00:08:52.138, 30355.00, 30356.00, 30355.00, 30355.00, 2, 2, 2, 0
2026/6/15, 00:08:52.246, 30357.00, 30358.00, 30357.00, 30358.00, 4, 4, 0, 4
2026/6/15, 00:08:52.246, 30358.25, 30359.25, 30358.25, 30359.25, 2, 2, 0, 2
2026/6/15, 00:08:52.246, 30359.50, 30359.75, 30358.75, 30359.75, 6, 6, 4, 2
2026/6/15, 00:08:53.406, 30356.25, 30357.25, 30356.25, 30356.25, 1, 1, 0, 1
2026/6/15, 00:08:53.609, 30359.50, 30359.50, 30358.50, 30359.50, 3, 3, 2, 1
2026/6/15, 00:08:56.211, 30358.25, 30358.75, 30357.75, 30358.75, 5, 5, 5, 0
2026/6/15, 00:09:01.412, 30360.25, 30360.25, 30359.25, 30360.25, 1, 1, 0, 1
2026/6/15, 00:09:02.375, 30358.25, 30358.50, 30357.50, 30357.50, 5, 5, 5, 0
2026/6/15, 00:09:08.309, 30362.25, 30363.25, 30362.25, 30363.25, 3, 3, 1, 2
2026/6/15, 00:09:08.904, 30365.50, 30366.25, 30365.25, 30366.25, 4, 4, 0, 4
2026/6/15, 00:09:08.911, 30366.50, 30367.00, 30366.00, 30366.00, 3, 3, 0, 3
2026/6/15, 00:09:12.450, 30365.50, 30365.75, 30364.75, 30364.75, 2, 2, 0, 2
2026/6/15, 00:09:14.585, 30367.50, 30368.50, 30367.50, 30367.50, 1, 1, 0, 1
2026/6/15, 00:09:15.224, 30369.75, 30370.00, 30369.00, 30369.00, 5, 5, 1, 4
2026/6/15, 00:09:18.606, 30366.25, 30366.50, 30365.50, 30365.50, 6, 6, 6, 0
2026/6/15, 00:09:22.384, 30365.25, 30366.00, 30365.00, 30365.00, 3, 3, 3, 0
2026/6/15, 00:09:25.282, 30367.75, 30367.75, 30366.75, 30367.75, 1, 1, 0, 1
2026/6/15, 00:09:25.460, 30366.25, 30367.25, 30366.25, 30366.25, 1, 1, 0, 1
2026/6/15, 00:09:27.570, 30367.50, 30368.50, 30367.50, 30367.50, 1, 1, 0, 1
2026/6/15, 00:09:27.588, 30369.50, 30370.50, 30369.50, 30370.50, 2, 2, 0, 2
2026/6/15, 00:09:29.909, 30371.00, 30371.00, 30370.00, 30371.00, 1, 1, 0, 1
2026/6/15, 00:09:30.348, 30369.25, 30370.25, 30369.25, 30370.25, 2, 2, 1, 1
2026/6/15, 00:09:31.497, 30368.75, 30369.75, 30368.75, 30368.75, 1, 1, 1, 0
2026/6/15, 00:09:33.649, 30371.25, 30372.25, 30371.25, 30372.25, 5, 5, 0, 5
2026/6/15, 00:09:35.040, 30374.25, 30375.25, 30374.25, 30375.25, 2, 2, 0, 2
2026/6/15, 00:09:35.596, 30376.25, 30376.50, 30375.50, 30376.50, 2, 2, 0, 2
2026/6/15, 00:09:35.654, 30373.25, 30373.25, 30372.25, 30372.25, 8, 8, 8, 0
2026/6/15, 00:09:35.654, 30372.00, 30372.50, 30371.50, 30372.50, 14, 14, 7, 7
2026/6/15, 00:09:36.107, 30372.75, 30373.75, 30372.75, 30373.75, 3, 3, 0, 3
2026/6/15, 00:09:37.143, 30374.00, 30375.00, 30374.00, 30374.00, 1, 1, 0, 1
2026/6/15, 00:09:37.997, 30376.75, 30376.75, 30375.75, 30376.75, 3, 3, 0, 3
2026/6/15, 00:09:39.481, 30374.25, 30375.25, 30374.25, 30374.25, 1, 1, 1, 0
2026/6/15, 00:09:40.287, 30377.00, 30378.00, 30377.00, 30378.00, 4, 3, 0, 4
2026/6/15, 00:09:41.066, 30378.50, 30378.50, 30377.50, 30378.50, 1, 1, 0, 1
2026/6/15, 00:09:41.287, 30376.75, 30377.75, 30376.75, 30376.75, 2, 2, 2, 0
2026/6/15, 00:09:42.518, 30380.00, 30381.00, 30380.00, 30380.00, 2, 2, 0, 2
2026/6/15, 00:09:42.819, 30384.75, 30384.75, 30383.75, 30384.75, 1, 1, 0, 1
2026/6/15, 00:09:42.824, 30380.25, 30381.25, 30380.25, 30380.25, 2, 1, 2, 0
2026/6/15, 00:09:42.845, 30383.75, 30383.75, 30382.75, 30383.75, 1, 1, 0, 1
2026/6/15, 00:09:43.658, 30381.75, 30382.00, 30381.00, 30382.00, 3, 3, 2, 1
2026/6/15, 00:09:44.264, 30380.00, 30380.25, 30379.25, 30380.25, 3, 3, 2, 1
2026/6/15, 00:09:44.788, 30377.25, 30377.25, 30376.25, 30376.25, 4, 4, 4, 0
2026/6/15, 00:09:45.032, 30377.75, 30378.75, 30377.75, 30377.75, 3, 3, 1, 2
2026/6/15, 00:09:45.352, 30379.50, 30380.50, 30379.50, 30380.50, 2, 2, 1, 1
2026/6/15, 00:09:45.824, 30381.00, 30381.00, 30380.00, 30381.00, 1, 1, 0, 1
2026/6/15, 00:09:47.922, 30375.50, 30375.50, 30374.50, 30375.50, 1, 1, 1, 0
2026/6/15, 00:09:47.958, 30374.00, 30374.00, 30373.00, 30374.00, 1, 1, 1, 0
2026/6/15, 00:09:47.958, 30372.25, 30373.25, 30372.25, 30372.25, 2, 2, 2, 0
2026/6/15, 00:09:48.645, 30373.50, 30374.50, 30373.50, 30373.50, 7, 7, 4, 3
2026/6/15, 00:09:50.230, 30376.00, 30376.50, 30375.50, 30376.50, 2, 2, 0, 2
2026/6/15, 00:09:51.287, 30373.50, 30374.50, 30373.50, 30373.50, 1, 1, 1, 0
2026/6/15, 00:09:51.356, 30376.00, 30376.00, 30375.00, 30376.00, 1, 1, 0, 1
2026/6/15, 00:09:53.070, 30373.25, 30374.25, 30373.25, 30373.25, 1, 1, 1, 0
2026/6/15, 00:09:53.966, 30374.50, 30374.50, 30373.50, 30374.50, 1, 1, 0, 1
2026/6/15, 00:09:56.042, 30372.00, 30372.00, 30371.00, 30372.00, 1, 1, 1, 0
2026/6/15, 00:09:57.983, 30370.00, 30370.50, 30369.50, 30370.50, 3, 3, 3, 0
2026/6/15, 00:10:00.994, 30368.75, 30368.75, 30367.75, 30367.75, 4, 4, 4, 0
2026/6/15, 00:10:00.994, 30367.50, 30368.50, 30367.50, 30367.50, 1, 1, 1, 0
2026/6/15, 00:10:01.313, 30371.00, 30371.00, 30370.00, 30371.00, 1, 1, 0, 1
2026/6/15, 00:10:02.617, 30369.75, 30370.75, 30369.75, 30369.75, 1, 1, 1, 0
2026/6/15, 00:10:02.740, 30371.25, 30372.25, 30371.25, 30371.25, 1, 1, 0, 1
2026/6/15, 00:10:02.748, 30372.50, 30372.75, 30371.75, 30372.75, 3, 3, 0, 3
2026/6/15, 00:10:06.713, 30369.75, 30370.75, 30369.75, 30369.75, 2, 1, 0, 2
2026/6/15, 00:10:10.062, 30372.25, 30372.25, 30371.25, 30372.25, 2, 2, 2, 0
2026/6/15, 00:10:10.423, 30369.50, 30370.50, 30369.50, 30369.50, 1, 1, 1, 0
2026/6/15, 00:10:10.831, 30371.75, 30371.75, 30370.75, 30371.75, 1, 1, 0, 1
2026/6/15, 00:10:11.581, 30369.75, 30369.75, 30368.75, 30369.75, 1, 1, 1, 0
2026/6/15, 00:10:13.418, 30366.25, 30366.25, 30365.25, 30365.25, 7, 4, 7, 0
2026/6/15, 00:10:13.607, 30364.25, 30365.25, 30364.25, 30364.25, 1, 1, 1, 0
2026/6/15, 00:10:13.608, 30365.75, 30366.75, 30365.75, 30366.75, 2, 2, 1, 1
2026/6/15, 00:10:14.939, 30368.75, 30369.75, 30368.75, 30368.75, 2, 2, 0, 2
2026/6/15, 00:10:15.375, 30370.75, 30371.75, 30370.75, 30370.75, 2, 2, 0, 2
2026/6/15, 00:10:16.700, 30375.25, 30375.25, 30374.25, 30374.25, 2, 2, 1, 1
2026/6/15, 00:10:17.548, 30374.00, 30375.00, 30374.00, 30375.00, 2, 2, 2, 0
2026/6/15, 00:10:20.807, 30373.50, 30374.50, 30373.50, 30373.50, 1, 1, 1, 0
2026/6/15, 00:10:22.554, 30375.50, 30376.00, 30375.00, 30375.00, 2, 2, 1, 1
2026/6/15, 00:10:24.139, 30377.50, 30377.75, 30376.75, 30377.75, 2, 2, 0, 2
2026/6/15, 00:10:24.941, 30375.25, 30375.25, 30374.25, 30375.25, 1, 1, 1, 0
2026/6/15, 00:10:24.946, 30373.25, 30374.25, 30373.25, 30373.25, 2, 2, 1, 1
2026/6/15, 00:10:25.513, 30377.50, 30377.50, 30376.50, 30377.50, 1, 1, 0, 1
2026/6/15, 00:10:28.076, 30372.00, 30372.00, 30371.00, 30372.00, 1, 1, 1, 0
2026/6/15, 00:10:29.363, 30368.50, 30368.50, 30367.50, 30368.50, 1, 1, 1, 0
2026/6/15, 00:10:29.557, 30366.75, 30367.50, 30366.50, 30366.50, 17, 6, 17, 0
2026/6/15, 00:10:29.661, 30368.75, 30368.75, 30367.75, 30368.75, 1, 1, 0, 1
2026/6/15, 00:10:30.815, 30366.50, 30367.50, 30366.50, 30367.50, 2, 2, 1, 1
2026/6/15, 00:10:30.919, 30367.75, 30367.75, 30366.75, 30367.75, 2, 1, 2, 0
2026/6/15, 00:10:32.194, 30365.75, 30366.75, 30365.75, 30365.75, 1, 1, 1, 0
2026/6/15, 00:10:33.201, 30368.50, 30369.50, 30368.50, 30369.50, 3, 3, 0, 3
2026/6/15, 00:10:37.020, 30372.00, 30373.00, 30372.00, 30372.00, 2, 2, 0, 2
2026/6/15, 00:10:38.264, 30373.25, 30373.25, 30372.25, 30373.25, 1, 1, 0, 1
2026/6/15, 00:10:39.130, 30369.00, 30370.00, 30369.00, 30369.00, 1, 1, 1, 0
2026/6/15, 00:10:40.472, 30371.00, 30372.00, 30371.00, 30372.00, 5, 5, 0, 5
2026/6/15, 00:10:40.479, 30372.25, 30372.25, 30371.25, 30372.25, 1, 1, 0, 1
2026/6/15, 00:10:41.129, 30371.00, 30371.75, 30370.75, 30370.75, 2, 2, 2, 0
2026/6/15, 00:10:41.456, 30374.00, 30374.00, 30373.00, 30374.00, 1, 1, 0, 1
2026/6/15, 00:10:41.860, 30371.25, 30372.25, 30371.25, 30371.25, 1, 1, 1, 0
2026/6/15, 00:10:41.973, 30373.25, 30373.25, 30372.25, 30373.25, 2, 2, 0, 2
2026/6/15, 00:10:41.975, 30371.50, 30372.50, 30371.50, 30371.50, 1, 1, 0, 1
2026/6/15, 00:10:43.293, 30373.25, 30374.25, 30373.25, 30373.25, 1, 1, 0, 1
2026/6/15, 00:10:47.954, 30374.50, 30374.50, 30373.50, 30373.50, 7, 3, 6, 1
2026/6/15, 00:10:48.514, 30373.25, 30374.25, 30373.25, 30374.25, 2, 2, 0, 2
2026/6/15, 00:10:48.659, 30375.25, 30375.25, 30374.25, 30375.25, 1, 1, 0, 1
2026/6/15, 00:10:48.719, 30374.00, 30375.00, 30374.00, 30374.00, 1, 1, 0, 1
2026/6/15, 00:10:49.855, 30376.50, 30376.50, 30375.50, 30376.50, 1, 1, 0, 1
2026/6/15, 00:10:53.510, 30375.00, 30375.00, 30374.00, 30375.00, 20, 6, 20, 0
2026/6/15, 00:10:54.031, 30372.25, 30373.25, 30372.25, 30372.25, 4, 4, 0, 4
2026/6/15, 00:10:54.334, 30378.25, 30378.25, 30377.25, 30378.25, 1, 1, 0, 1
2026/6/15, 00:10:54.473, 30376.75, 30377.00, 30376.00, 30377.00, 2, 2, 2, 0
2026/6/15, 00:10:56.909, 30375.50, 30375.50, 30374.50, 30375.50, 4, 3, 1, 3
2026/6/15, 00:10:58.939, 30372.50, 30373.50, 30372.50, 30372.50, 1, 1, 0, 1
2026/6/15, 00:10:59.448, 30374.25, 30375.25, 30374.25, 30375.25, 4, 3, 2, 2
2026/6/15, 00:11:04.371, 30375.75, 30376.75, 30375.75, 30375.75, 1, 1, 0, 1
2026/6/15, 00:11:05.422, 30378.50, 30379.50, 30378.50, 30379.50, 4, 4, 0, 4
2026/6/15, 00:11:12.530, 30379.75, 30379.75, 30378.75, 30379.75, 2, 2, 0, 2
2026/6/15, 00:11:16.081, 30377.25, 30378.25, 30377.25, 30377.25, 1, 1, 1, 0
2026/6/15, 00:11:18.701, 30380.50, 30381.50, 30380.50, 30380.50, 6, 6, 0, 6
2026/6/15, 00:11:18.713, 30379.50, 30380.50, 30379.50, 30380.50, 2, 2, 1, 1
2026/6/15, 00:11:25.178, 30381.50, 30381.50, 30380.50, 30381.50, 1, 1, 0, 1
2026/6/15, 00:11:26.988, 30378.50, 30378.50, 30377.50, 30377.50, 13, 10, 13, 0
2026/6/15, 00:11:28.771, 30377.00, 30377.00, 30376.00, 30377.00, 1, 1, 1, 0
2026/6/15, 00:11:29.464, 30375.75, 30375.75, 30374.75, 30375.75, 1, 1, 1, 0
2026/6/15, 00:11:29.464, 30374.50, 30374.50, 30373.50, 30373.50, 7, 7, 7, 0
2026/6/15, 00:11:30.310, 30372.25, 30373.00, 30372.00, 30372.00, 3, 3, 3, 0
2026/6/15, 00:11:38.248, 30375.00, 30376.00, 30375.00, 30375.00, 1, 1, 0, 1
2026/6/15, 00:11:38.250, 30376.25, 30376.75, 30375.75, 30376.75, 4, 3, 0, 4
2026/6/15, 00:11:41.755, 30373.50, 30373.50, 30372.50, 30372.50, 5, 5, 5, 0
2026/6/15, 00:11:41.756, 30372.25, 30372.25, 30371.25, 30371.25, 16, 7, 16, 0
2026/6/15, 00:11:41.772, 30370.00, 30371.00, 30370.00, 30371.00, 3, 3, 1, 2
2026/6/15, 00:11:42.058, 30371.75, 30372.75, 30371.75, 30371.75, 1, 1, 0, 1
2026/6/15, 00:11:42.810, 30373.25, 30373.25, 30372.25, 30373.25, 2, 2, 0, 2
2026/6/15, 00:11:43.124, 30371.75, 30372.00, 30371.00, 30371.00, 3, 2, 1, 2
2026/6/15, 00:11:52.014, 30372.50, 30373.50, 30372.50, 30372.50, 6, 6, 3, 3
2026/6/15, 00:12:03.888, 30370.25, 30371.25, 30370.25, 30371.25, 3, 3, 2, 1
2026/6/15, 00:12:12.874, 30373.25, 30373.25, 30372.25, 30373.25, 1, 1, 0, 1
2026/6/15, 00:12:13.020, 30372.00, 30372.50, 30371.50, 30371.50, 3, 3, 3, 0
2026/6/15, 00:12:13.745, 30373.75, 30374.00, 30373.00, 30374.00, 2, 2, 0, 2
2026/6/15, 00:12:13.963, 30372.50, 30372.50, 30371.50, 30371.50, 11, 5, 1, 10
2026/6/15, 00:12:14.598, 30371.25, 30371.25, 30370.25, 30370.25, 4, 4, 4, 0
2026/6/15, 00:12:16.895, 30370.00, 30370.00, 30369.00, 30370.00, 2, 2, 2, 0
2026/6/15, 00:12:16.897, 30368.25, 30368.75, 30367.75, 30368.75, 4, 4, 4, 0
2026/6/15, 00:12:19.216, 30369.75, 30369.75, 30368.75, 30369.75, 1, 1, 1, 0
2026/6/15, 00:12:19.903, 30368.50, 30368.50, 30367.50, 30368.50, 1, 1, 1, 0
2026/6/15, 00:12:19.925, 30366.50, 30367.00, 30366.00, 30366.00, 3, 3, 3, 0
2026/6/15, 00:12:19.925, 30368.50, 30369.50, 30368.50, 30368.50, 2, 2, 0, 2
2026/6/15, 00:12:20.007, 30370.00, 30370.75, 30369.75, 30369.75, 2, 2, 2, 0
2026/6/15, 00:12:20.428, 30371.25, 30372.25, 30371.25, 30372.25, 6, 6, 5, 1
2026/6/15, 00:12:22.633, 30373.50, 30373.50, 30372.50, 30373.50, 8, 5, 4, 4
2026/6/15, 00:12:28.219, 30370.75, 30371.25, 30370.25, 30370.25, 5, 5, 5, 0
2026/6/15, 00:12:33.920, 30373.25, 30373.25, 30372.25, 30373.25, 1, 1, 0, 1
2026/6/15, 00:12:34.505, 30370.75, 30370.75, 30369.75, 30369.75, 6, 6, 6, 0
2026/6/15, 00:12:34.505, 30369.50, 30369.75, 30368.75, 30368.75, 7, 7, 7, 0
2026/6/15, 00:12:38.126, 30368.50, 30368.50, 30367.50, 30368.50, 7, 7, 7, 0
2026/6/15, 00:12:43.067, 30370.00, 30370.25, 30369.25, 30370.25, 4, 4, 1, 3
2026/6/15, 00:12:52.539, 30369.00, 30370.00, 30369.00, 30369.00, 1, 1, 0, 1
2026/6/15, 00:12:54.089, 30370.75, 30370.75, 30369.75, 30370.75, 1, 1, 0, 1
2026/6/15, 00:12:58.301, 30368.50, 30369.50, 30368.50, 30368.50, 4, 3, 4, 0
2026/6/15, 00:12:58.623, 30370.00, 30370.75, 30369.75, 30369.75, 6, 4, 0, 6
2026/6/15, 00:13:00.040, 30367.50, 30368.50, 30367.50, 30368.50, 5, 4, 4, 1
2026/6/15, 00:13:04.774, 30369.25, 30369.75, 30368.75, 30368.75, 6, 4, 1, 5
2026/6/15, 00:13:05.064, 30370.50, 30370.50, 30369.50, 30370.50, 1, 1, 0, 1
2026/6/15, 00:13:06.202, 30367.75, 30368.75, 30367.75, 30368.75, 3, 3, 2, 1
2026/6/15, 00:13:16.734, 30367.00, 30367.00, 30366.00, 30367.00, 1, 1, 1, 0
2026/6/15, 00:13:16.734, 30365.75, 30365.75, 30364.75, 30364.75, 8, 7, 8, 0
2026/6/15, 00:13:16.736, 30364.00, 30364.25, 30363.25, 30363.25, 8, 5, 8, 0
2026/6/15, 00:13:16.739, 30365.00, 30365.00, 30364.00, 30365.00, 1, 1, 1, 0
2026/6/15, 00:13:16.740, 30363.25, 30363.50, 30362.50, 30363.50, 17, 14, 17, 0
2026/6/15, 00:13:16.759, 30361.25, 30361.75, 30360.75, 30361.75, 3, 3, 2, 1
2026/6/15, 00:13:16.777, 30362.00, 30362.00, 30361.00, 30362.00, 1, 1, 0, 1
2026/6/15, 00:13:17.636, 30360.00, 30360.00, 30359.00, 30359.00, 3, 3, 3, 0
2026/6/15, 00:13:18.119, 30358.50, 30359.00, 30358.00, 30358.00, 23, 14, 18, 5
2026/6/15, 00:13:18.125, 30357.75, 30357.75, 30356.75, 30357.75, 3, 2, 3, 0
2026/6/15, 00:13:18.131, 30355.25, 30355.25, 30354.25, 30355.25, 1, 1, 1, 0
2026/6/15, 00:13:18.131, 30354.00, 30354.00, 30353.00, 30353.00, 2, 2, 2, 0
2026/6/15, 00:13:18.725, 30351.75, 30351.75, 30350.75, 30350.75, 2, 2, 2, 0
2026/6/15, 00:13:18.777, 30350.50, 30350.50, 30349.50, 30350.50, 1, 1, 1, 0
2026/6/15, 00:13:18.884, 30348.00, 30349.00, 30348.00, 30349.00, 2, 2, 1, 1
2026/6/15, 00:13:19.030, 30349.50, 30350.50, 30349.50, 30350.50, 2, 2, 0, 2
2026/6/15, 00:13:19.042, 30351.00, 30352.00, 30351.00, 30352.00, 7, 7, 0, 7
2026/6/15, 00:13:19.987, 30352.25, 30352.25, 30351.25, 30352.25, 1, 1, 0, 1
2026/6/15, 00:13:20.382, 30350.75, 30351.75, 30350.75, 30350.75, 1, 1, 1, 0
2026/6/15, 00:13:21.026, 30352.25, 30353.25, 30352.25, 30353.25, 2, 2, 1, 1
2026/6/15, 00:13:22.884, 30353.50, 30353.50, 30352.50, 30353.50, 1, 1, 0, 1
2026/6/15, 00:13:24.486, 30352.00, 30352.00, 30351.00, 30352.00, 1, 1, 0, 1
2026/6/15, 00:13:25.204, 30349.75, 30350.75, 30349.75, 30349.75, 1, 1, 1, 0
2026/6/15, 00:13:26.240, 30351.75, 30352.75, 30351.75, 30351.75, 2, 2, 0, 2
2026/6/15, 00:13:26.627, 30353.00, 30354.00, 30353.00, 30354.00, 3, 3, 0, 3
2026/6/15, 00:13:28.091, 30354.50, 30355.50, 30354.50, 30355.50, 3, 3, 0, 3
2026/6/15, 00:13:33.282, 30358.50, 30359.50, 30358.50, 30358.50, 14, 3, 0, 14
2026/6/15, 00:13:33.509, 30359.75, 30360.75, 30359.75, 30359.75, 1, 1, 1, 0
2026/6/15, 00:13:33.905, 30361.00, 30361.00, 30360.00, 30361.00, 1, 1, 0, 1
2026/6/15, 00:13:33.941, 30357.75, 30357.75, 30356.75, 30357.75, 1, 1, 1, 0
2026/6/15, 00:13:34.718, 30355.50, 30356.50, 30355.50, 30355.50, 1, 1, 1, 0
2026/6/15, 00:13:43.213, 30362.50, 30363.50, 30362.50, 30362.50, 1, 1, 0, 1
2026/6/15, 00:13:44.381, 30368.50, 30368.75, 30367.75, 30368.75, 4, 4, 0, 4
2026/6/15, 00:13:45.991, 30366.25, 30367.25, 30366.25, 30366.25, 1, 1, 1, 0
2026/6/15, 00:13:46.499, 30368.25, 30369.25, 30368.25, 30368.25, 3, 3, 1, 2
2026/6/15, 00:13:47.528, 30370.00, 30371.00, 30370.00, 30371.00, 3, 3, 0, 3
2026/6/15, 00:13:50.115, 30372.00, 30373.00, 30372.00, 30373.00, 5, 5, 0, 5
2026/6/15, 00:13:51.375, 30373.50, 30373.50, 30372.50, 30373.50, 1, 1, 0, 1
2026/6/15, 00:13:51.630, 30371.25, 30372.25, 30371.25, 30371.25, 1, 1, 1, 0
2026/6/15, 00:13:53.114, 30373.75, 30374.50, 30373.50, 30374.50, 2, 2, 0, 2
2026/6/15, 00:13:55.405, 30372.50, 30373.00, 30372.00, 30373.00, 3, 3, 2, 1
2026/6/15, 00:13:57.763, 30371.25, 30371.75, 30370.75, 30371.75, 2, 2, 2, 0
2026/6/15, 00:13:59.456, 30370.50, 30370.50, 30369.50, 30370.50, 1, 1, 1, 0
2026/6/15, 00:14:00.039, 30368.75, 30368.75, 30367.75, 30367.75, 3, 3, 3, 0
2026/6/15, 00:14:01.793, 30367.50, 30368.50, 30367.50, 30367.50, 1, 1, 1, 0
2026/6/15, 00:14:02.517, 30368.75, 30369.75, 30368.75, 30369.75, 5, 5, 0, 5
2026/6/15, 00:14:06.689, 30370.25, 30371.00, 30370.00, 30371.00, 2, 2, 0, 2
2026/6/15, 00:14:08.674, 30369.25, 30369.25, 30368.25, 30368.25, 3, 3, 3, 0
2026/6/15, 00:14:09.447, 30367.75, 30368.75, 30367.75, 30368.75, 3, 3, 2, 1
2026/6/15, 00:14:14.634, 30364.25, 30364.25, 30363.25, 30364.25, 1, 1, 1, 0
2026/6/15, 00:14:15.121, 30363.00, 30364.00, 30363.00, 30363.00, 1, 1, 1, 0
2026/6/15, 00:14:16.108, 30364.25, 30364.25, 30363.25, 30364.25, 1, 1, 0, 1
2026/6/15, 00:14:16.826, 30362.25, 30362.25, 30361.25, 30362.25, 1, 1, 1, 0
2026/6/15, 00:14:18.433, 30360.75, 30360.75, 30359.75, 30360.75, 1, 1, 1, 0
2026/6/15, 00:14:19.577, 30357.00, 30357.00, 30356.00, 30357.00, 1, 1, 0, 1
2026/6/15, 00:14:19.577, 30355.00, 30356.00, 30355.00, 30355.00, 2, 1, 2, 0
2026/6/15, 00:14:19.577, 30357.00, 30357.75, 30356.75, 30357.75, 5, 5, 0, 5
2026/6/15, 00:14:21.546, 30355.00, 30356.00, 30355.00, 30356.00, 9, 8, 3, 6
2026/6/15, 00:14:22.733, 30356.75, 30357.50, 30356.50, 30357.50, 3, 3, 3, 0
2026/6/15, 00:14:23.945, 30359.75, 30360.75, 30359.75, 30360.75, 2, 2, 0, 2
2026/6/15, 00:14:26.023, 30362.25, 30362.25, 30361.25, 30362.25, 2, 2, 0, 2
2026/6/15, 00:14:27.712, 30359.75, 30360.75, 30359.75, 30359.75, 1, 1, 1, 0
2026/6/15, 00:14:31.573, 30362.25, 30362.25, 30361.25, 30361.25, 3, 2, 0, 3
2026/6/15, 00:14:36.969, 30358.50, 30359.00, 30358.00, 30358.00, 3, 3, 2, 1
2026/6/15, 00:14:40.424, 30359.75, 30359.75, 30358.75, 30358.75, 3, 3, 1, 2
2026/6/15, 00:14:41.154, 30360.00, 30361.00, 30360.00, 30361.00, 4, 4, 0, 4
2026/6/15, 00:14:44.936, 30361.75, 30362.75, 30361.75, 30361.75, 1, 1, 0, 1
2026/6/15, 00:14:46.341, 30363.50, 30364.50, 30363.50, 30364.50, 6, 4, 0, 6
2026/6/15, 00:14:48.273, 30366.75, 30367.75, 30366.75, 30367.75, 2, 2, 0, 2
2026/6/15, 00:14:49.286, 30366.50, 30366.50, 30365.50, 30366.50, 3, 3, 2, 1
2026/6/15, 00:14:51.158, 30365.00, 30365.50, 30364.50, 30364.50, 5, 5, 5, 0
2026/6/15, 00:14:51.274, 30366.00, 30367.00, 30366.00, 30366.00, 5, 5, 0, 5
2026/6/15, 00:14:55.057, 30364.00, 30364.00, 30363.00, 30364.00, 1, 1, 1, 0
2026/6/15, 00:14:55.067, 30361.50, 30362.25, 30361.25, 30361.25, 2, 2, 2, 0
2026/6/15, 00:14:55.264, 30363.25, 30364.25, 30363.25, 30364.25, 4, 4, 0, 4
2026/6/15, 00:14:57.026, 30359.25, 30360.25, 30359.25, 30359.25, 1, 1, 1, 0
2026/6/15, 00:14:58.353, 30362.25, 30362.25, 30361.25, 30362.25, 1, 1, 0, 1
2026/6/15, 00:14:58.833, 30360.00, 30360.25, 30359.25, 30359.25, 7, 7, 6, 1
2026/6/15, 00:15:01.534, 30360.75, 30361.75, 30360.75, 30360.75, 1, 1, 0, 1
2026/6/15, 00:15:02.056, 30362.50, 30362.50, 30361.50, 30361.50, 2, 2, 0, 2
2026/6/15, 00:15:04.025, 30359.50, 30359.50, 30358.50, 30358.50, 2, 2, 1, 1
2026/6/15, 00:15:10.487, 30358.25, 30358.25, 30357.25, 30358.25, 3, 3, 2, 1
2026/6/15, 00:15:15.122, 30356.25, 30356.25, 30355.25, 30355.25, 2, 2, 2, 0
2026/6/15, 00:15:15.849, 30358.75, 30359.75, 30358.75, 30359.75, 3, 2, 0, 3
2026/6/15, 00:15:17.587, 30356.75, 30356.75, 30355.75, 30356.75, 3, 3, 3, 0
2026/6/15, 00:15:18.985, 30354.75, 30354.75, 30353.75, 30353.75, 3, 2, 3, 0
2026/6/15, 00:15:20.956, 30356.25, 30356.25, 30355.25, 30356.25, 1, 1, 0, 1
2026/6/15, 00:15:21.023, 30354.25, 30354.25, 30353.25, 30354.25, 1, 1, 1, 0
2026/6/15, 00:15:21.158, 30352.75, 30352.75, 30351.75, 30352.75, 2, 2, 2, 0
2026/6/15, 00:15:21.403, 30351.50, 30351.75, 30350.75, 30350.75, 7, 7, 7, 0
2026/6/15, 00:15:22.001, 30353.25, 30354.25, 30353.25, 30354.25, 3, 3, 0, 3
2026/6/15, 00:15:25.265, 30355.50, 30355.75, 30354.75, 30355.75, 2, 2, 0, 2
2026/6/15, 00:15:27.009, 30353.00, 30353.00, 30352.00, 30352.00, 11, 10, 11, 0
2026/6/15, 00:15:28.428, 30351.50, 30352.00, 30351.00, 30352.00, 5, 5, 5, 0
2026/6/15, 00:15:29.557, 30350.00, 30350.75, 30349.75, 30350.75, 5, 5, 4, 1
2026/6/15, 00:15:34.688, 30349.25, 30350.25, 30349.25, 30349.25, 1, 1, 1, 0
2026/6/15, 00:15:35.615, 30351.00, 30352.00, 30351.00, 30352.00, 2, 2, 0, 2
2026/6/15, 00:15:38.909, 30350.50, 30350.50, 30349.50, 30350.50, 3, 3, 2, 1
2026/6/15, 00:15:41.761, 30348.50, 30348.50, 30347.50, 30347.50, 2, 2, 1, 1
2026/6/15, 00:15:41.781, 30345.00, 30345.00, 30344.00, 30345.00, 1, 1, 1, 0
2026/6/15, 00:15:41.781, 30343.75, 30344.75, 30343.75, 30344.75, 3, 3, 2, 1
2026/6/15, 00:15:42.955, 30345.25, 30346.00, 30345.00, 30345.00, 3, 3, 0, 3
2026/6/15, 00:15:43.940, 30347.50, 30347.50, 30346.50, 30347.50, 1, 1, 0, 1
2026/6/15, 00:15:45.419, 30345.50, 30345.50, 30344.50, 30344.50, 2, 2, 2, 0
2026/6/15, 00:15:47.373, 30343.50, 30343.50, 30342.50, 30343.50, 1, 1, 1, 0
2026/6/15, 00:15:48.221, 30341.25, 30341.25, 30340.25, 30340.25, 5, 5, 5, 0
2026/6/15, 00:15:48.673, 30340.00, 30340.00, 30339.00, 30340.00, 1, 1, 1, 0
2026/6/15, 00:15:50.209, 30336.75, 30336.75, 30335.75, 30335.75, 6, 6, 6, 0
2026/6/15, 00:15:50.914, 30335.00, 30336.00, 30335.00, 30335.00, 5, 5, 3, 2
2026/6/15, 00:15:54.692, 30336.50, 30337.50, 30336.50, 30337.50, 2, 2, 0, 2
2026/6/15, 00:15:58.440, 30343.25, 30344.25, 30343.25, 30343.25, 1, 1, 0, 1
2026/6/15, 00:15:59.854, 30345.00, 30345.00, 30344.00, 30345.00, 1, 1, 0, 1
2026/6/15, 00:16:00.039, 30342.25, 30342.25, 30341.25, 30342.25, 4, 4, 1, 3
2026/6/15, 00:16:00.323, 30337.25, 30337.25, 30336.25, 30336.25, 3, 3, 3, 0
2026/6/15, 00:16:01.417, 30334.75, 30335.25, 30334.25, 30335.25, 2, 2, 0, 2
2026/6/15, 00:16:01.904, 30332.75, 30333.75, 30332.75, 30332.75, 1, 1, 1, 0
2026/6/15, 00:16:03.239, 30335.75, 30335.75, 30334.75, 30335.75, 1, 1, 0, 1
2026/6/15, 00:16:03.422, 30333.75, 30334.75, 30333.75, 30334.75, 2, 2, 1, 1
2026/6/15, 00:16:05.815, 30333.00, 30333.00, 30332.00, 30332.00, 2, 2, 2, 0
2026/6/15, 00:16:07.261, 30334.25, 30335.00, 30334.00, 30335.00, 2, 2, 0, 2
2026/6/15, 00:16:07.903, 30333.75, 30333.75, 30332.75, 30332.75, 2, 2, 2, 0
2026/6/15, 00:16:09.790, 30332.50, 30333.50, 30332.50, 30332.50, 1, 1, 1, 0
2026/6/15, 00:16:10.164, 30333.75, 30334.75, 30333.75, 30334.75, 4, 4, 0, 4
2026/6/15, 00:16:10.164, 30335.00, 30336.00, 30335.00, 30336.00, 4, 4, 0, 4
2026/6/15, 00:16:10.166, 30336.25, 30337.25, 30336.25, 30337.25, 4, 4, 0, 4
2026/6/15, 00:16:10.168, 30337.75, 30338.75, 30337.75, 30338.75, 4, 4, 0, 4
2026/6/15, 00:16:10.175, 30339.00, 30340.00, 30339.00, 30339.00, 1, 1, 0, 1
2026/6/15, 00:16:10.193, 30342.50, 30342.75, 30341.75, 30341.75, 3, 3, 2, 1
2026/6/15, 00:16:11.649, 30345.25, 30345.25, 30344.25, 30344.25, 10, 9, 10, 0
2026/6/15, 00:16:11.654, 30343.25, 30343.25, 30342.25, 30343.25, 1, 1, 1, 0
2026/6/15, 00:16:13.825, 30341.25, 30341.25, 30340.25, 30341.25, 2, 2, 2, 0
2026/6/15, 00:16:13.982, 30339.75, 30340.25, 30339.25, 30339.25, 2, 2, 2, 0
2026/6/15, 00:16:15.838, 30340.75, 30340.75, 30339.75, 30340.75, 1, 1, 0, 1
2026/6/15, 00:16:16.697, 30339.50, 30340.50, 30339.50, 30339.50, 1, 1, 1, 0
2026/6/15, 00:16:18.981, 30343.00, 30343.00, 30342.00, 30343.00, 1, 1, 0, 1
2026/6/15, 00:16:19.106, 30340.25, 30341.00, 30340.00, 30340.00, 2, 2, 2, 0
2026/6/15, 00:16:20.456, 30343.25, 30344.25, 30343.25, 30344.25, 2, 2, 0, 2
2026/6/15, 00:16:25.451, 30340.00, 30341.00, 30340.00, 30340.00, 5, 4, 5, 0
2026/6/15, 00:16:25.951, 30342.00, 30343.00, 30342.00, 30343.00, 3, 3, 0, 3
2026/6/15, 00:16:25.956, 30344.50, 30345.00, 30344.00, 30344.00, 6, 6, 2, 4
2026/6/15, 00:16:29.015, 30340.00, 30340.00, 30339.00, 30340.00, 2, 2, 0, 2
2026/6/15, 00:16:29.896, 30338.50, 30338.50, 30337.50, 30338.50, 2, 1, 2, 0
2026/6/15, 00:16:31.669, 30336.50, 30336.50, 30335.50, 30336.50, 1, 1, 1, 0
2026/6/15, 00:16:32.761, 30331.75, 30332.00, 30331.00, 30331.00, 5, 5, 5, 0
2026/6/15, 00:16:39.097, 30333.00, 30333.25, 30332.25, 30332.25, 6, 6, 1, 5
2026/6/15, 00:16:43.793, 30332.00, 30332.00, 30331.00, 30332.00, 1, 1, 1, 0
2026/6/15, 00:16:43.795, 30330.75, 30331.00, 30330.00, 30330.00, 6, 6, 6, 0
2026/6/15, 00:16:43.798, 30331.50, 30331.50, 30330.50, 30331.50, 3, 2, 3, 0
2026/6/15, 00:16:43.799, 30330.00, 30330.25, 30329.25, 30329.25, 4, 4, 3, 1
2026/6/15, 00:16:45.243, 30334.00, 30335.00, 30334.00, 30334.00, 1, 1, 0, 1
2026/6/15, 00:16:48.914, 30335.25, 30335.25, 30334.25, 30334.25, 2, 2, 0, 2
2026/6/15, 00:16:52.135, 30333.75, 30334.50, 30333.50, 30333.50, 2, 2, 2, 0
2026/6/15, 00:16:53.498, 30336.00, 30337.00, 30336.00, 30337.00, 2, 2, 0, 2
2026/6/15, 00:16:55.618, 30340.25, 30340.25, 30339.25, 30339.25, 5, 5, 5, 0
2026/6/15, 00:16:56.407, 30338.00, 30338.00, 30337.00, 30337.00, 4, 4, 4, 0
2026/6/15, 00:16:56.407, 30336.75, 30337.75, 30336.75, 30336.75, 1, 1, 1, 0
2026/6/15, 00:16:58.517, 30339.25, 30340.25, 30339.25, 30340.25, 2, 2, 0, 2
2026/6/15, 00:16:59.466, 30340.50, 30340.75, 30339.75, 30340.75, 2, 2, 0, 2
2026/6/15, 00:17:00.041, 30337.75, 30337.75, 30336.75, 30337.75, 5, 4, 4, 1
2026/6/15, 00:17:07.600, 30334.75, 30334.75, 30333.75, 30334.75, 1, 1, 0, 1
2026/6/15, 00:17:08.898, 30331.25, 30331.25, 30330.25, 30330.25, 5, 5, 5, 0
2026/6/15, 00:17:11.223, 30330.00, 30331.00, 30330.00, 30330.00, 3, 3, 3, 0
2026/6/15, 00:17:13.919, 30334.50, 30335.50, 30334.50, 30334.50, 1, 1, 0, 1
2026/6/15, 00:17:13.936, 30336.25, 30336.25, 30335.25, 30336.25, 1, 1, 0, 1
2026/6/15, 00:17:18.048, 30335.00, 30336.00, 30335.00, 30336.00, 3, 2, 2, 1
2026/6/15, 00:17:18.594, 30336.50, 30337.50, 30336.50, 30337.50, 3, 3, 0, 3
2026/6/15, 00:17:18.599, 30338.50, 30339.50, 30338.50, 30338.50, 4, 2, 0, 4
2026/6/15, 00:17:19.498, 30341.00, 30341.00, 30340.00, 30341.00, 1, 1, 0, 1
2026/6/15, 00:17:21.664, 30338.50, 30338.50, 30337.50, 30338.50, 1, 1, 0, 1
2026/6/15, 00:17:22.336, 30335.75, 30336.25, 30335.25, 30336.25, 12, 6, 10, 2
2026/6/15, 00:17:24.218, 30334.25, 30334.75, 30333.75, 30334.75, 4, 4, 2, 2
2026/6/15, 00:17:24.852, 30336.75, 30337.75, 30336.75, 30337.75, 5, 5, 0, 5
2026/6/15, 00:17:24.881, 30335.50, 30335.50, 30334.50, 30335.50, 1, 1, 1, 0
2026/6/15, 00:17:31.254, 30329.50, 30330.00, 30329.00, 30329.00, 4, 3, 4, 0
2026/6/15, 00:17:33.070, 30331.00, 30332.00, 30331.00, 30332.00, 4, 4, 2, 2
2026/6/15, 00:17:41.347, 30335.75, 30336.50, 30335.50, 30336.50, 2, 2, 0, 2
2026/6/15, 00:17:42.062, 30334.50, 30334.50, 30333.50, 30334.50, 1, 1, 1, 0
2026/6/15, 00:17:45.978, 30330.75, 30330.75, 30329.75, 30330.75, 1, 1, 1, 0
2026/6/15, 00:17:45.979, 30328.75, 30328.75, 30327.75, 30327.75, 3, 3, 3, 0
2026/6/15, 00:17:46.016, 30326.00, 30326.75, 30325.75, 30325.75, 7, 7, 7, 0
2026/6/15, 00:17:46.099, 30327.00, 30327.00, 30326.00, 30327.00, 3, 3, 0, 3
2026/6/15, 00:17:56.683, 30324.75, 30324.75, 30323.75, 30323.75, 2, 2, 2, 0
2026/6/15, 00:17:57.710, 30325.00, 30325.25, 30324.25, 30324.25, 5, 5, 3, 2
2026/6/15, 00:18:02.177, 30329.75, 30330.75, 30329.75, 30329.75, 2, 2, 0, 2
2026/6/15, 00:18:02.185, 30332.25, 30333.25, 30332.25, 30332.25, 1, 1, 0, 1
2026/6/15, 00:18:05.145, 30333.50, 30333.50, 30332.50, 30333.50, 1, 1, 0, 1
2026/6/15, 00:18:08.068, 30330.50, 30331.50, 30330.50, 30330.50, 1, 1, 1, 0
2026/6/15, 00:18:10.856, 30334.25, 30334.75, 30333.75, 30334.75, 14, 10, 8, 6
2026/6/15, 00:18:13.553, 30330.75, 30331.75, 30330.75, 30330.75, 1, 1, 0, 1
2026/6/15, 00:18:13.860, 30332.00, 30332.00, 30331.00, 30332.00, 1, 1, 0, 1
2026/6/15, 00:18:14.558, 30329.00, 30329.75, 30328.75, 30328.75, 2, 2, 2, 0
2026/6/15, 00:18:14.994, 30330.75, 30331.75, 30330.75, 30330.75, 2, 2, 0, 2
2026/6/15, 00:18:14.997, 30332.75, 30333.75, 30332.75, 30332.75, 1, 1, 0, 1
2026/6/15, 00:18:17.790, 30334.50, 30334.50, 30333.50, 30334.50, 2, 1, 2, 0
2026/6/15, 00:18:20.621, 30333.25, 30334.25, 30333.25, 30333.25, 1, 1, 0, 1
2026/6/15, 00:18:20.805, 30334.50, 30335.00, 30334.00, 30335.00, 8, 3, 0, 8
2026/6/15, 00:18:26.519, 30333.00, 30334.00, 30333.00, 30334.00, 2, 2, 1, 1
2026/6/15, 00:18:31.549, 30335.00, 30336.00, 30335.00, 30336.00, 20, 8, 0, 20
2026/6/15, 00:18:31.551, 30337.25, 30338.25, 30337.25, 30338.25, 6, 6, 1, 5
2026/6/15, 00:18:31.562, 30340.50, 30341.50, 30340.50, 30340.50, 2, 2, 0, 2
2026/6/15, 00:18:31.562, 30341.75, 30342.75, 30341.75, 30342.75, 3, 3, 0, 3
2026/6/15, 00:18:31.572, 30343.25, 30344.00, 30343.00, 30343.00, 3, 3, 1, 2
2026/6/15, 00:18:32.146, 30346.25, 30347.25, 30346.25, 30347.25, 6, 6, 0, 6
2026/6/15, 00:18:33.018, 30350.25, 30351.25, 30350.25, 30350.25, 1, 1, 1, 0
2026/6/15, 00:18:33.018, 30353.00, 30354.00, 30353.00, 30354.00, 9, 8, 0, 9
2026/6/15, 00:18:33.179, 30354.50, 30355.50, 30354.50, 30354.50, 1, 1, 0, 1
2026/6/15, 00:18:33.791, 30355.75, 30356.50, 30355.50, 30355.50, 5, 4, 5, 0
2026/6/15, 00:18:33.908, 30357.75, 30358.75, 30357.75, 30358.75, 5, 5, 0, 5
2026/6/15, 00:18:33.908, 30359.00, 30360.00, 30359.00, 30360.00, 4, 3, 0, 4
2026/6/15, 00:18:33.918, 30357.50, 30358.50, 30357.50, 30357.50, 1, 1, 0, 1
2026/6/15, 00:18:33.918, 30359.50, 30359.75, 30358.75, 30359.75, 4, 4, 0, 4
2026/6/15, 00:18:33.922, 30356.75, 30357.75, 30356.75, 30356.75, 1, 1, 1, 0
2026/6/15, 00:18:34.293, 30358.00, 30359.00, 30358.00, 30358.00, 1, 1, 0, 1
2026/6/15, 00:18:34.616, 30359.75, 30360.75, 30359.75, 30359.75, 3, 3, 0, 3
2026/6/15, 00:18:34.794, 30361.50, 30362.00, 30361.00, 30362.00, 3, 3, 0, 3
2026/6/15, 00:18:35.733, 30359.50, 30360.00, 30359.00, 30359.00, 2, 2, 2, 0
2026/6/15, 00:18:37.176, 30361.75, 30362.75, 30361.75, 30362.75, 2, 2, 0, 2
2026/6/15, 00:18:39.216, 30363.00, 30364.00, 30363.00, 30364.00, 2, 2, 0, 2
2026/6/15, 00:18:39.832, 30364.25, 30364.25, 30363.25, 30364.25, 5, 4, 0, 5
2026/6/15, 00:18:42.670, 30362.25, 30363.25, 30362.25, 30362.25, 1, 1, 1, 0
2026/6/15, 00:18:42.694, 30364.25, 30364.25, 30363.25, 30364.25, 2, 2, 0, 2
2026/6/15, 00:18:43.266, 30361.75, 30362.75, 30361.75, 30361.75, 1, 1, 1, 0
2026/6/15, 00:18:46.118, 30363.50, 30364.50, 30363.50, 30363.50, 1, 1, 0, 1
2026/6/15, 00:18:46.119, 30364.75, 30365.50, 30364.50, 30365.50, 10, 7, 8, 2
2026/6/15, 00:18:46.435, 30363.75, 30364.75, 30363.75, 30363.75, 1, 1, 1, 0
2026/6/15, 00:18:48.858, 30367.25, 30367.50, 30366.50, 30367.50, 2, 2, 0, 2
2026/6/15, 00:18:50.926, 30365.75, 30366.75, 30365.75, 30365.75, 1, 1, 1, 0
2026/6/15, 00:18:51.492, 30367.00, 30367.00, 30366.00, 30366.00, 5, 5, 4, 1
2026/6/15, 00:18:52.983, 30364.75, 30364.75, 30363.75, 30364.75, 5, 5, 5, 0
2026/6/15, 00:18:57.026, 30366.00, 30366.00, 30365.00, 30366.00, 3, 3, 0, 3
2026/6/15, 00:18:57.430, 30364.00, 30364.00, 30363.00, 30363.00, 4, 4, 4, 0
2026/6/15, 00:18:57.430, 30362.75, 30363.50, 30362.50, 30362.50, 6, 5, 1, 5
2026/6/15, 00:19:02.231, 30362.25, 30362.50, 30361.50, 30362.50, 2, 2, 1, 1
2026/6/15, 00:19:02.235, 30360.75, 30360.75, 30359.75, 30359.75, 3, 3, 3, 0
2026/6/15, 00:19:07.299, 30359.00, 30360.00, 30359.00, 30359.00, 1, 1, 0, 1
2026/6/15, 00:19:07.300, 30360.75, 30361.75, 30360.75, 30360.75, 1, 1, 0, 1
2026/6/15, 00:19:07.391, 30362.50, 30363.50, 30362.50, 30363.50, 2, 2, 0, 2
2026/6/15, 00:19:07.391, 30365.75, 30366.00, 30365.00, 30366.00, 6, 4, 0, 6
2026/6/15, 00:19:07.394, 30362.00, 30362.00, 30361.00, 30362.00, 1, 1, 0, 1
2026/6/15, 00:19:08.576, 30358.25, 30359.00, 30358.00, 30358.00, 2, 2, 2, 0
2026/6/15, 00:19:13.609, 30360.00, 30361.00, 30360.00, 30361.00, 12, 12, 0, 12
2026/6/15, 00:19:20.466, 30359.00, 30360.00, 30359.00, 30359.00, 1, 1, 1, 0
2026/6/15, 00:19:25.504, 30360.50, 30361.50, 30360.50, 30360.50, 1, 1, 1, 0
2026/6/15, 00:19:27.680, 30363.00, 30364.00, 30363.00, 30363.00, 1, 1, 0, 1
2026/6/15, 00:19:29.001, 30364.50, 30365.50, 30364.50, 30365.50, 2, 2, 0, 2
2026/6/15, 00:19:29.365, 30366.00, 30366.00, 30365.00, 30365.00, 10, 10, 1, 9
2026/6/15, 00:19:29.367, 30364.75, 30365.25, 30364.25, 30364.25, 4, 4, 3, 1
2026/6/15, 00:19:31.381, 30366.00, 30367.00, 30366.00, 30366.00, 3, 3, 0, 3
2026/6/15, 00:19:31.748, 30367.50, 30368.50, 30367.50, 30368.50, 2, 2, 0, 2
2026/6/15, 00:19:31.750, 30369.00, 30370.00, 30369.00, 30370.00, 3, 3, 0, 3
2026/6/15, 00:19:33.028, 30367.50, 30367.50, 30366.50, 30367.50, 1, 1, 1, 0
2026/6/15, 00:19:33.034, 30365.75, 30366.75, 30365.75, 30365.75, 1, 1, 1, 0
2026/6/15, 00:19:33.654, 30370.00, 30370.00, 30369.00, 30370.00, 1, 1, 0, 1
2026/6/15, 00:19:33.865, 30367.75, 30367.75, 30366.75, 30366.75, 5, 5, 4, 1
2026/6/15, 00:19:35.435, 30365.25, 30366.25, 30365.25, 30366.25, 2, 2, 1, 1
2026/6/15, 00:19:41.571, 30368.50, 30369.50, 30368.50, 30369.50, 2, 2, 0, 2
2026/6/15, 00:19:41.695, 30366.75, 30367.00, 30366.00, 30366.00, 5, 5, 5, 0
2026/6/15, 00:19:41.747, 30367.25, 30368.25, 30367.25, 30367.25, 1, 1, 0, 1
2026/6/15, 00:19:45.730, 30370.00, 30370.00, 30369.00, 30370.00, 3, 3, 0, 3
2026/6/15, 00:19:48.415, 30368.75, 30369.25, 30368.25, 30368.25, 5, 5, 4, 1
2026/6/15, 00:19:52.325, 30371.00, 30372.00, 30371.00, 30371.00, 1, 1, 1, 0
2026/6/15, 00:19:52.325, 30372.75, 30373.75, 30372.75, 30373.75, 7, 6, 3, 4
2026/6/15, 00:19:54.639, 30371.50, 30372.50, 30371.50, 30371.50, 1, 1, 1, 0
2026/6/15, 00:19:57.439, 30372.75, 30372.75, 30371.75, 30372.75, 1, 1, 1, 0
2026/6/15, 00:19:57.816, 30371.00, 30371.00, 30370.00, 30370.00, 5, 4, 5, 0
2026/6/15, 00:19:59.952, 30369.50, 30370.50, 30369.50, 30369.50, 1, 1, 1, 0
2026/6/15, 00:20:01.411, 30373.25, 30373.25, 30372.25, 30373.25, 1, 1, 0, 1
2026/6/15, 00:20:01.998, 30371.00, 30372.00, 30371.00, 30372.00, 2, 2, 1, 1
2026/6/15, 00:20:03.187, 30373.75, 30373.75, 30372.75, 30373.75, 1, 1, 0, 1
2026/6/15, 00:20:04.422, 30369.25, 30370.25, 30369.25, 30369.25, 1, 1, 1, 0
2026/6/15, 00:20:07.053, 30370.75, 30371.50, 30370.50, 30371.50, 3, 3, 0, 3
2026/6/15, 00:20:09.905, 30369.50, 30370.50, 30369.50, 30369.50, 1, 1, 1, 0
2026/6/15, 00:20:14.053, 30370.75, 30371.25, 30370.25, 30371.25, 2, 2, 0, 2
2026/6/15, 00:20:17.033, 30369.00, 30369.00, 30368.00, 30369.00, 3, 3, 3, 0
2026/6/15, 00:20:18.186, 30366.75, 30366.75, 30365.75, 30365.75, 5, 5, 3, 2
2026/6/15, 00:20:19.126, 30364.75, 30365.25, 30364.25, 30365.25, 3, 3, 1, 2
2026/6/15, 00:20:22.282, 30363.50, 30363.50, 30362.50, 30362.50, 5, 5, 5, 0
2026/6/15, 00:20:22.434, 30360.75, 30361.75, 30360.75, 30360.75, 2, 2, 1, 1
2026/6/15, 00:20:23.129, 30362.50, 30363.50, 30362.50, 30362.50, 1, 1, 0, 1
2026/6/15, 00:20:23.439, 30364.00, 30364.00, 30363.00, 30364.00, 1, 1, 0, 1
2026/6/15, 00:20:23.699, 30361.50, 30362.50, 30361.50, 30361.50, 1, 1, 1, 0
2026/6/15, 00:20:23.825, 30363.00, 30363.00, 30362.00, 30363.00, 1, 1, 0, 1
2026/6/15, 00:20:24.552, 30361.00, 30361.25, 30360.25, 30361.25, 7, 5, 6, 1
2026/6/15, 00:20:25.215, 30360.00, 30361.00, 30360.00, 30361.00, 4, 4, 1, 3
2026/6/15, 00:20:28.999, 30362.25, 30363.00, 30362.00, 30362.00, 2, 2, 0, 2
2026/6/15, 00:20:34.435, 30370.00, 30371.00, 30370.00, 30370.00, 1, 1, 0, 1
2026/6/15, 00:20:34.435, 30372.75, 30373.75, 30372.75, 30373.75, 5, 5, 0, 5
2026/6/15, 00:20:35.782, 30367.00, 30367.00, 30366.00, 30367.00, 1, 1, 1, 0
2026/6/15, 00:20:40.054, 30361.00, 30362.00, 30361.00, 30361.00, 1, 1, 1, 0
2026/6/15, 00:20:40.054, 30362.50, 30362.50, 30361.50, 30362.50, 1, 1, 0, 1
2026/6/15, 00:20:41.320, 30361.25, 30361.25, 30360.25, 30360.25, 6, 6, 6, 0
2026/6/15, 00:20:42.926, 30363.75, 30364.75, 30363.75, 30363.75, 1, 1, 0, 1
2026/6/15, 00:20:43.730, 30365.75, 30366.75, 30365.75, 30366.75, 4, 4, 0, 4
2026/6/15, 00:20:44.339, 30367.00, 30368.00, 30367.00, 30367.00, 2, 2, 0, 2
2026/6/15, 00:20:45.534, 30370.75, 30371.75, 30370.75, 30370.75, 1, 1, 0, 1
2026/6/15, 00:20:46.474, 30372.00, 30372.00, 30371.00, 30372.00, 1, 1, 0, 1
2026/6/15, 00:20:48.769, 30370.75, 30371.00, 30370.00, 30370.00, 2, 2, 1, 1
2026/6/15, 00:20:49.068, 30371.50, 30371.75, 30370.75, 30371.75, 2, 2, 0, 2
2026/6/15, 00:20:50.821, 30369.50, 30369.50, 30368.50, 30369.50, 3, 3, 3, 0
2026/6/15, 00:20:55.960, 30371.00, 30372.00, 30371.00, 30372.00, 4, 4, 0, 4
2026/6/15, 00:20:56.036, 30373.25, 30373.75, 30372.75, 30373.75, 3, 3, 1, 2
2026/6/15, 00:20:57.040, 30370.75, 30370.75, 30369.75, 30370.75, 2, 2, 0, 2
2026/6/15, 00:20:58.911, 30369.25, 30370.25, 30369.25, 30369.25, 5, 3, 1, 4
2026/6/15, 00:21:00.274, 30371.25, 30371.75, 30370.75, 30371.75, 3, 3, 0, 3
2026/6/15, 00:21:05.984, 30369.00, 30370.00, 30369.00, 30369.00, 2, 2, 2, 0
2026/6/15, 00:21:10.203, 30371.75, 30371.75, 30370.75, 30371.75, 1, 1, 0, 1
2026/6/15, 00:21:10.448, 30369.75, 30369.75, 30368.75, 30369.75, 1, 1, 1, 0
2026/6/15, 00:21:16.603, 30367.50, 30367.50, 30366.50, 30367.50, 1, 1, 1, 0
2026/6/15, 00:21:16.603, 30366.25, 30366.25, 30365.25, 30366.25, 2, 2, 2, 0
2026/6/15, 00:21:18.643, 30364.50, 30365.50, 30364.50, 30364.50, 1, 1, 1, 0
2026/6/15, 00:21:21.189, 30367.00, 30368.00, 30367.00, 30367.00, 4, 4, 1, 3
2026/6/15, 00:21:27.711, 30369.75, 30370.75, 30369.75, 30369.75, 1, 1, 0, 1
2026/6/15, 00:21:33.145, 30371.50, 30372.50, 30371.50, 30371.50, 2, 2, 0, 2
2026/6/15, 00:21:33.533, 30373.00, 30374.00, 30373.00, 30374.00, 2, 2, 0, 2
2026/6/15, 00:21:34.914, 30375.25, 30375.25, 30374.25, 30375.25, 1, 1, 0, 1
2026/6/15, 00:21:36.507, 30372.00, 30372.00, 30371.00, 30371.00, 2, 2, 2, 0
2026/6/15, 00:21:36.521, 30370.75, 30371.75, 30370.75, 30370.75, 1, 1, 1, 0
2026/6/15, 00:21:37.707, 30373.00, 30374.00, 30373.00, 30373.00, 1, 1, 0, 1
2026/6/15, 00:21:42.251, 30374.75, 30374.75, 30373.75, 30374.75, 2, 2, 0, 2
2026/6/15, 00:21:44.720, 30372.00, 30373.00, 30372.00, 30372.00, 1, 1, 1, 0
2026/6/15, 00:21:45.731, 30373.25, 30374.25, 30373.25, 30373.25, 10, 6, 10, 0
2026/6/15, 00:21:49.321, 30374.75, 30374.75, 30373.75, 30374.75, 1, 1, 0, 1
2026/6/15, 00:21:51.052, 30373.00, 30374.00, 30373.00, 30373.00, 1, 1, 1, 0
2026/6/15, 00:21:55.701, 30375.25, 30376.25, 30375.25, 30375.25, 1, 1, 0, 1
2026/6/15, 00:21:56.318, 30376.50, 30376.75, 30375.75, 30375.75, 2, 2, 0, 2
2026/6/15, 00:21:56.320, 30377.00, 30377.00, 30376.00, 30377.00, 1, 1, 0, 1
2026/6/15, 00:21:56.321, 30375.50, 30376.25, 30375.25, 30375.25, 2, 2, 2, 0
2026/6/15, 00:21:57.180, 30379.00, 30379.00, 30378.00, 30379.00, 1, 1, 0, 1
2026/6/15, 00:21:58.031, 30376.25, 30377.25, 30376.25, 30377.25, 2, 2, 2, 0
2026/6/15, 00:22:01.820, 30374.75, 30375.75, 30374.75, 30375.75, 4, 4, 1, 3
2026/6/15, 00:22:06.152, 30376.00, 30377.00, 30376.00, 30377.00, 7, 7, 0, 7
2026/6/15, 00:22:06.152, 30377.25, 30378.25, 30377.25, 30378.25, 6, 6, 0, 6
2026/6/15, 00:22:06.152, 30378.50, 30379.50, 30378.50, 30379.50, 8, 7, 3, 5
2026/6/15, 00:22:06.153, 30379.75, 30380.25, 30379.25, 30380.25, 7, 6, 0, 7
2026/6/15, 00:22:06.153, 30378.75, 30379.50, 30378.50, 30378.50, 3, 2, 3, 0
2026/6/15, 00:22:06.153, 30380.50, 30380.50, 30379.50, 30380.50, 1, 1, 0, 1
2026/6/15, 00:22:06.153, 30379.00, 30379.75, 30378.75, 30378.75, 2, 2, 2, 0
2026/6/15, 00:22:06.157, 30381.00, 30381.25, 30380.25, 30381.25, 6, 6, 0, 6
2026/6/15, 00:22:06.160, 30379.50, 30380.50, 30379.50, 30379.50, 2, 2, 2, 0
2026/6/15, 00:22:06.163, 30381.25, 30381.25, 30380.25, 30380.25, 6, 6, 3, 3
2026/6/15, 00:22:06.167, 30379.75, 30380.00, 30379.00, 30379.00, 6, 6, 6, 0
2026/6/15, 00:22:06.185, 30381.25, 30381.75, 30380.75, 30380.75, 3, 3, 2, 1
2026/6/15, 00:22:07.959, 30382.25, 30383.25, 30382.25, 30383.25, 2, 2, 0, 2
2026/6/15, 00:22:07.959, 30383.50, 30383.50, 30382.50, 30383.50, 1, 1, 0, 1
2026/6/15, 00:22:08.956, 30381.50, 30382.50, 30381.50, 30381.50, 1, 1, 1, 0
2026/6/15, 00:22:09.069, 30383.50, 30384.50, 30383.50, 30384.50, 3, 3, 0, 3
2026/6/15, 00:22:09.624, 30385.00, 30386.00, 30385.00, 30386.00, 6, 6, 0, 6
2026/6/15, 00:22:09.624, 30386.50, 30386.50, 30385.50, 30386.50, 1, 1, 0, 1
2026/6/15, 00:22:09.624, 30385.25, 30386.25, 30385.25, 30385.25, 1, 1, 1, 0
2026/6/15, 00:22:09.646, 30386.75, 30386.75, 30385.75, 30385.75, 3, 3, 1, 2
2026/6/15, 00:22:10.845, 30385.25, 30386.00, 30385.00, 30385.00, 3, 3, 0, 3
2026/6/15, 00:22:10.865, 30386.50, 30386.50, 30385.50, 30386.50, 1, 1, 0, 1
2026/6/15, 00:22:11.103, 30385.25, 30385.75, 30384.75, 30384.75, 4, 4, 4, 0
2026/6/15, 00:22:11.745, 30386.00, 30386.00, 30385.00, 30385.00, 5, 5, 5, 0
2026/6/15, 00:22:11.814, 30384.25, 30385.25, 30384.25, 30384.25, 1, 1, 1, 0
2026/6/15, 00:22:13.534, 30386.00, 30387.00, 30386.00, 30387.00, 3, 3, 1, 2
2026/6/15, 00:22:13.985, 30387.25, 30388.25, 30387.25, 30388.25, 3, 3, 0, 3
2026/6/15, 00:22:14.907, 30389.00, 30389.75, 30388.75, 30389.75, 5, 5, 0, 5
2026/6/15, 00:22:15.002, 30387.25, 30388.25, 30387.25, 30387.25, 1, 1, 1, 0
2026/6/15, 00:22:15.511, 30388.50, 30389.50, 30388.50, 30388.50, 1, 1, 0, 1
2026/6/15, 00:22:16.837, 30390.00, 30390.75, 30389.75, 30389.75, 7, 7, 1, 6
2026/6/15, 00:22:19.654, 30391.00, 30391.00, 30390.00, 30391.00, 1, 1, 0, 1
2026/6/15, 00:22:21.498, 30388.50, 30388.50, 30387.50, 30387.50, 2, 2, 2, 0
2026/6/15, 00:22:21.504, 30387.00, 30387.00, 30386.00, 30386.00, 2, 2, 2, 0
2026/6/15, 00:22:21.515, 30384.25, 30384.25, 30383.25, 30384.25, 2, 1, 2, 0
2026/6/15, 00:22:21.549, 30382.25, 30383.25, 30382.25, 30383.25, 3, 3, 1, 2
2026/6/15, 00:22:21.614, 30384.00, 30384.00, 30383.00, 30383.00, 3, 3, 1, 2
2026/6/15, 00:22:26.246, 30381.25, 30382.25, 30381.25, 30381.25, 3, 3, 1, 2
2026/6/15, 00:22:29.175, 30383.25, 30384.25, 30383.25, 30383.25, 1, 1, 0, 1
2026/6/15, 00:22:30.432, 30384.75, 30385.75, 30384.75, 30385.75, 5, 5, 1, 4
2026/6/15, 00:22:32.537, 30386.75, 30386.75, 30385.75, 30386.75, 1, 1, 0, 1
2026/6/15, 00:22:32.804, 30383.75, 30383.75, 30382.75, 30382.75, 11, 8, 10, 1
2026/6/15, 00:22:34.250, 30382.25, 30382.25, 30381.25, 30382.25, 1, 1, 0, 1
2026/6/15, 00:22:34.606, 30380.25, 30381.25, 30380.25, 30380.25, 1, 1, 1, 0
2026/6/15, 00:22:34.611, 30382.75, 30383.75, 30382.75, 30383.75, 10, 10, 0, 10
2026/6/15, 00:22:35.583, 30382.00, 30382.00, 30381.00, 30381.00, 2, 2, 1, 1
2026/6/15, 00:22:39.495, 30380.25, 30381.25, 30380.25, 30380.25, 1, 1, 1, 0
2026/6/15, 00:22:40.318, 30382.75, 30382.75, 30381.75, 30382.75, 1, 1, 0, 1
2026/6/15, 00:22:42.400, 30381.00, 30381.25, 30380.25, 30380.25, 2, 2, 2, 0
2026/6/15, 00:22:47.156, 30383.25, 30383.25, 30382.25, 30383.25, 1, 1, 0, 1
2026/6/15, 00:22:47.643, 30380.75, 30380.75, 30379.75, 30379.75, 10, 10, 5, 5
2026/6/15, 00:22:47.652, 30378.75, 30379.50, 30378.50, 30378.50, 17, 10, 17, 0
2026/6/15, 00:22:47.776, 30380.25, 30381.25, 30380.25, 30380.25, 5, 3, 0, 5
2026/6/15, 00:22:47.777, 30383.00, 30383.00, 30382.00, 30383.00, 1, 1, 0, 1
2026/6/15, 00:22:48.381, 30381.25, 30382.25, 30381.25, 30381.25, 1, 1, 1, 0
2026/6/15, 00:22:49.263, 30384.25, 30384.25, 30383.25, 30384.25, 5, 5, 0, 5
2026/6/15, 00:23:09.034, 30382.00, 30382.25, 30381.25, 30381.25, 2, 2, 2, 0
2026/6/15, 00:23:20.334, 30383.25, 30384.25, 30383.25, 30383.25, 1, 1, 0, 1
2026/6/15, 00:23:20.740, 30384.50, 30384.50, 30383.50, 30384.50, 1, 1, 0, 1
2026/6/15, 00:23:28.195, 30383.00, 30384.00, 30383.00, 30383.00, 1, 1, 1, 0
2026/6/15, 00:23:29.612, 30385.00, 30385.50, 30384.50, 30384.50, 7, 7, 2, 5
2026/6/15, 00:23:36.828, 30384.25, 30384.25, 30383.25, 30383.25, 8, 4, 8, 0
2026/6/15, 00:23:36.828, 30383.00, 30383.00, 30382.00, 30382.00, 4, 4, 4, 0
2026/6/15, 00:23:36.828, 30381.75, 30381.75, 30380.75, 30380.75, 9, 9, 9, 0
2026/6/15, 00:23:39.263, 30379.50, 30380.50, 30379.50, 30379.50, 4, 4, 2, 2
2026/6/15, 00:23:43.671, 30380.75, 30380.75, 30379.75, 30380.75, 5, 1, 5, 0
2026/6/15, 00:23:45.365, 30379.25, 30380.25, 30379.25, 30379.25, 1, 1, 1, 0
2026/6/15, 00:23:48.871, 30381.00, 30381.75, 30380.75, 30381.75, 3, 3, 1, 2
2026/6/15, 00:23:55.253, 30384.00, 30385.00, 30384.00, 30385.00, 3, 3, 0, 3
2026/6/15, 00:23:59.484, 30385.25, 30386.25, 30385.25, 30386.25, 4, 3, 0, 4
2026/6/15, 00:23:59.484, 30386.50, 30387.50, 30386.50, 30386.50, 2, 2, 0, 2
2026/6/15, 00:23:59.501, 30389.00, 30390.00, 30389.00, 30390.00, 3, 3, 0, 3
2026/6/15, 00:23:59.587, 30391.00, 30392.00, 30391.00, 30392.00, 4, 3, 0, 4
2026/6/15, 00:23:59.587, 30392.50, 30393.50, 30392.50, 30393.50, 5, 5, 0, 5
2026/6/15, 00:24:00.658, 30394.00, 30394.00, 30393.00, 30394.00, 10, 8, 2, 8
2026/6/15, 00:24:02.760, 30390.25, 30390.25, 30389.25, 30390.25, 1, 1, 1, 0
2026/6/15, 00:24:03.128, 30388.50, 30388.50, 30387.50, 30388.50, 1, 1, 1, 0
2026/6/15, 00:24:03.487, 30386.00, 30386.00, 30385.00, 30385.00, 3, 3, 3, 0
2026/6/15, 00:24:04.477, 30383.25, 30384.25, 30383.25, 30383.25, 1, 1, 1, 0
2026/6/15, 00:24:05.072, 30385.75, 30385.75, 30384.75, 30385.75, 2, 2, 0, 2
2026/6/15, 00:24:06.821, 30383.00, 30384.00, 30383.00, 30383.00, 1, 1, 1, 0
2026/6/15, 00:24:07.579, 30384.25, 30384.25, 30383.25, 30384.25, 5, 2, 0, 5
2026/6/15, 00:24:08.063, 30381.25, 30382.25, 30381.25, 30381.25, 1, 1, 1, 0
2026/6/15, 00:24:11.820, 30383.50, 30383.50, 30382.50, 30382.50, 6, 6, 6, 0
2026/6/15, 00:24:16.635, 30381.25, 30382.25, 30381.25, 30382.25, 14, 11, 4, 10
2026/6/15, 00:24:21.875, 30384.00, 30384.00, 30383.00, 30384.00, 2, 2, 0, 2
2026/6/15, 00:24:45.184, 30380.00, 30380.00, 30379.00, 30380.00, 1, 1, 1, 0
2026/6/15, 00:24:45.184, 30378.75, 30378.75, 30377.75, 30378.75, 71, 25, 71, 0
2026/6/15, 00:24:45.682, 30377.00, 30377.00, 30376.00, 30376.00, 6, 6, 6, 0
2026/6/15, 00:24:46.891, 30378.50, 30379.00, 30378.00, 30379.00, 6, 6, 0, 6
2026/6/15, 00:24:48.342, 30377.25, 30378.25, 30377.25, 30377.25, 1, 1, 1, 0
2026/6/15, 00:24:48.868, 30379.25, 30379.25, 30378.25, 30379.25, 2, 2, 0, 2
2026/6/15, 00:24:57.203, 30377.00, 30377.00, 30376.00, 30376.00, 2, 2, 2, 0
2026/6/15, 00:24:57.732, 30375.00, 30376.00, 30375.00, 30376.00, 4, 3, 3, 1
2026/6/15, 00:24:57.825, 30376.25, 30376.25, 30375.25, 30376.25, 1, 1, 0, 1
2026/6/15, 00:24:57.956, 30374.00, 30374.00, 30373.00, 30373.00, 4, 4, 4, 0
2026/6/15, 00:24:57.956, 30372.75, 30373.25, 30372.25, 30372.25, 6, 6, 6, 0
2026/6/15, 00:24:59.268, 30374.25, 30374.75, 30373.75, 30373.75, 7, 7, 3, 4
2026/6/15, 00:25:00.406, 30373.00, 30373.00, 30372.00, 30372.00, 20, 9, 20, 0
2026/6/15, 00:25:01.216, 30370.25, 30371.00, 30370.00, 30370.00, 2, 2, 2, 0
2026/6/15, 00:25:02.073, 30372.75, 30372.75, 30371.75, 30371.75, 2, 2, 1, 1
2026/6/15, 00:25:03.034, 30371.00, 30371.00, 30370.00, 30370.00, 6, 6, 6, 0
2026/6/15, 00:25:05.077, 30369.00, 30369.50, 30368.50, 30368.50, 5, 5, 5, 0
2026/6/15, 00:25:05.120, 30370.00, 30370.00, 30369.00, 30370.00, 1, 1, 0, 1
2026/6/15, 00:25:05.634, 30368.00, 30368.00, 30367.00, 30367.00, 4, 4, 4, 0
2026/6/15, 00:25:06.254, 30366.75, 30366.75, 30365.75, 30365.75, 4, 4, 4, 0
2026/6/15, 00:25:06.254, 30365.50, 30366.00, 30365.00, 30365.00, 7, 7, 7, 0
2026/6/15, 00:25:06.261, 30368.00, 30368.25, 30367.25, 30368.25, 4, 4, 0, 4
2026/6/15, 00:25:07.458, 30368.75, 30368.75, 30367.75, 30368.75, 1, 1, 0, 1
2026/6/15, 00:25:07.694, 30366.50, 30367.50, 30366.50, 30367.50, 2, 2, 2, 0
2026/6/15, 00:25:08.011, 30368.00, 30368.25, 30367.25, 30367.25, 2, 2, 1, 1
2026/6/15, 00:25:12.354, 30371.00, 30372.00, 30371.00, 30371.00, 1, 1, 0, 1
2026/6/15, 00:25:15.091, 30372.50, 30373.50, 30372.50, 30372.50, 2, 2, 0, 2
2026/6/15, 00:25:16.731, 30373.75, 30373.75, 30372.75, 30373.75, 2, 2, 2, 0
2026/6/15, 00:25:21.783, 30371.25, 30371.25, 30370.25, 30371.25, 8, 7, 3, 5
2026/6/15, 00:25:22.676, 30370.00, 30370.00, 30369.00, 30369.00, 2, 2, 2, 0
2026/6/15, 00:25:22.805, 30367.75, 30367.75, 30366.75, 30366.75, 3, 3, 3, 0
2026/6/15, 00:25:25.764, 30366.25, 30367.25, 30366.25, 30366.25, 2, 2, 1, 1
2026/6/15, 00:25:29.721, 30369.75, 30369.75, 30368.75, 30369.75, 1, 1, 0, 1
2026/6/15, 00:25:30.585, 30367.75, 30367.75, 30366.75, 30366.75, 3, 3, 3, 0
2026/6/15, 00:25:31.941, 30364.50, 30364.50, 30363.50, 30363.50, 8, 8, 8, 0
2026/6/15, 00:25:34.757, 30365.75, 30365.75, 30364.75, 30365.75, 1, 1, 0, 1
2026/6/15, 00:25:35.354, 30363.75, 30363.75, 30362.75, 30363.75, 2, 2, 2, 0
2026/6/15, 00:25:37.146, 30361.00, 30361.00, 30360.00, 30360.00, 9, 7, 9, 0
2026/6/15, 00:25:37.146, 30359.75, 30359.75, 30358.75, 30358.75, 4, 4, 4, 0
2026/6/15, 00:25:37.164, 30358.00, 30358.00, 30357.00, 30358.00, 1, 1, 1, 0
2026/6/15, 00:25:37.164, 30356.50, 30357.50, 30356.50, 30357.50, 2, 2, 1, 1
2026/6/15, 00:25:37.984, 30358.00, 30358.00, 30357.00, 30358.00, 1, 1, 0, 1
2026/6/15, 00:25:39.011, 30356.25, 30357.25, 30356.25, 30356.25, 2, 2, 2, 0
2026/6/15, 00:25:39.286, 30358.00, 30358.25, 30357.25, 30358.25, 2, 2, 0, 2
2026/6/15, 00:25:41.742, 30356.25, 30357.25, 30356.25, 30356.25, 1, 1, 0, 1
2026/6/15, 00:25:41.905, 30357.75, 30358.50, 30357.50, 30358.50, 3, 3, 0, 3
2026/6/15, 00:25:42.416, 30356.75, 30356.75, 30355.75, 30355.75, 2, 2, 1, 1
2026/6/15, 00:25:44.155, 30355.50, 30356.00, 30355.00, 30355.00, 3, 3, 3, 0
2026/6/15, 00:25:44.958, 30357.75, 30358.25, 30357.25, 30358.25, 3, 3, 0, 3
2026/6/15, 00:25:47.440, 30355.25, 30355.25, 30354.25, 30354.25, 2, 2, 2, 0
2026/6/15, 00:25:47.704, 30353.75, 30353.75, 30352.75, 30352.75, 6, 6, 6, 0
2026/6/15, 00:25:47.704, 30352.50, 30353.00, 30352.00, 30352.00, 6, 5, 6, 0
2026/6/15, 00:25:47.707, 30354.50, 30355.50, 30354.50, 30354.50, 3, 3, 0, 3
2026/6/15, 00:25:48.047, 30355.75, 30356.75, 30355.75, 30355.75, 1, 1, 0, 1
2026/6/15, 00:25:48.828, 30360.50, 30361.50, 30360.50, 30360.50, 2, 2, 0, 2
2026/6/15, 00:25:48.993, 30362.00, 30363.00, 30362.00, 30363.00, 3, 3, 0, 3
2026/6/15, 00:25:52.639, 30363.25, 30363.50, 30362.50, 30362.50, 7, 4, 5, 2
2026/6/15, 00:25:54.377, 30362.00, 30363.00, 30362.00, 30363.00, 4, 4, 3, 1
2026/6/15, 00:25:54.379, 30364.00, 30365.00, 30364.00, 30364.00, 2, 2, 0, 2
2026/6/15, 00:25:54.484, 30366.00, 30367.00, 30366.00, 30367.00, 3, 2, 0, 3
2026/6/15, 00:25:54.982, 30369.50, 30369.50, 30368.50, 30369.50, 2, 2, 0, 2
2026/6/15, 00:25:55.298, 30368.25, 30368.50, 30367.50, 30367.50, 3, 3, 2, 1
2026/6/15, 00:25:57.471, 30367.25, 30368.25, 30367.25, 30368.25, 9, 9, 4, 5
2026/6/15, 00:26:01.395, 30368.50, 30369.50, 30368.50, 30369.50, 6, 6, 0, 6
2026/6/15, 00:26:01.395, 30369.75, 30370.75, 30369.75, 30369.75, 3, 3, 0, 3
2026/6/15, 00:26:01.398, 30371.75, 30372.75, 30371.75, 30372.75, 2, 2, 0, 2
2026/6/15, 00:26:01.398, 30373.50, 30373.75, 30372.75, 30373.75, 4, 4, 0, 4
2026/6/15, 00:26:01.414, 30371.75, 30372.75, 30371.75, 30371.75, 1, 1, 0, 1
2026/6/15, 00:26:01.423, 30374.25, 30375.25, 30374.25, 30375.25, 4, 4, 0, 4
2026/6/15, 00:26:01.501, 30374.00, 30375.00, 30374.00, 30374.00, 5, 5, 5, 0
2026/6/15, 00:26:03.208, 30376.00, 30376.75, 30375.75, 30375.75, 5, 5, 5, 0
2026/6/15, 00:26:04.081, 30377.25, 30378.25, 30377.25, 30378.25, 8, 8, 0, 8
2026/6/15, 00:26:04.081, 30378.75, 30379.00, 30378.00, 30379.00, 3, 3, 0, 3
2026/6/15, 00:26:04.478, 30377.75, 30378.50, 30377.50, 30378.50, 5, 5, 0, 5
2026/6/15, 00:26:05.125, 30376.50, 30377.25, 30376.25, 30377.25, 5, 5, 3, 2
2026/6/15, 00:26:05.681, 30377.75, 30377.75, 30376.75, 30377.75, 1, 1, 0, 1
2026/6/15, 00:26:06.319, 30375.00, 30375.00, 30374.00, 30375.00, 1, 1, 1, 0
2026/6/15, 00:26:07.002, 30373.75, 30373.75, 30372.75, 30373.75, 1, 1, 1, 0
2026/6/15, 00:26:08.293, 30371.75, 30372.75, 30371.75, 30371.75, 1, 1, 1, 0
2026/6/15, 00:26:09.588, 30375.25, 30375.25, 30374.25, 30375.25, 3, 3, 3, 0
2026/6/15, 00:26:09.605, 30374.00, 30375.00, 30374.00, 30375.00, 5, 5, 1, 4
2026/6/15, 00:26:11.465, 30375.25, 30376.25, 30375.25, 30375.25, 2, 2, 0, 2
2026/6/15, 00:26:11.954, 30376.50, 30377.00, 30376.00, 30376.00, 4, 4, 4, 0
2026/6/15, 00:26:12.944, 30379.75, 30380.75, 30379.75, 30379.75, 3, 2, 0, 3
2026/6/15, 00:26:14.982, 30381.50, 30382.50, 30381.50, 30382.50, 2, 2, 0, 2
2026/6/15, 00:26:15.356, 30382.75, 30382.75, 30381.75, 30382.75, 1, 1, 1, 0
2026/6/15, 00:26:15.499, 30381.25, 30382.25, 30381.25, 30381.25, 2, 2, 2, 0
2026/6/15, 00:26:16.119, 30382.50, 30382.50, 30381.50, 30382.50, 1, 1, 0, 1
2026/6/15, 00:26:16.317, 30380.25, 30380.25, 30379.25, 30380.25, 1, 1, 1, 0
2026/6/15, 00:26:16.717, 30378.75, 30379.00, 30378.00, 30379.00, 4, 4, 3, 1
2026/6/15, 00:26:23.289, 30377.00, 30377.00, 30376.00, 30377.00, 1, 1, 1, 0
2026/6/15, 00:26:23.970, 30375.25, 30375.25, 30374.25, 30375.25, 3, 3, 3, 0
2026/6/15, 00:26:25.325, 30372.50, 30373.25, 30372.25, 30372.25, 2, 2, 2, 0
2026/6/15, 00:26:27.733, 30374.75, 30375.75, 30374.75, 30375.75, 3, 3, 0, 3
2026/6/15, 00:26:28.926, 30376.25, 30376.25, 30375.25, 30376.25, 1, 1, 1, 0
2026/6/15, 00:26:29.274, 30374.00, 30374.00, 30373.00, 30373.00, 4, 4, 4, 0
2026/6/15, 00:26:35.007, 30372.00, 30372.00, 30371.00, 30372.00, 3, 2, 3, 0
2026/6/15, 00:26:35.040, 30367.75, 30368.75, 30367.75, 30367.75, 2, 2, 2, 0
2026/6/15, 00:26:35.535, 30369.75, 30370.25, 30369.25, 30369.25, 4, 4, 0, 4
2026/6/15, 00:26:36.577, 30368.50, 30368.50, 30367.50, 30367.50, 2, 2, 2, 0
2026/6/15, 00:26:36.981, 30367.00, 30367.00, 30366.00, 30367.00, 1, 1, 1, 0
2026/6/15, 00:26:37.064, 30365.75, 30365.75, 30364.75, 30364.75, 2, 2, 2, 0
2026/6/15, 00:26:37.936, 30364.50, 30364.50, 30363.50, 30364.50, 1, 1, 0, 1
2026/6/15, 00:26:37.988, 30362.75, 30363.00, 30362.00, 30362.00, 7, 6, 7, 0
2026/6/15, 00:26:39.229, 30363.75, 30363.75, 30362.75, 30363.75, 1, 1, 0, 1
2026/6/15, 00:26:39.423, 30361.75, 30362.75, 30361.75, 30362.75, 6, 6, 2, 4
2026/6/15, 00:26:41.471, 30364.25, 30364.50, 30363.50, 30364.50, 3, 3, 1, 2
2026/6/15, 00:26:45.173, 30357.25, 30357.25, 30356.25, 30356.25, 5, 5, 5, 0
2026/6/15, 00:26:46.309, 30356.00, 30356.00, 30355.00, 30355.00, 7, 7, 7, 0
2026/6/15, 00:26:48.030, 30353.25, 30354.25, 30353.25, 30353.25, 2, 2, 2, 0
2026/6/15, 00:26:48.283, 30355.50, 30355.50, 30354.50, 30355.50, 1, 1, 0, 1
2026/6/15, 00:26:48.559, 30354.00, 30354.00, 30353.00, 30353.00, 6, 5, 3, 3
2026/6/15, 00:26:48.782, 30352.75, 30353.75, 30352.75, 30353.75, 7, 7, 2, 5
2026/6/15, 00:26:49.188, 30352.00, 30353.00, 30352.00, 30352.00, 3, 3, 3, 0
2026/6/15, 00:26:49.945, 30354.75, 30355.50, 30354.50, 30354.50, 4, 4, 2, 2
2026/6/15, 00:26:50.816, 30354.25, 30354.75, 30353.75, 30354.75, 2, 2, 1, 1
2026/6/15, 00:26:51.184, 30352.00, 30352.00, 30351.00, 30351.00, 12, 10, 12, 0
2026/6/15, 00:26:54.185, 30353.00, 30354.00, 30353.00, 30354.00, 3, 3, 0, 3
2026/6/15, 00:27:00.695, 30354.25, 30354.25, 30353.25, 30354.25, 3, 3, 0, 3
2026/6/15, 00:27:05.045, 30352.25, 30352.25, 30351.25, 30351.25, 7, 7, 7, 0
2026/6/15, 00:27:05.045, 30351.00, 30351.25, 30350.25, 30351.25, 34, 14, 34, 0
2026/6/15, 00:27:05.154, 30350.00, 30350.00, 30349.00, 30350.00, 3, 3, 3, 0
2026/6/15, 00:27:05.367, 30347.75, 30347.75, 30346.75, 30347.75, 2, 2, 2, 0
2026/6/15, 00:27:05.375, 30345.75, 30346.00, 30345.00, 30345.00, 2, 2, 1, 1
2026/6/15, 00:27:05.386, 30346.50, 30347.50, 30346.50, 30347.50, 6, 6, 1, 5
2026/6/15, 00:27:06.197, 30348.00, 30348.00, 30347.00, 30348.00, 1, 1, 0, 1
2026/6/15, 00:27:06.734, 30345.75, 30345.75, 30344.75, 30344.75, 2, 2, 2, 0
2026/6/15, 00:27:07.023, 30344.25, 30344.50, 30343.50, 30343.50, 2, 2, 2, 0
2026/6/15, 00:27:08.013, 30345.25, 30345.25, 30344.25, 30344.25, 3, 3, 3, 0
2026/6/15, 00:27:09.790, 30343.50, 30344.50, 30343.50, 30343.50, 1, 1, 1, 0
2026/6/15, 00:27:11.833, 30346.00, 30346.00, 30345.00, 30346.00, 1, 1, 0, 1
2026/6/15, 00:27:12.890, 30343.25, 30343.25, 30342.25, 30342.25, 3, 3, 3, 0
2026/6/15, 00:27:13.044, 30342.00, 30342.00, 30341.00, 30341.00, 4, 4, 4, 0
2026/6/15, 00:27:13.044, 30340.50, 30340.50, 30339.50, 30339.50, 5, 5, 5, 0
2026/6/15, 00:27:13.047, 30339.25, 30340.25, 30339.25, 30339.25, 4, 2, 4, 0
2026/6/15, 00:27:13.073, 30341.00, 30342.00, 30341.00, 30342.00, 4, 4, 0, 4
2026/6/15, 00:27:13.949, 30345.00, 30345.00, 30344.00, 30345.00, 1, 1, 0, 1
2026/6/15, 00:27:15.348, 30343.50, 30344.50, 30343.50, 30343.50, 1, 1, 1, 0
2026/6/15, 00:27:15.349, 30344.75, 30345.50, 30344.50, 30345.50, 2, 2, 0, 2
2026/6/15, 00:27:15.999, 30344.00, 30344.00, 30343.00, 30344.00, 2, 1, 2, 0
2026/6/15, 00:27:16.471, 30341.00, 30342.00, 30341.00, 30341.00, 1, 1, 1, 0
2026/6/15, 00:27:16.622, 30342.50, 30342.50, 30341.50, 30342.50, 1, 1, 1, 0
2026/6/15, 00:27:17.528, 30339.25, 30340.00, 30339.00, 30340.00, 3, 3, 2, 1
2026/6/15, 00:27:18.045, 30338.00, 30339.00, 30338.00, 30338.00, 1, 1, 1, 0
2026/6/15, 00:27:18.361, 30341.25, 30341.25, 30340.25, 30341.25, 2, 2, 1, 1
2026/6/15, 00:27:19.149, 30338.25, 30338.25, 30337.25, 30338.25, 2, 2, 2, 0
2026/6/15, 00:27:20.123, 30334.00, 30334.00, 30333.00, 30333.00, 4, 4, 4, 0
2026/6/15, 00:27:20.849, 30335.75, 30335.75, 30334.75, 30335.75, 1, 1, 1, 0
2026/6/15, 00:27:20.861, 30334.25, 30335.25, 30334.25, 30334.25, 1, 1, 1, 0
2026/6/15, 00:27:21.690, 30336.50, 30337.00, 30336.00, 30337.00, 2, 2, 0, 2
2026/6/15, 00:27:22.100, 30334.25, 30335.25, 30334.25, 30335.25, 2, 2, 2, 0
2026/6/15, 00:27:22.630, 30336.50, 30336.50, 30335.50, 30335.50, 3, 3, 0, 3
2026/6/15, 00:27:24.208, 30333.25, 30334.25, 30333.25, 30333.25, 1, 1, 1, 0
2026/6/15, 00:27:25.055, 30336.75, 30337.00, 30336.00, 30337.00, 5, 5, 0, 5
2026/6/15, 00:27:26.300, 30332.75, 30333.75, 30332.75, 30332.75, 1, 1, 1, 0
2026/6/15, 00:27:26.327, 30335.25, 30336.25, 30335.25, 30335.25, 5, 3, 0, 5
2026/6/15, 00:27:27.792, 30333.50, 30334.50, 30333.50, 30333.50, 1, 1, 1, 0
2026/6/15, 00:27:29.004, 30335.25, 30336.25, 30335.25, 30336.25, 4, 2, 3, 1
2026/6/15, 00:27:29.004, 30336.50, 30337.50, 30336.50, 30336.50, 1, 1, 0, 1
2026/6/15, 00:27:29.008, 30338.00, 30338.00, 30337.00, 30337.00, 2, 2, 0, 2
2026/6/15, 00:27:30.335, 30336.25, 30337.25, 30336.25, 30336.25, 1, 1, 1, 0
2026/6/15, 00:27:30.532, 30338.75, 30338.75, 30337.75, 30337.75, 2, 2, 1, 1
2026/6/15, 00:27:30.888, 30336.50, 30337.50, 30336.50, 30336.50, 1, 1, 1, 0
2026/6/15, 00:27:32.342, 30342.50, 30343.00, 30342.00, 30342.00, 2, 2, 1, 1
2026/6/15, 00:27:32.842, 30343.75, 30344.75, 30343.75, 30343.75, 1, 1, 0, 1
2026/6/15, 00:27:32.842, 30345.00, 30345.75, 30344.75, 30345.75, 6, 6, 0, 6
2026/6/15, 00:27:34.028, 30347.25, 30348.25, 30347.25, 30348.25, 4, 4, 0, 4
2026/6/15, 00:27:34.166, 30348.50, 30349.50, 30348.50, 30348.50, 1, 1, 0, 1
2026/6/15, 00:27:34.598, 30350.00, 30350.50, 30349.50, 30349.50, 4, 4, 3, 1
2026/6/15, 00:27:35.547, 30351.50, 30352.50, 30351.50, 30351.50, 1, 1, 0, 1
2026/6/15, 00:27:35.814, 30353.00, 30353.75, 30352.75, 30353.75, 4, 3, 2, 2
2026/6/15, 00:27:37.650, 30352.00, 30352.00, 30351.00, 30352.00, 1, 1, 1, 0
2026/6/15, 00:27:37.694, 30347.75, 30347.75, 30346.75, 30347.75, 1, 1, 1, 0
2026/6/15, 00:27:39.913, 30346.50, 30347.50, 30346.50, 30347.50, 3, 3, 0, 3
2026/6/15, 00:27:40.463, 30343.50, 30344.50, 30343.50, 30343.50, 2, 2, 2, 0
2026/6/15, 00:27:44.490, 30345.75, 30346.75, 30345.75, 30346.75, 5, 5, 0, 5
2026/6/15, 00:27:45.185, 30347.50, 30348.25, 30347.25, 30348.25, 3, 3, 0, 3
2026/6/15, 00:27:46.683, 30346.25, 30346.25, 30345.25, 30346.25, 2, 2, 0, 2
2026/6/15, 00:27:47.362, 30343.50, 30344.50, 30343.50, 30343.50, 1, 1, 1, 0
2026/6/15, 00:27:47.464, 30345.00, 30345.00, 30344.00, 30345.00, 1, 1, 0, 1
2026/6/15, 00:27:49.136, 30343.50, 30343.50, 30342.50, 30343.50, 2, 2, 0, 2
2026/6/15, 00:27:53.101, 30341.50, 30341.50, 30340.50, 30340.50, 2, 2, 2, 0
2026/6/15, 00:27:54.473, 30340.25, 30341.25, 30340.25, 30340.25, 1, 1, 1, 0
2026/6/15, 00:27:55.060, 30342.75, 30343.75, 30342.75, 30342.75, 1, 1, 0, 1
2026/6/15, 00:28:00.382, 30344.00, 30344.75, 30343.75, 30344.75, 6, 5, 0, 6
2026/6/15, 00:28:00.766, 30345.00, 30346.00, 30345.00, 30346.00, 2, 2, 0, 2
2026/6/15, 00:28:00.772, 30347.00, 30348.00, 30347.00, 30348.00, 2, 2, 0, 2
2026/6/15, 00:28:02.242, 30351.25, 30351.25, 30350.25, 30351.25, 1, 1, 0, 1
2026/6/15, 00:28:03.153, 30350.00, 30351.00, 30350.00, 30350.00, 1, 1, 1, 0
2026/6/15, 00:28:03.839, 30351.25, 30352.25, 30351.25, 30352.25, 4, 4, 0, 4
2026/6/15, 00:28:04.432, 30352.50, 30353.50, 30352.50, 30352.50, 2, 2, 0, 2
2026/6/15, 00:28:04.538, 30355.00, 30356.00, 30355.00, 30355.00, 6, 6, 1, 5
2026/6/15, 00:28:05.657, 30357.25, 30357.25, 30356.25, 30356.25, 2, 2, 1, 1
2026/6/15, 00:28:05.777, 30355.75, 30356.75, 30355.75, 30355.75, 3, 3, 3, 0
2026/6/15, 00:28:06.203, 30357.50, 30357.50, 30356.50, 30357.50, 1, 1, 0, 1
2026/6/15, 00:28:06.459, 30356.00, 30357.00, 30356.00, 30356.00, 2, 2, 2, 0
2026/6/15, 00:28:06.881, 30358.00, 30358.00, 30357.00, 30358.00, 1, 1, 0, 1
2026/6/15, 00:28:06.891, 30356.25, 30357.25, 30356.25, 30356.25, 1, 1, 1, 0
2026/6/15, 00:28:07.313, 30358.00, 30359.00, 30358.00, 30358.00, 5, 3, 0, 5
2026/6/15, 00:28:07.315, 30359.50, 30360.25, 30359.25, 30359.25, 3, 3, 0, 3
2026/6/15, 00:28:07.756, 30361.00, 30361.50, 30360.50, 30360.50, 3, 3, 3, 0
2026/6/15, 00:28:08.386, 30362.75, 30362.75, 30361.75, 30361.75, 4, 4, 3, 1
2026/6/15, 00:28:09.868, 30361.00, 30361.00, 30360.00, 30361.00, 1, 1, 1, 0
2026/6/15, 00:28:10.814, 30358.75, 30358.75, 30357.75, 30358.75, 1, 1, 1, 0
2026/6/15, 00:28:11.194, 30357.25, 30358.25, 30357.25, 30357.25, 1, 1, 1, 0
2026/6/15, 00:28:13.517, 30360.50, 30361.50, 30360.50, 30361.50, 3, 3, 0, 3
2026/6/15, 00:28:13.517, 30361.75, 30362.75, 30361.75, 30361.75, 5, 5, 0, 5
2026/6/15, 00:28:13.531, 30363.50, 30364.50, 30363.50, 30363.50, 2, 2, 0, 2
2026/6/15, 00:28:13.539, 30365.00, 30365.00, 30364.00, 30365.00, 8, 8, 6, 2
2026/6/15, 00:28:14.234, 30366.75, 30367.75, 30366.75, 30367.75, 4, 4, 0, 4
2026/6/15, 00:28:14.674, 30369.75, 30370.50, 30369.50, 30370.50, 4, 4, 0, 4
2026/6/15, 00:28:14.676, 30368.75, 30368.75, 30367.75, 30368.75, 1, 1, 0, 1
2026/6/15, 00:28:15.483, 30366.00, 30366.25, 30365.25, 30365.25, 4, 4, 4, 0
2026/6/15, 00:28:16.995, 30362.75, 30363.75, 30362.75, 30362.75, 1, 1, 1, 0
2026/6/15, 00:28:18.083, 30365.75, 30366.75, 30365.75, 30365.75, 1, 1, 0, 1
2026/6/15, 00:28:18.822, 30367.00, 30368.00, 30367.00, 30368.00, 10, 10, 0, 10
2026/6/15, 00:28:19.143, 30369.50, 30370.00, 30369.00, 30370.00, 4, 4, 0, 4
2026/6/15, 00:28:19.640, 30366.50, 30366.50, 30365.50, 30366.50, 4, 4, 3, 1
2026/6/15, 00:28:22.104, 30366.75, 30366.75, 30365.75, 30366.75, 1, 1, 0, 1
2026/6/15, 00:28:23.478, 30364.00, 30365.00, 30364.00, 30364.00, 2, 2, 2, 0
2026/6/15, 00:28:23.917, 30365.25, 30365.25, 30364.25, 30365.25, 2, 2, 0, 2
2026/6/15, 00:28:23.960, 30362.75, 30362.75, 30361.75, 30362.75, 1, 1, 1, 0
2026/6/15, 00:28:24.766, 30360.25, 30360.75, 30359.75, 30359.75, 3, 3, 3, 0
2026/6/15, 00:28:26.113, 30361.75, 30362.75, 30361.75, 30361.75, 2, 2, 0, 2
2026/6/15, 00:28:27.422, 30363.50, 30364.50, 30363.50, 30363.50, 1, 1, 0, 1
2026/6/15, 00:28:28.388, 30365.25, 30365.25, 30364.25, 30365.25, 1, 1, 0, 1
2026/6/15, 00:28:30.700, 30362.25, 30363.25, 30362.25, 30363.25, 2, 2, 2, 0
2026/6/15, 00:28:32.808, 30363.50, 30364.50, 30363.50, 30363.50, 1, 1, 0, 1
2026/6/15, 00:28:33.369, 30368.00, 30368.00, 30367.00, 30368.00, 1, 1, 0, 1
2026/6/15, 00:28:33.906, 30364.25, 30364.25, 30363.25, 30364.25, 1, 1, 1, 0
2026/6/15, 00:28:36.236, 30362.00, 30362.25, 30361.25, 30361.25, 3, 3, 3, 0
2026/6/15, 00:28:37.129, 30363.75, 30363.75, 30362.75, 30363.75, 1, 1, 0, 1
2026/6/15, 00:28:37.510, 30361.50, 30361.50, 30360.50, 30361.50, 1, 1, 0, 1
2026/6/15, 00:28:38.730, 30360.00, 30360.00, 30359.00, 30360.00, 1, 1, 1, 0
2026/6/15, 00:28:39.792, 30358.25, 30359.00, 30358.00, 30358.00, 4, 4, 3, 1
2026/6/15, 00:28:41.905, 30360.75, 30360.75, 30359.75, 30359.75, 2, 2, 0, 2
2026/6/15, 00:28:44.369, 30361.00, 30362.00, 30361.00, 30362.00, 2, 2, 1, 1
2026/6/15, 00:28:49.181, 30363.25, 30363.75, 30362.75, 30363.75, 2, 2, 0, 2
2026/6/15, 00:28:53.491, 30361.00, 30361.00, 30360.00, 30360.00, 6, 6, 6, 0
2026/6/15, 00:28:53.491, 30359.00, 30359.00, 30358.00, 30359.00, 1, 1, 1, 0
2026/6/15, 00:28:53.501, 30356.75, 30356.75, 30355.75, 30355.75, 2, 2, 1, 1
2026/6/15, 00:29:00.953, 30354.50, 30355.50, 30354.50, 30354.50, 1, 1, 1, 0
2026/6/15, 00:29:01.994, 30358.50, 30359.50, 30358.50, 30359.50, 2, 2, 1, 1
2026/6/15, 00:29:05.797, 30359.75, 30360.00, 30359.00, 30359.00, 2, 2, 2, 0
2026/6/15, 00:29:06.480, 30360.50, 30361.50, 30360.50, 30360.50, 1, 1, 0, 1
2026/6/15, 00:29:06.483, 30362.00, 30363.00, 30362.00, 30363.00, 3, 2, 1, 2
2026/6/15, 00:29:07.351, 30360.00, 30360.00, 30359.00, 30360.00, 1, 1, 1, 0
2026/6/15, 00:29:09.952, 30355.50, 30355.50, 30354.50, 30354.50, 5, 5, 5, 0
2026/6/15, 00:29:10.849, 30353.75, 30353.75, 30352.75, 30352.75, 4, 4, 4, 0
2026/6/15, 00:29:10.849, 30352.00, 30352.00, 30351.00, 30352.00, 4, 4, 4, 0
2026/6/15, 00:29:10.849, 30350.75, 30351.75, 30350.75, 30350.75, 3, 3, 3, 0
2026/6/15, 00:29:11.197, 30353.25, 30353.25, 30352.25, 30353.25, 1, 1, 0, 1
2026/6/15, 00:29:11.276, 30350.25, 30350.25, 30349.25, 30350.25, 3, 3, 3, 0
2026/6/15, 00:29:14.734, 30347.00, 30347.50, 30346.50, 30346.50, 5, 5, 5, 0
2026/6/15, 00:29:15.616, 30350.50, 30350.50, 30349.50, 30350.50, 1, 1, 0, 1
2026/6/15, 00:29:15.633, 30346.50, 30347.50, 30346.50, 30346.50, 1, 1, 1, 0
2026/6/15, 00:29:15.958, 30349.50, 30349.50, 30348.50, 30349.50, 2, 1, 0, 2
2026/6/15, 00:29:17.839, 30347.00, 30347.00, 30346.00, 30347.00, 2, 2, 2, 0
2026/6/15, 00:29:17.839, 30345.25, 30346.25, 30345.25, 30345.25, 3, 3, 3, 0
2026/6/15, 00:29:18.064, 30348.75, 30349.00, 30348.00, 30348.00, 3, 3, 2, 1
2026/6/15, 00:29:25.631, 30349.50, 30350.25, 30349.25, 30350.25, 4, 4, 0, 4
2026/6/15, 00:29:26.622, 30349.00, 30349.00, 30348.00, 30349.00, 1, 1, 1, 0
2026/6/15, 00:29:28.536, 30345.75, 30346.75, 30345.75, 30345.75, 1, 1, 1, 0
2026/6/15, 00:29:29.830, 30348.75, 30349.75, 30348.75, 30348.75, 1, 1, 0, 1
2026/6/15, 00:29:29.998, 30350.00, 30350.00, 30349.00, 30349.00, 3, 3, 1, 2
2026/6/15, 00:29:30.894, 30348.75, 30349.75, 30348.75, 30348.75, 1, 1, 1, 0
2026/6/15, 00:29:34.298, 30352.50, 30353.50, 30352.50, 30353.50, 4, 4, 0, 4
2026/6/15, 00:29:34.298, 30353.75, 30354.75, 30353.75, 30353.75, 3, 3, 0, 3
2026/6/15, 00:29:37.097, 30357.00, 30357.00, 30356.00, 30357.00, 1, 1, 1, 0
2026/6/15, 00:29:37.402, 30354.00, 30354.25, 30353.25, 30353.25, 3, 3, 3, 0
2026/6/15, 00:29:38.427, 30355.00, 30355.00, 30354.00, 30355.00, 2, 2, 0, 2
2026/6/15, 00:29:42.120, 30352.00, 30352.00, 30351.00, 30352.00, 1, 1, 1, 0
2026/6/15, 00:29:42.120, 30350.25, 30351.25, 30350.25, 30350.25, 1, 1, 1, 0
2026/6/15, 00:29:42.124, 30351.75, 30352.75, 30351.75, 30352.75, 2, 2, 1, 1
2026/6/15, 00:29:43.690, 30353.00, 30353.25, 30352.25, 30353.25, 3, 3, 0, 3
2026/6/15, 00:29:50.668, 30352.00, 30352.00, 30351.00, 30351.00, 3, 3, 2, 1
2026/6/15, 00:29:54.016, 30352.50, 30353.50, 30352.50, 30353.50, 4, 4, 0, 4
2026/6/15, 00:30:02.312, 30348.50, 30348.50, 30347.50, 30347.50, 4, 4, 4, 0
2026/6/15, 00:30:03.433, 30345.50, 30345.50, 30344.50, 30344.50, 3, 3, 3, 0
2026/6/15, 00:30:04.792, 30344.25, 30344.25, 30343.25, 30344.25, 2, 2, 2, 0
2026/6/15, 00:30:05.730, 30343.00, 30343.00, 30342.00, 30343.00, 2, 1, 2, 0
2026/6/15, 00:30:07.017, 30340.50, 30341.00, 30340.00, 30341.00, 10, 9, 8, 2
2026/6/15, 00:30:08.292, 30344.25, 30344.50, 30343.50, 30343.50, 4, 4, 4, 0
2026/6/15, 00:30:20.961, 30351.00, 30352.00, 30351.00, 30351.00, 1, 1, 0, 1
2026/6/15, 00:30:20.961, 30352.75, 30352.75, 30351.75, 30352.75, 1, 1, 0, 1
2026/6/15, 00:30:25.285, 30348.50, 30349.25, 30348.25, 30348.25, 2, 2, 1, 1
2026/6/15, 00:30:29.062, 30351.25, 30352.25, 30351.25, 30352.25, 3, 3, 0, 3
2026/6/15, 00:30:29.619, 30352.50, 30353.50, 30352.50, 30353.50, 5, 5, 0, 5
2026/6/15, 00:30:30.944, 30358.00, 30358.75, 30357.75, 30357.75, 4, 4, 0, 4
2026/6/15, 00:30:33.836, 30359.25, 30359.25, 30358.25, 30359.25, 2, 2, 0, 2
2026/6/15, 00:30:41.638, 30357.00, 30358.00, 30357.00, 30358.00, 2, 2, 0, 2
2026/6/15, 00:30:45.363, 30358.50, 30359.50, 30358.50, 30359.50, 3, 3, 1, 2
2026/6/15, 00:30:46.368, 30360.25, 30361.25, 30360.25, 30361.25, 5, 5, 0, 5
2026/6/15, 00:30:46.450, 30362.00, 30362.00, 30361.00, 30362.00, 1, 1, 0, 1
2026/6/15, 00:30:48.454, 30359.50, 30360.50, 30359.50, 30360.50, 2, 2, 1, 1
2026/6/15, 00:30:50.802, 30357.00, 30358.00, 30357.00, 30357.00, 2, 2, 1, 1
2026/6/15, 00:30:55.918, 30360.00, 30360.00, 30359.00, 30359.00, 2, 2, 0, 2
2026/6/15, 00:30:58.480, 30358.50, 30359.50, 30358.50, 30359.50, 2, 2, 1, 1
2026/6/15, 00:31:04.081, 30356.50, 30356.50, 30355.50, 30356.50, 2, 2, 0, 2
2026/6/15, 00:31:04.083, 30354.50, 30355.50, 30354.50, 30354.50, 1, 1, 1, 0
2026/6/15, 00:31:04.083, 30356.50, 30357.50, 30356.50, 30356.50, 1, 1, 0, 1
2026/6/15, 00:31:04.600, 30358.25, 30359.25, 30358.25, 30359.25, 3, 3, 0, 3
2026/6/15, 00:31:07.394, 30359.75, 30360.75, 30359.75, 30359.75, 2, 2, 0, 2
2026/6/15, 00:31:07.394, 30361.00, 30362.00, 30361.00, 30361.00, 1, 1, 0, 1
2026/6/15, 00:31:07.397, 30362.50, 30363.50, 30362.50, 30363.50, 3, 3, 0, 3
2026/6/15, 00:31:07.405, 30363.75, 30364.75, 30363.75, 30364.75, 3, 3, 0, 3
2026/6/15, 00:31:07.411, 30365.00, 30365.00, 30364.00, 30365.00, 1, 1, 0, 1
2026/6/15, 00:31:07.415, 30362.75, 30363.75, 30362.75, 30362.75, 2, 2, 2, 0
2026/6/15, 00:31:07.599, 30368.00, 30369.00, 30368.00, 30369.00, 4, 4, 0, 4
2026/6/15, 00:31:07.599, 30370.00, 30370.25, 30369.25, 30370.25, 8, 8, 0, 8
2026/6/15, 00:31:07.603, 30368.50, 30369.50, 30368.50, 30368.50, 9, 9, 9, 0
2026/6/15, 00:31:07.608, 30371.00, 30372.00, 30371.00, 30372.00, 8, 6, 0, 8
2026/6/15, 00:31:08.545, 30370.75, 30370.75, 30369.75, 30369.75, 6, 6, 6, 0
2026/6/15, 00:31:09.051, 30369.25, 30369.50, 30368.50, 30368.50, 3, 3, 2, 1
2026/6/15, 00:31:10.030, 30364.75, 30364.75, 30363.75, 30364.75, 2, 2, 2, 0
2026/6/15, 00:31:10.440, 30362.75, 30363.75, 30362.75, 30362.75, 1, 1, 1, 0
2026/6/15, 00:31:10.570, 30365.00, 30366.00, 30365.00, 30365.00, 1, 1, 0, 1
2026/6/15, 00:31:12.484, 30367.25, 30367.25, 30366.25, 30366.25, 2, 2, 0, 2
2026/6/15, 00:31:21.355, 30364.00, 30364.00, 30363.00, 30363.00, 2, 2, 2, 0
2026/6/15, 00:31:25.508, 30362.00, 30363.00, 30362.00, 30362.00, 1, 1, 1, 0
2026/6/15, 00:31:26.517, 30363.25, 30364.25, 30363.25, 30364.25, 4, 4, 0, 4
2026/6/15, 00:31:26.519, 30365.25, 30365.25, 30364.25, 30365.25, 1, 1, 0, 1
2026/6/15, 00:31:26.520, 30362.75, 30362.75, 30361.75, 30361.75, 2, 2, 2, 0
2026/6/15, 00:31:28.713, 30361.00, 30362.00, 30361.00, 30361.00, 1, 1, 1, 0
2026/6/15, 00:31:31.152, 30364.50, 30364.50, 30363.50, 30364.50, 1, 1, 0, 1
2026/6/15, 00:31:33.680, 30362.00, 30362.00, 30361.00, 30361.00, 2, 2, 2, 0
2026/6/15, 00:31:35.185, 30360.75, 30360.75, 30359.75, 30359.75, 6, 5, 6, 0
2026/6/15, 00:31:37.558, 30358.00, 30358.00, 30357.00, 30358.00, 1, 1, 1, 0
2026/6/15, 00:31:39.212, 30356.50, 30357.50, 30356.50, 30356.50, 2, 2, 0, 2
2026/6/15, 00:31:44.744, 30357.75, 30357.75, 30356.75, 30357.75, 1, 1, 0, 1
2026/6/15, 00:31:47.549, 30355.25, 30355.25, 30354.25, 30354.25, 3, 3, 3, 0
2026/6/15, 00:31:47.551, 30354.00, 30354.00, 30353.00, 30354.00, 1, 1, 1, 0
2026/6/15, 00:31:48.022, 30350.00, 30350.00, 30349.00, 30350.00, 2, 2, 2, 0
2026/6/15, 00:31:48.169, 30347.25, 30347.25, 30346.25, 30346.25, 3, 3, 3, 0
2026/6/15, 00:31:51.028, 30349.00, 30350.00, 30349.00, 30349.00, 2, 2, 0, 2
2026/6/15, 00:31:51.105, 30351.50, 30351.75, 30350.75, 30351.75, 2, 2, 0, 2
2026/6/15, 00:32:04.440, 30346.75, 30346.75, 30345.75, 30346.75, 3, 3, 1, 2
2026/6/15, 00:32:08.506, 30345.25, 30346.00, 30345.00, 30346.00, 6, 6, 3, 3
2026/6/15, 00:32:15.930, 30346.25, 30346.25, 30345.25, 30346.25, 3, 3, 0, 3
2026/6/15, 00:32:17.087, 30344.50, 30344.50, 30343.50, 30344.50, 1, 1, 1, 0
2026/6/15, 00:32:17.341, 30343.25, 30343.25, 30342.25, 30343.25, 2, 2, 2, 0
2026/6/15, 00:32:19.092, 30342.00, 30342.00, 30341.00, 30341.00, 2, 2, 2, 0
2026/6/15, 00:32:23.578, 30340.00, 30340.00, 30339.00, 30339.00, 5, 5, 5, 0
2026/6/15, 00:32:24.831, 30338.00, 30338.00, 30337.00, 30337.00, 6, 6, 6, 0
2026/6/15, 00:32:24.831, 30335.50, 30336.25, 30335.25, 30335.25, 2, 2, 2, 0
2026/6/15, 00:32:24.834, 30338.25, 30339.00, 30338.00, 30338.00, 8, 8, 0, 8
2026/6/15, 00:32:26.828, 30336.75, 30336.75, 30335.75, 30336.75, 2, 2, 0, 2
2026/6/15, 00:32:27.820, 30334.75, 30335.75, 30334.75, 30334.75, 1, 1, 1, 0
2026/6/15, 00:32:27.822, 30336.75, 30337.75, 30336.75, 30336.75, 1, 1, 0, 1
2026/6/15, 00:32:28.158, 30338.00, 30338.00, 30337.00, 30338.00, 1, 1, 0, 1
2026/6/15, 00:32:29.771, 30335.75, 30336.25, 30335.25, 30335.25, 5, 5, 5, 0
2026/6/15, 00:32:29.820, 30336.50, 30337.50, 30336.50, 30336.50, 1, 1, 1, 0
2026/6/15, 00:32:30.117, 30338.25, 30339.25, 30338.25, 30339.25, 2, 2, 0, 2
2026/6/15, 00:32:30.946, 30340.00, 30340.25, 30339.25, 30340.25, 2, 2, 0, 2
2026/6/15, 00:32:32.810, 30338.00, 30338.25, 30337.25, 30337.25, 5, 5, 4, 1
2026/6/15, 00:32:36.735, 30336.75, 30336.75, 30335.75, 30336.75, 2, 2, 0, 2
2026/6/15, 00:32:41.412, 30335.00, 30335.50, 30334.50, 30334.50, 9, 9, 8, 1
2026/6/15, 00:32:46.014, 30338.00, 30338.00, 30337.00, 30338.00, 1, 1, 0, 1
2026/6/15, 00:32:48.825, 30336.75, 30336.75, 30335.75, 30336.75, 1, 1, 0, 1
2026/6/15, 00:32:49.751, 30335.25, 30336.25, 30335.25, 30336.25, 2, 2, 1, 1
2026/6/15, 00:32:51.066, 30333.75, 30333.75, 30332.75, 30333.75, 1, 1, 1, 0
2026/6/15, 00:32:52.421, 30332.25, 30333.25, 30332.25, 30332.25, 1, 1, 1, 0
2026/6/15, 00:32:53.564, 30335.50, 30335.50, 30334.50, 30334.50, 2, 2, 0, 2
2026/6/15, 00:32:55.157, 30332.75, 30333.50, 30332.50, 30332.50, 2, 2, 2, 0
2026/6/15, 00:33:01.045, 30334.50, 30335.50, 30334.50, 30334.50, 1, 1, 0, 1
2026/6/15, 00:33:01.073, 30336.00, 30336.00, 30335.00, 30336.00, 1, 1, 0, 1
2026/6/15, 00:33:01.077, 30334.25, 30334.25, 30333.25, 30333.25, 4, 4, 4, 0
2026/6/15, 00:33:02.598, 30332.25, 30333.00, 30332.00, 30332.00, 2, 2, 2, 0
2026/6/15, 00:33:02.775, 30333.50, 30334.25, 30333.25, 30334.25, 5, 4, 3, 2
2026/6/15, 00:33:03.649, 30332.25, 30332.25, 30331.25, 30332.25, 25, 4, 25, 0
2026/6/15, 00:33:03.660, 30329.00, 30330.00, 30329.00, 30329.00, 3, 3, 3, 0
2026/6/15, 00:33:04.416, 30331.00, 30332.00, 30331.00, 30331.00, 1, 1, 0, 1
2026/6/15, 00:33:06.065, 30335.25, 30336.25, 30335.25, 30335.25, 1, 1, 0, 1
2026/6/15, 00:33:10.149, 30336.75, 30337.75, 30336.75, 30336.75, 2, 2, 0, 2
2026/6/15, 00:33:10.273, 30339.75, 30340.25, 30339.25, 30340.25, 2, 2, 0, 2
2026/6/15, 00:33:11.413, 30338.00, 30339.00, 30338.00, 30338.00, 1, 1, 1, 0
2026/6/15, 00:33:12.659, 30341.75, 30341.75, 30340.75, 30341.75, 1, 1, 0, 1
2026/6/15, 00:33:13.102, 30338.50, 30338.75, 30337.75, 30337.75, 3, 3, 3, 0
2026/6/15, 00:33:13.104, 30339.75, 30339.75, 30338.75, 30339.75, 1, 1, 0, 1
2026/6/15, 00:33:13.109, 30336.75, 30336.75, 30335.75, 30336.75, 1, 1, 1, 0
2026/6/15, 00:33:16.623, 30335.00, 30335.50, 30334.50, 30335.50, 2, 2, 0, 2
2026/6/15, 00:33:17.824, 30333.00, 30333.25, 30332.25, 30332.25, 4, 4, 4, 0
2026/6/15, 00:33:18.320, 30337.00, 30337.00, 30336.00, 30337.00, 1, 1, 0, 1
2026/6/15, 00:33:18.952, 30333.75, 30334.25, 30333.25, 30333.25, 5, 5, 5, 0
2026/6/15, 00:33:19.804, 30334.50, 30335.50, 30334.50, 30334.50, 4, 2, 0, 4
2026/6/15, 00:33:20.302, 30336.25, 30337.25, 30336.25, 30337.25, 3, 3, 0, 3
2026/6/15, 00:33:20.327, 30338.25, 30338.25, 30337.25, 30337.25, 7, 7, 7, 0
2026/6/15, 00:33:20.327, 30337.00, 30337.75, 30336.75, 30336.75, 3, 3, 3, 0
2026/6/15, 00:33:20.329, 30338.00, 30338.00, 30337.00, 30337.00, 4, 4, 4, 0
2026/6/15, 00:33:28.240, 30336.75, 30336.75, 30335.75, 30336.75, 2, 2, 2, 0
2026/6/15, 00:33:29.421, 30332.00, 30332.00, 30331.00, 30332.00, 3, 3, 3, 0
2026/6/15, 00:33:30.967, 30330.00, 30330.00, 30329.00, 30330.00, 1, 1, 1, 0
2026/6/15, 00:33:32.534, 30328.00, 30329.00, 30328.00, 30329.00, 3, 3, 3, 0
2026/6/15, 00:33:36.119, 30330.00, 30330.00, 30329.00, 30330.00, 1, 1, 0, 1
2026/6/15, 00:33:38.151, 30327.75, 30328.75, 30327.75, 30327.75, 1, 1, 1, 0
2026/6/15, 00:33:39.278, 30329.75, 30330.50, 30329.50, 30330.50, 2, 2, 0, 2
2026/6/15, 00:33:40.259, 30328.75, 30329.75, 30328.75, 30328.75, 1, 1, 1, 0
2026/6/15, 00:33:41.644, 30330.25, 30331.25, 30330.25, 30331.25, 6, 6, 0, 6
2026/6/15, 00:33:42.388, 30331.50, 30331.50, 30330.50, 30331.50, 1, 1, 0, 1
2026/6/15, 00:33:43.389, 30329.00, 30330.00, 30329.00, 30329.00, 1, 1, 1, 0
2026/6/15, 00:33:43.441, 30331.00, 30332.00, 30331.00, 30332.00, 2, 2, 0, 2
2026/6/15, 00:33:47.122, 30328.25, 30328.25, 30327.25, 30328.25, 1, 1, 1, 0
2026/6/15, 00:33:47.146, 30327.00, 30327.00, 30326.00, 30326.00, 2, 2, 2, 0
2026/6/15, 00:33:49.977, 30325.50, 30325.50, 30324.50, 30324.50, 6, 6, 6, 0
2026/6/15, 00:33:50.723, 30322.75, 30322.75, 30321.75, 30321.75, 9, 9, 9, 0
2026/6/15, 00:33:50.723, 30321.50, 30321.50, 30320.50, 30320.50, 3, 3, 3, 0
2026/6/15, 00:33:50.723, 30320.25, 30321.00, 30320.00, 30320.00, 3, 3, 3, 0
2026/6/15, 00:33:50.728, 30321.75, 30321.75, 30320.75, 30321.75, 2, 2, 2, 0
2026/6/15, 00:33:50.734, 30319.75, 30319.75, 30318.75, 30318.75, 2, 2, 1, 1
2026/6/15, 00:33:50.930, 30317.75, 30318.75, 30317.75, 30317.75, 1, 1, 1, 0
2026/6/15, 00:33:51.445, 30319.25, 30319.50, 30318.50, 30319.50, 2, 2, 0, 2
2026/6/15, 00:33:51.802, 30316.75, 30316.75, 30315.75, 30316.75, 20, 3, 20, 0
2026/6/15, 00:33:51.810, 30315.50, 30315.50, 30314.50, 30314.50, 3, 3, 3, 0
2026/6/15, 00:33:51.824, 30312.50, 30313.50, 30312.50, 30312.50, 4, 4, 4, 0
2026/6/15, 00:33:51.826, 30315.50, 30316.25, 30315.25, 30315.25, 3, 3, 0, 3
2026/6/15, 00:33:51.880, 30319.25, 30319.25, 30318.25, 30319.25, 2, 2, 2, 0
2026/6/15, 00:33:51.982, 30318.00, 30319.00, 30318.00, 30318.00, 3, 3, 0, 3
2026/6/15, 00:33:54.255, 30320.00, 30320.00, 30319.00, 30320.00, 1, 1, 0, 1
2026/6/15, 00:33:59.546, 30318.25, 30319.25, 30318.25, 30318.25, 2, 2, 0, 2
2026/6/15, 00:33:59.551, 30320.00, 30320.00, 30319.00, 30320.00, 1, 1, 0, 1
2026/6/15, 00:33:59.761, 30318.00, 30319.00, 30318.00, 30318.00, 5, 3, 0, 5
2026/6/15, 00:33:59.923, 30319.50, 30320.00, 30319.00, 30320.00, 2, 2, 0, 2
2026/6/15, 00:33:59.924, 30318.50, 30319.50, 30318.50, 30319.50, 2, 2, 0, 2
2026/6/15, 00:34:00.021, 30317.75, 30317.75, 30316.75, 30316.75, 7, 7, 7, 0
2026/6/15, 00:34:00.021, 30316.50, 30316.50, 30315.50, 30315.50, 5, 5, 5, 0
2026/6/15, 00:34:01.257, 30315.00, 30315.00, 30314.00, 30315.00, 1, 1, 1, 0
2026/6/15, 00:34:01.333, 30313.75, 30313.75, 30312.75, 30313.75, 1, 1, 1, 0
2026/6/15, 00:34:01.342, 30312.25, 30312.25, 30311.25, 30312.25, 4, 4, 1, 3
2026/6/15, 00:34:01.355, 30309.75, 30310.75, 30309.75, 30309.75, 1, 1, 1, 0
2026/6/15, 00:34:01.440, 30313.50, 30313.50, 30312.50, 30313.50, 1, 1, 0, 1
2026/6/15, 00:34:01.479, 30311.00, 30311.50, 30310.50, 30311.50, 2, 2, 1, 1
2026/6/15, 00:34:01.717, 30308.75, 30309.50, 30308.50, 30308.50, 4, 4, 4, 0
2026/6/15, 00:34:02.031, 30311.75, 30311.75, 30310.75, 30311.75, 1, 1, 0, 1
2026/6/15, 00:34:02.223, 30308.50, 30309.50, 30308.50, 30308.50, 1, 1, 1, 0
2026/6/15, 00:34:02.423, 30311.00, 30312.00, 30311.00, 30312.00, 2, 2, 1, 1
2026/6/15, 00:34:02.424, 30312.25, 30313.25, 30312.25, 30312.25, 1, 1, 0, 1
2026/6/15, 00:34:03.035, 30316.25, 30316.25, 30315.25, 30316.25, 1, 1, 0, 1
2026/6/15, 00:34:03.472, 30313.25, 30313.50, 30312.50, 30313.50, 3, 3, 3, 0
2026/6/15, 00:34:06.089, 30316.25, 30316.50, 30315.50, 30316.50, 2, 2, 0, 2
2026/6/15, 00:34:07.897, 30313.00, 30313.50, 30312.50, 30312.50, 2, 2, 2, 0
2026/6/15, 00:34:09.112, 30314.75, 30315.75, 30314.75, 30315.75, 2, 2, 0, 2
2026/6/15, 00:34:13.153, 30316.50, 30317.50, 30316.50, 30317.50, 4, 4, 0, 4
2026/6/15, 00:34:13.153, 30317.75, 30318.75, 30317.75, 30318.75, 5, 5, 0, 5
2026/6/15, 00:34:13.153, 30319.25, 30319.50, 30318.50, 30319.50, 3, 3, 0, 3
2026/6/15, 00:34:13.156, 30316.25, 30317.25, 30316.25, 30316.25, 1, 1, 0, 1
2026/6/15, 00:34:16.045, 30319.00, 30319.00, 30318.00, 30319.00, 1, 1, 0, 1
2026/6/15, 00:34:17.853, 30317.00, 30317.00, 30316.00, 30317.00, 1, 1, 1, 0
2026/6/15, 00:34:18.059, 30315.00, 30315.00, 30314.00, 30314.00, 2, 2, 2, 0
2026/6/15, 00:34:19.348, 30313.50, 30314.00, 30313.00, 30313.00, 6, 6, 6, 0
2026/6/15, 00:34:22.912, 30315.25, 30316.25, 30315.25, 30315.25, 3, 3, 0, 3
2026/6/15, 00:34:24.443, 30317.00, 30317.00, 30316.00, 30317.00, 1, 1, 0, 1
2026/6/15, 00:34:24.581, 30314.50, 30314.50, 30313.50, 30313.50, 2, 2, 1, 1
2026/6/15, 00:34:26.161, 30313.25, 30313.50, 30312.50, 30312.50, 5, 5, 5, 0
2026/6/15, 00:34:27.870, 30317.00, 30318.00, 30317.00, 30318.00, 5, 5, 0, 5
2026/6/15, 00:34:27.871, 30318.25, 30319.25, 30318.25, 30318.25, 1, 1, 0, 1
2026/6/15, 00:34:27.874, 30319.50, 30320.50, 30319.50, 30320.50, 3, 3, 0, 3
2026/6/15, 00:34:27.897, 30324.25, 30325.25, 30324.25, 30325.25, 2, 2, 0, 2
2026/6/15, 00:34:27.924, 30326.50, 30327.50, 30326.50, 30326.50, 2, 2, 2, 0
2026/6/15, 00:34:27.924, 30328.25, 30329.25, 30328.25, 30328.25, 1, 1, 0, 1
2026/6/15, 00:34:27.936, 30329.50, 30329.75, 30328.75, 30329.75, 2, 2, 0, 2
2026/6/15, 00:34:27.942, 30327.75, 30327.75, 30326.75, 30327.75, 1, 1, 1, 0
2026/6/15, 00:34:28.014, 30326.00, 30327.00, 30326.00, 30326.00, 4, 4, 4, 0
2026/6/15, 00:34:28.047, 30328.50, 30329.50, 30328.50, 30328.50, 1, 1, 0, 1
2026/6/15, 00:34:28.129, 30330.00, 30331.00, 30330.00, 30331.00, 4, 4, 0, 4
2026/6/15, 00:34:28.129, 30331.50, 30332.50, 30331.50, 30332.50, 6, 6, 0, 6
2026/6/15, 00:34:28.129, 30332.75, 30333.00, 30332.00, 30333.00, 4, 4, 0, 4
2026/6/15, 00:34:28.132, 30330.25, 30331.25, 30330.25, 30330.25, 1, 1, 1, 0
2026/6/15, 00:34:28.137, 30333.25, 30333.25, 30332.25, 30333.25, 1, 1, 0, 1
2026/6/15, 00:34:28.211, 30330.75, 30331.75, 30330.75, 30330.75, 2, 2, 1, 1
2026/6/15, 00:34:28.499, 30332.25, 30333.25, 30332.25, 30332.25, 2, 2, 2, 0
2026/6/15, 00:34:29.478, 30335.00, 30336.00, 30335.00, 30336.00, 3, 3, 0, 3
2026/6/15, 00:34:30.130, 30337.00, 30337.25, 30336.25, 30337.25, 4, 4, 0, 4
2026/6/15, 00:34:30.131, 30335.50, 30335.50, 30334.50, 30334.50, 3, 3, 2, 1
2026/6/15, 00:34:30.299, 30333.00, 30333.75, 30332.75, 30332.75, 5, 5, 5, 0
2026/6/15, 00:34:31.490, 30335.00, 30335.00, 30334.00, 30335.00, 1, 1, 0, 1
2026/6/15, 00:34:32.816, 30332.75, 30332.75, 30331.75, 30331.75, 5, 5, 5, 0
2026/6/15, 00:34:34.062, 30329.50, 30330.50, 30329.50, 30330.50, 3, 3, 0, 3
2026/6/15, 00:34:36.249, 30333.75, 30334.75, 30333.75, 30333.75, 3, 3, 0, 3
2026/6/15, 00:34:36.254, 30335.75, 30335.75, 30334.75, 30335.75, 1, 1, 0, 1
2026/6/15, 00:34:36.258, 30334.50, 30335.50, 30334.50, 30334.50, 1, 1, 1, 0
2026/6/15, 00:34:36.264, 30335.75, 30336.75, 30335.75, 30335.75, 1, 1, 1, 0
2026/6/15, 00:34:36.269, 30337.75, 30338.75, 30337.75, 30337.75, 3, 3, 0, 3
2026/6/15, 00:34:36.283, 30339.00, 30340.00, 30339.00, 30339.00, 1, 1, 0, 1
2026/6/15, 00:34:36.283, 30340.25, 30340.25, 30339.25, 30340.25, 1, 1, 0, 1
2026/6/15, 00:34:36.286, 30339.00, 30339.75, 30338.75, 30338.75, 5, 5, 5, 0
2026/6/15, 00:34:38.002, 30340.25, 30341.25, 30340.25, 30341.25, 2, 2, 0, 2
2026/6/15, 00:34:38.878, 30342.75, 30342.75, 30341.75, 30342.75, 2, 2, 0, 2
2026/6/15, 00:34:39.210, 30339.50, 30340.50, 30339.50, 30340.50, 2, 2, 1, 1
2026/6/15, 00:34:40.009, 30342.00, 30343.00, 30342.00, 30343.00, 2, 2, 0, 2
2026/6/15, 00:34:41.362, 30340.00, 30341.00, 30340.00, 30340.00, 1, 1, 1, 0
2026/6/15, 00:34:42.099, 30341.50, 30341.50, 30340.50, 30341.50, 1, 1, 1, 0
2026/6/15, 00:34:44.443, 30340.25, 30341.25, 30340.25, 30341.25, 2, 2, 1, 1
2026/6/15, 00:34:45.737, 30341.75, 30341.75, 30340.75, 30341.75, 1, 1, 0, 1
2026/6/15, 00:34:47.075, 30340.25, 30340.25, 30339.25, 30340.25, 1, 1, 0, 1
2026/6/15, 00:34:52.700, 30337.75, 30337.75, 30336.75, 30336.75, 5, 5, 5, 0
2026/6/15, 00:34:56.854, 30336.25, 30336.50, 30335.50, 30335.50, 3, 3, 2, 1
2026/6/15, 00:35:02.033, 30336.75, 30336.75, 30335.75, 30336.75, 1, 1, 0, 1
2026/6/15, 00:35:04.132, 30332.75, 30332.75, 30331.75, 30332.75, 1, 1, 0, 1
2026/6/15, 00:35:04.132, 30329.50, 30330.00, 30329.00, 30329.00, 3, 3, 3, 0
2026/6/15, 00:35:04.134, 30331.25, 30331.25, 30330.25, 30331.25, 1, 1, 0, 1
2026/6/15, 00:35:04.383, 30327.00, 30327.25, 30326.25, 30326.25, 6, 6, 6, 0
2026/6/15, 00:35:05.091, 30329.00, 30330.00, 30329.00, 30330.00, 4, 4, 0, 4
2026/6/15, 00:35:06.875, 30331.50, 30332.50, 30331.50, 30331.50, 1, 1, 0, 1
2026/6/15, 00:35:07.198, 30333.25, 30333.25, 30332.25, 30332.25, 4, 4, 0, 4
2026/6/15, 00:35:10.822, 30332.00, 30333.00, 30332.00, 30332.00, 1, 1, 1, 0
2026/6/15, 00:35:17.928, 30338.75, 30339.75, 30338.75, 30339.75, 2, 2, 0, 2
2026/6/15, 00:35:21.271, 30340.00, 30340.00, 30339.00, 30340.00, 1, 1, 0, 1
2026/6/15, 00:35:21.884, 30338.75, 30339.25, 30338.25, 30339.25, 2, 2, 2, 0
2026/6/15, 00:35:23.102, 30335.00, 30335.50, 30334.50, 30335.50, 6, 6, 1, 5
2026/6/15, 00:35:30.828, 30332.00, 30333.00, 30332.00, 30332.00, 1, 1, 1, 0
2026/6/15, 00:35:31.277, 30333.50, 30334.50, 30333.50, 30333.50, 1, 1, 0, 1
2026/6/15, 00:35:35.573, 30337.50, 30338.50, 30337.50, 30338.50, 2, 2, 1, 1
2026/6/15, 00:35:39.590, 30338.75, 30338.75, 30337.75, 30338.75, 1, 1, 0, 1
2026/6/15, 00:35:46.004, 30337.50, 30338.50, 30337.50, 30337.50, 1, 1, 0, 1
2026/6/15, 00:35:56.454, 30339.00, 30339.50, 30338.50, 30339.50, 3, 3, 0, 3
2026/6/15, 00:35:56.460, 30338.00, 30338.00, 30337.00, 30337.00, 8, 5, 8, 0
2026/6/15, 00:35:56.590, 30334.50, 30335.50, 30334.50, 30335.50, 3, 2, 2, 1
2026/6/15, 00:36:00.023, 30333.50, 30334.50, 30333.50, 30333.50, 1, 1, 1, 0
2026/6/15, 00:36:00.488, 30336.00, 30337.00, 30336.00, 30336.00, 2, 2, 0, 2
2026/6/15, 00:36:00.510, 30340.00, 30340.00, 30339.00, 30340.00, 6, 6, 0, 6
2026/6/15, 00:36:02.309, 30338.00, 30339.00, 30338.00, 30338.00, 3, 2, 1, 2
2026/6/15, 00:36:02.342, 30340.25, 30340.75, 30339.75, 30340.75, 3, 3, 0, 3
2026/6/15, 00:36:04.666, 30338.25, 30339.25, 30338.25, 30338.25, 2, 2, 2, 0
2026/6/15, 00:36:05.142, 30339.75, 30340.50, 30339.50, 30339.50, 5, 2, 4, 1
2026/6/15, 00:36:08.903, 30342.00, 30343.00, 30342.00, 30343.00, 5, 5, 1, 4
2026/6/15, 00:36:10.213, 30339.50, 30340.50, 30339.50, 30339.50, 3, 2, 3, 0
2026/6/15, 00:36:10.591, 30341.00, 30341.50, 30340.50, 30340.50, 3, 3, 1, 2
2026/6/15, 00:36:13.406, 30343.25, 30343.25, 30342.25, 30342.25, 2, 2, 0, 2
2026/6/15, 00:36:14.860, 30340.50, 30341.50, 30340.50, 30340.50, 3, 3, 3, 0
2026/6/15, 00:36:16.348, 30343.75, 30344.25, 30343.25, 30343.25, 4, 3, 1, 3
2026/6/15, 00:36:18.170, 30344.75, 30344.75, 30343.75, 30344.75, 4, 4, 0, 4
2026/6/15, 00:36:20.547, 30341.75, 30341.75, 30340.75, 30340.75, 3, 3, 3, 0
2026/6/15, 00:36:20.565, 30340.00, 30340.75, 30339.75, 30340.75, 4, 4, 1, 3
2026/6/15, 00:36:21.971, 30341.50, 30342.00, 30341.00, 30341.00, 4, 4, 0, 4
2026/6/15, 00:36:29.443, 30340.50, 30341.50, 30340.50, 30340.50, 1, 1, 1, 0
2026/6/15, 00:36:29.472, 30342.50, 30343.50, 30342.50, 30342.50, 1, 1, 1, 0
2026/6/15, 00:36:29.903, 30344.75, 30344.75, 30343.75, 30344.75, 1, 1, 0, 1
2026/6/15, 00:36:32.662, 30340.75, 30341.00, 30340.00, 30340.00, 3, 3, 2, 1
2026/6/15, 00:37:04.226, 30338.25, 30338.25, 30337.25, 30338.25, 1, 1, 0, 1
2026/6/15, 00:37:04.226, 30336.25, 30337.00, 30336.00, 30336.00, 2, 2, 2, 0
2026/6/15, 00:37:11.099, 30341.25, 30341.25, 30340.25, 30341.25, 1, 1, 0, 1
2026/6/15, 00:37:19.090, 30338.75, 30339.75, 30338.75, 30338.75, 1, 1, 0, 1
2026/6/15, 00:37:19.091, 30341.75, 30342.00, 30341.00, 30342.00, 3, 3, 0, 3
2026/6/15, 00:37:29.049, 30338.75, 30339.75, 30338.75, 30338.75, 2, 1, 2, 0
2026/6/15, 00:37:36.925, 30341.00, 30342.00, 30341.00, 30341.00, 2, 2, 0, 2
2026/6/15, 00:37:36.928, 30342.75, 30343.75, 30342.75, 30342.75, 1, 1, 0, 1
2026/6/15, 00:37:39.105, 30344.50, 30344.75, 30343.75, 30344.75, 3, 3, 0, 3
2026/6/15, 00:37:43.522, 30341.50, 30341.50, 30340.50, 30341.50, 2, 2, 1, 1
2026/6/15, 00:37:46.593, 30337.50, 30338.50, 30337.50, 30337.50, 1, 1, 1, 0
2026/6/15, 00:37:56.081, 30340.25, 30341.25, 30340.25, 30340.25, 1, 1, 0, 1
2026/6/15, 00:37:56.113, 30342.25, 30342.25, 30341.25, 30341.25, 2, 2, 1, 1
2026/6/15, 00:38:09.551, 30340.75, 30341.75, 30340.75, 30340.75, 2, 2, 2, 0
2026/6/15, 00:38:13.822, 30344.00, 30344.00, 30343.00, 30344.00, 1, 1, 0, 1
2026/6/15, 00:38:30.626, 30340.50, 30340.50, 30339.50, 30339.50, 3, 3, 3, 0
2026/6/15, 00:38:30.626, 30339.25, 30340.00, 30339.00, 30340.00, 4, 4, 4, 0
2026/6/15, 00:38:33.284, 30343.25, 30344.25, 30343.25, 30343.25, 2, 2, 0, 2
2026/6/15, 00:38:37.450, 30344.75, 30345.75, 30344.75, 30345.75, 2, 2, 0, 2
2026/6/15, 00:38:37.489, 30346.00, 30347.00, 30346.00, 30347.00, 3, 3, 0, 3
2026/6/15, 00:38:37.501, 30348.75, 30349.00, 30348.00, 30349.00, 2, 2, 0, 2
2026/6/15, 00:38:37.534, 30346.75, 30346.75, 30345.75, 30345.75, 5, 5, 2, 3
2026/6/15, 00:38:39.795, 30347.00, 30347.75, 30346.75, 30347.75, 3, 3, 0, 3
2026/6/15, 00:38:42.993, 30343.00, 30344.00, 30343.00, 30343.00, 1, 1, 0, 1
2026/6/15, 00:38:44.476, 30347.75, 30348.75, 30347.75, 30348.75, 2, 2, 0, 2
2026/6/15, 00:38:44.480, 30349.00, 30349.00, 30348.00, 30349.00, 3, 3, 0, 3
2026/6/15, 00:39:02.049, 30349.25, 30349.25, 30348.25, 30348.25, 2, 2, 0, 2
2026/6/15, 00:39:06.086, 30345.50, 30346.25, 30345.25, 30345.25, 2, 2, 2, 0
2026/6/15, 00:39:10.486, 30346.50, 30346.50, 30345.50, 30346.50, 1, 1, 0, 1
2026/6/15, 00:39:11.403, 30343.75, 30344.75, 30343.75, 30343.75, 2, 2, 0, 2
2026/6/15, 00:39:16.782, 30345.50, 30346.25, 30345.25, 30346.25, 2, 2, 0, 2
2026/6/15, 00:39:25.619, 30341.25, 30341.25, 30340.25, 30341.25, 3, 3, 3, 0
2026/6/15, 00:39:25.959, 30340.00, 30341.00, 30340.00, 30341.00, 2, 2, 2, 0
2026/6/15, 00:39:26.596, 30338.75, 30338.75, 30337.75, 30337.75, 2, 2, 2, 0
2026/6/15, 00:39:27.865, 30337.50, 30337.50, 30336.50, 30336.50, 6, 6, 6, 0
2026/6/15, 00:39:27.865, 30335.50, 30335.50, 30334.50, 30334.50, 18, 11, 12, 6
2026/6/15, 00:39:27.866, 30333.75, 30333.75, 30332.75, 30332.75, 14, 14, 14, 0
2026/6/15, 00:39:27.866, 30334.75, 30335.00, 30334.00, 30335.00, 2, 2, 0, 2
2026/6/15, 00:39:27.870, 30332.50, 30332.75, 30331.75, 30332.75, 18, 8, 17, 1
2026/6/15, 00:39:27.873, 30330.00, 30331.00, 30330.00, 30330.00, 6, 5, 6, 0
2026/6/15, 00:39:27.885, 30333.25, 30333.50, 30332.50, 30333.50, 3, 3, 0, 3
2026/6/15, 00:39:27.887, 30330.25, 30331.25, 30330.25, 30330.25, 4, 4, 4, 0
2026/6/15, 00:39:27.889, 30333.75, 30333.75, 30332.75, 30332.75, 3, 3, 0, 3
2026/6/15, 00:39:27.892, 30331.50, 30332.50, 30331.50, 30332.50, 2, 2, 1, 1
2026/6/15, 00:39:27.892, 30332.75, 30333.75, 30332.75, 30333.75, 6, 6, 0, 6
2026/6/15, 00:39:27.895, 30334.00, 30334.00, 30333.00, 30334.00, 1, 1, 0, 1
2026/6/15, 00:39:27.896, 30330.75, 30331.75, 30330.75, 30330.75, 1, 1, 1, 0
2026/6/15, 00:39:27.898, 30332.00, 30333.00, 30332.00, 30332.00, 1, 1, 1, 0
2026/6/15, 00:39:27.898, 30334.50, 30335.00, 30334.00, 30335.00, 3, 3, 0, 3
2026/6/15, 00:39:27.904, 30331.25, 30332.25, 30331.25, 30332.25, 2, 2, 2, 0
2026/6/15, 00:39:27.905, 30333.25, 30334.25, 30333.25, 30333.25, 1, 1, 0, 1
2026/6/15, 00:39:27.907, 30334.75, 30335.00, 30334.00, 30335.00, 3, 3, 0, 3
2026/6/15, 00:39:27.910, 30332.25, 30333.25, 30332.25, 30332.25, 1, 1, 1, 0
2026/6/15, 00:39:27.910, 30335.00, 30335.00, 30334.00, 30335.00, 1, 1, 0, 1
2026/6/15, 00:39:27.911, 30329.75, 30330.75, 30329.75, 30329.75, 1, 1, 1, 0
2026/6/15, 00:39:27.916, 30332.50, 30333.00, 30332.00, 30332.00, 2, 2, 2, 0
2026/6/15, 00:39:27.919, 30334.00, 30334.00, 30333.00, 30334.00, 1, 1, 0, 1
2026/6/15, 00:39:28.024, 30332.00, 30332.00, 30331.00, 30332.00, 1, 1, 0, 1
2026/6/15, 00:39:28.112, 30330.50, 30330.50, 30329.50, 30330.50, 4, 4, 4, 0
2026/6/15, 00:39:28.232, 30327.25, 30327.25, 30326.25, 30326.25, 3, 3, 3, 0
2026/6/15, 00:39:28.232, 30325.50, 30326.00, 30325.00, 30325.00, 5, 5, 5, 0
2026/6/15, 00:39:29.722, 30327.50, 30328.00, 30327.00, 30327.00, 3, 3, 1, 2
2026/6/15, 00:39:30.738, 30330.00, 30331.00, 30330.00, 30330.00, 1, 1, 0, 1
2026/6/15, 00:39:33.612, 30333.25, 30333.50, 30332.50, 30333.50, 5, 5, 2, 3
2026/6/15, 00:39:33.890, 30333.75, 30333.75, 30332.75, 30333.75, 1, 1, 0, 1
2026/6/15, 00:39:43.549, 30330.25, 30331.25, 30330.25, 30330.25, 2, 2, 2, 0
2026/6/15, 00:39:44.766, 30334.00, 30334.75, 30333.75, 30334.75, 5, 4, 0, 5
2026/6/15, 00:39:45.724, 30331.25, 30331.25, 30330.25, 30331.25, 4, 3, 2, 2
2026/6/15, 00:39:54.356, 30330.00, 30331.00, 30330.00, 30330.00, 3, 2, 3, 0
2026/6/15, 00:39:54.356, 30331.75, 30331.75, 30330.75, 30331.75, 1, 1, 0, 1
2026/6/15, 00:39:54.356, 30329.75, 30330.50, 30329.50, 30329.50, 3, 3, 3, 0
2026/6/15, 00:39:54.365, 30331.00, 30332.00, 30331.00, 30331.00, 1, 1, 0, 1
2026/6/15, 00:39:54.443, 30332.50, 30333.50, 30332.50, 30332.50, 4, 4, 1, 3
2026/6/15, 00:40:01.769, 30334.25, 30334.25, 30333.25, 30334.25, 2, 2, 0, 2
2026/6/15, 00:40:06.407, 30330.50, 30330.50, 30329.50, 30329.50, 3, 3, 3, 0
2026/6/15, 00:40:09.081, 30329.25, 30329.50, 30328.50, 30329.50, 3, 3, 0, 3
2026/6/15, 00:40:10.097, 30327.00, 30328.00, 30327.00, 30327.00, 1, 1, 1, 0
2026/6/15, 00:40:10.098, 30328.75, 30328.75, 30327.75, 30328.75, 1, 1, 0, 1
2026/6/15, 00:40:10.156, 30326.00, 30326.00, 30325.00, 30325.00, 6, 6, 6, 0
2026/6/15, 00:40:12.799, 30324.25, 30324.25, 30323.25, 30324.25, 1, 1, 1, 0
2026/6/15, 00:40:12.799, 30321.75, 30322.75, 30321.75, 30321.75, 2, 2, 2, 0
2026/6/15, 00:40:12.835, 30323.50, 30324.50, 30323.50, 30323.50, 1, 1, 1, 0
2026/6/15, 00:40:13.817, 30325.00, 30325.00, 30324.00, 30325.00, 4, 4, 0, 4
2026/6/15, 00:40:15.226, 30321.75, 30321.75, 30320.75, 30321.75, 1, 1, 1, 0
2026/6/15, 00:40:15.725, 30320.50, 30320.50, 30319.50, 30320.50, 1, 1, 1, 0
2026/6/15, 00:40:16.952, 30319.00, 30319.00, 30318.00, 30318.00, 2, 2, 2, 0
2026/6/15, 00:40:17.411, 30317.00, 30317.25, 30316.25, 30316.25, 6, 6, 5, 1
2026/6/15, 00:40:23.429, 30313.00, 30313.50, 30312.50, 30312.50, 3, 3, 3, 0
2026/6/15, 00:40:24.625, 30314.75, 30314.75, 30313.75, 30314.75, 1, 1, 0, 1
2026/6/15, 00:40:25.367, 30313.50, 30314.50, 30313.50, 30313.50, 1, 1, 1, 0
2026/6/15, 00:40:25.466, 30316.25, 30316.25, 30315.25, 30316.25, 1, 1, 0, 1
2026/6/15, 00:40:25.655, 30315.00, 30316.00, 30315.00, 30315.00, 1, 1, 1, 0
2026/6/15, 00:40:25.723, 30317.25, 30318.25, 30317.25, 30317.25, 1, 1, 0, 1
2026/6/15, 00:40:26.490, 30318.50, 30319.50, 30318.50, 30318.50, 2, 2, 0, 2
2026/6/15, 00:40:26.991, 30321.25, 30321.75, 30320.75, 30321.75, 5, 5, 0, 5
2026/6/15, 00:40:26.992, 30319.25, 30320.25, 30319.25, 30319.25, 4, 4, 0, 4
2026/6/15, 00:40:37.490, 30318.00, 30318.00, 30317.00, 30317.00, 6, 5, 3, 3
2026/6/15, 00:40:38.268, 30315.75, 30315.75, 30314.75, 30314.75, 3, 3, 3, 0
2026/6/15, 00:40:40.120, 30317.25, 30317.75, 30316.75, 30317.75, 7, 7, 3, 4
2026/6/15, 00:40:53.412, 30314.00, 30314.75, 30313.75, 30313.75, 2, 2, 2, 0
2026/6/15, 00:40:53.457, 30315.25, 30316.25, 30315.25, 30316.25, 7, 7, 0, 7
2026/6/15, 00:40:53.457, 30316.50, 30317.50, 30316.50, 30317.50, 10, 10, 0, 10
2026/6/15, 00:40:53.461, 30318.00, 30319.00, 30318.00, 30319.00, 4, 4, 0, 4
2026/6/15, 00:40:53.462, 30319.50, 30320.50, 30319.50, 30319.50, 7, 6, 2, 5
2026/6/15, 00:40:53.474, 30320.75, 30321.50, 30320.50, 30320.50, 2, 2, 0, 2
2026/6/15, 00:40:53.486, 30323.00, 30323.00, 30322.00, 30323.00, 1, 1, 0, 1
2026/6/15, 00:40:53.487, 30321.25, 30322.25, 30321.25, 30321.25, 1, 1, 1, 0
2026/6/15, 00:40:53.490, 30323.25, 30324.25, 30323.25, 30323.25, 1, 1, 0, 1
2026/6/15, 00:40:53.499, 30325.00, 30325.00, 30324.00, 30325.00, 3, 2, 0, 3
2026/6/15, 00:40:53.500, 30323.50, 30324.25, 30323.25, 30323.25, 7, 7, 7, 0
2026/6/15, 00:40:53.508, 30326.75, 30327.75, 30326.75, 30327.75, 4, 4, 0, 4
2026/6/15, 00:40:53.664, 30328.00, 30329.00, 30328.00, 30329.00, 10, 10, 0, 10
2026/6/15, 00:40:53.665, 30329.75, 30330.75, 30329.75, 30330.75, 3, 3, 0, 3
2026/6/15, 00:40:53.671, 30331.00, 30331.00, 30330.00, 30330.00, 9, 8, 8, 1
2026/6/15, 00:40:54.329, 30329.00, 30330.00, 30329.00, 30329.00, 1, 1, 1, 0
2026/6/15, 00:40:54.740, 30331.75, 30332.75, 30331.75, 30331.75, 2, 2, 0, 2
2026/6/15, 00:40:54.740, 30333.50, 30334.00, 30333.00, 30333.00, 5, 5, 0, 5
2026/6/15, 00:40:55.111, 30334.50, 30334.50, 30333.50, 30334.50, 1, 1, 0, 1
2026/6/15, 00:40:55.444, 30332.50, 30333.50, 30332.50, 30332.50, 2, 2, 2, 0
2026/6/15, 00:40:55.851, 30334.75, 30335.00, 30334.00, 30334.00, 89, 23, 1, 88
2026/6/15, 00:40:55.856, 30335.25, 30336.25, 30335.25, 30335.25, 1, 1, 0, 1
2026/6/15, 00:40:55.861, 30337.00, 30338.00, 30337.00, 30337.00, 1, 1, 1, 0
2026/6/15, 00:40:55.861, 30338.25, 30339.25, 30338.25, 30339.25, 2, 2, 0, 2
2026/6/15, 00:40:55.861, 30340.00, 30341.00, 30340.00, 30340.00, 1, 1, 0, 1
2026/6/15, 00:40:58.346, 30341.25, 30342.25, 30341.25, 30341.25, 1, 1, 1, 0
2026/6/15, 00:40:58.377, 30346.00, 30346.00, 30345.00, 30346.00, 4, 4, 1, 3
2026/6/15, 00:40:58.936, 30344.00, 30344.25, 30343.25, 30344.25, 5, 5, 3, 2
2026/6/15, 00:40:59.110, 30341.25, 30342.25, 30341.25, 30341.25, 1, 1, 1, 0
2026/6/15, 00:40:59.423, 30343.50, 30343.50, 30342.50, 30343.50, 1, 1, 0, 1
2026/6/15, 00:40:59.670, 30340.50, 30341.50, 30340.50, 30340.50, 1, 1, 1, 0
2026/6/15, 00:41:00.120, 30343.50, 30343.50, 30342.50, 30343.50, 1, 1, 0, 1
2026/6/15, 00:41:00.497, 30340.00, 30340.00, 30339.00, 30339.00, 3, 3, 3, 0
2026/6/15, 00:41:00.639, 30338.00, 30338.25, 30337.25, 30337.25, 5, 5, 3, 2
2026/6/15, 00:41:01.959, 30339.00, 30340.00, 30339.00, 30339.00, 1, 1, 0, 1
2026/6/15, 00:41:05.433, 30342.25, 30343.25, 30342.25, 30342.25, 1, 1, 0, 1
2026/6/15, 00:41:05.433, 30343.75, 30343.75, 30342.75, 30343.75, 3, 3, 0, 3
2026/6/15, 00:41:06.857, 30339.75, 30340.75, 30339.75, 30339.75, 1, 1, 1, 0
2026/6/15, 00:41:07.018, 30341.25, 30342.25, 30341.25, 30341.25, 2, 2, 0, 2
2026/6/15, 00:41:07.018, 30342.75, 30343.00, 30342.00, 30343.00, 2, 2, 0, 2
2026/6/15, 00:41:10.222, 30338.25, 30338.50, 30337.50, 30337.50, 3, 3, 3, 0
2026/6/15, 00:41:10.532, 30342.75, 30343.50, 30342.50, 30343.50, 2, 2, 0, 2
2026/6/15, 00:41:11.849, 30340.50, 30340.50, 30339.50, 30340.50, 4, 4, 1, 3
2026/6/15, 00:41:15.794, 30338.00, 30338.75, 30337.75, 30337.75, 2, 2, 2, 0
2026/6/15, 00:41:15.884, 30339.50, 30339.50, 30338.50, 30339.50, 1, 1, 0, 1
2026/6/15, 00:41:15.968, 30337.25, 30338.25, 30337.25, 30338.25, 3, 3, 1, 2
2026/6/15, 00:41:19.377, 30338.75, 30339.75, 30338.75, 30339.75, 2, 2, 0, 2
2026/6/15, 00:41:21.142, 30340.00, 30340.00, 30339.00, 30340.00, 1, 1, 0, 1
2026/6/15, 00:41:21.714, 30337.75, 30338.50, 30337.50, 30337.50, 2, 2, 2, 0
2026/6/15, 00:41:22.593, 30339.25, 30339.25, 30338.25, 30339.25, 1, 1, 0, 1
2026/6/15, 00:41:25.149, 30337.50, 30338.50, 30337.50, 30337.50, 1, 1, 1, 0
2026/6/15, 00:41:25.769, 30340.75, 30341.00, 30340.00, 30340.00, 2, 2, 0, 2
2026/6/15, 00:41:33.355, 30344.00, 30345.00, 30344.00, 30345.00, 6, 6, 1, 5
2026/6/15, 00:41:41.560, 30346.00, 30347.00, 30346.00, 30346.00, 2, 2, 0, 2
2026/6/15, 00:41:42.606, 30348.00, 30348.00, 30347.00, 30348.00, 1, 1, 0, 1
2026/6/15, 00:41:43.604, 30346.75, 30347.75, 30346.75, 30346.75, 1, 1, 0, 1
2026/6/15, 00:41:43.604, 30348.25, 30349.00, 30348.00, 30349.00, 6, 6, 0, 6
2026/6/15, 00:41:45.540, 30343.50, 30344.50, 30343.50, 30343.50, 1, 1, 1, 0
2026/6/15, 00:41:52.671, 30347.25, 30348.00, 30347.00, 30348.00, 3, 3, 0, 3
2026/6/15, 00:41:56.756, 30344.50, 30344.50, 30343.50, 30344.50, 1, 1, 1, 0
2026/6/15, 00:41:56.757, 30342.00, 30343.00, 30342.00, 30342.00, 1, 1, 1, 0
2026/6/15, 00:42:02.141, 30346.00, 30347.00, 30346.00, 30346.00, 1, 1, 0, 1
2026/6/15, 00:42:04.581, 30348.00, 30348.25, 30347.25, 30347.25, 4, 4, 0, 4
2026/6/15, 00:42:08.411, 30344.50, 30344.50, 30343.50, 30344.50, 1, 1, 1, 0
2026/6/15, 00:42:09.025, 30341.50, 30342.25, 30341.25, 30341.25, 2, 2, 2, 0
2026/6/15, 00:42:18.391, 30343.75, 30344.75, 30343.75, 30344.75, 3, 3, 2, 1
2026/6/15, 00:42:20.395, 30343.25, 30344.25, 30343.25, 30343.25, 1, 1, 1, 0
2026/6/15, 00:42:21.931, 30346.25, 30346.75, 30345.75, 30345.75, 4, 4, 1, 3
2026/6/15, 00:42:29.107, 30341.00, 30341.00, 30340.00, 30341.00, 3, 3, 3, 0
2026/6/15, 00:42:30.012, 30339.75, 30340.75, 30339.75, 30339.75, 2, 2, 0, 2
2026/6/15, 00:42:31.178, 30342.75, 30343.25, 30342.25, 30342.25, 2, 2, 2, 0
2026/6/15, 00:42:32.876, 30346.00, 30346.75, 30345.75, 30345.75, 6, 6, 1, 5
2026/6/15, 00:42:33.525, 30343.75, 30343.75, 30342.75, 30343.75, 1, 1, 1, 0
2026/6/15, 00:42:36.964, 30342.00, 30343.00, 30342.00, 30342.00, 1, 1, 1, 0
2026/6/15, 00:42:53.125, 30343.25, 30343.25, 30342.25, 30342.25, 2, 2, 1, 1
2026/6/15, 00:43:10.726, 30337.25, 30338.00, 30337.00, 30337.00, 2, 2, 2, 0
2026/6/15, 00:43:14.242, 30340.00, 30340.00, 30339.00, 30340.00, 1, 1, 0, 1
2026/6/15, 00:43:17.706, 30337.00, 30337.00, 30336.00, 30336.00, 2, 2, 2, 0
2026/6/15, 00:43:19.258, 30334.75, 30334.75, 30333.75, 30334.75, 2, 2, 1, 1
2026/6/15, 00:43:20.299, 30333.00, 30333.00, 30332.00, 30332.00, 13, 13, 13, 0
2026/6/15, 00:43:24.085, 30336.50, 30337.50, 30336.50, 30336.50, 1, 1, 0, 1
2026/6/15, 00:43:24.716, 30340.00, 30340.00, 30339.00, 30340.00, 1, 1, 0, 1
2026/6/15, 00:43:31.309, 30338.75, 30338.75, 30337.75, 30338.75, 8, 5, 2, 6
2026/6/15, 00:43:33.846, 30333.50, 30334.50, 30333.50, 30333.50, 1, 1, 1, 0
2026/6/15, 00:43:39.542, 30336.00, 30336.00, 30335.00, 30336.00, 1, 1, 0, 1
2026/6/15, 00:43:44.817, 30334.50, 30335.50, 30334.50, 30334.50, 1, 1, 1, 0
2026/6/15, 00:43:45.992, 30336.75, 30337.50, 30336.50, 30337.50, 2, 2, 0, 2
2026/6/15, 00:43:51.943, 30336.00, 30336.00, 30335.00, 30336.00, 1, 1, 1, 0
2026/6/15, 00:43:52.002, 30334.00, 30335.00, 30334.00, 30335.00, 2, 2, 1, 1
2026/6/15, 00:43:58.765, 30337.50, 30337.50, 30336.50, 30336.50, 3, 3, 3, 0
2026/6/15, 00:44:00.808, 30335.75, 30336.00, 30335.00, 30335.00, 8, 8, 8, 0
2026/6/15, 00:44:01.855, 30338.00, 30338.50, 30337.50, 30338.50, 2, 2, 0, 2
2026/6/15, 00:44:01.937, 30335.00, 30335.00, 30334.00, 30335.00, 1, 1, 1, 0
2026/6/15, 00:44:01.961, 30331.75, 30331.75, 30330.75, 30331.75, 1, 1, 1, 0
2026/6/15, 00:44:01.961, 30330.50, 30331.50, 30330.50, 30330.50, 2, 2, 2, 0
2026/6/15, 00:44:06.167, 30335.00, 30335.00, 30334.00, 30335.00, 1, 1, 0, 1
2026/6/15, 00:44:08.090, 30331.75, 30332.75, 30331.75, 30332.75, 2, 2, 1, 1
2026/6/15, 00:44:09.999, 30333.50, 30333.50, 30332.50, 30332.50, 4, 4, 0, 4
2026/6/15, 00:44:20.096, 30331.25, 30331.25, 30330.25, 30330.25, 3, 3, 3, 0
2026/6/15, 00:44:22.836, 30330.00, 30330.00, 30329.00, 30330.00, 2, 2, 2, 0
2026/6/15, 00:44:23.895, 30328.75, 30329.75, 30328.75, 30328.75, 1, 1, 1, 0
2026/6/15, 00:44:26.103, 30330.25, 30330.25, 30329.25, 30330.25, 1, 1, 0, 1
2026/6/15, 00:44:29.653, 30329.00, 30329.00, 30328.00, 30328.00, 2, 2, 2, 0
2026/6/15, 00:44:34.421, 30327.00, 30327.00, 30326.00, 30327.00, 2, 2, 2, 0
2026/6/15, 00:44:35.284, 30323.50, 30324.50, 30323.50, 30323.50, 1, 1, 1, 0
2026/6/15, 00:44:35.632, 30325.25, 30326.25, 30325.25, 30325.25, 1, 1, 1, 0
2026/6/15, 00:44:38.160, 30328.00, 30328.00, 30327.00, 30328.00, 1, 1, 0, 1
2026/6/15, 00:44:40.961, 30326.00, 30327.00, 30326.00, 30326.00, 1, 1, 1, 0
2026/6/15, 00:44:44.349, 30328.00, 30329.00, 30328.00, 30328.00, 2, 2, 1, 1
2026/6/15, 00:44:48.774, 30331.25, 30332.25, 30331.25, 30331.25, 1, 1, 0, 1
2026/6/15, 00:44:49.430, 30333.00, 30333.00, 30332.00, 30333.00, 1, 1, 0, 1
2026/6/15, 00:44:49.863, 30331.50, 30331.50, 30330.50, 30330.50, 4, 4, 4, 0
2026/6/15, 00:44:49.863, 30330.25, 30330.25, 30329.25, 30330.25, 1, 1, 1, 0
2026/6/15, 00:44:50.002, 30329.00, 30330.00, 30329.00, 30329.00, 1, 1, 1, 0
2026/6/15, 00:44:50.859, 30331.25, 30332.25, 30331.25, 30331.25, 1, 1, 1, 0
2026/6/15, 00:44:56.767, 30333.00, 30333.00, 30332.00, 30333.00, 2, 2, 0, 2
2026/6/15, 00:45:07.429, 30330.00, 30330.00, 30329.00, 30329.00, 2, 2, 2, 0
2026/6/15, 00:45:15.210, 30328.00, 30328.00, 30327.00, 30327.00, 3, 2, 3, 0
2026/6/15, 00:45:24.367, 30326.00, 30326.75, 30325.75, 30325.75, 2, 2, 2, 0
2026/6/15, 00:45:27.195, 30327.25, 30327.50, 30326.50, 30327.50, 4, 4, 1, 3
2026/6/15, 00:45:28.789, 30328.75, 30329.75, 30328.75, 30328.75, 9, 9, 1, 8
2026/6/15, 00:45:30.773, 30333.50, 30334.25, 30333.25, 30333.25, 3, 3, 0, 3
2026/6/15, 00:45:39.818, 30337.75, 30338.75, 30337.75, 30338.75, 2, 2, 0, 2
2026/6/15, 00:45:41.309, 30340.75, 30340.75, 30339.75, 30340.75, 1, 1, 0, 1
2026/6/15, 00:45:42.443, 30338.25, 30339.25, 30338.25, 30339.25, 2, 2, 1, 1
2026/6/15, 00:45:44.118, 30336.25, 30336.25, 30335.25, 30336.25, 1, 1, 1, 0
2026/6/15, 00:45:49.651, 30332.75, 30333.75, 30332.75, 30333.75, 2, 2, 1, 1
2026/6/15, 00:45:58.326, 30336.25, 30336.25, 30335.25, 30336.25, 1, 1, 0, 1
2026/6/15, 00:45:59.959, 30335.00, 30335.00, 30334.00, 30334.00, 2, 2, 2, 0
2026/6/15, 00:46:00.659, 30337.75, 30338.75, 30337.75, 30337.75, 1, 1, 0, 1
2026/6/15, 00:46:00.659, 30339.00, 30339.00, 30338.00, 30338.00, 2, 2, 0, 2
2026/6/15, 00:46:03.193, 30334.25, 30335.00, 30334.00, 30334.00, 3, 3, 1, 2
2026/6/15, 00:46:15.667, 30338.00, 30338.00, 30337.00, 30337.00, 2, 2, 0, 2
2026/6/15, 00:46:23.031, 30336.50, 30336.50, 30335.50, 30336.50, 1, 1, 1, 0
2026/6/15, 00:46:23.031, 30335.25, 30335.25, 30334.25, 30335.25, 1, 1, 1, 0
2026/6/15, 00:46:25.427, 30333.00, 30333.00, 30332.00, 30333.00, 1, 1, 1, 0
2026/6/15, 00:46:36.518, 30330.75, 30330.75, 30329.75, 30329.75, 2, 2, 2, 0
2026/6/15, 00:46:41.954, 30329.50, 30330.50, 30329.50, 30329.50, 1, 1, 0, 1
2026/6/15, 00:46:56.274, 30331.75, 30332.75, 30331.75, 30331.75, 1, 1, 1, 0
2026/6/15, 00:46:56.274, 30333.75, 30333.75, 30332.75, 30333.75, 2, 2, 0, 2
2026/6/15, 00:47:01.070, 30331.00, 30331.00, 30330.00, 30331.00, 3, 3, 3, 0
2026/6/15, 00:47:01.070, 30329.50, 30330.50, 30329.50, 30329.50, 2, 2, 2, 0
2026/6/15, 00:47:02.044, 30333.50, 30333.50, 30332.50, 30333.50, 1, 1, 0, 1
2026/6/15, 00:47:03.362, 30330.25, 30330.25, 30329.25, 30330.25, 1, 1, 1, 0
2026/6/15, 00:47:04.540, 30328.00, 30328.00, 30327.00, 30327.00, 3, 3, 3, 0
2026/6/15, 00:47:06.642, 30325.75, 30326.25, 30325.25, 30325.25, 5, 5, 5, 0
2026/6/15, 00:47:19.705, 30331.00, 30331.25, 30330.25, 30330.25, 5, 5, 5, 0
2026/6/15, 00:47:39.725, 30333.00, 30334.00, 30333.00, 30333.00, 1, 1, 0, 1
2026/6/15, 00:47:39.955, 30334.75, 30335.75, 30334.75, 30334.75, 1, 1, 0, 1
2026/6/15, 00:47:40.057, 30336.50, 30337.50, 30336.50, 30336.50, 6, 5, 2, 4
2026/6/15, 00:47:40.287, 30336.25, 30336.75, 30335.75, 30335.75, 3, 3, 3, 0
2026/6/15, 00:47:46.888, 30340.00, 30341.00, 30340.00, 30341.00, 2, 2, 0, 2
2026/6/15, 00:47:46.888, 30341.25, 30341.25, 30340.25, 30341.25, 1, 1, 0, 1
2026/6/15, 00:47:49.258, 30336.00, 30337.00, 30336.00, 30336.00, 1, 1, 1, 0
2026/6/15, 00:47:50.535, 30337.75, 30338.75, 30337.75, 30337.75, 1, 1, 0, 1
2026/6/15, 00:47:53.404, 30339.00, 30340.00, 30339.00, 30340.00, 2, 2, 0, 2
2026/6/15, 00:48:05.848, 30341.25, 30342.25, 30341.25, 30342.25, 3, 3, 0, 3
2026/6/15, 00:48:05.854, 30346.00, 30346.00, 30345.00, 30346.00, 2, 2, 0, 2
2026/6/15, 00:48:06.979, 30344.25, 30344.75, 30343.75, 30344.75, 2, 2, 0, 2
2026/6/15, 00:48:07.627, 30341.75, 30342.75, 30341.75, 30342.75, 4, 4, 3, 1
2026/6/15, 00:48:09.364, 30343.25, 30344.25, 30343.25, 30343.25, 12, 8, 5, 7
2026/6/15, 00:48:13.165, 30344.50, 30345.50, 30344.50, 30345.50, 2, 2, 0, 2
2026/6/15, 00:48:13.193, 30347.75, 30348.00, 30347.00, 30347.00, 4, 4, 1, 3
2026/6/15, 00:48:14.116, 30348.75, 30348.75, 30347.75, 30348.75, 1, 1, 0, 1
2026/6/15, 00:48:15.072, 30345.75, 30346.50, 30345.50, 30345.50, 3, 3, 2, 1
2026/6/15, 00:48:16.129, 30347.00, 30348.00, 30347.00, 30347.00, 1, 1, 0, 1
2026/6/15, 00:48:18.400, 30348.25, 30348.50, 30347.50, 30348.50, 3, 3, 0, 3
2026/6/15, 00:48:19.196, 30347.00, 30348.00, 30347.00, 30347.00, 1, 1, 0, 1
2026/6/15, 00:48:19.514, 30348.75, 30349.75, 30348.75, 30348.75, 2, 2, 0, 2
2026/6/15, 00:48:20.196, 30350.00, 30351.00, 30350.00, 30351.00, 6, 5, 0, 6
2026/6/15, 00:48:20.196, 30352.00, 30353.00, 30352.00, 30352.00, 7, 7, 0, 7
2026/6/15, 00:48:20.196, 30353.25, 30353.25, 30352.25, 30353.25, 1, 1, 0, 1
2026/6/15, 00:48:20.576, 30350.75, 30350.75, 30349.75, 30349.75, 7, 7, 7, 0
2026/6/15, 00:48:25.427, 30347.75, 30348.75, 30347.75, 30347.75, 1, 1, 0, 1
2026/6/15, 00:48:25.910, 30350.00, 30350.00, 30349.00, 30350.00, 1, 1, 0, 1
2026/6/15, 00:48:28.461, 30346.50, 30347.50, 30346.50, 30346.50, 1, 1, 1, 0
2026/6/15, 00:48:28.832, 30349.25, 30349.50, 30348.50, 30349.50, 2, 2, 0, 2
2026/6/15, 00:48:29.249, 30346.75, 30346.75, 30345.75, 30346.75, 2, 2, 2, 0
2026/6/15, 00:48:36.310, 30345.50, 30346.00, 30345.00, 30345.00, 2, 2, 2, 0
2026/6/15, 00:48:36.974, 30348.00, 30349.00, 30348.00, 30348.00, 1, 1, 0, 1
2026/6/15, 00:48:36.974, 30349.75, 30350.00, 30349.00, 30349.00, 3, 3, 0, 3
2026/6/15, 00:48:43.161, 30347.00, 30347.00, 30346.00, 30347.00, 2, 2, 2, 0
2026/6/15, 00:48:50.764, 30344.00, 30344.00, 30343.00, 30344.00, 1, 1, 1, 0
2026/6/15, 00:48:56.405, 30342.00, 30343.00, 30342.00, 30342.00, 1, 1, 1, 0
2026/6/15, 00:48:56.405, 30344.50, 30344.50, 30343.50, 30344.50, 1, 1, 0, 1
2026/6/15, 00:49:07.267, 30340.00, 30340.00, 30339.00, 30339.00, 4, 4, 4, 0
2026/6/15, 00:49:15.295, 30341.50, 30341.50, 30340.50, 30341.50, 1, 1, 0, 1
2026/6/15, 00:49:16.007, 30339.25, 30339.25, 30338.25, 30338.25, 2, 2, 2, 0
2026/6/15, 00:49:23.503, 30337.25, 30337.50, 30336.50, 30336.50, 2, 2, 2, 0
2026/6/15, 00:49:32.978, 30339.25, 30340.25, 30339.25, 30339.25, 1, 1, 0, 1
2026/6/15, 00:49:42.223, 30342.25, 30343.25, 30342.25, 30342.25, 2, 2, 0, 2
2026/6/15, 00:49:44.171, 30347.75, 30348.75, 30347.75, 30348.75, 4, 4, 0, 4
2026/6/15, 00:49:44.173, 30349.00, 30349.75, 30348.75, 30348.75, 3, 3, 0, 3
2026/6/15, 00:49:44.674, 30350.25, 30351.00, 30350.00, 30350.00, 11, 9, 1, 10
2026/6/15, 00:49:44.675, 30351.75, 30352.75, 30351.75, 30351.75, 1, 1, 0, 1
2026/6/15, 00:49:44.677, 30353.25, 30353.50, 30352.50, 30353.50, 9, 8, 3, 6
2026/6/15, 00:49:45.915, 30352.00, 30353.00, 30352.00, 30352.00, 1, 1, 0, 1
2026/6/15, 00:49:48.436, 30353.50, 30354.50, 30353.50, 30353.50, 2, 2, 0, 2
2026/6/15, 00:49:48.458, 30355.00, 30356.00, 30355.00, 30355.00, 1, 1, 0, 1
2026/6/15, 00:49:48.458, 30356.50, 30356.50, 30355.50, 30356.50, 4, 4, 0, 4
2026/6/15, 00:49:48.463, 30355.00, 30355.00, 30354.00, 30355.00, 2, 2, 1, 1
2026/6/15, 00:49:49.017, 30353.50, 30353.50, 30352.50, 30352.50, 2, 2, 2, 0
2026/6/15, 00:49:50.416, 30352.25, 30352.25, 30351.25, 30352.25, 1, 1, 1, 0
2026/6/15, 00:49:51.143, 30351.00, 30352.00, 30351.00, 30351.00, 1, 1, 1, 0
2026/6/15, 00:49:53.844, 30355.50, 30355.50, 30354.50, 30354.50, 2, 2, 1, 1
2026/6/15, 00:49:58.841, 30358.00, 30359.00, 30358.00, 30359.00, 5, 4, 0, 5
2026/6/15, 00:50:00.087, 30359.25, 30360.00, 30359.00, 30359.00, 5, 5, 2, 3
2026/6/15, 00:50:00.808, 30362.00, 30363.00, 30362.00, 30362.00, 2, 2, 0, 2
2026/6/15, 00:50:00.885, 30364.00, 30364.75, 30363.75, 30364.75, 6, 6, 0, 6
2026/6/15, 00:50:00.902, 30362.50, 30363.25, 30362.25, 30362.25, 2, 2, 2, 0
2026/6/15, 00:50:01.705, 30364.75, 30365.25, 30364.25, 30365.25, 3, 3, 0, 3
2026/6/15, 00:50:03.188, 30362.25, 30362.25, 30361.25, 30362.25, 2, 2, 2, 0
2026/6/15, 00:50:03.194, 30361.00, 30362.00, 30361.00, 30361.00, 1, 1, 1, 0
2026/6/15, 00:50:03.573, 30362.50, 30363.50, 30362.50, 30362.50, 1, 1, 0, 1
2026/6/15, 00:50:03.662, 30364.00, 30365.00, 30364.00, 30364.00, 1, 1, 0, 1
2026/6/15, 00:50:04.829, 30365.75, 30366.00, 30365.00, 30366.00, 2, 2, 0, 2
2026/6/15, 00:50:05.335, 30363.50, 30364.50, 30363.50, 30363.50, 1, 1, 0, 1
2026/6/15, 00:50:05.481, 30366.00, 30367.00, 30366.00, 30367.00, 2, 2, 0, 2
2026/6/15, 00:50:05.481, 30367.25, 30368.25, 30367.25, 30368.25, 5, 5, 0, 5
2026/6/15, 00:50:05.502, 30369.00, 30370.00, 30369.00, 30370.00, 2, 2, 0, 2
2026/6/15, 00:50:05.792, 30371.75, 30371.75, 30370.75, 30371.75, 1, 1, 0, 1
2026/6/15, 00:50:05.798, 30366.75, 30366.75, 30365.75, 30365.75, 4, 4, 4, 0
2026/6/15, 00:50:05.798, 30365.00, 30365.75, 30364.75, 30364.75, 2, 2, 2, 0
2026/6/15, 00:50:05.799, 30366.25, 30367.00, 30366.00, 30366.00, 2, 2, 2, 0
2026/6/15, 00:50:06.003, 30369.75, 30370.75, 30369.75, 30369.75, 1, 1, 0, 1
2026/6/15, 00:50:06.942, 30371.00, 30371.00, 30370.00, 30371.00, 1, 1, 0, 1
2026/6/15, 00:50:07.175, 30368.75, 30368.75, 30367.75, 30368.75, 1, 1, 1, 0
2026/6/15, 00:50:07.600, 30367.50, 30367.50, 30366.50, 30367.50, 1, 1, 1, 0
2026/6/15, 00:50:08.144, 30365.50, 30365.50, 30364.50, 30365.50, 2, 2, 2, 0
2026/6/15, 00:50:08.534, 30360.25, 30360.25, 30359.25, 30360.25, 1, 1, 1, 0
2026/6/15, 00:50:08.534, 30359.00, 30359.50, 30358.50, 30358.50, 2, 2, 2, 0
2026/6/15, 00:50:12.094, 30360.00, 30360.00, 30359.00, 30360.00, 1, 1, 0, 1
2026/6/15, 00:50:13.985, 30358.75, 30358.75, 30357.75, 30358.75, 1, 1, 0, 1
2026/6/15, 00:50:19.745, 30355.75, 30355.75, 30354.75, 30355.75, 1, 1, 1, 0
2026/6/15, 00:50:20.731, 30352.75, 30353.50, 30352.50, 30352.50, 2, 2, 2, 0
2026/6/15, 00:50:27.849, 30356.00, 30357.00, 30356.00, 30356.00, 1, 1, 0, 1
2026/6/15, 00:50:27.901, 30357.75, 30357.75, 30356.75, 30356.75, 3, 3, 2, 1
2026/6/15, 00:50:28.825, 30355.25, 30356.25, 30355.25, 30355.25, 1, 1, 1, 0
2026/6/15, 00:50:37.223, 30357.00, 30357.00, 30356.00, 30357.00, 1, 1, 1, 0
2026/6/15, 00:50:40.120, 30355.50, 30356.50, 30355.50, 30355.50, 1, 1, 1, 0
2026/6/15, 00:50:42.339, 30356.75, 30357.50, 30356.50, 30356.50, 7, 7, 3, 4
2026/6/15, 00:50:43.664, 30358.75, 30358.75, 30357.75, 30358.75, 2, 2, 0, 2
2026/6/15, 00:50:50.388, 30355.00, 30355.00, 30354.00, 30354.00, 2, 2, 2, 0
2026/6/15, 00:50:51.483, 30352.00, 30353.00, 30352.00, 30353.00, 3, 3, 2, 1
2026/6/15, 00:50:55.261, 30354.75, 30354.75, 30353.75, 30354.75, 3, 3, 3, 0
2026/6/15, 00:50:56.292, 30353.00, 30353.75, 30352.75, 30352.75, 3, 3, 3, 0
2026/6/15, 00:50:57.255, 30355.50, 30356.50, 30355.50, 30356.50, 3, 3, 2, 1
2026/6/15, 00:51:05.653, 30359.25, 30359.25, 30358.25, 30359.25, 6, 6, 1, 5
2026/6/15, 00:51:17.127, 30359.50, 30360.50, 30359.50, 30359.50, 3, 1, 0, 3
2026/6/15, 00:51:17.127, 30361.00, 30362.00, 30361.00, 30362.00, 7, 7, 0, 7
2026/6/15, 00:51:19.296, 30363.00, 30364.00, 30363.00, 30364.00, 2, 2, 0, 2
2026/6/15, 00:51:21.447, 30365.00, 30366.00, 30365.00, 30365.00, 1, 1, 0, 1
2026/6/15, 00:51:21.456, 30366.25, 30367.25, 30366.25, 30367.25, 2, 2, 0, 2
2026/6/15, 00:51:22.619, 30368.50, 30368.50, 30367.50, 30368.50, 1, 1, 0, 1
2026/6/15, 00:51:23.615, 30365.75, 30366.00, 30365.00, 30365.00, 4, 4, 4, 0
2026/6/15, 00:51:26.182, 30364.50, 30364.75, 30363.75, 30363.75, 5, 5, 5, 0
2026/6/15, 00:51:26.332, 30367.25, 30367.25, 30366.25, 30367.25, 1, 1, 0, 1
2026/6/15, 00:51:27.437, 30364.50, 30364.50, 30363.50, 30364.50, 2, 2, 2, 0
2026/6/15, 00:51:28.470, 30361.00, 30362.00, 30361.00, 30361.00, 1, 1, 1, 0
2026/6/15, 00:51:28.910, 30362.75, 30363.75, 30362.75, 30362.75, 2, 1, 0, 2
2026/6/15, 00:51:34.749, 30366.25, 30367.00, 30366.00, 30367.00, 2, 2, 0, 2
2026/6/15, 00:51:35.139, 30365.50, 30365.50, 30364.50, 30364.50, 5, 4, 2, 3
2026/6/15, 00:51:39.004, 30366.50, 30366.75, 30365.75, 30366.75, 2, 2, 0, 2
2026/6/15, 00:51:40.771, 30364.75, 30364.75, 30363.75, 30364.75, 1, 1, 1, 0
2026/6/15, 00:51:45.599, 30363.00, 30363.00, 30362.00, 30362.00, 3, 3, 3, 0
2026/6/15, 00:51:45.599, 30361.50, 30361.50, 30360.50, 30360.50, 4, 4, 4, 0
2026/6/15, 00:51:45.604, 30362.75, 30362.75, 30361.75, 30361.75, 2, 2, 0, 2
2026/6/15, 00:51:46.103, 30360.50, 30361.00, 30360.00, 30360.00, 4, 3, 1, 3
2026/6/15, 00:51:48.504, 30362.25, 30362.25, 30361.25, 30362.25, 1, 1, 0, 1
2026/6/15, 00:51:48.575, 30360.50, 30360.50, 30359.50, 30360.50, 1, 1, 1, 0
2026/6/15, 00:51:50.289, 30359.25, 30359.25, 30358.25, 30358.25, 2, 2, 2, 0
2026/6/15, 00:52:05.449, 30358.00, 30359.00, 30358.00, 30358.00, 2, 2, 2, 0
2026/6/15, 00:52:06.475, 30359.50, 30360.25, 30359.25, 30360.25, 3, 3, 0, 3
2026/6/15, 00:52:12.995, 30358.75, 30359.75, 30358.75, 30358.75, 1, 1, 1, 0
2026/6/15, 00:52:13.128, 30361.50, 30361.50, 30360.50, 30361.50, 1, 1, 0, 1
2026/6/15, 00:52:14.133, 30359.00, 30359.50, 30358.50, 30358.50, 2, 2, 1, 1
2026/6/15, 00:52:14.748, 30360.75, 30361.25, 30360.25, 30360.25, 5, 5, 2, 3
2026/6/15, 00:52:14.751, 30362.00, 30362.00, 30361.00, 30362.00, 3, 1, 0, 3
2026/6/15, 00:52:15.080, 30358.50, 30359.25, 30358.25, 30358.25, 2, 2, 2, 0
2026/6/15, 00:52:16.666, 30361.75, 30362.75, 30361.75, 30361.75, 2, 2, 0, 2
2026/6/15, 00:52:16.666, 30363.25, 30364.00, 30363.00, 30364.00, 2, 2, 0, 2
2026/6/15, 00:52:18.847, 30359.50, 30360.50, 30359.50, 30359.50, 1, 1, 1, 0
2026/6/15, 00:52:21.832, 30362.25, 30363.00, 30362.00, 30363.00, 3, 3, 0, 3
2026/6/15, 00:52:22.023, 30360.50, 30360.50, 30359.50, 30359.50, 3, 3, 3, 0
2026/6/15, 00:52:23.523, 30357.25, 30357.25, 30356.25, 30356.25, 8, 7, 8, 0
2026/6/15, 00:52:23.547, 30356.00, 30356.50, 30355.50, 30356.50, 9, 9, 2, 7
2026/6/15, 00:52:24.954, 30356.75, 30357.75, 30356.75, 30356.75, 1, 1, 1, 0
2026/6/15, 00:52:24.962, 30358.25, 30359.25, 30358.25, 30358.25, 1, 1, 0, 1
2026/6/15, 00:52:25.402, 30360.50, 30361.50, 30360.50, 30361.50, 2, 2, 0, 2
2026/6/15, 00:52:28.634, 30361.75, 30362.75, 30361.75, 30361.75, 2, 2, 0, 2
2026/6/15, 00:52:33.474, 30363.50, 30364.00, 30363.00, 30363.00, 3, 3, 1, 2
2026/6/15, 00:52:39.035, 30362.00, 30362.00, 30361.00, 30362.00, 1, 1, 1, 0
2026/6/15, 00:52:39.038, 30360.00, 30361.00, 30360.00, 30360.00, 1, 1, 1, 0
2026/6/15, 00:52:47.616, 30364.00, 30364.00, 30363.00, 30364.00, 1, 1, 0, 1
2026/6/15, 00:52:48.734, 30362.25, 30362.25, 30361.25, 30362.25, 2, 2, 1, 1
2026/6/15, 00:52:56.740, 30359.75, 30360.75, 30359.75, 30360.75, 4, 3, 3, 1
2026/6/15, 00:52:57.936, 30362.25, 30363.25, 30362.25, 30362.25, 3, 2, 0, 3
2026/6/15, 00:52:59.917, 30364.00, 30364.00, 30363.00, 30364.00, 1, 1, 0, 1
2026/6/15, 00:53:03.804, 30360.75, 30361.50, 30360.50, 30361.50, 5, 4, 3, 2
2026/6/15, 00:53:05.434, 30362.75, 30363.75, 30362.75, 30363.75, 2, 2, 0, 2
2026/6/15, 00:53:18.423, 30366.00, 30367.00, 30366.00, 30366.00, 1, 1, 0, 1
2026/6/15, 00:53:19.456, 30367.25, 30367.25, 30366.25, 30367.25, 1, 1, 0, 1
2026/6/15, 00:53:20.125, 30363.75, 30363.75, 30362.75, 30362.75, 2, 2, 2, 0
2026/6/15, 00:53:22.931, 30362.50, 30362.50, 30361.50, 30362.50, 1, 1, 1, 0
2026/6/15, 00:53:27.570, 30361.25, 30361.25, 30360.25, 30361.25, 2, 2, 2, 0
2026/6/15, 00:53:29.615, 30358.75, 30359.25, 30358.25, 30359.25, 2, 2, 2, 0
2026/6/15, 00:53:59.169, 30357.00, 30358.00, 30357.00, 30358.00, 2, 2, 2, 0
2026/6/15, 00:54:00.305, 30360.25, 30360.25, 30359.25, 30360.25, 1, 1, 0, 1
2026/6/15, 00:54:01.339, 30357.50, 30357.50, 30356.50, 30357.50, 7, 7, 7, 0
2026/6/15, 00:54:06.303, 30352.50, 30353.00, 30352.00, 30352.00, 2, 2, 2, 0
2026/6/15, 00:54:06.487, 30355.00, 30355.00, 30354.00, 30354.00, 2, 2, 1, 1
2026/6/15, 00:54:09.354, 30352.00, 30352.00, 30351.00, 30352.00, 1, 1, 1, 0
2026/6/15, 00:54:25.539, 30350.00, 30351.00, 30350.00, 30350.00, 3, 3, 3, 0
2026/6/15, 00:54:29.762, 30351.75, 30352.75, 30351.75, 30351.75, 2, 2, 0, 2
2026/6/15, 00:54:34.176, 30355.25, 30356.25, 30355.25, 30355.25, 1, 1, 0, 1
2026/6/15, 00:54:38.457, 30356.50, 30357.50, 30356.50, 30356.50, 1, 1, 0, 1
2026/6/15, 00:54:43.231, 30357.75, 30358.50, 30357.50, 30357.50, 3, 3, 3, 0
2026/6/15, 00:54:44.423, 30359.25, 30360.25, 30359.25, 30360.25, 3, 3, 0, 3
2026/6/15, 00:54:44.865, 30357.50, 30358.50, 30357.50, 30357.50, 2, 1, 0, 2
2026/6/15, 00:54:48.708, 30360.50, 30361.50, 30360.50, 30361.50, 4, 3, 0, 4
2026/6/15, 00:54:56.357, 30360.00, 30360.00, 30359.00, 30360.00, 7, 7, 5, 2
2026/6/15, 00:55:09.890, 30358.75, 30358.75, 30357.75, 30358.75, 1, 1, 1, 0
2026/6/15, 00:55:12.349, 30353.00, 30354.00, 30353.00, 30354.00, 2, 2, 2, 0
2026/6/15, 00:55:20.335, 30355.75, 30356.75, 30355.75, 30355.75, 1, 1, 0, 1
2026/6/15, 00:55:20.525, 30357.25, 30358.25, 30357.25, 30358.25, 2, 2, 0, 2
2026/6/15, 00:55:25.880, 30359.50, 30360.00, 30359.00, 30360.00, 2, 2, 0, 2
2026/6/15, 00:55:29.131, 30358.50, 30359.25, 30358.25, 30358.25, 3, 3, 2, 1
2026/6/15, 00:55:35.641, 30360.25, 30361.00, 30360.00, 30360.00, 5, 5, 0, 5
2026/6/15, 00:55:40.854, 30358.50, 30358.75, 30357.75, 30357.75, 2, 2, 2, 0
2026/6/15, 00:55:42.612, 30360.50, 30361.50, 30360.50, 30361.50, 5, 5, 0, 5
2026/6/15, 00:55:46.855, 30362.50, 30362.50, 30361.50, 30362.50, 3, 2, 0, 3
2026/6/15, 00:55:47.431, 30361.00, 30361.00, 30360.00, 30360.00, 5, 4, 2, 3
2026/6/15, 00:55:50.117, 30358.75, 30358.75, 30357.75, 30358.75, 3, 3, 2, 1
2026/6/15, 00:55:51.757, 30357.00, 30357.50, 30356.50, 30356.50, 4, 4, 4, 0
2026/6/15, 00:56:04.361, 30358.75, 30358.75, 30357.75, 30358.75, 1, 1, 0, 1
2026/6/15, 00:56:04.811, 30357.25, 30358.25, 30357.25, 30357.25, 2, 2, 2, 0
2026/6/15, 00:56:14.568, 30358.75, 30359.75, 30358.75, 30358.75, 1, 1, 0, 1
2026/6/15, 00:56:14.570, 30360.00, 30361.00, 30360.00, 30360.00, 1, 1, 0, 1
2026/6/15, 00:56:20.814, 30364.75, 30364.75, 30363.75, 30364.75, 1, 1, 0, 1
2026/6/15, 00:56:21.174, 30362.50, 30363.50, 30362.50, 30362.50, 2, 2, 2, 0
2026/6/15, 00:56:24.138, 30364.50, 30365.50, 30364.50, 30365.50, 2, 2, 0, 2
2026/6/15, 00:56:26.388, 30365.75, 30366.75, 30365.75, 30365.75, 2, 2, 0, 2
2026/6/15, 00:56:26.435, 30367.00, 30367.00, 30366.00, 30367.00, 1, 1, 0, 1
2026/6/15, 00:56:28.193, 30365.00, 30365.75, 30364.75, 30364.75, 2, 2, 2, 0
2026/6/15, 00:56:30.068, 30367.75, 30367.75, 30366.75, 30367.75, 4, 4, 0, 4
2026/6/15, 00:56:33.489, 30366.00, 30367.00, 30366.00, 30366.00, 1, 1, 1, 0
2026/6/15, 00:56:38.933, 30367.50, 30367.50, 30366.50, 30367.50, 1, 1, 0, 1
2026/6/15, 00:56:41.419, 30365.75, 30365.75, 30364.75, 30365.75, 2, 2, 2, 0
2026/6/15, 00:56:41.423, 30364.50, 30364.50, 30363.50, 30363.50, 5, 5, 4, 1
2026/6/15, 00:57:01.049, 30359.75, 30360.50, 30359.50, 30360.50, 2, 2, 0, 2
2026/6/15, 00:57:01.049, 30358.00, 30358.75, 30357.75, 30358.75, 3, 3, 3, 0
2026/6/15, 00:57:10.239, 30355.50, 30355.50, 30354.50, 30354.50, 15, 7, 15, 0
2026/6/15, 00:57:12.083, 30353.50, 30354.50, 30353.50, 30353.50, 1, 1, 1, 0
2026/6/15, 00:57:13.146, 30354.75, 30355.00, 30354.00, 30355.00, 2, 2, 0, 2
2026/6/15, 00:57:20.214, 30353.00, 30353.00, 30352.00, 30352.00, 6, 6, 6, 0
2026/6/15, 00:57:24.910, 30354.00, 30354.00, 30353.00, 30353.00, 3, 3, 1, 2
2026/6/15, 00:57:26.204, 30352.50, 30353.50, 30352.50, 30353.50, 2, 2, 1, 1
2026/6/15, 00:57:26.296, 30353.75, 30354.50, 30353.50, 30354.50, 3, 3, 1, 2
2026/6/15, 00:57:35.189, 30352.50, 30353.50, 30352.50, 30352.50, 3, 3, 3, 0
2026/6/15, 00:57:37.488, 30355.25, 30356.25, 30355.25, 30355.25, 7, 7, 0, 7
2026/6/15, 00:57:45.449, 30351.50, 30352.50, 30351.50, 30351.50, 1, 1, 1, 0
2026/6/15, 00:57:45.715, 30354.00, 30355.00, 30354.00, 30355.00, 3, 3, 0, 3
2026/6/15, 00:57:49.216, 30355.50, 30355.75, 30354.75, 30354.75, 5, 5, 2, 3
2026/6/15, 00:57:59.359, 30352.50, 30353.50, 30352.50, 30352.50, 1, 1, 1, 0
2026/6/15, 00:58:02.317, 30357.00, 30358.00, 30357.00, 30357.00, 1, 1, 0, 1
2026/6/15, 00:58:04.550, 30358.75, 30358.75, 30357.75, 30357.75, 3, 3, 3, 0
2026/6/15, 00:58:10.370, 30355.75, 30356.75, 30355.75, 30356.75, 12, 12, 1, 11
2026/6/15, 00:58:18.287, 30357.00, 30358.00, 30357.00, 30358.00, 9, 9, 2, 7
2026/6/15, 00:58:18.287, 30358.50, 30358.75, 30357.75, 30358.75, 6, 6, 0, 6
2026/6/15, 00:58:18.287, 30357.50, 30358.50, 30357.50, 30358.50, 4, 4, 4, 0
2026/6/15, 00:58:18.342, 30360.25, 30360.75, 30359.75, 30359.75, 5, 5, 1, 4
2026/6/15, 00:58:20.232, 30359.00, 30360.00, 30359.00, 30359.00, 2, 2, 2, 0
2026/6/15, 00:58:23.586, 30362.00, 30363.00, 30362.00, 30363.00, 7, 7, 0, 7
2026/6/15, 00:58:23.586, 30363.50, 30364.25, 30363.25, 30364.25, 8, 8, 0, 8
2026/6/15, 00:58:23.592, 30362.75, 30363.75, 30362.75, 30363.75, 5, 5, 0, 5
2026/6/15, 00:58:24.220, 30365.00, 30365.00, 30364.00, 30365.00, 2, 2, 0, 2
2026/6/15, 00:58:24.403, 30363.75, 30364.25, 30363.25, 30363.25, 5, 4, 2, 3
2026/6/15, 00:58:36.972, 30362.75, 30363.75, 30362.75, 30362.75, 1, 1, 1, 0
2026/6/15, 00:58:37.418, 30364.00, 30364.00, 30363.00, 30363.00, 4, 2, 3, 1
2026/6/15, 00:58:40.375, 30361.75, 30361.75, 30360.75, 30360.75, 5, 5, 5, 0
2026/6/15, 00:58:40.381, 30360.00, 30360.00, 30359.00, 30359.00, 6, 6, 6, 0
2026/6/15, 00:58:41.107, 30357.50, 30357.50, 30356.50, 30357.50, 15, 10, 15, 0
2026/6/15, 00:58:45.369, 30356.25, 30357.25, 30356.25, 30356.25, 2, 2, 0, 2
2026/6/15, 00:58:45.372, 30357.50, 30358.50, 30357.50, 30358.50, 5, 5, 2, 3
2026/6/15, 00:58:47.303, 30356.75, 30357.75, 30356.75, 30356.75, 1, 1, 1, 0
2026/6/15, 00:58:47.374, 30358.00, 30358.00, 30357.00, 30358.00, 2, 2, 2, 0
2026/6/15, 00:59:10.063, 30356.25, 30356.25, 30355.25, 30356.25, 1, 1, 1, 0
2026/6/15, 00:59:10.754, 30355.00, 30355.25, 30354.25, 30354.25, 2, 2, 2, 0
2026/6/15, 00:59:12.050, 30356.25, 30356.25, 30355.25, 30356.25, 1, 1, 0, 1
2026/6/15, 00:59:12.519, 30354.25, 30354.75, 30353.75, 30353.75, 7, 6, 7, 0
2026/6/15, 00:59:16.392, 30356.00, 30356.00, 30355.00, 30356.00, 1, 1, 0, 1
2026/6/15, 00:59:19.487, 30353.75, 30353.75, 30352.75, 30352.75, 5, 5, 5, 0
2026/6/15, 00:59:20.872, 30351.00, 30351.00, 30350.00, 30350.00, 4, 4, 4, 0
2026/6/15, 00:59:34.930, 30352.25, 30352.25, 30351.25, 30351.25, 3, 3, 1, 2
2026/6/15, 00:59:45.303, 30350.00, 30350.00, 30349.00, 30350.00, 2, 2, 2, 0
2026/6/15, 00:59:46.199, 30348.50, 30348.50, 30347.50, 30347.50, 15, 15, 15, 0
2026/6/15, 00:59:46.199, 30347.00, 30347.25, 30346.25, 30346.25, 4, 4, 4, 0
2026/6/15, 00:59:46.442, 30348.50, 30349.25, 30348.25, 30348.25, 3, 3, 0, 3
2026/6/15, 00:59:48.330, 30350.75, 30351.75, 30350.75, 30350.75, 1, 1, 0, 1
2026/6/15, 00:59:48.475, 30352.00, 30353.00, 30352.00, 30352.00, 1, 1, 0, 1
2026/6/15, 00:59:49.762, 30353.50, 30354.50, 30353.50, 30353.50, 3, 3, 0, 3
2026/6/15, 00:59:50.011, 30355.75, 30356.75, 30355.75, 30355.75, 1, 1, 0, 1
2026/6/15, 00:59:50.785, 30357.25, 30357.25, 30356.25, 30357.25, 1, 1, 0, 1
2026/6/15, 00:59:51.069, 30355.50, 30355.50, 30354.50, 30355.50, 1, 1, 1, 0
2026/6/15, 00:59:58.945, 30347.25, 30347.25, 30346.25, 30346.25, 2, 2, 2, 0
2026/6/15, 00:59:59.240, 30345.50, 30346.50, 30345.50, 30345.50, 1, 1, 1, 0
2026/6/15, 01:00:00.737, 30349.50, 30350.50, 30349.50, 30350.50, 2, 2, 0, 2
2026/6/15, 01:00:01.905, 30351.25, 30351.25, 30350.25, 30351.25, 1, 1, 0, 1
2026/6/15, 01:00:02.576, 30348.75, 30349.75, 30348.75, 30348.75, 1, 1, 1, 0
2026/6/15, 01:00:04.125, 30350.75, 30350.75, 30349.75, 30350.75, 1, 1, 0, 1
2026/6/15, 01:00:04.322, 30348.50, 30349.50, 30348.50, 30348.50, 1, 1, 1, 0
2026/6/15, 01:00:04.421, 30351.50, 30352.50, 30351.50, 30351.50, 2, 2, 0, 2
2026/6/15, 01:00:06.922, 30353.00, 30354.00, 30353.00, 30353.00, 2, 2, 0, 2
2026/6/15, 01:00:06.958, 30354.25, 30355.25, 30354.25, 30354.25, 1, 1, 0, 1
2026/6/15, 01:00:06.972, 30355.75, 30355.75, 30354.75, 30355.75, 1, 1, 0, 1
2026/6/15, 01:00:08.544, 30352.75, 30352.75, 30351.75, 30352.75, 2, 2, 2, 0
2026/6/15, 01:00:31.921, 30347.25, 30348.25, 30347.25, 30347.25, 1, 1, 1, 0
2026/6/15, 01:00:32.069, 30350.25, 30350.75, 30349.75, 30349.75, 2, 2, 1, 1
2026/6/15, 01:00:46.947, 30351.75, 30352.75, 30351.75, 30351.75, 1, 1, 0, 1
2026/6/15, 01:00:46.947, 30353.25, 30354.25, 30353.25, 30353.25, 2, 2, 0, 2
2026/6/15, 01:00:52.579, 30361.25, 30362.25, 30361.25, 30361.25, 1, 1, 0, 1
2026/6/15, 01:00:58.467, 30363.25, 30363.75, 30362.75, 30363.75, 4, 4, 0, 4
2026/6/15, 01:00:58.813, 30364.00, 30365.00, 30364.00, 30365.00, 6, 5, 0, 6
2026/6/15, 01:00:58.821, 30363.00, 30363.50, 30362.50, 30363.50, 2, 2, 2, 0
2026/6/15, 01:00:59.435, 30361.75, 30361.75, 30360.75, 30361.75, 10, 10, 9, 1
2026/6/15, 01:01:01.024, 30358.75, 30359.75, 30358.75, 30358.75, 1, 1, 1, 0
2026/6/15, 01:01:03.914, 30364.25, 30364.75, 30363.75, 30363.75, 2, 2, 1, 1
2026/6/15, 01:01:06.807, 30366.25, 30366.25, 30365.25, 30366.25, 1, 1, 0, 1
2026/6/15, 01:01:07.190, 30360.00, 30360.00, 30359.00, 30360.00, 1, 1, 1, 0
2026/6/15, 01:01:09.204, 30358.75, 30359.75, 30358.75, 30358.75, 2, 1, 2, 0
2026/6/15, 01:01:09.241, 30361.75, 30362.75, 30361.75, 30361.75, 3, 3, 0, 3
2026/6/15, 01:01:09.695, 30364.50, 30364.50, 30363.50, 30363.50, 2, 2, 1, 1
2026/6/15, 01:01:16.919, 30363.25, 30364.25, 30363.25, 30363.25, 1, 1, 0, 1
2026/6/15, 01:01:16.986, 30364.75, 30364.75, 30363.75, 30364.75, 1, 1, 0, 1
2026/6/15, 01:01:19.489, 30362.75, 30363.75, 30362.75, 30362.75, 1, 1, 1, 0
2026/6/15, 01:01:22.584, 30365.50, 30366.50, 30365.50, 30366.50, 2, 2, 0, 2
2026/6/15, 01:01:24.342, 30367.25, 30368.25, 30367.25, 30368.25, 6, 5, 0, 6
2026/6/15, 01:01:24.477, 30369.00, 30370.00, 30369.00, 30370.00, 3, 3, 0, 3
2026/6/15, 01:01:25.694, 30366.50, 30367.00, 30366.00, 30366.00, 2, 2, 2, 0
2026/6/15, 01:01:26.302, 30368.50, 30369.50, 30368.50, 30368.50, 1, 1, 0, 1
2026/6/15, 01:01:26.302, 30369.75, 30369.75, 30368.75, 30368.75, 2, 2, 0, 2
2026/6/15, 01:01:27.751, 30368.50, 30369.50, 30368.50, 30369.50, 6, 6, 0, 6
2026/6/15, 01:01:28.596, 30367.00, 30367.00, 30366.00, 30367.00, 1, 1, 1, 0
2026/6/15, 01:01:30.298, 30365.50, 30366.25, 30365.25, 30365.25, 7, 6, 5, 2
2026/6/15, 01:01:34.325, 30364.00, 30364.50, 30363.50, 30363.50, 5, 5, 5, 0
2026/6/15, 01:01:34.329, 30365.50, 30365.75, 30364.75, 30365.75, 5, 3, 4, 1
2026/6/15, 01:01:47.702, 30361.00, 30361.50, 30360.50, 30361.50, 5, 5, 5, 0
2026/6/15, 01:01:56.987, 30360.25, 30360.25, 30359.25, 30360.25, 4, 4, 3, 1
2026/6/15, 01:01:56.996, 30357.25, 30357.25, 30356.25, 30357.25, 2, 2, 1, 1
2026/6/15, 01:01:59.737, 30355.00, 30355.00, 30354.00, 30354.00, 3, 3, 3, 0
2026/6/15, 01:01:59.737, 30353.75, 30353.75, 30352.75, 30353.75, 3, 3, 3, 0
2026/6/15, 01:02:00.445, 30352.50, 30352.50, 30351.50, 30351.50, 2, 2, 2, 0
2026/6/15, 01:02:00.701, 30350.75, 30350.75, 30349.75, 30349.75, 5, 5, 5, 0
2026/6/15, 01:02:02.765, 30349.25, 30349.75, 30348.75, 30349.75, 5, 5, 4, 1
2026/6/15, 01:02:10.105, 30348.50, 30349.50, 30348.50, 30348.50, 1, 1, 1, 0
2026/6/15, 01:02:11.600, 30350.00, 30351.00, 30350.00, 30351.00, 3, 3, 0, 3
2026/6/15, 01:02:11.784, 30351.25, 30352.25, 30351.25, 30352.25, 3, 3, 0, 3
2026/6/15, 01:02:12.283, 30354.00, 30354.00, 30353.00, 30354.00, 2, 2, 0, 2
2026/6/15, 01:02:16.343, 30351.25, 30351.25, 30350.25, 30351.25, 1, 1, 0, 1
2026/6/15, 01:02:17.167, 30349.25, 30349.25, 30348.25, 30348.25, 2, 2, 2, 0
2026/6/15, 01:02:21.874, 30346.50, 30346.50, 30345.50, 30346.50, 1, 1, 1, 0
2026/6/15, 01:02:21.995, 30345.00, 30345.00, 30344.00, 30345.00, 1, 1, 1, 0
2026/6/15, 01:02:21.995, 30343.75, 30343.75, 30342.75, 30343.75, 37, 7, 37, 0
2026/6/15, 01:02:22.576, 30342.00, 30342.00, 30341.00, 30342.00, 1, 1, 1, 0
2026/6/15, 01:02:22.576, 30340.50, 30340.50, 30339.50, 30339.50, 21, 11, 21, 0
2026/6/15, 01:02:22.588, 30339.00, 30339.00, 30338.00, 30339.00, 3, 3, 2, 1
2026/6/15, 01:02:22.726, 30337.25, 30337.25, 30336.25, 30337.25, 1, 1, 1, 0
2026/6/15, 01:02:22.726, 30336.00, 30337.00, 30336.00, 30336.00, 1, 1, 1, 0
2026/6/15, 01:02:22.861, 30340.50, 30341.50, 30340.50, 30340.50, 4, 4, 0, 4
2026/6/15, 01:02:24.301, 30342.50, 30343.50, 30342.50, 30342.50, 4, 4, 1, 3
2026/6/15, 01:02:25.329, 30341.50, 30341.50, 30340.50, 30341.50, 1, 1, 1, 0
2026/6/15, 01:02:25.820, 30339.25, 30340.25, 30339.25, 30339.25, 1, 1, 1, 0
2026/6/15, 01:02:28.287, 30342.50, 30343.50, 30342.50, 30342.50, 1, 1, 1, 0
2026/6/15, 01:02:31.818, 30346.50, 30347.50, 30346.50, 30347.50, 3, 3, 0, 3
2026/6/15, 01:02:34.746, 30347.75, 30347.75, 30346.75, 30347.75, 1, 1, 1, 0
2026/6/15, 01:02:37.791, 30346.00, 30346.00, 30345.00, 30346.00, 1, 1, 0, 1
2026/6/15, 01:02:38.473, 30343.50, 30344.00, 30343.00, 30343.00, 3, 3, 3, 0
2026/6/15, 01:02:40.735, 30347.25, 30347.50, 30346.50, 30347.50, 2, 2, 0, 2
2026/6/15, 01:02:46.120, 30345.25, 30346.00, 30345.00, 30346.00, 5, 4, 1, 4
2026/6/15, 01:02:50.363, 30347.00, 30347.25, 30346.25, 30347.25, 8, 8, 0, 8
2026/6/15, 01:02:52.403, 30347.50, 30348.50, 30347.50, 30347.50, 9, 6, 3, 6
2026/6/15, 01:02:58.495, 30346.25, 30347.25, 30346.25, 30346.25, 1, 1, 1, 0
2026/6/15, 01:02:59.291, 30347.50, 30347.50, 30346.50, 30347.50, 1, 1, 0, 1
2026/6/15, 01:03:05.600, 30342.50, 30342.50, 30341.50, 30341.50, 2, 2, 2, 0
2026/6/15, 01:03:06.545, 30341.00, 30342.00, 30341.00, 30342.00, 2, 2, 1, 1
2026/6/15, 01:03:08.077, 30340.75, 30340.75, 30339.75, 30340.75, 1, 1, 1, 0
2026/6/15, 01:03:08.707, 30339.50, 30339.50, 30338.50, 30338.50, 11, 11, 11, 0
2026/6/15, 01:03:08.707, 30338.00, 30339.00, 30338.00, 30338.00, 7, 7, 7, 0
2026/6/15, 01:03:09.837, 30340.50, 30341.00, 30340.00, 30341.00, 3, 3, 0, 3
2026/6/15, 01:03:09.864, 30339.50, 30339.50, 30338.50, 30339.50, 1, 1, 1, 0
2026/6/15, 01:03:14.319, 30338.00, 30338.50, 30337.50, 30338.50, 2, 2, 2, 0
2026/6/15, 01:03:16.026, 30337.25, 30337.50, 30336.50, 30336.50, 2, 2, 2, 0
2026/6/15, 01:03:17.068, 30337.75, 30337.75, 30336.75, 30337.75, 1, 1, 0, 1
2026/6/15, 01:03:17.371, 30335.75, 30336.75, 30335.75, 30335.75, 1, 1, 1, 0
2026/6/15, 01:03:17.420, 30338.00, 30338.00, 30337.00, 30338.00, 1, 1, 0, 1
2026/6/15, 01:03:18.021, 30336.25, 30337.00, 30336.00, 30336.00, 2, 2, 2, 0
2026/6/15, 01:03:20.872, 30337.75, 30338.75, 30337.75, 30337.75, 1, 1, 0, 1
2026/6/15, 01:03:21.329, 30339.00, 30340.00, 30339.00, 30340.00, 2, 2, 0, 2
2026/6/15, 01:03:26.492, 30342.25, 30343.25, 30342.25, 30343.25, 3, 3, 0, 3
2026/6/15, 01:03:29.365, 30344.00, 30344.00, 30343.00, 30343.00, 2, 2, 0, 2
2026/6/15, 01:03:35.581, 30341.50, 30342.50, 30341.50, 30341.50, 1, 1, 1, 0
2026/6/15, 01:03:43.264, 30343.00, 30344.00, 30343.00, 30344.00, 4, 4, 0, 4
2026/6/15, 01:03:48.988, 30340.00, 30341.00, 30340.00, 30340.00, 1, 1, 1, 0
2026/6/15, 01:03:50.596, 30341.75, 30341.75, 30340.75, 30341.75, 1, 1, 0, 1
2026/6/15, 01:04:01.210, 30338.00, 30338.00, 30337.00, 30338.00, 1, 1, 1, 0
2026/6/15, 01:04:01.210, 30336.75, 30337.75, 30336.75, 30336.75, 2, 2, 2, 0
2026/6/15, 01:04:01.489, 30340.00, 30340.50, 30339.50, 30340.50, 5, 5, 0, 5
2026/6/15, 01:04:02.527, 30338.75, 30339.00, 30338.00, 30338.00, 3, 3, 3, 0
2026/6/15, 01:04:10.270, 30341.25, 30341.25, 30340.25, 30341.25, 2, 2, 0, 2
2026/6/15, 01:04:10.591, 30338.50, 30339.50, 30338.50, 30339.50, 2, 2, 2, 0
2026/6/15, 01:04:12.640, 30339.75, 30340.75, 30339.75, 30339.75, 1, 1, 0, 1
2026/6/15, 01:04:12.641, 30341.25, 30341.25, 30340.25, 30341.25, 2, 2, 0, 2
2026/6/15, 01:04:27.258, 30338.75, 30338.75, 30337.75, 30337.75, 4, 4, 4, 0
2026/6/15, 01:04:33.137, 30336.75, 30337.75, 30336.75, 30337.75, 3, 3, 1, 2
2026/6/15, 01:04:33.933, 30339.00, 30340.00, 30339.00, 30340.00, 5, 5, 0, 5
2026/6/15, 01:04:33.935, 30342.25, 30342.25, 30341.25, 30342.25, 3, 3, 1, 2
2026/6/15, 01:04:45.294, 30341.00, 30341.00, 30340.00, 30340.00, 2, 2, 2, 0
2026/6/15, 01:04:48.154, 30339.50, 30340.25, 30339.25, 30340.25, 4, 4, 4, 0
2026/6/15, 01:04:59.359, 30338.75, 30338.75, 30337.75, 30337.75, 2, 2, 2, 0
2026/6/15, 01:05:07.829, 30339.25, 30340.25, 30339.25, 30340.25, 2, 2, 0, 2
2026/6/15, 01:05:07.834, 30340.75, 30341.75, 30340.75, 30341.75, 2, 2, 0, 2
2026/6/15, 01:05:07.881, 30342.00, 30343.00, 30342.00, 30342.00, 1, 1, 0, 1
2026/6/15, 01:05:09.095, 30344.75, 30345.00, 30344.00, 30345.00, 2, 2, 0, 2
2026/6/15, 01:05:10.257, 30342.50, 30343.00, 30342.00, 30342.00, 3, 3, 3, 0
2026/6/15, 01:05:11.940, 30344.75, 30345.75, 30344.75, 30345.75, 3, 3, 0, 3
2026/6/15, 01:05:11.946, 30347.00, 30348.00, 30347.00, 30348.00, 2, 2, 0, 2
2026/6/15, 01:05:14.172, 30351.50, 30351.50, 30350.50, 30350.50, 5, 4, 2, 3
2026/6/15, 01:05:17.667, 30348.25, 30349.25, 30348.25, 30348.25, 1, 1, 1, 0
2026/6/15, 01:05:18.404, 30351.25, 30351.25, 30350.25, 30350.25, 6, 6, 2, 4
2026/6/15, 01:05:20.348, 30348.75, 30348.75, 30347.75, 30348.75, 2, 2, 2, 0
2026/6/15, 01:05:22.611, 30343.75, 30343.75, 30342.75, 30342.75, 17, 12, 5, 12
2026/6/15, 01:05:22.946, 30342.00, 30342.00, 30341.00, 30342.00, 2, 1, 2, 0
2026/6/15, 01:05:24.248, 30339.50, 30339.50, 30338.50, 30339.50, 38, 21, 38, 0
2026/6/15, 01:05:26.321, 30336.00, 30336.00, 30335.00, 30335.00, 2, 2, 2, 0
2026/6/15, 01:05:29.180, 30337.00, 30338.00, 30337.00, 30338.00, 13, 13, 0, 13
2026/6/15, 01:05:29.180, 30338.25, 30339.25, 30338.25, 30338.25, 3, 3, 0, 3
2026/6/15, 01:05:29.183, 30340.00, 30341.00, 30340.00, 30340.00, 1, 1, 0, 1
2026/6/15, 01:05:29.189, 30341.25, 30342.25, 30341.25, 30341.25, 2, 2, 0, 2
2026/6/15, 01:05:29.909, 30345.00, 30345.00, 30344.00, 30345.00, 1, 1, 0, 1
2026/6/15, 01:05:30.198, 30342.00, 30342.75, 30341.75, 30341.75, 2, 2, 2, 0
2026/6/15, 01:05:34.013, 30345.00, 30345.00, 30344.00, 30345.00, 2, 2, 2, 0
2026/6/15, 01:05:34.013, 30343.75, 30343.75, 30342.75, 30342.75, 5, 5, 5, 0
2026/6/15, 01:05:46.752, 30340.25, 30340.25, 30339.25, 30339.25, 6, 5, 2, 4
2026/6/15, 01:05:55.901, 30335.00, 30335.00, 30334.00, 30335.00, 1, 1, 1, 0
2026/6/15, 01:05:55.901, 30333.00, 30334.00, 30333.00, 30333.00, 2, 2, 2, 0
2026/6/15, 01:06:00.936, 30336.25, 30337.25, 30336.25, 30337.25, 5, 5, 0, 5
2026/6/15, 01:06:01.713, 30338.00, 30338.25, 30337.25, 30338.25, 4, 4, 0, 4
2026/6/15, 01:06:03.336, 30335.75, 30336.75, 30335.75, 30335.75, 2, 2, 2, 0
2026/6/15, 01:06:03.355, 30337.50, 30337.50, 30336.50, 30337.50, 1, 1, 0, 1
2026/6/15, 01:06:09.101, 30334.50, 30335.00, 30334.00, 30334.00, 3, 3, 3, 0
2026/6/15, 01:06:13.028, 30336.00, 30337.00, 30336.00, 30337.00, 11, 3, 0, 11
2026/6/15, 01:06:13.190, 30334.50, 30335.25, 30334.25, 30334.25, 3, 3, 3, 0
2026/6/15, 01:06:17.714, 30337.00, 30337.75, 30336.75, 30336.75, 17, 14, 10, 7
2026/6/15, 01:06:44.827, 30336.00, 30336.00, 30335.00, 30336.00, 1, 1, 1, 0
2026/6/15, 01:06:48.478, 30333.25, 30333.25, 30332.25, 30333.25, 4, 4, 3, 1
2026/6/15, 01:07:00.402, 30332.00, 30332.00, 30331.00, 30331.00, 4, 4, 4, 0
2026/6/15, 01:07:03.088, 30330.50, 30331.50, 30330.50, 30330.50, 1, 1, 1, 0
2026/6/15, 01:07:06.044, 30331.75, 30332.50, 30331.50, 30332.50, 3, 3, 0, 3
2026/6/15, 01:07:09.211, 30330.50, 30330.50, 30329.50, 30329.50, 3, 3, 3, 0
2026/6/15, 01:07:10.939, 30329.00, 30329.00, 30328.00, 30328.00, 3, 3, 3, 0
2026/6/15, 01:07:13.778, 30327.50, 30327.50, 30326.50, 30326.50, 4, 4, 4, 0
2026/6/15, 01:07:14.204, 30326.25, 30327.00, 30326.00, 30326.00, 2, 2, 2, 0
2026/6/15, 01:07:16.953, 30328.00, 30328.25, 30327.25, 30328.25, 2, 2, 0, 2
2026/6/15, 01:07:18.432, 30325.75, 30326.50, 30325.50, 30325.50, 2, 2, 2, 0
2026/6/15, 01:07:18.945, 30327.75, 30327.75, 30326.75, 30327.75, 1, 1, 0, 1
2026/6/15, 01:07:19.214, 30326.50, 30326.75, 30325.75, 30326.75, 3, 3, 3, 0
2026/6/15, 01:07:25.470, 30325.25, 30326.25, 30325.25, 30325.25, 1, 1, 1, 0
2026/6/15, 01:07:28.225, 30327.00, 30327.00, 30326.00, 30327.00, 1, 1, 1, 0
2026/6/15, 01:07:28.489, 30325.00, 30325.00, 30324.00, 30324.00, 5, 5, 5, 0
2026/6/15, 01:07:31.774, 30322.00, 30322.00, 30321.00, 30321.00, 9, 9, 9, 0
2026/6/15, 01:07:31.774, 30320.50, 30320.50, 30319.50, 30319.50, 7, 5, 7, 0
2026/6/15, 01:07:33.296, 30318.25, 30319.25, 30318.25, 30318.25, 2, 2, 2, 0
2026/6/15, 01:07:33.298, 30320.75, 30321.00, 30320.00, 30320.00, 3, 3, 1, 2
2026/6/15, 01:07:34.643, 30322.25, 30323.00, 30322.00, 30322.00, 6, 6, 0, 6
2026/6/15, 01:07:38.351, 30324.50, 30325.50, 30324.50, 30325.50, 4, 3, 0, 4
2026/6/15, 01:07:43.714, 30326.50, 30326.50, 30325.50, 30326.50, 3, 3, 2, 1
2026/6/15, 01:07:46.892, 30324.75, 30324.75, 30323.75, 30324.75, 3, 3, 3, 0
2026/6/15, 01:07:46.904, 30323.00, 30323.00, 30322.00, 30322.00, 4, 4, 4, 0
2026/6/15, 01:07:49.083, 30319.00, 30319.25, 30318.25, 30318.25, 4, 4, 4, 0
2026/6/15, 01:07:52.908, 30320.00, 30321.00, 30320.00, 30320.00, 3, 3, 0, 3
2026/6/15, 01:07:57.349, 30321.50, 30322.50, 30321.50, 30321.50, 3, 3, 0, 3
2026/6/15, 01:07:57.431, 30322.75, 30322.75, 30321.75, 30321.75, 3, 3, 1, 2
2026/6/15, 01:08:01.532, 30319.25, 30319.25, 30318.25, 30319.25, 2, 2, 2, 0
2026/6/15, 01:08:04.410, 30318.00, 30318.00, 30317.00, 30318.00, 2, 2, 2, 0
2026/6/15, 01:08:06.125, 30316.75, 30317.25, 30316.25, 30316.25, 3, 3, 3, 0
2026/6/15, 01:08:06.291, 30317.75, 30318.75, 30317.75, 30318.75, 2, 2, 0, 2
2026/6/15, 01:08:09.175, 30319.75, 30320.50, 30319.50, 30320.50, 3, 3, 0, 3
2026/6/15, 01:08:10.409, 30319.25, 30320.25, 30319.25, 30319.25, 1, 1, 0, 1
2026/6/15, 01:08:14.384, 30323.50, 30324.50, 30323.50, 30323.50, 1, 1, 1, 0
2026/6/15, 01:08:17.043, 30326.50, 30327.50, 30326.50, 30327.50, 7, 7, 0, 7
2026/6/15, 01:08:17.043, 30327.75, 30328.75, 30327.75, 30327.75, 3, 3, 1, 2
2026/6/15, 01:08:18.332, 30330.25, 30330.25, 30329.25, 30330.25, 1, 1, 0, 1
2026/6/15, 01:08:18.379, 30328.75, 30329.75, 30328.75, 30329.75, 2, 2, 1, 1
2026/6/15, 01:08:18.709, 30330.00, 30330.75, 30329.75, 30330.75, 3, 3, 3, 0
2026/6/15, 01:08:19.670, 30329.50, 30330.50, 30329.50, 30329.50, 1, 1, 1, 0
2026/6/15, 01:08:20.110, 30330.75, 30330.75, 30329.75, 30330.75, 1, 1, 0, 1
2026/6/15, 01:08:20.130, 30328.75, 30328.75, 30327.75, 30328.75, 1, 1, 1, 0
2026/6/15, 01:08:24.799, 30327.25, 30328.25, 30327.25, 30328.25, 12, 12, 8, 4
2026/6/15, 01:08:40.290, 30330.00, 30330.00, 30329.00, 30330.00, 1, 1, 0, 1
2026/6/15, 01:08:46.831, 30327.25, 30327.25, 30326.25, 30326.25, 7, 7, 7, 0
2026/6/15, 01:08:46.831, 30326.00, 30326.00, 30325.00, 30325.00, 6, 6, 6, 0
2026/6/15, 01:08:46.831, 30324.50, 30324.50, 30323.50, 30323.50, 16, 16, 16, 0
2026/6/15, 01:08:48.121, 30322.25, 30323.25, 30322.25, 30322.25, 2, 2, 2, 0
2026/6/15, 01:08:48.331, 30323.50, 30324.50, 30323.50, 30323.50, 1, 1, 0, 1
2026/6/15, 01:08:51.862, 30325.75, 30325.75, 30324.75, 30325.75, 4, 3, 0, 4
2026/6/15, 01:08:51.864, 30324.00, 30324.00, 30323.00, 30323.00, 2, 2, 2, 0
2026/6/15, 01:08:51.868, 30322.75, 30322.75, 30321.75, 30322.75, 2, 2, 2, 0
2026/6/15, 01:08:55.709, 30321.25, 30321.25, 30320.25, 30321.25, 5, 3, 5, 0
2026/6/15, 01:08:56.097, 30320.00, 30320.00, 30319.00, 30320.00, 1, 1, 1, 0
2026/6/15, 01:08:56.512, 30318.00, 30318.00, 30317.00, 30317.00, 3, 3, 3, 0
2026/6/15, 01:08:56.512, 30316.75, 30317.75, 30316.75, 30316.75, 1, 1, 1, 0
2026/6/15, 01:08:56.702, 30319.75, 30320.25, 30319.25, 30320.25, 9, 9, 0, 9
2026/6/15, 01:08:56.752, 30318.75, 30319.75, 30318.75, 30318.75, 1, 1, 1, 0
2026/6/15, 01:08:57.602, 30320.75, 30321.75, 30320.75, 30320.75, 10, 10, 1, 9
2026/6/15, 01:09:05.950, 30323.75, 30324.75, 30323.75, 30324.75, 4, 4, 0, 4
2026/6/15, 01:09:05.952, 30325.00, 30326.00, 30325.00, 30325.00, 1, 1, 0, 1
2026/6/15, 01:09:05.953, 30327.50, 30327.50, 30326.50, 30327.50, 1, 1, 0, 1
2026/6/15, 01:09:06.059, 30325.75, 30325.75, 30324.75, 30325.75, 1, 1, 1, 0
2026/6/15, 01:09:07.962, 30322.50, 30323.25, 30322.25, 30323.25, 3, 3, 2, 1
2026/6/15, 01:09:08.348, 30323.50, 30324.50, 30323.50, 30324.50, 3, 3, 0, 3
2026/6/15, 01:09:08.727, 30325.00, 30325.75, 30324.75, 30324.75, 7, 7, 2, 5
2026/6/15, 01:09:11.840, 30321.50, 30321.50, 30320.50, 30320.50, 4, 4, 4, 0
2026/6/15, 01:09:12.945, 30320.25, 30321.25, 30320.25, 30320.25, 1, 1, 1, 0
2026/6/15, 01:09:13.062, 30321.50, 30321.50, 30320.50, 30321.50, 1, 1, 0, 1
2026/6/15, 01:09:13.471, 30318.75, 30318.75, 30317.75, 30318.75, 4, 4, 4, 0
2026/6/15, 01:09:14.782, 30319.75, 30320.50, 30319.50, 30320.50, 3, 3, 0, 3
2026/6/15, 01:09:15.544, 30317.75, 30318.75, 30317.75, 30318.75, 3, 3, 3, 0
2026/6/15, 01:09:17.774, 30319.00, 30320.00, 30319.00, 30320.00, 4, 4, 0, 4
2026/6/15, 01:09:17.917, 30320.75, 30321.75, 30320.75, 30320.75, 2, 2, 0, 2
2026/6/15, 01:09:18.587, 30323.00, 30324.00, 30323.00, 30323.00, 1, 1, 0, 1
2026/6/15, 01:09:18.932, 30324.50, 30324.75, 30323.75, 30323.75, 7, 7, 6, 1
2026/6/15, 01:09:19.554, 30322.75, 30322.75, 30321.75, 30321.75, 2, 2, 1, 1
2026/6/15, 01:09:23.923, 30321.25, 30321.25, 30320.25, 30321.25, 1, 1, 1, 0
2026/6/15, 01:09:25.387, 30319.75, 30319.75, 30318.75, 30319.75, 1, 1, 1, 0
2026/6/15, 01:09:27.590, 30317.50, 30317.50, 30316.50, 30316.50, 9, 9, 9, 0
2026/6/15, 01:09:27.590, 30316.25, 30317.25, 30316.25, 30316.25, 3, 3, 3, 0
2026/6/15, 01:09:27.591, 30317.50, 30317.50, 30316.50, 30316.50, 2, 2, 2, 0
2026/6/15, 01:09:27.591, 30316.00, 30316.00, 30315.00, 30315.00, 21, 14, 21, 0
2026/6/15, 01:09:28.878, 30314.75, 30315.75, 30314.75, 30315.75, 2, 2, 2, 0
2026/6/15, 01:09:28.893, 30316.75, 30316.75, 30315.75, 30316.75, 1, 1, 0, 1
2026/6/15, 01:09:29.131, 30315.25, 30315.75, 30314.75, 30314.75, 6, 6, 6, 0
2026/6/15, 01:09:30.333, 30316.50, 30316.50, 30315.50, 30315.50, 2, 2, 0, 2
2026/6/15, 01:09:31.164, 30314.25, 30315.25, 30314.25, 30314.25, 1, 1, 1, 0
2026/6/15, 01:09:31.524, 30316.50, 30316.50, 30315.50, 30316.50, 5, 5, 0, 5
2026/6/15, 01:09:32.745, 30314.25, 30315.25, 30314.25, 30314.25, 1, 1, 1, 0
2026/6/15, 01:09:32.812, 30316.50, 30317.50, 30316.50, 30317.50, 3, 3, 0, 3
2026/6/15, 01:09:32.812, 30317.75, 30318.75, 30317.75, 30318.75, 4, 4, 0, 4
2026/6/15, 01:09:33.508, 30319.00, 30320.00, 30319.00, 30319.00, 1, 1, 0, 1
2026/6/15, 01:09:34.234, 30320.25, 30321.25, 30320.25, 30320.25, 2, 2, 0, 2
2026/6/15, 01:09:34.532, 30321.75, 30322.75, 30321.75, 30321.75, 1, 1, 0, 1
2026/6/15, 01:09:35.257, 30323.00, 30323.00, 30322.00, 30323.00, 1, 1, 0, 1
2026/6/15, 01:09:35.521, 30321.25, 30322.25, 30321.25, 30321.25, 1, 1, 1, 0
2026/6/15, 01:09:37.913, 30327.00, 30328.00, 30327.00, 30328.00, 3, 3, 0, 3
2026/6/15, 01:09:37.921, 30328.75, 30329.00, 30328.00, 30329.00, 2, 2, 0, 2
2026/6/15, 01:09:38.477, 30326.75, 30326.75, 30325.75, 30326.75, 2, 2, 1, 1
2026/6/15, 01:09:41.711, 30325.00, 30325.50, 30324.50, 30325.50, 2, 2, 1, 1
2026/6/15, 01:09:41.839, 30323.25, 30323.25, 30322.25, 30322.25, 4, 4, 4, 0
2026/6/15, 01:09:45.895, 30322.00, 30322.75, 30321.75, 30321.75, 2, 2, 2, 0
2026/6/15, 01:09:59.867, 30323.75, 30324.75, 30323.75, 30324.75, 3, 3, 0, 3
2026/6/15, 01:10:05.470, 30327.25, 30328.25, 30327.25, 30327.25, 1, 1, 0, 1
2026/6/15, 01:10:11.268, 30332.00, 30332.00, 30331.00, 30332.00, 1, 1, 0, 1
2026/6/15, 01:10:11.584, 30330.50, 30330.50, 30329.50, 30330.50, 1, 1, 1, 0
2026/6/15, 01:10:11.735, 30329.25, 30329.25, 30328.25, 30328.25, 2, 2, 1, 1
2026/6/15, 01:10:18.823, 30325.75, 30326.75, 30325.75, 30325.75, 1, 1, 1, 0
2026/6/15, 01:10:19.115, 30328.50, 30329.50, 30328.50, 30329.50, 7, 7, 0, 7
2026/6/15, 01:10:19.119, 30329.75, 30329.75, 30328.75, 30328.75, 4, 4, 1, 3
2026/6/15, 01:10:19.142, 30328.50, 30328.50, 30327.50, 30328.50, 1, 1, 1, 0
2026/6/15, 01:10:20.223, 30325.25, 30325.25, 30324.25, 30324.25, 4, 4, 4, 0
2026/6/15, 01:10:25.340, 30324.00, 30325.00, 30324.00, 30325.00, 2, 2, 0, 2
2026/6/15, 01:10:25.342, 30327.75, 30327.75, 30326.75, 30327.75, 1, 1, 0, 1
2026/6/15, 01:10:25.361, 30324.00, 30325.00, 30324.00, 30324.00, 1, 1, 0, 1
2026/6/15, 01:10:26.115, 30326.00, 30327.00, 30326.00, 30327.00, 3, 3, 0, 3
2026/6/15, 01:10:30.577, 30328.25, 30328.75, 30327.75, 30328.75, 2, 2, 0, 2
2026/6/15, 01:10:31.749, 30325.50, 30326.50, 30325.50, 30325.50, 3, 3, 2, 1
2026/6/15, 01:10:37.545, 30327.25, 30328.25, 30327.25, 30327.25, 1, 1, 1, 0
2026/6/15, 01:10:38.470, 30329.00, 30329.75, 30328.75, 30329.75, 3, 3, 1, 2
2026/6/15, 01:10:42.454, 30330.00, 30330.25, 30329.25, 30330.25, 2, 2, 0, 2
2026/6/15, 01:10:44.053, 30328.75, 30328.75, 30327.75, 30327.75, 2, 2, 2, 0
2026/6/15, 01:10:44.055, 30327.25, 30327.25, 30326.25, 30327.25, 1, 1, 1, 0
2026/6/15, 01:10:45.680, 30325.25, 30325.25, 30324.25, 30324.25, 3, 3, 3, 0
2026/6/15, 01:10:45.680, 30324.00, 30324.00, 30323.00, 30324.00, 1, 1, 1, 0
2026/6/15, 01:10:45.700, 30322.75, 30322.75, 30321.75, 30322.75, 1, 1, 1, 0
2026/6/15, 01:10:45.743, 30321.00, 30321.00, 30320.00, 30320.00, 3, 3, 3, 0
2026/6/15, 01:10:47.368, 30318.75, 30318.75, 30317.75, 30318.75, 3, 3, 3, 0
2026/6/15, 01:10:47.403, 30316.50, 30316.50, 30315.50, 30316.50, 1, 1, 1, 0
2026/6/15, 01:10:47.513, 30315.00, 30316.00, 30315.00, 30315.00, 1, 1, 1, 0
2026/6/15, 01:10:48.494, 30316.25, 30317.25, 30316.25, 30316.25, 6, 6, 0, 6
2026/6/15, 01:10:51.644, 30317.75, 30318.75, 30317.75, 30317.75, 1, 1, 0, 1
2026/6/15, 01:10:51.936, 30322.50, 30323.50, 30322.50, 30322.50, 1, 1, 0, 1
2026/6/15, 01:10:52.736, 30324.00, 30324.00, 30323.00, 30324.00, 1, 1, 1, 0
2026/6/15, 01:10:52.736, 30321.75, 30321.75, 30320.75, 30321.75, 2, 2, 2, 0
2026/6/15, 01:10:52.740, 30318.25, 30319.25, 30318.25, 30318.25, 1, 1, 1, 0
2026/6/15, 01:10:56.895, 30324.25, 30324.50, 30323.50, 30324.50, 9, 6, 7, 2
2026/6/15, 01:11:00.987, 30324.75, 30324.75, 30323.75, 30324.75, 1, 1, 0, 1
2026/6/15, 01:11:04.802, 30323.00, 30324.00, 30323.00, 30323.00, 1, 1, 1, 0
2026/6/15, 01:11:05.994, 30325.00, 30326.00, 30325.00, 30325.00, 2, 2, 0, 2
2026/6/15, 01:11:27.038, 30327.25, 30328.25, 30327.25, 30327.25, 1, 1, 0, 1
2026/6/15, 01:11:35.172, 30329.00, 30330.00, 30329.00, 30329.00, 2, 2, 0, 2
2026/6/15, 01:11:36.319, 30331.75, 30332.00, 30331.00, 30332.00, 2, 2, 1, 1
2026/6/15, 01:11:37.361, 30330.00, 30330.50, 30329.50, 30329.50, 5, 5, 3, 2
2026/6/15, 01:11:45.978, 30332.75, 30333.75, 30332.75, 30333.75, 6, 6, 0, 6
2026/6/15, 01:11:45.978, 30334.25, 30334.75, 30333.75, 30334.75, 4, 4, 0, 4
2026/6/15, 01:11:46.439, 30331.25, 30331.25, 30330.25, 30331.25, 1, 1, 1, 0
2026/6/15, 01:11:48.457, 30329.75, 30330.25, 30329.25, 30330.25, 3, 3, 2, 1
2026/6/15, 01:11:50.348, 30329.00, 30329.25, 30328.25, 30328.25, 2, 2, 2, 0
2026/6/15, 01:11:51.412, 30330.00, 30330.00, 30329.00, 30329.00, 3, 3, 3, 0
2026/6/15, 01:11:52.510, 30328.00, 30328.00, 30327.00, 30328.00, 1, 1, 1, 0
2026/6/15, 01:11:55.512, 30325.00, 30325.00, 30324.00, 30324.00, 5, 5, 5, 0
2026/6/15, 01:12:05.809, 30323.75, 30324.00, 30323.00, 30323.00, 3, 3, 2, 1
2026/6/15, 01:12:07.981, 30322.50, 30322.50, 30321.50, 30321.50, 5, 5, 4, 1
2026/6/15, 01:12:09.269, 30324.00, 30324.00, 30323.00, 30324.00, 1, 1, 0, 1
2026/6/15, 01:12:10.552, 30321.25, 30321.75, 30320.75, 30321.75, 2, 2, 2, 0
2026/6/15, 01:12:15.770, 30320.25, 30321.00, 30320.00, 30320.00, 4, 4, 4, 0
2026/6/15, 01:12:22.096, 30324.00, 30325.00, 30324.00, 30325.00, 6, 6, 0, 6
2026/6/15, 01:12:35.094, 30325.25, 30326.00, 30325.00, 30325.00, 2, 2, 1, 1
2026/6/15, 01:12:39.660, 30328.00, 30329.00, 30328.00, 30328.00, 1, 1, 0, 1
2026/6/15, 01:12:39.660, 30329.25, 30329.25, 30328.25, 30329.25, 1, 1, 0, 1
2026/6/15, 01:12:46.940, 30326.50, 30326.50, 30325.50, 30326.50, 1, 1, 1, 0
2026/6/15, 01:12:46.940, 30325.25, 30325.25, 30324.25, 30324.25, 2, 2, 2, 0
2026/6/15, 01:12:52.206, 30325.75, 30325.75, 30324.75, 30325.75, 1, 1, 0, 1
2026/6/15, 01:12:59.480, 30322.25, 30322.75, 30321.75, 30321.75, 6, 6, 6, 0
2026/6/15, 01:12:59.505, 30323.50, 30323.50, 30322.50, 30322.50, 2, 2, 1, 1
2026/6/15, 01:12:59.841, 30321.25, 30321.75, 30320.75, 30320.75, 6, 6, 6, 0
2026/6/15, 01:12:59.847, 30323.25, 30323.50, 30322.50, 30322.50, 3, 3, 1, 2
2026/6/15, 01:13:05.059, 30324.50, 30324.50, 30323.50, 30324.50, 5, 4, 4, 1
2026/6/15, 01:13:26.949, 30322.00, 30322.25, 30321.25, 30321.25, 5, 5, 5, 0
2026/6/15, 01:13:48.574, 30322.50, 30323.50, 30322.50, 30323.50, 4, 4, 0, 4
2026/6/15, 01:13:49.178, 30324.00, 30324.00, 30323.00, 30324.00, 1, 1, 0, 1
2026/6/15, 01:13:50.124, 30322.50, 30322.50, 30321.50, 30321.50, 8, 8, 8, 0
2026/6/15, 01:13:50.127, 30320.75, 30320.75, 30319.75, 30319.75, 2, 2, 2, 0
2026/6/15, 01:13:50.302, 30316.50, 30316.50, 30315.50, 30316.50, 1, 1, 1, 0
2026/6/15, 01:13:50.302, 30315.25, 30316.25, 30315.25, 30315.25, 1, 1, 1, 0
2026/6/15, 01:13:50.479, 30317.50, 30318.50, 30317.50, 30317.50, 2, 2, 0, 2
2026/6/15, 01:13:52.498, 30319.25, 30320.00, 30319.00, 30319.00, 6, 6, 1, 5
2026/6/15, 01:13:54.483, 30317.00, 30318.00, 30317.00, 30317.00, 1, 1, 1, 0
2026/6/15, 01:13:55.634, 30318.75, 30318.75, 30317.75, 30317.75, 2, 2, 1, 1
2026/6/15, 01:13:58.337, 30316.25, 30317.25, 30316.25, 30317.25, 2, 2, 2, 0
2026/6/15, 01:14:01.294, 30317.50, 30318.50, 30317.50, 30318.50, 3, 3, 0, 3
2026/6/15, 01:14:08.520, 30322.75, 30322.75, 30321.75, 30322.75, 1, 1, 0, 1
2026/6/15, 01:14:11.040, 30318.25, 30319.00, 30318.00, 30318.00, 3, 3, 3, 0
2026/6/15, 01:14:22.159, 30317.00, 30318.00, 30317.00, 30318.00, 7, 7, 1, 6
2026/6/15, 01:14:39.727, 30319.00, 30320.00, 30319.00, 30320.00, 2, 2, 0, 2
2026/6/15, 01:14:39.866, 30320.50, 30320.50, 30319.50, 30319.50, 5, 5, 1, 4
2026/6/15, 01:14:51, 30318.25, 30318.25, 30317.25, 30318.25, 1, 1, 1, 0
2026/6/15, 01:15:11.088, 30315.25, 30315.25, 30314.25, 30315.25, 4, 3, 4, 0
2026/6/15, 01:15:12.527, 30314.00, 30314.00, 30313.00, 30313.00, 5, 5, 5, 0
2026/6/15, 01:15:12.633, 30312.50, 30312.50, 30311.50, 30311.50, 4, 4, 4, 0
2026/6/15, 01:15:13.234, 30310.00, 30310.00, 30309.00, 30309.00, 4, 4, 4, 0
2026/6/15, 01:15:13.239, 30308.50, 30309.50, 30308.50, 30309.50, 5, 5, 5, 0
2026/6/15, 01:15:13.667, 30310.75, 30310.75, 30309.75, 30310.75, 1, 1, 0, 1
2026/6/15, 01:15:13.856, 30309.50, 30309.50, 30308.50, 30308.50, 5, 5, 5, 0
2026/6/15, 01:15:14.062, 30311.50, 30311.50, 30310.50, 30311.50, 1, 1, 0, 1
2026/6/15, 01:15:16.379, 30309.50, 30309.50, 30308.50, 30308.50, 2, 2, 1, 1
2026/6/15, 01:15:18.725, 30308.25, 30308.25, 30307.25, 30308.25, 4, 4, 2, 2
2026/6/15, 01:15:18.740, 30307.00, 30308.00, 30307.00, 30307.00, 4, 4, 4, 0
2026/6/15, 01:15:18.844, 30309.50, 30309.50, 30308.50, 30309.50, 1, 1, 0, 1
2026/6/15, 01:15:19.225, 30307.75, 30308.75, 30307.75, 30307.75, 1, 1, 1, 0
2026/6/15, 01:15:19.822, 30310.00, 30310.00, 30309.00, 30310.00, 5, 5, 1, 4
2026/6/15, 01:15:20.026, 30308.75, 30309.75, 30308.75, 30308.75, 4, 4, 4, 0
2026/6/15, 01:15:22.547, 30310.75, 30311.00, 30310.00, 30311.00, 2, 2, 0, 2
2026/6/15, 01:15:23.265, 30308.75, 30309.75, 30308.75, 30308.75, 1, 1, 1, 0
2026/6/15, 01:15:23.483, 30311.25, 30311.25, 30310.25, 30310.25, 2, 2, 1, 1
2026/6/15, 01:15:24.045, 30310.00, 30310.00, 30309.00, 30310.00, 1, 1, 1, 0
2026/6/15, 01:15:24.776, 30307.25, 30307.25, 30306.25, 30306.25, 15, 15, 15, 0
2026/6/15, 01:15:24.776, 30305.50, 30305.50, 30304.50, 30304.50, 8, 8, 8, 0
2026/6/15, 01:15:24.776, 30304.00, 30304.00, 30303.00, 30304.00, 4, 4, 4, 0
2026/6/15, 01:15:24.776, 30302.00, 30302.75, 30301.75, 30301.75, 11, 6, 11, 0
2026/6/15, 01:15:24.800, 30304.00, 30304.50, 30303.50, 30303.50, 2, 2, 2, 0
2026/6/15, 01:15:26.992, 30305.75, 30305.75, 30304.75, 30305.75, 1, 1, 0, 1
2026/6/15, 01:15:27.331, 30303.50, 30304.50, 30303.50, 30303.50, 3, 3, 3, 0
2026/6/15, 01:15:28.533, 30305.75, 30306.75, 30305.75, 30306.75, 5, 5, 0, 5
2026/6/15, 01:15:28.535, 30307.00, 30307.25, 30306.25, 30306.25, 8, 8, 0, 8
2026/6/15, 01:15:28.700, 30308.25, 30309.25, 30308.25, 30309.25, 3, 3, 0, 3
2026/6/15, 01:15:29.105, 30309.75, 30309.75, 30308.75, 30309.75, 2, 2, 0, 2
2026/6/15, 01:15:33.571, 30306.75, 30306.75, 30305.75, 30306.75, 1, 1, 1, 0
2026/6/15, 01:15:34.608, 30305.50, 30306.00, 30305.00, 30305.00, 5, 5, 5, 0
2026/6/15, 01:15:34.783, 30307.25, 30307.25, 30306.25, 30306.25, 2, 2, 1, 1
2026/6/15, 01:15:35.451, 30305.50, 30306.25, 30305.25, 30305.25, 2, 2, 2, 0
2026/6/15, 01:15:39.586, 30309.25, 30310.25, 30309.25, 30310.25, 3, 3, 1, 2
2026/6/15, 01:15:39.702, 30310.50, 30310.50, 30309.50, 30310.50, 1, 1, 0, 1
2026/6/15, 01:15:45.649, 30308.75, 30309.75, 30308.75, 30309.75, 4, 4, 0, 4
2026/6/15, 01:15:50.252, 30310.75, 30310.75, 30309.75, 30310.75, 1, 1, 0, 1
2026/6/15, 01:15:50.797, 30308.50, 30309.50, 30308.50, 30308.50, 1, 1, 1, 0
2026/6/15, 01:15:52.177, 30310.25, 30311.25, 30310.25, 30310.25, 1, 1, 0, 1
2026/6/15, 01:15:55.080, 30312.75, 30312.75, 30311.75, 30312.75, 1, 1, 0, 1
2026/6/15, 01:15:55.083, 30311.25, 30311.75, 30310.75, 30311.75, 11, 10, 5, 6
2026/6/15, 01:15:57.471, 30312.25, 30313.00, 30312.00, 30312.00, 3, 3, 3, 0
2026/6/15, 01:16:02.326, 30313.50, 30313.50, 30312.50, 30313.50, 2, 2, 2, 0
2026/6/15, 01:16:05.645, 30311.25, 30312.25, 30311.25, 30311.25, 1, 1, 0, 1
2026/6/15, 01:16:05.647, 30312.75, 30312.75, 30311.75, 30312.75, 1, 1, 0, 1
2026/6/15, 01:16:07.618, 30309.25, 30310.25, 30309.25, 30309.25, 1, 1, 1, 0
2026/6/15, 01:16:08.421, 30311.75, 30311.75, 30310.75, 30310.75, 2, 2, 1, 1
2026/6/15, 01:16:10.249, 30313.50, 30314.50, 30313.50, 30314.50, 3, 3, 0, 3
2026/6/15, 01:16:13.453, 30319.25, 30319.25, 30318.25, 30319.25, 1, 1, 0, 1
2026/6/15, 01:16:21.202, 30317.50, 30317.50, 30316.50, 30316.50, 2, 2, 2, 0
2026/6/15, 01:16:21.204, 30316.25, 30317.25, 30316.25, 30317.25, 4, 4, 3, 1
2026/6/15, 01:16:24.387, 30314.00, 30315.00, 30314.00, 30315.00, 3, 3, 1, 2
2026/6/15, 01:16:33.079, 30317.50, 30318.50, 30317.50, 30318.50, 2, 2, 1, 1
2026/6/15, 01:16:39.759, 30319.75, 30320.75, 30319.75, 30320.75, 7, 7, 0, 7
2026/6/15, 01:16:40.374, 30321.00, 30322.00, 30321.00, 30322.00, 8, 8, 0, 8
2026/6/15, 01:16:40.375, 30322.25, 30323.25, 30322.25, 30322.25, 2, 2, 0, 2
2026/6/15, 01:16:40.375, 30323.50, 30323.50, 30322.50, 30323.50, 1, 1, 0, 1
2026/6/15, 01:16:40.397, 30321.50, 30322.50, 30321.50, 30321.50, 1, 1, 1, 0
2026/6/15, 01:16:41.467, 30324.25, 30324.25, 30323.25, 30324.25, 1, 1, 0, 1
2026/6/15, 01:16:45.365, 30323.00, 30323.75, 30322.75, 30323.75, 4, 4, 2, 2
2026/6/15, 01:16:46.655, 30324.00, 30324.00, 30323.00, 30324.00, 1, 1, 0, 1
2026/6/15, 01:16:49.503, 30322.50, 30322.75, 30321.75, 30322.75, 2, 2, 0, 2
2026/6/15, 01:16:50.083, 30320.75, 30321.50, 30320.50, 30320.50, 2, 2, 2, 0
2026/6/15, 01:16:51.140, 30323.50, 30323.50, 30322.50, 30323.50, 1, 1, 0, 1
2026/6/15, 01:16:51.856, 30321.25, 30322.25, 30321.25, 30321.25, 1, 1, 1, 0
2026/6/15, 01:16:53.134, 30322.75, 30322.75, 30321.75, 30321.75, 3, 3, 2, 1
2026/6/15, 01:17:00.363, 30320.75, 30320.75, 30319.75, 30320.75, 1, 1, 1, 0
2026/6/15, 01:17:02.235, 30319.00, 30320.00, 30319.00, 30319.00, 2, 2, 1, 1
2026/6/15, 01:17:11.653, 30320.25, 30320.25, 30319.25, 30320.25, 1, 1, 0, 1
2026/6/15, 01:17:22.865, 30318.25, 30318.50, 30317.50, 30318.50, 2, 2, 1, 1
2026/6/15, 01:17:44.803, 30317.25, 30318.25, 30317.25, 30317.25, 1, 1, 1, 0
2026/6/15, 01:17:54.011, 30320.25, 30320.25, 30319.25, 30320.25, 1, 1, 0, 1
2026/6/15, 01:17:57.433, 30316.00, 30316.00, 30315.00, 30315.00, 8, 8, 8, 0
2026/6/15, 01:17:57.434, 30314.00, 30315.00, 30314.00, 30314.00, 1, 1, 1, 0
2026/6/15, 01:17:57.496, 30315.75, 30316.75, 30315.75, 30316.75, 9, 9, 0, 9
2026/6/15, 01:17:57.496, 30317.00, 30318.00, 30317.00, 30318.00, 3, 3, 0, 3
2026/6/15, 01:18:00.871, 30319.50, 30319.50, 30318.50, 30319.50, 4, 4, 2, 2
2026/6/15, 01:18:01.623, 30319.75, 30320.75, 30319.75, 30320.75, 3, 3, 0, 3
2026/6/15, 01:18:01.731, 30321.00, 30321.25, 30320.25, 30321.25, 4, 4, 0, 4
2026/6/15, 01:18:05.329, 30318.50, 30318.50, 30317.50, 30318.50, 2, 2, 2, 0
2026/6/15, 01:18:09.116, 30317.25, 30317.25, 30316.25, 30317.25, 2, 2, 2, 0
2026/6/15, 01:18:09.127, 30315.75, 30315.75, 30314.75, 30315.75, 1, 1, 1, 0
2026/6/15, 01:18:09.155, 30314.00, 30315.00, 30314.00, 30314.00, 1, 1, 1, 0
2026/6/15, 01:18:11.215, 30316.50, 30316.50, 30315.50, 30315.50, 2, 2, 0, 2
2026/6/15, 01:18:15.819, 30312.25, 30312.25, 30311.25, 30312.25, 1, 1, 1, 0
2026/6/15, 01:18:16.245, 30311.00, 30311.25, 30310.25, 30310.25, 3, 3, 3, 0
2026/6/15, 01:18:22.782, 30313.50, 30313.50, 30312.50, 30312.50, 4, 4, 3, 1
2026/6/15, 01:18:27.812, 30312.25, 30313.00, 30312.00, 30312.00, 10, 10, 8, 2
2026/6/15, 01:18:45.832, 30310.25, 30311.00, 30310.00, 30310.00, 3, 3, 3, 0
2026/6/15, 01:18:45.845, 30311.25, 30312.25, 30311.25, 30311.25, 1, 1, 0, 1
2026/6/15, 01:18:46.401, 30312.50, 30312.50, 30311.50, 30312.50, 1, 1, 0, 1
2026/6/15, 01:18:47.297, 30310.50, 30310.50, 30309.50, 30309.50, 3, 3, 3, 0
2026/6/15, 01:18:51.977, 30309.25, 30309.25, 30308.25, 30309.25, 3, 3, 3, 0
2026/6/15, 01:18:53.939, 30307.75, 30307.75, 30306.75, 30306.75, 11, 11, 11, 0
2026/6/15, 01:18:55.016, 30306.50, 30306.50, 30305.50, 30306.50, 1, 1, 1, 0
2026/6/15, 01:18:56.342, 30305.00, 30305.00, 30304.00, 30305.00, 5, 3, 5, 0
2026/6/15, 01:18:57.098, 30303.00, 30303.00, 30302.00, 30302.00, 2, 2, 2, 0
2026/6/15, 01:18:58.584, 30301.25, 30301.50, 30300.50, 30300.50, 8, 8, 8, 0
2026/6/15, 01:19:01.623, 30302.75, 30303.00, 30302.00, 30302.00, 2, 2, 1, 1
2026/6/15, 01:19:05.901, 30304.75, 30304.75, 30303.75, 30304.75, 1, 1, 0, 1
2026/6/15, 01:19:06.549, 30302.25, 30303.25, 30302.25, 30303.25, 2, 2, 1, 1
2026/6/15, 01:19:08.488, 30304.25, 30304.25, 30303.25, 30304.25, 1, 1, 0, 1
2026/6/15, 01:19:13.934, 30300.50, 30300.50, 30299.50, 30299.50, 15, 14, 15, 0
2026/6/15, 01:19:14.261, 30299.00, 30299.00, 30298.00, 30298.00, 5, 5, 4, 1
2026/6/15, 01:19:15.176, 30297.50, 30298.50, 30297.50, 30297.50, 1, 1, 1, 0
2026/6/15, 01:19:15.228, 30299.75, 30299.75, 30298.75, 30299.75, 1, 1, 0, 1
2026/6/15, 01:19:15.232, 30297.75, 30298.75, 30297.75, 30297.75, 1, 1, 1, 0
2026/6/15, 01:19:15.831, 30299.00, 30299.50, 30298.50, 30298.50, 3, 3, 3, 0
2026/6/15, 01:19:15.967, 30300.75, 30300.75, 30299.75, 30299.75, 4, 4, 0, 4
2026/6/15, 01:19:17.375, 30299.00, 30299.00, 30298.00, 30299.00, 21, 8, 18, 3
2026/6/15, 01:19:25.709, 30297.25, 30297.25, 30296.25, 30297.25, 2, 2, 2, 0
2026/6/15, 01:19:26.245, 30295.50, 30296.00, 30295.00, 30296.00, 4, 4, 2, 2
2026/6/15, 01:19:26.284, 30297.00, 30297.00, 30296.00, 30297.00, 1, 1, 0, 1
2026/6/15, 01:19:27.050, 30294.50, 30295.50, 30294.50, 30294.50, 2, 2, 2, 0
2026/6/15, 01:19:27.710, 30296.50, 30297.50, 30296.50, 30297.50, 3, 3, 0, 3
2026/6/15, 01:19:29.850, 30297.75, 30298.25, 30297.25, 30297.25, 7, 7, 2, 5
2026/6/15, 01:19:30.194, 30295.00, 30296.00, 30295.00, 30295.00, 2, 2, 2, 0
2026/6/15, 01:19:31.421, 30298.25, 30298.50, 30297.50, 30297.50, 2, 2, 0, 2
2026/6/15, 01:19:32.600, 30298.75, 30299.75, 30298.75, 30299.75, 2, 2, 0, 2
2026/6/15, 01:19:32.747, 30300.75, 30301.75, 30300.75, 30300.75, 2, 2, 0, 2
2026/6/15, 01:19:35.179, 30302.25, 30302.25, 30301.25, 30302.25, 1, 1, 0, 1
2026/6/15, 01:19:35.278, 30299.75, 30299.75, 30298.75, 30298.75, 5, 5, 5, 0
2026/6/15, 01:19:35.278, 30298.25, 30299.25, 30298.25, 30298.25, 2, 2, 2, 0
2026/6/15, 01:19:35.492, 30301.25, 30301.25, 30300.25, 30301.25, 1, 1, 0, 1
2026/6/15, 01:19:36.860, 30298.25, 30299.25, 30298.25, 30298.25, 1, 1, 1, 0
2026/6/15, 01:19:37.515, 30300.50, 30301.25, 30300.25, 30301.25, 6, 6, 0, 6
2026/6/15, 01:19:43.543, 30303.25, 30304.25, 30303.25, 30304.25, 6, 6, 0, 6
2026/6/15, 01:19:47.914, 30301.25, 30301.25, 30300.25, 30300.25, 6, 6, 6, 0
2026/6/15, 01:19:47.914, 30300.00, 30301.00, 30300.00, 30300.00, 2, 2, 2, 0
2026/6/15, 01:19:48.820, 30302.00, 30302.25, 30301.25, 30301.25, 3, 3, 0, 3
2026/6/15, 01:19:53.805, 30300.25, 30301.25, 30300.25, 30300.25, 1, 1, 1, 0
2026/6/15, 01:19:56.418, 30302.00, 30302.00, 30301.00, 30302.00, 1, 1, 0, 1
2026/6/15, 01:19:57.226, 30300.00, 30300.50, 30299.50, 30300.50, 2, 2, 1, 1
2026/6/15, 01:20:00.430, 30299.25, 30300.25, 30299.25, 30299.25, 1, 1, 0, 1
2026/6/15, 01:20:01.565, 30303.25, 30304.25, 30303.25, 30304.25, 3, 3, 0, 3
2026/6/15, 01:20:02.129, 30304.50, 30304.50, 30303.50, 30304.50, 1, 1, 0, 1
2026/6/15, 01:20:03.463, 30300.75, 30300.75, 30299.75, 30299.75, 3, 3, 2, 1
2026/6/15, 01:20:06.693, 30299.25, 30300.25, 30299.25, 30300.25, 2, 2, 0, 2
2026/6/15, 01:20:10.202, 30300.50, 30300.75, 30299.75, 30300.75, 2, 2, 0, 2
2026/6/15, 01:20:12.373, 30298.25, 30298.75, 30297.75, 30297.75, 3, 3, 3, 0
2026/6/15, 01:20:13.626, 30299.25, 30299.75, 30298.75, 30298.75, 4, 3, 1, 3
2026/6/15, 01:20:24.574, 30298.00, 30298.00, 30297.00, 30297.00, 5, 5, 5, 0
2026/6/15, 01:20:24.574, 30296.50, 30296.50, 30295.50, 30295.50, 12, 12, 12, 0
2026/6/15, 01:20:25.865, 30295.00, 30296.00, 30295.00, 30295.00, 1, 1, 1, 0
2026/6/15, 01:20:27.951, 30296.25, 30296.25, 30295.25, 30296.25, 1, 1, 0, 1
2026/6/15, 01:20:28.220, 30295.00, 30296.00, 30295.00, 30295.00, 1, 1, 1, 0
2026/6/15, 01:20:28.307, 30296.75, 30297.00, 30296.00, 30297.00, 2, 2, 0, 2
2026/6/15, 01:20:28.407, 30295.00, 30295.00, 30294.00, 30294.00, 5, 5, 5, 0
2026/6/15, 01:20:28.428, 30293.75, 30294.75, 30293.75, 30293.75, 2, 2, 2, 0
2026/6/15, 01:20:31.254, 30295.50, 30295.75, 30294.75, 30295.75, 2, 2, 0, 2
2026/6/15, 01:20:34.023, 30294.50, 30295.00, 30294.00, 30294.00, 5, 5, 5, 0
2026/6/15, 01:20:36.239, 30295.50, 30296.00, 30295.00, 30295.00, 2, 2, 0, 2
2026/6/15, 01:20:45.751, 30297.00, 30298.00, 30297.00, 30298.00, 5, 5, 0, 5
2026/6/15, 01:20:46.059, 30298.50, 30299.50, 30298.50, 30298.50, 2, 2, 0, 2
2026/6/15, 01:20:46.601, 30300.00, 30301.00, 30300.00, 30300.00, 2, 2, 0, 2
2026/6/15, 01:20:49.330, 30301.50, 30302.50, 30301.50, 30301.50, 1, 1, 1, 0
2026/6/15, 01:20:49.330, 30303.50, 30304.25, 30303.25, 30304.25, 5, 5, 0, 5
2026/6/15, 01:20:53.576, 30301.50, 30302.50, 30301.50, 30301.50, 2, 2, 2, 0
2026/6/15, 01:21:00.259, 30303.25, 30303.25, 30302.25, 30303.25, 3, 1, 0, 3
2026/6/15, 01:21:01.021, 30301.50, 30301.50, 30300.50, 30300.50, 4, 4, 3, 1
2026/6/15, 01:21:02.290, 30299.25, 30299.25, 30298.25, 30299.25, 1, 1, 1, 0
2026/6/15, 01:21:08.009, 30294.75, 30295.75, 30294.75, 30294.75, 6, 6, 2, 4
2026/6/15, 01:21:24.951, 30296.75, 30296.75, 30295.75, 30296.75, 1, 1, 0, 1
2026/6/15, 01:21:30.967, 30295.50, 30296.25, 30295.25, 30295.25, 4, 4, 3, 1
2026/6/15, 01:21:38.934, 30297.00, 30297.50, 30296.50, 30296.50, 11, 9, 5, 6
2026/6/15, 01:21:40.888, 30295.00, 30295.00, 30294.00, 30294.00, 2, 2, 2, 0
2026/6/15, 01:21:40.924, 30293.50, 30293.50, 30292.50, 30293.50, 18, 16, 9, 9
2026/6/15, 01:21:41.028, 30291.00, 30291.00, 30290.00, 30290.00, 3, 3, 3, 0
2026/6/15, 01:21:41.028, 30289.75, 30289.75, 30288.75, 30288.75, 4, 4, 4, 0
2026/6/15, 01:21:41.028, 30288.50, 30289.50, 30288.50, 30288.50, 7, 5, 7, 0
2026/6/15, 01:21:41.454, 30289.75, 30290.50, 30289.50, 30290.50, 3, 3, 2, 1
2026/6/15, 01:21:42.276, 30288.75, 30288.75, 30287.75, 30287.75, 42, 12, 42, 0
2026/6/15, 01:21:42.440, 30286.50, 30286.50, 30285.50, 30286.50, 1, 1, 0, 1
2026/6/15, 01:21:42.445, 30284.50, 30284.50, 30283.50, 30283.50, 2, 2, 2, 0
2026/6/15, 01:21:42.445, 30283.00, 30284.00, 30283.00, 30283.00, 2, 2, 2, 0
2026/6/15, 01:21:42.449, 30285.00, 30286.00, 30285.00, 30285.00, 2, 2, 0, 2
2026/6/15, 01:21:42.656, 30286.25, 30287.25, 30286.25, 30286.25, 1, 1, 0, 1
2026/6/15, 01:21:42.658, 30287.50, 30288.50, 30287.50, 30288.50, 5, 4, 0, 5
2026/6/15, 01:21:42.675, 30289.25, 30289.25, 30288.25, 30289.25, 1, 1, 0, 1
2026/6/15, 01:21:43.176, 30287.50, 30287.50, 30286.50, 30286.50, 6, 6, 6, 0
2026/6/15, 01:21:43.608, 30286.25, 30286.25, 30285.25, 30285.25, 17, 16, 12, 5
2026/6/15, 01:21:44.262, 30282.00, 30283.00, 30282.00, 30283.00, 7, 7, 7, 0
2026/6/15, 01:21:50.604, 30283.25, 30284.25, 30283.25, 30284.25, 6, 4, 4, 2
2026/6/15, 01:21:51.226, 30284.75, 30285.75, 30284.75, 30284.75, 6, 6, 0, 6
2026/6/15, 01:21:52.809, 30287.50, 30288.50, 30287.50, 30288.50, 5, 5, 1, 4
2026/6/15, 01:22:01.479, 30289.00, 30289.00, 30288.00, 30289.00, 4, 4, 1, 3
2026/6/15, 01:22:06.511, 30287.25, 30287.25, 30286.25, 30286.25, 8, 8, 8, 0
2026/6/15, 01:22:06.512, 30286.00, 30286.50, 30285.50, 30285.50, 4, 4, 4, 0
2026/6/15, 01:22:07.300, 30284.50, 30284.50, 30283.50, 30283.50, 2, 2, 2, 0
2026/6/15, 01:22:07.300, 30283.25, 30284.25, 30283.25, 30283.25, 3, 3, 3, 0
2026/6/15, 01:22:08.657, 30285.50, 30286.50, 30285.50, 30286.50, 7, 6, 2, 5
2026/6/15, 01:22:17.182, 30288.25, 30288.25, 30287.25, 30287.25, 2, 2, 1, 1
2026/6/15, 01:22:20.790, 30286.00, 30286.75, 30285.75, 30285.75, 5, 5, 5, 0
2026/6/15, 01:22:24.679, 30287.75, 30287.75, 30286.75, 30287.75, 1, 1, 0, 1
2026/6/15, 01:22:27.080, 30286.00, 30287.00, 30286.00, 30287.00, 2, 2, 1, 1
2026/6/15, 01:22:33.986, 30287.75, 30288.75, 30287.75, 30287.75, 1, 1, 0, 1
2026/6/15, 01:22:35.475, 30289.25, 30290.25, 30289.25, 30290.25, 2, 2, 0, 2
2026/6/15, 01:22:35.873, 30291.25, 30292.25, 30291.25, 30292.25, 8, 8, 0, 8
2026/6/15, 01:22:35.877, 30292.75, 30293.75, 30292.75, 30293.75, 3, 3, 0, 3
2026/6/15, 01:22:38.300, 30295.00, 30295.00, 30294.00, 30295.00, 1, 1, 0, 1
2026/6/15, 01:22:40.610, 30291.25, 30292.25, 30291.25, 30292.25, 5, 5, 4, 1
2026/6/15, 01:22:42.223, 30290.50, 30291.50, 30290.50, 30290.50, 1, 1, 1, 0
2026/6/15, 01:22:42.224, 30293.00, 30294.00, 30293.00, 30293.00, 1, 1, 0, 1
2026/6/15, 01:22:49.793, 30295.25, 30296.25, 30295.25, 30296.25, 5, 4, 0, 5
2026/6/15, 01:22:51.103, 30299.00, 30300.00, 30299.00, 30300.00, 6, 6, 0, 6
2026/6/15, 01:22:51.113, 30300.50, 30301.50, 30300.50, 30300.50, 3, 3, 2, 1
2026/6/15, 01:22:53.972, 30302.50, 30302.50, 30301.50, 30302.50, 1, 1, 0, 1
2026/6/15, 01:22:54.227, 30301.00, 30301.50, 30300.50, 30300.50, 3, 3, 3, 0
2026/6/15, 01:22:56.219, 30303.50, 30304.50, 30303.50, 30303.50, 1, 1, 0, 1
2026/6/15, 01:22:58.071, 30306.00, 30307.00, 30306.00, 30307.00, 7, 7, 0, 7
2026/6/15, 01:22:58.071, 30307.25, 30307.25, 30306.25, 30307.25, 1, 1, 0, 1
2026/6/15, 01:22:58.197, 30305.25, 30306.25, 30305.25, 30306.25, 3, 2, 2, 1
2026/6/15, 01:22:59.199, 30304.00, 30305.00, 30304.00, 30304.00, 8, 8, 4, 4
2026/6/15, 01:23:06.292, 30307.00, 30307.00, 30306.00, 30307.00, 1, 1, 0, 1
2026/6/15, 01:23:06.912, 30304.25, 30304.25, 30303.25, 30304.25, 1, 1, 0, 1
2026/6/15, 01:23:07.603, 30302.50, 30303.50, 30302.50, 30303.50, 4, 4, 4, 0
2026/6/15, 01:23:16.135, 30305.25, 30306.25, 30305.25, 30306.25, 3, 3, 0, 3
2026/6/15, 01:23:19.564, 30307.50, 30308.50, 30307.50, 30307.50, 2, 2, 0, 2
2026/6/15, 01:23:19.564, 30308.75, 30308.75, 30307.75, 30308.75, 1, 1, 0, 1
2026/6/15, 01:23:19.944, 30306.50, 30307.50, 30306.50, 30306.50, 1, 1, 1, 0
2026/6/15, 01:23:19.982, 30309.00, 30309.00, 30308.00, 30309.00, 1, 1, 0, 1
2026/6/15, 01:23:23.235, 30307.50, 30307.50, 30306.50, 30307.50, 1, 1, 0, 1
2026/6/15, 01:23:24.481, 30305.25, 30305.25, 30304.25, 30304.25, 6, 5, 2, 4
2026/6/15, 01:23:24.880, 30302.50, 30303.50, 30302.50, 30302.50, 1, 1, 1, 0
2026/6/15, 01:23:26.878, 30304.50, 30305.50, 30304.50, 30305.50, 2, 2, 0, 2
2026/6/15, 01:23:28.378, 30309.25, 30309.25, 30308.25, 30309.25, 2, 2, 0, 2
2026/6/15, 01:23:29.142, 30307.50, 30308.50, 30307.50, 30307.50, 1, 1, 1, 0
2026/6/15, 01:23:29.879, 30308.75, 30309.75, 30308.75, 30308.75, 2, 2, 0, 2
2026/6/15, 01:23:30.995, 30310.25, 30311.25, 30310.25, 30310.25, 1, 1, 0, 1
2026/6/15, 01:23:31.465, 30311.75, 30311.75, 30310.75, 30311.75, 1, 1, 0, 1
2026/6/15, 01:23:31.481, 30308.25, 30309.25, 30308.25, 30308.25, 1, 1, 1, 0
2026/6/15, 01:23:32.623, 30309.75, 30310.75, 30309.75, 30310.75, 2, 2, 0, 2
2026/6/15, 01:23:32.891, 30311.00, 30312.00, 30311.00, 30311.00, 1, 1, 1, 0
2026/6/15, 01:23:33.833, 30313.25, 30313.50, 30312.50, 30313.50, 3, 3, 0, 3
2026/6/15, 01:23:34.183, 30311.00, 30311.75, 30310.75, 30311.75, 2, 2, 1, 1
2026/6/15, 01:23:42.167, 30309.75, 30310.75, 30309.75, 30309.75, 2, 2, 2, 0
2026/6/15, 01:23:42.367, 30311.25, 30312.00, 30311.00, 30311.00, 12, 12, 4, 8
2026/6/15, 01:23:48.233, 30315.00, 30315.00, 30314.00, 30315.00, 1, 1, 0, 1
2026/6/15, 01:23:50.816, 30313.75, 30313.75, 30312.75, 30313.75, 1, 1, 0, 1
2026/6/15, 01:23:52.625, 30311.75, 30311.75, 30310.75, 30310.75, 2, 2, 2, 0
2026/6/15, 01:23:53.706, 30309.75, 30310.75, 30309.75, 30309.75, 1, 1, 0, 1
2026/6/15, 01:23:54.208, 30311.50, 30311.50, 30310.50, 30311.50, 2, 2, 0, 2
2026/6/15, 01:23:54.734, 30308.50, 30309.00, 30308.00, 30308.00, 3, 3, 2, 1
2026/6/15, 01:24:01.031, 30307.50, 30308.50, 30307.50, 30307.50, 1, 1, 1, 0
2026/6/15, 01:24:02.579, 30309.50, 30310.50, 30309.50, 30310.50, 3, 2, 2, 1
2026/6/15, 01:24:04.944, 30311.50, 30312.25, 30311.25, 30312.25, 6, 6, 0, 6
2026/6/15, 01:24:06.101, 30310.00, 30311.00, 30310.00, 30310.00, 4, 3, 1, 3
2026/6/15, 01:24:18.676, 30311.50, 30311.50, 30310.50, 30311.50, 1, 1, 0, 1
2026/6/15, 01:24:18.681, 30310.25, 30310.50, 30309.50, 30309.50, 12, 10, 6, 6
2026/6/15, 01:24:21.776, 30307.75, 30308.75, 30307.75, 30307.75, 2, 2, 2, 0
2026/6/15, 01:24:25.716, 30310.75, 30311.75, 30310.75, 30311.75, 3, 3, 1, 2
2026/6/15, 01:24:28.493, 30312.00, 30313.00, 30312.00, 30312.00, 2, 2, 0, 2
2026/6/15, 01:24:31.555, 30315.00, 30316.00, 30315.00, 30316.00, 2, 2, 0, 2
2026/6/15, 01:24:31.557, 30316.25, 30317.25, 30316.25, 30316.25, 2, 2, 0, 2
2026/6/15, 01:24:33.147, 30317.50, 30318.50, 30317.50, 30318.50, 3, 2, 0, 3
2026/6/15, 01:24:33.163, 30320.00, 30321.00, 30320.00, 30321.00, 3, 3, 0, 3
2026/6/15, 01:24:33.200, 30321.50, 30321.50, 30320.50, 30320.50, 2, 2, 1, 1
2026/6/15, 01:24:34.518, 30319.25, 30320.25, 30319.25, 30320.25, 2, 2, 1, 1
2026/6/15, 01:24:35.281, 30322.25, 30322.50, 30321.50, 30322.50, 3, 3, 0, 3
2026/6/15, 01:24:35.929, 30320.50, 30321.50, 30320.50, 30320.50, 1, 1, 1, 0
2026/6/15, 01:24:36.139, 30322.50, 30323.50, 30322.50, 30323.50, 3, 2, 0, 3
2026/6/15, 01:24:36.139, 30324.50, 30325.50, 30324.50, 30325.50, 7, 7, 0, 7
2026/6/15, 01:24:36.139, 30327.00, 30327.00, 30326.00, 30327.00, 4, 3, 0, 4
2026/6/15, 01:24:36.151, 30324.00, 30324.75, 30323.75, 30323.75, 5, 5, 5, 0
2026/6/15, 01:24:38.169, 30326.75, 30327.75, 30326.75, 30327.75, 6, 6, 0, 6
2026/6/15, 01:24:38.895, 30328.00, 30329.00, 30328.00, 30329.00, 7, 7, 0, 7
2026/6/15, 01:24:39.009, 30329.25, 30329.25, 30328.25, 30329.25, 1, 1, 0, 1
2026/6/15, 01:24:39.202, 30325.50, 30325.50, 30324.50, 30324.50, 2, 2, 2, 0
2026/6/15, 01:24:39.626, 30323.00, 30324.00, 30323.00, 30323.00, 1, 1, 1, 0
2026/6/15, 01:24:40.015, 30324.25, 30324.25, 30323.25, 30323.25, 4, 4, 0, 4
2026/6/15, 01:24:40.864, 30324.50, 30324.50, 30323.50, 30324.50, 2, 2, 0, 2
2026/6/15, 01:24:40.864, 30320.00, 30321.00, 30320.00, 30320.00, 1, 1, 1, 0
2026/6/15, 01:24:48.129, 30323.75, 30324.75, 30323.75, 30323.75, 1, 1, 1, 0
2026/6/15, 01:24:48.936, 30325.50, 30325.50, 30324.50, 30325.50, 1, 1, 0, 1
2026/6/15, 01:24:50.533, 30323.75, 30323.75, 30322.75, 30322.75, 2, 2, 2, 0
2026/6/15, 01:24:52.011, 30322.50, 30323.50, 30322.50, 30322.50, 1, 1, 1, 0
2026/6/15, 01:24:56.499, 30324.50, 30325.25, 30324.25, 30325.25, 4, 4, 0, 4
2026/6/15, 01:25:00.060, 30322.00, 30322.00, 30321.00, 30322.00, 5, 5, 5, 0
2026/6/15, 01:25:00.087, 30320.50, 30320.50, 30319.50, 30320.50, 2, 2, 2, 0
2026/6/15, 01:25:00.853, 30319.25, 30319.50, 30318.50, 30318.50, 6, 6, 6, 0
2026/6/15, 01:25:01.088, 30320.00, 30320.25, 30319.25, 30319.25, 4, 4, 4, 0
2026/6/15, 01:25:01.090, 30321.50, 30321.75, 30320.75, 30321.75, 5, 5, 0, 5
2026/6/15, 01:25:02.343, 30318.25, 30318.25, 30317.25, 30318.25, 1, 1, 1, 0
2026/6/15, 01:25:02.588, 30316.75, 30317.75, 30316.75, 30316.75, 1, 1, 1, 0
2026/6/15, 01:25:03.088, 30318.00, 30319.00, 30318.00, 30318.00, 2, 2, 0, 2
2026/6/15, 01:25:03.088, 30320.00, 30321.00, 30320.00, 30321.00, 2, 2, 0, 2
2026/6/15, 01:25:05.978, 30321.25, 30322.25, 30321.25, 30322.25, 2, 2, 0, 2
2026/6/15, 01:25:06.333, 30322.50, 30323.50, 30322.50, 30323.50, 2, 2, 0, 2
2026/6/15, 01:25:06.710, 30320.75, 30321.75, 30320.75, 30320.75, 1, 1, 1, 0
2026/6/15, 01:25:10.016, 30323.50, 30324.50, 30323.50, 30323.50, 2, 2, 0, 2
2026/6/15, 01:25:10.017, 30325.25, 30326.25, 30325.25, 30325.25, 5, 2, 0, 5
2026/6/15, 01:25:12.156, 30327.25, 30328.25, 30327.25, 30327.25, 1, 1, 1, 0
2026/6/15, 01:25:12.224, 30329.00, 30329.00, 30328.00, 30329.00, 1, 1, 1, 0
2026/6/15, 01:25:12.548, 30327.25, 30328.25, 30327.25, 30327.25, 1, 1, 1, 0
2026/6/15, 01:25:14.080, 30329.75, 30330.00, 30329.00, 30330.00, 4, 4, 0, 4
2026/6/15, 01:25:14.080, 30328.00, 30329.00, 30328.00, 30328.00, 1, 1, 1, 0
2026/6/15, 01:25:14.081, 30330.25, 30331.25, 30330.25, 30331.25, 5, 5, 0, 5
2026/6/15, 01:25:15.567, 30329.25, 30330.25, 30329.25, 30330.25, 2, 2, 0, 2
2026/6/15, 01:25:16.212, 30330.75, 30331.75, 30330.75, 30331.75, 3, 3, 0, 3
2026/6/15, 01:25:16.212, 30332.50, 30332.50, 30331.50, 30332.50, 1, 1, 0, 1
2026/6/15, 01:25:16.212, 30330.25, 30331.25, 30330.25, 30330.25, 2, 2, 2, 0
2026/6/15, 01:25:16.224, 30332.75, 30333.75, 30332.75, 30332.75, 1, 1, 1, 0
2026/6/15, 01:25:16.226, 30335.00, 30336.00, 30335.00, 30335.00, 2, 2, 0, 2
2026/6/15, 01:25:16.253, 30337.25, 30337.75, 30336.75, 30337.75, 4, 4, 1, 3
2026/6/15, 01:25:16.259, 30335.00, 30336.00, 30335.00, 30335.00, 3, 3, 3, 0
2026/6/15, 01:25:16.604, 30338.00, 30339.00, 30338.00, 30339.00, 2, 2, 0, 2
2026/6/15, 01:25:16.761, 30340.00, 30341.00, 30340.00, 30340.00, 3, 2, 0, 3
2026/6/15, 01:25:16.761, 30341.50, 30341.75, 30340.75, 30341.75, 3, 3, 0, 3
2026/6/15, 01:25:16.865, 30339.75, 30340.25, 30339.25, 30339.25, 2, 2, 2, 0
2026/6/15, 01:25:16.905, 30341.50, 30341.50, 30340.50, 30341.50, 1, 1, 0, 1
2026/6/15, 01:25:17.303, 30339.25, 30340.25, 30339.25, 30339.25, 2, 2, 2, 0
2026/6/15, 01:25:17.922, 30340.75, 30341.00, 30340.00, 30341.00, 4, 4, 0, 4
2026/6/15, 01:25:19.013, 30338.75, 30339.50, 30338.50, 30338.50, 3, 3, 3, 0
2026/6/15, 01:25:20.670, 30341.25, 30341.75, 30340.75, 30340.75, 5, 5, 0, 5
2026/6/15, 01:25:21.663, 30338.75, 30338.75, 30337.75, 30337.75, 2, 2, 2, 0
2026/6/15, 01:25:22.187, 30340.00, 30340.00, 30339.00, 30340.00, 1, 1, 0, 1
2026/6/15, 01:25:22.667, 30337.50, 30337.50, 30336.50, 30337.50, 3, 3, 3, 0
2026/6/15, 01:25:24.112, 30332.75, 30332.75, 30331.75, 30332.75, 3, 3, 3, 0
2026/6/15, 01:25:24.948, 30331.00, 30331.00, 30330.00, 30331.00, 2, 2, 2, 0
2026/6/15, 01:25:25.430, 30328.00, 30329.00, 30328.00, 30329.00, 3, 3, 1, 2
2026/6/15, 01:25:26.240, 30329.50, 30330.50, 30329.50, 30329.50, 3, 2, 0, 3
2026/6/15, 01:25:29.100, 30334.50, 30334.50, 30333.50, 30334.50, 1, 1, 0, 1
2026/6/15, 01:25:30.441, 30332.25, 30332.25, 30331.25, 30331.25, 2, 2, 1, 1
2026/6/15, 01:25:30.786, 30331.00, 30332.00, 30331.00, 30331.00, 2, 2, 2, 0
2026/6/15, 01:25:33.498, 30333.75, 30333.75, 30332.75, 30332.75, 2, 2, 1, 1
2026/6/15, 01:25:35.182, 30331.25, 30332.00, 30331.00, 30331.00, 2, 2, 2, 0
2026/6/15, 01:25:36.132, 30333.25, 30334.00, 30333.00, 30334.00, 3, 3, 0, 3
2026/6/15, 01:25:39.880, 30332.00, 30332.00, 30331.00, 30332.00, 2, 2, 2, 0
2026/6/15, 01:25:39.882, 30330.00, 30331.00, 30330.00, 30331.00, 2, 2, 2, 0
2026/6/15, 01:25:45.297, 30331.50, 30331.50, 30330.50, 30330.50, 3, 3, 3, 0
2026/6/15, 01:25:46.481, 30330.00, 30331.00, 30330.00, 30331.00, 6, 5, 4, 2
2026/6/15, 01:25:49.943, 30331.25, 30331.25, 30330.25, 30331.25, 1, 1, 0, 1
2026/6/15, 01:26:03.433, 30327.25, 30328.00, 30327.00, 30328.00, 5, 5, 4, 1
2026/6/15, 01:26:09.840, 30329.00, 30329.00, 30328.00, 30329.00, 1, 1, 0, 1
2026/6/15, 01:26:12.484, 30326.75, 30327.25, 30326.25, 30326.25, 3, 3, 3, 0
2026/6/15, 01:26:12.677, 30328.50, 30328.50, 30327.50, 30328.50, 1, 1, 0, 1
2026/6/15, 01:26:12.781, 30326.50, 30327.00, 30326.00, 30327.00, 6, 6, 6, 0
2026/6/15, 01:26:26.190, 30327.75, 30328.50, 30327.50, 30328.50, 5, 5, 3, 2
2026/6/15, 01:26:26.696, 30326.25, 30326.75, 30325.75, 30325.75, 3, 3, 1, 2
2026/6/15, 01:26:28.764, 30325.50, 30325.50, 30324.50, 30324.50, 2, 2, 2, 0
2026/6/15, 01:26:29.523, 30323.75, 30324.00, 30323.00, 30323.00, 5, 5, 5, 0
2026/6/15, 01:26:32.880, 30326.50, 30326.50, 30325.50, 30326.50, 1, 1, 0, 1
2026/6/15, 01:26:37.777, 30321.25, 30322.25, 30321.25, 30321.25, 1, 1, 1, 0
2026/6/15, 01:26:43.218, 30323.75, 30323.75, 30322.75, 30323.75, 2, 2, 0, 2
2026/6/15, 01:26:43.603, 30322.25, 30322.50, 30321.50, 30321.50, 2, 2, 2, 0
2026/6/15, 01:26:43.754, 30323.00, 30323.00, 30322.00, 30323.00, 1, 1, 0, 1
2026/6/15, 01:26:47.927, 30320.50, 30320.75, 30319.75, 30320.75, 2, 2, 0, 2
2026/6/15, 01:26:55.174, 30319.50, 30319.50, 30318.50, 30319.50, 1, 1, 0, 1
2026/6/15, 01:27:00.449, 30318.00, 30319.00, 30318.00, 30318.00, 1, 1, 0, 1
2026/6/15, 01:27:00.498, 30320.00, 30320.25, 30319.25, 30320.25, 2, 2, 0, 2
2026/6/15, 01:27:02.408, 30317.50, 30317.50, 30316.50, 30316.50, 5, 5, 5, 0
2026/6/15, 01:27:02.751, 30319.25, 30319.25, 30318.25, 30319.25, 1, 1, 0, 1
2026/6/15, 01:27:04.487, 30317.25, 30317.25, 30316.25, 30317.25, 1, 1, 1, 0
2026/6/15, 01:27:07.052, 30315.25, 30315.25, 30314.25, 30315.25, 5, 5, 2, 3
2026/6/15, 01:27:11.692, 30313.50, 30314.00, 30313.00, 30313.00, 5, 5, 4, 1
2026/6/15, 01:27:20.119, 30316.00, 30317.00, 30316.00, 30316.00, 1, 1, 1, 0
2026/6/15, 01:27:22.832, 30318.75, 30319.75, 30318.75, 30318.75, 1, 1, 0, 1
2026/6/15, 01:27:23.627, 30322.00, 30323.00, 30322.00, 30322.00, 1, 1, 0, 1
2026/6/15, 01:27:24.020, 30324.25, 30325.25, 30324.25, 30325.25, 4, 4, 0, 4
2026/6/15, 01:27:24.020, 30325.75, 30326.00, 30325.00, 30325.00, 4, 4, 1, 3
2026/6/15, 01:27:27.154, 30323.25, 30324.25, 30323.25, 30323.25, 1, 1, 1, 0
2026/6/15, 01:27:27.680, 30325.75, 30325.75, 30324.75, 30325.75, 2, 2, 0, 2
2026/6/15, 01:27:29.214, 30324.25, 30324.50, 30323.50, 30323.50, 2, 2, 2, 0
2026/6/15, 01:27:38.864, 30326.00, 30327.00, 30326.00, 30327.00, 3, 3, 0, 3
2026/6/15, 01:27:39.588, 30328.00, 30328.00, 30327.00, 30328.00, 4, 4, 0, 4
2026/6/15, 01:27:51.974, 30329.25, 30329.25, 30328.25, 30329.25, 2, 2, 0, 2
2026/6/15, 01:27:58.081, 30326.75, 30326.75, 30325.75, 30326.75, 1, 1, 1, 0
2026/6/15, 01:27:58.088, 30325.00, 30326.00, 30325.00, 30325.00, 1, 1, 1, 0
2026/6/15, 01:27:58.368, 30326.25, 30327.25, 30326.25, 30327.25, 2, 2, 0, 2
2026/6/15, 01:28:03.237, 30327.75, 30327.75, 30326.75, 30326.75, 4, 4, 3, 1
2026/6/15, 01:28:05.270, 30326.00, 30327.00, 30326.00, 30327.00, 4, 4, 4, 0
2026/6/15, 01:28:19.689, 30329.25, 30329.25, 30328.25, 30329.25, 1, 1, 0, 1
2026/6/15, 01:28:27.877, 30328.00, 30329.00, 30328.00, 30329.00, 5, 4, 2, 3
2026/6/15, 01:29:00.352, 30325.25, 30325.25, 30324.25, 30324.25, 2, 2, 2, 0
2026/6/15, 01:29:00.352, 30323.50, 30324.50, 30323.50, 30323.50, 2, 2, 2, 0
2026/6/15, 01:29:04.198, 30328.50, 30329.50, 30328.50, 30329.50, 3, 3, 0, 3
2026/6/15, 01:29:07.511, 30330.00, 30331.00, 30330.00, 30330.00, 1, 1, 0, 1
2026/6/15, 01:29:09.067, 30331.25, 30332.25, 30331.25, 30332.25, 3, 3, 0, 3
2026/6/15, 01:29:15.628, 30330.00, 30331.00, 30330.00, 30330.00, 1, 1, 1, 0
2026/6/15, 01:29:16.416, 30331.75, 30331.75, 30330.75, 30331.75, 1, 1, 0, 1
2026/6/15, 01:29:17.903, 30329.50, 30330.25, 30329.25, 30329.25, 2, 2, 2, 0
2026/6/15, 01:29:18.585, 30331.25, 30332.25, 30331.25, 30332.25, 4, 4, 0, 4
2026/6/15, 01:29:21.483, 30331.00, 30332.00, 30331.00, 30332.00, 2, 2, 2, 0
2026/6/15, 01:29:23.033, 30332.50, 30332.50, 30331.50, 30332.50, 1, 1, 0, 1
2026/6/15, 01:29:24.949, 30330.75, 30331.25, 30330.25, 30330.25, 2, 2, 2, 0
2026/6/15, 01:29:26.622, 30332.25, 30332.25, 30331.25, 30332.25, 1, 1, 0, 1
2026/6/15, 01:29:28.395, 30330.75, 30331.25, 30330.25, 30330.25, 2, 2, 2, 0
2026/6/15, 01:29:31.532, 30333.00, 30333.00, 30332.00, 30333.00, 1, 1, 0, 1
2026/6/15, 01:29:34.975, 30329.50, 30329.50, 30328.50, 30329.50, 12, 6, 12, 0
2026/6/15, 01:29:37.961, 30327.75, 30328.75, 30327.75, 30327.75, 1, 1, 1, 0
2026/6/15, 01:29:44.620, 30330.50, 30331.50, 30330.50, 30330.50, 1, 1, 0, 1
2026/6/15, 01:29:53.613, 30332.00, 30332.00, 30331.00, 30332.00, 2, 2, 0, 2
2026/6/15, 01:29:58.788, 30329.75, 30330.50, 30329.50, 30329.50, 2, 2, 2, 0
2026/6/15, 01:29:59.642, 30330.75, 30330.75, 30329.75, 30330.75, 1, 1, 0, 1
2026/6/15, 01:30:02.120, 30328.00, 30329.00, 30328.00, 30328.00, 1, 1, 1, 0
2026/6/15, 01:30:06.583, 30329.25, 30329.25, 30328.25, 30329.25, 1, 1, 0, 1
2026/6/15, 01:30:06.715, 30327.25, 30328.25, 30327.25, 30327.25, 1, 1, 1, 0
2026/6/15, 01:30:15.334, 30328.75, 30329.25, 30328.25, 30328.25, 2, 2, 1, 1
2026/6/15, 01:30:26.665, 30332.00, 30333.00, 30332.00, 30333.00, 5, 3, 0, 5
2026/6/15, 01:30:26.670, 30333.25, 30334.25, 30333.25, 30333.25, 1, 1, 0, 1
2026/6/15, 01:30:27.001, 30334.50, 30335.50, 30334.50, 30335.50, 3, 3, 0, 3
2026/6/15, 01:30:27.006, 30337.00, 30337.75, 30336.75, 30336.75, 3, 2, 0, 3
2026/6/15, 01:30:27.113, 30341.00, 30342.00, 30341.00, 30341.00, 1, 1, 0, 1
2026/6/15, 01:30:27.113, 30343.25, 30343.25, 30342.25, 30343.25, 2, 2, 0, 2
2026/6/15, 01:30:28.458, 30339.25, 30339.75, 30338.75, 30338.75, 3, 3, 3, 0
2026/6/15, 01:30:28.544, 30341.50, 30341.50, 30340.50, 30340.50, 3, 3, 0, 3
2026/6/15, 01:30:29.455, 30342.00, 30342.00, 30341.00, 30341.00, 3, 3, 2, 1
2026/6/15, 01:30:36.743, 30340.50, 30340.50, 30339.50, 30340.50, 1, 1, 1, 0
2026/6/15, 01:30:43.996, 30338.50, 30339.50, 30338.50, 30338.50, 2, 2, 2, 0
2026/6/15, 01:30:45.616, 30342.25, 30342.25, 30341.25, 30341.25, 2, 2, 1, 1
2026/6/15, 01:30:49.798, 30340.50, 30340.50, 30339.50, 30340.50, 1, 1, 1, 0
2026/6/15, 01:30:51.243, 30339.25, 30339.25, 30338.25, 30339.25, 1, 1, 1, 0
2026/6/15, 01:30:52.880, 30337.00, 30337.75, 30336.75, 30336.75, 6, 6, 6, 0
2026/6/15, 01:31:12.996, 30341.50, 30342.50, 30341.50, 30342.50, 3, 3, 0, 3
2026/6/15, 01:31:14.503, 30342.75, 30342.75, 30341.75, 30342.75, 1, 1, 0, 1
2026/6/15, 01:31:15.574, 30341.25, 30342.25, 30341.25, 30341.25, 1, 1, 1, 0
2026/6/15, 01:31:16.421, 30342.75, 30342.75, 30341.75, 30342.75, 1, 1, 0, 1
2026/6/15, 01:31:17.159, 30340.75, 30341.75, 30340.75, 30340.75, 1, 1, 1, 0
2026/6/15, 01:31:18.029, 30343.25, 30343.25, 30342.25, 30343.25, 1, 1, 0, 1
2026/6/15, 01:31:22.091, 30340.75, 30340.75, 30339.75, 30339.75, 6, 6, 6, 0
2026/6/15, 01:31:22.092, 30339.00, 30339.50, 30338.50, 30339.50, 2, 2, 2, 0
2026/6/15, 01:31:23.546, 30337.50, 30338.50, 30337.50, 30337.50, 1, 1, 1, 0
2026/6/15, 01:31:24.059, 30339.50, 30339.50, 30338.50, 30339.50, 1, 1, 0, 1
2026/6/15, 01:31:24.082, 30337.50, 30337.50, 30336.50, 30336.50, 2, 2, 2, 0
2026/6/15, 01:31:25.223, 30335.75, 30335.75, 30334.75, 30334.75, 4, 4, 4, 0
2026/6/15, 01:31:25.223, 30333.75, 30333.75, 30332.75, 30332.75, 3, 3, 3, 0
2026/6/15, 01:31:25.557, 30332.50, 30332.75, 30331.75, 30331.75, 4, 4, 4, 0
2026/6/15, 01:31:25.558, 30333.00, 30334.00, 30333.00, 30333.00, 2, 2, 0, 2
2026/6/15, 01:31:28.828, 30336.50, 30337.50, 30336.50, 30337.50, 2, 2, 0, 2
2026/6/15, 01:31:28.833, 30338.75, 30338.75, 30337.75, 30337.75, 6, 6, 4, 2
2026/6/15, 01:31:35.638, 30337.00, 30337.75, 30336.75, 30336.75, 3, 3, 1, 2
2026/6/15, 01:31:42.087, 30338.50, 30339.00, 30338.00, 30339.00, 9, 9, 0, 9
2026/6/15, 01:31:43.488, 30339.75, 30339.75, 30338.75, 30339.75, 1, 1, 0, 1
2026/6/15, 01:31:45.029, 30337.00, 30337.00, 30336.00, 30336.00, 4, 4, 4, 0
2026/6/15, 01:31:46.188, 30334.75, 30334.75, 30333.75, 30333.75, 2, 2, 2, 0
2026/6/15, 01:31:52.442, 30333.50, 30333.50, 30332.50, 30333.50, 1, 1, 0, 1
2026/6/15, 01:31:53.401, 30331.50, 30331.50, 30330.50, 30330.50, 5, 5, 5, 0
2026/6/15, 01:31:53.401, 30330.00, 30331.00, 30330.00, 30330.00, 4, 4, 4, 0
2026/6/15, 01:31:53.830, 30332.50, 30333.50, 30332.50, 30332.50, 2, 2, 2, 0
2026/6/15, 01:31:57.212, 30336.75, 30337.75, 30336.75, 30337.75, 5, 5, 4, 1
2026/6/15, 01:32:02.046, 30338.25, 30338.25, 30337.25, 30338.25, 2, 2, 0, 2
2026/6/15, 01:32:03.314, 30336.00, 30336.00, 30335.00, 30336.00, 2, 2, 2, 0
2026/6/15, 01:32:05.990, 30333.75, 30334.75, 30333.75, 30333.75, 1, 1, 1, 0
2026/6/15, 01:32:12.070, 30336.00, 30336.75, 30335.75, 30336.75, 5, 5, 0, 5
2026/6/15, 01:32:20.022, 30337.75, 30338.75, 30337.75, 30338.75, 4, 4, 0, 4
2026/6/15, 01:32:20.830, 30339.00, 30339.25, 30338.25, 30339.25, 4, 4, 0, 4
2026/6/15, 01:32:27.168, 30336.25, 30337.25, 30336.25, 30336.25, 1, 1, 1, 0
2026/6/15, 01:32:33.624, 30338.50, 30339.50, 30338.50, 30339.50, 2, 2, 0, 2
2026/6/15, 01:32:38.616, 30339.75, 30339.75, 30338.75, 30339.75, 1, 1, 0, 1
2026/6/15, 01:32:39.517, 30337.25, 30338.25, 30337.25, 30337.25, 1, 1, 1, 0
2026/6/15, 01:32:39.980, 30340.00, 30340.00, 30339.00, 30340.00, 4, 4, 3, 1
2026/6/15, 01:32:47.100, 30337.25, 30337.50, 30336.50, 30336.50, 7, 6, 7, 0
2026/6/15, 01:32:51.650, 30340.00, 30340.00, 30339.00, 30340.00, 1, 1, 0, 1
2026/6/15, 01:32:55.427, 30338.25, 30338.25, 30337.25, 30337.25, 4, 4, 3, 1
2026/6/15, 01:33:03.464, 30336.00, 30336.00, 30335.00, 30336.00, 1, 1, 1, 0
2026/6/15, 01:33:03.464, 30334.75, 30335.75, 30334.75, 30334.75, 1, 1, 1, 0
2026/6/15, 01:33:23.864, 30336.25, 30336.50, 30335.50, 30336.50, 5, 5, 2, 3
2026/6/15, 01:33:30.280, 30335.00, 30336.00, 30335.00, 30335.00, 1, 1, 1, 0
2026/6/15, 01:33:31.817, 30336.50, 30337.50, 30336.50, 30336.50, 1, 1, 0, 1
2026/6/15, 01:33:50.989, 30337.75, 30338.75, 30337.75, 30338.75, 4, 3, 1, 3
2026/6/15, 01:33:53.187, 30336.00, 30336.75, 30335.75, 30335.75, 2, 2, 2, 0
2026/6/15, 01:34:08.452, 30338.25, 30338.25, 30337.25, 30338.25, 1, 1, 1, 0
2026/6/15, 01:34:10.487, 30336.50, 30337.50, 30336.50, 30336.50, 2, 2, 2, 0
2026/6/15, 01:34:14.534, 30339.25, 30340.25, 30339.25, 30339.25, 1, 1, 0, 1
2026/6/15, 01:34:16.207, 30340.75, 30341.75, 30340.75, 30341.75, 4, 4, 0, 4
2026/6/15, 01:34:17.622, 30342.00, 30342.25, 30341.25, 30342.25, 2, 2, 0, 2
2026/6/15, 01:34:19.620, 30339.50, 30340.25, 30339.25, 30340.25, 2, 2, 2, 0
2026/6/15, 01:34:34.673, 30338.75, 30339.25, 30338.25, 30338.25, 2, 2, 2, 0
2026/6/15, 01:34:35.801, 30339.75, 30339.75, 30338.75, 30339.75, 1, 1, 0, 1
2026/6/15, 01:34:37.587, 30336.25, 30336.50, 30335.50, 30335.50, 6, 5, 6, 0
2026/6/15, 01:34:45.585, 30333.75, 30334.75, 30333.75, 30334.75, 2, 2, 2, 0
2026/6/15, 01:34:52.482, 30335.75, 30336.75, 30335.75, 30336.75, 4, 4, 2, 2
2026/6/15, 01:35:17.384, 30340.00, 30341.00, 30340.00, 30341.00, 2, 2, 0, 2
2026/6/15, 01:35:17.387, 30342.00, 30342.25, 30341.25, 30341.25, 7, 7, 2, 5
2026/6/15, 01:35:32.045, 30340.50, 30341.50, 30340.50, 30340.50, 1, 1, 1, 0
2026/6/15, 01:35:32.426, 30341.75, 30342.75, 30341.75, 30341.75, 2, 2, 1, 1
2026/6/15, 01:35:35.159, 30344.00, 30344.00, 30343.00, 30344.00, 2, 2, 0, 2
2026/6/15, 01:35:36.438, 30342.00, 30343.00, 30342.00, 30343.00, 4, 4, 3, 1
2026/6/15, 01:35:52.162, 30341.00, 30341.75, 30340.75, 30340.75, 2, 2, 2, 0
2026/6/15, 01:36:02.518, 30344.00, 30344.25, 30343.25, 30344.25, 3, 3, 0, 3
2026/6/15, 01:36:02.689, 30342.75, 30342.75, 30341.75, 30342.75, 1, 1, 1, 0
2026/6/15, 01:36:03.478, 30341.00, 30342.00, 30341.00, 30341.00, 1, 1, 1, 0
2026/6/15, 01:36:05.860, 30342.75, 30343.75, 30342.75, 30343.75, 5, 5, 0, 5
2026/6/15, 01:36:06.042, 30342.00, 30343.00, 30342.00, 30342.00, 1, 1, 1, 0
2026/6/15, 01:36:06.601, 30345.00, 30345.25, 30344.25, 30345.25, 4, 3, 0, 4
2026/6/15, 01:36:07.153, 30341.00, 30341.75, 30340.75, 30340.75, 3, 3, 3, 0
2026/6/15, 01:36:07.930, 30343.75, 30344.25, 30343.25, 30344.25, 2, 2, 0, 2
2026/6/15, 01:36:09.254, 30342.75, 30343.50, 30342.50, 30342.50, 2, 2, 2, 0
2026/6/15, 01:36:21.012, 30345.75, 30346.75, 30345.75, 30346.75, 2, 2, 0, 2
2026/6/15, 01:36:21.012, 30347.50, 30348.50, 30347.50, 30348.50, 12, 11, 0, 12
2026/6/15, 01:36:24.634, 30349.00, 30349.00, 30348.00, 30349.00, 1, 1, 0, 1
2026/6/15, 01:36:24.654, 30347.00, 30347.00, 30346.00, 30346.00, 2, 2, 2, 0
2026/6/15, 01:36:27.312, 30345.50, 30346.50, 30345.50, 30345.50, 1, 1, 1, 0
2026/6/15, 01:36:27.953, 30347.25, 30348.00, 30347.00, 30348.00, 2, 2, 0, 2
2026/6/15, 01:36:43.593, 30343.75, 30344.75, 30343.75, 30343.75, 1, 1, 1, 0
2026/6/15, 01:36:54.552, 30346.50, 30346.50, 30345.50, 30346.50, 1, 1, 0, 1
2026/6/15, 01:36:58.141, 30345.25, 30345.25, 30344.25, 30345.25, 1, 1, 1, 0
2026/6/15, 01:37:00.603, 30343.75, 30343.75, 30342.75, 30342.75, 8, 8, 8, 0
2026/6/15, 01:37:03.985, 30342.50, 30342.50, 30341.50, 30341.50, 3, 3, 3, 0
2026/6/15, 01:37:07.540, 30340.75, 30341.75, 30340.75, 30340.75, 1, 1, 1, 0
2026/6/15, 01:37:07.541, 30342.50, 30342.50, 30341.50, 30341.50, 3, 3, 2, 1
2026/6/15, 01:37:10.649, 30341.25, 30342.00, 30341.00, 30341.00, 3, 3, 3, 0
2026/6/15, 01:37:15.284, 30342.75, 30343.50, 30342.50, 30342.50, 4, 4, 4, 0
2026/6/15, 01:37:20.676, 30344.00, 30344.25, 30343.25, 30343.25, 6, 4, 0, 6
2026/6/15, 01:37:43.150, 30344.75, 30345.75, 30344.75, 30344.75, 4, 4, 0, 4
2026/6/15, 01:37:43.156, 30346.00, 30347.00, 30346.00, 30346.00, 5, 5, 3, 2
2026/6/15, 01:37:43.508, 30345.75, 30345.75, 30344.75, 30345.75, 2, 2, 2, 0
2026/6/15, 01:37:43.508, 30344.50, 30344.50, 30343.50, 30343.50, 2, 2, 2, 0
2026/6/15, 01:37:50.724, 30343.25, 30343.75, 30342.75, 30343.75, 3, 3, 1, 2
2026/6/15, 01:37:55.539, 30342.50, 30343.50, 30342.50, 30342.50, 1, 1, 1, 0
2026/6/15, 01:38:03.763, 30344.75, 30345.75, 30344.75, 30344.75, 1, 1, 0, 1
2026/6/15, 01:38:04.090, 30346.25, 30346.75, 30345.75, 30345.75, 2, 2, 1, 1
2026/6/15, 01:38:23.753, 30347.00, 30347.50, 30346.50, 30347.50, 7, 7, 0, 7
2026/6/15, 01:38:39.013, 30345.50, 30346.50, 30345.50, 30346.50, 3, 3, 1, 2
2026/6/15, 01:39:02.084, 30349.50, 30350.50, 30349.50, 30349.50, 5, 5, 2, 3
2026/6/15, 01:39:05.469, 30350.75, 30351.00, 30350.00, 30351.00, 2, 2, 0, 2
2026/6/15, 01:39:05.469, 30349.75, 30350.50, 30349.50, 30350.50, 6, 6, 2, 4
2026/6/15, 01:39:06.041, 30349.25, 30349.25, 30348.25, 30349.25, 1, 1, 1, 0
2026/6/15, 01:39:10.072, 30348.00, 30348.50, 30347.50, 30348.50, 5, 5, 1, 4
2026/6/15, 01:39:13.377, 30345.75, 30345.75, 30344.75, 30344.75, 2, 2, 2, 0
2026/6/15, 01:39:18.998, 30344.00, 30344.75, 30343.75, 30343.75, 2, 2, 2, 0
2026/6/15, 01:39:19, 30346.25, 30347.00, 30346.00, 30347.00, 5, 5, 0, 5
2026/6/15, 01:39:20.296, 30345.50, 30345.50, 30344.50, 30345.50, 3, 3, 3, 0
2026/6/15, 01:39:21.039, 30344.00, 30345.00, 30344.00, 30344.00, 2, 2, 1, 1
2026/6/15, 01:39:30.854, 30345.75, 30346.75, 30345.75, 30345.75, 1, 1, 0, 1
2026/6/15, 01:39:37.094, 30347.50, 30347.75, 30346.75, 30347.75, 2, 2, 0, 2
2026/6/15, 01:39:38.832, 30345.50, 30346.50, 30345.50, 30345.50, 1, 1, 1, 0
2026/6/15, 01:39:43.473, 30347.00, 30347.00, 30346.00, 30347.00, 1, 1, 0, 1
2026/6/15, 01:39:45.265, 30345.75, 30345.75, 30344.75, 30344.75, 3, 3, 3, 0
2026/6/15, 01:39:46.326, 30344.50, 30345.25, 30344.25, 30344.25, 3, 3, 3, 0
2026/6/15, 01:39:52.105, 30345.50, 30346.50, 30345.50, 30346.50, 2, 2, 1, 1
2026/6/15, 01:40:06.072, 30345.00, 30345.00, 30344.00, 30345.00, 1, 1, 1, 0
2026/6/15, 01:40:10.753, 30343.50, 30343.50, 30342.50, 30342.50, 5, 3, 5, 0
2026/6/15, 01:40:10.759, 30342.25, 30342.25, 30341.25, 30342.25, 1, 1, 1, 0
2026/6/15, 01:40:10.866, 30341.00, 30341.00, 30340.00, 30340.00, 2, 2, 2, 0
2026/6/15, 01:40:11.864, 30339.50, 30339.50, 30338.50, 30338.50, 5, 5, 5, 0
2026/6/15, 01:40:11.883, 30338.00, 30338.00, 30337.00, 30337.00, 6, 6, 6, 0
2026/6/15, 01:40:14.350, 30336.00, 30336.50, 30335.50, 30335.50, 3, 3, 3, 0
2026/6/15, 01:40:17.795, 30338.00, 30339.00, 30338.00, 30338.00, 1, 1, 0, 1
2026/6/15, 01:40:18.199, 30340.25, 30341.00, 30340.00, 30341.00, 2, 2, 0, 2
2026/6/15, 01:40:23.186, 30339.50, 30339.50, 30338.50, 30339.50, 1, 1, 1, 0
2026/6/15, 01:40:28.470, 30336.50, 30337.00, 30336.00, 30336.00, 5, 5, 5, 0
2026/6/15, 01:40:30.571, 30337.75, 30337.75, 30336.75, 30337.75, 1, 1, 0, 1
2026/6/15, 01:40:32.411, 30334.50, 30334.75, 30333.75, 30333.75, 10, 8, 6, 4
2026/6/15, 01:40:37.887, 30336.50, 30336.75, 30335.75, 30336.75, 2, 2, 1, 1
2026/6/15, 01:40:46.422, 30334.75, 30334.75, 30333.75, 30333.75, 4, 4, 4, 0
2026/6/15, 01:40:46.422, 30333.25, 30334.25, 30333.25, 30334.25, 3, 3, 2, 1
2026/6/15, 01:40:54.072, 30336.00, 30337.00, 30336.00, 30336.00, 3, 3, 0, 3
2026/6/15, 01:40:57.166, 30338.00, 30338.00, 30337.00, 30338.00, 1, 1, 0, 1
2026/6/15, 01:40:58.455, 30335.00, 30336.00, 30335.00, 30336.00, 5, 5, 3, 2
2026/6/15, 01:40:58.943, 30336.25, 30336.25, 30335.25, 30336.25, 1, 1, 1, 0
2026/6/15, 01:41:01.757, 30334.50, 30335.50, 30334.50, 30335.50, 2, 2, 0, 2
2026/6/15, 01:41:05.898, 30336.00, 30337.00, 30336.00, 30336.00, 2, 2, 0, 2
2026/6/15, 01:41:06.599, 30338.50, 30339.50, 30338.50, 30339.50, 6, 4, 5, 1
2026/6/15, 01:41:19.779, 30340.50, 30341.50, 30340.50, 30341.50, 2, 2, 0, 2
2026/6/15, 01:41:22.483, 30343.25, 30343.50, 30342.50, 30343.50, 2, 2, 0, 2
2026/6/15, 01:41:23.437, 30341.75, 30342.75, 30341.75, 30342.75, 2, 2, 0, 2
2026/6/15, 01:41:24.519, 30340.50, 30341.50, 30340.50, 30340.50, 1, 1, 1, 0
2026/6/15, 01:41:25.065, 30344.00, 30345.00, 30344.00, 30344.00, 1, 1, 0, 1
2026/6/15, 01:41:25.534, 30345.25, 30345.25, 30344.25, 30345.25, 1, 1, 0, 1
2026/6/15, 01:41:27.901, 30343.50, 30344.50, 30343.50, 30344.50, 2, 2, 0, 2
2026/6/15, 01:41:28.478, 30342.25, 30342.25, 30341.25, 30341.25, 7, 7, 7, 0
2026/6/15, 01:41:28.478, 30341.00, 30341.00, 30340.00, 30340.00, 8, 8, 8, 0
2026/6/15, 01:41:28.918, 30338.00, 30339.00, 30338.00, 30338.00, 1, 1, 1, 0
2026/6/15, 01:41:28.991, 30340.00, 30340.75, 30339.75, 30339.75, 5, 5, 2, 3
2026/6/15, 01:41:39.297, 30341.75, 30342.75, 30341.75, 30342.75, 6, 6, 2, 4
2026/6/15, 01:41:41.957, 30344.25, 30345.00, 30344.00, 30345.00, 6, 6, 0, 6
2026/6/15, 01:41:41.959, 30343.75, 30344.75, 30343.75, 30344.75, 3, 3, 2, 1
2026/6/15, 01:41:48.986, 30345.75, 30346.75, 30345.75, 30346.75, 2, 2, 0, 2
2026/6/15, 01:41:50.644, 30347.00, 30348.00, 30347.00, 30347.00, 6, 6, 0, 6
2026/6/15, 01:42:10.051, 30346.75, 30347.50, 30346.50, 30346.50, 2, 2, 2, 0
2026/6/15, 01:42:18.510, 30349.25, 30350.25, 30349.25, 30350.25, 5, 4, 1, 4
2026/6/15, 01:42:20.339, 30350.50, 30350.50, 30349.50, 30349.50, 2, 2, 0, 2
2026/6/15, 01:42:21.247, 30347.75, 30348.75, 30347.75, 30347.75, 1, 1, 1, 0
2026/6/15, 01:42:29.831, 30349.50, 30349.50, 30348.50, 30349.50, 2, 2, 1, 1
2026/6/15, 01:42:30.817, 30347.75, 30347.75, 30346.75, 30346.75, 2, 2, 2, 0
2026/6/15, 01:42:30.827, 30346.25, 30347.25, 30346.25, 30346.25, 1, 1, 1, 0
2026/6/15, 01:42:32.861, 30348.00, 30349.00, 30348.00, 30348.00, 2, 2, 0, 2
2026/6/15, 01:42:45.148, 30349.75, 30350.75, 30349.75, 30350.75, 5, 5, 0, 5
2026/6/15, 01:42:45.148, 30351.00, 30352.00, 30351.00, 30351.00, 15, 15, 0, 15
2026/6/15, 01:42:50.276, 30350.00, 30350.00, 30349.00, 30349.00, 3, 3, 3, 0
2026/6/15, 01:43:04.516, 30346.75, 30347.25, 30346.25, 30346.25, 2, 2, 2, 0
2026/6/15, 01:43:07.247, 30348.25, 30349.25, 30348.25, 30349.25, 6, 6, 0, 6
2026/6/15, 01:43:07.247, 30349.50, 30350.50, 30349.50, 30350.50, 2, 2, 0, 2
2026/6/15, 01:43:07.247, 30351.00, 30352.00, 30351.00, 30352.00, 8, 8, 0, 8
2026/6/15, 01:43:07.247, 30353.00, 30354.00, 30353.00, 30354.00, 10, 9, 0, 10
2026/6/15, 01:43:07.247, 30354.50, 30355.50, 30354.50, 30355.50, 7, 6, 0, 7
2026/6/15, 01:43:07.247, 30356.50, 30357.50, 30356.50, 30356.50, 2, 2, 0, 2
2026/6/15, 01:43:07.247, 30358.25, 30359.00, 30358.00, 30359.00, 5, 5, 0, 5
2026/6/15, 01:43:07.253, 30354.75, 30354.75, 30353.75, 30353.75, 4, 4, 3, 1
2026/6/15, 01:43:09.914, 30350.50, 30350.50, 30349.50, 30349.50, 4, 4, 4, 0
2026/6/15, 01:43:12.312, 30349.25, 30349.25, 30348.25, 30348.25, 6, 6, 4, 2
2026/6/15, 01:43:20.644, 30346.50, 30346.75, 30345.75, 30346.75, 4, 4, 3, 1
2026/6/15, 01:43:50.586, 30348.00, 30349.00, 30348.00, 30348.00, 2, 1, 2, 0
2026/6/15, 01:43:53.195, 30350.00, 30351.00, 30350.00, 30351.00, 7, 7, 0, 7
2026/6/15, 01:44:09.167, 30351.25, 30351.25, 30350.25, 30351.25, 1, 1, 0, 1
2026/6/15, 01:44:17.455, 30348.75, 30348.75, 30347.75, 30348.75, 3, 1, 3, 0
2026/6/15, 01:44:17.462, 30347.00, 30347.75, 30346.75, 30346.75, 2, 2, 2, 0
2026/6/15, 01:44:20.681, 30348.00, 30348.75, 30347.75, 30347.75, 8, 8, 1, 7
2026/6/15, 01:44:30.224, 30346.75, 30346.75, 30345.75, 30346.75, 1, 1, 1, 0
2026/6/15, 01:44:32.765, 30345.00, 30345.00, 30344.00, 30345.00, 1, 1, 1, 0
2026/6/15, 01:44:34.792, 30342.75, 30342.75, 30341.75, 30341.75, 8, 7, 6, 2
2026/6/15, 01:44:34.792, 30341.50, 30342.50, 30341.50, 30341.50, 1, 1, 1, 0
2026/6/15, 01:44:34.793, 30342.75, 30342.75, 30341.75, 30342.75, 3, 2, 3, 0
2026/6/15, 01:44:34.796, 30341.00, 30341.50, 30340.50, 30340.50, 2, 2, 2, 0
2026/6/15, 01:44:35.296, 30344.00, 30344.00, 30343.00, 30343.00, 3, 3, 3, 0
2026/6/15, 01:44:36.921, 30342.50, 30342.75, 30341.75, 30341.75, 3, 3, 2, 1
2026/6/15, 01:44:45.938, 30343.00, 30343.00, 30342.00, 30343.00, 2, 1, 0, 2
2026/6/15, 01:44:50.444, 30339.75, 30339.75, 30338.75, 30338.75, 11, 11, 11, 0
2026/6/15, 01:44:50.444, 30338.50, 30338.50, 30337.50, 30338.50, 1, 1, 1, 0
2026/6/15, 01:44:51.192, 30335.75, 30335.75, 30334.75, 30335.75, 2, 2, 2, 0
2026/6/15, 01:44:52.109, 30334.50, 30335.25, 30334.25, 30334.25, 4, 4, 4, 0
2026/6/15, 01:44:53.967, 30338.25, 30339.00, 30338.00, 30338.00, 5, 5, 1, 4
2026/6/15, 01:44:54.454, 30340.00, 30340.00, 30339.00, 30340.00, 1, 1, 0, 1
2026/6/15, 01:44:55.678, 30338.25, 30339.25, 30338.25, 30339.25, 2, 2, 1, 1
2026/6/15, 01:44:57.933, 30339.75, 30339.75, 30338.75, 30339.75, 1, 1, 0, 1
2026/6/15, 01:44:59.760, 30336.75, 30337.75, 30336.75, 30336.75, 1, 1, 1, 0
2026/6/15, 01:44:59.863, 30339.00, 30339.00, 30338.00, 30339.00, 1, 1, 0, 1
2026/6/15, 01:45:01.195, 30335.75, 30335.75, 30334.75, 30335.75, 2, 2, 2, 0
2026/6/15, 01:45:02.287, 30334.25, 30334.25, 30333.25, 30333.25, 3, 3, 3, 0
2026/6/15, 01:45:02.307, 30333.00, 30333.00, 30332.00, 30332.00, 7, 5, 7, 0
2026/6/15, 01:45:02.307, 30331.75, 30332.75, 30331.75, 30331.75, 2, 2, 2, 0
2026/6/15, 01:45:02.317, 30334.50, 30334.50, 30333.50, 30334.50, 1, 1, 0, 1
2026/6/15, 01:45:03.529, 30331.00, 30331.00, 30330.00, 30330.00, 7, 6, 7, 0
2026/6/15, 01:45:03.607, 30329.75, 30330.75, 30329.75, 30330.75, 5, 5, 0, 5
2026/6/15, 01:45:03.721, 30328.00, 30328.00, 30327.00, 30328.00, 3, 1, 3, 0
2026/6/15, 01:45:04.052, 30326.50, 30326.50, 30325.50, 30325.50, 4, 4, 4, 0
2026/6/15, 01:45:04.179, 30325.00, 30326.00, 30325.00, 30325.00, 2, 2, 2, 0
2026/6/15, 01:45:04.517, 30327.25, 30327.25, 30326.25, 30327.25, 1, 1, 0, 1
2026/6/15, 01:45:04.575, 30324.75, 30325.75, 30324.75, 30324.75, 1, 1, 1, 0
2026/6/15, 01:45:04.608, 30327.25, 30327.25, 30326.25, 30327.25, 2, 2, 1, 1
2026/6/15, 01:45:04.703, 30326.00, 30326.00, 30325.00, 30326.00, 1, 1, 1, 0
2026/6/15, 01:45:05.463, 30323.25, 30324.25, 30323.25, 30323.25, 1, 1, 1, 0
2026/6/15, 01:45:05.592, 30326.00, 30326.00, 30325.00, 30326.00, 1, 1, 0, 1
2026/6/15, 01:45:05.774, 30324.00, 30325.00, 30324.00, 30324.00, 1, 1, 1, 0
2026/6/15, 01:45:05.982, 30326.50, 30326.50, 30325.50, 30326.50, 1, 1, 0, 1
2026/6/15, 01:45:06.504, 30323.50, 30323.50, 30322.50, 30323.50, 2, 2, 2, 0
2026/6/15, 01:45:07.486, 30321.00, 30321.00, 30320.00, 30320.00, 5, 5, 5, 0
2026/6/15, 01:45:07.486, 30319.50, 30319.50, 30318.50, 30319.50, 2, 2, 2, 0
2026/6/15, 01:45:07.486, 30318.25, 30318.25, 30317.25, 30318.25, 2, 2, 2, 0
2026/6/15, 01:45:07.486, 30317.00, 30317.50, 30316.50, 30316.50, 4, 3, 4, 0
2026/6/15, 01:45:07.509, 30319.00, 30319.00, 30318.00, 30318.00, 3, 3, 3, 0
2026/6/15, 01:45:08.145, 30316.75, 30317.75, 30316.75, 30316.75, 1, 1, 1, 0
2026/6/15, 01:45:08.276, 30320.25, 30320.25, 30319.25, 30320.25, 1, 1, 0, 1
2026/6/15, 01:45:08.296, 30318.50, 30318.75, 30317.75, 30317.75, 5, 5, 5, 0
2026/6/15, 01:45:08.671, 30320.75, 30321.75, 30320.75, 30321.75, 5, 5, 0, 5
2026/6/15, 01:45:08.679, 30324.25, 30324.75, 30323.75, 30323.75, 4, 4, 3, 1
2026/6/15, 01:45:09.566, 30321.25, 30321.25, 30320.25, 30321.25, 1, 1, 1, 0
2026/6/15, 01:45:10.665, 30317.75, 30318.75, 30317.75, 30317.75, 1, 1, 1, 0
2026/6/15, 01:45:11.481, 30322.25, 30322.75, 30321.75, 30321.75, 4, 4, 2, 2
2026/6/15, 01:45:17.561, 30323.75, 30324.75, 30323.75, 30324.75, 3, 3, 0, 3
2026/6/15, 01:45:17.565, 30325.00, 30325.00, 30324.00, 30325.00, 1, 1, 0, 1
2026/6/15, 01:45:18.985, 30322.00, 30322.75, 30321.75, 30321.75, 7, 7, 6, 1
2026/6/15, 01:45:22.415, 30321.50, 30321.50, 30320.50, 30320.50, 5, 5, 5, 0
2026/6/15, 01:45:23.318, 30320.00, 30320.00, 30319.00, 30320.00, 4, 1, 4, 0
2026/6/15, 01:45:23.354, 30318.75, 30319.75, 30318.75, 30319.75, 5, 4, 4, 1
2026/6/15, 01:45:24.910, 30321.00, 30321.75, 30320.75, 30321.75, 3, 3, 0, 3
2026/6/15, 01:45:29.986, 30318.25, 30319.00, 30318.00, 30318.00, 5, 5, 5, 0
2026/6/15, 01:45:31.161, 30319.50, 30320.50, 30319.50, 30320.50, 7, 7, 0, 7
2026/6/15, 01:45:33.772, 30320.75, 30320.75, 30319.75, 30319.75, 2, 2, 1, 1
2026/6/15, 01:45:35.492, 30318.25, 30318.25, 30317.25, 30317.25, 3, 3, 3, 0
2026/6/15, 01:45:35.492, 30316.75, 30317.75, 30316.75, 30316.75, 1, 1, 1, 0
2026/6/15, 01:45:36.390, 30320.00, 30320.25, 30319.25, 30320.25, 4, 4, 0, 4
2026/6/15, 01:45:39.451, 30314.50, 30314.50, 30313.50, 30314.50, 1, 1, 1, 0
2026/6/15, 01:45:39.614, 30312.50, 30313.50, 30312.50, 30313.50, 2, 2, 1, 1
2026/6/15, 01:45:39.887, 30315.50, 30316.00, 30315.00, 30316.00, 3, 3, 0, 3
2026/6/15, 01:45:40.321, 30313.50, 30314.50, 30313.50, 30313.50, 1, 1, 0, 1
2026/6/15, 01:45:40.355, 30315.50, 30316.50, 30315.50, 30315.50, 1, 1, 0, 1
2026/6/15, 01:45:41.496, 30318.75, 30319.75, 30318.75, 30319.75, 3, 3, 1, 2
2026/6/15, 01:45:46.999, 30320.00, 30321.00, 30320.00, 30320.00, 2, 2, 0, 2
2026/6/15, 01:45:47.165, 30321.25, 30322.25, 30321.25, 30322.25, 2, 2, 0, 2
2026/6/15, 01:45:47.165, 30322.50, 30322.50, 30321.50, 30322.50, 1, 1, 0, 1
2026/6/15, 01:45:47.779, 30321.00, 30322.00, 30321.00, 30321.00, 1, 1, 0, 1
2026/6/15, 01:45:50.378, 30325.25, 30325.25, 30324.25, 30325.25, 1, 1, 0, 1
2026/6/15, 01:45:54.529, 30323.75, 30324.75, 30323.75, 30324.75, 2, 2, 0, 2
2026/6/15, 01:45:54.843, 30325.00, 30325.00, 30324.00, 30325.00, 1, 1, 0, 1
2026/6/15, 01:45:54.917, 30323.50, 30324.50, 30323.50, 30323.50, 1, 1, 1, 0
2026/6/15, 01:45:55.139, 30324.75, 30325.75, 30324.75, 30324.75, 3, 3, 0, 3
2026/6/15, 01:45:55.141, 30326.00, 30327.00, 30326.00, 30326.00, 1, 1, 0, 1
2026/6/15, 01:45:55.142, 30327.50, 30327.50, 30326.50, 30327.50, 1, 1, 0, 1
2026/6/15, 01:45:55.204, 30325.00, 30325.00, 30324.00, 30324.00, 8, 8, 8, 0
2026/6/15, 01:45:55.204, 30323.75, 30323.75, 30322.75, 30322.75, 22, 14, 10, 12
2026/6/15, 01:45:57.468, 30324.00, 30325.00, 30324.00, 30324.00, 1, 1, 0, 1
2026/6/15, 01:46:01.386, 30327.75, 30328.75, 30327.75, 30327.75, 2, 2, 0, 2
2026/6/15, 01:46:02.067, 30330.00, 30331.00, 30330.00, 30330.00, 2, 2, 0, 2
2026/6/15, 01:46:02.556, 30333.00, 30334.00, 30333.00, 30334.00, 2, 2, 0, 2
2026/6/15, 01:46:02.624, 30332.75, 30333.75, 30332.75, 30333.75, 3, 3, 3, 0
2026/6/15, 01:46:03.453, 30335.75, 30336.75, 30335.75, 30336.75, 10, 10, 0, 10
2026/6/15, 01:46:03.453, 30337.25, 30337.25, 30336.25, 30337.25, 1, 1, 0, 1
2026/6/15, 01:46:03.453, 30335.75, 30336.75, 30335.75, 30335.75, 1, 1, 0, 1
2026/6/15, 01:46:03.609, 30338.25, 30338.25, 30337.25, 30338.25, 1, 1, 0, 1
2026/6/15, 01:46:03.949, 30336.00, 30336.00, 30335.00, 30336.00, 2, 2, 2, 0
2026/6/15, 01:46:04.714, 30334.25, 30335.25, 30334.25, 30335.25, 10, 10, 1, 9
2026/6/15, 01:46:05.818, 30336.00, 30336.50, 30335.50, 30336.50, 6, 6, 1, 5
2026/6/15, 01:46:07.604, 30334.25, 30334.25, 30333.25, 30334.25, 5, 5, 2, 3
2026/6/15, 01:46:09.340, 30335.75, 30336.75, 30335.75, 30335.75, 4, 4, 0, 4
2026/6/15, 01:46:09.340, 30337.25, 30337.25, 30336.25, 30337.25, 1, 1, 0, 1
2026/6/15, 01:46:10.040, 30332.50, 30332.75, 30331.75, 30332.75, 3, 3, 1, 2
2026/6/15, 01:46:11.982, 30329.50, 30329.50, 30328.50, 30329.50, 1, 1, 1, 0
2026/6/15, 01:46:12.061, 30327.50, 30328.50, 30327.50, 30327.50, 1, 1, 1, 0
2026/6/15, 01:46:16.328, 30330.25, 30330.25, 30329.25, 30330.25, 2, 2, 2, 0
2026/6/15, 01:46:19.563, 30325.00, 30325.50, 30324.50, 30325.50, 2, 2, 1, 1
2026/6/15, 01:46:20.306, 30323.50, 30323.50, 30322.50, 30322.50, 5, 5, 5, 0
2026/6/15, 01:46:23.442, 30322.00, 30322.50, 30321.50, 30321.50, 2, 2, 2, 0
2026/6/15, 01:46:28.398, 30325.75, 30326.75, 30325.75, 30325.75, 1, 1, 1, 0
2026/6/15, 01:46:30.358, 30329.00, 30329.00, 30328.00, 30329.00, 9, 9, 8, 1
2026/6/15, 01:46:30.367, 30329.75, 30329.75, 30328.75, 30329.75, 1, 1, 0, 1
2026/6/15, 01:46:30.828, 30328.25, 30329.25, 30328.25, 30328.25, 1, 1, 1, 0
2026/6/15, 01:46:32.076, 30332.25, 30333.25, 30332.25, 30333.25, 2, 2, 0, 2
2026/6/15, 01:46:32.388, 30335.00, 30336.00, 30335.00, 30336.00, 3, 3, 0, 3
2026/6/15, 01:46:35.578, 30336.50, 30337.50, 30336.50, 30337.50, 6, 6, 0, 6
2026/6/15, 01:46:35.590, 30338.50, 30338.75, 30337.75, 30338.75, 4, 4, 0, 4
2026/6/15, 01:46:37.592, 30333.50, 30334.50, 30333.50, 30333.50, 1, 1, 0, 1
2026/6/15, 01:46:37.592, 30335.00, 30335.00, 30334.00, 30335.00, 1, 1, 0, 1
2026/6/15, 01:46:37.678, 30331.75, 30332.75, 30331.75, 30332.75, 2, 2, 1, 1
2026/6/15, 01:46:43.395, 30340.25, 30340.75, 30339.75, 30340.75, 2, 2, 0, 2
2026/6/15, 01:46:44.793, 30338.75, 30338.75, 30337.75, 30338.75, 1, 1, 0, 1
2026/6/15, 01:46:47.725, 30333.75, 30334.75, 30333.75, 30334.75, 3, 3, 2, 1
2026/6/15, 01:46:52.110, 30332.25, 30333.25, 30332.25, 30332.25, 6, 6, 6, 0
2026/6/15, 01:46:59.817, 30334.25, 30334.25, 30333.25, 30334.25, 1, 1, 0, 1
2026/6/15, 01:47:01.812, 30332.00, 30333.00, 30332.00, 30332.00, 3, 3, 3, 0
2026/6/15, 01:47:08.938, 30336.25, 30337.25, 30336.25, 30336.25, 1, 1, 1, 0
2026/6/15, 01:47:09.734, 30338.75, 30339.75, 30338.75, 30339.75, 5, 5, 0, 5
2026/6/15, 01:47:09.734, 30340.00, 30341.00, 30340.00, 30341.00, 6, 6, 0, 6
2026/6/15, 01:47:09.734, 30341.50, 30341.75, 30340.75, 30340.75, 6, 6, 0, 6
2026/6/15, 01:47:15.044, 30338.50, 30339.50, 30338.50, 30339.50, 3, 3, 2, 1
2026/6/15, 01:47:15.333, 30341.00, 30341.00, 30340.00, 30341.00, 1, 1, 0, 1
2026/6/15, 01:47:16.631, 30339.75, 30339.75, 30338.75, 30339.75, 1, 1, 1, 0
2026/6/15, 01:47:17.719, 30336.75, 30337.00, 30336.00, 30336.00, 4, 4, 4, 0
2026/6/15, 01:47:22.699, 30337.50, 30338.50, 30337.50, 30337.50, 1, 1, 0, 1
2026/6/15, 01:47:29.940, 30339.75, 30339.75, 30338.75, 30339.75, 2, 2, 0, 2
2026/6/15, 01:47:30.942, 30336.75, 30336.75, 30335.75, 30336.75, 1, 1, 1, 0
2026/6/15, 01:47:36.700, 30333.75, 30334.75, 30333.75, 30333.75, 1, 1, 1, 0
2026/6/15, 01:47:37.586, 30335.75, 30336.25, 30335.25, 30335.25, 13, 7, 12, 1
2026/6/15, 01:47:39.203, 30333.00, 30333.00, 30332.00, 30333.00, 1, 1, 1, 0
2026/6/15, 01:47:40.834, 30331.50, 30332.50, 30331.50, 30331.50, 1, 1, 1, 0
2026/6/15, 01:47:41.290, 30333.00, 30334.00, 30333.00, 30333.00, 1, 1, 0, 1
2026/6/15, 01:47:42.182, 30335.00, 30335.75, 30334.75, 30334.75, 3, 3, 1, 2
2026/6/15, 01:47:48.489, 30332.75, 30332.75, 30331.75, 30332.75, 1, 1, 1, 0
2026/6/15, 01:47:49.841, 30330.50, 30330.50, 30329.50, 30329.50, 3, 3, 3, 0
2026/6/15, 01:47:50.688, 30327.75, 30327.75, 30326.75, 30326.75, 10, 10, 10, 0
2026/6/15, 01:47:50.688, 30326.25, 30327.25, 30326.25, 30326.25, 2, 2, 2, 0
2026/6/15, 01:47:50.694, 30327.50, 30328.50, 30327.50, 30327.50, 1, 1, 1, 0
2026/6/15, 01:47:54.305, 30328.75, 30329.50, 30328.50, 30328.50, 2, 2, 1, 1
2026/6/15, 01:47:58.604, 30330.25, 30330.25, 30329.25, 30329.25, 2, 2, 2, 0
2026/6/15, 01:48:01.068, 30331.75, 30332.75, 30331.75, 30331.75, 1, 1, 0, 1
2026/6/15, 01:48:02.332, 30334.50, 30335.50, 30334.50, 30334.50, 3, 3, 0, 3
2026/6/15, 01:48:03.769, 30337.00, 30337.00, 30336.00, 30336.00, 3, 3, 2, 1
2026/6/15, 01:48:05.109, 30335.25, 30335.25, 30334.25, 30335.25, 2, 2, 2, 0
2026/6/15, 01:48:05.109, 30333.25, 30333.25, 30332.25, 30332.25, 4, 4, 4, 0
2026/6/15, 01:48:05.111, 30333.75, 30333.75, 30332.75, 30333.75, 1, 1, 1, 0
2026/6/15, 01:48:05.119, 30332.50, 30332.50, 30331.50, 30332.50, 1, 1, 1, 0
2026/6/15, 01:48:08.963, 30329.75, 30330.75, 30329.75, 30329.75, 1, 1, 1, 0
2026/6/15, 01:48:12.025, 30332.00, 30333.00, 30332.00, 30333.00, 16, 9, 12, 4
2026/6/15, 01:48:12.026, 30334.25, 30334.25, 30333.25, 30333.25, 3, 3, 0, 3
2026/6/15, 01:48:22.383, 30330.00, 30330.00, 30329.00, 30330.00, 4, 4, 3, 1
2026/6/15, 01:48:35.339, 30328.25, 30329.25, 30328.25, 30328.25, 1, 1, 1, 0
2026/6/15, 01:49:02.346, 30330.75, 30331.75, 30330.75, 30330.75, 2, 2, 2, 0
2026/6/15, 01:49:03.848, 30332.25, 30332.50, 30331.50, 30331.50, 3, 3, 0, 3
2026/6/15, 01:49:19.634, 30329.75, 30330.25, 30329.25, 30329.25, 2, 2, 2, 0
2026/6/15, 01:49:22.267, 30331.50, 30331.50, 30330.50, 30331.50, 2, 2, 2, 0
2026/6/15, 01:49:22.271, 30329.25, 30329.25, 30328.25, 30329.25, 1, 1, 1, 0
2026/6/15, 01:49:27.688, 30328.00, 30328.00, 30327.00, 30327.00, 2, 2, 1, 1
2026/6/15, 01:49:28.879, 30326.25, 30326.25, 30325.25, 30326.25, 3, 3, 3, 0
2026/6/15, 01:49:29.786, 30325.00, 30325.25, 30324.25, 30324.25, 4, 4, 4, 0
2026/6/15, 01:49:37.424, 30327.25, 30328.25, 30327.25, 30327.25, 1, 1, 0, 1
2026/6/15, 01:49:45.929, 30330.50, 30330.50, 30329.50, 30329.50, 2, 2, 1, 1
2026/6/15, 01:49:50.855, 30329.00, 30329.00, 30328.00, 30328.00, 4, 4, 4, 0
2026/6/15, 01:49:50.856, 30327.50, 30328.50, 30327.50, 30327.50, 2, 2, 2, 0
2026/6/15, 01:49:50.856, 30329.25, 30329.25, 30328.25, 30329.25, 3, 3, 0, 3
2026/6/15, 01:49:50.858, 30327.25, 30328.25, 30327.25, 30328.25, 8, 8, 6, 2
2026/6/15, 01:49:54.711, 30326.00, 30327.00, 30326.00, 30327.00, 3, 3, 1, 2
2026/6/15, 01:50:00.265, 30330.00, 30330.50, 30329.50, 30330.50, 5, 4, 0, 5
2026/6/15, 01:50:02.249, 30329.25, 30329.25, 30328.25, 30329.25, 1, 1, 1, 0
2026/6/15, 01:50:02.662, 30327.50, 30327.50, 30326.50, 30327.50, 1, 1, 1, 0
2026/6/15, 01:50:05.972, 30320.25, 30320.50, 30319.50, 30319.50, 4, 4, 4, 0
2026/6/15, 01:50:07.176, 30320.75, 30321.75, 30320.75, 30320.75, 1, 1, 0, 1
2026/6/15, 01:50:08.161, 30322.25, 30322.25, 30321.25, 30321.25, 2, 2, 1, 1
2026/6/15, 01:50:08.293, 30321.00, 30321.00, 30320.00, 30321.00, 1, 1, 1, 0
2026/6/15, 01:50:09.701, 30319.00, 30320.00, 30319.00, 30319.00, 1, 1, 1, 0
2026/6/15, 01:50:15.170, 30321.00, 30322.00, 30321.00, 30322.00, 4, 4, 0, 4
2026/6/15, 01:50:19.650, 30324.75, 30324.75, 30323.75, 30324.75, 1, 1, 0, 1
2026/6/15, 01:50:20.193, 30323.50, 30323.50, 30322.50, 30323.50, 1, 1, 1, 0
2026/6/15, 01:50:28.476, 30321.75, 30321.75, 30320.75, 30320.75, 3, 2, 3, 0
2026/6/15, 01:50:28.476, 30320.00, 30320.00, 30319.00, 30319.00, 6, 6, 6, 0
2026/6/15, 01:50:28.503, 30318.75, 30319.75, 30318.75, 30318.75, 1, 1, 1, 0
2026/6/15, 01:50:30.264, 30320.25, 30321.25, 30320.25, 30321.25, 3, 3, 0, 3
2026/6/15, 01:50:36.682, 30319.50, 30319.50, 30318.50, 30319.50, 1, 1, 1, 0
2026/6/15, 01:50:36.690, 30318.00, 30319.00, 30318.00, 30318.00, 1, 1, 1, 0
2026/6/15, 01:50:38.166, 30320.00, 30320.00, 30319.00, 30320.00, 1, 1, 0, 1
2026/6/15, 01:50:41.931, 30318.50, 30319.50, 30318.50, 30318.50, 1, 1, 1, 0
2026/6/15, 01:50:47.562, 30320.00, 30320.25, 30319.25, 30320.25, 2, 2, 0, 2
2026/6/15, 01:50:55.916, 30318.00, 30318.00, 30317.00, 30318.00, 1, 1, 1, 0
2026/6/15, 01:50:57.043, 30315.25, 30315.25, 30314.25, 30314.25, 2, 2, 2, 0
2026/6/15, 01:50:57.043, 30313.75, 30314.75, 30313.75, 30314.75, 3, 3, 3, 0
2026/6/15, 01:51:00.418, 30316.75, 30317.75, 30316.75, 30316.75, 1, 1, 0, 1
2026/6/15, 01:51:05.219, 30321.00, 30322.00, 30321.00, 30322.00, 6, 2, 0, 6
2026/6/15, 01:51:08.487, 30324.50, 30324.50, 30323.50, 30324.50, 1, 1, 0, 1
2026/6/15, 01:51:10.860, 30322.75, 30322.75, 30321.75, 30322.75, 2, 2, 2, 0
2026/6/15, 01:51:14.170, 30321.50, 30322.25, 30321.25, 30321.25, 2, 2, 2, 0
2026/6/15, 01:51:19.527, 30322.50, 30322.75, 30321.75, 30322.75, 2, 2, 0, 2
2026/6/15, 01:51:21.483, 30319.75, 30320.25, 30319.25, 30320.25, 5, 5, 4, 1
2026/6/15, 01:51:27, 30322.25, 30322.25, 30321.25, 30321.25, 4, 4, 4, 0
2026/6/15, 01:51:28.335, 30321.00, 30322.00, 30321.00, 30321.00, 2, 2, 2, 0
2026/6/15, 01:51:29.053, 30322.25, 30323.25, 30322.25, 30323.25, 10, 9, 4, 6
2026/6/15, 01:51:33.076, 30323.75, 30324.75, 30323.75, 30323.75, 3, 3, 0, 3
2026/6/15, 01:51:33.088, 30326.75, 30326.75, 30325.75, 30326.75, 5, 4, 1, 4
2026/6/15, 01:51:41.231, 30329.75, 30329.75, 30328.75, 30329.75, 1, 1, 0, 1
2026/6/15, 01:51:47.978, 30327.75, 30328.75, 30327.75, 30327.75, 1, 1, 1, 0
2026/6/15, 01:51:53.205, 30329.00, 30329.00, 30328.00, 30329.00, 1, 1, 0, 1
2026/6/15, 01:52:00.278, 30327.00, 30328.00, 30327.00, 30327.00, 1, 1, 0, 1
2026/6/15, 01:52:13.821, 30330.00, 30331.00, 30330.00, 30331.00, 3, 3, 0, 3
2026/6/15, 01:52:17.281, 30332.00, 30332.00, 30331.00, 30332.00, 1, 1, 0, 1
2026/6/15, 01:52:19.221, 30330.00, 30331.00, 30330.00, 30330.00, 1, 1, 1, 0
2026/6/15, 01:52:24.094, 30331.25, 30331.25, 30330.25, 30331.25, 1, 1, 1, 0
2026/6/15, 01:52:25.919, 30328.75, 30329.75, 30328.75, 30328.75, 3, 3, 1, 2
2026/6/15, 01:52:37.662, 30331.50, 30331.50, 30330.50, 30330.50, 2, 2, 1, 1
2026/6/15, 01:52:37.678, 30333.00, 30334.00, 30333.00, 30334.00, 2, 2, 0, 2
2026/6/15, 01:52:37.687, 30335.00, 30335.50, 30334.50, 30334.50, 3, 3, 2, 1
2026/6/15, 01:52:52.556, 30337.25, 30338.25, 30337.25, 30337.25, 2, 2, 0, 2
2026/6/15, 01:52:52.556, 30338.75, 30339.75, 30338.75, 30339.75, 3, 3, 0, 3
2026/6/15, 01:52:52.637, 30340.00, 30340.00, 30339.00, 30340.00, 1, 1, 0, 1
2026/6/15, 01:52:53.755, 30338.50, 30338.75, 30337.75, 30337.75, 4, 4, 1, 3
2026/6/15, 01:53:02.302, 30340.50, 30340.75, 30339.75, 30340.75, 2, 2, 0, 2
2026/6/15, 01:53:02.786, 30339.50, 30340.50, 30339.50, 30340.50, 3, 3, 2, 1
2026/6/15, 01:53:11.672, 30341.00, 30342.00, 30341.00, 30341.00, 2, 2, 0, 2
2026/6/15, 01:53:11.771, 30342.50, 30343.50, 30342.50, 30342.50, 1, 1, 0, 1
2026/6/15, 01:53:11.771, 30344.00, 30344.25, 30343.25, 30344.25, 4, 4, 1, 3
2026/6/15, 01:53:12.749, 30342.50, 30342.50, 30341.50, 30342.50, 2, 2, 1, 1
2026/6/15, 01:53:15.462, 30340.50, 30340.50, 30339.50, 30339.50, 6, 6, 6, 0
2026/6/15, 01:53:15.967, 30340.75, 30341.75, 30340.75, 30341.75, 2, 2, 1, 1
2026/6/15, 01:53:19.465, 30342.00, 30342.25, 30341.25, 30341.25, 5, 5, 3, 2
2026/6/15, 01:53:20.589, 30340.75, 30340.75, 30339.75, 30339.75, 9, 4, 9, 0
2026/6/15, 01:53:21.065, 30338.00, 30338.50, 30337.50, 30338.50, 2, 2, 1, 1
2026/6/15, 01:53:22.619, 30334.75, 30334.75, 30333.75, 30333.75, 4, 4, 4, 0
2026/6/15, 01:53:23.053, 30333.50, 30333.50, 30332.50, 30333.50, 1, 1, 1, 0
2026/6/15, 01:53:23.298, 30331.25, 30331.50, 30330.50, 30331.50, 2, 2, 2, 0
2026/6/15, 01:53:24.351, 30330.00, 30330.25, 30329.25, 30329.25, 4, 4, 4, 0
2026/6/15, 01:53:25.897, 30330.50, 30330.50, 30329.50, 30330.50, 1, 1, 0, 1
2026/6/15, 01:53:25.899, 30329.00, 30329.00, 30328.00, 30328.00, 2, 2, 2, 0
2026/6/15, 01:53:27.971, 30327.00, 30327.00, 30326.00, 30326.00, 3, 3, 3, 0
2026/6/15, 01:53:28.565, 30325.25, 30326.25, 30325.25, 30326.25, 2, 2, 1, 1
2026/6/15, 01:53:30.804, 30327.00, 30327.00, 30326.00, 30326.00, 2, 2, 1, 1
2026/6/15, 01:53:36.983, 30325.00, 30325.50, 30324.50, 30324.50, 5, 5, 3, 2
2026/6/15, 01:53:43.560, 30322.00, 30323.00, 30322.00, 30322.00, 1, 1, 1, 0
2026/6/15, 01:53:53.235, 30326.25, 30326.25, 30325.25, 30326.25, 1, 1, 1, 0
2026/6/15, 01:53:59.485, 30325.00, 30325.50, 30324.50, 30325.50, 5, 5, 5, 0
2026/6/15, 01:54:03.229, 30328.50, 30329.50, 30328.50, 30329.50, 3, 3, 1, 2
2026/6/15, 01:54:10.044, 30329.75, 30330.75, 30329.75, 30329.75, 1, 1, 0, 1
2026/6/15, 01:54:16.949, 30333.00, 30333.50, 30332.50, 30332.50, 3, 2, 3, 0
2026/6/15, 01:54:20.959, 30334.00, 30335.00, 30334.00, 30335.00, 3, 2, 0, 3
2026/6/15, 01:54:25.780, 30337.00, 30338.00, 30337.00, 30338.00, 7, 7, 1, 6
2026/6/15, 01:54:25.827, 30339.00, 30339.00, 30338.00, 30339.00, 1, 1, 0, 1
2026/6/15, 01:54:26.102, 30337.50, 30337.50, 30336.50, 30337.50, 2, 2, 2, 0
2026/6/15, 01:54:32.913, 30336.00, 30336.00, 30335.00, 30336.00, 4, 4, 2, 2
2026/6/15, 01:54:41.716, 30339.00, 30340.00, 30339.00, 30339.00, 2, 2, 0, 2
2026/6/15, 01:54:41.724, 30340.25, 30340.25, 30339.25, 30340.25, 1, 1, 0, 1
2026/6/15, 01:54:42.162, 30338.25, 30339.00, 30338.00, 30339.00, 3, 3, 2, 1
2026/6/15, 01:54:45.211, 30340.50, 30340.50, 30339.50, 30340.50, 1, 1, 0, 1
2026/6/15, 01:54:46.423, 30337.50, 30337.50, 30336.50, 30337.50, 1, 1, 1, 0
2026/6/15, 01:54:59.960, 30334.50, 30335.50, 30334.50, 30334.50, 1, 1, 0, 1
2026/6/15, 01:54:59.962, 30335.75, 30335.75, 30334.75, 30335.75, 1, 1, 0, 1
2026/6/15, 01:55:01.827, 30333.00, 30334.00, 30333.00, 30333.00, 1, 1, 1, 0
2026/6/15, 01:55:04.326, 30336.75, 30337.50, 30336.50, 30336.50, 9, 9, 4, 5
2026/6/15, 01:55:06.226, 30337.75, 30337.75, 30336.75, 30337.75, 2, 2, 1, 1
2026/6/15, 01:55:19.367, 30335.50, 30336.50, 30335.50, 30335.50, 1, 1, 1, 0
2026/6/15, 01:55:19.682, 30339.00, 30340.00, 30339.00, 30340.00, 2, 2, 0, 2
2026/6/15, 01:55:20.751, 30340.50, 30341.50, 30340.50, 30341.50, 3, 2, 0, 3
2026/6/15, 01:55:26.002, 30343.00, 30344.00, 30343.00, 30343.00, 1, 1, 0, 1
2026/6/15, 01:55:26.783, 30344.25, 30345.00, 30344.00, 30344.00, 9, 9, 1, 8
2026/6/15, 01:55:28.056, 30342.25, 30342.25, 30341.25, 30341.25, 6, 6, 6, 0
2026/6/15, 01:55:28.056, 30341.00, 30341.75, 30340.75, 30340.75, 4, 4, 4, 0
2026/6/15, 01:55:36.387, 30342.50, 30343.50, 30342.50, 30342.50, 3, 3, 2, 1
2026/6/15, 01:55:39.315, 30347.00, 30348.00, 30347.00, 30348.00, 7, 7, 0, 7
2026/6/15, 01:55:39.315, 30348.25, 30348.75, 30347.75, 30348.75, 2, 2, 0, 2
2026/6/15, 01:55:39.320, 30346.75, 30346.75, 30345.75, 30345.75, 2, 2, 1, 1
2026/6/15, 01:55:47.244, 30343.50, 30344.25, 30343.25, 30343.25, 6, 6, 3, 3
2026/6/15, 01:56:01.101, 30342.50, 30342.50, 30341.50, 30342.50, 2, 2, 2, 0
2026/6/15, 01:56:02.033, 30341.25, 30342.25, 30341.25, 30341.25, 1, 1, 1, 0
2026/6/15, 01:56:02.753, 30342.75, 30343.75, 30342.75, 30343.75, 2, 2, 0, 2
2026/6/15, 01:56:02.852, 30345.75, 30346.00, 30345.00, 30346.00, 2, 2, 0, 2
2026/6/15, 01:56:03.008, 30343.75, 30344.25, 30343.25, 30344.25, 6, 5, 5, 1
2026/6/15, 01:56:06.014, 30346.00, 30346.25, 30345.25, 30345.25, 2, 2, 1, 1
2026/6/15, 01:56:11.311, 30348.00, 30348.00, 30347.00, 30347.00, 4, 4, 2, 2
2026/6/15, 01:56:12.525, 30346.75, 30347.75, 30346.75, 30347.75, 3, 3, 2, 1
2026/6/15, 01:56:12.889, 30348.00, 30349.00, 30348.00, 30349.00, 3, 3, 0, 3
2026/6/15, 01:56:16.020, 30347.75, 30347.75, 30346.75, 30347.75, 4, 4, 4, 0
2026/6/15, 01:56:21.119, 30348.00, 30348.00, 30347.00, 30348.00, 1, 1, 1, 0
2026/6/15, 01:56:24.596, 30343.50, 30343.50, 30342.50, 30343.50, 5, 5, 5, 0
2026/6/15, 01:56:27.193, 30341.25, 30341.25, 30340.25, 30340.25, 2, 2, 1, 1
2026/6/15, 01:56:39.526, 30340.00, 30340.00, 30339.00, 30340.00, 1, 1, 0, 1
2026/6/15, 01:56:39.526, 30338.00, 30339.00, 30338.00, 30338.00, 1, 1, 1, 0
2026/6/15, 01:56:42.099, 30340.50, 30341.50, 30340.50, 30341.50, 3, 3, 0, 3
2026/6/15, 01:56:42.099, 30341.75, 30342.25, 30341.25, 30341.25, 3, 3, 1, 2
2026/6/15, 01:56:46.690, 30343.00, 30344.00, 30343.00, 30343.00, 1, 1, 0, 1
2026/6/15, 01:56:50.592, 30346.75, 30347.75, 30346.75, 30347.75, 3, 3, 0, 3
2026/6/15, 01:56:50.959, 30348.00, 30348.00, 30347.00, 30347.00, 2, 2, 1, 1
2026/6/15, 01:56:56.481, 30348.50, 30348.50, 30347.50, 30347.50, 4, 4, 3, 1
2026/6/15, 01:57:02.052, 30347.25, 30348.25, 30347.25, 30347.25, 1, 1, 1, 0
2026/6/15, 01:57:02.957, 30349.25, 30350.25, 30349.25, 30350.25, 3, 3, 0, 3
2026/6/15, 01:57:03.331, 30350.75, 30351.00, 30350.00, 30351.00, 2, 2, 0, 2
2026/6/15, 01:57:03.575, 30349.50, 30350.50, 30349.50, 30349.50, 1, 1, 1, 0
2026/6/15, 01:57:04.527, 30351.00, 30351.75, 30350.75, 30351.75, 6, 6, 0, 6
2026/6/15, 01:57:05.223, 30352.00, 30353.00, 30352.00, 30352.00, 1, 1, 0, 1
2026/6/15, 01:57:05.943, 30353.25, 30353.25, 30352.25, 30352.25, 13, 10, 3, 10
2026/6/15, 01:57:07.369, 30351.00, 30352.00, 30351.00, 30351.00, 1, 1, 1, 0
2026/6/15, 01:57:07.433, 30352.25, 30353.25, 30352.25, 30353.25, 5, 5, 0, 5
2026/6/15, 01:57:10.766, 30353.50, 30354.00, 30353.00, 30353.00, 3, 3, 1, 2
2026/6/15, 01:57:11.443, 30354.50, 30354.75, 30353.75, 30354.75, 2, 2, 0, 2
2026/6/15, 01:57:11.460, 30352.75, 30353.25, 30352.25, 30352.25, 3, 3, 2, 1
2026/6/15, 01:57:14.326, 30354.75, 30355.75, 30354.75, 30355.75, 6, 6, 0, 6
2026/6/15, 01:57:15.364, 30356.75, 30357.50, 30356.50, 30357.50, 3, 3, 0, 3
2026/6/15, 01:57:15.628, 30354.50, 30355.25, 30354.25, 30354.25, 3, 3, 3, 0
2026/6/15, 01:57:16.321, 30355.75, 30355.75, 30354.75, 30355.75, 2, 2, 0, 2
2026/6/15, 01:57:16.388, 30353.75, 30353.75, 30352.75, 30352.75, 3, 3, 3, 0
2026/6/15, 01:57:17.090, 30352.50, 30352.50, 30351.50, 30352.50, 1, 1, 1, 0
2026/6/15, 01:57:17.534, 30351.25, 30351.25, 30350.25, 30351.25, 2, 2, 2, 0
2026/6/15, 01:57:18.952, 30350.00, 30350.00, 30349.00, 30349.00, 4, 4, 4, 0
2026/6/15, 01:57:19.475, 30350.25, 30350.25, 30349.25, 30350.25, 2, 2, 0, 2
2026/6/15, 01:57:24.692, 30348.75, 30349.75, 30348.75, 30348.75, 2, 2, 1, 1
2026/6/15, 01:57:27.070, 30350.25, 30350.25, 30349.25, 30350.25, 1, 1, 0, 1
2026/6/15, 01:57:27.601, 30348.25, 30348.25, 30347.25, 30347.25, 3, 3, 3, 0
2026/6/15, 01:57:31.413, 30346.00, 30347.00, 30346.00, 30347.00, 3, 3, 2, 1
2026/6/15, 01:57:33.902, 30348.00, 30348.75, 30347.75, 30347.75, 7, 7, 2, 5
2026/6/15, 01:57:34.291, 30347.50, 30348.50, 30347.50, 30348.50, 4, 4, 4, 0
2026/6/15, 01:57:46.945, 30346.00, 30347.00, 30346.00, 30347.00, 3, 3, 1, 2
2026/6/15, 01:58:07.058, 30349.00, 30349.00, 30348.00, 30348.00, 4, 4, 3, 1
2026/6/15, 01:58:08.295, 30347.75, 30347.75, 30346.75, 30346.75, 6, 6, 6, 0
2026/6/15, 01:58:08.295, 30346.50, 30347.00, 30346.00, 30347.00, 5, 5, 3, 2
2026/6/15, 01:58:08.295, 30345.75, 30346.75, 30345.75, 30345.75, 1, 1, 1, 0
2026/6/15, 01:58:08.296, 30347.00, 30347.00, 30346.00, 30347.00, 1, 1, 0, 1
2026/6/15, 01:58:08.300, 30345.00, 30345.00, 30344.00, 30345.00, 1, 1, 1, 0
2026/6/15, 01:58:08.304, 30343.50, 30344.25, 30343.25, 30344.25, 5, 5, 3, 2
2026/6/15, 01:58:08.313, 30344.50, 30345.25, 30344.25, 30345.25, 7, 7, 0, 7
2026/6/15, 01:58:13.753, 30342.25, 30342.25, 30341.25, 30341.25, 6, 6, 6, 0
2026/6/15, 01:58:13.754, 30341.00, 30341.00, 30340.00, 30340.00, 7, 7, 7, 0
2026/6/15, 01:58:13.754, 30339.75, 30340.00, 30339.00, 30339.00, 2, 2, 2, 0
2026/6/15, 01:58:14.952, 30341.75, 30341.75, 30340.75, 30341.75, 1, 1, 0, 1
2026/6/15, 01:58:15.536, 30338.00, 30338.00, 30337.00, 30337.00, 7, 7, 6, 1
2026/6/15, 01:58:16.449, 30335.00, 30335.75, 30334.75, 30334.75, 2, 2, 2, 0
2026/6/15, 01:58:16.449, 30337.00, 30337.00, 30336.00, 30337.00, 1, 1, 0, 1
2026/6/15, 01:58:16.702, 30335.25, 30335.25, 30334.25, 30335.25, 1, 1, 0, 1
2026/6/15, 01:58:17.554, 30332.50, 30333.25, 30332.25, 30332.25, 5, 5, 5, 0
2026/6/15, 01:58:17.597, 30333.75, 30334.00, 30333.00, 30334.00, 2, 2, 0, 2
2026/6/15, 01:58:17.626, 30332.25, 30333.25, 30332.25, 30332.25, 1, 1, 1, 0
2026/6/15, 01:58:19.122, 30337.00, 30337.00, 30336.00, 30336.00, 5, 5, 4, 1
2026/6/15, 01:58:19.971, 30335.50, 30335.75, 30334.75, 30335.75, 10, 10, 10, 0
2026/6/15, 01:58:21.480, 30336.50, 30337.50, 30336.50, 30336.50, 2, 2, 0, 2
2026/6/15, 01:58:24.070, 30338.00, 30339.00, 30338.00, 30338.00, 5, 5, 0, 5
2026/6/15, 01:58:24.774, 30335.75, 30336.75, 30335.75, 30335.75, 1, 1, 1, 0
2026/6/15, 01:58:24.902, 30337.25, 30337.25, 30336.25, 30337.25, 2, 2, 0, 2
2026/6/15, 01:58:25.017, 30335.75, 30335.75, 30334.75, 30335.75, 5, 5, 2, 3
2026/6/15, 01:58:29.159, 30334.50, 30335.00, 30334.00, 30334.00, 20, 4, 3, 17
2026/6/15, 01:58:29.163, 30336.25, 30337.25, 30336.25, 30337.25, 2, 2, 0, 2
2026/6/15, 01:58:29.166, 30337.50, 30338.50, 30337.50, 30337.50, 1, 1, 0, 1
2026/6/15, 01:58:31.001, 30339.25, 30339.25, 30338.25, 30339.25, 1, 1, 0, 1
2026/6/15, 01:58:31.005, 30337.50, 30337.75, 30336.75, 30337.75, 4, 3, 4, 0
2026/6/15, 01:58:39.732, 30336.50, 30337.50, 30336.50, 30336.50, 1, 1, 0, 1
2026/6/15, 01:58:45.949, 30341.00, 30342.00, 30341.00, 30341.00, 3, 3, 0, 3
2026/6/15, 01:58:47.225, 30344.25, 30345.25, 30344.25, 30344.25, 3, 3, 2, 1
2026/6/15, 01:58:54.009, 30346.75, 30347.75, 30346.75, 30346.75, 2, 2, 0, 2
2026/6/15, 01:58:57.832, 30348.00, 30348.00, 30347.00, 30347.00, 3, 3, 3, 0
2026/6/15, 01:59:08.356, 30345.50, 30346.25, 30345.25, 30346.25, 6, 6, 1, 5
2026/6/15, 01:59:19.611, 30344.00, 30344.50, 30343.50, 30344.50, 2, 2, 0, 2
2026/6/15, 01:59:21.982, 30343.25, 30344.00, 30343.00, 30343.00, 2, 2, 2, 0
2026/6/15, 01:59:22.461, 30345.00, 30345.00, 30344.00, 30345.00, 1, 1, 0, 1
2026/6/15, 01:59:30.888, 30339.25, 30339.25, 30338.25, 30338.25, 3, 3, 2, 1
2026/6/15, 01:59:32.564, 30334.50, 30334.50, 30333.50, 30334.50, 1, 1, 0, 1
2026/6/15, 01:59:32.564, 30332.75, 30333.50, 30332.50, 30333.50, 3, 3, 3, 0
2026/6/15, 01:59:34.209, 30336.00, 30337.00, 30336.00, 30336.00, 1, 1, 0, 1
2026/6/15, 01:59:34.320, 30339.00, 30340.00, 30339.00, 30340.00, 3, 3, 0, 3
2026/6/15, 01:59:42.924, 30341.00, 30342.00, 30341.00, 30342.00, 3, 3, 0, 3
2026/6/15, 01:59:43.104, 30343.75, 30344.75, 30343.75, 30343.75, 1, 1, 0, 1
2026/6/15, 01:59:45.339, 30345.50, 30346.25, 30345.25, 30345.25, 2, 2, 1, 1
2026/6/15, 01:59:51.869, 30346.75, 30347.75, 30346.75, 30346.75, 1, 1, 1, 0
2026/6/15, 01:59:52.334, 30349.00, 30350.00, 30349.00, 30350.00, 5, 5, 0, 5
2026/6/15, 01:59:56.235, 30350.25, 30350.50, 30349.50, 30349.50, 4, 4, 4, 0
2026/6/15, 01:59:58.121, 30351.50, 30351.75, 30350.75, 30350.75, 4, 4, 2, 2
2026/6/15, 01:59:58.326, 30350.50, 30350.50, 30349.50, 30349.50, 5, 5, 5, 0
2026/6/15, 01:59:59.703, 30349.25, 30349.50, 30348.50, 30348.50, 6, 6, 6, 0
2026/6/15, 02:00:00.166, 30346.50, 30346.50, 30345.50, 30345.50, 2, 2, 2, 0
2026/6/15, 02:00:00.196, 30345.00, 30346.00, 30345.00, 30345.00, 1, 1, 1, 0
2026/6/15, 02:00:00.542, 30349.00, 30349.00, 30348.00, 30349.00, 2, 2, 2, 0
2026/6/15, 02:00:00.962, 30347.25, 30347.25, 30346.25, 30347.25, 3, 3, 3, 0
2026/6/15, 02:00:01.307, 30345.75, 30346.25, 30345.25, 30345.25, 3, 3, 3, 0
2026/6/15, 02:00:01.448, 30346.50, 30346.50, 30345.50, 30346.50, 1, 1, 0, 1
2026/6/15, 02:00:01.610, 30345.25, 30345.25, 30344.25, 30345.25, 1, 1, 0, 1
2026/6/15, 02:00:01.678, 30342.75, 30343.00, 30342.00, 30342.00, 2, 2, 2, 0
2026/6/15, 02:00:01.758, 30344.00, 30345.00, 30344.00, 30345.00, 7, 7, 0, 7
2026/6/15, 02:00:01.759, 30346.25, 30346.75, 30345.75, 30345.75, 3, 3, 0, 3
2026/6/15, 02:00:01.845, 30347.25, 30347.25, 30346.25, 30347.25, 1, 1, 1, 0
2026/6/15, 02:00:02.223, 30342.75, 30343.25, 30342.25, 30342.25, 3, 3, 3, 0
2026/6/15, 02:00:03.053, 30345.50, 30345.50, 30344.50, 30345.50, 1, 1, 0, 1
2026/6/15, 02:00:04.262, 30343.25, 30343.25, 30342.25, 30342.25, 4, 4, 4, 0
2026/6/15, 02:00:05.173, 30340.75, 30341.75, 30340.75, 30340.75, 1, 1, 1, 0
2026/6/15, 02:00:05.738, 30345.00, 30346.00, 30345.00, 30345.00, 2, 2, 0, 2
2026/6/15, 02:00:06.780, 30346.50, 30347.50, 30346.50, 30347.50, 2, 2, 0, 2
2026/6/15, 02:00:08.846, 30345.25, 30345.25, 30344.25, 30345.25, 2, 2, 2, 0
2026/6/15, 02:00:09.162, 30340.25, 30340.50, 30339.50, 30339.50, 3, 3, 0, 3
2026/6/15, 02:00:09.579, 30340.75, 30341.75, 30340.75, 30340.75, 1, 1, 0, 1
2026/6/15, 02:00:10.306, 30342.50, 30342.75, 30341.75, 30341.75, 2, 2, 0, 2
2026/6/15, 02:00:15.451, 30343.25, 30344.00, 30343.00, 30344.00, 2, 2, 1, 1
2026/6/15, 02:00:15.649, 30342.75, 30343.75, 30342.75, 30342.75, 1, 1, 1, 0
2026/6/15, 02:00:17.650, 30349.00, 30350.00, 30349.00, 30350.00, 5, 5, 1, 4
2026/6/15, 02:00:19.622, 30351.00, 30351.00, 30350.00, 30351.00, 1, 1, 0, 1
2026/6/15, 02:00:26.491, 30348.00, 30349.00, 30348.00, 30349.00, 3, 3, 0, 3
2026/6/15, 02:00:28.088, 30349.25, 30350.25, 30349.25, 30350.25, 4, 4, 0, 4
2026/6/15, 02:00:28.088, 30350.50, 30350.50, 30349.50, 30349.50, 5, 5, 2, 3
2026/6/15, 02:00:29.413, 30349.25, 30350.25, 30349.25, 30349.25, 4, 4, 4, 0
2026/6/15, 02:00:33.229, 30353.00, 30354.00, 30353.00, 30353.00, 3, 3, 0, 3
2026/6/15, 02:00:34.104, 30355.50, 30356.00, 30355.00, 30356.00, 3, 3, 0, 3
2026/6/15, 02:00:36.375, 30354.25, 30354.25, 30353.25, 30354.25, 1, 1, 1, 0
2026/6/15, 02:00:37.114, 30352.75, 30353.75, 30352.75, 30352.75, 1, 1, 1, 0
2026/6/15, 02:00:37.624, 30354.75, 30354.75, 30353.75, 30354.75, 1, 1, 0, 1
2026/6/15, 02:00:37.908, 30351.50, 30351.50, 30350.50, 30351.50, 1, 1, 1, 0
2026/6/15, 02:00:38.906, 30349.25, 30350.25, 30349.25, 30350.25, 2, 2, 1, 1
2026/6/15, 02:00:40.742, 30352.75, 30352.75, 30351.75, 30351.75, 7, 7, 5, 2
2026/6/15, 02:00:44.481, 30355.00, 30356.00, 30355.00, 30356.00, 7, 6, 3, 4
2026/6/15, 02:00:45.593, 30357.50, 30358.00, 30357.00, 30357.00, 5, 5, 0, 5
2026/6/15, 02:00:46.744, 30356.00, 30357.00, 30356.00, 30356.00, 1, 1, 1, 0
2026/6/15, 02:00:47.150, 30357.75, 30358.75, 30357.75, 30357.75, 22, 13, 0, 22
2026/6/15, 02:00:47.558, 30359.00, 30360.00, 30359.00, 30360.00, 13, 10, 1, 12
2026/6/15, 02:00:48.012, 30361.00, 30361.00, 30360.00, 30361.00, 2, 2, 0, 2
2026/6/15, 02:00:48.012, 30359.50, 30360.50, 30359.50, 30359.50, 2, 2, 2, 0
2026/6/15, 02:00:48.022, 30361.00, 30361.75, 30360.75, 30360.75, 4, 4, 0, 4
2026/6/15, 02:00:49.497, 30362.50, 30363.50, 30362.50, 30363.50, 9, 9, 0, 9
2026/6/15, 02:00:51.033, 30364.00, 30365.00, 30364.00, 30365.00, 5, 5, 0, 5
2026/6/15, 02:00:52.390, 30363.25, 30363.25, 30362.25, 30362.25, 2, 2, 2, 0
2026/6/15, 02:00:52.805, 30361.50, 30361.75, 30360.75, 30360.75, 3, 3, 3, 0
2026/6/15, 02:00:55.385, 30363.00, 30364.00, 30363.00, 30363.00, 7, 7, 3, 4
2026/6/15, 02:00:57.013, 30364.75, 30365.75, 30364.75, 30364.75, 1, 1, 0, 1
2026/6/15, 02:00:57.530, 30366.25, 30366.25, 30365.25, 30366.25, 1, 1, 0, 1
2026/6/15, 02:00:58.199, 30363.00, 30364.00, 30363.00, 30364.00, 2, 2, 1, 1
2026/6/15, 02:01:00.187, 30364.50, 30365.50, 30364.50, 30364.50, 1, 1, 0, 1
2026/6/15, 02:01:01.701, 30366.00, 30367.00, 30366.00, 30367.00, 8, 8, 0, 8
2026/6/15, 02:01:01.711, 30367.25, 30368.00, 30367.00, 30368.00, 4, 4, 0, 4
2026/6/15, 02:01:02.055, 30366.25, 30366.50, 30365.50, 30365.50, 2, 2, 2, 0
2026/6/15, 02:01:03.465, 30367.75, 30367.75, 30366.75, 30367.75, 5, 5, 0, 5
2026/6/15, 02:01:04.311, 30366.25, 30367.25, 30366.25, 30367.25, 3, 3, 0, 3
2026/6/15, 02:01:07.005, 30364.00, 30365.00, 30364.00, 30365.00, 4, 4, 1, 3
2026/6/15, 02:01:07.420, 30365.75, 30365.75, 30364.75, 30365.75, 2, 2, 0, 2
2026/6/15, 02:01:08.469, 30363.75, 30364.25, 30363.25, 30364.25, 3, 3, 2, 1
2026/6/15, 02:01:09.281, 30363.00, 30364.00, 30363.00, 30363.00, 1, 1, 0, 1
2026/6/15, 02:01:09.420, 30364.25, 30364.25, 30363.25, 30364.25, 1, 1, 0, 1
2026/6/15, 02:01:09.610, 30362.25, 30362.25, 30361.25, 30361.25, 6, 6, 6, 0
2026/6/15, 02:01:10.222, 30363.00, 30363.00, 30362.00, 30363.00, 4, 4, 0, 4
2026/6/15, 02:01:11.788, 30361.25, 30361.75, 30360.75, 30360.75, 2, 2, 2, 0
2026/6/15, 02:01:12.110, 30362.75, 30362.75, 30361.75, 30362.75, 1, 1, 0, 1
2026/6/15, 02:01:12.232, 30361.25, 30362.25, 30361.25, 30361.25, 1, 1, 1, 0
2026/6/15, 02:01:12.388, 30363.00, 30363.00, 30362.00, 30363.00, 1, 1, 0, 1
2026/6/15, 02:01:12.576, 30361.25, 30362.25, 30361.25, 30361.25, 1, 1, 1, 0
2026/6/15, 02:01:12.955, 30363.00, 30364.00, 30363.00, 30364.00, 3, 3, 0, 3
2026/6/15, 02:01:13.157, 30364.25, 30365.25, 30364.25, 30365.25, 4, 3, 0, 4
2026/6/15, 02:01:15.171, 30365.75, 30366.25, 30365.25, 30366.25, 2, 2, 0, 2
2026/6/15, 02:01:16.259, 30364.75, 30364.75, 30363.75, 30363.75, 2, 2, 2, 0
2026/6/15, 02:01:16.773, 30363.50, 30364.50, 30363.50, 30363.50, 1, 1, 1, 0
2026/6/15, 02:01:17.024, 30365.25, 30366.25, 30365.25, 30366.25, 5, 5, 0, 5
2026/6/15, 02:01:18.618, 30366.75, 30366.75, 30365.75, 30366.75, 6, 6, 0, 6
2026/6/15, 02:01:20.896, 30368.00, 30368.75, 30367.75, 30368.75, 2, 2, 0, 2
2026/6/15, 02:01:21.642, 30365.50, 30366.00, 30365.00, 30365.00, 4, 4, 4, 0
2026/6/15, 02:01:22.055, 30367.00, 30367.00, 30366.00, 30367.00, 1, 1, 0, 1
2026/6/15, 02:01:22.425, 30365.25, 30366.25, 30365.25, 30365.25, 1, 1, 1, 0
2026/6/15, 02:01:26.436, 30367.50, 30368.25, 30367.25, 30368.25, 8, 8, 1, 7
2026/6/15, 02:01:28.013, 30365.75, 30365.75, 30364.75, 30365.75, 2, 2, 2, 0
2026/6/15, 02:01:29.181, 30363.25, 30364.25, 30363.25, 30364.25, 2, 2, 1, 1
2026/6/15, 02:01:30.675, 30365.00, 30365.25, 30364.25, 30364.25, 4, 3, 0, 4
2026/6/15, 02:01:34.474, 30368.50, 30368.50, 30367.50, 30368.50, 1, 1, 0, 1
2026/6/15, 02:01:34.813, 30366.25, 30366.25, 30365.25, 30365.25, 2, 2, 2, 0
2026/6/15, 02:01:34.940, 30365.00, 30366.00, 30365.00, 30365.00, 2, 2, 2, 0
2026/6/15, 02:01:35.445, 30367.00, 30368.00, 30367.00, 30367.00, 2, 2, 0, 2
2026/6/15, 02:01:36.279, 30369.25, 30370.25, 30369.25, 30370.25, 17, 17, 0, 17
2026/6/15, 02:01:36.500, 30374.75, 30374.75, 30373.75, 30374.75, 3, 3, 0, 3
2026/6/15, 02:01:36.618, 30370.75, 30371.75, 30370.75, 30370.75, 2, 2, 2, 0
2026/6/15, 02:01:37.070, 30374.75, 30374.75, 30373.75, 30374.75, 11, 5, 1, 10
2026/6/15, 02:01:37.073, 30373.50, 30374.50, 30373.50, 30373.50, 1, 1, 1, 0
2026/6/15, 02:01:37.114, 30374.75, 30375.75, 30374.75, 30374.75, 184, 21, 0, 184
2026/6/15, 02:01:37.143, 30376.00, 30376.25, 30375.25, 30375.25, 4, 4, 3, 1
2026/6/15, 02:01:37.145, 30376.75, 30377.75, 30376.75, 30377.75, 5, 5, 0, 5
2026/6/15, 02:01:37.146, 30376.25, 30377.00, 30376.00, 30377.00, 3, 3, 3, 0
2026/6/15, 02:01:37.159, 30378.00, 30379.00, 30378.00, 30379.00, 5, 4, 0, 5
2026/6/15, 02:01:37.214, 30377.00, 30377.75, 30376.75, 30376.75, 4, 4, 3, 1
2026/6/15, 02:01:37.680, 30376.50, 30377.50, 30376.50, 30377.50, 2, 2, 1, 1
2026/6/15, 02:01:37.771, 30377.75, 30378.75, 30377.75, 30377.75, 1, 1, 0, 1
2026/6/15, 02:01:37.892, 30379.25, 30379.75, 30378.75, 30379.75, 6, 6, 0, 6
2026/6/15, 02:01:37.949, 30377.50, 30377.50, 30376.50, 30376.50, 7, 7, 4, 3
2026/6/15, 02:01:38.164, 30376.25, 30377.00, 30376.00, 30377.00, 5, 5, 4, 1
2026/6/15, 02:01:38.467, 30377.25, 30378.25, 30377.25, 30378.25, 5, 5, 0, 5
2026/6/15, 02:01:38.666, 30378.50, 30378.50, 30377.50, 30378.50, 1, 1, 0, 1
2026/6/15, 02:01:39.193, 30376.75, 30377.75, 30376.75, 30376.75, 1, 1, 1, 0
2026/6/15, 02:01:39.257, 30378.75, 30379.75, 30378.75, 30379.75, 6, 6, 0, 6
2026/6/15, 02:01:39.847, 30380.00, 30381.00, 30380.00, 30381.00, 8, 8, 1, 7
2026/6/15, 02:01:40.648, 30381.25, 30381.25, 30380.25, 30380.25, 3, 3, 1, 2
2026/6/15, 02:01:40.970, 30380.00, 30380.75, 30379.75, 30380.75, 4, 4, 3, 1
2026/6/15, 02:01:41.449, 30381.00, 30381.00, 30380.00, 30381.00, 1, 1, 0, 1
2026/6/15, 02:01:41.595, 30378.00, 30378.75, 30377.75, 30377.75, 3, 3, 3, 0
2026/6/15, 02:01:41.651, 30380.25, 30380.25, 30379.25, 30380.25, 1, 1, 0, 1
2026/6/15, 02:01:41.756, 30378.00, 30379.00, 30378.00, 30378.00, 1, 1, 1, 0
2026/6/15, 02:01:41.854, 30379.75, 30380.50, 30379.50, 30379.50, 6, 6, 0, 6
2026/6/15, 02:01:42.586, 30378.25, 30379.25, 30378.25, 30378.25, 1, 1, 1, 0
2026/6/15, 02:01:42.662, 30379.75, 30380.00, 30379.00, 30380.00, 3, 3, 0, 3
2026/6/15, 02:01:43.349, 30377.50, 30378.50, 30377.50, 30377.50, 2, 2, 2, 0
2026/6/15, 02:01:43.459, 30379.00, 30380.00, 30379.00, 30380.00, 5, 5, 0, 5
2026/6/15, 02:01:44.450, 30380.25, 30380.50, 30379.50, 30380.50, 2, 2, 0, 2
2026/6/15, 02:01:44.752, 30379.25, 30380.25, 30379.25, 30379.25, 1, 1, 1, 0
2026/6/15, 02:01:44.843, 30380.50, 30381.50, 30380.50, 30380.50, 2, 2, 0, 2
2026/6/15, 02:01:45.630, 30382.25, 30382.50, 30381.50, 30382.50, 4, 4, 0, 4
2026/6/15, 02:01:45.780, 30380.75, 30381.00, 30380.00, 30380.00, 3, 3, 3, 0
2026/6/15, 02:01:46.116, 30381.75, 30382.50, 30381.50, 30382.50, 3, 3, 0, 3
2026/6/15, 02:01:46.529, 30380.50, 30381.50, 30380.50, 30380.50, 1, 1, 1, 0
2026/6/15, 02:01:46.541, 30383.00, 30383.25, 30382.25, 30383.25, 10, 9, 0, 10
2026/6/15, 02:01:47.642, 30383.50, 30384.50, 30383.50, 30384.50, 37, 11, 0, 37
2026/6/15, 02:01:48.047, 30384.75, 30385.75, 30384.75, 30384.75, 8, 8, 2, 6
2026/6/15, 02:01:48.129, 30386.50, 30386.50, 30385.50, 30386.50, 2, 2, 0, 2
2026/6/15, 02:01:48.198, 30384.25, 30384.75, 30383.75, 30383.75, 6, 6, 5, 1
2026/6/15, 02:01:48.516, 30385.50, 30386.50, 30385.50, 30386.50, 4, 4, 0, 4
2026/6/15, 02:01:48.521, 30387.00, 30388.00, 30387.00, 30388.00, 2, 2, 0, 2
2026/6/15, 02:01:48.521, 30389.00, 30390.00, 30389.00, 30389.00, 6, 6, 0, 6
2026/6/15, 02:01:48.633, 30388.75, 30389.25, 30388.25, 30388.25, 3, 3, 0, 3
2026/6/15, 02:01:49.841, 30390.00, 30391.00, 30390.00, 30390.00, 2, 2, 0, 2
2026/6/15, 02:01:50.106, 30391.75, 30392.00, 30391.00, 30392.00, 2, 2, 0, 2
2026/6/15, 02:01:50.201, 30389.50, 30389.50, 30388.50, 30389.50, 3, 3, 3, 0
2026/6/15, 02:01:50.233, 30388.00, 30389.00, 30388.00, 30389.00, 3, 3, 2, 1
2026/6/15, 02:01:50.460, 30387.00, 30388.00, 30387.00, 30387.00, 1, 1, 1, 0
2026/6/15, 02:01:50.633, 30388.75, 30389.75, 30388.75, 30388.75, 1, 1, 0, 1
2026/6/15, 02:01:51.242, 30390.25, 30391.25, 30390.25, 30391.25, 3, 3, 0, 3
2026/6/15, 02:01:51.791, 30388.75, 30389.75, 30388.75, 30388.75, 2, 2, 2, 0
2026/6/15, 02:01:51.799, 30390.50, 30391.00, 30390.00, 30391.00, 5, 5, 0, 5
2026/6/15, 02:01:51.828, 30389.00, 30389.00, 30388.00, 30388.00, 2, 2, 2, 0
2026/6/15, 02:01:52.301, 30386.25, 30386.25, 30385.25, 30386.25, 3, 3, 2, 1
2026/6/15, 02:01:52.550, 30383.75, 30384.25, 30383.25, 30383.25, 4, 4, 4, 0
2026/6/15, 02:01:53.443, 30385.50, 30385.75, 30384.75, 30385.75, 5, 4, 0, 5
2026/6/15, 02:01:54.742, 30384.50, 30384.75, 30383.75, 30384.75, 3, 3, 0, 3
2026/6/15, 02:01:55.405, 30383.25, 30383.25, 30382.25, 30382.25, 2, 2, 1, 1
2026/6/15, 02:01:56.183, 30381.00, 30381.00, 30380.00, 30380.00, 7, 7, 7, 0
2026/6/15, 02:01:56.183, 30379.75, 30380.50, 30379.50, 30379.50, 5, 5, 5, 0
2026/6/15, 02:01:56.185, 30381.75, 30382.75, 30381.75, 30381.75, 1, 1, 1, 0
2026/6/15, 02:01:57.628, 30384.25, 30384.25, 30383.25, 30384.25, 7, 6, 3, 4
2026/6/15, 02:01:59.319, 30385.50, 30385.50, 30384.50, 30384.50, 3, 3, 2, 1
2026/6/15, 02:02:00.635, 30384.25, 30385.00, 30384.00, 30384.00, 2, 2, 1, 1
2026/6/15, 02:02:00.636, 30387.00, 30387.75, 30386.75, 30387.75, 4, 4, 0, 4
2026/6/15, 02:02:00.991, 30388.00, 30388.75, 30387.75, 30387.75, 4, 4, 0, 4
2026/6/15, 02:02:00.997, 30389.00, 30389.25, 30388.25, 30389.25, 2, 2, 0, 2
2026/6/15, 02:02:01.263, 30387.75, 30387.75, 30386.75, 30386.75, 5, 5, 5, 0
2026/6/15, 02:02:01.279, 30386.00, 30387.00, 30386.00, 30387.00, 2, 2, 2, 0
2026/6/15, 02:02:02.079, 30385.50, 30385.75, 30384.75, 30384.75, 3, 3, 3, 0
2026/6/15, 02:02:02.663, 30386.50, 30387.50, 30386.50, 30386.50, 1, 1, 0, 1
2026/6/15, 02:02:03.128, 30389.25, 30389.25, 30388.25, 30389.25, 2, 2, 0, 2
2026/6/15, 02:02:03.136, 30387.75, 30388.75, 30387.75, 30387.75, 2, 2, 2, 0
2026/6/15, 02:02:03.886, 30389.25, 30390.25, 30389.25, 30390.25, 15, 9, 1, 14
2026/6/15, 02:02:04.257, 30390.75, 30390.75, 30389.75, 30390.75, 3, 2, 0, 3
2026/6/15, 02:02:04.437, 30389.50, 30390.50, 30389.50, 30389.50, 1, 1, 1, 0
2026/6/15, 02:02:04.684, 30392.00, 30392.00, 30391.00, 30392.00, 1, 1, 0, 1
2026/6/15, 02:02:05.179, 30390.00, 30390.00, 30389.00, 30389.00, 5, 5, 5, 0
2026/6/15, 02:02:05.898, 30388.00, 30388.00, 30387.00, 30388.00, 3, 3, 3, 0
2026/6/15, 02:02:06.261, 30386.50, 30386.50, 30385.50, 30385.50, 4, 4, 4, 0
2026/6/15, 02:02:06.464, 30385.00, 30385.00, 30384.00, 30385.00, 1, 1, 1, 0
2026/6/15, 02:02:06.568, 30383.75, 30384.75, 30383.75, 30383.75, 1, 1, 1, 0
2026/6/15, 02:02:07.089, 30385.75, 30385.75, 30384.75, 30384.75, 3, 3, 0, 3
2026/6/15, 02:02:07.911, 30384.00, 30385.00, 30384.00, 30384.00, 1, 1, 1, 0
2026/6/15, 02:02:08.505, 30385.25, 30386.25, 30385.25, 30386.25, 4, 3, 0, 4
2026/6/15, 02:02:10.470, 30390.00, 30391.00, 30390.00, 30390.00, 4, 4, 0, 4
2026/6/15, 02:02:11.749, 30391.50, 30391.75, 30390.75, 30390.75, 2, 2, 0, 2
2026/6/15, 02:02:11.789, 30392.50, 30392.75, 30391.75, 30392.75, 2, 2, 0, 2
2026/6/15, 02:02:12.763, 30390.75, 30391.75, 30390.75, 30390.75, 2, 2, 2, 0
2026/6/15, 02:02:14.102, 30392.75, 30392.75, 30391.75, 30392.75, 1, 1, 0, 1
2026/6/15, 02:02:14.317, 30391.50, 30391.50, 30390.50, 30391.50, 2, 2, 2, 0
2026/6/15, 02:02:14.415, 30390.25, 30391.25, 30390.25, 30390.25, 1, 1, 1, 0
2026/6/15, 02:02:14.832, 30392.00, 30392.25, 30391.25, 30392.25, 5, 5, 0, 5
2026/6/15, 02:02:16.762, 30390.00, 30390.00, 30389.00, 30389.00, 4, 4, 4, 0
2026/6/15, 02:02:16.981, 30390.50, 30391.50, 30390.50, 30391.50, 3, 3, 0, 3
2026/6/15, 02:02:18.829, 30393.00, 30393.00, 30392.00, 30393.00, 2, 2, 0, 2
2026/6/15, 02:02:19.332, 30391.75, 30391.75, 30390.75, 30390.75, 3, 3, 3, 0
2026/6/15, 02:02:22.787, 30389.25, 30389.50, 30388.50, 30388.50, 2, 2, 2, 0
2026/6/15, 02:02:23.370, 30392.25, 30392.25, 30391.25, 30391.25, 2, 2, 1, 1
2026/6/15, 02:02:23.911, 30391.00, 30391.00, 30390.00, 30391.00, 1, 1, 1, 0
2026/6/15, 02:02:23.929, 30389.75, 30389.75, 30388.75, 30389.75, 7, 7, 7, 0
2026/6/15, 02:02:24.432, 30387.50, 30388.50, 30387.50, 30387.50, 1, 1, 1, 0
2026/6/15, 02:02:25.271, 30389.50, 30390.50, 30389.50, 30389.50, 1, 1, 0, 1
2026/6/15, 02:02:26.723, 30391.50, 30391.50, 30390.50, 30391.50, 1, 1, 0, 1
2026/6/15, 02:02:26.818, 30389.50, 30390.00, 30389.00, 30390.00, 3, 3, 2, 1
2026/6/15, 02:02:27.713, 30388.00, 30389.00, 30388.00, 30389.00, 2, 2, 1, 1
2026/6/15, 02:02:28.286, 30389.25, 30390.25, 30389.25, 30390.25, 2, 2, 0, 2
2026/6/15, 02:02:29.310, 30388.25, 30388.25, 30387.25, 30387.25, 4, 4, 4, 0
2026/6/15, 02:02:29.310, 30387.00, 30387.00, 30386.00, 30387.00, 1, 1, 1, 0
2026/6/15, 02:02:29.319, 30385.25, 30386.00, 30385.00, 30385.00, 2, 2, 2, 0
2026/6/15, 02:02:30.824, 30388.00, 30389.00, 30388.00, 30389.00, 6, 6, 0, 6
2026/6/15, 02:02:31.549, 30389.50, 30389.75, 30388.75, 30388.75, 2, 2, 1, 1
2026/6/15, 02:02:32.858, 30390.75, 30390.75, 30389.75, 30390.75, 8, 6, 2, 6
2026/6/15, 02:02:34.005, 30391.00, 30391.25, 30390.25, 30390.25, 5, 5, 0, 5
2026/6/15, 02:02:35.573, 30390.00, 30390.00, 30389.00, 30389.00, 7, 7, 6, 1
2026/6/15, 02:02:36.319, 30388.25, 30389.25, 30388.25, 30388.25, 1, 1, 1, 0
2026/6/15, 02:02:36.339, 30389.50, 30389.50, 30388.50, 30389.50, 1, 1, 0, 1
2026/6/15, 02:02:37.608, 30388.25, 30389.25, 30388.25, 30389.25, 2, 2, 1, 1
2026/6/15, 02:02:38.296, 30390.75, 30390.75, 30389.75, 30390.75, 1, 1, 0, 1
2026/6/15, 02:02:38.443, 30388.50, 30388.50, 30387.50, 30387.50, 5, 5, 5, 0
2026/6/15, 02:02:38.577, 30387.25, 30388.25, 30387.25, 30387.25, 1, 1, 1, 0
2026/6/15, 02:02:39.726, 30390.00, 30391.00, 30390.00, 30390.00, 3, 3, 0, 3
2026/6/15, 02:02:42.386, 30391.50, 30391.50, 30390.50, 30390.50, 6, 6, 4, 2
2026/6/15, 02:02:42.997, 30392.25, 30392.25, 30391.25, 30392.25, 2, 2, 0, 2
2026/6/15, 02:02:43.018, 30391.00, 30392.00, 30391.00, 30391.00, 7, 7, 2, 5
2026/6/15, 02:02:47.010, 30392.50, 30392.50, 30391.50, 30392.50, 1, 1, 0, 1
2026/6/15, 02:02:47.053, 30390.75, 30391.25, 30390.25, 30390.25, 5, 5, 2, 3
2026/6/15, 02:02:48.805, 30390.00, 30390.00, 30389.00, 30390.00, 12, 10, 6, 6
2026/6/15, 02:02:49.781, 30388.25, 30389.25, 30388.25, 30388.25, 1, 1, 1, 0
2026/6/15, 02:02:49.782, 30389.75, 30390.00, 30389.00, 30390.00, 3, 3, 0, 3
2026/6/15, 02:02:50.087, 30388.25, 30389.25, 30388.25, 30389.25, 7, 7, 2, 5
2026/6/15, 02:02:52.062, 30388.00, 30388.00, 30387.00, 30387.00, 3, 3, 3, 0
2026/6/15, 02:02:54.516, 30385.50, 30385.50, 30384.50, 30384.50, 3, 3, 3, 0
2026/6/15, 02:02:54.825, 30384.00, 30384.50, 30383.50, 30383.50, 16, 16, 12, 4
2026/6/15, 02:02:55.848, 30384.75, 30385.50, 30384.50, 30384.50, 10, 10, 4, 6
2026/6/15, 02:02:56.640, 30384.00, 30384.00, 30383.00, 30383.00, 12, 12, 12, 0
2026/6/15, 02:02:56.641, 30382.50, 30382.50, 30381.50, 30381.50, 6, 6, 6, 0
2026/6/15, 02:02:56.641, 30381.25, 30381.75, 30380.75, 30380.75, 2, 2, 2, 0
2026/6/15, 02:02:56.873, 30382.00, 30382.50, 30381.50, 30381.50, 4, 4, 2, 2
2026/6/15, 02:02:57.579, 30380.75, 30380.75, 30379.75, 30379.75, 8, 8, 7, 1
2026/6/15, 02:02:57.707, 30379.25, 30379.25, 30378.25, 30379.25, 3, 3, 3, 0
2026/6/15, 02:02:57.952, 30377.75, 30377.75, 30376.75, 30376.75, 3, 2, 3, 0
2026/6/15, 02:02:59.042, 30375.75, 30376.25, 30375.25, 30376.25, 3, 3, 3, 0
2026/6/15, 02:03:00.185, 30375.00, 30375.75, 30374.75, 30374.75, 2, 2, 2, 0
2026/6/15, 02:03:00.908, 30378.00, 30379.00, 30378.00, 30378.00, 1, 1, 0, 1
2026/6/15, 02:03:01.197, 30379.75, 30380.25, 30379.25, 30379.25, 2, 2, 1, 1
2026/6/15, 02:03:02.204, 30381.25, 30381.25, 30380.25, 30380.25, 3, 3, 0, 3
2026/6/15, 02:03:03.058, 30378.50, 30378.50, 30377.50, 30378.50, 1, 1, 1, 0
2026/6/15, 02:03:04.092, 30376.75, 30377.75, 30376.75, 30376.75, 1, 1, 1, 0
2026/6/15, 02:03:04.249, 30379.50, 30379.75, 30378.75, 30379.75, 3, 3, 0, 3
2026/6/15, 02:03:04.262, 30377.25, 30378.25, 30377.25, 30377.25, 2, 2, 2, 0
2026/6/15, 02:03:05.092, 30380.25, 30381.25, 30380.25, 30380.25, 1, 1, 1, 0
2026/6/15, 02:03:05.922, 30382.25, 30383.25, 30382.25, 30382.25, 2, 2, 0, 2
2026/6/15, 02:03:06.928, 30383.50, 30383.50, 30382.50, 30383.50, 2, 2, 0, 2
2026/6/15, 02:03:07.212, 30381.50, 30381.50, 30380.50, 30380.50, 2, 2, 2, 0
2026/6/15, 02:03:08.237, 30381.75, 30381.75, 30380.75, 30381.75, 1, 1, 0, 1
2026/6/15, 02:03:08.517, 30380.00, 30381.00, 30380.00, 30381.00, 4, 4, 2, 2
2026/6/15, 02:03:14.042, 30381.25, 30382.25, 30381.25, 30381.25, 1, 1, 0, 1
2026/6/15, 02:03:15.411, 30383.75, 30384.75, 30383.75, 30383.75, 2, 1, 0, 2
2026/6/15, 02:03:16.445, 30385.25, 30386.00, 30385.00, 30385.00, 3, 3, 1, 2
2026/6/15, 02:03:17.214, 30384.75, 30384.75, 30383.75, 30383.75, 7, 7, 7, 0
2026/6/15, 02:03:17.226, 30382.00, 30382.25, 30381.25, 30382.25, 3, 3, 1, 2
2026/6/15, 02:03:19.129, 30378.00, 30378.00, 30377.00, 30377.00, 17, 3, 17, 0
2026/6/15, 02:03:19.498, 30376.00, 30377.00, 30376.00, 30376.00, 1, 1, 1, 0
2026/6/15, 02:03:21.701, 30378.75, 30379.75, 30378.75, 30379.75, 10, 10, 0, 10
2026/6/15, 02:03:22.386, 30378.00, 30378.00, 30377.00, 30378.00, 1, 1, 1, 0
2026/6/15, 02:03:22.717, 30376.50, 30376.50, 30375.50, 30376.50, 1, 1, 1, 0
2026/6/15, 02:03:22.826, 30375.00, 30376.00, 30375.00, 30375.00, 1, 1, 1, 0
2026/6/15, 02:03:24.002, 30379.00, 30379.50, 30378.50, 30378.50, 2, 2, 0, 2
2026/6/15, 02:03:26.522, 30379.75, 30379.75, 30378.75, 30379.75, 4, 2, 0, 4
2026/6/15, 02:03:26.523, 30378.50, 30379.50, 30378.50, 30378.50, 1, 1, 1, 0
2026/6/15, 02:03:26.523, 30379.75, 30380.00, 30379.00, 30380.00, 12, 7, 1, 11
2026/6/15, 02:03:28.853, 30378.75, 30378.75, 30377.75, 30378.75, 3, 3, 2, 1
2026/6/15, 02:03:31.590, 30375.00, 30376.00, 30375.00, 30376.00, 4, 4, 2, 2
2026/6/15, 02:03:33.994, 30377.25, 30378.25, 30377.25, 30377.25, 1, 1, 1, 0
2026/6/15, 02:03:41.538, 30380.50, 30380.50, 30379.50, 30379.50, 3, 3, 2, 1
2026/6/15, 02:03:41.897, 30379.00, 30379.00, 30378.00, 30378.00, 9, 9, 9, 0
2026/6/15, 02:03:41.897, 30377.50, 30377.50, 30376.50, 30376.50, 9, 9, 9, 0
2026/6/15, 02:03:41.897, 30376.00, 30376.25, 30375.25, 30375.25, 8, 7, 5, 3
2026/6/15, 02:03:41.898, 30377.00, 30377.00, 30376.00, 30376.00, 2, 2, 1, 1
2026/6/15, 02:03:41.898, 30375.75, 30376.50, 30375.50, 30375.50, 6, 6, 2, 4
2026/6/15, 02:03:41.905, 30377.50, 30377.50, 30376.50, 30377.50, 1, 1, 0, 1
2026/6/15, 02:03:41.906, 30376.00, 30376.00, 30375.00, 30375.00, 2, 2, 1, 1
2026/6/15, 02:03:41.906, 30374.75, 30374.75, 30373.75, 30373.75, 9, 5, 9, 0
2026/6/15, 02:03:41.953, 30373.00, 30374.00, 30373.00, 30374.00, 13, 7, 11, 2
2026/6/15, 02:03:42.046, 30376.00, 30377.00, 30376.00, 30376.00, 2, 2, 1, 1
2026/6/15, 02:03:43.289, 30378.75, 30379.75, 30378.75, 30378.75, 2, 2, 2, 0
2026/6/15, 02:03:45.542, 30380.25, 30380.25, 30379.25, 30380.25, 1, 1, 0, 1
2026/6/15, 02:03:45.944, 30378.00, 30378.25, 30377.25, 30377.25, 3, 3, 3, 0
2026/6/15, 02:03:48.126, 30381.25, 30382.25, 30381.25, 30382.25, 5, 5, 0, 5
2026/6/15, 02:03:49.726, 30382.75, 30383.75, 30382.75, 30383.75, 3, 3, 1, 2
2026/6/15, 02:03:50.238, 30384.75, 30385.75, 30384.75, 30384.75, 4, 2, 0, 4
2026/6/15, 02:03:52.470, 30386.00, 30387.00, 30386.00, 30386.00, 1, 1, 1, 0
2026/6/15, 02:03:52.470, 30387.25, 30388.25, 30387.25, 30388.25, 77, 17, 0, 77
2026/6/15, 02:03:52.475, 30388.75, 30389.75, 30388.75, 30389.75, 2, 2, 0, 2
2026/6/15, 02:03:52.481, 30390.00, 30390.75, 30389.75, 30390.75, 7, 6, 4, 3
2026/6/15, 02:03:52.567, 30389.00, 30389.00, 30388.00, 30389.00, 2, 2, 1, 1
2026/6/15, 02:03:52.573, 30386.75, 30386.75, 30385.75, 30386.75, 1, 1, 1, 0
2026/6/15, 02:03:53.608, 30382.75, 30383.25, 30382.25, 30382.25, 3, 2, 3, 0
2026/6/15, 02:03:57.031, 30383.75, 30384.50, 30383.50, 30383.50, 2, 2, 2, 0
2026/6/15, 02:03:59.132, 30386.25, 30387.25, 30386.25, 30386.25, 1, 1, 0, 1
2026/6/15, 02:04:00.418, 30387.50, 30387.50, 30386.50, 30387.50, 1, 1, 0, 1
2026/6/15, 02:04:00.751, 30384.50, 30384.50, 30383.50, 30384.50, 2, 2, 2, 0
2026/6/15, 02:04:00.898, 30383.25, 30383.25, 30382.25, 30382.25, 2, 2, 2, 0
2026/6/15, 02:04:00.898, 30382.00, 30383.00, 30382.00, 30382.00, 1, 1, 1, 0
2026/6/15, 02:04:01.002, 30385.50, 30385.50, 30384.50, 30385.50, 1, 1, 0, 1
2026/6/15, 02:04:02.043, 30382.25, 30383.00, 30382.00, 30382.00, 5, 5, 1, 4
2026/6/15, 02:04:03.061, 30381.00, 30382.00, 30381.00, 30381.00, 1, 1, 1, 0
2026/6/15, 02:04:04.244, 30382.50, 30382.50, 30381.50, 30381.50, 3, 3, 1, 2
2026/6/15, 02:04:05.341, 30380.50, 30381.50, 30380.50, 30380.50, 1, 1, 1, 0
2026/6/15, 02:04:05.642, 30383.25, 30383.25, 30382.25, 30383.25, 1, 1, 0, 1
2026/6/15, 02:04:07.625, 30381.25, 30381.50, 30380.50, 30380.50, 4, 4, 4, 0
2026/6/15, 02:04:08.934, 30382.75, 30383.75, 30382.75, 30382.75, 2, 2, 0, 2
2026/6/15, 02:04:09.111, 30384.50, 30384.50, 30383.50, 30384.50, 1, 1, 0, 1
2026/6/15, 02:04:09.263, 30382.50, 30382.50, 30381.50, 30382.50, 1, 1, 0, 1
2026/6/15, 02:04:09.573, 30381.00, 30381.00, 30380.00, 30380.00, 2, 2, 2, 0
2026/6/15, 02:04:10.474, 30379.75, 30380.75, 30379.75, 30379.75, 2, 2, 2, 0
2026/6/15, 02:04:10.485, 30381.50, 30381.50, 30380.50, 30380.50, 4, 4, 3, 1
2026/6/15, 02:04:12.972, 30382.75, 30382.75, 30381.75, 30382.75, 1, 1, 0, 1
2026/6/15, 02:04:13.395, 30380.50, 30380.50, 30379.50, 30379.50, 5, 5, 5, 0
2026/6/15, 02:04:15.893, 30381.25, 30381.50, 30380.50, 30381.50, 2, 2, 0, 2
2026/6/15, 02:04:17.031, 30380.00, 30381.00, 30380.00, 30380.00, 1, 1, 1, 0
2026/6/15, 02:04:17.844, 30381.25, 30382.25, 30381.25, 30382.25, 7, 7, 0, 7
2026/6/15, 02:04:18.173, 30383.00, 30384.00, 30383.00, 30384.00, 12, 8, 0, 12
2026/6/15, 02:04:18.173, 30384.25, 30384.50, 30383.50, 30384.50, 2, 2, 0, 2
2026/6/15, 02:04:18.173, 30383.00, 30384.00, 30383.00, 30383.00, 1, 1, 1, 0
2026/6/15, 02:04:18.176, 30384.25, 30385.00, 30384.00, 30385.00, 13, 10, 0, 13
2026/6/15, 02:04:18.185, 30383.75, 30384.75, 30383.75, 30383.75, 2, 2, 2, 0
2026/6/15, 02:04:18.667, 30386.00, 30387.00, 30386.00, 30387.00, 4, 3, 4, 0
2026/6/15, 02:04:19.485, 30388.25, 30388.25, 30387.25, 30388.25, 1, 1, 0, 1
2026/6/15, 02:04:19.939, 30385.75, 30386.50, 30385.50, 30386.50, 4, 4, 3, 1
2026/6/15, 02:04:23.479, 30383.50, 30384.50, 30383.50, 30383.50, 3, 3, 3, 0
2026/6/15, 02:04:24.659, 30387.25, 30388.00, 30387.00, 30388.00, 6, 6, 0, 6
2026/6/15, 02:04:25.124, 30386.00, 30386.50, 30385.50, 30386.50, 9, 6, 7, 2
2026/6/15, 02:04:26.080, 30388.25, 30388.25, 30387.25, 30388.25, 1, 1, 0, 1
2026/6/15, 02:04:26.180, 30386.50, 30386.50, 30385.50, 30385.50, 4, 4, 4, 0
2026/6/15, 02:04:28.488, 30384.25, 30384.25, 30383.25, 30383.25, 7, 6, 7, 0
2026/6/15, 02:04:29.441, 30381.75, 30382.50, 30381.50, 30381.50, 3, 3, 3, 0
2026/6/15, 02:04:29.447, 30383.25, 30384.25, 30383.25, 30383.25, 6, 6, 3, 3
2026/6/15, 02:04:31.738, 30387.75, 30387.75, 30386.75, 30387.75, 3, 1, 0, 3
2026/6/15, 02:04:32.739, 30386.50, 30386.50, 30385.50, 30386.50, 6, 6, 4, 2
2026/6/15, 02:04:35.919, 30387.00, 30387.00, 30386.00, 30387.00, 1, 1, 0, 1
2026/6/15, 02:04:37.122, 30384.75, 30384.75, 30383.75, 30384.75, 1, 1, 1, 0
2026/6/15, 02:04:38.474, 30383.50, 30384.25, 30383.25, 30383.25, 2, 2, 2, 0
2026/6/15, 02:04:39.323, 30385.25, 30385.25, 30384.25, 30385.25, 1, 1, 0, 1
2026/6/15, 02:04:39.373, 30384.00, 30384.50, 30383.50, 30383.50, 3, 3, 3, 0
2026/6/15, 02:04:43.861, 30388.25, 30389.00, 30388.00, 30389.00, 2, 2, 0, 2
2026/6/15, 02:04:44.403, 30387.00, 30388.00, 30387.00, 30387.00, 1, 1, 1, 0
2026/6/15, 02:04:46.133, 30388.25, 30389.25, 30388.25, 30388.25, 1, 1, 1, 0
2026/6/15, 02:04:46.582, 30389.50, 30389.50, 30388.50, 30389.50, 1, 1, 0, 1
2026/6/15, 02:04:47.481, 30388.00, 30388.00, 30387.00, 30388.00, 1, 1, 1, 0
2026/6/15, 02:04:48.967, 30386.25, 30386.25, 30385.25, 30386.25, 1, 1, 1, 0
2026/6/15, 02:04:48.980, 30383.25, 30383.50, 30382.50, 30382.50, 8, 4, 8, 0
2026/6/15, 02:04:50.205, 30384.00, 30384.25, 30383.25, 30383.25, 4, 4, 4, 0
2026/6/15, 02:04:55.713, 30385.00, 30385.00, 30384.00, 30385.00, 1, 1, 0, 1
2026/6/15, 02:04:55.893, 30383.75, 30384.50, 30383.50, 30383.50, 10, 10, 8, 2
2026/6/15, 02:05:01.203, 30385.50, 30385.50, 30384.50, 30385.50, 1, 1, 0, 1
2026/6/15, 02:05:02.046, 30383.50, 30383.50, 30382.50, 30382.50, 8, 3, 8, 0
2026/6/15, 02:05:02.655, 30382.00, 30382.25, 30381.25, 30381.25, 2, 2, 2, 0
2026/6/15, 02:05:02.669, 30383.00, 30383.75, 30382.75, 30383.75, 4, 4, 2, 2
2026/6/15, 02:05:03.654, 30384.75, 30385.75, 30384.75, 30385.75, 4, 4, 0, 4
2026/6/15, 02:05:03.686, 30387.00, 30388.00, 30387.00, 30388.00, 2, 2, 1, 1
2026/6/15, 02:05:05.543, 30388.25, 30389.25, 30388.25, 30389.25, 2, 2, 0, 2
2026/6/15, 02:05:07.277, 30389.50, 30390.50, 30389.50, 30390.50, 6, 6, 0, 6
2026/6/15, 02:05:07.277, 30391.00, 30391.75, 30390.75, 30391.75, 3, 3, 0, 3
2026/6/15, 02:05:07.526, 30389.25, 30390.25, 30389.25, 30389.25, 1, 1, 1, 0
2026/6/15, 02:05:09.063, 30390.75, 30390.75, 30389.75, 30390.75, 1, 1, 0, 1
2026/6/15, 02:05:09.351, 30388.75, 30388.75, 30387.75, 30388.75, 1, 1, 1, 0
2026/6/15, 02:05:10.464, 30387.25, 30387.25, 30386.25, 30387.25, 2, 2, 2, 0
2026/6/15, 02:05:11.556, 30383.50, 30383.50, 30382.50, 30382.50, 6, 2, 6, 0
2026/6/15, 02:05:12.860, 30383.75, 30384.50, 30383.50, 30383.50, 2, 2, 2, 0
2026/6/15, 02:05:21.359, 30387.25, 30388.25, 30387.25, 30387.25, 5, 5, 2, 3
2026/6/15, 02:05:28.679, 30389.50, 30390.00, 30389.00, 30390.00, 2, 2, 0, 2
2026/6/15, 02:05:31.028, 30388.50, 30389.50, 30388.50, 30389.50, 4, 4, 3, 1
2026/6/15, 02:05:32.084, 30389.75, 30390.25, 30389.25, 30390.25, 14, 12, 1, 13
2026/6/15, 02:05:42.991, 30391.00, 30392.00, 30391.00, 30392.00, 4, 4, 0, 4
2026/6/15, 02:05:43.177, 30392.25, 30393.25, 30392.25, 30393.25, 10, 9, 0, 10
2026/6/15, 02:05:43.186, 30393.50, 30393.50, 30392.50, 30393.50, 1, 1, 0, 1
2026/6/15, 02:05:43.216, 30392.25, 30392.25, 30391.25, 30392.25, 2, 2, 2, 0
2026/6/15, 02:05:43.655, 30388.25, 30389.25, 30388.25, 30388.25, 1, 1, 1, 0
2026/6/15, 02:05:43.661, 30390.50, 30390.50, 30389.50, 30390.50, 1, 1, 0, 1
2026/6/15, 02:05:45.244, 30387.50, 30388.50, 30387.50, 30387.50, 1, 1, 1, 0
2026/6/15, 02:05:46.590, 30388.75, 30388.75, 30387.75, 30388.75, 1, 1, 1, 0
2026/6/15, 02:05:48.269, 30387.00, 30387.50, 30386.50, 30386.50, 3, 3, 1, 2
2026/6/15, 02:05:50.695, 30385.25, 30386.00, 30385.00, 30385.00, 2, 2, 2, 0
2026/6/15, 02:05:54.376, 30386.75, 30387.75, 30386.75, 30386.75, 4, 4, 3, 1
2026/6/15, 02:06:00.657, 30385.75, 30385.75, 30384.75, 30385.75, 2, 2, 2, 0
2026/6/15, 02:06:01.396, 30384.25, 30385.00, 30384.00, 30384.00, 9, 7, 9, 0
2026/6/15, 02:06:02.480, 30382.75, 30382.75, 30381.75, 30381.75, 2, 2, 2, 0
2026/6/15, 02:06:02.490, 30381.00, 30381.00, 30380.00, 30381.00, 1, 1, 1, 0
2026/6/15, 02:06:02.720, 30379.50, 30379.50, 30378.50, 30379.50, 6, 6, 4, 2
2026/6/15, 02:06:04.143, 30377.75, 30378.50, 30377.50, 30377.50, 3, 3, 3, 0
2026/6/15, 02:06:04.655, 30379.25, 30379.25, 30378.25, 30379.25, 1, 1, 0, 1
2026/6/15, 02:06:05.377, 30377.00, 30377.00, 30376.00, 30377.00, 1, 1, 1, 0
2026/6/15, 02:06:06.394, 30375.50, 30375.50, 30374.50, 30375.50, 5, 4, 2, 3
2026/6/15, 02:06:07.172, 30374.25, 30374.25, 30373.25, 30373.25, 5, 5, 5, 0
2026/6/15, 02:06:08.526, 30376.00, 30376.00, 30375.00, 30376.00, 1, 1, 0, 1
2026/6/15, 02:06:08.737, 30374.75, 30374.75, 30373.75, 30373.75, 4, 4, 3, 1
2026/6/15, 02:06:09.688, 30372.00, 30372.00, 30371.00, 30371.00, 5, 4, 5, 0
2026/6/15, 02:06:09.688, 30370.00, 30370.00, 30369.00, 30369.00, 7, 7, 7, 0
2026/6/15, 02:06:09.884, 30370.25, 30370.50, 30369.50, 30369.50, 2, 2, 1, 1
2026/6/15, 02:06:10.369, 30372.00, 30373.00, 30372.00, 30372.00, 1, 1, 0, 1
2026/6/15, 02:06:11.521, 30377.00, 30377.00, 30376.00, 30377.00, 5, 5, 5, 0
2026/6/15, 02:06:12.348, 30375.50, 30376.00, 30375.00, 30375.00, 4, 4, 4, 0
2026/6/15, 02:06:12.910, 30376.50, 30376.50, 30375.50, 30376.50, 1, 1, 0, 1
2026/6/15, 02:06:13.098, 30374.75, 30375.75, 30374.75, 30374.75, 1, 1, 1, 0
2026/6/15, 02:06:13.214, 30376.75, 30377.50, 30376.50, 30376.50, 4, 4, 0, 4
2026/6/15, 02:06:16.146, 30378.50, 30378.50, 30377.50, 30378.50, 1, 1, 1, 0
2026/6/15, 02:06:16.399, 30377.25, 30378.00, 30377.00, 30378.00, 13, 13, 1, 12
2026/6/15, 02:06:16.662, 30379.50, 30379.50, 30378.50, 30379.50, 1, 1, 1, 0
2026/6/15, 02:06:16.807, 30377.75, 30378.75, 30377.75, 30377.75, 3, 3, 0, 3
2026/6/15, 02:06:16.810, 30379.00, 30379.50, 30378.50, 30378.50, 4, 4, 0, 4
2026/6/15, 02:06:16.851, 30379.75, 30379.75, 30378.75, 30379.75, 1, 1, 1, 0
2026/6/15, 02:06:17.467, 30378.50, 30379.50, 30378.50, 30378.50, 1, 1, 1, 0
2026/6/15, 02:06:17.665, 30379.75, 30380.50, 30379.50, 30379.50, 3, 3, 1, 2
2026/6/15, 02:06:19.352, 30382.25, 30382.25, 30381.25, 30381.25, 4, 4, 4, 0
2026/6/15, 02:06:19.976, 30380.00, 30380.00, 30379.00, 30379.00, 3, 3, 3, 0
2026/6/15, 02:06:20.473, 30377.75, 30377.75, 30376.75, 30376.75, 4, 4, 4, 0
2026/6/15, 02:06:21.537, 30375.75, 30375.75, 30374.75, 30375.75, 2, 2, 2, 0
2026/6/15, 02:06:21.781, 30374.50, 30375.50, 30374.50, 30374.50, 2, 2, 2, 0
2026/6/15, 02:06:21.843, 30376.25, 30376.25, 30375.25, 30376.25, 1, 1, 0, 1
2026/6/15, 02:06:22.633, 30374.25, 30374.25, 30373.25, 30374.25, 1, 1, 1, 0
2026/6/15, 02:06:22.633, 30372.50, 30373.00, 30372.00, 30373.00, 5, 5, 5, 0
2026/6/15, 02:06:23.205, 30375.25, 30375.25, 30374.25, 30374.25, 3, 3, 2, 1
2026/6/15, 02:06:24.482, 30372.75, 30372.75, 30371.75, 30372.75, 2, 2, 2, 0
2026/6/15, 02:06:24.482, 30371.25, 30371.25, 30370.25, 30371.25, 2, 1, 2, 0
2026/6/15, 02:06:24.482, 30370.00, 30370.00, 30369.00, 30370.00, 4, 4, 4, 0
2026/6/15, 02:06:24.482, 30368.75, 30369.25, 30368.25, 30368.25, 2, 2, 2, 0
2026/6/15, 02:06:24.820, 30369.50, 30369.50, 30368.50, 30368.50, 5, 5, 5, 0
2026/6/15, 02:06:25.351, 30369.75, 30369.75, 30368.75, 30369.75, 2, 2, 0, 2
2026/6/15, 02:06:25.971, 30368.50, 30368.50, 30367.50, 30367.50, 2, 2, 2, 0
2026/6/15, 02:06:26.154, 30367.25, 30368.25, 30367.25, 30367.25, 2, 2, 2, 0
2026/6/15, 02:06:26.776, 30369.25, 30369.25, 30368.25, 30369.25, 1, 1, 0, 1
2026/6/15, 02:06:26.777, 30367.25, 30367.75, 30366.75, 30366.75, 3, 3, 3, 0
2026/6/15, 02:06:28.737, 30368.50, 30368.50, 30367.50, 30367.50, 2, 2, 2, 0
2026/6/15, 02:06:30.313, 30366.75, 30367.50, 30366.50, 30367.50, 7, 7, 5, 2
2026/6/15, 02:06:30.414, 30365.50, 30365.75, 30364.75, 30365.75, 3, 3, 2, 1
2026/6/15, 02:06:30.493, 30364.25, 30364.25, 30363.25, 30363.25, 2, 2, 2, 0
2026/6/15, 02:06:31.349, 30363.00, 30363.75, 30362.75, 30362.75, 2, 2, 2, 0
2026/6/15, 02:06:31.643, 30364.25, 30365.25, 30364.25, 30365.25, 9, 9, 0, 9
2026/6/15, 02:06:32.022, 30365.50, 30366.50, 30365.50, 30365.50, 2, 2, 0, 2
2026/6/15, 02:06:32.033, 30368.75, 30369.25, 30368.25, 30368.25, 2, 2, 2, 0
2026/6/15, 02:06:32.240, 30369.50, 30370.50, 30369.50, 30369.50, 1, 1, 0, 1
2026/6/15, 02:06:32.560, 30371.00, 30372.00, 30371.00, 30371.00, 2, 1, 0, 2
2026/6/15, 02:06:32.608, 30372.75, 30372.75, 30371.75, 30371.75, 8, 6, 3, 5
2026/6/15, 02:06:32.729, 30371.25, 30372.25, 30371.25, 30371.25, 1, 1, 1, 0
2026/6/15, 02:06:33.366, 30373.00, 30373.00, 30372.00, 30373.00, 1, 1, 0, 1
2026/6/15, 02:06:33.605, 30371.50, 30371.50, 30370.50, 30370.50, 5, 5, 5, 0
2026/6/15, 02:06:34.852, 30370.25, 30370.25, 30369.25, 30370.25, 1, 1, 1, 0
2026/6/15, 02:06:35.410, 30368.75, 30369.50, 30368.50, 30368.50, 2, 2, 2, 0
2026/6/15, 02:06:37.218, 30372.50, 30373.00, 30372.00, 30373.00, 5, 5, 3, 2
2026/6/15, 02:06:38.391, 30373.75, 30373.75, 30372.75, 30373.75, 1, 1, 0, 1
2026/6/15, 02:06:38.585, 30371.75, 30371.75, 30370.75, 30371.75, 13, 6, 11, 2
2026/6/15, 02:06:38.677, 30370.00, 30370.00, 30369.00, 30369.00, 3, 3, 3, 0
2026/6/15, 02:06:40.680, 30368.75, 30368.75, 30367.75, 30368.75, 1, 1, 1, 0
2026/6/15, 02:06:41.312, 30367.25, 30367.25, 30366.25, 30366.25, 3, 3, 3, 0
2026/6/15, 02:06:41.945, 30366.00, 30367.00, 30366.00, 30367.00, 3, 3, 3, 0
2026/6/15, 02:06:43.141, 30368.00, 30368.00, 30367.00, 30368.00, 1, 1, 0, 1
2026/6/15, 02:06:43.530, 30366.75, 30367.75, 30366.75, 30366.75, 1, 1, 1, 0
2026/6/15, 02:06:44.570, 30368.50, 30368.50, 30367.50, 30368.50, 1, 1, 0, 1
2026/6/15, 02:06:44.778, 30366.75, 30367.75, 30366.75, 30367.75, 2, 2, 1, 1
2026/6/15, 02:06:45.600, 30366.50, 30367.00, 30366.00, 30366.00, 6, 6, 6, 0
2026/6/15, 02:06:48.123, 30367.50, 30367.50, 30366.50, 30367.50, 1, 1, 0, 1
2026/6/15, 02:06:48.348, 30366.00, 30367.00, 30366.00, 30366.00, 1, 1, 1, 0
2026/6/15, 02:06:48.915, 30367.50, 30367.75, 30366.75, 30366.75, 4, 4, 3, 1
2026/6/15, 02:06:51.515, 30371.50, 30372.50, 30371.50, 30372.50, 3, 3, 0, 3
2026/6/15, 02:06:51.816, 30374.25, 30375.25, 30374.25, 30374.25, 2, 2, 0, 2
2026/6/15, 02:06:53.450, 30378.00, 30378.00, 30377.00, 30377.00, 2, 2, 1, 1
2026/6/15, 02:06:53.994, 30376.50, 30377.25, 30376.25, 30377.25, 4, 4, 1, 3
2026/6/15, 02:06:57.945, 30375.25, 30376.25, 30375.25, 30375.25, 1, 1, 1, 0
2026/6/15, 02:06:59.074, 30377.75, 30378.75, 30377.75, 30377.75, 2, 2, 0, 2
2026/6/15, 02:07:00.083, 30379.25, 30379.50, 30378.50, 30379.50, 3, 3, 0, 3
2026/6/15, 02:07:00.161, 30378.25, 30379.25, 30378.25, 30378.25, 2, 2, 2, 0
2026/6/15, 02:07:00.738, 30380.75, 30381.00, 30380.00, 30381.00, 3, 3, 0, 3
2026/6/15, 02:07:01.979, 30378.75, 30379.75, 30378.75, 30378.75, 1, 1, 0, 1
2026/6/15, 02:07:03.522, 30380.25, 30381.25, 30380.25, 30380.25, 3, 3, 1, 2
2026/6/15, 02:07:05.147, 30382.00, 30383.00, 30382.00, 30382.00, 3, 3, 0, 3
2026/6/15, 02:07:05.624, 30384.00, 30385.00, 30384.00, 30385.00, 3, 3, 0, 3
2026/6/15, 02:07:05.667, 30385.50, 30386.00, 30385.00, 30386.00, 5, 5, 0, 5
2026/6/15, 02:07:10.849, 30383.75, 30384.75, 30383.75, 30383.75, 2, 2, 2, 0
2026/6/15, 02:07:11.023, 30385.00, 30385.00, 30384.00, 30384.00, 3, 3, 2, 1
2026/6/15, 02:07:12.475, 30382.75, 30383.75, 30382.75, 30383.75, 2, 2, 1, 1
2026/6/15, 02:07:13.060, 30384.25, 30385.25, 30384.25, 30385.25, 3, 3, 0, 3
2026/6/15, 02:07:16.151, 30385.50, 30386.50, 30385.50, 30386.50, 4, 4, 0, 4
2026/6/15, 02:07:17.482, 30387.75, 30388.75, 30387.75, 30387.75, 2, 2, 1, 1
2026/6/15, 02:07:18.695, 30389.25, 30390.25, 30389.25, 30390.25, 4, 4, 2, 2
2026/6/15, 02:07:20.116, 30391.00, 30392.00, 30391.00, 30392.00, 10, 10, 2, 8
2026/6/15, 02:07:20.624, 30393.00, 30393.00, 30392.00, 30393.00, 1, 1, 0, 1
2026/6/15, 02:07:22.463, 30391.50, 30392.50, 30391.50, 30391.50, 1, 1, 1, 0
2026/6/15, 02:07:22.819, 30393.50, 30393.75, 30392.75, 30393.75, 2, 2, 0, 2
2026/6/15, 02:07:28.866, 30391.50, 30392.50, 30391.50, 30391.50, 2, 2, 0, 2
2026/6/15, 02:07:31.448, 30392.75, 30392.75, 30391.75, 30391.75, 2, 2, 2, 0
2026/6/15, 02:07:31.648, 30391.00, 30392.00, 30391.00, 30391.00, 1, 1, 1, 0
2026/6/15, 02:07:32.380, 30393.75, 30394.75, 30393.75, 30394.75, 8, 8, 0, 8
2026/6/15, 02:07:32.404, 30395.00, 30395.50, 30394.50, 30395.50, 12, 8, 1, 11
2026/6/15, 02:07:32.408, 30395.75, 30395.75, 30394.75, 30395.75, 1, 1, 0, 1
2026/6/15, 02:07:32.408, 30393.50, 30394.25, 30393.25, 30393.25, 8, 8, 2, 6
2026/6/15, 02:07:35.245, 30392.25, 30393.00, 30392.00, 30393.00, 2, 2, 1, 1
2026/6/15, 02:07:38.057, 30391.25, 30392.25, 30391.25, 30392.25, 4, 4, 0, 4
2026/6/15, 02:07:38.891, 30392.50, 30393.50, 30392.50, 30392.50, 3, 3, 0, 3
2026/6/15, 02:07:42.278, 30395.00, 30395.75, 30394.75, 30395.75, 7, 4, 0, 7
2026/6/15, 02:07:42.876, 30394.50, 30395.50, 30394.50, 30394.50, 3, 3, 3, 0
2026/6/15, 02:07:42.884, 30396.75, 30397.75, 30396.75, 30397.75, 7, 7, 0, 7
2026/6/15, 02:07:42.884, 30398.00, 30398.00, 30397.00, 30397.00, 6, 6, 2, 4
2026/6/15, 02:07:42.886, 30398.75, 30398.75, 30397.75, 30398.75, 1, 1, 0, 1
2026/6/15, 02:07:42.886, 30397.25, 30398.25, 30397.25, 30398.25, 2, 2, 1, 1
2026/6/15, 02:07:43.733, 30399.00, 30399.25, 30398.25, 30399.25, 8, 8, 1, 7
2026/6/15, 02:07:44.224, 30399.75, 30400.00, 30399.00, 30400.00, 140, 27, 1, 139
2026/6/15, 02:07:44.502, 30400.50, 30401.50, 30400.50, 30401.50, 4, 4, 0, 4
2026/6/15, 02:07:44.502, 30401.75, 30402.75, 30401.75, 30401.75, 1, 1, 0, 1
2026/6/15, 02:07:44.511, 30403.00, 30404.00, 30403.00, 30404.00, 6, 6, 5, 1
2026/6/15, 02:07:44.755, 30404.75, 30404.75, 30403.75, 30404.75, 3, 3, 0, 3
2026/6/15, 02:07:45.094, 30403.50, 30404.50, 30403.50, 30403.50, 1, 1, 1, 0
2026/6/15, 02:07:45.190, 30405.00, 30406.00, 30405.00, 30406.00, 7, 7, 0, 7
2026/6/15, 02:07:45.571, 30403.25, 30403.50, 30402.50, 30402.50, 2, 2, 2, 0
2026/6/15, 02:07:45.696, 30404.50, 30404.50, 30403.50, 30403.50, 2, 2, 1, 1
2026/6/15, 02:07:46.258, 30402.00, 30402.00, 30401.00, 30401.00, 5, 5, 1, 4
2026/6/15, 02:07:49.799, 30400.75, 30401.75, 30400.75, 30400.75, 1, 1, 1, 0
2026/6/15, 02:07:49.800, 30402.00, 30403.00, 30402.00, 30403.00, 4, 4, 2, 2
2026/6/15, 02:07:50.435, 30403.50, 30403.75, 30402.75, 30403.75, 2, 2, 0, 2
2026/6/15, 02:07:52.138, 30401.00, 30402.00, 30401.00, 30401.00, 1, 1, 1, 0
2026/6/15, 02:07:54.062, 30403.00, 30404.00, 30403.00, 30403.00, 1, 1, 1, 0
2026/6/15, 02:07:54.091, 30404.75, 30404.75, 30403.75, 30403.75, 2, 2, 1, 1
2026/6/15, 02:07:58.238, 30403.00, 30403.00, 30402.00, 30403.00, 1, 1, 1, 0
2026/6/15, 02:07:59.214, 30401.75, 30402.50, 30401.50, 30402.50, 4, 4, 3, 1
2026/6/15, 02:08:00.045, 30402.75, 30402.75, 30401.75, 30401.75, 5, 5, 3, 2
2026/6/15, 02:08:02.044, 30401.00, 30402.00, 30401.00, 30402.00, 2, 2, 2, 0
2026/6/15, 02:08:02.576, 30402.50, 30402.50, 30401.50, 30401.50, 4, 4, 2, 2
2026/6/15, 02:08:02.742, 30400.75, 30401.25, 30400.25, 30400.25, 3, 3, 3, 0
2026/6/15, 02:08:02.983, 30402.00, 30403.00, 30402.00, 30402.00, 1, 1, 0, 1
2026/6/15, 02:08:04.838, 30405.25, 30406.25, 30405.25, 30405.25, 1, 1, 0, 1
2026/6/15, 02:08:05.810, 30407.00, 30407.00, 30406.00, 30407.00, 1, 1, 0, 1
2026/6/15, 02:08:06.774, 30404.00, 30404.00, 30403.00, 30404.00, 3, 3, 1, 2
2026/6/15, 02:08:08.396, 30402.75, 30402.75, 30401.75, 30402.75, 3, 3, 2, 1
2026/6/15, 02:08:08.674, 30400.75, 30401.00, 30400.00, 30401.00, 4, 4, 4, 0
2026/6/15, 02:08:13.650, 30399.25, 30399.25, 30398.25, 30399.25, 1, 1, 1, 0
2026/6/15, 02:08:15.687, 30398.00, 30399.00, 30398.00, 30398.00, 3, 3, 3, 0
2026/6/15, 02:08:16.489, 30400.00, 30401.00, 30400.00, 30400.00, 1, 1, 1, 0
2026/6/15, 02:08:18.349, 30401.50, 30402.50, 30401.50, 30402.50, 2, 2, 1, 1
2026/6/15, 02:08:18.562, 30402.75, 30403.75, 30402.75, 30402.75, 11, 11, 7, 4
2026/6/15, 02:08:19.194, 30402.25, 30402.25, 30401.25, 30401.25, 3, 3, 2, 1
2026/6/15, 02:08:23.787, 30400.00, 30400.25, 30399.25, 30400.25, 11, 11, 4, 7
2026/6/15, 02:08:30.508, 30401.00, 30401.00, 30400.00, 30401.00, 13, 13, 9, 4
2026/6/15, 02:08:36.367, 30403.00, 30403.00, 30402.00, 30402.00, 3, 3, 1, 2
2026/6/15, 02:08:38.813, 30401.25, 30401.25, 30400.25, 30400.25, 5, 5, 4, 1
2026/6/15, 02:08:40.914, 30399.00, 30400.00, 30399.00, 30399.00, 1, 1, 1, 0
2026/6/15, 02:08:41.401, 30400.25, 30400.25, 30399.25, 30400.25, 1, 1, 0, 1
2026/6/15, 02:08:43.695, 30399.00, 30399.00, 30398.00, 30398.00, 3, 3, 3, 0
2026/6/15, 02:08:44.371, 30396.75, 30396.75, 30395.75, 30395.75, 4, 4, 4, 0
2026/6/15, 02:08:45.355, 30395.25, 30395.25, 30394.25, 30394.25, 2, 2, 2, 0
2026/6/15, 02:08:45.625, 30393.00, 30394.00, 30393.00, 30393.00, 3, 3, 3, 0
2026/6/15, 02:08:46.145, 30395.50, 30395.50, 30394.50, 30395.50, 8, 8, 1, 7
2026/6/15, 02:08:49.501, 30392.50, 30393.00, 30392.00, 30393.00, 4, 4, 1, 3
2026/6/15, 02:08:50.169, 30393.25, 30394.25, 30393.25, 30394.25, 3, 3, 0, 3
2026/6/15, 02:08:50.895, 30395.25, 30396.25, 30395.25, 30395.25, 3, 3, 0, 3
2026/6/15, 02:08:51.691, 30397.50, 30397.50, 30396.50, 30397.50, 4, 4, 0, 4
2026/6/15, 02:08:57.108, 30394.75, 30395.75, 30394.75, 30394.75, 1, 1, 1, 0
2026/6/15, 02:08:58.874, 30397.50, 30397.50, 30396.50, 30397.50, 1, 1, 0, 1
2026/6/15, 02:09:00.149, 30395.50, 30396.25, 30395.25, 30396.25, 3, 3, 1, 2
2026/6/15, 02:09:02.032, 30396.75, 30397.75, 30396.75, 30396.75, 1, 1, 0, 1
2026/6/15, 02:09:04.680, 30400.00, 30401.00, 30400.00, 30400.00, 6, 1, 0, 6
2026/6/15, 02:09:05.049, 30402.25, 30403.00, 30402.00, 30402.00, 2, 2, 0, 2
2026/6/15, 02:09:16.511, 30404.00, 30404.00, 30403.00, 30404.00, 2, 2, 1, 1
2026/6/15, 02:09:19.308, 30402.00, 30402.00, 30401.00, 30401.00, 2, 2, 2, 0
2026/6/15, 02:09:20.094, 30402.50, 30402.50, 30401.50, 30402.50, 1, 1, 0, 1
2026/6/15, 02:09:22.025, 30400.25, 30400.25, 30399.25, 30400.25, 3, 3, 3, 0
2026/6/15, 02:09:23.297, 30398.50, 30399.25, 30398.25, 30398.25, 5, 5, 4, 1
2026/6/15, 02:09:24.928, 30400.00, 30401.00, 30400.00, 30400.00, 1, 1, 0, 1
2026/6/15, 02:09:26.257, 30402.75, 30403.25, 30402.25, 30403.25, 2, 2, 0, 2
2026/6/15, 02:09:27.417, 30401.75, 30402.75, 30401.75, 30402.75, 3, 3, 0, 3
2026/6/15, 02:09:29.951, 30404.00, 30404.50, 30403.50, 30403.50, 2, 2, 0, 2
2026/6/15, 02:09:33.110, 30405.00, 30406.00, 30405.00, 30406.00, 3, 3, 0, 3
2026/6/15, 02:09:33.739, 30406.50, 30407.50, 30406.50, 30406.50, 1, 1, 0, 1
2026/6/15, 02:09:33.741, 30407.75, 30408.00, 30407.00, 30408.00, 4, 4, 0, 4
2026/6/15, 02:09:33.804, 30406.25, 30407.25, 30406.25, 30406.25, 1, 1, 1, 0
2026/6/15, 02:09:33.844, 30408.00, 30409.00, 30408.00, 30408.00, 3, 3, 0, 3
2026/6/15, 02:09:34.194, 30409.25, 30409.75, 30408.75, 30409.75, 5, 2, 0, 5
2026/6/15, 02:09:34.253, 30406.75, 30406.75, 30405.75, 30406.75, 1, 1, 1, 0
2026/6/15, 02:09:34.265, 30405.25, 30406.25, 30405.25, 30405.25, 1, 1, 1, 0
2026/6/15, 02:09:34.354, 30407.25, 30408.25, 30407.25, 30408.25, 3, 3, 0, 3
2026/6/15, 02:09:34.762, 30409.00, 30409.25, 30408.25, 30409.25, 3, 3, 0, 3
2026/6/15, 02:09:35.386, 30407.75, 30408.75, 30407.75, 30407.75, 2, 2, 0, 2
2026/6/15, 02:09:35.795, 30409.00, 30410.00, 30409.00, 30410.00, 6, 6, 0, 6
2026/6/15, 02:09:36.677, 30410.75, 30411.25, 30410.25, 30411.25, 11, 9, 1, 10
2026/6/15, 02:09:36.679, 30411.50, 30412.50, 30411.50, 30411.50, 2, 2, 0, 2
2026/6/15, 02:09:36.681, 30414.00, 30415.00, 30414.00, 30415.00, 5, 5, 0, 5
2026/6/15, 02:09:36.681, 30417.50, 30417.50, 30416.50, 30417.50, 2, 2, 0, 2
2026/6/15, 02:09:36.685, 30416.00, 30416.00, 30415.00, 30416.00, 1, 1, 1, 0
2026/6/15, 02:09:36.685, 30413.25, 30414.00, 30413.00, 30413.00, 5, 5, 3, 2
2026/6/15, 02:09:36.691, 30412.50, 30412.75, 30411.75, 30412.75, 7, 7, 6, 1
2026/6/15, 02:09:37.302, 30413.50, 30414.50, 30413.50, 30413.50, 2, 2, 0, 2
2026/6/15, 02:09:37.739, 30415.00, 30416.00, 30415.00, 30415.00, 2, 2, 0, 2
2026/6/15, 02:09:37.750, 30416.75, 30417.00, 30416.00, 30417.00, 5, 5, 0, 5
2026/6/15, 02:09:37.776, 30415.25, 30416.00, 30415.00, 30415.00, 2, 2, 2, 0
2026/6/15, 02:09:37.861, 30416.50, 30416.50, 30415.50, 30416.50, 1, 1, 0, 1
2026/6/15, 02:09:37.994, 30414.25, 30415.25, 30414.25, 30414.25, 1, 1, 1, 0
2026/6/15, 02:09:38.126, 30416.25, 30416.25, 30415.25, 30416.25, 1, 1, 0, 1
2026/6/15, 02:09:38.347, 30415.00, 30416.00, 30415.00, 30416.00, 3, 3, 0, 3
2026/6/15, 02:09:38.849, 30416.25, 30417.25, 30416.25, 30417.25, 5, 5, 0, 5
2026/6/15, 02:09:39.940, 30416.00, 30417.00, 30416.00, 30417.00, 2, 2, 1, 1
2026/6/15, 02:09:40.033, 30415.25, 30416.25, 30415.25, 30415.25, 2, 2, 2, 0
2026/6/15, 02:09:40.236, 30417.25, 30418.00, 30417.00, 30418.00, 4, 4, 0, 4
2026/6/15, 02:09:40.765, 30415.50, 30416.50, 30415.50, 30415.50, 1, 1, 1, 0
2026/6/15, 02:09:40.847, 30417.00, 30418.00, 30417.00, 30418.00, 8, 8, 1, 7
2026/6/15, 02:09:41.948, 30415.75, 30416.75, 30415.75, 30415.75, 1, 1, 1, 0
2026/6/15, 02:09:42.112, 30417.50, 30417.75, 30416.75, 30417.75, 10, 10, 1, 9
2026/6/15, 02:09:43.630, 30416.25, 30416.25, 30415.25, 30415.25, 3, 3, 3, 0
2026/6/15, 02:09:44.471, 30414.00, 30414.75, 30413.75, 30413.75, 4, 4, 4, 0
2026/6/15, 02:09:45.159, 30417.25, 30417.25, 30416.25, 30416.25, 3, 3, 2, 1
2026/6/15, 02:09:45.395, 30415.75, 30416.75, 30415.75, 30415.75, 1, 1, 1, 0
2026/6/15, 02:09:46.188, 30417.25, 30417.25, 30416.25, 30416.25, 8, 8, 4, 4
2026/6/15, 02:09:49.216, 30415.25, 30415.25, 30414.25, 30414.25, 11, 11, 11, 0
2026/6/15, 02:09:49.325, 30414.00, 30414.00, 30413.00, 30413.00, 2, 2, 2, 0
2026/6/15, 02:09:50.155, 30412.75, 30412.75, 30411.75, 30411.75, 3, 3, 3, 0
2026/6/15, 02:09:52.832, 30414.50, 30414.50, 30413.50, 30414.50, 10, 9, 1, 9
2026/6/15, 02:10:01.049, 30415.00, 30416.00, 30415.00, 30415.00, 6, 5, 2, 4
2026/6/15, 02:10:01.735, 30416.50, 30417.50, 30416.50, 30416.50, 3, 2, 0, 3
2026/6/15, 02:10:01.987, 30418.00, 30418.00, 30417.00, 30418.00, 3, 2, 0, 3
2026/6/15, 02:10:02.043, 30416.50, 30417.50, 30416.50, 30416.50, 1, 1, 1, 0
2026/6/15, 02:10:02.793, 30418.25, 30419.25, 30418.25, 30419.25, 10, 7, 0, 10
2026/6/15, 02:10:02.855, 30419.50, 30420.50, 30419.50, 30420.50, 138, 28, 1, 137
2026/6/15, 02:10:03.157, 30421.75, 30422.75, 30421.75, 30421.75, 6, 4, 0, 6
2026/6/15, 02:10:03.157, 30423.00, 30423.25, 30422.25, 30423.25, 13, 13, 9, 4
2026/6/15, 02:10:04.106, 30423.50, 30423.50, 30422.50, 30423.50, 3, 3, 2, 1
2026/6/15, 02:10:05.158, 30423.75, 30423.75, 30422.75, 30422.75, 2, 2, 1, 1
2026/6/15, 02:10:05.331, 30421.75, 30422.50, 30421.50, 30421.50, 3, 3, 3, 0
2026/6/15, 02:10:06.342, 30422.75, 30423.25, 30422.25, 30423.25, 3, 3, 1, 2
2026/6/15, 02:10:06.515, 30421.75, 30422.75, 30421.75, 30421.75, 1, 1, 1, 0
2026/6/15, 02:10:06.627, 30424.25, 30424.25, 30423.25, 30424.25, 1, 1, 0, 1
2026/6/15, 02:10:06.828, 30423.00, 30424.00, 30423.00, 30423.00, 1, 1, 1, 0
2026/6/15, 02:10:06.985, 30424.75, 30425.75, 30424.75, 30424.75, 1, 1, 0, 1
2026/6/15, 02:10:06.985, 30426.25, 30427.25, 30426.25, 30427.25, 2, 2, 0, 2
2026/6/15, 02:10:06.985, 30427.75, 30428.75, 30427.75, 30427.75, 2, 1, 0, 2
2026/6/15, 02:10:06.985, 30429.00, 30430.00, 30429.00, 30430.00, 13, 4, 0, 13
2026/6/15, 02:10:06.985, 30430.25, 30431.25, 30430.25, 30430.25, 1, 1, 0, 1
2026/6/15, 02:10:06.985, 30433.50, 30434.50, 30433.50, 30433.50, 10, 2, 0, 10
2026/6/15, 02:10:06.985, 30434.75, 30435.75, 30434.75, 30434.75, 4, 3, 0, 4
2026/6/15, 02:10:06.985, 30436.75, 30437.75, 30436.75, 30436.75, 4, 3, 0, 4
2026/6/15, 02:10:06.985, 30438.75, 30439.75, 30438.75, 30439.75, 8, 3, 0, 8
2026/6/15, 02:10:06.985, 30440.00, 30441.00, 30440.00, 30440.00, 6, 5, 0, 6
2026/6/15, 02:10:06.985, 30441.25, 30442.25, 30441.25, 30441.25, 1, 1, 0, 1
2026/6/15, 02:10:06.985, 30442.50, 30442.75, 30441.75, 30442.75, 3, 3, 0, 3
2026/6/15, 02:10:06.991, 30440.75, 30440.75, 30439.75, 30439.75, 14, 6, 14, 0
2026/6/15, 02:10:07.004, 30431.50, 30432.25, 30431.25, 30431.25, 12, 12, 12, 0
2026/6/15, 02:10:07.055, 30432.50, 30433.50, 30432.50, 30433.50, 2, 2, 0, 2
2026/6/15, 02:10:07.106, 30434.25, 30434.75, 30433.75, 30434.75, 6, 4, 1, 5
2026/6/15, 02:10:07.124, 30435.00, 30435.00, 30434.00, 30434.00, 6, 6, 4, 2
2026/6/15, 02:10:07.258, 30430.25, 30431.25, 30430.25, 30430.25, 4, 4, 4, 0
2026/6/15, 02:10:07.414, 30432.00, 30433.00, 30432.00, 30433.00, 7, 7, 0, 7
2026/6/15, 02:10:07.710, 30433.50, 30433.50, 30432.50, 30433.50, 1, 1, 0, 1
2026/6/15, 02:10:07.728, 30431.25, 30431.75, 30430.75, 30431.75, 6, 6, 3, 3
2026/6/15, 02:10:07.938, 30434.25, 30434.50, 30433.50, 30434.50, 2, 2, 0, 2
2026/6/15, 02:10:08.128, 30432.00, 30432.00, 30431.00, 30432.00, 1, 1, 1, 0
2026/6/15, 02:10:08.861, 30429.50, 30430.50, 30429.50, 30429.50, 1, 1, 0, 1
2026/6/15, 02:10:09.788, 30431.25, 30431.50, 30430.50, 30430.50, 3, 3, 2, 1
2026/6/15, 02:10:11.011, 30433.25, 30434.25, 30433.25, 30433.25, 1, 1, 0, 1
2026/6/15, 02:10:11.306, 30434.50, 30434.50, 30433.50, 30433.50, 3, 3, 0, 3
2026/6/15, 02:10:11.995, 30432.00, 30433.00, 30432.00, 30433.00, 4, 4, 1, 3
2026/6/15, 02:10:12.019, 30433.25, 30434.25, 30433.25, 30433.25, 5, 5, 0, 5
2026/6/15, 02:10:12.106, 30435.00, 30436.00, 30435.00, 30436.00, 6, 2, 0, 6
2026/6/15, 02:10:12.571, 30438.50, 30439.00, 30438.00, 30439.00, 5, 5, 0, 5
2026/6/15, 02:10:12.826, 30436.75, 30436.75, 30435.75, 30435.75, 6, 6, 6, 0
2026/6/15, 02:10:13.559, 30433.75, 30434.75, 30433.75, 30433.75, 1, 1, 1, 0
2026/6/15, 02:10:13.580, 30435.25, 30435.50, 30434.50, 30435.50, 3, 3, 0, 3
2026/6/15, 02:10:13.867, 30433.25, 30434.00, 30433.00, 30433.00, 2, 2, 2, 0
2026/6/15, 02:10:14.775, 30435.50, 30435.50, 30434.50, 30435.50, 1, 1, 0, 1
2026/6/15, 02:10:15.558, 30432.00, 30432.25, 30431.25, 30431.25, 8, 8, 8, 0
2026/6/15, 02:10:17.323, 30431.00, 30431.00, 30430.00, 30431.00, 1, 1, 1, 0
2026/6/15, 02:10:18.465, 30429.25, 30429.25, 30428.25, 30429.25, 2, 2, 2, 0
2026/6/15, 02:10:19.665, 30428.00, 30428.75, 30427.75, 30427.75, 4, 4, 4, 0
2026/6/15, 02:10:20.404, 30429.50, 30429.50, 30428.50, 30429.50, 1, 1, 0, 1
2026/6/15, 02:10:20.852, 30427.25, 30428.00, 30427.00, 30427.00, 4, 4, 4, 0
2026/6/15, 02:10:21.404, 30428.75, 30429.25, 30428.25, 30428.25, 5, 5, 3, 2
2026/6/15, 02:10:23.705, 30431.25, 30431.50, 30430.50, 30430.50, 4, 4, 3, 1
2026/6/15, 02:10:26.923, 30428.25, 30428.25, 30427.25, 30427.25, 5, 5, 5, 0
2026/6/15, 02:10:29.198, 30426.25, 30426.50, 30425.50, 30425.50, 5, 5, 5, 0
2026/6/15, 02:10:31.709, 30424.00, 30425.00, 30424.00, 30424.00, 3, 3, 3, 0
2026/6/15, 02:10:31.859, 30425.75, 30425.75, 30424.75, 30424.75, 6, 6, 6, 0
2026/6/15, 02:10:31.860, 30424.50, 30424.50, 30423.50, 30423.50, 5, 5, 3, 2
2026/6/15, 02:10:32.460, 30422.75, 30423.00, 30422.00, 30422.00, 2, 2, 1, 1
2026/6/15, 02:10:33.224, 30423.50, 30424.50, 30423.50, 30423.50, 3, 3, 1, 2
2026/6/15, 02:10:34.442, 30422.50, 30423.50, 30422.50, 30422.50, 1, 1, 1, 0
2026/6/15, 02:10:34.879, 30425.00, 30425.00, 30424.00, 30425.00, 1, 1, 0, 1
2026/6/15, 02:10:34.926, 30423.50, 30423.50, 30422.50, 30422.50, 3, 3, 3, 0
2026/6/15, 02:10:35.155, 30421.75, 30421.75, 30420.75, 30421.75, 1, 1, 1, 0
2026/6/15, 02:10:35.201, 30420.50, 30421.25, 30420.25, 30421.25, 3, 3, 3, 0
2026/6/15, 02:10:35.959, 30422.75, 30423.50, 30422.50, 30423.50, 7, 7, 6, 1
2026/6/15, 02:10:40.052, 30424.25, 30424.25, 30423.25, 30424.25, 1, 1, 0, 1
2026/6/15, 02:10:40.394, 30422.25, 30422.75, 30421.75, 30421.75, 3, 3, 3, 0
2026/6/15, 02:10:42.246, 30421.50, 30422.50, 30421.50, 30421.50, 1, 1, 1, 0
2026/6/15, 02:10:44.661, 30425.75, 30425.75, 30424.75, 30424.75, 7, 7, 7, 0
2026/6/15, 02:10:45.539, 30424.00, 30425.00, 30424.00, 30425.00, 2, 2, 0, 2
2026/6/15, 02:10:45.711, 30426.00, 30427.00, 30426.00, 30426.00, 1, 1, 0, 1
2026/6/15, 02:10:48.102, 30427.50, 30428.25, 30427.25, 30428.25, 5, 5, 0, 5
2026/6/15, 02:10:56.923, 30428.75, 30428.75, 30427.75, 30427.75, 2, 2, 1, 1
2026/6/15, 02:10:58.705, 30430.00, 30431.00, 30430.00, 30430.00, 1, 1, 0, 1
2026/6/15, 02:11:00.225, 30432.50, 30433.50, 30432.50, 30433.50, 2, 2, 0, 2
2026/6/15, 02:11:00.590, 30434.00, 30434.00, 30433.00, 30434.00, 1, 1, 0, 1
2026/6/15, 02:11:00.788, 30431.75, 30432.25, 30431.25, 30431.25, 2, 2, 2, 0
2026/6/15, 02:11:02.698, 30434.75, 30434.75, 30433.75, 30434.75, 1, 1, 0, 1
2026/6/15, 02:11:03.532, 30432.75, 30432.75, 30431.75, 30431.75, 4, 4, 4, 0
2026/6/15, 02:11:04.473, 30430.75, 30431.75, 30430.75, 30430.75, 1, 1, 1, 0
2026/6/15, 02:11:04.692, 30433.25, 30433.50, 30432.50, 30432.50, 3, 3, 1, 2
2026/6/15, 02:11:07.177, 30433.75, 30434.75, 30433.75, 30433.75, 1, 1, 0, 1
2026/6/15, 02:11:07.797, 30435.00, 30436.00, 30435.00, 30436.00, 6, 6, 2, 4
2026/6/15, 02:11:12.005, 30437.25, 30437.50, 30436.50, 30436.50, 3, 3, 0, 3
2026/6/15, 02:11:13.001, 30435.50, 30436.50, 30435.50, 30436.50, 2, 2, 0, 2
2026/6/15, 02:11:19.899, 30437.25, 30437.25, 30436.25, 30437.25, 1, 1, 0, 1
2026/6/15, 02:11:22.052, 30434.25, 30435.25, 30434.25, 30435.25, 3, 3, 2, 1
2026/6/15, 02:11:22.520, 30435.50, 30436.50, 30435.50, 30435.50, 14, 14, 2, 12
2026/6/15, 02:11:23.851, 30437.00, 30437.00, 30436.00, 30437.00, 1, 1, 1, 0
2026/6/15, 02:11:23.852, 30435.75, 30436.75, 30435.75, 30435.75, 3, 3, 2, 1
2026/6/15, 02:11:24.531, 30438.50, 30438.50, 30437.50, 30437.50, 4, 4, 3, 1
2026/6/15, 02:11:25.111, 30437.00, 30438.00, 30437.00, 30437.00, 1, 1, 1, 0
2026/6/15, 02:11:25.301, 30438.25, 30439.25, 30438.25, 30438.25, 2, 2, 2, 0
2026/6/15, 02:11:25.479, 30439.50, 30440.50, 30439.50, 30439.50, 2, 2, 0, 2
2026/6/15, 02:11:25.545, 30440.75, 30441.75, 30440.75, 30440.75, 2, 2, 0, 2
2026/6/15, 02:11:25.984, 30442.00, 30442.00, 30441.00, 30441.00, 5, 5, 4, 1
2026/6/15, 02:11:26.583, 30442.25, 30443.25, 30442.25, 30443.25, 3, 3, 1, 2
2026/6/15, 02:11:26.818, 30442.00, 30442.00, 30441.00, 30441.00, 4, 4, 4, 0
2026/6/15, 02:11:27.042, 30440.75, 30440.75, 30439.75, 30439.75, 6, 6, 6, 0
2026/6/15, 02:11:27.042, 30439.00, 30439.00, 30438.00, 30438.00, 9, 9, 9, 0
2026/6/15, 02:11:27.044, 30436.75, 30437.75, 30436.75, 30436.75, 1, 1, 1, 0
2026/6/15, 02:11:27.470, 30438.00, 30438.00, 30437.00, 30438.00, 1, 1, 0, 1
2026/6/15, 02:11:27.780, 30434.75, 30435.75, 30434.75, 30434.75, 1, 1, 1, 0
2026/6/15, 02:11:27.915, 30436.75, 30436.75, 30435.75, 30436.75, 1, 1, 0, 1
2026/6/15, 02:11:30.093, 30434.75, 30434.75, 30433.75, 30434.75, 1, 1, 1, 0
2026/6/15, 02:11:30.531, 30433.25, 30434.25, 30433.25, 30433.25, 1, 1, 1, 0
2026/6/15, 02:11:31.624, 30435.75, 30436.75, 30435.75, 30436.75, 3, 3, 0, 3
2026/6/15, 02:11:32.130, 30438.25, 30439.00, 30438.00, 30439.00, 3, 3, 1, 2
2026/6/15, 02:11:37.878, 30440.00, 30440.00, 30439.00, 30440.00, 1, 1, 0, 1
2026/6/15, 02:11:38.015, 30438.50, 30438.50, 30437.50, 30437.50, 6, 6, 6, 0
2026/6/15, 02:11:40.345, 30436.50, 30436.50, 30435.50, 30436.50, 1, 1, 1, 0
2026/6/15, 02:11:41.798, 30435.00, 30435.00, 30434.00, 30435.00, 2, 2, 2, 0
2026/6/15, 02:11:41.799, 30433.50, 30434.50, 30433.50, 30433.50, 1, 1, 1, 0
2026/6/15, 02:11:44.328, 30436.50, 30437.50, 30436.50, 30437.50, 2, 2, 0, 2
2026/6/15, 02:11:45.869, 30435.50, 30436.25, 30435.25, 30435.25, 3, 3, 3, 0
2026/6/15, 02:11:46.582, 30437.00, 30437.25, 30436.25, 30437.25, 2, 2, 0, 2
2026/6/15, 02:11:47.610, 30434.50, 30435.00, 30434.00, 30435.00, 2, 2, 0, 2
2026/6/15, 02:11:51.426, 30433.75, 30434.50, 30433.50, 30433.50, 2, 2, 2, 0
2026/6/15, 02:11:51.472, 30435.50, 30436.00, 30435.00, 30435.00, 13, 9, 3, 10
2026/6/15, 02:11:53.099, 30433.00, 30433.75, 30432.75, 30433.75, 3, 3, 1, 2
2026/6/15, 02:11:56.149, 30432.25, 30432.25, 30431.25, 30431.25, 3, 3, 3, 0
2026/6/15, 02:11:56.423, 30431.00, 30431.25, 30430.25, 30431.25, 8, 4, 7, 1
2026/6/15, 02:11:56.430, 30431.50, 30432.50, 30431.50, 30432.50, 6, 6, 1, 5
2026/6/15, 02:11:57.356, 30433.00, 30433.00, 30432.00, 30433.00, 1, 1, 0, 1
2026/6/15, 02:12:03.019, 30427.50, 30427.50, 30426.50, 30427.50, 3, 2, 3, 0
2026/6/15, 02:12:03.019, 30426.25, 30427.25, 30426.25, 30426.25, 2, 2, 2, 0
2026/6/15, 02:12:03.019, 30427.50, 30428.00, 30427.00, 30427.00, 3, 3, 1, 2
2026/6/15, 02:12:05.078, 30425.25, 30425.25, 30424.25, 30425.25, 9, 5, 9, 0
2026/6/15, 02:12:06.255, 30423.75, 30424.75, 30423.75, 30424.75, 5, 5, 2, 3
2026/6/15, 02:12:08.873, 30422.75, 30423.75, 30422.75, 30422.75, 2, 2, 2, 0
2026/6/15, 02:12:09.188, 30424.00, 30425.00, 30424.00, 30424.00, 1, 1, 1, 0
2026/6/15, 02:12:09.225, 30426.00, 30427.00, 30426.00, 30426.00, 1, 1, 0, 1
2026/6/15, 02:12:09.983, 30429.00, 30429.00, 30428.00, 30429.00, 1, 1, 0, 1
2026/6/15, 02:12:11.717, 30426.25, 30426.25, 30425.25, 30425.25, 8, 8, 8, 0
2026/6/15, 02:12:11.717, 30425.00, 30425.00, 30424.00, 30424.00, 9, 9, 9, 0
2026/6/15, 02:12:11.717, 30423.75, 30423.75, 30422.75, 30422.75, 6, 6, 6, 0
2026/6/15, 02:12:11.717, 30422.00, 30422.50, 30421.50, 30421.50, 3, 3, 3, 0
2026/6/15, 02:12:12.639, 30424.25, 30424.25, 30423.25, 30424.25, 1, 1, 0, 1
2026/6/15, 02:12:12.987, 30422.25, 30423.00, 30422.00, 30422.00, 2, 2, 2, 0
2026/6/15, 02:12:14.689, 30424.75, 30425.75, 30424.75, 30425.75, 6, 6, 0, 6
2026/6/15, 02:12:14.695, 30426.00, 30427.00, 30426.00, 30426.00, 1, 1, 1, 0
2026/6/15, 02:12:15.211, 30427.25, 30427.50, 30426.50, 30426.50, 3, 3, 0, 3
2026/6/15, 02:12:16.748, 30425.25, 30425.25, 30424.25, 30424.25, 3, 3, 3, 0
2026/6/15, 02:12:16.759, 30425.50, 30425.50, 30424.50, 30424.50, 2, 2, 1, 1
2026/6/15, 02:12:17.929, 30425.75, 30426.75, 30425.75, 30425.75, 2, 2, 0, 2
2026/6/15, 02:12:18.657, 30427.25, 30427.25, 30426.25, 30426.25, 2, 2, 0, 2
2026/6/15, 02:12:21.532, 30424.50, 30425.50, 30424.50, 30424.50, 1, 1, 1, 0
2026/6/15, 02:12:21.569, 30426.75, 30427.75, 30426.75, 30426.75, 1, 1, 0, 1
2026/6/15, 02:12:22.751, 30428.00, 30428.00, 30427.00, 30428.00, 1, 1, 0, 1
2026/6/15, 02:12:26.381, 30426.50, 30427.50, 30426.50, 30426.50, 1, 1, 1, 0
2026/6/15, 02:12:26.560, 30428.50, 30429.50, 30428.50, 30429.50, 3, 3, 0, 3
2026/6/15, 02:12:27.313, 30429.75, 30429.75, 30428.75, 30429.75, 3, 3, 1, 2
2026/6/15, 02:12:27.606, 30427.75, 30427.75, 30426.75, 30427.75, 1, 1, 1, 0
2026/6/15, 02:12:27.606, 30426.50, 30427.50, 30426.50, 30427.50, 11, 11, 1, 10
2026/6/15, 02:12:31.626, 30427.75, 30428.75, 30427.75, 30427.75, 1, 1, 0, 1
2026/6/15, 02:12:31.632, 30429.50, 30429.50, 30428.50, 30428.50, 2, 2, 1, 1
2026/6/15, 02:12:34.049, 30428.25, 30428.50, 30427.50, 30427.50, 2, 2, 2, 0
2026/6/15, 02:12:37.406, 30429.75, 30430.75, 30429.75, 30430.75, 3, 3, 0, 3
2026/6/15, 02:12:38.732, 30428.50, 30428.75, 30427.75, 30428.75, 3, 3, 2, 1
2026/6/15, 02:12:44.168, 30427.50, 30428.50, 30427.50, 30427.50, 1, 1, 1, 0
2026/6/15, 02:12:44.807, 30430.00, 30431.00, 30430.00, 30431.00, 5, 5, 0, 5
2026/6/15, 02:12:44.809, 30431.50, 30432.50, 30431.50, 30432.50, 4, 4, 0, 4
2026/6/15, 02:12:44.824, 30434.00, 30434.00, 30433.00, 30433.00, 2, 2, 1, 1
2026/6/15, 02:12:46.782, 30435.00, 30435.00, 30434.00, 30435.00, 2, 2, 0, 2
2026/6/15, 02:12:50.074, 30433.50, 30434.50, 30433.50, 30434.50, 2, 2, 2, 0
2026/6/15, 02:12:54.470, 30435.50, 30436.50, 30435.50, 30436.50, 11, 11, 0, 11
2026/6/15, 02:12:54.470, 30436.75, 30437.75, 30436.75, 30437.75, 7, 7, 0, 7
2026/6/15, 02:12:54.473, 30438.00, 30438.25, 30437.25, 30437.25, 3, 3, 0, 3
2026/6/15, 02:12:54.496, 30436.00, 30436.75, 30435.75, 30435.75, 6, 6, 6, 0
2026/6/15, 02:12:54.500, 30437.50, 30437.75, 30436.75, 30436.75, 4, 4, 1, 3
2026/6/15, 02:12:54.689, 30440.00, 30440.00, 30439.00, 30440.00, 3, 3, 1, 2
2026/6/15, 02:12:56.128, 30437.50, 30438.50, 30437.50, 30438.50, 2, 2, 1, 1
2026/6/15, 02:12:58.571, 30440.00, 30440.00, 30439.00, 30440.00, 1, 1, 1, 0
2026/6/15, 02:12:59.332, 30438.25, 30439.25, 30438.25, 30438.25, 2, 2, 2, 0
2026/6/15, 02:13:01.544, 30440.25, 30440.25, 30439.25, 30439.25, 3, 3, 3, 0
2026/6/15, 02:13:02.724, 30438.75, 30439.75, 30438.75, 30438.75, 1, 1, 1, 0
2026/6/15, 02:13:04.854, 30442.00, 30442.25, 30441.25, 30441.25, 9, 4, 1, 8
2026/6/15, 02:13:07.411, 30439.75, 30440.75, 30439.75, 30440.75, 2, 2, 1, 1
2026/6/15, 02:13:10.047, 30441.25, 30442.25, 30441.25, 30441.25, 4, 4, 1, 3
2026/6/15, 02:13:10.942, 30442.50, 30443.50, 30442.50, 30443.50, 5, 5, 0, 5
2026/6/15, 02:13:12.387, 30445.00, 30445.00, 30444.00, 30445.00, 1, 1, 0, 1
2026/6/15, 02:13:13.175, 30443.75, 30444.75, 30443.75, 30443.75, 2, 2, 2, 0
2026/6/15, 02:13:13.969, 30445.50, 30445.75, 30444.75, 30444.75, 2, 2, 1, 1
2026/6/15, 02:13:15.041, 30446.00, 30446.00, 30445.00, 30446.00, 1, 1, 0, 1
2026/6/15, 02:13:15.090, 30444.25, 30445.25, 30444.25, 30444.25, 2, 2, 2, 0
2026/6/15, 02:13:16.692, 30446.75, 30446.75, 30445.75, 30446.75, 1, 1, 0, 1
2026/6/15, 02:13:18.401, 30443.75, 30444.75, 30443.75, 30443.75, 1, 1, 1, 0
2026/6/15, 02:13:19.899, 30447.50, 30447.75, 30446.75, 30446.75, 3, 3, 0, 3
2026/6/15, 02:13:21.292, 30445.50, 30445.50, 30444.50, 30445.50, 1, 1, 1, 0
2026/6/15, 02:13:21.897, 30443.50, 30443.50, 30442.50, 30442.50, 4, 4, 4, 0
2026/6/15, 02:13:22.123, 30442.25, 30443.00, 30442.00, 30442.00, 2, 2, 2, 0
2026/6/15, 02:13:23.350, 30443.25, 30444.25, 30443.25, 30444.25, 2, 2, 0, 2
2026/6/15, 02:13:25.923, 30444.75, 30445.75, 30444.75, 30444.75, 1, 1, 0, 1
2026/6/15, 02:13:27.724, 30447.25, 30448.00, 30447.00, 30448.00, 9, 7, 0, 9
2026/6/15, 02:13:29.824, 30446.75, 30447.50, 30446.50, 30447.50, 5, 5, 5, 0
2026/6/15, 02:13:33.371, 30448.25, 30449.25, 30448.25, 30449.25, 4, 3, 0, 4
2026/6/15, 02:13:33.378, 30449.50, 30450.00, 30449.00, 30450.00, 26, 23, 6, 20
2026/6/15, 02:13:34.476, 30448.25, 30449.25, 30448.25, 30449.25, 2, 2, 1, 1
2026/6/15, 02:13:35.087, 30450.00, 30450.25, 30449.25, 30450.25, 3, 3, 0, 3
2026/6/15, 02:13:39.646, 30449.00, 30449.25, 30448.25, 30448.25, 6, 6, 2, 4
2026/6/15, 02:13:45.188, 30447.00, 30447.00, 30446.00, 30447.00, 1, 1, 1, 0
2026/6/15, 02:13:45.728, 30445.25, 30445.25, 30444.25, 30444.25, 2, 2, 2, 0
2026/6/15, 02:13:47.982, 30444.00, 30445.00, 30444.00, 30444.00, 1, 1, 1, 0
2026/6/15, 02:13:51.369, 30446.75, 30446.75, 30445.75, 30445.75, 2, 2, 1, 1
2026/6/15, 02:13:51.463, 30447.50, 30448.50, 30447.50, 30448.50, 4, 4, 1, 3
2026/6/15, 02:13:52.358, 30448.75, 30449.75, 30448.75, 30449.75, 2, 2, 0, 2
2026/6/15, 02:13:53.084, 30452.00, 30452.25, 30451.25, 30451.25, 3, 3, 0, 3
2026/6/15, 02:13:55.109, 30449.75, 30450.75, 30449.75, 30449.75, 1, 1, 1, 0
2026/6/15, 02:13:55.600, 30451.75, 30451.75, 30450.75, 30450.75, 5, 5, 3, 2
2026/6/15, 02:13:58.644, 30450.00, 30450.25, 30449.25, 30450.25, 2, 2, 2, 0
2026/6/15, 02:14:01.986, 30449.00, 30450.00, 30449.00, 30449.00, 1, 1, 1, 0
2026/6/15, 02:14:02.140, 30451.00, 30452.00, 30451.00, 30452.00, 8, 4, 0, 8
2026/6/15, 02:14:02.550, 30452.50, 30452.75, 30451.75, 30452.75, 3, 3, 0, 3
2026/6/15, 02:14:02.551, 30451.50, 30452.50, 30451.50, 30451.50, 2, 2, 1, 1
2026/6/15, 02:14:03.280, 30453.25, 30454.25, 30453.25, 30454.25, 32, 8, 0, 32
2026/6/15, 02:14:03.284, 30454.75, 30455.00, 30454.00, 30455.00, 3, 3, 0, 3
2026/6/15, 02:14:03.285, 30453.75, 30454.75, 30453.75, 30454.75, 5, 5, 5, 0
2026/6/15, 02:14:03.440, 30458.50, 30458.50, 30457.50, 30457.50, 5, 5, 3, 2
2026/6/15, 02:14:04.934, 30454.50, 30454.75, 30453.75, 30454.75, 4, 4, 2, 2
2026/6/15, 02:14:06.167, 30452.25, 30452.50, 30451.50, 30451.50, 5, 5, 5, 0
2026/6/15, 02:14:09.531, 30452.75, 30452.75, 30451.75, 30452.75, 1, 1, 0, 1
2026/6/15, 02:14:09.570, 30451.00, 30451.00, 30450.00, 30450.00, 3, 3, 2, 1
2026/6/15, 02:14:09.576, 30449.00, 30450.00, 30449.00, 30449.00, 1, 1, 1, 0
2026/6/15, 02:14:10.507, 30451.25, 30451.50, 30450.50, 30450.50, 3, 3, 0, 3
2026/6/15, 02:14:11.592, 30449.50, 30450.00, 30449.00, 30449.00, 3, 3, 2, 1
2026/6/15, 02:14:14.260, 30450.50, 30450.50, 30449.50, 30450.50, 1, 1, 1, 0
2026/6/15, 02:14:14.475, 30449.25, 30449.50, 30448.50, 30449.50, 3, 3, 2, 1
2026/6/15, 02:14:17.855, 30446.00, 30447.00, 30446.00, 30446.00, 1, 1, 1, 0
2026/6/15, 02:14:18.007, 30448.50, 30448.50, 30447.50, 30448.50, 1, 1, 0, 1
2026/6/15, 02:14:19.380, 30446.25, 30447.25, 30446.25, 30446.25, 2, 2, 0, 2
2026/6/15, 02:14:21.004, 30447.50, 30447.50, 30446.50, 30447.50, 1, 1, 0, 1
2026/6/15, 02:14:22.456, 30445.25, 30445.25, 30444.25, 30444.25, 7, 7, 7, 0
2026/6/15, 02:14:22.456, 30443.75, 30444.50, 30443.50, 30443.50, 5, 5, 5, 0
2026/6/15, 02:14:22.457, 30444.75, 30444.75, 30443.75, 30443.75, 3, 3, 2, 1
2026/6/15, 02:14:22.866, 30445.00, 30446.00, 30445.00, 30445.00, 24, 15, 0, 24
2026/6/15, 02:14:25.462, 30446.50, 30446.75, 30445.75, 30446.75, 3, 3, 2, 1
2026/6/15, 02:14:29.168, 30445.50, 30446.50, 30445.50, 30445.50, 1, 1, 1, 0
2026/6/15, 02:14:30.566, 30447.50, 30447.50, 30446.50, 30447.50, 3, 2, 0, 3
2026/6/15, 02:14:32.794, 30446.25, 30447.25, 30446.25, 30446.25, 1, 1, 1, 0
2026/6/15, 02:14:35.806, 30448.00, 30448.50, 30447.50, 30448.50, 4, 4, 2, 2
2026/6/15, 02:14:38.533, 30449.75, 30450.00, 30449.00, 30450.00, 6, 6, 1, 5
2026/6/15, 02:14:43.794, 30448.25, 30448.75, 30447.75, 30448.75, 3, 3, 2, 1
2026/6/15, 02:14:44.465, 30449.00, 30449.00, 30448.00, 30449.00, 2, 2, 0, 2
2026/6/15, 02:14:45.080, 30447.75, 30448.75, 30447.75, 30447.75, 1, 1, 1, 0
2026/6/15, 02:14:46.386, 30449.50, 30449.50, 30448.50, 30449.50, 2, 2, 0, 2
2026/6/15, 02:14:48.743, 30447.50, 30448.50, 30447.50, 30447.50, 12, 8, 7, 5
2026/6/15, 02:14:48.959, 30450.25, 30450.25, 30449.25, 30449.25, 2, 2, 1, 1
2026/6/15, 02:14:53.349, 30447.75, 30447.75, 30446.75, 30446.75, 11, 4, 11, 0
2026/6/15, 02:14:53.535, 30446.50, 30446.50, 30445.50, 30446.50, 3, 3, 3, 0
2026/6/15, 02:14:53.681, 30445.25, 30446.25, 30445.25, 30445.25, 1, 1, 1, 0
2026/6/15, 02:14:59.224, 30447.25, 30448.25, 30447.25, 30447.25, 2, 2, 2, 0
2026/6/15, 02:14:59.387, 30448.50, 30449.50, 30448.50, 30448.50, 2, 2, 2, 0
2026/6/15, 02:15:00.098, 30450.00, 30451.00, 30450.00, 30450.00, 1, 1, 0, 1
2026/6/15, 02:15:00.979, 30451.25, 30452.25, 30451.25, 30452.25, 2, 2, 0, 2
2026/6/15, 02:15:01.259, 30454.50, 30455.50, 30454.50, 30454.50, 4, 4, 2, 2
2026/6/15, 02:15:01.316, 30456.00, 30456.25, 30455.25, 30456.25, 2, 2, 0, 2
2026/6/15, 02:15:01.434, 30455.00, 30455.50, 30454.50, 30454.50, 5, 5, 4, 1
2026/6/15, 02:15:02.295, 30454.25, 30455.00, 30454.00, 30455.00, 5, 5, 2, 3
2026/6/15, 02:15:03.175, 30455.25, 30455.25, 30454.25, 30454.25, 3, 3, 2, 1
2026/6/15, 02:15:03.347, 30456.75, 30457.75, 30456.75, 30457.75, 2, 2, 0, 2
2026/6/15, 02:15:03.350, 30458.00, 30458.75, 30457.75, 30458.75, 6, 6, 0, 6
2026/6/15, 02:15:03.376, 30457.50, 30458.50, 30457.50, 30457.50, 2, 2, 2, 0
2026/6/15, 02:15:03.488, 30458.75, 30458.75, 30457.75, 30457.75, 2, 2, 1, 1
2026/6/15, 02:15:04.085, 30457.25, 30458.25, 30457.25, 30457.25, 2, 2, 0, 2
2026/6/15, 02:15:04.409, 30458.75, 30459.75, 30458.75, 30459.75, 5, 5, 1, 4
2026/6/15, 02:15:04.734, 30460.00, 30461.00, 30460.00, 30461.00, 9, 9, 4, 5
2026/6/15, 02:15:05.321, 30458.75, 30458.75, 30457.75, 30457.75, 4, 4, 4, 0
2026/6/15, 02:15:05.434, 30457.50, 30457.50, 30456.50, 30456.50, 3, 3, 2, 1
2026/6/15, 02:15:05.803, 30456.25, 30456.25, 30455.25, 30456.25, 5, 5, 4, 1
2026/6/15, 02:15:06.501, 30452.00, 30452.25, 30451.25, 30452.25, 3, 3, 2, 1
2026/6/15, 02:15:07.252, 30453.50, 30453.75, 30452.75, 30452.75, 4, 4, 2, 2
2026/6/15, 02:15:08.703, 30450.75, 30450.75, 30449.75, 30449.75, 3, 3, 1, 2
2026/6/15, 02:15:09.391, 30449.25, 30449.25, 30448.25, 30448.25, 4, 4, 4, 0
2026/6/15, 02:15:10.061, 30447.50, 30447.50, 30446.50, 30447.50, 1, 1, 1, 0
2026/6/15, 02:15:10.143, 30446.25, 30446.25, 30445.25, 30446.25, 4, 4, 3, 1
2026/6/15, 02:15:10.266, 30443.25, 30443.50, 30442.50, 30443.50, 4, 4, 2, 2
2026/6/15, 02:15:10.301, 30442.25, 30442.50, 30441.50, 30441.50, 8, 5, 8, 0
2026/6/15, 02:15:10.303, 30442.75, 30442.75, 30441.75, 30442.75, 1, 1, 0, 1
2026/6/15, 02:15:10.445, 30441.25, 30441.75, 30440.75, 30440.75, 3, 3, 1, 2
2026/6/15, 02:15:10.620, 30442.00, 30443.00, 30442.00, 30443.00, 2, 2, 0, 2
2026/6/15, 02:15:10.698, 30443.50, 30444.50, 30443.50, 30443.50, 3, 3, 1, 2
2026/6/15, 02:15:12.905, 30445.00, 30445.00, 30444.00, 30444.00, 2, 2, 2, 0
2026/6/15, 02:15:14.347, 30443.75, 30444.25, 30443.25, 30443.25, 2, 2, 2, 0
2026/6/15, 02:15:14.634, 30445.25, 30445.25, 30444.25, 30444.25, 2, 2, 1, 1
2026/6/15, 02:15:15.287, 30444.00, 30444.25, 30443.25, 30444.25, 10, 10, 5, 5
2026/6/15, 02:15:16.089, 30443.00, 30444.00, 30443.00, 30444.00, 2, 2, 2, 0
2026/6/15, 02:15:16.153, 30444.25, 30444.25, 30443.25, 30443.25, 5, 5, 4, 1
2026/6/15, 02:15:16.812, 30443.00, 30443.00, 30442.00, 30443.00, 8, 8, 6, 2
2026/6/15, 02:15:17.005, 30441.50, 30442.50, 30441.50, 30441.50, 1, 1, 1, 0
2026/6/15, 02:15:17.172, 30442.75, 30442.75, 30441.75, 30441.75, 3, 3, 1, 2
2026/6/15, 02:15:17.749, 30441.50, 30441.50, 30440.50, 30441.50, 10, 8, 6, 4
2026/6/15, 02:15:17.777, 30440.25, 30441.25, 30440.25, 30440.25, 1, 1, 1, 0
2026/6/15, 02:15:17.926, 30442.25, 30442.25, 30441.25, 30441.25, 2, 2, 1, 1
2026/6/15, 02:15:18.276, 30440.50, 30440.50, 30439.50, 30439.50, 7, 7, 7, 0
2026/6/15, 02:15:19.653, 30439.25, 30439.25, 30438.25, 30438.25, 2, 2, 2, 0
2026/6/15, 02:15:19.673, 30436.50, 30437.25, 30436.25, 30436.25, 2, 2, 2, 0
2026/6/15, 02:15:19.688, 30437.75, 30437.75, 30436.75, 30437.75, 1, 1, 0, 1
2026/6/15, 02:15:20.124, 30435.50, 30435.50, 30434.50, 30435.50, 5, 5, 4, 1
2026/6/15, 02:15:20.811, 30433.75, 30434.25, 30433.25, 30433.25, 2, 2, 2, 0
2026/6/15, 02:15:21.353, 30434.50, 30434.50, 30433.50, 30434.50, 1, 1, 0, 1
2026/6/15, 02:15:21.542, 30432.75, 30433.75, 30432.75, 30432.75, 1, 1, 1, 0
2026/6/15, 02:15:22.342, 30434.50, 30435.25, 30434.25, 30434.25, 2, 2, 2, 0
2026/6/15, 02:15:26.513, 30435.75, 30436.50, 30435.50, 30435.50, 7, 7, 1, 6
2026/6/15, 02:15:27.664, 30437.75, 30437.75, 30436.75, 30436.75, 2, 2, 1, 1
2026/6/15, 02:15:30.891, 30436.00, 30437.00, 30436.00, 30436.00, 1, 1, 1, 0
2026/6/15, 02:15:32.724, 30437.25, 30437.25, 30436.25, 30437.25, 1, 1, 0, 1
2026/6/15, 02:15:35.743, 30435.25, 30435.25, 30434.25, 30435.25, 1, 1, 1, 0