dataset_type,window_id,train_start,train_end,test_start,test_end,generation,min_impulse_candles,max_duration_ms,diagonal_imbalance_ratio_threshold,min_imbalance_count,take_profit_ticks,stop_loss_ticks,fitness,number_of_trades,net_profit,gross_profit,gross_loss,profit_factor,max_drawdown,win_rate,expectancy,biggest_loss,longest_losing_streak,walk_forward_type,fitness_function,train_size,repetition
train,1,0,53560,53560,86986,0,13,3023,5.75,4,25,2,50.31152949374527,5,45.0,121.0,76.0,1.5921052631578947,38.0,0.2,9.0,19.0,2,rolling,losing_streak_fitness,2_days,rep_1
test,1,0,53560,53560,86986,0,13,3023,5.75,4,25,2,-1000.0,2,102.0,121.0,19.0,6.368421052631579,19.0,0.5,51.0,19.0,1,rolling,losing_streak_fitness,2_days,rep_1
train,1,0,53560,53560,86986,1,7,495,9.75,5,9,5,51.75,9,69.0,205.0,136.0,1.5073529411764706,136.0,0.5555555555555556,7.666666666666667,34.0,4,rolling,losing_streak_fitness,2_days,rep_1
test,1,0,53560,53560,86986,1,7,495,9.75,5,9,5,-103.9034088341039,10,-115.0,123.0,238.0,0.5168067226890757,238.0,0.3,-11.5,34.0,7,rolling,losing_streak_fitness,2_days,rep_1
train,1,0,53560,53560,86986,2,7,495,6.0,5,8,2,55.631645670427545,23,58.0,324.0,266.0,1.218045112781955,97.0,0.391304347826087,2.5217391304347827,19.0,5,rolling,losing_streak_fitness,2_days,rep_1
test,1,0,53560,53560,86986,2,7,495,6.0,5,8,2,178.8854381999832,20,60.0,288.0,228.0,1.263157894736842,65.0,0.4,3.0,19.0,3,rolling,losing_streak_fitness,2_days,rep_1
train,1,0,53560,53560,86986,3,7,460,7.75,5,8,2,136.0,16,136.0,288.0,152.0,1.894736842105263,76.0,0.5,8.5,19.0,4,rolling,losing_streak_fitness,2_days,rep_1
test,1,0,53560,53560,86986,3,7,460,7.75,5,8,2,387.2983346207417,15,100.0,252.0,152.0,1.6578947368421053,44.0,0.4666666666666667,6.666666666666667,19.0,2,rolling,losing_streak_fitness,2_days,rep_1
train,1,0,53560,53560,86986,4,7,460,7.75,5,8,2,136.0,16,136.0,288.0,152.0,1.894736842105263,76.0,0.5,8.5,19.0,4,rolling,losing_streak_fitness,2_days,rep_1
test,1,0,53560,53560,86986,4,7,460,7.75,5,8,2,387.2983346207417,15,100.0,252.0,152.0,1.6578947368421053,44.0,0.4666666666666667,6.666666666666667,19.0,2,rolling,losing_streak_fitness,2_days,rep_1
train,1,0,53560,53560,86986,5,7,460,9.25,5,7,2,193.5,9,129.0,186.0,57.0,3.263157894736842,38.0,0.6666666666666666,14.333333333333334,19.0,2,rolling,losing_streak_fitness,2_days,rep_1
test,1,0,53560,53560,86986,5,7,460,9.25,5,7,2,301.8128559223414,11,91.0,186.0,95.0,1.9578947368421051,38.0,0.5454545454545454,8.272727272727273,19.0,2,rolling,losing_streak_fitness,2_days,rep_1
train,1,0,53560,53560,86986,6,7,460,9.25,5,7,2,193.5,9,129.0,186.0,57.0,3.263157894736842,38.0,0.6666666666666666,14.333333333333334,19.0,2,rolling,losing_streak_fitness,2_days,rep_1
test,1,0,53560,53560,86986,6,7,460,9.25,5,7,2,301.8128559223414,11,91.0,186.0,95.0,1.9578947368421051,38.0,0.5454545454545454,8.272727272727273,19.0,2,rolling,losing_streak_fitness,2_days,rep_1
train,1,0,53560,53560,86986,7,7,1225,6.0,5,11,2,194.33610060922803,27,187.0,510.0,323.0,1.5789473684210529,120.0,0.3703703703703703,6.925925925925926,19.0,5,rolling,losing_streak_fitness,2_days,rep_1
test,1,0,53560,53560,86986,7,7,1225,6.0,5,11,2,2.345207879911715,22,2.0,306.0,304.0,1.006578947368421,152.0,0.2727272727272727,0.0909090909090909,19.0,8,rolling,losing_streak_fitness,2_days,rep_1
train,1,0,53560,53560,86986,8,7,1167,7.25,4,11,2,232.91814251172252,31,251.0,612.0,361.0,1.6952908587257618,114.0,0.3870967741935484,8.096774193548388,19.0,6,rolling,losing_streak_fitness,2_days,rep_1
test,1,0,53560,53560,86986,8,7,1167,7.25,4,11,2,-117.57609828910334,29,-131.0,306.0,437.0,0.700228832951945,259.0,0.2068965517241379,-4.517241379310345,19.0,12,rolling,losing_streak_fitness,2_days,rep_1
train,1,0,53560,53560,86986,9,7,1167,7.25,4,11,2,232.91814251172252,31,251.0,612.0,361.0,1.6952908587257618,114.0,0.3870967741935484,8.096774193548388,19.0,6,rolling,losing_streak_fitness,2_days,rep_1
test,1,0,53560,53560,86986,9,7,1167,7.25,4,11,2,-117.57609828910334,29,-131.0,306.0,437.0,0.700228832951945,259.0,0.2068965517241379,-4.517241379310345,19.0,12,rolling,losing_streak_fitness,2_days,rep_1
train,1,0,53560,53560,86986,10,7,1167,7.25,4,11,2,232.91814251172252,31,251.0,612.0,361.0,1.6952908587257618,114.0,0.3870967741935484,8.096774193548388,19.0,6,rolling,losing_streak_fitness,2_days,rep_1
test,1,0,53560,53560,86986,10,7,1167,7.25,4,11,2,-117.57609828910334,29,-131.0,306.0,437.0,0.700228832951945,259.0,0.2068965517241379,-4.517241379310345,19.0,12,rolling,losing_streak_fitness,2_days,rep_1
train,1,0,53560,53560,86986,11,7,1167,9.25,5,8,2,271.9319767883137,12,157.0,252.0,95.0,2.652631578947368,38.0,0.5833333333333334,13.083333333333334,19.0,2,rolling,losing_streak_fitness,2_days,rep_1
test,1,0,53560,53560,86986,11,7,1167,9.25,5,8,2,119.70430234540444,13,83.0,216.0,133.0,1.6240601503759398,95.0,0.4615384615384615,6.384615384615385,19.0,5,rolling,losing_streak_fitness,2_days,rep_1
train,1,0,53560,53560,86986,12,7,1167,7.25,4,10,2,284.7283305577832,32,302.0,644.0,342.0,1.8830409356725144,114.0,0.4375,9.4375,19.0,6,rolling,losing_streak_fitness,2_days,rep_1
test,1,0,53560,53560,86986,12,7,1167,7.25,4,10,2,-129.24395537122808,29,-96.0,322.0,418.0,0.7703349282296651,204.0,0.2413793103448276,-3.310344827586207,19.0,8,rolling,losing_streak_fitness,2_days,rep_1
train,1,0,53560,53560,86986,13,7,1167,7.25,4,10,2,284.7283305577832,32,302.0,644.0,342.0,1.8830409356725144,114.0,0.4375,9.4375,19.0,6,rolling,losing_streak_fitness,2_days,rep_1
test,1,0,53560,53560,86986,13,7,1167,7.25,4,10,2,-129.24395537122808,29,-96.0,322.0,418.0,0.7703349282296651,204.0,0.2413793103448276,-3.310344827586207,19.0,8,rolling,losing_streak_fitness,2_days,rep_1
train,1,0,53560,53560,86986,14,7,1167,7.25,4,10,2,284.7283305577832,32,302.0,644.0,342.0,1.8830409356725144,114.0,0.4375,9.4375,19.0,6,rolling,losing_streak_fitness,2_days,rep_1
test,1,0,53560,53560,86986,14,7,1167,7.25,4,10,2,-129.24395537122808,29,-96.0,322.0,418.0,0.7703349282296651,204.0,0.2413793103448276,-3.310344827586207,19.0,8,rolling,losing_streak_fitness,2_days,rep_1
train,1,0,53560,53560,86986,15,7,1167,7.0,4,10,2,284.7283305577832,32,302.0,644.0,342.0,1.8830409356725144,114.0,0.4375,9.4375,19.0,6,rolling,losing_streak_fitness,2_days,rep_1
test,1,0,53560,53560,86986,15,7,1167,7.0,4,10,2,-129.24395537122808,29,-96.0,322.0,418.0,0.7703349282296651,204.0,0.2413793103448276,-3.310344827586207,19.0,8,rolling,losing_streak_fitness,2_days,rep_1
train,1,0,53560,53560,86986,16,7,1167,7.25,4,10,2,284.7283305577832,32,302.0,644.0,342.0,1.8830409356725144,114.0,0.4375,9.4375,19.0,6,rolling,losing_streak_fitness,2_days,rep_1
test,1,0,53560,53560,86986,16,7,1167,7.25,4,10,2,-129.24395537122808,29,-96.0,322.0,418.0,0.7703349282296651,204.0,0.2413793103448276,-3.310344827586207,19.0,8,rolling,losing_streak_fitness,2_days,rep_1
train,1,0,53560,53560,86986,17,7,1167,7.25,4,10,2,284.7283305577832,32,302.0,644.0,342.0,1.8830409356725144,114.0,0.4375,9.4375,19.0,6,rolling,losing_streak_fitness,2_days,rep_1
test,1,0,53560,53560,86986,17,7,1167,7.25,4,10,2,-129.24395537122808,29,-96.0,322.0,418.0,0.7703349282296651,204.0,0.2413793103448276,-3.310344827586207,19.0,8,rolling,losing_streak_fitness,2_days,rep_1
train,1,0,53560,53560,86986,18,7,1167,7.25,4,10,2,284.7283305577832,32,302.0,644.0,342.0,1.8830409356725144,114.0,0.4375,9.4375,19.0,6,rolling,losing_streak_fitness,2_days,rep_1
test,1,0,53560,53560,86986,18,7,1167,7.25,4,10,2,-129.24395537122808,29,-96.0,322.0,418.0,0.7703349282296651,204.0,0.2413793103448276,-3.310344827586207,19.0,8,rolling,losing_streak_fitness,2_days,rep_1
train,1,0,53560,53560,86986,19,7,1167,7.25,4,10,2,284.7283305577832,32,302.0,644.0,342.0,1.8830409356725144,114.0,0.4375,9.4375,19.0,6,rolling,losing_streak_fitness,2_days,rep_1
test,1,0,53560,53560,86986,19,7,1167,7.25,4,10,2,-129.24395537122808,29,-96.0,322.0,418.0,0.7703349282296651,204.0,0.2413793103448276,-3.310344827586207,19.0,8,rolling,losing_streak_fitness,2_days,rep_1
train,1,0,53560,53560,86986,20,7,1225,7.25,4,10,2,284.7283305577832,32,302.0,644.0,342.0,1.8830409356725144,114.0,0.4375,9.4375,19.0,6,rolling,losing_streak_fitness,2_days,rep_1
test,1,0,53560,53560,86986,20,7,1225,7.25,4,10,2,-129.24395537122808,29,-96.0,322.0,418.0,0.7703349282296651,204.0,0.2413793103448276,-3.310344827586207,19.0,8,rolling,losing_streak_fitness,2_days,rep_1
train,1,0,53560,53560,86986,21,7,1096,7.25,4,10,2,284.7283305577832,32,302.0,644.0,342.0,1.8830409356725144,114.0,0.4375,9.4375,19.0,6,rolling,losing_streak_fitness,2_days,rep_1
test,1,0,53560,53560,86986,21,7,1096,7.25,4,10,2,-129.24395537122808,29,-96.0,322.0,418.0,0.7703349282296651,204.0,0.2413793103448276,-3.310344827586207,19.0,8,rolling,losing_streak_fitness,2_days,rep_1
train,1,0,53560,53560,86986,22,7,1260,7.25,4,10,2,284.7283305577832,32,302.0,644.0,342.0,1.8830409356725144,114.0,0.4375,9.4375,19.0,6,rolling,losing_streak_fitness,2_days,rep_1
test,1,0,53560,53560,86986,22,7,1260,7.25,4,10,2,-139.97354247354244,30,-115.0,322.0,437.0,0.7368421052631579,223.0,0.2333333333333333,-3.8333333333333335,19.0,9,rolling,losing_streak_fitness,2_days,rep_1
train,1,0,53560,53560,86986,23,7,1167,7.0,4,10,2,284.7283305577832,32,302.0,644.0,342.0,1.8830409356725144,114.0,0.4375,9.4375,19.0,6,rolling,losing_streak_fitness,2_days,rep_1
test,1,0,53560,53560,86986,23,7,1167,7.0,4,10,2,-129.24395537122808,29,-96.0,322.0,418.0,0.7703349282296651,204.0,0.2413793103448276,-3.310344827586207,19.0,8,rolling,losing_streak_fitness,2_days,rep_1
train,1,0,53560,53560,86986,24,7,997,7.25,4,10,2,297.8753934114061,31,321.0,644.0,323.0,1.993808049535604,114.0,0.4516129032258064,10.35483870967742,19.0,6,rolling,losing_streak_fitness,2_days,rep_1
test,1,0,53560,53560,86986,24,7,997,7.25,4,10,2,-101.86142547598676,28,-77.0,322.0,399.0,0.8070175438596491,185.0,0.25,-2.75,19.0,8,rolling,losing_streak_fitness,2_days,rep_1
train,1,0,53560,53560,86986,25,7,997,7.5,4,10,2,297.8753934114061,31,321.0,644.0,323.0,1.993808049535604,114.0,0.4516129032258064,10.35483870967742,19.0,6,rolling,losing_streak_fitness,2_days,rep_1
test,1,0,53560,53560,86986,25,7,997,7.5,4,10,2,-101.86142547598676,28,-77.0,322.0,399.0,0.8070175438596491,185.0,0.25,-2.75,19.0,8,rolling,losing_streak_fitness,2_days,rep_1
train,1,0,53560,53560,86986,26,7,997,7.5,4,10,2,297.8753934114061,31,321.0,644.0,323.0,1.993808049535604,114.0,0.4516129032258064,10.35483870967742,19.0,6,rolling,losing_streak_fitness,2_days,rep_1
test,1,0,53560,53560,86986,26,7,997,7.5,4,10,2,-101.86142547598676,28,-77.0,322.0,399.0,0.8070175438596491,185.0,0.25,-2.75,19.0,8,rolling,losing_streak_fitness,2_days,rep_1
train,1,0,53560,53560,86986,27,7,997,7.0,4,10,2,297.8753934114061,31,321.0,644.0,323.0,1.993808049535604,114.0,0.4516129032258064,10.35483870967742,19.0,6,rolling,losing_streak_fitness,2_days,rep_1
test,1,0,53560,53560,86986,27,7,997,7.0,4,10,2,-101.86142547598676,28,-77.0,322.0,399.0,0.8070175438596491,185.0,0.25,-2.75,19.0,8,rolling,losing_streak_fitness,2_days,rep_1
train,1,0,53560,53560,86986,28,7,917,7.25,4,10,2,322.2123609602145,29,359.0,644.0,285.0,2.259649122807017,114.0,0.4827586206896552,12.379310344827584,19.0,6,rolling,losing_streak_fitness,2_days,rep_1
test,1,0,53560,53560,86986,28,7,917,7.25,4,10,2,-101.86142547598676,28,-77.0,322.0,399.0,0.8070175438596491,185.0,0.25,-2.75,19.0,8,rolling,losing_streak_fitness,2_days,rep_1
train,1,0,53560,53560,86986,29,7,917,7.25,4,10,2,322.2123609602145,29,359.0,644.0,285.0,2.259649122807017,114.0,0.4827586206896552,12.379310344827584,19.0,6,rolling,losing_streak_fitness,2_days,rep_1
test,1,0,53560,53560,86986,29,7,917,7.25,4,10,2,-101.86142547598676,28,-77.0,322.0,399.0,0.8070175438596491,185.0,0.25,-2.75,19.0,8,rolling,losing_streak_fitness,2_days,rep_1
train,1,0,53560,53560,86986,30,7,825,7.25,4,10,2,333.36466519413847,28,378.0,644.0,266.0,2.421052631578948,114.0,0.5,13.5,19.0,6,rolling,losing_streak_fitness,2_days,rep_1
test,1,0,53560,53560,86986,30,7,825,7.25,4,10,2,-101.86142547598676,28,-77.0,322.0,399.0,0.8070175438596491,185.0,0.25,-2.75,19.0,8,rolling,losing_streak_fitness,2_days,rep_1
train,1,0,53560,53560,86986,31,7,858,7.25,4,10,2,333.36466519413847,28,378.0,644.0,266.0,2.421052631578948,114.0,0.5,13.5,19.0,6,rolling,losing_streak_fitness,2_days,rep_1
test,1,0,53560,53560,86986,31,7,858,7.25,4,10,2,-101.86142547598676,28,-77.0,322.0,399.0,0.8070175438596491,185.0,0.25,-2.75,19.0,8,rolling,losing_streak_fitness,2_days,rep_1
train,1,0,53560,53560,86986,32,7,858,7.25,4,10,2,333.36466519413847,28,378.0,644.0,266.0,2.421052631578948,114.0,0.5,13.5,19.0,6,rolling,losing_streak_fitness,2_days,rep_1
test,1,0,53560,53560,86986,32,7,858,7.25,4,10,2,-101.86142547598676,28,-77.0,322.0,399.0,0.8070175438596491,185.0,0.25,-2.75,19.0,8,rolling,losing_streak_fitness,2_days,rep_1
train,1,0,53560,53560,86986,33,7,858,7.5,4,10,2,333.36466519413847,28,378.0,644.0,266.0,2.421052631578948,114.0,0.5,13.5,19.0,6,rolling,losing_streak_fitness,2_days,rep_1
test,1,0,53560,53560,86986,33,7,858,7.5,4,10,2,-101.86142547598676,28,-77.0,322.0,399.0,0.8070175438596491,185.0,0.25,-2.75,19.0,8,rolling,losing_streak_fitness,2_days,rep_1
train,1,0,53560,53560,86986,34,7,882,7.25,4,10,2,333.36466519413847,28,378.0,644.0,266.0,2.421052631578948,114.0,0.5,13.5,19.0,6,rolling,losing_streak_fitness,2_days,rep_1
test,1,0,53560,53560,86986,34,7,882,7.25,4,10,2,-101.86142547598676,28,-77.0,322.0,399.0,0.8070175438596491,185.0,0.25,-2.75,19.0,8,rolling,losing_streak_fitness,2_days,rep_1
train,1,0,53560,53560,86986,35,7,825,7.25,4,10,2,333.36466519413847,28,378.0,644.0,266.0,2.421052631578948,114.0,0.5,13.5,19.0,6,rolling,losing_streak_fitness,2_days,rep_1
test,1,0,53560,53560,86986,35,7,825,7.25,4,10,2,-101.86142547598676,28,-77.0,322.0,399.0,0.8070175438596491,185.0,0.25,-2.75,19.0,8,rolling,losing_streak_fitness,2_days,rep_1
train,1,0,53560,53560,86986,36,7,882,7.25,4,10,2,333.36466519413847,28,378.0,644.0,266.0,2.421052631578948,114.0,0.5,13.5,19.0,6,rolling,losing_streak_fitness,2_days,rep_1
test,1,0,53560,53560,86986,36,7,882,7.25,4,10,2,-101.86142547598676,28,-77.0,322.0,399.0,0.8070175438596491,185.0,0.25,-2.75,19.0,8,rolling,losing_streak_fitness,2_days,rep_1
train,1,0,53560,53560,86986,37,7,882,7.25,4,10,2,333.36466519413847,28,378.0,644.0,266.0,2.421052631578948,114.0,0.5,13.5,19.0,6,rolling,losing_streak_fitness,2_days,rep_1
test,1,0,53560,53560,86986,37,7,882,7.25,4,10,2,-101.86142547598676,28,-77.0,322.0,399.0,0.8070175438596491,185.0,0.25,-2.75,19.0,8,rolling,losing_streak_fitness,2_days,rep_1
train,1,0,53560,53560,86986,38,7,858,7.5,4,10,2,333.36466519413847,28,378.0,644.0,266.0,2.421052631578948,114.0,0.5,13.5,19.0,6,rolling,losing_streak_fitness,2_days,rep_1
test,1,0,53560,53560,86986,38,7,858,7.5,4,10,2,-101.86142547598676,28,-77.0,322.0,399.0,0.8070175438596491,185.0,0.25,-2.75,19.0,8,rolling,losing_streak_fitness,2_days,rep_1
train,1,0,53560,53560,86986,39,7,852,7.75,4,10,2,333.36466519413847,28,378.0,644.0,266.0,2.421052631578948,114.0,0.5,13.5,19.0,6,rolling,losing_streak_fitness,2_days,rep_1
test,1,0,53560,53560,86986,39,7,852,7.75,4,10,2,-101.86142547598676,28,-77.0,322.0,399.0,0.8070175438596491,185.0,0.25,-2.75,19.0,8,rolling,losing_streak_fitness,2_days,rep_1
train,1,0,53560,53560,86986,40,7,829,7.5,4,10,2,333.36466519413847,28,378.0,644.0,266.0,2.421052631578948,114.0,0.5,13.5,19.0,6,rolling,losing_streak_fitness,2_days,rep_1
test,1,0,53560,53560,86986,40,7,829,7.5,4,10,2,-101.86142547598676,28,-77.0,322.0,399.0,0.8070175438596491,185.0,0.25,-2.75,19.0,8,rolling,losing_streak_fitness,2_days,rep_1
train,1,0,53560,53560,86986,41,7,882,7.75,4,10,2,333.36466519413847,28,378.0,644.0,266.0,2.421052631578948,114.0,0.5,13.5,19.0,6,rolling,losing_streak_fitness,2_days,rep_1
test,1,0,53560,53560,86986,41,7,882,7.75,4,10,2,-101.86142547598676,28,-77.0,322.0,399.0,0.8070175438596491,185.0,0.25,-2.75,19.0,8,rolling,losing_streak_fitness,2_days,rep_1
train,1,0,53560,53560,86986,42,7,882,7.25,4,10,2,333.36466519413847,28,378.0,644.0,266.0,2.421052631578948,114.0,0.5,13.5,19.0,6,rolling,losing_streak_fitness,2_days,rep_1
test,1,0,53560,53560,86986,42,7,882,7.25,4,10,2,-101.86142547598676,28,-77.0,322.0,399.0,0.8070175438596491,185.0,0.25,-2.75,19.0,8,rolling,losing_streak_fitness,2_days,rep_1
train,1,0,53560,53560,86986,43,7,858,7.25,4,10,2,333.36466519413847,28,378.0,644.0,266.0,2.421052631578948,114.0,0.5,13.5,19.0,6,rolling,losing_streak_fitness,2_days,rep_1
test,1,0,53560,53560,86986,43,7,858,7.25,4,10,2,-101.86142547598676,28,-77.0,322.0,399.0,0.8070175438596491,185.0,0.25,-2.75,19.0,8,rolling,losing_streak_fitness,2_days,rep_1
train,1,0,53560,53560,86986,44,7,882,7.75,4,10,2,333.36466519413847,28,378.0,644.0,266.0,2.421052631578948,114.0,0.5,13.5,19.0,6,rolling,losing_streak_fitness,2_days,rep_1
test,1,0,53560,53560,86986,44,7,882,7.75,4,10,2,-101.86142547598676,28,-77.0,322.0,399.0,0.8070175438596491,185.0,0.25,-2.75,19.0,8,rolling,losing_streak_fitness,2_days,rep_1
train,1,0,53560,53560,86986,45,7,849,7.5,4,10,2,333.36466519413847,28,378.0,644.0,266.0,2.421052631578948,114.0,0.5,13.5,19.0,6,rolling,losing_streak_fitness,2_days,rep_1
test,1,0,53560,53560,86986,45,7,849,7.5,4,10,2,-101.86142547598676,28,-77.0,322.0,399.0,0.8070175438596491,185.0,0.25,-2.75,19.0,8,rolling,losing_streak_fitness,2_days,rep_1
train,1,0,53560,53560,86986,46,7,852,7.0,4,10,2,333.36466519413847,28,378.0,644.0,266.0,2.421052631578948,114.0,0.5,13.5,19.0,6,rolling,losing_streak_fitness,2_days,rep_1
test,1,0,53560,53560,86986,46,7,852,7.0,4,10,2,-101.86142547598676,28,-77.0,322.0,399.0,0.8070175438596491,185.0,0.25,-2.75,19.0,8,rolling,losing_streak_fitness,2_days,rep_1
train,1,0,53560,53560,86986,47,7,852,7.25,4,10,2,333.36466519413847,28,378.0,644.0,266.0,2.421052631578948,114.0,0.5,13.5,19.0,6,rolling,losing_streak_fitness,2_days,rep_1
test,1,0,53560,53560,86986,47,7,852,7.25,4,10,2,-101.86142547598676,28,-77.0,322.0,399.0,0.8070175438596491,185.0,0.25,-2.75,19.0,8,rolling,losing_streak_fitness,2_days,rep_1
train,1,0,53560,53560,86986,48,7,882,7.25,4,10,2,333.36466519413847,28,378.0,644.0,266.0,2.421052631578948,114.0,0.5,13.5,19.0,6,rolling,losing_streak_fitness,2_days,rep_1
test,1,0,53560,53560,86986,48,7,882,7.25,4,10,2,-101.86142547598676,28,-77.0,322.0,399.0,0.8070175438596491,185.0,0.25,-2.75,19.0,8,rolling,losing_streak_fitness,2_days,rep_1
train,1,0,53560,53560,86986,49,7,852,7.75,4,10,2,333.36466519413847,28,378.0,644.0,266.0,2.421052631578948,114.0,0.5,13.5,19.0,6,rolling,losing_streak_fitness,2_days,rep_1
test,1,0,53560,53560,86986,49,7,852,7.75,4,10,2,-101.86142547598676,28,-77.0,322.0,399.0,0.8070175438596491,185.0,0.25,-2.75,19.0,8,rolling,losing_streak_fitness,2_days,rep_1
train,1,0,53560,53560,86986,50,7,882,7.25,4,10,2,333.36466519413847,28,378.0,644.0,266.0,2.421052631578948,114.0,0.5,13.5,19.0,6,rolling,losing_streak_fitness,2_days,rep_1
test,1,0,53560,53560,86986,50,7,882,7.25,4,10,2,-101.86142547598676,28,-77.0,322.0,399.0,0.8070175438596491,185.0,0.25,-2.75,19.0,8,rolling,losing_streak_fitness,2_days,rep_1
train,1,0,53560,53560,86986,51,7,852,7.25,4,10,2,333.36466519413847,28,378.0,644.0,266.0,2.421052631578948,114.0,0.5,13.5,19.0,6,rolling,losing_streak_fitness,2_days,rep_1
test,1,0,53560,53560,86986,51,7,852,7.25,4,10,2,-101.86142547598676,28,-77.0,322.0,399.0,0.8070175438596491,185.0,0.25,-2.75,19.0,8,rolling,losing_streak_fitness,2_days,rep_1
train,1,0,53560,53560,86986,52,7,882,7.25,4,10,2,333.36466519413847,28,378.0,644.0,266.0,2.421052631578948,114.0,0.5,13.5,19.0,6,rolling,losing_streak_fitness,2_days,rep_1
test,1,0,53560,53560,86986,52,7,882,7.25,4,10,2,-101.86142547598676,28,-77.0,322.0,399.0,0.8070175438596491,185.0,0.25,-2.75,19.0,8,rolling,losing_streak_fitness,2_days,rep_1
train,1,0,53560,53560,86986,53,7,820,7.0,4,10,2,333.36466519413847,28,378.0,644.0,266.0,2.421052631578948,114.0,0.5,13.5,19.0,6,rolling,losing_streak_fitness,2_days,rep_1
test,1,0,53560,53560,86986,53,7,820,7.0,4,10,2,-101.86142547598676,28,-77.0,322.0,399.0,0.8070175438596491,185.0,0.25,-2.75,19.0,8,rolling,losing_streak_fitness,2_days,rep_1
train,1,0,53560,53560,86986,54,7,882,7.25,4,10,2,333.36466519413847,28,378.0,644.0,266.0,2.421052631578948,114.0,0.5,13.5,19.0,6,rolling,losing_streak_fitness,2_days,rep_1
test,1,0,53560,53560,86986,54,7,882,7.25,4,10,2,-101.86142547598676,28,-77.0,322.0,399.0,0.8070175438596491,185.0,0.25,-2.75,19.0,8,rolling,losing_streak_fitness,2_days,rep_1
train,1,0,53560,53560,86986,55,7,812,7.75,4,10,2,333.36466519413847,28,378.0,644.0,266.0,2.421052631578948,114.0,0.5,13.5,19.0,6,rolling,losing_streak_fitness,2_days,rep_1
test,1,0,53560,53560,86986,55,7,812,7.75,4,10,2,-101.86142547598676,28,-77.0,322.0,399.0,0.8070175438596491,185.0,0.25,-2.75,19.0,8,rolling,losing_streak_fitness,2_days,rep_1
train,1,0,53560,53560,86986,56,7,812,7.0,4,10,2,333.36466519413847,28,378.0,644.0,266.0,2.421052631578948,114.0,0.5,13.5,19.0,6,rolling,losing_streak_fitness,2_days,rep_1
test,1,0,53560,53560,86986,56,7,812,7.0,4,10,2,-101.86142547598676,28,-77.0,322.0,399.0,0.8070175438596491,185.0,0.25,-2.75,19.0,8,rolling,losing_streak_fitness,2_days,rep_1
train,1,0,53560,53560,86986,57,7,812,7.25,4,10,2,333.36466519413847,28,378.0,644.0,266.0,2.421052631578948,114.0,0.5,13.5,19.0,6,rolling,losing_streak_fitness,2_days,rep_1
test,1,0,53560,53560,86986,57,7,812,7.25,4,10,2,-101.86142547598676,28,-77.0,322.0,399.0,0.8070175438596491,185.0,0.25,-2.75,19.0,8,rolling,losing_streak_fitness,2_days,rep_1
train,1,0,53560,53560,86986,58,7,858,7.25,4,10,2,333.36466519413847,28,378.0,644.0,266.0,2.421052631578948,114.0,0.5,13.5,19.0,6,rolling,losing_streak_fitness,2_days,rep_1
test,1,0,53560,53560,86986,58,7,858,7.25,4,10,2,-101.86142547598676,28,-77.0,322.0,399.0,0.8070175438596491,185.0,0.25,-2.75,19.0,8,rolling,losing_streak_fitness,2_days,rep_1
train,1,0,53560,53560,86986,59,7,882,7.5,4,10,2,333.36466519413847,28,378.0,644.0,266.0,2.421052631578948,114.0,0.5,13.5,19.0,6,rolling,losing_streak_fitness,2_days,rep_1
test,1,0,53560,53560,86986,59,7,882,7.5,4,10,2,-101.86142547598676,28,-77.0,322.0,399.0,0.8070175438596491,185.0,0.25,-2.75,19.0,8,rolling,losing_streak_fitness,2_days,rep_1
train,1,0,53560,53560,86986,60,7,852,7.0,4,10,2,333.36466519413847,28,378.0,644.0,266.0,2.421052631578948,114.0,0.5,13.5,19.0,6,rolling,losing_streak_fitness,2_days,rep_1
test,1,0,53560,53560,86986,60,7,852,7.0,4,10,2,-101.86142547598676,28,-77.0,322.0,399.0,0.8070175438596491,185.0,0.25,-2.75,19.0,8,rolling,losing_streak_fitness,2_days,rep_1
train,1,0,53560,53560,86986,61,7,712,7.0,4,10,2,424.2384235309197,26,416.0,644.0,228.0,2.824561403508772,95.0,0.5384615384615384,16.0,19.0,5,rolling,losing_streak_fitness,2_days,rep_1
test,1,0,53560,53560,86986,61,7,712,7.0,4,10,2,-33.333333333333336,25,-20.0,322.0,342.0,0.9415204678362572,147.0,0.28,-0.8,19.0,6,rolling,losing_streak_fitness,2_days,rep_1
train,1,0,53560,53560,86986,62,7,712,7.0,4,10,2,424.2384235309197,26,416.0,644.0,228.0,2.824561403508772,95.0,0.5384615384615384,16.0,19.0,5,rolling,losing_streak_fitness,2_days,rep_1
test,1,0,53560,53560,86986,62,7,712,7.0,4,10,2,-33.333333333333336,25,-20.0,322.0,342.0,0.9415204678362572,147.0,0.28,-0.8,19.0,6,rolling,losing_streak_fitness,2_days,rep_1
train,1,0,53560,53560,86986,63,7,712,7.75,4,10,2,424.2384235309197,26,416.0,644.0,228.0,2.824561403508772,95.0,0.5384615384615384,16.0,19.0,5,rolling,losing_streak_fitness,2_days,rep_1
test,1,0,53560,53560,86986,63,7,712,7.75,4,10,2,-33.333333333333336,25,-20.0,322.0,342.0,0.9415204678362572,147.0,0.28,-0.8,19.0,6,rolling,losing_streak_fitness,2_days,rep_1
train,1,0,53560,53560,86986,64,7,712,7.75,4,10,2,424.2384235309197,26,416.0,644.0,228.0,2.824561403508772,95.0,0.5384615384615384,16.0,19.0,5,rolling,losing_streak_fitness,2_days,rep_1
test,1,0,53560,53560,86986,64,7,712,7.75,4,10,2,-33.333333333333336,25,-20.0,322.0,342.0,0.9415204678362572,147.0,0.28,-0.8,19.0,6,rolling,losing_streak_fitness,2_days,rep_1
train,1,0,53560,53560,86986,65,7,712,7.75,4,10,2,424.2384235309197,26,416.0,644.0,228.0,2.824561403508772,95.0,0.5384615384615384,16.0,19.0,5,rolling,losing_streak_fitness,2_days,rep_1
test,1,0,53560,53560,86986,65,7,712,7.75,4,10,2,-33.333333333333336,25,-20.0,322.0,342.0,0.9415204678362572,147.0,0.28,-0.8,19.0,6,rolling,losing_streak_fitness,2_days,rep_1
train,1,0,53560,53560,86986,66,7,712,7.5,4,10,2,424.2384235309197,26,416.0,644.0,228.0,2.824561403508772,95.0,0.5384615384615384,16.0,19.0,5,rolling,losing_streak_fitness,2_days,rep_1
test,1,0,53560,53560,86986,66,7,712,7.5,4,10,2,-33.333333333333336,25,-20.0,322.0,342.0,0.9415204678362572,147.0,0.28,-0.8,19.0,6,rolling,losing_streak_fitness,2_days,rep_1
train,1,0,53560,53560,86986,67,7,712,7.5,4,10,2,424.2384235309197,26,416.0,644.0,228.0,2.824561403508772,95.0,0.5384615384615384,16.0,19.0,5,rolling,losing_streak_fitness,2_days,rep_1
test,1,0,53560,53560,86986,67,7,712,7.5,4,10,2,-33.333333333333336,25,-20.0,322.0,342.0,0.9415204678362572,147.0,0.28,-0.8,19.0,6,rolling,losing_streak_fitness,2_days,rep_1
train,1,0,53560,53560,86986,68,7,712,7.25,4,10,2,424.2384235309197,26,416.0,644.0,228.0,2.824561403508772,95.0,0.5384615384615384,16.0,19.0,5,rolling,losing_streak_fitness,2_days,rep_1
test,1,0,53560,53560,86986,68,7,712,7.25,4,10,2,-33.333333333333336,25,-20.0,322.0,342.0,0.9415204678362572,147.0,0.28,-0.8,19.0,6,rolling,losing_streak_fitness,2_days,rep_1
train,1,0,53560,53560,86986,69,7,712,7.75,4,10,2,424.2384235309197,26,416.0,644.0,228.0,2.824561403508772,95.0,0.5384615384615384,16.0,19.0,5,rolling,losing_streak_fitness,2_days,rep_1
test,1,0,53560,53560,86986,69,7,712,7.75,4,10,2,-33.333333333333336,25,-20.0,322.0,342.0,0.9415204678362572,147.0,0.28,-0.8,19.0,6,rolling,losing_streak_fitness,2_days,rep_1
train,1,0,53560,53560,86986,70,7,712,7.25,4,10,2,424.2384235309197,26,416.0,644.0,228.0,2.824561403508772,95.0,0.5384615384615384,16.0,19.0,5,rolling,losing_streak_fitness,2_days,rep_1
test,1,0,53560,53560,86986,70,7,712,7.25,4,10,2,-33.333333333333336,25,-20.0,322.0,342.0,0.9415204678362572,147.0,0.28,-0.8,19.0,6,rolling,losing_streak_fitness,2_days,rep_1
train,1,0,53560,53560,86986,71,7,712,7.75,4,10,2,424.2384235309197,26,416.0,644.0,228.0,2.824561403508772,95.0,0.5384615384615384,16.0,19.0,5,rolling,losing_streak_fitness,2_days,rep_1
test,1,0,53560,53560,86986,71,7,712,7.75,4,10,2,-33.333333333333336,25,-20.0,322.0,342.0,0.9415204678362572,147.0,0.28,-0.8,19.0,6,rolling,losing_streak_fitness,2_days,rep_1
train,1,0,53560,53560,86986,72,7,712,7.25,4,10,2,424.2384235309197,26,416.0,644.0,228.0,2.824561403508772,95.0,0.5384615384615384,16.0,19.0,5,rolling,losing_streak_fitness,2_days,rep_1
test,1,0,53560,53560,86986,72,7,712,7.25,4,10,2,-33.333333333333336,25,-20.0,322.0,342.0,0.9415204678362572,147.0,0.28,-0.8,19.0,6,rolling,losing_streak_fitness,2_days,rep_1
train,1,0,53560,53560,86986,73,7,662,7.5,4,10,2,424.2384235309197,26,416.0,644.0,228.0,2.824561403508772,95.0,0.5384615384615384,16.0,19.0,5,rolling,losing_streak_fitness,2_days,rep_1
test,1,0,53560,53560,86986,73,7,662,7.5,4,10,2,-33.333333333333336,25,-20.0,322.0,342.0,0.9415204678362572,147.0,0.28,-0.8,19.0,6,rolling,losing_streak_fitness,2_days,rep_1
train,1,0,53560,53560,86986,74,7,712,7.5,4,10,2,424.2384235309197,26,416.0,644.0,228.0,2.824561403508772,95.0,0.5384615384615384,16.0,19.0,5,rolling,losing_streak_fitness,2_days,rep_1
test,1,0,53560,53560,86986,74,7,712,7.5,4,10,2,-33.333333333333336,25,-20.0,322.0,342.0,0.9415204678362572,147.0,0.28,-0.8,19.0,6,rolling,losing_streak_fitness,2_days,rep_1
train,1,0,53560,53560,86986,75,7,712,7.5,4,10,2,424.2384235309197,26,416.0,644.0,228.0,2.824561403508772,95.0,0.5384615384615384,16.0,19.0,5,rolling,losing_streak_fitness,2_days,rep_1
test,1,0,53560,53560,86986,75,7,712,7.5,4,10,2,-33.333333333333336,25,-20.0,322.0,342.0,0.9415204678362572,147.0,0.28,-0.8,19.0,6,rolling,losing_streak_fitness,2_days,rep_1
train,1,0,53560,53560,86986,76,7,712,7.75,4,10,2,424.2384235309197,26,416.0,644.0,228.0,2.824561403508772,95.0,0.5384615384615384,16.0,19.0,5,rolling,losing_streak_fitness,2_days,rep_1
test,1,0,53560,53560,86986,76,7,712,7.75,4,10,2,-33.333333333333336,25,-20.0,322.0,342.0,0.9415204678362572,147.0,0.28,-0.8,19.0,6,rolling,losing_streak_fitness,2_days,rep_1
train,1,0,53560,53560,86986,77,7,712,7.25,4,10,2,424.2384235309197,26,416.0,644.0,228.0,2.824561403508772,95.0,0.5384615384615384,16.0,19.0,5,rolling,losing_streak_fitness,2_days,rep_1
test,1,0,53560,53560,86986,77,7,712,7.25,4,10,2,-33.333333333333336,25,-20.0,322.0,342.0,0.9415204678362572,147.0,0.28,-0.8,19.0,6,rolling,losing_streak_fitness,2_days,rep_1
train,1,0,53560,53560,86986,78,7,712,7.75,4,10,2,424.2384235309197,26,416.0,644.0,228.0,2.824561403508772,95.0,0.5384615384615384,16.0,19.0,5,rolling,losing_streak_fitness,2_days,rep_1
test,1,0,53560,53560,86986,78,7,712,7.75,4,10,2,-33.333333333333336,25,-20.0,322.0,342.0,0.9415204678362572,147.0,0.28,-0.8,19.0,6,rolling,losing_streak_fitness,2_days,rep_1
train,1,0,53560,53560,86986,79,7,690,7.75,4,10,2,424.2384235309197,26,416.0,644.0,228.0,2.824561403508772,95.0,0.5384615384615384,16.0,19.0,5,rolling,losing_streak_fitness,2_days,rep_1
test,1,0,53560,53560,86986,79,7,690,7.75,4,10,2,-33.333333333333336,25,-20.0,322.0,342.0,0.9415204678362572,147.0,0.28,-0.8,19.0,6,rolling,losing_streak_fitness,2_days,rep_1
train,1,0,53560,53560,86986,80,7,683,7.75,4,10,2,424.2384235309197,26,416.0,644.0,228.0,2.824561403508772,95.0,0.5384615384615384,16.0,19.0,5,rolling,losing_streak_fitness,2_days,rep_1
test,1,0,53560,53560,86986,80,7,683,7.75,4,10,2,-33.333333333333336,25,-20.0,322.0,342.0,0.9415204678362572,147.0,0.28,-0.8,19.0,6,rolling,losing_streak_fitness,2_days,rep_1
train,1,0,53560,53560,86986,81,7,712,7.25,4,10,2,424.2384235309197,26,416.0,644.0,228.0,2.824561403508772,95.0,0.5384615384615384,16.0,19.0,5,rolling,losing_streak_fitness,2_days,rep_1
test,1,0,53560,53560,86986,81,7,712,7.25,4,10,2,-33.333333333333336,25,-20.0,322.0,342.0,0.9415204678362572,147.0,0.28,-0.8,19.0,6,rolling,losing_streak_fitness,2_days,rep_1
train,1,0,53560,53560,86986,82,7,683,7.75,4,10,2,424.2384235309197,26,416.0,644.0,228.0,2.824561403508772,95.0,0.5384615384615384,16.0,19.0,5,rolling,losing_streak_fitness,2_days,rep_1
test,1,0,53560,53560,86986,82,7,683,7.75,4,10,2,-33.333333333333336,25,-20.0,322.0,342.0,0.9415204678362572,147.0,0.28,-0.8,19.0,6,rolling,losing_streak_fitness,2_days,rep_1
train,1,0,53560,53560,86986,83,7,712,7.25,4,10,2,424.2384235309197,26,416.0,644.0,228.0,2.824561403508772,95.0,0.5384615384615384,16.0,19.0,5,rolling,losing_streak_fitness,2_days,rep_1
test,1,0,53560,53560,86986,83,7,712,7.25,4,10,2,-33.333333333333336,25,-20.0,322.0,342.0,0.9415204678362572,147.0,0.28,-0.8,19.0,6,rolling,losing_streak_fitness,2_days,rep_1
train,1,0,53560,53560,86986,84,7,712,7.5,4,10,2,424.2384235309197,26,416.0,644.0,228.0,2.824561403508772,95.0,0.5384615384615384,16.0,19.0,5,rolling,losing_streak_fitness,2_days,rep_1
test,1,0,53560,53560,86986,84,7,712,7.5,4,10,2,-33.333333333333336,25,-20.0,322.0,342.0,0.9415204678362572,147.0,0.28,-0.8,19.0,6,rolling,losing_streak_fitness,2_days,rep_1
train,1,0,53560,53560,86986,85,7,712,7.5,4,10,2,424.2384235309197,26,416.0,644.0,228.0,2.824561403508772,95.0,0.5384615384615384,16.0,19.0,5,rolling,losing_streak_fitness,2_days,rep_1
test,1,0,53560,53560,86986,85,7,712,7.5,4,10,2,-33.333333333333336,25,-20.0,322.0,342.0,0.9415204678362572,147.0,0.28,-0.8,19.0,6,rolling,losing_streak_fitness,2_days,rep_1
train,1,0,53560,53560,86986,86,7,712,7.75,4,10,2,424.2384235309197,26,416.0,644.0,228.0,2.824561403508772,95.0,0.5384615384615384,16.0,19.0,5,rolling,losing_streak_fitness,2_days,rep_1
test,1,0,53560,53560,86986,86,7,712,7.75,4,10,2,-33.333333333333336,25,-20.0,322.0,342.0,0.9415204678362572,147.0,0.28,-0.8,19.0,6,rolling,losing_streak_fitness,2_days,rep_1
train,1,0,53560,53560,86986,87,7,712,7.25,4,10,2,424.2384235309197,26,416.0,644.0,228.0,2.824561403508772,95.0,0.5384615384615384,16.0,19.0,5,rolling,losing_streak_fitness,2_days,rep_1
test,1,0,53560,53560,86986,87,7,712,7.25,4,10,2,-33.333333333333336,25,-20.0,322.0,342.0,0.9415204678362572,147.0,0.28,-0.8,19.0,6,rolling,losing_streak_fitness,2_days,rep_1
train,1,0,53560,53560,86986,88,7,712,7.75,4,10,2,424.2384235309197,26,416.0,644.0,228.0,2.824561403508772,95.0,0.5384615384615384,16.0,19.0,5,rolling,losing_streak_fitness,2_days,rep_1
test,1,0,53560,53560,86986,88,7,712,7.75,4,10,2,-33.333333333333336,25,-20.0,322.0,342.0,0.9415204678362572,147.0,0.28,-0.8,19.0,6,rolling,losing_streak_fitness,2_days,rep_1
train,1,0,53560,53560,86986,89,7,712,7.5,4,10,2,424.2384235309197,26,416.0,644.0,228.0,2.824561403508772,95.0,0.5384615384615384,16.0,19.0,5,rolling,losing_streak_fitness,2_days,rep_1
test,1,0,53560,53560,86986,89,7,712,7.5,4,10,2,-33.333333333333336,25,-20.0,322.0,342.0,0.9415204678362572,147.0,0.28,-0.8,19.0,6,rolling,losing_streak_fitness,2_days,rep_1
train,1,0,53560,53560,86986,90,7,712,7.5,4,10,2,424.2384235309197,26,416.0,644.0,228.0,2.824561403508772,95.0,0.5384615384615384,16.0,19.0,5,rolling,losing_streak_fitness,2_days,rep_1
test,1,0,53560,53560,86986,90,7,712,7.5,4,10,2,-33.333333333333336,25,-20.0,322.0,342.0,0.9415204678362572,147.0,0.28,-0.8,19.0,6,rolling,losing_streak_fitness,2_days,rep_1
train,1,0,53560,53560,86986,91,7,712,7.5,4,10,2,424.2384235309197,26,416.0,644.0,228.0,2.824561403508772,95.0,0.5384615384615384,16.0,19.0,5,rolling,losing_streak_fitness,2_days,rep_1
test,1,0,53560,53560,86986,91,7,712,7.5,4,10,2,-33.333333333333336,25,-20.0,322.0,342.0,0.9415204678362572,147.0,0.28,-0.8,19.0,6,rolling,losing_streak_fitness,2_days,rep_1
train,1,0,53560,53560,86986,92,7,712,7.25,4,10,2,424.2384235309197,26,416.0,644.0,228.0,2.824561403508772,95.0,0.5384615384615384,16.0,19.0,5,rolling,losing_streak_fitness,2_days,rep_1
test,1,0,53560,53560,86986,92,7,712,7.25,4,10,2,-33.333333333333336,25,-20.0,322.0,342.0,0.9415204678362572,147.0,0.28,-0.8,19.0,6,rolling,losing_streak_fitness,2_days,rep_1
train,1,0,53560,53560,86986,93,7,726,7.25,4,10,2,424.2384235309197,26,416.0,644.0,228.0,2.824561403508772,95.0,0.5384615384615384,16.0,19.0,5,rolling,losing_streak_fitness,2_days,rep_1
test,1,0,53560,53560,86986,93,7,726,7.25,4,10,2,-33.333333333333336,25,-20.0,322.0,342.0,0.9415204678362572,147.0,0.28,-0.8,19.0,6,rolling,losing_streak_fitness,2_days,rep_1
train,1,0,53560,53560,86986,94,7,712,7.75,4,10,2,424.2384235309197,26,416.0,644.0,228.0,2.824561403508772,95.0,0.5384615384615384,16.0,19.0,5,rolling,losing_streak_fitness,2_days,rep_1
test,1,0,53560,53560,86986,94,7,712,7.75,4,10,2,-33.333333333333336,25,-20.0,322.0,342.0,0.9415204678362572,147.0,0.28,-0.8,19.0,6,rolling,losing_streak_fitness,2_days,rep_1
train,1,0,53560,53560,86986,95,7,712,7.5,4,10,2,424.2384235309197,26,416.0,644.0,228.0,2.824561403508772,95.0,0.5384615384615384,16.0,19.0,5,rolling,losing_streak_fitness,2_days,rep_1
test,1,0,53560,53560,86986,95,7,712,7.5,4,10,2,-33.333333333333336,25,-20.0,322.0,342.0,0.9415204678362572,147.0,0.28,-0.8,19.0,6,rolling,losing_streak_fitness,2_days,rep_1
train,1,0,53560,53560,86986,96,7,712,7.0,4,10,2,424.2384235309197,26,416.0,644.0,228.0,2.824561403508772,95.0,0.5384615384615384,16.0,19.0,5,rolling,losing_streak_fitness,2_days,rep_1
test,1,0,53560,53560,86986,96,7,712,7.0,4,10,2,-33.333333333333336,25,-20.0,322.0,342.0,0.9415204678362572,147.0,0.28,-0.8,19.0,6,rolling,losing_streak_fitness,2_days,rep_1
train,1,0,53560,53560,86986,97,7,712,7.0,4,10,2,424.2384235309197,26,416.0,644.0,228.0,2.824561403508772,95.0,0.5384615384615384,16.0,19.0,5,rolling,losing_streak_fitness,2_days,rep_1
test,1,0,53560,53560,86986,97,7,712,7.0,4,10,2,-33.333333333333336,25,-20.0,322.0,342.0,0.9415204678362572,147.0,0.28,-0.8,19.0,6,rolling,losing_streak_fitness,2_days,rep_1
train,1,0,53560,53560,86986,98,7,712,7.75,4,10,2,424.2384235309197,26,416.0,644.0,228.0,2.824561403508772,95.0,0.5384615384615384,16.0,19.0,5,rolling,losing_streak_fitness,2_days,rep_1
test,1,0,53560,53560,86986,98,7,712,7.75,4,10,2,-33.333333333333336,25,-20.0,322.0,342.0,0.9415204678362572,147.0,0.28,-0.8,19.0,6,rolling,losing_streak_fitness,2_days,rep_1
train,1,0,53560,53560,86986,99,7,712,7.5,4,10,2,424.2384235309197,26,416.0,644.0,228.0,2.824561403508772,95.0,0.5384615384615384,16.0,19.0,5,rolling,losing_streak_fitness,2_days,rep_1
test,1,0,53560,53560,86986,99,7,712,7.5,4,10,2,-33.333333333333336,25,-20.0,322.0,342.0,0.9415204678362572,147.0,0.28,-0.8,19.0,6,rolling,losing_streak_fitness,2_days,rep_1
train,1,0,53560,53560,86986,100,7,712,7.5,4,10,2,424.2384235309197,26,416.0,644.0,228.0,2.824561403508772,95.0,0.5384615384615384,16.0,19.0,5,rolling,losing_streak_fitness,2_days,rep_1
test,1,0,53560,53560,86986,100,7,712,7.5,4,10,2,-33.333333333333336,25,-20.0,322.0,342.0,0.9415204678362572,147.0,0.28,-0.8,19.0,6,rolling,losing_streak_fitness,2_days,rep_1
train,2,22406,86986,86986,125287,0,13,1010,4.5,9,7,3,342.0,9,114.0,186.0,72.0,2.583333333333333,24.0,0.6666666666666666,12.666666666666666,24.0,1,rolling,losing_streak_fitness,2_days,rep_1
test,2,22406,86986,86986,125287,0,13,1010,4.5,9,7,3,-118.58541225631424,10,-75.0,93.0,168.0,0.5535714285714286,106.0,0.3,-7.5,24.0,4,rolling,losing_streak_fitness,2_days,rep_1
train,2,22406,86986,86986,125287,1,13,3618,4.5,9,19,3,492.34743829941874,6,201.0,273.0,72.0,3.7916666666666665,24.0,0.5,33.5,24.0,1,rolling,losing_streak_fitness,2_days,rep_1
test,2,22406,86986,86986,125287,1,13,3618,4.5,9,19,3,76.75617371965355,11,81.0,273.0,192.0,1.421875,168.0,0.2727272727272727,7.363636363636363,24.0,7,rolling,losing_streak_fitness,2_days,rep_1
train,2,22406,86986,86986,125287,2,14,3618,4.5,9,19,6,436.033255612459,5,195.0,273.0,78.0,3.5,39.0,0.6,39.0,39.0,1,rolling,losing_streak_fitness,2_days,rep_1
test,2,22406,86986,86986,125287,2,14,3618,4.5,9,19,6,46.8,9,39.0,273.0,234.0,1.1666666666666667,195.0,0.3333333333333333,4.333333333333333,39.0,5,rolling,losing_streak_fitness,2_days,rep_1
train,2,22406,86986,86986,125287,3,13,3618,4.5,9,19,3,492.34743829941874,6,201.0,273.0,72.0,3.7916666666666665,24.0,0.5,33.5,24.0,1,rolling,losing_streak_fitness,2_days,rep_1
test,2,22406,86986,86986,125287,3,13,3618,4.5,9,19,3,76.75617371965355,11,81.0,273.0,192.0,1.421875,168.0,0.2727272727272727,7.363636363636363,24.0,7,rolling,losing_streak_fitness,2_days,rep_1
train,2,22406,86986,86986,125287,4,12,3473,4.5,9,11,5,432.7493500861671,8,153.0,255.0,102.0,2.5,34.0,0.625,19.125,34.0,1,rolling,losing_streak_fitness,2_days,rep_1
test,2,22406,86986,86986,125287,4,12,3473,4.5,9,11,5,122.58874336577564,13,68.0,306.0,238.0,1.2857142857142858,136.0,0.4615384615384615,5.230769230769231,34.0,4,rolling,losing_streak_fitness,2_days,rep_1
train,2,22406,86986,86986,125287,5,12,3473,4.5,9,11,2,560.0285706997457,8,198.0,255.0,57.0,4.473684210526316,19.0,0.625,24.75,19.0,1,rolling,losing_streak_fitness,2_days,rep_1
test,2,22406,86986,86986,125287,5,12,3473,4.5,9,11,2,311.88018532763505,13,173.0,306.0,133.0,2.300751879699248,76.0,0.4615384615384615,13.307692307692308,19.0,4,rolling,losing_streak_fitness,2_days,rep_1
train,2,22406,86986,86986,125287,6,12,1010,4.75,9,11,2,560.0285706997457,8,198.0,255.0,57.0,4.473684210526316,19.0,0.625,24.75,19.0,1,rolling,losing_streak_fitness,2_days,rep_1
test,2,22406,86986,86986,125287,6,12,1010,4.75,9,11,2,58.5,9,39.0,153.0,114.0,1.3421052631578947,76.0,0.3333333333333333,4.333333333333333,19.0,4,rolling,losing_streak_fitness,2_days,rep_1
train,2,22406,86986,86986,125287,7,12,959,4.5,9,11,2,560.0285706997457,8,198.0,255.0,57.0,4.473684210526316,19.0,0.625,24.75,19.0,1,rolling,losing_streak_fitness,2_days,rep_1
test,2,22406,86986,86986,125287,7,12,959,4.5,9,11,2,58.5,9,39.0,153.0,114.0,1.3421052631578947,76.0,0.3333333333333333,4.333333333333333,19.0,4,rolling,losing_streak_fitness,2_days,rep_1
train,2,22406,86986,86986,125287,8,12,1010,4.75,9,11,2,560.0285706997457,8,198.0,255.0,57.0,4.473684210526316,19.0,0.625,24.75,19.0,1,rolling,losing_streak_fitness,2_days,rep_1
test,2,22406,86986,86986,125287,8,12,1010,4.75,9,11,2,58.5,9,39.0,153.0,114.0,1.3421052631578947,76.0,0.3333333333333333,4.333333333333333,19.0,4,rolling,losing_streak_fitness,2_days,rep_1
train,2,22406,86986,86986,125287,9,12,1010,4.5,9,11,2,560.0285706997457,8,198.0,255.0,57.0,4.473684210526316,19.0,0.625,24.75,19.0,1,rolling,losing_streak_fitness,2_days,rep_1
test,2,22406,86986,86986,125287,9,12,1010,4.5,9,11,2,58.5,9,39.0,153.0,114.0,1.3421052631578947,76.0,0.3333333333333333,4.333333333333333,19.0,4,rolling,losing_streak_fitness,2_days,rep_1
train,2,22406,86986,86986,125287,10,12,3473,4.5,9,11,2,560.0285706997457,8,198.0,255.0,57.0,4.473684210526316,19.0,0.625,24.75,19.0,1,rolling,losing_streak_fitness,2_days,rep_1
test,2,22406,86986,86986,125287,10,12,3473,4.5,9,11,2,311.88018532763505,13,173.0,306.0,133.0,2.300751879699248,76.0,0.4615384615384615,13.307692307692308,19.0,4,rolling,losing_streak_fitness,2_days,rep_1
train,2,22406,86986,86986,125287,11,12,3334,4.5,9,11,2,560.0285706997457,8,198.0,255.0,57.0,4.473684210526316,19.0,0.625,24.75,19.0,1,rolling,losing_streak_fitness,2_days,rep_1
test,2,22406,86986,86986,125287,11,12,3334,4.5,9,11,2,311.88018532763505,13,173.0,306.0,133.0,2.300751879699248,76.0,0.4615384615384615,13.307692307692308,19.0,4,rolling,losing_streak_fitness,2_days,rep_1
train,2,22406,86986,86986,125287,12,12,1010,4.5,9,11,2,560.0285706997457,8,198.0,255.0,57.0,4.473684210526316,19.0,0.625,24.75,19.0,1,rolling,losing_streak_fitness,2_days,rep_1
test,2,22406,86986,86986,125287,12,12,1010,4.5,9,11,2,58.5,9,39.0,153.0,114.0,1.3421052631578947,76.0,0.3333333333333333,4.333333333333333,19.0,4,rolling,losing_streak_fitness,2_days,rep_1
train,2,22406,86986,86986,125287,13,12,1010,4.75,9,11,2,560.0285706997457,8,198.0,255.0,57.0,4.473684210526316,19.0,0.625,24.75,19.0,1,rolling,losing_streak_fitness,2_days,rep_1
test,2,22406,86986,86986,125287,13,12,1010,4.75,9,11,2,58.5,9,39.0,153.0,114.0,1.3421052631578947,76.0,0.3333333333333333,4.333333333333333,19.0,4,rolling,losing_streak_fitness,2_days,rep_1
train,2,22406,86986,86986,125287,14,12,3473,4.5,9,11,2,560.0285706997457,8,198.0,255.0,57.0,4.473684210526316,19.0,0.625,24.75,19.0,1,rolling,losing_streak_fitness,2_days,rep_1
test,2,22406,86986,86986,125287,14,12,3473,4.5,9,11,2,311.88018532763505,13,173.0,306.0,133.0,2.300751879699248,76.0,0.4615384615384615,13.307692307692308,19.0,4,rolling,losing_streak_fitness,2_days,rep_1
train,2,22406,86986,86986,125287,15,12,3473,4.5,9,11,2,560.0285706997457,8,198.0,255.0,57.0,4.473684210526316,19.0,0.625,24.75,19.0,1,rolling,losing_streak_fitness,2_days,rep_1
test,2,22406,86986,86986,125287,15,12,3473,4.5,9,11,2,311.88018532763505,13,173.0,306.0,133.0,2.300751879699248,76.0,0.4615384615384615,13.307692307692308,19.0,4,rolling,losing_streak_fitness,2_days,rep_1
train,2,22406,86986,86986,125287,16,12,3368,4.75,9,11,2,560.0285706997457,8,198.0,255.0,57.0,4.473684210526316,19.0,0.625,24.75,19.0,1,rolling,losing_streak_fitness,2_days,rep_1
test,2,22406,86986,86986,125287,16,12,3368,4.75,9,11,2,311.88018532763505,13,173.0,306.0,133.0,2.300751879699248,76.0,0.4615384615384615,13.307692307692308,19.0,4,rolling,losing_streak_fitness,2_days,rep_1
train,2,22406,86986,86986,125287,17,12,3499,4.25,8,11,2,560.0285706997457,8,198.0,255.0,57.0,4.473684210526316,19.0,0.625,24.75,19.0,1,rolling,losing_streak_fitness,2_days,rep_1
test,2,22406,86986,86986,125287,17,12,3499,4.25,8,11,2,396.9807929862602,15,205.0,357.0,152.0,2.348684210526316,76.0,0.4666666666666667,13.666666666666666,19.0,4,rolling,losing_streak_fitness,2_days,rep_1
train,2,22406,86986,86986,125287,18,12,3473,4.5,9,11,2,560.0285706997457,8,198.0,255.0,57.0,4.473684210526316,19.0,0.625,24.75,19.0,1,rolling,losing_streak_fitness,2_days,rep_1
test,2,22406,86986,86986,125287,18,12,3473,4.5,9,11,2,311.88018532763505,13,173.0,306.0,133.0,2.300751879699248,76.0,0.4615384615384615,13.307692307692308,19.0,4,rolling,losing_streak_fitness,2_days,rep_1
train,2,22406,86986,86986,125287,19,12,3473,4.75,9,11,2,560.0285706997457,8,198.0,255.0,57.0,4.473684210526316,19.0,0.625,24.75,19.0,1,rolling,losing_streak_fitness,2_days,rep_1
test,2,22406,86986,86986,125287,19,12,3473,4.75,9,11,2,311.88018532763505,13,173.0,306.0,133.0,2.300751879699248,76.0,0.4615384615384615,13.307692307692308,19.0,4,rolling,losing_streak_fitness,2_days,rep_1
train,2,22406,86986,86986,125287,20,12,3195,4.25,8,11,2,560.0285706997457,8,198.0,255.0,57.0,4.473684210526316,19.0,0.625,24.75,19.0,1,rolling,losing_streak_fitness,2_days,rep_1
test,2,22406,86986,86986,125287,20,12,3195,4.25,8,11,2,396.9807929862602,15,205.0,357.0,152.0,2.348684210526316,76.0,0.4666666666666667,13.666666666666666,19.0,4,rolling,losing_streak_fitness,2_days,rep_1
train,2,22406,86986,86986,125287,21,12,3334,4.25,9,11,2,560.0285706997457,8,198.0,255.0,57.0,4.473684210526316,19.0,0.625,24.75,19.0,1,rolling,losing_streak_fitness,2_days,rep_1
test,2,22406,86986,86986,125287,21,12,3334,4.25,9,11,2,311.88018532763505,13,173.0,306.0,133.0,2.300751879699248,76.0,0.4615384615384615,13.307692307692308,19.0,4,rolling,losing_streak_fitness,2_days,rep_1
train,2,22406,86986,86986,125287,22,12,3473,4.5,9,11,2,560.0285706997457,8,198.0,255.0,57.0,4.473684210526316,19.0,0.625,24.75,19.0,1,rolling,losing_streak_fitness,2_days,rep_1
test,2,22406,86986,86986,125287,22,12,3473,4.5,9,11,2,311.88018532763505,13,173.0,306.0,133.0,2.300751879699248,76.0,0.4615384615384615,13.307692307692308,19.0,4,rolling,losing_streak_fitness,2_days,rep_1
train,2,22406,86986,86986,125287,23,12,1010,4.5,9,11,2,560.0285706997457,8,198.0,255.0,57.0,4.473684210526316,19.0,0.625,24.75,19.0,1,rolling,losing_streak_fitness,2_days,rep_1
test,2,22406,86986,86986,125287,23,12,1010,4.5,9,11,2,58.5,9,39.0,153.0,114.0,1.3421052631578947,76.0,0.3333333333333333,4.333333333333333,19.0,4,rolling,losing_streak_fitness,2_days,rep_1
train,2,22406,86986,86986,125287,24,12,1010,4.75,8,11,2,560.0285706997457,8,198.0,255.0,57.0,4.473684210526316,19.0,0.625,24.75,19.0,1,rolling,losing_streak_fitness,2_days,rep_1
test,2,22406,86986,86986,125287,24,12,1010,4.75,8,11,2,117.7401800576167,11,71.0,204.0,133.0,1.533834586466165,76.0,0.3636363636363636,6.454545454545454,19.0,4,rolling,losing_streak_fitness,2_days,rep_1
train,2,22406,86986,86986,125287,25,12,3473,4.5,9,11,2,560.0285706997457,8,198.0,255.0,57.0,4.473684210526316,19.0,0.625,24.75,19.0,1,rolling,losing_streak_fitness,2_days,rep_1
test,2,22406,86986,86986,125287,25,12,3473,4.5,9,11,2,311.88018532763505,13,173.0,306.0,133.0,2.300751879699248,76.0,0.4615384615384615,13.307692307692308,19.0,4,rolling,losing_streak_fitness,2_days,rep_1
train,2,22406,86986,86986,125287,26,12,1020,4.25,9,11,2,560.0285706997457,8,198.0,255.0,57.0,4.473684210526316,19.0,0.625,24.75,19.0,1,rolling,losing_streak_fitness,2_days,rep_1
test,2,22406,86986,86986,125287,26,12,1020,4.25,9,11,2,58.5,9,39.0,153.0,114.0,1.3421052631578947,76.0,0.3333333333333333,4.333333333333333,19.0,4,rolling,losing_streak_fitness,2_days,rep_1
train,2,22406,86986,86986,125287,27,12,3334,4.75,9,11,2,560.0285706997457,8,198.0,255.0,57.0,4.473684210526316,19.0,0.625,24.75,19.0,1,rolling,losing_streak_fitness,2_days,rep_1
test,2,22406,86986,86986,125287,27,12,3334,4.75,9,11,2,311.88018532763505,13,173.0,306.0,133.0,2.300751879699248,76.0,0.4615384615384615,13.307692307692308,19.0,4,rolling,losing_streak_fitness,2_days,rep_1
train,2,22406,86986,86986,125287,28,12,3473,4.5,9,11,2,560.0285706997457,8,198.0,255.0,57.0,4.473684210526316,19.0,0.625,24.75,19.0,1,rolling,losing_streak_fitness,2_days,rep_1
test,2,22406,86986,86986,125287,28,12,3473,4.5,9,11,2,311.88018532763505,13,173.0,306.0,133.0,2.300751879699248,76.0,0.4615384615384615,13.307692307692308,19.0,4,rolling,losing_streak_fitness,2_days,rep_1
train,2,22406,86986,86986,125287,29,12,1004,4.5,9,11,2,560.0285706997457,8,198.0,255.0,57.0,4.473684210526316,19.0,0.625,24.75,19.0,1,rolling,losing_streak_fitness,2_days,rep_1
test,2,22406,86986,86986,125287,29,12,1004,4.5,9,11,2,58.5,9,39.0,153.0,114.0,1.3421052631578947,76.0,0.3333333333333333,4.333333333333333,19.0,4,rolling,losing_streak_fitness,2_days,rep_1
train,2,22406,86986,86986,125287,30,12,939,4.5,9,11,2,560.0285706997457,8,198.0,255.0,57.0,4.473684210526316,19.0,0.625,24.75,19.0,1,rolling,losing_streak_fitness,2_days,rep_1
test,2,22406,86986,86986,125287,30,12,939,4.5,9,11,2,58.5,9,39.0,153.0,114.0,1.3421052631578947,76.0,0.3333333333333333,4.333333333333333,19.0,4,rolling,losing_streak_fitness,2_days,rep_1
train,2,22406,86986,86986,125287,31,12,3577,4.25,9,11,2,560.0285706997457,8,198.0,255.0,57.0,4.473684210526316,19.0,0.625,24.75,19.0,1,rolling,losing_streak_fitness,2_days,rep_1
test,2,22406,86986,86986,125287,31,12,3577,4.25,9,11,2,311.88018532763505,13,173.0,306.0,133.0,2.300751879699248,76.0,0.4615384615384615,13.307692307692308,19.0,4,rolling,losing_streak_fitness,2_days,rep_1
train,2,22406,86986,86986,125287,32,12,2123,4.75,9,11,2,560.0285706997457,8,198.0,255.0,57.0,4.473684210526316,19.0,0.625,24.75,19.0,1,rolling,losing_streak_fitness,2_days,rep_1
test,2,22406,86986,86986,125287,32,12,2123,4.75,9,11,2,311.88018532763505,13,173.0,306.0,133.0,2.300751879699248,76.0,0.4615384615384615,13.307692307692308,19.0,4,rolling,losing_streak_fitness,2_days,rep_1
train,2,22406,86986,86986,125287,33,12,3473,4.25,9,11,2,560.0285706997457,8,198.0,255.0,57.0,4.473684210526316,19.0,0.625,24.75,19.0,1,rolling,losing_streak_fitness,2_days,rep_1
test,2,22406,86986,86986,125287,33,12,3473,4.25,9,11,2,311.88018532763505,13,173.0,306.0,133.0,2.300751879699248,76.0,0.4615384615384615,13.307692307692308,19.0,4,rolling,losing_streak_fitness,2_days,rep_1
train,2,22406,86986,86986,125287,34,12,1004,4.75,9,11,2,560.0285706997457,8,198.0,255.0,57.0,4.473684210526316,19.0,0.625,24.75,19.0,1,rolling,losing_streak_fitness,2_days,rep_1
test,2,22406,86986,86986,125287,34,12,1004,4.75,9,11,2,58.5,9,39.0,153.0,114.0,1.3421052631578947,76.0,0.3333333333333333,4.333333333333333,19.0,4,rolling,losing_streak_fitness,2_days,rep_1
train,2,22406,86986,86986,125287,35,12,1968,4.75,9,11,2,560.0285706997457,8,198.0,255.0,57.0,4.473684210526316,19.0,0.625,24.75,19.0,1,rolling,losing_streak_fitness,2_days,rep_1
test,2,22406,86986,86986,125287,35,12,1968,4.75,9,11,2,311.88018532763505,13,173.0,306.0,133.0,2.300751879699248,76.0,0.4615384615384615,13.307692307692308,19.0,4,rolling,losing_streak_fitness,2_days,rep_1
train,2,22406,86986,86986,125287,36,12,3577,4.75,9,11,2,560.0285706997457,8,198.0,255.0,57.0,4.473684210526316,19.0,0.625,24.75,19.0,1,rolling,losing_streak_fitness,2_days,rep_1
test,2,22406,86986,86986,125287,36,12,3577,4.75,9,11,2,311.88018532763505,13,173.0,306.0,133.0,2.300751879699248,76.0,0.4615384615384615,13.307692307692308,19.0,4,rolling,losing_streak_fitness,2_days,rep_1
train,2,22406,86986,86986,125287,37,12,3255,4.5,9,11,2,560.0285706997457,8,198.0,255.0,57.0,4.473684210526316,19.0,0.625,24.75,19.0,1,rolling,losing_streak_fitness,2_days,rep_1
test,2,22406,86986,86986,125287,37,12,3255,4.5,9,11,2,311.88018532763505,13,173.0,306.0,133.0,2.300751879699248,76.0,0.4615384615384615,13.307692307692308,19.0,4,rolling,losing_streak_fitness,2_days,rep_1
train,2,22406,86986,86986,125287,38,12,3473,4.5,9,11,2,560.0285706997457,8,198.0,255.0,57.0,4.473684210526316,19.0,0.625,24.75,19.0,1,rolling,losing_streak_fitness,2_days,rep_1
test,2,22406,86986,86986,125287,38,12,3473,4.5,9,11,2,311.88018532763505,13,173.0,306.0,133.0,2.300751879699248,76.0,0.4615384615384615,13.307692307692308,19.0,4,rolling,losing_streak_fitness,2_days,rep_1
train,2,22406,86986,86986,125287,39,12,3577,4.5,9,11,2,560.0285706997457,8,198.0,255.0,57.0,4.473684210526316,19.0,0.625,24.75,19.0,1,rolling,losing_streak_fitness,2_days,rep_1
test,2,22406,86986,86986,125287,39,12,3577,4.5,9,11,2,311.88018532763505,13,173.0,306.0,133.0,2.300751879699248,76.0,0.4615384615384615,13.307692307692308,19.0,4,rolling,losing_streak_fitness,2_days,rep_1
train,2,22406,86986,86986,125287,40,12,3473,4.75,9,11,2,560.0285706997457,8,198.0,255.0,57.0,4.473684210526316,19.0,0.625,24.75,19.0,1,rolling,losing_streak_fitness,2_days,rep_1
test,2,22406,86986,86986,125287,40,12,3473,4.75,9,11,2,311.88018532763505,13,173.0,306.0,133.0,2.300751879699248,76.0,0.4615384615384615,13.307692307692308,19.0,4,rolling,losing_streak_fitness,2_days,rep_1
train,2,22406,86986,86986,125287,41,12,3255,4.5,9,11,2,560.0285706997457,8,198.0,255.0,57.0,4.473684210526316,19.0,0.625,24.75,19.0,1,rolling,losing_streak_fitness,2_days,rep_1
test,2,22406,86986,86986,125287,41,12,3255,4.5,9,11,2,311.88018532763505,13,173.0,306.0,133.0,2.300751879699248,76.0,0.4615384615384615,13.307692307692308,19.0,4,rolling,losing_streak_fitness,2_days,rep_1
train,2,22406,86986,86986,125287,42,12,1010,4.75,9,11,2,560.0285706997457,8,198.0,255.0,57.0,4.473684210526316,19.0,0.625,24.75,19.0,1,rolling,losing_streak_fitness,2_days,rep_1
test,2,22406,86986,86986,125287,42,12,1010,4.75,9,11,2,58.5,9,39.0,153.0,114.0,1.3421052631578947,76.0,0.3333333333333333,4.333333333333333,19.0,4,rolling,losing_streak_fitness,2_days,rep_1
train,2,22406,86986,86986,125287,43,12,1010,4.75,9,11,2,560.0285706997457,8,198.0,255.0,57.0,4.473684210526316,19.0,0.625,24.75,19.0,1,rolling,losing_streak_fitness,2_days,rep_1
test,2,22406,86986,86986,125287,43,12,1010,4.75,9,11,2,58.5,9,39.0,153.0,114.0,1.3421052631578947,76.0,0.3333333333333333,4.333333333333333,19.0,4,rolling,losing_streak_fitness,2_days,rep_1
train,2,22406,86986,86986,125287,44,12,3473,4.5,8,11,2,560.0285706997457,8,198.0,255.0,57.0,4.473684210526316,19.0,0.625,24.75,19.0,1,rolling,losing_streak_fitness,2_days,rep_1
test,2,22406,86986,86986,125287,44,12,3473,4.5,8,11,2,396.9807929862602,15,205.0,357.0,152.0,2.348684210526316,76.0,0.4666666666666667,13.666666666666666,19.0,4,rolling,losing_streak_fitness,2_days,rep_1
train,2,22406,86986,86986,125287,45,12,3334,4.5,8,11,2,560.0285706997457,8,198.0,255.0,57.0,4.473684210526316,19.0,0.625,24.75,19.0,1,rolling,losing_streak_fitness,2_days,rep_1
test,2,22406,86986,86986,125287,45,12,3334,4.5,8,11,2,396.9807929862602,15,205.0,357.0,152.0,2.348684210526316,76.0,0.4666666666666667,13.666666666666666,19.0,4,rolling,losing_streak_fitness,2_days,rep_1
train,2,22406,86986,86986,125287,46,12,3334,4.5,8,11,2,560.0285706997457,8,198.0,255.0,57.0,4.473684210526316,19.0,0.625,24.75,19.0,1,rolling,losing_streak_fitness,2_days,rep_1
test,2,22406,86986,86986,125287,46,12,3334,4.5,8,11,2,396.9807929862602,15,205.0,357.0,152.0,2.348684210526316,76.0,0.4666666666666667,13.666666666666666,19.0,4,rolling,losing_streak_fitness,2_days,rep_1
train,2,22406,86986,86986,125287,47,12,1010,4.75,9,11,2,560.0285706997457,8,198.0,255.0,57.0,4.473684210526316,19.0,0.625,24.75,19.0,1,rolling,losing_streak_fitness,2_days,rep_1
test,2,22406,86986,86986,125287,47,12,1010,4.75,9,11,2,58.5,9,39.0,153.0,114.0,1.3421052631578947,76.0,0.3333333333333333,4.333333333333333,19.0,4,rolling,losing_streak_fitness,2_days,rep_1
train,2,22406,86986,86986,125287,48,12,3334,4.75,9,11,2,560.0285706997457,8,198.0,255.0,57.0,4.473684210526316,19.0,0.625,24.75,19.0,1,rolling,losing_streak_fitness,2_days,rep_1
test,2,22406,86986,86986,125287,48,12,3334,4.75,9,11,2,311.88018532763505,13,173.0,306.0,133.0,2.300751879699248,76.0,0.4615384615384615,13.307692307692308,19.0,4,rolling,losing_streak_fitness,2_days,rep_1
train,2,22406,86986,86986,125287,49,12,3473,4.75,8,11,2,560.0285706997457,8,198.0,255.0,57.0,4.473684210526316,19.0,0.625,24.75,19.0,1,rolling,losing_streak_fitness,2_days,rep_1
test,2,22406,86986,86986,125287,49,12,3473,4.75,8,11,2,396.9807929862602,15,205.0,357.0,152.0,2.348684210526316,76.0,0.4666666666666667,13.666666666666666,19.0,4,rolling,losing_streak_fitness,2_days,rep_1
train,2,22406,86986,86986,125287,50,12,3577,4.75,9,11,2,560.0285706997457,8,198.0,255.0,57.0,4.473684210526316,19.0,0.625,24.75,19.0,1,rolling,losing_streak_fitness,2_days,rep_1
test,2,22406,86986,86986,125287,50,12,3577,4.75,9,11,2,311.88018532763505,13,173.0,306.0,133.0,2.300751879699248,76.0,0.4615384615384615,13.307692307692308,19.0,4,rolling,losing_streak_fitness,2_days,rep_1
train,2,22406,86986,86986,125287,51,12,1010,4.75,8,11,2,560.0285706997457,8,198.0,255.0,57.0,4.473684210526316,19.0,0.625,24.75,19.0,1,rolling,losing_streak_fitness,2_days,rep_1
test,2,22406,86986,86986,125287,51,12,1010,4.75,8,11,2,117.7401800576167,11,71.0,204.0,133.0,1.533834586466165,76.0,0.3636363636363636,6.454545454545454,19.0,4,rolling,losing_streak_fitness,2_days,rep_1
train,2,22406,86986,86986,125287,52,12,1010,4.75,9,11,2,560.0285706997457,8,198.0,255.0,57.0,4.473684210526316,19.0,0.625,24.75,19.0,1,rolling,losing_streak_fitness,2_days,rep_1
test,2,22406,86986,86986,125287,52,12,1010,4.75,9,11,2,58.5,9,39.0,153.0,114.0,1.3421052631578947,76.0,0.3333333333333333,4.333333333333333,19.0,4,rolling,losing_streak_fitness,2_days,rep_1
train,2,22406,86986,86986,125287,53,12,3577,4.5,8,11,2,560.0285706997457,8,198.0,255.0,57.0,4.473684210526316,19.0,0.625,24.75,19.0,1,rolling,losing_streak_fitness,2_days,rep_1
test,2,22406,86986,86986,125287,53,12,3577,4.5,8,11,2,396.9807929862602,15,205.0,357.0,152.0,2.348684210526316,76.0,0.4666666666666667,13.666666666666666,19.0,4,rolling,losing_streak_fitness,2_days,rep_1
train,2,22406,86986,86986,125287,54,12,1010,4.5,9,11,2,560.0285706997457,8,198.0,255.0,57.0,4.473684210526316,19.0,0.625,24.75,19.0,1,rolling,losing_streak_fitness,2_days,rep_1
test,2,22406,86986,86986,125287,54,12,1010,4.5,9,11,2,58.5,9,39.0,153.0,114.0,1.3421052631578947,76.0,0.3333333333333333,4.333333333333333,19.0,4,rolling,losing_streak_fitness,2_days,rep_1
train,2,22406,86986,86986,125287,55,12,3577,4.5,8,11,2,560.0285706997457,8,198.0,255.0,57.0,4.473684210526316,19.0,0.625,24.75,19.0,1,rolling,losing_streak_fitness,2_days,rep_1
test,2,22406,86986,86986,125287,55,12,3577,4.5,8,11,2,396.9807929862602,15,205.0,357.0,152.0,2.348684210526316,76.0,0.4666666666666667,13.666666666666666,19.0,4,rolling,losing_streak_fitness,2_days,rep_1
train,2,22406,86986,86986,125287,56,12,3167,4.25,8,11,2,560.0285706997457,8,198.0,255.0,57.0,4.473684210526316,19.0,0.625,24.75,19.0,1,rolling,losing_streak_fitness,2_days,rep_1
test,2,22406,86986,86986,125287,56,12,3167,4.25,8,11,2,396.9807929862602,15,205.0,357.0,152.0,2.348684210526316,76.0,0.4666666666666667,13.666666666666666,19.0,4,rolling,losing_streak_fitness,2_days,rep_1
train,2,22406,86986,86986,125287,57,12,3334,4.75,9,11,2,560.0285706997457,8,198.0,255.0,57.0,4.473684210526316,19.0,0.625,24.75,19.0,1,rolling,losing_streak_fitness,2_days,rep_1
test,2,22406,86986,86986,125287,57,12,3334,4.75,9,11,2,311.88018532763505,13,173.0,306.0,133.0,2.300751879699248,76.0,0.4615384615384615,13.307692307692308,19.0,4,rolling,losing_streak_fitness,2_days,rep_1
train,2,22406,86986,86986,125287,58,12,929,4.75,9,11,2,560.0285706997457,8,198.0,255.0,57.0,4.473684210526316,19.0,0.625,24.75,19.0,1,rolling,losing_streak_fitness,2_days,rep_1
test,2,22406,86986,86986,125287,58,12,929,4.75,9,11,2,58.5,9,39.0,153.0,114.0,1.3421052631578947,76.0,0.3333333333333333,4.333333333333333,19.0,4,rolling,losing_streak_fitness,2_days,rep_1
train,2,22406,86986,86986,125287,59,12,3320,4.75,8,11,2,560.0285706997457,8,198.0,255.0,57.0,4.473684210526316,19.0,0.625,24.75,19.0,1,rolling,losing_streak_fitness,2_days,rep_1
test,2,22406,86986,86986,125287,59,12,3320,4.75,8,11,2,396.9807929862602,15,205.0,357.0,152.0,2.348684210526316,76.0,0.4666666666666667,13.666666666666666,19.0,4,rolling,losing_streak_fitness,2_days,rep_1
train,2,22406,86986,86986,125287,60,12,3334,4.75,9,11,2,560.0285706997457,8,198.0,255.0,57.0,4.473684210526316,19.0,0.625,24.75,19.0,1,rolling,losing_streak_fitness,2_days,rep_1
test,2,22406,86986,86986,125287,60,12,3334,4.75,9,11,2,311.88018532763505,13,173.0,306.0,133.0,2.300751879699248,76.0,0.4615384615384615,13.307692307692308,19.0,4,rolling,losing_streak_fitness,2_days,rep_1
train,2,22406,86986,86986,125287,61,12,3320,4.75,8,11,2,560.0285706997457,8,198.0,255.0,57.0,4.473684210526316,19.0,0.625,24.75,19.0,1,rolling,losing_streak_fitness,2_days,rep_1
test,2,22406,86986,86986,125287,61,12,3320,4.75,8,11,2,396.9807929862602,15,205.0,357.0,152.0,2.348684210526316,76.0,0.4666666666666667,13.666666666666666,19.0,4,rolling,losing_streak_fitness,2_days,rep_1
train,2,22406,86986,86986,125287,62,12,2335,4.25,9,11,2,560.0285706997457,8,198.0,255.0,57.0,4.473684210526316,19.0,0.625,24.75,19.0,1,rolling,losing_streak_fitness,2_days,rep_1
test,2,22406,86986,86986,125287,62,12,2335,4.25,9,11,2,311.88018532763505,13,173.0,306.0,133.0,2.300751879699248,76.0,0.4615384615384615,13.307692307692308,19.0,4,rolling,losing_streak_fitness,2_days,rep_1
train,2,22406,86986,86986,125287,63,12,2335,4.75,9,11,2,560.0285706997457,8,198.0,255.0,57.0,4.473684210526316,19.0,0.625,24.75,19.0,1,rolling,losing_streak_fitness,2_days,rep_1
test,2,22406,86986,86986,125287,63,12,2335,4.75,9,11,2,311.88018532763505,13,173.0,306.0,133.0,2.300751879699248,76.0,0.4615384615384615,13.307692307692308,19.0,4,rolling,losing_streak_fitness,2_days,rep_1
train,2,22406,86986,86986,125287,64,12,3820,4.5,9,11,2,560.0285706997457,8,198.0,255.0,57.0,4.473684210526316,19.0,0.625,24.75,19.0,1,rolling,losing_streak_fitness,2_days,rep_1
test,2,22406,86986,86986,125287,64,12,3820,4.5,9,11,2,311.88018532763505,13,173.0,306.0,133.0,2.300751879699248,76.0,0.4615384615384615,13.307692307692308,19.0,4,rolling,losing_streak_fitness,2_days,rep_1
train,2,22406,86986,86986,125287,65,12,3320,4.75,8,11,2,560.0285706997457,8,198.0,255.0,57.0,4.473684210526316,19.0,0.625,24.75,19.0,1,rolling,losing_streak_fitness,2_days,rep_1
test,2,22406,86986,86986,125287,65,12,3320,4.75,8,11,2,396.9807929862602,15,205.0,357.0,152.0,2.348684210526316,76.0,0.4666666666666667,13.666666666666666,19.0,4,rolling,losing_streak_fitness,2_days,rep_1
train,2,22406,86986,86986,125287,66,12,3820,4.25,8,11,2,560.0285706997457,8,198.0,255.0,57.0,4.473684210526316,19.0,0.625,24.75,19.0,1,rolling,losing_streak_fitness,2_days,rep_1
test,2,22406,86986,86986,125287,66,12,3820,4.25,8,11,2,396.9807929862602,15,205.0,357.0,152.0,2.348684210526316,76.0,0.4666666666666667,13.666666666666666,19.0,4,rolling,losing_streak_fitness,2_days,rep_1
train,2,22406,86986,86986,125287,67,12,2335,4.75,8,11,2,560.0285706997457,8,198.0,255.0,57.0,4.473684210526316,19.0,0.625,24.75,19.0,1,rolling,losing_streak_fitness,2_days,rep_1
test,2,22406,86986,86986,125287,67,12,2335,4.75,8,11,2,396.9807929862602,15,205.0,357.0,152.0,2.348684210526316,76.0,0.4666666666666667,13.666666666666666,19.0,4,rolling,losing_streak_fitness,2_days,rep_1
train,2,22406,86986,86986,125287,68,12,3820,4.5,8,11,2,560.0285706997457,8,198.0,255.0,57.0,4.473684210526316,19.0,0.625,24.75,19.0,1,rolling,losing_streak_fitness,2_days,rep_1
test,2,22406,86986,86986,125287,68,12,3820,4.5,8,11,2,396.9807929862602,15,205.0,357.0,152.0,2.348684210526316,76.0,0.4666666666666667,13.666666666666666,19.0,4,rolling,losing_streak_fitness,2_days,rep_1
train,2,22406,86986,86986,125287,69,12,2335,4.75,8,11,2,560.0285706997457,8,198.0,255.0,57.0,4.473684210526316,19.0,0.625,24.75,19.0,1,rolling,losing_streak_fitness,2_days,rep_1
test,2,22406,86986,86986,125287,69,12,2335,4.75,8,11,2,396.9807929862602,15,205.0,357.0,152.0,2.348684210526316,76.0,0.4666666666666667,13.666666666666666,19.0,4,rolling,losing_streak_fitness,2_days,rep_1
train,2,22406,86986,86986,125287,70,12,3320,4.75,8,11,2,560.0285706997457,8,198.0,255.0,57.0,4.473684210526316,19.0,0.625,24.75,19.0,1,rolling,losing_streak_fitness,2_days,rep_1
test,2,22406,86986,86986,125287,70,12,3320,4.75,8,11,2,396.9807929862602,15,205.0,357.0,152.0,2.348684210526316,76.0,0.4666666666666667,13.666666666666666,19.0,4,rolling,losing_streak_fitness,2_days,rep_1
train,2,22406,86986,86986,125287,71,12,3320,4.25,8,11,2,560.0285706997457,8,198.0,255.0,57.0,4.473684210526316,19.0,0.625,24.75,19.0,1,rolling,losing_streak_fitness,2_days,rep_1
test,2,22406,86986,86986,125287,71,12,3320,4.25,8,11,2,396.9807929862602,15,205.0,357.0,152.0,2.348684210526316,76.0,0.4666666666666667,13.666666666666666,19.0,4,rolling,losing_streak_fitness,2_days,rep_1
train,2,22406,86986,86986,125287,72,12,3320,4.75,8,11,2,560.0285706997457,8,198.0,255.0,57.0,4.473684210526316,19.0,0.625,24.75,19.0,1,rolling,losing_streak_fitness,2_days,rep_1
test,2,22406,86986,86986,125287,72,12,3320,4.75,8,11,2,396.9807929862602,15,205.0,357.0,152.0,2.348684210526316,76.0,0.4666666666666667,13.666666666666666,19.0,4,rolling,losing_streak_fitness,2_days,rep_1
train,2,22406,86986,86986,125287,73,12,2335,4.75,8,11,2,560.0285706997457,8,198.0,255.0,57.0,4.473684210526316,19.0,0.625,24.75,19.0,1,rolling,losing_streak_fitness,2_days,rep_1
test,2,22406,86986,86986,125287,73,12,2335,4.75,8,11,2,396.9807929862602,15,205.0,357.0,152.0,2.348684210526316,76.0,0.4666666666666667,13.666666666666666,19.0,4,rolling,losing_streak_fitness,2_days,rep_1
train,2,22406,86986,86986,125287,74,12,2335,4.75,8,11,2,560.0285706997457,8,198.0,255.0,57.0,4.473684210526316,19.0,0.625,24.75,19.0,1,rolling,losing_streak_fitness,2_days,rep_1
test,2,22406,86986,86986,125287,74,12,2335,4.75,8,11,2,396.9807929862602,15,205.0,357.0,152.0,2.348684210526316,76.0,0.4666666666666667,13.666666666666666,19.0,4,rolling,losing_streak_fitness,2_days,rep_1
train,2,22406,86986,86986,125287,75,12,2335,5.0,8,11,2,560.0285706997457,8,198.0,255.0,57.0,4.473684210526316,19.0,0.625,24.75,19.0,1,rolling,losing_streak_fitness,2_days,rep_1
test,2,22406,86986,86986,125287,75,12,2335,5.0,8,11,2,288.1076187815935,14,154.0,306.0,152.0,2.013157894736842,76.0,0.4285714285714285,11.0,19.0,4,rolling,losing_streak_fitness,2_days,rep_1
train,2,22406,86986,86986,125287,76,12,2335,4.5,8,11,2,560.0285706997457,8,198.0,255.0,57.0,4.473684210526316,19.0,0.625,24.75,19.0,1,rolling,losing_streak_fitness,2_days,rep_1
test,2,22406,86986,86986,125287,76,12,2335,4.5,8,11,2,396.9807929862602,15,205.0,357.0,152.0,2.348684210526316,76.0,0.4666666666666667,13.666666666666666,19.0,4,rolling,losing_streak_fitness,2_days,rep_1
train,2,22406,86986,86986,125287,77,12,3320,4.5,8,11,2,560.0285706997457,8,198.0,255.0,57.0,4.473684210526316,19.0,0.625,24.75,19.0,1,rolling,losing_streak_fitness,2_days,rep_1
test,2,22406,86986,86986,125287,77,12,3320,4.5,8,11,2,396.9807929862602,15,205.0,357.0,152.0,2.348684210526316,76.0,0.4666666666666667,13.666666666666666,19.0,4,rolling,losing_streak_fitness,2_days,rep_1
train,2,22406,86986,86986,125287,78,12,3785,4.5,8,11,2,560.0285706997457,8,198.0,255.0,57.0,4.473684210526316,19.0,0.625,24.75,19.0,1,rolling,losing_streak_fitness,2_days,rep_1
test,2,22406,86986,86986,125287,78,12,3785,4.5,8,11,2,396.9807929862602,15,205.0,357.0,152.0,2.348684210526316,76.0,0.4666666666666667,13.666666666666666,19.0,4,rolling,losing_streak_fitness,2_days,rep_1
train,2,22406,86986,86986,125287,79,12,2405,4.5,9,11,2,560.0285706997457,8,198.0,255.0,57.0,4.473684210526316,19.0,0.625,24.75,19.0,1,rolling,losing_streak_fitness,2_days,rep_1
test,2,22406,86986,86986,125287,79,12,2405,4.5,9,11,2,311.88018532763505,13,173.0,306.0,133.0,2.300751879699248,76.0,0.4615384615384615,13.307692307692308,19.0,4,rolling,losing_streak_fitness,2_days,rep_1
train,2,22406,86986,86986,125287,80,12,2335,4.25,9,11,2,560.0285706997457,8,198.0,255.0,57.0,4.473684210526316,19.0,0.625,24.75,19.0,1,rolling,losing_streak_fitness,2_days,rep_1
test,2,22406,86986,86986,125287,80,12,2335,4.25,9,11,2,311.88018532763505,13,173.0,306.0,133.0,2.300751879699248,76.0,0.4615384615384615,13.307692307692308,19.0,4,rolling,losing_streak_fitness,2_days,rep_1
train,2,22406,86986,86986,125287,81,12,2335,4.5,9,11,2,560.0285706997457,8,198.0,255.0,57.0,4.473684210526316,19.0,0.625,24.75,19.0,1,rolling,losing_streak_fitness,2_days,rep_1
test,2,22406,86986,86986,125287,81,12,2335,4.5,9,11,2,311.88018532763505,13,173.0,306.0,133.0,2.300751879699248,76.0,0.4615384615384615,13.307692307692308,19.0,4,rolling,losing_streak_fitness,2_days,rep_1
train,2,22406,86986,86986,125287,82,12,3320,4.25,9,11,2,560.0285706997457,8,198.0,255.0,57.0,4.473684210526316,19.0,0.625,24.75,19.0,1,rolling,losing_streak_fitness,2_days,rep_1
test,2,22406,86986,86986,125287,82,12,3320,4.25,9,11,2,311.88018532763505,13,173.0,306.0,133.0,2.300751879699248,76.0,0.4615384615384615,13.307692307692308,19.0,4,rolling,losing_streak_fitness,2_days,rep_1
train,2,22406,86986,86986,125287,83,12,3785,4.25,9,11,2,560.0285706997457,8,198.0,255.0,57.0,4.473684210526316,19.0,0.625,24.75,19.0,1,rolling,losing_streak_fitness,2_days,rep_1
test,2,22406,86986,86986,125287,83,12,3785,4.25,9,11,2,311.88018532763505,13,173.0,306.0,133.0,2.300751879699248,76.0,0.4615384615384615,13.307692307692308,19.0,4,rolling,losing_streak_fitness,2_days,rep_1
train,2,22406,86986,86986,125287,84,12,2335,4.25,9,11,2,560.0285706997457,8,198.0,255.0,57.0,4.473684210526316,19.0,0.625,24.75,19.0,1,rolling,losing_streak_fitness,2_days,rep_1
test,2,22406,86986,86986,125287,84,12,2335,4.25,9,11,2,311.88018532763505,13,173.0,306.0,133.0,2.300751879699248,76.0,0.4615384615384615,13.307692307692308,19.0,4,rolling,losing_streak_fitness,2_days,rep_1
train,2,22406,86986,86986,125287,85,12,3863,4.0,9,11,2,560.0285706997457,8,198.0,255.0,57.0,4.473684210526316,19.0,0.625,24.75,19.0,1,rolling,losing_streak_fitness,2_days,rep_1
test,2,22406,86986,86986,125287,85,12,3863,4.0,9,11,2,311.88018532763505,13,173.0,306.0,133.0,2.300751879699248,76.0,0.4615384615384615,13.307692307692308,19.0,4,rolling,losing_streak_fitness,2_days,rep_1
train,2,22406,86986,86986,125287,86,12,2358,4.5,9,11,2,560.0285706997457,8,198.0,255.0,57.0,4.473684210526316,19.0,0.625,24.75,19.0,1,rolling,losing_streak_fitness,2_days,rep_1
test,2,22406,86986,86986,125287,86,12,2358,4.5,9,11,2,311.88018532763505,13,173.0,306.0,133.0,2.300751879699248,76.0,0.4615384615384615,13.307692307692308,19.0,4,rolling,losing_streak_fitness,2_days,rep_1
train,2,22406,86986,86986,125287,87,12,2839,5.0,8,11,2,560.0285706997457,8,198.0,255.0,57.0,4.473684210526316,19.0,0.625,24.75,19.0,1,rolling,losing_streak_fitness,2_days,rep_1
test,2,22406,86986,86986,125287,87,12,2839,5.0,8,11,2,288.1076187815935,14,154.0,306.0,152.0,2.013157894736842,76.0,0.4285714285714285,11.0,19.0,4,rolling,losing_streak_fitness,2_days,rep_1
train,2,22406,86986,86986,125287,88,12,2521,4.0,8,11,2,560.0285706997457,8,198.0,255.0,57.0,4.473684210526316,19.0,0.625,24.75,19.0,1,rolling,losing_streak_fitness,2_days,rep_1
test,2,22406,86986,86986,125287,88,12,2521,4.0,8,11,2,396.9807929862602,15,205.0,357.0,152.0,2.348684210526316,76.0,0.4666666666666667,13.666666666666666,19.0,4,rolling,losing_streak_fitness,2_days,rep_1
train,2,22406,86986,86986,125287,89,12,2839,4.5,8,11,2,560.0285706997457,8,198.0,255.0,57.0,4.473684210526316,19.0,0.625,24.75,19.0,1,rolling,losing_streak_fitness,2_days,rep_1
test,2,22406,86986,86986,125287,89,12,2839,4.5,8,11,2,396.9807929862602,15,205.0,357.0,152.0,2.348684210526316,76.0,0.4666666666666667,13.666666666666666,19.0,4,rolling,losing_streak_fitness,2_days,rep_1
train,2,22406,86986,86986,125287,90,12,2335,4.75,8,11,2,560.0285706997457,8,198.0,255.0,57.0,4.473684210526316,19.0,0.625,24.75,19.0,1,rolling,losing_streak_fitness,2_days,rep_1
test,2,22406,86986,86986,125287,90,12,2335,4.75,8,11,2,396.9807929862602,15,205.0,357.0,152.0,2.348684210526316,76.0,0.4666666666666667,13.666666666666666,19.0,4,rolling,losing_streak_fitness,2_days,rep_1
train,2,22406,86986,86986,125287,91,12,3253,4.5,8,11,2,560.0285706997457,8,198.0,255.0,57.0,4.473684210526316,19.0,0.625,24.75,19.0,1,rolling,losing_streak_fitness,2_days,rep_1
test,2,22406,86986,86986,125287,91,12,3253,4.5,8,11,2,396.9807929862602,15,205.0,357.0,152.0,2.348684210526316,76.0,0.4666666666666667,13.666666666666666,19.0,4,rolling,losing_streak_fitness,2_days,rep_1
train,2,22406,86986,86986,125287,92,12,2264,4.75,8,11,2,560.0285706997457,8,198.0,255.0,57.0,4.473684210526316,19.0,0.625,24.75,19.0,1,rolling,losing_streak_fitness,2_days,rep_1
test,2,22406,86986,86986,125287,92,12,2264,4.75,8,11,2,396.9807929862602,15,205.0,357.0,152.0,2.348684210526316,76.0,0.4666666666666667,13.666666666666666,19.0,4,rolling,losing_streak_fitness,2_days,rep_1
train,2,22406,86986,86986,125287,93,12,3785,4.75,9,11,2,560.0285706997457,8,198.0,255.0,57.0,4.473684210526316,19.0,0.625,24.75,19.0,1,rolling,losing_streak_fitness,2_days,rep_1
test,2,22406,86986,86986,125287,93,12,3785,4.75,9,11,2,311.88018532763505,13,173.0,306.0,133.0,2.300751879699248,76.0,0.4615384615384615,13.307692307692308,19.0,4,rolling,losing_streak_fitness,2_days,rep_1
train,2,22406,86986,86986,125287,94,12,3248,4.5,8,11,2,560.0285706997457,8,198.0,255.0,57.0,4.473684210526316,19.0,0.625,24.75,19.0,1,rolling,losing_streak_fitness,2_days,rep_1
test,2,22406,86986,86986,125287,94,12,3248,4.5,8,11,2,396.9807929862602,15,205.0,357.0,152.0,2.348684210526316,76.0,0.4666666666666667,13.666666666666666,19.0,4,rolling,losing_streak_fitness,2_days,rep_1
train,2,22406,86986,86986,125287,95,12,2521,4.75,9,11,2,560.0285706997457,8,198.0,255.0,57.0,4.473684210526316,19.0,0.625,24.75,19.0,1,rolling,losing_streak_fitness,2_days,rep_1
test,2,22406,86986,86986,125287,95,12,2521,4.75,9,11,2,311.88018532763505,13,173.0,306.0,133.0,2.300751879699248,76.0,0.4615384615384615,13.307692307692308,19.0,4,rolling,losing_streak_fitness,2_days,rep_1
train,2,22406,86986,86986,125287,96,12,2335,4.5,8,11,2,560.0285706997457,8,198.0,255.0,57.0,4.473684210526316,19.0,0.625,24.75,19.0,1,rolling,losing_streak_fitness,2_days,rep_1
test,2,22406,86986,86986,125287,96,12,2335,4.5,8,11,2,396.9807929862602,15,205.0,357.0,152.0,2.348684210526316,76.0,0.4666666666666667,13.666666666666666,19.0,4,rolling,losing_streak_fitness,2_days,rep_1
train,2,22406,86986,86986,125287,97,12,2231,4.5,9,11,2,560.0285706997457,8,198.0,255.0,57.0,4.473684210526316,19.0,0.625,24.75,19.0,1,rolling,losing_streak_fitness,2_days,rep_1
test,2,22406,86986,86986,125287,97,12,2231,4.5,9,11,2,311.88018532763505,13,173.0,306.0,133.0,2.300751879699248,76.0,0.4615384615384615,13.307692307692308,19.0,4,rolling,losing_streak_fitness,2_days,rep_1
train,2,22406,86986,86986,125287,98,12,3785,4.25,8,11,2,560.0285706997457,8,198.0,255.0,57.0,4.473684210526316,19.0,0.625,24.75,19.0,1,rolling,losing_streak_fitness,2_days,rep_1
test,2,22406,86986,86986,125287,98,12,3785,4.25,8,11,2,396.9807929862602,15,205.0,357.0,152.0,2.348684210526316,76.0,0.4666666666666667,13.666666666666666,19.0,4,rolling,losing_streak_fitness,2_days,rep_1
train,2,22406,86986,86986,125287,99,12,4000,4.25,8,11,2,560.0285706997457,8,198.0,255.0,57.0,4.473684210526316,19.0,0.625,24.75,19.0,1,rolling,losing_streak_fitness,2_days,rep_1
test,2,22406,86986,86986,125287,99,12,4000,4.25,8,11,2,396.9807929862602,15,205.0,357.0,152.0,2.348684210526316,76.0,0.4666666666666667,13.666666666666666,19.0,4,rolling,losing_streak_fitness,2_days,rep_1
train,2,22406,86986,86986,125287,100,12,2335,4.75,8,11,2,560.0285706997457,8,198.0,255.0,57.0,4.473684210526316,19.0,0.625,24.75,19.0,1,rolling,losing_streak_fitness,2_days,rep_1
test,2,22406,86986,86986,125287,100,12,2335,4.75,8,11,2,396.9807929862602,15,205.0,357.0,152.0,2.348684210526316,76.0,0.4666666666666667,13.666666666666666,19.0,4,rolling,losing_streak_fitness,2_days,rep_1
train,3,53560,125287,125287,130699,0,11,3823,9.0,8,16,4,238.5,9,159.0,304.0,145.0,2.0965517241379312,58.0,0.4444444444444444,17.666666666666668,29.0,2,rolling,losing_streak_fitness,2_days,rep_1
test,3,53560,125287,125287,130699,0,11,3823,9.0,8,16,4,-1000.0,0,0.0,0.0,0.0,inf,0.0,0.0,0.0,0.0,0,rolling,losing_streak_fitness,2_days,rep_1
train,3,53560,125287,125287,130699,1,12,2961,7.5,6,20,9,507.44359292437616,11,306.0,576.0,270.0,2.1333333333333333,108.0,0.5454545454545454,27.818181818181817,54.0,2,rolling,losing_streak_fitness,2_days,rep_1
test,3,53560,125287,125287,130699,1,12,2961,7.5,6,20,9,-1000.0,0,0.0,0.0,0.0,inf,0.0,0.0,0.0,0.0,0,rolling,losing_streak_fitness,2_days,rep_1
train,3,53560,125287,125287,130699,2,14,2970,3.25,6,18,3,644.3229004156224,12,372.0,516.0,144.0,3.583333333333333,48.0,0.5,31.0,24.0,2,rolling,losing_streak_fitness,2_days,rep_1
test,3,53560,125287,125287,130699,2,14,2970,3.25,6,18,3,-1000.0,0,0.0,0.0,0.0,inf,0.0,0.0,0.0,0.0,0,rolling,losing_streak_fitness,2_days,rep_1
train,3,53560,125287,125287,130699,3,12,2970,7.0,6,19,4,811.9396529299453,14,434.0,637.0,203.0,3.1379310344827585,58.0,0.5,31.0,29.0,2,rolling,losing_streak_fitness,2_days,rep_1
test,3,53560,125287,125287,130699,3,12,2970,7.0,6,19,4,-1000.0,0,0.0,0.0,0.0,inf,0.0,0.0,0.0,0.0,0,rolling,losing_streak_fitness,2_days,rep_1
train,3,53560,125287,125287,130699,4,12,2970,3.25,7,12,3,894.4271909999159,20,400.0,616.0,216.0,2.851851851851852,48.0,0.55,20.0,24.0,2,rolling,losing_streak_fitness,2_days,rep_1
test,3,53560,125287,125287,130699,4,12,2970,3.25,7,12,3,-1000.0,0,0.0,0.0,0.0,inf,0.0,0.0,0.0,0.0,0,rolling,losing_streak_fitness,2_days,rep_1
train,3,53560,125287,125287,130699,5,12,2970,3.25,7,12,3,894.4271909999159,20,400.0,616.0,216.0,2.851851851851852,48.0,0.55,20.0,24.0,2,rolling,losing_streak_fitness,2_days,rep_1
test,3,53560,125287,125287,130699,5,12,2970,3.25,7,12,3,-1000.0,0,0.0,0.0,0.0,inf,0.0,0.0,0.0,0.0,0,rolling,losing_streak_fitness,2_days,rep_1
train,3,53560,125287,125287,130699,6,12,2065,3.25,7,12,3,894.4271909999159,20,400.0,616.0,216.0,2.851851851851852,48.0,0.55,20.0,24.0,2,rolling,losing_streak_fitness,2_days,rep_1
test,3,53560,125287,125287,130699,6,12,2065,3.25,7,12,3,-1000.0,0,0.0,0.0,0.0,inf,0.0,0.0,0.0,0.0,0,rolling,losing_streak_fitness,2_days,rep_1
train,3,53560,125287,125287,130699,7,12,2970,7.5,6,18,3,811.9396529299453,14,434.0,602.0,168.0,3.583333333333333,48.0,0.5,31.0,24.0,2,rolling,losing_streak_fitness,2_days,rep_1
test,3,53560,125287,125287,130699,7,12,2970,7.5,6,18,3,-1000.0,0,0.0,0.0,0.0,inf,0.0,0.0,0.0,0.0,0,rolling,losing_streak_fitness,2_days,rep_1
train,3,53560,125287,125287,130699,8,12,2970,7.5,6,18,2,877.4186571984892,14,469.0,602.0,133.0,4.526315789473684,38.0,0.5,33.5,19.0,2,rolling,losing_streak_fitness,2_days,rep_1
test,3,53560,125287,125287,130699,8,12,2970,7.5,6,18,2,-1000.0,0,0.0,0.0,0.0,inf,0.0,0.0,0.0,0.0,0,rolling,losing_streak_fitness,2_days,rep_1
train,3,53560,125287,125287,130699,9,12,2970,7.5,6,18,2,877.4186571984892,14,469.0,602.0,133.0,4.526315789473684,38.0,0.5,33.5,19.0,2,rolling,losing_streak_fitness,2_days,rep_1
test,3,53560,125287,125287,130699,9,12,2970,7.5,6,18,2,-1000.0,0,0.0,0.0,0.0,inf,0.0,0.0,0.0,0.0,0,rolling,losing_streak_fitness,2_days,rep_1
train,3,53560,125287,125287,130699,10,12,2970,7.75,6,18,2,877.4186571984892,14,469.0,602.0,133.0,4.526315789473684,38.0,0.5,33.5,19.0,2,rolling,losing_streak_fitness,2_days,rep_1
test,3,53560,125287,125287,130699,10,12,2970,7.75,6,18,2,-1000.0,0,0.0,0.0,0.0,inf,0.0,0.0,0.0,0.0,0,rolling,losing_streak_fitness,2_days,rep_1
train,3,53560,125287,125287,130699,11,12,2599,7.5,6,19,2,942.8976614670332,14,504.0,637.0,133.0,4.789473684210527,38.0,0.5,36.0,19.0,2,rolling,losing_streak_fitness,2_days,rep_1
test,3,53560,125287,125287,130699,11,12,2599,7.5,6,19,2,-1000.0,0,0.0,0.0,0.0,inf,0.0,0.0,0.0,0.0,0,rolling,losing_streak_fitness,2_days,rep_1
train,3,53560,125287,125287,130699,12,12,2599,7.5,6,19,2,942.8976614670332,14,504.0,637.0,133.0,4.789473684210527,38.0,0.5,36.0,19.0,2,rolling,losing_streak_fitness,2_days,rep_1
test,3,53560,125287,125287,130699,12,12,2599,7.5,6,19,2,-1000.0,0,0.0,0.0,0.0,inf,0.0,0.0,0.0,0.0,0,rolling,losing_streak_fitness,2_days,rep_1
train,3,53560,125287,125287,130699,13,12,2599,7.5,6,19,2,942.8976614670332,14,504.0,637.0,133.0,4.789473684210527,38.0,0.5,36.0,19.0,2,rolling,losing_streak_fitness,2_days,rep_1
test,3,53560,125287,125287,130699,13,12,2599,7.5,6,19,2,-1000.0,0,0.0,0.0,0.0,inf,0.0,0.0,0.0,0.0,0,rolling,losing_streak_fitness,2_days,rep_1
train,3,53560,125287,125287,130699,14,12,2970,7.5,6,19,2,942.8976614670332,14,504.0,637.0,133.0,4.789473684210527,38.0,0.5,36.0,19.0,2,rolling,losing_streak_fitness,2_days,rep_1
test,3,53560,125287,125287,130699,14,12,2970,7.5,6,19,2,-1000.0,0,0.0,0.0,0.0,inf,0.0,0.0,0.0,0.0,0,rolling,losing_streak_fitness,2_days,rep_1
train,3,53560,125287,125287,130699,15,12,2271,7.75,6,19,2,942.8976614670332,14,504.0,637.0,133.0,4.789473684210527,38.0,0.5,36.0,19.0,2,rolling,losing_streak_fitness,2_days,rep_1
test,3,53560,125287,125287,130699,15,12,2271,7.75,6,19,2,-1000.0,0,0.0,0.0,0.0,inf,0.0,0.0,0.0,0.0,0,rolling,losing_streak_fitness,2_days,rep_1
train,3,53560,125287,125287,130699,16,12,2664,7.5,6,19,2,942.8976614670332,14,504.0,637.0,133.0,4.789473684210527,38.0,0.5,36.0,19.0,2,rolling,losing_streak_fitness,2_days,rep_1
test,3,53560,125287,125287,130699,16,12,2664,7.5,6,19,2,-1000.0,0,0.0,0.0,0.0,inf,0.0,0.0,0.0,0.0,0,rolling,losing_streak_fitness,2_days,rep_1
train,3,53560,125287,125287,130699,17,12,2664,7.5,6,19,2,942.8976614670332,14,504.0,637.0,133.0,4.789473684210527,38.0,0.5,36.0,19.0,2,rolling,losing_streak_fitness,2_days,rep_1
test,3,53560,125287,125287,130699,17,12,2664,7.5,6,19,2,-1000.0,0,0.0,0.0,0.0,inf,0.0,0.0,0.0,0.0,0,rolling,losing_streak_fitness,2_days,rep_1
train,3,53560,125287,125287,130699,18,12,2664,7.25,6,19,2,942.8976614670332,14,504.0,637.0,133.0,4.789473684210527,38.0,0.5,36.0,19.0,2,rolling,losing_streak_fitness,2_days,rep_1
test,3,53560,125287,125287,130699,18,12,2664,7.25,6,19,2,-1000.0,0,0.0,0.0,0.0,inf,0.0,0.0,0.0,0.0,0,rolling,losing_streak_fitness,2_days,rep_1
train,3,53560,125287,125287,130699,19,12,2664,7.5,6,19,2,942.8976614670332,14,504.0,637.0,133.0,4.789473684210527,38.0,0.5,36.0,19.0,2,rolling,losing_streak_fitness,2_days,rep_1
test,3,53560,125287,125287,130699,19,12,2664,7.5,6,19,2,-1000.0,0,0.0,0.0,0.0,inf,0.0,0.0,0.0,0.0,0,rolling,losing_streak_fitness,2_days,rep_1
train,3,53560,125287,125287,130699,20,12,2664,7.5,6,19,2,942.8976614670332,14,504.0,637.0,133.0,4.789473684210527,38.0,0.5,36.0,19.0,2,rolling,losing_streak_fitness,2_days,rep_1
test,3,53560,125287,125287,130699,20,12,2664,7.5,6,19,2,-1000.0,0,0.0,0.0,0.0,inf,0.0,0.0,0.0,0.0,0,rolling,losing_streak_fitness,2_days,rep_1
train,3,53560,125287,125287,130699,21,12,2961,7.5,6,19,2,942.8976614670332,14,504.0,637.0,133.0,4.789473684210527,38.0,0.5,36.0,19.0,2,rolling,losing_streak_fitness,2_days,rep_1
test,3,53560,125287,125287,130699,21,12,2961,7.5,6,19,2,-1000.0,0,0.0,0.0,0.0,inf,0.0,0.0,0.0,0.0,0,rolling,losing_streak_fitness,2_days,rep_1
train,3,53560,125287,125287,130699,22,12,2584,7.5,6,19,2,942.8976614670332,14,504.0,637.0,133.0,4.789473684210527,38.0,0.5,36.0,19.0,2,rolling,losing_streak_fitness,2_days,rep_1
test,3,53560,125287,125287,130699,22,12,2584,7.5,6,19,2,-1000.0,0,0.0,0.0,0.0,inf,0.0,0.0,0.0,0.0,0,rolling,losing_streak_fitness,2_days,rep_1
train,3,53560,125287,125287,130699,23,12,2664,7.5,6,19,2,942.8976614670332,14,504.0,637.0,133.0,4.789473684210527,38.0,0.5,36.0,19.0,2,rolling,losing_streak_fitness,2_days,rep_1
test,3,53560,125287,125287,130699,23,12,2664,7.5,6,19,2,-1000.0,0,0.0,0.0,0.0,inf,0.0,0.0,0.0,0.0,0,rolling,losing_streak_fitness,2_days,rep_1
train,3,53560,125287,125287,130699,24,12,2664,7.75,6,19,2,942.8976614670332,14,504.0,637.0,133.0,4.789473684210527,38.0,0.5,36.0,19.0,2,rolling,losing_streak_fitness,2_days,rep_1
test,3,53560,125287,125287,130699,24,12,2664,7.75,6,19,2,-1000.0,0,0.0,0.0,0.0,inf,0.0,0.0,0.0,0.0,0,rolling,losing_streak_fitness,2_days,rep_1
train,3,53560,125287,125287,130699,25,12,2365,7.5,6,19,2,942.8976614670332,14,504.0,637.0,133.0,4.789473684210527,38.0,0.5,36.0,19.0,2,rolling,losing_streak_fitness,2_days,rep_1
test,3,53560,125287,125287,130699,25,12,2365,7.5,6,19,2,-1000.0,0,0.0,0.0,0.0,inf,0.0,0.0,0.0,0.0,0,rolling,losing_streak_fitness,2_days,rep_1
train,3,53560,125287,125287,130699,26,12,2961,7.25,6,19,2,942.8976614670332,14,504.0,637.0,133.0,4.789473684210527,38.0,0.5,36.0,19.0,2,rolling,losing_streak_fitness,2_days,rep_1
test,3,53560,125287,125287,130699,26,12,2961,7.25,6,19,2,-1000.0,0,0.0,0.0,0.0,inf,0.0,0.0,0.0,0.0,0,rolling,losing_streak_fitness,2_days,rep_1
train,3,53560,125287,125287,130699,27,12,2690,7.5,6,19,2,942.8976614670332,14,504.0,637.0,133.0,4.789473684210527,38.0,0.5,36.0,19.0,2,rolling,losing_streak_fitness,2_days,rep_1
test,3,53560,125287,125287,130699,27,12,2690,7.5,6,19,2,-1000.0,0,0.0,0.0,0.0,inf,0.0,0.0,0.0,0.0,0,rolling,losing_streak_fitness,2_days,rep_1
train,3,53560,125287,125287,130699,28,12,2743,7.25,6,19,2,942.8976614670332,14,504.0,637.0,133.0,4.789473684210527,38.0,0.5,36.0,19.0,2,rolling,losing_streak_fitness,2_days,rep_1
test,3,53560,125287,125287,130699,28,12,2743,7.25,6,19,2,-1000.0,0,0.0,0.0,0.0,inf,0.0,0.0,0.0,0.0,0,rolling,losing_streak_fitness,2_days,rep_1
train,3,53560,125287,125287,130699,29,12,2961,7.25,6,19,2,942.8976614670332,14,504.0,637.0,133.0,4.789473684210527,38.0,0.5,36.0,19.0,2,rolling,losing_streak_fitness,2_days,rep_1
test,3,53560,125287,125287,130699,29,12,2961,7.25,6,19,2,-1000.0,0,0.0,0.0,0.0,inf,0.0,0.0,0.0,0.0,0,rolling,losing_streak_fitness,2_days,rep_1
train,3,53560,125287,125287,130699,30,12,2961,7.25,6,19,2,942.8976614670332,14,504.0,637.0,133.0,4.789473684210527,38.0,0.5,36.0,19.0,2,rolling,losing_streak_fitness,2_days,rep_1
test,3,53560,125287,125287,130699,30,12,2961,7.25,6,19,2,-1000.0,0,0.0,0.0,0.0,inf,0.0,0.0,0.0,0.0,0,rolling,losing_streak_fitness,2_days,rep_1
train,3,53560,125287,125287,130699,31,12,2961,7.25,6,19,2,942.8976614670332,14,504.0,637.0,133.0,4.789473684210527,38.0,0.5,36.0,19.0,2,rolling,losing_streak_fitness,2_days,rep_1
test,3,53560,125287,125287,130699,31,12,2961,7.25,6,19,2,-1000.0,0,0.0,0.0,0.0,inf,0.0,0.0,0.0,0.0,0,rolling,losing_streak_fitness,2_days,rep_1
train,3,53560,125287,125287,130699,32,12,2857,7.75,6,19,2,942.8976614670332,14,504.0,637.0,133.0,4.789473684210527,38.0,0.5,36.0,19.0,2,rolling,losing_streak_fitness,2_days,rep_1
test,3,53560,125287,125287,130699,32,12,2857,7.75,6,19,2,-1000.0,0,0.0,0.0,0.0,inf,0.0,0.0,0.0,0.0,0,rolling,losing_streak_fitness,2_days,rep_1
train,3,53560,125287,125287,130699,33,12,2970,7.5,6,19,2,942.8976614670332,14,504.0,637.0,133.0,4.789473684210527,38.0,0.5,36.0,19.0,2,rolling,losing_streak_fitness,2_days,rep_1
test,3,53560,125287,125287,130699,33,12,2970,7.5,6,19,2,-1000.0,0,0.0,0.0,0.0,inf,0.0,0.0,0.0,0.0,0,rolling,losing_streak_fitness,2_days,rep_1
train,3,53560,125287,125287,130699,34,12,2664,7.5,6,19,2,942.8976614670332,14,504.0,637.0,133.0,4.789473684210527,38.0,0.5,36.0,19.0,2,rolling,losing_streak_fitness,2_days,rep_1
test,3,53560,125287,125287,130699,34,12,2664,7.5,6,19,2,-1000.0,0,0.0,0.0,0.0,inf,0.0,0.0,0.0,0.0,0,rolling,losing_streak_fitness,2_days,rep_1
train,3,53560,125287,125287,130699,35,12,2801,7.5,6,19,2,942.8976614670332,14,504.0,637.0,133.0,4.789473684210527,38.0,0.5,36.0,19.0,2,rolling,losing_streak_fitness,2_days,rep_1
test,3,53560,125287,125287,130699,35,12,2801,7.5,6,19,2,-1000.0,0,0.0,0.0,0.0,inf,0.0,0.0,0.0,0.0,0,rolling,losing_streak_fitness,2_days,rep_1
train,3,53560,125287,125287,130699,36,12,2646,7.25,6,19,2,942.8976614670332,14,504.0,637.0,133.0,4.789473684210527,38.0,0.5,36.0,19.0,2,rolling,losing_streak_fitness,2_days,rep_1
test,3,53560,125287,125287,130699,36,12,2646,7.25,6,19,2,-1000.0,0,0.0,0.0,0.0,inf,0.0,0.0,0.0,0.0,0,rolling,losing_streak_fitness,2_days,rep_1
train,3,53560,125287,125287,130699,37,12,2992,7.0,6,19,2,942.8976614670332,14,504.0,637.0,133.0,4.789473684210527,38.0,0.5,36.0,19.0,2,rolling,losing_streak_fitness,2_days,rep_1
test,3,53560,125287,125287,130699,37,12,2992,7.0,6,19,2,-1000.0,0,0.0,0.0,0.0,inf,0.0,0.0,0.0,0.0,0,rolling,losing_streak_fitness,2_days,rep_1
train,3,53560,125287,125287,130699,38,12,2961,7.25,6,19,2,942.8976614670332,14,504.0,637.0,133.0,4.789473684210527,38.0,0.5,36.0,19.0,2,rolling,losing_streak_fitness,2_days,rep_1
test,3,53560,125287,125287,130699,38,12,2961,7.25,6,19,2,-1000.0,0,0.0,0.0,0.0,inf,0.0,0.0,0.0,0.0,0,rolling,losing_streak_fitness,2_days,rep_1
train,3,53560,125287,125287,130699,39,12,2801,7.0,6,19,2,942.8976614670332,14,504.0,637.0,133.0,4.789473684210527,38.0,0.5,36.0,19.0,2,rolling,losing_streak_fitness,2_days,rep_1
test,3,53560,125287,125287,130699,39,12,2801,7.0,6,19,2,-1000.0,0,0.0,0.0,0.0,inf,0.0,0.0,0.0,0.0,0,rolling,losing_streak_fitness,2_days,rep_1
train,3,53560,125287,125287,130699,40,12,2743,7.5,6,19,2,942.8976614670332,14,504.0,637.0,133.0,4.789473684210527,38.0,0.5,36.0,19.0,2,rolling,losing_streak_fitness,2_days,rep_1
test,3,53560,125287,125287,130699,40,12,2743,7.5,6,19,2,-1000.0,0,0.0,0.0,0.0,inf,0.0,0.0,0.0,0.0,0,rolling,losing_streak_fitness,2_days,rep_1
train,3,53560,125287,125287,130699,41,12,2857,7.5,6,19,2,942.8976614670332,14,504.0,637.0,133.0,4.789473684210527,38.0,0.5,36.0,19.0,2,rolling,losing_streak_fitness,2_days,rep_1
test,3,53560,125287,125287,130699,41,12,2857,7.5,6,19,2,-1000.0,0,0.0,0.0,0.0,inf,0.0,0.0,0.0,0.0,0,rolling,losing_streak_fitness,2_days,rep_1
train,3,53560,125287,125287,130699,42,12,3051,7.5,6,19,2,942.8976614670332,14,504.0,637.0,133.0,4.789473684210527,38.0,0.5,36.0,19.0,2,rolling,losing_streak_fitness,2_days,rep_1
test,3,53560,125287,125287,130699,42,12,3051,7.5,6,19,2,-1000.0,0,0.0,0.0,0.0,inf,0.0,0.0,0.0,0.0,0,rolling,losing_streak_fitness,2_days,rep_1
train,3,53560,125287,125287,130699,43,12,2450,7.25,6,19,2,942.8976614670332,14,504.0,637.0,133.0,4.789473684210527,38.0,0.5,36.0,19.0,2,rolling,losing_streak_fitness,2_days,rep_1
test,3,53560,125287,125287,130699,43,12,2450,7.25,6,19,2,-1000.0,0,0.0,0.0,0.0,inf,0.0,0.0,0.0,0.0,0,rolling,losing_streak_fitness,2_days,rep_1
train,3,53560,125287,125287,130699,44,12,2842,7.0,6,19,2,942.8976614670332,14,504.0,637.0,133.0,4.789473684210527,38.0,0.5,36.0,19.0,2,rolling,losing_streak_fitness,2_days,rep_1
test,3,53560,125287,125287,130699,44,12,2842,7.0,6,19,2,-1000.0,0,0.0,0.0,0.0,inf,0.0,0.0,0.0,0.0,0,rolling,losing_streak_fitness,2_days,rep_1
train,3,53560,125287,125287,130699,45,12,2910,7.0,6,19,2,942.8976614670332,14,504.0,637.0,133.0,4.789473684210527,38.0,0.5,36.0,19.0,2,rolling,losing_streak_fitness,2_days,rep_1
test,3,53560,125287,125287,130699,45,12,2910,7.0,6,19,2,-1000.0,0,0.0,0.0,0.0,inf,0.0,0.0,0.0,0.0,0,rolling,losing_streak_fitness,2_days,rep_1
train,3,53560,125287,125287,130699,46,12,3051,7.5,6,19,2,942.8976614670332,14,504.0,637.0,133.0,4.789473684210527,38.0,0.5,36.0,19.0,2,rolling,losing_streak_fitness,2_days,rep_1
test,3,53560,125287,125287,130699,46,12,3051,7.5,6,19,2,-1000.0,0,0.0,0.0,0.0,inf,0.0,0.0,0.0,0.0,0,rolling,losing_streak_fitness,2_days,rep_1
train,3,53560,125287,125287,130699,47,12,2578,7.0,6,19,2,942.8976614670332,14,504.0,637.0,133.0,4.789473684210527,38.0,0.5,36.0,19.0,2,rolling,losing_streak_fitness,2_days,rep_1
test,3,53560,125287,125287,130699,47,12,2578,7.0,6,19,2,-1000.0,0,0.0,0.0,0.0,inf,0.0,0.0,0.0,0.0,0,rolling,losing_streak_fitness,2_days,rep_1
train,3,53560,125287,125287,130699,48,12,2578,7.0,6,19,2,942.8976614670332,14,504.0,637.0,133.0,4.789473684210527,38.0,0.5,36.0,19.0,2,rolling,losing_streak_fitness,2_days,rep_1
test,3,53560,125287,125287,130699,48,12,2578,7.0,6,19,2,-1000.0,0,0.0,0.0,0.0,inf,0.0,0.0,0.0,0.0,0,rolling,losing_streak_fitness,2_days,rep_1
train,3,53560,125287,125287,130699,49,12,2743,7.5,6,19,2,942.8976614670332,14,504.0,637.0,133.0,4.789473684210527,38.0,0.5,36.0,19.0,2,rolling,losing_streak_fitness,2_days,rep_1
test,3,53560,125287,125287,130699,49,12,2743,7.5,6,19,2,-1000.0,0,0.0,0.0,0.0,inf,0.0,0.0,0.0,0.0,0,rolling,losing_streak_fitness,2_days,rep_1
train,3,53560,125287,125287,130699,50,12,3204,7.0,6,19,2,942.8976614670332,14,504.0,637.0,133.0,4.789473684210527,38.0,0.5,36.0,19.0,2,rolling,losing_streak_fitness,2_days,rep_1
test,3,53560,125287,125287,130699,50,12,3204,7.0,6,19,2,-1000.0,0,0.0,0.0,0.0,inf,0.0,0.0,0.0,0.0,0,rolling,losing_streak_fitness,2_days,rep_1
train,3,53560,125287,125287,130699,51,12,2842,7.5,6,19,2,942.8976614670332,14,504.0,637.0,133.0,4.789473684210527,38.0,0.5,36.0,19.0,2,rolling,losing_streak_fitness,2_days,rep_1
test,3,53560,125287,125287,130699,51,12,2842,7.5,6,19,2,-1000.0,0,0.0,0.0,0.0,inf,0.0,0.0,0.0,0.0,0,rolling,losing_streak_fitness,2_days,rep_1
train,3,53560,125287,125287,130699,52,12,2842,7.75,6,19,2,942.8976614670332,14,504.0,637.0,133.0,4.789473684210527,38.0,0.5,36.0,19.0,2,rolling,losing_streak_fitness,2_days,rep_1
test,3,53560,125287,125287,130699,52,12,2842,7.75,6,19,2,-1000.0,0,0.0,0.0,0.0,inf,0.0,0.0,0.0,0.0,0,rolling,losing_streak_fitness,2_days,rep_1
train,3,53560,125287,125287,130699,53,12,2621,7.75,6,19,2,942.8976614670332,14,504.0,637.0,133.0,4.789473684210527,38.0,0.5,36.0,19.0,2,rolling,losing_streak_fitness,2_days,rep_1
test,3,53560,125287,125287,130699,53,12,2621,7.75,6,19,2,-1000.0,0,0.0,0.0,0.0,inf,0.0,0.0,0.0,0.0,0,rolling,losing_streak_fitness,2_days,rep_1
train,3,53560,125287,125287,130699,54,12,2450,7.5,6,19,2,942.8976614670332,14,504.0,637.0,133.0,4.789473684210527,38.0,0.5,36.0,19.0,2,rolling,losing_streak_fitness,2_days,rep_1
test,3,53560,125287,125287,130699,54,12,2450,7.5,6,19,2,-1000.0,0,0.0,0.0,0.0,inf,0.0,0.0,0.0,0.0,0,rolling,losing_streak_fitness,2_days,rep_1
train,3,53560,125287,125287,130699,55,12,3325,7.25,6,19,2,942.8976614670332,14,504.0,637.0,133.0,4.789473684210527,38.0,0.5,36.0,19.0,2,rolling,losing_streak_fitness,2_days,rep_1
test,3,53560,125287,125287,130699,55,12,3325,7.25,6,19,2,-1000.0,0,0.0,0.0,0.0,inf,0.0,0.0,0.0,0.0,0,rolling,losing_streak_fitness,2_days,rep_1
train,3,53560,125287,125287,130699,56,12,2842,7.5,6,19,2,942.8976614670332,14,504.0,637.0,133.0,4.789473684210527,38.0,0.5,36.0,19.0,2,rolling,losing_streak_fitness,2_days,rep_1
test,3,53560,125287,125287,130699,56,12,2842,7.5,6,19,2,-1000.0,0,0.0,0.0,0.0,inf,0.0,0.0,0.0,0.0,0,rolling,losing_streak_fitness,2_days,rep_1
train,3,53560,125287,125287,130699,57,12,2447,7.75,6,19,2,942.8976614670332,14,504.0,637.0,133.0,4.789473684210527,38.0,0.5,36.0,19.0,2,rolling,losing_streak_fitness,2_days,rep_1
test,3,53560,125287,125287,130699,57,12,2447,7.75,6,19,2,-1000.0,0,0.0,0.0,0.0,inf,0.0,0.0,0.0,0.0,0,rolling,losing_streak_fitness,2_days,rep_1
train,3,53560,125287,125287,130699,58,12,3325,7.75,6,19,2,942.8976614670332,14,504.0,637.0,133.0,4.789473684210527,38.0,0.5,36.0,19.0,2,rolling,losing_streak_fitness,2_days,rep_1
test,3,53560,125287,125287,130699,58,12,3325,7.75,6,19,2,-1000.0,0,0.0,0.0,0.0,inf,0.0,0.0,0.0,0.0,0,rolling,losing_streak_fitness,2_days,rep_1
train,3,53560,125287,125287,130699,59,12,2450,7.25,6,19,2,942.8976614670332,14,504.0,637.0,133.0,4.789473684210527,38.0,0.5,36.0,19.0,2,rolling,losing_streak_fitness,2_days,rep_1
test,3,53560,125287,125287,130699,59,12,2450,7.25,6,19,2,-1000.0,0,0.0,0.0,0.0,inf,0.0,0.0,0.0,0.0,0,rolling,losing_streak_fitness,2_days,rep_1
train,3,53560,125287,125287,130699,60,12,2450,7.25,6,19,2,942.8976614670332,14,504.0,637.0,133.0,4.789473684210527,38.0,0.5,36.0,19.0,2,rolling,losing_streak_fitness,2_days,rep_1
test,3,53560,125287,125287,130699,60,12,2450,7.25,6,19,2,-1000.0,0,0.0,0.0,0.0,inf,0.0,0.0,0.0,0.0,0,rolling,losing_streak_fitness,2_days,rep_1
train,3,53560,125287,125287,130699,61,12,2450,7.75,6,19,2,942.8976614670332,14,504.0,637.0,133.0,4.789473684210527,38.0,0.5,36.0,19.0,2,rolling,losing_streak_fitness,2_days,rep_1
test,3,53560,125287,125287,130699,61,12,2450,7.75,6,19,2,-1000.0,0,0.0,0.0,0.0,inf,0.0,0.0,0.0,0.0,0,rolling,losing_streak_fitness,2_days,rep_1
train,3,53560,125287,125287,130699,62,12,2842,7.75,6,19,2,942.8976614670332,14,504.0,637.0,133.0,4.789473684210527,38.0,0.5,36.0,19.0,2,rolling,losing_streak_fitness,2_days,rep_1
test,3,53560,125287,125287,130699,62,12,2842,7.75,6,19,2,-1000.0,0,0.0,0.0,0.0,inf,0.0,0.0,0.0,0.0,0,rolling,losing_streak_fitness,2_days,rep_1
train,3,53560,125287,125287,130699,63,12,3040,7.25,6,19,2,942.8976614670332,14,504.0,637.0,133.0,4.789473684210527,38.0,0.5,36.0,19.0,2,rolling,losing_streak_fitness,2_days,rep_1
test,3,53560,125287,125287,130699,63,12,3040,7.25,6,19,2,-1000.0,0,0.0,0.0,0.0,inf,0.0,0.0,0.0,0.0,0,rolling,losing_streak_fitness,2_days,rep_1
train,3,53560,125287,125287,130699,64,12,2842,7.5,6,19,2,942.8976614670332,14,504.0,637.0,133.0,4.789473684210527,38.0,0.5,36.0,19.0,2,rolling,losing_streak_fitness,2_days,rep_1
test,3,53560,125287,125287,130699,64,12,2842,7.5,6,19,2,-1000.0,0,0.0,0.0,0.0,inf,0.0,0.0,0.0,0.0,0,rolling,losing_streak_fitness,2_days,rep_1
train,3,53560,125287,125287,130699,65,12,2842,7.5,6,19,2,942.8976614670332,14,504.0,637.0,133.0,4.789473684210527,38.0,0.5,36.0,19.0,2,rolling,losing_streak_fitness,2_days,rep_1
test,3,53560,125287,125287,130699,65,12,2842,7.5,6,19,2,-1000.0,0,0.0,0.0,0.0,inf,0.0,0.0,0.0,0.0,0,rolling,losing_streak_fitness,2_days,rep_1
train,3,53560,125287,125287,130699,66,12,2785,7.75,6,19,2,942.8976614670332,14,504.0,637.0,133.0,4.789473684210527,38.0,0.5,36.0,19.0,2,rolling,losing_streak_fitness,2_days,rep_1
test,3,53560,125287,125287,130699,66,12,2785,7.75,6,19,2,-1000.0,0,0.0,0.0,0.0,inf,0.0,0.0,0.0,0.0,0,rolling,losing_streak_fitness,2_days,rep_1
train,3,53560,125287,125287,130699,67,12,2376,7.75,6,19,2,942.8976614670332,14,504.0,637.0,133.0,4.789473684210527,38.0,0.5,36.0,19.0,2,rolling,losing_streak_fitness,2_days,rep_1
test,3,53560,125287,125287,130699,67,12,2376,7.75,6,19,2,-1000.0,0,0.0,0.0,0.0,inf,0.0,0.0,0.0,0.0,0,rolling,losing_streak_fitness,2_days,rep_1
train,3,53560,125287,125287,130699,68,12,2785,7.25,6,19,2,942.8976614670332,14,504.0,637.0,133.0,4.789473684210527,38.0,0.5,36.0,19.0,2,rolling,losing_streak_fitness,2_days,rep_1
test,3,53560,125287,125287,130699,68,12,2785,7.25,6,19,2,-1000.0,0,0.0,0.0,0.0,inf,0.0,0.0,0.0,0.0,0,rolling,losing_streak_fitness,2_days,rep_1
train,3,53560,125287,125287,130699,69,12,2376,7.5,6,19,2,942.8976614670332,14,504.0,637.0,133.0,4.789473684210527,38.0,0.5,36.0,19.0,2,rolling,losing_streak_fitness,2_days,rep_1
test,3,53560,125287,125287,130699,69,12,2376,7.5,6,19,2,-1000.0,0,0.0,0.0,0.0,inf,0.0,0.0,0.0,0.0,0,rolling,losing_streak_fitness,2_days,rep_1
train,3,53560,125287,125287,130699,70,12,2450,7.5,6,19,2,942.8976614670332,14,504.0,637.0,133.0,4.789473684210527,38.0,0.5,36.0,19.0,2,rolling,losing_streak_fitness,2_days,rep_1
test,3,53560,125287,125287,130699,70,12,2450,7.5,6,19,2,-1000.0,0,0.0,0.0,0.0,inf,0.0,0.0,0.0,0.0,0,rolling,losing_streak_fitness,2_days,rep_1
train,3,53560,125287,125287,130699,71,12,2450,7.25,6,19,2,942.8976614670332,14,504.0,637.0,133.0,4.789473684210527,38.0,0.5,36.0,19.0,2,rolling,losing_streak_fitness,2_days,rep_1
test,3,53560,125287,125287,130699,71,12,2450,7.25,6,19,2,-1000.0,0,0.0,0.0,0.0,inf,0.0,0.0,0.0,0.0,0,rolling,losing_streak_fitness,2_days,rep_1
train,3,53560,125287,125287,130699,72,12,2523,7.25,6,19,2,942.8976614670332,14,504.0,637.0,133.0,4.789473684210527,38.0,0.5,36.0,19.0,2,rolling,losing_streak_fitness,2_days,rep_1
test,3,53560,125287,125287,130699,72,12,2523,7.25,6,19,2,-1000.0,0,0.0,0.0,0.0,inf,0.0,0.0,0.0,0.0,0,rolling,losing_streak_fitness,2_days,rep_1
train,3,53560,125287,125287,130699,73,12,2842,7.75,6,19,2,942.8976614670332,14,504.0,637.0,133.0,4.789473684210527,38.0,0.5,36.0,19.0,2,rolling,losing_streak_fitness,2_days,rep_1
test,3,53560,125287,125287,130699,73,12,2842,7.75,6,19,2,-1000.0,0,0.0,0.0,0.0,inf,0.0,0.0,0.0,0.0,0,rolling,losing_streak_fitness,2_days,rep_1
train,3,53560,125287,125287,130699,74,12,2670,7.25,6,19,2,942.8976614670332,14,504.0,637.0,133.0,4.789473684210527,38.0,0.5,36.0,19.0,2,rolling,losing_streak_fitness,2_days,rep_1
test,3,53560,125287,125287,130699,74,12,2670,7.25,6,19,2,-1000.0,0,0.0,0.0,0.0,inf,0.0,0.0,0.0,0.0,0,rolling,losing_streak_fitness,2_days,rep_1
train,3,53560,125287,125287,130699,75,12,2450,7.75,6,19,2,942.8976614670332,14,504.0,637.0,133.0,4.789473684210527,38.0,0.5,36.0,19.0,2,rolling,losing_streak_fitness,2_days,rep_1
test,3,53560,125287,125287,130699,75,12,2450,7.75,6,19,2,-1000.0,0,0.0,0.0,0.0,inf,0.0,0.0,0.0,0.0,0,rolling,losing_streak_fitness,2_days,rep_1
train,3,53560,125287,125287,130699,76,12,2523,7.75,6,19,2,942.8976614670332,14,504.0,637.0,133.0,4.789473684210527,38.0,0.5,36.0,19.0,2,rolling,losing_streak_fitness,2_days,rep_1
test,3,53560,125287,125287,130699,76,12,2523,7.75,6,19,2,-1000.0,0,0.0,0.0,0.0,inf,0.0,0.0,0.0,0.0,0,rolling,losing_streak_fitness,2_days,rep_1
train,3,53560,125287,125287,130699,77,12,2523,7.0,6,19,2,942.8976614670332,14,504.0,637.0,133.0,4.789473684210527,38.0,0.5,36.0,19.0,2,rolling,losing_streak_fitness,2_days,rep_1
test,3,53560,125287,125287,130699,77,12,2523,7.0,6,19,2,-1000.0,0,0.0,0.0,0.0,inf,0.0,0.0,0.0,0.0,0,rolling,losing_streak_fitness,2_days,rep_1
train,3,53560,125287,125287,130699,78,12,2842,7.5,6,19,2,942.8976614670332,14,504.0,637.0,133.0,4.789473684210527,38.0,0.5,36.0,19.0,2,rolling,losing_streak_fitness,2_days,rep_1
test,3,53560,125287,125287,130699,78,12,2842,7.5,6,19,2,-1000.0,0,0.0,0.0,0.0,inf,0.0,0.0,0.0,0.0,0,rolling,losing_streak_fitness,2_days,rep_1
train,3,53560,125287,125287,130699,79,12,2614,7.25,6,19,2,942.8976614670332,14,504.0,637.0,133.0,4.789473684210527,38.0,0.5,36.0,19.0,2,rolling,losing_streak_fitness,2_days,rep_1
test,3,53560,125287,125287,130699,79,12,2614,7.25,6,19,2,-1000.0,0,0.0,0.0,0.0,inf,0.0,0.0,0.0,0.0,0,rolling,losing_streak_fitness,2_days,rep_1
train,3,53560,125287,125287,130699,80,12,2621,7.0,6,19,2,942.8976614670332,14,504.0,637.0,133.0,4.789473684210527,38.0,0.5,36.0,19.0,2,rolling,losing_streak_fitness,2_days,rep_1
test,3,53560,125287,125287,130699,80,12,2621,7.0,6,19,2,-1000.0,0,0.0,0.0,0.0,inf,0.0,0.0,0.0,0.0,0,rolling,losing_streak_fitness,2_days,rep_1
train,3,53560,125287,125287,130699,81,12,2614,7.0,6,19,2,942.8976614670332,14,504.0,637.0,133.0,4.789473684210527,38.0,0.5,36.0,19.0,2,rolling,losing_streak_fitness,2_days,rep_1
test,3,53560,125287,125287,130699,81,12,2614,7.0,6,19,2,-1000.0,0,0.0,0.0,0.0,inf,0.0,0.0,0.0,0.0,0,rolling,losing_streak_fitness,2_days,rep_1
train,3,53560,125287,125287,130699,82,12,2670,7.5,6,19,2,942.8976614670332,14,504.0,637.0,133.0,4.789473684210527,38.0,0.5,36.0,19.0,2,rolling,losing_streak_fitness,2_days,rep_1
test,3,53560,125287,125287,130699,82,12,2670,7.5,6,19,2,-1000.0,0,0.0,0.0,0.0,inf,0.0,0.0,0.0,0.0,0,rolling,losing_streak_fitness,2_days,rep_1
train,3,53560,125287,125287,130699,83,12,3012,7.5,6,19,2,942.8976614670332,14,504.0,637.0,133.0,4.789473684210527,38.0,0.5,36.0,19.0,2,rolling,losing_streak_fitness,2_days,rep_1
test,3,53560,125287,125287,130699,83,12,3012,7.5,6,19,2,-1000.0,0,0.0,0.0,0.0,inf,0.0,0.0,0.0,0.0,0,rolling,losing_streak_fitness,2_days,rep_1
train,3,53560,125287,125287,130699,84,12,2614,7.0,6,19,2,942.8976614670332,14,504.0,637.0,133.0,4.789473684210527,38.0,0.5,36.0,19.0,2,rolling,losing_streak_fitness,2_days,rep_1
test,3,53560,125287,125287,130699,84,12,2614,7.0,6,19,2,-1000.0,0,0.0,0.0,0.0,inf,0.0,0.0,0.0,0.0,0,rolling,losing_streak_fitness,2_days,rep_1
train,3,53560,125287,125287,130699,85,12,2614,7.25,6,19,2,942.8976614670332,14,504.0,637.0,133.0,4.789473684210527,38.0,0.5,36.0,19.0,2,rolling,losing_streak_fitness,2_days,rep_1
test,3,53560,125287,125287,130699,85,12,2614,7.25,6,19,2,-1000.0,0,0.0,0.0,0.0,inf,0.0,0.0,0.0,0.0,0,rolling,losing_streak_fitness,2_days,rep_1
train,3,53560,125287,125287,130699,86,12,2614,7.25,6,19,2,942.8976614670332,14,504.0,637.0,133.0,4.789473684210527,38.0,0.5,36.0,19.0,2,rolling,losing_streak_fitness,2_days,rep_1
test,3,53560,125287,125287,130699,86,12,2614,7.25,6,19,2,-1000.0,0,0.0,0.0,0.0,inf,0.0,0.0,0.0,0.0,0,rolling,losing_streak_fitness,2_days,rep_1
train,3,53560,125287,125287,130699,87,12,2561,7.0,6,19,2,942.8976614670332,14,504.0,637.0,133.0,4.789473684210527,38.0,0.5,36.0,19.0,2,rolling,losing_streak_fitness,2_days,rep_1
test,3,53560,125287,125287,130699,87,12,2561,7.0,6,19,2,-1000.0,0,0.0,0.0,0.0,inf,0.0,0.0,0.0,0.0,0,rolling,losing_streak_fitness,2_days,rep_1
train,3,53560,125287,125287,130699,88,12,2614,7.0,6,19,2,942.8976614670332,14,504.0,637.0,133.0,4.789473684210527,38.0,0.5,36.0,19.0,2,rolling,losing_streak_fitness,2_days,rep_1
test,3,53560,125287,125287,130699,88,12,2614,7.0,6,19,2,-1000.0,0,0.0,0.0,0.0,inf,0.0,0.0,0.0,0.0,0,rolling,losing_streak_fitness,2_days,rep_1
train,3,53560,125287,125287,130699,89,12,2842,7.0,6,19,2,942.8976614670332,14,504.0,637.0,133.0,4.789473684210527,38.0,0.5,36.0,19.0,2,rolling,losing_streak_fitness,2_days,rep_1
test,3,53560,125287,125287,130699,89,12,2842,7.0,6,19,2,-1000.0,0,0.0,0.0,0.0,inf,0.0,0.0,0.0,0.0,0,rolling,losing_streak_fitness,2_days,rep_1
train,3,53560,125287,125287,130699,90,12,2842,7.0,6,19,2,942.8976614670332,14,504.0,637.0,133.0,4.789473684210527,38.0,0.5,36.0,19.0,2,rolling,losing_streak_fitness,2_days,rep_1
test,3,53560,125287,125287,130699,90,12,2842,7.0,6,19,2,-1000.0,0,0.0,0.0,0.0,inf,0.0,0.0,0.0,0.0,0,rolling,losing_streak_fitness,2_days,rep_1
train,3,53560,125287,125287,130699,91,12,2614,7.5,6,19,2,942.8976614670332,14,504.0,637.0,133.0,4.789473684210527,38.0,0.5,36.0,19.0,2,rolling,losing_streak_fitness,2_days,rep_1
test,3,53560,125287,125287,130699,91,12,2614,7.5,6,19,2,-1000.0,0,0.0,0.0,0.0,inf,0.0,0.0,0.0,0.0,0,rolling,losing_streak_fitness,2_days,rep_1
train,3,53560,125287,125287,130699,92,12,2422,7.25,6,19,2,942.8976614670332,14,504.0,637.0,133.0,4.789473684210527,38.0,0.5,36.0,19.0,2,rolling,losing_streak_fitness,2_days,rep_1
test,3,53560,125287,125287,130699,92,12,2422,7.25,6,19,2,-1000.0,0,0.0,0.0,0.0,inf,0.0,0.0,0.0,0.0,0,rolling,losing_streak_fitness,2_days,rep_1
train,3,53560,125287,125287,130699,93,12,2824,7.0,6,19,2,942.8976614670332,14,504.0,637.0,133.0,4.789473684210527,38.0,0.5,36.0,19.0,2,rolling,losing_streak_fitness,2_days,rep_1
test,3,53560,125287,125287,130699,93,12,2824,7.0,6,19,2,-1000.0,0,0.0,0.0,0.0,inf,0.0,0.0,0.0,0.0,0,rolling,losing_streak_fitness,2_days,rep_1
train,3,53560,125287,125287,130699,94,12,2614,7.25,6,19,2,942.8976614670332,14,504.0,637.0,133.0,4.789473684210527,38.0,0.5,36.0,19.0,2,rolling,losing_streak_fitness,2_days,rep_1
test,3,53560,125287,125287,130699,94,12,2614,7.25,6,19,2,-1000.0,0,0.0,0.0,0.0,inf,0.0,0.0,0.0,0.0,0,rolling,losing_streak_fitness,2_days,rep_1
train,3,53560,125287,125287,130699,95,12,2713,7.0,6,19,2,942.8976614670332,14,504.0,637.0,133.0,4.789473684210527,38.0,0.5,36.0,19.0,2,rolling,losing_streak_fitness,2_days,rep_1
test,3,53560,125287,125287,130699,95,12,2713,7.0,6,19,2,-1000.0,0,0.0,0.0,0.0,inf,0.0,0.0,0.0,0.0,0,rolling,losing_streak_fitness,2_days,rep_1
train,3,53560,125287,125287,130699,96,12,2673,7.0,6,19,2,942.8976614670332,14,504.0,637.0,133.0,4.789473684210527,38.0,0.5,36.0,19.0,2,rolling,losing_streak_fitness,2_days,rep_1
test,3,53560,125287,125287,130699,96,12,2673,7.0,6,19,2,-1000.0,0,0.0,0.0,0.0,inf,0.0,0.0,0.0,0.0,0,rolling,losing_streak_fitness,2_days,rep_1
train,3,53560,125287,125287,130699,97,12,2614,7.0,6,19,2,942.8976614670332,14,504.0,637.0,133.0,4.789473684210527,38.0,0.5,36.0,19.0,2,rolling,losing_streak_fitness,2_days,rep_1
test,3,53560,125287,125287,130699,97,12,2614,7.0,6,19,2,-1000.0,0,0.0,0.0,0.0,inf,0.0,0.0,0.0,0.0,0,rolling,losing_streak_fitness,2_days,rep_1
train,3,53560,125287,125287,130699,98,12,2614,7.25,6,19,2,942.8976614670332,14,504.0,637.0,133.0,4.789473684210527,38.0,0.5,36.0,19.0,2,rolling,losing_streak_fitness,2_days,rep_1
test,3,53560,125287,125287,130699,98,12,2614,7.25,6,19,2,-1000.0,0,0.0,0.0,0.0,inf,0.0,0.0,0.0,0.0,0,rolling,losing_streak_fitness,2_days,rep_1
train,3,53560,125287,125287,130699,99,12,2614,7.0,6,19,2,942.8976614670332,14,504.0,637.0,133.0,4.789473684210527,38.0,0.5,36.0,19.0,2,rolling,losing_streak_fitness,2_days,rep_1
test,3,53560,125287,125287,130699,99,12,2614,7.0,6,19,2,-1000.0,0,0.0,0.0,0.0,inf,0.0,0.0,0.0,0.0,0,rolling,losing_streak_fitness,2_days,rep_1
train,3,53560,125287,125287,130699,100,12,2842,7.0,6,19,2,942.8976614670332,14,504.0,637.0,133.0,4.789473684210527,38.0,0.5,36.0,19.0,2,rolling,losing_streak_fitness,2_days,rep_1
test,3,53560,125287,125287,130699,100,12,2842,7.0,6,19,2,-1000.0,0,0.0,0.0,0.0,inf,0.0,0.0,0.0,0.0,0,rolling,losing_streak_fitness,2_days,rep_1
train,1,0,53560,53560,86986,0,9,843,6.75,8,26,2,25.311394008759507,6,31.0,126.0,95.0,1.326315789473684,57.0,0.1666666666666666,5.166666666666667,19.0,3,rolling,losing_streak_fitness,2_days,rep_2
test,1,0,53560,53560,86986,0,9,843,6.75,8,26,2,55.90169943749474,5,50.0,126.0,76.0,1.6578947368421053,76.0,0.2,10.0,19.0,4,rolling,losing_streak_fitness,2_days,rep_2
train,1,0,53560,53560,86986,1,7,2651,9.25,5,8,2,271.9319767883137,12,157.0,252.0,95.0,2.652631578947368,38.0,0.5833333333333334,13.083333333333334,19.0,2,rolling,losing_streak_fitness,2_days,rep_2
test,1,0,53560,53560,86986,1,7,2651,9.25,5,8,2,58.09475019311125,15,45.0,216.0,171.0,1.263157894736842,114.0,0.4,3.0,19.0,6,rolling,losing_streak_fitness,2_days,rep_2
train,1,0,53560,53560,86986,2,7,2651,9.25,5,8,2,271.9319767883137,12,157.0,252.0,95.0,2.652631578947368,38.0,0.5833333333333334,13.083333333333334,19.0,2,rolling,losing_streak_fitness,2_days,rep_2
test,1,0,53560,53560,86986,2,7,2651,9.25,5,8,2,58.09475019311125,15,45.0,216.0,171.0,1.263157894736842,114.0,0.4,3.0,19.0,6,rolling,losing_streak_fitness,2_days,rep_2
train,1,0,53560,53560,86986,3,6,810,9.25,5,8,2,271.9319767883137,12,157.0,252.0,95.0,2.652631578947368,38.0,0.5833333333333334,13.083333333333334,19.0,2,rolling,losing_streak_fitness,2_days,rep_2
test,1,0,53560,53560,86986,3,6,810,9.25,5,8,2,296.838152684066,14,119.0,252.0,133.0,1.894736842105263,59.0,0.5,8.5,19.0,3,rolling,losing_streak_fitness,2_days,rep_2
train,1,0,53560,53560,86986,4,8,737,6.75,5,11,2,231.22391744800103,18,218.0,408.0,190.0,2.147368421052632,76.0,0.4444444444444444,12.11111111111111,19.0,4,rolling,losing_streak_fitness,2_days,rep_2
test,1,0,53560,53560,86986,4,8,737,6.75,5,11,2,-29.548923650259898,17,-43.0,204.0,247.0,0.8259109311740891,228.0,0.2352941176470588,-2.5294117647058822,19.0,12,rolling,losing_streak_fitness,2_days,rep_2
train,1,0,53560,53560,86986,5,8,810,4.25,8,8,2,312.0,9,104.0,180.0,76.0,2.3684210526315788,19.0,0.5555555555555556,11.555555555555555,19.0,1,rolling,losing_streak_fitness,2_days,rep_2
test,1,0,53560,53560,86986,5,8,810,4.25,8,8,2,-34.42324795832026,14,-46.0,144.0,190.0,0.7578947368421053,190.0,0.2857142857142857,-3.2857142857142856,19.0,10,rolling,losing_streak_fitness,2_days,rep_2
train,1,0,53560,53560,86986,6,6,737,9.25,5,8,2,271.9319767883137,12,157.0,252.0,95.0,2.652631578947368,38.0,0.5833333333333334,13.083333333333334,19.0,2,rolling,losing_streak_fitness,2_days,rep_2
test,1,0,53560,53560,86986,6,6,737,9.25,5,8,2,235.55890982936728,12,102.0,216.0,114.0,1.894736842105263,59.0,0.5,8.5,19.0,3,rolling,losing_streak_fitness,2_days,rep_2
train,1,0,53560,53560,86986,7,8,858,9.25,5,8,2,271.9319767883137,12,157.0,252.0,95.0,2.652631578947368,38.0,0.5833333333333334,13.083333333333334,19.0,2,rolling,losing_streak_fitness,2_days,rep_2
test,1,0,53560,53560,86986,7,8,858,9.25,5,8,2,-6.928203230275509,12,-8.0,144.0,152.0,0.9473684210526316,152.0,0.3333333333333333,-0.6666666666666666,19.0,8,rolling,losing_streak_fitness,2_days,rep_2
train,1,0,53560,53560,86986,8,6,737,9.0,5,8,2,271.9319767883137,12,157.0,252.0,95.0,2.652631578947368,38.0,0.5833333333333334,13.083333333333334,19.0,2,rolling,losing_streak_fitness,2_days,rep_2
test,1,0,53560,53560,86986,8,6,737,9.0,5,8,2,235.55890982936728,12,102.0,216.0,114.0,1.894736842105263,59.0,0.5,8.5,19.0,3,rolling,losing_streak_fitness,2_days,rep_2
train,1,0,53560,53560,86986,9,8,737,9.0,5,8,2,271.9319767883137,12,157.0,252.0,95.0,2.652631578947368,38.0,0.5833333333333334,13.083333333333334,19.0,2,rolling,losing_streak_fitness,2_days,rep_2
test,1,0,53560,53560,86986,9,8,737,9.0,5,8,2,31.6227766016838,10,30.0,144.0,114.0,1.263157894736842,114.0,0.4,3.0,19.0,6,rolling,losing_streak_fitness,2_days,rep_2
train,1,0,53560,53560,86986,10,8,737,9.0,5,8,2,271.9319767883137,12,157.0,252.0,95.0,2.652631578947368,38.0,0.5833333333333334,13.083333333333334,19.0,2,rolling,losing_streak_fitness,2_days,rep_2
test,1,0,53560,53560,86986,10,8,737,9.0,5,8,2,31.6227766016838,10,30.0,144.0,114.0,1.263157894736842,114.0,0.4,3.0,19.0,6,rolling,losing_streak_fitness,2_days,rep_2
train,1,0,53560,53560,86986,11,8,737,9.0,4,11,2,288.1076187815935,14,154.0,306.0,152.0,2.013157894736842,38.0,0.4285714285714285,11.0,19.0,2,rolling,losing_streak_fitness,2_days,rep_2
test,1,0,53560,53560,86986,11,8,737,9.0,4,11,2,-48.41229182759272,15,-75.0,153.0,228.0,0.6710526315789473,228.0,0.2,-5.0,19.0,12,rolling,losing_streak_fitness,2_days,rep_2
train,1,0,53560,53560,86986,12,8,737,9.0,4,11,2,288.1076187815935,14,154.0,306.0,152.0,2.013157894736842,38.0,0.4285714285714285,11.0,19.0,2,rolling,losing_streak_fitness,2_days,rep_2
test,1,0,53560,53560,86986,12,8,737,9.0,4,11,2,-48.41229182759272,15,-75.0,153.0,228.0,0.6710526315789473,228.0,0.2,-5.0,19.0,12,rolling,losing_streak_fitness,2_days,rep_2
train,1,0,53560,53560,86986,13,8,874,9.0,4,11,2,288.1076187815935,14,154.0,306.0,152.0,2.013157894736842,38.0,0.4285714285714285,11.0,19.0,2,rolling,losing_streak_fitness,2_days,rep_2
test,1,0,53560,53560,86986,13,8,874,9.0,4,11,2,-66.55870509925651,17,-113.0,153.0,266.0,0.575187969924812,266.0,0.1764705882352941,-6.647058823529412,19.0,14,rolling,losing_streak_fitness,2_days,rep_2
train,1,0,53560,53560,86986,14,8,874,9.25,4,11,2,288.1076187815935,14,154.0,306.0,152.0,2.013157894736842,38.0,0.4285714285714285,11.0,19.0,2,rolling,losing_streak_fitness,2_days,rep_2
test,1,0,53560,53560,86986,14,8,874,9.25,4,11,2,-66.55870509925651,17,-113.0,153.0,266.0,0.575187969924812,266.0,0.1764705882352941,-6.647058823529412,19.0,14,rolling,losing_streak_fitness,2_days,rep_2
train,1,0,53560,53560,86986,15,8,850,9.0,4,11,2,288.1076187815935,14,154.0,306.0,152.0,2.013157894736842,38.0,0.4285714285714285,11.0,19.0,2,rolling,losing_streak_fitness,2_days,rep_2
test,1,0,53560,53560,86986,15,8,850,9.0,4,11,2,-66.55870509925651,17,-113.0,153.0,266.0,0.575187969924812,266.0,0.1764705882352941,-6.647058823529412,19.0,14,rolling,losing_streak_fitness,2_days,rep_2
train,1,0,53560,53560,86986,16,8,850,9.0,4,11,2,288.1076187815935,14,154.0,306.0,152.0,2.013157894736842,38.0,0.4285714285714285,11.0,19.0,2,rolling,losing_streak_fitness,2_days,rep_2
test,1,0,53560,53560,86986,16,8,850,9.0,4,11,2,-66.55870509925651,17,-113.0,153.0,266.0,0.575187969924812,266.0,0.1764705882352941,-6.647058823529412,19.0,14,rolling,losing_streak_fitness,2_days,rep_2
train,1,0,53560,53560,86986,17,8,737,9.0,4,11,2,288.1076187815935,14,154.0,306.0,152.0,2.013157894736842,38.0,0.4285714285714285,11.0,19.0,2,rolling,losing_streak_fitness,2_days,rep_2
test,1,0,53560,53560,86986,17,8,737,9.0,4,11,2,-48.41229182759272,15,-75.0,153.0,228.0,0.6710526315789473,228.0,0.2,-5.0,19.0,12,rolling,losing_streak_fitness,2_days,rep_2
train,1,0,53560,53560,86986,18,8,850,9.0,4,11,2,288.1076187815935,14,154.0,306.0,152.0,2.013157894736842,38.0,0.4285714285714285,11.0,19.0,2,rolling,losing_streak_fitness,2_days,rep_2
test,1,0,53560,53560,86986,18,8,850,9.0,4,11,2,-66.55870509925651,17,-113.0,153.0,266.0,0.575187969924812,266.0,0.1764705882352941,-6.647058823529412,19.0,14,rolling,losing_streak_fitness,2_days,rep_2
train,1,0,53560,53560,86986,19,8,737,9.0,4,10,2,353.58662305013746,14,189.0,322.0,133.0,2.421052631578948,38.0,0.5,13.5,19.0,2,rolling,losing_streak_fitness,2_days,rep_2
test,1,0,53560,53560,86986,19,8,737,9.0,4,10,2,-58.09475019311125,15,-90.0,138.0,228.0,0.6052631578947368,228.0,0.2,-6.0,19.0,12,rolling,losing_streak_fitness,2_days,rep_2
train,1,0,53560,53560,86986,20,8,810,9.25,4,10,2,353.58662305013746,14,189.0,322.0,133.0,2.421052631578948,38.0,0.5,13.5,19.0,2,rolling,losing_streak_fitness,2_days,rep_2
test,1,0,53560,53560,86986,20,8,810,9.25,4,10,2,-75.3939314398658,17,-128.0,138.0,266.0,0.518796992481203,266.0,0.1764705882352941,-7.529411764705882,19.0,14,rolling,losing_streak_fitness,2_days,rep_2
train,1,0,53560,53560,86986,21,8,737,9.0,4,10,2,353.58662305013746,14,189.0,322.0,133.0,2.421052631578948,38.0,0.5,13.5,19.0,2,rolling,losing_streak_fitness,2_days,rep_2
test,1,0,53560,53560,86986,21,8,737,9.0,4,10,2,-58.09475019311125,15,-90.0,138.0,228.0,0.6052631578947368,228.0,0.2,-6.0,19.0,12,rolling,losing_streak_fitness,2_days,rep_2
train,1,0,53560,53560,86986,22,8,737,9.25,4,10,2,353.58662305013746,14,189.0,322.0,133.0,2.421052631578948,38.0,0.5,13.5,19.0,2,rolling,losing_streak_fitness,2_days,rep_2
test,1,0,53560,53560,86986,22,8,737,9.25,4,10,2,-58.09475019311125,15,-90.0,138.0,228.0,0.6052631578947368,228.0,0.2,-6.0,19.0,12,rolling,losing_streak_fitness,2_days,rep_2
train,1,0,53560,53560,86986,23,8,850,9.0,4,10,2,353.58662305013746,14,189.0,322.0,133.0,2.421052631578948,38.0,0.5,13.5,19.0,2,rolling,losing_streak_fitness,2_days,rep_2
test,1,0,53560,53560,86986,23,8,850,9.0,4,10,2,-75.3939314398658,17,-128.0,138.0,266.0,0.518796992481203,266.0,0.1764705882352941,-7.529411764705882,19.0,14,rolling,losing_streak_fitness,2_days,rep_2
train,1,0,53560,53560,86986,24,8,850,9.0,4,10,2,353.58662305013746,14,189.0,322.0,133.0,2.421052631578948,38.0,0.5,13.5,19.0,2,rolling,losing_streak_fitness,2_days,rep_2
test,1,0,53560,53560,86986,24,8,850,9.0,4,10,2,-75.3939314398658,17,-128.0,138.0,266.0,0.518796992481203,266.0,0.1764705882352941,-7.529411764705882,19.0,14,rolling,losing_streak_fitness,2_days,rep_2
train,1,0,53560,53560,86986,25,8,773,9.25,4,10,2,353.58662305013746,14,189.0,322.0,133.0,2.421052631578948,38.0,0.5,13.5,19.0,2,rolling,losing_streak_fitness,2_days,rep_2
test,1,0,53560,53560,86986,25,8,773,9.25,4,10,2,-75.3939314398658,17,-128.0,138.0,266.0,0.518796992481203,266.0,0.1764705882352941,-7.529411764705882,19.0,14,rolling,losing_streak_fitness,2_days,rep_2
train,1,0,53560,53560,86986,26,8,824,9.0,4,10,2,353.58662305013746,14,189.0,322.0,133.0,2.421052631578948,38.0,0.5,13.5,19.0,2,rolling,losing_streak_fitness,2_days,rep_2
test,1,0,53560,53560,86986,26,8,824,9.0,4,10,2,-75.3939314398658,17,-128.0,138.0,266.0,0.518796992481203,266.0,0.1764705882352941,-7.529411764705882,19.0,14,rolling,losing_streak_fitness,2_days,rep_2
train,1,0,53560,53560,86986,27,8,670,9.0,4,10,2,353.58662305013746,14,189.0,322.0,133.0,2.421052631578948,38.0,0.5,13.5,19.0,2,rolling,losing_streak_fitness,2_days,rep_2
test,1,0,53560,53560,86986,27,8,670,9.0,4,10,2,-58.09475019311125,15,-90.0,138.0,228.0,0.6052631578947368,228.0,0.2,-6.0,19.0,12,rolling,losing_streak_fitness,2_days,rep_2
train,1,0,53560,53560,86986,28,8,737,9.0,4,10,2,353.58662305013746,14,189.0,322.0,133.0,2.421052631578948,38.0,0.5,13.5,19.0,2,rolling,losing_streak_fitness,2_days,rep_2
test,1,0,53560,53560,86986,28,8,737,9.0,4,10,2,-58.09475019311125,15,-90.0,138.0,228.0,0.6052631578947368,228.0,0.2,-6.0,19.0,12,rolling,losing_streak_fitness,2_days,rep_2
train,1,0,53560,53560,86986,29,8,643,9.0,4,10,2,374.9773326482549,13,208.0,322.0,114.0,2.824561403508772,38.0,0.5384615384615384,16.0,19.0,2,rolling,losing_streak_fitness,2_days,rep_2
test,1,0,53560,53560,86986,29,8,643,9.0,4,10,2,-58.09475019311125,15,-90.0,138.0,228.0,0.6052631578947368,228.0,0.2,-6.0,19.0,12,rolling,losing_streak_fitness,2_days,rep_2
train,1,0,53560,53560,86986,30,8,643,9.0,4,10,2,374.9773326482549,13,208.0,322.0,114.0,2.824561403508772,38.0,0.5384615384615384,16.0,19.0,2,rolling,losing_streak_fitness,2_days,rep_2
test,1,0,53560,53560,86986,30,8,643,9.0,4,10,2,-58.09475019311125,15,-90.0,138.0,228.0,0.6052631578947368,228.0,0.2,-6.0,19.0,12,rolling,losing_streak_fitness,2_days,rep_2
train,1,0,53560,53560,86986,31,8,643,9.0,4,10,2,374.9773326482549,13,208.0,322.0,114.0,2.824561403508772,38.0,0.5384615384615384,16.0,19.0,2,rolling,losing_streak_fitness,2_days,rep_2
test,1,0,53560,53560,86986,31,8,643,9.0,4,10,2,-58.09475019311125,15,-90.0,138.0,228.0,0.6052631578947368,228.0,0.2,-6.0,19.0,12,rolling,losing_streak_fitness,2_days,rep_2
train,1,0,53560,53560,86986,32,8,810,8.75,4,10,3,419.06562731868144,14,224.0,368.0,144.0,2.555555555555556,48.0,0.5714285714285714,16.0,24.0,2,rolling,losing_streak_fitness,2_days,rep_2
test,1,0,53560,53560,86986,32,8,810,8.75,4,10,3,-158.5032063902373,21,-294.0,138.0,432.0,0.3194444444444444,408.0,0.1428571428571428,-14.0,24.0,17,rolling,losing_streak_fitness,2_days,rep_2
train,1,0,53560,53560,86986,33,8,866,8.75,4,10,3,419.06562731868144,14,224.0,368.0,144.0,2.555555555555556,48.0,0.5714285714285714,16.0,24.0,2,rolling,losing_streak_fitness,2_days,rep_2
test,1,0,53560,53560,86986,33,8,866,8.75,4,10,3,-158.5032063902373,21,-294.0,138.0,432.0,0.3194444444444444,408.0,0.1428571428571428,-14.0,24.0,17,rolling,losing_streak_fitness,2_days,rep_2
train,1,0,53560,53560,86986,34,8,643,9.0,4,10,2,374.9773326482549,13,208.0,322.0,114.0,2.824561403508772,38.0,0.5384615384615384,16.0,19.0,2,rolling,losing_streak_fitness,2_days,rep_2
test,1,0,53560,53560,86986,34,8,643,9.0,4,10,2,-58.09475019311125,15,-90.0,138.0,228.0,0.6052631578947368,228.0,0.2,-6.0,19.0,12,rolling,losing_streak_fitness,2_days,rep_2
train,1,0,53560,53560,86986,35,8,643,8.75,4,10,3,894.1767163150693,13,248.0,368.0,120.0,3.066666666666667,24.0,0.6153846153846154,19.07692307692308,24.0,1,rolling,losing_streak_fitness,2_days,rep_2
test,1,0,53560,53560,86986,35,8,643,8.75,4,10,3,-125.58216433873082,18,-222.0,138.0,360.0,0.3833333333333333,360.0,0.1666666666666666,-12.333333333333334,24.0,15,rolling,losing_streak_fitness,2_days,rep_2
train,1,0,53560,53560,86986,36,8,643,8.75,4,10,3,894.1767163150693,13,248.0,368.0,120.0,3.066666666666667,24.0,0.6153846153846154,19.07692307692308,24.0,1,rolling,losing_streak_fitness,2_days,rep_2
test,1,0,53560,53560,86986,36,8,643,8.75,4,10,3,-125.58216433873082,18,-222.0,138.0,360.0,0.3833333333333333,360.0,0.1666666666666666,-12.333333333333334,24.0,15,rolling,losing_streak_fitness,2_days,rep_2
train,1,0,53560,53560,86986,37,8,643,8.75,4,10,3,894.1767163150693,13,248.0,368.0,120.0,3.066666666666667,24.0,0.6153846153846154,19.07692307692308,24.0,1,rolling,losing_streak_fitness,2_days,rep_2
test,1,0,53560,53560,86986,37,8,643,8.75,4,10,3,-125.58216433873082,18,-222.0,138.0,360.0,0.3833333333333333,360.0,0.1666666666666666,-12.333333333333334,24.0,15,rolling,losing_streak_fitness,2_days,rep_2
train,1,0,53560,53560,86986,38,8,643,8.75,4,10,3,894.1767163150693,13,248.0,368.0,120.0,3.066666666666667,24.0,0.6153846153846154,19.07692307692308,24.0,1,rolling,losing_streak_fitness,2_days,rep_2
test,1,0,53560,53560,86986,38,8,643,8.75,4,10,3,-125.58216433873082,18,-222.0,138.0,360.0,0.3833333333333333,360.0,0.1666666666666666,-12.333333333333334,24.0,15,rolling,losing_streak_fitness,2_days,rep_2
train,1,0,53560,53560,86986,39,8,643,8.75,4,10,3,894.1767163150693,13,248.0,368.0,120.0,3.066666666666667,24.0,0.6153846153846154,19.07692307692308,24.0,1,rolling,losing_streak_fitness,2_days,rep_2
test,1,0,53560,53560,86986,39,8,643,8.75,4,10,3,-125.58216433873082,18,-222.0,138.0,360.0,0.3833333333333333,360.0,0.1666666666666666,-12.333333333333334,24.0,15,rolling,losing_streak_fitness,2_days,rep_2
train,1,0,53560,53560,86986,40,8,643,8.75,4,10,3,894.1767163150693,13,248.0,368.0,120.0,3.066666666666667,24.0,0.6153846153846154,19.07692307692308,24.0,1,rolling,losing_streak_fitness,2_days,rep_2
test,1,0,53560,53560,86986,40,8,643,8.75,4,10,3,-125.58216433873082,18,-222.0,138.0,360.0,0.3833333333333333,360.0,0.1666666666666666,-12.333333333333334,24.0,15,rolling,losing_streak_fitness,2_days,rep_2
train,1,0,53560,53560,86986,41,8,643,8.75,4,10,3,894.1767163150693,13,248.0,368.0,120.0,3.066666666666667,24.0,0.6153846153846154,19.07692307692308,24.0,1,rolling,losing_streak_fitness,2_days,rep_2
test,1,0,53560,53560,86986,41,8,643,8.75,4,10,3,-125.58216433873082,18,-222.0,138.0,360.0,0.3833333333333333,360.0,0.1666666666666666,-12.333333333333334,24.0,15,rolling,losing_streak_fitness,2_days,rep_2
train,1,0,53560,53560,86986,42,8,604,8.75,4,10,3,894.1767163150693,13,248.0,368.0,120.0,3.066666666666667,24.0,0.6153846153846154,19.07692307692308,24.0,1,rolling,losing_streak_fitness,2_days,rep_2
test,1,0,53560,53560,86986,42,8,604,8.75,4,10,3,-125.58216433873082,18,-222.0,138.0,360.0,0.3833333333333333,360.0,0.1666666666666666,-12.333333333333334,24.0,15,rolling,losing_streak_fitness,2_days,rep_2
train,1,0,53560,53560,86986,43,8,643,8.75,4,10,3,894.1767163150693,13,248.0,368.0,120.0,3.066666666666667,24.0,0.6153846153846154,19.07692307692308,24.0,1,rolling,losing_streak_fitness,2_days,rep_2
test,1,0,53560,53560,86986,43,8,643,8.75,4,10,3,-125.58216433873082,18,-222.0,138.0,360.0,0.3833333333333333,360.0,0.1666666666666666,-12.333333333333334,24.0,15,rolling,losing_streak_fitness,2_days,rep_2
train,1,0,53560,53560,86986,44,8,643,8.75,4,10,3,894.1767163150693,13,248.0,368.0,120.0,3.066666666666667,24.0,0.6153846153846154,19.07692307692308,24.0,1,rolling,losing_streak_fitness,2_days,rep_2
test,1,0,53560,53560,86986,44,8,643,8.75,4,10,3,-125.58216433873082,18,-222.0,138.0,360.0,0.3833333333333333,360.0,0.1666666666666666,-12.333333333333334,24.0,15,rolling,losing_streak_fitness,2_days,rep_2
train,1,0,53560,53560,86986,45,8,643,8.75,4,10,3,894.1767163150693,13,248.0,368.0,120.0,3.066666666666667,24.0,0.6153846153846154,19.07692307692308,24.0,1,rolling,losing_streak_fitness,2_days,rep_2
test,1,0,53560,53560,86986,45,8,643,8.75,4,10,3,-125.58216433873082,18,-222.0,138.0,360.0,0.3833333333333333,360.0,0.1666666666666666,-12.333333333333334,24.0,15,rolling,losing_streak_fitness,2_days,rep_2
train,1,0,53560,53560,86986,46,8,643,8.75,4,10,3,894.1767163150693,13,248.0,368.0,120.0,3.066666666666667,24.0,0.6153846153846154,19.07692307692308,24.0,1,rolling,losing_streak_fitness,2_days,rep_2
test,1,0,53560,53560,86986,46,8,643,8.75,4,10,3,-125.58216433873082,18,-222.0,138.0,360.0,0.3833333333333333,360.0,0.1666666666666666,-12.333333333333334,24.0,15,rolling,losing_streak_fitness,2_days,rep_2
train,1,0,53560,53560,86986,47,8,643,8.75,4,10,3,894.1767163150693,13,248.0,368.0,120.0,3.066666666666667,24.0,0.6153846153846154,19.07692307692308,24.0,1,rolling,losing_streak_fitness,2_days,rep_2
test,1,0,53560,53560,86986,47,8,643,8.75,4,10,3,-125.58216433873082,18,-222.0,138.0,360.0,0.3833333333333333,360.0,0.1666666666666666,-12.333333333333334,24.0,15,rolling,losing_streak_fitness,2_days,rep_2
train,1,0,53560,53560,86986,48,8,643,8.75,4,10,3,894.1767163150693,13,248.0,368.0,120.0,3.066666666666667,24.0,0.6153846153846154,19.07692307692308,24.0,1,rolling,losing_streak_fitness,2_days,rep_2
test,1,0,53560,53560,86986,48,8,643,8.75,4,10,3,-125.58216433873082,18,-222.0,138.0,360.0,0.3833333333333333,360.0,0.1666666666666666,-12.333333333333334,24.0,15,rolling,losing_streak_fitness,2_days,rep_2
train,1,0,53560,53560,86986,49,8,604,8.75,4,10,3,894.1767163150693,13,248.0,368.0,120.0,3.066666666666667,24.0,0.6153846153846154,19.07692307692308,24.0,1,rolling,losing_streak_fitness,2_days,rep_2
test,1,0,53560,53560,86986,49,8,604,8.75,4,10,3,-125.58216433873082,18,-222.0,138.0,360.0,0.3833333333333333,360.0,0.1666666666666666,-12.333333333333334,24.0,15,rolling,losing_streak_fitness,2_days,rep_2
train,1,0,53560,53560,86986,50,8,634,8.75,4,10,3,894.1767163150693,13,248.0,368.0,120.0,3.066666666666667,24.0,0.6153846153846154,19.07692307692308,24.0,1,rolling,losing_streak_fitness,2_days,rep_2
test,1,0,53560,53560,86986,50,8,634,8.75,4,10,3,-125.58216433873082,18,-222.0,138.0,360.0,0.3833333333333333,360.0,0.1666666666666666,-12.333333333333334,24.0,15,rolling,losing_streak_fitness,2_days,rep_2
train,1,0,53560,53560,86986,51,8,643,8.75,4,10,3,894.1767163150693,13,248.0,368.0,120.0,3.066666666666667,24.0,0.6153846153846154,19.07692307692308,24.0,1,rolling,losing_streak_fitness,2_days,rep_2
test,1,0,53560,53560,86986,51,8,643,8.75,4,10,3,-125.58216433873082,18,-222.0,138.0,360.0,0.3833333333333333,360.0,0.1666666666666666,-12.333333333333334,24.0,15,rolling,losing_streak_fitness,2_days,rep_2
train,1,0,53560,53560,86986,52,8,643,8.75,4,10,3,894.1767163150693,13,248.0,368.0,120.0,3.066666666666667,24.0,0.6153846153846154,19.07692307692308,24.0,1,rolling,losing_streak_fitness,2_days,rep_2
test,1,0,53560,53560,86986,52,8,643,8.75,4,10,3,-125.58216433873082,18,-222.0,138.0,360.0,0.3833333333333333,360.0,0.1666666666666666,-12.333333333333334,24.0,15,rolling,losing_streak_fitness,2_days,rep_2
train,1,0,53560,53560,86986,53,8,643,8.75,4,10,3,894.1767163150693,13,248.0,368.0,120.0,3.066666666666667,24.0,0.6153846153846154,19.07692307692308,24.0,1,rolling,losing_streak_fitness,2_days,rep_2
test,1,0,53560,53560,86986,53,8,643,8.75,4,10,3,-125.58216433873082,18,-222.0,138.0,360.0,0.3833333333333333,360.0,0.1666666666666666,-12.333333333333334,24.0,15,rolling,losing_streak_fitness,2_days,rep_2
train,1,0,53560,53560,86986,54,8,643,8.5,4,10,3,894.1767163150693,13,248.0,368.0,120.0,3.066666666666667,24.0,0.6153846153846154,19.07692307692308,24.0,1,rolling,losing_streak_fitness,2_days,rep_2
test,1,0,53560,53560,86986,54,8,643,8.5,4,10,3,-125.58216433873082,18,-222.0,138.0,360.0,0.3833333333333333,360.0,0.1666666666666666,-12.333333333333334,24.0,15,rolling,losing_streak_fitness,2_days,rep_2
train,1,0,53560,53560,86986,55,8,643,8.75,4,10,3,894.1767163150693,13,248.0,368.0,120.0,3.066666666666667,24.0,0.6153846153846154,19.07692307692308,24.0,1,rolling,losing_streak_fitness,2_days,rep_2
test,1,0,53560,53560,86986,55,8,643,8.75,4,10,3,-125.58216433873082,18,-222.0,138.0,360.0,0.3833333333333333,360.0,0.1666666666666666,-12.333333333333334,24.0,15,rolling,losing_streak_fitness,2_days,rep_2
train,1,0,53560,53560,86986,56,8,643,8.75,4,10,3,894.1767163150693,13,248.0,368.0,120.0,3.066666666666667,24.0,0.6153846153846154,19.07692307692308,24.0,1,rolling,losing_streak_fitness,2_days,rep_2
test,1,0,53560,53560,86986,56,8,643,8.75,4,10,3,-125.58216433873082,18,-222.0,138.0,360.0,0.3833333333333333,360.0,0.1666666666666666,-12.333333333333334,24.0,15,rolling,losing_streak_fitness,2_days,rep_2
train,1,0,53560,53560,86986,57,8,604,8.5,4,10,3,894.1767163150693,13,248.0,368.0,120.0,3.066666666666667,24.0,0.6153846153846154,19.07692307692308,24.0,1,rolling,losing_streak_fitness,2_days,rep_2
test,1,0,53560,53560,86986,57,8,604,8.5,4,10,3,-125.58216433873082,18,-222.0,138.0,360.0,0.3833333333333333,360.0,0.1666666666666666,-12.333333333333334,24.0,15,rolling,losing_streak_fitness,2_days,rep_2
train,1,0,53560,53560,86986,58,8,643,8.5,4,10,3,894.1767163150693,13,248.0,368.0,120.0,3.066666666666667,24.0,0.6153846153846154,19.07692307692308,24.0,1,rolling,losing_streak_fitness,2_days,rep_2
test,1,0,53560,53560,86986,58,8,643,8.5,4,10,3,-125.58216433873082,18,-222.0,138.0,360.0,0.3833333333333333,360.0,0.1666666666666666,-12.333333333333334,24.0,15,rolling,losing_streak_fitness,2_days,rep_2
train,1,0,53560,53560,86986,59,8,643,8.75,4,10,3,894.1767163150693,13,248.0,368.0,120.0,3.066666666666667,24.0,0.6153846153846154,19.07692307692308,24.0,1,rolling,losing_streak_fitness,2_days,rep_2
test,1,0,53560,53560,86986,59,8,643,8.75,4,10,3,-125.58216433873082,18,-222.0,138.0,360.0,0.3833333333333333,360.0,0.1666666666666666,-12.333333333333334,24.0,15,rolling,losing_streak_fitness,2_days,rep_2
train,1,0,53560,53560,86986,60,8,643,8.25,4,10,3,894.1767163150693,13,248.0,368.0,120.0,3.066666666666667,24.0,0.6153846153846154,19.07692307692308,24.0,1,rolling,losing_streak_fitness,2_days,rep_2
test,1,0,53560,53560,86986,60,8,643,8.25,4,10,3,-125.58216433873082,18,-222.0,138.0,360.0,0.3833333333333333,360.0,0.1666666666666666,-12.333333333333334,24.0,15,rolling,losing_streak_fitness,2_days,rep_2
train,1,0,53560,53560,86986,61,8,649,8.75,4,10,3,894.1767163150693,13,248.0,368.0,120.0,3.066666666666667,24.0,0.6153846153846154,19.07692307692308,24.0,1,rolling,losing_streak_fitness,2_days,rep_2
test,1,0,53560,53560,86986,61,8,649,8.75,4,10,3,-125.58216433873082,18,-222.0,138.0,360.0,0.3833333333333333,360.0,0.1666666666666666,-12.333333333333334,24.0,15,rolling,losing_streak_fitness,2_days,rep_2
train,1,0,53560,53560,86986,62,8,643,8.75,4,10,3,894.1767163150693,13,248.0,368.0,120.0,3.066666666666667,24.0,0.6153846153846154,19.07692307692308,24.0,1,rolling,losing_streak_fitness,2_days,rep_2
test,1,0,53560,53560,86986,62,8,643,8.75,4,10,3,-125.58216433873082,18,-222.0,138.0,360.0,0.3833333333333333,360.0,0.1666666666666666,-12.333333333333334,24.0,15,rolling,losing_streak_fitness,2_days,rep_2
train,1,0,53560,53560,86986,63,8,617,8.75,4,10,3,894.1767163150693,13,248.0,368.0,120.0,3.066666666666667,24.0,0.6153846153846154,19.07692307692308,24.0,1,rolling,losing_streak_fitness,2_days,rep_2
test,1,0,53560,53560,86986,63,8,617,8.75,4,10,3,-125.58216433873082,18,-222.0,138.0,360.0,0.3833333333333333,360.0,0.1666666666666666,-12.333333333333334,24.0,15,rolling,losing_streak_fitness,2_days,rep_2
train,1,0,53560,53560,86986,64,8,643,8.5,4,10,3,894.1767163150693,13,248.0,368.0,120.0,3.066666666666667,24.0,0.6153846153846154,19.07692307692308,24.0,1,rolling,losing_streak_fitness,2_days,rep_2
test,1,0,53560,53560,86986,64,8,643,8.5,4,10,3,-125.58216433873082,18,-222.0,138.0,360.0,0.3833333333333333,360.0,0.1666666666666666,-12.333333333333334,24.0,15,rolling,losing_streak_fitness,2_days,rep_2
train,1,0,53560,53560,86986,65,8,643,8.75,4,10,3,894.1767163150693,13,248.0,368.0,120.0,3.066666666666667,24.0,0.6153846153846154,19.07692307692308,24.0,1,rolling,losing_streak_fitness,2_days,rep_2
test,1,0,53560,53560,86986,65,8,643,8.75,4,10,3,-125.58216433873082,18,-222.0,138.0,360.0,0.3833333333333333,360.0,0.1666666666666666,-12.333333333333334,24.0,15,rolling,losing_streak_fitness,2_days,rep_2
train,1,0,53560,53560,86986,66,8,643,8.25,4,10,3,894.1767163150693,13,248.0,368.0,120.0,3.066666666666667,24.0,0.6153846153846154,19.07692307692308,24.0,1,rolling,losing_streak_fitness,2_days,rep_2
test,1,0,53560,53560,86986,66,8,643,8.25,4,10,3,-125.58216433873082,18,-222.0,138.0,360.0,0.3833333333333333,360.0,0.1666666666666666,-12.333333333333334,24.0,15,rolling,losing_streak_fitness,2_days,rep_2
train,1,0,53560,53560,86986,67,8,636,8.75,4,10,3,894.1767163150693,13,248.0,368.0,120.0,3.066666666666667,24.0,0.6153846153846154,19.07692307692308,24.0,1,rolling,losing_streak_fitness,2_days,rep_2
test,1,0,53560,53560,86986,67,8,636,8.75,4,10,3,-125.58216433873082,18,-222.0,138.0,360.0,0.3833333333333333,360.0,0.1666666666666666,-12.333333333333334,24.0,15,rolling,losing_streak_fitness,2_days,rep_2
train,1,0,53560,53560,86986,68,8,610,8.75,4,10,3,894.1767163150693,13,248.0,368.0,120.0,3.066666666666667,24.0,0.6153846153846154,19.07692307692308,24.0,1,rolling,losing_streak_fitness,2_days,rep_2
test,1,0,53560,53560,86986,68,8,610,8.75,4,10,3,-125.58216433873082,18,-222.0,138.0,360.0,0.3833333333333333,360.0,0.1666666666666666,-12.333333333333334,24.0,15,rolling,losing_streak_fitness,2_days,rep_2
train,1,0,53560,53560,86986,69,8,643,8.5,4,10,3,894.1767163150693,13,248.0,368.0,120.0,3.066666666666667,24.0,0.6153846153846154,19.07692307692308,24.0,1,rolling,losing_streak_fitness,2_days,rep_2
test,1,0,53560,53560,86986,69,8,643,8.5,4,10,3,-125.58216433873082,18,-222.0,138.0,360.0,0.3833333333333333,360.0,0.1666666666666666,-12.333333333333334,24.0,15,rolling,losing_streak_fitness,2_days,rep_2
train,1,0,53560,53560,86986,70,8,636,8.5,4,10,3,894.1767163150693,13,248.0,368.0,120.0,3.066666666666667,24.0,0.6153846153846154,19.07692307692308,24.0,1,rolling,losing_streak_fitness,2_days,rep_2
test,1,0,53560,53560,86986,70,8,636,8.5,4,10,3,-125.58216433873082,18,-222.0,138.0,360.0,0.3833333333333333,360.0,0.1666666666666666,-12.333333333333334,24.0,15,rolling,losing_streak_fitness,2_days,rep_2
train,1,0,53560,53560,86986,71,8,643,8.5,4,10,3,894.1767163150693,13,248.0,368.0,120.0,3.066666666666667,24.0,0.6153846153846154,19.07692307692308,24.0,1,rolling,losing_streak_fitness,2_days,rep_2
test,1,0,53560,53560,86986,71,8,643,8.5,4,10,3,-125.58216433873082,18,-222.0,138.0,360.0,0.3833333333333333,360.0,0.1666666666666666,-12.333333333333334,24.0,15,rolling,losing_streak_fitness,2_days,rep_2
train,1,0,53560,53560,86986,72,8,623,8.5,4,10,3,894.1767163150693,13,248.0,368.0,120.0,3.066666666666667,24.0,0.6153846153846154,19.07692307692308,24.0,1,rolling,losing_streak_fitness,2_days,rep_2
test,1,0,53560,53560,86986,72,8,623,8.5,4,10,3,-125.58216433873082,18,-222.0,138.0,360.0,0.3833333333333333,360.0,0.1666666666666666,-12.333333333333334,24.0,15,rolling,losing_streak_fitness,2_days,rep_2
train,1,0,53560,53560,86986,73,8,597,8.5,4,10,3,894.1767163150693,13,248.0,368.0,120.0,3.066666666666667,24.0,0.6153846153846154,19.07692307692308,24.0,1,rolling,losing_streak_fitness,2_days,rep_2
test,1,0,53560,53560,86986,73,8,597,8.5,4,10,3,-116.6249876960424,17,-198.0,138.0,336.0,0.4107142857142857,336.0,0.1764705882352941,-11.647058823529411,24.0,14,rolling,losing_streak_fitness,2_days,rep_2
train,1,0,53560,53560,86986,74,8,597,8.5,4,10,3,894.1767163150693,13,248.0,368.0,120.0,3.066666666666667,24.0,0.6153846153846154,19.07692307692308,24.0,1,rolling,losing_streak_fitness,2_days,rep_2
test,1,0,53560,53560,86986,74,8,597,8.5,4,10,3,-116.6249876960424,17,-198.0,138.0,336.0,0.4107142857142857,336.0,0.1764705882352941,-11.647058823529411,24.0,14,rolling,losing_streak_fitness,2_days,rep_2
train,1,0,53560,53560,86986,75,8,597,8.75,4,10,3,894.1767163150693,13,248.0,368.0,120.0,3.066666666666667,24.0,0.6153846153846154,19.07692307692308,24.0,1,rolling,losing_streak_fitness,2_days,rep_2
test,1,0,53560,53560,86986,75,8,597,8.75,4,10,3,-116.6249876960424,17,-198.0,138.0,336.0,0.4107142857142857,336.0,0.1764705882352941,-11.647058823529411,24.0,14,rolling,losing_streak_fitness,2_days,rep_2
train,1,0,53560,53560,86986,76,8,623,8.5,4,10,3,894.1767163150693,13,248.0,368.0,120.0,3.066666666666667,24.0,0.6153846153846154,19.07692307692308,24.0,1,rolling,losing_streak_fitness,2_days,rep_2
test,1,0,53560,53560,86986,76,8,623,8.5,4,10,3,-125.58216433873082,18,-222.0,138.0,360.0,0.3833333333333333,360.0,0.1666666666666666,-12.333333333333334,24.0,15,rolling,losing_streak_fitness,2_days,rep_2
train,1,0,53560,53560,86986,77,8,643,8.5,4,10,3,894.1767163150693,13,248.0,368.0,120.0,3.066666666666667,24.0,0.6153846153846154,19.07692307692308,24.0,1,rolling,losing_streak_fitness,2_days,rep_2
test,1,0,53560,53560,86986,77,8,643,8.5,4,10,3,-125.58216433873082,18,-222.0,138.0,360.0,0.3833333333333333,360.0,0.1666666666666666,-12.333333333333334,24.0,15,rolling,losing_streak_fitness,2_days,rep_2
train,1,0,53560,53560,86986,78,8,623,8.5,4,10,3,894.1767163150693,13,248.0,368.0,120.0,3.066666666666667,24.0,0.6153846153846154,19.07692307692308,24.0,1,rolling,losing_streak_fitness,2_days,rep_2
test,1,0,53560,53560,86986,78,8,623,8.5,4,10,3,-125.58216433873082,18,-222.0,138.0,360.0,0.3833333333333333,360.0,0.1666666666666666,-12.333333333333334,24.0,15,rolling,losing_streak_fitness,2_days,rep_2
train,1,0,53560,53560,86986,79,8,617,8.75,4,10,3,894.1767163150693,13,248.0,368.0,120.0,3.066666666666667,24.0,0.6153846153846154,19.07692307692308,24.0,1,rolling,losing_streak_fitness,2_days,rep_2
test,1,0,53560,53560,86986,79,8,617,8.75,4,10,3,-125.58216433873082,18,-222.0,138.0,360.0,0.3833333333333333,360.0,0.1666666666666666,-12.333333333333334,24.0,15,rolling,losing_streak_fitness,2_days,rep_2
train,1,0,53560,53560,86986,80,8,592,8.5,4,10,3,894.1767163150693,13,248.0,368.0,120.0,3.066666666666667,24.0,0.6153846153846154,19.07692307692308,24.0,1,rolling,losing_streak_fitness,2_days,rep_2
test,1,0,53560,53560,86986,80,8,592,8.5,4,10,3,-116.6249876960424,17,-198.0,138.0,336.0,0.4107142857142857,336.0,0.1764705882352941,-11.647058823529411,24.0,14,rolling,losing_streak_fitness,2_days,rep_2
train,1,0,53560,53560,86986,81,8,597,8.0,4,10,3,894.1767163150693,13,248.0,368.0,120.0,3.066666666666667,24.0,0.6153846153846154,19.07692307692308,24.0,1,rolling,losing_streak_fitness,2_days,rep_2
test,1,0,53560,53560,86986,81,8,597,8.0,4,10,3,-116.6249876960424,17,-198.0,138.0,336.0,0.4107142857142857,336.0,0.1764705882352941,-11.647058823529411,24.0,14,rolling,losing_streak_fitness,2_days,rep_2
train,1,0,53560,53560,86986,82,8,617,8.5,4,10,3,894.1767163150693,13,248.0,368.0,120.0,3.066666666666667,24.0,0.6153846153846154,19.07692307692308,24.0,1,rolling,losing_streak_fitness,2_days,rep_2
test,1,0,53560,53560,86986,82,8,617,8.5,4,10,3,-125.58216433873082,18,-222.0,138.0,360.0,0.3833333333333333,360.0,0.1666666666666666,-12.333333333333334,24.0,15,rolling,losing_streak_fitness,2_days,rep_2
train,1,0,53560,53560,86986,83,8,592,8.5,4,10,3,894.1767163150693,13,248.0,368.0,120.0,3.066666666666667,24.0,0.6153846153846154,19.07692307692308,24.0,1,rolling,losing_streak_fitness,2_days,rep_2
test,1,0,53560,53560,86986,83,8,592,8.5,4,10,3,-116.6249876960424,17,-198.0,138.0,336.0,0.4107142857142857,336.0,0.1764705882352941,-11.647058823529411,24.0,14,rolling,losing_streak_fitness,2_days,rep_2
train,1,0,53560,53560,86986,84,8,617,8.5,4,10,3,894.1767163150693,13,248.0,368.0,120.0,3.066666666666667,24.0,0.6153846153846154,19.07692307692308,24.0,1,rolling,losing_streak_fitness,2_days,rep_2
test,1,0,53560,53560,86986,84,8,617,8.5,4,10,3,-125.58216433873082,18,-222.0,138.0,360.0,0.3833333333333333,360.0,0.1666666666666666,-12.333333333333334,24.0,15,rolling,losing_streak_fitness,2_days,rep_2
train,1,0,53560,53560,86986,85,8,643,8.5,4,10,3,894.1767163150693,13,248.0,368.0,120.0,3.066666666666667,24.0,0.6153846153846154,19.07692307692308,24.0,1,rolling,losing_streak_fitness,2_days,rep_2
test,1,0,53560,53560,86986,85,8,643,8.5,4,10,3,-125.58216433873082,18,-222.0,138.0,360.0,0.3833333333333333,360.0,0.1666666666666666,-12.333333333333334,24.0,15,rolling,losing_streak_fitness,2_days,rep_2
train,1,0,53560,53560,86986,86,8,629,8.75,4,10,3,894.1767163150693,13,248.0,368.0,120.0,3.066666666666667,24.0,0.6153846153846154,19.07692307692308,24.0,1,rolling,losing_streak_fitness,2_days,rep_2
test,1,0,53560,53560,86986,86,8,629,8.75,4,10,3,-125.58216433873082,18,-222.0,138.0,360.0,0.3833333333333333,360.0,0.1666666666666666,-12.333333333333334,24.0,15,rolling,losing_streak_fitness,2_days,rep_2
train,1,0,53560,53560,86986,87,8,623,8.5,4,10,3,894.1767163150693,13,248.0,368.0,120.0,3.066666666666667,24.0,0.6153846153846154,19.07692307692308,24.0,1,rolling,losing_streak_fitness,2_days,rep_2
test,1,0,53560,53560,86986,87,8,623,8.5,4,10,3,-125.58216433873082,18,-222.0,138.0,360.0,0.3833333333333333,360.0,0.1666666666666666,-12.333333333333334,24.0,15,rolling,losing_streak_fitness,2_days,rep_2
train,1,0,53560,53560,86986,88,8,610,8.25,4,10,3,894.1767163150693,13,248.0,368.0,120.0,3.066666666666667,24.0,0.6153846153846154,19.07692307692308,24.0,1,rolling,losing_streak_fitness,2_days,rep_2
test,1,0,53560,53560,86986,88,8,610,8.25,4,10,3,-125.58216433873082,18,-222.0,138.0,360.0,0.3833333333333333,360.0,0.1666666666666666,-12.333333333333334,24.0,15,rolling,losing_streak_fitness,2_days,rep_2
train,1,0,53560,53560,86986,89,8,597,8.5,4,10,3,894.1767163150693,13,248.0,368.0,120.0,3.066666666666667,24.0,0.6153846153846154,19.07692307692308,24.0,1,rolling,losing_streak_fitness,2_days,rep_2
test,1,0,53560,53560,86986,89,8,597,8.5,4,10,3,-116.6249876960424,17,-198.0,138.0,336.0,0.4107142857142857,336.0,0.1764705882352941,-11.647058823529411,24.0,14,rolling,losing_streak_fitness,2_days,rep_2
train,1,0,53560,53560,86986,90,8,643,8.75,4,10,3,894.1767163150693,13,248.0,368.0,120.0,3.066666666666667,24.0,0.6153846153846154,19.07692307692308,24.0,1,rolling,losing_streak_fitness,2_days,rep_2
test,1,0,53560,53560,86986,90,8,643,8.75,4,10,3,-125.58216433873082,18,-222.0,138.0,360.0,0.3833333333333333,360.0,0.1666666666666666,-12.333333333333334,24.0,15,rolling,losing_streak_fitness,2_days,rep_2
train,1,0,53560,53560,86986,91,8,643,8.25,4,10,3,894.1767163150693,13,248.0,368.0,120.0,3.066666666666667,24.0,0.6153846153846154,19.07692307692308,24.0,1,rolling,losing_streak_fitness,2_days,rep_2
test,1,0,53560,53560,86986,91,8,643,8.25,4,10,3,-125.58216433873082,18,-222.0,138.0,360.0,0.3833333333333333,360.0,0.1666666666666666,-12.333333333333334,24.0,15,rolling,losing_streak_fitness,2_days,rep_2
train,1,0,53560,53560,86986,92,8,617,8.5,4,10,3,894.1767163150693,13,248.0,368.0,120.0,3.066666666666667,24.0,0.6153846153846154,19.07692307692308,24.0,1,rolling,losing_streak_fitness,2_days,rep_2
test,1,0,53560,53560,86986,92,8,617,8.5,4,10,3,-125.58216433873082,18,-222.0,138.0,360.0,0.3833333333333333,360.0,0.1666666666666666,-12.333333333333334,24.0,15,rolling,losing_streak_fitness,2_days,rep_2
train,1,0,53560,53560,86986,93,8,643,8.5,4,10,3,894.1767163150693,13,248.0,368.0,120.0,3.066666666666667,24.0,0.6153846153846154,19.07692307692308,24.0,1,rolling,losing_streak_fitness,2_days,rep_2
test,1,0,53560,53560,86986,93,8,643,8.5,4,10,3,-125.58216433873082,18,-222.0,138.0,360.0,0.3833333333333333,360.0,0.1666666666666666,-12.333333333333334,24.0,15,rolling,losing_streak_fitness,2_days,rep_2
train,1,0,53560,53560,86986,94,8,617,8.25,4,10,3,894.1767163150693,13,248.0,368.0,120.0,3.066666666666667,24.0,0.6153846153846154,19.07692307692308,24.0,1,rolling,losing_streak_fitness,2_days,rep_2
test,1,0,53560,53560,86986,94,8,617,8.25,4,10,3,-125.58216433873082,18,-222.0,138.0,360.0,0.3833333333333333,360.0,0.1666666666666666,-12.333333333333334,24.0,15,rolling,losing_streak_fitness,2_days,rep_2
train,1,0,53560,53560,86986,95,8,617,8.5,4,10,3,894.1767163150693,13,248.0,368.0,120.0,3.066666666666667,24.0,0.6153846153846154,19.07692307692308,24.0,1,rolling,losing_streak_fitness,2_days,rep_2
test,1,0,53560,53560,86986,95,8,617,8.5,4,10,3,-125.58216433873082,18,-222.0,138.0,360.0,0.3833333333333333,360.0,0.1666666666666666,-12.333333333333334,24.0,15,rolling,losing_streak_fitness,2_days,rep_2
train,1,0,53560,53560,86986,96,8,617,8.5,4,10,3,894.1767163150693,13,248.0,368.0,120.0,3.066666666666667,24.0,0.6153846153846154,19.07692307692308,24.0,1,rolling,losing_streak_fitness,2_days,rep_2
test,1,0,53560,53560,86986,96,8,617,8.5,4,10,3,-125.58216433873082,18,-222.0,138.0,360.0,0.3833333333333333,360.0,0.1666666666666666,-12.333333333333334,24.0,15,rolling,losing_streak_fitness,2_days,rep_2
train,1,0,53560,53560,86986,97,8,643,8.5,4,10,3,894.1767163150693,13,248.0,368.0,120.0,3.066666666666667,24.0,0.6153846153846154,19.07692307692308,24.0,1,rolling,losing_streak_fitness,2_days,rep_2
test,1,0,53560,53560,86986,97,8,643,8.5,4,10,3,-125.58216433873082,18,-222.0,138.0,360.0,0.3833333333333333,360.0,0.1666666666666666,-12.333333333333334,24.0,15,rolling,losing_streak_fitness,2_days,rep_2
train,1,0,53560,53560,86986,98,8,617,8.75,4,10,3,894.1767163150693,13,248.0,368.0,120.0,3.066666666666667,24.0,0.6153846153846154,19.07692307692308,24.0,1,rolling,losing_streak_fitness,2_days,rep_2
test,1,0,53560,53560,86986,98,8,617,8.75,4,10,3,-125.58216433873082,18,-222.0,138.0,360.0,0.3833333333333333,360.0,0.1666666666666666,-12.333333333333334,24.0,15,rolling,losing_streak_fitness,2_days,rep_2
train,1,0,53560,53560,86986,99,8,643,8.25,4,10,3,894.1767163150693,13,248.0,368.0,120.0,3.066666666666667,24.0,0.6153846153846154,19.07692307692308,24.0,1,rolling,losing_streak_fitness,2_days,rep_2
test,1,0,53560,53560,86986,99,8,643,8.25,4,10,3,-125.58216433873082,18,-222.0,138.0,360.0,0.3833333333333333,360.0,0.1666666666666666,-12.333333333333334,24.0,15,rolling,losing_streak_fitness,2_days,rep_2
train,1,0,53560,53560,86986,100,8,643,8.5,4,10,3,894.1767163150693,13,248.0,368.0,120.0,3.066666666666667,24.0,0.6153846153846154,19.07692307692308,24.0,1,rolling,losing_streak_fitness,2_days,rep_2
test,1,0,53560,53560,86986,100,8,643,8.5,4,10,3,-125.58216433873082,18,-222.0,138.0,360.0,0.3833333333333333,360.0,0.1666666666666666,-12.333333333333334,24.0,15,rolling,losing_streak_fitness,2_days,rep_2
train,2,22406,86986,86986,125287,0,14,956,5.25,3,15,2,391.3118960624632,5,175.0,213.0,38.0,5.605263157894737,19.0,0.6,35.0,19.0,1,rolling,losing_streak_fitness,2_days,rep_2
test,2,22406,86986,86986,125287,0,14,956,5.25,3,15,2,161.66632302368973,6,66.0,142.0,76.0,1.868421052631579,38.0,0.3333333333333333,11.0,19.0,2,rolling,losing_streak_fitness,2_days,rep_2
train,2,22406,86986,86986,125287,1,14,956,5.25,7,18,2,491.93495504995377,5,220.0,258.0,38.0,6.789473684210527,19.0,0.6,44.0,19.0,1,rolling,losing_streak_fitness,2_days,rep_2
test,2,22406,86986,86986,125287,1,14,956,5.25,7,18,2,235.15101530718508,6,96.0,172.0,76.0,2.263157894736842,38.0,0.3333333333333333,16.0,19.0,2,rolling,losing_streak_fitness,2_days,rep_2
train,2,22406,86986,86986,125287,2,14,956,3.5,7,18,2,491.93495504995377,5,220.0,258.0,38.0,6.789473684210527,19.0,0.6,44.0,19.0,1,rolling,losing_streak_fitness,2_days,rep_2
test,2,22406,86986,86986,125287,2,14,956,3.5,7,18,2,235.15101530718508,6,96.0,172.0,76.0,2.263157894736842,38.0,0.3333333333333333,16.0,19.0,2,rolling,losing_streak_fitness,2_days,rep_2
train,2,22406,86986,86986,125287,3,14,2532,5.25,7,18,2,491.93495504995377,5,220.0,258.0,38.0,6.789473684210527,19.0,0.6,44.0,19.0,1,rolling,losing_streak_fitness,2_days,rep_2
test,2,22406,86986,86986,125287,3,14,2532,5.25,7,18,2,747.0,9,249.0,344.0,95.0,3.621052631578948,38.0,0.4444444444444444,27.666666666666668,19.0,2,rolling,losing_streak_fitness,2_days,rep_2
train,2,22406,86986,86986,125287,4,14,3047,10.0,2,19,3,503.1152949374527,5,225.0,273.0,48.0,5.6875,24.0,0.6,45.0,24.0,1,rolling,losing_streak_fitness,2_days,rep_2
test,2,22406,86986,86986,125287,4,14,3047,10.0,2,19,3,732.0,9,244.0,364.0,120.0,3.033333333333333,48.0,0.4444444444444444,27.11111111111111,24.0,2,rolling,losing_streak_fitness,2_days,rep_2
train,2,22406,86986,86986,125287,5,12,506,3.0,2,14,2,547.6705213903703,7,207.0,264.0,57.0,4.631578947368421,19.0,0.5714285714285714,29.571428571428573,19.0,1,rolling,losing_streak_fitness,2_days,rep_2
test,2,22406,86986,86986,125287,5,12,506,3.0,2,14,2,198.30784149901888,14,159.0,330.0,171.0,1.9298245614035088,114.0,0.3571428571428571,11.357142857142858,19.0,6,rolling,losing_streak_fitness,2_days,rep_2
train,2,22406,86986,86986,125287,6,12,475,3.0,2,9,2,567.0,9,189.0,246.0,57.0,4.315789473684211,19.0,0.6666666666666666,21.0,19.0,1,rolling,losing_streak_fitness,2_days,rep_2
test,2,22406,86986,86986,125287,6,12,475,3.0,2,9,2,348.5685011586675,15,135.0,287.0,152.0,1.888157894736842,73.0,0.4666666666666667,9.0,19.0,3,rolling,losing_streak_fitness,2_days,rep_2
train,2,22406,86986,86986,125287,7,14,506,5.25,3,19,2,525.4759747124506,5,235.0,273.0,38.0,7.184210526315789,19.0,0.6,47.0,19.0,1,rolling,losing_streak_fitness,2_days,rep_2
test,2,22406,86986,86986,125287,7,14,506,5.25,3,19,2,259.64591273501685,6,106.0,182.0,76.0,2.3947368421052637,38.0,0.3333333333333333,17.666666666666668,19.0,2,rolling,losing_streak_fitness,2_days,rep_2
train,2,22406,86986,86986,125287,8,14,2532,7.75,2,19,2,525.4759747124506,5,235.0,273.0,38.0,7.184210526315789,19.0,0.6,47.0,19.0,1,rolling,losing_streak_fitness,2_days,rep_2
test,2,22406,86986,86986,125287,8,14,2532,7.75,2,19,2,807.0,9,269.0,364.0,95.0,3.831578947368421,38.0,0.4444444444444444,29.88888888888889,19.0,2,rolling,losing_streak_fitness,2_days,rep_2
train,2,22406,86986,86986,125287,9,12,506,3.0,5,19,2,529.0897844411664,6,216.0,273.0,57.0,4.789473684210527,19.0,0.5,36.0,19.0,1,rolling,losing_streak_fitness,2_days,rep_2
test,2,22406,86986,86986,125287,9,12,506,3.0,5,19,2,160.52463985320134,11,121.0,273.0,152.0,1.7960526315789471,95.0,0.2727272727272727,11.0,19.0,5,rolling,losing_streak_fitness,2_days,rep_2
train,2,22406,86986,86986,125287,10,12,506,5.25,5,19,2,529.0897844411664,6,216.0,273.0,57.0,4.789473684210527,19.0,0.5,36.0,19.0,1,rolling,losing_streak_fitness,2_days,rep_2
test,2,22406,86986,86986,125287,10,12,506,5.25,5,19,2,160.52463985320134,11,121.0,273.0,152.0,1.7960526315789471,95.0,0.2727272727272727,11.0,19.0,5,rolling,losing_streak_fitness,2_days,rep_2
train,2,22406,86986,86986,125287,11,12,506,3.25,2,19,2,529.0897844411664,6,216.0,273.0,57.0,4.789473684210527,19.0,0.5,36.0,19.0,1,rolling,losing_streak_fitness,2_days,rep_2
test,2,22406,86986,86986,125287,11,12,506,3.25,2,19,2,141.33534589762036,12,102.0,273.0,171.0,1.5964912280701755,95.0,0.25,8.5,19.0,5,rolling,losing_streak_fitness,2_days,rep_2
train,2,22406,86986,86986,125287,12,12,521,5.25,5,19,2,529.0897844411664,6,216.0,273.0,57.0,4.789473684210527,19.0,0.5,36.0,19.0,1,rolling,losing_streak_fitness,2_days,rep_2
test,2,22406,86986,86986,125287,12,12,521,5.25,5,19,2,160.52463985320134,11,121.0,273.0,152.0,1.7960526315789471,95.0,0.2727272727272727,11.0,19.0,5,rolling,losing_streak_fitness,2_days,rep_2
train,2,22406,86986,86986,125287,13,12,506,5.25,1,19,2,529.0897844411664,6,216.0,273.0,57.0,4.789473684210527,19.0,0.5,36.0,19.0,1,rolling,losing_streak_fitness,2_days,rep_2
test,2,22406,86986,86986,125287,13,12,506,5.25,1,19,2,160.52463985320134,11,121.0,273.0,152.0,1.7960526315789471,95.0,0.2727272727272727,11.0,19.0,5,rolling,losing_streak_fitness,2_days,rep_2
train,2,22406,86986,86986,125287,14,12,506,8.0,2,21,2,602.5744767246617,6,246.0,303.0,57.0,5.315789473684211,19.0,0.5,41.0,19.0,1,rolling,losing_streak_fitness,2_days,rep_2
test,2,22406,86986,86986,125287,14,12,506,8.0,2,21,2,29.37581957171925,11,31.0,202.0,171.0,1.1812865497076024,133.0,0.1818181818181818,2.8181818181818183,19.0,7,rolling,losing_streak_fitness,2_days,rep_2
train,2,22406,86986,86986,125287,15,13,506,3.75,1,22,2,639.3168228664094,6,261.0,318.0,57.0,5.578947368421052,19.0,0.5,43.5,19.0,1,rolling,losing_streak_fitness,2_days,rep_2
test,2,22406,86986,86986,125287,15,13,506,3.75,1,22,2,63.24555320336759,10,60.0,212.0,152.0,1.394736842105263,114.0,0.2,6.0,19.0,6,rolling,losing_streak_fitness,2_days,rep_2
train,2,22406,86986,86986,125287,16,12,506,7.75,2,22,2,639.3168228664094,6,261.0,318.0,57.0,5.578947368421052,19.0,0.5,43.5,19.0,1,rolling,losing_streak_fitness,2_days,rep_2
test,2,22406,86986,86986,125287,16,12,506,7.75,2,22,2,38.85189040130611,11,41.0,212.0,171.0,1.239766081871345,133.0,0.1818181818181818,3.727272727272727,19.0,7,rolling,losing_streak_fitness,2_days,rep_2
train,2,22406,86986,86986,125287,17,12,506,4.0,1,22,2,639.3168228664094,6,261.0,318.0,57.0,5.578947368421052,19.0,0.5,43.5,19.0,1,rolling,losing_streak_fitness,2_days,rep_2
test,2,22406,86986,86986,125287,17,12,506,4.0,1,22,2,38.85189040130611,11,41.0,212.0,171.0,1.239766081871345,133.0,0.1818181818181818,3.727272727272727,19.0,7,rolling,losing_streak_fitness,2_days,rep_2
train,2,22406,86986,86986,125287,18,12,506,8.0,1,24,2,712.8015151499047,6,291.0,348.0,57.0,6.105263157894737,19.0,0.5,48.5,19.0,1,rolling,losing_streak_fitness,2_days,rep_2
test,2,22406,86986,86986,125287,18,12,506,8.0,1,24,2,57.80403206047983,11,61.0,232.0,171.0,1.3567251461988303,133.0,0.1818181818181818,5.545454545454546,19.0,7,rolling,losing_streak_fitness,2_days,rep_2
train,2,22406,86986,86986,125287,19,12,506,8.0,2,24,2,712.8015151499047,6,291.0,348.0,57.0,6.105263157894737,19.0,0.5,48.5,19.0,1,rolling,losing_streak_fitness,2_days,rep_2
test,2,22406,86986,86986,125287,19,12,506,8.0,2,24,2,57.80403206047983,11,61.0,232.0,171.0,1.3567251461988303,133.0,0.1818181818181818,5.545454545454546,19.0,7,rolling,losing_streak_fitness,2_days,rep_2
train,2,22406,86986,86986,125287,20,12,480,5.0,2,26,2,760.2631123499285,5,340.0,378.0,38.0,9.947368421052632,19.0,0.6,68.0,19.0,1,rolling,losing_streak_fitness,2_days,rep_2
test,2,22406,86986,86986,125287,20,12,480,5.0,2,26,2,105.40925533894598,10,100.0,252.0,152.0,1.6578947368421053,114.0,0.2,10.0,19.0,6,rolling,losing_streak_fitness,2_days,rep_2
train,2,22406,86986,86986,125287,21,12,506,5.0,2,26,2,760.2631123499285,5,340.0,378.0,38.0,9.947368421052632,19.0,0.6,68.0,19.0,1,rolling,losing_streak_fitness,2_days,rep_2
test,2,22406,86986,86986,125287,21,12,506,5.0,2,26,2,105.40925533894598,10,100.0,252.0,152.0,1.6578947368421053,114.0,0.2,10.0,19.0,6,rolling,losing_streak_fitness,2_days,rep_2
train,2,22406,86986,86986,125287,22,12,506,8.0,2,26,2,760.2631123499285,5,340.0,378.0,38.0,9.947368421052632,19.0,0.6,68.0,19.0,1,rolling,losing_streak_fitness,2_days,rep_2
test,2,22406,86986,86986,125287,22,12,506,8.0,2,26,2,105.40925533894598,10,100.0,252.0,152.0,1.6578947368421053,114.0,0.2,10.0,19.0,6,rolling,losing_streak_fitness,2_days,rep_2
train,2,22406,86986,86986,125287,23,12,506,4.25,3,26,2,760.2631123499285,5,340.0,378.0,38.0,9.947368421052632,19.0,0.6,68.0,19.0,1,rolling,losing_streak_fitness,2_days,rep_2
test,2,22406,86986,86986,125287,23,12,506,4.25,3,26,2,105.40925533894598,10,100.0,252.0,152.0,1.6578947368421053,114.0,0.2,10.0,19.0,6,rolling,losing_streak_fitness,2_days,rep_2
train,2,22406,86986,86986,125287,24,12,506,3.75,2,26,2,760.2631123499285,5,340.0,378.0,38.0,9.947368421052632,19.0,0.6,68.0,19.0,1,rolling,losing_streak_fitness,2_days,rep_2
test,2,22406,86986,86986,125287,24,12,506,3.75,2,26,2,89.5488693395958,11,81.0,252.0,171.0,1.4736842105263157,114.0,0.1818181818181818,7.363636363636363,19.0,6,rolling,losing_streak_fitness,2_days,rep_2
train,2,22406,86986,86986,125287,25,12,485,3.75,2,26,2,760.2631123499285,5,340.0,378.0,38.0,9.947368421052632,19.0,0.6,68.0,19.0,1,rolling,losing_streak_fitness,2_days,rep_2
test,2,22406,86986,86986,125287,25,12,485,3.75,2,26,2,89.5488693395958,11,81.0,252.0,171.0,1.4736842105263157,114.0,0.1818181818181818,7.363636363636363,19.0,6,rolling,losing_streak_fitness,2_days,rep_2
train,2,22406,86986,86986,125287,26,12,480,3.75,2,27,2,793.8041320124254,5,355.0,393.0,38.0,10.342105263157896,19.0,0.6,71.0,19.0,1,rolling,losing_streak_fitness,2_days,rep_2
test,2,22406,86986,86986,125287,26,12,480,3.75,2,27,2,115.95018087284058,10,110.0,262.0,152.0,1.7236842105263157,114.0,0.2,11.0,19.0,6,rolling,losing_streak_fitness,2_days,rep_2
train,2,22406,86986,86986,125287,27,12,480,3.75,3,27,2,793.8041320124254,5,355.0,393.0,38.0,10.342105263157896,19.0,0.6,71.0,19.0,1,rolling,losing_streak_fitness,2_days,rep_2
test,2,22406,86986,86986,125287,27,12,480,3.75,3,27,2,115.95018087284058,10,110.0,262.0,152.0,1.7236842105263157,114.0,0.2,11.0,19.0,6,rolling,losing_streak_fitness,2_days,rep_2
train,2,22406,86986,86986,125287,28,12,506,8.0,2,27,2,793.8041320124254,5,355.0,393.0,38.0,10.342105263157896,19.0,0.6,71.0,19.0,1,rolling,losing_streak_fitness,2_days,rep_2
test,2,22406,86986,86986,125287,28,12,506,8.0,2,27,2,115.95018087284058,10,110.0,262.0,152.0,1.7236842105263157,114.0,0.2,11.0,19.0,6,rolling,losing_streak_fitness,2_days,rep_2
train,2,22406,86986,86986,125287,29,12,485,3.5,2,27,2,793.8041320124254,5,355.0,393.0,38.0,10.342105263157896,19.0,0.6,71.0,19.0,1,rolling,losing_streak_fitness,2_days,rep_2
test,2,22406,86986,86986,125287,29,12,485,3.5,2,27,2,100.60428530744711,11,91.0,262.0,171.0,1.5321637426900585,114.0,0.1818181818181818,8.272727272727273,19.0,6,rolling,losing_streak_fitness,2_days,rep_2
train,2,22406,86986,86986,125287,30,12,506,8.0,2,27,2,793.8041320124254,5,355.0,393.0,38.0,10.342105263157896,19.0,0.6,71.0,19.0,1,rolling,losing_streak_fitness,2_days,rep_2
test,2,22406,86986,86986,125287,30,12,506,8.0,2,27,2,115.95018087284058,10,110.0,262.0,152.0,1.7236842105263157,114.0,0.2,11.0,19.0,6,rolling,losing_streak_fitness,2_days,rep_2
train,2,22406,86986,86986,125287,31,12,506,3.75,2,27,2,793.8041320124254,5,355.0,393.0,38.0,10.342105263157896,19.0,0.6,71.0,19.0,1,rolling,losing_streak_fitness,2_days,rep_2
test,2,22406,86986,86986,125287,31,12,506,3.75,2,27,2,100.60428530744711,11,91.0,262.0,171.0,1.5321637426900585,114.0,0.1818181818181818,8.272727272727273,19.0,6,rolling,losing_streak_fitness,2_days,rep_2
train,2,22406,86986,86986,125287,32,12,506,3.75,3,27,2,793.8041320124254,5,355.0,393.0,38.0,10.342105263157896,19.0,0.6,71.0,19.0,1,rolling,losing_streak_fitness,2_days,rep_2
test,2,22406,86986,86986,125287,32,12,506,3.75,3,27,2,100.60428530744711,11,91.0,262.0,171.0,1.5321637426900585,114.0,0.1818181818181818,8.272727272727273,19.0,6,rolling,losing_streak_fitness,2_days,rep_2
train,2,22406,86986,86986,125287,33,12,485,3.5,2,27,2,793.8041320124254,5,355.0,393.0,38.0,10.342105263157896,19.0,0.6,71.0,19.0,1,rolling,losing_streak_fitness,2_days,rep_2
test,2,22406,86986,86986,125287,33,12,485,3.5,2,27,2,100.60428530744711,11,91.0,262.0,171.0,1.5321637426900585,114.0,0.1818181818181818,8.272727272727273,19.0,6,rolling,losing_streak_fitness,2_days,rep_2
train,2,22406,86986,86986,125287,34,12,475,8.0,1,27,2,793.8041320124254,5,355.0,393.0,38.0,10.342105263157896,19.0,0.6,71.0,19.0,1,rolling,losing_streak_fitness,2_days,rep_2
test,2,22406,86986,86986,125287,34,12,475,8.0,1,27,2,115.95018087284058,10,110.0,262.0,152.0,1.7236842105263157,114.0,0.2,11.0,19.0,6,rolling,losing_streak_fitness,2_days,rep_2
train,2,22406,86986,86986,125287,35,12,470,8.0,2,27,2,793.8041320124254,5,355.0,393.0,38.0,10.342105263157896,19.0,0.6,71.0,19.0,1,rolling,losing_streak_fitness,2_days,rep_2
test,2,22406,86986,86986,125287,35,12,470,8.0,2,27,2,154.8,9,129.0,262.0,133.0,1.9699248120300752,95.0,0.2222222222222222,14.333333333333334,19.0,5,rolling,losing_streak_fitness,2_days,rep_2
train,2,22406,86986,86986,125287,36,12,506,5.25,2,27,2,793.8041320124254,5,355.0,393.0,38.0,10.342105263157896,19.0,0.6,71.0,19.0,1,rolling,losing_streak_fitness,2_days,rep_2
test,2,22406,86986,86986,125287,36,12,506,5.25,2,27,2,115.95018087284058,10,110.0,262.0,152.0,1.7236842105263157,114.0,0.2,11.0,19.0,6,rolling,losing_streak_fitness,2_days,rep_2
train,2,22406,86986,86986,125287,37,12,506,8.0,3,27,2,793.8041320124254,5,355.0,393.0,38.0,10.342105263157896,19.0,0.6,71.0,19.0,1,rolling,losing_streak_fitness,2_days,rep_2
test,2,22406,86986,86986,125287,37,12,506,8.0,3,27,2,115.95018087284058,10,110.0,262.0,152.0,1.7236842105263157,114.0,0.2,11.0,19.0,6,rolling,losing_streak_fitness,2_days,rep_2
train,2,22406,86986,86986,125287,38,12,470,8.0,2,27,2,793.8041320124254,5,355.0,393.0,38.0,10.342105263157896,19.0,0.6,71.0,19.0,1,rolling,losing_streak_fitness,2_days,rep_2
test,2,22406,86986,86986,125287,38,12,470,8.0,2,27,2,154.8,9,129.0,262.0,133.0,1.9699248120300752,95.0,0.2222222222222222,14.333333333333334,19.0,5,rolling,losing_streak_fitness,2_days,rep_2
train,2,22406,86986,86986,125287,39,12,506,3.5,3,27,2,793.8041320124254,5,355.0,393.0,38.0,10.342105263157896,19.0,0.6,71.0,19.0,1,rolling,losing_streak_fitness,2_days,rep_2
test,2,22406,86986,86986,125287,39,12,506,3.5,3,27,2,100.60428530744711,11,91.0,262.0,171.0,1.5321637426900585,114.0,0.1818181818181818,8.272727272727273,19.0,6,rolling,losing_streak_fitness,2_days,rep_2
train,2,22406,86986,86986,125287,40,12,506,4.0,3,27,2,793.8041320124254,5,355.0,393.0,38.0,10.342105263157896,19.0,0.6,71.0,19.0,1,rolling,losing_streak_fitness,2_days,rep_2
test,2,22406,86986,86986,125287,40,12,506,4.0,3,27,2,115.95018087284058,10,110.0,262.0,152.0,1.7236842105263157,114.0,0.2,11.0,19.0,6,rolling,losing_streak_fitness,2_days,rep_2
train,2,22406,86986,86986,125287,41,12,475,3.5,2,27,2,793.8041320124254,5,355.0,393.0,38.0,10.342105263157896,19.0,0.6,71.0,19.0,1,rolling,losing_streak_fitness,2_days,rep_2
test,2,22406,86986,86986,125287,41,12,475,3.5,2,27,2,115.95018087284058,10,110.0,262.0,152.0,1.7236842105263157,114.0,0.2,11.0,19.0,6,rolling,losing_streak_fitness,2_days,rep_2
train,2,22406,86986,86986,125287,42,12,506,4.0,2,27,2,793.8041320124254,5,355.0,393.0,38.0,10.342105263157896,19.0,0.6,71.0,19.0,1,rolling,losing_streak_fitness,2_days,rep_2
test,2,22406,86986,86986,125287,42,12,506,4.0,2,27,2,115.95018087284058,10,110.0,262.0,152.0,1.7236842105263157,114.0,0.2,11.0,19.0,6,rolling,losing_streak_fitness,2_days,rep_2
train,2,22406,86986,86986,125287,43,12,506,7.75,3,27,2,793.8041320124254,5,355.0,393.0,38.0,10.342105263157896,19.0,0.6,71.0,19.0,1,rolling,losing_streak_fitness,2_days,rep_2
test,2,22406,86986,86986,125287,43,12,506,7.75,3,27,2,115.95018087284058,10,110.0,262.0,152.0,1.7236842105263157,114.0,0.2,11.0,19.0,6,rolling,losing_streak_fitness,2_days,rep_2
train,2,22406,86986,86986,125287,44,12,506,7.75,2,27,2,793.8041320124254,5,355.0,393.0,38.0,10.342105263157896,19.0,0.6,71.0,19.0,1,rolling,losing_streak_fitness,2_days,rep_2
test,2,22406,86986,86986,125287,44,12,506,7.75,2,27,2,115.95018087284058,10,110.0,262.0,152.0,1.7236842105263157,114.0,0.2,11.0,19.0,6,rolling,losing_streak_fitness,2_days,rep_2
train,2,22406,86986,86986,125287,45,12,506,7.75,2,27,2,793.8041320124254,5,355.0,393.0,38.0,10.342105263157896,19.0,0.6,71.0,19.0,1,rolling,losing_streak_fitness,2_days,rep_2
test,2,22406,86986,86986,125287,45,12,506,7.75,2,27,2,115.95018087284058,10,110.0,262.0,152.0,1.7236842105263157,114.0,0.2,11.0,19.0,6,rolling,losing_streak_fitness,2_days,rep_2
train,2,22406,86986,86986,125287,46,12,506,3.75,1,27,2,793.8041320124254,5,355.0,393.0,38.0,10.342105263157896,19.0,0.6,71.0,19.0,1,rolling,losing_streak_fitness,2_days,rep_2
test,2,22406,86986,86986,125287,46,12,506,3.75,1,27,2,100.60428530744711,11,91.0,262.0,171.0,1.5321637426900585,114.0,0.1818181818181818,8.272727272727273,19.0,6,rolling,losing_streak_fitness,2_days,rep_2
train,2,22406,86986,86986,125287,47,12,506,7.5,1,27,2,793.8041320124254,5,355.0,393.0,38.0,10.342105263157896,19.0,0.6,71.0,19.0,1,rolling,losing_streak_fitness,2_days,rep_2
test,2,22406,86986,86986,125287,47,12,506,7.5,1,27,2,115.95018087284058,10,110.0,262.0,152.0,1.7236842105263157,114.0,0.2,11.0,19.0,6,rolling,losing_streak_fitness,2_days,rep_2
train,2,22406,86986,86986,125287,48,12,506,8.0,1,27,2,793.8041320124254,5,355.0,393.0,38.0,10.342105263157896,19.0,0.6,71.0,19.0,1,rolling,losing_streak_fitness,2_days,rep_2
test,2,22406,86986,86986,125287,48,12,506,8.0,1,27,2,115.95018087284058,10,110.0,262.0,152.0,1.7236842105263157,114.0,0.2,11.0,19.0,6,rolling,losing_streak_fitness,2_days,rep_2
train,2,22406,86986,86986,125287,49,12,506,7.75,2,27,2,793.8041320124254,5,355.0,393.0,38.0,10.342105263157896,19.0,0.6,71.0,19.0,1,rolling,losing_streak_fitness,2_days,rep_2
test,2,22406,86986,86986,125287,49,12,506,7.75,2,27,2,115.95018087284058,10,110.0,262.0,152.0,1.7236842105263157,114.0,0.2,11.0,19.0,6,rolling,losing_streak_fitness,2_days,rep_2
train,2,22406,86986,86986,125287,50,12,526,4.0,1,27,2,793.8041320124254,5,355.0,393.0,38.0,10.342105263157896,19.0,0.6,71.0,19.0,1,rolling,losing_streak_fitness,2_days,rep_2
test,2,22406,86986,86986,125287,50,12,526,4.0,1,27,2,115.95018087284058,10,110.0,262.0,152.0,1.7236842105263157,114.0,0.2,11.0,19.0,6,rolling,losing_streak_fitness,2_days,rep_2
train,2,22406,86986,86986,125287,51,12,509,8.0,2,27,2,793.8041320124254,5,355.0,393.0,38.0,10.342105263157896,19.0,0.6,71.0,19.0,1,rolling,losing_streak_fitness,2_days,rep_2
test,2,22406,86986,86986,125287,51,12,509,8.0,2,27,2,115.95018087284058,10,110.0,262.0,152.0,1.7236842105263157,114.0,0.2,11.0,19.0,6,rolling,losing_streak_fitness,2_days,rep_2
train,2,22406,86986,86986,125287,52,12,506,3.5,3,27,2,793.8041320124254,5,355.0,393.0,38.0,10.342105263157896,19.0,0.6,71.0,19.0,1,rolling,losing_streak_fitness,2_days,rep_2
test,2,22406,86986,86986,125287,52,12,506,3.5,3,27,2,100.60428530744711,11,91.0,262.0,171.0,1.5321637426900585,114.0,0.1818181818181818,8.272727272727273,19.0,6,rolling,losing_streak_fitness,2_days,rep_2
train,2,22406,86986,86986,125287,53,12,506,3.5,1,27,2,793.8041320124254,5,355.0,393.0,38.0,10.342105263157896,19.0,0.6,71.0,19.0,1,rolling,losing_streak_fitness,2_days,rep_2
test,2,22406,86986,86986,125287,53,12,506,3.5,1,27,2,100.60428530744711,11,91.0,262.0,171.0,1.5321637426900585,114.0,0.1818181818181818,8.272727272727273,19.0,6,rolling,losing_streak_fitness,2_days,rep_2
train,2,22406,86986,86986,125287,54,12,506,8.0,2,27,2,793.8041320124254,5,355.0,393.0,38.0,10.342105263157896,19.0,0.6,71.0,19.0,1,rolling,losing_streak_fitness,2_days,rep_2
test,2,22406,86986,86986,125287,54,12,506,8.0,2,27,2,115.95018087284058,10,110.0,262.0,152.0,1.7236842105263157,114.0,0.2,11.0,19.0,6,rolling,losing_streak_fitness,2_days,rep_2
train,2,22406,86986,86986,125287,55,12,494,8.0,2,27,2,793.8041320124254,5,355.0,393.0,38.0,10.342105263157896,19.0,0.6,71.0,19.0,1,rolling,losing_streak_fitness,2_days,rep_2
test,2,22406,86986,86986,125287,55,12,494,8.0,2,27,2,115.95018087284058,10,110.0,262.0,152.0,1.7236842105263157,114.0,0.2,11.0,19.0,6,rolling,losing_streak_fitness,2_days,rep_2
train,2,22406,86986,86986,125287,56,12,427,3.5,3,27,2,793.8041320124254,5,355.0,393.0,38.0,10.342105263157896,19.0,0.6,71.0,19.0,1,rolling,losing_streak_fitness,2_days,rep_2
test,2,22406,86986,86986,125287,56,12,427,3.5,3,27,2,294.56031263185776,7,167.0,262.0,95.0,2.7578947368421054,57.0,0.2857142857142857,23.857142857142858,19.0,3,rolling,losing_streak_fitness,2_days,rep_2
train,2,22406,86986,86986,125287,57,12,463,3.5,3,27,2,793.8041320124254,5,355.0,393.0,38.0,10.342105263157896,19.0,0.6,71.0,19.0,1,rolling,losing_streak_fitness,2_days,rep_2
test,2,22406,86986,86986,125287,57,12,463,3.5,3,27,2,154.8,9,129.0,262.0,133.0,1.9699248120300752,95.0,0.2222222222222222,14.333333333333334,19.0,5,rolling,losing_streak_fitness,2_days,rep_2
train,2,22406,86986,86986,125287,58,12,480,5.25,4,27,2,793.8041320124254,5,355.0,393.0,38.0,10.342105263157896,19.0,0.6,71.0,19.0,1,rolling,losing_streak_fitness,2_days,rep_2
test,2,22406,86986,86986,125287,58,12,480,5.25,4,27,2,115.95018087284058,10,110.0,262.0,152.0,1.7236842105263157,114.0,0.2,11.0,19.0,6,rolling,losing_streak_fitness,2_days,rep_2
train,2,22406,86986,86986,125287,59,12,480,8.0,2,27,2,793.8041320124254,5,355.0,393.0,38.0,10.342105263157896,19.0,0.6,71.0,19.0,1,rolling,losing_streak_fitness,2_days,rep_2
test,2,22406,86986,86986,125287,59,12,480,8.0,2,27,2,115.95018087284058,10,110.0,262.0,152.0,1.7236842105263157,114.0,0.2,11.0,19.0,6,rolling,losing_streak_fitness,2_days,rep_2
train,2,22406,86986,86986,125287,60,12,531,8.0,3,27,2,793.8041320124254,5,355.0,393.0,38.0,10.342105263157896,19.0,0.6,71.0,19.0,1,rolling,losing_streak_fitness,2_days,rep_2
test,2,22406,86986,86986,125287,60,12,531,8.0,3,27,2,115.95018087284058,10,110.0,262.0,152.0,1.7236842105263157,114.0,0.2,11.0,19.0,6,rolling,losing_streak_fitness,2_days,rep_2
train,2,22406,86986,86986,125287,61,12,427,5.25,4,27,2,793.8041320124254,5,355.0,393.0,38.0,10.342105263157896,19.0,0.6,71.0,19.0,1,rolling,losing_streak_fitness,2_days,rep_2
test,2,22406,86986,86986,125287,61,12,427,5.25,4,27,2,294.56031263185776,7,167.0,262.0,95.0,2.7578947368421054,57.0,0.2857142857142857,23.857142857142858,19.0,3,rolling,losing_streak_fitness,2_days,rep_2
train,2,22406,86986,86986,125287,62,12,494,3.25,3,27,2,793.8041320124254,5,355.0,393.0,38.0,10.342105263157896,19.0,0.6,71.0,19.0,1,rolling,losing_streak_fitness,2_days,rep_2
test,2,22406,86986,86986,125287,62,12,494,3.25,3,27,2,100.60428530744711,11,91.0,262.0,171.0,1.5321637426900585,114.0,0.1818181818181818,8.272727272727273,19.0,6,rolling,losing_streak_fitness,2_days,rep_2
train,2,22406,86986,86986,125287,63,12,506,3.25,1,27,2,793.8041320124254,5,355.0,393.0,38.0,10.342105263157896,19.0,0.6,71.0,19.0,1,rolling,losing_streak_fitness,2_days,rep_2
test,2,22406,86986,86986,125287,63,12,506,3.25,1,27,2,100.60428530744711,11,91.0,262.0,171.0,1.5321637426900585,114.0,0.1818181818181818,8.272727272727273,19.0,6,rolling,losing_streak_fitness,2_days,rep_2
train,2,22406,86986,86986,125287,64,12,509,3.5,3,27,2,793.8041320124254,5,355.0,393.0,38.0,10.342105263157896,19.0,0.6,71.0,19.0,1,rolling,losing_streak_fitness,2_days,rep_2
test,2,22406,86986,86986,125287,64,12,509,3.5,3,27,2,100.60428530744711,11,91.0,262.0,171.0,1.5321637426900585,114.0,0.1818181818181818,8.272727272727273,19.0,6,rolling,losing_streak_fitness,2_days,rep_2
train,2,22406,86986,86986,125287,65,12,436,3.5,2,27,2,793.8041320124254,5,355.0,393.0,38.0,10.342105263157896,19.0,0.6,71.0,19.0,1,rolling,losing_streak_fitness,2_days,rep_2
test,2,22406,86986,86986,125287,65,12,436,3.5,2,27,2,209.30360723121808,8,148.0,262.0,114.0,2.298245614035088,76.0,0.25,18.5,19.0,4,rolling,losing_streak_fitness,2_days,rep_2
train,2,22406,86986,86986,125287,66,12,506,8.0,3,27,2,793.8041320124254,5,355.0,393.0,38.0,10.342105263157896,19.0,0.6,71.0,19.0,1,rolling,losing_streak_fitness,2_days,rep_2
test,2,22406,86986,86986,125287,66,12,506,8.0,3,27,2,115.95018087284058,10,110.0,262.0,152.0,1.7236842105263157,114.0,0.2,11.0,19.0,6,rolling,losing_streak_fitness,2_days,rep_2
train,2,22406,86986,86986,125287,67,12,506,8.25,3,27,2,793.8041320124254,5,355.0,393.0,38.0,10.342105263157896,19.0,0.6,71.0,19.0,1,rolling,losing_streak_fitness,2_days,rep_2
test,2,22406,86986,86986,125287,67,12,506,8.25,3,27,2,115.95018087284058,10,110.0,262.0,152.0,1.7236842105263157,114.0,0.2,11.0,19.0,6,rolling,losing_streak_fitness,2_days,rep_2
train,2,22406,86986,86986,125287,68,12,480,8.25,2,27,2,793.8041320124254,5,355.0,393.0,38.0,10.342105263157896,19.0,0.6,71.0,19.0,1,rolling,losing_streak_fitness,2_days,rep_2
test,2,22406,86986,86986,125287,68,12,480,8.25,2,27,2,115.95018087284058,10,110.0,262.0,152.0,1.7236842105263157,114.0,0.2,11.0,19.0,6,rolling,losing_streak_fitness,2_days,rep_2
train,2,22406,86986,86986,125287,69,12,506,7.75,1,27,2,793.8041320124254,5,355.0,393.0,38.0,10.342105263157896,19.0,0.6,71.0,19.0,1,rolling,losing_streak_fitness,2_days,rep_2
test,2,22406,86986,86986,125287,69,12,506,7.75,1,27,2,115.95018087284058,10,110.0,262.0,152.0,1.7236842105263157,114.0,0.2,11.0,19.0,6,rolling,losing_streak_fitness,2_days,rep_2
train,2,22406,86986,86986,125287,70,12,506,8.0,3,27,2,793.8041320124254,5,355.0,393.0,38.0,10.342105263157896,19.0,0.6,71.0,19.0,1,rolling,losing_streak_fitness,2_days,rep_2
test,2,22406,86986,86986,125287,70,12,506,8.0,3,27,2,115.95018087284058,10,110.0,262.0,152.0,1.7236842105263157,114.0,0.2,11.0,19.0,6,rolling,losing_streak_fitness,2_days,rep_2
train,2,22406,86986,86986,125287,71,12,506,3.75,2,27,2,793.8041320124254,5,355.0,393.0,38.0,10.342105263157896,19.0,0.6,71.0,19.0,1,rolling,losing_streak_fitness,2_days,rep_2
test,2,22406,86986,86986,125287,71,12,506,3.75,2,27,2,100.60428530744711,11,91.0,262.0,171.0,1.5321637426900585,114.0,0.1818181818181818,8.272727272727273,19.0,6,rolling,losing_streak_fitness,2_days,rep_2
train,2,22406,86986,86986,125287,72,12,506,8.25,1,27,2,793.8041320124254,5,355.0,393.0,38.0,10.342105263157896,19.0,0.6,71.0,19.0,1,rolling,losing_streak_fitness,2_days,rep_2
test,2,22406,86986,86986,125287,72,12,506,8.25,1,27,2,115.95018087284058,10,110.0,262.0,152.0,1.7236842105263157,114.0,0.2,11.0,19.0,6,rolling,losing_streak_fitness,2_days,rep_2
train,2,22406,86986,86986,125287,73,12,470,5.25,4,27,2,793.8041320124254,5,355.0,393.0,38.0,10.342105263157896,19.0,0.6,71.0,19.0,1,rolling,losing_streak_fitness,2_days,rep_2
test,2,22406,86986,86986,125287,73,12,470,5.25,4,27,2,154.8,9,129.0,262.0,133.0,1.9699248120300752,95.0,0.2222222222222222,14.333333333333334,19.0,5,rolling,losing_streak_fitness,2_days,rep_2
train,2,22406,86986,86986,125287,74,12,506,3.75,1,27,2,793.8041320124254,5,355.0,393.0,38.0,10.342105263157896,19.0,0.6,71.0,19.0,1,rolling,losing_streak_fitness,2_days,rep_2
test,2,22406,86986,86986,125287,74,12,506,3.75,1,27,2,100.60428530744711,11,91.0,262.0,171.0,1.5321637426900585,114.0,0.1818181818181818,8.272727272727273,19.0,6,rolling,losing_streak_fitness,2_days,rep_2
train,2,22406,86986,86986,125287,75,12,507,3.25,2,27,2,793.8041320124254,5,355.0,393.0,38.0,10.342105263157896,19.0,0.6,71.0,19.0,1,rolling,losing_streak_fitness,2_days,rep_2
test,2,22406,86986,86986,125287,75,12,507,3.25,2,27,2,100.60428530744711,11,91.0,262.0,171.0,1.5321637426900585,114.0,0.1818181818181818,8.272727272727273,19.0,6,rolling,losing_streak_fitness,2_days,rep_2
train,2,22406,86986,86986,125287,76,12,516,3.25,2,27,2,793.8041320124254,5,355.0,393.0,38.0,10.342105263157896,19.0,0.6,71.0,19.0,1,rolling,losing_streak_fitness,2_days,rep_2
test,2,22406,86986,86986,125287,76,12,516,3.25,2,27,2,100.60428530744711,11,91.0,262.0,171.0,1.5321637426900585,114.0,0.1818181818181818,8.272727272727273,19.0,6,rolling,losing_streak_fitness,2_days,rep_2
train,2,22406,86986,86986,125287,77,12,526,3.25,2,27,2,793.8041320124254,5,355.0,393.0,38.0,10.342105263157896,19.0,0.6,71.0,19.0,1,rolling,losing_streak_fitness,2_days,rep_2
test,2,22406,86986,86986,125287,77,12,526,3.25,2,27,2,100.60428530744711,11,91.0,262.0,171.0,1.5321637426900585,114.0,0.1818181818181818,8.272727272727273,19.0,6,rolling,losing_streak_fitness,2_days,rep_2
train,2,22406,86986,86986,125287,78,12,506,8.25,1,27,2,793.8041320124254,5,355.0,393.0,38.0,10.342105263157896,19.0,0.6,71.0,19.0,1,rolling,losing_streak_fitness,2_days,rep_2
test,2,22406,86986,86986,125287,78,12,506,8.25,1,27,2,115.95018087284058,10,110.0,262.0,152.0,1.7236842105263157,114.0,0.2,11.0,19.0,6,rolling,losing_streak_fitness,2_days,rep_2
train,2,22406,86986,86986,125287,79,12,516,8.25,2,27,2,793.8041320124254,5,355.0,393.0,38.0,10.342105263157896,19.0,0.6,71.0,19.0,1,rolling,losing_streak_fitness,2_days,rep_2
test,2,22406,86986,86986,125287,79,12,516,8.25,2,27,2,115.95018087284058,10,110.0,262.0,152.0,1.7236842105263157,114.0,0.2,11.0,19.0,6,rolling,losing_streak_fitness,2_days,rep_2
train,2,22406,86986,86986,125287,80,12,506,3.25,4,27,2,793.8041320124254,5,355.0,393.0,38.0,10.342105263157896,19.0,0.6,71.0,19.0,1,rolling,losing_streak_fitness,2_days,rep_2
test,2,22406,86986,86986,125287,80,12,506,3.25,4,27,2,100.60428530744711,11,91.0,262.0,171.0,1.5321637426900585,114.0,0.1818181818181818,8.272727272727273,19.0,6,rolling,losing_streak_fitness,2_days,rep_2
train,2,22406,86986,86986,125287,81,12,480,8.0,4,27,2,793.8041320124254,5,355.0,393.0,38.0,10.342105263157896,19.0,0.6,71.0,19.0,1,rolling,losing_streak_fitness,2_days,rep_2
test,2,22406,86986,86986,125287,81,12,480,8.0,4,27,2,-107.48023074035522,8,-152.0,0.0,152.0,0.0,152.0,0.0,-19.0,19.0,8,rolling,losing_streak_fitness,2_days,rep_2
train,2,22406,86986,86986,125287,82,12,507,8.0,3,27,2,793.8041320124254,5,355.0,393.0,38.0,10.342105263157896,19.0,0.6,71.0,19.0,1,rolling,losing_streak_fitness,2_days,rep_2
test,2,22406,86986,86986,125287,82,12,507,8.0,3,27,2,115.95018087284058,10,110.0,262.0,152.0,1.7236842105263157,114.0,0.2,11.0,19.0,6,rolling,losing_streak_fitness,2_days,rep_2
train,2,22406,86986,86986,125287,83,12,506,8.0,2,27,2,793.8041320124254,5,355.0,393.0,38.0,10.342105263157896,19.0,0.6,71.0,19.0,1,rolling,losing_streak_fitness,2_days,rep_2
test,2,22406,86986,86986,125287,83,12,506,8.0,2,27,2,115.95018087284058,10,110.0,262.0,152.0,1.7236842105263157,114.0,0.2,11.0,19.0,6,rolling,losing_streak_fitness,2_days,rep_2
train,2,22406,86986,86986,125287,84,12,474,3.0,1,27,2,793.8041320124254,5,355.0,393.0,38.0,10.342105263157896,19.0,0.6,71.0,19.0,1,rolling,losing_streak_fitness,2_days,rep_2
test,2,22406,86986,86986,125287,84,12,474,3.0,1,27,2,115.95018087284058,10,110.0,262.0,152.0,1.7236842105263157,114.0,0.2,11.0,19.0,6,rolling,losing_streak_fitness,2_days,rep_2
train,2,22406,86986,86986,125287,85,12,509,8.25,1,27,2,793.8041320124254,5,355.0,393.0,38.0,10.342105263157896,19.0,0.6,71.0,19.0,1,rolling,losing_streak_fitness,2_days,rep_2
test,2,22406,86986,86986,125287,85,12,509,8.25,1,27,2,115.95018087284058,10,110.0,262.0,152.0,1.7236842105263157,114.0,0.2,11.0,19.0,6,rolling,losing_streak_fitness,2_days,rep_2
train,2,22406,86986,86986,125287,86,12,458,8.25,2,27,2,793.8041320124254,5,355.0,393.0,38.0,10.342105263157896,19.0,0.6,71.0,19.0,1,rolling,losing_streak_fitness,2_days,rep_2
test,2,22406,86986,86986,125287,86,12,458,8.25,2,27,2,154.8,9,129.0,262.0,133.0,1.9699248120300752,95.0,0.2222222222222222,14.333333333333334,19.0,5,rolling,losing_streak_fitness,2_days,rep_2
train,2,22406,86986,86986,125287,87,12,516,7.75,1,27,2,793.8041320124254,5,355.0,393.0,38.0,10.342105263157896,19.0,0.6,71.0,19.0,1,rolling,losing_streak_fitness,2_days,rep_2
test,2,22406,86986,86986,125287,87,12,516,7.75,1,27,2,115.95018087284058,10,110.0,262.0,152.0,1.7236842105263157,114.0,0.2,11.0,19.0,6,rolling,losing_streak_fitness,2_days,rep_2
train,2,22406,86986,86986,125287,88,12,474,8.0,3,27,2,793.8041320124254,5,355.0,393.0,38.0,10.342105263157896,19.0,0.6,71.0,19.0,1,rolling,losing_streak_fitness,2_days,rep_2
test,2,22406,86986,86986,125287,88,12,474,8.0,3,27,2,115.95018087284058,10,110.0,262.0,152.0,1.7236842105263157,114.0,0.2,11.0,19.0,6,rolling,losing_streak_fitness,2_days,rep_2
train,2,22406,86986,86986,125287,89,12,528,3.0,2,27,2,793.8041320124254,5,355.0,393.0,38.0,10.342105263157896,19.0,0.6,71.0,19.0,1,rolling,losing_streak_fitness,2_days,rep_2
test,2,22406,86986,86986,125287,89,12,528,3.0,2,27,2,100.60428530744711,11,91.0,262.0,171.0,1.5321637426900585,114.0,0.1818181818181818,8.272727272727273,19.0,6,rolling,losing_streak_fitness,2_days,rep_2
train,2,22406,86986,86986,125287,90,12,516,3.5,2,27,2,793.8041320124254,5,355.0,393.0,38.0,10.342105263157896,19.0,0.6,71.0,19.0,1,rolling,losing_streak_fitness,2_days,rep_2
test,2,22406,86986,86986,125287,90,12,516,3.5,2,27,2,100.60428530744711,11,91.0,262.0,171.0,1.5321637426900585,114.0,0.1818181818181818,8.272727272727273,19.0,6,rolling,losing_streak_fitness,2_days,rep_2
train,2,22406,86986,86986,125287,91,12,474,3.75,2,27,2,793.8041320124254,5,355.0,393.0,38.0,10.342105263157896,19.0,0.6,71.0,19.0,1,rolling,losing_streak_fitness,2_days,rep_2
test,2,22406,86986,86986,125287,91,12,474,3.75,2,27,2,115.95018087284058,10,110.0,262.0,152.0,1.7236842105263157,114.0,0.2,11.0,19.0,6,rolling,losing_streak_fitness,2_days,rep_2
train,2,22406,86986,86986,125287,92,12,498,8.25,3,27,2,793.8041320124254,5,355.0,393.0,38.0,10.342105263157896,19.0,0.6,71.0,19.0,1,rolling,losing_streak_fitness,2_days,rep_2
test,2,22406,86986,86986,125287,92,12,498,8.25,3,27,2,115.95018087284058,10,110.0,262.0,152.0,1.7236842105263157,114.0,0.2,11.0,19.0,6,rolling,losing_streak_fitness,2_days,rep_2
train,2,22406,86986,86986,125287,93,12,458,8.25,2,27,2,793.8041320124254,5,355.0,393.0,38.0,10.342105263157896,19.0,0.6,71.0,19.0,1,rolling,losing_streak_fitness,2_days,rep_2
test,2,22406,86986,86986,125287,93,12,458,8.25,2,27,2,154.8,9,129.0,262.0,133.0,1.9699248120300752,95.0,0.2222222222222222,14.333333333333334,19.0,5,rolling,losing_streak_fitness,2_days,rep_2
train,2,22406,86986,86986,125287,94,12,516,8.0,1,27,2,793.8041320124254,5,355.0,393.0,38.0,10.342105263157896,19.0,0.6,71.0,19.0,1,rolling,losing_streak_fitness,2_days,rep_2
test,2,22406,86986,86986,125287,94,12,516,8.0,1,27,2,115.95018087284058,10,110.0,262.0,152.0,1.7236842105263157,114.0,0.2,11.0,19.0,6,rolling,losing_streak_fitness,2_days,rep_2
train,2,22406,86986,86986,125287,95,12,528,3.25,1,27,2,793.8041320124254,5,355.0,393.0,38.0,10.342105263157896,19.0,0.6,71.0,19.0,1,rolling,losing_streak_fitness,2_days,rep_2
test,2,22406,86986,86986,125287,95,12,528,3.25,1,27,2,100.60428530744711,11,91.0,262.0,171.0,1.5321637426900585,114.0,0.1818181818181818,8.272727272727273,19.0,6,rolling,losing_streak_fitness,2_days,rep_2
train,2,22406,86986,86986,125287,96,12,523,3.5,2,27,2,793.8041320124254,5,355.0,393.0,38.0,10.342105263157896,19.0,0.6,71.0,19.0,1,rolling,losing_streak_fitness,2_days,rep_2
test,2,22406,86986,86986,125287,96,12,523,3.5,2,27,2,100.60428530744711,11,91.0,262.0,171.0,1.5321637426900585,114.0,0.1818181818181818,8.272727272727273,19.0,6,rolling,losing_streak_fitness,2_days,rep_2
train,2,22406,86986,86986,125287,97,12,508,7.5,1,27,2,793.8041320124254,5,355.0,393.0,38.0,10.342105263157896,19.0,0.6,71.0,19.0,1,rolling,losing_streak_fitness,2_days,rep_2
test,2,22406,86986,86986,125287,97,12,508,7.5,1,27,2,115.95018087284058,10,110.0,262.0,152.0,1.7236842105263157,114.0,0.2,11.0,19.0,6,rolling,losing_streak_fitness,2_days,rep_2
train,2,22406,86986,86986,125287,98,12,508,3.75,3,27,2,793.8041320124254,5,355.0,393.0,38.0,10.342105263157896,19.0,0.6,71.0,19.0,1,rolling,losing_streak_fitness,2_days,rep_2
test,2,22406,86986,86986,125287,98,12,508,3.75,3,27,2,100.60428530744711,11,91.0,262.0,171.0,1.5321637426900585,114.0,0.1818181818181818,8.272727272727273,19.0,6,rolling,losing_streak_fitness,2_days,rep_2
train,2,22406,86986,86986,125287,99,12,528,3.0,1,27,2,793.8041320124254,5,355.0,393.0,38.0,10.342105263157896,19.0,0.6,71.0,19.0,1,rolling,losing_streak_fitness,2_days,rep_2
test,2,22406,86986,86986,125287,99,12,528,3.0,1,27,2,100.60428530744711,11,91.0,262.0,171.0,1.5321637426900585,114.0,0.1818181818181818,8.272727272727273,19.0,6,rolling,losing_streak_fitness,2_days,rep_2
train,2,22406,86986,86986,125287,100,12,528,3.5,1,27,2,793.8041320124254,5,355.0,393.0,38.0,10.342105263157896,19.0,0.6,71.0,19.0,1,rolling,losing_streak_fitness,2_days,rep_2
test,2,22406,86986,86986,125287,100,12,528,3.5,1,27,2,100.60428530744711,11,91.0,262.0,171.0,1.5321637426900585,114.0,0.1818181818181818,8.272727272727273,19.0,6,rolling,losing_streak_fitness,2_days,rep_2
train,3,53560,125287,125287,130699,0,14,3489,5.5,6,19,7,488.43832773442335,12,282.0,546.0,264.0,2.0681818181818183,88.0,0.5,23.5,44.0,2,rolling,losing_streak_fitness,2_days,rep_2
test,3,53560,125287,125287,130699,0,14,3489,5.5,6,19,7,-1000.0,0,0.0,0.0,0.0,inf,0.0,0.0,0.0,0.0,0,rolling,losing_streak_fitness,2_days,rep_2
train,3,53560,125287,125287,130699,1,14,3489,5.5,6,9,2,592.0,16,296.0,410.0,114.0,3.5964912280701755,38.0,0.625,18.5,19.0,2,rolling,losing_streak_fitness,2_days,rep_2
test,3,53560,125287,125287,130699,1,14,3489,5.5,6,9,2,-1000.0,0,0.0,0.0,0.0,inf,0.0,0.0,0.0,0.0,0,rolling,losing_streak_fitness,2_days,rep_2
train,3,53560,125287,125287,130699,2,14,1870,5.25,5,19,3,696.2844246426886,12,402.0,546.0,144.0,3.7916666666666665,48.0,0.5,33.5,24.0,2,rolling,losing_streak_fitness,2_days,rep_2
test,3,53560,125287,125287,130699,2,14,1870,5.25,5,19,3,-1000.0,0,0.0,0.0,0.0,inf,0.0,0.0,0.0,0.0,0,rolling,losing_streak_fitness,2_days,rep_2
train,3,53560,125287,125287,130699,3,14,3489,6.75,2,10,2,1193.5887063808873,14,319.0,414.0,95.0,4.3578947368421055,19.0,0.6428571428571429,22.785714285714285,19.0,1,rolling,losing_streak_fitness,2_days,rep_2
test,3,53560,125287,125287,130699,3,14,3489,6.75,2,10,2,-1000.0,0,0.0,0.0,0.0,inf,0.0,0.0,0.0,0.0,0,rolling,losing_streak_fitness,2_days,rep_2
train,3,53560,125287,125287,130699,4,14,2858,5.5,4,10,6,819.4229677034931,14,219.0,414.0,195.0,2.123076923076923,39.0,0.6428571428571429,15.642857142857142,39.0,1,rolling,losing_streak_fitness,2_days,rep_2
test,3,53560,125287,125287,130699,4,14,2858,5.5,4,10,6,-1000.0,0,0.0,0.0,0.0,inf,0.0,0.0,0.0,0.0,0,rolling,losing_streak_fitness,2_days,rep_2
train,3,53560,125287,125287,130699,5,14,2858,6.75,1,10,2,1193.5887063808873,14,319.0,414.0,95.0,4.3578947368421055,19.0,0.6428571428571429,22.785714285714285,19.0,1,rolling,losing_streak_fitness,2_days,rep_2
test,3,53560,125287,125287,130699,5,14,2858,6.75,1,10,2,-1000.0,0,0.0,0.0,0.0,inf,0.0,0.0,0.0,0.0,0,rolling,losing_streak_fitness,2_days,rep_2
train,3,53560,125287,125287,130699,6,14,2475,6.75,4,10,2,1193.5887063808873,14,319.0,414.0,95.0,4.3578947368421055,19.0,0.6428571428571429,22.785714285714285,19.0,1,rolling,losing_streak_fitness,2_days,rep_2
test,3,53560,125287,125287,130699,6,14,2475,6.75,4,10,2,-1000.0,0,0.0,0.0,0.0,inf,0.0,0.0,0.0,0.0,0,rolling,losing_streak_fitness,2_days,rep_2
train,3,53560,125287,125287,130699,7,14,2858,5.25,2,10,2,1193.5887063808873,14,319.0,414.0,95.0,4.3578947368421055,19.0,0.6428571428571429,22.785714285714285,19.0,1,rolling,losing_streak_fitness,2_days,rep_2
test,3,53560,125287,125287,130699,7,14,2858,5.25,2,10,2,-1000.0,0,0.0,0.0,0.0,inf,0.0,0.0,0.0,0.0,0,rolling,losing_streak_fitness,2_days,rep_2
train,3,53560,125287,125287,130699,8,14,3101,5.5,2,10,2,1193.5887063808873,14,319.0,414.0,95.0,4.3578947368421055,19.0,0.6428571428571429,22.785714285714285,19.0,1,rolling,losing_streak_fitness,2_days,rep_2
test,3,53560,125287,125287,130699,8,14,3101,5.5,2,10,2,-1000.0,0,0.0,0.0,0.0,inf,0.0,0.0,0.0,0.0,0,rolling,losing_streak_fitness,2_days,rep_2
train,3,53560,125287,125287,130699,9,14,3143,7.75,1,10,2,1193.5887063808873,14,319.0,414.0,95.0,4.3578947368421055,19.0,0.6428571428571429,22.785714285714285,19.0,1,rolling,losing_streak_fitness,2_days,rep_2
test,3,53560,125287,125287,130699,9,14,3143,7.75,1,10,2,-1000.0,0,0.0,0.0,0.0,inf,0.0,0.0,0.0,0.0,0,rolling,losing_streak_fitness,2_days,rep_2
train,3,53560,125287,125287,130699,10,14,1739,6.75,1,10,2,1193.5887063808873,14,319.0,414.0,95.0,4.3578947368421055,19.0,0.6428571428571429,22.785714285714285,19.0,1,rolling,losing_streak_fitness,2_days,rep_2
test,3,53560,125287,125287,130699,10,14,1739,6.75,1,10,2,-1000.0,0,0.0,0.0,0.0,inf,0.0,0.0,0.0,0.0,0,rolling,losing_streak_fitness,2_days,rep_2
train,3,53560,125287,125287,130699,11,14,2290,7.75,1,10,2,1193.5887063808873,14,319.0,414.0,95.0,4.3578947368421055,19.0,0.6428571428571429,22.785714285714285,19.0,1,rolling,losing_streak_fitness,2_days,rep_2
test,3,53560,125287,125287,130699,11,14,2290,7.75,1,10,2,-1000.0,0,0.0,0.0,0.0,inf,0.0,0.0,0.0,0.0,0,rolling,losing_streak_fitness,2_days,rep_2
train,3,53560,125287,125287,130699,12,14,3489,5.5,2,10,2,1193.5887063808873,14,319.0,414.0,95.0,4.3578947368421055,19.0,0.6428571428571429,22.785714285714285,19.0,1,rolling,losing_streak_fitness,2_days,rep_2
test,3,53560,125287,125287,130699,12,14,3489,5.5,2,10,2,-1000.0,0,0.0,0.0,0.0,inf,0.0,0.0,0.0,0.0,0,rolling,losing_streak_fitness,2_days,rep_2
train,3,53560,125287,125287,130699,13,14,1739,6.75,1,10,2,1193.5887063808873,14,319.0,414.0,95.0,4.3578947368421055,19.0,0.6428571428571429,22.785714285714285,19.0,1,rolling,losing_streak_fitness,2_days,rep_2
test,3,53560,125287,125287,130699,13,14,1739,6.75,1,10,2,-1000.0,0,0.0,0.0,0.0,inf,0.0,0.0,0.0,0.0,0,rolling,losing_streak_fitness,2_days,rep_2
train,3,53560,125287,125287,130699,14,14,2475,6.5,2,10,2,1193.5887063808873,14,319.0,414.0,95.0,4.3578947368421055,19.0,0.6428571428571429,22.785714285714285,19.0,1,rolling,losing_streak_fitness,2_days,rep_2
test,3,53560,125287,125287,130699,14,14,2475,6.5,2,10,2,-1000.0,0,0.0,0.0,0.0,inf,0.0,0.0,0.0,0.0,0,rolling,losing_streak_fitness,2_days,rep_2
train,3,53560,125287,125287,130699,15,14,2290,7.75,4,10,2,1193.5887063808873,14,319.0,414.0,95.0,4.3578947368421055,19.0,0.6428571428571429,22.785714285714285,19.0,1,rolling,losing_streak_fitness,2_days,rep_2
test,3,53560,125287,125287,130699,15,14,2290,7.75,4,10,2,-1000.0,0,0.0,0.0,0.0,inf,0.0,0.0,0.0,0.0,0,rolling,losing_streak_fitness,2_days,rep_2
train,3,53560,125287,125287,130699,16,14,2290,6.5,1,10,2,1193.5887063808873,14,319.0,414.0,95.0,4.3578947368421055,19.0,0.6428571428571429,22.785714285714285,19.0,1,rolling,losing_streak_fitness,2_days,rep_2
test,3,53560,125287,125287,130699,16,14,2290,6.5,1,10,2,-1000.0,0,0.0,0.0,0.0,inf,0.0,0.0,0.0,0.0,0,rolling,losing_streak_fitness,2_days,rep_2
train,3,53560,125287,125287,130699,17,14,1739,5.75,1,10,2,1193.5887063808873,14,319.0,414.0,95.0,4.3578947368421055,19.0,0.6428571428571429,22.785714285714285,19.0,1,rolling,losing_streak_fitness,2_days,rep_2
test,3,53560,125287,125287,130699,17,14,1739,5.75,1,10,2,-1000.0,0,0.0,0.0,0.0,inf,0.0,0.0,0.0,0.0,0,rolling,losing_streak_fitness,2_days,rep_2
train,3,53560,125287,125287,130699,18,14,3489,5.75,2,10,2,1193.5887063808873,14,319.0,414.0,95.0,4.3578947368421055,19.0,0.6428571428571429,22.785714285714285,19.0,1,rolling,losing_streak_fitness,2_days,rep_2
test,3,53560,125287,125287,130699,18,14,3489,5.75,2,10,2,-1000.0,0,0.0,0.0,0.0,inf,0.0,0.0,0.0,0.0,0,rolling,losing_streak_fitness,2_days,rep_2
train,3,53560,125287,125287,130699,19,14,2475,5.5,1,10,2,1193.5887063808873,14,319.0,414.0,95.0,4.3578947368421055,19.0,0.6428571428571429,22.785714285714285,19.0,1,rolling,losing_streak_fitness,2_days,rep_2
test,3,53560,125287,125287,130699,19,14,2475,5.5,1,10,2,-1000.0,0,0.0,0.0,0.0,inf,0.0,0.0,0.0,0.0,0,rolling,losing_streak_fitness,2_days,rep_2
train,3,53560,125287,125287,130699,20,14,3489,5.75,2,10,2,1193.5887063808873,14,319.0,414.0,95.0,4.3578947368421055,19.0,0.6428571428571429,22.785714285714285,19.0,1,rolling,losing_streak_fitness,2_days,rep_2
test,3,53560,125287,125287,130699,20,14,3489,5.75,2,10,2,-1000.0,0,0.0,0.0,0.0,inf,0.0,0.0,0.0,0.0,0,rolling,losing_streak_fitness,2_days,rep_2
train,3,53560,125287,125287,130699,21,14,2450,5.75,2,10,2,1193.5887063808873,14,319.0,414.0,95.0,4.3578947368421055,19.0,0.6428571428571429,22.785714285714285,19.0,1,rolling,losing_streak_fitness,2_days,rep_2
test,3,53560,125287,125287,130699,21,14,2450,5.75,2,10,2,-1000.0,0,0.0,0.0,0.0,inf,0.0,0.0,0.0,0.0,0,rolling,losing_streak_fitness,2_days,rep_2
train,3,53560,125287,125287,130699,22,14,2475,5.75,2,10,2,1193.5887063808873,14,319.0,414.0,95.0,4.3578947368421055,19.0,0.6428571428571429,22.785714285714285,19.0,1,rolling,losing_streak_fitness,2_days,rep_2
test,3,53560,125287,125287,130699,22,14,2475,5.75,2,10,2,-1000.0,0,0.0,0.0,0.0,inf,0.0,0.0,0.0,0.0,0,rolling,losing_streak_fitness,2_days,rep_2
train,3,53560,125287,125287,130699,23,14,2290,5.25,4,10,2,1193.5887063808873,14,319.0,414.0,95.0,4.3578947368421055,19.0,0.6428571428571429,22.785714285714285,19.0,1,rolling,losing_streak_fitness,2_days,rep_2
test,3,53560,125287,125287,130699,23,14,2290,5.25,4,10,2,-1000.0,0,0.0,0.0,0.0,inf,0.0,0.0,0.0,0.0,0,rolling,losing_streak_fitness,2_days,rep_2
train,3,53560,125287,125287,130699,24,14,2290,5.5,3,10,2,1193.5887063808873,14,319.0,414.0,95.0,4.3578947368421055,19.0,0.6428571428571429,22.785714285714285,19.0,1,rolling,losing_streak_fitness,2_days,rep_2
test,3,53560,125287,125287,130699,24,14,2290,5.5,3,10,2,-1000.0,0,0.0,0.0,0.0,inf,0.0,0.0,0.0,0.0,0,rolling,losing_streak_fitness,2_days,rep_2
train,3,53560,125287,125287,130699,25,14,3489,6.0,2,10,2,1193.5887063808873,14,319.0,414.0,95.0,4.3578947368421055,19.0,0.6428571428571429,22.785714285714285,19.0,1,rolling,losing_streak_fitness,2_days,rep_2
test,3,53560,125287,125287,130699,25,14,3489,6.0,2,10,2,-1000.0,0,0.0,0.0,0.0,inf,0.0,0.0,0.0,0.0,0,rolling,losing_streak_fitness,2_days,rep_2
train,3,53560,125287,125287,130699,26,14,1739,5.5,2,10,2,1193.5887063808873,14,319.0,414.0,95.0,4.3578947368421055,19.0,0.6428571428571429,22.785714285714285,19.0,1,rolling,losing_streak_fitness,2_days,rep_2
test,3,53560,125287,125287,130699,26,14,1739,5.5,2,10,2,-1000.0,0,0.0,0.0,0.0,inf,0.0,0.0,0.0,0.0,0,rolling,losing_streak_fitness,2_days,rep_2
train,3,53560,125287,125287,130699,27,14,2475,5.0,1,10,2,1193.5887063808873,14,319.0,414.0,95.0,4.3578947368421055,19.0,0.6428571428571429,22.785714285714285,19.0,1,rolling,losing_streak_fitness,2_days,rep_2
test,3,53560,125287,125287,130699,27,14,2475,5.0,1,10,2,-1000.0,0,0.0,0.0,0.0,inf,0.0,0.0,0.0,0.0,0,rolling,losing_streak_fitness,2_days,rep_2
train,3,53560,125287,125287,130699,28,14,3489,6.0,3,10,2,1193.5887063808873,14,319.0,414.0,95.0,4.3578947368421055,19.0,0.6428571428571429,22.785714285714285,19.0,1,rolling,losing_streak_fitness,2_days,rep_2
test,3,53560,125287,125287,130699,28,14,3489,6.0,3,10,2,-1000.0,0,0.0,0.0,0.0,inf,0.0,0.0,0.0,0.0,0,rolling,losing_streak_fitness,2_days,rep_2
train,3,53560,125287,125287,130699,29,14,2312,7.0,1,10,2,1193.5887063808873,14,319.0,414.0,95.0,4.3578947368421055,19.0,0.6428571428571429,22.785714285714285,19.0,1,rolling,losing_streak_fitness,2_days,rep_2
test,3,53560,125287,125287,130699,29,14,2312,7.0,1,10,2,-1000.0,0,0.0,0.0,0.0,inf,0.0,0.0,0.0,0.0,0,rolling,losing_streak_fitness,2_days,rep_2
train,3,53560,125287,125287,130699,30,14,3489,5.75,1,10,2,1193.5887063808873,14,319.0,414.0,95.0,4.3578947368421055,19.0,0.6428571428571429,22.785714285714285,19.0,1,rolling,losing_streak_fitness,2_days,rep_2
test,3,53560,125287,125287,130699,30,14,3489,5.75,1,10,2,-1000.0,0,0.0,0.0,0.0,inf,0.0,0.0,0.0,0.0,0,rolling,losing_streak_fitness,2_days,rep_2
train,3,53560,125287,125287,130699,31,14,3663,5.75,4,10,2,1193.5887063808873,14,319.0,414.0,95.0,4.3578947368421055,19.0,0.6428571428571429,22.785714285714285,19.0,1,rolling,losing_streak_fitness,2_days,rep_2
test,3,53560,125287,125287,130699,31,14,3663,5.75,4,10,2,-1000.0,0,0.0,0.0,0.0,inf,0.0,0.0,0.0,0.0,0,rolling,losing_streak_fitness,2_days,rep_2
train,3,53560,125287,125287,130699,32,14,3489,5.0,2,10,2,1193.5887063808873,14,319.0,414.0,95.0,4.3578947368421055,19.0,0.6428571428571429,22.785714285714285,19.0,1,rolling,losing_streak_fitness,2_days,rep_2
test,3,53560,125287,125287,130699,32,14,3489,5.0,2,10,2,-1000.0,0,0.0,0.0,0.0,inf,0.0,0.0,0.0,0.0,0,rolling,losing_streak_fitness,2_days,rep_2
train,3,53560,125287,125287,130699,33,14,3489,5.5,2,10,2,1193.5887063808873,14,319.0,414.0,95.0,4.3578947368421055,19.0,0.6428571428571429,22.785714285714285,19.0,1,rolling,losing_streak_fitness,2_days,rep_2
test,3,53560,125287,125287,130699,33,14,3489,5.5,2,10,2,-1000.0,0,0.0,0.0,0.0,inf,0.0,0.0,0.0,0.0,0,rolling,losing_streak_fitness,2_days,rep_2
train,3,53560,125287,125287,130699,34,14,2290,5.0,1,10,2,1193.5887063808873,14,319.0,414.0,95.0,4.3578947368421055,19.0,0.6428571428571429,22.785714285714285,19.0,1,rolling,losing_streak_fitness,2_days,rep_2
test,3,53560,125287,125287,130699,34,14,2290,5.0,1,10,2,-1000.0,0,0.0,0.0,0.0,inf,0.0,0.0,0.0,0.0,0,rolling,losing_streak_fitness,2_days,rep_2
train,3,53560,125287,125287,130699,35,14,2312,5.0,1,10,2,1193.5887063808873,14,319.0,414.0,95.0,4.3578947368421055,19.0,0.6428571428571429,22.785714285714285,19.0,1,rolling,losing_streak_fitness,2_days,rep_2
test,3,53560,125287,125287,130699,35,14,2312,5.0,1,10,2,-1000.0,0,0.0,0.0,0.0,inf,0.0,0.0,0.0,0.0,0,rolling,losing_streak_fitness,2_days,rep_2
train,3,53560,125287,125287,130699,36,14,2954,5.5,3,10,2,1193.5887063808873,14,319.0,414.0,95.0,4.3578947368421055,19.0,0.6428571428571429,22.785714285714285,19.0,1,rolling,losing_streak_fitness,2_days,rep_2
test,3,53560,125287,125287,130699,36,14,2954,5.5,3,10,2,-1000.0,0,0.0,0.0,0.0,inf,0.0,0.0,0.0,0.0,0,rolling,losing_streak_fitness,2_days,rep_2
train,3,53560,125287,125287,130699,37,14,2312,5.0,4,10,2,1193.5887063808873,14,319.0,414.0,95.0,4.3578947368421055,19.0,0.6428571428571429,22.785714285714285,19.0,1,rolling,losing_streak_fitness,2_days,rep_2
test,3,53560,125287,125287,130699,37,14,2312,5.0,4,10,2,-1000.0,0,0.0,0.0,0.0,inf,0.0,0.0,0.0,0.0,0,rolling,losing_streak_fitness,2_days,rep_2
train,3,53560,125287,125287,130699,38,14,3425,5.75,3,10,2,1193.5887063808873,14,319.0,414.0,95.0,4.3578947368421055,19.0,0.6428571428571429,22.785714285714285,19.0,1,rolling,losing_streak_fitness,2_days,rep_2
test,3,53560,125287,125287,130699,38,14,3425,5.75,3,10,2,-1000.0,0,0.0,0.0,0.0,inf,0.0,0.0,0.0,0.0,0,rolling,losing_streak_fitness,2_days,rep_2
train,3,53560,125287,125287,130699,39,14,1936,5.75,3,10,2,1193.5887063808873,14,319.0,414.0,95.0,4.3578947368421055,19.0,0.6428571428571429,22.785714285714285,19.0,1,rolling,losing_streak_fitness,2_days,rep_2
test,3,53560,125287,125287,130699,39,14,1936,5.75,3,10,2,-1000.0,0,0.0,0.0,0.0,inf,0.0,0.0,0.0,0.0,0,rolling,losing_streak_fitness,2_days,rep_2
train,3,53560,125287,125287,130699,40,14,3699,5.75,1,10,2,1193.5887063808873,14,319.0,414.0,95.0,4.3578947368421055,19.0,0.6428571428571429,22.785714285714285,19.0,1,rolling,losing_streak_fitness,2_days,rep_2
test,3,53560,125287,125287,130699,40,14,3699,5.75,1,10,2,-1000.0,0,0.0,0.0,0.0,inf,0.0,0.0,0.0,0.0,0,rolling,losing_streak_fitness,2_days,rep_2
train,3,53560,125287,125287,130699,41,14,2290,5.25,4,10,2,1193.5887063808873,14,319.0,414.0,95.0,4.3578947368421055,19.0,0.6428571428571429,22.785714285714285,19.0,1,rolling,losing_streak_fitness,2_days,rep_2
test,3,53560,125287,125287,130699,41,14,2290,5.25,4,10,2,-1000.0,0,0.0,0.0,0.0,inf,0.0,0.0,0.0,0.0,0,rolling,losing_streak_fitness,2_days,rep_2
train,3,53560,125287,125287,130699,42,14,3489,6.5,2,10,2,1193.5887063808873,14,319.0,414.0,95.0,4.3578947368421055,19.0,0.6428571428571429,22.785714285714285,19.0,1,rolling,losing_streak_fitness,2_days,rep_2
test,3,53560,125287,125287,130699,42,14,3489,6.5,2,10,2,-1000.0,0,0.0,0.0,0.0,inf,0.0,0.0,0.0,0.0,0,rolling,losing_streak_fitness,2_days,rep_2
train,3,53560,125287,125287,130699,43,14,2290,5.5,1,10,2,1193.5887063808873,14,319.0,414.0,95.0,4.3578947368421055,19.0,0.6428571428571429,22.785714285714285,19.0,1,rolling,losing_streak_fitness,2_days,rep_2
test,3,53560,125287,125287,130699,43,14,2290,5.5,1,10,2,-1000.0,0,0.0,0.0,0.0,inf,0.0,0.0,0.0,0.0,0,rolling,losing_streak_fitness,2_days,rep_2
train,3,53560,125287,125287,130699,44,14,2499,6.5,3,10,2,1193.5887063808873,14,319.0,414.0,95.0,4.3578947368421055,19.0,0.6428571428571429,22.785714285714285,19.0,1,rolling,losing_streak_fitness,2_days,rep_2
test,3,53560,125287,125287,130699,44,14,2499,6.5,3,10,2,-1000.0,0,0.0,0.0,0.0,inf,0.0,0.0,0.0,0.0,0,rolling,losing_streak_fitness,2_days,rep_2
train,3,53560,125287,125287,130699,45,14,2290,5.0,3,10,2,1193.5887063808873,14,319.0,414.0,95.0,4.3578947368421055,19.0,0.6428571428571429,22.785714285714285,19.0,1,rolling,losing_streak_fitness,2_days,rep_2
test,3,53560,125287,125287,130699,45,14,2290,5.0,3,10,2,-1000.0,0,0.0,0.0,0.0,inf,0.0,0.0,0.0,0.0,0,rolling,losing_streak_fitness,2_days,rep_2
train,3,53560,125287,125287,130699,46,14,2080,5.5,2,10,2,1193.5887063808873,14,319.0,414.0,95.0,4.3578947368421055,19.0,0.6428571428571429,22.785714285714285,19.0,1,rolling,losing_streak_fitness,2_days,rep_2
test,3,53560,125287,125287,130699,46,14,2080,5.5,2,10,2,-1000.0,0,0.0,0.0,0.0,inf,0.0,0.0,0.0,0.0,0,rolling,losing_streak_fitness,2_days,rep_2
train,3,53560,125287,125287,130699,47,14,2290,5.25,4,10,2,1193.5887063808873,14,319.0,414.0,95.0,4.3578947368421055,19.0,0.6428571428571429,22.785714285714285,19.0,1,rolling,losing_streak_fitness,2_days,rep_2
test,3,53560,125287,125287,130699,47,14,2290,5.25,4,10,2,-1000.0,0,0.0,0.0,0.0,inf,0.0,0.0,0.0,0.0,0,rolling,losing_streak_fitness,2_days,rep_2
train,3,53560,125287,125287,130699,48,14,2473,5.5,3,10,2,1193.5887063808873,14,319.0,414.0,95.0,4.3578947368421055,19.0,0.6428571428571429,22.785714285714285,19.0,1,rolling,losing_streak_fitness,2_days,rep_2
test,3,53560,125287,125287,130699,48,14,2473,5.5,3,10,2,-1000.0,0,0.0,0.0,0.0,inf,0.0,0.0,0.0,0.0,0,rolling,losing_streak_fitness,2_days,rep_2
train,3,53560,125287,125287,130699,49,14,2080,5.25,4,10,2,1193.5887063808873,14,319.0,414.0,95.0,4.3578947368421055,19.0,0.6428571428571429,22.785714285714285,19.0,1,rolling,losing_streak_fitness,2_days,rep_2
test,3,53560,125287,125287,130699,49,14,2080,5.25,4,10,2,-1000.0,0,0.0,0.0,0.0,inf,0.0,0.0,0.0,0.0,0,rolling,losing_streak_fitness,2_days,rep_2
train,3,53560,125287,125287,130699,50,14,2290,6.5,2,10,2,1193.5887063808873,14,319.0,414.0,95.0,4.3578947368421055,19.0,0.6428571428571429,22.785714285714285,19.0,1,rolling,losing_streak_fitness,2_days,rep_2
test,3,53560,125287,125287,130699,50,14,2290,6.5,2,10,2,-1000.0,0,0.0,0.0,0.0,inf,0.0,0.0,0.0,0.0,0,rolling,losing_streak_fitness,2_days,rep_2
train,3,53560,125287,125287,130699,51,14,3140,5.5,4,10,2,1193.5887063808873,14,319.0,414.0,95.0,4.3578947368421055,19.0,0.6428571428571429,22.785714285714285,19.0,1,rolling,losing_streak_fitness,2_days,rep_2
test,3,53560,125287,125287,130699,51,14,3140,5.5,4,10,2,-1000.0,0,0.0,0.0,0.0,inf,0.0,0.0,0.0,0.0,0,rolling,losing_streak_fitness,2_days,rep_2
train,3,53560,125287,125287,130699,52,14,3489,6.5,3,10,2,1193.5887063808873,14,319.0,414.0,95.0,4.3578947368421055,19.0,0.6428571428571429,22.785714285714285,19.0,1,rolling,losing_streak_fitness,2_days,rep_2
test,3,53560,125287,125287,130699,52,14,3489,6.5,3,10,2,-1000.0,0,0.0,0.0,0.0,inf,0.0,0.0,0.0,0.0,0,rolling,losing_streak_fitness,2_days,rep_2
train,3,53560,125287,125287,130699,53,14,2499,5.25,3,10,2,1193.5887063808873,14,319.0,414.0,95.0,4.3578947368421055,19.0,0.6428571428571429,22.785714285714285,19.0,1,rolling,losing_streak_fitness,2_days,rep_2
test,3,53560,125287,125287,130699,53,14,2499,5.25,3,10,2,-1000.0,0,0.0,0.0,0.0,inf,0.0,0.0,0.0,0.0,0,rolling,losing_streak_fitness,2_days,rep_2
train,3,53560,125287,125287,130699,54,14,2499,5.5,4,10,2,1193.5887063808873,14,319.0,414.0,95.0,4.3578947368421055,19.0,0.6428571428571429,22.785714285714285,19.0,1,rolling,losing_streak_fitness,2_days,rep_2
test,3,53560,125287,125287,130699,54,14,2499,5.5,4,10,2,-1000.0,0,0.0,0.0,0.0,inf,0.0,0.0,0.0,0.0,0,rolling,losing_streak_fitness,2_days,rep_2
train,3,53560,125287,125287,130699,55,14,2290,5.0,3,10,2,1193.5887063808873,14,319.0,414.0,95.0,4.3578947368421055,19.0,0.6428571428571429,22.785714285714285,19.0,1,rolling,losing_streak_fitness,2_days,rep_2
test,3,53560,125287,125287,130699,55,14,2290,5.0,3,10,2,-1000.0,0,0.0,0.0,0.0,inf,0.0,0.0,0.0,0.0,0,rolling,losing_streak_fitness,2_days,rep_2
train,3,53560,125287,125287,130699,56,14,2312,5.5,2,10,2,1193.5887063808873,14,319.0,414.0,95.0,4.3578947368421055,19.0,0.6428571428571429,22.785714285714285,19.0,1,rolling,losing_streak_fitness,2_days,rep_2
test,3,53560,125287,125287,130699,56,14,2312,5.5,2,10,2,-1000.0,0,0.0,0.0,0.0,inf,0.0,0.0,0.0,0.0,0,rolling,losing_streak_fitness,2_days,rep_2
train,3,53560,125287,125287,130699,57,14,2290,5.5,5,10,2,1193.5887063808873,14,319.0,414.0,95.0,4.3578947368421055,19.0,0.6428571428571429,22.785714285714285,19.0,1,rolling,losing_streak_fitness,2_days,rep_2
test,3,53560,125287,125287,130699,57,14,2290,5.5,5,10,2,-1000.0,0,0.0,0.0,0.0,inf,0.0,0.0,0.0,0.0,0,rolling,losing_streak_fitness,2_days,rep_2
train,3,53560,125287,125287,130699,58,14,2017,5.25,4,10,2,1193.5887063808873,14,319.0,414.0,95.0,4.3578947368421055,19.0,0.6428571428571429,22.785714285714285,19.0,1,rolling,losing_streak_fitness,2_days,rep_2
test,3,53560,125287,125287,130699,58,14,2017,5.25,4,10,2,-1000.0,0,0.0,0.0,0.0,inf,0.0,0.0,0.0,0.0,0,rolling,losing_streak_fitness,2_days,rep_2
train,3,53560,125287,125287,130699,59,14,2080,5.75,1,10,2,1193.5887063808873,14,319.0,414.0,95.0,4.3578947368421055,19.0,0.6428571428571429,22.785714285714285,19.0,1,rolling,losing_streak_fitness,2_days,rep_2
test,3,53560,125287,125287,130699,59,14,2080,5.75,1,10,2,-1000.0,0,0.0,0.0,0.0,inf,0.0,0.0,0.0,0.0,0,rolling,losing_streak_fitness,2_days,rep_2
train,3,53560,125287,125287,130699,60,14,2424,5.25,2,10,2,1193.5887063808873,14,319.0,414.0,95.0,4.3578947368421055,19.0,0.6428571428571429,22.785714285714285,19.0,1,rolling,losing_streak_fitness,2_days,rep_2
test,3,53560,125287,125287,130699,60,14,2424,5.25,2,10,2,-1000.0,0,0.0,0.0,0.0,inf,0.0,0.0,0.0,0.0,0,rolling,losing_streak_fitness,2_days,rep_2
train,3,53560,125287,125287,130699,61,14,2351,6.25,3,10,2,1193.5887063808873,14,319.0,414.0,95.0,4.3578947368421055,19.0,0.6428571428571429,22.785714285714285,19.0,1,rolling,losing_streak_fitness,2_days,rep_2
test,3,53560,125287,125287,130699,61,14,2351,6.25,3,10,2,-1000.0,0,0.0,0.0,0.0,inf,0.0,0.0,0.0,0.0,0,rolling,losing_streak_fitness,2_days,rep_2
train,3,53560,125287,125287,130699,62,14,2080,6.5,4,10,2,1193.5887063808873,14,319.0,414.0,95.0,4.3578947368421055,19.0,0.6428571428571429,22.785714285714285,19.0,1,rolling,losing_streak_fitness,2_days,rep_2
test,3,53560,125287,125287,130699,62,14,2080,6.5,4,10,2,-1000.0,0,0.0,0.0,0.0,inf,0.0,0.0,0.0,0.0,0,rolling,losing_streak_fitness,2_days,rep_2
train,3,53560,125287,125287,130699,63,14,2080,5.75,1,10,2,1193.5887063808873,14,319.0,414.0,95.0,4.3578947368421055,19.0,0.6428571428571429,22.785714285714285,19.0,1,rolling,losing_streak_fitness,2_days,rep_2
test,3,53560,125287,125287,130699,63,14,2080,5.75,1,10,2,-1000.0,0,0.0,0.0,0.0,inf,0.0,0.0,0.0,0.0,0,rolling,losing_streak_fitness,2_days,rep_2
train,3,53560,125287,125287,130699,64,14,2499,5.75,4,10,2,1193.5887063808873,14,319.0,414.0,95.0,4.3578947368421055,19.0,0.6428571428571429,22.785714285714285,19.0,1,rolling,losing_streak_fitness,2_days,rep_2
test,3,53560,125287,125287,130699,64,14,2499,5.75,4,10,2,-1000.0,0,0.0,0.0,0.0,inf,0.0,0.0,0.0,0.0,0,rolling,losing_streak_fitness,2_days,rep_2
train,3,53560,125287,125287,130699,65,14,2080,5.75,3,10,2,1193.5887063808873,14,319.0,414.0,95.0,4.3578947368421055,19.0,0.6428571428571429,22.785714285714285,19.0,1,rolling,losing_streak_fitness,2_days,rep_2
test,3,53560,125287,125287,130699,65,14,2080,5.75,3,10,2,-1000.0,0,0.0,0.0,0.0,inf,0.0,0.0,0.0,0.0,0,rolling,losing_streak_fitness,2_days,rep_2
train,3,53560,125287,125287,130699,66,14,2080,5.5,5,10,2,1193.5887063808873,14,319.0,414.0,95.0,4.3578947368421055,19.0,0.6428571428571429,22.785714285714285,19.0,1,rolling,losing_streak_fitness,2_days,rep_2
test,3,53560,125287,125287,130699,66,14,2080,5.5,5,10,2,-1000.0,0,0.0,0.0,0.0,inf,0.0,0.0,0.0,0.0,0,rolling,losing_streak_fitness,2_days,rep_2
train,3,53560,125287,125287,130699,67,14,2290,5.0,2,10,2,1193.5887063808873,14,319.0,414.0,95.0,4.3578947368421055,19.0,0.6428571428571429,22.785714285714285,19.0,1,rolling,losing_streak_fitness,2_days,rep_2
test,3,53560,125287,125287,130699,67,14,2290,5.0,2,10,2,-1000.0,0,0.0,0.0,0.0,inf,0.0,0.0,0.0,0.0,0,rolling,losing_streak_fitness,2_days,rep_2
train,3,53560,125287,125287,130699,68,14,2499,6.5,4,10,2,1193.5887063808873,14,319.0,414.0,95.0,4.3578947368421055,19.0,0.6428571428571429,22.785714285714285,19.0,1,rolling,losing_streak_fitness,2_days,rep_2
test,3,53560,125287,125287,130699,68,14,2499,6.5,4,10,2,-1000.0,0,0.0,0.0,0.0,inf,0.0,0.0,0.0,0.0,0,rolling,losing_streak_fitness,2_days,rep_2
train,3,53560,125287,125287,130699,69,14,2638,5.0,4,10,2,1193.5887063808873,14,319.0,414.0,95.0,4.3578947368421055,19.0,0.6428571428571429,22.785714285714285,19.0,1,rolling,losing_streak_fitness,2_days,rep_2
test,3,53560,125287,125287,130699,69,14,2638,5.0,4,10,2,-1000.0,0,0.0,0.0,0.0,inf,0.0,0.0,0.0,0.0,0,rolling,losing_streak_fitness,2_days,rep_2
train,3,53560,125287,125287,130699,70,14,2623,6.5,6,10,2,1193.5887063808873,14,319.0,414.0,95.0,4.3578947368421055,19.0,0.6428571428571429,22.785714285714285,19.0,1,rolling,losing_streak_fitness,2_days,rep_2
test,3,53560,125287,125287,130699,70,14,2623,6.5,6,10,2,-1000.0,0,0.0,0.0,0.0,inf,0.0,0.0,0.0,0.0,0,rolling,losing_streak_fitness,2_days,rep_2
train,3,53560,125287,125287,130699,71,14,3454,5.75,1,10,2,1193.5887063808873,14,319.0,414.0,95.0,4.3578947368421055,19.0,0.6428571428571429,22.785714285714285,19.0,1,rolling,losing_streak_fitness,2_days,rep_2
test,3,53560,125287,125287,130699,71,14,3454,5.75,1,10,2,-1000.0,0,0.0,0.0,0.0,inf,0.0,0.0,0.0,0.0,0,rolling,losing_streak_fitness,2_days,rep_2
train,3,53560,125287,125287,130699,72,14,2499,6.75,4,10,2,1193.5887063808873,14,319.0,414.0,95.0,4.3578947368421055,19.0,0.6428571428571429,22.785714285714285,19.0,1,rolling,losing_streak_fitness,2_days,rep_2
test,3,53560,125287,125287,130699,72,14,2499,6.75,4,10,2,-1000.0,0,0.0,0.0,0.0,inf,0.0,0.0,0.0,0.0,0,rolling,losing_streak_fitness,2_days,rep_2
train,3,53560,125287,125287,130699,73,14,2772,5.0,4,10,2,1193.5887063808873,14,319.0,414.0,95.0,4.3578947368421055,19.0,0.6428571428571429,22.785714285714285,19.0,1,rolling,losing_streak_fitness,2_days,rep_2
test,3,53560,125287,125287,130699,73,14,2772,5.0,4,10,2,-1000.0,0,0.0,0.0,0.0,inf,0.0,0.0,0.0,0.0,0,rolling,losing_streak_fitness,2_days,rep_2
train,3,53560,125287,125287,130699,74,14,2080,6.0,2,10,2,1193.5887063808873,14,319.0,414.0,95.0,4.3578947368421055,19.0,0.6428571428571429,22.785714285714285,19.0,1,rolling,losing_streak_fitness,2_days,rep_2
test,3,53560,125287,125287,130699,74,14,2080,6.0,2,10,2,-1000.0,0,0.0,0.0,0.0,inf,0.0,0.0,0.0,0.0,0,rolling,losing_streak_fitness,2_days,rep_2
train,3,53560,125287,125287,130699,75,14,2499,6.0,3,10,2,1193.5887063808873,14,319.0,414.0,95.0,4.3578947368421055,19.0,0.6428571428571429,22.785714285714285,19.0,1,rolling,losing_streak_fitness,2_days,rep_2
test,3,53560,125287,125287,130699,75,14,2499,6.0,3,10,2,-1000.0,0,0.0,0.0,0.0,inf,0.0,0.0,0.0,0.0,0,rolling,losing_streak_fitness,2_days,rep_2
train,3,53560,125287,125287,130699,76,14,2376,6.5,4,10,2,1193.5887063808873,14,319.0,414.0,95.0,4.3578947368421055,19.0,0.6428571428571429,22.785714285714285,19.0,1,rolling,losing_streak_fitness,2_days,rep_2
test,3,53560,125287,125287,130699,76,14,2376,6.5,4,10,2,-1000.0,0,0.0,0.0,0.0,inf,0.0,0.0,0.0,0.0,0,rolling,losing_streak_fitness,2_days,rep_2
train,3,53560,125287,125287,130699,77,14,2499,5.0,2,10,2,1193.5887063808873,14,319.0,414.0,95.0,4.3578947368421055,19.0,0.6428571428571429,22.785714285714285,19.0,1,rolling,losing_streak_fitness,2_days,rep_2
test,3,53560,125287,125287,130699,77,14,2499,5.0,2,10,2,-1000.0,0,0.0,0.0,0.0,inf,0.0,0.0,0.0,0.0,0,rolling,losing_streak_fitness,2_days,rep_2
train,3,53560,125287,125287,130699,78,14,2499,5.0,4,10,2,1193.5887063808873,14,319.0,414.0,95.0,4.3578947368421055,19.0,0.6428571428571429,22.785714285714285,19.0,1,rolling,losing_streak_fitness,2_days,rep_2
test,3,53560,125287,125287,130699,78,14,2499,5.0,4,10,2,-1000.0,0,0.0,0.0,0.0,inf,0.0,0.0,0.0,0.0,0,rolling,losing_streak_fitness,2_days,rep_2
train,3,53560,125287,125287,130699,79,14,2499,6.0,4,10,2,1193.5887063808873,14,319.0,414.0,95.0,4.3578947368421055,19.0,0.6428571428571429,22.785714285714285,19.0,1,rolling,losing_streak_fitness,2_days,rep_2
test,3,53560,125287,125287,130699,79,14,2499,6.0,4,10,2,-1000.0,0,0.0,0.0,0.0,inf,0.0,0.0,0.0,0.0,0,rolling,losing_streak_fitness,2_days,rep_2
train,3,53560,125287,125287,130699,80,14,2311,5.75,4,10,2,1193.5887063808873,14,319.0,414.0,95.0,4.3578947368421055,19.0,0.6428571428571429,22.785714285714285,19.0,1,rolling,losing_streak_fitness,2_days,rep_2
test,3,53560,125287,125287,130699,80,14,2311,5.75,4,10,2,-1000.0,0,0.0,0.0,0.0,inf,0.0,0.0,0.0,0.0,0,rolling,losing_streak_fitness,2_days,rep_2
train,3,53560,125287,125287,130699,81,14,2204,5.75,1,10,2,1193.5887063808873,14,319.0,414.0,95.0,4.3578947368421055,19.0,0.6428571428571429,22.785714285714285,19.0,1,rolling,losing_streak_fitness,2_days,rep_2
test,3,53560,125287,125287,130699,81,14,2204,5.75,1,10,2,-1000.0,0,0.0,0.0,0.0,inf,0.0,0.0,0.0,0.0,0,rolling,losing_streak_fitness,2_days,rep_2
train,3,53560,125287,125287,130699,82,14,3489,5.75,1,10,2,1193.5887063808873,14,319.0,414.0,95.0,4.3578947368421055,19.0,0.6428571428571429,22.785714285714285,19.0,1,rolling,losing_streak_fitness,2_days,rep_2
test,3,53560,125287,125287,130699,82,14,3489,5.75,1,10,2,-1000.0,0,0.0,0.0,0.0,inf,0.0,0.0,0.0,0.0,0,rolling,losing_streak_fitness,2_days,rep_2
train,3,53560,125287,125287,130699,83,14,3489,6.0,4,10,2,1193.5887063808873,14,319.0,414.0,95.0,4.3578947368421055,19.0,0.6428571428571429,22.785714285714285,19.0,1,rolling,losing_streak_fitness,2_days,rep_2
test,3,53560,125287,125287,130699,83,14,3489,6.0,4,10,2,-1000.0,0,0.0,0.0,0.0,inf,0.0,0.0,0.0,0.0,0,rolling,losing_streak_fitness,2_days,rep_2
train,3,53560,125287,125287,130699,84,14,2335,5.75,1,10,2,1193.5887063808873,14,319.0,414.0,95.0,4.3578947368421055,19.0,0.6428571428571429,22.785714285714285,19.0,1,rolling,losing_streak_fitness,2_days,rep_2
test,3,53560,125287,125287,130699,84,14,2335,5.75,1,10,2,-1000.0,0,0.0,0.0,0.0,inf,0.0,0.0,0.0,0.0,0,rolling,losing_streak_fitness,2_days,rep_2
train,3,53560,125287,125287,130699,85,14,2586,6.0,1,10,2,1193.5887063808873,14,319.0,414.0,95.0,4.3578947368421055,19.0,0.6428571428571429,22.785714285714285,19.0,1,rolling,losing_streak_fitness,2_days,rep_2
test,3,53560,125287,125287,130699,85,14,2586,6.0,1,10,2,-1000.0,0,0.0,0.0,0.0,inf,0.0,0.0,0.0,0.0,0,rolling,losing_streak_fitness,2_days,rep_2
train,3,53560,125287,125287,130699,86,14,2204,6.5,2,10,2,1193.5887063808873,14,319.0,414.0,95.0,4.3578947368421055,19.0,0.6428571428571429,22.785714285714285,19.0,1,rolling,losing_streak_fitness,2_days,rep_2
test,3,53560,125287,125287,130699,86,14,2204,6.5,2,10,2,-1000.0,0,0.0,0.0,0.0,inf,0.0,0.0,0.0,0.0,0,rolling,losing_streak_fitness,2_days,rep_2
train,3,53560,125287,125287,130699,87,14,2424,6.25,1,10,2,1193.5887063808873,14,319.0,414.0,95.0,4.3578947368421055,19.0,0.6428571428571429,22.785714285714285,19.0,1,rolling,losing_streak_fitness,2_days,rep_2
test,3,53560,125287,125287,130699,87,14,2424,6.25,1,10,2,-1000.0,0,0.0,0.0,0.0,inf,0.0,0.0,0.0,0.0,0,rolling,losing_streak_fitness,2_days,rep_2
train,3,53560,125287,125287,130699,88,14,2352,6.5,1,10,2,1193.5887063808873,14,319.0,414.0,95.0,4.3578947368421055,19.0,0.6428571428571429,22.785714285714285,19.0,1,rolling,losing_streak_fitness,2_days,rep_2
test,3,53560,125287,125287,130699,88,14,2352,6.5,1,10,2,-1000.0,0,0.0,0.0,0.0,inf,0.0,0.0,0.0,0.0,0,rolling,losing_streak_fitness,2_days,rep_2
train,3,53560,125287,125287,130699,89,14,2080,6.25,1,10,2,1193.5887063808873,14,319.0,414.0,95.0,4.3578947368421055,19.0,0.6428571428571429,22.785714285714285,19.0,1,rolling,losing_streak_fitness,2_days,rep_2
test,3,53560,125287,125287,130699,89,14,2080,6.25,1,10,2,-1000.0,0,0.0,0.0,0.0,inf,0.0,0.0,0.0,0.0,0,rolling,losing_streak_fitness,2_days,rep_2
train,3,53560,125287,125287,130699,90,14,2499,6.25,4,10,2,1193.5887063808873,14,319.0,414.0,95.0,4.3578947368421055,19.0,0.6428571428571429,22.785714285714285,19.0,1,rolling,losing_streak_fitness,2_days,rep_2
test,3,53560,125287,125287,130699,90,14,2499,6.25,4,10,2,-1000.0,0,0.0,0.0,0.0,inf,0.0,0.0,0.0,0.0,0,rolling,losing_streak_fitness,2_days,rep_2
train,3,53560,125287,125287,130699,91,14,2241,6.25,1,10,2,1193.5887063808873,14,319.0,414.0,95.0,4.3578947368421055,19.0,0.6428571428571429,22.785714285714285,19.0,1,rolling,losing_streak_fitness,2_days,rep_2
test,3,53560,125287,125287,130699,91,14,2241,6.25,1,10,2,-1000.0,0,0.0,0.0,0.0,inf,0.0,0.0,0.0,0.0,0,rolling,losing_streak_fitness,2_days,rep_2
train,3,53560,125287,125287,130699,92,14,2352,6.25,4,10,2,1193.5887063808873,14,319.0,414.0,95.0,4.3578947368421055,19.0,0.6428571428571429,22.785714285714285,19.0,1,rolling,losing_streak_fitness,2_days,rep_2
test,3,53560,125287,125287,130699,92,14,2352,6.25,4,10,2,-1000.0,0,0.0,0.0,0.0,inf,0.0,0.0,0.0,0.0,0,rolling,losing_streak_fitness,2_days,rep_2
train,3,53560,125287,125287,130699,93,14,2352,6.0,1,10,2,1193.5887063808873,14,319.0,414.0,95.0,4.3578947368421055,19.0,0.6428571428571429,22.785714285714285,19.0,1,rolling,losing_streak_fitness,2_days,rep_2
test,3,53560,125287,125287,130699,93,14,2352,6.0,1,10,2,-1000.0,0,0.0,0.0,0.0,inf,0.0,0.0,0.0,0.0,0,rolling,losing_streak_fitness,2_days,rep_2
train,3,53560,125287,125287,130699,94,14,2311,5.75,2,10,2,1193.5887063808873,14,319.0,414.0,95.0,4.3578947368421055,19.0,0.6428571428571429,22.785714285714285,19.0,1,rolling,losing_streak_fitness,2_days,rep_2
test,3,53560,125287,125287,130699,94,14,2311,5.75,2,10,2,-1000.0,0,0.0,0.0,0.0,inf,0.0,0.0,0.0,0.0,0,rolling,losing_streak_fitness,2_days,rep_2
train,3,53560,125287,125287,130699,95,14,2352,6.5,1,10,2,1193.5887063808873,14,319.0,414.0,95.0,4.3578947368421055,19.0,0.6428571428571429,22.785714285714285,19.0,1,rolling,losing_streak_fitness,2_days,rep_2
test,3,53560,125287,125287,130699,95,14,2352,6.5,1,10,2,-1000.0,0,0.0,0.0,0.0,inf,0.0,0.0,0.0,0.0,0,rolling,losing_streak_fitness,2_days,rep_2
train,3,53560,125287,125287,130699,96,14,2311,6.25,4,10,2,1193.5887063808873,14,319.0,414.0,95.0,4.3578947368421055,19.0,0.6428571428571429,22.785714285714285,19.0,1,rolling,losing_streak_fitness,2_days,rep_2
test,3,53560,125287,125287,130699,96,14,2311,6.25,4,10,2,-1000.0,0,0.0,0.0,0.0,inf,0.0,0.0,0.0,0.0,0,rolling,losing_streak_fitness,2_days,rep_2
train,3,53560,125287,125287,130699,97,14,2299,6.5,1,10,2,1193.5887063808873,14,319.0,414.0,95.0,4.3578947368421055,19.0,0.6428571428571429,22.785714285714285,19.0,1,rolling,losing_streak_fitness,2_days,rep_2
test,3,53560,125287,125287,130699,97,14,2299,6.5,1,10,2,-1000.0,0,0.0,0.0,0.0,inf,0.0,0.0,0.0,0.0,0,rolling,losing_streak_fitness,2_days,rep_2
train,3,53560,125287,125287,130699,98,14,2686,6.0,2,10,2,1193.5887063808873,14,319.0,414.0,95.0,4.3578947368421055,19.0,0.6428571428571429,22.785714285714285,19.0,1,rolling,losing_streak_fitness,2_days,rep_2
test,3,53560,125287,125287,130699,98,14,2686,6.0,2,10,2,-1000.0,0,0.0,0.0,0.0,inf,0.0,0.0,0.0,0.0,0,rolling,losing_streak_fitness,2_days,rep_2
train,3,53560,125287,125287,130699,99,14,2352,6.0,5,10,2,1193.5887063808873,14,319.0,414.0,95.0,4.3578947368421055,19.0,0.6428571428571429,22.785714285714285,19.0,1,rolling,losing_streak_fitness,2_days,rep_2
test,3,53560,125287,125287,130699,99,14,2352,6.0,5,10,2,-1000.0,0,0.0,0.0,0.0,inf,0.0,0.0,0.0,0.0,0,rolling,losing_streak_fitness,2_days,rep_2
train,3,53560,125287,125287,130699,100,14,2499,6.5,5,10,2,1193.5887063808873,14,319.0,414.0,95.0,4.3578947368421055,19.0,0.6428571428571429,22.785714285714285,19.0,1,rolling,losing_streak_fitness,2_days,rep_2
test,3,53560,125287,125287,130699,100,14,2499,6.5,5,10,2,-1000.0,0,0.0,0.0,0.0,inf,0.0,0.0,0.0,0.0,0,rolling,losing_streak_fitness,2_days,rep_2
train,1,0,53560,53560,86986,0,10,938,5.75,9,25,6,-26.08745973749755,5,-35.0,121.0,156.0,0.7756410256410257,117.0,0.2,-7.0,39.0,3,rolling,losing_streak_fitness,2_days,rep_3
test,1,0,53560,53560,86986,0,10,938,5.75,9,25,6,-1000.0,2,82.0,121.0,39.0,3.102564102564102,39.0,0.5,41.0,39.0,1,rolling,losing_streak_fitness,2_days,rep_3
train,1,0,53560,53560,86986,1,9,1993,5.25,5,9,2,-38.86344486710841,22,-58.0,246.0,304.0,0.8092105263157895,149.0,0.2727272727272727,-2.636363636363636,19.0,7,rolling,losing_streak_fitness,2_days,rep_3
test,1,0,53560,53560,86986,1,9,1993,5.25,5,9,2,-79.06700852273782,22,-118.0,205.0,323.0,0.6346749226006192,282.0,0.2272727272727272,-5.363636363636363,19.0,14,rolling,losing_streak_fitness,2_days,rep_3
train,1,0,53560,53560,86986,2,9,1993,10.0,5,15,2,31.087577905008946,7,47.0,142.0,95.0,1.4947368421052631,76.0,0.2857142857142857,6.714285714285714,19.0,4,rolling,losing_streak_fitness,2_days,rep_3
test,1,0,53560,53560,86986,2,9,1993,10.0,5,15,2,49.74012464801431,7,47.0,142.0,95.0,1.4947368421052631,95.0,0.2857142857142857,6.714285714285714,19.0,5,rolling,losing_streak_fitness,2_days,rep_3
train,1,0,53560,53560,86986,3,12,1465,9.5,3,28,2,44.7213595499958,5,60.0,136.0,76.0,1.7894736842105263,57.0,0.2,12.0,19.0,3,rolling,losing_streak_fitness,2_days,rep_3
test,1,0,53560,53560,86986,3,12,1465,9.5,3,28,2,-1000.0,2,117.0,136.0,19.0,7.157894736842105,19.0,0.5,58.5,19.0,1,rolling,losing_streak_fitness,2_days,rep_3
train,1,0,53560,53560,86986,4,8,1993,9.5,5,11,2,116.91102386002784,11,141.0,255.0,114.0,2.236842105263158,76.0,0.4545454545454545,12.818181818181818,19.0,4,rolling,losing_streak_fitness,2_days,rep_3
test,1,0,53560,53560,86986,4,8,1993,9.5,5,11,2,-26.68107943843352,13,-37.0,153.0,190.0,0.8052631578947368,190.0,0.2307692307692307,-2.8461538461538463,19.0,10,rolling,losing_streak_fitness,2_days,rep_3
train,1,0,53560,53560,86986,5,7,2421,9.25,7,10,2,99.2043345827187,6,81.0,138.0,57.0,2.421052631578948,38.0,0.5,13.5,19.0,2,rolling,losing_streak_fitness,2_days,rep_3
test,1,0,53560,53560,86986,5,7,2421,9.25,7,10,2,52.1749194749951,5,35.0,92.0,57.0,1.6140350877192982,57.0,0.4,7.0,19.0,3,rolling,losing_streak_fitness,2_days,rep_3
train,1,0,53560,53560,86986,6,7,1642,9.5,4,10,2,138.6129864045934,19,159.0,368.0,209.0,1.7607655502392343,95.0,0.4210526315789473,8.368421052631579,19.0,5,rolling,losing_streak_fitness,2_days,rep_3
test,1,0,53560,53560,86986,6,7,1642,9.5,4,10,2,-79.62225269985771,21,-139.0,184.0,323.0,0.5696594427244582,304.0,0.1904761904761904,-6.619047619047619,19.0,16,rolling,losing_streak_fitness,2_days,rep_3
train,1,0,53560,53560,86986,7,7,1993,9.25,5,5,2,228.63070659909175,12,132.0,189.0,57.0,3.3157894736842106,38.0,0.75,11.0,19.0,2,rolling,losing_streak_fitness,2_days,rep_3
test,1,0,53560,53560,86986,7,7,1993,9.25,5,5,2,224.0,16,56.0,189.0,133.0,1.4210526315789471,55.0,0.5625,3.5,19.0,2,rolling,losing_streak_fitness,2_days,rep_3
train,1,0,53560,53560,86986,8,8,563,8.75,4,11,2,311.88018532763505,13,173.0,306.0,133.0,2.300751879699248,38.0,0.4615384615384615,13.307692307692308,19.0,2,rolling,losing_streak_fitness,2_days,rep_3
test,1,0,53560,53560,86986,8,8,563,8.75,4,11,2,-66.55870509925651,17,-113.0,153.0,266.0,0.575187969924812,266.0,0.1764705882352941,-6.647058823529412,19.0,14,rolling,losing_streak_fitness,2_days,rep_3
train,1,0,53560,53560,86986,9,8,563,8.75,4,9,2,261.42637586900065,15,135.0,287.0,152.0,1.888157894736842,38.0,0.4666666666666667,9.0,19.0,2,rolling,losing_streak_fitness,2_days,rep_3
test,1,0,53560,53560,86986,9,8,563,8.75,4,9,2,-61.821335726595294,18,-102.0,164.0,266.0,0.6165413533834586,266.0,0.2222222222222222,-5.666666666666667,19.0,14,rolling,losing_streak_fitness,2_days,rep_3
train,1,0,53560,53560,86986,10,8,563,8.75,4,10,2,374.9773326482549,13,208.0,322.0,114.0,2.824561403508772,38.0,0.5384615384615384,16.0,19.0,2,rolling,losing_streak_fitness,2_days,rep_3
test,1,0,53560,53560,86986,10,8,563,8.75,4,10,2,-75.3939314398658,17,-128.0,138.0,266.0,0.518796992481203,266.0,0.1764705882352941,-7.529411764705882,19.0,14,rolling,losing_streak_fitness,2_days,rep_3
train,1,0,53560,53560,86986,11,8,563,8.75,4,10,2,374.9773326482549,13,208.0,322.0,114.0,2.824561403508772,38.0,0.5384615384615384,16.0,19.0,2,rolling,losing_streak_fitness,2_days,rep_3
test,1,0,53560,53560,86986,11,8,563,8.75,4,10,2,-75.3939314398658,17,-128.0,138.0,266.0,0.518796992481203,266.0,0.1764705882352941,-7.529411764705882,19.0,14,rolling,losing_streak_fitness,2_days,rep_3
train,1,0,53560,53560,86986,12,8,563,8.75,4,10,4,804.0379344284696,13,223.0,368.0,145.0,2.537931034482759,29.0,0.6153846153846154,17.153846153846153,29.0,1,rolling,losing_streak_fitness,2_days,rep_3
test,1,0,53560,53560,86986,12,8,563,8.75,4,10,4,-157.85604395221898,17,-268.0,138.0,406.0,0.3399014778325123,406.0,0.1764705882352941,-15.764705882352942,29.0,14,rolling,losing_streak_fitness,2_days,rep_3
train,1,0,53560,53560,86986,13,8,563,8.75,4,10,4,804.0379344284696,13,223.0,368.0,145.0,2.537931034482759,29.0,0.6153846153846154,17.153846153846153,29.0,1,rolling,losing_streak_fitness,2_days,rep_3
test,1,0,53560,53560,86986,13,8,563,8.75,4,10,4,-157.85604395221898,17,-268.0,138.0,406.0,0.3399014778325123,406.0,0.1764705882352941,-15.764705882352942,29.0,14,rolling,losing_streak_fitness,2_days,rep_3
train,1,0,53560,53560,86986,14,8,563,8.5,4,10,4,804.0379344284696,13,223.0,368.0,145.0,2.537931034482759,29.0,0.6153846153846154,17.153846153846153,29.0,1,rolling,losing_streak_fitness,2_days,rep_3
test,1,0,53560,53560,86986,14,8,563,8.5,4,10,4,-157.85604395221898,17,-268.0,138.0,406.0,0.3399014778325123,406.0,0.1764705882352941,-15.764705882352942,29.0,14,rolling,losing_streak_fitness,2_days,rep_3
train,1,0,53560,53560,86986,15,8,563,8.75,4,10,3,894.1767163150693,13,248.0,368.0,120.0,3.066666666666667,24.0,0.6153846153846154,19.07692307692308,24.0,1,rolling,losing_streak_fitness,2_days,rep_3
test,1,0,53560,53560,86986,15,8,563,8.75,4,10,3,-116.6249876960424,17,-198.0,138.0,336.0,0.4107142857142857,336.0,0.1764705882352941,-11.647058823529411,24.0,14,rolling,losing_streak_fitness,2_days,rep_3
train,1,0,53560,53560,86986,16,8,563,8.75,4,10,3,894.1767163150693,13,248.0,368.0,120.0,3.066666666666667,24.0,0.6153846153846154,19.07692307692308,24.0,1,rolling,losing_streak_fitness,2_days,rep_3
test,1,0,53560,53560,86986,16,8,563,8.75,4,10,3,-116.6249876960424,17,-198.0,138.0,336.0,0.4107142857142857,336.0,0.1764705882352941,-11.647058823529411,24.0,14,rolling,losing_streak_fitness,2_days,rep_3
train,1,0,53560,53560,86986,17,8,563,8.75,4,10,3,894.1767163150693,13,248.0,368.0,120.0,3.066666666666667,24.0,0.6153846153846154,19.07692307692308,24.0,1,rolling,losing_streak_fitness,2_days,rep_3
test,1,0,53560,53560,86986,17,8,563,8.75,4,10,3,-116.6249876960424,17,-198.0,138.0,336.0,0.4107142857142857,336.0,0.1764705882352941,-11.647058823529411,24.0,14,rolling,losing_streak_fitness,2_days,rep_3
train,1,0,53560,53560,86986,18,8,563,8.75,4,10,3,894.1767163150693,13,248.0,368.0,120.0,3.066666666666667,24.0,0.6153846153846154,19.07692307692308,24.0,1,rolling,losing_streak_fitness,2_days,rep_3
test,1,0,53560,53560,86986,18,8,563,8.75,4,10,3,-116.6249876960424,17,-198.0,138.0,336.0,0.4107142857142857,336.0,0.1764705882352941,-11.647058823529411,24.0,14,rolling,losing_streak_fitness,2_days,rep_3
train,1,0,53560,53560,86986,19,8,563,8.5,4,10,3,894.1767163150693,13,248.0,368.0,120.0,3.066666666666667,24.0,0.6153846153846154,19.07692307692308,24.0,1,rolling,losing_streak_fitness,2_days,rep_3
test,1,0,53560,53560,86986,19,8,563,8.5,4,10,3,-116.6249876960424,17,-198.0,138.0,336.0,0.4107142857142857,336.0,0.1764705882352941,-11.647058823529411,24.0,14,rolling,losing_streak_fitness,2_days,rep_3
train,1,0,53560,53560,86986,20,8,563,8.25,4,10,3,894.1767163150693,13,248.0,368.0,120.0,3.066666666666667,24.0,0.6153846153846154,19.07692307692308,24.0,1,rolling,losing_streak_fitness,2_days,rep_3
test,1,0,53560,53560,86986,20,8,563,8.25,4,10,3,-116.6249876960424,17,-198.0,138.0,336.0,0.4107142857142857,336.0,0.1764705882352941,-11.647058823529411,24.0,14,rolling,losing_streak_fitness,2_days,rep_3
train,1,0,53560,53560,86986,21,8,563,8.25,4,10,3,894.1767163150693,13,248.0,368.0,120.0,3.066666666666667,24.0,0.6153846153846154,19.07692307692308,24.0,1,rolling,losing_streak_fitness,2_days,rep_3
test,1,0,53560,53560,86986,21,8,563,8.25,4,10,3,-116.6249876960424,17,-198.0,138.0,336.0,0.4107142857142857,336.0,0.1764705882352941,-11.647058823529411,24.0,14,rolling,losing_streak_fitness,2_days,rep_3
train,1,0,53560,53560,86986,22,8,563,8.75,4,10,3,894.1767163150693,13,248.0,368.0,120.0,3.066666666666667,24.0,0.6153846153846154,19.07692307692308,24.0,1,rolling,losing_streak_fitness,2_days,rep_3
test,1,0,53560,53560,86986,22,8,563,8.75,4,10,3,-116.6249876960424,17,-198.0,138.0,336.0,0.4107142857142857,336.0,0.1764705882352941,-11.647058823529411,24.0,14,rolling,losing_streak_fitness,2_days,rep_3
train,1,0,53560,53560,86986,23,8,563,8.5,4,10,3,894.1767163150693,13,248.0,368.0,120.0,3.066666666666667,24.0,0.6153846153846154,19.07692307692308,24.0,1,rolling,losing_streak_fitness,2_days,rep_3
test,1,0,53560,53560,86986,23,8,563,8.5,4,10,3,-116.6249876960424,17,-198.0,138.0,336.0,0.4107142857142857,336.0,0.1764705882352941,-11.647058823529411,24.0,14,rolling,losing_streak_fitness,2_days,rep_3
train,1,0,53560,53560,86986,24,8,563,8.75,4,10,3,894.1767163150693,13,248.0,368.0,120.0,3.066666666666667,24.0,0.6153846153846154,19.07692307692308,24.0,1,rolling,losing_streak_fitness,2_days,rep_3
test,1,0,53560,53560,86986,24,8,563,8.75,4,10,3,-116.6249876960424,17,-198.0,138.0,336.0,0.4107142857142857,336.0,0.1764705882352941,-11.647058823529411,24.0,14,rolling,losing_streak_fitness,2_days,rep_3
train,1,0,53560,53560,86986,25,8,563,8.5,4,10,3,894.1767163150693,13,248.0,368.0,120.0,3.066666666666667,24.0,0.6153846153846154,19.07692307692308,24.0,1,rolling,losing_streak_fitness,2_days,rep_3
test,1,0,53560,53560,86986,25,8,563,8.5,4,10,3,-116.6249876960424,17,-198.0,138.0,336.0,0.4107142857142857,336.0,0.1764705882352941,-11.647058823529411,24.0,14,rolling,losing_streak_fitness,2_days,rep_3
train,1,0,53560,53560,86986,26,8,563,8.5,4,10,3,894.1767163150693,13,248.0,368.0,120.0,3.066666666666667,24.0,0.6153846153846154,19.07692307692308,24.0,1,rolling,losing_streak_fitness,2_days,rep_3
test,1,0,53560,53560,86986,26,8,563,8.5,4,10,3,-116.6249876960424,17,-198.0,138.0,336.0,0.4107142857142857,336.0,0.1764705882352941,-11.647058823529411,24.0,14,rolling,losing_streak_fitness,2_days,rep_3
train,1,0,53560,53560,86986,27,8,563,8.25,4,10,3,894.1767163150693,13,248.0,368.0,120.0,3.066666666666667,24.0,0.6153846153846154,19.07692307692308,24.0,1,rolling,losing_streak_fitness,2_days,rep_3
test,1,0,53560,53560,86986,27,8,563,8.25,4,10,3,-116.6249876960424,17,-198.0,138.0,336.0,0.4107142857142857,336.0,0.1764705882352941,-11.647058823529411,24.0,14,rolling,losing_streak_fitness,2_days,rep_3
train,1,0,53560,53560,86986,28,8,563,8.75,4,10,3,894.1767163150693,13,248.0,368.0,120.0,3.066666666666667,24.0,0.6153846153846154,19.07692307692308,24.0,1,rolling,losing_streak_fitness,2_days,rep_3
test,1,0,53560,53560,86986,28,8,563,8.75,4,10,3,-116.6249876960424,17,-198.0,138.0,336.0,0.4107142857142857,336.0,0.1764705882352941,-11.647058823529411,24.0,14,rolling,losing_streak_fitness,2_days,rep_3
train,1,0,53560,53560,86986,29,8,563,8.25,4,10,3,894.1767163150693,13,248.0,368.0,120.0,3.066666666666667,24.0,0.6153846153846154,19.07692307692308,24.0,1,rolling,losing_streak_fitness,2_days,rep_3
test,1,0,53560,53560,86986,29,8,563,8.25,4,10,3,-116.6249876960424,17,-198.0,138.0,336.0,0.4107142857142857,336.0,0.1764705882352941,-11.647058823529411,24.0,14,rolling,losing_streak_fitness,2_days,rep_3
train,1,0,53560,53560,86986,30,8,602,8.25,4,10,3,894.1767163150693,13,248.0,368.0,120.0,3.066666666666667,24.0,0.6153846153846154,19.07692307692308,24.0,1,rolling,losing_streak_fitness,2_days,rep_3
test,1,0,53560,53560,86986,30,8,602,8.25,4,10,3,-116.6249876960424,17,-198.0,138.0,336.0,0.4107142857142857,336.0,0.1764705882352941,-11.647058823529411,24.0,14,rolling,losing_streak_fitness,2_days,rep_3
train,1,0,53560,53560,86986,31,8,563,8.25,4,10,3,894.1767163150693,13,248.0,368.0,120.0,3.066666666666667,24.0,0.6153846153846154,19.07692307692308,24.0,1,rolling,losing_streak_fitness,2_days,rep_3
test,1,0,53560,53560,86986,31,8,563,8.25,4,10,3,-116.6249876960424,17,-198.0,138.0,336.0,0.4107142857142857,336.0,0.1764705882352941,-11.647058823529411,24.0,14,rolling,losing_streak_fitness,2_days,rep_3
train,1,0,53560,53560,86986,32,8,563,8.25,4,10,3,894.1767163150693,13,248.0,368.0,120.0,3.066666666666667,24.0,0.6153846153846154,19.07692307692308,24.0,1,rolling,losing_streak_fitness,2_days,rep_3
test,1,0,53560,53560,86986,32,8,563,8.25,4,10,3,-116.6249876960424,17,-198.0,138.0,336.0,0.4107142857142857,336.0,0.1764705882352941,-11.647058823529411,24.0,14,rolling,losing_streak_fitness,2_days,rep_3
train,1,0,53560,53560,86986,33,8,563,8.25,4,10,3,894.1767163150693,13,248.0,368.0,120.0,3.066666666666667,24.0,0.6153846153846154,19.07692307692308,24.0,1,rolling,losing_streak_fitness,2_days,rep_3
test,1,0,53560,53560,86986,33,8,563,8.25,4,10,3,-116.6249876960424,17,-198.0,138.0,336.0,0.4107142857142857,336.0,0.1764705882352941,-11.647058823529411,24.0,14,rolling,losing_streak_fitness,2_days,rep_3
train,1,0,53560,53560,86986,34,8,602,8.5,4,10,3,894.1767163150693,13,248.0,368.0,120.0,3.066666666666667,24.0,0.6153846153846154,19.07692307692308,24.0,1,rolling,losing_streak_fitness,2_days,rep_3
test,1,0,53560,53560,86986,34,8,602,8.5,4,10,3,-116.6249876960424,17,-198.0,138.0,336.0,0.4107142857142857,336.0,0.1764705882352941,-11.647058823529411,24.0,14,rolling,losing_streak_fitness,2_days,rep_3
train,1,0,53560,53560,86986,35,8,563,8.5,4,10,3,894.1767163150693,13,248.0,368.0,120.0,3.066666666666667,24.0,0.6153846153846154,19.07692307692308,24.0,1,rolling,losing_streak_fitness,2_days,rep_3
test,1,0,53560,53560,86986,35,8,563,8.5,4,10,3,-116.6249876960424,17,-198.0,138.0,336.0,0.4107142857142857,336.0,0.1764705882352941,-11.647058823529411,24.0,14,rolling,losing_streak_fitness,2_days,rep_3
train,1,0,53560,53560,86986,36,8,602,8.5,4,10,3,894.1767163150693,13,248.0,368.0,120.0,3.066666666666667,24.0,0.6153846153846154,19.07692307692308,24.0,1,rolling,losing_streak_fitness,2_days,rep_3
test,1,0,53560,53560,86986,36,8,602,8.5,4,10,3,-116.6249876960424,17,-198.0,138.0,336.0,0.4107142857142857,336.0,0.1764705882352941,-11.647058823529411,24.0,14,rolling,losing_streak_fitness,2_days,rep_3
train,1,0,53560,53560,86986,37,8,563,8.75,4,10,3,894.1767163150693,13,248.0,368.0,120.0,3.066666666666667,24.0,0.6153846153846154,19.07692307692308,24.0,1,rolling,losing_streak_fitness,2_days,rep_3
test,1,0,53560,53560,86986,37,8,563,8.75,4,10,3,-116.6249876960424,17,-198.0,138.0,336.0,0.4107142857142857,336.0,0.1764705882352941,-11.647058823529411,24.0,14,rolling,losing_streak_fitness,2_days,rep_3
train,1,0,53560,53560,86986,38,8,563,8.5,4,10,3,894.1767163150693,13,248.0,368.0,120.0,3.066666666666667,24.0,0.6153846153846154,19.07692307692308,24.0,1,rolling,losing_streak_fitness,2_days,rep_3
test,1,0,53560,53560,86986,38,8,563,8.5,4,10,3,-116.6249876960424,17,-198.0,138.0,336.0,0.4107142857142857,336.0,0.1764705882352941,-11.647058823529411,24.0,14,rolling,losing_streak_fitness,2_days,rep_3
train,1,0,53560,53560,86986,39,8,602,8.75,4,10,3,894.1767163150693,13,248.0,368.0,120.0,3.066666666666667,24.0,0.6153846153846154,19.07692307692308,24.0,1,rolling,losing_streak_fitness,2_days,rep_3
test,1,0,53560,53560,86986,39,8,602,8.75,4,10,3,-116.6249876960424,17,-198.0,138.0,336.0,0.4107142857142857,336.0,0.1764705882352941,-11.647058823529411,24.0,14,rolling,losing_streak_fitness,2_days,rep_3
train,1,0,53560,53560,86986,40,8,563,8.25,4,10,3,894.1767163150693,13,248.0,368.0,120.0,3.066666666666667,24.0,0.6153846153846154,19.07692307692308,24.0,1,rolling,losing_streak_fitness,2_days,rep_3
test,1,0,53560,53560,86986,40,8,563,8.25,4,10,3,-116.6249876960424,17,-198.0,138.0,336.0,0.4107142857142857,336.0,0.1764705882352941,-11.647058823529411,24.0,14,rolling,losing_streak_fitness,2_days,rep_3
train,1,0,53560,53560,86986,41,8,563,8.75,4,10,3,894.1767163150693,13,248.0,368.0,120.0,3.066666666666667,24.0,0.6153846153846154,19.07692307692308,24.0,1,rolling,losing_streak_fitness,2_days,rep_3
test,1,0,53560,53560,86986,41,8,563,8.75,4,10,3,-116.6249876960424,17,-198.0,138.0,336.0,0.4107142857142857,336.0,0.1764705882352941,-11.647058823529411,24.0,14,rolling,losing_streak_fitness,2_days,rep_3
train,1,0,53560,53560,86986,42,8,608,8.0,4,10,3,894.1767163150693,13,248.0,368.0,120.0,3.066666666666667,24.0,0.6153846153846154,19.07692307692308,24.0,1,rolling,losing_streak_fitness,2_days,rep_3
test,1,0,53560,53560,86986,42,8,608,8.0,4,10,3,-125.58216433873082,18,-222.0,138.0,360.0,0.3833333333333333,360.0,0.1666666666666666,-12.333333333333334,24.0,15,rolling,losing_streak_fitness,2_days,rep_3
train,1,0,53560,53560,86986,43,8,591,8.0,4,10,3,894.1767163150693,13,248.0,368.0,120.0,3.066666666666667,24.0,0.6153846153846154,19.07692307692308,24.0,1,rolling,losing_streak_fitness,2_days,rep_3
test,1,0,53560,53560,86986,43,8,591,8.0,4,10,3,-116.6249876960424,17,-198.0,138.0,336.0,0.4107142857142857,336.0,0.1764705882352941,-11.647058823529411,24.0,14,rolling,losing_streak_fitness,2_days,rep_3
train,1,0,53560,53560,86986,44,8,563,8.25,4,10,3,894.1767163150693,13,248.0,368.0,120.0,3.066666666666667,24.0,0.6153846153846154,19.07692307692308,24.0,1,rolling,losing_streak_fitness,2_days,rep_3
test,1,0,53560,53560,86986,44,8,563,8.25,4,10,3,-116.6249876960424,17,-198.0,138.0,336.0,0.4107142857142857,336.0,0.1764705882352941,-11.647058823529411,24.0,14,rolling,losing_streak_fitness,2_days,rep_3
train,1,0,53560,53560,86986,45,8,563,8.25,4,10,3,894.1767163150693,13,248.0,368.0,120.0,3.066666666666667,24.0,0.6153846153846154,19.07692307692308,24.0,1,rolling,losing_streak_fitness,2_days,rep_3
test,1,0,53560,53560,86986,45,8,563,8.25,4,10,3,-116.6249876960424,17,-198.0,138.0,336.0,0.4107142857142857,336.0,0.1764705882352941,-11.647058823529411,24.0,14,rolling,losing_streak_fitness,2_days,rep_3
train,1,0,53560,53560,86986,46,8,589,8.0,4,10,3,894.1767163150693,13,248.0,368.0,120.0,3.066666666666667,24.0,0.6153846153846154,19.07692307692308,24.0,1,rolling,losing_streak_fitness,2_days,rep_3
test,1,0,53560,53560,86986,46,8,589,8.0,4,10,3,-116.6249876960424,17,-198.0,138.0,336.0,0.4107142857142857,336.0,0.1764705882352941,-11.647058823529411,24.0,14,rolling,losing_streak_fitness,2_days,rep_3
train,1,0,53560,53560,86986,47,8,630,8.0,4,10,3,894.1767163150693,13,248.0,368.0,120.0,3.066666666666667,24.0,0.6153846153846154,19.07692307692308,24.0,1,rolling,losing_streak_fitness,2_days,rep_3
test,1,0,53560,53560,86986,47,8,630,8.0,4,10,3,-125.58216433873082,18,-222.0,138.0,360.0,0.3833333333333333,360.0,0.1666666666666666,-12.333333333333334,24.0,15,rolling,losing_streak_fitness,2_days,rep_3
train,1,0,53560,53560,86986,48,8,589,8.25,4,10,3,894.1767163150693,13,248.0,368.0,120.0,3.066666666666667,24.0,0.6153846153846154,19.07692307692308,24.0,1,rolling,losing_streak_fitness,2_days,rep_3
test,1,0,53560,53560,86986,48,8,589,8.25,4,10,3,-116.6249876960424,17,-198.0,138.0,336.0,0.4107142857142857,336.0,0.1764705882352941,-11.647058823529411,24.0,14,rolling,losing_streak_fitness,2_days,rep_3
train,1,0,53560,53560,86986,49,8,602,8.25,4,10,3,894.1767163150693,13,248.0,368.0,120.0,3.066666666666667,24.0,0.6153846153846154,19.07692307692308,24.0,1,rolling,losing_streak_fitness,2_days,rep_3
test,1,0,53560,53560,86986,49,8,602,8.25,4,10,3,-116.6249876960424,17,-198.0,138.0,336.0,0.4107142857142857,336.0,0.1764705882352941,-11.647058823529411,24.0,14,rolling,losing_streak_fitness,2_days,rep_3
train,1,0,53560,53560,86986,50,8,594,8.25,4,10,3,894.1767163150693,13,248.0,368.0,120.0,3.066666666666667,24.0,0.6153846153846154,19.07692307692308,24.0,1,rolling,losing_streak_fitness,2_days,rep_3
test,1,0,53560,53560,86986,50,8,594,8.25,4,10,3,-116.6249876960424,17,-198.0,138.0,336.0,0.4107142857142857,336.0,0.1764705882352941,-11.647058823529411,24.0,14,rolling,losing_streak_fitness,2_days,rep_3
train,1,0,53560,53560,86986,51,8,630,8.25,4,10,3,894.1767163150693,13,248.0,368.0,120.0,3.066666666666667,24.0,0.6153846153846154,19.07692307692308,24.0,1,rolling,losing_streak_fitness,2_days,rep_3
test,1,0,53560,53560,86986,51,8,630,8.25,4,10,3,-125.58216433873082,18,-222.0,138.0,360.0,0.3833333333333333,360.0,0.1666666666666666,-12.333333333333334,24.0,15,rolling,losing_streak_fitness,2_days,rep_3
train,1,0,53560,53560,86986,52,8,602,8.5,4,10,3,894.1767163150693,13,248.0,368.0,120.0,3.066666666666667,24.0,0.6153846153846154,19.07692307692308,24.0,1,rolling,losing_streak_fitness,2_days,rep_3
test,1,0,53560,53560,86986,52,8,602,8.5,4,10,3,-116.6249876960424,17,-198.0,138.0,336.0,0.4107142857142857,336.0,0.1764705882352941,-11.647058823529411,24.0,14,rolling,losing_streak_fitness,2_days,rep_3
train,1,0,53560,53560,86986,53,8,589,8.5,4,10,3,894.1767163150693,13,248.0,368.0,120.0,3.066666666666667,24.0,0.6153846153846154,19.07692307692308,24.0,1,rolling,losing_streak_fitness,2_days,rep_3
test,1,0,53560,53560,86986,53,8,589,8.5,4,10,3,-116.6249876960424,17,-198.0,138.0,336.0,0.4107142857142857,336.0,0.1764705882352941,-11.647058823529411,24.0,14,rolling,losing_streak_fitness,2_days,rep_3
train,1,0,53560,53560,86986,54,8,563,8.75,4,10,3,894.1767163150693,13,248.0,368.0,120.0,3.066666666666667,24.0,0.6153846153846154,19.07692307692308,24.0,1,rolling,losing_streak_fitness,2_days,rep_3
test,1,0,53560,53560,86986,54,8,563,8.75,4,10,3,-116.6249876960424,17,-198.0,138.0,336.0,0.4107142857142857,336.0,0.1764705882352941,-11.647058823529411,24.0,14,rolling,losing_streak_fitness,2_days,rep_3
train,1,0,53560,53560,86986,55,8,563,8.75,4,10,3,894.1767163150693,13,248.0,368.0,120.0,3.066666666666667,24.0,0.6153846153846154,19.07692307692308,24.0,1,rolling,losing_streak_fitness,2_days,rep_3
test,1,0,53560,53560,86986,55,8,563,8.75,4,10,3,-116.6249876960424,17,-198.0,138.0,336.0,0.4107142857142857,336.0,0.1764705882352941,-11.647058823529411,24.0,14,rolling,losing_streak_fitness,2_days,rep_3
train,1,0,53560,53560,86986,56,8,630,8.0,4,10,3,894.1767163150693,13,248.0,368.0,120.0,3.066666666666667,24.0,0.6153846153846154,19.07692307692308,24.0,1,rolling,losing_streak_fitness,2_days,rep_3
test,1,0,53560,53560,86986,56,8,630,8.0,4,10,3,-125.58216433873082,18,-222.0,138.0,360.0,0.3833333333333333,360.0,0.1666666666666666,-12.333333333333334,24.0,15,rolling,losing_streak_fitness,2_days,rep_3
train,1,0,53560,53560,86986,57,8,606,8.0,4,10,3,894.1767163150693,13,248.0,368.0,120.0,3.066666666666667,24.0,0.6153846153846154,19.07692307692308,24.0,1,rolling,losing_streak_fitness,2_days,rep_3
test,1,0,53560,53560,86986,57,8,606,8.0,4,10,3,-125.58216433873082,18,-222.0,138.0,360.0,0.3833333333333333,360.0,0.1666666666666666,-12.333333333333334,24.0,15,rolling,losing_streak_fitness,2_days,rep_3
train,1,0,53560,53560,86986,58,8,568,8.75,4,10,3,894.1767163150693,13,248.0,368.0,120.0,3.066666666666667,24.0,0.6153846153846154,19.07692307692308,24.0,1,rolling,losing_streak_fitness,2_days,rep_3
test,1,0,53560,53560,86986,58,8,568,8.75,4,10,3,-116.6249876960424,17,-198.0,138.0,336.0,0.4107142857142857,336.0,0.1764705882352941,-11.647058823529411,24.0,14,rolling,losing_streak_fitness,2_days,rep_3
train,1,0,53560,53560,86986,59,8,563,8.75,4,10,3,894.1767163150693,13,248.0,368.0,120.0,3.066666666666667,24.0,0.6153846153846154,19.07692307692308,24.0,1,rolling,losing_streak_fitness,2_days,rep_3
test,1,0,53560,53560,86986,59,8,563,8.75,4,10,3,-116.6249876960424,17,-198.0,138.0,336.0,0.4107142857142857,336.0,0.1764705882352941,-11.647058823529411,24.0,14,rolling,losing_streak_fitness,2_days,rep_3
train,1,0,53560,53560,86986,60,8,602,8.25,4,10,3,894.1767163150693,13,248.0,368.0,120.0,3.066666666666667,24.0,0.6153846153846154,19.07692307692308,24.0,1,rolling,losing_streak_fitness,2_days,rep_3
test,1,0,53560,53560,86986,60,8,602,8.25,4,10,3,-116.6249876960424,17,-198.0,138.0,336.0,0.4107142857142857,336.0,0.1764705882352941,-11.647058823529411,24.0,14,rolling,losing_streak_fitness,2_days,rep_3
train,1,0,53560,53560,86986,61,8,602,8.75,4,10,3,894.1767163150693,13,248.0,368.0,120.0,3.066666666666667,24.0,0.6153846153846154,19.07692307692308,24.0,1,rolling,losing_streak_fitness,2_days,rep_3
test,1,0,53560,53560,86986,61,8,602,8.75,4,10,3,-116.6249876960424,17,-198.0,138.0,336.0,0.4107142857142857,336.0,0.1764705882352941,-11.647058823529411,24.0,14,rolling,losing_streak_fitness,2_days,rep_3
train,1,0,53560,53560,86986,62,8,579,8.0,4,10,3,894.1767163150693,13,248.0,368.0,120.0,3.066666666666667,24.0,0.6153846153846154,19.07692307692308,24.0,1,rolling,losing_streak_fitness,2_days,rep_3
test,1,0,53560,53560,86986,62,8,579,8.0,4,10,3,-116.6249876960424,17,-198.0,138.0,336.0,0.4107142857142857,336.0,0.1764705882352941,-11.647058823529411,24.0,14,rolling,losing_streak_fitness,2_days,rep_3
train,1,0,53560,53560,86986,63,8,602,8.0,4,10,3,894.1767163150693,13,248.0,368.0,120.0,3.066666666666667,24.0,0.6153846153846154,19.07692307692308,24.0,1,rolling,losing_streak_fitness,2_days,rep_3
test,1,0,53560,53560,86986,63,8,602,8.0,4,10,3,-116.6249876960424,17,-198.0,138.0,336.0,0.4107142857142857,336.0,0.1764705882352941,-11.647058823529411,24.0,14,rolling,losing_streak_fitness,2_days,rep_3
train,1,0,53560,53560,86986,64,8,563,8.0,4,10,3,894.1767163150693,13,248.0,368.0,120.0,3.066666666666667,24.0,0.6153846153846154,19.07692307692308,24.0,1,rolling,losing_streak_fitness,2_days,rep_3
test,1,0,53560,53560,86986,64,8,563,8.0,4,10,3,-116.6249876960424,17,-198.0,138.0,336.0,0.4107142857142857,336.0,0.1764705882352941,-11.647058823529411,24.0,14,rolling,losing_streak_fitness,2_days,rep_3
train,1,0,53560,53560,86986,65,8,602,8.25,4,10,3,894.1767163150693,13,248.0,368.0,120.0,3.066666666666667,24.0,0.6153846153846154,19.07692307692308,24.0,1,rolling,losing_streak_fitness,2_days,rep_3
test,1,0,53560,53560,86986,65,8,602,8.25,4,10,3,-116.6249876960424,17,-198.0,138.0,336.0,0.4107142857142857,336.0,0.1764705882352941,-11.647058823529411,24.0,14,rolling,losing_streak_fitness,2_days,rep_3
train,1,0,53560,53560,86986,66,8,563,8.25,4,10,3,894.1767163150693,13,248.0,368.0,120.0,3.066666666666667,24.0,0.6153846153846154,19.07692307692308,24.0,1,rolling,losing_streak_fitness,2_days,rep_3
test,1,0,53560,53560,86986,66,8,563,8.25,4,10,3,-116.6249876960424,17,-198.0,138.0,336.0,0.4107142857142857,336.0,0.1764705882352941,-11.647058823529411,24.0,14,rolling,losing_streak_fitness,2_days,rep_3
train,1,0,53560,53560,86986,67,8,568,8.75,4,10,3,894.1767163150693,13,248.0,368.0,120.0,3.066666666666667,24.0,0.6153846153846154,19.07692307692308,24.0,1,rolling,losing_streak_fitness,2_days,rep_3
test,1,0,53560,53560,86986,67,8,568,8.75,4,10,3,-116.6249876960424,17,-198.0,138.0,336.0,0.4107142857142857,336.0,0.1764705882352941,-11.647058823529411,24.0,14,rolling,losing_streak_fitness,2_days,rep_3
train,1,0,53560,53560,86986,68,8,602,8.75,4,10,3,894.1767163150693,13,248.0,368.0,120.0,3.066666666666667,24.0,0.6153846153846154,19.07692307692308,24.0,1,rolling,losing_streak_fitness,2_days,rep_3
test,1,0,53560,53560,86986,68,8,602,8.75,4,10,3,-116.6249876960424,17,-198.0,138.0,336.0,0.4107142857142857,336.0,0.1764705882352941,-11.647058823529411,24.0,14,rolling,losing_streak_fitness,2_days,rep_3
train,1,0,53560,53560,86986,69,8,583,8.0,4,10,3,894.1767163150693,13,248.0,368.0,120.0,3.066666666666667,24.0,0.6153846153846154,19.07692307692308,24.0,1,rolling,losing_streak_fitness,2_days,rep_3
test,1,0,53560,53560,86986,69,8,583,8.0,4,10,3,-116.6249876960424,17,-198.0,138.0,336.0,0.4107142857142857,336.0,0.1764705882352941,-11.647058823529411,24.0,14,rolling,losing_streak_fitness,2_days,rep_3
train,1,0,53560,53560,86986,70,8,568,8.75,4,10,3,894.1767163150693,13,248.0,368.0,120.0,3.066666666666667,24.0,0.6153846153846154,19.07692307692308,24.0,1,rolling,losing_streak_fitness,2_days,rep_3
test,1,0,53560,53560,86986,70,8,568,8.75,4,10,3,-116.6249876960424,17,-198.0,138.0,336.0,0.4107142857142857,336.0,0.1764705882352941,-11.647058823529411,24.0,14,rolling,losing_streak_fitness,2_days,rep_3
train,1,0,53560,53560,86986,71,8,630,8.75,4,10,3,894.1767163150693,13,248.0,368.0,120.0,3.066666666666667,24.0,0.6153846153846154,19.07692307692308,24.0,1,rolling,losing_streak_fitness,2_days,rep_3
test,1,0,53560,53560,86986,71,8,630,8.75,4,10,3,-125.58216433873082,18,-222.0,138.0,360.0,0.3833333333333333,360.0,0.1666666666666666,-12.333333333333334,24.0,15,rolling,losing_streak_fitness,2_days,rep_3
train,1,0,53560,53560,86986,72,8,579,8.5,4,10,3,894.1767163150693,13,248.0,368.0,120.0,3.066666666666667,24.0,0.6153846153846154,19.07692307692308,24.0,1,rolling,losing_streak_fitness,2_days,rep_3
test,1,0,53560,53560,86986,72,8,579,8.5,4,10,3,-116.6249876960424,17,-198.0,138.0,336.0,0.4107142857142857,336.0,0.1764705882352941,-11.647058823529411,24.0,14,rolling,losing_streak_fitness,2_days,rep_3
train,1,0,53560,53560,86986,73,8,579,8.25,4,10,3,894.1767163150693,13,248.0,368.0,120.0,3.066666666666667,24.0,0.6153846153846154,19.07692307692308,24.0,1,rolling,losing_streak_fitness,2_days,rep_3
test,1,0,53560,53560,86986,73,8,579,8.25,4,10,3,-116.6249876960424,17,-198.0,138.0,336.0,0.4107142857142857,336.0,0.1764705882352941,-11.647058823529411,24.0,14,rolling,losing_streak_fitness,2_days,rep_3
train,1,0,53560,53560,86986,74,8,602,8.25,4,10,3,894.1767163150693,13,248.0,368.0,120.0,3.066666666666667,24.0,0.6153846153846154,19.07692307692308,24.0,1,rolling,losing_streak_fitness,2_days,rep_3
test,1,0,53560,53560,86986,74,8,602,8.25,4,10,3,-116.6249876960424,17,-198.0,138.0,336.0,0.4107142857142857,336.0,0.1764705882352941,-11.647058823529411,24.0,14,rolling,losing_streak_fitness,2_days,rep_3
train,1,0,53560,53560,86986,75,8,568,8.0,4,10,3,894.1767163150693,13,248.0,368.0,120.0,3.066666666666667,24.0,0.6153846153846154,19.07692307692308,24.0,1,rolling,losing_streak_fitness,2_days,rep_3
test,1,0,53560,53560,86986,75,8,568,8.0,4,10,3,-116.6249876960424,17,-198.0,138.0,336.0,0.4107142857142857,336.0,0.1764705882352941,-11.647058823529411,24.0,14,rolling,losing_streak_fitness,2_days,rep_3
train,1,0,53560,53560,86986,76,8,583,8.25,4,10,3,894.1767163150693,13,248.0,368.0,120.0,3.066666666666667,24.0,0.6153846153846154,19.07692307692308,24.0,1,rolling,losing_streak_fitness,2_days,rep_3
test,1,0,53560,53560,86986,76,8,583,8.25,4,10,3,-116.6249876960424,17,-198.0,138.0,336.0,0.4107142857142857,336.0,0.1764705882352941,-11.647058823529411,24.0,14,rolling,losing_streak_fitness,2_days,rep_3
train,1,0,53560,53560,86986,77,8,563,8.5,4,10,3,894.1767163150693,13,248.0,368.0,120.0,3.066666666666667,24.0,0.6153846153846154,19.07692307692308,24.0,1,rolling,losing_streak_fitness,2_days,rep_3
test,1,0,53560,53560,86986,77,8,563,8.5,4,10,3,-116.6249876960424,17,-198.0,138.0,336.0,0.4107142857142857,336.0,0.1764705882352941,-11.647058823529411,24.0,14,rolling,losing_streak_fitness,2_days,rep_3
train,1,0,53560,53560,86986,78,8,602,8.25,4,10,3,894.1767163150693,13,248.0,368.0,120.0,3.066666666666667,24.0,0.6153846153846154,19.07692307692308,24.0,1,rolling,losing_streak_fitness,2_days,rep_3
test,1,0,53560,53560,86986,78,8,602,8.25,4,10,3,-116.6249876960424,17,-198.0,138.0,336.0,0.4107142857142857,336.0,0.1764705882352941,-11.647058823529411,24.0,14,rolling,losing_streak_fitness,2_days,rep_3
train,1,0,53560,53560,86986,79,8,569,8.0,4,10,3,894.1767163150693,13,248.0,368.0,120.0,3.066666666666667,24.0,0.6153846153846154,19.07692307692308,24.0,1,rolling,losing_streak_fitness,2_days,rep_3
test,1,0,53560,53560,86986,79,8,569,8.0,4,10,3,-116.6249876960424,17,-198.0,138.0,336.0,0.4107142857142857,336.0,0.1764705882352941,-11.647058823529411,24.0,14,rolling,losing_streak_fitness,2_days,rep_3
train,1,0,53560,53560,86986,80,8,581,8.25,4,10,3,894.1767163150693,13,248.0,368.0,120.0,3.066666666666667,24.0,0.6153846153846154,19.07692307692308,24.0,1,rolling,losing_streak_fitness,2_days,rep_3
test,1,0,53560,53560,86986,80,8,581,8.25,4,10,3,-116.6249876960424,17,-198.0,138.0,336.0,0.4107142857142857,336.0,0.1764705882352941,-11.647058823529411,24.0,14,rolling,losing_streak_fitness,2_days,rep_3
train,1,0,53560,53560,86986,81,8,581,8.25,4,10,3,894.1767163150693,13,248.0,368.0,120.0,3.066666666666667,24.0,0.6153846153846154,19.07692307692308,24.0,1,rolling,losing_streak_fitness,2_days,rep_3
test,1,0,53560,53560,86986,81,8,581,8.25,4,10,3,-116.6249876960424,17,-198.0,138.0,336.0,0.4107142857142857,336.0,0.1764705882352941,-11.647058823529411,24.0,14,rolling,losing_streak_fitness,2_days,rep_3
train,1,0,53560,53560,86986,82,8,630,8.0,4,10,3,894.1767163150693,13,248.0,368.0,120.0,3.066666666666667,24.0,0.6153846153846154,19.07692307692308,24.0,1,rolling,losing_streak_fitness,2_days,rep_3
test,1,0,53560,53560,86986,82,8,630,8.0,4,10,3,-125.58216433873082,18,-222.0,138.0,360.0,0.3833333333333333,360.0,0.1666666666666666,-12.333333333333334,24.0,15,rolling,losing_streak_fitness,2_days,rep_3
train,1,0,53560,53560,86986,83,8,630,8.5,4,10,3,894.1767163150693,13,248.0,368.0,120.0,3.066666666666667,24.0,0.6153846153846154,19.07692307692308,24.0,1,rolling,losing_streak_fitness,2_days,rep_3
test,1,0,53560,53560,86986,83,8,630,8.5,4,10,3,-125.58216433873082,18,-222.0,138.0,360.0,0.3833333333333333,360.0,0.1666666666666666,-12.333333333333334,24.0,15,rolling,losing_streak_fitness,2_days,rep_3
train,1,0,53560,53560,86986,84,8,563,8.5,4,10,3,894.1767163150693,13,248.0,368.0,120.0,3.066666666666667,24.0,0.6153846153846154,19.07692307692308,24.0,1,rolling,losing_streak_fitness,2_days,rep_3
test,1,0,53560,53560,86986,84,8,563,8.5,4,10,3,-116.6249876960424,17,-198.0,138.0,336.0,0.4107142857142857,336.0,0.1764705882352941,-11.647058823529411,24.0,14,rolling,losing_streak_fitness,2_days,rep_3
train,1,0,53560,53560,86986,85,8,630,8.5,4,10,3,894.1767163150693,13,248.0,368.0,120.0,3.066666666666667,24.0,0.6153846153846154,19.07692307692308,24.0,1,rolling,losing_streak_fitness,2_days,rep_3
test,1,0,53560,53560,86986,85,8,630,8.5,4,10,3,-125.58216433873082,18,-222.0,138.0,360.0,0.3833333333333333,360.0,0.1666666666666666,-12.333333333333334,24.0,15,rolling,losing_streak_fitness,2_days,rep_3
train,1,0,53560,53560,86986,86,8,583,8.25,4,10,3,894.1767163150693,13,248.0,368.0,120.0,3.066666666666667,24.0,0.6153846153846154,19.07692307692308,24.0,1,rolling,losing_streak_fitness,2_days,rep_3
test,1,0,53560,53560,86986,86,8,583,8.25,4,10,3,-116.6249876960424,17,-198.0,138.0,336.0,0.4107142857142857,336.0,0.1764705882352941,-11.647058823529411,24.0,14,rolling,losing_streak_fitness,2_days,rep_3
train,1,0,53560,53560,86986,87,8,583,8.5,4,10,3,894.1767163150693,13,248.0,368.0,120.0,3.066666666666667,24.0,0.6153846153846154,19.07692307692308,24.0,1,rolling,losing_streak_fitness,2_days,rep_3
test,1,0,53560,53560,86986,87,8,583,8.5,4,10,3,-116.6249876960424,17,-198.0,138.0,336.0,0.4107142857142857,336.0,0.1764705882352941,-11.647058823529411,24.0,14,rolling,losing_streak_fitness,2_days,rep_3
train,1,0,53560,53560,86986,88,8,602,8.25,4,10,3,894.1767163150693,13,248.0,368.0,120.0,3.066666666666667,24.0,0.6153846153846154,19.07692307692308,24.0,1,rolling,losing_streak_fitness,2_days,rep_3
test,1,0,53560,53560,86986,88,8,602,8.25,4,10,3,-116.6249876960424,17,-198.0,138.0,336.0,0.4107142857142857,336.0,0.1764705882352941,-11.647058823529411,24.0,14,rolling,losing_streak_fitness,2_days,rep_3
train,1,0,53560,53560,86986,89,8,581,8.0,4,10,3,894.1767163150693,13,248.0,368.0,120.0,3.066666666666667,24.0,0.6153846153846154,19.07692307692308,24.0,1,rolling,losing_streak_fitness,2_days,rep_3
test,1,0,53560,53560,86986,89,8,581,8.0,4,10,3,-116.6249876960424,17,-198.0,138.0,336.0,0.4107142857142857,336.0,0.1764705882352941,-11.647058823529411,24.0,14,rolling,losing_streak_fitness,2_days,rep_3
train,1,0,53560,53560,86986,90,8,602,8.25,4,10,3,894.1767163150693,13,248.0,368.0,120.0,3.066666666666667,24.0,0.6153846153846154,19.07692307692308,24.0,1,rolling,losing_streak_fitness,2_days,rep_3
test,1,0,53560,53560,86986,90,8,602,8.25,4,10,3,-116.6249876960424,17,-198.0,138.0,336.0,0.4107142857142857,336.0,0.1764705882352941,-11.647058823529411,24.0,14,rolling,losing_streak_fitness,2_days,rep_3
train,1,0,53560,53560,86986,91,8,638,8.0,4,10,3,894.1767163150693,13,248.0,368.0,120.0,3.066666666666667,24.0,0.6153846153846154,19.07692307692308,24.0,1,rolling,losing_streak_fitness,2_days,rep_3
test,1,0,53560,53560,86986,91,8,638,8.0,4,10,3,-125.58216433873082,18,-222.0,138.0,360.0,0.3833333333333333,360.0,0.1666666666666666,-12.333333333333334,24.0,15,rolling,losing_streak_fitness,2_days,rep_3
train,1,0,53560,53560,86986,92,8,579,8.25,4,10,3,894.1767163150693,13,248.0,368.0,120.0,3.066666666666667,24.0,0.6153846153846154,19.07692307692308,24.0,1,rolling,losing_streak_fitness,2_days,rep_3
test,1,0,53560,53560,86986,92,8,579,8.25,4,10,3,-116.6249876960424,17,-198.0,138.0,336.0,0.4107142857142857,336.0,0.1764705882352941,-11.647058823529411,24.0,14,rolling,losing_streak_fitness,2_days,rep_3
train,1,0,53560,53560,86986,93,8,583,8.25,4,10,3,894.1767163150693,13,248.0,368.0,120.0,3.066666666666667,24.0,0.6153846153846154,19.07692307692308,24.0,1,rolling,losing_streak_fitness,2_days,rep_3
test,1,0,53560,53560,86986,93,8,583,8.25,4,10,3,-116.6249876960424,17,-198.0,138.0,336.0,0.4107142857142857,336.0,0.1764705882352941,-11.647058823529411,24.0,14,rolling,losing_streak_fitness,2_days,rep_3
train,1,0,53560,53560,86986,94,8,567,8.25,4,10,3,894.1767163150693,13,248.0,368.0,120.0,3.066666666666667,24.0,0.6153846153846154,19.07692307692308,24.0,1,rolling,losing_streak_fitness,2_days,rep_3
test,1,0,53560,53560,86986,94,8,567,8.25,4,10,3,-116.6249876960424,17,-198.0,138.0,336.0,0.4107142857142857,336.0,0.1764705882352941,-11.647058823529411,24.0,14,rolling,losing_streak_fitness,2_days,rep_3
train,1,0,53560,53560,86986,95,8,638,8.25,4,10,3,894.1767163150693,13,248.0,368.0,120.0,3.066666666666667,24.0,0.6153846153846154,19.07692307692308,24.0,1,rolling,losing_streak_fitness,2_days,rep_3
test,1,0,53560,53560,86986,95,8,638,8.25,4,10,3,-125.58216433873082,18,-222.0,138.0,360.0,0.3833333333333333,360.0,0.1666666666666666,-12.333333333333334,24.0,15,rolling,losing_streak_fitness,2_days,rep_3
train,1,0,53560,53560,86986,96,8,641,8.25,4,10,3,894.1767163150693,13,248.0,368.0,120.0,3.066666666666667,24.0,0.6153846153846154,19.07692307692308,24.0,1,rolling,losing_streak_fitness,2_days,rep_3
test,1,0,53560,53560,86986,96,8,641,8.25,4,10,3,-125.58216433873082,18,-222.0,138.0,360.0,0.3833333333333333,360.0,0.1666666666666666,-12.333333333333334,24.0,15,rolling,losing_streak_fitness,2_days,rep_3
train,1,0,53560,53560,86986,97,8,641,8.0,4,10,3,894.1767163150693,13,248.0,368.0,120.0,3.066666666666667,24.0,0.6153846153846154,19.07692307692308,24.0,1,rolling,losing_streak_fitness,2_days,rep_3
test,1,0,53560,53560,86986,97,8,641,8.0,4,10,3,-125.58216433873082,18,-222.0,138.0,360.0,0.3833333333333333,360.0,0.1666666666666666,-12.333333333333334,24.0,15,rolling,losing_streak_fitness,2_days,rep_3
train,1,0,53560,53560,86986,98,8,581,8.25,4,10,3,894.1767163150693,13,248.0,368.0,120.0,3.066666666666667,24.0,0.6153846153846154,19.07692307692308,24.0,1,rolling,losing_streak_fitness,2_days,rep_3
test,1,0,53560,53560,86986,98,8,581,8.25,4,10,3,-116.6249876960424,17,-198.0,138.0,336.0,0.4107142857142857,336.0,0.1764705882352941,-11.647058823529411,24.0,14,rolling,losing_streak_fitness,2_days,rep_3
train,1,0,53560,53560,86986,99,8,641,8.0,4,10,3,894.1767163150693,13,248.0,368.0,120.0,3.066666666666667,24.0,0.6153846153846154,19.07692307692308,24.0,1,rolling,losing_streak_fitness,2_days,rep_3
test,1,0,53560,53560,86986,99,8,641,8.0,4,10,3,-125.58216433873082,18,-222.0,138.0,360.0,0.3833333333333333,360.0,0.1666666666666666,-12.333333333333334,24.0,15,rolling,losing_streak_fitness,2_days,rep_3
train,1,0,53560,53560,86986,100,8,648,8.25,4,10,3,894.1767163150693,13,248.0,368.0,120.0,3.066666666666667,24.0,0.6153846153846154,19.07692307692308,24.0,1,rolling,losing_streak_fitness,2_days,rep_3
test,1,0,53560,53560,86986,100,8,648,8.25,4,10,3,-125.58216433873082,18,-222.0,138.0,360.0,0.3833333333333333,360.0,0.1666666666666666,-12.333333333333334,24.0,15,rolling,losing_streak_fitness,2_days,rep_3
train,2,22406,86986,86986,125287,0,13,2888,7.25,8,25,5,313.0495168499706,5,140.0,242.0,102.0,2.372549019607843,34.0,0.4,28.0,34.0,1,rolling,losing_streak_fitness,2_days,rep_3
test,2,22406,86986,86986,125287,0,13,2888,7.25,8,25,5,76.1976377586602,7,72.0,242.0,170.0,1.423529411764706,170.0,0.2857142857142857,10.285714285714286,34.0,5,rolling,losing_streak_fitness,2_days,rep_3
train,2,22406,86986,86986,125287,1,13,1585,9.75,5,15,6,301.8691769624716,5,135.0,213.0,78.0,2.730769230769231,39.0,0.6,27.0,39.0,1,rolling,losing_streak_fitness,2_days,rep_3
test,2,22406,86986,86986,125287,1,13,1585,9.75,5,15,6,362.0386719675124,8,128.0,284.0,156.0,1.8205128205128205,78.0,0.5,16.0,39.0,2,rolling,losing_streak_fitness,2_days,rep_3
train,2,22406,86986,86986,125287,2,13,1585,7.75,3,27,2,458.3939353874569,5,205.0,262.0,57.0,4.596491228070176,19.0,0.4,41.0,19.0,1,rolling,losing_streak_fitness,2_days,rep_3
test,2,22406,86986,86986,125287,2,13,1585,7.75,3,27,2,55.42562584220407,12,72.0,262.0,190.0,1.3789473684210527,171.0,0.1666666666666666,6.0,19.0,9,rolling,losing_streak_fitness,2_days,rep_3
train,2,22406,86986,86986,125287,3,13,1585,7.75,6,27,2,458.3939353874569,5,205.0,262.0,57.0,4.596491228070176,19.0,0.4,41.0,19.0,1,rolling,losing_streak_fitness,2_days,rep_3
test,2,22406,86986,86986,125287,3,13,1585,7.75,6,27,2,-1.6162440712835373,8,-2.0,131.0,133.0,0.9849624060150376,133.0,0.125,-0.25,19.0,7,rolling,losing_streak_fitness,2_days,rep_3
train,2,22406,86986,86986,125287,4,13,1585,4.5,9,18,3,455.6050921576711,6,186.0,258.0,72.0,3.583333333333333,24.0,0.5,31.0,24.0,1,rolling,losing_streak_fitness,2_days,rep_3
test,2,22406,86986,86986,125287,4,13,1585,4.5,9,18,3,62.54206747527326,11,66.0,258.0,192.0,1.34375,168.0,0.2727272727272727,6.0,24.0,7,rolling,losing_streak_fitness,2_days,rep_3
train,2,22406,86986,86986,125287,5,13,1585,7.75,5,27,2,458.3939353874569,5,205.0,262.0,57.0,4.596491228070176,19.0,0.4,41.0,19.0,1,rolling,losing_streak_fitness,2_days,rep_3
test,2,22406,86986,86986,125287,5,13,1585,7.75,5,27,2,99.38586931957764,10,110.0,262.0,152.0,1.7236842105263157,133.0,0.2,11.0,19.0,7,rolling,losing_streak_fitness,2_days,rep_3
train,2,22406,86986,86986,125287,6,13,695,5.5,6,23,2,659.640053362438,5,295.0,333.0,38.0,8.763157894736842,19.0,0.6,59.0,19.0,1,rolling,losing_streak_fitness,2_days,rep_3
test,2,22406,86986,86986,125287,6,13,695,5.5,6,23,2,106.8,9,89.0,222.0,133.0,1.669172932330827,95.0,0.2222222222222222,9.88888888888889,19.0,5,rolling,losing_streak_fitness,2_days,rep_3
train,2,22406,86986,86986,125287,7,13,695,5.25,7,23,3,637.2793735874401,5,285.0,333.0,48.0,6.9375,24.0,0.6,57.0,24.0,1,rolling,losing_streak_fitness,2_days,rep_3
test,2,22406,86986,86986,125287,7,13,695,5.25,7,23,3,-64.48813844421315,8,-57.0,111.0,168.0,0.6607142857142857,120.0,0.125,-7.125,24.0,5,rolling,losing_streak_fitness,2_days,rep_3
train,2,22406,86986,86986,125287,8,13,695,5.25,2,23,2,659.640053362438,5,295.0,333.0,38.0,8.763157894736842,19.0,0.6,59.0,19.0,1,rolling,losing_streak_fitness,2_days,rep_3
test,2,22406,86986,86986,125287,8,13,695,5.25,2,23,2,73.78647873726219,10,70.0,222.0,152.0,1.4605263157894737,114.0,0.2,7.0,19.0,6,rolling,losing_streak_fitness,2_days,rep_3
train,2,22406,86986,86986,125287,9,13,729,5.25,2,23,2,659.640053362438,5,295.0,333.0,38.0,8.763157894736842,19.0,0.6,59.0,19.0,1,rolling,losing_streak_fitness,2_days,rep_3
test,2,22406,86986,86986,125287,9,13,729,5.25,2,23,2,73.78647873726219,10,70.0,222.0,152.0,1.4605263157894737,114.0,0.2,7.0,19.0,6,rolling,losing_streak_fitness,2_days,rep_3
train,2,22406,86986,86986,125287,10,13,695,6.5,3,23,2,659.640053362438,5,295.0,333.0,38.0,8.763157894736842,19.0,0.6,59.0,19.0,1,rolling,losing_streak_fitness,2_days,rep_3
test,2,22406,86986,86986,125287,10,13,695,6.5,3,23,2,73.78647873726219,10,70.0,222.0,152.0,1.4605263157894737,114.0,0.2,7.0,19.0,6,rolling,losing_streak_fitness,2_days,rep_3
train,2,22406,86986,86986,125287,11,13,695,5.25,2,23,2,659.640053362438,5,295.0,333.0,38.0,8.763157894736842,19.0,0.6,59.0,19.0,1,rolling,losing_streak_fitness,2_days,rep_3
test,2,22406,86986,86986,125287,11,13,695,5.25,2,23,2,73.78647873726219,10,70.0,222.0,152.0,1.4605263157894737,114.0,0.2,7.0,19.0,6,rolling,losing_streak_fitness,2_days,rep_3
train,2,22406,86986,86986,125287,12,13,695,5.25,2,23,2,659.640053362438,5,295.0,333.0,38.0,8.763157894736842,19.0,0.6,59.0,19.0,1,rolling,losing_streak_fitness,2_days,rep_3
test,2,22406,86986,86986,125287,12,13,695,5.25,2,23,2,73.78647873726219,10,70.0,222.0,152.0,1.4605263157894737,114.0,0.2,7.0,19.0,6,rolling,losing_streak_fitness,2_days,rep_3
train,2,22406,86986,86986,125287,13,13,698,3.75,6,23,2,659.640053362438,5,295.0,333.0,38.0,8.763157894736842,19.0,0.6,59.0,19.0,1,rolling,losing_streak_fitness,2_days,rep_3
test,2,22406,86986,86986,125287,13,13,698,3.75,6,23,2,73.78647873726219,10,70.0,222.0,152.0,1.4605263157894737,114.0,0.2,7.0,19.0,6,rolling,losing_streak_fitness,2_days,rep_3
train,2,22406,86986,86986,125287,14,13,722,5.25,5,23,2,659.640053362438,5,295.0,333.0,38.0,8.763157894736842,19.0,0.6,59.0,19.0,1,rolling,losing_streak_fitness,2_days,rep_3
test,2,22406,86986,86986,125287,14,13,722,5.25,5,23,2,73.78647873726219,10,70.0,222.0,152.0,1.4605263157894737,114.0,0.2,7.0,19.0,6,rolling,losing_streak_fitness,2_days,rep_3
train,2,22406,86986,86986,125287,15,13,625,6.5,2,23,2,659.640053362438,5,295.0,333.0,38.0,8.763157894736842,19.0,0.6,59.0,19.0,1,rolling,losing_streak_fitness,2_days,rep_3
test,2,22406,86986,86986,125287,15,13,625,6.5,2,23,2,73.78647873726219,10,70.0,222.0,152.0,1.4605263157894737,114.0,0.2,7.0,19.0,6,rolling,losing_streak_fitness,2_days,rep_3
train,2,22406,86986,86986,125287,16,13,695,5.25,3,23,2,659.640053362438,5,295.0,333.0,38.0,8.763157894736842,19.0,0.6,59.0,19.0,1,rolling,losing_streak_fitness,2_days,rep_3
test,2,22406,86986,86986,125287,16,13,695,5.25,3,23,2,73.78647873726219,10,70.0,222.0,152.0,1.4605263157894737,114.0,0.2,7.0,19.0,6,rolling,losing_streak_fitness,2_days,rep_3
train,2,22406,86986,86986,125287,17,13,736,6.0,2,23,2,659.640053362438,5,295.0,333.0,38.0,8.763157894736842,19.0,0.6,59.0,19.0,1,rolling,losing_streak_fitness,2_days,rep_3
test,2,22406,86986,86986,125287,17,13,736,6.0,2,23,2,73.78647873726219,10,70.0,222.0,152.0,1.4605263157894737,114.0,0.2,7.0,19.0,6,rolling,losing_streak_fitness,2_days,rep_3
train,2,22406,86986,86986,125287,18,13,701,5.5,6,23,2,659.640053362438,5,295.0,333.0,38.0,8.763157894736842,19.0,0.6,59.0,19.0,1,rolling,losing_streak_fitness,2_days,rep_3
test,2,22406,86986,86986,125287,18,13,701,5.5,6,23,2,106.8,9,89.0,222.0,133.0,1.669172932330827,95.0,0.2222222222222222,9.88888888888889,19.0,5,rolling,losing_streak_fitness,2_days,rep_3
train,2,22406,86986,86986,125287,19,13,714,4.75,3,23,2,659.640053362438,5,295.0,333.0,38.0,8.763157894736842,19.0,0.6,59.0,19.0,1,rolling,losing_streak_fitness,2_days,rep_3
test,2,22406,86986,86986,125287,19,13,714,4.75,3,23,2,73.78647873726219,10,70.0,222.0,152.0,1.4605263157894737,114.0,0.2,7.0,19.0,6,rolling,losing_streak_fitness,2_days,rep_3
train,2,22406,86986,86986,125287,20,13,764,5.0,3,23,2,659.640053362438,5,295.0,333.0,38.0,8.763157894736842,19.0,0.6,59.0,19.0,1,rolling,losing_streak_fitness,2_days,rep_3
test,2,22406,86986,86986,125287,20,13,764,5.0,3,23,2,73.78647873726219,10,70.0,222.0,152.0,1.4605263157894737,114.0,0.2,7.0,19.0,6,rolling,losing_streak_fitness,2_days,rep_3
train,2,22406,86986,86986,125287,21,13,695,3.0,3,23,2,659.640053362438,5,295.0,333.0,38.0,8.763157894736842,19.0,0.6,59.0,19.0,1,rolling,losing_streak_fitness,2_days,rep_3
test,2,22406,86986,86986,125287,21,13,695,3.0,3,23,2,56.3826214360418,11,51.0,222.0,171.0,1.2982456140350878,114.0,0.1818181818181818,4.636363636363637,19.0,6,rolling,losing_streak_fitness,2_days,rep_3
train,2,22406,86986,86986,125287,22,13,695,3.0,3,23,2,659.640053362438,5,295.0,333.0,38.0,8.763157894736842,19.0,0.6,59.0,19.0,1,rolling,losing_streak_fitness,2_days,rep_3
test,2,22406,86986,86986,125287,22,13,695,3.0,3,23,2,56.3826214360418,11,51.0,222.0,171.0,1.2982456140350878,114.0,0.1818181818181818,4.636363636363637,19.0,6,rolling,losing_streak_fitness,2_days,rep_3
train,2,22406,86986,86986,125287,23,13,695,5.0,2,23,2,659.640053362438,5,295.0,333.0,38.0,8.763157894736842,19.0,0.6,59.0,19.0,1,rolling,losing_streak_fitness,2_days,rep_3
test,2,22406,86986,86986,125287,23,13,695,5.0,2,23,2,73.78647873726219,10,70.0,222.0,152.0,1.4605263157894737,114.0,0.2,7.0,19.0,6,rolling,losing_streak_fitness,2_days,rep_3
train,2,22406,86986,86986,125287,24,13,625,6.5,3,23,2,659.640053362438,5,295.0,333.0,38.0,8.763157894736842,19.0,0.6,59.0,19.0,1,rolling,losing_streak_fitness,2_days,rep_3
test,2,22406,86986,86986,125287,24,13,625,6.5,3,23,2,73.78647873726219,10,70.0,222.0,152.0,1.4605263157894737,114.0,0.2,7.0,19.0,6,rolling,losing_streak_fitness,2_days,rep_3
train,2,22406,86986,86986,125287,25,13,750,5.25,2,23,2,659.640053362438,5,295.0,333.0,38.0,8.763157894736842,19.0,0.6,59.0,19.0,1,rolling,losing_streak_fitness,2_days,rep_3
test,2,22406,86986,86986,125287,25,13,750,5.25,2,23,2,73.78647873726219,10,70.0,222.0,152.0,1.4605263157894737,114.0,0.2,7.0,19.0,6,rolling,losing_streak_fitness,2_days,rep_3
train,2,22406,86986,86986,125287,26,13,695,4.75,1,23,2,659.640053362438,5,295.0,333.0,38.0,8.763157894736842,19.0,0.6,59.0,19.0,1,rolling,losing_streak_fitness,2_days,rep_3
test,2,22406,86986,86986,125287,26,13,695,4.75,1,23,2,73.78647873726219,10,70.0,222.0,152.0,1.4605263157894737,114.0,0.2,7.0,19.0,6,rolling,losing_streak_fitness,2_days,rep_3
train,2,22406,86986,86986,125287,27,13,750,5.5,3,23,2,659.640053362438,5,295.0,333.0,38.0,8.763157894736842,19.0,0.6,59.0,19.0,1,rolling,losing_streak_fitness,2_days,rep_3
test,2,22406,86986,86986,125287,27,13,750,5.5,3,23,2,73.78647873726219,10,70.0,222.0,152.0,1.4605263157894737,114.0,0.2,7.0,19.0,6,rolling,losing_streak_fitness,2_days,rep_3
train,2,22406,86986,86986,125287,28,13,736,5.0,2,23,2,659.640053362438,5,295.0,333.0,38.0,8.763157894736842,19.0,0.6,59.0,19.0,1,rolling,losing_streak_fitness,2_days,rep_3
test,2,22406,86986,86986,125287,28,13,736,5.0,2,23,2,73.78647873726219,10,70.0,222.0,152.0,1.4605263157894737,114.0,0.2,7.0,19.0,6,rolling,losing_streak_fitness,2_days,rep_3
train,2,22406,86986,86986,125287,29,13,714,3.75,3,23,2,659.640053362438,5,295.0,333.0,38.0,8.763157894736842,19.0,0.6,59.0,19.0,1,rolling,losing_streak_fitness,2_days,rep_3
test,2,22406,86986,86986,125287,29,13,714,3.75,3,23,2,56.3826214360418,11,51.0,222.0,171.0,1.2982456140350878,114.0,0.1818181818181818,4.636363636363637,19.0,6,rolling,losing_streak_fitness,2_days,rep_3
train,2,22406,86986,86986,125287,30,13,714,3.0,1,23,2,659.640053362438,5,295.0,333.0,38.0,8.763157894736842,19.0,0.6,59.0,19.0,1,rolling,losing_streak_fitness,2_days,rep_3
test,2,22406,86986,86986,125287,30,13,714,3.0,1,23,2,56.3826214360418,11,51.0,222.0,171.0,1.2982456140350878,114.0,0.1818181818181818,4.636363636363637,19.0,6,rolling,losing_streak_fitness,2_days,rep_3
train,2,22406,86986,86986,125287,31,13,736,5.75,3,23,2,659.640053362438,5,295.0,333.0,38.0,8.763157894736842,19.0,0.6,59.0,19.0,1,rolling,losing_streak_fitness,2_days,rep_3
test,2,22406,86986,86986,125287,31,13,736,5.75,3,23,2,73.78647873726219,10,70.0,222.0,152.0,1.4605263157894737,114.0,0.2,7.0,19.0,6,rolling,losing_streak_fitness,2_days,rep_3
train,2,22406,86986,86986,125287,32,13,695,3.75,4,23,2,659.640053362438,5,295.0,333.0,38.0,8.763157894736842,19.0,0.6,59.0,19.0,1,rolling,losing_streak_fitness,2_days,rep_3
test,2,22406,86986,86986,125287,32,13,695,3.75,4,23,2,56.3826214360418,11,51.0,222.0,171.0,1.2982456140350878,114.0,0.1818181818181818,4.636363636363637,19.0,6,rolling,losing_streak_fitness,2_days,rep_3
train,2,22406,86986,86986,125287,33,13,714,5.0,3,23,2,659.640053362438,5,295.0,333.0,38.0,8.763157894736842,19.0,0.6,59.0,19.0,1,rolling,losing_streak_fitness,2_days,rep_3
test,2,22406,86986,86986,125287,33,13,714,5.0,3,23,2,73.78647873726219,10,70.0,222.0,152.0,1.4605263157894737,114.0,0.2,7.0,19.0,6,rolling,losing_streak_fitness,2_days,rep_3
train,2,22406,86986,86986,125287,34,13,695,5.25,4,23,2,659.640053362438,5,295.0,333.0,38.0,8.763157894736842,19.0,0.6,59.0,19.0,1,rolling,losing_streak_fitness,2_days,rep_3
test,2,22406,86986,86986,125287,34,13,695,5.25,4,23,2,73.78647873726219,10,70.0,222.0,152.0,1.4605263157894737,114.0,0.2,7.0,19.0,6,rolling,losing_streak_fitness,2_days,rep_3
train,2,22406,86986,86986,125287,35,13,736,5.0,3,23,2,659.640053362438,5,295.0,333.0,38.0,8.763157894736842,19.0,0.6,59.0,19.0,1,rolling,losing_streak_fitness,2_days,rep_3
test,2,22406,86986,86986,125287,35,13,736,5.0,3,23,2,73.78647873726219,10,70.0,222.0,152.0,1.4605263157894737,114.0,0.2,7.0,19.0,6,rolling,losing_streak_fitness,2_days,rep_3
train,2,22406,86986,86986,125287,36,13,625,3.25,3,23,2,659.640053362438,5,295.0,333.0,38.0,8.763157894736842,19.0,0.6,59.0,19.0,1,rolling,losing_streak_fitness,2_days,rep_3
test,2,22406,86986,86986,125287,36,13,625,3.25,3,23,2,56.3826214360418,11,51.0,222.0,171.0,1.2982456140350878,114.0,0.1818181818181818,4.636363636363637,19.0,6,rolling,losing_streak_fitness,2_days,rep_3
train,2,22406,86986,86986,125287,37,13,714,3.0,5,23,2,659.640053362438,5,295.0,333.0,38.0,8.763157894736842,19.0,0.6,59.0,19.0,1,rolling,losing_streak_fitness,2_days,rep_3
test,2,22406,86986,86986,125287,37,13,714,3.0,5,23,2,73.78647873726219,10,70.0,222.0,152.0,1.4605263157894737,114.0,0.2,7.0,19.0,6,rolling,losing_streak_fitness,2_days,rep_3
train,2,22406,86986,86986,125287,38,13,562,5.0,4,23,2,659.640053362438,5,295.0,333.0,38.0,8.763157894736842,19.0,0.6,59.0,19.0,1,rolling,losing_streak_fitness,2_days,rep_3
test,2,22406,86986,86986,125287,38,13,562,5.0,4,23,2,73.78647873726219,10,70.0,222.0,152.0,1.4605263157894737,114.0,0.2,7.0,19.0,6,rolling,losing_streak_fitness,2_days,rep_3
train,2,22406,86986,86986,125287,39,13,714,5.0,2,23,2,659.640053362438,5,295.0,333.0,38.0,8.763157894736842,19.0,0.6,59.0,19.0,1,rolling,losing_streak_fitness,2_days,rep_3
test,2,22406,86986,86986,125287,39,13,714,5.0,2,23,2,73.78647873726219,10,70.0,222.0,152.0,1.4605263157894737,114.0,0.2,7.0,19.0,6,rolling,losing_streak_fitness,2_days,rep_3
train,2,22406,86986,86986,125287,40,13,715,3.0,2,23,2,659.640053362438,5,295.0,333.0,38.0,8.763157894736842,19.0,0.6,59.0,19.0,1,rolling,losing_streak_fitness,2_days,rep_3
test,2,22406,86986,86986,125287,40,13,715,3.0,2,23,2,56.3826214360418,11,51.0,222.0,171.0,1.2982456140350878,114.0,0.1818181818181818,4.636363636363637,19.0,6,rolling,losing_streak_fitness,2_days,rep_3
train,2,22406,86986,86986,125287,41,13,715,3.0,5,23,2,659.640053362438,5,295.0,333.0,38.0,8.763157894736842,19.0,0.6,59.0,19.0,1,rolling,losing_streak_fitness,2_days,rep_3
test,2,22406,86986,86986,125287,41,13,715,3.0,5,23,2,73.78647873726219,10,70.0,222.0,152.0,1.4605263157894737,114.0,0.2,7.0,19.0,6,rolling,losing_streak_fitness,2_days,rep_3
train,2,22406,86986,86986,125287,42,13,625,5.0,6,23,2,659.640053362438,5,295.0,333.0,38.0,8.763157894736842,19.0,0.6,59.0,19.0,1,rolling,losing_streak_fitness,2_days,rep_3
test,2,22406,86986,86986,125287,42,13,625,5.0,6,23,2,106.8,9,89.0,222.0,133.0,1.669172932330827,95.0,0.2222222222222222,9.88888888888889,19.0,5,rolling,losing_streak_fitness,2_days,rep_3
train,2,22406,86986,86986,125287,43,13,714,5.0,2,23,2,659.640053362438,5,295.0,333.0,38.0,8.763157894736842,19.0,0.6,59.0,19.0,1,rolling,losing_streak_fitness,2_days,rep_3
test,2,22406,86986,86986,125287,43,13,714,5.0,2,23,2,73.78647873726219,10,70.0,222.0,152.0,1.4605263157894737,114.0,0.2,7.0,19.0,6,rolling,losing_streak_fitness,2_days,rep_3
train,2,22406,86986,86986,125287,44,13,714,5.0,1,23,2,659.640053362438,5,295.0,333.0,38.0,8.763157894736842,19.0,0.6,59.0,19.0,1,rolling,losing_streak_fitness,2_days,rep_3
test,2,22406,86986,86986,125287,44,13,714,5.0,1,23,2,73.78647873726219,10,70.0,222.0,152.0,1.4605263157894737,114.0,0.2,7.0,19.0,6,rolling,losing_streak_fitness,2_days,rep_3
train,2,22406,86986,86986,125287,45,13,714,5.0,3,23,2,659.640053362438,5,295.0,333.0,38.0,8.763157894736842,19.0,0.6,59.0,19.0,1,rolling,losing_streak_fitness,2_days,rep_3
test,2,22406,86986,86986,125287,45,13,714,5.0,3,23,2,73.78647873726219,10,70.0,222.0,152.0,1.4605263157894737,114.0,0.2,7.0,19.0,6,rolling,losing_streak_fitness,2_days,rep_3
train,2,22406,86986,86986,125287,46,13,664,5.0,2,23,2,659.640053362438,5,295.0,333.0,38.0,8.763157894736842,19.0,0.6,59.0,19.0,1,rolling,losing_streak_fitness,2_days,rep_3
test,2,22406,86986,86986,125287,46,13,664,5.0,2,23,2,73.78647873726219,10,70.0,222.0,152.0,1.4605263157894737,114.0,0.2,7.0,19.0,6,rolling,losing_streak_fitness,2_days,rep_3
train,2,22406,86986,86986,125287,47,13,664,5.0,6,23,2,659.640053362438,5,295.0,333.0,38.0,8.763157894736842,19.0,0.6,59.0,19.0,1,rolling,losing_streak_fitness,2_days,rep_3
test,2,22406,86986,86986,125287,47,13,664,5.0,6,23,2,106.8,9,89.0,222.0,133.0,1.669172932330827,95.0,0.2222222222222222,9.88888888888889,19.0,5,rolling,losing_streak_fitness,2_days,rep_3
train,2,22406,86986,86986,125287,48,13,750,5.25,1,23,2,659.640053362438,5,295.0,333.0,38.0,8.763157894736842,19.0,0.6,59.0,19.0,1,rolling,losing_streak_fitness,2_days,rep_3
test,2,22406,86986,86986,125287,48,13,750,5.25,1,23,2,73.78647873726219,10,70.0,222.0,152.0,1.4605263157894737,114.0,0.2,7.0,19.0,6,rolling,losing_streak_fitness,2_days,rep_3
train,2,22406,86986,86986,125287,49,13,672,3.0,2,23,2,659.640053362438,5,295.0,333.0,38.0,8.763157894736842,19.0,0.6,59.0,19.0,1,rolling,losing_streak_fitness,2_days,rep_3
test,2,22406,86986,86986,125287,49,13,672,3.0,2,23,2,56.3826214360418,11,51.0,222.0,171.0,1.2982456140350878,114.0,0.1818181818181818,4.636363636363637,19.0,6,rolling,losing_streak_fitness,2_days,rep_3
train,2,22406,86986,86986,125287,50,13,695,5.25,3,23,2,659.640053362438,5,295.0,333.0,38.0,8.763157894736842,19.0,0.6,59.0,19.0,1,rolling,losing_streak_fitness,2_days,rep_3
test,2,22406,86986,86986,125287,50,13,695,5.25,3,23,2,73.78647873726219,10,70.0,222.0,152.0,1.4605263157894737,114.0,0.2,7.0,19.0,6,rolling,losing_streak_fitness,2_days,rep_3
train,2,22406,86986,86986,125287,51,13,717,5.25,3,23,2,659.640053362438,5,295.0,333.0,38.0,8.763157894736842,19.0,0.6,59.0,19.0,1,rolling,losing_streak_fitness,2_days,rep_3
test,2,22406,86986,86986,125287,51,13,717,5.25,3,23,2,73.78647873726219,10,70.0,222.0,152.0,1.4605263157894737,114.0,0.2,7.0,19.0,6,rolling,losing_streak_fitness,2_days,rep_3
train,2,22406,86986,86986,125287,52,13,649,5.25,3,23,2,659.640053362438,5,295.0,333.0,38.0,8.763157894736842,19.0,0.6,59.0,19.0,1,rolling,losing_streak_fitness,2_days,rep_3
test,2,22406,86986,86986,125287,52,13,649,5.25,3,23,2,73.78647873726219,10,70.0,222.0,152.0,1.4605263157894737,114.0,0.2,7.0,19.0,6,rolling,losing_streak_fitness,2_days,rep_3
train,2,22406,86986,86986,125287,53,13,664,3.75,2,23,2,659.640053362438,5,295.0,333.0,38.0,8.763157894736842,19.0,0.6,59.0,19.0,1,rolling,losing_streak_fitness,2_days,rep_3
test,2,22406,86986,86986,125287,53,13,664,3.75,2,23,2,56.3826214360418,11,51.0,222.0,171.0,1.2982456140350878,114.0,0.1818181818181818,4.636363636363637,19.0,6,rolling,losing_streak_fitness,2_days,rep_3
train,2,22406,86986,86986,125287,54,13,578,3.25,3,23,2,659.640053362438,5,295.0,333.0,38.0,8.763157894736842,19.0,0.6,59.0,19.0,1,rolling,losing_streak_fitness,2_days,rep_3
test,2,22406,86986,86986,125287,54,13,578,3.25,3,23,2,56.3826214360418,11,51.0,222.0,171.0,1.2982456140350878,114.0,0.1818181818181818,4.636363636363637,19.0,6,rolling,losing_streak_fitness,2_days,rep_3
train,2,22406,86986,86986,125287,55,13,664,3.25,3,23,2,659.640053362438,5,295.0,333.0,38.0,8.763157894736842,19.0,0.6,59.0,19.0,1,rolling,losing_streak_fitness,2_days,rep_3
test,2,22406,86986,86986,125287,55,13,664,3.25,3,23,2,56.3826214360418,11,51.0,222.0,171.0,1.2982456140350878,114.0,0.1818181818181818,4.636363636363637,19.0,6,rolling,losing_streak_fitness,2_days,rep_3
train,2,22406,86986,86986,125287,56,13,603,3.0,2,23,2,659.640053362438,5,295.0,333.0,38.0,8.763157894736842,19.0,0.6,59.0,19.0,1,rolling,losing_streak_fitness,2_days,rep_3
test,2,22406,86986,86986,125287,56,13,603,3.0,2,23,2,56.3826214360418,11,51.0,222.0,171.0,1.2982456140350878,114.0,0.1818181818181818,4.636363636363637,19.0,6,rolling,losing_streak_fitness,2_days,rep_3
train,2,22406,86986,86986,125287,57,13,695,5.25,3,23,2,659.640053362438,5,295.0,333.0,38.0,8.763157894736842,19.0,0.6,59.0,19.0,1,rolling,losing_streak_fitness,2_days,rep_3
test,2,22406,86986,86986,125287,57,13,695,5.25,3,23,2,73.78647873726219,10,70.0,222.0,152.0,1.4605263157894737,114.0,0.2,7.0,19.0,6,rolling,losing_streak_fitness,2_days,rep_3
train,2,22406,86986,86986,125287,58,13,750,4.75,4,23,2,659.640053362438,5,295.0,333.0,38.0,8.763157894736842,19.0,0.6,59.0,19.0,1,rolling,losing_streak_fitness,2_days,rep_3
test,2,22406,86986,86986,125287,58,13,750,4.75,4,23,2,73.78647873726219,10,70.0,222.0,152.0,1.4605263157894737,114.0,0.2,7.0,19.0,6,rolling,losing_streak_fitness,2_days,rep_3
train,2,22406,86986,86986,125287,59,13,735,3.25,2,23,2,659.640053362438,5,295.0,333.0,38.0,8.763157894736842,19.0,0.6,59.0,19.0,1,rolling,losing_streak_fitness,2_days,rep_3
test,2,22406,86986,86986,125287,59,13,735,3.25,2,23,2,56.3826214360418,11,51.0,222.0,171.0,1.2982456140350878,114.0,0.1818181818181818,4.636363636363637,19.0,6,rolling,losing_streak_fitness,2_days,rep_3
train,2,22406,86986,86986,125287,60,13,653,3.75,2,23,2,659.640053362438,5,295.0,333.0,38.0,8.763157894736842,19.0,0.6,59.0,19.0,1,rolling,losing_streak_fitness,2_days,rep_3
test,2,22406,86986,86986,125287,60,13,653,3.75,2,23,2,56.3826214360418,11,51.0,222.0,171.0,1.2982456140350878,114.0,0.1818181818181818,4.636363636363637,19.0,6,rolling,losing_streak_fitness,2_days,rep_3
train,2,22406,86986,86986,125287,61,13,603,3.5,2,23,2,659.640053362438,5,295.0,333.0,38.0,8.763157894736842,19.0,0.6,59.0,19.0,1,rolling,losing_streak_fitness,2_days,rep_3
test,2,22406,86986,86986,125287,61,13,603,3.5,2,23,2,56.3826214360418,11,51.0,222.0,171.0,1.2982456140350878,114.0,0.1818181818181818,4.636363636363637,19.0,6,rolling,losing_streak_fitness,2_days,rep_3
train,2,22406,86986,86986,125287,62,13,603,3.75,2,23,2,659.640053362438,5,295.0,333.0,38.0,8.763157894736842,19.0,0.6,59.0,19.0,1,rolling,losing_streak_fitness,2_days,rep_3
test,2,22406,86986,86986,125287,62,13,603,3.75,2,23,2,56.3826214360418,11,51.0,222.0,171.0,1.2982456140350878,114.0,0.1818181818181818,4.636363636363637,19.0,6,rolling,losing_streak_fitness,2_days,rep_3
train,2,22406,86986,86986,125287,63,13,697,3.0,2,23,2,659.640053362438,5,295.0,333.0,38.0,8.763157894736842,19.0,0.6,59.0,19.0,1,rolling,losing_streak_fitness,2_days,rep_3
test,2,22406,86986,86986,125287,63,13,697,3.0,2,23,2,56.3826214360418,11,51.0,222.0,171.0,1.2982456140350878,114.0,0.1818181818181818,4.636363636363637,19.0,6,rolling,losing_streak_fitness,2_days,rep_3
train,2,22406,86986,86986,125287,64,13,697,5.5,4,23,2,659.640053362438,5,295.0,333.0,38.0,8.763157894736842,19.0,0.6,59.0,19.0,1,rolling,losing_streak_fitness,2_days,rep_3
test,2,22406,86986,86986,125287,64,13,697,5.5,4,23,2,73.78647873726219,10,70.0,222.0,152.0,1.4605263157894737,114.0,0.2,7.0,19.0,6,rolling,losing_streak_fitness,2_days,rep_3
train,2,22406,86986,86986,125287,65,13,603,3.75,8,23,2,659.640053362438,5,295.0,333.0,38.0,8.763157894736842,19.0,0.6,59.0,19.0,1,rolling,losing_streak_fitness,2_days,rep_3
test,2,22406,86986,86986,125287,65,13,603,3.75,8,23,2,106.8,9,89.0,222.0,133.0,1.669172932330827,95.0,0.2222222222222222,9.88888888888889,19.0,5,rolling,losing_streak_fitness,2_days,rep_3
train,2,22406,86986,86986,125287,66,13,664,3.0,2,23,2,659.640053362438,5,295.0,333.0,38.0,8.763157894736842,19.0,0.6,59.0,19.0,1,rolling,losing_streak_fitness,2_days,rep_3
test,2,22406,86986,86986,125287,66,13,664,3.0,2,23,2,56.3826214360418,11,51.0,222.0,171.0,1.2982456140350878,114.0,0.1818181818181818,4.636363636363637,19.0,6,rolling,losing_streak_fitness,2_days,rep_3
train,2,22406,86986,86986,125287,67,13,603,3.25,4,23,2,659.640053362438,5,295.0,333.0,38.0,8.763157894736842,19.0,0.6,59.0,19.0,1,rolling,losing_streak_fitness,2_days,rep_3
test,2,22406,86986,86986,125287,67,13,603,3.25,4,23,2,56.3826214360418,11,51.0,222.0,171.0,1.2982456140350878,114.0,0.1818181818181818,4.636363636363637,19.0,6,rolling,losing_streak_fitness,2_days,rep_3
train,2,22406,86986,86986,125287,68,13,672,3.75,5,23,2,659.640053362438,5,295.0,333.0,38.0,8.763157894736842,19.0,0.6,59.0,19.0,1,rolling,losing_streak_fitness,2_days,rep_3
test,2,22406,86986,86986,125287,68,13,672,3.75,5,23,2,73.78647873726219,10,70.0,222.0,152.0,1.4605263157894737,114.0,0.2,7.0,19.0,6,rolling,losing_streak_fitness,2_days,rep_3
train,2,22406,86986,86986,125287,69,13,735,3.75,3,23,2,659.640053362438,5,295.0,333.0,38.0,8.763157894736842,19.0,0.6,59.0,19.0,1,rolling,losing_streak_fitness,2_days,rep_3
test,2,22406,86986,86986,125287,69,13,735,3.75,3,23,2,56.3826214360418,11,51.0,222.0,171.0,1.2982456140350878,114.0,0.1818181818181818,4.636363636363637,19.0,6,rolling,losing_streak_fitness,2_days,rep_3
train,2,22406,86986,86986,125287,70,13,663,3.75,8,23,2,659.640053362438,5,295.0,333.0,38.0,8.763157894736842,19.0,0.6,59.0,19.0,1,rolling,losing_streak_fitness,2_days,rep_3
test,2,22406,86986,86986,125287,70,13,663,3.75,8,23,2,106.8,9,89.0,222.0,133.0,1.669172932330827,95.0,0.2222222222222222,9.88888888888889,19.0,5,rolling,losing_streak_fitness,2_days,rep_3
train,2,22406,86986,86986,125287,71,13,717,4.0,3,23,2,659.640053362438,5,295.0,333.0,38.0,8.763157894736842,19.0,0.6,59.0,19.0,1,rolling,losing_streak_fitness,2_days,rep_3
test,2,22406,86986,86986,125287,71,13,717,4.0,3,23,2,73.78647873726219,10,70.0,222.0,152.0,1.4605263157894737,114.0,0.2,7.0,19.0,6,rolling,losing_streak_fitness,2_days,rep_3
train,2,22406,86986,86986,125287,72,13,663,3.75,3,23,2,659.640053362438,5,295.0,333.0,38.0,8.763157894736842,19.0,0.6,59.0,19.0,1,rolling,losing_streak_fitness,2_days,rep_3
test,2,22406,86986,86986,125287,72,13,663,3.75,3,23,2,56.3826214360418,11,51.0,222.0,171.0,1.2982456140350878,114.0,0.1818181818181818,4.636363636363637,19.0,6,rolling,losing_streak_fitness,2_days,rep_3
train,2,22406,86986,86986,125287,73,13,735,5.5,1,23,2,659.640053362438,5,295.0,333.0,38.0,8.763157894736842,19.0,0.6,59.0,19.0,1,rolling,losing_streak_fitness,2_days,rep_3
test,2,22406,86986,86986,125287,73,13,735,5.5,1,23,2,73.78647873726219,10,70.0,222.0,152.0,1.4605263157894737,114.0,0.2,7.0,19.0,6,rolling,losing_streak_fitness,2_days,rep_3
train,2,22406,86986,86986,125287,74,13,672,3.75,4,23,2,659.640053362438,5,295.0,333.0,38.0,8.763157894736842,19.0,0.6,59.0,19.0,1,rolling,losing_streak_fitness,2_days,rep_3
test,2,22406,86986,86986,125287,74,13,672,3.75,4,23,2,56.3826214360418,11,51.0,222.0,171.0,1.2982456140350878,114.0,0.1818181818181818,4.636363636363637,19.0,6,rolling,losing_streak_fitness,2_days,rep_3
train,2,22406,86986,86986,125287,75,13,663,5.75,8,23,2,659.640053362438,5,295.0,333.0,38.0,8.763157894736842,19.0,0.6,59.0,19.0,1,rolling,losing_streak_fitness,2_days,rep_3
test,2,22406,86986,86986,125287,75,13,663,5.75,8,23,2,-3.968626966596886,7,-3.0,111.0,114.0,0.9736842105263158,76.0,0.1428571428571428,-0.4285714285714285,19.0,4,rolling,losing_streak_fitness,2_days,rep_3
train,2,22406,86986,86986,125287,76,13,735,5.25,4,23,2,659.640053362438,5,295.0,333.0,38.0,8.763157894736842,19.0,0.6,59.0,19.0,1,rolling,losing_streak_fitness,2_days,rep_3
test,2,22406,86986,86986,125287,76,13,735,5.25,4,23,2,73.78647873726219,10,70.0,222.0,152.0,1.4605263157894737,114.0,0.2,7.0,19.0,6,rolling,losing_streak_fitness,2_days,rep_3
train,2,22406,86986,86986,125287,77,13,663,4.0,3,23,2,659.640053362438,5,295.0,333.0,38.0,8.763157894736842,19.0,0.6,59.0,19.0,1,rolling,losing_streak_fitness,2_days,rep_3
test,2,22406,86986,86986,125287,77,13,663,4.0,3,23,2,73.78647873726219,10,70.0,222.0,152.0,1.4605263157894737,114.0,0.2,7.0,19.0,6,rolling,losing_streak_fitness,2_days,rep_3
train,2,22406,86986,86986,125287,78,13,618,5.5,3,23,2,659.640053362438,5,295.0,333.0,38.0,8.763157894736842,19.0,0.6,59.0,19.0,1,rolling,losing_streak_fitness,2_days,rep_3
test,2,22406,86986,86986,125287,78,13,618,5.5,3,23,2,73.78647873726219,10,70.0,222.0,152.0,1.4605263157894737,114.0,0.2,7.0,19.0,6,rolling,losing_streak_fitness,2_days,rep_3
train,2,22406,86986,86986,125287,79,13,685,3.75,4,23,2,659.640053362438,5,295.0,333.0,38.0,8.763157894736842,19.0,0.6,59.0,19.0,1,rolling,losing_streak_fitness,2_days,rep_3
test,2,22406,86986,86986,125287,79,13,685,3.75,4,23,2,56.3826214360418,11,51.0,222.0,171.0,1.2982456140350878,114.0,0.1818181818181818,4.636363636363637,19.0,6,rolling,losing_streak_fitness,2_days,rep_3
train,2,22406,86986,86986,125287,80,13,672,3.75,6,23,2,659.640053362438,5,295.0,333.0,38.0,8.763157894736842,19.0,0.6,59.0,19.0,1,rolling,losing_streak_fitness,2_days,rep_3
test,2,22406,86986,86986,125287,80,13,672,3.75,6,23,2,73.78647873726219,10,70.0,222.0,152.0,1.4605263157894737,114.0,0.2,7.0,19.0,6,rolling,losing_streak_fitness,2_days,rep_3
train,2,22406,86986,86986,125287,81,13,672,3.75,4,23,2,659.640053362438,5,295.0,333.0,38.0,8.763157894736842,19.0,0.6,59.0,19.0,1,rolling,losing_streak_fitness,2_days,rep_3
test,2,22406,86986,86986,125287,81,13,672,3.75,4,23,2,56.3826214360418,11,51.0,222.0,171.0,1.2982456140350878,114.0,0.1818181818181818,4.636363636363637,19.0,6,rolling,losing_streak_fitness,2_days,rep_3
train,2,22406,86986,86986,125287,82,13,672,5.5,1,23,2,659.640053362438,5,295.0,333.0,38.0,8.763157894736842,19.0,0.6,59.0,19.0,1,rolling,losing_streak_fitness,2_days,rep_3
test,2,22406,86986,86986,125287,82,13,672,5.5,1,23,2,73.78647873726219,10,70.0,222.0,152.0,1.4605263157894737,114.0,0.2,7.0,19.0,6,rolling,losing_streak_fitness,2_days,rep_3
train,2,22406,86986,86986,125287,83,13,672,4.0,4,23,2,659.640053362438,5,295.0,333.0,38.0,8.763157894736842,19.0,0.6,59.0,19.0,1,rolling,losing_streak_fitness,2_days,rep_3
test,2,22406,86986,86986,125287,83,13,672,4.0,4,23,2,73.78647873726219,10,70.0,222.0,152.0,1.4605263157894737,114.0,0.2,7.0,19.0,6,rolling,losing_streak_fitness,2_days,rep_3
train,2,22406,86986,86986,125287,84,13,611,3.75,4,23,2,659.640053362438,5,295.0,333.0,38.0,8.763157894736842,19.0,0.6,59.0,19.0,1,rolling,losing_streak_fitness,2_days,rep_3
test,2,22406,86986,86986,125287,84,13,611,3.75,4,23,2,56.3826214360418,11,51.0,222.0,171.0,1.2982456140350878,114.0,0.1818181818181818,4.636363636363637,19.0,6,rolling,losing_streak_fitness,2_days,rep_3
train,2,22406,86986,86986,125287,85,13,611,4.0,4,23,2,659.640053362438,5,295.0,333.0,38.0,8.763157894736842,19.0,0.6,59.0,19.0,1,rolling,losing_streak_fitness,2_days,rep_3
test,2,22406,86986,86986,125287,85,13,611,4.0,4,23,2,73.78647873726219,10,70.0,222.0,152.0,1.4605263157894737,114.0,0.2,7.0,19.0,6,rolling,losing_streak_fitness,2_days,rep_3
train,2,22406,86986,86986,125287,86,13,746,4.0,8,23,2,659.640053362438,5,295.0,333.0,38.0,8.763157894736842,19.0,0.6,59.0,19.0,1,rolling,losing_streak_fitness,2_days,rep_3
test,2,22406,86986,86986,125287,86,13,746,4.0,8,23,2,152.73506473629428,8,108.0,222.0,114.0,1.947368421052632,76.0,0.25,13.5,19.0,4,rolling,losing_streak_fitness,2_days,rep_3
train,2,22406,86986,86986,125287,87,13,717,5.5,4,23,2,659.640053362438,5,295.0,333.0,38.0,8.763157894736842,19.0,0.6,59.0,19.0,1,rolling,losing_streak_fitness,2_days,rep_3
test,2,22406,86986,86986,125287,87,13,717,5.5,4,23,2,73.78647873726219,10,70.0,222.0,152.0,1.4605263157894737,114.0,0.2,7.0,19.0,6,rolling,losing_streak_fitness,2_days,rep_3
train,2,22406,86986,86986,125287,88,13,746,5.25,3,23,2,659.640053362438,5,295.0,333.0,38.0,8.763157894736842,19.0,0.6,59.0,19.0,1,rolling,losing_streak_fitness,2_days,rep_3
test,2,22406,86986,86986,125287,88,13,746,5.25,3,23,2,73.78647873726219,10,70.0,222.0,152.0,1.4605263157894737,114.0,0.2,7.0,19.0,6,rolling,losing_streak_fitness,2_days,rep_3
train,2,22406,86986,86986,125287,89,13,685,5.5,3,23,2,659.640053362438,5,295.0,333.0,38.0,8.763157894736842,19.0,0.6,59.0,19.0,1,rolling,losing_streak_fitness,2_days,rep_3
test,2,22406,86986,86986,125287,89,13,685,5.5,3,23,2,73.78647873726219,10,70.0,222.0,152.0,1.4605263157894737,114.0,0.2,7.0,19.0,6,rolling,losing_streak_fitness,2_days,rep_3
train,2,22406,86986,86986,125287,90,13,679,3.5,4,23,2,659.640053362438,5,295.0,333.0,38.0,8.763157894736842,19.0,0.6,59.0,19.0,1,rolling,losing_streak_fitness,2_days,rep_3
test,2,22406,86986,86986,125287,90,13,679,3.5,4,23,2,56.3826214360418,11,51.0,222.0,171.0,1.2982456140350878,114.0,0.1818181818181818,4.636363636363637,19.0,6,rolling,losing_streak_fitness,2_days,rep_3
train,2,22406,86986,86986,125287,91,13,679,4.0,3,23,2,659.640053362438,5,295.0,333.0,38.0,8.763157894736842,19.0,0.6,59.0,19.0,1,rolling,losing_streak_fitness,2_days,rep_3
test,2,22406,86986,86986,125287,91,13,679,4.0,3,23,2,73.78647873726219,10,70.0,222.0,152.0,1.4605263157894737,114.0,0.2,7.0,19.0,6,rolling,losing_streak_fitness,2_days,rep_3
train,2,22406,86986,86986,125287,92,13,717,5.5,8,23,2,659.640053362438,5,295.0,333.0,38.0,8.763157894736842,19.0,0.6,59.0,19.0,1,rolling,losing_streak_fitness,2_days,rep_3
test,2,22406,86986,86986,125287,92,13,717,5.5,8,23,2,-3.968626966596886,7,-3.0,111.0,114.0,0.9736842105263158,76.0,0.1428571428571428,-0.4285714285714285,19.0,4,rolling,losing_streak_fitness,2_days,rep_3
train,2,22406,86986,86986,125287,93,13,672,3.75,8,23,2,659.640053362438,5,295.0,333.0,38.0,8.763157894736842,19.0,0.6,59.0,19.0,1,rolling,losing_streak_fitness,2_days,rep_3
test,2,22406,86986,86986,125287,93,13,672,3.75,8,23,2,106.8,9,89.0,222.0,133.0,1.669172932330827,95.0,0.2222222222222222,9.88888888888889,19.0,5,rolling,losing_streak_fitness,2_days,rep_3
train,2,22406,86986,86986,125287,94,13,679,5.5,8,23,2,659.640053362438,5,295.0,333.0,38.0,8.763157894736842,19.0,0.6,59.0,19.0,1,rolling,losing_streak_fitness,2_days,rep_3
test,2,22406,86986,86986,125287,94,13,679,5.5,8,23,2,-3.968626966596886,7,-3.0,111.0,114.0,0.9736842105263158,76.0,0.1428571428571428,-0.4285714285714285,19.0,4,rolling,losing_streak_fitness,2_days,rep_3
train,2,22406,86986,86986,125287,95,13,717,4.0,4,23,2,659.640053362438,5,295.0,333.0,38.0,8.763157894736842,19.0,0.6,59.0,19.0,1,rolling,losing_streak_fitness,2_days,rep_3
test,2,22406,86986,86986,125287,95,13,717,4.0,4,23,2,73.78647873726219,10,70.0,222.0,152.0,1.4605263157894737,114.0,0.2,7.0,19.0,6,rolling,losing_streak_fitness,2_days,rep_3
train,2,22406,86986,86986,125287,96,13,611,4.25,3,23,2,659.640053362438,5,295.0,333.0,38.0,8.763157894736842,19.0,0.6,59.0,19.0,1,rolling,losing_streak_fitness,2_days,rep_3
test,2,22406,86986,86986,125287,96,13,611,4.25,3,23,2,73.78647873726219,10,70.0,222.0,152.0,1.4605263157894737,114.0,0.2,7.0,19.0,6,rolling,losing_streak_fitness,2_days,rep_3
train,2,22406,86986,86986,125287,97,13,724,5.25,8,23,2,659.640053362438,5,295.0,333.0,38.0,8.763157894736842,19.0,0.6,59.0,19.0,1,rolling,losing_streak_fitness,2_days,rep_3
test,2,22406,86986,86986,125287,97,13,724,5.25,8,23,2,-3.968626966596886,7,-3.0,111.0,114.0,0.9736842105263158,76.0,0.1428571428571428,-0.4285714285714285,19.0,4,rolling,losing_streak_fitness,2_days,rep_3
train,2,22406,86986,86986,125287,98,13,658,5.75,3,23,2,659.640053362438,5,295.0,333.0,38.0,8.763157894736842,19.0,0.6,59.0,19.0,1,rolling,losing_streak_fitness,2_days,rep_3
test,2,22406,86986,86986,125287,98,13,658,5.75,3,23,2,73.78647873726219,10,70.0,222.0,152.0,1.4605263157894737,114.0,0.2,7.0,19.0,6,rolling,losing_streak_fitness,2_days,rep_3
train,2,22406,86986,86986,125287,99,13,738,4.5,3,23,2,659.640053362438,5,295.0,333.0,38.0,8.763157894736842,19.0,0.6,59.0,19.0,1,rolling,losing_streak_fitness,2_days,rep_3
test,2,22406,86986,86986,125287,99,13,738,4.5,3,23,2,73.78647873726219,10,70.0,222.0,152.0,1.4605263157894737,114.0,0.2,7.0,19.0,6,rolling,losing_streak_fitness,2_days,rep_3
train,2,22406,86986,86986,125287,100,13,611,5.5,2,23,2,659.640053362438,5,295.0,333.0,38.0,8.763157894736842,19.0,0.6,59.0,19.0,1,rolling,losing_streak_fitness,2_days,rep_3
test,2,22406,86986,86986,125287,100,13,611,5.5,2,23,2,73.78647873726219,10,70.0,222.0,152.0,1.4605263157894737,114.0,0.2,7.0,19.0,6,rolling,losing_streak_fitness,2_days,rep_3
train,3,53560,125287,125287,130699,0,13,3989,3.5,7,19,2,237.33333333333331,16,356.0,546.0,190.0,2.873684210526316,114.0,0.375,22.25,19.0,6,rolling,losing_streak_fitness,2_days,rep_3
test,3,53560,125287,125287,130699,0,13,3989,3.5,7,19,2,-1000.0,0,0.0,0.0,0.0,inf,0.0,0.0,0.0,0.0,0,rolling,losing_streak_fitness,2_days,rep_3
train,3,53560,125287,125287,130699,1,12,1350,3.75,6,8,2,583.3333333333334,25,350.0,540.0,190.0,2.8421052631578947,78.0,0.6,14.0,19.0,3,rolling,losing_streak_fitness,2_days,rep_3
test,3,53560,125287,125287,130699,1,12,1350,3.75,6,8,2,-1000.0,0,0.0,0.0,0.0,inf,0.0,0.0,0.0,0.0,0,rolling,losing_streak_fitness,2_days,rep_3
train,3,53560,125287,125287,130699,2,14,2642,4.25,5,17,2,644.3229004156224,12,372.0,486.0,114.0,4.2631578947368425,38.0,0.5,31.0,19.0,2,rolling,losing_streak_fitness,2_days,rep_3
test,3,53560,125287,125287,130699,2,14,2642,4.25,5,17,2,-1000.0,0,0.0,0.0,0.0,inf,0.0,0.0,0.0,0.0,0,rolling,losing_streak_fitness,2_days,rep_3
train,3,53560,125287,125287,130699,3,11,3137,3.25,10,8,2,954.499607124068,22,407.0,540.0,133.0,4.06015037593985,38.0,0.6818181818181818,18.5,19.0,2,rolling,losing_streak_fitness,2_days,rep_3
test,3,53560,125287,125287,130699,3,11,3137,3.25,10,8,2,-1000.0,0,0.0,0.0,0.0,inf,0.0,0.0,0.0,0.0,0,rolling,losing_streak_fitness,2_days,rep_3
train,3,53560,125287,125287,130699,4,13,1601,9.5,5,13,2,852.7128766472334,13,473.0,549.0,76.0,7.223684210526316,38.0,0.6923076923076923,36.38461538461539,19.0,2,rolling,losing_streak_fitness,2_days,rep_3
test,3,53560,125287,125287,130699,4,13,1601,9.5,5,13,2,-1000.0,0,0.0,0.0,0.0,inf,0.0,0.0,0.0,0.0,0,rolling,losing_streak_fitness,2_days,rep_3
train,3,53560,125287,125287,130699,5,13,2645,3.75,11,13,2,842.3738778001132,15,435.0,549.0,114.0,4.815789473684211,38.0,0.6,29.0,19.0,2,rolling,losing_streak_fitness,2_days,rep_3
test,3,53560,125287,125287,130699,5,13,2645,3.75,11,13,2,-1000.0,0,0.0,0.0,0.0,inf,0.0,0.0,0.0,0.0,0,rolling,losing_streak_fitness,2_days,rep_3
train,3,53560,125287,125287,130699,6,13,2645,3.75,11,13,2,842.3738778001132,15,435.0,549.0,114.0,4.815789473684211,38.0,0.6,29.0,19.0,2,rolling,losing_streak_fitness,2_days,rep_3
test,3,53560,125287,125287,130699,6,13,2645,3.75,11,13,2,-1000.0,0,0.0,0.0,0.0,inf,0.0,0.0,0.0,0.0,0,rolling,losing_streak_fitness,2_days,rep_3
train,3,53560,125287,125287,130699,7,12,3798,3.75,7,9,2,725.0489638638206,24,444.0,615.0,171.0,3.5964912280701755,57.0,0.625,18.5,19.0,3,rolling,losing_streak_fitness,2_days,rep_3
test,3,53560,125287,125287,130699,7,12,3798,3.75,7,9,2,-1000.0,0,0.0,0.0,0.0,inf,0.0,0.0,0.0,0.0,0,rolling,losing_streak_fitness,2_days,rep_3
train,3,53560,125287,125287,130699,8,12,1368,3.25,7,9,2,725.0489638638206,24,444.0,615.0,171.0,3.5964912280701755,57.0,0.625,18.5,19.0,3,rolling,losing_streak_fitness,2_days,rep_3
test,3,53560,125287,125287,130699,8,12,1368,3.25,7,9,2,-1000.0,0,0.0,0.0,0.0,inf,0.0,0.0,0.0,0.0,0,rolling,losing_streak_fitness,2_days,rep_3
train,3,53560,125287,125287,130699,9,14,3798,3.5,5,10,2,1193.5887063808873,14,319.0,414.0,95.0,4.3578947368421055,19.0,0.6428571428571429,22.785714285714285,19.0,1,rolling,losing_streak_fitness,2_days,rep_3
test,3,53560,125287,125287,130699,9,14,3798,3.5,5,10,2,-1000.0,0,0.0,0.0,0.0,inf,0.0,0.0,0.0,0.0,0,rolling,losing_streak_fitness,2_days,rep_3
train,3,53560,125287,125287,130699,10,14,3256,3.75,5,10,2,1193.5887063808873,14,319.0,414.0,95.0,4.3578947368421055,19.0,0.6428571428571429,22.785714285714285,19.0,1,rolling,losing_streak_fitness,2_days,rep_3
test,3,53560,125287,125287,130699,10,14,3256,3.75,5,10,2,-1000.0,0,0.0,0.0,0.0,inf,0.0,0.0,0.0,0.0,0,rolling,losing_streak_fitness,2_days,rep_3
train,3,53560,125287,125287,130699,11,14,2645,3.5,7,10,2,1193.5887063808873,14,319.0,414.0,95.0,4.3578947368421055,19.0,0.6428571428571429,22.785714285714285,19.0,1,rolling,losing_streak_fitness,2_days,rep_3
test,3,53560,125287,125287,130699,11,14,2645,3.5,7,10,2,-1000.0,0,0.0,0.0,0.0,inf,0.0,0.0,0.0,0.0,0,rolling,losing_streak_fitness,2_days,rep_3
train,3,53560,125287,125287,130699,12,14,2265,3.75,6,10,2,1193.5887063808873,14,319.0,414.0,95.0,4.3578947368421055,19.0,0.6428571428571429,22.785714285714285,19.0,1,rolling,losing_streak_fitness,2_days,rep_3
test,3,53560,125287,125287,130699,12,14,2265,3.75,6,10,2,-1000.0,0,0.0,0.0,0.0,inf,0.0,0.0,0.0,0.0,0,rolling,losing_streak_fitness,2_days,rep_3
train,3,53560,125287,125287,130699,13,14,3798,4.25,7,10,2,1193.5887063808873,14,319.0,414.0,95.0,4.3578947368421055,19.0,0.6428571428571429,22.785714285714285,19.0,1,rolling,losing_streak_fitness,2_days,rep_3
test,3,53560,125287,125287,130699,13,14,3798,4.25,7,10,2,-1000.0,0,0.0,0.0,0.0,inf,0.0,0.0,0.0,0.0,0,rolling,losing_streak_fitness,2_days,rep_3
train,3,53560,125287,125287,130699,14,14,2265,4.0,7,10,2,1193.5887063808873,14,319.0,414.0,95.0,4.3578947368421055,19.0,0.6428571428571429,22.785714285714285,19.0,1,rolling,losing_streak_fitness,2_days,rep_3
test,3,53560,125287,125287,130699,14,14,2265,4.0,7,10,2,-1000.0,0,0.0,0.0,0.0,inf,0.0,0.0,0.0,0.0,0,rolling,losing_streak_fitness,2_days,rep_3
train,3,53560,125287,125287,130699,15,14,2165,4.25,7,10,2,1193.5887063808873,14,319.0,414.0,95.0,4.3578947368421055,19.0,0.6428571428571429,22.785714285714285,19.0,1,rolling,losing_streak_fitness,2_days,rep_3
test,3,53560,125287,125287,130699,15,14,2165,4.25,7,10,2,-1000.0,0,0.0,0.0,0.0,inf,0.0,0.0,0.0,0.0,0,rolling,losing_streak_fitness,2_days,rep_3
train,3,53560,125287,125287,130699,16,14,1368,3.75,5,10,2,1193.5887063808873,14,319.0,414.0,95.0,4.3578947368421055,19.0,0.6428571428571429,22.785714285714285,19.0,1,rolling,losing_streak_fitness,2_days,rep_3
test,3,53560,125287,125287,130699,16,14,1368,3.75,5,10,2,-1000.0,0,0.0,0.0,0.0,inf,0.0,0.0,0.0,0.0,0,rolling,losing_streak_fitness,2_days,rep_3
train,3,53560,125287,125287,130699,17,14,2265,4.25,5,10,2,1193.5887063808873,14,319.0,414.0,95.0,4.3578947368421055,19.0,0.6428571428571429,22.785714285714285,19.0,1,rolling,losing_streak_fitness,2_days,rep_3
test,3,53560,125287,125287,130699,17,14,2265,4.25,5,10,2,-1000.0,0,0.0,0.0,0.0,inf,0.0,0.0,0.0,0.0,0,rolling,losing_streak_fitness,2_days,rep_3
train,3,53560,125287,125287,130699,18,14,3798,3.75,7,10,2,1193.5887063808873,14,319.0,414.0,95.0,4.3578947368421055,19.0,0.6428571428571429,22.785714285714285,19.0,1,rolling,losing_streak_fitness,2_days,rep_3
test,3,53560,125287,125287,130699,18,14,3798,3.75,7,10,2,-1000.0,0,0.0,0.0,0.0,inf,0.0,0.0,0.0,0.0,0,rolling,losing_streak_fitness,2_days,rep_3
train,3,53560,125287,125287,130699,19,14,1368,4.25,7,10,2,1193.5887063808873,14,319.0,414.0,95.0,4.3578947368421055,19.0,0.6428571428571429,22.785714285714285,19.0,1,rolling,losing_streak_fitness,2_days,rep_3
test,3,53560,125287,125287,130699,19,14,1368,4.25,7,10,2,-1000.0,0,0.0,0.0,0.0,inf,0.0,0.0,0.0,0.0,0,rolling,losing_streak_fitness,2_days,rep_3
train,3,53560,125287,125287,130699,20,14,2457,4.0,6,10,2,1193.5887063808873,14,319.0,414.0,95.0,4.3578947368421055,19.0,0.6428571428571429,22.785714285714285,19.0,1,rolling,losing_streak_fitness,2_days,rep_3
test,3,53560,125287,125287,130699,20,14,2457,4.0,6,10,2,-1000.0,0,0.0,0.0,0.0,inf,0.0,0.0,0.0,0.0,0,rolling,losing_streak_fitness,2_days,rep_3
train,3,53560,125287,125287,130699,21,14,2457,4.0,7,10,2,1193.5887063808873,14,319.0,414.0,95.0,4.3578947368421055,19.0,0.6428571428571429,22.785714285714285,19.0,1,rolling,losing_streak_fitness,2_days,rep_3
test,3,53560,125287,125287,130699,21,14,2457,4.0,7,10,2,-1000.0,0,0.0,0.0,0.0,inf,0.0,0.0,0.0,0.0,0,rolling,losing_streak_fitness,2_days,rep_3
train,3,53560,125287,125287,130699,22,14,3798,4.25,7,10,2,1193.5887063808873,14,319.0,414.0,95.0,4.3578947368421055,19.0,0.6428571428571429,22.785714285714285,19.0,1,rolling,losing_streak_fitness,2_days,rep_3
test,3,53560,125287,125287,130699,22,14,3798,4.25,7,10,2,-1000.0,0,0.0,0.0,0.0,inf,0.0,0.0,0.0,0.0,0,rolling,losing_streak_fitness,2_days,rep_3
train,3,53560,125287,125287,130699,23,14,2265,4.0,6,10,2,1193.5887063808873,14,319.0,414.0,95.0,4.3578947368421055,19.0,0.6428571428571429,22.785714285714285,19.0,1,rolling,losing_streak_fitness,2_days,rep_3
test,3,53560,125287,125287,130699,23,14,2265,4.0,6,10,2,-1000.0,0,0.0,0.0,0.0,inf,0.0,0.0,0.0,0.0,0,rolling,losing_streak_fitness,2_days,rep_3
train,3,53560,125287,125287,130699,24,14,2645,4.25,7,10,2,1193.5887063808873,14,319.0,414.0,95.0,4.3578947368421055,19.0,0.6428571428571429,22.785714285714285,19.0,1,rolling,losing_streak_fitness,2_days,rep_3
test,3,53560,125287,125287,130699,24,14,2645,4.25,7,10,2,-1000.0,0,0.0,0.0,0.0,inf,0.0,0.0,0.0,0.0,0,rolling,losing_streak_fitness,2_days,rep_3
train,3,53560,125287,125287,130699,25,14,1368,4.25,6,10,2,1193.5887063808873,14,319.0,414.0,95.0,4.3578947368421055,19.0,0.6428571428571429,22.785714285714285,19.0,1,rolling,losing_streak_fitness,2_days,rep_3
test,3,53560,125287,125287,130699,25,14,1368,4.25,6,10,2,-1000.0,0,0.0,0.0,0.0,inf,0.0,0.0,0.0,0.0,0,rolling,losing_streak_fitness,2_days,rep_3
train,3,53560,125287,125287,130699,26,14,1381,3.75,7,10,2,1193.5887063808873,14,319.0,414.0,95.0,4.3578947368421055,19.0,0.6428571428571429,22.785714285714285,19.0,1,rolling,losing_streak_fitness,2_days,rep_3
test,3,53560,125287,125287,130699,26,14,1381,3.75,7,10,2,-1000.0,0,0.0,0.0,0.0,inf,0.0,0.0,0.0,0.0,0,rolling,losing_streak_fitness,2_days,rep_3
train,3,53560,125287,125287,130699,27,14,1422,3.5,7,10,2,1193.5887063808873,14,319.0,414.0,95.0,4.3578947368421055,19.0,0.6428571428571429,22.785714285714285,19.0,1,rolling,losing_streak_fitness,2_days,rep_3
test,3,53560,125287,125287,130699,27,14,1422,3.5,7,10,2,-1000.0,0,0.0,0.0,0.0,inf,0.0,0.0,0.0,0.0,0,rolling,losing_streak_fitness,2_days,rep_3
train,3,53560,125287,125287,130699,28,14,1368,4.25,7,10,2,1193.5887063808873,14,319.0,414.0,95.0,4.3578947368421055,19.0,0.6428571428571429,22.785714285714285,19.0,1,rolling,losing_streak_fitness,2_days,rep_3
test,3,53560,125287,125287,130699,28,14,1368,4.25,7,10,2,-1000.0,0,0.0,0.0,0.0,inf,0.0,0.0,0.0,0.0,0,rolling,losing_streak_fitness,2_days,rep_3
train,3,53560,125287,125287,130699,29,14,1395,4.25,7,10,2,1193.5887063808873,14,319.0,414.0,95.0,4.3578947368421055,19.0,0.6428571428571429,22.785714285714285,19.0,1,rolling,losing_streak_fitness,2_days,rep_3
test,3,53560,125287,125287,130699,29,14,1395,4.25,7,10,2,-1000.0,0,0.0,0.0,0.0,inf,0.0,0.0,0.0,0.0,0,rolling,losing_streak_fitness,2_days,rep_3
train,3,53560,125287,125287,130699,30,14,2165,4.5,7,10,2,1193.5887063808873,14,319.0,414.0,95.0,4.3578947368421055,19.0,0.6428571428571429,22.785714285714285,19.0,1,rolling,losing_streak_fitness,2_days,rep_3
test,3,53560,125287,125287,130699,30,14,2165,4.5,7,10,2,-1000.0,0,0.0,0.0,0.0,inf,0.0,0.0,0.0,0.0,0,rolling,losing_streak_fitness,2_days,rep_3
train,3,53560,125287,125287,130699,31,14,3673,4.25,7,10,2,1193.5887063808873,14,319.0,414.0,95.0,4.3578947368421055,19.0,0.6428571428571429,22.785714285714285,19.0,1,rolling,losing_streak_fitness,2_days,rep_3
test,3,53560,125287,125287,130699,31,14,3673,4.25,7,10,2,-1000.0,0,0.0,0.0,0.0,inf,0.0,0.0,0.0,0.0,0,rolling,losing_streak_fitness,2_days,rep_3
train,3,53560,125287,125287,130699,32,14,1395,4.25,7,10,2,1193.5887063808873,14,319.0,414.0,95.0,4.3578947368421055,19.0,0.6428571428571429,22.785714285714285,19.0,1,rolling,losing_streak_fitness,2_days,rep_3
test,3,53560,125287,125287,130699,32,14,1395,4.25,7,10,2,-1000.0,0,0.0,0.0,0.0,inf,0.0,0.0,0.0,0.0,0,rolling,losing_streak_fitness,2_days,rep_3
train,3,53560,125287,125287,130699,33,14,2604,4.25,7,10,2,1193.5887063808873,14,319.0,414.0,95.0,4.3578947368421055,19.0,0.6428571428571429,22.785714285714285,19.0,1,rolling,losing_streak_fitness,2_days,rep_3
test,3,53560,125287,125287,130699,33,14,2604,4.25,7,10,2,-1000.0,0,0.0,0.0,0.0,inf,0.0,0.0,0.0,0.0,0,rolling,losing_streak_fitness,2_days,rep_3
train,3,53560,125287,125287,130699,34,14,1368,4.0,7,10,2,1193.5887063808873,14,319.0,414.0,95.0,4.3578947368421055,19.0,0.6428571428571429,22.785714285714285,19.0,1,rolling,losing_streak_fitness,2_days,rep_3
test,3,53560,125287,125287,130699,34,14,1368,4.0,7,10,2,-1000.0,0,0.0,0.0,0.0,inf,0.0,0.0,0.0,0.0,0,rolling,losing_streak_fitness,2_days,rep_3
train,3,53560,125287,125287,130699,35,14,1368,3.75,6,10,2,1193.5887063808873,14,319.0,414.0,95.0,4.3578947368421055,19.0,0.6428571428571429,22.785714285714285,19.0,1,rolling,losing_streak_fitness,2_days,rep_3
test,3,53560,125287,125287,130699,35,14,1368,3.75,6,10,2,-1000.0,0,0.0,0.0,0.0,inf,0.0,0.0,0.0,0.0,0,rolling,losing_streak_fitness,2_days,rep_3
train,3,53560,125287,125287,130699,36,14,2310,4.0,7,10,2,1193.5887063808873,14,319.0,414.0,95.0,4.3578947368421055,19.0,0.6428571428571429,22.785714285714285,19.0,1,rolling,losing_streak_fitness,2_days,rep_3
test,3,53560,125287,125287,130699,36,14,2310,4.0,7,10,2,-1000.0,0,0.0,0.0,0.0,inf,0.0,0.0,0.0,0.0,0,rolling,losing_streak_fitness,2_days,rep_3
train,3,53560,125287,125287,130699,37,14,2242,3.75,7,10,2,1193.5887063808873,14,319.0,414.0,95.0,4.3578947368421055,19.0,0.6428571428571429,22.785714285714285,19.0,1,rolling,losing_streak_fitness,2_days,rep_3
test,3,53560,125287,125287,130699,37,14,2242,3.75,7,10,2,-1000.0,0,0.0,0.0,0.0,inf,0.0,0.0,0.0,0.0,0,rolling,losing_streak_fitness,2_days,rep_3
train,3,53560,125287,125287,130699,38,14,3673,4.25,6,10,2,1193.5887063808873,14,319.0,414.0,95.0,4.3578947368421055,19.0,0.6428571428571429,22.785714285714285,19.0,1,rolling,losing_streak_fitness,2_days,rep_3
test,3,53560,125287,125287,130699,38,14,3673,4.25,6,10,2,-1000.0,0,0.0,0.0,0.0,inf,0.0,0.0,0.0,0.0,0,rolling,losing_streak_fitness,2_days,rep_3
train,3,53560,125287,125287,130699,39,14,1368,4.25,6,10,2,1193.5887063808873,14,319.0,414.0,95.0,4.3578947368421055,19.0,0.6428571428571429,22.785714285714285,19.0,1,rolling,losing_streak_fitness,2_days,rep_3
test,3,53560,125287,125287,130699,39,14,1368,4.25,6,10,2,-1000.0,0,0.0,0.0,0.0,inf,0.0,0.0,0.0,0.0,0,rolling,losing_streak_fitness,2_days,rep_3
train,3,53560,125287,125287,130699,40,14,2242,3.75,7,10,2,1193.5887063808873,14,319.0,414.0,95.0,4.3578947368421055,19.0,0.6428571428571429,22.785714285714285,19.0,1,rolling,losing_streak_fitness,2_days,rep_3
test,3,53560,125287,125287,130699,40,14,2242,3.75,7,10,2,-1000.0,0,0.0,0.0,0.0,inf,0.0,0.0,0.0,0.0,0,rolling,losing_streak_fitness,2_days,rep_3
train,3,53560,125287,125287,130699,41,14,1368,3.75,6,10,2,1193.5887063808873,14,319.0,414.0,95.0,4.3578947368421055,19.0,0.6428571428571429,22.785714285714285,19.0,1,rolling,losing_streak_fitness,2_days,rep_3
test,3,53560,125287,125287,130699,41,14,1368,3.75,6,10,2,-1000.0,0,0.0,0.0,0.0,inf,0.0,0.0,0.0,0.0,0,rolling,losing_streak_fitness,2_days,rep_3
train,3,53560,125287,125287,130699,42,14,3673,3.5,7,10,2,1193.5887063808873,14,319.0,414.0,95.0,4.3578947368421055,19.0,0.6428571428571429,22.785714285714285,19.0,1,rolling,losing_streak_fitness,2_days,rep_3
test,3,53560,125287,125287,130699,42,14,3673,3.5,7,10,2,-1000.0,0,0.0,0.0,0.0,inf,0.0,0.0,0.0,0.0,0,rolling,losing_streak_fitness,2_days,rep_3
train,3,53560,125287,125287,130699,43,14,2242,4.25,8,10,2,1193.5887063808873,14,319.0,414.0,95.0,4.3578947368421055,19.0,0.6428571428571429,22.785714285714285,19.0,1,rolling,losing_streak_fitness,2_days,rep_3
test,3,53560,125287,125287,130699,43,14,2242,4.25,8,10,2,-1000.0,0,0.0,0.0,0.0,inf,0.0,0.0,0.0,0.0,0,rolling,losing_streak_fitness,2_days,rep_3
train,3,53560,125287,125287,130699,44,14,2362,4.25,7,10,2,1193.5887063808873,14,319.0,414.0,95.0,4.3578947368421055,19.0,0.6428571428571429,22.785714285714285,19.0,1,rolling,losing_streak_fitness,2_days,rep_3
test,3,53560,125287,125287,130699,44,14,2362,4.25,7,10,2,-1000.0,0,0.0,0.0,0.0,inf,0.0,0.0,0.0,0.0,0,rolling,losing_streak_fitness,2_days,rep_3
train,3,53560,125287,125287,130699,45,14,1339,4.5,7,10,2,1193.5887063808873,14,319.0,414.0,95.0,4.3578947368421055,19.0,0.6428571428571429,22.785714285714285,19.0,1,rolling,losing_streak_fitness,2_days,rep_3
test,3,53560,125287,125287,130699,45,14,1339,4.5,7,10,2,-1000.0,0,0.0,0.0,0.0,inf,0.0,0.0,0.0,0.0,0,rolling,losing_streak_fitness,2_days,rep_3
train,3,53560,125287,125287,130699,46,14,1339,3.75,6,10,2,1193.5887063808873,14,319.0,414.0,95.0,4.3578947368421055,19.0,0.6428571428571429,22.785714285714285,19.0,1,rolling,losing_streak_fitness,2_days,rep_3
test,3,53560,125287,125287,130699,46,14,1339,3.75,6,10,2,-1000.0,0,0.0,0.0,0.0,inf,0.0,0.0,0.0,0.0,0,rolling,losing_streak_fitness,2_days,rep_3
train,3,53560,125287,125287,130699,47,14,2490,4.0,6,10,2,1193.5887063808873,14,319.0,414.0,95.0,4.3578947368421055,19.0,0.6428571428571429,22.785714285714285,19.0,1,rolling,losing_streak_fitness,2_days,rep_3
test,3,53560,125287,125287,130699,47,14,2490,4.0,6,10,2,-1000.0,0,0.0,0.0,0.0,inf,0.0,0.0,0.0,0.0,0,rolling,losing_streak_fitness,2_days,rep_3
train,3,53560,125287,125287,130699,48,14,3599,4.25,7,10,2,1193.5887063808873,14,319.0,414.0,95.0,4.3578947368421055,19.0,0.6428571428571429,22.785714285714285,19.0,1,rolling,losing_streak_fitness,2_days,rep_3
test,3,53560,125287,125287,130699,48,14,3599,4.25,7,10,2,-1000.0,0,0.0,0.0,0.0,inf,0.0,0.0,0.0,0.0,0,rolling,losing_streak_fitness,2_days,rep_3
train,3,53560,125287,125287,130699,49,14,3966,3.5,6,10,2,1193.5887063808873,14,319.0,414.0,95.0,4.3578947368421055,19.0,0.6428571428571429,22.785714285714285,19.0,1,rolling,losing_streak_fitness,2_days,rep_3
test,3,53560,125287,125287,130699,49,14,3966,3.5,6,10,2,-1000.0,0,0.0,0.0,0.0,inf,0.0,0.0,0.0,0.0,0,rolling,losing_streak_fitness,2_days,rep_3
train,3,53560,125287,125287,130699,50,14,3854,3.75,6,10,2,1193.5887063808873,14,319.0,414.0,95.0,4.3578947368421055,19.0,0.6428571428571429,22.785714285714285,19.0,1,rolling,losing_streak_fitness,2_days,rep_3
test,3,53560,125287,125287,130699,50,14,3854,3.75,6,10,2,-1000.0,0,0.0,0.0,0.0,inf,0.0,0.0,0.0,0.0,0,rolling,losing_streak_fitness,2_days,rep_3
train,3,53560,125287,125287,130699,51,14,2056,3.75,7,10,2,1193.5887063808873,14,319.0,414.0,95.0,4.3578947368421055,19.0,0.6428571428571429,22.785714285714285,19.0,1,rolling,losing_streak_fitness,2_days,rep_3
test,3,53560,125287,125287,130699,51,14,2056,3.75,7,10,2,-1000.0,0,0.0,0.0,0.0,inf,0.0,0.0,0.0,0.0,0,rolling,losing_streak_fitness,2_days,rep_3
train,3,53560,125287,125287,130699,52,14,2165,3.75,8,10,2,1193.5887063808873,14,319.0,414.0,95.0,4.3578947368421055,19.0,0.6428571428571429,22.785714285714285,19.0,1,rolling,losing_streak_fitness,2_days,rep_3
test,3,53560,125287,125287,130699,52,14,2165,3.75,8,10,2,-1000.0,0,0.0,0.0,0.0,inf,0.0,0.0,0.0,0.0,0,rolling,losing_streak_fitness,2_days,rep_3
train,3,53560,125287,125287,130699,53,14,2273,3.75,8,10,2,1193.5887063808873,14,319.0,414.0,95.0,4.3578947368421055,19.0,0.6428571428571429,22.785714285714285,19.0,1,rolling,losing_streak_fitness,2_days,rep_3
test,3,53560,125287,125287,130699,53,14,2273,3.75,8,10,2,-1000.0,0,0.0,0.0,0.0,inf,0.0,0.0,0.0,0.0,0,rolling,losing_streak_fitness,2_days,rep_3
train,3,53560,125287,125287,130699,54,14,2220,3.5,7,10,2,1193.5887063808873,14,319.0,414.0,95.0,4.3578947368421055,19.0,0.6428571428571429,22.785714285714285,19.0,1,rolling,losing_streak_fitness,2_days,rep_3
test,3,53560,125287,125287,130699,54,14,2220,3.5,7,10,2,-1000.0,0,0.0,0.0,0.0,inf,0.0,0.0,0.0,0.0,0,rolling,losing_streak_fitness,2_days,rep_3
train,3,53560,125287,125287,130699,55,14,1285,3.25,7,10,2,1193.5887063808873,14,319.0,414.0,95.0,4.3578947368421055,19.0,0.6428571428571429,22.785714285714285,19.0,1,rolling,losing_streak_fitness,2_days,rep_3
test,3,53560,125287,125287,130699,55,14,1285,3.25,7,10,2,-1000.0,0,0.0,0.0,0.0,inf,0.0,0.0,0.0,0.0,0,rolling,losing_streak_fitness,2_days,rep_3
train,3,53560,125287,125287,130699,56,14,3636,3.75,7,10,2,1193.5887063808873,14,319.0,414.0,95.0,4.3578947368421055,19.0,0.6428571428571429,22.785714285714285,19.0,1,rolling,losing_streak_fitness,2_days,rep_3
test,3,53560,125287,125287,130699,56,14,3636,3.75,7,10,2,-1000.0,0,0.0,0.0,0.0,inf,0.0,0.0,0.0,0.0,0,rolling,losing_streak_fitness,2_days,rep_3
train,3,53560,125287,125287,130699,57,14,2490,4.0,6,10,2,1193.5887063808873,14,319.0,414.0,95.0,4.3578947368421055,19.0,0.6428571428571429,22.785714285714285,19.0,1,rolling,losing_streak_fitness,2_days,rep_3
test,3,53560,125287,125287,130699,57,14,2490,4.0,6,10,2,-1000.0,0,0.0,0.0,0.0,inf,0.0,0.0,0.0,0.0,0,rolling,losing_streak_fitness,2_days,rep_3
train,3,53560,125287,125287,130699,58,14,1339,3.75,7,10,2,1193.5887063808873,14,319.0,414.0,95.0,4.3578947368421055,19.0,0.6428571428571429,22.785714285714285,19.0,1,rolling,losing_streak_fitness,2_days,rep_3
test,3,53560,125287,125287,130699,58,14,1339,3.75,7,10,2,-1000.0,0,0.0,0.0,0.0,inf,0.0,0.0,0.0,0.0,0,rolling,losing_streak_fitness,2_days,rep_3
train,3,53560,125287,125287,130699,59,14,1339,3.75,7,10,2,1193.5887063808873,14,319.0,414.0,95.0,4.3578947368421055,19.0,0.6428571428571429,22.785714285714285,19.0,1,rolling,losing_streak_fitness,2_days,rep_3
test,3,53560,125287,125287,130699,59,14,1339,3.75,7,10,2,-1000.0,0,0.0,0.0,0.0,inf,0.0,0.0,0.0,0.0,0,rolling,losing_streak_fitness,2_days,rep_3
train,3,53560,125287,125287,130699,60,14,3599,3.75,7,10,2,1193.5887063808873,14,319.0,414.0,95.0,4.3578947368421055,19.0,0.6428571428571429,22.785714285714285,19.0,1,rolling,losing_streak_fitness,2_days,rep_3
test,3,53560,125287,125287,130699,60,14,3599,3.75,7,10,2,-1000.0,0,0.0,0.0,0.0,inf,0.0,0.0,0.0,0.0,0,rolling,losing_streak_fitness,2_days,rep_3
train,3,53560,125287,125287,130699,61,14,1339,4.0,6,10,2,1193.5887063808873,14,319.0,414.0,95.0,4.3578947368421055,19.0,0.6428571428571429,22.785714285714285,19.0,1,rolling,losing_streak_fitness,2_days,rep_3
test,3,53560,125287,125287,130699,61,14,1339,4.0,6,10,2,-1000.0,0,0.0,0.0,0.0,inf,0.0,0.0,0.0,0.0,0,rolling,losing_streak_fitness,2_days,rep_3
train,3,53560,125287,125287,130699,62,14,2242,3.75,6,10,2,1193.5887063808873,14,319.0,414.0,95.0,4.3578947368421055,19.0,0.6428571428571429,22.785714285714285,19.0,1,rolling,losing_streak_fitness,2_days,rep_3
test,3,53560,125287,125287,130699,62,14,2242,3.75,6,10,2,-1000.0,0,0.0,0.0,0.0,inf,0.0,0.0,0.0,0.0,0,rolling,losing_streak_fitness,2_days,rep_3
train,3,53560,125287,125287,130699,63,14,2165,3.5,7,10,2,1193.5887063808873,14,319.0,414.0,95.0,4.3578947368421055,19.0,0.6428571428571429,22.785714285714285,19.0,1,rolling,losing_streak_fitness,2_days,rep_3
test,3,53560,125287,125287,130699,63,14,2165,3.5,7,10,2,-1000.0,0,0.0,0.0,0.0,inf,0.0,0.0,0.0,0.0,0,rolling,losing_streak_fitness,2_days,rep_3
train,3,53560,125287,125287,130699,64,14,3599,3.75,6,10,2,1193.5887063808873,14,319.0,414.0,95.0,4.3578947368421055,19.0,0.6428571428571429,22.785714285714285,19.0,1,rolling,losing_streak_fitness,2_days,rep_3
test,3,53560,125287,125287,130699,64,14,3599,3.75,6,10,2,-1000.0,0,0.0,0.0,0.0,inf,0.0,0.0,0.0,0.0,0,rolling,losing_streak_fitness,2_days,rep_3
train,3,53560,125287,125287,130699,65,14,2165,3.75,7,10,2,1193.5887063808873,14,319.0,414.0,95.0,4.3578947368421055,19.0,0.6428571428571429,22.785714285714285,19.0,1,rolling,losing_streak_fitness,2_days,rep_3
test,3,53560,125287,125287,130699,65,14,2165,3.75,7,10,2,-1000.0,0,0.0,0.0,0.0,inf,0.0,0.0,0.0,0.0,0,rolling,losing_streak_fitness,2_days,rep_3
train,3,53560,125287,125287,130699,66,14,2546,4.0,6,10,2,1193.5887063808873,14,319.0,414.0,95.0,4.3578947368421055,19.0,0.6428571428571429,22.785714285714285,19.0,1,rolling,losing_streak_fitness,2_days,rep_3
test,3,53560,125287,125287,130699,66,14,2546,4.0,6,10,2,-1000.0,0,0.0,0.0,0.0,inf,0.0,0.0,0.0,0.0,0,rolling,losing_streak_fitness,2_days,rep_3
train,3,53560,125287,125287,130699,67,14,3779,4.25,6,10,2,1193.5887063808873,14,319.0,414.0,95.0,4.3578947368421055,19.0,0.6428571428571429,22.785714285714285,19.0,1,rolling,losing_streak_fitness,2_days,rep_3
test,3,53560,125287,125287,130699,67,14,3779,4.25,6,10,2,-1000.0,0,0.0,0.0,0.0,inf,0.0,0.0,0.0,0.0,0,rolling,losing_streak_fitness,2_days,rep_3
train,3,53560,125287,125287,130699,68,14,2242,3.5,6,10,2,1193.5887063808873,14,319.0,414.0,95.0,4.3578947368421055,19.0,0.6428571428571429,22.785714285714285,19.0,1,rolling,losing_streak_fitness,2_days,rep_3
test,3,53560,125287,125287,130699,68,14,2242,3.5,6,10,2,-1000.0,0,0.0,0.0,0.0,inf,0.0,0.0,0.0,0.0,0,rolling,losing_streak_fitness,2_days,rep_3
train,3,53560,125287,125287,130699,69,14,4000,4.0,6,10,2,1193.5887063808873,14,319.0,414.0,95.0,4.3578947368421055,19.0,0.6428571428571429,22.785714285714285,19.0,1,rolling,losing_streak_fitness,2_days,rep_3
test,3,53560,125287,125287,130699,69,14,4000,4.0,6,10,2,-1000.0,0,0.0,0.0,0.0,inf,0.0,0.0,0.0,0.0,0,rolling,losing_streak_fitness,2_days,rep_3
train,3,53560,125287,125287,130699,70,14,2165,3.75,7,10,2,1193.5887063808873,14,319.0,414.0,95.0,4.3578947368421055,19.0,0.6428571428571429,22.785714285714285,19.0,1,rolling,losing_streak_fitness,2_days,rep_3
test,3,53560,125287,125287,130699,70,14,2165,3.75,7,10,2,-1000.0,0,0.0,0.0,0.0,inf,0.0,0.0,0.0,0.0,0,rolling,losing_streak_fitness,2_days,rep_3
train,3,53560,125287,125287,130699,71,14,2315,4.25,7,10,2,1193.5887063808873,14,319.0,414.0,95.0,4.3578947368421055,19.0,0.6428571428571429,22.785714285714285,19.0,1,rolling,losing_streak_fitness,2_days,rep_3
test,3,53560,125287,125287,130699,71,14,2315,4.25,7,10,2,-1000.0,0,0.0,0.0,0.0,inf,0.0,0.0,0.0,0.0,0,rolling,losing_streak_fitness,2_days,rep_3
train,3,53560,125287,125287,130699,72,14,2546,4.25,5,10,2,1193.5887063808873,14,319.0,414.0,95.0,4.3578947368421055,19.0,0.6428571428571429,22.785714285714285,19.0,1,rolling,losing_streak_fitness,2_days,rep_3
test,3,53560,125287,125287,130699,72,14,2546,4.25,5,10,2,-1000.0,0,0.0,0.0,0.0,inf,0.0,0.0,0.0,0.0,0,rolling,losing_streak_fitness,2_days,rep_3
train,3,53560,125287,125287,130699,73,14,3920,3.25,6,10,2,1193.5887063808873,14,319.0,414.0,95.0,4.3578947368421055,19.0,0.6428571428571429,22.785714285714285,19.0,1,rolling,losing_streak_fitness,2_days,rep_3
test,3,53560,125287,125287,130699,73,14,3920,3.25,6,10,2,-1000.0,0,0.0,0.0,0.0,inf,0.0,0.0,0.0,0.0,0,rolling,losing_streak_fitness,2_days,rep_3
train,3,53560,125287,125287,130699,74,14,2165,4.25,7,10,2,1193.5887063808873,14,319.0,414.0,95.0,4.3578947368421055,19.0,0.6428571428571429,22.785714285714285,19.0,1,rolling,losing_streak_fitness,2_days,rep_3
test,3,53560,125287,125287,130699,74,14,2165,4.25,7,10,2,-1000.0,0,0.0,0.0,0.0,inf,0.0,0.0,0.0,0.0,0,rolling,losing_streak_fitness,2_days,rep_3
train,3,53560,125287,125287,130699,75,14,2315,3.5,6,10,2,1193.5887063808873,14,319.0,414.0,95.0,4.3578947368421055,19.0,0.6428571428571429,22.785714285714285,19.0,1,rolling,losing_streak_fitness,2_days,rep_3
test,3,53560,125287,125287,130699,75,14,2315,3.5,6,10,2,-1000.0,0,0.0,0.0,0.0,inf,0.0,0.0,0.0,0.0,0,rolling,losing_streak_fitness,2_days,rep_3
train,3,53560,125287,125287,130699,76,14,1991,3.75,5,10,2,1193.5887063808873,14,319.0,414.0,95.0,4.3578947368421055,19.0,0.6428571428571429,22.785714285714285,19.0,1,rolling,losing_streak_fitness,2_days,rep_3
test,3,53560,125287,125287,130699,76,14,1991,3.75,5,10,2,-1000.0,0,0.0,0.0,0.0,inf,0.0,0.0,0.0,0.0,0,rolling,losing_streak_fitness,2_days,rep_3
train,3,53560,125287,125287,130699,77,14,1643,3.75,6,10,2,1193.5887063808873,14,319.0,414.0,95.0,4.3578947368421055,19.0,0.6428571428571429,22.785714285714285,19.0,1,rolling,losing_streak_fitness,2_days,rep_3
test,3,53560,125287,125287,130699,77,14,1643,3.75,6,10,2,-1000.0,0,0.0,0.0,0.0,inf,0.0,0.0,0.0,0.0,0,rolling,losing_streak_fitness,2_days,rep_3
train,3,53560,125287,125287,130699,78,14,2294,4.25,7,10,2,1193.5887063808873,14,319.0,414.0,95.0,4.3578947368421055,19.0,0.6428571428571429,22.785714285714285,19.0,1,rolling,losing_streak_fitness,2_days,rep_3
test,3,53560,125287,125287,130699,78,14,2294,4.25,7,10,2,-1000.0,0,0.0,0.0,0.0,inf,0.0,0.0,0.0,0.0,0,rolling,losing_streak_fitness,2_days,rep_3
train,3,53560,125287,125287,130699,79,14,4000,3.75,6,10,2,1193.5887063808873,14,319.0,414.0,95.0,4.3578947368421055,19.0,0.6428571428571429,22.785714285714285,19.0,1,rolling,losing_streak_fitness,2_days,rep_3
test,3,53560,125287,125287,130699,79,14,4000,3.75,6,10,2,-1000.0,0,0.0,0.0,0.0,inf,0.0,0.0,0.0,0.0,0,rolling,losing_streak_fitness,2_days,rep_3
train,3,53560,125287,125287,130699,80,14,3600,4.25,7,10,2,1193.5887063808873,14,319.0,414.0,95.0,4.3578947368421055,19.0,0.6428571428571429,22.785714285714285,19.0,1,rolling,losing_streak_fitness,2_days,rep_3
test,3,53560,125287,125287,130699,80,14,3600,4.25,7,10,2,-1000.0,0,0.0,0.0,0.0,inf,0.0,0.0,0.0,0.0,0,rolling,losing_streak_fitness,2_days,rep_3
train,3,53560,125287,125287,130699,81,14,1831,3.75,8,10,2,1193.5887063808873,14,319.0,414.0,95.0,4.3578947368421055,19.0,0.6428571428571429,22.785714285714285,19.0,1,rolling,losing_streak_fitness,2_days,rep_3
test,3,53560,125287,125287,130699,81,14,1831,3.75,8,10,2,-1000.0,0,0.0,0.0,0.0,inf,0.0,0.0,0.0,0.0,0,rolling,losing_streak_fitness,2_days,rep_3
train,3,53560,125287,125287,130699,82,14,4000,4.0,6,10,2,1193.5887063808873,14,319.0,414.0,95.0,4.3578947368421055,19.0,0.6428571428571429,22.785714285714285,19.0,1,rolling,losing_streak_fitness,2_days,rep_3
test,3,53560,125287,125287,130699,82,14,4000,4.0,6,10,2,-1000.0,0,0.0,0.0,0.0,inf,0.0,0.0,0.0,0.0,0,rolling,losing_streak_fitness,2_days,rep_3
train,3,53560,125287,125287,130699,83,14,2165,4.5,5,10,2,1193.5887063808873,14,319.0,414.0,95.0,4.3578947368421055,19.0,0.6428571428571429,22.785714285714285,19.0,1,rolling,losing_streak_fitness,2_days,rep_3
test,3,53560,125287,125287,130699,83,14,2165,4.5,5,10,2,-1000.0,0,0.0,0.0,0.0,inf,0.0,0.0,0.0,0.0,0,rolling,losing_streak_fitness,2_days,rep_3
train,3,53560,125287,125287,130699,84,14,2273,3.75,6,10,2,1193.5887063808873,14,319.0,414.0,95.0,4.3578947368421055,19.0,0.6428571428571429,22.785714285714285,19.0,1,rolling,losing_streak_fitness,2_days,rep_3
test,3,53560,125287,125287,130699,84,14,2273,3.75,6,10,2,-1000.0,0,0.0,0.0,0.0,inf,0.0,0.0,0.0,0.0,0,rolling,losing_streak_fitness,2_days,rep_3
train,3,53560,125287,125287,130699,85,14,4000,4.25,6,10,2,1193.5887063808873,14,319.0,414.0,95.0,4.3578947368421055,19.0,0.6428571428571429,22.785714285714285,19.0,1,rolling,losing_streak_fitness,2_days,rep_3
test,3,53560,125287,125287,130699,85,14,4000,4.25,6,10,2,-1000.0,0,0.0,0.0,0.0,inf,0.0,0.0,0.0,0.0,0,rolling,losing_streak_fitness,2_days,rep_3
train,3,53560,125287,125287,130699,86,14,1831,4.5,4,10,2,1193.5887063808873,14,319.0,414.0,95.0,4.3578947368421055,19.0,0.6428571428571429,22.785714285714285,19.0,1,rolling,losing_streak_fitness,2_days,rep_3
test,3,53560,125287,125287,130699,86,14,1831,4.5,4,10,2,-1000.0,0,0.0,0.0,0.0,inf,0.0,0.0,0.0,0.0,0,rolling,losing_streak_fitness,2_days,rep_3
train,3,53560,125287,125287,130699,87,14,2294,3.75,5,10,2,1193.5887063808873,14,319.0,414.0,95.0,4.3578947368421055,19.0,0.6428571428571429,22.785714285714285,19.0,1,rolling,losing_streak_fitness,2_days,rep_3
test,3,53560,125287,125287,130699,87,14,2294,3.75,5,10,2,-1000.0,0,0.0,0.0,0.0,inf,0.0,0.0,0.0,0.0,0,rolling,losing_streak_fitness,2_days,rep_3
train,3,53560,125287,125287,130699,88,14,1831,4.25,7,10,2,1193.5887063808873,14,319.0,414.0,95.0,4.3578947368421055,19.0,0.6428571428571429,22.785714285714285,19.0,1,rolling,losing_streak_fitness,2_days,rep_3
test,3,53560,125287,125287,130699,88,14,1831,4.25,7,10,2,-1000.0,0,0.0,0.0,0.0,inf,0.0,0.0,0.0,0.0,0,rolling,losing_streak_fitness,2_days,rep_3
train,3,53560,125287,125287,130699,89,14,2165,4.25,5,10,2,1193.5887063808873,14,319.0,414.0,95.0,4.3578947368421055,19.0,0.6428571428571429,22.785714285714285,19.0,1,rolling,losing_streak_fitness,2_days,rep_3
test,3,53560,125287,125287,130699,89,14,2165,4.25,5,10,2,-1000.0,0,0.0,0.0,0.0,inf,0.0,0.0,0.0,0.0,0,rolling,losing_streak_fitness,2_days,rep_3
train,3,53560,125287,125287,130699,90,14,2091,3.25,5,10,2,1193.5887063808873,14,319.0,414.0,95.0,4.3578947368421055,19.0,0.6428571428571429,22.785714285714285,19.0,1,rolling,losing_streak_fitness,2_days,rep_3
test,3,53560,125287,125287,130699,90,14,2091,3.25,5,10,2,-1000.0,0,0.0,0.0,0.0,inf,0.0,0.0,0.0,0.0,0,rolling,losing_streak_fitness,2_days,rep_3
train,3,53560,125287,125287,130699,91,14,4000,4.25,7,10,2,1193.5887063808873,14,319.0,414.0,95.0,4.3578947368421055,19.0,0.6428571428571429,22.785714285714285,19.0,1,rolling,losing_streak_fitness,2_days,rep_3
test,3,53560,125287,125287,130699,91,14,4000,4.25,7,10,2,-1000.0,0,0.0,0.0,0.0,inf,0.0,0.0,0.0,0.0,0,rolling,losing_streak_fitness,2_days,rep_3
train,3,53560,125287,125287,130699,92,14,1666,3.25,7,10,2,1193.5887063808873,14,319.0,414.0,95.0,4.3578947368421055,19.0,0.6428571428571429,22.785714285714285,19.0,1,rolling,losing_streak_fitness,2_days,rep_3
test,3,53560,125287,125287,130699,92,14,1666,3.25,7,10,2,-1000.0,0,0.0,0.0,0.0,inf,0.0,0.0,0.0,0.0,0,rolling,losing_streak_fitness,2_days,rep_3
train,3,53560,125287,125287,130699,93,14,1757,4.5,7,10,2,1193.5887063808873,14,319.0,414.0,95.0,4.3578947368421055,19.0,0.6428571428571429,22.785714285714285,19.0,1,rolling,losing_streak_fitness,2_days,rep_3
test,3,53560,125287,125287,130699,93,14,1757,4.5,7,10,2,-1000.0,0,0.0,0.0,0.0,inf,0.0,0.0,0.0,0.0,0,rolling,losing_streak_fitness,2_days,rep_3
train,3,53560,125287,125287,130699,94,14,2315,5.25,5,10,2,1193.5887063808873,14,319.0,414.0,95.0,4.3578947368421055,19.0,0.6428571428571429,22.785714285714285,19.0,1,rolling,losing_streak_fitness,2_days,rep_3
test,3,53560,125287,125287,130699,94,14,2315,5.25,5,10,2,-1000.0,0,0.0,0.0,0.0,inf,0.0,0.0,0.0,0.0,0,rolling,losing_streak_fitness,2_days,rep_3
train,3,53560,125287,125287,130699,95,14,2165,3.25,7,10,2,1193.5887063808873,14,319.0,414.0,95.0,4.3578947368421055,19.0,0.6428571428571429,22.785714285714285,19.0,1,rolling,losing_streak_fitness,2_days,rep_3
test,3,53560,125287,125287,130699,95,14,2165,3.25,7,10,2,-1000.0,0,0.0,0.0,0.0,inf,0.0,0.0,0.0,0.0,0,rolling,losing_streak_fitness,2_days,rep_3
train,3,53560,125287,125287,130699,96,14,2091,3.5,6,10,2,1193.5887063808873,14,319.0,414.0,95.0,4.3578947368421055,19.0,0.6428571428571429,22.785714285714285,19.0,1,rolling,losing_streak_fitness,2_days,rep_3
test,3,53560,125287,125287,130699,96,14,2091,3.5,6,10,2,-1000.0,0,0.0,0.0,0.0,inf,0.0,0.0,0.0,0.0,0,rolling,losing_streak_fitness,2_days,rep_3
train,3,53560,125287,125287,130699,97,14,2165,4.5,6,10,2,1193.5887063808873,14,319.0,414.0,95.0,4.3578947368421055,19.0,0.6428571428571429,22.785714285714285,19.0,1,rolling,losing_streak_fitness,2_days,rep_3
test,3,53560,125287,125287,130699,97,14,2165,4.5,6,10,2,-1000.0,0,0.0,0.0,0.0,inf,0.0,0.0,0.0,0.0,0,rolling,losing_streak_fitness,2_days,rep_3
train,3,53560,125287,125287,130699,98,14,2091,4.5,6,10,2,1193.5887063808873,14,319.0,414.0,95.0,4.3578947368421055,19.0,0.6428571428571429,22.785714285714285,19.0,1,rolling,losing_streak_fitness,2_days,rep_3
test,3,53560,125287,125287,130699,98,14,2091,4.5,6,10,2,-1000.0,0,0.0,0.0,0.0,inf,0.0,0.0,0.0,0.0,0,rolling,losing_streak_fitness,2_days,rep_3
train,3,53560,125287,125287,130699,99,14,1666,4.75,8,10,2,1193.5887063808873,14,319.0,414.0,95.0,4.3578947368421055,19.0,0.6428571428571429,22.785714285714285,19.0,1,rolling,losing_streak_fitness,2_days,rep_3
test,3,53560,125287,125287,130699,99,14,1666,4.75,8,10,2,-1000.0,0,0.0,0.0,0.0,inf,0.0,0.0,0.0,0.0,0,rolling,losing_streak_fitness,2_days,rep_3
train,3,53560,125287,125287,130699,100,14,2078,3.25,6,10,2,1193.5887063808873,14,319.0,414.0,95.0,4.3578947368421055,19.0,0.6428571428571429,22.785714285714285,19.0,1,rolling,losing_streak_fitness,2_days,rep_3
test,3,53560,125287,125287,130699,100,14,2078,3.25,6,10,2,-1000.0,0,0.0,0.0,0.0,inf,0.0,0.0,0.0,0.0,0,rolling,losing_streak_fitness,2_days,rep_3
