dataset_type,window_id,train_start,train_end,test_start,test_end,generation,min_impulse_candles,max_duration_ms,diagonal_imbalance_ratio_threshold,min_imbalance_count,take_profit_ticks,stop_loss_ticks,fitness,number_of_trades,net_profit,gross_profit,gross_loss,profit_factor,max_drawdown,win_rate,expectancy,biggest_loss,longest_losing_streak,walk_forward_type,fitness_function,train_size,repetition,analysis_generation,selected_generation
test,1,0,53560,53560,86986,0,13,3023,5.75,4,25,2,-1000.0,2,102.0,121.0,19.0,6.368421052631579,19.0,0.5,51.0,19.0,1,rolling,losing_streak_fitness,2_days,rep_1,0,0
train,1,0,53560,53560,86986,0,13,3023,5.75,4,25,2,50.31152949374527,5,45.0,121.0,76.0,1.5921052631578947,38.0,0.2,9.0,19.0,2,rolling,losing_streak_fitness,2_days,rep_1,0,0
test,1,0,53560,53560,86986,1,7,495,9.75,5,9,5,-103.9034088341039,10,-115.0,123.0,238.0,0.5168067226890757,238.0,0.3,-11.5,34.0,7,rolling,losing_streak_fitness,2_days,rep_1,1,1
train,1,0,53560,53560,86986,1,7,495,9.75,5,9,5,51.75,9,69.0,205.0,136.0,1.5073529411764706,136.0,0.5555555555555556,7.666666666666667,34.0,4,rolling,losing_streak_fitness,2_days,rep_1,1,1
test,1,0,53560,53560,86986,2,7,495,6.0,5,8,2,178.8854381999832,20,60.0,288.0,228.0,1.263157894736842,65.0,0.4,3.0,19.0,3,rolling,losing_streak_fitness,2_days,rep_1,2,2
train,1,0,53560,53560,86986,2,7,495,6.0,5,8,2,55.631645670427545,23,58.0,324.0,266.0,1.218045112781955,97.0,0.391304347826087,2.5217391304347827,19.0,5,rolling,losing_streak_fitness,2_days,rep_1,2,2
test,1,0,53560,53560,86986,3,7,460,7.75,5,8,2,387.2983346207417,15,100.0,252.0,152.0,1.6578947368421053,44.0,0.4666666666666667,6.666666666666667,19.0,2,rolling,losing_streak_fitness,2_days,rep_1,3,3
train,1,0,53560,53560,86986,3,7,460,7.75,5,8,2,136.0,16,136.0,288.0,152.0,1.894736842105263,76.0,0.5,8.5,19.0,4,rolling,losing_streak_fitness,2_days,rep_1,3,3
test,1,0,53560,53560,86986,3,7,460,7.75,5,8,2,387.2983346207417,15,100.0,252.0,152.0,1.6578947368421053,44.0,0.4666666666666667,6.666666666666667,19.0,2,rolling,losing_streak_fitness,2_days,rep_1,4,3
train,1,0,53560,53560,86986,3,7,460,7.75,5,8,2,136.0,16,136.0,288.0,152.0,1.894736842105263,76.0,0.5,8.5,19.0,4,rolling,losing_streak_fitness,2_days,rep_1,4,3
test,1,0,53560,53560,86986,5,7,460,9.25,5,7,2,301.8128559223414,11,91.0,186.0,95.0,1.9578947368421051,38.0,0.5454545454545454,8.272727272727273,19.0,2,rolling,losing_streak_fitness,2_days,rep_1,5,5
train,1,0,53560,53560,86986,5,7,460,9.25,5,7,2,193.5,9,129.0,186.0,57.0,3.263157894736842,38.0,0.6666666666666666,14.333333333333334,19.0,2,rolling,losing_streak_fitness,2_days,rep_1,5,5
test,1,0,53560,53560,86986,5,7,460,9.25,5,7,2,301.8128559223414,11,91.0,186.0,95.0,1.9578947368421051,38.0,0.5454545454545454,8.272727272727273,19.0,2,rolling,losing_streak_fitness,2_days,rep_1,6,5
train,1,0,53560,53560,86986,5,7,460,9.25,5,7,2,193.5,9,129.0,186.0,57.0,3.263157894736842,38.0,0.6666666666666666,14.333333333333334,19.0,2,rolling,losing_streak_fitness,2_days,rep_1,6,5
test,1,0,53560,53560,86986,7,7,1225,6.0,5,11,2,2.345207879911715,22,2.0,306.0,304.0,1.006578947368421,152.0,0.2727272727272727,0.0909090909090909,19.0,8,rolling,losing_streak_fitness,2_days,rep_1,7,7
train,1,0,53560,53560,86986,7,7,1225,6.0,5,11,2,194.33610060922803,27,187.0,510.0,323.0,1.5789473684210529,120.0,0.3703703703703703,6.925925925925926,19.0,5,rolling,losing_streak_fitness,2_days,rep_1,7,7
test,1,0,53560,53560,86986,8,7,1167,7.25,4,11,2,-117.57609828910334,29,-131.0,306.0,437.0,0.700228832951945,259.0,0.2068965517241379,-4.517241379310345,19.0,12,rolling,losing_streak_fitness,2_days,rep_1,8,8
train,1,0,53560,53560,86986,8,7,1167,7.25,4,11,2,232.91814251172252,31,251.0,612.0,361.0,1.6952908587257618,114.0,0.3870967741935484,8.096774193548388,19.0,6,rolling,losing_streak_fitness,2_days,rep_1,8,8
test,1,0,53560,53560,86986,8,7,1167,7.25,4,11,2,-117.57609828910334,29,-131.0,306.0,437.0,0.700228832951945,259.0,0.2068965517241379,-4.517241379310345,19.0,12,rolling,losing_streak_fitness,2_days,rep_1,9,8
train,1,0,53560,53560,86986,8,7,1167,7.25,4,11,2,232.91814251172252,31,251.0,612.0,361.0,1.6952908587257618,114.0,0.3870967741935484,8.096774193548388,19.0,6,rolling,losing_streak_fitness,2_days,rep_1,9,8
test,1,0,53560,53560,86986,8,7,1167,7.25,4,11,2,-117.57609828910334,29,-131.0,306.0,437.0,0.700228832951945,259.0,0.2068965517241379,-4.517241379310345,19.0,12,rolling,losing_streak_fitness,2_days,rep_1,10,8
train,1,0,53560,53560,86986,8,7,1167,7.25,4,11,2,232.91814251172252,31,251.0,612.0,361.0,1.6952908587257618,114.0,0.3870967741935484,8.096774193548388,19.0,6,rolling,losing_streak_fitness,2_days,rep_1,10,8
test,1,0,53560,53560,86986,11,7,1167,9.25,5,8,2,119.70430234540444,13,83.0,216.0,133.0,1.6240601503759398,95.0,0.4615384615384615,6.384615384615385,19.0,5,rolling,losing_streak_fitness,2_days,rep_1,11,11
train,1,0,53560,53560,86986,11,7,1167,9.25,5,8,2,271.9319767883137,12,157.0,252.0,95.0,2.652631578947368,38.0,0.5833333333333334,13.083333333333334,19.0,2,rolling,losing_streak_fitness,2_days,rep_1,11,11
test,1,0,53560,53560,86986,12,7,1167,7.25,4,10,2,-129.24395537122808,29,-96.0,322.0,418.0,0.7703349282296651,204.0,0.2413793103448276,-3.310344827586207,19.0,8,rolling,losing_streak_fitness,2_days,rep_1,12,12
train,1,0,53560,53560,86986,12,7,1167,7.25,4,10,2,284.7283305577832,32,302.0,644.0,342.0,1.8830409356725144,114.0,0.4375,9.4375,19.0,6,rolling,losing_streak_fitness,2_days,rep_1,12,12
test,1,0,53560,53560,86986,12,7,1167,7.25,4,10,2,-129.24395537122808,29,-96.0,322.0,418.0,0.7703349282296651,204.0,0.2413793103448276,-3.310344827586207,19.0,8,rolling,losing_streak_fitness,2_days,rep_1,13,12
train,1,0,53560,53560,86986,12,7,1167,7.25,4,10,2,284.7283305577832,32,302.0,644.0,342.0,1.8830409356725144,114.0,0.4375,9.4375,19.0,6,rolling,losing_streak_fitness,2_days,rep_1,13,12
test,1,0,53560,53560,86986,12,7,1167,7.25,4,10,2,-129.24395537122808,29,-96.0,322.0,418.0,0.7703349282296651,204.0,0.2413793103448276,-3.310344827586207,19.0,8,rolling,losing_streak_fitness,2_days,rep_1,14,12
train,1,0,53560,53560,86986,12,7,1167,7.25,4,10,2,284.7283305577832,32,302.0,644.0,342.0,1.8830409356725144,114.0,0.4375,9.4375,19.0,6,rolling,losing_streak_fitness,2_days,rep_1,14,12
test,1,0,53560,53560,86986,12,7,1167,7.25,4,10,2,-129.24395537122808,29,-96.0,322.0,418.0,0.7703349282296651,204.0,0.2413793103448276,-3.310344827586207,19.0,8,rolling,losing_streak_fitness,2_days,rep_1,15,12
train,1,0,53560,53560,86986,12,7,1167,7.25,4,10,2,284.7283305577832,32,302.0,644.0,342.0,1.8830409356725144,114.0,0.4375,9.4375,19.0,6,rolling,losing_streak_fitness,2_days,rep_1,15,12
test,1,0,53560,53560,86986,12,7,1167,7.25,4,10,2,-129.24395537122808,29,-96.0,322.0,418.0,0.7703349282296651,204.0,0.2413793103448276,-3.310344827586207,19.0,8,rolling,losing_streak_fitness,2_days,rep_1,16,12
train,1,0,53560,53560,86986,12,7,1167,7.25,4,10,2,284.7283305577832,32,302.0,644.0,342.0,1.8830409356725144,114.0,0.4375,9.4375,19.0,6,rolling,losing_streak_fitness,2_days,rep_1,16,12
test,1,0,53560,53560,86986,12,7,1167,7.25,4,10,2,-129.24395537122808,29,-96.0,322.0,418.0,0.7703349282296651,204.0,0.2413793103448276,-3.310344827586207,19.0,8,rolling,losing_streak_fitness,2_days,rep_1,17,12
train,1,0,53560,53560,86986,12,7,1167,7.25,4,10,2,284.7283305577832,32,302.0,644.0,342.0,1.8830409356725144,114.0,0.4375,9.4375,19.0,6,rolling,losing_streak_fitness,2_days,rep_1,17,12
test,1,0,53560,53560,86986,12,7,1167,7.25,4,10,2,-129.24395537122808,29,-96.0,322.0,418.0,0.7703349282296651,204.0,0.2413793103448276,-3.310344827586207,19.0,8,rolling,losing_streak_fitness,2_days,rep_1,18,12
train,1,0,53560,53560,86986,12,7,1167,7.25,4,10,2,284.7283305577832,32,302.0,644.0,342.0,1.8830409356725144,114.0,0.4375,9.4375,19.0,6,rolling,losing_streak_fitness,2_days,rep_1,18,12
test,1,0,53560,53560,86986,12,7,1167,7.25,4,10,2,-129.24395537122808,29,-96.0,322.0,418.0,0.7703349282296651,204.0,0.2413793103448276,-3.310344827586207,19.0,8,rolling,losing_streak_fitness,2_days,rep_1,19,12
train,1,0,53560,53560,86986,12,7,1167,7.25,4,10,2,284.7283305577832,32,302.0,644.0,342.0,1.8830409356725144,114.0,0.4375,9.4375,19.0,6,rolling,losing_streak_fitness,2_days,rep_1,19,12
test,1,0,53560,53560,86986,12,7,1167,7.25,4,10,2,-129.24395537122808,29,-96.0,322.0,418.0,0.7703349282296651,204.0,0.2413793103448276,-3.310344827586207,19.0,8,rolling,losing_streak_fitness,2_days,rep_1,20,12
train,1,0,53560,53560,86986,12,7,1167,7.25,4,10,2,284.7283305577832,32,302.0,644.0,342.0,1.8830409356725144,114.0,0.4375,9.4375,19.0,6,rolling,losing_streak_fitness,2_days,rep_1,20,12
test,1,0,53560,53560,86986,12,7,1167,7.25,4,10,2,-129.24395537122808,29,-96.0,322.0,418.0,0.7703349282296651,204.0,0.2413793103448276,-3.310344827586207,19.0,8,rolling,losing_streak_fitness,2_days,rep_1,21,12
train,1,0,53560,53560,86986,12,7,1167,7.25,4,10,2,284.7283305577832,32,302.0,644.0,342.0,1.8830409356725144,114.0,0.4375,9.4375,19.0,6,rolling,losing_streak_fitness,2_days,rep_1,21,12
test,1,0,53560,53560,86986,12,7,1167,7.25,4,10,2,-129.24395537122808,29,-96.0,322.0,418.0,0.7703349282296651,204.0,0.2413793103448276,-3.310344827586207,19.0,8,rolling,losing_streak_fitness,2_days,rep_1,22,12
train,1,0,53560,53560,86986,12,7,1167,7.25,4,10,2,284.7283305577832,32,302.0,644.0,342.0,1.8830409356725144,114.0,0.4375,9.4375,19.0,6,rolling,losing_streak_fitness,2_days,rep_1,22,12
test,1,0,53560,53560,86986,12,7,1167,7.25,4,10,2,-129.24395537122808,29,-96.0,322.0,418.0,0.7703349282296651,204.0,0.2413793103448276,-3.310344827586207,19.0,8,rolling,losing_streak_fitness,2_days,rep_1,23,12
train,1,0,53560,53560,86986,12,7,1167,7.25,4,10,2,284.7283305577832,32,302.0,644.0,342.0,1.8830409356725144,114.0,0.4375,9.4375,19.0,6,rolling,losing_streak_fitness,2_days,rep_1,23,12
test,1,0,53560,53560,86986,24,7,997,7.25,4,10,2,-101.86142547598676,28,-77.0,322.0,399.0,0.8070175438596491,185.0,0.25,-2.75,19.0,8,rolling,losing_streak_fitness,2_days,rep_1,24,24
train,1,0,53560,53560,86986,24,7,997,7.25,4,10,2,297.8753934114061,31,321.0,644.0,323.0,1.993808049535604,114.0,0.4516129032258064,10.35483870967742,19.0,6,rolling,losing_streak_fitness,2_days,rep_1,24,24
test,1,0,53560,53560,86986,24,7,997,7.25,4,10,2,-101.86142547598676,28,-77.0,322.0,399.0,0.8070175438596491,185.0,0.25,-2.75,19.0,8,rolling,losing_streak_fitness,2_days,rep_1,25,24
train,1,0,53560,53560,86986,24,7,997,7.25,4,10,2,297.8753934114061,31,321.0,644.0,323.0,1.993808049535604,114.0,0.4516129032258064,10.35483870967742,19.0,6,rolling,losing_streak_fitness,2_days,rep_1,25,24
test,1,0,53560,53560,86986,24,7,997,7.25,4,10,2,-101.86142547598676,28,-77.0,322.0,399.0,0.8070175438596491,185.0,0.25,-2.75,19.0,8,rolling,losing_streak_fitness,2_days,rep_1,26,24
train,1,0,53560,53560,86986,24,7,997,7.25,4,10,2,297.8753934114061,31,321.0,644.0,323.0,1.993808049535604,114.0,0.4516129032258064,10.35483870967742,19.0,6,rolling,losing_streak_fitness,2_days,rep_1,26,24
test,1,0,53560,53560,86986,24,7,997,7.25,4,10,2,-101.86142547598676,28,-77.0,322.0,399.0,0.8070175438596491,185.0,0.25,-2.75,19.0,8,rolling,losing_streak_fitness,2_days,rep_1,27,24
train,1,0,53560,53560,86986,24,7,997,7.25,4,10,2,297.8753934114061,31,321.0,644.0,323.0,1.993808049535604,114.0,0.4516129032258064,10.35483870967742,19.0,6,rolling,losing_streak_fitness,2_days,rep_1,27,24
test,1,0,53560,53560,86986,28,7,917,7.25,4,10,2,-101.86142547598676,28,-77.0,322.0,399.0,0.8070175438596491,185.0,0.25,-2.75,19.0,8,rolling,losing_streak_fitness,2_days,rep_1,28,28
train,1,0,53560,53560,86986,28,7,917,7.25,4,10,2,322.2123609602145,29,359.0,644.0,285.0,2.259649122807017,114.0,0.4827586206896552,12.379310344827584,19.0,6,rolling,losing_streak_fitness,2_days,rep_1,28,28
test,1,0,53560,53560,86986,28,7,917,7.25,4,10,2,-101.86142547598676,28,-77.0,322.0,399.0,0.8070175438596491,185.0,0.25,-2.75,19.0,8,rolling,losing_streak_fitness,2_days,rep_1,29,28
train,1,0,53560,53560,86986,28,7,917,7.25,4,10,2,322.2123609602145,29,359.0,644.0,285.0,2.259649122807017,114.0,0.4827586206896552,12.379310344827584,19.0,6,rolling,losing_streak_fitness,2_days,rep_1,29,28
test,1,0,53560,53560,86986,30,7,825,7.25,4,10,2,-101.86142547598676,28,-77.0,322.0,399.0,0.8070175438596491,185.0,0.25,-2.75,19.0,8,rolling,losing_streak_fitness,2_days,rep_1,30,30
train,1,0,53560,53560,86986,30,7,825,7.25,4,10,2,333.36466519413847,28,378.0,644.0,266.0,2.421052631578948,114.0,0.5,13.5,19.0,6,rolling,losing_streak_fitness,2_days,rep_1,30,30
test,1,0,53560,53560,86986,30,7,825,7.25,4,10,2,-101.86142547598676,28,-77.0,322.0,399.0,0.8070175438596491,185.0,0.25,-2.75,19.0,8,rolling,losing_streak_fitness,2_days,rep_1,31,30
train,1,0,53560,53560,86986,30,7,825,7.25,4,10,2,333.36466519413847,28,378.0,644.0,266.0,2.421052631578948,114.0,0.5,13.5,19.0,6,rolling,losing_streak_fitness,2_days,rep_1,31,30
test,1,0,53560,53560,86986,30,7,825,7.25,4,10,2,-101.86142547598676,28,-77.0,322.0,399.0,0.8070175438596491,185.0,0.25,-2.75,19.0,8,rolling,losing_streak_fitness,2_days,rep_1,32,30
train,1,0,53560,53560,86986,30,7,825,7.25,4,10,2,333.36466519413847,28,378.0,644.0,266.0,2.421052631578948,114.0,0.5,13.5,19.0,6,rolling,losing_streak_fitness,2_days,rep_1,32,30
test,1,0,53560,53560,86986,30,7,825,7.25,4,10,2,-101.86142547598676,28,-77.0,322.0,399.0,0.8070175438596491,185.0,0.25,-2.75,19.0,8,rolling,losing_streak_fitness,2_days,rep_1,33,30
train,1,0,53560,53560,86986,30,7,825,7.25,4,10,2,333.36466519413847,28,378.0,644.0,266.0,2.421052631578948,114.0,0.5,13.5,19.0,6,rolling,losing_streak_fitness,2_days,rep_1,33,30
test,1,0,53560,53560,86986,30,7,825,7.25,4,10,2,-101.86142547598676,28,-77.0,322.0,399.0,0.8070175438596491,185.0,0.25,-2.75,19.0,8,rolling,losing_streak_fitness,2_days,rep_1,34,30
train,1,0,53560,53560,86986,30,7,825,7.25,4,10,2,333.36466519413847,28,378.0,644.0,266.0,2.421052631578948,114.0,0.5,13.5,19.0,6,rolling,losing_streak_fitness,2_days,rep_1,34,30
test,1,0,53560,53560,86986,30,7,825,7.25,4,10,2,-101.86142547598676,28,-77.0,322.0,399.0,0.8070175438596491,185.0,0.25,-2.75,19.0,8,rolling,losing_streak_fitness,2_days,rep_1,35,30
train,1,0,53560,53560,86986,30,7,825,7.25,4,10,2,333.36466519413847,28,378.0,644.0,266.0,2.421052631578948,114.0,0.5,13.5,19.0,6,rolling,losing_streak_fitness,2_days,rep_1,35,30
test,1,0,53560,53560,86986,30,7,825,7.25,4,10,2,-101.86142547598676,28,-77.0,322.0,399.0,0.8070175438596491,185.0,0.25,-2.75,19.0,8,rolling,losing_streak_fitness,2_days,rep_1,36,30
train,1,0,53560,53560,86986,30,7,825,7.25,4,10,2,333.36466519413847,28,378.0,644.0,266.0,2.421052631578948,114.0,0.5,13.5,19.0,6,rolling,losing_streak_fitness,2_days,rep_1,36,30
test,1,0,53560,53560,86986,30,7,825,7.25,4,10,2,-101.86142547598676,28,-77.0,322.0,399.0,0.8070175438596491,185.0,0.25,-2.75,19.0,8,rolling,losing_streak_fitness,2_days,rep_1,37,30
train,1,0,53560,53560,86986,30,7,825,7.25,4,10,2,333.36466519413847,28,378.0,644.0,266.0,2.421052631578948,114.0,0.5,13.5,19.0,6,rolling,losing_streak_fitness,2_days,rep_1,37,30
test,1,0,53560,53560,86986,30,7,825,7.25,4,10,2,-101.86142547598676,28,-77.0,322.0,399.0,0.8070175438596491,185.0,0.25,-2.75,19.0,8,rolling,losing_streak_fitness,2_days,rep_1,38,30
train,1,0,53560,53560,86986,30,7,825,7.25,4,10,2,333.36466519413847,28,378.0,644.0,266.0,2.421052631578948,114.0,0.5,13.5,19.0,6,rolling,losing_streak_fitness,2_days,rep_1,38,30
test,1,0,53560,53560,86986,30,7,825,7.25,4,10,2,-101.86142547598676,28,-77.0,322.0,399.0,0.8070175438596491,185.0,0.25,-2.75,19.0,8,rolling,losing_streak_fitness,2_days,rep_1,39,30
train,1,0,53560,53560,86986,30,7,825,7.25,4,10,2,333.36466519413847,28,378.0,644.0,266.0,2.421052631578948,114.0,0.5,13.5,19.0,6,rolling,losing_streak_fitness,2_days,rep_1,39,30
test,1,0,53560,53560,86986,30,7,825,7.25,4,10,2,-101.86142547598676,28,-77.0,322.0,399.0,0.8070175438596491,185.0,0.25,-2.75,19.0,8,rolling,losing_streak_fitness,2_days,rep_1,40,30
train,1,0,53560,53560,86986,30,7,825,7.25,4,10,2,333.36466519413847,28,378.0,644.0,266.0,2.421052631578948,114.0,0.5,13.5,19.0,6,rolling,losing_streak_fitness,2_days,rep_1,40,30
test,1,0,53560,53560,86986,30,7,825,7.25,4,10,2,-101.86142547598676,28,-77.0,322.0,399.0,0.8070175438596491,185.0,0.25,-2.75,19.0,8,rolling,losing_streak_fitness,2_days,rep_1,41,30
train,1,0,53560,53560,86986,30,7,825,7.25,4,10,2,333.36466519413847,28,378.0,644.0,266.0,2.421052631578948,114.0,0.5,13.5,19.0,6,rolling,losing_streak_fitness,2_days,rep_1,41,30
test,1,0,53560,53560,86986,30,7,825,7.25,4,10,2,-101.86142547598676,28,-77.0,322.0,399.0,0.8070175438596491,185.0,0.25,-2.75,19.0,8,rolling,losing_streak_fitness,2_days,rep_1,42,30
train,1,0,53560,53560,86986,30,7,825,7.25,4,10,2,333.36466519413847,28,378.0,644.0,266.0,2.421052631578948,114.0,0.5,13.5,19.0,6,rolling,losing_streak_fitness,2_days,rep_1,42,30
test,1,0,53560,53560,86986,30,7,825,7.25,4,10,2,-101.86142547598676,28,-77.0,322.0,399.0,0.8070175438596491,185.0,0.25,-2.75,19.0,8,rolling,losing_streak_fitness,2_days,rep_1,43,30
train,1,0,53560,53560,86986,30,7,825,7.25,4,10,2,333.36466519413847,28,378.0,644.0,266.0,2.421052631578948,114.0,0.5,13.5,19.0,6,rolling,losing_streak_fitness,2_days,rep_1,43,30
test,1,0,53560,53560,86986,30,7,825,7.25,4,10,2,-101.86142547598676,28,-77.0,322.0,399.0,0.8070175438596491,185.0,0.25,-2.75,19.0,8,rolling,losing_streak_fitness,2_days,rep_1,44,30
train,1,0,53560,53560,86986,30,7,825,7.25,4,10,2,333.36466519413847,28,378.0,644.0,266.0,2.421052631578948,114.0,0.5,13.5,19.0,6,rolling,losing_streak_fitness,2_days,rep_1,44,30
test,1,0,53560,53560,86986,30,7,825,7.25,4,10,2,-101.86142547598676,28,-77.0,322.0,399.0,0.8070175438596491,185.0,0.25,-2.75,19.0,8,rolling,losing_streak_fitness,2_days,rep_1,45,30
train,1,0,53560,53560,86986,30,7,825,7.25,4,10,2,333.36466519413847,28,378.0,644.0,266.0,2.421052631578948,114.0,0.5,13.5,19.0,6,rolling,losing_streak_fitness,2_days,rep_1,45,30
test,1,0,53560,53560,86986,30,7,825,7.25,4,10,2,-101.86142547598676,28,-77.0,322.0,399.0,0.8070175438596491,185.0,0.25,-2.75,19.0,8,rolling,losing_streak_fitness,2_days,rep_1,46,30
train,1,0,53560,53560,86986,30,7,825,7.25,4,10,2,333.36466519413847,28,378.0,644.0,266.0,2.421052631578948,114.0,0.5,13.5,19.0,6,rolling,losing_streak_fitness,2_days,rep_1,46,30
test,1,0,53560,53560,86986,30,7,825,7.25,4,10,2,-101.86142547598676,28,-77.0,322.0,399.0,0.8070175438596491,185.0,0.25,-2.75,19.0,8,rolling,losing_streak_fitness,2_days,rep_1,47,30
train,1,0,53560,53560,86986,30,7,825,7.25,4,10,2,333.36466519413847,28,378.0,644.0,266.0,2.421052631578948,114.0,0.5,13.5,19.0,6,rolling,losing_streak_fitness,2_days,rep_1,47,30
test,1,0,53560,53560,86986,30,7,825,7.25,4,10,2,-101.86142547598676,28,-77.0,322.0,399.0,0.8070175438596491,185.0,0.25,-2.75,19.0,8,rolling,losing_streak_fitness,2_days,rep_1,48,30
train,1,0,53560,53560,86986,30,7,825,7.25,4,10,2,333.36466519413847,28,378.0,644.0,266.0,2.421052631578948,114.0,0.5,13.5,19.0,6,rolling,losing_streak_fitness,2_days,rep_1,48,30
test,1,0,53560,53560,86986,30,7,825,7.25,4,10,2,-101.86142547598676,28,-77.0,322.0,399.0,0.8070175438596491,185.0,0.25,-2.75,19.0,8,rolling,losing_streak_fitness,2_days,rep_1,49,30
train,1,0,53560,53560,86986,30,7,825,7.25,4,10,2,333.36466519413847,28,378.0,644.0,266.0,2.421052631578948,114.0,0.5,13.5,19.0,6,rolling,losing_streak_fitness,2_days,rep_1,49,30
test,1,0,53560,53560,86986,30,7,825,7.25,4,10,2,-101.86142547598676,28,-77.0,322.0,399.0,0.8070175438596491,185.0,0.25,-2.75,19.0,8,rolling,losing_streak_fitness,2_days,rep_1,50,30
train,1,0,53560,53560,86986,30,7,825,7.25,4,10,2,333.36466519413847,28,378.0,644.0,266.0,2.421052631578948,114.0,0.5,13.5,19.0,6,rolling,losing_streak_fitness,2_days,rep_1,50,30
test,1,0,53560,53560,86986,30,7,825,7.25,4,10,2,-101.86142547598676,28,-77.0,322.0,399.0,0.8070175438596491,185.0,0.25,-2.75,19.0,8,rolling,losing_streak_fitness,2_days,rep_1,51,30
train,1,0,53560,53560,86986,30,7,825,7.25,4,10,2,333.36466519413847,28,378.0,644.0,266.0,2.421052631578948,114.0,0.5,13.5,19.0,6,rolling,losing_streak_fitness,2_days,rep_1,51,30
test,1,0,53560,53560,86986,30,7,825,7.25,4,10,2,-101.86142547598676,28,-77.0,322.0,399.0,0.8070175438596491,185.0,0.25,-2.75,19.0,8,rolling,losing_streak_fitness,2_days,rep_1,52,30
train,1,0,53560,53560,86986,30,7,825,7.25,4,10,2,333.36466519413847,28,378.0,644.0,266.0,2.421052631578948,114.0,0.5,13.5,19.0,6,rolling,losing_streak_fitness,2_days,rep_1,52,30
test,1,0,53560,53560,86986,30,7,825,7.25,4,10,2,-101.86142547598676,28,-77.0,322.0,399.0,0.8070175438596491,185.0,0.25,-2.75,19.0,8,rolling,losing_streak_fitness,2_days,rep_1,53,30
train,1,0,53560,53560,86986,30,7,825,7.25,4,10,2,333.36466519413847,28,378.0,644.0,266.0,2.421052631578948,114.0,0.5,13.5,19.0,6,rolling,losing_streak_fitness,2_days,rep_1,53,30
test,1,0,53560,53560,86986,30,7,825,7.25,4,10,2,-101.86142547598676,28,-77.0,322.0,399.0,0.8070175438596491,185.0,0.25,-2.75,19.0,8,rolling,losing_streak_fitness,2_days,rep_1,54,30
train,1,0,53560,53560,86986,30,7,825,7.25,4,10,2,333.36466519413847,28,378.0,644.0,266.0,2.421052631578948,114.0,0.5,13.5,19.0,6,rolling,losing_streak_fitness,2_days,rep_1,54,30
test,1,0,53560,53560,86986,30,7,825,7.25,4,10,2,-101.86142547598676,28,-77.0,322.0,399.0,0.8070175438596491,185.0,0.25,-2.75,19.0,8,rolling,losing_streak_fitness,2_days,rep_1,55,30
train,1,0,53560,53560,86986,30,7,825,7.25,4,10,2,333.36466519413847,28,378.0,644.0,266.0,2.421052631578948,114.0,0.5,13.5,19.0,6,rolling,losing_streak_fitness,2_days,rep_1,55,30
test,1,0,53560,53560,86986,30,7,825,7.25,4,10,2,-101.86142547598676,28,-77.0,322.0,399.0,0.8070175438596491,185.0,0.25,-2.75,19.0,8,rolling,losing_streak_fitness,2_days,rep_1,56,30
train,1,0,53560,53560,86986,30,7,825,7.25,4,10,2,333.36466519413847,28,378.0,644.0,266.0,2.421052631578948,114.0,0.5,13.5,19.0,6,rolling,losing_streak_fitness,2_days,rep_1,56,30
test,1,0,53560,53560,86986,30,7,825,7.25,4,10,2,-101.86142547598676,28,-77.0,322.0,399.0,0.8070175438596491,185.0,0.25,-2.75,19.0,8,rolling,losing_streak_fitness,2_days,rep_1,57,30
train,1,0,53560,53560,86986,30,7,825,7.25,4,10,2,333.36466519413847,28,378.0,644.0,266.0,2.421052631578948,114.0,0.5,13.5,19.0,6,rolling,losing_streak_fitness,2_days,rep_1,57,30
test,1,0,53560,53560,86986,30,7,825,7.25,4,10,2,-101.86142547598676,28,-77.0,322.0,399.0,0.8070175438596491,185.0,0.25,-2.75,19.0,8,rolling,losing_streak_fitness,2_days,rep_1,58,30
train,1,0,53560,53560,86986,30,7,825,7.25,4,10,2,333.36466519413847,28,378.0,644.0,266.0,2.421052631578948,114.0,0.5,13.5,19.0,6,rolling,losing_streak_fitness,2_days,rep_1,58,30
test,1,0,53560,53560,86986,30,7,825,7.25,4,10,2,-101.86142547598676,28,-77.0,322.0,399.0,0.8070175438596491,185.0,0.25,-2.75,19.0,8,rolling,losing_streak_fitness,2_days,rep_1,59,30
train,1,0,53560,53560,86986,30,7,825,7.25,4,10,2,333.36466519413847,28,378.0,644.0,266.0,2.421052631578948,114.0,0.5,13.5,19.0,6,rolling,losing_streak_fitness,2_days,rep_1,59,30
test,1,0,53560,53560,86986,30,7,825,7.25,4,10,2,-101.86142547598676,28,-77.0,322.0,399.0,0.8070175438596491,185.0,0.25,-2.75,19.0,8,rolling,losing_streak_fitness,2_days,rep_1,60,30
train,1,0,53560,53560,86986,30,7,825,7.25,4,10,2,333.36466519413847,28,378.0,644.0,266.0,2.421052631578948,114.0,0.5,13.5,19.0,6,rolling,losing_streak_fitness,2_days,rep_1,60,30
test,1,0,53560,53560,86986,61,7,712,7.0,4,10,2,-33.333333333333336,25,-20.0,322.0,342.0,0.9415204678362572,147.0,0.28,-0.8,19.0,6,rolling,losing_streak_fitness,2_days,rep_1,61,61
train,1,0,53560,53560,86986,61,7,712,7.0,4,10,2,424.2384235309197,26,416.0,644.0,228.0,2.824561403508772,95.0,0.5384615384615384,16.0,19.0,5,rolling,losing_streak_fitness,2_days,rep_1,61,61
test,1,0,53560,53560,86986,61,7,712,7.0,4,10,2,-33.333333333333336,25,-20.0,322.0,342.0,0.9415204678362572,147.0,0.28,-0.8,19.0,6,rolling,losing_streak_fitness,2_days,rep_1,62,61
train,1,0,53560,53560,86986,61,7,712,7.0,4,10,2,424.2384235309197,26,416.0,644.0,228.0,2.824561403508772,95.0,0.5384615384615384,16.0,19.0,5,rolling,losing_streak_fitness,2_days,rep_1,62,61
test,1,0,53560,53560,86986,61,7,712,7.0,4,10,2,-33.333333333333336,25,-20.0,322.0,342.0,0.9415204678362572,147.0,0.28,-0.8,19.0,6,rolling,losing_streak_fitness,2_days,rep_1,63,61
train,1,0,53560,53560,86986,61,7,712,7.0,4,10,2,424.2384235309197,26,416.0,644.0,228.0,2.824561403508772,95.0,0.5384615384615384,16.0,19.0,5,rolling,losing_streak_fitness,2_days,rep_1,63,61
test,1,0,53560,53560,86986,61,7,712,7.0,4,10,2,-33.333333333333336,25,-20.0,322.0,342.0,0.9415204678362572,147.0,0.28,-0.8,19.0,6,rolling,losing_streak_fitness,2_days,rep_1,64,61
train,1,0,53560,53560,86986,61,7,712,7.0,4,10,2,424.2384235309197,26,416.0,644.0,228.0,2.824561403508772,95.0,0.5384615384615384,16.0,19.0,5,rolling,losing_streak_fitness,2_days,rep_1,64,61
test,1,0,53560,53560,86986,61,7,712,7.0,4,10,2,-33.333333333333336,25,-20.0,322.0,342.0,0.9415204678362572,147.0,0.28,-0.8,19.0,6,rolling,losing_streak_fitness,2_days,rep_1,65,61
train,1,0,53560,53560,86986,61,7,712,7.0,4,10,2,424.2384235309197,26,416.0,644.0,228.0,2.824561403508772,95.0,0.5384615384615384,16.0,19.0,5,rolling,losing_streak_fitness,2_days,rep_1,65,61
test,1,0,53560,53560,86986,61,7,712,7.0,4,10,2,-33.333333333333336,25,-20.0,322.0,342.0,0.9415204678362572,147.0,0.28,-0.8,19.0,6,rolling,losing_streak_fitness,2_days,rep_1,66,61
train,1,0,53560,53560,86986,61,7,712,7.0,4,10,2,424.2384235309197,26,416.0,644.0,228.0,2.824561403508772,95.0,0.5384615384615384,16.0,19.0,5,rolling,losing_streak_fitness,2_days,rep_1,66,61
test,1,0,53560,53560,86986,61,7,712,7.0,4,10,2,-33.333333333333336,25,-20.0,322.0,342.0,0.9415204678362572,147.0,0.28,-0.8,19.0,6,rolling,losing_streak_fitness,2_days,rep_1,67,61
train,1,0,53560,53560,86986,61,7,712,7.0,4,10,2,424.2384235309197,26,416.0,644.0,228.0,2.824561403508772,95.0,0.5384615384615384,16.0,19.0,5,rolling,losing_streak_fitness,2_days,rep_1,67,61
test,1,0,53560,53560,86986,61,7,712,7.0,4,10,2,-33.333333333333336,25,-20.0,322.0,342.0,0.9415204678362572,147.0,0.28,-0.8,19.0,6,rolling,losing_streak_fitness,2_days,rep_1,68,61
train,1,0,53560,53560,86986,61,7,712,7.0,4,10,2,424.2384235309197,26,416.0,644.0,228.0,2.824561403508772,95.0,0.5384615384615384,16.0,19.0,5,rolling,losing_streak_fitness,2_days,rep_1,68,61
test,1,0,53560,53560,86986,61,7,712,7.0,4,10,2,-33.333333333333336,25,-20.0,322.0,342.0,0.9415204678362572,147.0,0.28,-0.8,19.0,6,rolling,losing_streak_fitness,2_days,rep_1,69,61
train,1,0,53560,53560,86986,61,7,712,7.0,4,10,2,424.2384235309197,26,416.0,644.0,228.0,2.824561403508772,95.0,0.5384615384615384,16.0,19.0,5,rolling,losing_streak_fitness,2_days,rep_1,69,61
test,1,0,53560,53560,86986,61,7,712,7.0,4,10,2,-33.333333333333336,25,-20.0,322.0,342.0,0.9415204678362572,147.0,0.28,-0.8,19.0,6,rolling,losing_streak_fitness,2_days,rep_1,70,61
train,1,0,53560,53560,86986,61,7,712,7.0,4,10,2,424.2384235309197,26,416.0,644.0,228.0,2.824561403508772,95.0,0.5384615384615384,16.0,19.0,5,rolling,losing_streak_fitness,2_days,rep_1,70,61
test,1,0,53560,53560,86986,61,7,712,7.0,4,10,2,-33.333333333333336,25,-20.0,322.0,342.0,0.9415204678362572,147.0,0.28,-0.8,19.0,6,rolling,losing_streak_fitness,2_days,rep_1,71,61
train,1,0,53560,53560,86986,61,7,712,7.0,4,10,2,424.2384235309197,26,416.0,644.0,228.0,2.824561403508772,95.0,0.5384615384615384,16.0,19.0,5,rolling,losing_streak_fitness,2_days,rep_1,71,61
test,1,0,53560,53560,86986,61,7,712,7.0,4,10,2,-33.333333333333336,25,-20.0,322.0,342.0,0.9415204678362572,147.0,0.28,-0.8,19.0,6,rolling,losing_streak_fitness,2_days,rep_1,72,61
train,1,0,53560,53560,86986,61,7,712,7.0,4,10,2,424.2384235309197,26,416.0,644.0,228.0,2.824561403508772,95.0,0.5384615384615384,16.0,19.0,5,rolling,losing_streak_fitness,2_days,rep_1,72,61
test,1,0,53560,53560,86986,61,7,712,7.0,4,10,2,-33.333333333333336,25,-20.0,322.0,342.0,0.9415204678362572,147.0,0.28,-0.8,19.0,6,rolling,losing_streak_fitness,2_days,rep_1,73,61
train,1,0,53560,53560,86986,61,7,712,7.0,4,10,2,424.2384235309197,26,416.0,644.0,228.0,2.824561403508772,95.0,0.5384615384615384,16.0,19.0,5,rolling,losing_streak_fitness,2_days,rep_1,73,61
test,1,0,53560,53560,86986,61,7,712,7.0,4,10,2,-33.333333333333336,25,-20.0,322.0,342.0,0.9415204678362572,147.0,0.28,-0.8,19.0,6,rolling,losing_streak_fitness,2_days,rep_1,74,61
train,1,0,53560,53560,86986,61,7,712,7.0,4,10,2,424.2384235309197,26,416.0,644.0,228.0,2.824561403508772,95.0,0.5384615384615384,16.0,19.0,5,rolling,losing_streak_fitness,2_days,rep_1,74,61
test,1,0,53560,53560,86986,61,7,712,7.0,4,10,2,-33.333333333333336,25,-20.0,322.0,342.0,0.9415204678362572,147.0,0.28,-0.8,19.0,6,rolling,losing_streak_fitness,2_days,rep_1,75,61
train,1,0,53560,53560,86986,61,7,712,7.0,4,10,2,424.2384235309197,26,416.0,644.0,228.0,2.824561403508772,95.0,0.5384615384615384,16.0,19.0,5,rolling,losing_streak_fitness,2_days,rep_1,75,61
test,1,0,53560,53560,86986,61,7,712,7.0,4,10,2,-33.333333333333336,25,-20.0,322.0,342.0,0.9415204678362572,147.0,0.28,-0.8,19.0,6,rolling,losing_streak_fitness,2_days,rep_1,76,61
train,1,0,53560,53560,86986,61,7,712,7.0,4,10,2,424.2384235309197,26,416.0,644.0,228.0,2.824561403508772,95.0,0.5384615384615384,16.0,19.0,5,rolling,losing_streak_fitness,2_days,rep_1,76,61
test,1,0,53560,53560,86986,61,7,712,7.0,4,10,2,-33.333333333333336,25,-20.0,322.0,342.0,0.9415204678362572,147.0,0.28,-0.8,19.0,6,rolling,losing_streak_fitness,2_days,rep_1,77,61
train,1,0,53560,53560,86986,61,7,712,7.0,4,10,2,424.2384235309197,26,416.0,644.0,228.0,2.824561403508772,95.0,0.5384615384615384,16.0,19.0,5,rolling,losing_streak_fitness,2_days,rep_1,77,61
test,1,0,53560,53560,86986,61,7,712,7.0,4,10,2,-33.333333333333336,25,-20.0,322.0,342.0,0.9415204678362572,147.0,0.28,-0.8,19.0,6,rolling,losing_streak_fitness,2_days,rep_1,78,61
train,1,0,53560,53560,86986,61,7,712,7.0,4,10,2,424.2384235309197,26,416.0,644.0,228.0,2.824561403508772,95.0,0.5384615384615384,16.0,19.0,5,rolling,losing_streak_fitness,2_days,rep_1,78,61
test,1,0,53560,53560,86986,61,7,712,7.0,4,10,2,-33.333333333333336,25,-20.0,322.0,342.0,0.9415204678362572,147.0,0.28,-0.8,19.0,6,rolling,losing_streak_fitness,2_days,rep_1,79,61
train,1,0,53560,53560,86986,61,7,712,7.0,4,10,2,424.2384235309197,26,416.0,644.0,228.0,2.824561403508772,95.0,0.5384615384615384,16.0,19.0,5,rolling,losing_streak_fitness,2_days,rep_1,79,61
test,1,0,53560,53560,86986,61,7,712,7.0,4,10,2,-33.333333333333336,25,-20.0,322.0,342.0,0.9415204678362572,147.0,0.28,-0.8,19.0,6,rolling,losing_streak_fitness,2_days,rep_1,80,61
train,1,0,53560,53560,86986,61,7,712,7.0,4,10,2,424.2384235309197,26,416.0,644.0,228.0,2.824561403508772,95.0,0.5384615384615384,16.0,19.0,5,rolling,losing_streak_fitness,2_days,rep_1,80,61
test,1,0,53560,53560,86986,61,7,712,7.0,4,10,2,-33.333333333333336,25,-20.0,322.0,342.0,0.9415204678362572,147.0,0.28,-0.8,19.0,6,rolling,losing_streak_fitness,2_days,rep_1,81,61
train,1,0,53560,53560,86986,61,7,712,7.0,4,10,2,424.2384235309197,26,416.0,644.0,228.0,2.824561403508772,95.0,0.5384615384615384,16.0,19.0,5,rolling,losing_streak_fitness,2_days,rep_1,81,61
test,1,0,53560,53560,86986,61,7,712,7.0,4,10,2,-33.333333333333336,25,-20.0,322.0,342.0,0.9415204678362572,147.0,0.28,-0.8,19.0,6,rolling,losing_streak_fitness,2_days,rep_1,82,61
train,1,0,53560,53560,86986,61,7,712,7.0,4,10,2,424.2384235309197,26,416.0,644.0,228.0,2.824561403508772,95.0,0.5384615384615384,16.0,19.0,5,rolling,losing_streak_fitness,2_days,rep_1,82,61
test,1,0,53560,53560,86986,61,7,712,7.0,4,10,2,-33.333333333333336,25,-20.0,322.0,342.0,0.9415204678362572,147.0,0.28,-0.8,19.0,6,rolling,losing_streak_fitness,2_days,rep_1,83,61
train,1,0,53560,53560,86986,61,7,712,7.0,4,10,2,424.2384235309197,26,416.0,644.0,228.0,2.824561403508772,95.0,0.5384615384615384,16.0,19.0,5,rolling,losing_streak_fitness,2_days,rep_1,83,61
test,1,0,53560,53560,86986,61,7,712,7.0,4,10,2,-33.333333333333336,25,-20.0,322.0,342.0,0.9415204678362572,147.0,0.28,-0.8,19.0,6,rolling,losing_streak_fitness,2_days,rep_1,84,61
train,1,0,53560,53560,86986,61,7,712,7.0,4,10,2,424.2384235309197,26,416.0,644.0,228.0,2.824561403508772,95.0,0.5384615384615384,16.0,19.0,5,rolling,losing_streak_fitness,2_days,rep_1,84,61
test,1,0,53560,53560,86986,61,7,712,7.0,4,10,2,-33.333333333333336,25,-20.0,322.0,342.0,0.9415204678362572,147.0,0.28,-0.8,19.0,6,rolling,losing_streak_fitness,2_days,rep_1,85,61
train,1,0,53560,53560,86986,61,7,712,7.0,4,10,2,424.2384235309197,26,416.0,644.0,228.0,2.824561403508772,95.0,0.5384615384615384,16.0,19.0,5,rolling,losing_streak_fitness,2_days,rep_1,85,61
test,1,0,53560,53560,86986,61,7,712,7.0,4,10,2,-33.333333333333336,25,-20.0,322.0,342.0,0.9415204678362572,147.0,0.28,-0.8,19.0,6,rolling,losing_streak_fitness,2_days,rep_1,86,61
train,1,0,53560,53560,86986,61,7,712,7.0,4,10,2,424.2384235309197,26,416.0,644.0,228.0,2.824561403508772,95.0,0.5384615384615384,16.0,19.0,5,rolling,losing_streak_fitness,2_days,rep_1,86,61
test,1,0,53560,53560,86986,61,7,712,7.0,4,10,2,-33.333333333333336,25,-20.0,322.0,342.0,0.9415204678362572,147.0,0.28,-0.8,19.0,6,rolling,losing_streak_fitness,2_days,rep_1,87,61
train,1,0,53560,53560,86986,61,7,712,7.0,4,10,2,424.2384235309197,26,416.0,644.0,228.0,2.824561403508772,95.0,0.5384615384615384,16.0,19.0,5,rolling,losing_streak_fitness,2_days,rep_1,87,61
test,1,0,53560,53560,86986,61,7,712,7.0,4,10,2,-33.333333333333336,25,-20.0,322.0,342.0,0.9415204678362572,147.0,0.28,-0.8,19.0,6,rolling,losing_streak_fitness,2_days,rep_1,88,61
train,1,0,53560,53560,86986,61,7,712,7.0,4,10,2,424.2384235309197,26,416.0,644.0,228.0,2.824561403508772,95.0,0.5384615384615384,16.0,19.0,5,rolling,losing_streak_fitness,2_days,rep_1,88,61
test,1,0,53560,53560,86986,61,7,712,7.0,4,10,2,-33.333333333333336,25,-20.0,322.0,342.0,0.9415204678362572,147.0,0.28,-0.8,19.0,6,rolling,losing_streak_fitness,2_days,rep_1,89,61
train,1,0,53560,53560,86986,61,7,712,7.0,4,10,2,424.2384235309197,26,416.0,644.0,228.0,2.824561403508772,95.0,0.5384615384615384,16.0,19.0,5,rolling,losing_streak_fitness,2_days,rep_1,89,61
test,1,0,53560,53560,86986,61,7,712,7.0,4,10,2,-33.333333333333336,25,-20.0,322.0,342.0,0.9415204678362572,147.0,0.28,-0.8,19.0,6,rolling,losing_streak_fitness,2_days,rep_1,90,61
train,1,0,53560,53560,86986,61,7,712,7.0,4,10,2,424.2384235309197,26,416.0,644.0,228.0,2.824561403508772,95.0,0.5384615384615384,16.0,19.0,5,rolling,losing_streak_fitness,2_days,rep_1,90,61
test,1,0,53560,53560,86986,61,7,712,7.0,4,10,2,-33.333333333333336,25,-20.0,322.0,342.0,0.9415204678362572,147.0,0.28,-0.8,19.0,6,rolling,losing_streak_fitness,2_days,rep_1,91,61
train,1,0,53560,53560,86986,61,7,712,7.0,4,10,2,424.2384235309197,26,416.0,644.0,228.0,2.824561403508772,95.0,0.5384615384615384,16.0,19.0,5,rolling,losing_streak_fitness,2_days,rep_1,91,61
test,1,0,53560,53560,86986,61,7,712,7.0,4,10,2,-33.333333333333336,25,-20.0,322.0,342.0,0.9415204678362572,147.0,0.28,-0.8,19.0,6,rolling,losing_streak_fitness,2_days,rep_1,92,61
train,1,0,53560,53560,86986,61,7,712,7.0,4,10,2,424.2384235309197,26,416.0,644.0,228.0,2.824561403508772,95.0,0.5384615384615384,16.0,19.0,5,rolling,losing_streak_fitness,2_days,rep_1,92,61
test,1,0,53560,53560,86986,61,7,712,7.0,4,10,2,-33.333333333333336,25,-20.0,322.0,342.0,0.9415204678362572,147.0,0.28,-0.8,19.0,6,rolling,losing_streak_fitness,2_days,rep_1,93,61
train,1,0,53560,53560,86986,61,7,712,7.0,4,10,2,424.2384235309197,26,416.0,644.0,228.0,2.824561403508772,95.0,0.5384615384615384,16.0,19.0,5,rolling,losing_streak_fitness,2_days,rep_1,93,61
test,1,0,53560,53560,86986,61,7,712,7.0,4,10,2,-33.333333333333336,25,-20.0,322.0,342.0,0.9415204678362572,147.0,0.28,-0.8,19.0,6,rolling,losing_streak_fitness,2_days,rep_1,94,61
train,1,0,53560,53560,86986,61,7,712,7.0,4,10,2,424.2384235309197,26,416.0,644.0,228.0,2.824561403508772,95.0,0.5384615384615384,16.0,19.0,5,rolling,losing_streak_fitness,2_days,rep_1,94,61
test,1,0,53560,53560,86986,61,7,712,7.0,4,10,2,-33.333333333333336,25,-20.0,322.0,342.0,0.9415204678362572,147.0,0.28,-0.8,19.0,6,rolling,losing_streak_fitness,2_days,rep_1,95,61
train,1,0,53560,53560,86986,61,7,712,7.0,4,10,2,424.2384235309197,26,416.0,644.0,228.0,2.824561403508772,95.0,0.5384615384615384,16.0,19.0,5,rolling,losing_streak_fitness,2_days,rep_1,95,61
test,1,0,53560,53560,86986,61,7,712,7.0,4,10,2,-33.333333333333336,25,-20.0,322.0,342.0,0.9415204678362572,147.0,0.28,-0.8,19.0,6,rolling,losing_streak_fitness,2_days,rep_1,96,61
train,1,0,53560,53560,86986,61,7,712,7.0,4,10,2,424.2384235309197,26,416.0,644.0,228.0,2.824561403508772,95.0,0.5384615384615384,16.0,19.0,5,rolling,losing_streak_fitness,2_days,rep_1,96,61
test,1,0,53560,53560,86986,61,7,712,7.0,4,10,2,-33.333333333333336,25,-20.0,322.0,342.0,0.9415204678362572,147.0,0.28,-0.8,19.0,6,rolling,losing_streak_fitness,2_days,rep_1,97,61
train,1,0,53560,53560,86986,61,7,712,7.0,4,10,2,424.2384235309197,26,416.0,644.0,228.0,2.824561403508772,95.0,0.5384615384615384,16.0,19.0,5,rolling,losing_streak_fitness,2_days,rep_1,97,61
test,1,0,53560,53560,86986,61,7,712,7.0,4,10,2,-33.333333333333336,25,-20.0,322.0,342.0,0.9415204678362572,147.0,0.28,-0.8,19.0,6,rolling,losing_streak_fitness,2_days,rep_1,98,61
train,1,0,53560,53560,86986,61,7,712,7.0,4,10,2,424.2384235309197,26,416.0,644.0,228.0,2.824561403508772,95.0,0.5384615384615384,16.0,19.0,5,rolling,losing_streak_fitness,2_days,rep_1,98,61
test,1,0,53560,53560,86986,61,7,712,7.0,4,10,2,-33.333333333333336,25,-20.0,322.0,342.0,0.9415204678362572,147.0,0.28,-0.8,19.0,6,rolling,losing_streak_fitness,2_days,rep_1,99,61
train,1,0,53560,53560,86986,61,7,712,7.0,4,10,2,424.2384235309197,26,416.0,644.0,228.0,2.824561403508772,95.0,0.5384615384615384,16.0,19.0,5,rolling,losing_streak_fitness,2_days,rep_1,99,61
test,1,0,53560,53560,86986,61,7,712,7.0,4,10,2,-33.333333333333336,25,-20.0,322.0,342.0,0.9415204678362572,147.0,0.28,-0.8,19.0,6,rolling,losing_streak_fitness,2_days,rep_1,100,61
train,1,0,53560,53560,86986,61,7,712,7.0,4,10,2,424.2384235309197,26,416.0,644.0,228.0,2.824561403508772,95.0,0.5384615384615384,16.0,19.0,5,rolling,losing_streak_fitness,2_days,rep_1,100,61
test,2,22406,86986,86986,125287,0,13,1010,4.5,9,7,3,-118.58541225631424,10,-75.0,93.0,168.0,0.5535714285714286,106.0,0.3,-7.5,24.0,4,rolling,losing_streak_fitness,2_days,rep_1,0,0
train,2,22406,86986,86986,125287,0,13,1010,4.5,9,7,3,342.0,9,114.0,186.0,72.0,2.583333333333333,24.0,0.6666666666666666,12.666666666666666,24.0,1,rolling,losing_streak_fitness,2_days,rep_1,0,0
test,2,22406,86986,86986,125287,1,13,3618,4.5,9,19,3,76.75617371965355,11,81.0,273.0,192.0,1.421875,168.0,0.2727272727272727,7.363636363636363,24.0,7,rolling,losing_streak_fitness,2_days,rep_1,1,1
train,2,22406,86986,86986,125287,1,13,3618,4.5,9,19,3,492.34743829941874,6,201.0,273.0,72.0,3.7916666666666665,24.0,0.5,33.5,24.0,1,rolling,losing_streak_fitness,2_days,rep_1,1,1
test,2,22406,86986,86986,125287,1,13,3618,4.5,9,19,3,76.75617371965355,11,81.0,273.0,192.0,1.421875,168.0,0.2727272727272727,7.363636363636363,24.0,7,rolling,losing_streak_fitness,2_days,rep_1,2,1
train,2,22406,86986,86986,125287,1,13,3618,4.5,9,19,3,492.34743829941874,6,201.0,273.0,72.0,3.7916666666666665,24.0,0.5,33.5,24.0,1,rolling,losing_streak_fitness,2_days,rep_1,2,1
test,2,22406,86986,86986,125287,1,13,3618,4.5,9,19,3,76.75617371965355,11,81.0,273.0,192.0,1.421875,168.0,0.2727272727272727,7.363636363636363,24.0,7,rolling,losing_streak_fitness,2_days,rep_1,3,1
train,2,22406,86986,86986,125287,1,13,3618,4.5,9,19,3,492.34743829941874,6,201.0,273.0,72.0,3.7916666666666665,24.0,0.5,33.5,24.0,1,rolling,losing_streak_fitness,2_days,rep_1,3,1
test,2,22406,86986,86986,125287,1,13,3618,4.5,9,19,3,76.75617371965355,11,81.0,273.0,192.0,1.421875,168.0,0.2727272727272727,7.363636363636363,24.0,7,rolling,losing_streak_fitness,2_days,rep_1,4,1
train,2,22406,86986,86986,125287,1,13,3618,4.5,9,19,3,492.34743829941874,6,201.0,273.0,72.0,3.7916666666666665,24.0,0.5,33.5,24.0,1,rolling,losing_streak_fitness,2_days,rep_1,4,1
test,2,22406,86986,86986,125287,5,12,3473,4.5,9,11,2,311.88018532763505,13,173.0,306.0,133.0,2.300751879699248,76.0,0.4615384615384615,13.307692307692308,19.0,4,rolling,losing_streak_fitness,2_days,rep_1,5,5
train,2,22406,86986,86986,125287,5,12,3473,4.5,9,11,2,560.0285706997457,8,198.0,255.0,57.0,4.473684210526316,19.0,0.625,24.75,19.0,1,rolling,losing_streak_fitness,2_days,rep_1,5,5
test,2,22406,86986,86986,125287,5,12,3473,4.5,9,11,2,311.88018532763505,13,173.0,306.0,133.0,2.300751879699248,76.0,0.4615384615384615,13.307692307692308,19.0,4,rolling,losing_streak_fitness,2_days,rep_1,6,5
train,2,22406,86986,86986,125287,5,12,3473,4.5,9,11,2,560.0285706997457,8,198.0,255.0,57.0,4.473684210526316,19.0,0.625,24.75,19.0,1,rolling,losing_streak_fitness,2_days,rep_1,6,5
test,2,22406,86986,86986,125287,5,12,3473,4.5,9,11,2,311.88018532763505,13,173.0,306.0,133.0,2.300751879699248,76.0,0.4615384615384615,13.307692307692308,19.0,4,rolling,losing_streak_fitness,2_days,rep_1,7,5
train,2,22406,86986,86986,125287,5,12,3473,4.5,9,11,2,560.0285706997457,8,198.0,255.0,57.0,4.473684210526316,19.0,0.625,24.75,19.0,1,rolling,losing_streak_fitness,2_days,rep_1,7,5
test,2,22406,86986,86986,125287,5,12,3473,4.5,9,11,2,311.88018532763505,13,173.0,306.0,133.0,2.300751879699248,76.0,0.4615384615384615,13.307692307692308,19.0,4,rolling,losing_streak_fitness,2_days,rep_1,8,5
train,2,22406,86986,86986,125287,5,12,3473,4.5,9,11,2,560.0285706997457,8,198.0,255.0,57.0,4.473684210526316,19.0,0.625,24.75,19.0,1,rolling,losing_streak_fitness,2_days,rep_1,8,5
test,2,22406,86986,86986,125287,5,12,3473,4.5,9,11,2,311.88018532763505,13,173.0,306.0,133.0,2.300751879699248,76.0,0.4615384615384615,13.307692307692308,19.0,4,rolling,losing_streak_fitness,2_days,rep_1,9,5
train,2,22406,86986,86986,125287,5,12,3473,4.5,9,11,2,560.0285706997457,8,198.0,255.0,57.0,4.473684210526316,19.0,0.625,24.75,19.0,1,rolling,losing_streak_fitness,2_days,rep_1,9,5
test,2,22406,86986,86986,125287,5,12,3473,4.5,9,11,2,311.88018532763505,13,173.0,306.0,133.0,2.300751879699248,76.0,0.4615384615384615,13.307692307692308,19.0,4,rolling,losing_streak_fitness,2_days,rep_1,10,5
train,2,22406,86986,86986,125287,5,12,3473,4.5,9,11,2,560.0285706997457,8,198.0,255.0,57.0,4.473684210526316,19.0,0.625,24.75,19.0,1,rolling,losing_streak_fitness,2_days,rep_1,10,5
test,2,22406,86986,86986,125287,5,12,3473,4.5,9,11,2,311.88018532763505,13,173.0,306.0,133.0,2.300751879699248,76.0,0.4615384615384615,13.307692307692308,19.0,4,rolling,losing_streak_fitness,2_days,rep_1,11,5
train,2,22406,86986,86986,125287,5,12,3473,4.5,9,11,2,560.0285706997457,8,198.0,255.0,57.0,4.473684210526316,19.0,0.625,24.75,19.0,1,rolling,losing_streak_fitness,2_days,rep_1,11,5
test,2,22406,86986,86986,125287,5,12,3473,4.5,9,11,2,311.88018532763505,13,173.0,306.0,133.0,2.300751879699248,76.0,0.4615384615384615,13.307692307692308,19.0,4,rolling,losing_streak_fitness,2_days,rep_1,12,5
train,2,22406,86986,86986,125287,5,12,3473,4.5,9,11,2,560.0285706997457,8,198.0,255.0,57.0,4.473684210526316,19.0,0.625,24.75,19.0,1,rolling,losing_streak_fitness,2_days,rep_1,12,5
test,2,22406,86986,86986,125287,5,12,3473,4.5,9,11,2,311.88018532763505,13,173.0,306.0,133.0,2.300751879699248,76.0,0.4615384615384615,13.307692307692308,19.0,4,rolling,losing_streak_fitness,2_days,rep_1,13,5
train,2,22406,86986,86986,125287,5,12,3473,4.5,9,11,2,560.0285706997457,8,198.0,255.0,57.0,4.473684210526316,19.0,0.625,24.75,19.0,1,rolling,losing_streak_fitness,2_days,rep_1,13,5
test,2,22406,86986,86986,125287,5,12,3473,4.5,9,11,2,311.88018532763505,13,173.0,306.0,133.0,2.300751879699248,76.0,0.4615384615384615,13.307692307692308,19.0,4,rolling,losing_streak_fitness,2_days,rep_1,14,5
train,2,22406,86986,86986,125287,5,12,3473,4.5,9,11,2,560.0285706997457,8,198.0,255.0,57.0,4.473684210526316,19.0,0.625,24.75,19.0,1,rolling,losing_streak_fitness,2_days,rep_1,14,5
test,2,22406,86986,86986,125287,5,12,3473,4.5,9,11,2,311.88018532763505,13,173.0,306.0,133.0,2.300751879699248,76.0,0.4615384615384615,13.307692307692308,19.0,4,rolling,losing_streak_fitness,2_days,rep_1,15,5
train,2,22406,86986,86986,125287,5,12,3473,4.5,9,11,2,560.0285706997457,8,198.0,255.0,57.0,4.473684210526316,19.0,0.625,24.75,19.0,1,rolling,losing_streak_fitness,2_days,rep_1,15,5
test,2,22406,86986,86986,125287,5,12,3473,4.5,9,11,2,311.88018532763505,13,173.0,306.0,133.0,2.300751879699248,76.0,0.4615384615384615,13.307692307692308,19.0,4,rolling,losing_streak_fitness,2_days,rep_1,16,5
train,2,22406,86986,86986,125287,5,12,3473,4.5,9,11,2,560.0285706997457,8,198.0,255.0,57.0,4.473684210526316,19.0,0.625,24.75,19.0,1,rolling,losing_streak_fitness,2_days,rep_1,16,5
test,2,22406,86986,86986,125287,5,12,3473,4.5,9,11,2,311.88018532763505,13,173.0,306.0,133.0,2.300751879699248,76.0,0.4615384615384615,13.307692307692308,19.0,4,rolling,losing_streak_fitness,2_days,rep_1,17,5
train,2,22406,86986,86986,125287,5,12,3473,4.5,9,11,2,560.0285706997457,8,198.0,255.0,57.0,4.473684210526316,19.0,0.625,24.75,19.0,1,rolling,losing_streak_fitness,2_days,rep_1,17,5
test,2,22406,86986,86986,125287,5,12,3473,4.5,9,11,2,311.88018532763505,13,173.0,306.0,133.0,2.300751879699248,76.0,0.4615384615384615,13.307692307692308,19.0,4,rolling,losing_streak_fitness,2_days,rep_1,18,5
train,2,22406,86986,86986,125287,5,12,3473,4.5,9,11,2,560.0285706997457,8,198.0,255.0,57.0,4.473684210526316,19.0,0.625,24.75,19.0,1,rolling,losing_streak_fitness,2_days,rep_1,18,5
test,2,22406,86986,86986,125287,5,12,3473,4.5,9,11,2,311.88018532763505,13,173.0,306.0,133.0,2.300751879699248,76.0,0.4615384615384615,13.307692307692308,19.0,4,rolling,losing_streak_fitness,2_days,rep_1,19,5
train,2,22406,86986,86986,125287,5,12,3473,4.5,9,11,2,560.0285706997457,8,198.0,255.0,57.0,4.473684210526316,19.0,0.625,24.75,19.0,1,rolling,losing_streak_fitness,2_days,rep_1,19,5
test,2,22406,86986,86986,125287,5,12,3473,4.5,9,11,2,311.88018532763505,13,173.0,306.0,133.0,2.300751879699248,76.0,0.4615384615384615,13.307692307692308,19.0,4,rolling,losing_streak_fitness,2_days,rep_1,20,5
train,2,22406,86986,86986,125287,5,12,3473,4.5,9,11,2,560.0285706997457,8,198.0,255.0,57.0,4.473684210526316,19.0,0.625,24.75,19.0,1,rolling,losing_streak_fitness,2_days,rep_1,20,5
test,2,22406,86986,86986,125287,5,12,3473,4.5,9,11,2,311.88018532763505,13,173.0,306.0,133.0,2.300751879699248,76.0,0.4615384615384615,13.307692307692308,19.0,4,rolling,losing_streak_fitness,2_days,rep_1,21,5
train,2,22406,86986,86986,125287,5,12,3473,4.5,9,11,2,560.0285706997457,8,198.0,255.0,57.0,4.473684210526316,19.0,0.625,24.75,19.0,1,rolling,losing_streak_fitness,2_days,rep_1,21,5
test,2,22406,86986,86986,125287,5,12,3473,4.5,9,11,2,311.88018532763505,13,173.0,306.0,133.0,2.300751879699248,76.0,0.4615384615384615,13.307692307692308,19.0,4,rolling,losing_streak_fitness,2_days,rep_1,22,5
train,2,22406,86986,86986,125287,5,12,3473,4.5,9,11,2,560.0285706997457,8,198.0,255.0,57.0,4.473684210526316,19.0,0.625,24.75,19.0,1,rolling,losing_streak_fitness,2_days,rep_1,22,5
test,2,22406,86986,86986,125287,5,12,3473,4.5,9,11,2,311.88018532763505,13,173.0,306.0,133.0,2.300751879699248,76.0,0.4615384615384615,13.307692307692308,19.0,4,rolling,losing_streak_fitness,2_days,rep_1,23,5
train,2,22406,86986,86986,125287,5,12,3473,4.5,9,11,2,560.0285706997457,8,198.0,255.0,57.0,4.473684210526316,19.0,0.625,24.75,19.0,1,rolling,losing_streak_fitness,2_days,rep_1,23,5
test,2,22406,86986,86986,125287,5,12,3473,4.5,9,11,2,311.88018532763505,13,173.0,306.0,133.0,2.300751879699248,76.0,0.4615384615384615,13.307692307692308,19.0,4,rolling,losing_streak_fitness,2_days,rep_1,24,5
train,2,22406,86986,86986,125287,5,12,3473,4.5,9,11,2,560.0285706997457,8,198.0,255.0,57.0,4.473684210526316,19.0,0.625,24.75,19.0,1,rolling,losing_streak_fitness,2_days,rep_1,24,5
test,2,22406,86986,86986,125287,5,12,3473,4.5,9,11,2,311.88018532763505,13,173.0,306.0,133.0,2.300751879699248,76.0,0.4615384615384615,13.307692307692308,19.0,4,rolling,losing_streak_fitness,2_days,rep_1,25,5
train,2,22406,86986,86986,125287,5,12,3473,4.5,9,11,2,560.0285706997457,8,198.0,255.0,57.0,4.473684210526316,19.0,0.625,24.75,19.0,1,rolling,losing_streak_fitness,2_days,rep_1,25,5
test,2,22406,86986,86986,125287,5,12,3473,4.5,9,11,2,311.88018532763505,13,173.0,306.0,133.0,2.300751879699248,76.0,0.4615384615384615,13.307692307692308,19.0,4,rolling,losing_streak_fitness,2_days,rep_1,26,5
train,2,22406,86986,86986,125287,5,12,3473,4.5,9,11,2,560.0285706997457,8,198.0,255.0,57.0,4.473684210526316,19.0,0.625,24.75,19.0,1,rolling,losing_streak_fitness,2_days,rep_1,26,5
test,2,22406,86986,86986,125287,5,12,3473,4.5,9,11,2,311.88018532763505,13,173.0,306.0,133.0,2.300751879699248,76.0,0.4615384615384615,13.307692307692308,19.0,4,rolling,losing_streak_fitness,2_days,rep_1,27,5
train,2,22406,86986,86986,125287,5,12,3473,4.5,9,11,2,560.0285706997457,8,198.0,255.0,57.0,4.473684210526316,19.0,0.625,24.75,19.0,1,rolling,losing_streak_fitness,2_days,rep_1,27,5
test,2,22406,86986,86986,125287,5,12,3473,4.5,9,11,2,311.88018532763505,13,173.0,306.0,133.0,2.300751879699248,76.0,0.4615384615384615,13.307692307692308,19.0,4,rolling,losing_streak_fitness,2_days,rep_1,28,5
train,2,22406,86986,86986,125287,5,12,3473,4.5,9,11,2,560.0285706997457,8,198.0,255.0,57.0,4.473684210526316,19.0,0.625,24.75,19.0,1,rolling,losing_streak_fitness,2_days,rep_1,28,5
test,2,22406,86986,86986,125287,5,12,3473,4.5,9,11,2,311.88018532763505,13,173.0,306.0,133.0,2.300751879699248,76.0,0.4615384615384615,13.307692307692308,19.0,4,rolling,losing_streak_fitness,2_days,rep_1,29,5
train,2,22406,86986,86986,125287,5,12,3473,4.5,9,11,2,560.0285706997457,8,198.0,255.0,57.0,4.473684210526316,19.0,0.625,24.75,19.0,1,rolling,losing_streak_fitness,2_days,rep_1,29,5
test,2,22406,86986,86986,125287,5,12,3473,4.5,9,11,2,311.88018532763505,13,173.0,306.0,133.0,2.300751879699248,76.0,0.4615384615384615,13.307692307692308,19.0,4,rolling,losing_streak_fitness,2_days,rep_1,30,5
train,2,22406,86986,86986,125287,5,12,3473,4.5,9,11,2,560.0285706997457,8,198.0,255.0,57.0,4.473684210526316,19.0,0.625,24.75,19.0,1,rolling,losing_streak_fitness,2_days,rep_1,30,5
test,2,22406,86986,86986,125287,5,12,3473,4.5,9,11,2,311.88018532763505,13,173.0,306.0,133.0,2.300751879699248,76.0,0.4615384615384615,13.307692307692308,19.0,4,rolling,losing_streak_fitness,2_days,rep_1,31,5
train,2,22406,86986,86986,125287,5,12,3473,4.5,9,11,2,560.0285706997457,8,198.0,255.0,57.0,4.473684210526316,19.0,0.625,24.75,19.0,1,rolling,losing_streak_fitness,2_days,rep_1,31,5
test,2,22406,86986,86986,125287,5,12,3473,4.5,9,11,2,311.88018532763505,13,173.0,306.0,133.0,2.300751879699248,76.0,0.4615384615384615,13.307692307692308,19.0,4,rolling,losing_streak_fitness,2_days,rep_1,32,5
train,2,22406,86986,86986,125287,5,12,3473,4.5,9,11,2,560.0285706997457,8,198.0,255.0,57.0,4.473684210526316,19.0,0.625,24.75,19.0,1,rolling,losing_streak_fitness,2_days,rep_1,32,5
test,2,22406,86986,86986,125287,5,12,3473,4.5,9,11,2,311.88018532763505,13,173.0,306.0,133.0,2.300751879699248,76.0,0.4615384615384615,13.307692307692308,19.0,4,rolling,losing_streak_fitness,2_days,rep_1,33,5
train,2,22406,86986,86986,125287,5,12,3473,4.5,9,11,2,560.0285706997457,8,198.0,255.0,57.0,4.473684210526316,19.0,0.625,24.75,19.0,1,rolling,losing_streak_fitness,2_days,rep_1,33,5
test,2,22406,86986,86986,125287,5,12,3473,4.5,9,11,2,311.88018532763505,13,173.0,306.0,133.0,2.300751879699248,76.0,0.4615384615384615,13.307692307692308,19.0,4,rolling,losing_streak_fitness,2_days,rep_1,34,5
train,2,22406,86986,86986,125287,5,12,3473,4.5,9,11,2,560.0285706997457,8,198.0,255.0,57.0,4.473684210526316,19.0,0.625,24.75,19.0,1,rolling,losing_streak_fitness,2_days,rep_1,34,5
test,2,22406,86986,86986,125287,5,12,3473,4.5,9,11,2,311.88018532763505,13,173.0,306.0,133.0,2.300751879699248,76.0,0.4615384615384615,13.307692307692308,19.0,4,rolling,losing_streak_fitness,2_days,rep_1,35,5
train,2,22406,86986,86986,125287,5,12,3473,4.5,9,11,2,560.0285706997457,8,198.0,255.0,57.0,4.473684210526316,19.0,0.625,24.75,19.0,1,rolling,losing_streak_fitness,2_days,rep_1,35,5
test,2,22406,86986,86986,125287,5,12,3473,4.5,9,11,2,311.88018532763505,13,173.0,306.0,133.0,2.300751879699248,76.0,0.4615384615384615,13.307692307692308,19.0,4,rolling,losing_streak_fitness,2_days,rep_1,36,5
train,2,22406,86986,86986,125287,5,12,3473,4.5,9,11,2,560.0285706997457,8,198.0,255.0,57.0,4.473684210526316,19.0,0.625,24.75,19.0,1,rolling,losing_streak_fitness,2_days,rep_1,36,5
test,2,22406,86986,86986,125287,5,12,3473,4.5,9,11,2,311.88018532763505,13,173.0,306.0,133.0,2.300751879699248,76.0,0.4615384615384615,13.307692307692308,19.0,4,rolling,losing_streak_fitness,2_days,rep_1,37,5
train,2,22406,86986,86986,125287,5,12,3473,4.5,9,11,2,560.0285706997457,8,198.0,255.0,57.0,4.473684210526316,19.0,0.625,24.75,19.0,1,rolling,losing_streak_fitness,2_days,rep_1,37,5
test,2,22406,86986,86986,125287,5,12,3473,4.5,9,11,2,311.88018532763505,13,173.0,306.0,133.0,2.300751879699248,76.0,0.4615384615384615,13.307692307692308,19.0,4,rolling,losing_streak_fitness,2_days,rep_1,38,5
train,2,22406,86986,86986,125287,5,12,3473,4.5,9,11,2,560.0285706997457,8,198.0,255.0,57.0,4.473684210526316,19.0,0.625,24.75,19.0,1,rolling,losing_streak_fitness,2_days,rep_1,38,5
test,2,22406,86986,86986,125287,5,12,3473,4.5,9,11,2,311.88018532763505,13,173.0,306.0,133.0,2.300751879699248,76.0,0.4615384615384615,13.307692307692308,19.0,4,rolling,losing_streak_fitness,2_days,rep_1,39,5
train,2,22406,86986,86986,125287,5,12,3473,4.5,9,11,2,560.0285706997457,8,198.0,255.0,57.0,4.473684210526316,19.0,0.625,24.75,19.0,1,rolling,losing_streak_fitness,2_days,rep_1,39,5
test,2,22406,86986,86986,125287,5,12,3473,4.5,9,11,2,311.88018532763505,13,173.0,306.0,133.0,2.300751879699248,76.0,0.4615384615384615,13.307692307692308,19.0,4,rolling,losing_streak_fitness,2_days,rep_1,40,5
train,2,22406,86986,86986,125287,5,12,3473,4.5,9,11,2,560.0285706997457,8,198.0,255.0,57.0,4.473684210526316,19.0,0.625,24.75,19.0,1,rolling,losing_streak_fitness,2_days,rep_1,40,5
test,2,22406,86986,86986,125287,5,12,3473,4.5,9,11,2,311.88018532763505,13,173.0,306.0,133.0,2.300751879699248,76.0,0.4615384615384615,13.307692307692308,19.0,4,rolling,losing_streak_fitness,2_days,rep_1,41,5
train,2,22406,86986,86986,125287,5,12,3473,4.5,9,11,2,560.0285706997457,8,198.0,255.0,57.0,4.473684210526316,19.0,0.625,24.75,19.0,1,rolling,losing_streak_fitness,2_days,rep_1,41,5
test,2,22406,86986,86986,125287,5,12,3473,4.5,9,11,2,311.88018532763505,13,173.0,306.0,133.0,2.300751879699248,76.0,0.4615384615384615,13.307692307692308,19.0,4,rolling,losing_streak_fitness,2_days,rep_1,42,5
train,2,22406,86986,86986,125287,5,12,3473,4.5,9,11,2,560.0285706997457,8,198.0,255.0,57.0,4.473684210526316,19.0,0.625,24.75,19.0,1,rolling,losing_streak_fitness,2_days,rep_1,42,5
test,2,22406,86986,86986,125287,5,12,3473,4.5,9,11,2,311.88018532763505,13,173.0,306.0,133.0,2.300751879699248,76.0,0.4615384615384615,13.307692307692308,19.0,4,rolling,losing_streak_fitness,2_days,rep_1,43,5
train,2,22406,86986,86986,125287,5,12,3473,4.5,9,11,2,560.0285706997457,8,198.0,255.0,57.0,4.473684210526316,19.0,0.625,24.75,19.0,1,rolling,losing_streak_fitness,2_days,rep_1,43,5
test,2,22406,86986,86986,125287,5,12,3473,4.5,9,11,2,311.88018532763505,13,173.0,306.0,133.0,2.300751879699248,76.0,0.4615384615384615,13.307692307692308,19.0,4,rolling,losing_streak_fitness,2_days,rep_1,44,5
train,2,22406,86986,86986,125287,5,12,3473,4.5,9,11,2,560.0285706997457,8,198.0,255.0,57.0,4.473684210526316,19.0,0.625,24.75,19.0,1,rolling,losing_streak_fitness,2_days,rep_1,44,5
test,2,22406,86986,86986,125287,5,12,3473,4.5,9,11,2,311.88018532763505,13,173.0,306.0,133.0,2.300751879699248,76.0,0.4615384615384615,13.307692307692308,19.0,4,rolling,losing_streak_fitness,2_days,rep_1,45,5
train,2,22406,86986,86986,125287,5,12,3473,4.5,9,11,2,560.0285706997457,8,198.0,255.0,57.0,4.473684210526316,19.0,0.625,24.75,19.0,1,rolling,losing_streak_fitness,2_days,rep_1,45,5
test,2,22406,86986,86986,125287,5,12,3473,4.5,9,11,2,311.88018532763505,13,173.0,306.0,133.0,2.300751879699248,76.0,0.4615384615384615,13.307692307692308,19.0,4,rolling,losing_streak_fitness,2_days,rep_1,46,5
train,2,22406,86986,86986,125287,5,12,3473,4.5,9,11,2,560.0285706997457,8,198.0,255.0,57.0,4.473684210526316,19.0,0.625,24.75,19.0,1,rolling,losing_streak_fitness,2_days,rep_1,46,5
test,2,22406,86986,86986,125287,5,12,3473,4.5,9,11,2,311.88018532763505,13,173.0,306.0,133.0,2.300751879699248,76.0,0.4615384615384615,13.307692307692308,19.0,4,rolling,losing_streak_fitness,2_days,rep_1,47,5
train,2,22406,86986,86986,125287,5,12,3473,4.5,9,11,2,560.0285706997457,8,198.0,255.0,57.0,4.473684210526316,19.0,0.625,24.75,19.0,1,rolling,losing_streak_fitness,2_days,rep_1,47,5
test,2,22406,86986,86986,125287,5,12,3473,4.5,9,11,2,311.88018532763505,13,173.0,306.0,133.0,2.300751879699248,76.0,0.4615384615384615,13.307692307692308,19.0,4,rolling,losing_streak_fitness,2_days,rep_1,48,5
train,2,22406,86986,86986,125287,5,12,3473,4.5,9,11,2,560.0285706997457,8,198.0,255.0,57.0,4.473684210526316,19.0,0.625,24.75,19.0,1,rolling,losing_streak_fitness,2_days,rep_1,48,5
test,2,22406,86986,86986,125287,5,12,3473,4.5,9,11,2,311.88018532763505,13,173.0,306.0,133.0,2.300751879699248,76.0,0.4615384615384615,13.307692307692308,19.0,4,rolling,losing_streak_fitness,2_days,rep_1,49,5
train,2,22406,86986,86986,125287,5,12,3473,4.5,9,11,2,560.0285706997457,8,198.0,255.0,57.0,4.473684210526316,19.0,0.625,24.75,19.0,1,rolling,losing_streak_fitness,2_days,rep_1,49,5
test,2,22406,86986,86986,125287,5,12,3473,4.5,9,11,2,311.88018532763505,13,173.0,306.0,133.0,2.300751879699248,76.0,0.4615384615384615,13.307692307692308,19.0,4,rolling,losing_streak_fitness,2_days,rep_1,50,5
train,2,22406,86986,86986,125287,5,12,3473,4.5,9,11,2,560.0285706997457,8,198.0,255.0,57.0,4.473684210526316,19.0,0.625,24.75,19.0,1,rolling,losing_streak_fitness,2_days,rep_1,50,5
test,2,22406,86986,86986,125287,5,12,3473,4.5,9,11,2,311.88018532763505,13,173.0,306.0,133.0,2.300751879699248,76.0,0.4615384615384615,13.307692307692308,19.0,4,rolling,losing_streak_fitness,2_days,rep_1,51,5
train,2,22406,86986,86986,125287,5,12,3473,4.5,9,11,2,560.0285706997457,8,198.0,255.0,57.0,4.473684210526316,19.0,0.625,24.75,19.0,1,rolling,losing_streak_fitness,2_days,rep_1,51,5
test,2,22406,86986,86986,125287,5,12,3473,4.5,9,11,2,311.88018532763505,13,173.0,306.0,133.0,2.300751879699248,76.0,0.4615384615384615,13.307692307692308,19.0,4,rolling,losing_streak_fitness,2_days,rep_1,52,5
train,2,22406,86986,86986,125287,5,12,3473,4.5,9,11,2,560.0285706997457,8,198.0,255.0,57.0,4.473684210526316,19.0,0.625,24.75,19.0,1,rolling,losing_streak_fitness,2_days,rep_1,52,5
test,2,22406,86986,86986,125287,5,12,3473,4.5,9,11,2,311.88018532763505,13,173.0,306.0,133.0,2.300751879699248,76.0,0.4615384615384615,13.307692307692308,19.0,4,rolling,losing_streak_fitness,2_days,rep_1,53,5
train,2,22406,86986,86986,125287,5,12,3473,4.5,9,11,2,560.0285706997457,8,198.0,255.0,57.0,4.473684210526316,19.0,0.625,24.75,19.0,1,rolling,losing_streak_fitness,2_days,rep_1,53,5
test,2,22406,86986,86986,125287,5,12,3473,4.5,9,11,2,311.88018532763505,13,173.0,306.0,133.0,2.300751879699248,76.0,0.4615384615384615,13.307692307692308,19.0,4,rolling,losing_streak_fitness,2_days,rep_1,54,5
train,2,22406,86986,86986,125287,5,12,3473,4.5,9,11,2,560.0285706997457,8,198.0,255.0,57.0,4.473684210526316,19.0,0.625,24.75,19.0,1,rolling,losing_streak_fitness,2_days,rep_1,54,5
test,2,22406,86986,86986,125287,5,12,3473,4.5,9,11,2,311.88018532763505,13,173.0,306.0,133.0,2.300751879699248,76.0,0.4615384615384615,13.307692307692308,19.0,4,rolling,losing_streak_fitness,2_days,rep_1,55,5
train,2,22406,86986,86986,125287,5,12,3473,4.5,9,11,2,560.0285706997457,8,198.0,255.0,57.0,4.473684210526316,19.0,0.625,24.75,19.0,1,rolling,losing_streak_fitness,2_days,rep_1,55,5
test,2,22406,86986,86986,125287,5,12,3473,4.5,9,11,2,311.88018532763505,13,173.0,306.0,133.0,2.300751879699248,76.0,0.4615384615384615,13.307692307692308,19.0,4,rolling,losing_streak_fitness,2_days,rep_1,56,5
train,2,22406,86986,86986,125287,5,12,3473,4.5,9,11,2,560.0285706997457,8,198.0,255.0,57.0,4.473684210526316,19.0,0.625,24.75,19.0,1,rolling,losing_streak_fitness,2_days,rep_1,56,5
test,2,22406,86986,86986,125287,5,12,3473,4.5,9,11,2,311.88018532763505,13,173.0,306.0,133.0,2.300751879699248,76.0,0.4615384615384615,13.307692307692308,19.0,4,rolling,losing_streak_fitness,2_days,rep_1,57,5
train,2,22406,86986,86986,125287,5,12,3473,4.5,9,11,2,560.0285706997457,8,198.0,255.0,57.0,4.473684210526316,19.0,0.625,24.75,19.0,1,rolling,losing_streak_fitness,2_days,rep_1,57,5
test,2,22406,86986,86986,125287,5,12,3473,4.5,9,11,2,311.88018532763505,13,173.0,306.0,133.0,2.300751879699248,76.0,0.4615384615384615,13.307692307692308,19.0,4,rolling,losing_streak_fitness,2_days,rep_1,58,5
train,2,22406,86986,86986,125287,5,12,3473,4.5,9,11,2,560.0285706997457,8,198.0,255.0,57.0,4.473684210526316,19.0,0.625,24.75,19.0,1,rolling,losing_streak_fitness,2_days,rep_1,58,5
test,2,22406,86986,86986,125287,5,12,3473,4.5,9,11,2,311.88018532763505,13,173.0,306.0,133.0,2.300751879699248,76.0,0.4615384615384615,13.307692307692308,19.0,4,rolling,losing_streak_fitness,2_days,rep_1,59,5
train,2,22406,86986,86986,125287,5,12,3473,4.5,9,11,2,560.0285706997457,8,198.0,255.0,57.0,4.473684210526316,19.0,0.625,24.75,19.0,1,rolling,losing_streak_fitness,2_days,rep_1,59,5
test,2,22406,86986,86986,125287,5,12,3473,4.5,9,11,2,311.88018532763505,13,173.0,306.0,133.0,2.300751879699248,76.0,0.4615384615384615,13.307692307692308,19.0,4,rolling,losing_streak_fitness,2_days,rep_1,60,5
train,2,22406,86986,86986,125287,5,12,3473,4.5,9,11,2,560.0285706997457,8,198.0,255.0,57.0,4.473684210526316,19.0,0.625,24.75,19.0,1,rolling,losing_streak_fitness,2_days,rep_1,60,5
test,2,22406,86986,86986,125287,5,12,3473,4.5,9,11,2,311.88018532763505,13,173.0,306.0,133.0,2.300751879699248,76.0,0.4615384615384615,13.307692307692308,19.0,4,rolling,losing_streak_fitness,2_days,rep_1,61,5
train,2,22406,86986,86986,125287,5,12,3473,4.5,9,11,2,560.0285706997457,8,198.0,255.0,57.0,4.473684210526316,19.0,0.625,24.75,19.0,1,rolling,losing_streak_fitness,2_days,rep_1,61,5
test,2,22406,86986,86986,125287,5,12,3473,4.5,9,11,2,311.88018532763505,13,173.0,306.0,133.0,2.300751879699248,76.0,0.4615384615384615,13.307692307692308,19.0,4,rolling,losing_streak_fitness,2_days,rep_1,62,5
train,2,22406,86986,86986,125287,5,12,3473,4.5,9,11,2,560.0285706997457,8,198.0,255.0,57.0,4.473684210526316,19.0,0.625,24.75,19.0,1,rolling,losing_streak_fitness,2_days,rep_1,62,5
test,2,22406,86986,86986,125287,5,12,3473,4.5,9,11,2,311.88018532763505,13,173.0,306.0,133.0,2.300751879699248,76.0,0.4615384615384615,13.307692307692308,19.0,4,rolling,losing_streak_fitness,2_days,rep_1,63,5
train,2,22406,86986,86986,125287,5,12,3473,4.5,9,11,2,560.0285706997457,8,198.0,255.0,57.0,4.473684210526316,19.0,0.625,24.75,19.0,1,rolling,losing_streak_fitness,2_days,rep_1,63,5
test,2,22406,86986,86986,125287,5,12,3473,4.5,9,11,2,311.88018532763505,13,173.0,306.0,133.0,2.300751879699248,76.0,0.4615384615384615,13.307692307692308,19.0,4,rolling,losing_streak_fitness,2_days,rep_1,64,5
train,2,22406,86986,86986,125287,5,12,3473,4.5,9,11,2,560.0285706997457,8,198.0,255.0,57.0,4.473684210526316,19.0,0.625,24.75,19.0,1,rolling,losing_streak_fitness,2_days,rep_1,64,5
test,2,22406,86986,86986,125287,5,12,3473,4.5,9,11,2,311.88018532763505,13,173.0,306.0,133.0,2.300751879699248,76.0,0.4615384615384615,13.307692307692308,19.0,4,rolling,losing_streak_fitness,2_days,rep_1,65,5
train,2,22406,86986,86986,125287,5,12,3473,4.5,9,11,2,560.0285706997457,8,198.0,255.0,57.0,4.473684210526316,19.0,0.625,24.75,19.0,1,rolling,losing_streak_fitness,2_days,rep_1,65,5
test,2,22406,86986,86986,125287,5,12,3473,4.5,9,11,2,311.88018532763505,13,173.0,306.0,133.0,2.300751879699248,76.0,0.4615384615384615,13.307692307692308,19.0,4,rolling,losing_streak_fitness,2_days,rep_1,66,5
train,2,22406,86986,86986,125287,5,12,3473,4.5,9,11,2,560.0285706997457,8,198.0,255.0,57.0,4.473684210526316,19.0,0.625,24.75,19.0,1,rolling,losing_streak_fitness,2_days,rep_1,66,5
test,2,22406,86986,86986,125287,5,12,3473,4.5,9,11,2,311.88018532763505,13,173.0,306.0,133.0,2.300751879699248,76.0,0.4615384615384615,13.307692307692308,19.0,4,rolling,losing_streak_fitness,2_days,rep_1,67,5
train,2,22406,86986,86986,125287,5,12,3473,4.5,9,11,2,560.0285706997457,8,198.0,255.0,57.0,4.473684210526316,19.0,0.625,24.75,19.0,1,rolling,losing_streak_fitness,2_days,rep_1,67,5
test,2,22406,86986,86986,125287,5,12,3473,4.5,9,11,2,311.88018532763505,13,173.0,306.0,133.0,2.300751879699248,76.0,0.4615384615384615,13.307692307692308,19.0,4,rolling,losing_streak_fitness,2_days,rep_1,68,5
train,2,22406,86986,86986,125287,5,12,3473,4.5,9,11,2,560.0285706997457,8,198.0,255.0,57.0,4.473684210526316,19.0,0.625,24.75,19.0,1,rolling,losing_streak_fitness,2_days,rep_1,68,5
test,2,22406,86986,86986,125287,5,12,3473,4.5,9,11,2,311.88018532763505,13,173.0,306.0,133.0,2.300751879699248,76.0,0.4615384615384615,13.307692307692308,19.0,4,rolling,losing_streak_fitness,2_days,rep_1,69,5
train,2,22406,86986,86986,125287,5,12,3473,4.5,9,11,2,560.0285706997457,8,198.0,255.0,57.0,4.473684210526316,19.0,0.625,24.75,19.0,1,rolling,losing_streak_fitness,2_days,rep_1,69,5
test,2,22406,86986,86986,125287,5,12,3473,4.5,9,11,2,311.88018532763505,13,173.0,306.0,133.0,2.300751879699248,76.0,0.4615384615384615,13.307692307692308,19.0,4,rolling,losing_streak_fitness,2_days,rep_1,70,5
train,2,22406,86986,86986,125287,5,12,3473,4.5,9,11,2,560.0285706997457,8,198.0,255.0,57.0,4.473684210526316,19.0,0.625,24.75,19.0,1,rolling,losing_streak_fitness,2_days,rep_1,70,5
test,2,22406,86986,86986,125287,5,12,3473,4.5,9,11,2,311.88018532763505,13,173.0,306.0,133.0,2.300751879699248,76.0,0.4615384615384615,13.307692307692308,19.0,4,rolling,losing_streak_fitness,2_days,rep_1,71,5
train,2,22406,86986,86986,125287,5,12,3473,4.5,9,11,2,560.0285706997457,8,198.0,255.0,57.0,4.473684210526316,19.0,0.625,24.75,19.0,1,rolling,losing_streak_fitness,2_days,rep_1,71,5
test,2,22406,86986,86986,125287,5,12,3473,4.5,9,11,2,311.88018532763505,13,173.0,306.0,133.0,2.300751879699248,76.0,0.4615384615384615,13.307692307692308,19.0,4,rolling,losing_streak_fitness,2_days,rep_1,72,5
train,2,22406,86986,86986,125287,5,12,3473,4.5,9,11,2,560.0285706997457,8,198.0,255.0,57.0,4.473684210526316,19.0,0.625,24.75,19.0,1,rolling,losing_streak_fitness,2_days,rep_1,72,5
test,2,22406,86986,86986,125287,5,12,3473,4.5,9,11,2,311.88018532763505,13,173.0,306.0,133.0,2.300751879699248,76.0,0.4615384615384615,13.307692307692308,19.0,4,rolling,losing_streak_fitness,2_days,rep_1,73,5
train,2,22406,86986,86986,125287,5,12,3473,4.5,9,11,2,560.0285706997457,8,198.0,255.0,57.0,4.473684210526316,19.0,0.625,24.75,19.0,1,rolling,losing_streak_fitness,2_days,rep_1,73,5
test,2,22406,86986,86986,125287,5,12,3473,4.5,9,11,2,311.88018532763505,13,173.0,306.0,133.0,2.300751879699248,76.0,0.4615384615384615,13.307692307692308,19.0,4,rolling,losing_streak_fitness,2_days,rep_1,74,5
train,2,22406,86986,86986,125287,5,12,3473,4.5,9,11,2,560.0285706997457,8,198.0,255.0,57.0,4.473684210526316,19.0,0.625,24.75,19.0,1,rolling,losing_streak_fitness,2_days,rep_1,74,5
test,2,22406,86986,86986,125287,5,12,3473,4.5,9,11,2,311.88018532763505,13,173.0,306.0,133.0,2.300751879699248,76.0,0.4615384615384615,13.307692307692308,19.0,4,rolling,losing_streak_fitness,2_days,rep_1,75,5
train,2,22406,86986,86986,125287,5,12,3473,4.5,9,11,2,560.0285706997457,8,198.0,255.0,57.0,4.473684210526316,19.0,0.625,24.75,19.0,1,rolling,losing_streak_fitness,2_days,rep_1,75,5
test,2,22406,86986,86986,125287,5,12,3473,4.5,9,11,2,311.88018532763505,13,173.0,306.0,133.0,2.300751879699248,76.0,0.4615384615384615,13.307692307692308,19.0,4,rolling,losing_streak_fitness,2_days,rep_1,76,5
train,2,22406,86986,86986,125287,5,12,3473,4.5,9,11,2,560.0285706997457,8,198.0,255.0,57.0,4.473684210526316,19.0,0.625,24.75,19.0,1,rolling,losing_streak_fitness,2_days,rep_1,76,5
test,2,22406,86986,86986,125287,5,12,3473,4.5,9,11,2,311.88018532763505,13,173.0,306.0,133.0,2.300751879699248,76.0,0.4615384615384615,13.307692307692308,19.0,4,rolling,losing_streak_fitness,2_days,rep_1,77,5
train,2,22406,86986,86986,125287,5,12,3473,4.5,9,11,2,560.0285706997457,8,198.0,255.0,57.0,4.473684210526316,19.0,0.625,24.75,19.0,1,rolling,losing_streak_fitness,2_days,rep_1,77,5
test,2,22406,86986,86986,125287,5,12,3473,4.5,9,11,2,311.88018532763505,13,173.0,306.0,133.0,2.300751879699248,76.0,0.4615384615384615,13.307692307692308,19.0,4,rolling,losing_streak_fitness,2_days,rep_1,78,5
train,2,22406,86986,86986,125287,5,12,3473,4.5,9,11,2,560.0285706997457,8,198.0,255.0,57.0,4.473684210526316,19.0,0.625,24.75,19.0,1,rolling,losing_streak_fitness,2_days,rep_1,78,5
test,2,22406,86986,86986,125287,5,12,3473,4.5,9,11,2,311.88018532763505,13,173.0,306.0,133.0,2.300751879699248,76.0,0.4615384615384615,13.307692307692308,19.0,4,rolling,losing_streak_fitness,2_days,rep_1,79,5
train,2,22406,86986,86986,125287,5,12,3473,4.5,9,11,2,560.0285706997457,8,198.0,255.0,57.0,4.473684210526316,19.0,0.625,24.75,19.0,1,rolling,losing_streak_fitness,2_days,rep_1,79,5
test,2,22406,86986,86986,125287,5,12,3473,4.5,9,11,2,311.88018532763505,13,173.0,306.0,133.0,2.300751879699248,76.0,0.4615384615384615,13.307692307692308,19.0,4,rolling,losing_streak_fitness,2_days,rep_1,80,5
train,2,22406,86986,86986,125287,5,12,3473,4.5,9,11,2,560.0285706997457,8,198.0,255.0,57.0,4.473684210526316,19.0,0.625,24.75,19.0,1,rolling,losing_streak_fitness,2_days,rep_1,80,5
test,2,22406,86986,86986,125287,5,12,3473,4.5,9,11,2,311.88018532763505,13,173.0,306.0,133.0,2.300751879699248,76.0,0.4615384615384615,13.307692307692308,19.0,4,rolling,losing_streak_fitness,2_days,rep_1,81,5
train,2,22406,86986,86986,125287,5,12,3473,4.5,9,11,2,560.0285706997457,8,198.0,255.0,57.0,4.473684210526316,19.0,0.625,24.75,19.0,1,rolling,losing_streak_fitness,2_days,rep_1,81,5
test,2,22406,86986,86986,125287,5,12,3473,4.5,9,11,2,311.88018532763505,13,173.0,306.0,133.0,2.300751879699248,76.0,0.4615384615384615,13.307692307692308,19.0,4,rolling,losing_streak_fitness,2_days,rep_1,82,5
train,2,22406,86986,86986,125287,5,12,3473,4.5,9,11,2,560.0285706997457,8,198.0,255.0,57.0,4.473684210526316,19.0,0.625,24.75,19.0,1,rolling,losing_streak_fitness,2_days,rep_1,82,5
test,2,22406,86986,86986,125287,5,12,3473,4.5,9,11,2,311.88018532763505,13,173.0,306.0,133.0,2.300751879699248,76.0,0.4615384615384615,13.307692307692308,19.0,4,rolling,losing_streak_fitness,2_days,rep_1,83,5
train,2,22406,86986,86986,125287,5,12,3473,4.5,9,11,2,560.0285706997457,8,198.0,255.0,57.0,4.473684210526316,19.0,0.625,24.75,19.0,1,rolling,losing_streak_fitness,2_days,rep_1,83,5
test,2,22406,86986,86986,125287,5,12,3473,4.5,9,11,2,311.88018532763505,13,173.0,306.0,133.0,2.300751879699248,76.0,0.4615384615384615,13.307692307692308,19.0,4,rolling,losing_streak_fitness,2_days,rep_1,84,5
train,2,22406,86986,86986,125287,5,12,3473,4.5,9,11,2,560.0285706997457,8,198.0,255.0,57.0,4.473684210526316,19.0,0.625,24.75,19.0,1,rolling,losing_streak_fitness,2_days,rep_1,84,5
test,2,22406,86986,86986,125287,5,12,3473,4.5,9,11,2,311.88018532763505,13,173.0,306.0,133.0,2.300751879699248,76.0,0.4615384615384615,13.307692307692308,19.0,4,rolling,losing_streak_fitness,2_days,rep_1,85,5
train,2,22406,86986,86986,125287,5,12,3473,4.5,9,11,2,560.0285706997457,8,198.0,255.0,57.0,4.473684210526316,19.0,0.625,24.75,19.0,1,rolling,losing_streak_fitness,2_days,rep_1,85,5
test,2,22406,86986,86986,125287,5,12,3473,4.5,9,11,2,311.88018532763505,13,173.0,306.0,133.0,2.300751879699248,76.0,0.4615384615384615,13.307692307692308,19.0,4,rolling,losing_streak_fitness,2_days,rep_1,86,5
train,2,22406,86986,86986,125287,5,12,3473,4.5,9,11,2,560.0285706997457,8,198.0,255.0,57.0,4.473684210526316,19.0,0.625,24.75,19.0,1,rolling,losing_streak_fitness,2_days,rep_1,86,5
test,2,22406,86986,86986,125287,5,12,3473,4.5,9,11,2,311.88018532763505,13,173.0,306.0,133.0,2.300751879699248,76.0,0.4615384615384615,13.307692307692308,19.0,4,rolling,losing_streak_fitness,2_days,rep_1,87,5
train,2,22406,86986,86986,125287,5,12,3473,4.5,9,11,2,560.0285706997457,8,198.0,255.0,57.0,4.473684210526316,19.0,0.625,24.75,19.0,1,rolling,losing_streak_fitness,2_days,rep_1,87,5
test,2,22406,86986,86986,125287,5,12,3473,4.5,9,11,2,311.88018532763505,13,173.0,306.0,133.0,2.300751879699248,76.0,0.4615384615384615,13.307692307692308,19.0,4,rolling,losing_streak_fitness,2_days,rep_1,88,5
train,2,22406,86986,86986,125287,5,12,3473,4.5,9,11,2,560.0285706997457,8,198.0,255.0,57.0,4.473684210526316,19.0,0.625,24.75,19.0,1,rolling,losing_streak_fitness,2_days,rep_1,88,5
test,2,22406,86986,86986,125287,5,12,3473,4.5,9,11,2,311.88018532763505,13,173.0,306.0,133.0,2.300751879699248,76.0,0.4615384615384615,13.307692307692308,19.0,4,rolling,losing_streak_fitness,2_days,rep_1,89,5
train,2,22406,86986,86986,125287,5,12,3473,4.5,9,11,2,560.0285706997457,8,198.0,255.0,57.0,4.473684210526316,19.0,0.625,24.75,19.0,1,rolling,losing_streak_fitness,2_days,rep_1,89,5
test,2,22406,86986,86986,125287,5,12,3473,4.5,9,11,2,311.88018532763505,13,173.0,306.0,133.0,2.300751879699248,76.0,0.4615384615384615,13.307692307692308,19.0,4,rolling,losing_streak_fitness,2_days,rep_1,90,5
train,2,22406,86986,86986,125287,5,12,3473,4.5,9,11,2,560.0285706997457,8,198.0,255.0,57.0,4.473684210526316,19.0,0.625,24.75,19.0,1,rolling,losing_streak_fitness,2_days,rep_1,90,5
test,2,22406,86986,86986,125287,5,12,3473,4.5,9,11,2,311.88018532763505,13,173.0,306.0,133.0,2.300751879699248,76.0,0.4615384615384615,13.307692307692308,19.0,4,rolling,losing_streak_fitness,2_days,rep_1,91,5
train,2,22406,86986,86986,125287,5,12,3473,4.5,9,11,2,560.0285706997457,8,198.0,255.0,57.0,4.473684210526316,19.0,0.625,24.75,19.0,1,rolling,losing_streak_fitness,2_days,rep_1,91,5
test,2,22406,86986,86986,125287,5,12,3473,4.5,9,11,2,311.88018532763505,13,173.0,306.0,133.0,2.300751879699248,76.0,0.4615384615384615,13.307692307692308,19.0,4,rolling,losing_streak_fitness,2_days,rep_1,92,5
train,2,22406,86986,86986,125287,5,12,3473,4.5,9,11,2,560.0285706997457,8,198.0,255.0,57.0,4.473684210526316,19.0,0.625,24.75,19.0,1,rolling,losing_streak_fitness,2_days,rep_1,92,5
test,2,22406,86986,86986,125287,5,12,3473,4.5,9,11,2,311.88018532763505,13,173.0,306.0,133.0,2.300751879699248,76.0,0.4615384615384615,13.307692307692308,19.0,4,rolling,losing_streak_fitness,2_days,rep_1,93,5
train,2,22406,86986,86986,125287,5,12,3473,4.5,9,11,2,560.0285706997457,8,198.0,255.0,57.0,4.473684210526316,19.0,0.625,24.75,19.0,1,rolling,losing_streak_fitness,2_days,rep_1,93,5
test,2,22406,86986,86986,125287,5,12,3473,4.5,9,11,2,311.88018532763505,13,173.0,306.0,133.0,2.300751879699248,76.0,0.4615384615384615,13.307692307692308,19.0,4,rolling,losing_streak_fitness,2_days,rep_1,94,5
train,2,22406,86986,86986,125287,5,12,3473,4.5,9,11,2,560.0285706997457,8,198.0,255.0,57.0,4.473684210526316,19.0,0.625,24.75,19.0,1,rolling,losing_streak_fitness,2_days,rep_1,94,5
test,2,22406,86986,86986,125287,5,12,3473,4.5,9,11,2,311.88018532763505,13,173.0,306.0,133.0,2.300751879699248,76.0,0.4615384615384615,13.307692307692308,19.0,4,rolling,losing_streak_fitness,2_days,rep_1,95,5
train,2,22406,86986,86986,125287,5,12,3473,4.5,9,11,2,560.0285706997457,8,198.0,255.0,57.0,4.473684210526316,19.0,0.625,24.75,19.0,1,rolling,losing_streak_fitness,2_days,rep_1,95,5
test,2,22406,86986,86986,125287,5,12,3473,4.5,9,11,2,311.88018532763505,13,173.0,306.0,133.0,2.300751879699248,76.0,0.4615384615384615,13.307692307692308,19.0,4,rolling,losing_streak_fitness,2_days,rep_1,96,5
train,2,22406,86986,86986,125287,5,12,3473,4.5,9,11,2,560.0285706997457,8,198.0,255.0,57.0,4.473684210526316,19.0,0.625,24.75,19.0,1,rolling,losing_streak_fitness,2_days,rep_1,96,5
test,2,22406,86986,86986,125287,5,12,3473,4.5,9,11,2,311.88018532763505,13,173.0,306.0,133.0,2.300751879699248,76.0,0.4615384615384615,13.307692307692308,19.0,4,rolling,losing_streak_fitness,2_days,rep_1,97,5
train,2,22406,86986,86986,125287,5,12,3473,4.5,9,11,2,560.0285706997457,8,198.0,255.0,57.0,4.473684210526316,19.0,0.625,24.75,19.0,1,rolling,losing_streak_fitness,2_days,rep_1,97,5
test,2,22406,86986,86986,125287,5,12,3473,4.5,9,11,2,311.88018532763505,13,173.0,306.0,133.0,2.300751879699248,76.0,0.4615384615384615,13.307692307692308,19.0,4,rolling,losing_streak_fitness,2_days,rep_1,98,5
train,2,22406,86986,86986,125287,5,12,3473,4.5,9,11,2,560.0285706997457,8,198.0,255.0,57.0,4.473684210526316,19.0,0.625,24.75,19.0,1,rolling,losing_streak_fitness,2_days,rep_1,98,5
test,2,22406,86986,86986,125287,5,12,3473,4.5,9,11,2,311.88018532763505,13,173.0,306.0,133.0,2.300751879699248,76.0,0.4615384615384615,13.307692307692308,19.0,4,rolling,losing_streak_fitness,2_days,rep_1,99,5
train,2,22406,86986,86986,125287,5,12,3473,4.5,9,11,2,560.0285706997457,8,198.0,255.0,57.0,4.473684210526316,19.0,0.625,24.75,19.0,1,rolling,losing_streak_fitness,2_days,rep_1,99,5
test,2,22406,86986,86986,125287,5,12,3473,4.5,9,11,2,311.88018532763505,13,173.0,306.0,133.0,2.300751879699248,76.0,0.4615384615384615,13.307692307692308,19.0,4,rolling,losing_streak_fitness,2_days,rep_1,100,5
train,2,22406,86986,86986,125287,5,12,3473,4.5,9,11,2,560.0285706997457,8,198.0,255.0,57.0,4.473684210526316,19.0,0.625,24.75,19.0,1,rolling,losing_streak_fitness,2_days,rep_1,100,5
test,3,53560,125287,125287,130699,0,11,3823,9.0,8,16,4,-1000.0,0,0.0,0.0,0.0,inf,0.0,0.0,0.0,0.0,0,rolling,losing_streak_fitness,2_days,rep_1,0,0
train,3,53560,125287,125287,130699,0,11,3823,9.0,8,16,4,238.5,9,159.0,304.0,145.0,2.0965517241379312,58.0,0.4444444444444444,17.666666666666668,29.0,2,rolling,losing_streak_fitness,2_days,rep_1,0,0
test,3,53560,125287,125287,130699,1,12,2961,7.5,6,20,9,-1000.0,0,0.0,0.0,0.0,inf,0.0,0.0,0.0,0.0,0,rolling,losing_streak_fitness,2_days,rep_1,1,1
train,3,53560,125287,125287,130699,1,12,2961,7.5,6,20,9,507.44359292437616,11,306.0,576.0,270.0,2.1333333333333333,108.0,0.5454545454545454,27.818181818181817,54.0,2,rolling,losing_streak_fitness,2_days,rep_1,1,1
test,3,53560,125287,125287,130699,2,14,2970,3.25,6,18,3,-1000.0,0,0.0,0.0,0.0,inf,0.0,0.0,0.0,0.0,0,rolling,losing_streak_fitness,2_days,rep_1,2,2
train,3,53560,125287,125287,130699,2,14,2970,3.25,6,18,3,644.3229004156224,12,372.0,516.0,144.0,3.583333333333333,48.0,0.5,31.0,24.0,2,rolling,losing_streak_fitness,2_days,rep_1,2,2
test,3,53560,125287,125287,130699,3,12,2970,7.0,6,19,4,-1000.0,0,0.0,0.0,0.0,inf,0.0,0.0,0.0,0.0,0,rolling,losing_streak_fitness,2_days,rep_1,3,3
train,3,53560,125287,125287,130699,3,12,2970,7.0,6,19,4,811.9396529299453,14,434.0,637.0,203.0,3.1379310344827585,58.0,0.5,31.0,29.0,2,rolling,losing_streak_fitness,2_days,rep_1,3,3
test,3,53560,125287,125287,130699,4,12,2970,3.25,7,12,3,-1000.0,0,0.0,0.0,0.0,inf,0.0,0.0,0.0,0.0,0,rolling,losing_streak_fitness,2_days,rep_1,4,4
train,3,53560,125287,125287,130699,4,12,2970,3.25,7,12,3,894.4271909999159,20,400.0,616.0,216.0,2.851851851851852,48.0,0.55,20.0,24.0,2,rolling,losing_streak_fitness,2_days,rep_1,4,4
test,3,53560,125287,125287,130699,4,12,2970,3.25,7,12,3,-1000.0,0,0.0,0.0,0.0,inf,0.0,0.0,0.0,0.0,0,rolling,losing_streak_fitness,2_days,rep_1,5,4
train,3,53560,125287,125287,130699,4,12,2970,3.25,7,12,3,894.4271909999159,20,400.0,616.0,216.0,2.851851851851852,48.0,0.55,20.0,24.0,2,rolling,losing_streak_fitness,2_days,rep_1,5,4
test,3,53560,125287,125287,130699,4,12,2970,3.25,7,12,3,-1000.0,0,0.0,0.0,0.0,inf,0.0,0.0,0.0,0.0,0,rolling,losing_streak_fitness,2_days,rep_1,6,4
train,3,53560,125287,125287,130699,4,12,2970,3.25,7,12,3,894.4271909999159,20,400.0,616.0,216.0,2.851851851851852,48.0,0.55,20.0,24.0,2,rolling,losing_streak_fitness,2_days,rep_1,6,4
test,3,53560,125287,125287,130699,4,12,2970,3.25,7,12,3,-1000.0,0,0.0,0.0,0.0,inf,0.0,0.0,0.0,0.0,0,rolling,losing_streak_fitness,2_days,rep_1,7,4
train,3,53560,125287,125287,130699,4,12,2970,3.25,7,12,3,894.4271909999159,20,400.0,616.0,216.0,2.851851851851852,48.0,0.55,20.0,24.0,2,rolling,losing_streak_fitness,2_days,rep_1,7,4
test,3,53560,125287,125287,130699,4,12,2970,3.25,7,12,3,-1000.0,0,0.0,0.0,0.0,inf,0.0,0.0,0.0,0.0,0,rolling,losing_streak_fitness,2_days,rep_1,8,4
train,3,53560,125287,125287,130699,4,12,2970,3.25,7,12,3,894.4271909999159,20,400.0,616.0,216.0,2.851851851851852,48.0,0.55,20.0,24.0,2,rolling,losing_streak_fitness,2_days,rep_1,8,4
test,3,53560,125287,125287,130699,4,12,2970,3.25,7,12,3,-1000.0,0,0.0,0.0,0.0,inf,0.0,0.0,0.0,0.0,0,rolling,losing_streak_fitness,2_days,rep_1,9,4
train,3,53560,125287,125287,130699,4,12,2970,3.25,7,12,3,894.4271909999159,20,400.0,616.0,216.0,2.851851851851852,48.0,0.55,20.0,24.0,2,rolling,losing_streak_fitness,2_days,rep_1,9,4
test,3,53560,125287,125287,130699,4,12,2970,3.25,7,12,3,-1000.0,0,0.0,0.0,0.0,inf,0.0,0.0,0.0,0.0,0,rolling,losing_streak_fitness,2_days,rep_1,10,4
train,3,53560,125287,125287,130699,4,12,2970,3.25,7,12,3,894.4271909999159,20,400.0,616.0,216.0,2.851851851851852,48.0,0.55,20.0,24.0,2,rolling,losing_streak_fitness,2_days,rep_1,10,4
test,3,53560,125287,125287,130699,11,12,2599,7.5,6,19,2,-1000.0,0,0.0,0.0,0.0,inf,0.0,0.0,0.0,0.0,0,rolling,losing_streak_fitness,2_days,rep_1,11,11
train,3,53560,125287,125287,130699,11,12,2599,7.5,6,19,2,942.8976614670332,14,504.0,637.0,133.0,4.789473684210527,38.0,0.5,36.0,19.0,2,rolling,losing_streak_fitness,2_days,rep_1,11,11
test,3,53560,125287,125287,130699,11,12,2599,7.5,6,19,2,-1000.0,0,0.0,0.0,0.0,inf,0.0,0.0,0.0,0.0,0,rolling,losing_streak_fitness,2_days,rep_1,12,11
train,3,53560,125287,125287,130699,11,12,2599,7.5,6,19,2,942.8976614670332,14,504.0,637.0,133.0,4.789473684210527,38.0,0.5,36.0,19.0,2,rolling,losing_streak_fitness,2_days,rep_1,12,11
test,3,53560,125287,125287,130699,11,12,2599,7.5,6,19,2,-1000.0,0,0.0,0.0,0.0,inf,0.0,0.0,0.0,0.0,0,rolling,losing_streak_fitness,2_days,rep_1,13,11
train,3,53560,125287,125287,130699,11,12,2599,7.5,6,19,2,942.8976614670332,14,504.0,637.0,133.0,4.789473684210527,38.0,0.5,36.0,19.0,2,rolling,losing_streak_fitness,2_days,rep_1,13,11
test,3,53560,125287,125287,130699,11,12,2599,7.5,6,19,2,-1000.0,0,0.0,0.0,0.0,inf,0.0,0.0,0.0,0.0,0,rolling,losing_streak_fitness,2_days,rep_1,14,11
train,3,53560,125287,125287,130699,11,12,2599,7.5,6,19,2,942.8976614670332,14,504.0,637.0,133.0,4.789473684210527,38.0,0.5,36.0,19.0,2,rolling,losing_streak_fitness,2_days,rep_1,14,11
test,3,53560,125287,125287,130699,11,12,2599,7.5,6,19,2,-1000.0,0,0.0,0.0,0.0,inf,0.0,0.0,0.0,0.0,0,rolling,losing_streak_fitness,2_days,rep_1,15,11
train,3,53560,125287,125287,130699,11,12,2599,7.5,6,19,2,942.8976614670332,14,504.0,637.0,133.0,4.789473684210527,38.0,0.5,36.0,19.0,2,rolling,losing_streak_fitness,2_days,rep_1,15,11
test,3,53560,125287,125287,130699,11,12,2599,7.5,6,19,2,-1000.0,0,0.0,0.0,0.0,inf,0.0,0.0,0.0,0.0,0,rolling,losing_streak_fitness,2_days,rep_1,16,11
train,3,53560,125287,125287,130699,11,12,2599,7.5,6,19,2,942.8976614670332,14,504.0,637.0,133.0,4.789473684210527,38.0,0.5,36.0,19.0,2,rolling,losing_streak_fitness,2_days,rep_1,16,11
test,3,53560,125287,125287,130699,11,12,2599,7.5,6,19,2,-1000.0,0,0.0,0.0,0.0,inf,0.0,0.0,0.0,0.0,0,rolling,losing_streak_fitness,2_days,rep_1,17,11
train,3,53560,125287,125287,130699,11,12,2599,7.5,6,19,2,942.8976614670332,14,504.0,637.0,133.0,4.789473684210527,38.0,0.5,36.0,19.0,2,rolling,losing_streak_fitness,2_days,rep_1,17,11
test,3,53560,125287,125287,130699,11,12,2599,7.5,6,19,2,-1000.0,0,0.0,0.0,0.0,inf,0.0,0.0,0.0,0.0,0,rolling,losing_streak_fitness,2_days,rep_1,18,11
train,3,53560,125287,125287,130699,11,12,2599,7.5,6,19,2,942.8976614670332,14,504.0,637.0,133.0,4.789473684210527,38.0,0.5,36.0,19.0,2,rolling,losing_streak_fitness,2_days,rep_1,18,11
test,3,53560,125287,125287,130699,11,12,2599,7.5,6,19,2,-1000.0,0,0.0,0.0,0.0,inf,0.0,0.0,0.0,0.0,0,rolling,losing_streak_fitness,2_days,rep_1,19,11
train,3,53560,125287,125287,130699,11,12,2599,7.5,6,19,2,942.8976614670332,14,504.0,637.0,133.0,4.789473684210527,38.0,0.5,36.0,19.0,2,rolling,losing_streak_fitness,2_days,rep_1,19,11
test,3,53560,125287,125287,130699,11,12,2599,7.5,6,19,2,-1000.0,0,0.0,0.0,0.0,inf,0.0,0.0,0.0,0.0,0,rolling,losing_streak_fitness,2_days,rep_1,20,11
train,3,53560,125287,125287,130699,11,12,2599,7.5,6,19,2,942.8976614670332,14,504.0,637.0,133.0,4.789473684210527,38.0,0.5,36.0,19.0,2,rolling,losing_streak_fitness,2_days,rep_1,20,11
test,3,53560,125287,125287,130699,11,12,2599,7.5,6,19,2,-1000.0,0,0.0,0.0,0.0,inf,0.0,0.0,0.0,0.0,0,rolling,losing_streak_fitness,2_days,rep_1,21,11
train,3,53560,125287,125287,130699,11,12,2599,7.5,6,19,2,942.8976614670332,14,504.0,637.0,133.0,4.789473684210527,38.0,0.5,36.0,19.0,2,rolling,losing_streak_fitness,2_days,rep_1,21,11
test,3,53560,125287,125287,130699,11,12,2599,7.5,6,19,2,-1000.0,0,0.0,0.0,0.0,inf,0.0,0.0,0.0,0.0,0,rolling,losing_streak_fitness,2_days,rep_1,22,11
train,3,53560,125287,125287,130699,11,12,2599,7.5,6,19,2,942.8976614670332,14,504.0,637.0,133.0,4.789473684210527,38.0,0.5,36.0,19.0,2,rolling,losing_streak_fitness,2_days,rep_1,22,11
test,3,53560,125287,125287,130699,11,12,2599,7.5,6,19,2,-1000.0,0,0.0,0.0,0.0,inf,0.0,0.0,0.0,0.0,0,rolling,losing_streak_fitness,2_days,rep_1,23,11
train,3,53560,125287,125287,130699,11,12,2599,7.5,6,19,2,942.8976614670332,14,504.0,637.0,133.0,4.789473684210527,38.0,0.5,36.0,19.0,2,rolling,losing_streak_fitness,2_days,rep_1,23,11
test,3,53560,125287,125287,130699,11,12,2599,7.5,6,19,2,-1000.0,0,0.0,0.0,0.0,inf,0.0,0.0,0.0,0.0,0,rolling,losing_streak_fitness,2_days,rep_1,24,11
train,3,53560,125287,125287,130699,11,12,2599,7.5,6,19,2,942.8976614670332,14,504.0,637.0,133.0,4.789473684210527,38.0,0.5,36.0,19.0,2,rolling,losing_streak_fitness,2_days,rep_1,24,11
test,3,53560,125287,125287,130699,11,12,2599,7.5,6,19,2,-1000.0,0,0.0,0.0,0.0,inf,0.0,0.0,0.0,0.0,0,rolling,losing_streak_fitness,2_days,rep_1,25,11
train,3,53560,125287,125287,130699,11,12,2599,7.5,6,19,2,942.8976614670332,14,504.0,637.0,133.0,4.789473684210527,38.0,0.5,36.0,19.0,2,rolling,losing_streak_fitness,2_days,rep_1,25,11
test,3,53560,125287,125287,130699,11,12,2599,7.5,6,19,2,-1000.0,0,0.0,0.0,0.0,inf,0.0,0.0,0.0,0.0,0,rolling,losing_streak_fitness,2_days,rep_1,26,11
train,3,53560,125287,125287,130699,11,12,2599,7.5,6,19,2,942.8976614670332,14,504.0,637.0,133.0,4.789473684210527,38.0,0.5,36.0,19.0,2,rolling,losing_streak_fitness,2_days,rep_1,26,11
test,3,53560,125287,125287,130699,11,12,2599,7.5,6,19,2,-1000.0,0,0.0,0.0,0.0,inf,0.0,0.0,0.0,0.0,0,rolling,losing_streak_fitness,2_days,rep_1,27,11
train,3,53560,125287,125287,130699,11,12,2599,7.5,6,19,2,942.8976614670332,14,504.0,637.0,133.0,4.789473684210527,38.0,0.5,36.0,19.0,2,rolling,losing_streak_fitness,2_days,rep_1,27,11
test,3,53560,125287,125287,130699,11,12,2599,7.5,6,19,2,-1000.0,0,0.0,0.0,0.0,inf,0.0,0.0,0.0,0.0,0,rolling,losing_streak_fitness,2_days,rep_1,28,11
train,3,53560,125287,125287,130699,11,12,2599,7.5,6,19,2,942.8976614670332,14,504.0,637.0,133.0,4.789473684210527,38.0,0.5,36.0,19.0,2,rolling,losing_streak_fitness,2_days,rep_1,28,11
test,3,53560,125287,125287,130699,11,12,2599,7.5,6,19,2,-1000.0,0,0.0,0.0,0.0,inf,0.0,0.0,0.0,0.0,0,rolling,losing_streak_fitness,2_days,rep_1,29,11
train,3,53560,125287,125287,130699,11,12,2599,7.5,6,19,2,942.8976614670332,14,504.0,637.0,133.0,4.789473684210527,38.0,0.5,36.0,19.0,2,rolling,losing_streak_fitness,2_days,rep_1,29,11
test,3,53560,125287,125287,130699,11,12,2599,7.5,6,19,2,-1000.0,0,0.0,0.0,0.0,inf,0.0,0.0,0.0,0.0,0,rolling,losing_streak_fitness,2_days,rep_1,30,11
train,3,53560,125287,125287,130699,11,12,2599,7.5,6,19,2,942.8976614670332,14,504.0,637.0,133.0,4.789473684210527,38.0,0.5,36.0,19.0,2,rolling,losing_streak_fitness,2_days,rep_1,30,11
test,3,53560,125287,125287,130699,11,12,2599,7.5,6,19,2,-1000.0,0,0.0,0.0,0.0,inf,0.0,0.0,0.0,0.0,0,rolling,losing_streak_fitness,2_days,rep_1,31,11
train,3,53560,125287,125287,130699,11,12,2599,7.5,6,19,2,942.8976614670332,14,504.0,637.0,133.0,4.789473684210527,38.0,0.5,36.0,19.0,2,rolling,losing_streak_fitness,2_days,rep_1,31,11
test,3,53560,125287,125287,130699,11,12,2599,7.5,6,19,2,-1000.0,0,0.0,0.0,0.0,inf,0.0,0.0,0.0,0.0,0,rolling,losing_streak_fitness,2_days,rep_1,32,11
train,3,53560,125287,125287,130699,11,12,2599,7.5,6,19,2,942.8976614670332,14,504.0,637.0,133.0,4.789473684210527,38.0,0.5,36.0,19.0,2,rolling,losing_streak_fitness,2_days,rep_1,32,11
test,3,53560,125287,125287,130699,11,12,2599,7.5,6,19,2,-1000.0,0,0.0,0.0,0.0,inf,0.0,0.0,0.0,0.0,0,rolling,losing_streak_fitness,2_days,rep_1,33,11
train,3,53560,125287,125287,130699,11,12,2599,7.5,6,19,2,942.8976614670332,14,504.0,637.0,133.0,4.789473684210527,38.0,0.5,36.0,19.0,2,rolling,losing_streak_fitness,2_days,rep_1,33,11
test,3,53560,125287,125287,130699,11,12,2599,7.5,6,19,2,-1000.0,0,0.0,0.0,0.0,inf,0.0,0.0,0.0,0.0,0,rolling,losing_streak_fitness,2_days,rep_1,34,11
train,3,53560,125287,125287,130699,11,12,2599,7.5,6,19,2,942.8976614670332,14,504.0,637.0,133.0,4.789473684210527,38.0,0.5,36.0,19.0,2,rolling,losing_streak_fitness,2_days,rep_1,34,11
test,3,53560,125287,125287,130699,11,12,2599,7.5,6,19,2,-1000.0,0,0.0,0.0,0.0,inf,0.0,0.0,0.0,0.0,0,rolling,losing_streak_fitness,2_days,rep_1,35,11
train,3,53560,125287,125287,130699,11,12,2599,7.5,6,19,2,942.8976614670332,14,504.0,637.0,133.0,4.789473684210527,38.0,0.5,36.0,19.0,2,rolling,losing_streak_fitness,2_days,rep_1,35,11
test,3,53560,125287,125287,130699,11,12,2599,7.5,6,19,2,-1000.0,0,0.0,0.0,0.0,inf,0.0,0.0,0.0,0.0,0,rolling,losing_streak_fitness,2_days,rep_1,36,11
train,3,53560,125287,125287,130699,11,12,2599,7.5,6,19,2,942.8976614670332,14,504.0,637.0,133.0,4.789473684210527,38.0,0.5,36.0,19.0,2,rolling,losing_streak_fitness,2_days,rep_1,36,11
test,3,53560,125287,125287,130699,11,12,2599,7.5,6,19,2,-1000.0,0,0.0,0.0,0.0,inf,0.0,0.0,0.0,0.0,0,rolling,losing_streak_fitness,2_days,rep_1,37,11
train,3,53560,125287,125287,130699,11,12,2599,7.5,6,19,2,942.8976614670332,14,504.0,637.0,133.0,4.789473684210527,38.0,0.5,36.0,19.0,2,rolling,losing_streak_fitness,2_days,rep_1,37,11
test,3,53560,125287,125287,130699,11,12,2599,7.5,6,19,2,-1000.0,0,0.0,0.0,0.0,inf,0.0,0.0,0.0,0.0,0,rolling,losing_streak_fitness,2_days,rep_1,38,11
train,3,53560,125287,125287,130699,11,12,2599,7.5,6,19,2,942.8976614670332,14,504.0,637.0,133.0,4.789473684210527,38.0,0.5,36.0,19.0,2,rolling,losing_streak_fitness,2_days,rep_1,38,11
test,3,53560,125287,125287,130699,11,12,2599,7.5,6,19,2,-1000.0,0,0.0,0.0,0.0,inf,0.0,0.0,0.0,0.0,0,rolling,losing_streak_fitness,2_days,rep_1,39,11
train,3,53560,125287,125287,130699,11,12,2599,7.5,6,19,2,942.8976614670332,14,504.0,637.0,133.0,4.789473684210527,38.0,0.5,36.0,19.0,2,rolling,losing_streak_fitness,2_days,rep_1,39,11
test,3,53560,125287,125287,130699,11,12,2599,7.5,6,19,2,-1000.0,0,0.0,0.0,0.0,inf,0.0,0.0,0.0,0.0,0,rolling,losing_streak_fitness,2_days,rep_1,40,11
train,3,53560,125287,125287,130699,11,12,2599,7.5,6,19,2,942.8976614670332,14,504.0,637.0,133.0,4.789473684210527,38.0,0.5,36.0,19.0,2,rolling,losing_streak_fitness,2_days,rep_1,40,11
test,3,53560,125287,125287,130699,11,12,2599,7.5,6,19,2,-1000.0,0,0.0,0.0,0.0,inf,0.0,0.0,0.0,0.0,0,rolling,losing_streak_fitness,2_days,rep_1,41,11
train,3,53560,125287,125287,130699,11,12,2599,7.5,6,19,2,942.8976614670332,14,504.0,637.0,133.0,4.789473684210527,38.0,0.5,36.0,19.0,2,rolling,losing_streak_fitness,2_days,rep_1,41,11
test,3,53560,125287,125287,130699,11,12,2599,7.5,6,19,2,-1000.0,0,0.0,0.0,0.0,inf,0.0,0.0,0.0,0.0,0,rolling,losing_streak_fitness,2_days,rep_1,42,11
train,3,53560,125287,125287,130699,11,12,2599,7.5,6,19,2,942.8976614670332,14,504.0,637.0,133.0,4.789473684210527,38.0,0.5,36.0,19.0,2,rolling,losing_streak_fitness,2_days,rep_1,42,11
test,3,53560,125287,125287,130699,11,12,2599,7.5,6,19,2,-1000.0,0,0.0,0.0,0.0,inf,0.0,0.0,0.0,0.0,0,rolling,losing_streak_fitness,2_days,rep_1,43,11
train,3,53560,125287,125287,130699,11,12,2599,7.5,6,19,2,942.8976614670332,14,504.0,637.0,133.0,4.789473684210527,38.0,0.5,36.0,19.0,2,rolling,losing_streak_fitness,2_days,rep_1,43,11
test,3,53560,125287,125287,130699,11,12,2599,7.5,6,19,2,-1000.0,0,0.0,0.0,0.0,inf,0.0,0.0,0.0,0.0,0,rolling,losing_streak_fitness,2_days,rep_1,44,11
train,3,53560,125287,125287,130699,11,12,2599,7.5,6,19,2,942.8976614670332,14,504.0,637.0,133.0,4.789473684210527,38.0,0.5,36.0,19.0,2,rolling,losing_streak_fitness,2_days,rep_1,44,11
test,3,53560,125287,125287,130699,11,12,2599,7.5,6,19,2,-1000.0,0,0.0,0.0,0.0,inf,0.0,0.0,0.0,0.0,0,rolling,losing_streak_fitness,2_days,rep_1,45,11
train,3,53560,125287,125287,130699,11,12,2599,7.5,6,19,2,942.8976614670332,14,504.0,637.0,133.0,4.789473684210527,38.0,0.5,36.0,19.0,2,rolling,losing_streak_fitness,2_days,rep_1,45,11
test,3,53560,125287,125287,130699,11,12,2599,7.5,6,19,2,-1000.0,0,0.0,0.0,0.0,inf,0.0,0.0,0.0,0.0,0,rolling,losing_streak_fitness,2_days,rep_1,46,11
train,3,53560,125287,125287,130699,11,12,2599,7.5,6,19,2,942.8976614670332,14,504.0,637.0,133.0,4.789473684210527,38.0,0.5,36.0,19.0,2,rolling,losing_streak_fitness,2_days,rep_1,46,11
test,3,53560,125287,125287,130699,11,12,2599,7.5,6,19,2,-1000.0,0,0.0,0.0,0.0,inf,0.0,0.0,0.0,0.0,0,rolling,losing_streak_fitness,2_days,rep_1,47,11
train,3,53560,125287,125287,130699,11,12,2599,7.5,6,19,2,942.8976614670332,14,504.0,637.0,133.0,4.789473684210527,38.0,0.5,36.0,19.0,2,rolling,losing_streak_fitness,2_days,rep_1,47,11
test,3,53560,125287,125287,130699,11,12,2599,7.5,6,19,2,-1000.0,0,0.0,0.0,0.0,inf,0.0,0.0,0.0,0.0,0,rolling,losing_streak_fitness,2_days,rep_1,48,11
train,3,53560,125287,125287,130699,11,12,2599,7.5,6,19,2,942.8976614670332,14,504.0,637.0,133.0,4.789473684210527,38.0,0.5,36.0,19.0,2,rolling,losing_streak_fitness,2_days,rep_1,48,11
test,3,53560,125287,125287,130699,11,12,2599,7.5,6,19,2,-1000.0,0,0.0,0.0,0.0,inf,0.0,0.0,0.0,0.0,0,rolling,losing_streak_fitness,2_days,rep_1,49,11
train,3,53560,125287,125287,130699,11,12,2599,7.5,6,19,2,942.8976614670332,14,504.0,637.0,133.0,4.789473684210527,38.0,0.5,36.0,19.0,2,rolling,losing_streak_fitness,2_days,rep_1,49,11
test,3,53560,125287,125287,130699,11,12,2599,7.5,6,19,2,-1000.0,0,0.0,0.0,0.0,inf,0.0,0.0,0.0,0.0,0,rolling,losing_streak_fitness,2_days,rep_1,50,11
train,3,53560,125287,125287,130699,11,12,2599,7.5,6,19,2,942.8976614670332,14,504.0,637.0,133.0,4.789473684210527,38.0,0.5,36.0,19.0,2,rolling,losing_streak_fitness,2_days,rep_1,50,11
test,3,53560,125287,125287,130699,11,12,2599,7.5,6,19,2,-1000.0,0,0.0,0.0,0.0,inf,0.0,0.0,0.0,0.0,0,rolling,losing_streak_fitness,2_days,rep_1,51,11
train,3,53560,125287,125287,130699,11,12,2599,7.5,6,19,2,942.8976614670332,14,504.0,637.0,133.0,4.789473684210527,38.0,0.5,36.0,19.0,2,rolling,losing_streak_fitness,2_days,rep_1,51,11
test,3,53560,125287,125287,130699,11,12,2599,7.5,6,19,2,-1000.0,0,0.0,0.0,0.0,inf,0.0,0.0,0.0,0.0,0,rolling,losing_streak_fitness,2_days,rep_1,52,11
train,3,53560,125287,125287,130699,11,12,2599,7.5,6,19,2,942.8976614670332,14,504.0,637.0,133.0,4.789473684210527,38.0,0.5,36.0,19.0,2,rolling,losing_streak_fitness,2_days,rep_1,52,11
test,3,53560,125287,125287,130699,11,12,2599,7.5,6,19,2,-1000.0,0,0.0,0.0,0.0,inf,0.0,0.0,0.0,0.0,0,rolling,losing_streak_fitness,2_days,rep_1,53,11
train,3,53560,125287,125287,130699,11,12,2599,7.5,6,19,2,942.8976614670332,14,504.0,637.0,133.0,4.789473684210527,38.0,0.5,36.0,19.0,2,rolling,losing_streak_fitness,2_days,rep_1,53,11
test,3,53560,125287,125287,130699,11,12,2599,7.5,6,19,2,-1000.0,0,0.0,0.0,0.0,inf,0.0,0.0,0.0,0.0,0,rolling,losing_streak_fitness,2_days,rep_1,54,11
train,3,53560,125287,125287,130699,11,12,2599,7.5,6,19,2,942.8976614670332,14,504.0,637.0,133.0,4.789473684210527,38.0,0.5,36.0,19.0,2,rolling,losing_streak_fitness,2_days,rep_1,54,11
test,3,53560,125287,125287,130699,11,12,2599,7.5,6,19,2,-1000.0,0,0.0,0.0,0.0,inf,0.0,0.0,0.0,0.0,0,rolling,losing_streak_fitness,2_days,rep_1,55,11
train,3,53560,125287,125287,130699,11,12,2599,7.5,6,19,2,942.8976614670332,14,504.0,637.0,133.0,4.789473684210527,38.0,0.5,36.0,19.0,2,rolling,losing_streak_fitness,2_days,rep_1,55,11
test,3,53560,125287,125287,130699,11,12,2599,7.5,6,19,2,-1000.0,0,0.0,0.0,0.0,inf,0.0,0.0,0.0,0.0,0,rolling,losing_streak_fitness,2_days,rep_1,56,11
train,3,53560,125287,125287,130699,11,12,2599,7.5,6,19,2,942.8976614670332,14,504.0,637.0,133.0,4.789473684210527,38.0,0.5,36.0,19.0,2,rolling,losing_streak_fitness,2_days,rep_1,56,11
test,3,53560,125287,125287,130699,11,12,2599,7.5,6,19,2,-1000.0,0,0.0,0.0,0.0,inf,0.0,0.0,0.0,0.0,0,rolling,losing_streak_fitness,2_days,rep_1,57,11
train,3,53560,125287,125287,130699,11,12,2599,7.5,6,19,2,942.8976614670332,14,504.0,637.0,133.0,4.789473684210527,38.0,0.5,36.0,19.0,2,rolling,losing_streak_fitness,2_days,rep_1,57,11
test,3,53560,125287,125287,130699,11,12,2599,7.5,6,19,2,-1000.0,0,0.0,0.0,0.0,inf,0.0,0.0,0.0,0.0,0,rolling,losing_streak_fitness,2_days,rep_1,58,11
train,3,53560,125287,125287,130699,11,12,2599,7.5,6,19,2,942.8976614670332,14,504.0,637.0,133.0,4.789473684210527,38.0,0.5,36.0,19.0,2,rolling,losing_streak_fitness,2_days,rep_1,58,11
test,3,53560,125287,125287,130699,11,12,2599,7.5,6,19,2,-1000.0,0,0.0,0.0,0.0,inf,0.0,0.0,0.0,0.0,0,rolling,losing_streak_fitness,2_days,rep_1,59,11
train,3,53560,125287,125287,130699,11,12,2599,7.5,6,19,2,942.8976614670332,14,504.0,637.0,133.0,4.789473684210527,38.0,0.5,36.0,19.0,2,rolling,losing_streak_fitness,2_days,rep_1,59,11
test,3,53560,125287,125287,130699,11,12,2599,7.5,6,19,2,-1000.0,0,0.0,0.0,0.0,inf,0.0,0.0,0.0,0.0,0,rolling,losing_streak_fitness,2_days,rep_1,60,11
train,3,53560,125287,125287,130699,11,12,2599,7.5,6,19,2,942.8976614670332,14,504.0,637.0,133.0,4.789473684210527,38.0,0.5,36.0,19.0,2,rolling,losing_streak_fitness,2_days,rep_1,60,11
test,3,53560,125287,125287,130699,11,12,2599,7.5,6,19,2,-1000.0,0,0.0,0.0,0.0,inf,0.0,0.0,0.0,0.0,0,rolling,losing_streak_fitness,2_days,rep_1,61,11
train,3,53560,125287,125287,130699,11,12,2599,7.5,6,19,2,942.8976614670332,14,504.0,637.0,133.0,4.789473684210527,38.0,0.5,36.0,19.0,2,rolling,losing_streak_fitness,2_days,rep_1,61,11
test,3,53560,125287,125287,130699,11,12,2599,7.5,6,19,2,-1000.0,0,0.0,0.0,0.0,inf,0.0,0.0,0.0,0.0,0,rolling,losing_streak_fitness,2_days,rep_1,62,11
train,3,53560,125287,125287,130699,11,12,2599,7.5,6,19,2,942.8976614670332,14,504.0,637.0,133.0,4.789473684210527,38.0,0.5,36.0,19.0,2,rolling,losing_streak_fitness,2_days,rep_1,62,11
test,3,53560,125287,125287,130699,11,12,2599,7.5,6,19,2,-1000.0,0,0.0,0.0,0.0,inf,0.0,0.0,0.0,0.0,0,rolling,losing_streak_fitness,2_days,rep_1,63,11
train,3,53560,125287,125287,130699,11,12,2599,7.5,6,19,2,942.8976614670332,14,504.0,637.0,133.0,4.789473684210527,38.0,0.5,36.0,19.0,2,rolling,losing_streak_fitness,2_days,rep_1,63,11
test,3,53560,125287,125287,130699,11,12,2599,7.5,6,19,2,-1000.0,0,0.0,0.0,0.0,inf,0.0,0.0,0.0,0.0,0,rolling,losing_streak_fitness,2_days,rep_1,64,11
train,3,53560,125287,125287,130699,11,12,2599,7.5,6,19,2,942.8976614670332,14,504.0,637.0,133.0,4.789473684210527,38.0,0.5,36.0,19.0,2,rolling,losing_streak_fitness,2_days,rep_1,64,11
test,3,53560,125287,125287,130699,11,12,2599,7.5,6,19,2,-1000.0,0,0.0,0.0,0.0,inf,0.0,0.0,0.0,0.0,0,rolling,losing_streak_fitness,2_days,rep_1,65,11
train,3,53560,125287,125287,130699,11,12,2599,7.5,6,19,2,942.8976614670332,14,504.0,637.0,133.0,4.789473684210527,38.0,0.5,36.0,19.0,2,rolling,losing_streak_fitness,2_days,rep_1,65,11
test,3,53560,125287,125287,130699,11,12,2599,7.5,6,19,2,-1000.0,0,0.0,0.0,0.0,inf,0.0,0.0,0.0,0.0,0,rolling,losing_streak_fitness,2_days,rep_1,66,11
train,3,53560,125287,125287,130699,11,12,2599,7.5,6,19,2,942.8976614670332,14,504.0,637.0,133.0,4.789473684210527,38.0,0.5,36.0,19.0,2,rolling,losing_streak_fitness,2_days,rep_1,66,11
test,3,53560,125287,125287,130699,11,12,2599,7.5,6,19,2,-1000.0,0,0.0,0.0,0.0,inf,0.0,0.0,0.0,0.0,0,rolling,losing_streak_fitness,2_days,rep_1,67,11
train,3,53560,125287,125287,130699,11,12,2599,7.5,6,19,2,942.8976614670332,14,504.0,637.0,133.0,4.789473684210527,38.0,0.5,36.0,19.0,2,rolling,losing_streak_fitness,2_days,rep_1,67,11
test,3,53560,125287,125287,130699,11,12,2599,7.5,6,19,2,-1000.0,0,0.0,0.0,0.0,inf,0.0,0.0,0.0,0.0,0,rolling,losing_streak_fitness,2_days,rep_1,68,11
train,3,53560,125287,125287,130699,11,12,2599,7.5,6,19,2,942.8976614670332,14,504.0,637.0,133.0,4.789473684210527,38.0,0.5,36.0,19.0,2,rolling,losing_streak_fitness,2_days,rep_1,68,11
test,3,53560,125287,125287,130699,11,12,2599,7.5,6,19,2,-1000.0,0,0.0,0.0,0.0,inf,0.0,0.0,0.0,0.0,0,rolling,losing_streak_fitness,2_days,rep_1,69,11
train,3,53560,125287,125287,130699,11,12,2599,7.5,6,19,2,942.8976614670332,14,504.0,637.0,133.0,4.789473684210527,38.0,0.5,36.0,19.0,2,rolling,losing_streak_fitness,2_days,rep_1,69,11
test,3,53560,125287,125287,130699,11,12,2599,7.5,6,19,2,-1000.0,0,0.0,0.0,0.0,inf,0.0,0.0,0.0,0.0,0,rolling,losing_streak_fitness,2_days,rep_1,70,11
train,3,53560,125287,125287,130699,11,12,2599,7.5,6,19,2,942.8976614670332,14,504.0,637.0,133.0,4.789473684210527,38.0,0.5,36.0,19.0,2,rolling,losing_streak_fitness,2_days,rep_1,70,11
test,3,53560,125287,125287,130699,11,12,2599,7.5,6,19,2,-1000.0,0,0.0,0.0,0.0,inf,0.0,0.0,0.0,0.0,0,rolling,losing_streak_fitness,2_days,rep_1,71,11
train,3,53560,125287,125287,130699,11,12,2599,7.5,6,19,2,942.8976614670332,14,504.0,637.0,133.0,4.789473684210527,38.0,0.5,36.0,19.0,2,rolling,losing_streak_fitness,2_days,rep_1,71,11
test,3,53560,125287,125287,130699,11,12,2599,7.5,6,19,2,-1000.0,0,0.0,0.0,0.0,inf,0.0,0.0,0.0,0.0,0,rolling,losing_streak_fitness,2_days,rep_1,72,11
train,3,53560,125287,125287,130699,11,12,2599,7.5,6,19,2,942.8976614670332,14,504.0,637.0,133.0,4.789473684210527,38.0,0.5,36.0,19.0,2,rolling,losing_streak_fitness,2_days,rep_1,72,11
test,3,53560,125287,125287,130699,11,12,2599,7.5,6,19,2,-1000.0,0,0.0,0.0,0.0,inf,0.0,0.0,0.0,0.0,0,rolling,losing_streak_fitness,2_days,rep_1,73,11
train,3,53560,125287,125287,130699,11,12,2599,7.5,6,19,2,942.8976614670332,14,504.0,637.0,133.0,4.789473684210527,38.0,0.5,36.0,19.0,2,rolling,losing_streak_fitness,2_days,rep_1,73,11
test,3,53560,125287,125287,130699,11,12,2599,7.5,6,19,2,-1000.0,0,0.0,0.0,0.0,inf,0.0,0.0,0.0,0.0,0,rolling,losing_streak_fitness,2_days,rep_1,74,11
train,3,53560,125287,125287,130699,11,12,2599,7.5,6,19,2,942.8976614670332,14,504.0,637.0,133.0,4.789473684210527,38.0,0.5,36.0,19.0,2,rolling,losing_streak_fitness,2_days,rep_1,74,11
test,3,53560,125287,125287,130699,11,12,2599,7.5,6,19,2,-1000.0,0,0.0,0.0,0.0,inf,0.0,0.0,0.0,0.0,0,rolling,losing_streak_fitness,2_days,rep_1,75,11
train,3,53560,125287,125287,130699,11,12,2599,7.5,6,19,2,942.8976614670332,14,504.0,637.0,133.0,4.789473684210527,38.0,0.5,36.0,19.0,2,rolling,losing_streak_fitness,2_days,rep_1,75,11
test,3,53560,125287,125287,130699,11,12,2599,7.5,6,19,2,-1000.0,0,0.0,0.0,0.0,inf,0.0,0.0,0.0,0.0,0,rolling,losing_streak_fitness,2_days,rep_1,76,11
train,3,53560,125287,125287,130699,11,12,2599,7.5,6,19,2,942.8976614670332,14,504.0,637.0,133.0,4.789473684210527,38.0,0.5,36.0,19.0,2,rolling,losing_streak_fitness,2_days,rep_1,76,11
test,3,53560,125287,125287,130699,11,12,2599,7.5,6,19,2,-1000.0,0,0.0,0.0,0.0,inf,0.0,0.0,0.0,0.0,0,rolling,losing_streak_fitness,2_days,rep_1,77,11
train,3,53560,125287,125287,130699,11,12,2599,7.5,6,19,2,942.8976614670332,14,504.0,637.0,133.0,4.789473684210527,38.0,0.5,36.0,19.0,2,rolling,losing_streak_fitness,2_days,rep_1,77,11
test,3,53560,125287,125287,130699,11,12,2599,7.5,6,19,2,-1000.0,0,0.0,0.0,0.0,inf,0.0,0.0,0.0,0.0,0,rolling,losing_streak_fitness,2_days,rep_1,78,11
train,3,53560,125287,125287,130699,11,12,2599,7.5,6,19,2,942.8976614670332,14,504.0,637.0,133.0,4.789473684210527,38.0,0.5,36.0,19.0,2,rolling,losing_streak_fitness,2_days,rep_1,78,11
test,3,53560,125287,125287,130699,11,12,2599,7.5,6,19,2,-1000.0,0,0.0,0.0,0.0,inf,0.0,0.0,0.0,0.0,0,rolling,losing_streak_fitness,2_days,rep_1,79,11
train,3,53560,125287,125287,130699,11,12,2599,7.5,6,19,2,942.8976614670332,14,504.0,637.0,133.0,4.789473684210527,38.0,0.5,36.0,19.0,2,rolling,losing_streak_fitness,2_days,rep_1,79,11
test,3,53560,125287,125287,130699,11,12,2599,7.5,6,19,2,-1000.0,0,0.0,0.0,0.0,inf,0.0,0.0,0.0,0.0,0,rolling,losing_streak_fitness,2_days,rep_1,80,11
train,3,53560,125287,125287,130699,11,12,2599,7.5,6,19,2,942.8976614670332,14,504.0,637.0,133.0,4.789473684210527,38.0,0.5,36.0,19.0,2,rolling,losing_streak_fitness,2_days,rep_1,80,11
test,3,53560,125287,125287,130699,11,12,2599,7.5,6,19,2,-1000.0,0,0.0,0.0,0.0,inf,0.0,0.0,0.0,0.0,0,rolling,losing_streak_fitness,2_days,rep_1,81,11
train,3,53560,125287,125287,130699,11,12,2599,7.5,6,19,2,942.8976614670332,14,504.0,637.0,133.0,4.789473684210527,38.0,0.5,36.0,19.0,2,rolling,losing_streak_fitness,2_days,rep_1,81,11
test,3,53560,125287,125287,130699,11,12,2599,7.5,6,19,2,-1000.0,0,0.0,0.0,0.0,inf,0.0,0.0,0.0,0.0,0,rolling,losing_streak_fitness,2_days,rep_1,82,11
train,3,53560,125287,125287,130699,11,12,2599,7.5,6,19,2,942.8976614670332,14,504.0,637.0,133.0,4.789473684210527,38.0,0.5,36.0,19.0,2,rolling,losing_streak_fitness,2_days,rep_1,82,11
test,3,53560,125287,125287,130699,11,12,2599,7.5,6,19,2,-1000.0,0,0.0,0.0,0.0,inf,0.0,0.0,0.0,0.0,0,rolling,losing_streak_fitness,2_days,rep_1,83,11
train,3,53560,125287,125287,130699,11,12,2599,7.5,6,19,2,942.8976614670332,14,504.0,637.0,133.0,4.789473684210527,38.0,0.5,36.0,19.0,2,rolling,losing_streak_fitness,2_days,rep_1,83,11
test,3,53560,125287,125287,130699,11,12,2599,7.5,6,19,2,-1000.0,0,0.0,0.0,0.0,inf,0.0,0.0,0.0,0.0,0,rolling,losing_streak_fitness,2_days,rep_1,84,11
train,3,53560,125287,125287,130699,11,12,2599,7.5,6,19,2,942.8976614670332,14,504.0,637.0,133.0,4.789473684210527,38.0,0.5,36.0,19.0,2,rolling,losing_streak_fitness,2_days,rep_1,84,11
test,3,53560,125287,125287,130699,11,12,2599,7.5,6,19,2,-1000.0,0,0.0,0.0,0.0,inf,0.0,0.0,0.0,0.0,0,rolling,losing_streak_fitness,2_days,rep_1,85,11
train,3,53560,125287,125287,130699,11,12,2599,7.5,6,19,2,942.8976614670332,14,504.0,637.0,133.0,4.789473684210527,38.0,0.5,36.0,19.0,2,rolling,losing_streak_fitness,2_days,rep_1,85,11
test,3,53560,125287,125287,130699,11,12,2599,7.5,6,19,2,-1000.0,0,0.0,0.0,0.0,inf,0.0,0.0,0.0,0.0,0,rolling,losing_streak_fitness,2_days,rep_1,86,11
train,3,53560,125287,125287,130699,11,12,2599,7.5,6,19,2,942.8976614670332,14,504.0,637.0,133.0,4.789473684210527,38.0,0.5,36.0,19.0,2,rolling,losing_streak_fitness,2_days,rep_1,86,11
test,3,53560,125287,125287,130699,11,12,2599,7.5,6,19,2,-1000.0,0,0.0,0.0,0.0,inf,0.0,0.0,0.0,0.0,0,rolling,losing_streak_fitness,2_days,rep_1,87,11
train,3,53560,125287,125287,130699,11,12,2599,7.5,6,19,2,942.8976614670332,14,504.0,637.0,133.0,4.789473684210527,38.0,0.5,36.0,19.0,2,rolling,losing_streak_fitness,2_days,rep_1,87,11
test,3,53560,125287,125287,130699,11,12,2599,7.5,6,19,2,-1000.0,0,0.0,0.0,0.0,inf,0.0,0.0,0.0,0.0,0,rolling,losing_streak_fitness,2_days,rep_1,88,11
train,3,53560,125287,125287,130699,11,12,2599,7.5,6,19,2,942.8976614670332,14,504.0,637.0,133.0,4.789473684210527,38.0,0.5,36.0,19.0,2,rolling,losing_streak_fitness,2_days,rep_1,88,11
test,3,53560,125287,125287,130699,11,12,2599,7.5,6,19,2,-1000.0,0,0.0,0.0,0.0,inf,0.0,0.0,0.0,0.0,0,rolling,losing_streak_fitness,2_days,rep_1,89,11
train,3,53560,125287,125287,130699,11,12,2599,7.5,6,19,2,942.8976614670332,14,504.0,637.0,133.0,4.789473684210527,38.0,0.5,36.0,19.0,2,rolling,losing_streak_fitness,2_days,rep_1,89,11
test,3,53560,125287,125287,130699,11,12,2599,7.5,6,19,2,-1000.0,0,0.0,0.0,0.0,inf,0.0,0.0,0.0,0.0,0,rolling,losing_streak_fitness,2_days,rep_1,90,11
train,3,53560,125287,125287,130699,11,12,2599,7.5,6,19,2,942.8976614670332,14,504.0,637.0,133.0,4.789473684210527,38.0,0.5,36.0,19.0,2,rolling,losing_streak_fitness,2_days,rep_1,90,11
test,3,53560,125287,125287,130699,11,12,2599,7.5,6,19,2,-1000.0,0,0.0,0.0,0.0,inf,0.0,0.0,0.0,0.0,0,rolling,losing_streak_fitness,2_days,rep_1,91,11
train,3,53560,125287,125287,130699,11,12,2599,7.5,6,19,2,942.8976614670332,14,504.0,637.0,133.0,4.789473684210527,38.0,0.5,36.0,19.0,2,rolling,losing_streak_fitness,2_days,rep_1,91,11
test,3,53560,125287,125287,130699,11,12,2599,7.5,6,19,2,-1000.0,0,0.0,0.0,0.0,inf,0.0,0.0,0.0,0.0,0,rolling,losing_streak_fitness,2_days,rep_1,92,11
train,3,53560,125287,125287,130699,11,12,2599,7.5,6,19,2,942.8976614670332,14,504.0,637.0,133.0,4.789473684210527,38.0,0.5,36.0,19.0,2,rolling,losing_streak_fitness,2_days,rep_1,92,11
test,3,53560,125287,125287,130699,11,12,2599,7.5,6,19,2,-1000.0,0,0.0,0.0,0.0,inf,0.0,0.0,0.0,0.0,0,rolling,losing_streak_fitness,2_days,rep_1,93,11
train,3,53560,125287,125287,130699,11,12,2599,7.5,6,19,2,942.8976614670332,14,504.0,637.0,133.0,4.789473684210527,38.0,0.5,36.0,19.0,2,rolling,losing_streak_fitness,2_days,rep_1,93,11
test,3,53560,125287,125287,130699,11,12,2599,7.5,6,19,2,-1000.0,0,0.0,0.0,0.0,inf,0.0,0.0,0.0,0.0,0,rolling,losing_streak_fitness,2_days,rep_1,94,11
train,3,53560,125287,125287,130699,11,12,2599,7.5,6,19,2,942.8976614670332,14,504.0,637.0,133.0,4.789473684210527,38.0,0.5,36.0,19.0,2,rolling,losing_streak_fitness,2_days,rep_1,94,11
test,3,53560,125287,125287,130699,11,12,2599,7.5,6,19,2,-1000.0,0,0.0,0.0,0.0,inf,0.0,0.0,0.0,0.0,0,rolling,losing_streak_fitness,2_days,rep_1,95,11
train,3,53560,125287,125287,130699,11,12,2599,7.5,6,19,2,942.8976614670332,14,504.0,637.0,133.0,4.789473684210527,38.0,0.5,36.0,19.0,2,rolling,losing_streak_fitness,2_days,rep_1,95,11
test,3,53560,125287,125287,130699,11,12,2599,7.5,6,19,2,-1000.0,0,0.0,0.0,0.0,inf,0.0,0.0,0.0,0.0,0,rolling,losing_streak_fitness,2_days,rep_1,96,11
train,3,53560,125287,125287,130699,11,12,2599,7.5,6,19,2,942.8976614670332,14,504.0,637.0,133.0,4.789473684210527,38.0,0.5,36.0,19.0,2,rolling,losing_streak_fitness,2_days,rep_1,96,11
test,3,53560,125287,125287,130699,11,12,2599,7.5,6,19,2,-1000.0,0,0.0,0.0,0.0,inf,0.0,0.0,0.0,0.0,0,rolling,losing_streak_fitness,2_days,rep_1,97,11
train,3,53560,125287,125287,130699,11,12,2599,7.5,6,19,2,942.8976614670332,14,504.0,637.0,133.0,4.789473684210527,38.0,0.5,36.0,19.0,2,rolling,losing_streak_fitness,2_days,rep_1,97,11
test,3,53560,125287,125287,130699,11,12,2599,7.5,6,19,2,-1000.0,0,0.0,0.0,0.0,inf,0.0,0.0,0.0,0.0,0,rolling,losing_streak_fitness,2_days,rep_1,98,11
train,3,53560,125287,125287,130699,11,12,2599,7.5,6,19,2,942.8976614670332,14,504.0,637.0,133.0,4.789473684210527,38.0,0.5,36.0,19.0,2,rolling,losing_streak_fitness,2_days,rep_1,98,11
test,3,53560,125287,125287,130699,11,12,2599,7.5,6,19,2,-1000.0,0,0.0,0.0,0.0,inf,0.0,0.0,0.0,0.0,0,rolling,losing_streak_fitness,2_days,rep_1,99,11
train,3,53560,125287,125287,130699,11,12,2599,7.5,6,19,2,942.8976614670332,14,504.0,637.0,133.0,4.789473684210527,38.0,0.5,36.0,19.0,2,rolling,losing_streak_fitness,2_days,rep_1,99,11
test,3,53560,125287,125287,130699,11,12,2599,7.5,6,19,2,-1000.0,0,0.0,0.0,0.0,inf,0.0,0.0,0.0,0.0,0,rolling,losing_streak_fitness,2_days,rep_1,100,11
train,3,53560,125287,125287,130699,11,12,2599,7.5,6,19,2,942.8976614670332,14,504.0,637.0,133.0,4.789473684210527,38.0,0.5,36.0,19.0,2,rolling,losing_streak_fitness,2_days,rep_1,100,11
test,1,0,53560,53560,86986,0,9,843,6.75,8,26,2,55.90169943749474,5,50.0,126.0,76.0,1.6578947368421053,76.0,0.2,10.0,19.0,4,rolling,losing_streak_fitness,2_days,rep_2,0,0
train,1,0,53560,53560,86986,0,9,843,6.75,8,26,2,25.311394008759507,6,31.0,126.0,95.0,1.326315789473684,57.0,0.1666666666666666,5.166666666666667,19.0,3,rolling,losing_streak_fitness,2_days,rep_2,0,0
test,1,0,53560,53560,86986,1,7,2651,9.25,5,8,2,58.09475019311125,15,45.0,216.0,171.0,1.263157894736842,114.0,0.4,3.0,19.0,6,rolling,losing_streak_fitness,2_days,rep_2,1,1
train,1,0,53560,53560,86986,1,7,2651,9.25,5,8,2,271.9319767883137,12,157.0,252.0,95.0,2.652631578947368,38.0,0.5833333333333334,13.083333333333334,19.0,2,rolling,losing_streak_fitness,2_days,rep_2,1,1
test,1,0,53560,53560,86986,1,7,2651,9.25,5,8,2,58.09475019311125,15,45.0,216.0,171.0,1.263157894736842,114.0,0.4,3.0,19.0,6,rolling,losing_streak_fitness,2_days,rep_2,2,1
train,1,0,53560,53560,86986,1,7,2651,9.25,5,8,2,271.9319767883137,12,157.0,252.0,95.0,2.652631578947368,38.0,0.5833333333333334,13.083333333333334,19.0,2,rolling,losing_streak_fitness,2_days,rep_2,2,1
test,1,0,53560,53560,86986,1,7,2651,9.25,5,8,2,58.09475019311125,15,45.0,216.0,171.0,1.263157894736842,114.0,0.4,3.0,19.0,6,rolling,losing_streak_fitness,2_days,rep_2,3,1
train,1,0,53560,53560,86986,1,7,2651,9.25,5,8,2,271.9319767883137,12,157.0,252.0,95.0,2.652631578947368,38.0,0.5833333333333334,13.083333333333334,19.0,2,rolling,losing_streak_fitness,2_days,rep_2,3,1
test,1,0,53560,53560,86986,1,7,2651,9.25,5,8,2,58.09475019311125,15,45.0,216.0,171.0,1.263157894736842,114.0,0.4,3.0,19.0,6,rolling,losing_streak_fitness,2_days,rep_2,4,1
train,1,0,53560,53560,86986,1,7,2651,9.25,5,8,2,271.9319767883137,12,157.0,252.0,95.0,2.652631578947368,38.0,0.5833333333333334,13.083333333333334,19.0,2,rolling,losing_streak_fitness,2_days,rep_2,4,1
test,1,0,53560,53560,86986,5,8,810,4.25,8,8,2,-34.42324795832026,14,-46.0,144.0,190.0,0.7578947368421053,190.0,0.2857142857142857,-3.2857142857142856,19.0,10,rolling,losing_streak_fitness,2_days,rep_2,5,5
train,1,0,53560,53560,86986,5,8,810,4.25,8,8,2,312.0,9,104.0,180.0,76.0,2.3684210526315788,19.0,0.5555555555555556,11.555555555555555,19.0,1,rolling,losing_streak_fitness,2_days,rep_2,5,5
test,1,0,53560,53560,86986,5,8,810,4.25,8,8,2,-34.42324795832026,14,-46.0,144.0,190.0,0.7578947368421053,190.0,0.2857142857142857,-3.2857142857142856,19.0,10,rolling,losing_streak_fitness,2_days,rep_2,6,5
train,1,0,53560,53560,86986,5,8,810,4.25,8,8,2,312.0,9,104.0,180.0,76.0,2.3684210526315788,19.0,0.5555555555555556,11.555555555555555,19.0,1,rolling,losing_streak_fitness,2_days,rep_2,6,5
test,1,0,53560,53560,86986,5,8,810,4.25,8,8,2,-34.42324795832026,14,-46.0,144.0,190.0,0.7578947368421053,190.0,0.2857142857142857,-3.2857142857142856,19.0,10,rolling,losing_streak_fitness,2_days,rep_2,7,5
train,1,0,53560,53560,86986,5,8,810,4.25,8,8,2,312.0,9,104.0,180.0,76.0,2.3684210526315788,19.0,0.5555555555555556,11.555555555555555,19.0,1,rolling,losing_streak_fitness,2_days,rep_2,7,5
test,1,0,53560,53560,86986,5,8,810,4.25,8,8,2,-34.42324795832026,14,-46.0,144.0,190.0,0.7578947368421053,190.0,0.2857142857142857,-3.2857142857142856,19.0,10,rolling,losing_streak_fitness,2_days,rep_2,8,5
train,1,0,53560,53560,86986,5,8,810,4.25,8,8,2,312.0,9,104.0,180.0,76.0,2.3684210526315788,19.0,0.5555555555555556,11.555555555555555,19.0,1,rolling,losing_streak_fitness,2_days,rep_2,8,5
test,1,0,53560,53560,86986,5,8,810,4.25,8,8,2,-34.42324795832026,14,-46.0,144.0,190.0,0.7578947368421053,190.0,0.2857142857142857,-3.2857142857142856,19.0,10,rolling,losing_streak_fitness,2_days,rep_2,9,5
train,1,0,53560,53560,86986,5,8,810,4.25,8,8,2,312.0,9,104.0,180.0,76.0,2.3684210526315788,19.0,0.5555555555555556,11.555555555555555,19.0,1,rolling,losing_streak_fitness,2_days,rep_2,9,5
test,1,0,53560,53560,86986,5,8,810,4.25,8,8,2,-34.42324795832026,14,-46.0,144.0,190.0,0.7578947368421053,190.0,0.2857142857142857,-3.2857142857142856,19.0,10,rolling,losing_streak_fitness,2_days,rep_2,10,5
train,1,0,53560,53560,86986,5,8,810,4.25,8,8,2,312.0,9,104.0,180.0,76.0,2.3684210526315788,19.0,0.5555555555555556,11.555555555555555,19.0,1,rolling,losing_streak_fitness,2_days,rep_2,10,5
test,1,0,53560,53560,86986,5,8,810,4.25,8,8,2,-34.42324795832026,14,-46.0,144.0,190.0,0.7578947368421053,190.0,0.2857142857142857,-3.2857142857142856,19.0,10,rolling,losing_streak_fitness,2_days,rep_2,11,5
train,1,0,53560,53560,86986,5,8,810,4.25,8,8,2,312.0,9,104.0,180.0,76.0,2.3684210526315788,19.0,0.5555555555555556,11.555555555555555,19.0,1,rolling,losing_streak_fitness,2_days,rep_2,11,5
test,1,0,53560,53560,86986,5,8,810,4.25,8,8,2,-34.42324795832026,14,-46.0,144.0,190.0,0.7578947368421053,190.0,0.2857142857142857,-3.2857142857142856,19.0,10,rolling,losing_streak_fitness,2_days,rep_2,12,5
train,1,0,53560,53560,86986,5,8,810,4.25,8,8,2,312.0,9,104.0,180.0,76.0,2.3684210526315788,19.0,0.5555555555555556,11.555555555555555,19.0,1,rolling,losing_streak_fitness,2_days,rep_2,12,5
test,1,0,53560,53560,86986,5,8,810,4.25,8,8,2,-34.42324795832026,14,-46.0,144.0,190.0,0.7578947368421053,190.0,0.2857142857142857,-3.2857142857142856,19.0,10,rolling,losing_streak_fitness,2_days,rep_2,13,5
train,1,0,53560,53560,86986,5,8,810,4.25,8,8,2,312.0,9,104.0,180.0,76.0,2.3684210526315788,19.0,0.5555555555555556,11.555555555555555,19.0,1,rolling,losing_streak_fitness,2_days,rep_2,13,5
test,1,0,53560,53560,86986,5,8,810,4.25,8,8,2,-34.42324795832026,14,-46.0,144.0,190.0,0.7578947368421053,190.0,0.2857142857142857,-3.2857142857142856,19.0,10,rolling,losing_streak_fitness,2_days,rep_2,14,5
train,1,0,53560,53560,86986,5,8,810,4.25,8,8,2,312.0,9,104.0,180.0,76.0,2.3684210526315788,19.0,0.5555555555555556,11.555555555555555,19.0,1,rolling,losing_streak_fitness,2_days,rep_2,14,5
test,1,0,53560,53560,86986,5,8,810,4.25,8,8,2,-34.42324795832026,14,-46.0,144.0,190.0,0.7578947368421053,190.0,0.2857142857142857,-3.2857142857142856,19.0,10,rolling,losing_streak_fitness,2_days,rep_2,15,5
train,1,0,53560,53560,86986,5,8,810,4.25,8,8,2,312.0,9,104.0,180.0,76.0,2.3684210526315788,19.0,0.5555555555555556,11.555555555555555,19.0,1,rolling,losing_streak_fitness,2_days,rep_2,15,5
test,1,0,53560,53560,86986,5,8,810,4.25,8,8,2,-34.42324795832026,14,-46.0,144.0,190.0,0.7578947368421053,190.0,0.2857142857142857,-3.2857142857142856,19.0,10,rolling,losing_streak_fitness,2_days,rep_2,16,5
train,1,0,53560,53560,86986,5,8,810,4.25,8,8,2,312.0,9,104.0,180.0,76.0,2.3684210526315788,19.0,0.5555555555555556,11.555555555555555,19.0,1,rolling,losing_streak_fitness,2_days,rep_2,16,5
test,1,0,53560,53560,86986,5,8,810,4.25,8,8,2,-34.42324795832026,14,-46.0,144.0,190.0,0.7578947368421053,190.0,0.2857142857142857,-3.2857142857142856,19.0,10,rolling,losing_streak_fitness,2_days,rep_2,17,5
train,1,0,53560,53560,86986,5,8,810,4.25,8,8,2,312.0,9,104.0,180.0,76.0,2.3684210526315788,19.0,0.5555555555555556,11.555555555555555,19.0,1,rolling,losing_streak_fitness,2_days,rep_2,17,5
test,1,0,53560,53560,86986,5,8,810,4.25,8,8,2,-34.42324795832026,14,-46.0,144.0,190.0,0.7578947368421053,190.0,0.2857142857142857,-3.2857142857142856,19.0,10,rolling,losing_streak_fitness,2_days,rep_2,18,5
train,1,0,53560,53560,86986,5,8,810,4.25,8,8,2,312.0,9,104.0,180.0,76.0,2.3684210526315788,19.0,0.5555555555555556,11.555555555555555,19.0,1,rolling,losing_streak_fitness,2_days,rep_2,18,5
test,1,0,53560,53560,86986,19,8,737,9.0,4,10,2,-58.09475019311125,15,-90.0,138.0,228.0,0.6052631578947368,228.0,0.2,-6.0,19.0,12,rolling,losing_streak_fitness,2_days,rep_2,19,19
train,1,0,53560,53560,86986,19,8,737,9.0,4,10,2,353.58662305013746,14,189.0,322.0,133.0,2.421052631578948,38.0,0.5,13.5,19.0,2,rolling,losing_streak_fitness,2_days,rep_2,19,19
test,1,0,53560,53560,86986,19,8,737,9.0,4,10,2,-58.09475019311125,15,-90.0,138.0,228.0,0.6052631578947368,228.0,0.2,-6.0,19.0,12,rolling,losing_streak_fitness,2_days,rep_2,20,19
train,1,0,53560,53560,86986,19,8,737,9.0,4,10,2,353.58662305013746,14,189.0,322.0,133.0,2.421052631578948,38.0,0.5,13.5,19.0,2,rolling,losing_streak_fitness,2_days,rep_2,20,19
test,1,0,53560,53560,86986,19,8,737,9.0,4,10,2,-58.09475019311125,15,-90.0,138.0,228.0,0.6052631578947368,228.0,0.2,-6.0,19.0,12,rolling,losing_streak_fitness,2_days,rep_2,21,19
train,1,0,53560,53560,86986,19,8,737,9.0,4,10,2,353.58662305013746,14,189.0,322.0,133.0,2.421052631578948,38.0,0.5,13.5,19.0,2,rolling,losing_streak_fitness,2_days,rep_2,21,19
test,1,0,53560,53560,86986,19,8,737,9.0,4,10,2,-58.09475019311125,15,-90.0,138.0,228.0,0.6052631578947368,228.0,0.2,-6.0,19.0,12,rolling,losing_streak_fitness,2_days,rep_2,22,19
train,1,0,53560,53560,86986,19,8,737,9.0,4,10,2,353.58662305013746,14,189.0,322.0,133.0,2.421052631578948,38.0,0.5,13.5,19.0,2,rolling,losing_streak_fitness,2_days,rep_2,22,19
test,1,0,53560,53560,86986,19,8,737,9.0,4,10,2,-58.09475019311125,15,-90.0,138.0,228.0,0.6052631578947368,228.0,0.2,-6.0,19.0,12,rolling,losing_streak_fitness,2_days,rep_2,23,19
train,1,0,53560,53560,86986,19,8,737,9.0,4,10,2,353.58662305013746,14,189.0,322.0,133.0,2.421052631578948,38.0,0.5,13.5,19.0,2,rolling,losing_streak_fitness,2_days,rep_2,23,19
test,1,0,53560,53560,86986,19,8,737,9.0,4,10,2,-58.09475019311125,15,-90.0,138.0,228.0,0.6052631578947368,228.0,0.2,-6.0,19.0,12,rolling,losing_streak_fitness,2_days,rep_2,24,19
train,1,0,53560,53560,86986,19,8,737,9.0,4,10,2,353.58662305013746,14,189.0,322.0,133.0,2.421052631578948,38.0,0.5,13.5,19.0,2,rolling,losing_streak_fitness,2_days,rep_2,24,19
test,1,0,53560,53560,86986,19,8,737,9.0,4,10,2,-58.09475019311125,15,-90.0,138.0,228.0,0.6052631578947368,228.0,0.2,-6.0,19.0,12,rolling,losing_streak_fitness,2_days,rep_2,25,19
train,1,0,53560,53560,86986,19,8,737,9.0,4,10,2,353.58662305013746,14,189.0,322.0,133.0,2.421052631578948,38.0,0.5,13.5,19.0,2,rolling,losing_streak_fitness,2_days,rep_2,25,19
test,1,0,53560,53560,86986,19,8,737,9.0,4,10,2,-58.09475019311125,15,-90.0,138.0,228.0,0.6052631578947368,228.0,0.2,-6.0,19.0,12,rolling,losing_streak_fitness,2_days,rep_2,26,19
train,1,0,53560,53560,86986,19,8,737,9.0,4,10,2,353.58662305013746,14,189.0,322.0,133.0,2.421052631578948,38.0,0.5,13.5,19.0,2,rolling,losing_streak_fitness,2_days,rep_2,26,19
test,1,0,53560,53560,86986,19,8,737,9.0,4,10,2,-58.09475019311125,15,-90.0,138.0,228.0,0.6052631578947368,228.0,0.2,-6.0,19.0,12,rolling,losing_streak_fitness,2_days,rep_2,27,19
train,1,0,53560,53560,86986,19,8,737,9.0,4,10,2,353.58662305013746,14,189.0,322.0,133.0,2.421052631578948,38.0,0.5,13.5,19.0,2,rolling,losing_streak_fitness,2_days,rep_2,27,19
test,1,0,53560,53560,86986,19,8,737,9.0,4,10,2,-58.09475019311125,15,-90.0,138.0,228.0,0.6052631578947368,228.0,0.2,-6.0,19.0,12,rolling,losing_streak_fitness,2_days,rep_2,28,19
train,1,0,53560,53560,86986,19,8,737,9.0,4,10,2,353.58662305013746,14,189.0,322.0,133.0,2.421052631578948,38.0,0.5,13.5,19.0,2,rolling,losing_streak_fitness,2_days,rep_2,28,19
test,1,0,53560,53560,86986,29,8,643,9.0,4,10,2,-58.09475019311125,15,-90.0,138.0,228.0,0.6052631578947368,228.0,0.2,-6.0,19.0,12,rolling,losing_streak_fitness,2_days,rep_2,29,29
train,1,0,53560,53560,86986,29,8,643,9.0,4,10,2,374.9773326482549,13,208.0,322.0,114.0,2.824561403508772,38.0,0.5384615384615384,16.0,19.0,2,rolling,losing_streak_fitness,2_days,rep_2,29,29
test,1,0,53560,53560,86986,29,8,643,9.0,4,10,2,-58.09475019311125,15,-90.0,138.0,228.0,0.6052631578947368,228.0,0.2,-6.0,19.0,12,rolling,losing_streak_fitness,2_days,rep_2,30,29
train,1,0,53560,53560,86986,29,8,643,9.0,4,10,2,374.9773326482549,13,208.0,322.0,114.0,2.824561403508772,38.0,0.5384615384615384,16.0,19.0,2,rolling,losing_streak_fitness,2_days,rep_2,30,29
test,1,0,53560,53560,86986,29,8,643,9.0,4,10,2,-58.09475019311125,15,-90.0,138.0,228.0,0.6052631578947368,228.0,0.2,-6.0,19.0,12,rolling,losing_streak_fitness,2_days,rep_2,31,29
train,1,0,53560,53560,86986,29,8,643,9.0,4,10,2,374.9773326482549,13,208.0,322.0,114.0,2.824561403508772,38.0,0.5384615384615384,16.0,19.0,2,rolling,losing_streak_fitness,2_days,rep_2,31,29
test,1,0,53560,53560,86986,32,8,810,8.75,4,10,3,-158.5032063902373,21,-294.0,138.0,432.0,0.3194444444444444,408.0,0.1428571428571428,-14.0,24.0,17,rolling,losing_streak_fitness,2_days,rep_2,32,32
train,1,0,53560,53560,86986,32,8,810,8.75,4,10,3,419.06562731868144,14,224.0,368.0,144.0,2.555555555555556,48.0,0.5714285714285714,16.0,24.0,2,rolling,losing_streak_fitness,2_days,rep_2,32,32
test,1,0,53560,53560,86986,32,8,810,8.75,4,10,3,-158.5032063902373,21,-294.0,138.0,432.0,0.3194444444444444,408.0,0.1428571428571428,-14.0,24.0,17,rolling,losing_streak_fitness,2_days,rep_2,33,32
train,1,0,53560,53560,86986,32,8,810,8.75,4,10,3,419.06562731868144,14,224.0,368.0,144.0,2.555555555555556,48.0,0.5714285714285714,16.0,24.0,2,rolling,losing_streak_fitness,2_days,rep_2,33,32
test,1,0,53560,53560,86986,32,8,810,8.75,4,10,3,-158.5032063902373,21,-294.0,138.0,432.0,0.3194444444444444,408.0,0.1428571428571428,-14.0,24.0,17,rolling,losing_streak_fitness,2_days,rep_2,34,32
train,1,0,53560,53560,86986,32,8,810,8.75,4,10,3,419.06562731868144,14,224.0,368.0,144.0,2.555555555555556,48.0,0.5714285714285714,16.0,24.0,2,rolling,losing_streak_fitness,2_days,rep_2,34,32
test,1,0,53560,53560,86986,35,8,643,8.75,4,10,3,-125.58216433873082,18,-222.0,138.0,360.0,0.3833333333333333,360.0,0.1666666666666666,-12.333333333333334,24.0,15,rolling,losing_streak_fitness,2_days,rep_2,35,35
train,1,0,53560,53560,86986,35,8,643,8.75,4,10,3,894.1767163150693,13,248.0,368.0,120.0,3.066666666666667,24.0,0.6153846153846154,19.07692307692308,24.0,1,rolling,losing_streak_fitness,2_days,rep_2,35,35
test,1,0,53560,53560,86986,35,8,643,8.75,4,10,3,-125.58216433873082,18,-222.0,138.0,360.0,0.3833333333333333,360.0,0.1666666666666666,-12.333333333333334,24.0,15,rolling,losing_streak_fitness,2_days,rep_2,36,35
train,1,0,53560,53560,86986,35,8,643,8.75,4,10,3,894.1767163150693,13,248.0,368.0,120.0,3.066666666666667,24.0,0.6153846153846154,19.07692307692308,24.0,1,rolling,losing_streak_fitness,2_days,rep_2,36,35
test,1,0,53560,53560,86986,35,8,643,8.75,4,10,3,-125.58216433873082,18,-222.0,138.0,360.0,0.3833333333333333,360.0,0.1666666666666666,-12.333333333333334,24.0,15,rolling,losing_streak_fitness,2_days,rep_2,37,35
train,1,0,53560,53560,86986,35,8,643,8.75,4,10,3,894.1767163150693,13,248.0,368.0,120.0,3.066666666666667,24.0,0.6153846153846154,19.07692307692308,24.0,1,rolling,losing_streak_fitness,2_days,rep_2,37,35
test,1,0,53560,53560,86986,35,8,643,8.75,4,10,3,-125.58216433873082,18,-222.0,138.0,360.0,0.3833333333333333,360.0,0.1666666666666666,-12.333333333333334,24.0,15,rolling,losing_streak_fitness,2_days,rep_2,38,35
train,1,0,53560,53560,86986,35,8,643,8.75,4,10,3,894.1767163150693,13,248.0,368.0,120.0,3.066666666666667,24.0,0.6153846153846154,19.07692307692308,24.0,1,rolling,losing_streak_fitness,2_days,rep_2,38,35
test,1,0,53560,53560,86986,35,8,643,8.75,4,10,3,-125.58216433873082,18,-222.0,138.0,360.0,0.3833333333333333,360.0,0.1666666666666666,-12.333333333333334,24.0,15,rolling,losing_streak_fitness,2_days,rep_2,39,35
train,1,0,53560,53560,86986,35,8,643,8.75,4,10,3,894.1767163150693,13,248.0,368.0,120.0,3.066666666666667,24.0,0.6153846153846154,19.07692307692308,24.0,1,rolling,losing_streak_fitness,2_days,rep_2,39,35
test,1,0,53560,53560,86986,35,8,643,8.75,4,10,3,-125.58216433873082,18,-222.0,138.0,360.0,0.3833333333333333,360.0,0.1666666666666666,-12.333333333333334,24.0,15,rolling,losing_streak_fitness,2_days,rep_2,40,35
train,1,0,53560,53560,86986,35,8,643,8.75,4,10,3,894.1767163150693,13,248.0,368.0,120.0,3.066666666666667,24.0,0.6153846153846154,19.07692307692308,24.0,1,rolling,losing_streak_fitness,2_days,rep_2,40,35
test,1,0,53560,53560,86986,35,8,643,8.75,4,10,3,-125.58216433873082,18,-222.0,138.0,360.0,0.3833333333333333,360.0,0.1666666666666666,-12.333333333333334,24.0,15,rolling,losing_streak_fitness,2_days,rep_2,41,35
train,1,0,53560,53560,86986,35,8,643,8.75,4,10,3,894.1767163150693,13,248.0,368.0,120.0,3.066666666666667,24.0,0.6153846153846154,19.07692307692308,24.0,1,rolling,losing_streak_fitness,2_days,rep_2,41,35
test,1,0,53560,53560,86986,35,8,643,8.75,4,10,3,-125.58216433873082,18,-222.0,138.0,360.0,0.3833333333333333,360.0,0.1666666666666666,-12.333333333333334,24.0,15,rolling,losing_streak_fitness,2_days,rep_2,42,35
train,1,0,53560,53560,86986,35,8,643,8.75,4,10,3,894.1767163150693,13,248.0,368.0,120.0,3.066666666666667,24.0,0.6153846153846154,19.07692307692308,24.0,1,rolling,losing_streak_fitness,2_days,rep_2,42,35
test,1,0,53560,53560,86986,35,8,643,8.75,4,10,3,-125.58216433873082,18,-222.0,138.0,360.0,0.3833333333333333,360.0,0.1666666666666666,-12.333333333333334,24.0,15,rolling,losing_streak_fitness,2_days,rep_2,43,35
train,1,0,53560,53560,86986,35,8,643,8.75,4,10,3,894.1767163150693,13,248.0,368.0,120.0,3.066666666666667,24.0,0.6153846153846154,19.07692307692308,24.0,1,rolling,losing_streak_fitness,2_days,rep_2,43,35
test,1,0,53560,53560,86986,35,8,643,8.75,4,10,3,-125.58216433873082,18,-222.0,138.0,360.0,0.3833333333333333,360.0,0.1666666666666666,-12.333333333333334,24.0,15,rolling,losing_streak_fitness,2_days,rep_2,44,35
train,1,0,53560,53560,86986,35,8,643,8.75,4,10,3,894.1767163150693,13,248.0,368.0,120.0,3.066666666666667,24.0,0.6153846153846154,19.07692307692308,24.0,1,rolling,losing_streak_fitness,2_days,rep_2,44,35
test,1,0,53560,53560,86986,35,8,643,8.75,4,10,3,-125.58216433873082,18,-222.0,138.0,360.0,0.3833333333333333,360.0,0.1666666666666666,-12.333333333333334,24.0,15,rolling,losing_streak_fitness,2_days,rep_2,45,35
train,1,0,53560,53560,86986,35,8,643,8.75,4,10,3,894.1767163150693,13,248.0,368.0,120.0,3.066666666666667,24.0,0.6153846153846154,19.07692307692308,24.0,1,rolling,losing_streak_fitness,2_days,rep_2,45,35
test,1,0,53560,53560,86986,35,8,643,8.75,4,10,3,-125.58216433873082,18,-222.0,138.0,360.0,0.3833333333333333,360.0,0.1666666666666666,-12.333333333333334,24.0,15,rolling,losing_streak_fitness,2_days,rep_2,46,35
train,1,0,53560,53560,86986,35,8,643,8.75,4,10,3,894.1767163150693,13,248.0,368.0,120.0,3.066666666666667,24.0,0.6153846153846154,19.07692307692308,24.0,1,rolling,losing_streak_fitness,2_days,rep_2,46,35
test,1,0,53560,53560,86986,35,8,643,8.75,4,10,3,-125.58216433873082,18,-222.0,138.0,360.0,0.3833333333333333,360.0,0.1666666666666666,-12.333333333333334,24.0,15,rolling,losing_streak_fitness,2_days,rep_2,47,35
train,1,0,53560,53560,86986,35,8,643,8.75,4,10,3,894.1767163150693,13,248.0,368.0,120.0,3.066666666666667,24.0,0.6153846153846154,19.07692307692308,24.0,1,rolling,losing_streak_fitness,2_days,rep_2,47,35
test,1,0,53560,53560,86986,35,8,643,8.75,4,10,3,-125.58216433873082,18,-222.0,138.0,360.0,0.3833333333333333,360.0,0.1666666666666666,-12.333333333333334,24.0,15,rolling,losing_streak_fitness,2_days,rep_2,48,35
train,1,0,53560,53560,86986,35,8,643,8.75,4,10,3,894.1767163150693,13,248.0,368.0,120.0,3.066666666666667,24.0,0.6153846153846154,19.07692307692308,24.0,1,rolling,losing_streak_fitness,2_days,rep_2,48,35
test,1,0,53560,53560,86986,35,8,643,8.75,4,10,3,-125.58216433873082,18,-222.0,138.0,360.0,0.3833333333333333,360.0,0.1666666666666666,-12.333333333333334,24.0,15,rolling,losing_streak_fitness,2_days,rep_2,49,35
train,1,0,53560,53560,86986,35,8,643,8.75,4,10,3,894.1767163150693,13,248.0,368.0,120.0,3.066666666666667,24.0,0.6153846153846154,19.07692307692308,24.0,1,rolling,losing_streak_fitness,2_days,rep_2,49,35
test,1,0,53560,53560,86986,35,8,643,8.75,4,10,3,-125.58216433873082,18,-222.0,138.0,360.0,0.3833333333333333,360.0,0.1666666666666666,-12.333333333333334,24.0,15,rolling,losing_streak_fitness,2_days,rep_2,50,35
train,1,0,53560,53560,86986,35,8,643,8.75,4,10,3,894.1767163150693,13,248.0,368.0,120.0,3.066666666666667,24.0,0.6153846153846154,19.07692307692308,24.0,1,rolling,losing_streak_fitness,2_days,rep_2,50,35
test,1,0,53560,53560,86986,35,8,643,8.75,4,10,3,-125.58216433873082,18,-222.0,138.0,360.0,0.3833333333333333,360.0,0.1666666666666666,-12.333333333333334,24.0,15,rolling,losing_streak_fitness,2_days,rep_2,51,35
train,1,0,53560,53560,86986,35,8,643,8.75,4,10,3,894.1767163150693,13,248.0,368.0,120.0,3.066666666666667,24.0,0.6153846153846154,19.07692307692308,24.0,1,rolling,losing_streak_fitness,2_days,rep_2,51,35
test,1,0,53560,53560,86986,35,8,643,8.75,4,10,3,-125.58216433873082,18,-222.0,138.0,360.0,0.3833333333333333,360.0,0.1666666666666666,-12.333333333333334,24.0,15,rolling,losing_streak_fitness,2_days,rep_2,52,35
train,1,0,53560,53560,86986,35,8,643,8.75,4,10,3,894.1767163150693,13,248.0,368.0,120.0,3.066666666666667,24.0,0.6153846153846154,19.07692307692308,24.0,1,rolling,losing_streak_fitness,2_days,rep_2,52,35
test,1,0,53560,53560,86986,35,8,643,8.75,4,10,3,-125.58216433873082,18,-222.0,138.0,360.0,0.3833333333333333,360.0,0.1666666666666666,-12.333333333333334,24.0,15,rolling,losing_streak_fitness,2_days,rep_2,53,35
train,1,0,53560,53560,86986,35,8,643,8.75,4,10,3,894.1767163150693,13,248.0,368.0,120.0,3.066666666666667,24.0,0.6153846153846154,19.07692307692308,24.0,1,rolling,losing_streak_fitness,2_days,rep_2,53,35
test,1,0,53560,53560,86986,35,8,643,8.75,4,10,3,-125.58216433873082,18,-222.0,138.0,360.0,0.3833333333333333,360.0,0.1666666666666666,-12.333333333333334,24.0,15,rolling,losing_streak_fitness,2_days,rep_2,54,35
train,1,0,53560,53560,86986,35,8,643,8.75,4,10,3,894.1767163150693,13,248.0,368.0,120.0,3.066666666666667,24.0,0.6153846153846154,19.07692307692308,24.0,1,rolling,losing_streak_fitness,2_days,rep_2,54,35
test,1,0,53560,53560,86986,35,8,643,8.75,4,10,3,-125.58216433873082,18,-222.0,138.0,360.0,0.3833333333333333,360.0,0.1666666666666666,-12.333333333333334,24.0,15,rolling,losing_streak_fitness,2_days,rep_2,55,35
train,1,0,53560,53560,86986,35,8,643,8.75,4,10,3,894.1767163150693,13,248.0,368.0,120.0,3.066666666666667,24.0,0.6153846153846154,19.07692307692308,24.0,1,rolling,losing_streak_fitness,2_days,rep_2,55,35
test,1,0,53560,53560,86986,35,8,643,8.75,4,10,3,-125.58216433873082,18,-222.0,138.0,360.0,0.3833333333333333,360.0,0.1666666666666666,-12.333333333333334,24.0,15,rolling,losing_streak_fitness,2_days,rep_2,56,35
train,1,0,53560,53560,86986,35,8,643,8.75,4,10,3,894.1767163150693,13,248.0,368.0,120.0,3.066666666666667,24.0,0.6153846153846154,19.07692307692308,24.0,1,rolling,losing_streak_fitness,2_days,rep_2,56,35
test,1,0,53560,53560,86986,35,8,643,8.75,4,10,3,-125.58216433873082,18,-222.0,138.0,360.0,0.3833333333333333,360.0,0.1666666666666666,-12.333333333333334,24.0,15,rolling,losing_streak_fitness,2_days,rep_2,57,35
train,1,0,53560,53560,86986,35,8,643,8.75,4,10,3,894.1767163150693,13,248.0,368.0,120.0,3.066666666666667,24.0,0.6153846153846154,19.07692307692308,24.0,1,rolling,losing_streak_fitness,2_days,rep_2,57,35
test,1,0,53560,53560,86986,35,8,643,8.75,4,10,3,-125.58216433873082,18,-222.0,138.0,360.0,0.3833333333333333,360.0,0.1666666666666666,-12.333333333333334,24.0,15,rolling,losing_streak_fitness,2_days,rep_2,58,35
train,1,0,53560,53560,86986,35,8,643,8.75,4,10,3,894.1767163150693,13,248.0,368.0,120.0,3.066666666666667,24.0,0.6153846153846154,19.07692307692308,24.0,1,rolling,losing_streak_fitness,2_days,rep_2,58,35
test,1,0,53560,53560,86986,35,8,643,8.75,4,10,3,-125.58216433873082,18,-222.0,138.0,360.0,0.3833333333333333,360.0,0.1666666666666666,-12.333333333333334,24.0,15,rolling,losing_streak_fitness,2_days,rep_2,59,35
train,1,0,53560,53560,86986,35,8,643,8.75,4,10,3,894.1767163150693,13,248.0,368.0,120.0,3.066666666666667,24.0,0.6153846153846154,19.07692307692308,24.0,1,rolling,losing_streak_fitness,2_days,rep_2,59,35
test,1,0,53560,53560,86986,35,8,643,8.75,4,10,3,-125.58216433873082,18,-222.0,138.0,360.0,0.3833333333333333,360.0,0.1666666666666666,-12.333333333333334,24.0,15,rolling,losing_streak_fitness,2_days,rep_2,60,35
train,1,0,53560,53560,86986,35,8,643,8.75,4,10,3,894.1767163150693,13,248.0,368.0,120.0,3.066666666666667,24.0,0.6153846153846154,19.07692307692308,24.0,1,rolling,losing_streak_fitness,2_days,rep_2,60,35
test,1,0,53560,53560,86986,35,8,643,8.75,4,10,3,-125.58216433873082,18,-222.0,138.0,360.0,0.3833333333333333,360.0,0.1666666666666666,-12.333333333333334,24.0,15,rolling,losing_streak_fitness,2_days,rep_2,61,35
train,1,0,53560,53560,86986,35,8,643,8.75,4,10,3,894.1767163150693,13,248.0,368.0,120.0,3.066666666666667,24.0,0.6153846153846154,19.07692307692308,24.0,1,rolling,losing_streak_fitness,2_days,rep_2,61,35
test,1,0,53560,53560,86986,35,8,643,8.75,4,10,3,-125.58216433873082,18,-222.0,138.0,360.0,0.3833333333333333,360.0,0.1666666666666666,-12.333333333333334,24.0,15,rolling,losing_streak_fitness,2_days,rep_2,62,35
train,1,0,53560,53560,86986,35,8,643,8.75,4,10,3,894.1767163150693,13,248.0,368.0,120.0,3.066666666666667,24.0,0.6153846153846154,19.07692307692308,24.0,1,rolling,losing_streak_fitness,2_days,rep_2,62,35
test,1,0,53560,53560,86986,35,8,643,8.75,4,10,3,-125.58216433873082,18,-222.0,138.0,360.0,0.3833333333333333,360.0,0.1666666666666666,-12.333333333333334,24.0,15,rolling,losing_streak_fitness,2_days,rep_2,63,35
train,1,0,53560,53560,86986,35,8,643,8.75,4,10,3,894.1767163150693,13,248.0,368.0,120.0,3.066666666666667,24.0,0.6153846153846154,19.07692307692308,24.0,1,rolling,losing_streak_fitness,2_days,rep_2,63,35
test,1,0,53560,53560,86986,35,8,643,8.75,4,10,3,-125.58216433873082,18,-222.0,138.0,360.0,0.3833333333333333,360.0,0.1666666666666666,-12.333333333333334,24.0,15,rolling,losing_streak_fitness,2_days,rep_2,64,35
train,1,0,53560,53560,86986,35,8,643,8.75,4,10,3,894.1767163150693,13,248.0,368.0,120.0,3.066666666666667,24.0,0.6153846153846154,19.07692307692308,24.0,1,rolling,losing_streak_fitness,2_days,rep_2,64,35
test,1,0,53560,53560,86986,35,8,643,8.75,4,10,3,-125.58216433873082,18,-222.0,138.0,360.0,0.3833333333333333,360.0,0.1666666666666666,-12.333333333333334,24.0,15,rolling,losing_streak_fitness,2_days,rep_2,65,35
train,1,0,53560,53560,86986,35,8,643,8.75,4,10,3,894.1767163150693,13,248.0,368.0,120.0,3.066666666666667,24.0,0.6153846153846154,19.07692307692308,24.0,1,rolling,losing_streak_fitness,2_days,rep_2,65,35
test,1,0,53560,53560,86986,35,8,643,8.75,4,10,3,-125.58216433873082,18,-222.0,138.0,360.0,0.3833333333333333,360.0,0.1666666666666666,-12.333333333333334,24.0,15,rolling,losing_streak_fitness,2_days,rep_2,66,35
train,1,0,53560,53560,86986,35,8,643,8.75,4,10,3,894.1767163150693,13,248.0,368.0,120.0,3.066666666666667,24.0,0.6153846153846154,19.07692307692308,24.0,1,rolling,losing_streak_fitness,2_days,rep_2,66,35
test,1,0,53560,53560,86986,35,8,643,8.75,4,10,3,-125.58216433873082,18,-222.0,138.0,360.0,0.3833333333333333,360.0,0.1666666666666666,-12.333333333333334,24.0,15,rolling,losing_streak_fitness,2_days,rep_2,67,35
train,1,0,53560,53560,86986,35,8,643,8.75,4,10,3,894.1767163150693,13,248.0,368.0,120.0,3.066666666666667,24.0,0.6153846153846154,19.07692307692308,24.0,1,rolling,losing_streak_fitness,2_days,rep_2,67,35
test,1,0,53560,53560,86986,35,8,643,8.75,4,10,3,-125.58216433873082,18,-222.0,138.0,360.0,0.3833333333333333,360.0,0.1666666666666666,-12.333333333333334,24.0,15,rolling,losing_streak_fitness,2_days,rep_2,68,35
train,1,0,53560,53560,86986,35,8,643,8.75,4,10,3,894.1767163150693,13,248.0,368.0,120.0,3.066666666666667,24.0,0.6153846153846154,19.07692307692308,24.0,1,rolling,losing_streak_fitness,2_days,rep_2,68,35
test,1,0,53560,53560,86986,35,8,643,8.75,4,10,3,-125.58216433873082,18,-222.0,138.0,360.0,0.3833333333333333,360.0,0.1666666666666666,-12.333333333333334,24.0,15,rolling,losing_streak_fitness,2_days,rep_2,69,35
train,1,0,53560,53560,86986,35,8,643,8.75,4,10,3,894.1767163150693,13,248.0,368.0,120.0,3.066666666666667,24.0,0.6153846153846154,19.07692307692308,24.0,1,rolling,losing_streak_fitness,2_days,rep_2,69,35
test,1,0,53560,53560,86986,35,8,643,8.75,4,10,3,-125.58216433873082,18,-222.0,138.0,360.0,0.3833333333333333,360.0,0.1666666666666666,-12.333333333333334,24.0,15,rolling,losing_streak_fitness,2_days,rep_2,70,35
train,1,0,53560,53560,86986,35,8,643,8.75,4,10,3,894.1767163150693,13,248.0,368.0,120.0,3.066666666666667,24.0,0.6153846153846154,19.07692307692308,24.0,1,rolling,losing_streak_fitness,2_days,rep_2,70,35
test,1,0,53560,53560,86986,35,8,643,8.75,4,10,3,-125.58216433873082,18,-222.0,138.0,360.0,0.3833333333333333,360.0,0.1666666666666666,-12.333333333333334,24.0,15,rolling,losing_streak_fitness,2_days,rep_2,71,35
train,1,0,53560,53560,86986,35,8,643,8.75,4,10,3,894.1767163150693,13,248.0,368.0,120.0,3.066666666666667,24.0,0.6153846153846154,19.07692307692308,24.0,1,rolling,losing_streak_fitness,2_days,rep_2,71,35
test,1,0,53560,53560,86986,35,8,643,8.75,4,10,3,-125.58216433873082,18,-222.0,138.0,360.0,0.3833333333333333,360.0,0.1666666666666666,-12.333333333333334,24.0,15,rolling,losing_streak_fitness,2_days,rep_2,72,35
train,1,0,53560,53560,86986,35,8,643,8.75,4,10,3,894.1767163150693,13,248.0,368.0,120.0,3.066666666666667,24.0,0.6153846153846154,19.07692307692308,24.0,1,rolling,losing_streak_fitness,2_days,rep_2,72,35
test,1,0,53560,53560,86986,35,8,643,8.75,4,10,3,-125.58216433873082,18,-222.0,138.0,360.0,0.3833333333333333,360.0,0.1666666666666666,-12.333333333333334,24.0,15,rolling,losing_streak_fitness,2_days,rep_2,73,35
train,1,0,53560,53560,86986,35,8,643,8.75,4,10,3,894.1767163150693,13,248.0,368.0,120.0,3.066666666666667,24.0,0.6153846153846154,19.07692307692308,24.0,1,rolling,losing_streak_fitness,2_days,rep_2,73,35
test,1,0,53560,53560,86986,35,8,643,8.75,4,10,3,-125.58216433873082,18,-222.0,138.0,360.0,0.3833333333333333,360.0,0.1666666666666666,-12.333333333333334,24.0,15,rolling,losing_streak_fitness,2_days,rep_2,74,35
train,1,0,53560,53560,86986,35,8,643,8.75,4,10,3,894.1767163150693,13,248.0,368.0,120.0,3.066666666666667,24.0,0.6153846153846154,19.07692307692308,24.0,1,rolling,losing_streak_fitness,2_days,rep_2,74,35
test,1,0,53560,53560,86986,35,8,643,8.75,4,10,3,-125.58216433873082,18,-222.0,138.0,360.0,0.3833333333333333,360.0,0.1666666666666666,-12.333333333333334,24.0,15,rolling,losing_streak_fitness,2_days,rep_2,75,35
train,1,0,53560,53560,86986,35,8,643,8.75,4,10,3,894.1767163150693,13,248.0,368.0,120.0,3.066666666666667,24.0,0.6153846153846154,19.07692307692308,24.0,1,rolling,losing_streak_fitness,2_days,rep_2,75,35
test,1,0,53560,53560,86986,35,8,643,8.75,4,10,3,-125.58216433873082,18,-222.0,138.0,360.0,0.3833333333333333,360.0,0.1666666666666666,-12.333333333333334,24.0,15,rolling,losing_streak_fitness,2_days,rep_2,76,35
train,1,0,53560,53560,86986,35,8,643,8.75,4,10,3,894.1767163150693,13,248.0,368.0,120.0,3.066666666666667,24.0,0.6153846153846154,19.07692307692308,24.0,1,rolling,losing_streak_fitness,2_days,rep_2,76,35
test,1,0,53560,53560,86986,35,8,643,8.75,4,10,3,-125.58216433873082,18,-222.0,138.0,360.0,0.3833333333333333,360.0,0.1666666666666666,-12.333333333333334,24.0,15,rolling,losing_streak_fitness,2_days,rep_2,77,35
train,1,0,53560,53560,86986,35,8,643,8.75,4,10,3,894.1767163150693,13,248.0,368.0,120.0,3.066666666666667,24.0,0.6153846153846154,19.07692307692308,24.0,1,rolling,losing_streak_fitness,2_days,rep_2,77,35
test,1,0,53560,53560,86986,35,8,643,8.75,4,10,3,-125.58216433873082,18,-222.0,138.0,360.0,0.3833333333333333,360.0,0.1666666666666666,-12.333333333333334,24.0,15,rolling,losing_streak_fitness,2_days,rep_2,78,35
train,1,0,53560,53560,86986,35,8,643,8.75,4,10,3,894.1767163150693,13,248.0,368.0,120.0,3.066666666666667,24.0,0.6153846153846154,19.07692307692308,24.0,1,rolling,losing_streak_fitness,2_days,rep_2,78,35
test,1,0,53560,53560,86986,35,8,643,8.75,4,10,3,-125.58216433873082,18,-222.0,138.0,360.0,0.3833333333333333,360.0,0.1666666666666666,-12.333333333333334,24.0,15,rolling,losing_streak_fitness,2_days,rep_2,79,35
train,1,0,53560,53560,86986,35,8,643,8.75,4,10,3,894.1767163150693,13,248.0,368.0,120.0,3.066666666666667,24.0,0.6153846153846154,19.07692307692308,24.0,1,rolling,losing_streak_fitness,2_days,rep_2,79,35
test,1,0,53560,53560,86986,35,8,643,8.75,4,10,3,-125.58216433873082,18,-222.0,138.0,360.0,0.3833333333333333,360.0,0.1666666666666666,-12.333333333333334,24.0,15,rolling,losing_streak_fitness,2_days,rep_2,80,35
train,1,0,53560,53560,86986,35,8,643,8.75,4,10,3,894.1767163150693,13,248.0,368.0,120.0,3.066666666666667,24.0,0.6153846153846154,19.07692307692308,24.0,1,rolling,losing_streak_fitness,2_days,rep_2,80,35
test,1,0,53560,53560,86986,35,8,643,8.75,4,10,3,-125.58216433873082,18,-222.0,138.0,360.0,0.3833333333333333,360.0,0.1666666666666666,-12.333333333333334,24.0,15,rolling,losing_streak_fitness,2_days,rep_2,81,35
train,1,0,53560,53560,86986,35,8,643,8.75,4,10,3,894.1767163150693,13,248.0,368.0,120.0,3.066666666666667,24.0,0.6153846153846154,19.07692307692308,24.0,1,rolling,losing_streak_fitness,2_days,rep_2,81,35
test,1,0,53560,53560,86986,35,8,643,8.75,4,10,3,-125.58216433873082,18,-222.0,138.0,360.0,0.3833333333333333,360.0,0.1666666666666666,-12.333333333333334,24.0,15,rolling,losing_streak_fitness,2_days,rep_2,82,35
train,1,0,53560,53560,86986,35,8,643,8.75,4,10,3,894.1767163150693,13,248.0,368.0,120.0,3.066666666666667,24.0,0.6153846153846154,19.07692307692308,24.0,1,rolling,losing_streak_fitness,2_days,rep_2,82,35
test,1,0,53560,53560,86986,35,8,643,8.75,4,10,3,-125.58216433873082,18,-222.0,138.0,360.0,0.3833333333333333,360.0,0.1666666666666666,-12.333333333333334,24.0,15,rolling,losing_streak_fitness,2_days,rep_2,83,35
train,1,0,53560,53560,86986,35,8,643,8.75,4,10,3,894.1767163150693,13,248.0,368.0,120.0,3.066666666666667,24.0,0.6153846153846154,19.07692307692308,24.0,1,rolling,losing_streak_fitness,2_days,rep_2,83,35
test,1,0,53560,53560,86986,35,8,643,8.75,4,10,3,-125.58216433873082,18,-222.0,138.0,360.0,0.3833333333333333,360.0,0.1666666666666666,-12.333333333333334,24.0,15,rolling,losing_streak_fitness,2_days,rep_2,84,35
train,1,0,53560,53560,86986,35,8,643,8.75,4,10,3,894.1767163150693,13,248.0,368.0,120.0,3.066666666666667,24.0,0.6153846153846154,19.07692307692308,24.0,1,rolling,losing_streak_fitness,2_days,rep_2,84,35
test,1,0,53560,53560,86986,35,8,643,8.75,4,10,3,-125.58216433873082,18,-222.0,138.0,360.0,0.3833333333333333,360.0,0.1666666666666666,-12.333333333333334,24.0,15,rolling,losing_streak_fitness,2_days,rep_2,85,35
train,1,0,53560,53560,86986,35,8,643,8.75,4,10,3,894.1767163150693,13,248.0,368.0,120.0,3.066666666666667,24.0,0.6153846153846154,19.07692307692308,24.0,1,rolling,losing_streak_fitness,2_days,rep_2,85,35
test,1,0,53560,53560,86986,35,8,643,8.75,4,10,3,-125.58216433873082,18,-222.0,138.0,360.0,0.3833333333333333,360.0,0.1666666666666666,-12.333333333333334,24.0,15,rolling,losing_streak_fitness,2_days,rep_2,86,35
train,1,0,53560,53560,86986,35,8,643,8.75,4,10,3,894.1767163150693,13,248.0,368.0,120.0,3.066666666666667,24.0,0.6153846153846154,19.07692307692308,24.0,1,rolling,losing_streak_fitness,2_days,rep_2,86,35
test,1,0,53560,53560,86986,35,8,643,8.75,4,10,3,-125.58216433873082,18,-222.0,138.0,360.0,0.3833333333333333,360.0,0.1666666666666666,-12.333333333333334,24.0,15,rolling,losing_streak_fitness,2_days,rep_2,87,35
train,1,0,53560,53560,86986,35,8,643,8.75,4,10,3,894.1767163150693,13,248.0,368.0,120.0,3.066666666666667,24.0,0.6153846153846154,19.07692307692308,24.0,1,rolling,losing_streak_fitness,2_days,rep_2,87,35
test,1,0,53560,53560,86986,35,8,643,8.75,4,10,3,-125.58216433873082,18,-222.0,138.0,360.0,0.3833333333333333,360.0,0.1666666666666666,-12.333333333333334,24.0,15,rolling,losing_streak_fitness,2_days,rep_2,88,35
train,1,0,53560,53560,86986,35,8,643,8.75,4,10,3,894.1767163150693,13,248.0,368.0,120.0,3.066666666666667,24.0,0.6153846153846154,19.07692307692308,24.0,1,rolling,losing_streak_fitness,2_days,rep_2,88,35
test,1,0,53560,53560,86986,35,8,643,8.75,4,10,3,-125.58216433873082,18,-222.0,138.0,360.0,0.3833333333333333,360.0,0.1666666666666666,-12.333333333333334,24.0,15,rolling,losing_streak_fitness,2_days,rep_2,89,35
train,1,0,53560,53560,86986,35,8,643,8.75,4,10,3,894.1767163150693,13,248.0,368.0,120.0,3.066666666666667,24.0,0.6153846153846154,19.07692307692308,24.0,1,rolling,losing_streak_fitness,2_days,rep_2,89,35
test,1,0,53560,53560,86986,35,8,643,8.75,4,10,3,-125.58216433873082,18,-222.0,138.0,360.0,0.3833333333333333,360.0,0.1666666666666666,-12.333333333333334,24.0,15,rolling,losing_streak_fitness,2_days,rep_2,90,35
train,1,0,53560,53560,86986,35,8,643,8.75,4,10,3,894.1767163150693,13,248.0,368.0,120.0,3.066666666666667,24.0,0.6153846153846154,19.07692307692308,24.0,1,rolling,losing_streak_fitness,2_days,rep_2,90,35
test,1,0,53560,53560,86986,35,8,643,8.75,4,10,3,-125.58216433873082,18,-222.0,138.0,360.0,0.3833333333333333,360.0,0.1666666666666666,-12.333333333333334,24.0,15,rolling,losing_streak_fitness,2_days,rep_2,91,35
train,1,0,53560,53560,86986,35,8,643,8.75,4,10,3,894.1767163150693,13,248.0,368.0,120.0,3.066666666666667,24.0,0.6153846153846154,19.07692307692308,24.0,1,rolling,losing_streak_fitness,2_days,rep_2,91,35
test,1,0,53560,53560,86986,35,8,643,8.75,4,10,3,-125.58216433873082,18,-222.0,138.0,360.0,0.3833333333333333,360.0,0.1666666666666666,-12.333333333333334,24.0,15,rolling,losing_streak_fitness,2_days,rep_2,92,35
train,1,0,53560,53560,86986,35,8,643,8.75,4,10,3,894.1767163150693,13,248.0,368.0,120.0,3.066666666666667,24.0,0.6153846153846154,19.07692307692308,24.0,1,rolling,losing_streak_fitness,2_days,rep_2,92,35
test,1,0,53560,53560,86986,35,8,643,8.75,4,10,3,-125.58216433873082,18,-222.0,138.0,360.0,0.3833333333333333,360.0,0.1666666666666666,-12.333333333333334,24.0,15,rolling,losing_streak_fitness,2_days,rep_2,93,35
train,1,0,53560,53560,86986,35,8,643,8.75,4,10,3,894.1767163150693,13,248.0,368.0,120.0,3.066666666666667,24.0,0.6153846153846154,19.07692307692308,24.0,1,rolling,losing_streak_fitness,2_days,rep_2,93,35
test,1,0,53560,53560,86986,35,8,643,8.75,4,10,3,-125.58216433873082,18,-222.0,138.0,360.0,0.3833333333333333,360.0,0.1666666666666666,-12.333333333333334,24.0,15,rolling,losing_streak_fitness,2_days,rep_2,94,35
train,1,0,53560,53560,86986,35,8,643,8.75,4,10,3,894.1767163150693,13,248.0,368.0,120.0,3.066666666666667,24.0,0.6153846153846154,19.07692307692308,24.0,1,rolling,losing_streak_fitness,2_days,rep_2,94,35
test,1,0,53560,53560,86986,35,8,643,8.75,4,10,3,-125.58216433873082,18,-222.0,138.0,360.0,0.3833333333333333,360.0,0.1666666666666666,-12.333333333333334,24.0,15,rolling,losing_streak_fitness,2_days,rep_2,95,35
train,1,0,53560,53560,86986,35,8,643,8.75,4,10,3,894.1767163150693,13,248.0,368.0,120.0,3.066666666666667,24.0,0.6153846153846154,19.07692307692308,24.0,1,rolling,losing_streak_fitness,2_days,rep_2,95,35
test,1,0,53560,53560,86986,35,8,643,8.75,4,10,3,-125.58216433873082,18,-222.0,138.0,360.0,0.3833333333333333,360.0,0.1666666666666666,-12.333333333333334,24.0,15,rolling,losing_streak_fitness,2_days,rep_2,96,35
train,1,0,53560,53560,86986,35,8,643,8.75,4,10,3,894.1767163150693,13,248.0,368.0,120.0,3.066666666666667,24.0,0.6153846153846154,19.07692307692308,24.0,1,rolling,losing_streak_fitness,2_days,rep_2,96,35
test,1,0,53560,53560,86986,35,8,643,8.75,4,10,3,-125.58216433873082,18,-222.0,138.0,360.0,0.3833333333333333,360.0,0.1666666666666666,-12.333333333333334,24.0,15,rolling,losing_streak_fitness,2_days,rep_2,97,35
train,1,0,53560,53560,86986,35,8,643,8.75,4,10,3,894.1767163150693,13,248.0,368.0,120.0,3.066666666666667,24.0,0.6153846153846154,19.07692307692308,24.0,1,rolling,losing_streak_fitness,2_days,rep_2,97,35
test,1,0,53560,53560,86986,35,8,643,8.75,4,10,3,-125.58216433873082,18,-222.0,138.0,360.0,0.3833333333333333,360.0,0.1666666666666666,-12.333333333333334,24.0,15,rolling,losing_streak_fitness,2_days,rep_2,98,35
train,1,0,53560,53560,86986,35,8,643,8.75,4,10,3,894.1767163150693,13,248.0,368.0,120.0,3.066666666666667,24.0,0.6153846153846154,19.07692307692308,24.0,1,rolling,losing_streak_fitness,2_days,rep_2,98,35
test,1,0,53560,53560,86986,35,8,643,8.75,4,10,3,-125.58216433873082,18,-222.0,138.0,360.0,0.3833333333333333,360.0,0.1666666666666666,-12.333333333333334,24.0,15,rolling,losing_streak_fitness,2_days,rep_2,99,35
train,1,0,53560,53560,86986,35,8,643,8.75,4,10,3,894.1767163150693,13,248.0,368.0,120.0,3.066666666666667,24.0,0.6153846153846154,19.07692307692308,24.0,1,rolling,losing_streak_fitness,2_days,rep_2,99,35
test,1,0,53560,53560,86986,35,8,643,8.75,4,10,3,-125.58216433873082,18,-222.0,138.0,360.0,0.3833333333333333,360.0,0.1666666666666666,-12.333333333333334,24.0,15,rolling,losing_streak_fitness,2_days,rep_2,100,35
train,1,0,53560,53560,86986,35,8,643,8.75,4,10,3,894.1767163150693,13,248.0,368.0,120.0,3.066666666666667,24.0,0.6153846153846154,19.07692307692308,24.0,1,rolling,losing_streak_fitness,2_days,rep_2,100,35
test,2,22406,86986,86986,125287,0,14,956,5.25,3,15,2,161.66632302368973,6,66.0,142.0,76.0,1.868421052631579,38.0,0.3333333333333333,11.0,19.0,2,rolling,losing_streak_fitness,2_days,rep_2,0,0
train,2,22406,86986,86986,125287,0,14,956,5.25,3,15,2,391.3118960624632,5,175.0,213.0,38.0,5.605263157894737,19.0,0.6,35.0,19.0,1,rolling,losing_streak_fitness,2_days,rep_2,0,0
test,2,22406,86986,86986,125287,1,14,956,5.25,7,18,2,235.15101530718508,6,96.0,172.0,76.0,2.263157894736842,38.0,0.3333333333333333,16.0,19.0,2,rolling,losing_streak_fitness,2_days,rep_2,1,1
train,2,22406,86986,86986,125287,1,14,956,5.25,7,18,2,491.93495504995377,5,220.0,258.0,38.0,6.789473684210527,19.0,0.6,44.0,19.0,1,rolling,losing_streak_fitness,2_days,rep_2,1,1
test,2,22406,86986,86986,125287,1,14,956,5.25,7,18,2,235.15101530718508,6,96.0,172.0,76.0,2.263157894736842,38.0,0.3333333333333333,16.0,19.0,2,rolling,losing_streak_fitness,2_days,rep_2,2,1
train,2,22406,86986,86986,125287,1,14,956,5.25,7,18,2,491.93495504995377,5,220.0,258.0,38.0,6.789473684210527,19.0,0.6,44.0,19.0,1,rolling,losing_streak_fitness,2_days,rep_2,2,1
test,2,22406,86986,86986,125287,1,14,956,5.25,7,18,2,235.15101530718508,6,96.0,172.0,76.0,2.263157894736842,38.0,0.3333333333333333,16.0,19.0,2,rolling,losing_streak_fitness,2_days,rep_2,3,1
train,2,22406,86986,86986,125287,1,14,956,5.25,7,18,2,491.93495504995377,5,220.0,258.0,38.0,6.789473684210527,19.0,0.6,44.0,19.0,1,rolling,losing_streak_fitness,2_days,rep_2,3,1
test,2,22406,86986,86986,125287,4,14,3047,10.0,2,19,3,732.0,9,244.0,364.0,120.0,3.033333333333333,48.0,0.4444444444444444,27.11111111111111,24.0,2,rolling,losing_streak_fitness,2_days,rep_2,4,4
train,2,22406,86986,86986,125287,4,14,3047,10.0,2,19,3,503.1152949374527,5,225.0,273.0,48.0,5.6875,24.0,0.6,45.0,24.0,1,rolling,losing_streak_fitness,2_days,rep_2,4,4
test,2,22406,86986,86986,125287,5,12,506,3.0,2,14,2,198.30784149901888,14,159.0,330.0,171.0,1.9298245614035088,114.0,0.3571428571428571,11.357142857142858,19.0,6,rolling,losing_streak_fitness,2_days,rep_2,5,5
train,2,22406,86986,86986,125287,5,12,506,3.0,2,14,2,547.6705213903703,7,207.0,264.0,57.0,4.631578947368421,19.0,0.5714285714285714,29.571428571428573,19.0,1,rolling,losing_streak_fitness,2_days,rep_2,5,5
test,2,22406,86986,86986,125287,6,12,475,3.0,2,9,2,348.5685011586675,15,135.0,287.0,152.0,1.888157894736842,73.0,0.4666666666666667,9.0,19.0,3,rolling,losing_streak_fitness,2_days,rep_2,6,6
train,2,22406,86986,86986,125287,6,12,475,3.0,2,9,2,567.0,9,189.0,246.0,57.0,4.315789473684211,19.0,0.6666666666666666,21.0,19.0,1,rolling,losing_streak_fitness,2_days,rep_2,6,6
test,2,22406,86986,86986,125287,6,12,475,3.0,2,9,2,348.5685011586675,15,135.0,287.0,152.0,1.888157894736842,73.0,0.4666666666666667,9.0,19.0,3,rolling,losing_streak_fitness,2_days,rep_2,7,6
train,2,22406,86986,86986,125287,6,12,475,3.0,2,9,2,567.0,9,189.0,246.0,57.0,4.315789473684211,19.0,0.6666666666666666,21.0,19.0,1,rolling,losing_streak_fitness,2_days,rep_2,7,6
test,2,22406,86986,86986,125287,6,12,475,3.0,2,9,2,348.5685011586675,15,135.0,287.0,152.0,1.888157894736842,73.0,0.4666666666666667,9.0,19.0,3,rolling,losing_streak_fitness,2_days,rep_2,8,6
train,2,22406,86986,86986,125287,6,12,475,3.0,2,9,2,567.0,9,189.0,246.0,57.0,4.315789473684211,19.0,0.6666666666666666,21.0,19.0,1,rolling,losing_streak_fitness,2_days,rep_2,8,6
test,2,22406,86986,86986,125287,6,12,475,3.0,2,9,2,348.5685011586675,15,135.0,287.0,152.0,1.888157894736842,73.0,0.4666666666666667,9.0,19.0,3,rolling,losing_streak_fitness,2_days,rep_2,9,6
train,2,22406,86986,86986,125287,6,12,475,3.0,2,9,2,567.0,9,189.0,246.0,57.0,4.315789473684211,19.0,0.6666666666666666,21.0,19.0,1,rolling,losing_streak_fitness,2_days,rep_2,9,6
test,2,22406,86986,86986,125287,6,12,475,3.0,2,9,2,348.5685011586675,15,135.0,287.0,152.0,1.888157894736842,73.0,0.4666666666666667,9.0,19.0,3,rolling,losing_streak_fitness,2_days,rep_2,10,6
train,2,22406,86986,86986,125287,6,12,475,3.0,2,9,2,567.0,9,189.0,246.0,57.0,4.315789473684211,19.0,0.6666666666666666,21.0,19.0,1,rolling,losing_streak_fitness,2_days,rep_2,10,6
test,2,22406,86986,86986,125287,6,12,475,3.0,2,9,2,348.5685011586675,15,135.0,287.0,152.0,1.888157894736842,73.0,0.4666666666666667,9.0,19.0,3,rolling,losing_streak_fitness,2_days,rep_2,11,6
train,2,22406,86986,86986,125287,6,12,475,3.0,2,9,2,567.0,9,189.0,246.0,57.0,4.315789473684211,19.0,0.6666666666666666,21.0,19.0,1,rolling,losing_streak_fitness,2_days,rep_2,11,6
test,2,22406,86986,86986,125287,6,12,475,3.0,2,9,2,348.5685011586675,15,135.0,287.0,152.0,1.888157894736842,73.0,0.4666666666666667,9.0,19.0,3,rolling,losing_streak_fitness,2_days,rep_2,12,6
train,2,22406,86986,86986,125287,6,12,475,3.0,2,9,2,567.0,9,189.0,246.0,57.0,4.315789473684211,19.0,0.6666666666666666,21.0,19.0,1,rolling,losing_streak_fitness,2_days,rep_2,12,6
test,2,22406,86986,86986,125287,6,12,475,3.0,2,9,2,348.5685011586675,15,135.0,287.0,152.0,1.888157894736842,73.0,0.4666666666666667,9.0,19.0,3,rolling,losing_streak_fitness,2_days,rep_2,13,6
train,2,22406,86986,86986,125287,6,12,475,3.0,2,9,2,567.0,9,189.0,246.0,57.0,4.315789473684211,19.0,0.6666666666666666,21.0,19.0,1,rolling,losing_streak_fitness,2_days,rep_2,13,6
test,2,22406,86986,86986,125287,14,12,506,8.0,2,21,2,29.37581957171925,11,31.0,202.0,171.0,1.1812865497076024,133.0,0.1818181818181818,2.8181818181818183,19.0,7,rolling,losing_streak_fitness,2_days,rep_2,14,14
train,2,22406,86986,86986,125287,14,12,506,8.0,2,21,2,602.5744767246617,6,246.0,303.0,57.0,5.315789473684211,19.0,0.5,41.0,19.0,1,rolling,losing_streak_fitness,2_days,rep_2,14,14
test,2,22406,86986,86986,125287,15,13,506,3.75,1,22,2,63.24555320336759,10,60.0,212.0,152.0,1.394736842105263,114.0,0.2,6.0,19.0,6,rolling,losing_streak_fitness,2_days,rep_2,15,15
train,2,22406,86986,86986,125287,15,13,506,3.75,1,22,2,639.3168228664094,6,261.0,318.0,57.0,5.578947368421052,19.0,0.5,43.5,19.0,1,rolling,losing_streak_fitness,2_days,rep_2,15,15
test,2,22406,86986,86986,125287,15,13,506,3.75,1,22,2,63.24555320336759,10,60.0,212.0,152.0,1.394736842105263,114.0,0.2,6.0,19.0,6,rolling,losing_streak_fitness,2_days,rep_2,16,15
train,2,22406,86986,86986,125287,15,13,506,3.75,1,22,2,639.3168228664094,6,261.0,318.0,57.0,5.578947368421052,19.0,0.5,43.5,19.0,1,rolling,losing_streak_fitness,2_days,rep_2,16,15
test,2,22406,86986,86986,125287,15,13,506,3.75,1,22,2,63.24555320336759,10,60.0,212.0,152.0,1.394736842105263,114.0,0.2,6.0,19.0,6,rolling,losing_streak_fitness,2_days,rep_2,17,15
train,2,22406,86986,86986,125287,15,13,506,3.75,1,22,2,639.3168228664094,6,261.0,318.0,57.0,5.578947368421052,19.0,0.5,43.5,19.0,1,rolling,losing_streak_fitness,2_days,rep_2,17,15
test,2,22406,86986,86986,125287,18,12,506,8.0,1,24,2,57.80403206047983,11,61.0,232.0,171.0,1.3567251461988303,133.0,0.1818181818181818,5.545454545454546,19.0,7,rolling,losing_streak_fitness,2_days,rep_2,18,18
train,2,22406,86986,86986,125287,18,12,506,8.0,1,24,2,712.8015151499047,6,291.0,348.0,57.0,6.105263157894737,19.0,0.5,48.5,19.0,1,rolling,losing_streak_fitness,2_days,rep_2,18,18
test,2,22406,86986,86986,125287,18,12,506,8.0,1,24,2,57.80403206047983,11,61.0,232.0,171.0,1.3567251461988303,133.0,0.1818181818181818,5.545454545454546,19.0,7,rolling,losing_streak_fitness,2_days,rep_2,19,18
train,2,22406,86986,86986,125287,18,12,506,8.0,1,24,2,712.8015151499047,6,291.0,348.0,57.0,6.105263157894737,19.0,0.5,48.5,19.0,1,rolling,losing_streak_fitness,2_days,rep_2,19,18
test,2,22406,86986,86986,125287,20,12,480,5.0,2,26,2,105.40925533894598,10,100.0,252.0,152.0,1.6578947368421053,114.0,0.2,10.0,19.0,6,rolling,losing_streak_fitness,2_days,rep_2,20,20
train,2,22406,86986,86986,125287,20,12,480,5.0,2,26,2,760.2631123499285,5,340.0,378.0,38.0,9.947368421052632,19.0,0.6,68.0,19.0,1,rolling,losing_streak_fitness,2_days,rep_2,20,20
test,2,22406,86986,86986,125287,20,12,480,5.0,2,26,2,105.40925533894598,10,100.0,252.0,152.0,1.6578947368421053,114.0,0.2,10.0,19.0,6,rolling,losing_streak_fitness,2_days,rep_2,21,20
train,2,22406,86986,86986,125287,20,12,480,5.0,2,26,2,760.2631123499285,5,340.0,378.0,38.0,9.947368421052632,19.0,0.6,68.0,19.0,1,rolling,losing_streak_fitness,2_days,rep_2,21,20
test,2,22406,86986,86986,125287,20,12,480,5.0,2,26,2,105.40925533894598,10,100.0,252.0,152.0,1.6578947368421053,114.0,0.2,10.0,19.0,6,rolling,losing_streak_fitness,2_days,rep_2,22,20
train,2,22406,86986,86986,125287,20,12,480,5.0,2,26,2,760.2631123499285,5,340.0,378.0,38.0,9.947368421052632,19.0,0.6,68.0,19.0,1,rolling,losing_streak_fitness,2_days,rep_2,22,20
test,2,22406,86986,86986,125287,20,12,480,5.0,2,26,2,105.40925533894598,10,100.0,252.0,152.0,1.6578947368421053,114.0,0.2,10.0,19.0,6,rolling,losing_streak_fitness,2_days,rep_2,23,20
train,2,22406,86986,86986,125287,20,12,480,5.0,2,26,2,760.2631123499285,5,340.0,378.0,38.0,9.947368421052632,19.0,0.6,68.0,19.0,1,rolling,losing_streak_fitness,2_days,rep_2,23,20
test,2,22406,86986,86986,125287,20,12,480,5.0,2,26,2,105.40925533894598,10,100.0,252.0,152.0,1.6578947368421053,114.0,0.2,10.0,19.0,6,rolling,losing_streak_fitness,2_days,rep_2,24,20
train,2,22406,86986,86986,125287,20,12,480,5.0,2,26,2,760.2631123499285,5,340.0,378.0,38.0,9.947368421052632,19.0,0.6,68.0,19.0,1,rolling,losing_streak_fitness,2_days,rep_2,24,20
test,2,22406,86986,86986,125287,20,12,480,5.0,2,26,2,105.40925533894598,10,100.0,252.0,152.0,1.6578947368421053,114.0,0.2,10.0,19.0,6,rolling,losing_streak_fitness,2_days,rep_2,25,20
train,2,22406,86986,86986,125287,20,12,480,5.0,2,26,2,760.2631123499285,5,340.0,378.0,38.0,9.947368421052632,19.0,0.6,68.0,19.0,1,rolling,losing_streak_fitness,2_days,rep_2,25,20
test,2,22406,86986,86986,125287,26,12,480,3.75,2,27,2,115.95018087284058,10,110.0,262.0,152.0,1.7236842105263157,114.0,0.2,11.0,19.0,6,rolling,losing_streak_fitness,2_days,rep_2,26,26
train,2,22406,86986,86986,125287,26,12,480,3.75,2,27,2,793.8041320124254,5,355.0,393.0,38.0,10.342105263157896,19.0,0.6,71.0,19.0,1,rolling,losing_streak_fitness,2_days,rep_2,26,26
test,2,22406,86986,86986,125287,26,12,480,3.75,2,27,2,115.95018087284058,10,110.0,262.0,152.0,1.7236842105263157,114.0,0.2,11.0,19.0,6,rolling,losing_streak_fitness,2_days,rep_2,27,26
train,2,22406,86986,86986,125287,26,12,480,3.75,2,27,2,793.8041320124254,5,355.0,393.0,38.0,10.342105263157896,19.0,0.6,71.0,19.0,1,rolling,losing_streak_fitness,2_days,rep_2,27,26
test,2,22406,86986,86986,125287,26,12,480,3.75,2,27,2,115.95018087284058,10,110.0,262.0,152.0,1.7236842105263157,114.0,0.2,11.0,19.0,6,rolling,losing_streak_fitness,2_days,rep_2,28,26
train,2,22406,86986,86986,125287,26,12,480,3.75,2,27,2,793.8041320124254,5,355.0,393.0,38.0,10.342105263157896,19.0,0.6,71.0,19.0,1,rolling,losing_streak_fitness,2_days,rep_2,28,26
test,2,22406,86986,86986,125287,26,12,480,3.75,2,27,2,115.95018087284058,10,110.0,262.0,152.0,1.7236842105263157,114.0,0.2,11.0,19.0,6,rolling,losing_streak_fitness,2_days,rep_2,29,26
train,2,22406,86986,86986,125287,26,12,480,3.75,2,27,2,793.8041320124254,5,355.0,393.0,38.0,10.342105263157896,19.0,0.6,71.0,19.0,1,rolling,losing_streak_fitness,2_days,rep_2,29,26
test,2,22406,86986,86986,125287,26,12,480,3.75,2,27,2,115.95018087284058,10,110.0,262.0,152.0,1.7236842105263157,114.0,0.2,11.0,19.0,6,rolling,losing_streak_fitness,2_days,rep_2,30,26
train,2,22406,86986,86986,125287,26,12,480,3.75,2,27,2,793.8041320124254,5,355.0,393.0,38.0,10.342105263157896,19.0,0.6,71.0,19.0,1,rolling,losing_streak_fitness,2_days,rep_2,30,26
test,2,22406,86986,86986,125287,26,12,480,3.75,2,27,2,115.95018087284058,10,110.0,262.0,152.0,1.7236842105263157,114.0,0.2,11.0,19.0,6,rolling,losing_streak_fitness,2_days,rep_2,31,26
train,2,22406,86986,86986,125287,26,12,480,3.75,2,27,2,793.8041320124254,5,355.0,393.0,38.0,10.342105263157896,19.0,0.6,71.0,19.0,1,rolling,losing_streak_fitness,2_days,rep_2,31,26
test,2,22406,86986,86986,125287,26,12,480,3.75,2,27,2,115.95018087284058,10,110.0,262.0,152.0,1.7236842105263157,114.0,0.2,11.0,19.0,6,rolling,losing_streak_fitness,2_days,rep_2,32,26
train,2,22406,86986,86986,125287,26,12,480,3.75,2,27,2,793.8041320124254,5,355.0,393.0,38.0,10.342105263157896,19.0,0.6,71.0,19.0,1,rolling,losing_streak_fitness,2_days,rep_2,32,26
test,2,22406,86986,86986,125287,26,12,480,3.75,2,27,2,115.95018087284058,10,110.0,262.0,152.0,1.7236842105263157,114.0,0.2,11.0,19.0,6,rolling,losing_streak_fitness,2_days,rep_2,33,26
train,2,22406,86986,86986,125287,26,12,480,3.75,2,27,2,793.8041320124254,5,355.0,393.0,38.0,10.342105263157896,19.0,0.6,71.0,19.0,1,rolling,losing_streak_fitness,2_days,rep_2,33,26
test,2,22406,86986,86986,125287,26,12,480,3.75,2,27,2,115.95018087284058,10,110.0,262.0,152.0,1.7236842105263157,114.0,0.2,11.0,19.0,6,rolling,losing_streak_fitness,2_days,rep_2,34,26
train,2,22406,86986,86986,125287,26,12,480,3.75,2,27,2,793.8041320124254,5,355.0,393.0,38.0,10.342105263157896,19.0,0.6,71.0,19.0,1,rolling,losing_streak_fitness,2_days,rep_2,34,26
test,2,22406,86986,86986,125287,26,12,480,3.75,2,27,2,115.95018087284058,10,110.0,262.0,152.0,1.7236842105263157,114.0,0.2,11.0,19.0,6,rolling,losing_streak_fitness,2_days,rep_2,35,26
train,2,22406,86986,86986,125287,26,12,480,3.75,2,27,2,793.8041320124254,5,355.0,393.0,38.0,10.342105263157896,19.0,0.6,71.0,19.0,1,rolling,losing_streak_fitness,2_days,rep_2,35,26
test,2,22406,86986,86986,125287,26,12,480,3.75,2,27,2,115.95018087284058,10,110.0,262.0,152.0,1.7236842105263157,114.0,0.2,11.0,19.0,6,rolling,losing_streak_fitness,2_days,rep_2,36,26
train,2,22406,86986,86986,125287,26,12,480,3.75,2,27,2,793.8041320124254,5,355.0,393.0,38.0,10.342105263157896,19.0,0.6,71.0,19.0,1,rolling,losing_streak_fitness,2_days,rep_2,36,26
test,2,22406,86986,86986,125287,26,12,480,3.75,2,27,2,115.95018087284058,10,110.0,262.0,152.0,1.7236842105263157,114.0,0.2,11.0,19.0,6,rolling,losing_streak_fitness,2_days,rep_2,37,26
train,2,22406,86986,86986,125287,26,12,480,3.75,2,27,2,793.8041320124254,5,355.0,393.0,38.0,10.342105263157896,19.0,0.6,71.0,19.0,1,rolling,losing_streak_fitness,2_days,rep_2,37,26
test,2,22406,86986,86986,125287,26,12,480,3.75,2,27,2,115.95018087284058,10,110.0,262.0,152.0,1.7236842105263157,114.0,0.2,11.0,19.0,6,rolling,losing_streak_fitness,2_days,rep_2,38,26
train,2,22406,86986,86986,125287,26,12,480,3.75,2,27,2,793.8041320124254,5,355.0,393.0,38.0,10.342105263157896,19.0,0.6,71.0,19.0,1,rolling,losing_streak_fitness,2_days,rep_2,38,26
test,2,22406,86986,86986,125287,26,12,480,3.75,2,27,2,115.95018087284058,10,110.0,262.0,152.0,1.7236842105263157,114.0,0.2,11.0,19.0,6,rolling,losing_streak_fitness,2_days,rep_2,39,26
train,2,22406,86986,86986,125287,26,12,480,3.75,2,27,2,793.8041320124254,5,355.0,393.0,38.0,10.342105263157896,19.0,0.6,71.0,19.0,1,rolling,losing_streak_fitness,2_days,rep_2,39,26
test,2,22406,86986,86986,125287,26,12,480,3.75,2,27,2,115.95018087284058,10,110.0,262.0,152.0,1.7236842105263157,114.0,0.2,11.0,19.0,6,rolling,losing_streak_fitness,2_days,rep_2,40,26
train,2,22406,86986,86986,125287,26,12,480,3.75,2,27,2,793.8041320124254,5,355.0,393.0,38.0,10.342105263157896,19.0,0.6,71.0,19.0,1,rolling,losing_streak_fitness,2_days,rep_2,40,26
test,2,22406,86986,86986,125287,26,12,480,3.75,2,27,2,115.95018087284058,10,110.0,262.0,152.0,1.7236842105263157,114.0,0.2,11.0,19.0,6,rolling,losing_streak_fitness,2_days,rep_2,41,26
train,2,22406,86986,86986,125287,26,12,480,3.75,2,27,2,793.8041320124254,5,355.0,393.0,38.0,10.342105263157896,19.0,0.6,71.0,19.0,1,rolling,losing_streak_fitness,2_days,rep_2,41,26
test,2,22406,86986,86986,125287,26,12,480,3.75,2,27,2,115.95018087284058,10,110.0,262.0,152.0,1.7236842105263157,114.0,0.2,11.0,19.0,6,rolling,losing_streak_fitness,2_days,rep_2,42,26
train,2,22406,86986,86986,125287,26,12,480,3.75,2,27,2,793.8041320124254,5,355.0,393.0,38.0,10.342105263157896,19.0,0.6,71.0,19.0,1,rolling,losing_streak_fitness,2_days,rep_2,42,26
test,2,22406,86986,86986,125287,26,12,480,3.75,2,27,2,115.95018087284058,10,110.0,262.0,152.0,1.7236842105263157,114.0,0.2,11.0,19.0,6,rolling,losing_streak_fitness,2_days,rep_2,43,26
train,2,22406,86986,86986,125287,26,12,480,3.75,2,27,2,793.8041320124254,5,355.0,393.0,38.0,10.342105263157896,19.0,0.6,71.0,19.0,1,rolling,losing_streak_fitness,2_days,rep_2,43,26
test,2,22406,86986,86986,125287,26,12,480,3.75,2,27,2,115.95018087284058,10,110.0,262.0,152.0,1.7236842105263157,114.0,0.2,11.0,19.0,6,rolling,losing_streak_fitness,2_days,rep_2,44,26
train,2,22406,86986,86986,125287,26,12,480,3.75,2,27,2,793.8041320124254,5,355.0,393.0,38.0,10.342105263157896,19.0,0.6,71.0,19.0,1,rolling,losing_streak_fitness,2_days,rep_2,44,26
test,2,22406,86986,86986,125287,26,12,480,3.75,2,27,2,115.95018087284058,10,110.0,262.0,152.0,1.7236842105263157,114.0,0.2,11.0,19.0,6,rolling,losing_streak_fitness,2_days,rep_2,45,26
train,2,22406,86986,86986,125287,26,12,480,3.75,2,27,2,793.8041320124254,5,355.0,393.0,38.0,10.342105263157896,19.0,0.6,71.0,19.0,1,rolling,losing_streak_fitness,2_days,rep_2,45,26
test,2,22406,86986,86986,125287,26,12,480,3.75,2,27,2,115.95018087284058,10,110.0,262.0,152.0,1.7236842105263157,114.0,0.2,11.0,19.0,6,rolling,losing_streak_fitness,2_days,rep_2,46,26
train,2,22406,86986,86986,125287,26,12,480,3.75,2,27,2,793.8041320124254,5,355.0,393.0,38.0,10.342105263157896,19.0,0.6,71.0,19.0,1,rolling,losing_streak_fitness,2_days,rep_2,46,26
test,2,22406,86986,86986,125287,26,12,480,3.75,2,27,2,115.95018087284058,10,110.0,262.0,152.0,1.7236842105263157,114.0,0.2,11.0,19.0,6,rolling,losing_streak_fitness,2_days,rep_2,47,26
train,2,22406,86986,86986,125287,26,12,480,3.75,2,27,2,793.8041320124254,5,355.0,393.0,38.0,10.342105263157896,19.0,0.6,71.0,19.0,1,rolling,losing_streak_fitness,2_days,rep_2,47,26
test,2,22406,86986,86986,125287,26,12,480,3.75,2,27,2,115.95018087284058,10,110.0,262.0,152.0,1.7236842105263157,114.0,0.2,11.0,19.0,6,rolling,losing_streak_fitness,2_days,rep_2,48,26
train,2,22406,86986,86986,125287,26,12,480,3.75,2,27,2,793.8041320124254,5,355.0,393.0,38.0,10.342105263157896,19.0,0.6,71.0,19.0,1,rolling,losing_streak_fitness,2_days,rep_2,48,26
test,2,22406,86986,86986,125287,26,12,480,3.75,2,27,2,115.95018087284058,10,110.0,262.0,152.0,1.7236842105263157,114.0,0.2,11.0,19.0,6,rolling,losing_streak_fitness,2_days,rep_2,49,26
train,2,22406,86986,86986,125287,26,12,480,3.75,2,27,2,793.8041320124254,5,355.0,393.0,38.0,10.342105263157896,19.0,0.6,71.0,19.0,1,rolling,losing_streak_fitness,2_days,rep_2,49,26
test,2,22406,86986,86986,125287,26,12,480,3.75,2,27,2,115.95018087284058,10,110.0,262.0,152.0,1.7236842105263157,114.0,0.2,11.0,19.0,6,rolling,losing_streak_fitness,2_days,rep_2,50,26
train,2,22406,86986,86986,125287,26,12,480,3.75,2,27,2,793.8041320124254,5,355.0,393.0,38.0,10.342105263157896,19.0,0.6,71.0,19.0,1,rolling,losing_streak_fitness,2_days,rep_2,50,26
test,2,22406,86986,86986,125287,26,12,480,3.75,2,27,2,115.95018087284058,10,110.0,262.0,152.0,1.7236842105263157,114.0,0.2,11.0,19.0,6,rolling,losing_streak_fitness,2_days,rep_2,51,26
train,2,22406,86986,86986,125287,26,12,480,3.75,2,27,2,793.8041320124254,5,355.0,393.0,38.0,10.342105263157896,19.0,0.6,71.0,19.0,1,rolling,losing_streak_fitness,2_days,rep_2,51,26
test,2,22406,86986,86986,125287,26,12,480,3.75,2,27,2,115.95018087284058,10,110.0,262.0,152.0,1.7236842105263157,114.0,0.2,11.0,19.0,6,rolling,losing_streak_fitness,2_days,rep_2,52,26
train,2,22406,86986,86986,125287,26,12,480,3.75,2,27,2,793.8041320124254,5,355.0,393.0,38.0,10.342105263157896,19.0,0.6,71.0,19.0,1,rolling,losing_streak_fitness,2_days,rep_2,52,26
test,2,22406,86986,86986,125287,26,12,480,3.75,2,27,2,115.95018087284058,10,110.0,262.0,152.0,1.7236842105263157,114.0,0.2,11.0,19.0,6,rolling,losing_streak_fitness,2_days,rep_2,53,26
train,2,22406,86986,86986,125287,26,12,480,3.75,2,27,2,793.8041320124254,5,355.0,393.0,38.0,10.342105263157896,19.0,0.6,71.0,19.0,1,rolling,losing_streak_fitness,2_days,rep_2,53,26
test,2,22406,86986,86986,125287,26,12,480,3.75,2,27,2,115.95018087284058,10,110.0,262.0,152.0,1.7236842105263157,114.0,0.2,11.0,19.0,6,rolling,losing_streak_fitness,2_days,rep_2,54,26
train,2,22406,86986,86986,125287,26,12,480,3.75,2,27,2,793.8041320124254,5,355.0,393.0,38.0,10.342105263157896,19.0,0.6,71.0,19.0,1,rolling,losing_streak_fitness,2_days,rep_2,54,26
test,2,22406,86986,86986,125287,26,12,480,3.75,2,27,2,115.95018087284058,10,110.0,262.0,152.0,1.7236842105263157,114.0,0.2,11.0,19.0,6,rolling,losing_streak_fitness,2_days,rep_2,55,26
train,2,22406,86986,86986,125287,26,12,480,3.75,2,27,2,793.8041320124254,5,355.0,393.0,38.0,10.342105263157896,19.0,0.6,71.0,19.0,1,rolling,losing_streak_fitness,2_days,rep_2,55,26
test,2,22406,86986,86986,125287,26,12,480,3.75,2,27,2,115.95018087284058,10,110.0,262.0,152.0,1.7236842105263157,114.0,0.2,11.0,19.0,6,rolling,losing_streak_fitness,2_days,rep_2,56,26
train,2,22406,86986,86986,125287,26,12,480,3.75,2,27,2,793.8041320124254,5,355.0,393.0,38.0,10.342105263157896,19.0,0.6,71.0,19.0,1,rolling,losing_streak_fitness,2_days,rep_2,56,26
test,2,22406,86986,86986,125287,26,12,480,3.75,2,27,2,115.95018087284058,10,110.0,262.0,152.0,1.7236842105263157,114.0,0.2,11.0,19.0,6,rolling,losing_streak_fitness,2_days,rep_2,57,26
train,2,22406,86986,86986,125287,26,12,480,3.75,2,27,2,793.8041320124254,5,355.0,393.0,38.0,10.342105263157896,19.0,0.6,71.0,19.0,1,rolling,losing_streak_fitness,2_days,rep_2,57,26
test,2,22406,86986,86986,125287,26,12,480,3.75,2,27,2,115.95018087284058,10,110.0,262.0,152.0,1.7236842105263157,114.0,0.2,11.0,19.0,6,rolling,losing_streak_fitness,2_days,rep_2,58,26
train,2,22406,86986,86986,125287,26,12,480,3.75,2,27,2,793.8041320124254,5,355.0,393.0,38.0,10.342105263157896,19.0,0.6,71.0,19.0,1,rolling,losing_streak_fitness,2_days,rep_2,58,26
test,2,22406,86986,86986,125287,26,12,480,3.75,2,27,2,115.95018087284058,10,110.0,262.0,152.0,1.7236842105263157,114.0,0.2,11.0,19.0,6,rolling,losing_streak_fitness,2_days,rep_2,59,26
train,2,22406,86986,86986,125287,26,12,480,3.75,2,27,2,793.8041320124254,5,355.0,393.0,38.0,10.342105263157896,19.0,0.6,71.0,19.0,1,rolling,losing_streak_fitness,2_days,rep_2,59,26
test,2,22406,86986,86986,125287,26,12,480,3.75,2,27,2,115.95018087284058,10,110.0,262.0,152.0,1.7236842105263157,114.0,0.2,11.0,19.0,6,rolling,losing_streak_fitness,2_days,rep_2,60,26
train,2,22406,86986,86986,125287,26,12,480,3.75,2,27,2,793.8041320124254,5,355.0,393.0,38.0,10.342105263157896,19.0,0.6,71.0,19.0,1,rolling,losing_streak_fitness,2_days,rep_2,60,26
test,2,22406,86986,86986,125287,26,12,480,3.75,2,27,2,115.95018087284058,10,110.0,262.0,152.0,1.7236842105263157,114.0,0.2,11.0,19.0,6,rolling,losing_streak_fitness,2_days,rep_2,61,26
train,2,22406,86986,86986,125287,26,12,480,3.75,2,27,2,793.8041320124254,5,355.0,393.0,38.0,10.342105263157896,19.0,0.6,71.0,19.0,1,rolling,losing_streak_fitness,2_days,rep_2,61,26
test,2,22406,86986,86986,125287,26,12,480,3.75,2,27,2,115.95018087284058,10,110.0,262.0,152.0,1.7236842105263157,114.0,0.2,11.0,19.0,6,rolling,losing_streak_fitness,2_days,rep_2,62,26
train,2,22406,86986,86986,125287,26,12,480,3.75,2,27,2,793.8041320124254,5,355.0,393.0,38.0,10.342105263157896,19.0,0.6,71.0,19.0,1,rolling,losing_streak_fitness,2_days,rep_2,62,26
test,2,22406,86986,86986,125287,26,12,480,3.75,2,27,2,115.95018087284058,10,110.0,262.0,152.0,1.7236842105263157,114.0,0.2,11.0,19.0,6,rolling,losing_streak_fitness,2_days,rep_2,63,26
train,2,22406,86986,86986,125287,26,12,480,3.75,2,27,2,793.8041320124254,5,355.0,393.0,38.0,10.342105263157896,19.0,0.6,71.0,19.0,1,rolling,losing_streak_fitness,2_days,rep_2,63,26
test,2,22406,86986,86986,125287,26,12,480,3.75,2,27,2,115.95018087284058,10,110.0,262.0,152.0,1.7236842105263157,114.0,0.2,11.0,19.0,6,rolling,losing_streak_fitness,2_days,rep_2,64,26
train,2,22406,86986,86986,125287,26,12,480,3.75,2,27,2,793.8041320124254,5,355.0,393.0,38.0,10.342105263157896,19.0,0.6,71.0,19.0,1,rolling,losing_streak_fitness,2_days,rep_2,64,26
test,2,22406,86986,86986,125287,26,12,480,3.75,2,27,2,115.95018087284058,10,110.0,262.0,152.0,1.7236842105263157,114.0,0.2,11.0,19.0,6,rolling,losing_streak_fitness,2_days,rep_2,65,26
train,2,22406,86986,86986,125287,26,12,480,3.75,2,27,2,793.8041320124254,5,355.0,393.0,38.0,10.342105263157896,19.0,0.6,71.0,19.0,1,rolling,losing_streak_fitness,2_days,rep_2,65,26
test,2,22406,86986,86986,125287,26,12,480,3.75,2,27,2,115.95018087284058,10,110.0,262.0,152.0,1.7236842105263157,114.0,0.2,11.0,19.0,6,rolling,losing_streak_fitness,2_days,rep_2,66,26
train,2,22406,86986,86986,125287,26,12,480,3.75,2,27,2,793.8041320124254,5,355.0,393.0,38.0,10.342105263157896,19.0,0.6,71.0,19.0,1,rolling,losing_streak_fitness,2_days,rep_2,66,26
test,2,22406,86986,86986,125287,26,12,480,3.75,2,27,2,115.95018087284058,10,110.0,262.0,152.0,1.7236842105263157,114.0,0.2,11.0,19.0,6,rolling,losing_streak_fitness,2_days,rep_2,67,26
train,2,22406,86986,86986,125287,26,12,480,3.75,2,27,2,793.8041320124254,5,355.0,393.0,38.0,10.342105263157896,19.0,0.6,71.0,19.0,1,rolling,losing_streak_fitness,2_days,rep_2,67,26
test,2,22406,86986,86986,125287,26,12,480,3.75,2,27,2,115.95018087284058,10,110.0,262.0,152.0,1.7236842105263157,114.0,0.2,11.0,19.0,6,rolling,losing_streak_fitness,2_days,rep_2,68,26
train,2,22406,86986,86986,125287,26,12,480,3.75,2,27,2,793.8041320124254,5,355.0,393.0,38.0,10.342105263157896,19.0,0.6,71.0,19.0,1,rolling,losing_streak_fitness,2_days,rep_2,68,26
test,2,22406,86986,86986,125287,26,12,480,3.75,2,27,2,115.95018087284058,10,110.0,262.0,152.0,1.7236842105263157,114.0,0.2,11.0,19.0,6,rolling,losing_streak_fitness,2_days,rep_2,69,26
train,2,22406,86986,86986,125287,26,12,480,3.75,2,27,2,793.8041320124254,5,355.0,393.0,38.0,10.342105263157896,19.0,0.6,71.0,19.0,1,rolling,losing_streak_fitness,2_days,rep_2,69,26
test,2,22406,86986,86986,125287,26,12,480,3.75,2,27,2,115.95018087284058,10,110.0,262.0,152.0,1.7236842105263157,114.0,0.2,11.0,19.0,6,rolling,losing_streak_fitness,2_days,rep_2,70,26
train,2,22406,86986,86986,125287,26,12,480,3.75,2,27,2,793.8041320124254,5,355.0,393.0,38.0,10.342105263157896,19.0,0.6,71.0,19.0,1,rolling,losing_streak_fitness,2_days,rep_2,70,26
test,2,22406,86986,86986,125287,26,12,480,3.75,2,27,2,115.95018087284058,10,110.0,262.0,152.0,1.7236842105263157,114.0,0.2,11.0,19.0,6,rolling,losing_streak_fitness,2_days,rep_2,71,26
train,2,22406,86986,86986,125287,26,12,480,3.75,2,27,2,793.8041320124254,5,355.0,393.0,38.0,10.342105263157896,19.0,0.6,71.0,19.0,1,rolling,losing_streak_fitness,2_days,rep_2,71,26
test,2,22406,86986,86986,125287,26,12,480,3.75,2,27,2,115.95018087284058,10,110.0,262.0,152.0,1.7236842105263157,114.0,0.2,11.0,19.0,6,rolling,losing_streak_fitness,2_days,rep_2,72,26
train,2,22406,86986,86986,125287,26,12,480,3.75,2,27,2,793.8041320124254,5,355.0,393.0,38.0,10.342105263157896,19.0,0.6,71.0,19.0,1,rolling,losing_streak_fitness,2_days,rep_2,72,26
test,2,22406,86986,86986,125287,26,12,480,3.75,2,27,2,115.95018087284058,10,110.0,262.0,152.0,1.7236842105263157,114.0,0.2,11.0,19.0,6,rolling,losing_streak_fitness,2_days,rep_2,73,26
train,2,22406,86986,86986,125287,26,12,480,3.75,2,27,2,793.8041320124254,5,355.0,393.0,38.0,10.342105263157896,19.0,0.6,71.0,19.0,1,rolling,losing_streak_fitness,2_days,rep_2,73,26
test,2,22406,86986,86986,125287,26,12,480,3.75,2,27,2,115.95018087284058,10,110.0,262.0,152.0,1.7236842105263157,114.0,0.2,11.0,19.0,6,rolling,losing_streak_fitness,2_days,rep_2,74,26
train,2,22406,86986,86986,125287,26,12,480,3.75,2,27,2,793.8041320124254,5,355.0,393.0,38.0,10.342105263157896,19.0,0.6,71.0,19.0,1,rolling,losing_streak_fitness,2_days,rep_2,74,26
test,2,22406,86986,86986,125287,26,12,480,3.75,2,27,2,115.95018087284058,10,110.0,262.0,152.0,1.7236842105263157,114.0,0.2,11.0,19.0,6,rolling,losing_streak_fitness,2_days,rep_2,75,26
train,2,22406,86986,86986,125287,26,12,480,3.75,2,27,2,793.8041320124254,5,355.0,393.0,38.0,10.342105263157896,19.0,0.6,71.0,19.0,1,rolling,losing_streak_fitness,2_days,rep_2,75,26
test,2,22406,86986,86986,125287,26,12,480,3.75,2,27,2,115.95018087284058,10,110.0,262.0,152.0,1.7236842105263157,114.0,0.2,11.0,19.0,6,rolling,losing_streak_fitness,2_days,rep_2,76,26
train,2,22406,86986,86986,125287,26,12,480,3.75,2,27,2,793.8041320124254,5,355.0,393.0,38.0,10.342105263157896,19.0,0.6,71.0,19.0,1,rolling,losing_streak_fitness,2_days,rep_2,76,26
test,2,22406,86986,86986,125287,26,12,480,3.75,2,27,2,115.95018087284058,10,110.0,262.0,152.0,1.7236842105263157,114.0,0.2,11.0,19.0,6,rolling,losing_streak_fitness,2_days,rep_2,77,26
train,2,22406,86986,86986,125287,26,12,480,3.75,2,27,2,793.8041320124254,5,355.0,393.0,38.0,10.342105263157896,19.0,0.6,71.0,19.0,1,rolling,losing_streak_fitness,2_days,rep_2,77,26
test,2,22406,86986,86986,125287,26,12,480,3.75,2,27,2,115.95018087284058,10,110.0,262.0,152.0,1.7236842105263157,114.0,0.2,11.0,19.0,6,rolling,losing_streak_fitness,2_days,rep_2,78,26
train,2,22406,86986,86986,125287,26,12,480,3.75,2,27,2,793.8041320124254,5,355.0,393.0,38.0,10.342105263157896,19.0,0.6,71.0,19.0,1,rolling,losing_streak_fitness,2_days,rep_2,78,26
test,2,22406,86986,86986,125287,26,12,480,3.75,2,27,2,115.95018087284058,10,110.0,262.0,152.0,1.7236842105263157,114.0,0.2,11.0,19.0,6,rolling,losing_streak_fitness,2_days,rep_2,79,26
train,2,22406,86986,86986,125287,26,12,480,3.75,2,27,2,793.8041320124254,5,355.0,393.0,38.0,10.342105263157896,19.0,0.6,71.0,19.0,1,rolling,losing_streak_fitness,2_days,rep_2,79,26
test,2,22406,86986,86986,125287,26,12,480,3.75,2,27,2,115.95018087284058,10,110.0,262.0,152.0,1.7236842105263157,114.0,0.2,11.0,19.0,6,rolling,losing_streak_fitness,2_days,rep_2,80,26
train,2,22406,86986,86986,125287,26,12,480,3.75,2,27,2,793.8041320124254,5,355.0,393.0,38.0,10.342105263157896,19.0,0.6,71.0,19.0,1,rolling,losing_streak_fitness,2_days,rep_2,80,26
test,2,22406,86986,86986,125287,26,12,480,3.75,2,27,2,115.95018087284058,10,110.0,262.0,152.0,1.7236842105263157,114.0,0.2,11.0,19.0,6,rolling,losing_streak_fitness,2_days,rep_2,81,26
train,2,22406,86986,86986,125287,26,12,480,3.75,2,27,2,793.8041320124254,5,355.0,393.0,38.0,10.342105263157896,19.0,0.6,71.0,19.0,1,rolling,losing_streak_fitness,2_days,rep_2,81,26
test,2,22406,86986,86986,125287,26,12,480,3.75,2,27,2,115.95018087284058,10,110.0,262.0,152.0,1.7236842105263157,114.0,0.2,11.0,19.0,6,rolling,losing_streak_fitness,2_days,rep_2,82,26
train,2,22406,86986,86986,125287,26,12,480,3.75,2,27,2,793.8041320124254,5,355.0,393.0,38.0,10.342105263157896,19.0,0.6,71.0,19.0,1,rolling,losing_streak_fitness,2_days,rep_2,82,26
test,2,22406,86986,86986,125287,26,12,480,3.75,2,27,2,115.95018087284058,10,110.0,262.0,152.0,1.7236842105263157,114.0,0.2,11.0,19.0,6,rolling,losing_streak_fitness,2_days,rep_2,83,26
train,2,22406,86986,86986,125287,26,12,480,3.75,2,27,2,793.8041320124254,5,355.0,393.0,38.0,10.342105263157896,19.0,0.6,71.0,19.0,1,rolling,losing_streak_fitness,2_days,rep_2,83,26
test,2,22406,86986,86986,125287,26,12,480,3.75,2,27,2,115.95018087284058,10,110.0,262.0,152.0,1.7236842105263157,114.0,0.2,11.0,19.0,6,rolling,losing_streak_fitness,2_days,rep_2,84,26
train,2,22406,86986,86986,125287,26,12,480,3.75,2,27,2,793.8041320124254,5,355.0,393.0,38.0,10.342105263157896,19.0,0.6,71.0,19.0,1,rolling,losing_streak_fitness,2_days,rep_2,84,26
test,2,22406,86986,86986,125287,26,12,480,3.75,2,27,2,115.95018087284058,10,110.0,262.0,152.0,1.7236842105263157,114.0,0.2,11.0,19.0,6,rolling,losing_streak_fitness,2_days,rep_2,85,26
train,2,22406,86986,86986,125287,26,12,480,3.75,2,27,2,793.8041320124254,5,355.0,393.0,38.0,10.342105263157896,19.0,0.6,71.0,19.0,1,rolling,losing_streak_fitness,2_days,rep_2,85,26
test,2,22406,86986,86986,125287,26,12,480,3.75,2,27,2,115.95018087284058,10,110.0,262.0,152.0,1.7236842105263157,114.0,0.2,11.0,19.0,6,rolling,losing_streak_fitness,2_days,rep_2,86,26
train,2,22406,86986,86986,125287,26,12,480,3.75,2,27,2,793.8041320124254,5,355.0,393.0,38.0,10.342105263157896,19.0,0.6,71.0,19.0,1,rolling,losing_streak_fitness,2_days,rep_2,86,26
test,2,22406,86986,86986,125287,26,12,480,3.75,2,27,2,115.95018087284058,10,110.0,262.0,152.0,1.7236842105263157,114.0,0.2,11.0,19.0,6,rolling,losing_streak_fitness,2_days,rep_2,87,26
train,2,22406,86986,86986,125287,26,12,480,3.75,2,27,2,793.8041320124254,5,355.0,393.0,38.0,10.342105263157896,19.0,0.6,71.0,19.0,1,rolling,losing_streak_fitness,2_days,rep_2,87,26
test,2,22406,86986,86986,125287,26,12,480,3.75,2,27,2,115.95018087284058,10,110.0,262.0,152.0,1.7236842105263157,114.0,0.2,11.0,19.0,6,rolling,losing_streak_fitness,2_days,rep_2,88,26
train,2,22406,86986,86986,125287,26,12,480,3.75,2,27,2,793.8041320124254,5,355.0,393.0,38.0,10.342105263157896,19.0,0.6,71.0,19.0,1,rolling,losing_streak_fitness,2_days,rep_2,88,26
test,2,22406,86986,86986,125287,26,12,480,3.75,2,27,2,115.95018087284058,10,110.0,262.0,152.0,1.7236842105263157,114.0,0.2,11.0,19.0,6,rolling,losing_streak_fitness,2_days,rep_2,89,26
train,2,22406,86986,86986,125287,26,12,480,3.75,2,27,2,793.8041320124254,5,355.0,393.0,38.0,10.342105263157896,19.0,0.6,71.0,19.0,1,rolling,losing_streak_fitness,2_days,rep_2,89,26
test,2,22406,86986,86986,125287,26,12,480,3.75,2,27,2,115.95018087284058,10,110.0,262.0,152.0,1.7236842105263157,114.0,0.2,11.0,19.0,6,rolling,losing_streak_fitness,2_days,rep_2,90,26
train,2,22406,86986,86986,125287,26,12,480,3.75,2,27,2,793.8041320124254,5,355.0,393.0,38.0,10.342105263157896,19.0,0.6,71.0,19.0,1,rolling,losing_streak_fitness,2_days,rep_2,90,26
test,2,22406,86986,86986,125287,26,12,480,3.75,2,27,2,115.95018087284058,10,110.0,262.0,152.0,1.7236842105263157,114.0,0.2,11.0,19.0,6,rolling,losing_streak_fitness,2_days,rep_2,91,26
train,2,22406,86986,86986,125287,26,12,480,3.75,2,27,2,793.8041320124254,5,355.0,393.0,38.0,10.342105263157896,19.0,0.6,71.0,19.0,1,rolling,losing_streak_fitness,2_days,rep_2,91,26
test,2,22406,86986,86986,125287,26,12,480,3.75,2,27,2,115.95018087284058,10,110.0,262.0,152.0,1.7236842105263157,114.0,0.2,11.0,19.0,6,rolling,losing_streak_fitness,2_days,rep_2,92,26
train,2,22406,86986,86986,125287,26,12,480,3.75,2,27,2,793.8041320124254,5,355.0,393.0,38.0,10.342105263157896,19.0,0.6,71.0,19.0,1,rolling,losing_streak_fitness,2_days,rep_2,92,26
test,2,22406,86986,86986,125287,26,12,480,3.75,2,27,2,115.95018087284058,10,110.0,262.0,152.0,1.7236842105263157,114.0,0.2,11.0,19.0,6,rolling,losing_streak_fitness,2_days,rep_2,93,26
train,2,22406,86986,86986,125287,26,12,480,3.75,2,27,2,793.8041320124254,5,355.0,393.0,38.0,10.342105263157896,19.0,0.6,71.0,19.0,1,rolling,losing_streak_fitness,2_days,rep_2,93,26
test,2,22406,86986,86986,125287,26,12,480,3.75,2,27,2,115.95018087284058,10,110.0,262.0,152.0,1.7236842105263157,114.0,0.2,11.0,19.0,6,rolling,losing_streak_fitness,2_days,rep_2,94,26
train,2,22406,86986,86986,125287,26,12,480,3.75,2,27,2,793.8041320124254,5,355.0,393.0,38.0,10.342105263157896,19.0,0.6,71.0,19.0,1,rolling,losing_streak_fitness,2_days,rep_2,94,26
test,2,22406,86986,86986,125287,26,12,480,3.75,2,27,2,115.95018087284058,10,110.0,262.0,152.0,1.7236842105263157,114.0,0.2,11.0,19.0,6,rolling,losing_streak_fitness,2_days,rep_2,95,26
train,2,22406,86986,86986,125287,26,12,480,3.75,2,27,2,793.8041320124254,5,355.0,393.0,38.0,10.342105263157896,19.0,0.6,71.0,19.0,1,rolling,losing_streak_fitness,2_days,rep_2,95,26
test,2,22406,86986,86986,125287,26,12,480,3.75,2,27,2,115.95018087284058,10,110.0,262.0,152.0,1.7236842105263157,114.0,0.2,11.0,19.0,6,rolling,losing_streak_fitness,2_days,rep_2,96,26
train,2,22406,86986,86986,125287,26,12,480,3.75,2,27,2,793.8041320124254,5,355.0,393.0,38.0,10.342105263157896,19.0,0.6,71.0,19.0,1,rolling,losing_streak_fitness,2_days,rep_2,96,26
test,2,22406,86986,86986,125287,26,12,480,3.75,2,27,2,115.95018087284058,10,110.0,262.0,152.0,1.7236842105263157,114.0,0.2,11.0,19.0,6,rolling,losing_streak_fitness,2_days,rep_2,97,26
train,2,22406,86986,86986,125287,26,12,480,3.75,2,27,2,793.8041320124254,5,355.0,393.0,38.0,10.342105263157896,19.0,0.6,71.0,19.0,1,rolling,losing_streak_fitness,2_days,rep_2,97,26
test,2,22406,86986,86986,125287,26,12,480,3.75,2,27,2,115.95018087284058,10,110.0,262.0,152.0,1.7236842105263157,114.0,0.2,11.0,19.0,6,rolling,losing_streak_fitness,2_days,rep_2,98,26
train,2,22406,86986,86986,125287,26,12,480,3.75,2,27,2,793.8041320124254,5,355.0,393.0,38.0,10.342105263157896,19.0,0.6,71.0,19.0,1,rolling,losing_streak_fitness,2_days,rep_2,98,26
test,2,22406,86986,86986,125287,26,12,480,3.75,2,27,2,115.95018087284058,10,110.0,262.0,152.0,1.7236842105263157,114.0,0.2,11.0,19.0,6,rolling,losing_streak_fitness,2_days,rep_2,99,26
train,2,22406,86986,86986,125287,26,12,480,3.75,2,27,2,793.8041320124254,5,355.0,393.0,38.0,10.342105263157896,19.0,0.6,71.0,19.0,1,rolling,losing_streak_fitness,2_days,rep_2,99,26
test,2,22406,86986,86986,125287,26,12,480,3.75,2,27,2,115.95018087284058,10,110.0,262.0,152.0,1.7236842105263157,114.0,0.2,11.0,19.0,6,rolling,losing_streak_fitness,2_days,rep_2,100,26
train,2,22406,86986,86986,125287,26,12,480,3.75,2,27,2,793.8041320124254,5,355.0,393.0,38.0,10.342105263157896,19.0,0.6,71.0,19.0,1,rolling,losing_streak_fitness,2_days,rep_2,100,26
test,3,53560,125287,125287,130699,0,14,3489,5.5,6,19,7,-1000.0,0,0.0,0.0,0.0,inf,0.0,0.0,0.0,0.0,0,rolling,losing_streak_fitness,2_days,rep_2,0,0
train,3,53560,125287,125287,130699,0,14,3489,5.5,6,19,7,488.43832773442335,12,282.0,546.0,264.0,2.0681818181818183,88.0,0.5,23.5,44.0,2,rolling,losing_streak_fitness,2_days,rep_2,0,0
test,3,53560,125287,125287,130699,1,14,3489,5.5,6,9,2,-1000.0,0,0.0,0.0,0.0,inf,0.0,0.0,0.0,0.0,0,rolling,losing_streak_fitness,2_days,rep_2,1,1
train,3,53560,125287,125287,130699,1,14,3489,5.5,6,9,2,592.0,16,296.0,410.0,114.0,3.5964912280701755,38.0,0.625,18.5,19.0,2,rolling,losing_streak_fitness,2_days,rep_2,1,1
test,3,53560,125287,125287,130699,2,14,1870,5.25,5,19,3,-1000.0,0,0.0,0.0,0.0,inf,0.0,0.0,0.0,0.0,0,rolling,losing_streak_fitness,2_days,rep_2,2,2
train,3,53560,125287,125287,130699,2,14,1870,5.25,5,19,3,696.2844246426886,12,402.0,546.0,144.0,3.7916666666666665,48.0,0.5,33.5,24.0,2,rolling,losing_streak_fitness,2_days,rep_2,2,2
test,3,53560,125287,125287,130699,3,14,3489,6.75,2,10,2,-1000.0,0,0.0,0.0,0.0,inf,0.0,0.0,0.0,0.0,0,rolling,losing_streak_fitness,2_days,rep_2,3,3
train,3,53560,125287,125287,130699,3,14,3489,6.75,2,10,2,1193.5887063808873,14,319.0,414.0,95.0,4.3578947368421055,19.0,0.6428571428571429,22.785714285714285,19.0,1,rolling,losing_streak_fitness,2_days,rep_2,3,3
test,3,53560,125287,125287,130699,3,14,3489,6.75,2,10,2,-1000.0,0,0.0,0.0,0.0,inf,0.0,0.0,0.0,0.0,0,rolling,losing_streak_fitness,2_days,rep_2,4,3
train,3,53560,125287,125287,130699,3,14,3489,6.75,2,10,2,1193.5887063808873,14,319.0,414.0,95.0,4.3578947368421055,19.0,0.6428571428571429,22.785714285714285,19.0,1,rolling,losing_streak_fitness,2_days,rep_2,4,3
test,3,53560,125287,125287,130699,3,14,3489,6.75,2,10,2,-1000.0,0,0.0,0.0,0.0,inf,0.0,0.0,0.0,0.0,0,rolling,losing_streak_fitness,2_days,rep_2,5,3
train,3,53560,125287,125287,130699,3,14,3489,6.75,2,10,2,1193.5887063808873,14,319.0,414.0,95.0,4.3578947368421055,19.0,0.6428571428571429,22.785714285714285,19.0,1,rolling,losing_streak_fitness,2_days,rep_2,5,3
test,3,53560,125287,125287,130699,3,14,3489,6.75,2,10,2,-1000.0,0,0.0,0.0,0.0,inf,0.0,0.0,0.0,0.0,0,rolling,losing_streak_fitness,2_days,rep_2,6,3
train,3,53560,125287,125287,130699,3,14,3489,6.75,2,10,2,1193.5887063808873,14,319.0,414.0,95.0,4.3578947368421055,19.0,0.6428571428571429,22.785714285714285,19.0,1,rolling,losing_streak_fitness,2_days,rep_2,6,3
test,3,53560,125287,125287,130699,3,14,3489,6.75,2,10,2,-1000.0,0,0.0,0.0,0.0,inf,0.0,0.0,0.0,0.0,0,rolling,losing_streak_fitness,2_days,rep_2,7,3
train,3,53560,125287,125287,130699,3,14,3489,6.75,2,10,2,1193.5887063808873,14,319.0,414.0,95.0,4.3578947368421055,19.0,0.6428571428571429,22.785714285714285,19.0,1,rolling,losing_streak_fitness,2_days,rep_2,7,3
test,3,53560,125287,125287,130699,3,14,3489,6.75,2,10,2,-1000.0,0,0.0,0.0,0.0,inf,0.0,0.0,0.0,0.0,0,rolling,losing_streak_fitness,2_days,rep_2,8,3
train,3,53560,125287,125287,130699,3,14,3489,6.75,2,10,2,1193.5887063808873,14,319.0,414.0,95.0,4.3578947368421055,19.0,0.6428571428571429,22.785714285714285,19.0,1,rolling,losing_streak_fitness,2_days,rep_2,8,3
test,3,53560,125287,125287,130699,3,14,3489,6.75,2,10,2,-1000.0,0,0.0,0.0,0.0,inf,0.0,0.0,0.0,0.0,0,rolling,losing_streak_fitness,2_days,rep_2,9,3
train,3,53560,125287,125287,130699,3,14,3489,6.75,2,10,2,1193.5887063808873,14,319.0,414.0,95.0,4.3578947368421055,19.0,0.6428571428571429,22.785714285714285,19.0,1,rolling,losing_streak_fitness,2_days,rep_2,9,3
test,3,53560,125287,125287,130699,3,14,3489,6.75,2,10,2,-1000.0,0,0.0,0.0,0.0,inf,0.0,0.0,0.0,0.0,0,rolling,losing_streak_fitness,2_days,rep_2,10,3
train,3,53560,125287,125287,130699,3,14,3489,6.75,2,10,2,1193.5887063808873,14,319.0,414.0,95.0,4.3578947368421055,19.0,0.6428571428571429,22.785714285714285,19.0,1,rolling,losing_streak_fitness,2_days,rep_2,10,3
test,3,53560,125287,125287,130699,3,14,3489,6.75,2,10,2,-1000.0,0,0.0,0.0,0.0,inf,0.0,0.0,0.0,0.0,0,rolling,losing_streak_fitness,2_days,rep_2,11,3
train,3,53560,125287,125287,130699,3,14,3489,6.75,2,10,2,1193.5887063808873,14,319.0,414.0,95.0,4.3578947368421055,19.0,0.6428571428571429,22.785714285714285,19.0,1,rolling,losing_streak_fitness,2_days,rep_2,11,3
test,3,53560,125287,125287,130699,3,14,3489,6.75,2,10,2,-1000.0,0,0.0,0.0,0.0,inf,0.0,0.0,0.0,0.0,0,rolling,losing_streak_fitness,2_days,rep_2,12,3
train,3,53560,125287,125287,130699,3,14,3489,6.75,2,10,2,1193.5887063808873,14,319.0,414.0,95.0,4.3578947368421055,19.0,0.6428571428571429,22.785714285714285,19.0,1,rolling,losing_streak_fitness,2_days,rep_2,12,3
test,3,53560,125287,125287,130699,3,14,3489,6.75,2,10,2,-1000.0,0,0.0,0.0,0.0,inf,0.0,0.0,0.0,0.0,0,rolling,losing_streak_fitness,2_days,rep_2,13,3
train,3,53560,125287,125287,130699,3,14,3489,6.75,2,10,2,1193.5887063808873,14,319.0,414.0,95.0,4.3578947368421055,19.0,0.6428571428571429,22.785714285714285,19.0,1,rolling,losing_streak_fitness,2_days,rep_2,13,3
test,3,53560,125287,125287,130699,3,14,3489,6.75,2,10,2,-1000.0,0,0.0,0.0,0.0,inf,0.0,0.0,0.0,0.0,0,rolling,losing_streak_fitness,2_days,rep_2,14,3
train,3,53560,125287,125287,130699,3,14,3489,6.75,2,10,2,1193.5887063808873,14,319.0,414.0,95.0,4.3578947368421055,19.0,0.6428571428571429,22.785714285714285,19.0,1,rolling,losing_streak_fitness,2_days,rep_2,14,3
test,3,53560,125287,125287,130699,3,14,3489,6.75,2,10,2,-1000.0,0,0.0,0.0,0.0,inf,0.0,0.0,0.0,0.0,0,rolling,losing_streak_fitness,2_days,rep_2,15,3
train,3,53560,125287,125287,130699,3,14,3489,6.75,2,10,2,1193.5887063808873,14,319.0,414.0,95.0,4.3578947368421055,19.0,0.6428571428571429,22.785714285714285,19.0,1,rolling,losing_streak_fitness,2_days,rep_2,15,3
test,3,53560,125287,125287,130699,3,14,3489,6.75,2,10,2,-1000.0,0,0.0,0.0,0.0,inf,0.0,0.0,0.0,0.0,0,rolling,losing_streak_fitness,2_days,rep_2,16,3
train,3,53560,125287,125287,130699,3,14,3489,6.75,2,10,2,1193.5887063808873,14,319.0,414.0,95.0,4.3578947368421055,19.0,0.6428571428571429,22.785714285714285,19.0,1,rolling,losing_streak_fitness,2_days,rep_2,16,3
test,3,53560,125287,125287,130699,3,14,3489,6.75,2,10,2,-1000.0,0,0.0,0.0,0.0,inf,0.0,0.0,0.0,0.0,0,rolling,losing_streak_fitness,2_days,rep_2,17,3
train,3,53560,125287,125287,130699,3,14,3489,6.75,2,10,2,1193.5887063808873,14,319.0,414.0,95.0,4.3578947368421055,19.0,0.6428571428571429,22.785714285714285,19.0,1,rolling,losing_streak_fitness,2_days,rep_2,17,3
test,3,53560,125287,125287,130699,3,14,3489,6.75,2,10,2,-1000.0,0,0.0,0.0,0.0,inf,0.0,0.0,0.0,0.0,0,rolling,losing_streak_fitness,2_days,rep_2,18,3
train,3,53560,125287,125287,130699,3,14,3489,6.75,2,10,2,1193.5887063808873,14,319.0,414.0,95.0,4.3578947368421055,19.0,0.6428571428571429,22.785714285714285,19.0,1,rolling,losing_streak_fitness,2_days,rep_2,18,3
test,3,53560,125287,125287,130699,3,14,3489,6.75,2,10,2,-1000.0,0,0.0,0.0,0.0,inf,0.0,0.0,0.0,0.0,0,rolling,losing_streak_fitness,2_days,rep_2,19,3
train,3,53560,125287,125287,130699,3,14,3489,6.75,2,10,2,1193.5887063808873,14,319.0,414.0,95.0,4.3578947368421055,19.0,0.6428571428571429,22.785714285714285,19.0,1,rolling,losing_streak_fitness,2_days,rep_2,19,3
test,3,53560,125287,125287,130699,3,14,3489,6.75,2,10,2,-1000.0,0,0.0,0.0,0.0,inf,0.0,0.0,0.0,0.0,0,rolling,losing_streak_fitness,2_days,rep_2,20,3
train,3,53560,125287,125287,130699,3,14,3489,6.75,2,10,2,1193.5887063808873,14,319.0,414.0,95.0,4.3578947368421055,19.0,0.6428571428571429,22.785714285714285,19.0,1,rolling,losing_streak_fitness,2_days,rep_2,20,3
test,3,53560,125287,125287,130699,3,14,3489,6.75,2,10,2,-1000.0,0,0.0,0.0,0.0,inf,0.0,0.0,0.0,0.0,0,rolling,losing_streak_fitness,2_days,rep_2,21,3
train,3,53560,125287,125287,130699,3,14,3489,6.75,2,10,2,1193.5887063808873,14,319.0,414.0,95.0,4.3578947368421055,19.0,0.6428571428571429,22.785714285714285,19.0,1,rolling,losing_streak_fitness,2_days,rep_2,21,3
test,3,53560,125287,125287,130699,3,14,3489,6.75,2,10,2,-1000.0,0,0.0,0.0,0.0,inf,0.0,0.0,0.0,0.0,0,rolling,losing_streak_fitness,2_days,rep_2,22,3
train,3,53560,125287,125287,130699,3,14,3489,6.75,2,10,2,1193.5887063808873,14,319.0,414.0,95.0,4.3578947368421055,19.0,0.6428571428571429,22.785714285714285,19.0,1,rolling,losing_streak_fitness,2_days,rep_2,22,3
test,3,53560,125287,125287,130699,3,14,3489,6.75,2,10,2,-1000.0,0,0.0,0.0,0.0,inf,0.0,0.0,0.0,0.0,0,rolling,losing_streak_fitness,2_days,rep_2,23,3
train,3,53560,125287,125287,130699,3,14,3489,6.75,2,10,2,1193.5887063808873,14,319.0,414.0,95.0,4.3578947368421055,19.0,0.6428571428571429,22.785714285714285,19.0,1,rolling,losing_streak_fitness,2_days,rep_2,23,3
test,3,53560,125287,125287,130699,3,14,3489,6.75,2,10,2,-1000.0,0,0.0,0.0,0.0,inf,0.0,0.0,0.0,0.0,0,rolling,losing_streak_fitness,2_days,rep_2,24,3
train,3,53560,125287,125287,130699,3,14,3489,6.75,2,10,2,1193.5887063808873,14,319.0,414.0,95.0,4.3578947368421055,19.0,0.6428571428571429,22.785714285714285,19.0,1,rolling,losing_streak_fitness,2_days,rep_2,24,3
test,3,53560,125287,125287,130699,3,14,3489,6.75,2,10,2,-1000.0,0,0.0,0.0,0.0,inf,0.0,0.0,0.0,0.0,0,rolling,losing_streak_fitness,2_days,rep_2,25,3
train,3,53560,125287,125287,130699,3,14,3489,6.75,2,10,2,1193.5887063808873,14,319.0,414.0,95.0,4.3578947368421055,19.0,0.6428571428571429,22.785714285714285,19.0,1,rolling,losing_streak_fitness,2_days,rep_2,25,3
test,3,53560,125287,125287,130699,3,14,3489,6.75,2,10,2,-1000.0,0,0.0,0.0,0.0,inf,0.0,0.0,0.0,0.0,0,rolling,losing_streak_fitness,2_days,rep_2,26,3
train,3,53560,125287,125287,130699,3,14,3489,6.75,2,10,2,1193.5887063808873,14,319.0,414.0,95.0,4.3578947368421055,19.0,0.6428571428571429,22.785714285714285,19.0,1,rolling,losing_streak_fitness,2_days,rep_2,26,3
test,3,53560,125287,125287,130699,3,14,3489,6.75,2,10,2,-1000.0,0,0.0,0.0,0.0,inf,0.0,0.0,0.0,0.0,0,rolling,losing_streak_fitness,2_days,rep_2,27,3
train,3,53560,125287,125287,130699,3,14,3489,6.75,2,10,2,1193.5887063808873,14,319.0,414.0,95.0,4.3578947368421055,19.0,0.6428571428571429,22.785714285714285,19.0,1,rolling,losing_streak_fitness,2_days,rep_2,27,3
test,3,53560,125287,125287,130699,3,14,3489,6.75,2,10,2,-1000.0,0,0.0,0.0,0.0,inf,0.0,0.0,0.0,0.0,0,rolling,losing_streak_fitness,2_days,rep_2,28,3
train,3,53560,125287,125287,130699,3,14,3489,6.75,2,10,2,1193.5887063808873,14,319.0,414.0,95.0,4.3578947368421055,19.0,0.6428571428571429,22.785714285714285,19.0,1,rolling,losing_streak_fitness,2_days,rep_2,28,3
test,3,53560,125287,125287,130699,3,14,3489,6.75,2,10,2,-1000.0,0,0.0,0.0,0.0,inf,0.0,0.0,0.0,0.0,0,rolling,losing_streak_fitness,2_days,rep_2,29,3
train,3,53560,125287,125287,130699,3,14,3489,6.75,2,10,2,1193.5887063808873,14,319.0,414.0,95.0,4.3578947368421055,19.0,0.6428571428571429,22.785714285714285,19.0,1,rolling,losing_streak_fitness,2_days,rep_2,29,3
test,3,53560,125287,125287,130699,3,14,3489,6.75,2,10,2,-1000.0,0,0.0,0.0,0.0,inf,0.0,0.0,0.0,0.0,0,rolling,losing_streak_fitness,2_days,rep_2,30,3
train,3,53560,125287,125287,130699,3,14,3489,6.75,2,10,2,1193.5887063808873,14,319.0,414.0,95.0,4.3578947368421055,19.0,0.6428571428571429,22.785714285714285,19.0,1,rolling,losing_streak_fitness,2_days,rep_2,30,3
test,3,53560,125287,125287,130699,3,14,3489,6.75,2,10,2,-1000.0,0,0.0,0.0,0.0,inf,0.0,0.0,0.0,0.0,0,rolling,losing_streak_fitness,2_days,rep_2,31,3
train,3,53560,125287,125287,130699,3,14,3489,6.75,2,10,2,1193.5887063808873,14,319.0,414.0,95.0,4.3578947368421055,19.0,0.6428571428571429,22.785714285714285,19.0,1,rolling,losing_streak_fitness,2_days,rep_2,31,3
test,3,53560,125287,125287,130699,3,14,3489,6.75,2,10,2,-1000.0,0,0.0,0.0,0.0,inf,0.0,0.0,0.0,0.0,0,rolling,losing_streak_fitness,2_days,rep_2,32,3
train,3,53560,125287,125287,130699,3,14,3489,6.75,2,10,2,1193.5887063808873,14,319.0,414.0,95.0,4.3578947368421055,19.0,0.6428571428571429,22.785714285714285,19.0,1,rolling,losing_streak_fitness,2_days,rep_2,32,3
test,3,53560,125287,125287,130699,3,14,3489,6.75,2,10,2,-1000.0,0,0.0,0.0,0.0,inf,0.0,0.0,0.0,0.0,0,rolling,losing_streak_fitness,2_days,rep_2,33,3
train,3,53560,125287,125287,130699,3,14,3489,6.75,2,10,2,1193.5887063808873,14,319.0,414.0,95.0,4.3578947368421055,19.0,0.6428571428571429,22.785714285714285,19.0,1,rolling,losing_streak_fitness,2_days,rep_2,33,3
test,3,53560,125287,125287,130699,3,14,3489,6.75,2,10,2,-1000.0,0,0.0,0.0,0.0,inf,0.0,0.0,0.0,0.0,0,rolling,losing_streak_fitness,2_days,rep_2,34,3
train,3,53560,125287,125287,130699,3,14,3489,6.75,2,10,2,1193.5887063808873,14,319.0,414.0,95.0,4.3578947368421055,19.0,0.6428571428571429,22.785714285714285,19.0,1,rolling,losing_streak_fitness,2_days,rep_2,34,3
test,3,53560,125287,125287,130699,3,14,3489,6.75,2,10,2,-1000.0,0,0.0,0.0,0.0,inf,0.0,0.0,0.0,0.0,0,rolling,losing_streak_fitness,2_days,rep_2,35,3
train,3,53560,125287,125287,130699,3,14,3489,6.75,2,10,2,1193.5887063808873,14,319.0,414.0,95.0,4.3578947368421055,19.0,0.6428571428571429,22.785714285714285,19.0,1,rolling,losing_streak_fitness,2_days,rep_2,35,3
test,3,53560,125287,125287,130699,3,14,3489,6.75,2,10,2,-1000.0,0,0.0,0.0,0.0,inf,0.0,0.0,0.0,0.0,0,rolling,losing_streak_fitness,2_days,rep_2,36,3
train,3,53560,125287,125287,130699,3,14,3489,6.75,2,10,2,1193.5887063808873,14,319.0,414.0,95.0,4.3578947368421055,19.0,0.6428571428571429,22.785714285714285,19.0,1,rolling,losing_streak_fitness,2_days,rep_2,36,3
test,3,53560,125287,125287,130699,3,14,3489,6.75,2,10,2,-1000.0,0,0.0,0.0,0.0,inf,0.0,0.0,0.0,0.0,0,rolling,losing_streak_fitness,2_days,rep_2,37,3
train,3,53560,125287,125287,130699,3,14,3489,6.75,2,10,2,1193.5887063808873,14,319.0,414.0,95.0,4.3578947368421055,19.0,0.6428571428571429,22.785714285714285,19.0,1,rolling,losing_streak_fitness,2_days,rep_2,37,3
test,3,53560,125287,125287,130699,3,14,3489,6.75,2,10,2,-1000.0,0,0.0,0.0,0.0,inf,0.0,0.0,0.0,0.0,0,rolling,losing_streak_fitness,2_days,rep_2,38,3
train,3,53560,125287,125287,130699,3,14,3489,6.75,2,10,2,1193.5887063808873,14,319.0,414.0,95.0,4.3578947368421055,19.0,0.6428571428571429,22.785714285714285,19.0,1,rolling,losing_streak_fitness,2_days,rep_2,38,3
test,3,53560,125287,125287,130699,3,14,3489,6.75,2,10,2,-1000.0,0,0.0,0.0,0.0,inf,0.0,0.0,0.0,0.0,0,rolling,losing_streak_fitness,2_days,rep_2,39,3
train,3,53560,125287,125287,130699,3,14,3489,6.75,2,10,2,1193.5887063808873,14,319.0,414.0,95.0,4.3578947368421055,19.0,0.6428571428571429,22.785714285714285,19.0,1,rolling,losing_streak_fitness,2_days,rep_2,39,3
test,3,53560,125287,125287,130699,3,14,3489,6.75,2,10,2,-1000.0,0,0.0,0.0,0.0,inf,0.0,0.0,0.0,0.0,0,rolling,losing_streak_fitness,2_days,rep_2,40,3
train,3,53560,125287,125287,130699,3,14,3489,6.75,2,10,2,1193.5887063808873,14,319.0,414.0,95.0,4.3578947368421055,19.0,0.6428571428571429,22.785714285714285,19.0,1,rolling,losing_streak_fitness,2_days,rep_2,40,3
test,3,53560,125287,125287,130699,3,14,3489,6.75,2,10,2,-1000.0,0,0.0,0.0,0.0,inf,0.0,0.0,0.0,0.0,0,rolling,losing_streak_fitness,2_days,rep_2,41,3
train,3,53560,125287,125287,130699,3,14,3489,6.75,2,10,2,1193.5887063808873,14,319.0,414.0,95.0,4.3578947368421055,19.0,0.6428571428571429,22.785714285714285,19.0,1,rolling,losing_streak_fitness,2_days,rep_2,41,3
test,3,53560,125287,125287,130699,3,14,3489,6.75,2,10,2,-1000.0,0,0.0,0.0,0.0,inf,0.0,0.0,0.0,0.0,0,rolling,losing_streak_fitness,2_days,rep_2,42,3
train,3,53560,125287,125287,130699,3,14,3489,6.75,2,10,2,1193.5887063808873,14,319.0,414.0,95.0,4.3578947368421055,19.0,0.6428571428571429,22.785714285714285,19.0,1,rolling,losing_streak_fitness,2_days,rep_2,42,3
test,3,53560,125287,125287,130699,3,14,3489,6.75,2,10,2,-1000.0,0,0.0,0.0,0.0,inf,0.0,0.0,0.0,0.0,0,rolling,losing_streak_fitness,2_days,rep_2,43,3
train,3,53560,125287,125287,130699,3,14,3489,6.75,2,10,2,1193.5887063808873,14,319.0,414.0,95.0,4.3578947368421055,19.0,0.6428571428571429,22.785714285714285,19.0,1,rolling,losing_streak_fitness,2_days,rep_2,43,3
test,3,53560,125287,125287,130699,3,14,3489,6.75,2,10,2,-1000.0,0,0.0,0.0,0.0,inf,0.0,0.0,0.0,0.0,0,rolling,losing_streak_fitness,2_days,rep_2,44,3
train,3,53560,125287,125287,130699,3,14,3489,6.75,2,10,2,1193.5887063808873,14,319.0,414.0,95.0,4.3578947368421055,19.0,0.6428571428571429,22.785714285714285,19.0,1,rolling,losing_streak_fitness,2_days,rep_2,44,3
test,3,53560,125287,125287,130699,3,14,3489,6.75,2,10,2,-1000.0,0,0.0,0.0,0.0,inf,0.0,0.0,0.0,0.0,0,rolling,losing_streak_fitness,2_days,rep_2,45,3
train,3,53560,125287,125287,130699,3,14,3489,6.75,2,10,2,1193.5887063808873,14,319.0,414.0,95.0,4.3578947368421055,19.0,0.6428571428571429,22.785714285714285,19.0,1,rolling,losing_streak_fitness,2_days,rep_2,45,3
test,3,53560,125287,125287,130699,3,14,3489,6.75,2,10,2,-1000.0,0,0.0,0.0,0.0,inf,0.0,0.0,0.0,0.0,0,rolling,losing_streak_fitness,2_days,rep_2,46,3
train,3,53560,125287,125287,130699,3,14,3489,6.75,2,10,2,1193.5887063808873,14,319.0,414.0,95.0,4.3578947368421055,19.0,0.6428571428571429,22.785714285714285,19.0,1,rolling,losing_streak_fitness,2_days,rep_2,46,3
test,3,53560,125287,125287,130699,3,14,3489,6.75,2,10,2,-1000.0,0,0.0,0.0,0.0,inf,0.0,0.0,0.0,0.0,0,rolling,losing_streak_fitness,2_days,rep_2,47,3
train,3,53560,125287,125287,130699,3,14,3489,6.75,2,10,2,1193.5887063808873,14,319.0,414.0,95.0,4.3578947368421055,19.0,0.6428571428571429,22.785714285714285,19.0,1,rolling,losing_streak_fitness,2_days,rep_2,47,3
test,3,53560,125287,125287,130699,3,14,3489,6.75,2,10,2,-1000.0,0,0.0,0.0,0.0,inf,0.0,0.0,0.0,0.0,0,rolling,losing_streak_fitness,2_days,rep_2,48,3
train,3,53560,125287,125287,130699,3,14,3489,6.75,2,10,2,1193.5887063808873,14,319.0,414.0,95.0,4.3578947368421055,19.0,0.6428571428571429,22.785714285714285,19.0,1,rolling,losing_streak_fitness,2_days,rep_2,48,3
test,3,53560,125287,125287,130699,3,14,3489,6.75,2,10,2,-1000.0,0,0.0,0.0,0.0,inf,0.0,0.0,0.0,0.0,0,rolling,losing_streak_fitness,2_days,rep_2,49,3
train,3,53560,125287,125287,130699,3,14,3489,6.75,2,10,2,1193.5887063808873,14,319.0,414.0,95.0,4.3578947368421055,19.0,0.6428571428571429,22.785714285714285,19.0,1,rolling,losing_streak_fitness,2_days,rep_2,49,3
test,3,53560,125287,125287,130699,3,14,3489,6.75,2,10,2,-1000.0,0,0.0,0.0,0.0,inf,0.0,0.0,0.0,0.0,0,rolling,losing_streak_fitness,2_days,rep_2,50,3
train,3,53560,125287,125287,130699,3,14,3489,6.75,2,10,2,1193.5887063808873,14,319.0,414.0,95.0,4.3578947368421055,19.0,0.6428571428571429,22.785714285714285,19.0,1,rolling,losing_streak_fitness,2_days,rep_2,50,3
test,3,53560,125287,125287,130699,3,14,3489,6.75,2,10,2,-1000.0,0,0.0,0.0,0.0,inf,0.0,0.0,0.0,0.0,0,rolling,losing_streak_fitness,2_days,rep_2,51,3
train,3,53560,125287,125287,130699,3,14,3489,6.75,2,10,2,1193.5887063808873,14,319.0,414.0,95.0,4.3578947368421055,19.0,0.6428571428571429,22.785714285714285,19.0,1,rolling,losing_streak_fitness,2_days,rep_2,51,3
test,3,53560,125287,125287,130699,3,14,3489,6.75,2,10,2,-1000.0,0,0.0,0.0,0.0,inf,0.0,0.0,0.0,0.0,0,rolling,losing_streak_fitness,2_days,rep_2,52,3
train,3,53560,125287,125287,130699,3,14,3489,6.75,2,10,2,1193.5887063808873,14,319.0,414.0,95.0,4.3578947368421055,19.0,0.6428571428571429,22.785714285714285,19.0,1,rolling,losing_streak_fitness,2_days,rep_2,52,3
test,3,53560,125287,125287,130699,3,14,3489,6.75,2,10,2,-1000.0,0,0.0,0.0,0.0,inf,0.0,0.0,0.0,0.0,0,rolling,losing_streak_fitness,2_days,rep_2,53,3
train,3,53560,125287,125287,130699,3,14,3489,6.75,2,10,2,1193.5887063808873,14,319.0,414.0,95.0,4.3578947368421055,19.0,0.6428571428571429,22.785714285714285,19.0,1,rolling,losing_streak_fitness,2_days,rep_2,53,3
test,3,53560,125287,125287,130699,3,14,3489,6.75,2,10,2,-1000.0,0,0.0,0.0,0.0,inf,0.0,0.0,0.0,0.0,0,rolling,losing_streak_fitness,2_days,rep_2,54,3
train,3,53560,125287,125287,130699,3,14,3489,6.75,2,10,2,1193.5887063808873,14,319.0,414.0,95.0,4.3578947368421055,19.0,0.6428571428571429,22.785714285714285,19.0,1,rolling,losing_streak_fitness,2_days,rep_2,54,3
test,3,53560,125287,125287,130699,3,14,3489,6.75,2,10,2,-1000.0,0,0.0,0.0,0.0,inf,0.0,0.0,0.0,0.0,0,rolling,losing_streak_fitness,2_days,rep_2,55,3
train,3,53560,125287,125287,130699,3,14,3489,6.75,2,10,2,1193.5887063808873,14,319.0,414.0,95.0,4.3578947368421055,19.0,0.6428571428571429,22.785714285714285,19.0,1,rolling,losing_streak_fitness,2_days,rep_2,55,3
test,3,53560,125287,125287,130699,3,14,3489,6.75,2,10,2,-1000.0,0,0.0,0.0,0.0,inf,0.0,0.0,0.0,0.0,0,rolling,losing_streak_fitness,2_days,rep_2,56,3
train,3,53560,125287,125287,130699,3,14,3489,6.75,2,10,2,1193.5887063808873,14,319.0,414.0,95.0,4.3578947368421055,19.0,0.6428571428571429,22.785714285714285,19.0,1,rolling,losing_streak_fitness,2_days,rep_2,56,3
test,3,53560,125287,125287,130699,3,14,3489,6.75,2,10,2,-1000.0,0,0.0,0.0,0.0,inf,0.0,0.0,0.0,0.0,0,rolling,losing_streak_fitness,2_days,rep_2,57,3
train,3,53560,125287,125287,130699,3,14,3489,6.75,2,10,2,1193.5887063808873,14,319.0,414.0,95.0,4.3578947368421055,19.0,0.6428571428571429,22.785714285714285,19.0,1,rolling,losing_streak_fitness,2_days,rep_2,57,3
test,3,53560,125287,125287,130699,3,14,3489,6.75,2,10,2,-1000.0,0,0.0,0.0,0.0,inf,0.0,0.0,0.0,0.0,0,rolling,losing_streak_fitness,2_days,rep_2,58,3
train,3,53560,125287,125287,130699,3,14,3489,6.75,2,10,2,1193.5887063808873,14,319.0,414.0,95.0,4.3578947368421055,19.0,0.6428571428571429,22.785714285714285,19.0,1,rolling,losing_streak_fitness,2_days,rep_2,58,3
test,3,53560,125287,125287,130699,3,14,3489,6.75,2,10,2,-1000.0,0,0.0,0.0,0.0,inf,0.0,0.0,0.0,0.0,0,rolling,losing_streak_fitness,2_days,rep_2,59,3
train,3,53560,125287,125287,130699,3,14,3489,6.75,2,10,2,1193.5887063808873,14,319.0,414.0,95.0,4.3578947368421055,19.0,0.6428571428571429,22.785714285714285,19.0,1,rolling,losing_streak_fitness,2_days,rep_2,59,3
test,3,53560,125287,125287,130699,3,14,3489,6.75,2,10,2,-1000.0,0,0.0,0.0,0.0,inf,0.0,0.0,0.0,0.0,0,rolling,losing_streak_fitness,2_days,rep_2,60,3
train,3,53560,125287,125287,130699,3,14,3489,6.75,2,10,2,1193.5887063808873,14,319.0,414.0,95.0,4.3578947368421055,19.0,0.6428571428571429,22.785714285714285,19.0,1,rolling,losing_streak_fitness,2_days,rep_2,60,3
test,3,53560,125287,125287,130699,3,14,3489,6.75,2,10,2,-1000.0,0,0.0,0.0,0.0,inf,0.0,0.0,0.0,0.0,0,rolling,losing_streak_fitness,2_days,rep_2,61,3
train,3,53560,125287,125287,130699,3,14,3489,6.75,2,10,2,1193.5887063808873,14,319.0,414.0,95.0,4.3578947368421055,19.0,0.6428571428571429,22.785714285714285,19.0,1,rolling,losing_streak_fitness,2_days,rep_2,61,3
test,3,53560,125287,125287,130699,3,14,3489,6.75,2,10,2,-1000.0,0,0.0,0.0,0.0,inf,0.0,0.0,0.0,0.0,0,rolling,losing_streak_fitness,2_days,rep_2,62,3
train,3,53560,125287,125287,130699,3,14,3489,6.75,2,10,2,1193.5887063808873,14,319.0,414.0,95.0,4.3578947368421055,19.0,0.6428571428571429,22.785714285714285,19.0,1,rolling,losing_streak_fitness,2_days,rep_2,62,3
test,3,53560,125287,125287,130699,3,14,3489,6.75,2,10,2,-1000.0,0,0.0,0.0,0.0,inf,0.0,0.0,0.0,0.0,0,rolling,losing_streak_fitness,2_days,rep_2,63,3
train,3,53560,125287,125287,130699,3,14,3489,6.75,2,10,2,1193.5887063808873,14,319.0,414.0,95.0,4.3578947368421055,19.0,0.6428571428571429,22.785714285714285,19.0,1,rolling,losing_streak_fitness,2_days,rep_2,63,3
test,3,53560,125287,125287,130699,3,14,3489,6.75,2,10,2,-1000.0,0,0.0,0.0,0.0,inf,0.0,0.0,0.0,0.0,0,rolling,losing_streak_fitness,2_days,rep_2,64,3
train,3,53560,125287,125287,130699,3,14,3489,6.75,2,10,2,1193.5887063808873,14,319.0,414.0,95.0,4.3578947368421055,19.0,0.6428571428571429,22.785714285714285,19.0,1,rolling,losing_streak_fitness,2_days,rep_2,64,3
test,3,53560,125287,125287,130699,3,14,3489,6.75,2,10,2,-1000.0,0,0.0,0.0,0.0,inf,0.0,0.0,0.0,0.0,0,rolling,losing_streak_fitness,2_days,rep_2,65,3
train,3,53560,125287,125287,130699,3,14,3489,6.75,2,10,2,1193.5887063808873,14,319.0,414.0,95.0,4.3578947368421055,19.0,0.6428571428571429,22.785714285714285,19.0,1,rolling,losing_streak_fitness,2_days,rep_2,65,3
test,3,53560,125287,125287,130699,3,14,3489,6.75,2,10,2,-1000.0,0,0.0,0.0,0.0,inf,0.0,0.0,0.0,0.0,0,rolling,losing_streak_fitness,2_days,rep_2,66,3
train,3,53560,125287,125287,130699,3,14,3489,6.75,2,10,2,1193.5887063808873,14,319.0,414.0,95.0,4.3578947368421055,19.0,0.6428571428571429,22.785714285714285,19.0,1,rolling,losing_streak_fitness,2_days,rep_2,66,3
test,3,53560,125287,125287,130699,3,14,3489,6.75,2,10,2,-1000.0,0,0.0,0.0,0.0,inf,0.0,0.0,0.0,0.0,0,rolling,losing_streak_fitness,2_days,rep_2,67,3
train,3,53560,125287,125287,130699,3,14,3489,6.75,2,10,2,1193.5887063808873,14,319.0,414.0,95.0,4.3578947368421055,19.0,0.6428571428571429,22.785714285714285,19.0,1,rolling,losing_streak_fitness,2_days,rep_2,67,3
test,3,53560,125287,125287,130699,3,14,3489,6.75,2,10,2,-1000.0,0,0.0,0.0,0.0,inf,0.0,0.0,0.0,0.0,0,rolling,losing_streak_fitness,2_days,rep_2,68,3
train,3,53560,125287,125287,130699,3,14,3489,6.75,2,10,2,1193.5887063808873,14,319.0,414.0,95.0,4.3578947368421055,19.0,0.6428571428571429,22.785714285714285,19.0,1,rolling,losing_streak_fitness,2_days,rep_2,68,3
test,3,53560,125287,125287,130699,3,14,3489,6.75,2,10,2,-1000.0,0,0.0,0.0,0.0,inf,0.0,0.0,0.0,0.0,0,rolling,losing_streak_fitness,2_days,rep_2,69,3
train,3,53560,125287,125287,130699,3,14,3489,6.75,2,10,2,1193.5887063808873,14,319.0,414.0,95.0,4.3578947368421055,19.0,0.6428571428571429,22.785714285714285,19.0,1,rolling,losing_streak_fitness,2_days,rep_2,69,3
test,3,53560,125287,125287,130699,3,14,3489,6.75,2,10,2,-1000.0,0,0.0,0.0,0.0,inf,0.0,0.0,0.0,0.0,0,rolling,losing_streak_fitness,2_days,rep_2,70,3
train,3,53560,125287,125287,130699,3,14,3489,6.75,2,10,2,1193.5887063808873,14,319.0,414.0,95.0,4.3578947368421055,19.0,0.6428571428571429,22.785714285714285,19.0,1,rolling,losing_streak_fitness,2_days,rep_2,70,3
test,3,53560,125287,125287,130699,3,14,3489,6.75,2,10,2,-1000.0,0,0.0,0.0,0.0,inf,0.0,0.0,0.0,0.0,0,rolling,losing_streak_fitness,2_days,rep_2,71,3
train,3,53560,125287,125287,130699,3,14,3489,6.75,2,10,2,1193.5887063808873,14,319.0,414.0,95.0,4.3578947368421055,19.0,0.6428571428571429,22.785714285714285,19.0,1,rolling,losing_streak_fitness,2_days,rep_2,71,3
test,3,53560,125287,125287,130699,3,14,3489,6.75,2,10,2,-1000.0,0,0.0,0.0,0.0,inf,0.0,0.0,0.0,0.0,0,rolling,losing_streak_fitness,2_days,rep_2,72,3
train,3,53560,125287,125287,130699,3,14,3489,6.75,2,10,2,1193.5887063808873,14,319.0,414.0,95.0,4.3578947368421055,19.0,0.6428571428571429,22.785714285714285,19.0,1,rolling,losing_streak_fitness,2_days,rep_2,72,3
test,3,53560,125287,125287,130699,3,14,3489,6.75,2,10,2,-1000.0,0,0.0,0.0,0.0,inf,0.0,0.0,0.0,0.0,0,rolling,losing_streak_fitness,2_days,rep_2,73,3
train,3,53560,125287,125287,130699,3,14,3489,6.75,2,10,2,1193.5887063808873,14,319.0,414.0,95.0,4.3578947368421055,19.0,0.6428571428571429,22.785714285714285,19.0,1,rolling,losing_streak_fitness,2_days,rep_2,73,3
test,3,53560,125287,125287,130699,3,14,3489,6.75,2,10,2,-1000.0,0,0.0,0.0,0.0,inf,0.0,0.0,0.0,0.0,0,rolling,losing_streak_fitness,2_days,rep_2,74,3
train,3,53560,125287,125287,130699,3,14,3489,6.75,2,10,2,1193.5887063808873,14,319.0,414.0,95.0,4.3578947368421055,19.0,0.6428571428571429,22.785714285714285,19.0,1,rolling,losing_streak_fitness,2_days,rep_2,74,3
test,3,53560,125287,125287,130699,3,14,3489,6.75,2,10,2,-1000.0,0,0.0,0.0,0.0,inf,0.0,0.0,0.0,0.0,0,rolling,losing_streak_fitness,2_days,rep_2,75,3
train,3,53560,125287,125287,130699,3,14,3489,6.75,2,10,2,1193.5887063808873,14,319.0,414.0,95.0,4.3578947368421055,19.0,0.6428571428571429,22.785714285714285,19.0,1,rolling,losing_streak_fitness,2_days,rep_2,75,3
test,3,53560,125287,125287,130699,3,14,3489,6.75,2,10,2,-1000.0,0,0.0,0.0,0.0,inf,0.0,0.0,0.0,0.0,0,rolling,losing_streak_fitness,2_days,rep_2,76,3
train,3,53560,125287,125287,130699,3,14,3489,6.75,2,10,2,1193.5887063808873,14,319.0,414.0,95.0,4.3578947368421055,19.0,0.6428571428571429,22.785714285714285,19.0,1,rolling,losing_streak_fitness,2_days,rep_2,76,3
test,3,53560,125287,125287,130699,3,14,3489,6.75,2,10,2,-1000.0,0,0.0,0.0,0.0,inf,0.0,0.0,0.0,0.0,0,rolling,losing_streak_fitness,2_days,rep_2,77,3
train,3,53560,125287,125287,130699,3,14,3489,6.75,2,10,2,1193.5887063808873,14,319.0,414.0,95.0,4.3578947368421055,19.0,0.6428571428571429,22.785714285714285,19.0,1,rolling,losing_streak_fitness,2_days,rep_2,77,3
test,3,53560,125287,125287,130699,3,14,3489,6.75,2,10,2,-1000.0,0,0.0,0.0,0.0,inf,0.0,0.0,0.0,0.0,0,rolling,losing_streak_fitness,2_days,rep_2,78,3
train,3,53560,125287,125287,130699,3,14,3489,6.75,2,10,2,1193.5887063808873,14,319.0,414.0,95.0,4.3578947368421055,19.0,0.6428571428571429,22.785714285714285,19.0,1,rolling,losing_streak_fitness,2_days,rep_2,78,3
test,3,53560,125287,125287,130699,3,14,3489,6.75,2,10,2,-1000.0,0,0.0,0.0,0.0,inf,0.0,0.0,0.0,0.0,0,rolling,losing_streak_fitness,2_days,rep_2,79,3
train,3,53560,125287,125287,130699,3,14,3489,6.75,2,10,2,1193.5887063808873,14,319.0,414.0,95.0,4.3578947368421055,19.0,0.6428571428571429,22.785714285714285,19.0,1,rolling,losing_streak_fitness,2_days,rep_2,79,3
test,3,53560,125287,125287,130699,3,14,3489,6.75,2,10,2,-1000.0,0,0.0,0.0,0.0,inf,0.0,0.0,0.0,0.0,0,rolling,losing_streak_fitness,2_days,rep_2,80,3
train,3,53560,125287,125287,130699,3,14,3489,6.75,2,10,2,1193.5887063808873,14,319.0,414.0,95.0,4.3578947368421055,19.0,0.6428571428571429,22.785714285714285,19.0,1,rolling,losing_streak_fitness,2_days,rep_2,80,3
test,3,53560,125287,125287,130699,3,14,3489,6.75,2,10,2,-1000.0,0,0.0,0.0,0.0,inf,0.0,0.0,0.0,0.0,0,rolling,losing_streak_fitness,2_days,rep_2,81,3
train,3,53560,125287,125287,130699,3,14,3489,6.75,2,10,2,1193.5887063808873,14,319.0,414.0,95.0,4.3578947368421055,19.0,0.6428571428571429,22.785714285714285,19.0,1,rolling,losing_streak_fitness,2_days,rep_2,81,3
test,3,53560,125287,125287,130699,3,14,3489,6.75,2,10,2,-1000.0,0,0.0,0.0,0.0,inf,0.0,0.0,0.0,0.0,0,rolling,losing_streak_fitness,2_days,rep_2,82,3
train,3,53560,125287,125287,130699,3,14,3489,6.75,2,10,2,1193.5887063808873,14,319.0,414.0,95.0,4.3578947368421055,19.0,0.6428571428571429,22.785714285714285,19.0,1,rolling,losing_streak_fitness,2_days,rep_2,82,3
test,3,53560,125287,125287,130699,3,14,3489,6.75,2,10,2,-1000.0,0,0.0,0.0,0.0,inf,0.0,0.0,0.0,0.0,0,rolling,losing_streak_fitness,2_days,rep_2,83,3
train,3,53560,125287,125287,130699,3,14,3489,6.75,2,10,2,1193.5887063808873,14,319.0,414.0,95.0,4.3578947368421055,19.0,0.6428571428571429,22.785714285714285,19.0,1,rolling,losing_streak_fitness,2_days,rep_2,83,3
test,3,53560,125287,125287,130699,3,14,3489,6.75,2,10,2,-1000.0,0,0.0,0.0,0.0,inf,0.0,0.0,0.0,0.0,0,rolling,losing_streak_fitness,2_days,rep_2,84,3
train,3,53560,125287,125287,130699,3,14,3489,6.75,2,10,2,1193.5887063808873,14,319.0,414.0,95.0,4.3578947368421055,19.0,0.6428571428571429,22.785714285714285,19.0,1,rolling,losing_streak_fitness,2_days,rep_2,84,3
test,3,53560,125287,125287,130699,3,14,3489,6.75,2,10,2,-1000.0,0,0.0,0.0,0.0,inf,0.0,0.0,0.0,0.0,0,rolling,losing_streak_fitness,2_days,rep_2,85,3
train,3,53560,125287,125287,130699,3,14,3489,6.75,2,10,2,1193.5887063808873,14,319.0,414.0,95.0,4.3578947368421055,19.0,0.6428571428571429,22.785714285714285,19.0,1,rolling,losing_streak_fitness,2_days,rep_2,85,3
test,3,53560,125287,125287,130699,3,14,3489,6.75,2,10,2,-1000.0,0,0.0,0.0,0.0,inf,0.0,0.0,0.0,0.0,0,rolling,losing_streak_fitness,2_days,rep_2,86,3
train,3,53560,125287,125287,130699,3,14,3489,6.75,2,10,2,1193.5887063808873,14,319.0,414.0,95.0,4.3578947368421055,19.0,0.6428571428571429,22.785714285714285,19.0,1,rolling,losing_streak_fitness,2_days,rep_2,86,3
test,3,53560,125287,125287,130699,3,14,3489,6.75,2,10,2,-1000.0,0,0.0,0.0,0.0,inf,0.0,0.0,0.0,0.0,0,rolling,losing_streak_fitness,2_days,rep_2,87,3
train,3,53560,125287,125287,130699,3,14,3489,6.75,2,10,2,1193.5887063808873,14,319.0,414.0,95.0,4.3578947368421055,19.0,0.6428571428571429,22.785714285714285,19.0,1,rolling,losing_streak_fitness,2_days,rep_2,87,3
test,3,53560,125287,125287,130699,3,14,3489,6.75,2,10,2,-1000.0,0,0.0,0.0,0.0,inf,0.0,0.0,0.0,0.0,0,rolling,losing_streak_fitness,2_days,rep_2,88,3
train,3,53560,125287,125287,130699,3,14,3489,6.75,2,10,2,1193.5887063808873,14,319.0,414.0,95.0,4.3578947368421055,19.0,0.6428571428571429,22.785714285714285,19.0,1,rolling,losing_streak_fitness,2_days,rep_2,88,3
test,3,53560,125287,125287,130699,3,14,3489,6.75,2,10,2,-1000.0,0,0.0,0.0,0.0,inf,0.0,0.0,0.0,0.0,0,rolling,losing_streak_fitness,2_days,rep_2,89,3
train,3,53560,125287,125287,130699,3,14,3489,6.75,2,10,2,1193.5887063808873,14,319.0,414.0,95.0,4.3578947368421055,19.0,0.6428571428571429,22.785714285714285,19.0,1,rolling,losing_streak_fitness,2_days,rep_2,89,3
test,3,53560,125287,125287,130699,3,14,3489,6.75,2,10,2,-1000.0,0,0.0,0.0,0.0,inf,0.0,0.0,0.0,0.0,0,rolling,losing_streak_fitness,2_days,rep_2,90,3
train,3,53560,125287,125287,130699,3,14,3489,6.75,2,10,2,1193.5887063808873,14,319.0,414.0,95.0,4.3578947368421055,19.0,0.6428571428571429,22.785714285714285,19.0,1,rolling,losing_streak_fitness,2_days,rep_2,90,3
test,3,53560,125287,125287,130699,3,14,3489,6.75,2,10,2,-1000.0,0,0.0,0.0,0.0,inf,0.0,0.0,0.0,0.0,0,rolling,losing_streak_fitness,2_days,rep_2,91,3
train,3,53560,125287,125287,130699,3,14,3489,6.75,2,10,2,1193.5887063808873,14,319.0,414.0,95.0,4.3578947368421055,19.0,0.6428571428571429,22.785714285714285,19.0,1,rolling,losing_streak_fitness,2_days,rep_2,91,3
test,3,53560,125287,125287,130699,3,14,3489,6.75,2,10,2,-1000.0,0,0.0,0.0,0.0,inf,0.0,0.0,0.0,0.0,0,rolling,losing_streak_fitness,2_days,rep_2,92,3
train,3,53560,125287,125287,130699,3,14,3489,6.75,2,10,2,1193.5887063808873,14,319.0,414.0,95.0,4.3578947368421055,19.0,0.6428571428571429,22.785714285714285,19.0,1,rolling,losing_streak_fitness,2_days,rep_2,92,3
test,3,53560,125287,125287,130699,3,14,3489,6.75,2,10,2,-1000.0,0,0.0,0.0,0.0,inf,0.0,0.0,0.0,0.0,0,rolling,losing_streak_fitness,2_days,rep_2,93,3
train,3,53560,125287,125287,130699,3,14,3489,6.75,2,10,2,1193.5887063808873,14,319.0,414.0,95.0,4.3578947368421055,19.0,0.6428571428571429,22.785714285714285,19.0,1,rolling,losing_streak_fitness,2_days,rep_2,93,3
test,3,53560,125287,125287,130699,3,14,3489,6.75,2,10,2,-1000.0,0,0.0,0.0,0.0,inf,0.0,0.0,0.0,0.0,0,rolling,losing_streak_fitness,2_days,rep_2,94,3
train,3,53560,125287,125287,130699,3,14,3489,6.75,2,10,2,1193.5887063808873,14,319.0,414.0,95.0,4.3578947368421055,19.0,0.6428571428571429,22.785714285714285,19.0,1,rolling,losing_streak_fitness,2_days,rep_2,94,3
test,3,53560,125287,125287,130699,3,14,3489,6.75,2,10,2,-1000.0,0,0.0,0.0,0.0,inf,0.0,0.0,0.0,0.0,0,rolling,losing_streak_fitness,2_days,rep_2,95,3
train,3,53560,125287,125287,130699,3,14,3489,6.75,2,10,2,1193.5887063808873,14,319.0,414.0,95.0,4.3578947368421055,19.0,0.6428571428571429,22.785714285714285,19.0,1,rolling,losing_streak_fitness,2_days,rep_2,95,3
test,3,53560,125287,125287,130699,3,14,3489,6.75,2,10,2,-1000.0,0,0.0,0.0,0.0,inf,0.0,0.0,0.0,0.0,0,rolling,losing_streak_fitness,2_days,rep_2,96,3
train,3,53560,125287,125287,130699,3,14,3489,6.75,2,10,2,1193.5887063808873,14,319.0,414.0,95.0,4.3578947368421055,19.0,0.6428571428571429,22.785714285714285,19.0,1,rolling,losing_streak_fitness,2_days,rep_2,96,3
test,3,53560,125287,125287,130699,3,14,3489,6.75,2,10,2,-1000.0,0,0.0,0.0,0.0,inf,0.0,0.0,0.0,0.0,0,rolling,losing_streak_fitness,2_days,rep_2,97,3
train,3,53560,125287,125287,130699,3,14,3489,6.75,2,10,2,1193.5887063808873,14,319.0,414.0,95.0,4.3578947368421055,19.0,0.6428571428571429,22.785714285714285,19.0,1,rolling,losing_streak_fitness,2_days,rep_2,97,3
test,3,53560,125287,125287,130699,3,14,3489,6.75,2,10,2,-1000.0,0,0.0,0.0,0.0,inf,0.0,0.0,0.0,0.0,0,rolling,losing_streak_fitness,2_days,rep_2,98,3
train,3,53560,125287,125287,130699,3,14,3489,6.75,2,10,2,1193.5887063808873,14,319.0,414.0,95.0,4.3578947368421055,19.0,0.6428571428571429,22.785714285714285,19.0,1,rolling,losing_streak_fitness,2_days,rep_2,98,3
test,3,53560,125287,125287,130699,3,14,3489,6.75,2,10,2,-1000.0,0,0.0,0.0,0.0,inf,0.0,0.0,0.0,0.0,0,rolling,losing_streak_fitness,2_days,rep_2,99,3
train,3,53560,125287,125287,130699,3,14,3489,6.75,2,10,2,1193.5887063808873,14,319.0,414.0,95.0,4.3578947368421055,19.0,0.6428571428571429,22.785714285714285,19.0,1,rolling,losing_streak_fitness,2_days,rep_2,99,3
test,3,53560,125287,125287,130699,3,14,3489,6.75,2,10,2,-1000.0,0,0.0,0.0,0.0,inf,0.0,0.0,0.0,0.0,0,rolling,losing_streak_fitness,2_days,rep_2,100,3
train,3,53560,125287,125287,130699,3,14,3489,6.75,2,10,2,1193.5887063808873,14,319.0,414.0,95.0,4.3578947368421055,19.0,0.6428571428571429,22.785714285714285,19.0,1,rolling,losing_streak_fitness,2_days,rep_2,100,3
test,1,0,53560,53560,86986,0,10,938,5.75,9,25,6,-1000.0,2,82.0,121.0,39.0,3.102564102564102,39.0,0.5,41.0,39.0,1,rolling,losing_streak_fitness,2_days,rep_3,0,0
train,1,0,53560,53560,86986,0,10,938,5.75,9,25,6,-26.08745973749755,5,-35.0,121.0,156.0,0.7756410256410257,117.0,0.2,-7.0,39.0,3,rolling,losing_streak_fitness,2_days,rep_3,0,0
test,1,0,53560,53560,86986,0,10,938,5.75,9,25,6,-1000.0,2,82.0,121.0,39.0,3.102564102564102,39.0,0.5,41.0,39.0,1,rolling,losing_streak_fitness,2_days,rep_3,1,0
train,1,0,53560,53560,86986,0,10,938,5.75,9,25,6,-26.08745973749755,5,-35.0,121.0,156.0,0.7756410256410257,117.0,0.2,-7.0,39.0,3,rolling,losing_streak_fitness,2_days,rep_3,1,0
test,1,0,53560,53560,86986,2,9,1993,10.0,5,15,2,49.74012464801431,7,47.0,142.0,95.0,1.4947368421052631,95.0,0.2857142857142857,6.714285714285714,19.0,5,rolling,losing_streak_fitness,2_days,rep_3,2,2
train,1,0,53560,53560,86986,2,9,1993,10.0,5,15,2,31.087577905008946,7,47.0,142.0,95.0,1.4947368421052631,76.0,0.2857142857142857,6.714285714285714,19.0,4,rolling,losing_streak_fitness,2_days,rep_3,2,2
test,1,0,53560,53560,86986,3,12,1465,9.5,3,28,2,-1000.0,2,117.0,136.0,19.0,7.157894736842105,19.0,0.5,58.5,19.0,1,rolling,losing_streak_fitness,2_days,rep_3,3,3
train,1,0,53560,53560,86986,3,12,1465,9.5,3,28,2,44.7213595499958,5,60.0,136.0,76.0,1.7894736842105263,57.0,0.2,12.0,19.0,3,rolling,losing_streak_fitness,2_days,rep_3,3,3
test,1,0,53560,53560,86986,4,8,1993,9.5,5,11,2,-26.68107943843352,13,-37.0,153.0,190.0,0.8052631578947368,190.0,0.2307692307692307,-2.8461538461538463,19.0,10,rolling,losing_streak_fitness,2_days,rep_3,4,4
train,1,0,53560,53560,86986,4,8,1993,9.5,5,11,2,116.91102386002784,11,141.0,255.0,114.0,2.236842105263158,76.0,0.4545454545454545,12.818181818181818,19.0,4,rolling,losing_streak_fitness,2_days,rep_3,4,4
test,1,0,53560,53560,86986,4,8,1993,9.5,5,11,2,-26.68107943843352,13,-37.0,153.0,190.0,0.8052631578947368,190.0,0.2307692307692307,-2.8461538461538463,19.0,10,rolling,losing_streak_fitness,2_days,rep_3,5,4
train,1,0,53560,53560,86986,4,8,1993,9.5,5,11,2,116.91102386002784,11,141.0,255.0,114.0,2.236842105263158,76.0,0.4545454545454545,12.818181818181818,19.0,4,rolling,losing_streak_fitness,2_days,rep_3,5,4
test,1,0,53560,53560,86986,6,7,1642,9.5,4,10,2,-79.62225269985771,21,-139.0,184.0,323.0,0.5696594427244582,304.0,0.1904761904761904,-6.619047619047619,19.0,16,rolling,losing_streak_fitness,2_days,rep_3,6,6
train,1,0,53560,53560,86986,6,7,1642,9.5,4,10,2,138.6129864045934,19,159.0,368.0,209.0,1.7607655502392343,95.0,0.4210526315789473,8.368421052631579,19.0,5,rolling,losing_streak_fitness,2_days,rep_3,6,6
test,1,0,53560,53560,86986,7,7,1993,9.25,5,5,2,224.0,16,56.0,189.0,133.0,1.4210526315789471,55.0,0.5625,3.5,19.0,2,rolling,losing_streak_fitness,2_days,rep_3,7,7
train,1,0,53560,53560,86986,7,7,1993,9.25,5,5,2,228.63070659909175,12,132.0,189.0,57.0,3.3157894736842106,38.0,0.75,11.0,19.0,2,rolling,losing_streak_fitness,2_days,rep_3,7,7
test,1,0,53560,53560,86986,8,8,563,8.75,4,11,2,-66.55870509925651,17,-113.0,153.0,266.0,0.575187969924812,266.0,0.1764705882352941,-6.647058823529412,19.0,14,rolling,losing_streak_fitness,2_days,rep_3,8,8
train,1,0,53560,53560,86986,8,8,563,8.75,4,11,2,311.88018532763505,13,173.0,306.0,133.0,2.300751879699248,38.0,0.4615384615384615,13.307692307692308,19.0,2,rolling,losing_streak_fitness,2_days,rep_3,8,8
test,1,0,53560,53560,86986,8,8,563,8.75,4,11,2,-66.55870509925651,17,-113.0,153.0,266.0,0.575187969924812,266.0,0.1764705882352941,-6.647058823529412,19.0,14,rolling,losing_streak_fitness,2_days,rep_3,9,8
train,1,0,53560,53560,86986,8,8,563,8.75,4,11,2,311.88018532763505,13,173.0,306.0,133.0,2.300751879699248,38.0,0.4615384615384615,13.307692307692308,19.0,2,rolling,losing_streak_fitness,2_days,rep_3,9,8
test,1,0,53560,53560,86986,10,8,563,8.75,4,10,2,-75.3939314398658,17,-128.0,138.0,266.0,0.518796992481203,266.0,0.1764705882352941,-7.529411764705882,19.0,14,rolling,losing_streak_fitness,2_days,rep_3,10,10
train,1,0,53560,53560,86986,10,8,563,8.75,4,10,2,374.9773326482549,13,208.0,322.0,114.0,2.824561403508772,38.0,0.5384615384615384,16.0,19.0,2,rolling,losing_streak_fitness,2_days,rep_3,10,10
test,1,0,53560,53560,86986,10,8,563,8.75,4,10,2,-75.3939314398658,17,-128.0,138.0,266.0,0.518796992481203,266.0,0.1764705882352941,-7.529411764705882,19.0,14,rolling,losing_streak_fitness,2_days,rep_3,11,10
train,1,0,53560,53560,86986,10,8,563,8.75,4,10,2,374.9773326482549,13,208.0,322.0,114.0,2.824561403508772,38.0,0.5384615384615384,16.0,19.0,2,rolling,losing_streak_fitness,2_days,rep_3,11,10
test,1,0,53560,53560,86986,12,8,563,8.75,4,10,4,-157.85604395221898,17,-268.0,138.0,406.0,0.3399014778325123,406.0,0.1764705882352941,-15.764705882352942,29.0,14,rolling,losing_streak_fitness,2_days,rep_3,12,12
train,1,0,53560,53560,86986,12,8,563,8.75,4,10,4,804.0379344284696,13,223.0,368.0,145.0,2.537931034482759,29.0,0.6153846153846154,17.153846153846153,29.0,1,rolling,losing_streak_fitness,2_days,rep_3,12,12
test,1,0,53560,53560,86986,12,8,563,8.75,4,10,4,-157.85604395221898,17,-268.0,138.0,406.0,0.3399014778325123,406.0,0.1764705882352941,-15.764705882352942,29.0,14,rolling,losing_streak_fitness,2_days,rep_3,13,12
train,1,0,53560,53560,86986,12,8,563,8.75,4,10,4,804.0379344284696,13,223.0,368.0,145.0,2.537931034482759,29.0,0.6153846153846154,17.153846153846153,29.0,1,rolling,losing_streak_fitness,2_days,rep_3,13,12
test,1,0,53560,53560,86986,12,8,563,8.75,4,10,4,-157.85604395221898,17,-268.0,138.0,406.0,0.3399014778325123,406.0,0.1764705882352941,-15.764705882352942,29.0,14,rolling,losing_streak_fitness,2_days,rep_3,14,12
train,1,0,53560,53560,86986,12,8,563,8.75,4,10,4,804.0379344284696,13,223.0,368.0,145.0,2.537931034482759,29.0,0.6153846153846154,17.153846153846153,29.0,1,rolling,losing_streak_fitness,2_days,rep_3,14,12
test,1,0,53560,53560,86986,15,8,563,8.75,4,10,3,-116.6249876960424,17,-198.0,138.0,336.0,0.4107142857142857,336.0,0.1764705882352941,-11.647058823529411,24.0,14,rolling,losing_streak_fitness,2_days,rep_3,15,15
train,1,0,53560,53560,86986,15,8,563,8.75,4,10,3,894.1767163150693,13,248.0,368.0,120.0,3.066666666666667,24.0,0.6153846153846154,19.07692307692308,24.0,1,rolling,losing_streak_fitness,2_days,rep_3,15,15
test,1,0,53560,53560,86986,15,8,563,8.75,4,10,3,-116.6249876960424,17,-198.0,138.0,336.0,0.4107142857142857,336.0,0.1764705882352941,-11.647058823529411,24.0,14,rolling,losing_streak_fitness,2_days,rep_3,16,15
train,1,0,53560,53560,86986,15,8,563,8.75,4,10,3,894.1767163150693,13,248.0,368.0,120.0,3.066666666666667,24.0,0.6153846153846154,19.07692307692308,24.0,1,rolling,losing_streak_fitness,2_days,rep_3,16,15
test,1,0,53560,53560,86986,15,8,563,8.75,4,10,3,-116.6249876960424,17,-198.0,138.0,336.0,0.4107142857142857,336.0,0.1764705882352941,-11.647058823529411,24.0,14,rolling,losing_streak_fitness,2_days,rep_3,17,15
train,1,0,53560,53560,86986,15,8,563,8.75,4,10,3,894.1767163150693,13,248.0,368.0,120.0,3.066666666666667,24.0,0.6153846153846154,19.07692307692308,24.0,1,rolling,losing_streak_fitness,2_days,rep_3,17,15
test,1,0,53560,53560,86986,15,8,563,8.75,4,10,3,-116.6249876960424,17,-198.0,138.0,336.0,0.4107142857142857,336.0,0.1764705882352941,-11.647058823529411,24.0,14,rolling,losing_streak_fitness,2_days,rep_3,18,15
train,1,0,53560,53560,86986,15,8,563,8.75,4,10,3,894.1767163150693,13,248.0,368.0,120.0,3.066666666666667,24.0,0.6153846153846154,19.07692307692308,24.0,1,rolling,losing_streak_fitness,2_days,rep_3,18,15
test,1,0,53560,53560,86986,15,8,563,8.75,4,10,3,-116.6249876960424,17,-198.0,138.0,336.0,0.4107142857142857,336.0,0.1764705882352941,-11.647058823529411,24.0,14,rolling,losing_streak_fitness,2_days,rep_3,19,15
train,1,0,53560,53560,86986,15,8,563,8.75,4,10,3,894.1767163150693,13,248.0,368.0,120.0,3.066666666666667,24.0,0.6153846153846154,19.07692307692308,24.0,1,rolling,losing_streak_fitness,2_days,rep_3,19,15
test,1,0,53560,53560,86986,15,8,563,8.75,4,10,3,-116.6249876960424,17,-198.0,138.0,336.0,0.4107142857142857,336.0,0.1764705882352941,-11.647058823529411,24.0,14,rolling,losing_streak_fitness,2_days,rep_3,20,15
train,1,0,53560,53560,86986,15,8,563,8.75,4,10,3,894.1767163150693,13,248.0,368.0,120.0,3.066666666666667,24.0,0.6153846153846154,19.07692307692308,24.0,1,rolling,losing_streak_fitness,2_days,rep_3,20,15
test,1,0,53560,53560,86986,15,8,563,8.75,4,10,3,-116.6249876960424,17,-198.0,138.0,336.0,0.4107142857142857,336.0,0.1764705882352941,-11.647058823529411,24.0,14,rolling,losing_streak_fitness,2_days,rep_3,21,15
train,1,0,53560,53560,86986,15,8,563,8.75,4,10,3,894.1767163150693,13,248.0,368.0,120.0,3.066666666666667,24.0,0.6153846153846154,19.07692307692308,24.0,1,rolling,losing_streak_fitness,2_days,rep_3,21,15
test,1,0,53560,53560,86986,15,8,563,8.75,4,10,3,-116.6249876960424,17,-198.0,138.0,336.0,0.4107142857142857,336.0,0.1764705882352941,-11.647058823529411,24.0,14,rolling,losing_streak_fitness,2_days,rep_3,22,15
train,1,0,53560,53560,86986,15,8,563,8.75,4,10,3,894.1767163150693,13,248.0,368.0,120.0,3.066666666666667,24.0,0.6153846153846154,19.07692307692308,24.0,1,rolling,losing_streak_fitness,2_days,rep_3,22,15
test,1,0,53560,53560,86986,15,8,563,8.75,4,10,3,-116.6249876960424,17,-198.0,138.0,336.0,0.4107142857142857,336.0,0.1764705882352941,-11.647058823529411,24.0,14,rolling,losing_streak_fitness,2_days,rep_3,23,15
train,1,0,53560,53560,86986,15,8,563,8.75,4,10,3,894.1767163150693,13,248.0,368.0,120.0,3.066666666666667,24.0,0.6153846153846154,19.07692307692308,24.0,1,rolling,losing_streak_fitness,2_days,rep_3,23,15
test,1,0,53560,53560,86986,15,8,563,8.75,4,10,3,-116.6249876960424,17,-198.0,138.0,336.0,0.4107142857142857,336.0,0.1764705882352941,-11.647058823529411,24.0,14,rolling,losing_streak_fitness,2_days,rep_3,24,15
train,1,0,53560,53560,86986,15,8,563,8.75,4,10,3,894.1767163150693,13,248.0,368.0,120.0,3.066666666666667,24.0,0.6153846153846154,19.07692307692308,24.0,1,rolling,losing_streak_fitness,2_days,rep_3,24,15
test,1,0,53560,53560,86986,15,8,563,8.75,4,10,3,-116.6249876960424,17,-198.0,138.0,336.0,0.4107142857142857,336.0,0.1764705882352941,-11.647058823529411,24.0,14,rolling,losing_streak_fitness,2_days,rep_3,25,15
train,1,0,53560,53560,86986,15,8,563,8.75,4,10,3,894.1767163150693,13,248.0,368.0,120.0,3.066666666666667,24.0,0.6153846153846154,19.07692307692308,24.0,1,rolling,losing_streak_fitness,2_days,rep_3,25,15
test,1,0,53560,53560,86986,15,8,563,8.75,4,10,3,-116.6249876960424,17,-198.0,138.0,336.0,0.4107142857142857,336.0,0.1764705882352941,-11.647058823529411,24.0,14,rolling,losing_streak_fitness,2_days,rep_3,26,15
train,1,0,53560,53560,86986,15,8,563,8.75,4,10,3,894.1767163150693,13,248.0,368.0,120.0,3.066666666666667,24.0,0.6153846153846154,19.07692307692308,24.0,1,rolling,losing_streak_fitness,2_days,rep_3,26,15
test,1,0,53560,53560,86986,15,8,563,8.75,4,10,3,-116.6249876960424,17,-198.0,138.0,336.0,0.4107142857142857,336.0,0.1764705882352941,-11.647058823529411,24.0,14,rolling,losing_streak_fitness,2_days,rep_3,27,15
train,1,0,53560,53560,86986,15,8,563,8.75,4,10,3,894.1767163150693,13,248.0,368.0,120.0,3.066666666666667,24.0,0.6153846153846154,19.07692307692308,24.0,1,rolling,losing_streak_fitness,2_days,rep_3,27,15
test,1,0,53560,53560,86986,15,8,563,8.75,4,10,3,-116.6249876960424,17,-198.0,138.0,336.0,0.4107142857142857,336.0,0.1764705882352941,-11.647058823529411,24.0,14,rolling,losing_streak_fitness,2_days,rep_3,28,15
train,1,0,53560,53560,86986,15,8,563,8.75,4,10,3,894.1767163150693,13,248.0,368.0,120.0,3.066666666666667,24.0,0.6153846153846154,19.07692307692308,24.0,1,rolling,losing_streak_fitness,2_days,rep_3,28,15
test,1,0,53560,53560,86986,15,8,563,8.75,4,10,3,-116.6249876960424,17,-198.0,138.0,336.0,0.4107142857142857,336.0,0.1764705882352941,-11.647058823529411,24.0,14,rolling,losing_streak_fitness,2_days,rep_3,29,15
train,1,0,53560,53560,86986,15,8,563,8.75,4,10,3,894.1767163150693,13,248.0,368.0,120.0,3.066666666666667,24.0,0.6153846153846154,19.07692307692308,24.0,1,rolling,losing_streak_fitness,2_days,rep_3,29,15
test,1,0,53560,53560,86986,15,8,563,8.75,4,10,3,-116.6249876960424,17,-198.0,138.0,336.0,0.4107142857142857,336.0,0.1764705882352941,-11.647058823529411,24.0,14,rolling,losing_streak_fitness,2_days,rep_3,30,15
train,1,0,53560,53560,86986,15,8,563,8.75,4,10,3,894.1767163150693,13,248.0,368.0,120.0,3.066666666666667,24.0,0.6153846153846154,19.07692307692308,24.0,1,rolling,losing_streak_fitness,2_days,rep_3,30,15
test,1,0,53560,53560,86986,15,8,563,8.75,4,10,3,-116.6249876960424,17,-198.0,138.0,336.0,0.4107142857142857,336.0,0.1764705882352941,-11.647058823529411,24.0,14,rolling,losing_streak_fitness,2_days,rep_3,31,15
train,1,0,53560,53560,86986,15,8,563,8.75,4,10,3,894.1767163150693,13,248.0,368.0,120.0,3.066666666666667,24.0,0.6153846153846154,19.07692307692308,24.0,1,rolling,losing_streak_fitness,2_days,rep_3,31,15
test,1,0,53560,53560,86986,15,8,563,8.75,4,10,3,-116.6249876960424,17,-198.0,138.0,336.0,0.4107142857142857,336.0,0.1764705882352941,-11.647058823529411,24.0,14,rolling,losing_streak_fitness,2_days,rep_3,32,15
train,1,0,53560,53560,86986,15,8,563,8.75,4,10,3,894.1767163150693,13,248.0,368.0,120.0,3.066666666666667,24.0,0.6153846153846154,19.07692307692308,24.0,1,rolling,losing_streak_fitness,2_days,rep_3,32,15
test,1,0,53560,53560,86986,15,8,563,8.75,4,10,3,-116.6249876960424,17,-198.0,138.0,336.0,0.4107142857142857,336.0,0.1764705882352941,-11.647058823529411,24.0,14,rolling,losing_streak_fitness,2_days,rep_3,33,15
train,1,0,53560,53560,86986,15,8,563,8.75,4,10,3,894.1767163150693,13,248.0,368.0,120.0,3.066666666666667,24.0,0.6153846153846154,19.07692307692308,24.0,1,rolling,losing_streak_fitness,2_days,rep_3,33,15
test,1,0,53560,53560,86986,15,8,563,8.75,4,10,3,-116.6249876960424,17,-198.0,138.0,336.0,0.4107142857142857,336.0,0.1764705882352941,-11.647058823529411,24.0,14,rolling,losing_streak_fitness,2_days,rep_3,34,15
train,1,0,53560,53560,86986,15,8,563,8.75,4,10,3,894.1767163150693,13,248.0,368.0,120.0,3.066666666666667,24.0,0.6153846153846154,19.07692307692308,24.0,1,rolling,losing_streak_fitness,2_days,rep_3,34,15
test,1,0,53560,53560,86986,15,8,563,8.75,4,10,3,-116.6249876960424,17,-198.0,138.0,336.0,0.4107142857142857,336.0,0.1764705882352941,-11.647058823529411,24.0,14,rolling,losing_streak_fitness,2_days,rep_3,35,15
train,1,0,53560,53560,86986,15,8,563,8.75,4,10,3,894.1767163150693,13,248.0,368.0,120.0,3.066666666666667,24.0,0.6153846153846154,19.07692307692308,24.0,1,rolling,losing_streak_fitness,2_days,rep_3,35,15
test,1,0,53560,53560,86986,15,8,563,8.75,4,10,3,-116.6249876960424,17,-198.0,138.0,336.0,0.4107142857142857,336.0,0.1764705882352941,-11.647058823529411,24.0,14,rolling,losing_streak_fitness,2_days,rep_3,36,15
train,1,0,53560,53560,86986,15,8,563,8.75,4,10,3,894.1767163150693,13,248.0,368.0,120.0,3.066666666666667,24.0,0.6153846153846154,19.07692307692308,24.0,1,rolling,losing_streak_fitness,2_days,rep_3,36,15
test,1,0,53560,53560,86986,15,8,563,8.75,4,10,3,-116.6249876960424,17,-198.0,138.0,336.0,0.4107142857142857,336.0,0.1764705882352941,-11.647058823529411,24.0,14,rolling,losing_streak_fitness,2_days,rep_3,37,15
train,1,0,53560,53560,86986,15,8,563,8.75,4,10,3,894.1767163150693,13,248.0,368.0,120.0,3.066666666666667,24.0,0.6153846153846154,19.07692307692308,24.0,1,rolling,losing_streak_fitness,2_days,rep_3,37,15
test,1,0,53560,53560,86986,15,8,563,8.75,4,10,3,-116.6249876960424,17,-198.0,138.0,336.0,0.4107142857142857,336.0,0.1764705882352941,-11.647058823529411,24.0,14,rolling,losing_streak_fitness,2_days,rep_3,38,15
train,1,0,53560,53560,86986,15,8,563,8.75,4,10,3,894.1767163150693,13,248.0,368.0,120.0,3.066666666666667,24.0,0.6153846153846154,19.07692307692308,24.0,1,rolling,losing_streak_fitness,2_days,rep_3,38,15
test,1,0,53560,53560,86986,15,8,563,8.75,4,10,3,-116.6249876960424,17,-198.0,138.0,336.0,0.4107142857142857,336.0,0.1764705882352941,-11.647058823529411,24.0,14,rolling,losing_streak_fitness,2_days,rep_3,39,15
train,1,0,53560,53560,86986,15,8,563,8.75,4,10,3,894.1767163150693,13,248.0,368.0,120.0,3.066666666666667,24.0,0.6153846153846154,19.07692307692308,24.0,1,rolling,losing_streak_fitness,2_days,rep_3,39,15
test,1,0,53560,53560,86986,15,8,563,8.75,4,10,3,-116.6249876960424,17,-198.0,138.0,336.0,0.4107142857142857,336.0,0.1764705882352941,-11.647058823529411,24.0,14,rolling,losing_streak_fitness,2_days,rep_3,40,15
train,1,0,53560,53560,86986,15,8,563,8.75,4,10,3,894.1767163150693,13,248.0,368.0,120.0,3.066666666666667,24.0,0.6153846153846154,19.07692307692308,24.0,1,rolling,losing_streak_fitness,2_days,rep_3,40,15
test,1,0,53560,53560,86986,15,8,563,8.75,4,10,3,-116.6249876960424,17,-198.0,138.0,336.0,0.4107142857142857,336.0,0.1764705882352941,-11.647058823529411,24.0,14,rolling,losing_streak_fitness,2_days,rep_3,41,15
train,1,0,53560,53560,86986,15,8,563,8.75,4,10,3,894.1767163150693,13,248.0,368.0,120.0,3.066666666666667,24.0,0.6153846153846154,19.07692307692308,24.0,1,rolling,losing_streak_fitness,2_days,rep_3,41,15
test,1,0,53560,53560,86986,15,8,563,8.75,4,10,3,-116.6249876960424,17,-198.0,138.0,336.0,0.4107142857142857,336.0,0.1764705882352941,-11.647058823529411,24.0,14,rolling,losing_streak_fitness,2_days,rep_3,42,15
train,1,0,53560,53560,86986,15,8,563,8.75,4,10,3,894.1767163150693,13,248.0,368.0,120.0,3.066666666666667,24.0,0.6153846153846154,19.07692307692308,24.0,1,rolling,losing_streak_fitness,2_days,rep_3,42,15
test,1,0,53560,53560,86986,15,8,563,8.75,4,10,3,-116.6249876960424,17,-198.0,138.0,336.0,0.4107142857142857,336.0,0.1764705882352941,-11.647058823529411,24.0,14,rolling,losing_streak_fitness,2_days,rep_3,43,15
train,1,0,53560,53560,86986,15,8,563,8.75,4,10,3,894.1767163150693,13,248.0,368.0,120.0,3.066666666666667,24.0,0.6153846153846154,19.07692307692308,24.0,1,rolling,losing_streak_fitness,2_days,rep_3,43,15
test,1,0,53560,53560,86986,15,8,563,8.75,4,10,3,-116.6249876960424,17,-198.0,138.0,336.0,0.4107142857142857,336.0,0.1764705882352941,-11.647058823529411,24.0,14,rolling,losing_streak_fitness,2_days,rep_3,44,15
train,1,0,53560,53560,86986,15,8,563,8.75,4,10,3,894.1767163150693,13,248.0,368.0,120.0,3.066666666666667,24.0,0.6153846153846154,19.07692307692308,24.0,1,rolling,losing_streak_fitness,2_days,rep_3,44,15
test,1,0,53560,53560,86986,15,8,563,8.75,4,10,3,-116.6249876960424,17,-198.0,138.0,336.0,0.4107142857142857,336.0,0.1764705882352941,-11.647058823529411,24.0,14,rolling,losing_streak_fitness,2_days,rep_3,45,15
train,1,0,53560,53560,86986,15,8,563,8.75,4,10,3,894.1767163150693,13,248.0,368.0,120.0,3.066666666666667,24.0,0.6153846153846154,19.07692307692308,24.0,1,rolling,losing_streak_fitness,2_days,rep_3,45,15
test,1,0,53560,53560,86986,15,8,563,8.75,4,10,3,-116.6249876960424,17,-198.0,138.0,336.0,0.4107142857142857,336.0,0.1764705882352941,-11.647058823529411,24.0,14,rolling,losing_streak_fitness,2_days,rep_3,46,15
train,1,0,53560,53560,86986,15,8,563,8.75,4,10,3,894.1767163150693,13,248.0,368.0,120.0,3.066666666666667,24.0,0.6153846153846154,19.07692307692308,24.0,1,rolling,losing_streak_fitness,2_days,rep_3,46,15
test,1,0,53560,53560,86986,15,8,563,8.75,4,10,3,-116.6249876960424,17,-198.0,138.0,336.0,0.4107142857142857,336.0,0.1764705882352941,-11.647058823529411,24.0,14,rolling,losing_streak_fitness,2_days,rep_3,47,15
train,1,0,53560,53560,86986,15,8,563,8.75,4,10,3,894.1767163150693,13,248.0,368.0,120.0,3.066666666666667,24.0,0.6153846153846154,19.07692307692308,24.0,1,rolling,losing_streak_fitness,2_days,rep_3,47,15
test,1,0,53560,53560,86986,15,8,563,8.75,4,10,3,-116.6249876960424,17,-198.0,138.0,336.0,0.4107142857142857,336.0,0.1764705882352941,-11.647058823529411,24.0,14,rolling,losing_streak_fitness,2_days,rep_3,48,15
train,1,0,53560,53560,86986,15,8,563,8.75,4,10,3,894.1767163150693,13,248.0,368.0,120.0,3.066666666666667,24.0,0.6153846153846154,19.07692307692308,24.0,1,rolling,losing_streak_fitness,2_days,rep_3,48,15
test,1,0,53560,53560,86986,15,8,563,8.75,4,10,3,-116.6249876960424,17,-198.0,138.0,336.0,0.4107142857142857,336.0,0.1764705882352941,-11.647058823529411,24.0,14,rolling,losing_streak_fitness,2_days,rep_3,49,15
train,1,0,53560,53560,86986,15,8,563,8.75,4,10,3,894.1767163150693,13,248.0,368.0,120.0,3.066666666666667,24.0,0.6153846153846154,19.07692307692308,24.0,1,rolling,losing_streak_fitness,2_days,rep_3,49,15
test,1,0,53560,53560,86986,15,8,563,8.75,4,10,3,-116.6249876960424,17,-198.0,138.0,336.0,0.4107142857142857,336.0,0.1764705882352941,-11.647058823529411,24.0,14,rolling,losing_streak_fitness,2_days,rep_3,50,15
train,1,0,53560,53560,86986,15,8,563,8.75,4,10,3,894.1767163150693,13,248.0,368.0,120.0,3.066666666666667,24.0,0.6153846153846154,19.07692307692308,24.0,1,rolling,losing_streak_fitness,2_days,rep_3,50,15
test,1,0,53560,53560,86986,15,8,563,8.75,4,10,3,-116.6249876960424,17,-198.0,138.0,336.0,0.4107142857142857,336.0,0.1764705882352941,-11.647058823529411,24.0,14,rolling,losing_streak_fitness,2_days,rep_3,51,15
train,1,0,53560,53560,86986,15,8,563,8.75,4,10,3,894.1767163150693,13,248.0,368.0,120.0,3.066666666666667,24.0,0.6153846153846154,19.07692307692308,24.0,1,rolling,losing_streak_fitness,2_days,rep_3,51,15
test,1,0,53560,53560,86986,15,8,563,8.75,4,10,3,-116.6249876960424,17,-198.0,138.0,336.0,0.4107142857142857,336.0,0.1764705882352941,-11.647058823529411,24.0,14,rolling,losing_streak_fitness,2_days,rep_3,52,15
train,1,0,53560,53560,86986,15,8,563,8.75,4,10,3,894.1767163150693,13,248.0,368.0,120.0,3.066666666666667,24.0,0.6153846153846154,19.07692307692308,24.0,1,rolling,losing_streak_fitness,2_days,rep_3,52,15
test,1,0,53560,53560,86986,15,8,563,8.75,4,10,3,-116.6249876960424,17,-198.0,138.0,336.0,0.4107142857142857,336.0,0.1764705882352941,-11.647058823529411,24.0,14,rolling,losing_streak_fitness,2_days,rep_3,53,15
train,1,0,53560,53560,86986,15,8,563,8.75,4,10,3,894.1767163150693,13,248.0,368.0,120.0,3.066666666666667,24.0,0.6153846153846154,19.07692307692308,24.0,1,rolling,losing_streak_fitness,2_days,rep_3,53,15
test,1,0,53560,53560,86986,15,8,563,8.75,4,10,3,-116.6249876960424,17,-198.0,138.0,336.0,0.4107142857142857,336.0,0.1764705882352941,-11.647058823529411,24.0,14,rolling,losing_streak_fitness,2_days,rep_3,54,15
train,1,0,53560,53560,86986,15,8,563,8.75,4,10,3,894.1767163150693,13,248.0,368.0,120.0,3.066666666666667,24.0,0.6153846153846154,19.07692307692308,24.0,1,rolling,losing_streak_fitness,2_days,rep_3,54,15
test,1,0,53560,53560,86986,15,8,563,8.75,4,10,3,-116.6249876960424,17,-198.0,138.0,336.0,0.4107142857142857,336.0,0.1764705882352941,-11.647058823529411,24.0,14,rolling,losing_streak_fitness,2_days,rep_3,55,15
train,1,0,53560,53560,86986,15,8,563,8.75,4,10,3,894.1767163150693,13,248.0,368.0,120.0,3.066666666666667,24.0,0.6153846153846154,19.07692307692308,24.0,1,rolling,losing_streak_fitness,2_days,rep_3,55,15
test,1,0,53560,53560,86986,15,8,563,8.75,4,10,3,-116.6249876960424,17,-198.0,138.0,336.0,0.4107142857142857,336.0,0.1764705882352941,-11.647058823529411,24.0,14,rolling,losing_streak_fitness,2_days,rep_3,56,15
train,1,0,53560,53560,86986,15,8,563,8.75,4,10,3,894.1767163150693,13,248.0,368.0,120.0,3.066666666666667,24.0,0.6153846153846154,19.07692307692308,24.0,1,rolling,losing_streak_fitness,2_days,rep_3,56,15
test,1,0,53560,53560,86986,15,8,563,8.75,4,10,3,-116.6249876960424,17,-198.0,138.0,336.0,0.4107142857142857,336.0,0.1764705882352941,-11.647058823529411,24.0,14,rolling,losing_streak_fitness,2_days,rep_3,57,15
train,1,0,53560,53560,86986,15,8,563,8.75,4,10,3,894.1767163150693,13,248.0,368.0,120.0,3.066666666666667,24.0,0.6153846153846154,19.07692307692308,24.0,1,rolling,losing_streak_fitness,2_days,rep_3,57,15
test,1,0,53560,53560,86986,15,8,563,8.75,4,10,3,-116.6249876960424,17,-198.0,138.0,336.0,0.4107142857142857,336.0,0.1764705882352941,-11.647058823529411,24.0,14,rolling,losing_streak_fitness,2_days,rep_3,58,15
train,1,0,53560,53560,86986,15,8,563,8.75,4,10,3,894.1767163150693,13,248.0,368.0,120.0,3.066666666666667,24.0,0.6153846153846154,19.07692307692308,24.0,1,rolling,losing_streak_fitness,2_days,rep_3,58,15
test,1,0,53560,53560,86986,15,8,563,8.75,4,10,3,-116.6249876960424,17,-198.0,138.0,336.0,0.4107142857142857,336.0,0.1764705882352941,-11.647058823529411,24.0,14,rolling,losing_streak_fitness,2_days,rep_3,59,15
train,1,0,53560,53560,86986,15,8,563,8.75,4,10,3,894.1767163150693,13,248.0,368.0,120.0,3.066666666666667,24.0,0.6153846153846154,19.07692307692308,24.0,1,rolling,losing_streak_fitness,2_days,rep_3,59,15
test,1,0,53560,53560,86986,15,8,563,8.75,4,10,3,-116.6249876960424,17,-198.0,138.0,336.0,0.4107142857142857,336.0,0.1764705882352941,-11.647058823529411,24.0,14,rolling,losing_streak_fitness,2_days,rep_3,60,15
train,1,0,53560,53560,86986,15,8,563,8.75,4,10,3,894.1767163150693,13,248.0,368.0,120.0,3.066666666666667,24.0,0.6153846153846154,19.07692307692308,24.0,1,rolling,losing_streak_fitness,2_days,rep_3,60,15
test,1,0,53560,53560,86986,15,8,563,8.75,4,10,3,-116.6249876960424,17,-198.0,138.0,336.0,0.4107142857142857,336.0,0.1764705882352941,-11.647058823529411,24.0,14,rolling,losing_streak_fitness,2_days,rep_3,61,15
train,1,0,53560,53560,86986,15,8,563,8.75,4,10,3,894.1767163150693,13,248.0,368.0,120.0,3.066666666666667,24.0,0.6153846153846154,19.07692307692308,24.0,1,rolling,losing_streak_fitness,2_days,rep_3,61,15
test,1,0,53560,53560,86986,15,8,563,8.75,4,10,3,-116.6249876960424,17,-198.0,138.0,336.0,0.4107142857142857,336.0,0.1764705882352941,-11.647058823529411,24.0,14,rolling,losing_streak_fitness,2_days,rep_3,62,15
train,1,0,53560,53560,86986,15,8,563,8.75,4,10,3,894.1767163150693,13,248.0,368.0,120.0,3.066666666666667,24.0,0.6153846153846154,19.07692307692308,24.0,1,rolling,losing_streak_fitness,2_days,rep_3,62,15
test,1,0,53560,53560,86986,15,8,563,8.75,4,10,3,-116.6249876960424,17,-198.0,138.0,336.0,0.4107142857142857,336.0,0.1764705882352941,-11.647058823529411,24.0,14,rolling,losing_streak_fitness,2_days,rep_3,63,15
train,1,0,53560,53560,86986,15,8,563,8.75,4,10,3,894.1767163150693,13,248.0,368.0,120.0,3.066666666666667,24.0,0.6153846153846154,19.07692307692308,24.0,1,rolling,losing_streak_fitness,2_days,rep_3,63,15
test,1,0,53560,53560,86986,15,8,563,8.75,4,10,3,-116.6249876960424,17,-198.0,138.0,336.0,0.4107142857142857,336.0,0.1764705882352941,-11.647058823529411,24.0,14,rolling,losing_streak_fitness,2_days,rep_3,64,15
train,1,0,53560,53560,86986,15,8,563,8.75,4,10,3,894.1767163150693,13,248.0,368.0,120.0,3.066666666666667,24.0,0.6153846153846154,19.07692307692308,24.0,1,rolling,losing_streak_fitness,2_days,rep_3,64,15
test,1,0,53560,53560,86986,15,8,563,8.75,4,10,3,-116.6249876960424,17,-198.0,138.0,336.0,0.4107142857142857,336.0,0.1764705882352941,-11.647058823529411,24.0,14,rolling,losing_streak_fitness,2_days,rep_3,65,15
train,1,0,53560,53560,86986,15,8,563,8.75,4,10,3,894.1767163150693,13,248.0,368.0,120.0,3.066666666666667,24.0,0.6153846153846154,19.07692307692308,24.0,1,rolling,losing_streak_fitness,2_days,rep_3,65,15
test,1,0,53560,53560,86986,15,8,563,8.75,4,10,3,-116.6249876960424,17,-198.0,138.0,336.0,0.4107142857142857,336.0,0.1764705882352941,-11.647058823529411,24.0,14,rolling,losing_streak_fitness,2_days,rep_3,66,15
train,1,0,53560,53560,86986,15,8,563,8.75,4,10,3,894.1767163150693,13,248.0,368.0,120.0,3.066666666666667,24.0,0.6153846153846154,19.07692307692308,24.0,1,rolling,losing_streak_fitness,2_days,rep_3,66,15
test,1,0,53560,53560,86986,15,8,563,8.75,4,10,3,-116.6249876960424,17,-198.0,138.0,336.0,0.4107142857142857,336.0,0.1764705882352941,-11.647058823529411,24.0,14,rolling,losing_streak_fitness,2_days,rep_3,67,15
train,1,0,53560,53560,86986,15,8,563,8.75,4,10,3,894.1767163150693,13,248.0,368.0,120.0,3.066666666666667,24.0,0.6153846153846154,19.07692307692308,24.0,1,rolling,losing_streak_fitness,2_days,rep_3,67,15
test,1,0,53560,53560,86986,15,8,563,8.75,4,10,3,-116.6249876960424,17,-198.0,138.0,336.0,0.4107142857142857,336.0,0.1764705882352941,-11.647058823529411,24.0,14,rolling,losing_streak_fitness,2_days,rep_3,68,15
train,1,0,53560,53560,86986,15,8,563,8.75,4,10,3,894.1767163150693,13,248.0,368.0,120.0,3.066666666666667,24.0,0.6153846153846154,19.07692307692308,24.0,1,rolling,losing_streak_fitness,2_days,rep_3,68,15
test,1,0,53560,53560,86986,15,8,563,8.75,4,10,3,-116.6249876960424,17,-198.0,138.0,336.0,0.4107142857142857,336.0,0.1764705882352941,-11.647058823529411,24.0,14,rolling,losing_streak_fitness,2_days,rep_3,69,15
train,1,0,53560,53560,86986,15,8,563,8.75,4,10,3,894.1767163150693,13,248.0,368.0,120.0,3.066666666666667,24.0,0.6153846153846154,19.07692307692308,24.0,1,rolling,losing_streak_fitness,2_days,rep_3,69,15
test,1,0,53560,53560,86986,15,8,563,8.75,4,10,3,-116.6249876960424,17,-198.0,138.0,336.0,0.4107142857142857,336.0,0.1764705882352941,-11.647058823529411,24.0,14,rolling,losing_streak_fitness,2_days,rep_3,70,15
train,1,0,53560,53560,86986,15,8,563,8.75,4,10,3,894.1767163150693,13,248.0,368.0,120.0,3.066666666666667,24.0,0.6153846153846154,19.07692307692308,24.0,1,rolling,losing_streak_fitness,2_days,rep_3,70,15
test,1,0,53560,53560,86986,15,8,563,8.75,4,10,3,-116.6249876960424,17,-198.0,138.0,336.0,0.4107142857142857,336.0,0.1764705882352941,-11.647058823529411,24.0,14,rolling,losing_streak_fitness,2_days,rep_3,71,15
train,1,0,53560,53560,86986,15,8,563,8.75,4,10,3,894.1767163150693,13,248.0,368.0,120.0,3.066666666666667,24.0,0.6153846153846154,19.07692307692308,24.0,1,rolling,losing_streak_fitness,2_days,rep_3,71,15
test,1,0,53560,53560,86986,15,8,563,8.75,4,10,3,-116.6249876960424,17,-198.0,138.0,336.0,0.4107142857142857,336.0,0.1764705882352941,-11.647058823529411,24.0,14,rolling,losing_streak_fitness,2_days,rep_3,72,15
train,1,0,53560,53560,86986,15,8,563,8.75,4,10,3,894.1767163150693,13,248.0,368.0,120.0,3.066666666666667,24.0,0.6153846153846154,19.07692307692308,24.0,1,rolling,losing_streak_fitness,2_days,rep_3,72,15
test,1,0,53560,53560,86986,15,8,563,8.75,4,10,3,-116.6249876960424,17,-198.0,138.0,336.0,0.4107142857142857,336.0,0.1764705882352941,-11.647058823529411,24.0,14,rolling,losing_streak_fitness,2_days,rep_3,73,15
train,1,0,53560,53560,86986,15,8,563,8.75,4,10,3,894.1767163150693,13,248.0,368.0,120.0,3.066666666666667,24.0,0.6153846153846154,19.07692307692308,24.0,1,rolling,losing_streak_fitness,2_days,rep_3,73,15
test,1,0,53560,53560,86986,15,8,563,8.75,4,10,3,-116.6249876960424,17,-198.0,138.0,336.0,0.4107142857142857,336.0,0.1764705882352941,-11.647058823529411,24.0,14,rolling,losing_streak_fitness,2_days,rep_3,74,15
train,1,0,53560,53560,86986,15,8,563,8.75,4,10,3,894.1767163150693,13,248.0,368.0,120.0,3.066666666666667,24.0,0.6153846153846154,19.07692307692308,24.0,1,rolling,losing_streak_fitness,2_days,rep_3,74,15
test,1,0,53560,53560,86986,15,8,563,8.75,4,10,3,-116.6249876960424,17,-198.0,138.0,336.0,0.4107142857142857,336.0,0.1764705882352941,-11.647058823529411,24.0,14,rolling,losing_streak_fitness,2_days,rep_3,75,15
train,1,0,53560,53560,86986,15,8,563,8.75,4,10,3,894.1767163150693,13,248.0,368.0,120.0,3.066666666666667,24.0,0.6153846153846154,19.07692307692308,24.0,1,rolling,losing_streak_fitness,2_days,rep_3,75,15
test,1,0,53560,53560,86986,15,8,563,8.75,4,10,3,-116.6249876960424,17,-198.0,138.0,336.0,0.4107142857142857,336.0,0.1764705882352941,-11.647058823529411,24.0,14,rolling,losing_streak_fitness,2_days,rep_3,76,15
train,1,0,53560,53560,86986,15,8,563,8.75,4,10,3,894.1767163150693,13,248.0,368.0,120.0,3.066666666666667,24.0,0.6153846153846154,19.07692307692308,24.0,1,rolling,losing_streak_fitness,2_days,rep_3,76,15
test,1,0,53560,53560,86986,15,8,563,8.75,4,10,3,-116.6249876960424,17,-198.0,138.0,336.0,0.4107142857142857,336.0,0.1764705882352941,-11.647058823529411,24.0,14,rolling,losing_streak_fitness,2_days,rep_3,77,15
train,1,0,53560,53560,86986,15,8,563,8.75,4,10,3,894.1767163150693,13,248.0,368.0,120.0,3.066666666666667,24.0,0.6153846153846154,19.07692307692308,24.0,1,rolling,losing_streak_fitness,2_days,rep_3,77,15
test,1,0,53560,53560,86986,15,8,563,8.75,4,10,3,-116.6249876960424,17,-198.0,138.0,336.0,0.4107142857142857,336.0,0.1764705882352941,-11.647058823529411,24.0,14,rolling,losing_streak_fitness,2_days,rep_3,78,15
train,1,0,53560,53560,86986,15,8,563,8.75,4,10,3,894.1767163150693,13,248.0,368.0,120.0,3.066666666666667,24.0,0.6153846153846154,19.07692307692308,24.0,1,rolling,losing_streak_fitness,2_days,rep_3,78,15
test,1,0,53560,53560,86986,15,8,563,8.75,4,10,3,-116.6249876960424,17,-198.0,138.0,336.0,0.4107142857142857,336.0,0.1764705882352941,-11.647058823529411,24.0,14,rolling,losing_streak_fitness,2_days,rep_3,79,15
train,1,0,53560,53560,86986,15,8,563,8.75,4,10,3,894.1767163150693,13,248.0,368.0,120.0,3.066666666666667,24.0,0.6153846153846154,19.07692307692308,24.0,1,rolling,losing_streak_fitness,2_days,rep_3,79,15
test,1,0,53560,53560,86986,15,8,563,8.75,4,10,3,-116.6249876960424,17,-198.0,138.0,336.0,0.4107142857142857,336.0,0.1764705882352941,-11.647058823529411,24.0,14,rolling,losing_streak_fitness,2_days,rep_3,80,15
train,1,0,53560,53560,86986,15,8,563,8.75,4,10,3,894.1767163150693,13,248.0,368.0,120.0,3.066666666666667,24.0,0.6153846153846154,19.07692307692308,24.0,1,rolling,losing_streak_fitness,2_days,rep_3,80,15
test,1,0,53560,53560,86986,15,8,563,8.75,4,10,3,-116.6249876960424,17,-198.0,138.0,336.0,0.4107142857142857,336.0,0.1764705882352941,-11.647058823529411,24.0,14,rolling,losing_streak_fitness,2_days,rep_3,81,15
train,1,0,53560,53560,86986,15,8,563,8.75,4,10,3,894.1767163150693,13,248.0,368.0,120.0,3.066666666666667,24.0,0.6153846153846154,19.07692307692308,24.0,1,rolling,losing_streak_fitness,2_days,rep_3,81,15
test,1,0,53560,53560,86986,15,8,563,8.75,4,10,3,-116.6249876960424,17,-198.0,138.0,336.0,0.4107142857142857,336.0,0.1764705882352941,-11.647058823529411,24.0,14,rolling,losing_streak_fitness,2_days,rep_3,82,15
train,1,0,53560,53560,86986,15,8,563,8.75,4,10,3,894.1767163150693,13,248.0,368.0,120.0,3.066666666666667,24.0,0.6153846153846154,19.07692307692308,24.0,1,rolling,losing_streak_fitness,2_days,rep_3,82,15
test,1,0,53560,53560,86986,15,8,563,8.75,4,10,3,-116.6249876960424,17,-198.0,138.0,336.0,0.4107142857142857,336.0,0.1764705882352941,-11.647058823529411,24.0,14,rolling,losing_streak_fitness,2_days,rep_3,83,15
train,1,0,53560,53560,86986,15,8,563,8.75,4,10,3,894.1767163150693,13,248.0,368.0,120.0,3.066666666666667,24.0,0.6153846153846154,19.07692307692308,24.0,1,rolling,losing_streak_fitness,2_days,rep_3,83,15
test,1,0,53560,53560,86986,15,8,563,8.75,4,10,3,-116.6249876960424,17,-198.0,138.0,336.0,0.4107142857142857,336.0,0.1764705882352941,-11.647058823529411,24.0,14,rolling,losing_streak_fitness,2_days,rep_3,84,15
train,1,0,53560,53560,86986,15,8,563,8.75,4,10,3,894.1767163150693,13,248.0,368.0,120.0,3.066666666666667,24.0,0.6153846153846154,19.07692307692308,24.0,1,rolling,losing_streak_fitness,2_days,rep_3,84,15
test,1,0,53560,53560,86986,15,8,563,8.75,4,10,3,-116.6249876960424,17,-198.0,138.0,336.0,0.4107142857142857,336.0,0.1764705882352941,-11.647058823529411,24.0,14,rolling,losing_streak_fitness,2_days,rep_3,85,15
train,1,0,53560,53560,86986,15,8,563,8.75,4,10,3,894.1767163150693,13,248.0,368.0,120.0,3.066666666666667,24.0,0.6153846153846154,19.07692307692308,24.0,1,rolling,losing_streak_fitness,2_days,rep_3,85,15
test,1,0,53560,53560,86986,15,8,563,8.75,4,10,3,-116.6249876960424,17,-198.0,138.0,336.0,0.4107142857142857,336.0,0.1764705882352941,-11.647058823529411,24.0,14,rolling,losing_streak_fitness,2_days,rep_3,86,15
train,1,0,53560,53560,86986,15,8,563,8.75,4,10,3,894.1767163150693,13,248.0,368.0,120.0,3.066666666666667,24.0,0.6153846153846154,19.07692307692308,24.0,1,rolling,losing_streak_fitness,2_days,rep_3,86,15
test,1,0,53560,53560,86986,15,8,563,8.75,4,10,3,-116.6249876960424,17,-198.0,138.0,336.0,0.4107142857142857,336.0,0.1764705882352941,-11.647058823529411,24.0,14,rolling,losing_streak_fitness,2_days,rep_3,87,15
train,1,0,53560,53560,86986,15,8,563,8.75,4,10,3,894.1767163150693,13,248.0,368.0,120.0,3.066666666666667,24.0,0.6153846153846154,19.07692307692308,24.0,1,rolling,losing_streak_fitness,2_days,rep_3,87,15
test,1,0,53560,53560,86986,15,8,563,8.75,4,10,3,-116.6249876960424,17,-198.0,138.0,336.0,0.4107142857142857,336.0,0.1764705882352941,-11.647058823529411,24.0,14,rolling,losing_streak_fitness,2_days,rep_3,88,15
train,1,0,53560,53560,86986,15,8,563,8.75,4,10,3,894.1767163150693,13,248.0,368.0,120.0,3.066666666666667,24.0,0.6153846153846154,19.07692307692308,24.0,1,rolling,losing_streak_fitness,2_days,rep_3,88,15
test,1,0,53560,53560,86986,15,8,563,8.75,4,10,3,-116.6249876960424,17,-198.0,138.0,336.0,0.4107142857142857,336.0,0.1764705882352941,-11.647058823529411,24.0,14,rolling,losing_streak_fitness,2_days,rep_3,89,15
train,1,0,53560,53560,86986,15,8,563,8.75,4,10,3,894.1767163150693,13,248.0,368.0,120.0,3.066666666666667,24.0,0.6153846153846154,19.07692307692308,24.0,1,rolling,losing_streak_fitness,2_days,rep_3,89,15
test,1,0,53560,53560,86986,15,8,563,8.75,4,10,3,-116.6249876960424,17,-198.0,138.0,336.0,0.4107142857142857,336.0,0.1764705882352941,-11.647058823529411,24.0,14,rolling,losing_streak_fitness,2_days,rep_3,90,15
train,1,0,53560,53560,86986,15,8,563,8.75,4,10,3,894.1767163150693,13,248.0,368.0,120.0,3.066666666666667,24.0,0.6153846153846154,19.07692307692308,24.0,1,rolling,losing_streak_fitness,2_days,rep_3,90,15
test,1,0,53560,53560,86986,15,8,563,8.75,4,10,3,-116.6249876960424,17,-198.0,138.0,336.0,0.4107142857142857,336.0,0.1764705882352941,-11.647058823529411,24.0,14,rolling,losing_streak_fitness,2_days,rep_3,91,15
train,1,0,53560,53560,86986,15,8,563,8.75,4,10,3,894.1767163150693,13,248.0,368.0,120.0,3.066666666666667,24.0,0.6153846153846154,19.07692307692308,24.0,1,rolling,losing_streak_fitness,2_days,rep_3,91,15
test,1,0,53560,53560,86986,15,8,563,8.75,4,10,3,-116.6249876960424,17,-198.0,138.0,336.0,0.4107142857142857,336.0,0.1764705882352941,-11.647058823529411,24.0,14,rolling,losing_streak_fitness,2_days,rep_3,92,15
train,1,0,53560,53560,86986,15,8,563,8.75,4,10,3,894.1767163150693,13,248.0,368.0,120.0,3.066666666666667,24.0,0.6153846153846154,19.07692307692308,24.0,1,rolling,losing_streak_fitness,2_days,rep_3,92,15
test,1,0,53560,53560,86986,15,8,563,8.75,4,10,3,-116.6249876960424,17,-198.0,138.0,336.0,0.4107142857142857,336.0,0.1764705882352941,-11.647058823529411,24.0,14,rolling,losing_streak_fitness,2_days,rep_3,93,15
train,1,0,53560,53560,86986,15,8,563,8.75,4,10,3,894.1767163150693,13,248.0,368.0,120.0,3.066666666666667,24.0,0.6153846153846154,19.07692307692308,24.0,1,rolling,losing_streak_fitness,2_days,rep_3,93,15
test,1,0,53560,53560,86986,15,8,563,8.75,4,10,3,-116.6249876960424,17,-198.0,138.0,336.0,0.4107142857142857,336.0,0.1764705882352941,-11.647058823529411,24.0,14,rolling,losing_streak_fitness,2_days,rep_3,94,15
train,1,0,53560,53560,86986,15,8,563,8.75,4,10,3,894.1767163150693,13,248.0,368.0,120.0,3.066666666666667,24.0,0.6153846153846154,19.07692307692308,24.0,1,rolling,losing_streak_fitness,2_days,rep_3,94,15
test,1,0,53560,53560,86986,15,8,563,8.75,4,10,3,-116.6249876960424,17,-198.0,138.0,336.0,0.4107142857142857,336.0,0.1764705882352941,-11.647058823529411,24.0,14,rolling,losing_streak_fitness,2_days,rep_3,95,15
train,1,0,53560,53560,86986,15,8,563,8.75,4,10,3,894.1767163150693,13,248.0,368.0,120.0,3.066666666666667,24.0,0.6153846153846154,19.07692307692308,24.0,1,rolling,losing_streak_fitness,2_days,rep_3,95,15
test,1,0,53560,53560,86986,15,8,563,8.75,4,10,3,-116.6249876960424,17,-198.0,138.0,336.0,0.4107142857142857,336.0,0.1764705882352941,-11.647058823529411,24.0,14,rolling,losing_streak_fitness,2_days,rep_3,96,15
train,1,0,53560,53560,86986,15,8,563,8.75,4,10,3,894.1767163150693,13,248.0,368.0,120.0,3.066666666666667,24.0,0.6153846153846154,19.07692307692308,24.0,1,rolling,losing_streak_fitness,2_days,rep_3,96,15
test,1,0,53560,53560,86986,15,8,563,8.75,4,10,3,-116.6249876960424,17,-198.0,138.0,336.0,0.4107142857142857,336.0,0.1764705882352941,-11.647058823529411,24.0,14,rolling,losing_streak_fitness,2_days,rep_3,97,15
train,1,0,53560,53560,86986,15,8,563,8.75,4,10,3,894.1767163150693,13,248.0,368.0,120.0,3.066666666666667,24.0,0.6153846153846154,19.07692307692308,24.0,1,rolling,losing_streak_fitness,2_days,rep_3,97,15
test,1,0,53560,53560,86986,15,8,563,8.75,4,10,3,-116.6249876960424,17,-198.0,138.0,336.0,0.4107142857142857,336.0,0.1764705882352941,-11.647058823529411,24.0,14,rolling,losing_streak_fitness,2_days,rep_3,98,15
train,1,0,53560,53560,86986,15,8,563,8.75,4,10,3,894.1767163150693,13,248.0,368.0,120.0,3.066666666666667,24.0,0.6153846153846154,19.07692307692308,24.0,1,rolling,losing_streak_fitness,2_days,rep_3,98,15
test,1,0,53560,53560,86986,15,8,563,8.75,4,10,3,-116.6249876960424,17,-198.0,138.0,336.0,0.4107142857142857,336.0,0.1764705882352941,-11.647058823529411,24.0,14,rolling,losing_streak_fitness,2_days,rep_3,99,15
train,1,0,53560,53560,86986,15,8,563,8.75,4,10,3,894.1767163150693,13,248.0,368.0,120.0,3.066666666666667,24.0,0.6153846153846154,19.07692307692308,24.0,1,rolling,losing_streak_fitness,2_days,rep_3,99,15
test,1,0,53560,53560,86986,15,8,563,8.75,4,10,3,-116.6249876960424,17,-198.0,138.0,336.0,0.4107142857142857,336.0,0.1764705882352941,-11.647058823529411,24.0,14,rolling,losing_streak_fitness,2_days,rep_3,100,15
train,1,0,53560,53560,86986,15,8,563,8.75,4,10,3,894.1767163150693,13,248.0,368.0,120.0,3.066666666666667,24.0,0.6153846153846154,19.07692307692308,24.0,1,rolling,losing_streak_fitness,2_days,rep_3,100,15
test,2,22406,86986,86986,125287,0,13,2888,7.25,8,25,5,76.1976377586602,7,72.0,242.0,170.0,1.423529411764706,170.0,0.2857142857142857,10.285714285714286,34.0,5,rolling,losing_streak_fitness,2_days,rep_3,0,0
train,2,22406,86986,86986,125287,0,13,2888,7.25,8,25,5,313.0495168499706,5,140.0,242.0,102.0,2.372549019607843,34.0,0.4,28.0,34.0,1,rolling,losing_streak_fitness,2_days,rep_3,0,0
test,2,22406,86986,86986,125287,0,13,2888,7.25,8,25,5,76.1976377586602,7,72.0,242.0,170.0,1.423529411764706,170.0,0.2857142857142857,10.285714285714286,34.0,5,rolling,losing_streak_fitness,2_days,rep_3,1,0
train,2,22406,86986,86986,125287,0,13,2888,7.25,8,25,5,313.0495168499706,5,140.0,242.0,102.0,2.372549019607843,34.0,0.4,28.0,34.0,1,rolling,losing_streak_fitness,2_days,rep_3,1,0
test,2,22406,86986,86986,125287,2,13,1585,7.75,3,27,2,55.42562584220407,12,72.0,262.0,190.0,1.3789473684210527,171.0,0.1666666666666666,6.0,19.0,9,rolling,losing_streak_fitness,2_days,rep_3,2,2
train,2,22406,86986,86986,125287,2,13,1585,7.75,3,27,2,458.3939353874569,5,205.0,262.0,57.0,4.596491228070176,19.0,0.4,41.0,19.0,1,rolling,losing_streak_fitness,2_days,rep_3,2,2
test,2,22406,86986,86986,125287,2,13,1585,7.75,3,27,2,55.42562584220407,12,72.0,262.0,190.0,1.3789473684210527,171.0,0.1666666666666666,6.0,19.0,9,rolling,losing_streak_fitness,2_days,rep_3,3,2
train,2,22406,86986,86986,125287,2,13,1585,7.75,3,27,2,458.3939353874569,5,205.0,262.0,57.0,4.596491228070176,19.0,0.4,41.0,19.0,1,rolling,losing_streak_fitness,2_days,rep_3,3,2
test,2,22406,86986,86986,125287,2,13,1585,7.75,3,27,2,55.42562584220407,12,72.0,262.0,190.0,1.3789473684210527,171.0,0.1666666666666666,6.0,19.0,9,rolling,losing_streak_fitness,2_days,rep_3,4,2
train,2,22406,86986,86986,125287,2,13,1585,7.75,3,27,2,458.3939353874569,5,205.0,262.0,57.0,4.596491228070176,19.0,0.4,41.0,19.0,1,rolling,losing_streak_fitness,2_days,rep_3,4,2
test,2,22406,86986,86986,125287,2,13,1585,7.75,3,27,2,55.42562584220407,12,72.0,262.0,190.0,1.3789473684210527,171.0,0.1666666666666666,6.0,19.0,9,rolling,losing_streak_fitness,2_days,rep_3,5,2
train,2,22406,86986,86986,125287,2,13,1585,7.75,3,27,2,458.3939353874569,5,205.0,262.0,57.0,4.596491228070176,19.0,0.4,41.0,19.0,1,rolling,losing_streak_fitness,2_days,rep_3,5,2
test,2,22406,86986,86986,125287,6,13,695,5.5,6,23,2,106.8,9,89.0,222.0,133.0,1.669172932330827,95.0,0.2222222222222222,9.88888888888889,19.0,5,rolling,losing_streak_fitness,2_days,rep_3,6,6
train,2,22406,86986,86986,125287,6,13,695,5.5,6,23,2,659.640053362438,5,295.0,333.0,38.0,8.763157894736842,19.0,0.6,59.0,19.0,1,rolling,losing_streak_fitness,2_days,rep_3,6,6
test,2,22406,86986,86986,125287,6,13,695,5.5,6,23,2,106.8,9,89.0,222.0,133.0,1.669172932330827,95.0,0.2222222222222222,9.88888888888889,19.0,5,rolling,losing_streak_fitness,2_days,rep_3,7,6
train,2,22406,86986,86986,125287,6,13,695,5.5,6,23,2,659.640053362438,5,295.0,333.0,38.0,8.763157894736842,19.0,0.6,59.0,19.0,1,rolling,losing_streak_fitness,2_days,rep_3,7,6
test,2,22406,86986,86986,125287,6,13,695,5.5,6,23,2,106.8,9,89.0,222.0,133.0,1.669172932330827,95.0,0.2222222222222222,9.88888888888889,19.0,5,rolling,losing_streak_fitness,2_days,rep_3,8,6
train,2,22406,86986,86986,125287,6,13,695,5.5,6,23,2,659.640053362438,5,295.0,333.0,38.0,8.763157894736842,19.0,0.6,59.0,19.0,1,rolling,losing_streak_fitness,2_days,rep_3,8,6
test,2,22406,86986,86986,125287,6,13,695,5.5,6,23,2,106.8,9,89.0,222.0,133.0,1.669172932330827,95.0,0.2222222222222222,9.88888888888889,19.0,5,rolling,losing_streak_fitness,2_days,rep_3,9,6
train,2,22406,86986,86986,125287,6,13,695,5.5,6,23,2,659.640053362438,5,295.0,333.0,38.0,8.763157894736842,19.0,0.6,59.0,19.0,1,rolling,losing_streak_fitness,2_days,rep_3,9,6
test,2,22406,86986,86986,125287,6,13,695,5.5,6,23,2,106.8,9,89.0,222.0,133.0,1.669172932330827,95.0,0.2222222222222222,9.88888888888889,19.0,5,rolling,losing_streak_fitness,2_days,rep_3,10,6
train,2,22406,86986,86986,125287,6,13,695,5.5,6,23,2,659.640053362438,5,295.0,333.0,38.0,8.763157894736842,19.0,0.6,59.0,19.0,1,rolling,losing_streak_fitness,2_days,rep_3,10,6
test,2,22406,86986,86986,125287,6,13,695,5.5,6,23,2,106.8,9,89.0,222.0,133.0,1.669172932330827,95.0,0.2222222222222222,9.88888888888889,19.0,5,rolling,losing_streak_fitness,2_days,rep_3,11,6
train,2,22406,86986,86986,125287,6,13,695,5.5,6,23,2,659.640053362438,5,295.0,333.0,38.0,8.763157894736842,19.0,0.6,59.0,19.0,1,rolling,losing_streak_fitness,2_days,rep_3,11,6
test,2,22406,86986,86986,125287,6,13,695,5.5,6,23,2,106.8,9,89.0,222.0,133.0,1.669172932330827,95.0,0.2222222222222222,9.88888888888889,19.0,5,rolling,losing_streak_fitness,2_days,rep_3,12,6
train,2,22406,86986,86986,125287,6,13,695,5.5,6,23,2,659.640053362438,5,295.0,333.0,38.0,8.763157894736842,19.0,0.6,59.0,19.0,1,rolling,losing_streak_fitness,2_days,rep_3,12,6
test,2,22406,86986,86986,125287,6,13,695,5.5,6,23,2,106.8,9,89.0,222.0,133.0,1.669172932330827,95.0,0.2222222222222222,9.88888888888889,19.0,5,rolling,losing_streak_fitness,2_days,rep_3,13,6
train,2,22406,86986,86986,125287,6,13,695,5.5,6,23,2,659.640053362438,5,295.0,333.0,38.0,8.763157894736842,19.0,0.6,59.0,19.0,1,rolling,losing_streak_fitness,2_days,rep_3,13,6
test,2,22406,86986,86986,125287,6,13,695,5.5,6,23,2,106.8,9,89.0,222.0,133.0,1.669172932330827,95.0,0.2222222222222222,9.88888888888889,19.0,5,rolling,losing_streak_fitness,2_days,rep_3,14,6
train,2,22406,86986,86986,125287,6,13,695,5.5,6,23,2,659.640053362438,5,295.0,333.0,38.0,8.763157894736842,19.0,0.6,59.0,19.0,1,rolling,losing_streak_fitness,2_days,rep_3,14,6
test,2,22406,86986,86986,125287,6,13,695,5.5,6,23,2,106.8,9,89.0,222.0,133.0,1.669172932330827,95.0,0.2222222222222222,9.88888888888889,19.0,5,rolling,losing_streak_fitness,2_days,rep_3,15,6
train,2,22406,86986,86986,125287,6,13,695,5.5,6,23,2,659.640053362438,5,295.0,333.0,38.0,8.763157894736842,19.0,0.6,59.0,19.0,1,rolling,losing_streak_fitness,2_days,rep_3,15,6
test,2,22406,86986,86986,125287,6,13,695,5.5,6,23,2,106.8,9,89.0,222.0,133.0,1.669172932330827,95.0,0.2222222222222222,9.88888888888889,19.0,5,rolling,losing_streak_fitness,2_days,rep_3,16,6
train,2,22406,86986,86986,125287,6,13,695,5.5,6,23,2,659.640053362438,5,295.0,333.0,38.0,8.763157894736842,19.0,0.6,59.0,19.0,1,rolling,losing_streak_fitness,2_days,rep_3,16,6
test,2,22406,86986,86986,125287,6,13,695,5.5,6,23,2,106.8,9,89.0,222.0,133.0,1.669172932330827,95.0,0.2222222222222222,9.88888888888889,19.0,5,rolling,losing_streak_fitness,2_days,rep_3,17,6
train,2,22406,86986,86986,125287,6,13,695,5.5,6,23,2,659.640053362438,5,295.0,333.0,38.0,8.763157894736842,19.0,0.6,59.0,19.0,1,rolling,losing_streak_fitness,2_days,rep_3,17,6
test,2,22406,86986,86986,125287,6,13,695,5.5,6,23,2,106.8,9,89.0,222.0,133.0,1.669172932330827,95.0,0.2222222222222222,9.88888888888889,19.0,5,rolling,losing_streak_fitness,2_days,rep_3,18,6
train,2,22406,86986,86986,125287,6,13,695,5.5,6,23,2,659.640053362438,5,295.0,333.0,38.0,8.763157894736842,19.0,0.6,59.0,19.0,1,rolling,losing_streak_fitness,2_days,rep_3,18,6
test,2,22406,86986,86986,125287,6,13,695,5.5,6,23,2,106.8,9,89.0,222.0,133.0,1.669172932330827,95.0,0.2222222222222222,9.88888888888889,19.0,5,rolling,losing_streak_fitness,2_days,rep_3,19,6
train,2,22406,86986,86986,125287,6,13,695,5.5,6,23,2,659.640053362438,5,295.0,333.0,38.0,8.763157894736842,19.0,0.6,59.0,19.0,1,rolling,losing_streak_fitness,2_days,rep_3,19,6
test,2,22406,86986,86986,125287,6,13,695,5.5,6,23,2,106.8,9,89.0,222.0,133.0,1.669172932330827,95.0,0.2222222222222222,9.88888888888889,19.0,5,rolling,losing_streak_fitness,2_days,rep_3,20,6
train,2,22406,86986,86986,125287,6,13,695,5.5,6,23,2,659.640053362438,5,295.0,333.0,38.0,8.763157894736842,19.0,0.6,59.0,19.0,1,rolling,losing_streak_fitness,2_days,rep_3,20,6
test,2,22406,86986,86986,125287,6,13,695,5.5,6,23,2,106.8,9,89.0,222.0,133.0,1.669172932330827,95.0,0.2222222222222222,9.88888888888889,19.0,5,rolling,losing_streak_fitness,2_days,rep_3,21,6
train,2,22406,86986,86986,125287,6,13,695,5.5,6,23,2,659.640053362438,5,295.0,333.0,38.0,8.763157894736842,19.0,0.6,59.0,19.0,1,rolling,losing_streak_fitness,2_days,rep_3,21,6
test,2,22406,86986,86986,125287,6,13,695,5.5,6,23,2,106.8,9,89.0,222.0,133.0,1.669172932330827,95.0,0.2222222222222222,9.88888888888889,19.0,5,rolling,losing_streak_fitness,2_days,rep_3,22,6
train,2,22406,86986,86986,125287,6,13,695,5.5,6,23,2,659.640053362438,5,295.0,333.0,38.0,8.763157894736842,19.0,0.6,59.0,19.0,1,rolling,losing_streak_fitness,2_days,rep_3,22,6
test,2,22406,86986,86986,125287,6,13,695,5.5,6,23,2,106.8,9,89.0,222.0,133.0,1.669172932330827,95.0,0.2222222222222222,9.88888888888889,19.0,5,rolling,losing_streak_fitness,2_days,rep_3,23,6
train,2,22406,86986,86986,125287,6,13,695,5.5,6,23,2,659.640053362438,5,295.0,333.0,38.0,8.763157894736842,19.0,0.6,59.0,19.0,1,rolling,losing_streak_fitness,2_days,rep_3,23,6
test,2,22406,86986,86986,125287,6,13,695,5.5,6,23,2,106.8,9,89.0,222.0,133.0,1.669172932330827,95.0,0.2222222222222222,9.88888888888889,19.0,5,rolling,losing_streak_fitness,2_days,rep_3,24,6
train,2,22406,86986,86986,125287,6,13,695,5.5,6,23,2,659.640053362438,5,295.0,333.0,38.0,8.763157894736842,19.0,0.6,59.0,19.0,1,rolling,losing_streak_fitness,2_days,rep_3,24,6
test,2,22406,86986,86986,125287,6,13,695,5.5,6,23,2,106.8,9,89.0,222.0,133.0,1.669172932330827,95.0,0.2222222222222222,9.88888888888889,19.0,5,rolling,losing_streak_fitness,2_days,rep_3,25,6
train,2,22406,86986,86986,125287,6,13,695,5.5,6,23,2,659.640053362438,5,295.0,333.0,38.0,8.763157894736842,19.0,0.6,59.0,19.0,1,rolling,losing_streak_fitness,2_days,rep_3,25,6
test,2,22406,86986,86986,125287,6,13,695,5.5,6,23,2,106.8,9,89.0,222.0,133.0,1.669172932330827,95.0,0.2222222222222222,9.88888888888889,19.0,5,rolling,losing_streak_fitness,2_days,rep_3,26,6
train,2,22406,86986,86986,125287,6,13,695,5.5,6,23,2,659.640053362438,5,295.0,333.0,38.0,8.763157894736842,19.0,0.6,59.0,19.0,1,rolling,losing_streak_fitness,2_days,rep_3,26,6
test,2,22406,86986,86986,125287,6,13,695,5.5,6,23,2,106.8,9,89.0,222.0,133.0,1.669172932330827,95.0,0.2222222222222222,9.88888888888889,19.0,5,rolling,losing_streak_fitness,2_days,rep_3,27,6
train,2,22406,86986,86986,125287,6,13,695,5.5,6,23,2,659.640053362438,5,295.0,333.0,38.0,8.763157894736842,19.0,0.6,59.0,19.0,1,rolling,losing_streak_fitness,2_days,rep_3,27,6
test,2,22406,86986,86986,125287,6,13,695,5.5,6,23,2,106.8,9,89.0,222.0,133.0,1.669172932330827,95.0,0.2222222222222222,9.88888888888889,19.0,5,rolling,losing_streak_fitness,2_days,rep_3,28,6
train,2,22406,86986,86986,125287,6,13,695,5.5,6,23,2,659.640053362438,5,295.0,333.0,38.0,8.763157894736842,19.0,0.6,59.0,19.0,1,rolling,losing_streak_fitness,2_days,rep_3,28,6
test,2,22406,86986,86986,125287,6,13,695,5.5,6,23,2,106.8,9,89.0,222.0,133.0,1.669172932330827,95.0,0.2222222222222222,9.88888888888889,19.0,5,rolling,losing_streak_fitness,2_days,rep_3,29,6
train,2,22406,86986,86986,125287,6,13,695,5.5,6,23,2,659.640053362438,5,295.0,333.0,38.0,8.763157894736842,19.0,0.6,59.0,19.0,1,rolling,losing_streak_fitness,2_days,rep_3,29,6
test,2,22406,86986,86986,125287,6,13,695,5.5,6,23,2,106.8,9,89.0,222.0,133.0,1.669172932330827,95.0,0.2222222222222222,9.88888888888889,19.0,5,rolling,losing_streak_fitness,2_days,rep_3,30,6
train,2,22406,86986,86986,125287,6,13,695,5.5,6,23,2,659.640053362438,5,295.0,333.0,38.0,8.763157894736842,19.0,0.6,59.0,19.0,1,rolling,losing_streak_fitness,2_days,rep_3,30,6
test,2,22406,86986,86986,125287,6,13,695,5.5,6,23,2,106.8,9,89.0,222.0,133.0,1.669172932330827,95.0,0.2222222222222222,9.88888888888889,19.0,5,rolling,losing_streak_fitness,2_days,rep_3,31,6
train,2,22406,86986,86986,125287,6,13,695,5.5,6,23,2,659.640053362438,5,295.0,333.0,38.0,8.763157894736842,19.0,0.6,59.0,19.0,1,rolling,losing_streak_fitness,2_days,rep_3,31,6
test,2,22406,86986,86986,125287,6,13,695,5.5,6,23,2,106.8,9,89.0,222.0,133.0,1.669172932330827,95.0,0.2222222222222222,9.88888888888889,19.0,5,rolling,losing_streak_fitness,2_days,rep_3,32,6
train,2,22406,86986,86986,125287,6,13,695,5.5,6,23,2,659.640053362438,5,295.0,333.0,38.0,8.763157894736842,19.0,0.6,59.0,19.0,1,rolling,losing_streak_fitness,2_days,rep_3,32,6
test,2,22406,86986,86986,125287,6,13,695,5.5,6,23,2,106.8,9,89.0,222.0,133.0,1.669172932330827,95.0,0.2222222222222222,9.88888888888889,19.0,5,rolling,losing_streak_fitness,2_days,rep_3,33,6
train,2,22406,86986,86986,125287,6,13,695,5.5,6,23,2,659.640053362438,5,295.0,333.0,38.0,8.763157894736842,19.0,0.6,59.0,19.0,1,rolling,losing_streak_fitness,2_days,rep_3,33,6
test,2,22406,86986,86986,125287,6,13,695,5.5,6,23,2,106.8,9,89.0,222.0,133.0,1.669172932330827,95.0,0.2222222222222222,9.88888888888889,19.0,5,rolling,losing_streak_fitness,2_days,rep_3,34,6
train,2,22406,86986,86986,125287,6,13,695,5.5,6,23,2,659.640053362438,5,295.0,333.0,38.0,8.763157894736842,19.0,0.6,59.0,19.0,1,rolling,losing_streak_fitness,2_days,rep_3,34,6
test,2,22406,86986,86986,125287,6,13,695,5.5,6,23,2,106.8,9,89.0,222.0,133.0,1.669172932330827,95.0,0.2222222222222222,9.88888888888889,19.0,5,rolling,losing_streak_fitness,2_days,rep_3,35,6
train,2,22406,86986,86986,125287,6,13,695,5.5,6,23,2,659.640053362438,5,295.0,333.0,38.0,8.763157894736842,19.0,0.6,59.0,19.0,1,rolling,losing_streak_fitness,2_days,rep_3,35,6
test,2,22406,86986,86986,125287,6,13,695,5.5,6,23,2,106.8,9,89.0,222.0,133.0,1.669172932330827,95.0,0.2222222222222222,9.88888888888889,19.0,5,rolling,losing_streak_fitness,2_days,rep_3,36,6
train,2,22406,86986,86986,125287,6,13,695,5.5,6,23,2,659.640053362438,5,295.0,333.0,38.0,8.763157894736842,19.0,0.6,59.0,19.0,1,rolling,losing_streak_fitness,2_days,rep_3,36,6
test,2,22406,86986,86986,125287,6,13,695,5.5,6,23,2,106.8,9,89.0,222.0,133.0,1.669172932330827,95.0,0.2222222222222222,9.88888888888889,19.0,5,rolling,losing_streak_fitness,2_days,rep_3,37,6
train,2,22406,86986,86986,125287,6,13,695,5.5,6,23,2,659.640053362438,5,295.0,333.0,38.0,8.763157894736842,19.0,0.6,59.0,19.0,1,rolling,losing_streak_fitness,2_days,rep_3,37,6
test,2,22406,86986,86986,125287,6,13,695,5.5,6,23,2,106.8,9,89.0,222.0,133.0,1.669172932330827,95.0,0.2222222222222222,9.88888888888889,19.0,5,rolling,losing_streak_fitness,2_days,rep_3,38,6
train,2,22406,86986,86986,125287,6,13,695,5.5,6,23,2,659.640053362438,5,295.0,333.0,38.0,8.763157894736842,19.0,0.6,59.0,19.0,1,rolling,losing_streak_fitness,2_days,rep_3,38,6
test,2,22406,86986,86986,125287,6,13,695,5.5,6,23,2,106.8,9,89.0,222.0,133.0,1.669172932330827,95.0,0.2222222222222222,9.88888888888889,19.0,5,rolling,losing_streak_fitness,2_days,rep_3,39,6
train,2,22406,86986,86986,125287,6,13,695,5.5,6,23,2,659.640053362438,5,295.0,333.0,38.0,8.763157894736842,19.0,0.6,59.0,19.0,1,rolling,losing_streak_fitness,2_days,rep_3,39,6
test,2,22406,86986,86986,125287,6,13,695,5.5,6,23,2,106.8,9,89.0,222.0,133.0,1.669172932330827,95.0,0.2222222222222222,9.88888888888889,19.0,5,rolling,losing_streak_fitness,2_days,rep_3,40,6
train,2,22406,86986,86986,125287,6,13,695,5.5,6,23,2,659.640053362438,5,295.0,333.0,38.0,8.763157894736842,19.0,0.6,59.0,19.0,1,rolling,losing_streak_fitness,2_days,rep_3,40,6
test,2,22406,86986,86986,125287,6,13,695,5.5,6,23,2,106.8,9,89.0,222.0,133.0,1.669172932330827,95.0,0.2222222222222222,9.88888888888889,19.0,5,rolling,losing_streak_fitness,2_days,rep_3,41,6
train,2,22406,86986,86986,125287,6,13,695,5.5,6,23,2,659.640053362438,5,295.0,333.0,38.0,8.763157894736842,19.0,0.6,59.0,19.0,1,rolling,losing_streak_fitness,2_days,rep_3,41,6
test,2,22406,86986,86986,125287,6,13,695,5.5,6,23,2,106.8,9,89.0,222.0,133.0,1.669172932330827,95.0,0.2222222222222222,9.88888888888889,19.0,5,rolling,losing_streak_fitness,2_days,rep_3,42,6
train,2,22406,86986,86986,125287,6,13,695,5.5,6,23,2,659.640053362438,5,295.0,333.0,38.0,8.763157894736842,19.0,0.6,59.0,19.0,1,rolling,losing_streak_fitness,2_days,rep_3,42,6
test,2,22406,86986,86986,125287,6,13,695,5.5,6,23,2,106.8,9,89.0,222.0,133.0,1.669172932330827,95.0,0.2222222222222222,9.88888888888889,19.0,5,rolling,losing_streak_fitness,2_days,rep_3,43,6
train,2,22406,86986,86986,125287,6,13,695,5.5,6,23,2,659.640053362438,5,295.0,333.0,38.0,8.763157894736842,19.0,0.6,59.0,19.0,1,rolling,losing_streak_fitness,2_days,rep_3,43,6
test,2,22406,86986,86986,125287,6,13,695,5.5,6,23,2,106.8,9,89.0,222.0,133.0,1.669172932330827,95.0,0.2222222222222222,9.88888888888889,19.0,5,rolling,losing_streak_fitness,2_days,rep_3,44,6
train,2,22406,86986,86986,125287,6,13,695,5.5,6,23,2,659.640053362438,5,295.0,333.0,38.0,8.763157894736842,19.0,0.6,59.0,19.0,1,rolling,losing_streak_fitness,2_days,rep_3,44,6
test,2,22406,86986,86986,125287,6,13,695,5.5,6,23,2,106.8,9,89.0,222.0,133.0,1.669172932330827,95.0,0.2222222222222222,9.88888888888889,19.0,5,rolling,losing_streak_fitness,2_days,rep_3,45,6
train,2,22406,86986,86986,125287,6,13,695,5.5,6,23,2,659.640053362438,5,295.0,333.0,38.0,8.763157894736842,19.0,0.6,59.0,19.0,1,rolling,losing_streak_fitness,2_days,rep_3,45,6
test,2,22406,86986,86986,125287,6,13,695,5.5,6,23,2,106.8,9,89.0,222.0,133.0,1.669172932330827,95.0,0.2222222222222222,9.88888888888889,19.0,5,rolling,losing_streak_fitness,2_days,rep_3,46,6
train,2,22406,86986,86986,125287,6,13,695,5.5,6,23,2,659.640053362438,5,295.0,333.0,38.0,8.763157894736842,19.0,0.6,59.0,19.0,1,rolling,losing_streak_fitness,2_days,rep_3,46,6
test,2,22406,86986,86986,125287,6,13,695,5.5,6,23,2,106.8,9,89.0,222.0,133.0,1.669172932330827,95.0,0.2222222222222222,9.88888888888889,19.0,5,rolling,losing_streak_fitness,2_days,rep_3,47,6
train,2,22406,86986,86986,125287,6,13,695,5.5,6,23,2,659.640053362438,5,295.0,333.0,38.0,8.763157894736842,19.0,0.6,59.0,19.0,1,rolling,losing_streak_fitness,2_days,rep_3,47,6
test,2,22406,86986,86986,125287,6,13,695,5.5,6,23,2,106.8,9,89.0,222.0,133.0,1.669172932330827,95.0,0.2222222222222222,9.88888888888889,19.0,5,rolling,losing_streak_fitness,2_days,rep_3,48,6
train,2,22406,86986,86986,125287,6,13,695,5.5,6,23,2,659.640053362438,5,295.0,333.0,38.0,8.763157894736842,19.0,0.6,59.0,19.0,1,rolling,losing_streak_fitness,2_days,rep_3,48,6
test,2,22406,86986,86986,125287,6,13,695,5.5,6,23,2,106.8,9,89.0,222.0,133.0,1.669172932330827,95.0,0.2222222222222222,9.88888888888889,19.0,5,rolling,losing_streak_fitness,2_days,rep_3,49,6
train,2,22406,86986,86986,125287,6,13,695,5.5,6,23,2,659.640053362438,5,295.0,333.0,38.0,8.763157894736842,19.0,0.6,59.0,19.0,1,rolling,losing_streak_fitness,2_days,rep_3,49,6
test,2,22406,86986,86986,125287,6,13,695,5.5,6,23,2,106.8,9,89.0,222.0,133.0,1.669172932330827,95.0,0.2222222222222222,9.88888888888889,19.0,5,rolling,losing_streak_fitness,2_days,rep_3,50,6
train,2,22406,86986,86986,125287,6,13,695,5.5,6,23,2,659.640053362438,5,295.0,333.0,38.0,8.763157894736842,19.0,0.6,59.0,19.0,1,rolling,losing_streak_fitness,2_days,rep_3,50,6
test,2,22406,86986,86986,125287,6,13,695,5.5,6,23,2,106.8,9,89.0,222.0,133.0,1.669172932330827,95.0,0.2222222222222222,9.88888888888889,19.0,5,rolling,losing_streak_fitness,2_days,rep_3,51,6
train,2,22406,86986,86986,125287,6,13,695,5.5,6,23,2,659.640053362438,5,295.0,333.0,38.0,8.763157894736842,19.0,0.6,59.0,19.0,1,rolling,losing_streak_fitness,2_days,rep_3,51,6
test,2,22406,86986,86986,125287,6,13,695,5.5,6,23,2,106.8,9,89.0,222.0,133.0,1.669172932330827,95.0,0.2222222222222222,9.88888888888889,19.0,5,rolling,losing_streak_fitness,2_days,rep_3,52,6
train,2,22406,86986,86986,125287,6,13,695,5.5,6,23,2,659.640053362438,5,295.0,333.0,38.0,8.763157894736842,19.0,0.6,59.0,19.0,1,rolling,losing_streak_fitness,2_days,rep_3,52,6
test,2,22406,86986,86986,125287,6,13,695,5.5,6,23,2,106.8,9,89.0,222.0,133.0,1.669172932330827,95.0,0.2222222222222222,9.88888888888889,19.0,5,rolling,losing_streak_fitness,2_days,rep_3,53,6
train,2,22406,86986,86986,125287,6,13,695,5.5,6,23,2,659.640053362438,5,295.0,333.0,38.0,8.763157894736842,19.0,0.6,59.0,19.0,1,rolling,losing_streak_fitness,2_days,rep_3,53,6
test,2,22406,86986,86986,125287,6,13,695,5.5,6,23,2,106.8,9,89.0,222.0,133.0,1.669172932330827,95.0,0.2222222222222222,9.88888888888889,19.0,5,rolling,losing_streak_fitness,2_days,rep_3,54,6
train,2,22406,86986,86986,125287,6,13,695,5.5,6,23,2,659.640053362438,5,295.0,333.0,38.0,8.763157894736842,19.0,0.6,59.0,19.0,1,rolling,losing_streak_fitness,2_days,rep_3,54,6
test,2,22406,86986,86986,125287,6,13,695,5.5,6,23,2,106.8,9,89.0,222.0,133.0,1.669172932330827,95.0,0.2222222222222222,9.88888888888889,19.0,5,rolling,losing_streak_fitness,2_days,rep_3,55,6
train,2,22406,86986,86986,125287,6,13,695,5.5,6,23,2,659.640053362438,5,295.0,333.0,38.0,8.763157894736842,19.0,0.6,59.0,19.0,1,rolling,losing_streak_fitness,2_days,rep_3,55,6
test,2,22406,86986,86986,125287,6,13,695,5.5,6,23,2,106.8,9,89.0,222.0,133.0,1.669172932330827,95.0,0.2222222222222222,9.88888888888889,19.0,5,rolling,losing_streak_fitness,2_days,rep_3,56,6
train,2,22406,86986,86986,125287,6,13,695,5.5,6,23,2,659.640053362438,5,295.0,333.0,38.0,8.763157894736842,19.0,0.6,59.0,19.0,1,rolling,losing_streak_fitness,2_days,rep_3,56,6
test,2,22406,86986,86986,125287,6,13,695,5.5,6,23,2,106.8,9,89.0,222.0,133.0,1.669172932330827,95.0,0.2222222222222222,9.88888888888889,19.0,5,rolling,losing_streak_fitness,2_days,rep_3,57,6
train,2,22406,86986,86986,125287,6,13,695,5.5,6,23,2,659.640053362438,5,295.0,333.0,38.0,8.763157894736842,19.0,0.6,59.0,19.0,1,rolling,losing_streak_fitness,2_days,rep_3,57,6
test,2,22406,86986,86986,125287,6,13,695,5.5,6,23,2,106.8,9,89.0,222.0,133.0,1.669172932330827,95.0,0.2222222222222222,9.88888888888889,19.0,5,rolling,losing_streak_fitness,2_days,rep_3,58,6
train,2,22406,86986,86986,125287,6,13,695,5.5,6,23,2,659.640053362438,5,295.0,333.0,38.0,8.763157894736842,19.0,0.6,59.0,19.0,1,rolling,losing_streak_fitness,2_days,rep_3,58,6
test,2,22406,86986,86986,125287,6,13,695,5.5,6,23,2,106.8,9,89.0,222.0,133.0,1.669172932330827,95.0,0.2222222222222222,9.88888888888889,19.0,5,rolling,losing_streak_fitness,2_days,rep_3,59,6
train,2,22406,86986,86986,125287,6,13,695,5.5,6,23,2,659.640053362438,5,295.0,333.0,38.0,8.763157894736842,19.0,0.6,59.0,19.0,1,rolling,losing_streak_fitness,2_days,rep_3,59,6
test,2,22406,86986,86986,125287,6,13,695,5.5,6,23,2,106.8,9,89.0,222.0,133.0,1.669172932330827,95.0,0.2222222222222222,9.88888888888889,19.0,5,rolling,losing_streak_fitness,2_days,rep_3,60,6
train,2,22406,86986,86986,125287,6,13,695,5.5,6,23,2,659.640053362438,5,295.0,333.0,38.0,8.763157894736842,19.0,0.6,59.0,19.0,1,rolling,losing_streak_fitness,2_days,rep_3,60,6
test,2,22406,86986,86986,125287,6,13,695,5.5,6,23,2,106.8,9,89.0,222.0,133.0,1.669172932330827,95.0,0.2222222222222222,9.88888888888889,19.0,5,rolling,losing_streak_fitness,2_days,rep_3,61,6
train,2,22406,86986,86986,125287,6,13,695,5.5,6,23,2,659.640053362438,5,295.0,333.0,38.0,8.763157894736842,19.0,0.6,59.0,19.0,1,rolling,losing_streak_fitness,2_days,rep_3,61,6
test,2,22406,86986,86986,125287,6,13,695,5.5,6,23,2,106.8,9,89.0,222.0,133.0,1.669172932330827,95.0,0.2222222222222222,9.88888888888889,19.0,5,rolling,losing_streak_fitness,2_days,rep_3,62,6
train,2,22406,86986,86986,125287,6,13,695,5.5,6,23,2,659.640053362438,5,295.0,333.0,38.0,8.763157894736842,19.0,0.6,59.0,19.0,1,rolling,losing_streak_fitness,2_days,rep_3,62,6
test,2,22406,86986,86986,125287,6,13,695,5.5,6,23,2,106.8,9,89.0,222.0,133.0,1.669172932330827,95.0,0.2222222222222222,9.88888888888889,19.0,5,rolling,losing_streak_fitness,2_days,rep_3,63,6
train,2,22406,86986,86986,125287,6,13,695,5.5,6,23,2,659.640053362438,5,295.0,333.0,38.0,8.763157894736842,19.0,0.6,59.0,19.0,1,rolling,losing_streak_fitness,2_days,rep_3,63,6
test,2,22406,86986,86986,125287,6,13,695,5.5,6,23,2,106.8,9,89.0,222.0,133.0,1.669172932330827,95.0,0.2222222222222222,9.88888888888889,19.0,5,rolling,losing_streak_fitness,2_days,rep_3,64,6
train,2,22406,86986,86986,125287,6,13,695,5.5,6,23,2,659.640053362438,5,295.0,333.0,38.0,8.763157894736842,19.0,0.6,59.0,19.0,1,rolling,losing_streak_fitness,2_days,rep_3,64,6
test,2,22406,86986,86986,125287,6,13,695,5.5,6,23,2,106.8,9,89.0,222.0,133.0,1.669172932330827,95.0,0.2222222222222222,9.88888888888889,19.0,5,rolling,losing_streak_fitness,2_days,rep_3,65,6
train,2,22406,86986,86986,125287,6,13,695,5.5,6,23,2,659.640053362438,5,295.0,333.0,38.0,8.763157894736842,19.0,0.6,59.0,19.0,1,rolling,losing_streak_fitness,2_days,rep_3,65,6
test,2,22406,86986,86986,125287,6,13,695,5.5,6,23,2,106.8,9,89.0,222.0,133.0,1.669172932330827,95.0,0.2222222222222222,9.88888888888889,19.0,5,rolling,losing_streak_fitness,2_days,rep_3,66,6
train,2,22406,86986,86986,125287,6,13,695,5.5,6,23,2,659.640053362438,5,295.0,333.0,38.0,8.763157894736842,19.0,0.6,59.0,19.0,1,rolling,losing_streak_fitness,2_days,rep_3,66,6
test,2,22406,86986,86986,125287,6,13,695,5.5,6,23,2,106.8,9,89.0,222.0,133.0,1.669172932330827,95.0,0.2222222222222222,9.88888888888889,19.0,5,rolling,losing_streak_fitness,2_days,rep_3,67,6
train,2,22406,86986,86986,125287,6,13,695,5.5,6,23,2,659.640053362438,5,295.0,333.0,38.0,8.763157894736842,19.0,0.6,59.0,19.0,1,rolling,losing_streak_fitness,2_days,rep_3,67,6
test,2,22406,86986,86986,125287,6,13,695,5.5,6,23,2,106.8,9,89.0,222.0,133.0,1.669172932330827,95.0,0.2222222222222222,9.88888888888889,19.0,5,rolling,losing_streak_fitness,2_days,rep_3,68,6
train,2,22406,86986,86986,125287,6,13,695,5.5,6,23,2,659.640053362438,5,295.0,333.0,38.0,8.763157894736842,19.0,0.6,59.0,19.0,1,rolling,losing_streak_fitness,2_days,rep_3,68,6
test,2,22406,86986,86986,125287,6,13,695,5.5,6,23,2,106.8,9,89.0,222.0,133.0,1.669172932330827,95.0,0.2222222222222222,9.88888888888889,19.0,5,rolling,losing_streak_fitness,2_days,rep_3,69,6
train,2,22406,86986,86986,125287,6,13,695,5.5,6,23,2,659.640053362438,5,295.0,333.0,38.0,8.763157894736842,19.0,0.6,59.0,19.0,1,rolling,losing_streak_fitness,2_days,rep_3,69,6
test,2,22406,86986,86986,125287,6,13,695,5.5,6,23,2,106.8,9,89.0,222.0,133.0,1.669172932330827,95.0,0.2222222222222222,9.88888888888889,19.0,5,rolling,losing_streak_fitness,2_days,rep_3,70,6
train,2,22406,86986,86986,125287,6,13,695,5.5,6,23,2,659.640053362438,5,295.0,333.0,38.0,8.763157894736842,19.0,0.6,59.0,19.0,1,rolling,losing_streak_fitness,2_days,rep_3,70,6
test,2,22406,86986,86986,125287,6,13,695,5.5,6,23,2,106.8,9,89.0,222.0,133.0,1.669172932330827,95.0,0.2222222222222222,9.88888888888889,19.0,5,rolling,losing_streak_fitness,2_days,rep_3,71,6
train,2,22406,86986,86986,125287,6,13,695,5.5,6,23,2,659.640053362438,5,295.0,333.0,38.0,8.763157894736842,19.0,0.6,59.0,19.0,1,rolling,losing_streak_fitness,2_days,rep_3,71,6
test,2,22406,86986,86986,125287,6,13,695,5.5,6,23,2,106.8,9,89.0,222.0,133.0,1.669172932330827,95.0,0.2222222222222222,9.88888888888889,19.0,5,rolling,losing_streak_fitness,2_days,rep_3,72,6
train,2,22406,86986,86986,125287,6,13,695,5.5,6,23,2,659.640053362438,5,295.0,333.0,38.0,8.763157894736842,19.0,0.6,59.0,19.0,1,rolling,losing_streak_fitness,2_days,rep_3,72,6
test,2,22406,86986,86986,125287,6,13,695,5.5,6,23,2,106.8,9,89.0,222.0,133.0,1.669172932330827,95.0,0.2222222222222222,9.88888888888889,19.0,5,rolling,losing_streak_fitness,2_days,rep_3,73,6
train,2,22406,86986,86986,125287,6,13,695,5.5,6,23,2,659.640053362438,5,295.0,333.0,38.0,8.763157894736842,19.0,0.6,59.0,19.0,1,rolling,losing_streak_fitness,2_days,rep_3,73,6
test,2,22406,86986,86986,125287,6,13,695,5.5,6,23,2,106.8,9,89.0,222.0,133.0,1.669172932330827,95.0,0.2222222222222222,9.88888888888889,19.0,5,rolling,losing_streak_fitness,2_days,rep_3,74,6
train,2,22406,86986,86986,125287,6,13,695,5.5,6,23,2,659.640053362438,5,295.0,333.0,38.0,8.763157894736842,19.0,0.6,59.0,19.0,1,rolling,losing_streak_fitness,2_days,rep_3,74,6
test,2,22406,86986,86986,125287,6,13,695,5.5,6,23,2,106.8,9,89.0,222.0,133.0,1.669172932330827,95.0,0.2222222222222222,9.88888888888889,19.0,5,rolling,losing_streak_fitness,2_days,rep_3,75,6
train,2,22406,86986,86986,125287,6,13,695,5.5,6,23,2,659.640053362438,5,295.0,333.0,38.0,8.763157894736842,19.0,0.6,59.0,19.0,1,rolling,losing_streak_fitness,2_days,rep_3,75,6
test,2,22406,86986,86986,125287,6,13,695,5.5,6,23,2,106.8,9,89.0,222.0,133.0,1.669172932330827,95.0,0.2222222222222222,9.88888888888889,19.0,5,rolling,losing_streak_fitness,2_days,rep_3,76,6
train,2,22406,86986,86986,125287,6,13,695,5.5,6,23,2,659.640053362438,5,295.0,333.0,38.0,8.763157894736842,19.0,0.6,59.0,19.0,1,rolling,losing_streak_fitness,2_days,rep_3,76,6
test,2,22406,86986,86986,125287,6,13,695,5.5,6,23,2,106.8,9,89.0,222.0,133.0,1.669172932330827,95.0,0.2222222222222222,9.88888888888889,19.0,5,rolling,losing_streak_fitness,2_days,rep_3,77,6
train,2,22406,86986,86986,125287,6,13,695,5.5,6,23,2,659.640053362438,5,295.0,333.0,38.0,8.763157894736842,19.0,0.6,59.0,19.0,1,rolling,losing_streak_fitness,2_days,rep_3,77,6
test,2,22406,86986,86986,125287,6,13,695,5.5,6,23,2,106.8,9,89.0,222.0,133.0,1.669172932330827,95.0,0.2222222222222222,9.88888888888889,19.0,5,rolling,losing_streak_fitness,2_days,rep_3,78,6
train,2,22406,86986,86986,125287,6,13,695,5.5,6,23,2,659.640053362438,5,295.0,333.0,38.0,8.763157894736842,19.0,0.6,59.0,19.0,1,rolling,losing_streak_fitness,2_days,rep_3,78,6
test,2,22406,86986,86986,125287,6,13,695,5.5,6,23,2,106.8,9,89.0,222.0,133.0,1.669172932330827,95.0,0.2222222222222222,9.88888888888889,19.0,5,rolling,losing_streak_fitness,2_days,rep_3,79,6
train,2,22406,86986,86986,125287,6,13,695,5.5,6,23,2,659.640053362438,5,295.0,333.0,38.0,8.763157894736842,19.0,0.6,59.0,19.0,1,rolling,losing_streak_fitness,2_days,rep_3,79,6
test,2,22406,86986,86986,125287,6,13,695,5.5,6,23,2,106.8,9,89.0,222.0,133.0,1.669172932330827,95.0,0.2222222222222222,9.88888888888889,19.0,5,rolling,losing_streak_fitness,2_days,rep_3,80,6
train,2,22406,86986,86986,125287,6,13,695,5.5,6,23,2,659.640053362438,5,295.0,333.0,38.0,8.763157894736842,19.0,0.6,59.0,19.0,1,rolling,losing_streak_fitness,2_days,rep_3,80,6
test,2,22406,86986,86986,125287,6,13,695,5.5,6,23,2,106.8,9,89.0,222.0,133.0,1.669172932330827,95.0,0.2222222222222222,9.88888888888889,19.0,5,rolling,losing_streak_fitness,2_days,rep_3,81,6
train,2,22406,86986,86986,125287,6,13,695,5.5,6,23,2,659.640053362438,5,295.0,333.0,38.0,8.763157894736842,19.0,0.6,59.0,19.0,1,rolling,losing_streak_fitness,2_days,rep_3,81,6
test,2,22406,86986,86986,125287,6,13,695,5.5,6,23,2,106.8,9,89.0,222.0,133.0,1.669172932330827,95.0,0.2222222222222222,9.88888888888889,19.0,5,rolling,losing_streak_fitness,2_days,rep_3,82,6
train,2,22406,86986,86986,125287,6,13,695,5.5,6,23,2,659.640053362438,5,295.0,333.0,38.0,8.763157894736842,19.0,0.6,59.0,19.0,1,rolling,losing_streak_fitness,2_days,rep_3,82,6
test,2,22406,86986,86986,125287,6,13,695,5.5,6,23,2,106.8,9,89.0,222.0,133.0,1.669172932330827,95.0,0.2222222222222222,9.88888888888889,19.0,5,rolling,losing_streak_fitness,2_days,rep_3,83,6
train,2,22406,86986,86986,125287,6,13,695,5.5,6,23,2,659.640053362438,5,295.0,333.0,38.0,8.763157894736842,19.0,0.6,59.0,19.0,1,rolling,losing_streak_fitness,2_days,rep_3,83,6
test,2,22406,86986,86986,125287,6,13,695,5.5,6,23,2,106.8,9,89.0,222.0,133.0,1.669172932330827,95.0,0.2222222222222222,9.88888888888889,19.0,5,rolling,losing_streak_fitness,2_days,rep_3,84,6
train,2,22406,86986,86986,125287,6,13,695,5.5,6,23,2,659.640053362438,5,295.0,333.0,38.0,8.763157894736842,19.0,0.6,59.0,19.0,1,rolling,losing_streak_fitness,2_days,rep_3,84,6
test,2,22406,86986,86986,125287,6,13,695,5.5,6,23,2,106.8,9,89.0,222.0,133.0,1.669172932330827,95.0,0.2222222222222222,9.88888888888889,19.0,5,rolling,losing_streak_fitness,2_days,rep_3,85,6
train,2,22406,86986,86986,125287,6,13,695,5.5,6,23,2,659.640053362438,5,295.0,333.0,38.0,8.763157894736842,19.0,0.6,59.0,19.0,1,rolling,losing_streak_fitness,2_days,rep_3,85,6
test,2,22406,86986,86986,125287,6,13,695,5.5,6,23,2,106.8,9,89.0,222.0,133.0,1.669172932330827,95.0,0.2222222222222222,9.88888888888889,19.0,5,rolling,losing_streak_fitness,2_days,rep_3,86,6
train,2,22406,86986,86986,125287,6,13,695,5.5,6,23,2,659.640053362438,5,295.0,333.0,38.0,8.763157894736842,19.0,0.6,59.0,19.0,1,rolling,losing_streak_fitness,2_days,rep_3,86,6
test,2,22406,86986,86986,125287,6,13,695,5.5,6,23,2,106.8,9,89.0,222.0,133.0,1.669172932330827,95.0,0.2222222222222222,9.88888888888889,19.0,5,rolling,losing_streak_fitness,2_days,rep_3,87,6
train,2,22406,86986,86986,125287,6,13,695,5.5,6,23,2,659.640053362438,5,295.0,333.0,38.0,8.763157894736842,19.0,0.6,59.0,19.0,1,rolling,losing_streak_fitness,2_days,rep_3,87,6
test,2,22406,86986,86986,125287,6,13,695,5.5,6,23,2,106.8,9,89.0,222.0,133.0,1.669172932330827,95.0,0.2222222222222222,9.88888888888889,19.0,5,rolling,losing_streak_fitness,2_days,rep_3,88,6
train,2,22406,86986,86986,125287,6,13,695,5.5,6,23,2,659.640053362438,5,295.0,333.0,38.0,8.763157894736842,19.0,0.6,59.0,19.0,1,rolling,losing_streak_fitness,2_days,rep_3,88,6
test,2,22406,86986,86986,125287,6,13,695,5.5,6,23,2,106.8,9,89.0,222.0,133.0,1.669172932330827,95.0,0.2222222222222222,9.88888888888889,19.0,5,rolling,losing_streak_fitness,2_days,rep_3,89,6
train,2,22406,86986,86986,125287,6,13,695,5.5,6,23,2,659.640053362438,5,295.0,333.0,38.0,8.763157894736842,19.0,0.6,59.0,19.0,1,rolling,losing_streak_fitness,2_days,rep_3,89,6
test,2,22406,86986,86986,125287,6,13,695,5.5,6,23,2,106.8,9,89.0,222.0,133.0,1.669172932330827,95.0,0.2222222222222222,9.88888888888889,19.0,5,rolling,losing_streak_fitness,2_days,rep_3,90,6
train,2,22406,86986,86986,125287,6,13,695,5.5,6,23,2,659.640053362438,5,295.0,333.0,38.0,8.763157894736842,19.0,0.6,59.0,19.0,1,rolling,losing_streak_fitness,2_days,rep_3,90,6
test,2,22406,86986,86986,125287,6,13,695,5.5,6,23,2,106.8,9,89.0,222.0,133.0,1.669172932330827,95.0,0.2222222222222222,9.88888888888889,19.0,5,rolling,losing_streak_fitness,2_days,rep_3,91,6
train,2,22406,86986,86986,125287,6,13,695,5.5,6,23,2,659.640053362438,5,295.0,333.0,38.0,8.763157894736842,19.0,0.6,59.0,19.0,1,rolling,losing_streak_fitness,2_days,rep_3,91,6
test,2,22406,86986,86986,125287,6,13,695,5.5,6,23,2,106.8,9,89.0,222.0,133.0,1.669172932330827,95.0,0.2222222222222222,9.88888888888889,19.0,5,rolling,losing_streak_fitness,2_days,rep_3,92,6
train,2,22406,86986,86986,125287,6,13,695,5.5,6,23,2,659.640053362438,5,295.0,333.0,38.0,8.763157894736842,19.0,0.6,59.0,19.0,1,rolling,losing_streak_fitness,2_days,rep_3,92,6
test,2,22406,86986,86986,125287,6,13,695,5.5,6,23,2,106.8,9,89.0,222.0,133.0,1.669172932330827,95.0,0.2222222222222222,9.88888888888889,19.0,5,rolling,losing_streak_fitness,2_days,rep_3,93,6
train,2,22406,86986,86986,125287,6,13,695,5.5,6,23,2,659.640053362438,5,295.0,333.0,38.0,8.763157894736842,19.0,0.6,59.0,19.0,1,rolling,losing_streak_fitness,2_days,rep_3,93,6
test,2,22406,86986,86986,125287,6,13,695,5.5,6,23,2,106.8,9,89.0,222.0,133.0,1.669172932330827,95.0,0.2222222222222222,9.88888888888889,19.0,5,rolling,losing_streak_fitness,2_days,rep_3,94,6
train,2,22406,86986,86986,125287,6,13,695,5.5,6,23,2,659.640053362438,5,295.0,333.0,38.0,8.763157894736842,19.0,0.6,59.0,19.0,1,rolling,losing_streak_fitness,2_days,rep_3,94,6
test,2,22406,86986,86986,125287,6,13,695,5.5,6,23,2,106.8,9,89.0,222.0,133.0,1.669172932330827,95.0,0.2222222222222222,9.88888888888889,19.0,5,rolling,losing_streak_fitness,2_days,rep_3,95,6
train,2,22406,86986,86986,125287,6,13,695,5.5,6,23,2,659.640053362438,5,295.0,333.0,38.0,8.763157894736842,19.0,0.6,59.0,19.0,1,rolling,losing_streak_fitness,2_days,rep_3,95,6
test,2,22406,86986,86986,125287,6,13,695,5.5,6,23,2,106.8,9,89.0,222.0,133.0,1.669172932330827,95.0,0.2222222222222222,9.88888888888889,19.0,5,rolling,losing_streak_fitness,2_days,rep_3,96,6
train,2,22406,86986,86986,125287,6,13,695,5.5,6,23,2,659.640053362438,5,295.0,333.0,38.0,8.763157894736842,19.0,0.6,59.0,19.0,1,rolling,losing_streak_fitness,2_days,rep_3,96,6
test,2,22406,86986,86986,125287,6,13,695,5.5,6,23,2,106.8,9,89.0,222.0,133.0,1.669172932330827,95.0,0.2222222222222222,9.88888888888889,19.0,5,rolling,losing_streak_fitness,2_days,rep_3,97,6
train,2,22406,86986,86986,125287,6,13,695,5.5,6,23,2,659.640053362438,5,295.0,333.0,38.0,8.763157894736842,19.0,0.6,59.0,19.0,1,rolling,losing_streak_fitness,2_days,rep_3,97,6
test,2,22406,86986,86986,125287,6,13,695,5.5,6,23,2,106.8,9,89.0,222.0,133.0,1.669172932330827,95.0,0.2222222222222222,9.88888888888889,19.0,5,rolling,losing_streak_fitness,2_days,rep_3,98,6
train,2,22406,86986,86986,125287,6,13,695,5.5,6,23,2,659.640053362438,5,295.0,333.0,38.0,8.763157894736842,19.0,0.6,59.0,19.0,1,rolling,losing_streak_fitness,2_days,rep_3,98,6
test,2,22406,86986,86986,125287,6,13,695,5.5,6,23,2,106.8,9,89.0,222.0,133.0,1.669172932330827,95.0,0.2222222222222222,9.88888888888889,19.0,5,rolling,losing_streak_fitness,2_days,rep_3,99,6
train,2,22406,86986,86986,125287,6,13,695,5.5,6,23,2,659.640053362438,5,295.0,333.0,38.0,8.763157894736842,19.0,0.6,59.0,19.0,1,rolling,losing_streak_fitness,2_days,rep_3,99,6
test,2,22406,86986,86986,125287,6,13,695,5.5,6,23,2,106.8,9,89.0,222.0,133.0,1.669172932330827,95.0,0.2222222222222222,9.88888888888889,19.0,5,rolling,losing_streak_fitness,2_days,rep_3,100,6
train,2,22406,86986,86986,125287,6,13,695,5.5,6,23,2,659.640053362438,5,295.0,333.0,38.0,8.763157894736842,19.0,0.6,59.0,19.0,1,rolling,losing_streak_fitness,2_days,rep_3,100,6
test,3,53560,125287,125287,130699,0,13,3989,3.5,7,19,2,-1000.0,0,0.0,0.0,0.0,inf,0.0,0.0,0.0,0.0,0,rolling,losing_streak_fitness,2_days,rep_3,0,0
train,3,53560,125287,125287,130699,0,13,3989,3.5,7,19,2,237.33333333333331,16,356.0,546.0,190.0,2.873684210526316,114.0,0.375,22.25,19.0,6,rolling,losing_streak_fitness,2_days,rep_3,0,0
test,3,53560,125287,125287,130699,1,12,1350,3.75,6,8,2,-1000.0,0,0.0,0.0,0.0,inf,0.0,0.0,0.0,0.0,0,rolling,losing_streak_fitness,2_days,rep_3,1,1
train,3,53560,125287,125287,130699,1,12,1350,3.75,6,8,2,583.3333333333334,25,350.0,540.0,190.0,2.8421052631578947,78.0,0.6,14.0,19.0,3,rolling,losing_streak_fitness,2_days,rep_3,1,1
test,3,53560,125287,125287,130699,2,14,2642,4.25,5,17,2,-1000.0,0,0.0,0.0,0.0,inf,0.0,0.0,0.0,0.0,0,rolling,losing_streak_fitness,2_days,rep_3,2,2
train,3,53560,125287,125287,130699,2,14,2642,4.25,5,17,2,644.3229004156224,12,372.0,486.0,114.0,4.2631578947368425,38.0,0.5,31.0,19.0,2,rolling,losing_streak_fitness,2_days,rep_3,2,2
test,3,53560,125287,125287,130699,3,11,3137,3.25,10,8,2,-1000.0,0,0.0,0.0,0.0,inf,0.0,0.0,0.0,0.0,0,rolling,losing_streak_fitness,2_days,rep_3,3,3
train,3,53560,125287,125287,130699,3,11,3137,3.25,10,8,2,954.499607124068,22,407.0,540.0,133.0,4.06015037593985,38.0,0.6818181818181818,18.5,19.0,2,rolling,losing_streak_fitness,2_days,rep_3,3,3
test,3,53560,125287,125287,130699,3,11,3137,3.25,10,8,2,-1000.0,0,0.0,0.0,0.0,inf,0.0,0.0,0.0,0.0,0,rolling,losing_streak_fitness,2_days,rep_3,4,3
train,3,53560,125287,125287,130699,3,11,3137,3.25,10,8,2,954.499607124068,22,407.0,540.0,133.0,4.06015037593985,38.0,0.6818181818181818,18.5,19.0,2,rolling,losing_streak_fitness,2_days,rep_3,4,3
test,3,53560,125287,125287,130699,3,11,3137,3.25,10,8,2,-1000.0,0,0.0,0.0,0.0,inf,0.0,0.0,0.0,0.0,0,rolling,losing_streak_fitness,2_days,rep_3,5,3
train,3,53560,125287,125287,130699,3,11,3137,3.25,10,8,2,954.499607124068,22,407.0,540.0,133.0,4.06015037593985,38.0,0.6818181818181818,18.5,19.0,2,rolling,losing_streak_fitness,2_days,rep_3,5,3
test,3,53560,125287,125287,130699,3,11,3137,3.25,10,8,2,-1000.0,0,0.0,0.0,0.0,inf,0.0,0.0,0.0,0.0,0,rolling,losing_streak_fitness,2_days,rep_3,6,3
train,3,53560,125287,125287,130699,3,11,3137,3.25,10,8,2,954.499607124068,22,407.0,540.0,133.0,4.06015037593985,38.0,0.6818181818181818,18.5,19.0,2,rolling,losing_streak_fitness,2_days,rep_3,6,3
test,3,53560,125287,125287,130699,3,11,3137,3.25,10,8,2,-1000.0,0,0.0,0.0,0.0,inf,0.0,0.0,0.0,0.0,0,rolling,losing_streak_fitness,2_days,rep_3,7,3
train,3,53560,125287,125287,130699,3,11,3137,3.25,10,8,2,954.499607124068,22,407.0,540.0,133.0,4.06015037593985,38.0,0.6818181818181818,18.5,19.0,2,rolling,losing_streak_fitness,2_days,rep_3,7,3
test,3,53560,125287,125287,130699,3,11,3137,3.25,10,8,2,-1000.0,0,0.0,0.0,0.0,inf,0.0,0.0,0.0,0.0,0,rolling,losing_streak_fitness,2_days,rep_3,8,3
train,3,53560,125287,125287,130699,3,11,3137,3.25,10,8,2,954.499607124068,22,407.0,540.0,133.0,4.06015037593985,38.0,0.6818181818181818,18.5,19.0,2,rolling,losing_streak_fitness,2_days,rep_3,8,3
test,3,53560,125287,125287,130699,9,14,3798,3.5,5,10,2,-1000.0,0,0.0,0.0,0.0,inf,0.0,0.0,0.0,0.0,0,rolling,losing_streak_fitness,2_days,rep_3,9,9
train,3,53560,125287,125287,130699,9,14,3798,3.5,5,10,2,1193.5887063808873,14,319.0,414.0,95.0,4.3578947368421055,19.0,0.6428571428571429,22.785714285714285,19.0,1,rolling,losing_streak_fitness,2_days,rep_3,9,9
test,3,53560,125287,125287,130699,9,14,3798,3.5,5,10,2,-1000.0,0,0.0,0.0,0.0,inf,0.0,0.0,0.0,0.0,0,rolling,losing_streak_fitness,2_days,rep_3,10,9
train,3,53560,125287,125287,130699,9,14,3798,3.5,5,10,2,1193.5887063808873,14,319.0,414.0,95.0,4.3578947368421055,19.0,0.6428571428571429,22.785714285714285,19.0,1,rolling,losing_streak_fitness,2_days,rep_3,10,9
test,3,53560,125287,125287,130699,9,14,3798,3.5,5,10,2,-1000.0,0,0.0,0.0,0.0,inf,0.0,0.0,0.0,0.0,0,rolling,losing_streak_fitness,2_days,rep_3,11,9
train,3,53560,125287,125287,130699,9,14,3798,3.5,5,10,2,1193.5887063808873,14,319.0,414.0,95.0,4.3578947368421055,19.0,0.6428571428571429,22.785714285714285,19.0,1,rolling,losing_streak_fitness,2_days,rep_3,11,9
test,3,53560,125287,125287,130699,9,14,3798,3.5,5,10,2,-1000.0,0,0.0,0.0,0.0,inf,0.0,0.0,0.0,0.0,0,rolling,losing_streak_fitness,2_days,rep_3,12,9
train,3,53560,125287,125287,130699,9,14,3798,3.5,5,10,2,1193.5887063808873,14,319.0,414.0,95.0,4.3578947368421055,19.0,0.6428571428571429,22.785714285714285,19.0,1,rolling,losing_streak_fitness,2_days,rep_3,12,9
test,3,53560,125287,125287,130699,9,14,3798,3.5,5,10,2,-1000.0,0,0.0,0.0,0.0,inf,0.0,0.0,0.0,0.0,0,rolling,losing_streak_fitness,2_days,rep_3,13,9
train,3,53560,125287,125287,130699,9,14,3798,3.5,5,10,2,1193.5887063808873,14,319.0,414.0,95.0,4.3578947368421055,19.0,0.6428571428571429,22.785714285714285,19.0,1,rolling,losing_streak_fitness,2_days,rep_3,13,9
test,3,53560,125287,125287,130699,9,14,3798,3.5,5,10,2,-1000.0,0,0.0,0.0,0.0,inf,0.0,0.0,0.0,0.0,0,rolling,losing_streak_fitness,2_days,rep_3,14,9
train,3,53560,125287,125287,130699,9,14,3798,3.5,5,10,2,1193.5887063808873,14,319.0,414.0,95.0,4.3578947368421055,19.0,0.6428571428571429,22.785714285714285,19.0,1,rolling,losing_streak_fitness,2_days,rep_3,14,9
test,3,53560,125287,125287,130699,9,14,3798,3.5,5,10,2,-1000.0,0,0.0,0.0,0.0,inf,0.0,0.0,0.0,0.0,0,rolling,losing_streak_fitness,2_days,rep_3,15,9
train,3,53560,125287,125287,130699,9,14,3798,3.5,5,10,2,1193.5887063808873,14,319.0,414.0,95.0,4.3578947368421055,19.0,0.6428571428571429,22.785714285714285,19.0,1,rolling,losing_streak_fitness,2_days,rep_3,15,9
test,3,53560,125287,125287,130699,9,14,3798,3.5,5,10,2,-1000.0,0,0.0,0.0,0.0,inf,0.0,0.0,0.0,0.0,0,rolling,losing_streak_fitness,2_days,rep_3,16,9
train,3,53560,125287,125287,130699,9,14,3798,3.5,5,10,2,1193.5887063808873,14,319.0,414.0,95.0,4.3578947368421055,19.0,0.6428571428571429,22.785714285714285,19.0,1,rolling,losing_streak_fitness,2_days,rep_3,16,9
test,3,53560,125287,125287,130699,9,14,3798,3.5,5,10,2,-1000.0,0,0.0,0.0,0.0,inf,0.0,0.0,0.0,0.0,0,rolling,losing_streak_fitness,2_days,rep_3,17,9
train,3,53560,125287,125287,130699,9,14,3798,3.5,5,10,2,1193.5887063808873,14,319.0,414.0,95.0,4.3578947368421055,19.0,0.6428571428571429,22.785714285714285,19.0,1,rolling,losing_streak_fitness,2_days,rep_3,17,9
test,3,53560,125287,125287,130699,9,14,3798,3.5,5,10,2,-1000.0,0,0.0,0.0,0.0,inf,0.0,0.0,0.0,0.0,0,rolling,losing_streak_fitness,2_days,rep_3,18,9
train,3,53560,125287,125287,130699,9,14,3798,3.5,5,10,2,1193.5887063808873,14,319.0,414.0,95.0,4.3578947368421055,19.0,0.6428571428571429,22.785714285714285,19.0,1,rolling,losing_streak_fitness,2_days,rep_3,18,9
test,3,53560,125287,125287,130699,9,14,3798,3.5,5,10,2,-1000.0,0,0.0,0.0,0.0,inf,0.0,0.0,0.0,0.0,0,rolling,losing_streak_fitness,2_days,rep_3,19,9
train,3,53560,125287,125287,130699,9,14,3798,3.5,5,10,2,1193.5887063808873,14,319.0,414.0,95.0,4.3578947368421055,19.0,0.6428571428571429,22.785714285714285,19.0,1,rolling,losing_streak_fitness,2_days,rep_3,19,9
test,3,53560,125287,125287,130699,9,14,3798,3.5,5,10,2,-1000.0,0,0.0,0.0,0.0,inf,0.0,0.0,0.0,0.0,0,rolling,losing_streak_fitness,2_days,rep_3,20,9
train,3,53560,125287,125287,130699,9,14,3798,3.5,5,10,2,1193.5887063808873,14,319.0,414.0,95.0,4.3578947368421055,19.0,0.6428571428571429,22.785714285714285,19.0,1,rolling,losing_streak_fitness,2_days,rep_3,20,9
test,3,53560,125287,125287,130699,9,14,3798,3.5,5,10,2,-1000.0,0,0.0,0.0,0.0,inf,0.0,0.0,0.0,0.0,0,rolling,losing_streak_fitness,2_days,rep_3,21,9
train,3,53560,125287,125287,130699,9,14,3798,3.5,5,10,2,1193.5887063808873,14,319.0,414.0,95.0,4.3578947368421055,19.0,0.6428571428571429,22.785714285714285,19.0,1,rolling,losing_streak_fitness,2_days,rep_3,21,9
test,3,53560,125287,125287,130699,9,14,3798,3.5,5,10,2,-1000.0,0,0.0,0.0,0.0,inf,0.0,0.0,0.0,0.0,0,rolling,losing_streak_fitness,2_days,rep_3,22,9
train,3,53560,125287,125287,130699,9,14,3798,3.5,5,10,2,1193.5887063808873,14,319.0,414.0,95.0,4.3578947368421055,19.0,0.6428571428571429,22.785714285714285,19.0,1,rolling,losing_streak_fitness,2_days,rep_3,22,9
test,3,53560,125287,125287,130699,9,14,3798,3.5,5,10,2,-1000.0,0,0.0,0.0,0.0,inf,0.0,0.0,0.0,0.0,0,rolling,losing_streak_fitness,2_days,rep_3,23,9
train,3,53560,125287,125287,130699,9,14,3798,3.5,5,10,2,1193.5887063808873,14,319.0,414.0,95.0,4.3578947368421055,19.0,0.6428571428571429,22.785714285714285,19.0,1,rolling,losing_streak_fitness,2_days,rep_3,23,9
test,3,53560,125287,125287,130699,9,14,3798,3.5,5,10,2,-1000.0,0,0.0,0.0,0.0,inf,0.0,0.0,0.0,0.0,0,rolling,losing_streak_fitness,2_days,rep_3,24,9
train,3,53560,125287,125287,130699,9,14,3798,3.5,5,10,2,1193.5887063808873,14,319.0,414.0,95.0,4.3578947368421055,19.0,0.6428571428571429,22.785714285714285,19.0,1,rolling,losing_streak_fitness,2_days,rep_3,24,9
test,3,53560,125287,125287,130699,9,14,3798,3.5,5,10,2,-1000.0,0,0.0,0.0,0.0,inf,0.0,0.0,0.0,0.0,0,rolling,losing_streak_fitness,2_days,rep_3,25,9
train,3,53560,125287,125287,130699,9,14,3798,3.5,5,10,2,1193.5887063808873,14,319.0,414.0,95.0,4.3578947368421055,19.0,0.6428571428571429,22.785714285714285,19.0,1,rolling,losing_streak_fitness,2_days,rep_3,25,9
test,3,53560,125287,125287,130699,9,14,3798,3.5,5,10,2,-1000.0,0,0.0,0.0,0.0,inf,0.0,0.0,0.0,0.0,0,rolling,losing_streak_fitness,2_days,rep_3,26,9
train,3,53560,125287,125287,130699,9,14,3798,3.5,5,10,2,1193.5887063808873,14,319.0,414.0,95.0,4.3578947368421055,19.0,0.6428571428571429,22.785714285714285,19.0,1,rolling,losing_streak_fitness,2_days,rep_3,26,9
test,3,53560,125287,125287,130699,9,14,3798,3.5,5,10,2,-1000.0,0,0.0,0.0,0.0,inf,0.0,0.0,0.0,0.0,0,rolling,losing_streak_fitness,2_days,rep_3,27,9
train,3,53560,125287,125287,130699,9,14,3798,3.5,5,10,2,1193.5887063808873,14,319.0,414.0,95.0,4.3578947368421055,19.0,0.6428571428571429,22.785714285714285,19.0,1,rolling,losing_streak_fitness,2_days,rep_3,27,9
test,3,53560,125287,125287,130699,9,14,3798,3.5,5,10,2,-1000.0,0,0.0,0.0,0.0,inf,0.0,0.0,0.0,0.0,0,rolling,losing_streak_fitness,2_days,rep_3,28,9
train,3,53560,125287,125287,130699,9,14,3798,3.5,5,10,2,1193.5887063808873,14,319.0,414.0,95.0,4.3578947368421055,19.0,0.6428571428571429,22.785714285714285,19.0,1,rolling,losing_streak_fitness,2_days,rep_3,28,9
test,3,53560,125287,125287,130699,9,14,3798,3.5,5,10,2,-1000.0,0,0.0,0.0,0.0,inf,0.0,0.0,0.0,0.0,0,rolling,losing_streak_fitness,2_days,rep_3,29,9
train,3,53560,125287,125287,130699,9,14,3798,3.5,5,10,2,1193.5887063808873,14,319.0,414.0,95.0,4.3578947368421055,19.0,0.6428571428571429,22.785714285714285,19.0,1,rolling,losing_streak_fitness,2_days,rep_3,29,9
test,3,53560,125287,125287,130699,9,14,3798,3.5,5,10,2,-1000.0,0,0.0,0.0,0.0,inf,0.0,0.0,0.0,0.0,0,rolling,losing_streak_fitness,2_days,rep_3,30,9
train,3,53560,125287,125287,130699,9,14,3798,3.5,5,10,2,1193.5887063808873,14,319.0,414.0,95.0,4.3578947368421055,19.0,0.6428571428571429,22.785714285714285,19.0,1,rolling,losing_streak_fitness,2_days,rep_3,30,9
test,3,53560,125287,125287,130699,9,14,3798,3.5,5,10,2,-1000.0,0,0.0,0.0,0.0,inf,0.0,0.0,0.0,0.0,0,rolling,losing_streak_fitness,2_days,rep_3,31,9
train,3,53560,125287,125287,130699,9,14,3798,3.5,5,10,2,1193.5887063808873,14,319.0,414.0,95.0,4.3578947368421055,19.0,0.6428571428571429,22.785714285714285,19.0,1,rolling,losing_streak_fitness,2_days,rep_3,31,9
test,3,53560,125287,125287,130699,9,14,3798,3.5,5,10,2,-1000.0,0,0.0,0.0,0.0,inf,0.0,0.0,0.0,0.0,0,rolling,losing_streak_fitness,2_days,rep_3,32,9
train,3,53560,125287,125287,130699,9,14,3798,3.5,5,10,2,1193.5887063808873,14,319.0,414.0,95.0,4.3578947368421055,19.0,0.6428571428571429,22.785714285714285,19.0,1,rolling,losing_streak_fitness,2_days,rep_3,32,9
test,3,53560,125287,125287,130699,9,14,3798,3.5,5,10,2,-1000.0,0,0.0,0.0,0.0,inf,0.0,0.0,0.0,0.0,0,rolling,losing_streak_fitness,2_days,rep_3,33,9
train,3,53560,125287,125287,130699,9,14,3798,3.5,5,10,2,1193.5887063808873,14,319.0,414.0,95.0,4.3578947368421055,19.0,0.6428571428571429,22.785714285714285,19.0,1,rolling,losing_streak_fitness,2_days,rep_3,33,9
test,3,53560,125287,125287,130699,9,14,3798,3.5,5,10,2,-1000.0,0,0.0,0.0,0.0,inf,0.0,0.0,0.0,0.0,0,rolling,losing_streak_fitness,2_days,rep_3,34,9
train,3,53560,125287,125287,130699,9,14,3798,3.5,5,10,2,1193.5887063808873,14,319.0,414.0,95.0,4.3578947368421055,19.0,0.6428571428571429,22.785714285714285,19.0,1,rolling,losing_streak_fitness,2_days,rep_3,34,9
test,3,53560,125287,125287,130699,9,14,3798,3.5,5,10,2,-1000.0,0,0.0,0.0,0.0,inf,0.0,0.0,0.0,0.0,0,rolling,losing_streak_fitness,2_days,rep_3,35,9
train,3,53560,125287,125287,130699,9,14,3798,3.5,5,10,2,1193.5887063808873,14,319.0,414.0,95.0,4.3578947368421055,19.0,0.6428571428571429,22.785714285714285,19.0,1,rolling,losing_streak_fitness,2_days,rep_3,35,9
test,3,53560,125287,125287,130699,9,14,3798,3.5,5,10,2,-1000.0,0,0.0,0.0,0.0,inf,0.0,0.0,0.0,0.0,0,rolling,losing_streak_fitness,2_days,rep_3,36,9
train,3,53560,125287,125287,130699,9,14,3798,3.5,5,10,2,1193.5887063808873,14,319.0,414.0,95.0,4.3578947368421055,19.0,0.6428571428571429,22.785714285714285,19.0,1,rolling,losing_streak_fitness,2_days,rep_3,36,9
test,3,53560,125287,125287,130699,9,14,3798,3.5,5,10,2,-1000.0,0,0.0,0.0,0.0,inf,0.0,0.0,0.0,0.0,0,rolling,losing_streak_fitness,2_days,rep_3,37,9
train,3,53560,125287,125287,130699,9,14,3798,3.5,5,10,2,1193.5887063808873,14,319.0,414.0,95.0,4.3578947368421055,19.0,0.6428571428571429,22.785714285714285,19.0,1,rolling,losing_streak_fitness,2_days,rep_3,37,9
test,3,53560,125287,125287,130699,9,14,3798,3.5,5,10,2,-1000.0,0,0.0,0.0,0.0,inf,0.0,0.0,0.0,0.0,0,rolling,losing_streak_fitness,2_days,rep_3,38,9
train,3,53560,125287,125287,130699,9,14,3798,3.5,5,10,2,1193.5887063808873,14,319.0,414.0,95.0,4.3578947368421055,19.0,0.6428571428571429,22.785714285714285,19.0,1,rolling,losing_streak_fitness,2_days,rep_3,38,9
test,3,53560,125287,125287,130699,9,14,3798,3.5,5,10,2,-1000.0,0,0.0,0.0,0.0,inf,0.0,0.0,0.0,0.0,0,rolling,losing_streak_fitness,2_days,rep_3,39,9
train,3,53560,125287,125287,130699,9,14,3798,3.5,5,10,2,1193.5887063808873,14,319.0,414.0,95.0,4.3578947368421055,19.0,0.6428571428571429,22.785714285714285,19.0,1,rolling,losing_streak_fitness,2_days,rep_3,39,9
test,3,53560,125287,125287,130699,9,14,3798,3.5,5,10,2,-1000.0,0,0.0,0.0,0.0,inf,0.0,0.0,0.0,0.0,0,rolling,losing_streak_fitness,2_days,rep_3,40,9
train,3,53560,125287,125287,130699,9,14,3798,3.5,5,10,2,1193.5887063808873,14,319.0,414.0,95.0,4.3578947368421055,19.0,0.6428571428571429,22.785714285714285,19.0,1,rolling,losing_streak_fitness,2_days,rep_3,40,9
test,3,53560,125287,125287,130699,9,14,3798,3.5,5,10,2,-1000.0,0,0.0,0.0,0.0,inf,0.0,0.0,0.0,0.0,0,rolling,losing_streak_fitness,2_days,rep_3,41,9
train,3,53560,125287,125287,130699,9,14,3798,3.5,5,10,2,1193.5887063808873,14,319.0,414.0,95.0,4.3578947368421055,19.0,0.6428571428571429,22.785714285714285,19.0,1,rolling,losing_streak_fitness,2_days,rep_3,41,9
test,3,53560,125287,125287,130699,9,14,3798,3.5,5,10,2,-1000.0,0,0.0,0.0,0.0,inf,0.0,0.0,0.0,0.0,0,rolling,losing_streak_fitness,2_days,rep_3,42,9
train,3,53560,125287,125287,130699,9,14,3798,3.5,5,10,2,1193.5887063808873,14,319.0,414.0,95.0,4.3578947368421055,19.0,0.6428571428571429,22.785714285714285,19.0,1,rolling,losing_streak_fitness,2_days,rep_3,42,9
test,3,53560,125287,125287,130699,9,14,3798,3.5,5,10,2,-1000.0,0,0.0,0.0,0.0,inf,0.0,0.0,0.0,0.0,0,rolling,losing_streak_fitness,2_days,rep_3,43,9
train,3,53560,125287,125287,130699,9,14,3798,3.5,5,10,2,1193.5887063808873,14,319.0,414.0,95.0,4.3578947368421055,19.0,0.6428571428571429,22.785714285714285,19.0,1,rolling,losing_streak_fitness,2_days,rep_3,43,9
test,3,53560,125287,125287,130699,9,14,3798,3.5,5,10,2,-1000.0,0,0.0,0.0,0.0,inf,0.0,0.0,0.0,0.0,0,rolling,losing_streak_fitness,2_days,rep_3,44,9
train,3,53560,125287,125287,130699,9,14,3798,3.5,5,10,2,1193.5887063808873,14,319.0,414.0,95.0,4.3578947368421055,19.0,0.6428571428571429,22.785714285714285,19.0,1,rolling,losing_streak_fitness,2_days,rep_3,44,9
test,3,53560,125287,125287,130699,9,14,3798,3.5,5,10,2,-1000.0,0,0.0,0.0,0.0,inf,0.0,0.0,0.0,0.0,0,rolling,losing_streak_fitness,2_days,rep_3,45,9
train,3,53560,125287,125287,130699,9,14,3798,3.5,5,10,2,1193.5887063808873,14,319.0,414.0,95.0,4.3578947368421055,19.0,0.6428571428571429,22.785714285714285,19.0,1,rolling,losing_streak_fitness,2_days,rep_3,45,9
test,3,53560,125287,125287,130699,9,14,3798,3.5,5,10,2,-1000.0,0,0.0,0.0,0.0,inf,0.0,0.0,0.0,0.0,0,rolling,losing_streak_fitness,2_days,rep_3,46,9
train,3,53560,125287,125287,130699,9,14,3798,3.5,5,10,2,1193.5887063808873,14,319.0,414.0,95.0,4.3578947368421055,19.0,0.6428571428571429,22.785714285714285,19.0,1,rolling,losing_streak_fitness,2_days,rep_3,46,9
test,3,53560,125287,125287,130699,9,14,3798,3.5,5,10,2,-1000.0,0,0.0,0.0,0.0,inf,0.0,0.0,0.0,0.0,0,rolling,losing_streak_fitness,2_days,rep_3,47,9
train,3,53560,125287,125287,130699,9,14,3798,3.5,5,10,2,1193.5887063808873,14,319.0,414.0,95.0,4.3578947368421055,19.0,0.6428571428571429,22.785714285714285,19.0,1,rolling,losing_streak_fitness,2_days,rep_3,47,9
test,3,53560,125287,125287,130699,9,14,3798,3.5,5,10,2,-1000.0,0,0.0,0.0,0.0,inf,0.0,0.0,0.0,0.0,0,rolling,losing_streak_fitness,2_days,rep_3,48,9
train,3,53560,125287,125287,130699,9,14,3798,3.5,5,10,2,1193.5887063808873,14,319.0,414.0,95.0,4.3578947368421055,19.0,0.6428571428571429,22.785714285714285,19.0,1,rolling,losing_streak_fitness,2_days,rep_3,48,9
test,3,53560,125287,125287,130699,9,14,3798,3.5,5,10,2,-1000.0,0,0.0,0.0,0.0,inf,0.0,0.0,0.0,0.0,0,rolling,losing_streak_fitness,2_days,rep_3,49,9
train,3,53560,125287,125287,130699,9,14,3798,3.5,5,10,2,1193.5887063808873,14,319.0,414.0,95.0,4.3578947368421055,19.0,0.6428571428571429,22.785714285714285,19.0,1,rolling,losing_streak_fitness,2_days,rep_3,49,9
test,3,53560,125287,125287,130699,9,14,3798,3.5,5,10,2,-1000.0,0,0.0,0.0,0.0,inf,0.0,0.0,0.0,0.0,0,rolling,losing_streak_fitness,2_days,rep_3,50,9
train,3,53560,125287,125287,130699,9,14,3798,3.5,5,10,2,1193.5887063808873,14,319.0,414.0,95.0,4.3578947368421055,19.0,0.6428571428571429,22.785714285714285,19.0,1,rolling,losing_streak_fitness,2_days,rep_3,50,9
test,3,53560,125287,125287,130699,9,14,3798,3.5,5,10,2,-1000.0,0,0.0,0.0,0.0,inf,0.0,0.0,0.0,0.0,0,rolling,losing_streak_fitness,2_days,rep_3,51,9
train,3,53560,125287,125287,130699,9,14,3798,3.5,5,10,2,1193.5887063808873,14,319.0,414.0,95.0,4.3578947368421055,19.0,0.6428571428571429,22.785714285714285,19.0,1,rolling,losing_streak_fitness,2_days,rep_3,51,9
test,3,53560,125287,125287,130699,9,14,3798,3.5,5,10,2,-1000.0,0,0.0,0.0,0.0,inf,0.0,0.0,0.0,0.0,0,rolling,losing_streak_fitness,2_days,rep_3,52,9
train,3,53560,125287,125287,130699,9,14,3798,3.5,5,10,2,1193.5887063808873,14,319.0,414.0,95.0,4.3578947368421055,19.0,0.6428571428571429,22.785714285714285,19.0,1,rolling,losing_streak_fitness,2_days,rep_3,52,9
test,3,53560,125287,125287,130699,9,14,3798,3.5,5,10,2,-1000.0,0,0.0,0.0,0.0,inf,0.0,0.0,0.0,0.0,0,rolling,losing_streak_fitness,2_days,rep_3,53,9
train,3,53560,125287,125287,130699,9,14,3798,3.5,5,10,2,1193.5887063808873,14,319.0,414.0,95.0,4.3578947368421055,19.0,0.6428571428571429,22.785714285714285,19.0,1,rolling,losing_streak_fitness,2_days,rep_3,53,9
test,3,53560,125287,125287,130699,9,14,3798,3.5,5,10,2,-1000.0,0,0.0,0.0,0.0,inf,0.0,0.0,0.0,0.0,0,rolling,losing_streak_fitness,2_days,rep_3,54,9
train,3,53560,125287,125287,130699,9,14,3798,3.5,5,10,2,1193.5887063808873,14,319.0,414.0,95.0,4.3578947368421055,19.0,0.6428571428571429,22.785714285714285,19.0,1,rolling,losing_streak_fitness,2_days,rep_3,54,9
test,3,53560,125287,125287,130699,9,14,3798,3.5,5,10,2,-1000.0,0,0.0,0.0,0.0,inf,0.0,0.0,0.0,0.0,0,rolling,losing_streak_fitness,2_days,rep_3,55,9
train,3,53560,125287,125287,130699,9,14,3798,3.5,5,10,2,1193.5887063808873,14,319.0,414.0,95.0,4.3578947368421055,19.0,0.6428571428571429,22.785714285714285,19.0,1,rolling,losing_streak_fitness,2_days,rep_3,55,9
test,3,53560,125287,125287,130699,9,14,3798,3.5,5,10,2,-1000.0,0,0.0,0.0,0.0,inf,0.0,0.0,0.0,0.0,0,rolling,losing_streak_fitness,2_days,rep_3,56,9
train,3,53560,125287,125287,130699,9,14,3798,3.5,5,10,2,1193.5887063808873,14,319.0,414.0,95.0,4.3578947368421055,19.0,0.6428571428571429,22.785714285714285,19.0,1,rolling,losing_streak_fitness,2_days,rep_3,56,9
test,3,53560,125287,125287,130699,9,14,3798,3.5,5,10,2,-1000.0,0,0.0,0.0,0.0,inf,0.0,0.0,0.0,0.0,0,rolling,losing_streak_fitness,2_days,rep_3,57,9
train,3,53560,125287,125287,130699,9,14,3798,3.5,5,10,2,1193.5887063808873,14,319.0,414.0,95.0,4.3578947368421055,19.0,0.6428571428571429,22.785714285714285,19.0,1,rolling,losing_streak_fitness,2_days,rep_3,57,9
test,3,53560,125287,125287,130699,9,14,3798,3.5,5,10,2,-1000.0,0,0.0,0.0,0.0,inf,0.0,0.0,0.0,0.0,0,rolling,losing_streak_fitness,2_days,rep_3,58,9
train,3,53560,125287,125287,130699,9,14,3798,3.5,5,10,2,1193.5887063808873,14,319.0,414.0,95.0,4.3578947368421055,19.0,0.6428571428571429,22.785714285714285,19.0,1,rolling,losing_streak_fitness,2_days,rep_3,58,9
test,3,53560,125287,125287,130699,9,14,3798,3.5,5,10,2,-1000.0,0,0.0,0.0,0.0,inf,0.0,0.0,0.0,0.0,0,rolling,losing_streak_fitness,2_days,rep_3,59,9
train,3,53560,125287,125287,130699,9,14,3798,3.5,5,10,2,1193.5887063808873,14,319.0,414.0,95.0,4.3578947368421055,19.0,0.6428571428571429,22.785714285714285,19.0,1,rolling,losing_streak_fitness,2_days,rep_3,59,9
test,3,53560,125287,125287,130699,9,14,3798,3.5,5,10,2,-1000.0,0,0.0,0.0,0.0,inf,0.0,0.0,0.0,0.0,0,rolling,losing_streak_fitness,2_days,rep_3,60,9
train,3,53560,125287,125287,130699,9,14,3798,3.5,5,10,2,1193.5887063808873,14,319.0,414.0,95.0,4.3578947368421055,19.0,0.6428571428571429,22.785714285714285,19.0,1,rolling,losing_streak_fitness,2_days,rep_3,60,9
test,3,53560,125287,125287,130699,9,14,3798,3.5,5,10,2,-1000.0,0,0.0,0.0,0.0,inf,0.0,0.0,0.0,0.0,0,rolling,losing_streak_fitness,2_days,rep_3,61,9
train,3,53560,125287,125287,130699,9,14,3798,3.5,5,10,2,1193.5887063808873,14,319.0,414.0,95.0,4.3578947368421055,19.0,0.6428571428571429,22.785714285714285,19.0,1,rolling,losing_streak_fitness,2_days,rep_3,61,9
test,3,53560,125287,125287,130699,9,14,3798,3.5,5,10,2,-1000.0,0,0.0,0.0,0.0,inf,0.0,0.0,0.0,0.0,0,rolling,losing_streak_fitness,2_days,rep_3,62,9
train,3,53560,125287,125287,130699,9,14,3798,3.5,5,10,2,1193.5887063808873,14,319.0,414.0,95.0,4.3578947368421055,19.0,0.6428571428571429,22.785714285714285,19.0,1,rolling,losing_streak_fitness,2_days,rep_3,62,9
test,3,53560,125287,125287,130699,9,14,3798,3.5,5,10,2,-1000.0,0,0.0,0.0,0.0,inf,0.0,0.0,0.0,0.0,0,rolling,losing_streak_fitness,2_days,rep_3,63,9
train,3,53560,125287,125287,130699,9,14,3798,3.5,5,10,2,1193.5887063808873,14,319.0,414.0,95.0,4.3578947368421055,19.0,0.6428571428571429,22.785714285714285,19.0,1,rolling,losing_streak_fitness,2_days,rep_3,63,9
test,3,53560,125287,125287,130699,9,14,3798,3.5,5,10,2,-1000.0,0,0.0,0.0,0.0,inf,0.0,0.0,0.0,0.0,0,rolling,losing_streak_fitness,2_days,rep_3,64,9
train,3,53560,125287,125287,130699,9,14,3798,3.5,5,10,2,1193.5887063808873,14,319.0,414.0,95.0,4.3578947368421055,19.0,0.6428571428571429,22.785714285714285,19.0,1,rolling,losing_streak_fitness,2_days,rep_3,64,9
test,3,53560,125287,125287,130699,9,14,3798,3.5,5,10,2,-1000.0,0,0.0,0.0,0.0,inf,0.0,0.0,0.0,0.0,0,rolling,losing_streak_fitness,2_days,rep_3,65,9
train,3,53560,125287,125287,130699,9,14,3798,3.5,5,10,2,1193.5887063808873,14,319.0,414.0,95.0,4.3578947368421055,19.0,0.6428571428571429,22.785714285714285,19.0,1,rolling,losing_streak_fitness,2_days,rep_3,65,9
test,3,53560,125287,125287,130699,9,14,3798,3.5,5,10,2,-1000.0,0,0.0,0.0,0.0,inf,0.0,0.0,0.0,0.0,0,rolling,losing_streak_fitness,2_days,rep_3,66,9
train,3,53560,125287,125287,130699,9,14,3798,3.5,5,10,2,1193.5887063808873,14,319.0,414.0,95.0,4.3578947368421055,19.0,0.6428571428571429,22.785714285714285,19.0,1,rolling,losing_streak_fitness,2_days,rep_3,66,9
test,3,53560,125287,125287,130699,9,14,3798,3.5,5,10,2,-1000.0,0,0.0,0.0,0.0,inf,0.0,0.0,0.0,0.0,0,rolling,losing_streak_fitness,2_days,rep_3,67,9
train,3,53560,125287,125287,130699,9,14,3798,3.5,5,10,2,1193.5887063808873,14,319.0,414.0,95.0,4.3578947368421055,19.0,0.6428571428571429,22.785714285714285,19.0,1,rolling,losing_streak_fitness,2_days,rep_3,67,9
test,3,53560,125287,125287,130699,9,14,3798,3.5,5,10,2,-1000.0,0,0.0,0.0,0.0,inf,0.0,0.0,0.0,0.0,0,rolling,losing_streak_fitness,2_days,rep_3,68,9
train,3,53560,125287,125287,130699,9,14,3798,3.5,5,10,2,1193.5887063808873,14,319.0,414.0,95.0,4.3578947368421055,19.0,0.6428571428571429,22.785714285714285,19.0,1,rolling,losing_streak_fitness,2_days,rep_3,68,9
test,3,53560,125287,125287,130699,9,14,3798,3.5,5,10,2,-1000.0,0,0.0,0.0,0.0,inf,0.0,0.0,0.0,0.0,0,rolling,losing_streak_fitness,2_days,rep_3,69,9
train,3,53560,125287,125287,130699,9,14,3798,3.5,5,10,2,1193.5887063808873,14,319.0,414.0,95.0,4.3578947368421055,19.0,0.6428571428571429,22.785714285714285,19.0,1,rolling,losing_streak_fitness,2_days,rep_3,69,9
test,3,53560,125287,125287,130699,9,14,3798,3.5,5,10,2,-1000.0,0,0.0,0.0,0.0,inf,0.0,0.0,0.0,0.0,0,rolling,losing_streak_fitness,2_days,rep_3,70,9
train,3,53560,125287,125287,130699,9,14,3798,3.5,5,10,2,1193.5887063808873,14,319.0,414.0,95.0,4.3578947368421055,19.0,0.6428571428571429,22.785714285714285,19.0,1,rolling,losing_streak_fitness,2_days,rep_3,70,9
test,3,53560,125287,125287,130699,9,14,3798,3.5,5,10,2,-1000.0,0,0.0,0.0,0.0,inf,0.0,0.0,0.0,0.0,0,rolling,losing_streak_fitness,2_days,rep_3,71,9
train,3,53560,125287,125287,130699,9,14,3798,3.5,5,10,2,1193.5887063808873,14,319.0,414.0,95.0,4.3578947368421055,19.0,0.6428571428571429,22.785714285714285,19.0,1,rolling,losing_streak_fitness,2_days,rep_3,71,9
test,3,53560,125287,125287,130699,9,14,3798,3.5,5,10,2,-1000.0,0,0.0,0.0,0.0,inf,0.0,0.0,0.0,0.0,0,rolling,losing_streak_fitness,2_days,rep_3,72,9
train,3,53560,125287,125287,130699,9,14,3798,3.5,5,10,2,1193.5887063808873,14,319.0,414.0,95.0,4.3578947368421055,19.0,0.6428571428571429,22.785714285714285,19.0,1,rolling,losing_streak_fitness,2_days,rep_3,72,9
test,3,53560,125287,125287,130699,9,14,3798,3.5,5,10,2,-1000.0,0,0.0,0.0,0.0,inf,0.0,0.0,0.0,0.0,0,rolling,losing_streak_fitness,2_days,rep_3,73,9
train,3,53560,125287,125287,130699,9,14,3798,3.5,5,10,2,1193.5887063808873,14,319.0,414.0,95.0,4.3578947368421055,19.0,0.6428571428571429,22.785714285714285,19.0,1,rolling,losing_streak_fitness,2_days,rep_3,73,9
test,3,53560,125287,125287,130699,9,14,3798,3.5,5,10,2,-1000.0,0,0.0,0.0,0.0,inf,0.0,0.0,0.0,0.0,0,rolling,losing_streak_fitness,2_days,rep_3,74,9
train,3,53560,125287,125287,130699,9,14,3798,3.5,5,10,2,1193.5887063808873,14,319.0,414.0,95.0,4.3578947368421055,19.0,0.6428571428571429,22.785714285714285,19.0,1,rolling,losing_streak_fitness,2_days,rep_3,74,9
test,3,53560,125287,125287,130699,9,14,3798,3.5,5,10,2,-1000.0,0,0.0,0.0,0.0,inf,0.0,0.0,0.0,0.0,0,rolling,losing_streak_fitness,2_days,rep_3,75,9
train,3,53560,125287,125287,130699,9,14,3798,3.5,5,10,2,1193.5887063808873,14,319.0,414.0,95.0,4.3578947368421055,19.0,0.6428571428571429,22.785714285714285,19.0,1,rolling,losing_streak_fitness,2_days,rep_3,75,9
test,3,53560,125287,125287,130699,9,14,3798,3.5,5,10,2,-1000.0,0,0.0,0.0,0.0,inf,0.0,0.0,0.0,0.0,0,rolling,losing_streak_fitness,2_days,rep_3,76,9
train,3,53560,125287,125287,130699,9,14,3798,3.5,5,10,2,1193.5887063808873,14,319.0,414.0,95.0,4.3578947368421055,19.0,0.6428571428571429,22.785714285714285,19.0,1,rolling,losing_streak_fitness,2_days,rep_3,76,9
test,3,53560,125287,125287,130699,9,14,3798,3.5,5,10,2,-1000.0,0,0.0,0.0,0.0,inf,0.0,0.0,0.0,0.0,0,rolling,losing_streak_fitness,2_days,rep_3,77,9
train,3,53560,125287,125287,130699,9,14,3798,3.5,5,10,2,1193.5887063808873,14,319.0,414.0,95.0,4.3578947368421055,19.0,0.6428571428571429,22.785714285714285,19.0,1,rolling,losing_streak_fitness,2_days,rep_3,77,9
test,3,53560,125287,125287,130699,9,14,3798,3.5,5,10,2,-1000.0,0,0.0,0.0,0.0,inf,0.0,0.0,0.0,0.0,0,rolling,losing_streak_fitness,2_days,rep_3,78,9
train,3,53560,125287,125287,130699,9,14,3798,3.5,5,10,2,1193.5887063808873,14,319.0,414.0,95.0,4.3578947368421055,19.0,0.6428571428571429,22.785714285714285,19.0,1,rolling,losing_streak_fitness,2_days,rep_3,78,9
test,3,53560,125287,125287,130699,9,14,3798,3.5,5,10,2,-1000.0,0,0.0,0.0,0.0,inf,0.0,0.0,0.0,0.0,0,rolling,losing_streak_fitness,2_days,rep_3,79,9
train,3,53560,125287,125287,130699,9,14,3798,3.5,5,10,2,1193.5887063808873,14,319.0,414.0,95.0,4.3578947368421055,19.0,0.6428571428571429,22.785714285714285,19.0,1,rolling,losing_streak_fitness,2_days,rep_3,79,9
test,3,53560,125287,125287,130699,9,14,3798,3.5,5,10,2,-1000.0,0,0.0,0.0,0.0,inf,0.0,0.0,0.0,0.0,0,rolling,losing_streak_fitness,2_days,rep_3,80,9
train,3,53560,125287,125287,130699,9,14,3798,3.5,5,10,2,1193.5887063808873,14,319.0,414.0,95.0,4.3578947368421055,19.0,0.6428571428571429,22.785714285714285,19.0,1,rolling,losing_streak_fitness,2_days,rep_3,80,9
test,3,53560,125287,125287,130699,9,14,3798,3.5,5,10,2,-1000.0,0,0.0,0.0,0.0,inf,0.0,0.0,0.0,0.0,0,rolling,losing_streak_fitness,2_days,rep_3,81,9
train,3,53560,125287,125287,130699,9,14,3798,3.5,5,10,2,1193.5887063808873,14,319.0,414.0,95.0,4.3578947368421055,19.0,0.6428571428571429,22.785714285714285,19.0,1,rolling,losing_streak_fitness,2_days,rep_3,81,9
test,3,53560,125287,125287,130699,9,14,3798,3.5,5,10,2,-1000.0,0,0.0,0.0,0.0,inf,0.0,0.0,0.0,0.0,0,rolling,losing_streak_fitness,2_days,rep_3,82,9
train,3,53560,125287,125287,130699,9,14,3798,3.5,5,10,2,1193.5887063808873,14,319.0,414.0,95.0,4.3578947368421055,19.0,0.6428571428571429,22.785714285714285,19.0,1,rolling,losing_streak_fitness,2_days,rep_3,82,9
test,3,53560,125287,125287,130699,9,14,3798,3.5,5,10,2,-1000.0,0,0.0,0.0,0.0,inf,0.0,0.0,0.0,0.0,0,rolling,losing_streak_fitness,2_days,rep_3,83,9
train,3,53560,125287,125287,130699,9,14,3798,3.5,5,10,2,1193.5887063808873,14,319.0,414.0,95.0,4.3578947368421055,19.0,0.6428571428571429,22.785714285714285,19.0,1,rolling,losing_streak_fitness,2_days,rep_3,83,9
test,3,53560,125287,125287,130699,9,14,3798,3.5,5,10,2,-1000.0,0,0.0,0.0,0.0,inf,0.0,0.0,0.0,0.0,0,rolling,losing_streak_fitness,2_days,rep_3,84,9
train,3,53560,125287,125287,130699,9,14,3798,3.5,5,10,2,1193.5887063808873,14,319.0,414.0,95.0,4.3578947368421055,19.0,0.6428571428571429,22.785714285714285,19.0,1,rolling,losing_streak_fitness,2_days,rep_3,84,9
test,3,53560,125287,125287,130699,9,14,3798,3.5,5,10,2,-1000.0,0,0.0,0.0,0.0,inf,0.0,0.0,0.0,0.0,0,rolling,losing_streak_fitness,2_days,rep_3,85,9
train,3,53560,125287,125287,130699,9,14,3798,3.5,5,10,2,1193.5887063808873,14,319.0,414.0,95.0,4.3578947368421055,19.0,0.6428571428571429,22.785714285714285,19.0,1,rolling,losing_streak_fitness,2_days,rep_3,85,9
test,3,53560,125287,125287,130699,9,14,3798,3.5,5,10,2,-1000.0,0,0.0,0.0,0.0,inf,0.0,0.0,0.0,0.0,0,rolling,losing_streak_fitness,2_days,rep_3,86,9
train,3,53560,125287,125287,130699,9,14,3798,3.5,5,10,2,1193.5887063808873,14,319.0,414.0,95.0,4.3578947368421055,19.0,0.6428571428571429,22.785714285714285,19.0,1,rolling,losing_streak_fitness,2_days,rep_3,86,9
test,3,53560,125287,125287,130699,9,14,3798,3.5,5,10,2,-1000.0,0,0.0,0.0,0.0,inf,0.0,0.0,0.0,0.0,0,rolling,losing_streak_fitness,2_days,rep_3,87,9
train,3,53560,125287,125287,130699,9,14,3798,3.5,5,10,2,1193.5887063808873,14,319.0,414.0,95.0,4.3578947368421055,19.0,0.6428571428571429,22.785714285714285,19.0,1,rolling,losing_streak_fitness,2_days,rep_3,87,9
test,3,53560,125287,125287,130699,9,14,3798,3.5,5,10,2,-1000.0,0,0.0,0.0,0.0,inf,0.0,0.0,0.0,0.0,0,rolling,losing_streak_fitness,2_days,rep_3,88,9
train,3,53560,125287,125287,130699,9,14,3798,3.5,5,10,2,1193.5887063808873,14,319.0,414.0,95.0,4.3578947368421055,19.0,0.6428571428571429,22.785714285714285,19.0,1,rolling,losing_streak_fitness,2_days,rep_3,88,9
test,3,53560,125287,125287,130699,9,14,3798,3.5,5,10,2,-1000.0,0,0.0,0.0,0.0,inf,0.0,0.0,0.0,0.0,0,rolling,losing_streak_fitness,2_days,rep_3,89,9
train,3,53560,125287,125287,130699,9,14,3798,3.5,5,10,2,1193.5887063808873,14,319.0,414.0,95.0,4.3578947368421055,19.0,0.6428571428571429,22.785714285714285,19.0,1,rolling,losing_streak_fitness,2_days,rep_3,89,9
test,3,53560,125287,125287,130699,9,14,3798,3.5,5,10,2,-1000.0,0,0.0,0.0,0.0,inf,0.0,0.0,0.0,0.0,0,rolling,losing_streak_fitness,2_days,rep_3,90,9
train,3,53560,125287,125287,130699,9,14,3798,3.5,5,10,2,1193.5887063808873,14,319.0,414.0,95.0,4.3578947368421055,19.0,0.6428571428571429,22.785714285714285,19.0,1,rolling,losing_streak_fitness,2_days,rep_3,90,9
test,3,53560,125287,125287,130699,9,14,3798,3.5,5,10,2,-1000.0,0,0.0,0.0,0.0,inf,0.0,0.0,0.0,0.0,0,rolling,losing_streak_fitness,2_days,rep_3,91,9
train,3,53560,125287,125287,130699,9,14,3798,3.5,5,10,2,1193.5887063808873,14,319.0,414.0,95.0,4.3578947368421055,19.0,0.6428571428571429,22.785714285714285,19.0,1,rolling,losing_streak_fitness,2_days,rep_3,91,9
test,3,53560,125287,125287,130699,9,14,3798,3.5,5,10,2,-1000.0,0,0.0,0.0,0.0,inf,0.0,0.0,0.0,0.0,0,rolling,losing_streak_fitness,2_days,rep_3,92,9
train,3,53560,125287,125287,130699,9,14,3798,3.5,5,10,2,1193.5887063808873,14,319.0,414.0,95.0,4.3578947368421055,19.0,0.6428571428571429,22.785714285714285,19.0,1,rolling,losing_streak_fitness,2_days,rep_3,92,9
test,3,53560,125287,125287,130699,9,14,3798,3.5,5,10,2,-1000.0,0,0.0,0.0,0.0,inf,0.0,0.0,0.0,0.0,0,rolling,losing_streak_fitness,2_days,rep_3,93,9
train,3,53560,125287,125287,130699,9,14,3798,3.5,5,10,2,1193.5887063808873,14,319.0,414.0,95.0,4.3578947368421055,19.0,0.6428571428571429,22.785714285714285,19.0,1,rolling,losing_streak_fitness,2_days,rep_3,93,9
test,3,53560,125287,125287,130699,9,14,3798,3.5,5,10,2,-1000.0,0,0.0,0.0,0.0,inf,0.0,0.0,0.0,0.0,0,rolling,losing_streak_fitness,2_days,rep_3,94,9
train,3,53560,125287,125287,130699,9,14,3798,3.5,5,10,2,1193.5887063808873,14,319.0,414.0,95.0,4.3578947368421055,19.0,0.6428571428571429,22.785714285714285,19.0,1,rolling,losing_streak_fitness,2_days,rep_3,94,9
test,3,53560,125287,125287,130699,9,14,3798,3.5,5,10,2,-1000.0,0,0.0,0.0,0.0,inf,0.0,0.0,0.0,0.0,0,rolling,losing_streak_fitness,2_days,rep_3,95,9
train,3,53560,125287,125287,130699,9,14,3798,3.5,5,10,2,1193.5887063808873,14,319.0,414.0,95.0,4.3578947368421055,19.0,0.6428571428571429,22.785714285714285,19.0,1,rolling,losing_streak_fitness,2_days,rep_3,95,9
test,3,53560,125287,125287,130699,9,14,3798,3.5,5,10,2,-1000.0,0,0.0,0.0,0.0,inf,0.0,0.0,0.0,0.0,0,rolling,losing_streak_fitness,2_days,rep_3,96,9
train,3,53560,125287,125287,130699,9,14,3798,3.5,5,10,2,1193.5887063808873,14,319.0,414.0,95.0,4.3578947368421055,19.0,0.6428571428571429,22.785714285714285,19.0,1,rolling,losing_streak_fitness,2_days,rep_3,96,9
test,3,53560,125287,125287,130699,9,14,3798,3.5,5,10,2,-1000.0,0,0.0,0.0,0.0,inf,0.0,0.0,0.0,0.0,0,rolling,losing_streak_fitness,2_days,rep_3,97,9
train,3,53560,125287,125287,130699,9,14,3798,3.5,5,10,2,1193.5887063808873,14,319.0,414.0,95.0,4.3578947368421055,19.0,0.6428571428571429,22.785714285714285,19.0,1,rolling,losing_streak_fitness,2_days,rep_3,97,9
test,3,53560,125287,125287,130699,9,14,3798,3.5,5,10,2,-1000.0,0,0.0,0.0,0.0,inf,0.0,0.0,0.0,0.0,0,rolling,losing_streak_fitness,2_days,rep_3,98,9
train,3,53560,125287,125287,130699,9,14,3798,3.5,5,10,2,1193.5887063808873,14,319.0,414.0,95.0,4.3578947368421055,19.0,0.6428571428571429,22.785714285714285,19.0,1,rolling,losing_streak_fitness,2_days,rep_3,98,9
test,3,53560,125287,125287,130699,9,14,3798,3.5,5,10,2,-1000.0,0,0.0,0.0,0.0,inf,0.0,0.0,0.0,0.0,0,rolling,losing_streak_fitness,2_days,rep_3,99,9
train,3,53560,125287,125287,130699,9,14,3798,3.5,5,10,2,1193.5887063808873,14,319.0,414.0,95.0,4.3578947368421055,19.0,0.6428571428571429,22.785714285714285,19.0,1,rolling,losing_streak_fitness,2_days,rep_3,99,9
test,3,53560,125287,125287,130699,9,14,3798,3.5,5,10,2,-1000.0,0,0.0,0.0,0.0,inf,0.0,0.0,0.0,0.0,0,rolling,losing_streak_fitness,2_days,rep_3,100,9
train,3,53560,125287,125287,130699,9,14,3798,3.5,5,10,2,1193.5887063808873,14,319.0,414.0,95.0,4.3578947368421055,19.0,0.6428571428571429,22.785714285714285,19.0,1,rolling,losing_streak_fitness,2_days,rep_3,100,9
