dataset_type,window_id,train_start,train_end,test_start,test_end,generation,min_impulse_candles,max_duration_ms,diagonal_imbalance_ratio_threshold,min_imbalance_count,take_profit_ticks,stop_loss_ticks,fitness,number_of_trades,net_profit,gross_profit,gross_loss,profit_factor,max_drawdown,win_rate,expectancy,biggest_loss,longest_losing_streak,analysis_generation,selected_generation
test,1,0,22406,22406,53560,0,5,863,5.25,5,14,8,-350.0,25,-420.0,462.0,882.0,0.5238095238095238,520.0,0.28,-16.8,49.0,6,0,0
train,1,0,22406,22406,53560,0,5,863,5.25,5,14,8,-107.23753488815792,11,-194.0,198.0,392.0,0.5051020408163265,294.0,0.2727272727272727,-17.636363636363637,49.0,6,0,0
test,1,0,22406,22406,53560,1,7,3360,4.25,7,19,8,-165.41666141897556,11,-399.0,91.0,490.0,0.1857142857142857,399.0,0.0909090909090909,-36.27272727272727,49.0,8,1,1
train,1,0,22406,22406,53560,1,7,3360,4.25,7,19,8,-58.696784409369485,5,-105.0,91.0,196.0,0.4642857142857143,196.0,0.2,-21.0,49.0,4,1,1
test,1,0,22406,22406,53560,2,8,881,7.0,5,14,4,146.64696837416494,12,127.0,330.0,203.0,1.625615763546798,87.0,0.4166666666666667,10.583333333333334,29.0,3,2,2
train,1,0,22406,22406,53560,2,8,881,7.0,5,14,4,-27.95084971874737,5,-50.0,66.0,116.0,0.5689655172413793,116.0,0.2,-10.0,29.0,4,2,2
test,1,0,22406,22406,53560,3,8,658,9.0,1,14,2,-1.0606601717798212,18,-2.0,264.0,266.0,0.9924812030075189,162.0,0.2222222222222222,-0.1111111111111111,19.0,8,3,3
train,1,0,22406,22406,53560,3,8,658,9.0,1,14,2,4.8074017006186525,13,8.0,198.0,190.0,1.0421052631578946,124.0,0.2307692307692307,0.6153846153846154,19.0,6,3,3
test,1,0,22406,22406,53560,4,9,872,9.0,1,14,4,-31.17691453623979,12,-63.0,198.0,261.0,0.7586206896551724,203.0,0.25,-5.25,29.0,7,4,4
train,1,0,22406,22406,53560,4,9,872,9.0,1,14,4,19.595917942265423,6,16.0,132.0,116.0,1.137931034482759,58.0,0.3333333333333333,2.6666666666666665,29.0,2,4,4
test,1,0,22406,22406,53560,4,9,872,9.0,1,14,4,-31.17691453623979,12,-63.0,198.0,261.0,0.7586206896551724,203.0,0.25,-5.25,29.0,7,5,4
train,1,0,22406,22406,53560,4,9,872,9.0,1,14,4,19.595917942265423,6,16.0,132.0,116.0,1.137931034482759,58.0,0.3333333333333333,2.6666666666666665,29.0,2,5,4
test,1,0,22406,22406,53560,6,5,528,7.0,4,7,4,-166.6352334304128,31,-419.0,248.0,667.0,0.3718140929535232,512.0,0.2580645161290322,-13.516129032258064,29.0,14,6,6
train,1,0,22406,22406,53560,6,5,528,7.0,4,7,4,124.70765814495915,12,72.0,217.0,145.0,1.4965517241379311,85.0,0.5833333333333334,6.0,29.0,2,6,6
test,1,0,22406,22406,53560,6,5,528,7.0,4,7,4,-166.6352334304128,31,-419.0,248.0,667.0,0.3718140929535232,512.0,0.2580645161290322,-13.516129032258064,29.0,14,7,6
train,1,0,22406,22406,53560,6,5,528,7.0,4,7,4,124.70765814495915,12,72.0,217.0,145.0,1.4965517241379311,85.0,0.5833333333333334,6.0,29.0,2,7,6
test,1,0,22406,22406,53560,8,9,644,9.0,1,14,2,25.427456726058065,11,46.0,198.0,152.0,1.3026315789473684,114.0,0.2727272727272727,4.181818181818182,19.0,6,8,8
train,1,0,22406,22406,53560,8,9,644,9.0,1,14,2,167.70509831248424,5,75.0,132.0,57.0,2.3157894736842106,19.0,0.4,15.0,19.0,1,8,8
test,1,0,22406,22406,53560,8,9,644,9.0,1,14,2,25.427456726058065,11,46.0,198.0,152.0,1.3026315789473684,114.0,0.2727272727272727,4.181818181818182,19.0,6,9,8
train,1,0,22406,22406,53560,8,9,644,9.0,1,14,2,167.70509831248424,5,75.0,132.0,57.0,2.3157894736842106,19.0,0.4,15.0,19.0,1,9,8
test,1,0,22406,22406,53560,8,9,644,9.0,1,14,2,25.427456726058065,11,46.0,198.0,152.0,1.3026315789473684,114.0,0.2727272727272727,4.181818181818182,19.0,6,10,8
train,1,0,22406,22406,53560,8,9,644,9.0,1,14,2,167.70509831248424,5,75.0,132.0,57.0,2.3157894736842106,19.0,0.4,15.0,19.0,1,10,8
test,1,0,22406,22406,53560,8,9,644,9.0,1,14,2,25.427456726058065,11,46.0,198.0,152.0,1.3026315789473684,114.0,0.2727272727272727,4.181818181818182,19.0,6,11,8
train,1,0,22406,22406,53560,8,9,644,9.0,1,14,2,167.70509831248424,5,75.0,132.0,57.0,2.3157894736842106,19.0,0.4,15.0,19.0,1,11,8
test,1,0,22406,22406,53560,8,9,644,9.0,1,14,2,25.427456726058065,11,46.0,198.0,152.0,1.3026315789473684,114.0,0.2727272727272727,4.181818181818182,19.0,6,12,8
train,1,0,22406,22406,53560,8,9,644,9.0,1,14,2,167.70509831248424,5,75.0,132.0,57.0,2.3157894736842106,19.0,0.4,15.0,19.0,1,12,8
test,1,0,22406,22406,53560,8,9,644,9.0,1,14,2,25.427456726058065,11,46.0,198.0,152.0,1.3026315789473684,114.0,0.2727272727272727,4.181818181818182,19.0,6,13,8
train,1,0,22406,22406,53560,8,9,644,9.0,1,14,2,167.70509831248424,5,75.0,132.0,57.0,2.3157894736842106,19.0,0.4,15.0,19.0,1,13,8
test,1,0,22406,22406,53560,8,9,644,9.0,1,14,2,25.427456726058065,11,46.0,198.0,152.0,1.3026315789473684,114.0,0.2727272727272727,4.181818181818182,19.0,6,14,8
train,1,0,22406,22406,53560,8,9,644,9.0,1,14,2,167.70509831248424,5,75.0,132.0,57.0,2.3157894736842106,19.0,0.4,15.0,19.0,1,14,8
test,1,0,22406,22406,53560,8,9,644,9.0,1,14,2,25.427456726058065,11,46.0,198.0,152.0,1.3026315789473684,114.0,0.2727272727272727,4.181818181818182,19.0,6,15,8
train,1,0,22406,22406,53560,8,9,644,9.0,1,14,2,167.70509831248424,5,75.0,132.0,57.0,2.3157894736842106,19.0,0.4,15.0,19.0,1,15,8
test,1,0,22406,22406,53560,8,9,644,9.0,1,14,2,25.427456726058065,11,46.0,198.0,152.0,1.3026315789473684,114.0,0.2727272727272727,4.181818181818182,19.0,6,16,8
train,1,0,22406,22406,53560,8,9,644,9.0,1,14,2,167.70509831248424,5,75.0,132.0,57.0,2.3157894736842106,19.0,0.4,15.0,19.0,1,16,8
test,1,0,22406,22406,53560,8,9,644,9.0,1,14,2,25.427456726058065,11,46.0,198.0,152.0,1.3026315789473684,114.0,0.2727272727272727,4.181818181818182,19.0,6,17,8
train,1,0,22406,22406,53560,8,9,644,9.0,1,14,2,167.70509831248424,5,75.0,132.0,57.0,2.3157894736842106,19.0,0.4,15.0,19.0,1,17,8
test,1,0,22406,22406,53560,8,9,644,9.0,1,14,2,25.427456726058065,11,46.0,198.0,152.0,1.3026315789473684,114.0,0.2727272727272727,4.181818181818182,19.0,6,18,8
train,1,0,22406,22406,53560,8,9,644,9.0,1,14,2,167.70509831248424,5,75.0,132.0,57.0,2.3157894736842106,19.0,0.4,15.0,19.0,1,18,8
test,1,0,22406,22406,53560,8,9,644,9.0,1,14,2,25.427456726058065,11,46.0,198.0,152.0,1.3026315789473684,114.0,0.2727272727272727,4.181818181818182,19.0,6,19,8
train,1,0,22406,22406,53560,8,9,644,9.0,1,14,2,167.70509831248424,5,75.0,132.0,57.0,2.3157894736842106,19.0,0.4,15.0,19.0,1,19,8
test,1,0,22406,22406,53560,8,9,644,9.0,1,14,2,25.427456726058065,11,46.0,198.0,152.0,1.3026315789473684,114.0,0.2727272727272727,4.181818181818182,19.0,6,20,8
train,1,0,22406,22406,53560,8,9,644,9.0,1,14,2,167.70509831248424,5,75.0,132.0,57.0,2.3157894736842106,19.0,0.4,15.0,19.0,1,20,8
test,1,0,22406,22406,53560,8,9,644,9.0,1,14,2,25.427456726058065,11,46.0,198.0,152.0,1.3026315789473684,114.0,0.2727272727272727,4.181818181818182,19.0,6,21,8
train,1,0,22406,22406,53560,8,9,644,9.0,1,14,2,167.70509831248424,5,75.0,132.0,57.0,2.3157894736842106,19.0,0.4,15.0,19.0,1,21,8
test,1,0,22406,22406,53560,8,9,644,9.0,1,14,2,25.427456726058065,11,46.0,198.0,152.0,1.3026315789473684,114.0,0.2727272727272727,4.181818181818182,19.0,6,22,8
train,1,0,22406,22406,53560,8,9,644,9.0,1,14,2,167.70509831248424,5,75.0,132.0,57.0,2.3157894736842106,19.0,0.4,15.0,19.0,1,22,8
test,1,0,22406,22406,53560,8,9,644,9.0,1,14,2,25.427456726058065,11,46.0,198.0,152.0,1.3026315789473684,114.0,0.2727272727272727,4.181818181818182,19.0,6,23,8
train,1,0,22406,22406,53560,8,9,644,9.0,1,14,2,167.70509831248424,5,75.0,132.0,57.0,2.3157894736842106,19.0,0.4,15.0,19.0,1,23,8
test,1,0,22406,22406,53560,8,9,644,9.0,1,14,2,25.427456726058065,11,46.0,198.0,152.0,1.3026315789473684,114.0,0.2727272727272727,4.181818181818182,19.0,6,24,8
train,1,0,22406,22406,53560,8,9,644,9.0,1,14,2,167.70509831248424,5,75.0,132.0,57.0,2.3157894736842106,19.0,0.4,15.0,19.0,1,24,8
test,1,0,22406,22406,53560,8,9,644,9.0,1,14,2,25.427456726058065,11,46.0,198.0,152.0,1.3026315789473684,114.0,0.2727272727272727,4.181818181818182,19.0,6,25,8
train,1,0,22406,22406,53560,8,9,644,9.0,1,14,2,167.70509831248424,5,75.0,132.0,57.0,2.3157894736842106,19.0,0.4,15.0,19.0,1,25,8
test,1,0,22406,22406,53560,8,9,644,9.0,1,14,2,25.427456726058065,11,46.0,198.0,152.0,1.3026315789473684,114.0,0.2727272727272727,4.181818181818182,19.0,6,26,8
train,1,0,22406,22406,53560,8,9,644,9.0,1,14,2,167.70509831248424,5,75.0,132.0,57.0,2.3157894736842106,19.0,0.4,15.0,19.0,1,26,8
test,1,0,22406,22406,53560,8,9,644,9.0,1,14,2,25.427456726058065,11,46.0,198.0,152.0,1.3026315789473684,114.0,0.2727272727272727,4.181818181818182,19.0,6,27,8
train,1,0,22406,22406,53560,8,9,644,9.0,1,14,2,167.70509831248424,5,75.0,132.0,57.0,2.3157894736842106,19.0,0.4,15.0,19.0,1,27,8
test,1,0,22406,22406,53560,8,9,644,9.0,1,14,2,25.427456726058065,11,46.0,198.0,152.0,1.3026315789473684,114.0,0.2727272727272727,4.181818181818182,19.0,6,28,8
train,1,0,22406,22406,53560,8,9,644,9.0,1,14,2,167.70509831248424,5,75.0,132.0,57.0,2.3157894736842106,19.0,0.4,15.0,19.0,1,28,8
test,1,0,22406,22406,53560,8,9,644,9.0,1,14,2,25.427456726058065,11,46.0,198.0,152.0,1.3026315789473684,114.0,0.2727272727272727,4.181818181818182,19.0,6,29,8
train,1,0,22406,22406,53560,8,9,644,9.0,1,14,2,167.70509831248424,5,75.0,132.0,57.0,2.3157894736842106,19.0,0.4,15.0,19.0,1,29,8
test,1,0,22406,22406,53560,8,9,644,9.0,1,14,2,25.427456726058065,11,46.0,198.0,152.0,1.3026315789473684,114.0,0.2727272727272727,4.181818181818182,19.0,6,30,8
train,1,0,22406,22406,53560,8,9,644,9.0,1,14,2,167.70509831248424,5,75.0,132.0,57.0,2.3157894736842106,19.0,0.4,15.0,19.0,1,30,8
test,1,0,22406,22406,53560,8,9,644,9.0,1,14,2,25.427456726058065,11,46.0,198.0,152.0,1.3026315789473684,114.0,0.2727272727272727,4.181818181818182,19.0,6,31,8
train,1,0,22406,22406,53560,8,9,644,9.0,1,14,2,167.70509831248424,5,75.0,132.0,57.0,2.3157894736842106,19.0,0.4,15.0,19.0,1,31,8
test,1,0,22406,22406,53560,8,9,644,9.0,1,14,2,25.427456726058065,11,46.0,198.0,152.0,1.3026315789473684,114.0,0.2727272727272727,4.181818181818182,19.0,6,32,8
train,1,0,22406,22406,53560,8,9,644,9.0,1,14,2,167.70509831248424,5,75.0,132.0,57.0,2.3157894736842106,19.0,0.4,15.0,19.0,1,32,8
test,1,0,22406,22406,53560,8,9,644,9.0,1,14,2,25.427456726058065,11,46.0,198.0,152.0,1.3026315789473684,114.0,0.2727272727272727,4.181818181818182,19.0,6,33,8
train,1,0,22406,22406,53560,8,9,644,9.0,1,14,2,167.70509831248424,5,75.0,132.0,57.0,2.3157894736842106,19.0,0.4,15.0,19.0,1,33,8
test,1,0,22406,22406,53560,8,9,644,9.0,1,14,2,25.427456726058065,11,46.0,198.0,152.0,1.3026315789473684,114.0,0.2727272727272727,4.181818181818182,19.0,6,34,8
train,1,0,22406,22406,53560,8,9,644,9.0,1,14,2,167.70509831248424,5,75.0,132.0,57.0,2.3157894736842106,19.0,0.4,15.0,19.0,1,34,8
test,1,0,22406,22406,53560,8,9,644,9.0,1,14,2,25.427456726058065,11,46.0,198.0,152.0,1.3026315789473684,114.0,0.2727272727272727,4.181818181818182,19.0,6,35,8
train,1,0,22406,22406,53560,8,9,644,9.0,1,14,2,167.70509831248424,5,75.0,132.0,57.0,2.3157894736842106,19.0,0.4,15.0,19.0,1,35,8
test,1,0,22406,22406,53560,8,9,644,9.0,1,14,2,25.427456726058065,11,46.0,198.0,152.0,1.3026315789473684,114.0,0.2727272727272727,4.181818181818182,19.0,6,36,8
train,1,0,22406,22406,53560,8,9,644,9.0,1,14,2,167.70509831248424,5,75.0,132.0,57.0,2.3157894736842106,19.0,0.4,15.0,19.0,1,36,8
test,1,0,22406,22406,53560,8,9,644,9.0,1,14,2,25.427456726058065,11,46.0,198.0,152.0,1.3026315789473684,114.0,0.2727272727272727,4.181818181818182,19.0,6,37,8
train,1,0,22406,22406,53560,8,9,644,9.0,1,14,2,167.70509831248424,5,75.0,132.0,57.0,2.3157894736842106,19.0,0.4,15.0,19.0,1,37,8
test,1,0,22406,22406,53560,8,9,644,9.0,1,14,2,25.427456726058065,11,46.0,198.0,152.0,1.3026315789473684,114.0,0.2727272727272727,4.181818181818182,19.0,6,38,8
train,1,0,22406,22406,53560,8,9,644,9.0,1,14,2,167.70509831248424,5,75.0,132.0,57.0,2.3157894736842106,19.0,0.4,15.0,19.0,1,38,8
test,1,0,22406,22406,53560,8,9,644,9.0,1,14,2,25.427456726058065,11,46.0,198.0,152.0,1.3026315789473684,114.0,0.2727272727272727,4.181818181818182,19.0,6,39,8
train,1,0,22406,22406,53560,8,9,644,9.0,1,14,2,167.70509831248424,5,75.0,132.0,57.0,2.3157894736842106,19.0,0.4,15.0,19.0,1,39,8
test,1,0,22406,22406,53560,8,9,644,9.0,1,14,2,25.427456726058065,11,46.0,198.0,152.0,1.3026315789473684,114.0,0.2727272727272727,4.181818181818182,19.0,6,40,8
train,1,0,22406,22406,53560,8,9,644,9.0,1,14,2,167.70509831248424,5,75.0,132.0,57.0,2.3157894736842106,19.0,0.4,15.0,19.0,1,40,8
test,1,0,22406,22406,53560,8,9,644,9.0,1,14,2,25.427456726058065,11,46.0,198.0,152.0,1.3026315789473684,114.0,0.2727272727272727,4.181818181818182,19.0,6,41,8
train,1,0,22406,22406,53560,8,9,644,9.0,1,14,2,167.70509831248424,5,75.0,132.0,57.0,2.3157894736842106,19.0,0.4,15.0,19.0,1,41,8
test,1,0,22406,22406,53560,8,9,644,9.0,1,14,2,25.427456726058065,11,46.0,198.0,152.0,1.3026315789473684,114.0,0.2727272727272727,4.181818181818182,19.0,6,42,8
train,1,0,22406,22406,53560,8,9,644,9.0,1,14,2,167.70509831248424,5,75.0,132.0,57.0,2.3157894736842106,19.0,0.4,15.0,19.0,1,42,8
test,1,0,22406,22406,53560,8,9,644,9.0,1,14,2,25.427456726058065,11,46.0,198.0,152.0,1.3026315789473684,114.0,0.2727272727272727,4.181818181818182,19.0,6,43,8
train,1,0,22406,22406,53560,8,9,644,9.0,1,14,2,167.70509831248424,5,75.0,132.0,57.0,2.3157894736842106,19.0,0.4,15.0,19.0,1,43,8
test,1,0,22406,22406,53560,8,9,644,9.0,1,14,2,25.427456726058065,11,46.0,198.0,152.0,1.3026315789473684,114.0,0.2727272727272727,4.181818181818182,19.0,6,44,8
train,1,0,22406,22406,53560,8,9,644,9.0,1,14,2,167.70509831248424,5,75.0,132.0,57.0,2.3157894736842106,19.0,0.4,15.0,19.0,1,44,8
test,1,0,22406,22406,53560,8,9,644,9.0,1,14,2,25.427456726058065,11,46.0,198.0,152.0,1.3026315789473684,114.0,0.2727272727272727,4.181818181818182,19.0,6,45,8
train,1,0,22406,22406,53560,8,9,644,9.0,1,14,2,167.70509831248424,5,75.0,132.0,57.0,2.3157894736842106,19.0,0.4,15.0,19.0,1,45,8
test,1,0,22406,22406,53560,8,9,644,9.0,1,14,2,25.427456726058065,11,46.0,198.0,152.0,1.3026315789473684,114.0,0.2727272727272727,4.181818181818182,19.0,6,46,8
train,1,0,22406,22406,53560,8,9,644,9.0,1,14,2,167.70509831248424,5,75.0,132.0,57.0,2.3157894736842106,19.0,0.4,15.0,19.0,1,46,8
test,1,0,22406,22406,53560,8,9,644,9.0,1,14,2,25.427456726058065,11,46.0,198.0,152.0,1.3026315789473684,114.0,0.2727272727272727,4.181818181818182,19.0,6,47,8
train,1,0,22406,22406,53560,8,9,644,9.0,1,14,2,167.70509831248424,5,75.0,132.0,57.0,2.3157894736842106,19.0,0.4,15.0,19.0,1,47,8
test,1,0,22406,22406,53560,8,9,644,9.0,1,14,2,25.427456726058065,11,46.0,198.0,152.0,1.3026315789473684,114.0,0.2727272727272727,4.181818181818182,19.0,6,48,8
train,1,0,22406,22406,53560,8,9,644,9.0,1,14,2,167.70509831248424,5,75.0,132.0,57.0,2.3157894736842106,19.0,0.4,15.0,19.0,1,48,8
test,1,0,22406,22406,53560,8,9,644,9.0,1,14,2,25.427456726058065,11,46.0,198.0,152.0,1.3026315789473684,114.0,0.2727272727272727,4.181818181818182,19.0,6,49,8
train,1,0,22406,22406,53560,8,9,644,9.0,1,14,2,167.70509831248424,5,75.0,132.0,57.0,2.3157894736842106,19.0,0.4,15.0,19.0,1,49,8
test,1,0,22406,22406,53560,8,9,644,9.0,1,14,2,25.427456726058065,11,46.0,198.0,152.0,1.3026315789473684,114.0,0.2727272727272727,4.181818181818182,19.0,6,50,8
train,1,0,22406,22406,53560,8,9,644,9.0,1,14,2,167.70509831248424,5,75.0,132.0,57.0,2.3157894736842106,19.0,0.4,15.0,19.0,1,50,8
test,1,0,22406,22406,53560,8,9,644,9.0,1,14,2,25.427456726058065,11,46.0,198.0,152.0,1.3026315789473684,114.0,0.2727272727272727,4.181818181818182,19.0,6,51,8
train,1,0,22406,22406,53560,8,9,644,9.0,1,14,2,167.70509831248424,5,75.0,132.0,57.0,2.3157894736842106,19.0,0.4,15.0,19.0,1,51,8
test,1,0,22406,22406,53560,8,9,644,9.0,1,14,2,25.427456726058065,11,46.0,198.0,152.0,1.3026315789473684,114.0,0.2727272727272727,4.181818181818182,19.0,6,52,8
train,1,0,22406,22406,53560,8,9,644,9.0,1,14,2,167.70509831248424,5,75.0,132.0,57.0,2.3157894736842106,19.0,0.4,15.0,19.0,1,52,8
test,1,0,22406,22406,53560,8,9,644,9.0,1,14,2,25.427456726058065,11,46.0,198.0,152.0,1.3026315789473684,114.0,0.2727272727272727,4.181818181818182,19.0,6,53,8
train,1,0,22406,22406,53560,8,9,644,9.0,1,14,2,167.70509831248424,5,75.0,132.0,57.0,2.3157894736842106,19.0,0.4,15.0,19.0,1,53,8
test,1,0,22406,22406,53560,8,9,644,9.0,1,14,2,25.427456726058065,11,46.0,198.0,152.0,1.3026315789473684,114.0,0.2727272727272727,4.181818181818182,19.0,6,54,8
train,1,0,22406,22406,53560,8,9,644,9.0,1,14,2,167.70509831248424,5,75.0,132.0,57.0,2.3157894736842106,19.0,0.4,15.0,19.0,1,54,8
test,1,0,22406,22406,53560,8,9,644,9.0,1,14,2,25.427456726058065,11,46.0,198.0,152.0,1.3026315789473684,114.0,0.2727272727272727,4.181818181818182,19.0,6,55,8
train,1,0,22406,22406,53560,8,9,644,9.0,1,14,2,167.70509831248424,5,75.0,132.0,57.0,2.3157894736842106,19.0,0.4,15.0,19.0,1,55,8
test,1,0,22406,22406,53560,8,9,644,9.0,1,14,2,25.427456726058065,11,46.0,198.0,152.0,1.3026315789473684,114.0,0.2727272727272727,4.181818181818182,19.0,6,56,8
train,1,0,22406,22406,53560,8,9,644,9.0,1,14,2,167.70509831248424,5,75.0,132.0,57.0,2.3157894736842106,19.0,0.4,15.0,19.0,1,56,8
test,1,0,22406,22406,53560,8,9,644,9.0,1,14,2,25.427456726058065,11,46.0,198.0,152.0,1.3026315789473684,114.0,0.2727272727272727,4.181818181818182,19.0,6,57,8
train,1,0,22406,22406,53560,8,9,644,9.0,1,14,2,167.70509831248424,5,75.0,132.0,57.0,2.3157894736842106,19.0,0.4,15.0,19.0,1,57,8
test,1,0,22406,22406,53560,8,9,644,9.0,1,14,2,25.427456726058065,11,46.0,198.0,152.0,1.3026315789473684,114.0,0.2727272727272727,4.181818181818182,19.0,6,58,8
train,1,0,22406,22406,53560,8,9,644,9.0,1,14,2,167.70509831248424,5,75.0,132.0,57.0,2.3157894736842106,19.0,0.4,15.0,19.0,1,58,8
test,1,0,22406,22406,53560,8,9,644,9.0,1,14,2,25.427456726058065,11,46.0,198.0,152.0,1.3026315789473684,114.0,0.2727272727272727,4.181818181818182,19.0,6,59,8
train,1,0,22406,22406,53560,8,9,644,9.0,1,14,2,167.70509831248424,5,75.0,132.0,57.0,2.3157894736842106,19.0,0.4,15.0,19.0,1,59,8
test,1,0,22406,22406,53560,8,9,644,9.0,1,14,2,25.427456726058065,11,46.0,198.0,152.0,1.3026315789473684,114.0,0.2727272727272727,4.181818181818182,19.0,6,60,8
train,1,0,22406,22406,53560,8,9,644,9.0,1,14,2,167.70509831248424,5,75.0,132.0,57.0,2.3157894736842106,19.0,0.4,15.0,19.0,1,60,8
test,1,0,22406,22406,53560,8,9,644,9.0,1,14,2,25.427456726058065,11,46.0,198.0,152.0,1.3026315789473684,114.0,0.2727272727272727,4.181818181818182,19.0,6,61,8
train,1,0,22406,22406,53560,8,9,644,9.0,1,14,2,167.70509831248424,5,75.0,132.0,57.0,2.3157894736842106,19.0,0.4,15.0,19.0,1,61,8
test,1,0,22406,22406,53560,8,9,644,9.0,1,14,2,25.427456726058065,11,46.0,198.0,152.0,1.3026315789473684,114.0,0.2727272727272727,4.181818181818182,19.0,6,62,8
train,1,0,22406,22406,53560,8,9,644,9.0,1,14,2,167.70509831248424,5,75.0,132.0,57.0,2.3157894736842106,19.0,0.4,15.0,19.0,1,62,8
test,1,0,22406,22406,53560,8,9,644,9.0,1,14,2,25.427456726058065,11,46.0,198.0,152.0,1.3026315789473684,114.0,0.2727272727272727,4.181818181818182,19.0,6,63,8
train,1,0,22406,22406,53560,8,9,644,9.0,1,14,2,167.70509831248424,5,75.0,132.0,57.0,2.3157894736842106,19.0,0.4,15.0,19.0,1,63,8
test,1,0,22406,22406,53560,8,9,644,9.0,1,14,2,25.427456726058065,11,46.0,198.0,152.0,1.3026315789473684,114.0,0.2727272727272727,4.181818181818182,19.0,6,64,8
train,1,0,22406,22406,53560,8,9,644,9.0,1,14,2,167.70509831248424,5,75.0,132.0,57.0,2.3157894736842106,19.0,0.4,15.0,19.0,1,64,8
test,1,0,22406,22406,53560,8,9,644,9.0,1,14,2,25.427456726058065,11,46.0,198.0,152.0,1.3026315789473684,114.0,0.2727272727272727,4.181818181818182,19.0,6,65,8
train,1,0,22406,22406,53560,8,9,644,9.0,1,14,2,167.70509831248424,5,75.0,132.0,57.0,2.3157894736842106,19.0,0.4,15.0,19.0,1,65,8
test,1,0,22406,22406,53560,8,9,644,9.0,1,14,2,25.427456726058065,11,46.0,198.0,152.0,1.3026315789473684,114.0,0.2727272727272727,4.181818181818182,19.0,6,66,8
train,1,0,22406,22406,53560,8,9,644,9.0,1,14,2,167.70509831248424,5,75.0,132.0,57.0,2.3157894736842106,19.0,0.4,15.0,19.0,1,66,8
test,1,0,22406,22406,53560,8,9,644,9.0,1,14,2,25.427456726058065,11,46.0,198.0,152.0,1.3026315789473684,114.0,0.2727272727272727,4.181818181818182,19.0,6,67,8
train,1,0,22406,22406,53560,8,9,644,9.0,1,14,2,167.70509831248424,5,75.0,132.0,57.0,2.3157894736842106,19.0,0.4,15.0,19.0,1,67,8
test,1,0,22406,22406,53560,8,9,644,9.0,1,14,2,25.427456726058065,11,46.0,198.0,152.0,1.3026315789473684,114.0,0.2727272727272727,4.181818181818182,19.0,6,68,8
train,1,0,22406,22406,53560,8,9,644,9.0,1,14,2,167.70509831248424,5,75.0,132.0,57.0,2.3157894736842106,19.0,0.4,15.0,19.0,1,68,8
test,1,0,22406,22406,53560,8,9,644,9.0,1,14,2,25.427456726058065,11,46.0,198.0,152.0,1.3026315789473684,114.0,0.2727272727272727,4.181818181818182,19.0,6,69,8
train,1,0,22406,22406,53560,8,9,644,9.0,1,14,2,167.70509831248424,5,75.0,132.0,57.0,2.3157894736842106,19.0,0.4,15.0,19.0,1,69,8
test,1,0,22406,22406,53560,8,9,644,9.0,1,14,2,25.427456726058065,11,46.0,198.0,152.0,1.3026315789473684,114.0,0.2727272727272727,4.181818181818182,19.0,6,70,8
train,1,0,22406,22406,53560,8,9,644,9.0,1,14,2,167.70509831248424,5,75.0,132.0,57.0,2.3157894736842106,19.0,0.4,15.0,19.0,1,70,8
test,1,0,22406,22406,53560,8,9,644,9.0,1,14,2,25.427456726058065,11,46.0,198.0,152.0,1.3026315789473684,114.0,0.2727272727272727,4.181818181818182,19.0,6,71,8
train,1,0,22406,22406,53560,8,9,644,9.0,1,14,2,167.70509831248424,5,75.0,132.0,57.0,2.3157894736842106,19.0,0.4,15.0,19.0,1,71,8
test,1,0,22406,22406,53560,8,9,644,9.0,1,14,2,25.427456726058065,11,46.0,198.0,152.0,1.3026315789473684,114.0,0.2727272727272727,4.181818181818182,19.0,6,72,8
train,1,0,22406,22406,53560,8,9,644,9.0,1,14,2,167.70509831248424,5,75.0,132.0,57.0,2.3157894736842106,19.0,0.4,15.0,19.0,1,72,8
test,1,0,22406,22406,53560,8,9,644,9.0,1,14,2,25.427456726058065,11,46.0,198.0,152.0,1.3026315789473684,114.0,0.2727272727272727,4.181818181818182,19.0,6,73,8
train,1,0,22406,22406,53560,8,9,644,9.0,1,14,2,167.70509831248424,5,75.0,132.0,57.0,2.3157894736842106,19.0,0.4,15.0,19.0,1,73,8
test,1,0,22406,22406,53560,8,9,644,9.0,1,14,2,25.427456726058065,11,46.0,198.0,152.0,1.3026315789473684,114.0,0.2727272727272727,4.181818181818182,19.0,6,74,8
train,1,0,22406,22406,53560,8,9,644,9.0,1,14,2,167.70509831248424,5,75.0,132.0,57.0,2.3157894736842106,19.0,0.4,15.0,19.0,1,74,8
test,1,0,22406,22406,53560,8,9,644,9.0,1,14,2,25.427456726058065,11,46.0,198.0,152.0,1.3026315789473684,114.0,0.2727272727272727,4.181818181818182,19.0,6,75,8
train,1,0,22406,22406,53560,8,9,644,9.0,1,14,2,167.70509831248424,5,75.0,132.0,57.0,2.3157894736842106,19.0,0.4,15.0,19.0,1,75,8
test,1,0,22406,22406,53560,8,9,644,9.0,1,14,2,25.427456726058065,11,46.0,198.0,152.0,1.3026315789473684,114.0,0.2727272727272727,4.181818181818182,19.0,6,76,8
train,1,0,22406,22406,53560,8,9,644,9.0,1,14,2,167.70509831248424,5,75.0,132.0,57.0,2.3157894736842106,19.0,0.4,15.0,19.0,1,76,8
test,1,0,22406,22406,53560,8,9,644,9.0,1,14,2,25.427456726058065,11,46.0,198.0,152.0,1.3026315789473684,114.0,0.2727272727272727,4.181818181818182,19.0,6,77,8
train,1,0,22406,22406,53560,8,9,644,9.0,1,14,2,167.70509831248424,5,75.0,132.0,57.0,2.3157894736842106,19.0,0.4,15.0,19.0,1,77,8
test,1,0,22406,22406,53560,8,9,644,9.0,1,14,2,25.427456726058065,11,46.0,198.0,152.0,1.3026315789473684,114.0,0.2727272727272727,4.181818181818182,19.0,6,78,8
train,1,0,22406,22406,53560,8,9,644,9.0,1,14,2,167.70509831248424,5,75.0,132.0,57.0,2.3157894736842106,19.0,0.4,15.0,19.0,1,78,8
test,1,0,22406,22406,53560,8,9,644,9.0,1,14,2,25.427456726058065,11,46.0,198.0,152.0,1.3026315789473684,114.0,0.2727272727272727,4.181818181818182,19.0,6,79,8
train,1,0,22406,22406,53560,8,9,644,9.0,1,14,2,167.70509831248424,5,75.0,132.0,57.0,2.3157894736842106,19.0,0.4,15.0,19.0,1,79,8
test,1,0,22406,22406,53560,8,9,644,9.0,1,14,2,25.427456726058065,11,46.0,198.0,152.0,1.3026315789473684,114.0,0.2727272727272727,4.181818181818182,19.0,6,80,8
train,1,0,22406,22406,53560,8,9,644,9.0,1,14,2,167.70509831248424,5,75.0,132.0,57.0,2.3157894736842106,19.0,0.4,15.0,19.0,1,80,8
test,1,0,22406,22406,53560,8,9,644,9.0,1,14,2,25.427456726058065,11,46.0,198.0,152.0,1.3026315789473684,114.0,0.2727272727272727,4.181818181818182,19.0,6,81,8
train,1,0,22406,22406,53560,8,9,644,9.0,1,14,2,167.70509831248424,5,75.0,132.0,57.0,2.3157894736842106,19.0,0.4,15.0,19.0,1,81,8
test,1,0,22406,22406,53560,8,9,644,9.0,1,14,2,25.427456726058065,11,46.0,198.0,152.0,1.3026315789473684,114.0,0.2727272727272727,4.181818181818182,19.0,6,82,8
train,1,0,22406,22406,53560,8,9,644,9.0,1,14,2,167.70509831248424,5,75.0,132.0,57.0,2.3157894736842106,19.0,0.4,15.0,19.0,1,82,8
test,1,0,22406,22406,53560,8,9,644,9.0,1,14,2,25.427456726058065,11,46.0,198.0,152.0,1.3026315789473684,114.0,0.2727272727272727,4.181818181818182,19.0,6,83,8
train,1,0,22406,22406,53560,8,9,644,9.0,1,14,2,167.70509831248424,5,75.0,132.0,57.0,2.3157894736842106,19.0,0.4,15.0,19.0,1,83,8
test,1,0,22406,22406,53560,8,9,644,9.0,1,14,2,25.427456726058065,11,46.0,198.0,152.0,1.3026315789473684,114.0,0.2727272727272727,4.181818181818182,19.0,6,84,8
train,1,0,22406,22406,53560,8,9,644,9.0,1,14,2,167.70509831248424,5,75.0,132.0,57.0,2.3157894736842106,19.0,0.4,15.0,19.0,1,84,8
test,1,0,22406,22406,53560,8,9,644,9.0,1,14,2,25.427456726058065,11,46.0,198.0,152.0,1.3026315789473684,114.0,0.2727272727272727,4.181818181818182,19.0,6,85,8
train,1,0,22406,22406,53560,8,9,644,9.0,1,14,2,167.70509831248424,5,75.0,132.0,57.0,2.3157894736842106,19.0,0.4,15.0,19.0,1,85,8
test,1,0,22406,22406,53560,8,9,644,9.0,1,14,2,25.427456726058065,11,46.0,198.0,152.0,1.3026315789473684,114.0,0.2727272727272727,4.181818181818182,19.0,6,86,8
train,1,0,22406,22406,53560,8,9,644,9.0,1,14,2,167.70509831248424,5,75.0,132.0,57.0,2.3157894736842106,19.0,0.4,15.0,19.0,1,86,8
test,1,0,22406,22406,53560,8,9,644,9.0,1,14,2,25.427456726058065,11,46.0,198.0,152.0,1.3026315789473684,114.0,0.2727272727272727,4.181818181818182,19.0,6,87,8
train,1,0,22406,22406,53560,8,9,644,9.0,1,14,2,167.70509831248424,5,75.0,132.0,57.0,2.3157894736842106,19.0,0.4,15.0,19.0,1,87,8
test,1,0,22406,22406,53560,8,9,644,9.0,1,14,2,25.427456726058065,11,46.0,198.0,152.0,1.3026315789473684,114.0,0.2727272727272727,4.181818181818182,19.0,6,88,8
train,1,0,22406,22406,53560,8,9,644,9.0,1,14,2,167.70509831248424,5,75.0,132.0,57.0,2.3157894736842106,19.0,0.4,15.0,19.0,1,88,8
test,1,0,22406,22406,53560,8,9,644,9.0,1,14,2,25.427456726058065,11,46.0,198.0,152.0,1.3026315789473684,114.0,0.2727272727272727,4.181818181818182,19.0,6,89,8
train,1,0,22406,22406,53560,8,9,644,9.0,1,14,2,167.70509831248424,5,75.0,132.0,57.0,2.3157894736842106,19.0,0.4,15.0,19.0,1,89,8
test,1,0,22406,22406,53560,8,9,644,9.0,1,14,2,25.427456726058065,11,46.0,198.0,152.0,1.3026315789473684,114.0,0.2727272727272727,4.181818181818182,19.0,6,90,8
train,1,0,22406,22406,53560,8,9,644,9.0,1,14,2,167.70509831248424,5,75.0,132.0,57.0,2.3157894736842106,19.0,0.4,15.0,19.0,1,90,8
test,1,0,22406,22406,53560,8,9,644,9.0,1,14,2,25.427456726058065,11,46.0,198.0,152.0,1.3026315789473684,114.0,0.2727272727272727,4.181818181818182,19.0,6,91,8
train,1,0,22406,22406,53560,8,9,644,9.0,1,14,2,167.70509831248424,5,75.0,132.0,57.0,2.3157894736842106,19.0,0.4,15.0,19.0,1,91,8
test,1,0,22406,22406,53560,8,9,644,9.0,1,14,2,25.427456726058065,11,46.0,198.0,152.0,1.3026315789473684,114.0,0.2727272727272727,4.181818181818182,19.0,6,92,8
train,1,0,22406,22406,53560,8,9,644,9.0,1,14,2,167.70509831248424,5,75.0,132.0,57.0,2.3157894736842106,19.0,0.4,15.0,19.0,1,92,8
test,1,0,22406,22406,53560,8,9,644,9.0,1,14,2,25.427456726058065,11,46.0,198.0,152.0,1.3026315789473684,114.0,0.2727272727272727,4.181818181818182,19.0,6,93,8
train,1,0,22406,22406,53560,8,9,644,9.0,1,14,2,167.70509831248424,5,75.0,132.0,57.0,2.3157894736842106,19.0,0.4,15.0,19.0,1,93,8
test,1,0,22406,22406,53560,8,9,644,9.0,1,14,2,25.427456726058065,11,46.0,198.0,152.0,1.3026315789473684,114.0,0.2727272727272727,4.181818181818182,19.0,6,94,8
train,1,0,22406,22406,53560,8,9,644,9.0,1,14,2,167.70509831248424,5,75.0,132.0,57.0,2.3157894736842106,19.0,0.4,15.0,19.0,1,94,8
test,1,0,22406,22406,53560,8,9,644,9.0,1,14,2,25.427456726058065,11,46.0,198.0,152.0,1.3026315789473684,114.0,0.2727272727272727,4.181818181818182,19.0,6,95,8
train,1,0,22406,22406,53560,8,9,644,9.0,1,14,2,167.70509831248424,5,75.0,132.0,57.0,2.3157894736842106,19.0,0.4,15.0,19.0,1,95,8
test,1,0,22406,22406,53560,8,9,644,9.0,1,14,2,25.427456726058065,11,46.0,198.0,152.0,1.3026315789473684,114.0,0.2727272727272727,4.181818181818182,19.0,6,96,8
train,1,0,22406,22406,53560,8,9,644,9.0,1,14,2,167.70509831248424,5,75.0,132.0,57.0,2.3157894736842106,19.0,0.4,15.0,19.0,1,96,8
test,1,0,22406,22406,53560,8,9,644,9.0,1,14,2,25.427456726058065,11,46.0,198.0,152.0,1.3026315789473684,114.0,0.2727272727272727,4.181818181818182,19.0,6,97,8
train,1,0,22406,22406,53560,8,9,644,9.0,1,14,2,167.70509831248424,5,75.0,132.0,57.0,2.3157894736842106,19.0,0.4,15.0,19.0,1,97,8
test,1,0,22406,22406,53560,8,9,644,9.0,1,14,2,25.427456726058065,11,46.0,198.0,152.0,1.3026315789473684,114.0,0.2727272727272727,4.181818181818182,19.0,6,98,8
train,1,0,22406,22406,53560,8,9,644,9.0,1,14,2,167.70509831248424,5,75.0,132.0,57.0,2.3157894736842106,19.0,0.4,15.0,19.0,1,98,8
test,1,0,22406,22406,53560,8,9,644,9.0,1,14,2,25.427456726058065,11,46.0,198.0,152.0,1.3026315789473684,114.0,0.2727272727272727,4.181818181818182,19.0,6,99,8
train,1,0,22406,22406,53560,8,9,644,9.0,1,14,2,167.70509831248424,5,75.0,132.0,57.0,2.3157894736842106,19.0,0.4,15.0,19.0,1,99,8
test,1,0,22406,22406,53560,8,9,644,9.0,1,14,2,25.427456726058065,11,46.0,198.0,152.0,1.3026315789473684,114.0,0.2727272727272727,4.181818181818182,19.0,6,100,8
train,1,0,22406,22406,53560,8,9,644,9.0,1,14,2,167.70509831248424,5,75.0,132.0,57.0,2.3157894736842106,19.0,0.4,15.0,19.0,1,100,8
test,2,22406,53560,53560,86986,0,13,1907,6.25,4,22,3,-1000.0,3,188.0,212.0,24.0,8.833333333333334,24.0,0.6666666666666666,62.66666666666666,24.0,1,0,0
train,2,22406,53560,53560,86986,0,13,1907,6.25,4,22,3,11.180339887498947,5,10.0,106.0,96.0,1.1041666666666667,48.0,0.2,2.0,24.0,2,0,0
test,2,22406,53560,53560,86986,0,13,1907,6.25,4,22,3,-1000.0,3,188.0,212.0,24.0,8.833333333333334,24.0,0.6666666666666666,62.66666666666666,24.0,1,1,0
train,2,22406,53560,53560,86986,0,13,1907,6.25,4,22,3,11.180339887498947,5,10.0,106.0,96.0,1.1041666666666667,48.0,0.2,2.0,24.0,2,1,0
test,2,22406,53560,53560,86986,2,8,2632,8.0,5,15,2,-35.42857142857143,16,-124.0,142.0,266.0,0.5338345864661654,266.0,0.125,-7.75,19.0,14,2,2
train,2,22406,53560,53560,86986,2,8,2632,8.0,5,15,2,50.59644256269407,10,80.0,213.0,133.0,1.6015037593984962,95.0,0.3,8.0,19.0,5,2,2
test,2,22406,53560,53560,86986,2,8,2632,8.0,5,15,2,-35.42857142857143,16,-124.0,142.0,266.0,0.5338345864661654,266.0,0.125,-7.75,19.0,14,3,2
train,2,22406,53560,53560,86986,2,8,2632,8.0,5,15,2,50.59644256269407,10,80.0,213.0,133.0,1.6015037593984962,95.0,0.3,8.0,19.0,5,3,2
test,2,22406,53560,53560,86986,4,6,1367,7.0,5,23,5,-96.98550149378,19,-356.0,222.0,578.0,0.3840830449826989,544.0,0.1052631578947368,-18.73684210526316,34.0,16,4,4
train,2,22406,53560,53560,86986,4,6,1367,7.0,5,23,5,97.28309205612248,14,104.0,444.0,340.0,1.3058823529411765,136.0,0.2857142857142857,7.428571428571429,34.0,4,4,4
test,2,22406,53560,53560,86986,4,6,1367,7.0,5,23,5,-96.98550149378,19,-356.0,222.0,578.0,0.3840830449826989,544.0,0.1052631578947368,-18.73684210526316,34.0,16,5,4
train,2,22406,53560,53560,86986,4,6,1367,7.0,5,23,5,97.28309205612248,14,104.0,444.0,340.0,1.3058823529411765,136.0,0.2857142857142857,7.428571428571429,34.0,4,5,4
test,2,22406,53560,53560,86986,4,6,1367,7.0,5,23,5,-96.98550149378,19,-356.0,222.0,578.0,0.3840830449826989,544.0,0.1052631578947368,-18.73684210526316,34.0,16,6,4
train,2,22406,53560,53560,86986,4,6,1367,7.0,5,23,5,97.28309205612248,14,104.0,444.0,340.0,1.3058823529411765,136.0,0.2857142857142857,7.428571428571429,34.0,4,6,4
test,2,22406,53560,53560,86986,4,6,1367,7.0,5,23,5,-96.98550149378,19,-356.0,222.0,578.0,0.3840830449826989,544.0,0.1052631578947368,-18.73684210526316,34.0,16,7,4
train,2,22406,53560,53560,86986,4,6,1367,7.0,5,23,5,97.28309205612248,14,104.0,444.0,340.0,1.3058823529411765,136.0,0.2857142857142857,7.428571428571429,34.0,4,7,4
test,2,22406,53560,53560,86986,4,6,1367,7.0,5,23,5,-96.98550149378,19,-356.0,222.0,578.0,0.3840830449826989,544.0,0.1052631578947368,-18.73684210526316,34.0,16,8,4
train,2,22406,53560,53560,86986,4,6,1367,7.0,5,23,5,97.28309205612248,14,104.0,444.0,340.0,1.3058823529411765,136.0,0.2857142857142857,7.428571428571429,34.0,4,8,4
test,2,22406,53560,53560,86986,4,6,1367,7.0,5,23,5,-96.98550149378,19,-356.0,222.0,578.0,0.3840830449826989,544.0,0.1052631578947368,-18.73684210526316,34.0,16,9,4
train,2,22406,53560,53560,86986,4,6,1367,7.0,5,23,5,97.28309205612248,14,104.0,444.0,340.0,1.3058823529411765,136.0,0.2857142857142857,7.428571428571429,34.0,4,9,4
test,2,22406,53560,53560,86986,4,6,1367,7.0,5,23,5,-96.98550149378,19,-356.0,222.0,578.0,0.3840830449826989,544.0,0.1052631578947368,-18.73684210526316,34.0,16,10,4
train,2,22406,53560,53560,86986,4,6,1367,7.0,5,23,5,97.28309205612248,14,104.0,444.0,340.0,1.3058823529411765,136.0,0.2857142857142857,7.428571428571429,34.0,4,10,4
test,2,22406,53560,53560,86986,4,6,1367,7.0,5,23,5,-96.98550149378,19,-356.0,222.0,578.0,0.3840830449826989,544.0,0.1052631578947368,-18.73684210526316,34.0,16,11,4
train,2,22406,53560,53560,86986,4,6,1367,7.0,5,23,5,97.28309205612248,14,104.0,444.0,340.0,1.3058823529411765,136.0,0.2857142857142857,7.428571428571429,34.0,4,11,4
test,2,22406,53560,53560,86986,4,6,1367,7.0,5,23,5,-96.98550149378,19,-356.0,222.0,578.0,0.3840830449826989,544.0,0.1052631578947368,-18.73684210526316,34.0,16,12,4
train,2,22406,53560,53560,86986,4,6,1367,7.0,5,23,5,97.28309205612248,14,104.0,444.0,340.0,1.3058823529411765,136.0,0.2857142857142857,7.428571428571429,34.0,4,12,4
test,2,22406,53560,53560,86986,4,6,1367,7.0,5,23,5,-96.98550149378,19,-356.0,222.0,578.0,0.3840830449826989,544.0,0.1052631578947368,-18.73684210526316,34.0,16,13,4
train,2,22406,53560,53560,86986,4,6,1367,7.0,5,23,5,97.28309205612248,14,104.0,444.0,340.0,1.3058823529411765,136.0,0.2857142857142857,7.428571428571429,34.0,4,13,4
test,2,22406,53560,53560,86986,4,6,1367,7.0,5,23,5,-96.98550149378,19,-356.0,222.0,578.0,0.3840830449826989,544.0,0.1052631578947368,-18.73684210526316,34.0,16,14,4
train,2,22406,53560,53560,86986,4,6,1367,7.0,5,23,5,97.28309205612248,14,104.0,444.0,340.0,1.3058823529411765,136.0,0.2857142857142857,7.428571428571429,34.0,4,14,4
test,2,22406,53560,53560,86986,4,6,1367,7.0,5,23,5,-96.98550149378,19,-356.0,222.0,578.0,0.3840830449826989,544.0,0.1052631578947368,-18.73684210526316,34.0,16,15,4
train,2,22406,53560,53560,86986,4,6,1367,7.0,5,23,5,97.28309205612248,14,104.0,444.0,340.0,1.3058823529411765,136.0,0.2857142857142857,7.428571428571429,34.0,4,15,4
test,2,22406,53560,53560,86986,4,6,1367,7.0,5,23,5,-96.98550149378,19,-356.0,222.0,578.0,0.3840830449826989,544.0,0.1052631578947368,-18.73684210526316,34.0,16,16,4
train,2,22406,53560,53560,86986,4,6,1367,7.0,5,23,5,97.28309205612248,14,104.0,444.0,340.0,1.3058823529411765,136.0,0.2857142857142857,7.428571428571429,34.0,4,16,4
test,2,22406,53560,53560,86986,4,6,1367,7.0,5,23,5,-96.98550149378,19,-356.0,222.0,578.0,0.3840830449826989,544.0,0.1052631578947368,-18.73684210526316,34.0,16,17,4
train,2,22406,53560,53560,86986,4,6,1367,7.0,5,23,5,97.28309205612248,14,104.0,444.0,340.0,1.3058823529411765,136.0,0.2857142857142857,7.428571428571429,34.0,4,17,4
test,2,22406,53560,53560,86986,4,6,1367,7.0,5,23,5,-96.98550149378,19,-356.0,222.0,578.0,0.3840830449826989,544.0,0.1052631578947368,-18.73684210526316,34.0,16,18,4
train,2,22406,53560,53560,86986,4,6,1367,7.0,5,23,5,97.28309205612248,14,104.0,444.0,340.0,1.3058823529411765,136.0,0.2857142857142857,7.428571428571429,34.0,4,18,4
test,2,22406,53560,53560,86986,4,6,1367,7.0,5,23,5,-96.98550149378,19,-356.0,222.0,578.0,0.3840830449826989,544.0,0.1052631578947368,-18.73684210526316,34.0,16,19,4
train,2,22406,53560,53560,86986,4,6,1367,7.0,5,23,5,97.28309205612248,14,104.0,444.0,340.0,1.3058823529411765,136.0,0.2857142857142857,7.428571428571429,34.0,4,19,4
test,2,22406,53560,53560,86986,4,6,1367,7.0,5,23,5,-96.98550149378,19,-356.0,222.0,578.0,0.3840830449826989,544.0,0.1052631578947368,-18.73684210526316,34.0,16,20,4
train,2,22406,53560,53560,86986,4,6,1367,7.0,5,23,5,97.28309205612248,14,104.0,444.0,340.0,1.3058823529411765,136.0,0.2857142857142857,7.428571428571429,34.0,4,20,4
test,2,22406,53560,53560,86986,4,6,1367,7.0,5,23,5,-96.98550149378,19,-356.0,222.0,578.0,0.3840830449826989,544.0,0.1052631578947368,-18.73684210526316,34.0,16,21,4
train,2,22406,53560,53560,86986,4,6,1367,7.0,5,23,5,97.28309205612248,14,104.0,444.0,340.0,1.3058823529411765,136.0,0.2857142857142857,7.428571428571429,34.0,4,21,4
test,2,22406,53560,53560,86986,4,6,1367,7.0,5,23,5,-96.98550149378,19,-356.0,222.0,578.0,0.3840830449826989,544.0,0.1052631578947368,-18.73684210526316,34.0,16,22,4
train,2,22406,53560,53560,86986,4,6,1367,7.0,5,23,5,97.28309205612248,14,104.0,444.0,340.0,1.3058823529411765,136.0,0.2857142857142857,7.428571428571429,34.0,4,22,4
test,2,22406,53560,53560,86986,4,6,1367,7.0,5,23,5,-96.98550149378,19,-356.0,222.0,578.0,0.3840830449826989,544.0,0.1052631578947368,-18.73684210526316,34.0,16,23,4
train,2,22406,53560,53560,86986,4,6,1367,7.0,5,23,5,97.28309205612248,14,104.0,444.0,340.0,1.3058823529411765,136.0,0.2857142857142857,7.428571428571429,34.0,4,23,4
test,2,22406,53560,53560,86986,4,6,1367,7.0,5,23,5,-96.98550149378,19,-356.0,222.0,578.0,0.3840830449826989,544.0,0.1052631578947368,-18.73684210526316,34.0,16,24,4
train,2,22406,53560,53560,86986,4,6,1367,7.0,5,23,5,97.28309205612248,14,104.0,444.0,340.0,1.3058823529411765,136.0,0.2857142857142857,7.428571428571429,34.0,4,24,4
test,2,22406,53560,53560,86986,4,6,1367,7.0,5,23,5,-96.98550149378,19,-356.0,222.0,578.0,0.3840830449826989,544.0,0.1052631578947368,-18.73684210526316,34.0,16,25,4
train,2,22406,53560,53560,86986,4,6,1367,7.0,5,23,5,97.28309205612248,14,104.0,444.0,340.0,1.3058823529411765,136.0,0.2857142857142857,7.428571428571429,34.0,4,25,4
test,2,22406,53560,53560,86986,4,6,1367,7.0,5,23,5,-96.98550149378,19,-356.0,222.0,578.0,0.3840830449826989,544.0,0.1052631578947368,-18.73684210526316,34.0,16,26,4
train,2,22406,53560,53560,86986,4,6,1367,7.0,5,23,5,97.28309205612248,14,104.0,444.0,340.0,1.3058823529411765,136.0,0.2857142857142857,7.428571428571429,34.0,4,26,4
test,2,22406,53560,53560,86986,4,6,1367,7.0,5,23,5,-96.98550149378,19,-356.0,222.0,578.0,0.3840830449826989,544.0,0.1052631578947368,-18.73684210526316,34.0,16,27,4
train,2,22406,53560,53560,86986,4,6,1367,7.0,5,23,5,97.28309205612248,14,104.0,444.0,340.0,1.3058823529411765,136.0,0.2857142857142857,7.428571428571429,34.0,4,27,4
test,2,22406,53560,53560,86986,4,6,1367,7.0,5,23,5,-96.98550149378,19,-356.0,222.0,578.0,0.3840830449826989,544.0,0.1052631578947368,-18.73684210526316,34.0,16,28,4
train,2,22406,53560,53560,86986,4,6,1367,7.0,5,23,5,97.28309205612248,14,104.0,444.0,340.0,1.3058823529411765,136.0,0.2857142857142857,7.428571428571429,34.0,4,28,4
test,2,22406,53560,53560,86986,4,6,1367,7.0,5,23,5,-96.98550149378,19,-356.0,222.0,578.0,0.3840830449826989,544.0,0.1052631578947368,-18.73684210526316,34.0,16,29,4
train,2,22406,53560,53560,86986,4,6,1367,7.0,5,23,5,97.28309205612248,14,104.0,444.0,340.0,1.3058823529411765,136.0,0.2857142857142857,7.428571428571429,34.0,4,29,4
test,2,22406,53560,53560,86986,4,6,1367,7.0,5,23,5,-96.98550149378,19,-356.0,222.0,578.0,0.3840830449826989,544.0,0.1052631578947368,-18.73684210526316,34.0,16,30,4
train,2,22406,53560,53560,86986,4,6,1367,7.0,5,23,5,97.28309205612248,14,104.0,444.0,340.0,1.3058823529411765,136.0,0.2857142857142857,7.428571428571429,34.0,4,30,4
test,2,22406,53560,53560,86986,4,6,1367,7.0,5,23,5,-96.98550149378,19,-356.0,222.0,578.0,0.3840830449826989,544.0,0.1052631578947368,-18.73684210526316,34.0,16,31,4
train,2,22406,53560,53560,86986,4,6,1367,7.0,5,23,5,97.28309205612248,14,104.0,444.0,340.0,1.3058823529411765,136.0,0.2857142857142857,7.428571428571429,34.0,4,31,4
test,2,22406,53560,53560,86986,4,6,1367,7.0,5,23,5,-96.98550149378,19,-356.0,222.0,578.0,0.3840830449826989,544.0,0.1052631578947368,-18.73684210526316,34.0,16,32,4
train,2,22406,53560,53560,86986,4,6,1367,7.0,5,23,5,97.28309205612248,14,104.0,444.0,340.0,1.3058823529411765,136.0,0.2857142857142857,7.428571428571429,34.0,4,32,4
test,2,22406,53560,53560,86986,4,6,1367,7.0,5,23,5,-96.98550149378,19,-356.0,222.0,578.0,0.3840830449826989,544.0,0.1052631578947368,-18.73684210526316,34.0,16,33,4
train,2,22406,53560,53560,86986,4,6,1367,7.0,5,23,5,97.28309205612248,14,104.0,444.0,340.0,1.3058823529411765,136.0,0.2857142857142857,7.428571428571429,34.0,4,33,4
test,2,22406,53560,53560,86986,4,6,1367,7.0,5,23,5,-96.98550149378,19,-356.0,222.0,578.0,0.3840830449826989,544.0,0.1052631578947368,-18.73684210526316,34.0,16,34,4
train,2,22406,53560,53560,86986,4,6,1367,7.0,5,23,5,97.28309205612248,14,104.0,444.0,340.0,1.3058823529411765,136.0,0.2857142857142857,7.428571428571429,34.0,4,34,4
test,2,22406,53560,53560,86986,4,6,1367,7.0,5,23,5,-96.98550149378,19,-356.0,222.0,578.0,0.3840830449826989,544.0,0.1052631578947368,-18.73684210526316,34.0,16,35,4
train,2,22406,53560,53560,86986,4,6,1367,7.0,5,23,5,97.28309205612248,14,104.0,444.0,340.0,1.3058823529411765,136.0,0.2857142857142857,7.428571428571429,34.0,4,35,4
test,2,22406,53560,53560,86986,4,6,1367,7.0,5,23,5,-96.98550149378,19,-356.0,222.0,578.0,0.3840830449826989,544.0,0.1052631578947368,-18.73684210526316,34.0,16,36,4
train,2,22406,53560,53560,86986,4,6,1367,7.0,5,23,5,97.28309205612248,14,104.0,444.0,340.0,1.3058823529411765,136.0,0.2857142857142857,7.428571428571429,34.0,4,36,4
test,2,22406,53560,53560,86986,4,6,1367,7.0,5,23,5,-96.98550149378,19,-356.0,222.0,578.0,0.3840830449826989,544.0,0.1052631578947368,-18.73684210526316,34.0,16,37,4
train,2,22406,53560,53560,86986,4,6,1367,7.0,5,23,5,97.28309205612248,14,104.0,444.0,340.0,1.3058823529411765,136.0,0.2857142857142857,7.428571428571429,34.0,4,37,4
test,2,22406,53560,53560,86986,4,6,1367,7.0,5,23,5,-96.98550149378,19,-356.0,222.0,578.0,0.3840830449826989,544.0,0.1052631578947368,-18.73684210526316,34.0,16,38,4
train,2,22406,53560,53560,86986,4,6,1367,7.0,5,23,5,97.28309205612248,14,104.0,444.0,340.0,1.3058823529411765,136.0,0.2857142857142857,7.428571428571429,34.0,4,38,4
test,2,22406,53560,53560,86986,4,6,1367,7.0,5,23,5,-96.98550149378,19,-356.0,222.0,578.0,0.3840830449826989,544.0,0.1052631578947368,-18.73684210526316,34.0,16,39,4
train,2,22406,53560,53560,86986,4,6,1367,7.0,5,23,5,97.28309205612248,14,104.0,444.0,340.0,1.3058823529411765,136.0,0.2857142857142857,7.428571428571429,34.0,4,39,4
test,2,22406,53560,53560,86986,4,6,1367,7.0,5,23,5,-96.98550149378,19,-356.0,222.0,578.0,0.3840830449826989,544.0,0.1052631578947368,-18.73684210526316,34.0,16,40,4
train,2,22406,53560,53560,86986,4,6,1367,7.0,5,23,5,97.28309205612248,14,104.0,444.0,340.0,1.3058823529411765,136.0,0.2857142857142857,7.428571428571429,34.0,4,40,4
test,2,22406,53560,53560,86986,4,6,1367,7.0,5,23,5,-96.98550149378,19,-356.0,222.0,578.0,0.3840830449826989,544.0,0.1052631578947368,-18.73684210526316,34.0,16,41,4
train,2,22406,53560,53560,86986,4,6,1367,7.0,5,23,5,97.28309205612248,14,104.0,444.0,340.0,1.3058823529411765,136.0,0.2857142857142857,7.428571428571429,34.0,4,41,4
test,2,22406,53560,53560,86986,4,6,1367,7.0,5,23,5,-96.98550149378,19,-356.0,222.0,578.0,0.3840830449826989,544.0,0.1052631578947368,-18.73684210526316,34.0,16,42,4
train,2,22406,53560,53560,86986,4,6,1367,7.0,5,23,5,97.28309205612248,14,104.0,444.0,340.0,1.3058823529411765,136.0,0.2857142857142857,7.428571428571429,34.0,4,42,4
test,2,22406,53560,53560,86986,4,6,1367,7.0,5,23,5,-96.98550149378,19,-356.0,222.0,578.0,0.3840830449826989,544.0,0.1052631578947368,-18.73684210526316,34.0,16,43,4
train,2,22406,53560,53560,86986,4,6,1367,7.0,5,23,5,97.28309205612248,14,104.0,444.0,340.0,1.3058823529411765,136.0,0.2857142857142857,7.428571428571429,34.0,4,43,4
test,2,22406,53560,53560,86986,4,6,1367,7.0,5,23,5,-96.98550149378,19,-356.0,222.0,578.0,0.3840830449826989,544.0,0.1052631578947368,-18.73684210526316,34.0,16,44,4
train,2,22406,53560,53560,86986,4,6,1367,7.0,5,23,5,97.28309205612248,14,104.0,444.0,340.0,1.3058823529411765,136.0,0.2857142857142857,7.428571428571429,34.0,4,44,4
test,2,22406,53560,53560,86986,4,6,1367,7.0,5,23,5,-96.98550149378,19,-356.0,222.0,578.0,0.3840830449826989,544.0,0.1052631578947368,-18.73684210526316,34.0,16,45,4
train,2,22406,53560,53560,86986,4,6,1367,7.0,5,23,5,97.28309205612248,14,104.0,444.0,340.0,1.3058823529411765,136.0,0.2857142857142857,7.428571428571429,34.0,4,45,4
test,2,22406,53560,53560,86986,4,6,1367,7.0,5,23,5,-96.98550149378,19,-356.0,222.0,578.0,0.3840830449826989,544.0,0.1052631578947368,-18.73684210526316,34.0,16,46,4
train,2,22406,53560,53560,86986,4,6,1367,7.0,5,23,5,97.28309205612248,14,104.0,444.0,340.0,1.3058823529411765,136.0,0.2857142857142857,7.428571428571429,34.0,4,46,4
test,2,22406,53560,53560,86986,4,6,1367,7.0,5,23,5,-96.98550149378,19,-356.0,222.0,578.0,0.3840830449826989,544.0,0.1052631578947368,-18.73684210526316,34.0,16,47,4
train,2,22406,53560,53560,86986,4,6,1367,7.0,5,23,5,97.28309205612248,14,104.0,444.0,340.0,1.3058823529411765,136.0,0.2857142857142857,7.428571428571429,34.0,4,47,4
test,2,22406,53560,53560,86986,4,6,1367,7.0,5,23,5,-96.98550149378,19,-356.0,222.0,578.0,0.3840830449826989,544.0,0.1052631578947368,-18.73684210526316,34.0,16,48,4
train,2,22406,53560,53560,86986,4,6,1367,7.0,5,23,5,97.28309205612248,14,104.0,444.0,340.0,1.3058823529411765,136.0,0.2857142857142857,7.428571428571429,34.0,4,48,4
test,2,22406,53560,53560,86986,4,6,1367,7.0,5,23,5,-96.98550149378,19,-356.0,222.0,578.0,0.3840830449826989,544.0,0.1052631578947368,-18.73684210526316,34.0,16,49,4
train,2,22406,53560,53560,86986,4,6,1367,7.0,5,23,5,97.28309205612248,14,104.0,444.0,340.0,1.3058823529411765,136.0,0.2857142857142857,7.428571428571429,34.0,4,49,4
test,2,22406,53560,53560,86986,4,6,1367,7.0,5,23,5,-96.98550149378,19,-356.0,222.0,578.0,0.3840830449826989,544.0,0.1052631578947368,-18.73684210526316,34.0,16,50,4
train,2,22406,53560,53560,86986,4,6,1367,7.0,5,23,5,97.28309205612248,14,104.0,444.0,340.0,1.3058823529411765,136.0,0.2857142857142857,7.428571428571429,34.0,4,50,4
test,2,22406,53560,53560,86986,4,6,1367,7.0,5,23,5,-96.98550149378,19,-356.0,222.0,578.0,0.3840830449826989,544.0,0.1052631578947368,-18.73684210526316,34.0,16,51,4
train,2,22406,53560,53560,86986,4,6,1367,7.0,5,23,5,97.28309205612248,14,104.0,444.0,340.0,1.3058823529411765,136.0,0.2857142857142857,7.428571428571429,34.0,4,51,4
test,2,22406,53560,53560,86986,4,6,1367,7.0,5,23,5,-96.98550149378,19,-356.0,222.0,578.0,0.3840830449826989,544.0,0.1052631578947368,-18.73684210526316,34.0,16,52,4
train,2,22406,53560,53560,86986,4,6,1367,7.0,5,23,5,97.28309205612248,14,104.0,444.0,340.0,1.3058823529411765,136.0,0.2857142857142857,7.428571428571429,34.0,4,52,4
test,2,22406,53560,53560,86986,4,6,1367,7.0,5,23,5,-96.98550149378,19,-356.0,222.0,578.0,0.3840830449826989,544.0,0.1052631578947368,-18.73684210526316,34.0,16,53,4
train,2,22406,53560,53560,86986,4,6,1367,7.0,5,23,5,97.28309205612248,14,104.0,444.0,340.0,1.3058823529411765,136.0,0.2857142857142857,7.428571428571429,34.0,4,53,4
test,2,22406,53560,53560,86986,4,6,1367,7.0,5,23,5,-96.98550149378,19,-356.0,222.0,578.0,0.3840830449826989,544.0,0.1052631578947368,-18.73684210526316,34.0,16,54,4
train,2,22406,53560,53560,86986,4,6,1367,7.0,5,23,5,97.28309205612248,14,104.0,444.0,340.0,1.3058823529411765,136.0,0.2857142857142857,7.428571428571429,34.0,4,54,4
test,2,22406,53560,53560,86986,4,6,1367,7.0,5,23,5,-96.98550149378,19,-356.0,222.0,578.0,0.3840830449826989,544.0,0.1052631578947368,-18.73684210526316,34.0,16,55,4
train,2,22406,53560,53560,86986,4,6,1367,7.0,5,23,5,97.28309205612248,14,104.0,444.0,340.0,1.3058823529411765,136.0,0.2857142857142857,7.428571428571429,34.0,4,55,4
test,2,22406,53560,53560,86986,4,6,1367,7.0,5,23,5,-96.98550149378,19,-356.0,222.0,578.0,0.3840830449826989,544.0,0.1052631578947368,-18.73684210526316,34.0,16,56,4
train,2,22406,53560,53560,86986,4,6,1367,7.0,5,23,5,97.28309205612248,14,104.0,444.0,340.0,1.3058823529411765,136.0,0.2857142857142857,7.428571428571429,34.0,4,56,4
test,2,22406,53560,53560,86986,4,6,1367,7.0,5,23,5,-96.98550149378,19,-356.0,222.0,578.0,0.3840830449826989,544.0,0.1052631578947368,-18.73684210526316,34.0,16,57,4
train,2,22406,53560,53560,86986,4,6,1367,7.0,5,23,5,97.28309205612248,14,104.0,444.0,340.0,1.3058823529411765,136.0,0.2857142857142857,7.428571428571429,34.0,4,57,4
test,2,22406,53560,53560,86986,4,6,1367,7.0,5,23,5,-96.98550149378,19,-356.0,222.0,578.0,0.3840830449826989,544.0,0.1052631578947368,-18.73684210526316,34.0,16,58,4
train,2,22406,53560,53560,86986,4,6,1367,7.0,5,23,5,97.28309205612248,14,104.0,444.0,340.0,1.3058823529411765,136.0,0.2857142857142857,7.428571428571429,34.0,4,58,4
test,2,22406,53560,53560,86986,4,6,1367,7.0,5,23,5,-96.98550149378,19,-356.0,222.0,578.0,0.3840830449826989,544.0,0.1052631578947368,-18.73684210526316,34.0,16,59,4
train,2,22406,53560,53560,86986,4,6,1367,7.0,5,23,5,97.28309205612248,14,104.0,444.0,340.0,1.3058823529411765,136.0,0.2857142857142857,7.428571428571429,34.0,4,59,4
test,2,22406,53560,53560,86986,4,6,1367,7.0,5,23,5,-96.98550149378,19,-356.0,222.0,578.0,0.3840830449826989,544.0,0.1052631578947368,-18.73684210526316,34.0,16,60,4
train,2,22406,53560,53560,86986,4,6,1367,7.0,5,23,5,97.28309205612248,14,104.0,444.0,340.0,1.3058823529411765,136.0,0.2857142857142857,7.428571428571429,34.0,4,60,4
test,2,22406,53560,53560,86986,4,6,1367,7.0,5,23,5,-96.98550149378,19,-356.0,222.0,578.0,0.3840830449826989,544.0,0.1052631578947368,-18.73684210526316,34.0,16,61,4
train,2,22406,53560,53560,86986,4,6,1367,7.0,5,23,5,97.28309205612248,14,104.0,444.0,340.0,1.3058823529411765,136.0,0.2857142857142857,7.428571428571429,34.0,4,61,4
test,2,22406,53560,53560,86986,4,6,1367,7.0,5,23,5,-96.98550149378,19,-356.0,222.0,578.0,0.3840830449826989,544.0,0.1052631578947368,-18.73684210526316,34.0,16,62,4
train,2,22406,53560,53560,86986,4,6,1367,7.0,5,23,5,97.28309205612248,14,104.0,444.0,340.0,1.3058823529411765,136.0,0.2857142857142857,7.428571428571429,34.0,4,62,4
test,2,22406,53560,53560,86986,4,6,1367,7.0,5,23,5,-96.98550149378,19,-356.0,222.0,578.0,0.3840830449826989,544.0,0.1052631578947368,-18.73684210526316,34.0,16,63,4
train,2,22406,53560,53560,86986,4,6,1367,7.0,5,23,5,97.28309205612248,14,104.0,444.0,340.0,1.3058823529411765,136.0,0.2857142857142857,7.428571428571429,34.0,4,63,4
test,2,22406,53560,53560,86986,4,6,1367,7.0,5,23,5,-96.98550149378,19,-356.0,222.0,578.0,0.3840830449826989,544.0,0.1052631578947368,-18.73684210526316,34.0,16,64,4
train,2,22406,53560,53560,86986,4,6,1367,7.0,5,23,5,97.28309205612248,14,104.0,444.0,340.0,1.3058823529411765,136.0,0.2857142857142857,7.428571428571429,34.0,4,64,4
test,2,22406,53560,53560,86986,4,6,1367,7.0,5,23,5,-96.98550149378,19,-356.0,222.0,578.0,0.3840830449826989,544.0,0.1052631578947368,-18.73684210526316,34.0,16,65,4
train,2,22406,53560,53560,86986,4,6,1367,7.0,5,23,5,97.28309205612248,14,104.0,444.0,340.0,1.3058823529411765,136.0,0.2857142857142857,7.428571428571429,34.0,4,65,4
test,2,22406,53560,53560,86986,4,6,1367,7.0,5,23,5,-96.98550149378,19,-356.0,222.0,578.0,0.3840830449826989,544.0,0.1052631578947368,-18.73684210526316,34.0,16,66,4
train,2,22406,53560,53560,86986,4,6,1367,7.0,5,23,5,97.28309205612248,14,104.0,444.0,340.0,1.3058823529411765,136.0,0.2857142857142857,7.428571428571429,34.0,4,66,4
test,2,22406,53560,53560,86986,4,6,1367,7.0,5,23,5,-96.98550149378,19,-356.0,222.0,578.0,0.3840830449826989,544.0,0.1052631578947368,-18.73684210526316,34.0,16,67,4
train,2,22406,53560,53560,86986,4,6,1367,7.0,5,23,5,97.28309205612248,14,104.0,444.0,340.0,1.3058823529411765,136.0,0.2857142857142857,7.428571428571429,34.0,4,67,4
test,2,22406,53560,53560,86986,4,6,1367,7.0,5,23,5,-96.98550149378,19,-356.0,222.0,578.0,0.3840830449826989,544.0,0.1052631578947368,-18.73684210526316,34.0,16,68,4
train,2,22406,53560,53560,86986,4,6,1367,7.0,5,23,5,97.28309205612248,14,104.0,444.0,340.0,1.3058823529411765,136.0,0.2857142857142857,7.428571428571429,34.0,4,68,4
test,2,22406,53560,53560,86986,4,6,1367,7.0,5,23,5,-96.98550149378,19,-356.0,222.0,578.0,0.3840830449826989,544.0,0.1052631578947368,-18.73684210526316,34.0,16,69,4
train,2,22406,53560,53560,86986,4,6,1367,7.0,5,23,5,97.28309205612248,14,104.0,444.0,340.0,1.3058823529411765,136.0,0.2857142857142857,7.428571428571429,34.0,4,69,4
test,2,22406,53560,53560,86986,4,6,1367,7.0,5,23,5,-96.98550149378,19,-356.0,222.0,578.0,0.3840830449826989,544.0,0.1052631578947368,-18.73684210526316,34.0,16,70,4
train,2,22406,53560,53560,86986,4,6,1367,7.0,5,23,5,97.28309205612248,14,104.0,444.0,340.0,1.3058823529411765,136.0,0.2857142857142857,7.428571428571429,34.0,4,70,4
test,2,22406,53560,53560,86986,4,6,1367,7.0,5,23,5,-96.98550149378,19,-356.0,222.0,578.0,0.3840830449826989,544.0,0.1052631578947368,-18.73684210526316,34.0,16,71,4
train,2,22406,53560,53560,86986,4,6,1367,7.0,5,23,5,97.28309205612248,14,104.0,444.0,340.0,1.3058823529411765,136.0,0.2857142857142857,7.428571428571429,34.0,4,71,4
test,2,22406,53560,53560,86986,4,6,1367,7.0,5,23,5,-96.98550149378,19,-356.0,222.0,578.0,0.3840830449826989,544.0,0.1052631578947368,-18.73684210526316,34.0,16,72,4
train,2,22406,53560,53560,86986,4,6,1367,7.0,5,23,5,97.28309205612248,14,104.0,444.0,340.0,1.3058823529411765,136.0,0.2857142857142857,7.428571428571429,34.0,4,72,4
test,2,22406,53560,53560,86986,4,6,1367,7.0,5,23,5,-96.98550149378,19,-356.0,222.0,578.0,0.3840830449826989,544.0,0.1052631578947368,-18.73684210526316,34.0,16,73,4
train,2,22406,53560,53560,86986,4,6,1367,7.0,5,23,5,97.28309205612248,14,104.0,444.0,340.0,1.3058823529411765,136.0,0.2857142857142857,7.428571428571429,34.0,4,73,4
test,2,22406,53560,53560,86986,4,6,1367,7.0,5,23,5,-96.98550149378,19,-356.0,222.0,578.0,0.3840830449826989,544.0,0.1052631578947368,-18.73684210526316,34.0,16,74,4
train,2,22406,53560,53560,86986,4,6,1367,7.0,5,23,5,97.28309205612248,14,104.0,444.0,340.0,1.3058823529411765,136.0,0.2857142857142857,7.428571428571429,34.0,4,74,4
test,2,22406,53560,53560,86986,4,6,1367,7.0,5,23,5,-96.98550149378,19,-356.0,222.0,578.0,0.3840830449826989,544.0,0.1052631578947368,-18.73684210526316,34.0,16,75,4
train,2,22406,53560,53560,86986,4,6,1367,7.0,5,23,5,97.28309205612248,14,104.0,444.0,340.0,1.3058823529411765,136.0,0.2857142857142857,7.428571428571429,34.0,4,75,4
test,2,22406,53560,53560,86986,4,6,1367,7.0,5,23,5,-96.98550149378,19,-356.0,222.0,578.0,0.3840830449826989,544.0,0.1052631578947368,-18.73684210526316,34.0,16,76,4
train,2,22406,53560,53560,86986,4,6,1367,7.0,5,23,5,97.28309205612248,14,104.0,444.0,340.0,1.3058823529411765,136.0,0.2857142857142857,7.428571428571429,34.0,4,76,4
test,2,22406,53560,53560,86986,4,6,1367,7.0,5,23,5,-96.98550149378,19,-356.0,222.0,578.0,0.3840830449826989,544.0,0.1052631578947368,-18.73684210526316,34.0,16,77,4
train,2,22406,53560,53560,86986,4,6,1367,7.0,5,23,5,97.28309205612248,14,104.0,444.0,340.0,1.3058823529411765,136.0,0.2857142857142857,7.428571428571429,34.0,4,77,4
test,2,22406,53560,53560,86986,4,6,1367,7.0,5,23,5,-96.98550149378,19,-356.0,222.0,578.0,0.3840830449826989,544.0,0.1052631578947368,-18.73684210526316,34.0,16,78,4
train,2,22406,53560,53560,86986,4,6,1367,7.0,5,23,5,97.28309205612248,14,104.0,444.0,340.0,1.3058823529411765,136.0,0.2857142857142857,7.428571428571429,34.0,4,78,4
test,2,22406,53560,53560,86986,4,6,1367,7.0,5,23,5,-96.98550149378,19,-356.0,222.0,578.0,0.3840830449826989,544.0,0.1052631578947368,-18.73684210526316,34.0,16,79,4
train,2,22406,53560,53560,86986,4,6,1367,7.0,5,23,5,97.28309205612248,14,104.0,444.0,340.0,1.3058823529411765,136.0,0.2857142857142857,7.428571428571429,34.0,4,79,4
test,2,22406,53560,53560,86986,4,6,1367,7.0,5,23,5,-96.98550149378,19,-356.0,222.0,578.0,0.3840830449826989,544.0,0.1052631578947368,-18.73684210526316,34.0,16,80,4
train,2,22406,53560,53560,86986,4,6,1367,7.0,5,23,5,97.28309205612248,14,104.0,444.0,340.0,1.3058823529411765,136.0,0.2857142857142857,7.428571428571429,34.0,4,80,4
test,2,22406,53560,53560,86986,4,6,1367,7.0,5,23,5,-96.98550149378,19,-356.0,222.0,578.0,0.3840830449826989,544.0,0.1052631578947368,-18.73684210526316,34.0,16,81,4
train,2,22406,53560,53560,86986,4,6,1367,7.0,5,23,5,97.28309205612248,14,104.0,444.0,340.0,1.3058823529411765,136.0,0.2857142857142857,7.428571428571429,34.0,4,81,4
test,2,22406,53560,53560,86986,4,6,1367,7.0,5,23,5,-96.98550149378,19,-356.0,222.0,578.0,0.3840830449826989,544.0,0.1052631578947368,-18.73684210526316,34.0,16,82,4
train,2,22406,53560,53560,86986,4,6,1367,7.0,5,23,5,97.28309205612248,14,104.0,444.0,340.0,1.3058823529411765,136.0,0.2857142857142857,7.428571428571429,34.0,4,82,4
test,2,22406,53560,53560,86986,4,6,1367,7.0,5,23,5,-96.98550149378,19,-356.0,222.0,578.0,0.3840830449826989,544.0,0.1052631578947368,-18.73684210526316,34.0,16,83,4
train,2,22406,53560,53560,86986,4,6,1367,7.0,5,23,5,97.28309205612248,14,104.0,444.0,340.0,1.3058823529411765,136.0,0.2857142857142857,7.428571428571429,34.0,4,83,4
test,2,22406,53560,53560,86986,4,6,1367,7.0,5,23,5,-96.98550149378,19,-356.0,222.0,578.0,0.3840830449826989,544.0,0.1052631578947368,-18.73684210526316,34.0,16,84,4
train,2,22406,53560,53560,86986,4,6,1367,7.0,5,23,5,97.28309205612248,14,104.0,444.0,340.0,1.3058823529411765,136.0,0.2857142857142857,7.428571428571429,34.0,4,84,4
test,2,22406,53560,53560,86986,4,6,1367,7.0,5,23,5,-96.98550149378,19,-356.0,222.0,578.0,0.3840830449826989,544.0,0.1052631578947368,-18.73684210526316,34.0,16,85,4
train,2,22406,53560,53560,86986,4,6,1367,7.0,5,23,5,97.28309205612248,14,104.0,444.0,340.0,1.3058823529411765,136.0,0.2857142857142857,7.428571428571429,34.0,4,85,4
test,2,22406,53560,53560,86986,4,6,1367,7.0,5,23,5,-96.98550149378,19,-356.0,222.0,578.0,0.3840830449826989,544.0,0.1052631578947368,-18.73684210526316,34.0,16,86,4
train,2,22406,53560,53560,86986,4,6,1367,7.0,5,23,5,97.28309205612248,14,104.0,444.0,340.0,1.3058823529411765,136.0,0.2857142857142857,7.428571428571429,34.0,4,86,4
test,2,22406,53560,53560,86986,4,6,1367,7.0,5,23,5,-96.98550149378,19,-356.0,222.0,578.0,0.3840830449826989,544.0,0.1052631578947368,-18.73684210526316,34.0,16,87,4
train,2,22406,53560,53560,86986,4,6,1367,7.0,5,23,5,97.28309205612248,14,104.0,444.0,340.0,1.3058823529411765,136.0,0.2857142857142857,7.428571428571429,34.0,4,87,4
test,2,22406,53560,53560,86986,4,6,1367,7.0,5,23,5,-96.98550149378,19,-356.0,222.0,578.0,0.3840830449826989,544.0,0.1052631578947368,-18.73684210526316,34.0,16,88,4
train,2,22406,53560,53560,86986,4,6,1367,7.0,5,23,5,97.28309205612248,14,104.0,444.0,340.0,1.3058823529411765,136.0,0.2857142857142857,7.428571428571429,34.0,4,88,4
test,2,22406,53560,53560,86986,4,6,1367,7.0,5,23,5,-96.98550149378,19,-356.0,222.0,578.0,0.3840830449826989,544.0,0.1052631578947368,-18.73684210526316,34.0,16,89,4
train,2,22406,53560,53560,86986,4,6,1367,7.0,5,23,5,97.28309205612248,14,104.0,444.0,340.0,1.3058823529411765,136.0,0.2857142857142857,7.428571428571429,34.0,4,89,4
test,2,22406,53560,53560,86986,4,6,1367,7.0,5,23,5,-96.98550149378,19,-356.0,222.0,578.0,0.3840830449826989,544.0,0.1052631578947368,-18.73684210526316,34.0,16,90,4
train,2,22406,53560,53560,86986,4,6,1367,7.0,5,23,5,97.28309205612248,14,104.0,444.0,340.0,1.3058823529411765,136.0,0.2857142857142857,7.428571428571429,34.0,4,90,4
test,2,22406,53560,53560,86986,4,6,1367,7.0,5,23,5,-96.98550149378,19,-356.0,222.0,578.0,0.3840830449826989,544.0,0.1052631578947368,-18.73684210526316,34.0,16,91,4
train,2,22406,53560,53560,86986,4,6,1367,7.0,5,23,5,97.28309205612248,14,104.0,444.0,340.0,1.3058823529411765,136.0,0.2857142857142857,7.428571428571429,34.0,4,91,4
test,2,22406,53560,53560,86986,4,6,1367,7.0,5,23,5,-96.98550149378,19,-356.0,222.0,578.0,0.3840830449826989,544.0,0.1052631578947368,-18.73684210526316,34.0,16,92,4
train,2,22406,53560,53560,86986,4,6,1367,7.0,5,23,5,97.28309205612248,14,104.0,444.0,340.0,1.3058823529411765,136.0,0.2857142857142857,7.428571428571429,34.0,4,92,4
test,2,22406,53560,53560,86986,4,6,1367,7.0,5,23,5,-96.98550149378,19,-356.0,222.0,578.0,0.3840830449826989,544.0,0.1052631578947368,-18.73684210526316,34.0,16,93,4
train,2,22406,53560,53560,86986,4,6,1367,7.0,5,23,5,97.28309205612248,14,104.0,444.0,340.0,1.3058823529411765,136.0,0.2857142857142857,7.428571428571429,34.0,4,93,4
test,2,22406,53560,53560,86986,4,6,1367,7.0,5,23,5,-96.98550149378,19,-356.0,222.0,578.0,0.3840830449826989,544.0,0.1052631578947368,-18.73684210526316,34.0,16,94,4
train,2,22406,53560,53560,86986,4,6,1367,7.0,5,23,5,97.28309205612248,14,104.0,444.0,340.0,1.3058823529411765,136.0,0.2857142857142857,7.428571428571429,34.0,4,94,4
test,2,22406,53560,53560,86986,4,6,1367,7.0,5,23,5,-96.98550149378,19,-356.0,222.0,578.0,0.3840830449826989,544.0,0.1052631578947368,-18.73684210526316,34.0,16,95,4
train,2,22406,53560,53560,86986,4,6,1367,7.0,5,23,5,97.28309205612248,14,104.0,444.0,340.0,1.3058823529411765,136.0,0.2857142857142857,7.428571428571429,34.0,4,95,4
test,2,22406,53560,53560,86986,4,6,1367,7.0,5,23,5,-96.98550149378,19,-356.0,222.0,578.0,0.3840830449826989,544.0,0.1052631578947368,-18.73684210526316,34.0,16,96,4
train,2,22406,53560,53560,86986,4,6,1367,7.0,5,23,5,97.28309205612248,14,104.0,444.0,340.0,1.3058823529411765,136.0,0.2857142857142857,7.428571428571429,34.0,4,96,4
test,2,22406,53560,53560,86986,4,6,1367,7.0,5,23,5,-96.98550149378,19,-356.0,222.0,578.0,0.3840830449826989,544.0,0.1052631578947368,-18.73684210526316,34.0,16,97,4
train,2,22406,53560,53560,86986,4,6,1367,7.0,5,23,5,97.28309205612248,14,104.0,444.0,340.0,1.3058823529411765,136.0,0.2857142857142857,7.428571428571429,34.0,4,97,4
test,2,22406,53560,53560,86986,4,6,1367,7.0,5,23,5,-96.98550149378,19,-356.0,222.0,578.0,0.3840830449826989,544.0,0.1052631578947368,-18.73684210526316,34.0,16,98,4
train,2,22406,53560,53560,86986,4,6,1367,7.0,5,23,5,97.28309205612248,14,104.0,444.0,340.0,1.3058823529411765,136.0,0.2857142857142857,7.428571428571429,34.0,4,98,4
test,2,22406,53560,53560,86986,4,6,1367,7.0,5,23,5,-96.98550149378,19,-356.0,222.0,578.0,0.3840830449826989,544.0,0.1052631578947368,-18.73684210526316,34.0,16,99,4
train,2,22406,53560,53560,86986,4,6,1367,7.0,5,23,5,97.28309205612248,14,104.0,444.0,340.0,1.3058823529411765,136.0,0.2857142857142857,7.428571428571429,34.0,4,99,4
test,2,22406,53560,53560,86986,4,6,1367,7.0,5,23,5,-96.98550149378,19,-356.0,222.0,578.0,0.3840830449826989,544.0,0.1052631578947368,-18.73684210526316,34.0,16,100,4
train,2,22406,53560,53560,86986,4,6,1367,7.0,5,23,5,97.28309205612248,14,104.0,444.0,340.0,1.3058823529411765,136.0,0.2857142857142857,7.428571428571429,34.0,4,100,4
test,3,53560,86986,86986,125287,0,12,2716,7.0,5,2,18,-1150.0,25,-690.0,102.0,792.0,0.1287878787878787,726.0,0.68,-27.6,99.0,3,0,0
train,3,53560,86986,86986,125287,0,12,2716,7.0,5,2,18,88.18163074019441,6,36.0,36.0,0.0,inf,0.0,1.0,6.0,0.0,0,0,0
test,3,53560,86986,86986,125287,1,12,2680,3.25,8,9,10,-30.51229260478472,19,-21.0,451.0,472.0,0.9555084745762712,272.0,0.5789473684210527,-1.105263157894737,59.0,3,1,1
train,3,53560,86986,86986,125287,1,12,2680,3.25,8,9,10,234.78713763747797,5,105.0,164.0,59.0,2.7796610169491527,59.0,0.8,21.0,59.0,1,1,1
test,3,53560,86986,86986,125287,1,12,2680,3.25,8,9,10,-30.51229260478472,19,-21.0,451.0,472.0,0.9555084745762712,272.0,0.5789473684210527,-1.105263157894737,59.0,3,2,1
train,3,53560,86986,86986,125287,1,12,2680,3.25,8,9,10,234.78713763747797,5,105.0,164.0,59.0,2.7796610169491527,59.0,0.8,21.0,59.0,1,2,1
test,3,53560,86986,86986,125287,1,12,2680,3.25,8,9,10,-30.51229260478472,19,-21.0,451.0,472.0,0.9555084745762712,272.0,0.5789473684210527,-1.105263157894737,59.0,3,3,1
train,3,53560,86986,86986,125287,1,12,2680,3.25,8,9,10,234.78713763747797,5,105.0,164.0,59.0,2.7796610169491527,59.0,0.8,21.0,59.0,1,3,1
test,3,53560,86986,86986,125287,4,12,590,4.0,1,9,4,71.00469468046931,15,55.0,287.0,232.0,1.237068965517241,133.0,0.4666666666666667,3.6666666666666665,29.0,3,4,4
train,3,53560,86986,86986,125287,4,12,590,4.0,1,9,4,301.8691769624716,5,135.0,164.0,29.0,5.655172413793103,29.0,0.8,27.0,29.0,1,4,4
test,3,53560,86986,86986,125287,4,12,590,4.0,1,9,4,71.00469468046931,15,55.0,287.0,232.0,1.237068965517241,133.0,0.4666666666666667,3.6666666666666665,29.0,3,5,4
train,3,53560,86986,86986,125287,4,12,590,4.0,1,9,4,301.8691769624716,5,135.0,164.0,29.0,5.655172413793103,29.0,0.8,27.0,29.0,1,5,4
test,3,53560,86986,86986,125287,4,12,590,4.0,1,9,4,71.00469468046931,15,55.0,287.0,232.0,1.237068965517241,133.0,0.4666666666666667,3.6666666666666665,29.0,3,6,4
train,3,53560,86986,86986,125287,4,12,590,4.0,1,9,4,301.8691769624716,5,135.0,164.0,29.0,5.655172413793103,29.0,0.8,27.0,29.0,1,6,4
test,3,53560,86986,86986,125287,4,12,590,4.0,1,9,4,71.00469468046931,15,55.0,287.0,232.0,1.237068965517241,133.0,0.4666666666666667,3.6666666666666665,29.0,3,7,4
train,3,53560,86986,86986,125287,4,12,590,4.0,1,9,4,301.8691769624716,5,135.0,164.0,29.0,5.655172413793103,29.0,0.8,27.0,29.0,1,7,4
test,3,53560,86986,86986,125287,8,12,1878,5.0,6,9,3,184.97913395840084,18,218.0,410.0,192.0,2.1354166666666665,120.0,0.5555555555555556,12.11111111111111,24.0,5,8,8
train,3,53560,86986,86986,125287,8,12,1878,5.0,6,9,3,313.0495168499706,5,140.0,164.0,24.0,6.833333333333333,24.0,0.8,28.0,24.0,1,8,8
test,3,53560,86986,86986,125287,8,12,1878,5.0,6,9,3,184.97913395840084,18,218.0,410.0,192.0,2.1354166666666665,120.0,0.5555555555555556,12.11111111111111,24.0,5,9,8
train,3,53560,86986,86986,125287,8,12,1878,5.0,6,9,3,313.0495168499706,5,140.0,164.0,24.0,6.833333333333333,24.0,0.8,28.0,24.0,1,9,8
test,3,53560,86986,86986,125287,8,12,1878,5.0,6,9,3,184.97913395840084,18,218.0,410.0,192.0,2.1354166666666665,120.0,0.5555555555555556,12.11111111111111,24.0,5,10,8
train,3,53560,86986,86986,125287,8,12,1878,5.0,6,9,3,313.0495168499706,5,140.0,164.0,24.0,6.833333333333333,24.0,0.8,28.0,24.0,1,10,8
test,3,53560,86986,86986,125287,11,12,414,5.25,2,9,2,166.93678111455512,11,151.0,246.0,95.0,2.5894736842105264,57.0,0.5454545454545454,13.727272727272728,19.0,3,11,11
train,3,53560,86986,86986,125287,11,12,414,5.25,2,9,2,324.2298567374695,5,145.0,164.0,19.0,8.631578947368421,19.0,0.8,29.0,19.0,1,11,11
test,3,53560,86986,86986,125287,11,12,414,5.25,2,9,2,166.93678111455512,11,151.0,246.0,95.0,2.5894736842105264,57.0,0.5454545454545454,13.727272727272728,19.0,3,12,11
train,3,53560,86986,86986,125287,11,12,414,5.25,2,9,2,324.2298567374695,5,145.0,164.0,19.0,8.631578947368421,19.0,0.8,29.0,19.0,1,12,11
test,3,53560,86986,86986,125287,11,12,414,5.25,2,9,2,166.93678111455512,11,151.0,246.0,95.0,2.5894736842105264,57.0,0.5454545454545454,13.727272727272728,19.0,3,13,11
train,3,53560,86986,86986,125287,11,12,414,5.25,2,9,2,324.2298567374695,5,145.0,164.0,19.0,8.631578947368421,19.0,0.8,29.0,19.0,1,13,11
test,3,53560,86986,86986,125287,11,12,414,5.25,2,9,2,166.93678111455512,11,151.0,246.0,95.0,2.5894736842105264,57.0,0.5454545454545454,13.727272727272728,19.0,3,14,11
train,3,53560,86986,86986,125287,11,12,414,5.25,2,9,2,324.2298567374695,5,145.0,164.0,19.0,8.631578947368421,19.0,0.8,29.0,19.0,1,14,11
test,3,53560,86986,86986,125287,11,12,414,5.25,2,9,2,166.93678111455512,11,151.0,246.0,95.0,2.5894736842105264,57.0,0.5454545454545454,13.727272727272728,19.0,3,15,11
train,3,53560,86986,86986,125287,11,12,414,5.25,2,9,2,324.2298567374695,5,145.0,164.0,19.0,8.631578947368421,19.0,0.8,29.0,19.0,1,15,11
test,3,53560,86986,86986,125287,11,12,414,5.25,2,9,2,166.93678111455512,11,151.0,246.0,95.0,2.5894736842105264,57.0,0.5454545454545454,13.727272727272728,19.0,3,16,11
train,3,53560,86986,86986,125287,11,12,414,5.25,2,9,2,324.2298567374695,5,145.0,164.0,19.0,8.631578947368421,19.0,0.8,29.0,19.0,1,16,11
test,3,53560,86986,86986,125287,11,12,414,5.25,2,9,2,166.93678111455512,11,151.0,246.0,95.0,2.5894736842105264,57.0,0.5454545454545454,13.727272727272728,19.0,3,17,11
train,3,53560,86986,86986,125287,11,12,414,5.25,2,9,2,324.2298567374695,5,145.0,164.0,19.0,8.631578947368421,19.0,0.8,29.0,19.0,1,17,11
test,3,53560,86986,86986,125287,11,12,414,5.25,2,9,2,166.93678111455512,11,151.0,246.0,95.0,2.5894736842105264,57.0,0.5454545454545454,13.727272727272728,19.0,3,18,11
train,3,53560,86986,86986,125287,11,12,414,5.25,2,9,2,324.2298567374695,5,145.0,164.0,19.0,8.631578947368421,19.0,0.8,29.0,19.0,1,18,11
test,3,53560,86986,86986,125287,11,12,414,5.25,2,9,2,166.93678111455512,11,151.0,246.0,95.0,2.5894736842105264,57.0,0.5454545454545454,13.727272727272728,19.0,3,19,11
train,3,53560,86986,86986,125287,11,12,414,5.25,2,9,2,324.2298567374695,5,145.0,164.0,19.0,8.631578947368421,19.0,0.8,29.0,19.0,1,19,11
test,3,53560,86986,86986,125287,11,12,414,5.25,2,9,2,166.93678111455512,11,151.0,246.0,95.0,2.5894736842105264,57.0,0.5454545454545454,13.727272727272728,19.0,3,20,11
train,3,53560,86986,86986,125287,11,12,414,5.25,2,9,2,324.2298567374695,5,145.0,164.0,19.0,8.631578947368421,19.0,0.8,29.0,19.0,1,20,11
test,3,53560,86986,86986,125287,11,12,414,5.25,2,9,2,166.93678111455512,11,151.0,246.0,95.0,2.5894736842105264,57.0,0.5454545454545454,13.727272727272728,19.0,3,21,11
train,3,53560,86986,86986,125287,11,12,414,5.25,2,9,2,324.2298567374695,5,145.0,164.0,19.0,8.631578947368421,19.0,0.8,29.0,19.0,1,21,11
test,3,53560,86986,86986,125287,11,12,414,5.25,2,9,2,166.93678111455512,11,151.0,246.0,95.0,2.5894736842105264,57.0,0.5454545454545454,13.727272727272728,19.0,3,22,11
train,3,53560,86986,86986,125287,11,12,414,5.25,2,9,2,324.2298567374695,5,145.0,164.0,19.0,8.631578947368421,19.0,0.8,29.0,19.0,1,22,11
test,3,53560,86986,86986,125287,11,12,414,5.25,2,9,2,166.93678111455512,11,151.0,246.0,95.0,2.5894736842105264,57.0,0.5454545454545454,13.727272727272728,19.0,3,23,11
train,3,53560,86986,86986,125287,11,12,414,5.25,2,9,2,324.2298567374695,5,145.0,164.0,19.0,8.631578947368421,19.0,0.8,29.0,19.0,1,23,11
test,3,53560,86986,86986,125287,11,12,414,5.25,2,9,2,166.93678111455512,11,151.0,246.0,95.0,2.5894736842105264,57.0,0.5454545454545454,13.727272727272728,19.0,3,24,11
train,3,53560,86986,86986,125287,11,12,414,5.25,2,9,2,324.2298567374695,5,145.0,164.0,19.0,8.631578947368421,19.0,0.8,29.0,19.0,1,24,11
test,3,53560,86986,86986,125287,11,12,414,5.25,2,9,2,166.93678111455512,11,151.0,246.0,95.0,2.5894736842105264,57.0,0.5454545454545454,13.727272727272728,19.0,3,25,11
train,3,53560,86986,86986,125287,11,12,414,5.25,2,9,2,324.2298567374695,5,145.0,164.0,19.0,8.631578947368421,19.0,0.8,29.0,19.0,1,25,11
test,3,53560,86986,86986,125287,11,12,414,5.25,2,9,2,166.93678111455512,11,151.0,246.0,95.0,2.5894736842105264,57.0,0.5454545454545454,13.727272727272728,19.0,3,26,11
train,3,53560,86986,86986,125287,11,12,414,5.25,2,9,2,324.2298567374695,5,145.0,164.0,19.0,8.631578947368421,19.0,0.8,29.0,19.0,1,26,11
test,3,53560,86986,86986,125287,11,12,414,5.25,2,9,2,166.93678111455512,11,151.0,246.0,95.0,2.5894736842105264,57.0,0.5454545454545454,13.727272727272728,19.0,3,27,11
train,3,53560,86986,86986,125287,11,12,414,5.25,2,9,2,324.2298567374695,5,145.0,164.0,19.0,8.631578947368421,19.0,0.8,29.0,19.0,1,27,11
test,3,53560,86986,86986,125287,11,12,414,5.25,2,9,2,166.93678111455512,11,151.0,246.0,95.0,2.5894736842105264,57.0,0.5454545454545454,13.727272727272728,19.0,3,28,11
train,3,53560,86986,86986,125287,11,12,414,5.25,2,9,2,324.2298567374695,5,145.0,164.0,19.0,8.631578947368421,19.0,0.8,29.0,19.0,1,28,11
test,3,53560,86986,86986,125287,11,12,414,5.25,2,9,2,166.93678111455512,11,151.0,246.0,95.0,2.5894736842105264,57.0,0.5454545454545454,13.727272727272728,19.0,3,29,11
train,3,53560,86986,86986,125287,11,12,414,5.25,2,9,2,324.2298567374695,5,145.0,164.0,19.0,8.631578947368421,19.0,0.8,29.0,19.0,1,29,11
test,3,53560,86986,86986,125287,11,12,414,5.25,2,9,2,166.93678111455512,11,151.0,246.0,95.0,2.5894736842105264,57.0,0.5454545454545454,13.727272727272728,19.0,3,30,11
train,3,53560,86986,86986,125287,11,12,414,5.25,2,9,2,324.2298567374695,5,145.0,164.0,19.0,8.631578947368421,19.0,0.8,29.0,19.0,1,30,11
test,3,53560,86986,86986,125287,11,12,414,5.25,2,9,2,166.93678111455512,11,151.0,246.0,95.0,2.5894736842105264,57.0,0.5454545454545454,13.727272727272728,19.0,3,31,11
train,3,53560,86986,86986,125287,11,12,414,5.25,2,9,2,324.2298567374695,5,145.0,164.0,19.0,8.631578947368421,19.0,0.8,29.0,19.0,1,31,11
test,3,53560,86986,86986,125287,11,12,414,5.25,2,9,2,166.93678111455512,11,151.0,246.0,95.0,2.5894736842105264,57.0,0.5454545454545454,13.727272727272728,19.0,3,32,11
train,3,53560,86986,86986,125287,11,12,414,5.25,2,9,2,324.2298567374695,5,145.0,164.0,19.0,8.631578947368421,19.0,0.8,29.0,19.0,1,32,11
test,3,53560,86986,86986,125287,11,12,414,5.25,2,9,2,166.93678111455512,11,151.0,246.0,95.0,2.5894736842105264,57.0,0.5454545454545454,13.727272727272728,19.0,3,33,11
train,3,53560,86986,86986,125287,11,12,414,5.25,2,9,2,324.2298567374695,5,145.0,164.0,19.0,8.631578947368421,19.0,0.8,29.0,19.0,1,33,11
test,3,53560,86986,86986,125287,11,12,414,5.25,2,9,2,166.93678111455512,11,151.0,246.0,95.0,2.5894736842105264,57.0,0.5454545454545454,13.727272727272728,19.0,3,34,11
train,3,53560,86986,86986,125287,11,12,414,5.25,2,9,2,324.2298567374695,5,145.0,164.0,19.0,8.631578947368421,19.0,0.8,29.0,19.0,1,34,11
test,3,53560,86986,86986,125287,11,12,414,5.25,2,9,2,166.93678111455512,11,151.0,246.0,95.0,2.5894736842105264,57.0,0.5454545454545454,13.727272727272728,19.0,3,35,11
train,3,53560,86986,86986,125287,11,12,414,5.25,2,9,2,324.2298567374695,5,145.0,164.0,19.0,8.631578947368421,19.0,0.8,29.0,19.0,1,35,11
test,3,53560,86986,86986,125287,11,12,414,5.25,2,9,2,166.93678111455512,11,151.0,246.0,95.0,2.5894736842105264,57.0,0.5454545454545454,13.727272727272728,19.0,3,36,11
train,3,53560,86986,86986,125287,11,12,414,5.25,2,9,2,324.2298567374695,5,145.0,164.0,19.0,8.631578947368421,19.0,0.8,29.0,19.0,1,36,11
test,3,53560,86986,86986,125287,11,12,414,5.25,2,9,2,166.93678111455512,11,151.0,246.0,95.0,2.5894736842105264,57.0,0.5454545454545454,13.727272727272728,19.0,3,37,11
train,3,53560,86986,86986,125287,11,12,414,5.25,2,9,2,324.2298567374695,5,145.0,164.0,19.0,8.631578947368421,19.0,0.8,29.0,19.0,1,37,11
test,3,53560,86986,86986,125287,11,12,414,5.25,2,9,2,166.93678111455512,11,151.0,246.0,95.0,2.5894736842105264,57.0,0.5454545454545454,13.727272727272728,19.0,3,38,11
train,3,53560,86986,86986,125287,11,12,414,5.25,2,9,2,324.2298567374695,5,145.0,164.0,19.0,8.631578947368421,19.0,0.8,29.0,19.0,1,38,11
test,3,53560,86986,86986,125287,11,12,414,5.25,2,9,2,166.93678111455512,11,151.0,246.0,95.0,2.5894736842105264,57.0,0.5454545454545454,13.727272727272728,19.0,3,39,11
train,3,53560,86986,86986,125287,11,12,414,5.25,2,9,2,324.2298567374695,5,145.0,164.0,19.0,8.631578947368421,19.0,0.8,29.0,19.0,1,39,11
test,3,53560,86986,86986,125287,11,12,414,5.25,2,9,2,166.93678111455512,11,151.0,246.0,95.0,2.5894736842105264,57.0,0.5454545454545454,13.727272727272728,19.0,3,40,11
train,3,53560,86986,86986,125287,11,12,414,5.25,2,9,2,324.2298567374695,5,145.0,164.0,19.0,8.631578947368421,19.0,0.8,29.0,19.0,1,40,11
test,3,53560,86986,86986,125287,11,12,414,5.25,2,9,2,166.93678111455512,11,151.0,246.0,95.0,2.5894736842105264,57.0,0.5454545454545454,13.727272727272728,19.0,3,41,11
train,3,53560,86986,86986,125287,11,12,414,5.25,2,9,2,324.2298567374695,5,145.0,164.0,19.0,8.631578947368421,19.0,0.8,29.0,19.0,1,41,11
test,3,53560,86986,86986,125287,11,12,414,5.25,2,9,2,166.93678111455512,11,151.0,246.0,95.0,2.5894736842105264,57.0,0.5454545454545454,13.727272727272728,19.0,3,42,11
train,3,53560,86986,86986,125287,11,12,414,5.25,2,9,2,324.2298567374695,5,145.0,164.0,19.0,8.631578947368421,19.0,0.8,29.0,19.0,1,42,11
test,3,53560,86986,86986,125287,11,12,414,5.25,2,9,2,166.93678111455512,11,151.0,246.0,95.0,2.5894736842105264,57.0,0.5454545454545454,13.727272727272728,19.0,3,43,11
train,3,53560,86986,86986,125287,11,12,414,5.25,2,9,2,324.2298567374695,5,145.0,164.0,19.0,8.631578947368421,19.0,0.8,29.0,19.0,1,43,11
test,3,53560,86986,86986,125287,11,12,414,5.25,2,9,2,166.93678111455512,11,151.0,246.0,95.0,2.5894736842105264,57.0,0.5454545454545454,13.727272727272728,19.0,3,44,11
train,3,53560,86986,86986,125287,11,12,414,5.25,2,9,2,324.2298567374695,5,145.0,164.0,19.0,8.631578947368421,19.0,0.8,29.0,19.0,1,44,11
test,3,53560,86986,86986,125287,11,12,414,5.25,2,9,2,166.93678111455512,11,151.0,246.0,95.0,2.5894736842105264,57.0,0.5454545454545454,13.727272727272728,19.0,3,45,11
train,3,53560,86986,86986,125287,11,12,414,5.25,2,9,2,324.2298567374695,5,145.0,164.0,19.0,8.631578947368421,19.0,0.8,29.0,19.0,1,45,11
test,3,53560,86986,86986,125287,11,12,414,5.25,2,9,2,166.93678111455512,11,151.0,246.0,95.0,2.5894736842105264,57.0,0.5454545454545454,13.727272727272728,19.0,3,46,11
train,3,53560,86986,86986,125287,11,12,414,5.25,2,9,2,324.2298567374695,5,145.0,164.0,19.0,8.631578947368421,19.0,0.8,29.0,19.0,1,46,11
test,3,53560,86986,86986,125287,11,12,414,5.25,2,9,2,166.93678111455512,11,151.0,246.0,95.0,2.5894736842105264,57.0,0.5454545454545454,13.727272727272728,19.0,3,47,11
train,3,53560,86986,86986,125287,11,12,414,5.25,2,9,2,324.2298567374695,5,145.0,164.0,19.0,8.631578947368421,19.0,0.8,29.0,19.0,1,47,11
test,3,53560,86986,86986,125287,11,12,414,5.25,2,9,2,166.93678111455512,11,151.0,246.0,95.0,2.5894736842105264,57.0,0.5454545454545454,13.727272727272728,19.0,3,48,11
train,3,53560,86986,86986,125287,11,12,414,5.25,2,9,2,324.2298567374695,5,145.0,164.0,19.0,8.631578947368421,19.0,0.8,29.0,19.0,1,48,11
test,3,53560,86986,86986,125287,11,12,414,5.25,2,9,2,166.93678111455512,11,151.0,246.0,95.0,2.5894736842105264,57.0,0.5454545454545454,13.727272727272728,19.0,3,49,11
train,3,53560,86986,86986,125287,11,12,414,5.25,2,9,2,324.2298567374695,5,145.0,164.0,19.0,8.631578947368421,19.0,0.8,29.0,19.0,1,49,11
test,3,53560,86986,86986,125287,11,12,414,5.25,2,9,2,166.93678111455512,11,151.0,246.0,95.0,2.5894736842105264,57.0,0.5454545454545454,13.727272727272728,19.0,3,50,11
train,3,53560,86986,86986,125287,11,12,414,5.25,2,9,2,324.2298567374695,5,145.0,164.0,19.0,8.631578947368421,19.0,0.8,29.0,19.0,1,50,11
test,3,53560,86986,86986,125287,11,12,414,5.25,2,9,2,166.93678111455512,11,151.0,246.0,95.0,2.5894736842105264,57.0,0.5454545454545454,13.727272727272728,19.0,3,51,11
train,3,53560,86986,86986,125287,11,12,414,5.25,2,9,2,324.2298567374695,5,145.0,164.0,19.0,8.631578947368421,19.0,0.8,29.0,19.0,1,51,11
test,3,53560,86986,86986,125287,11,12,414,5.25,2,9,2,166.93678111455512,11,151.0,246.0,95.0,2.5894736842105264,57.0,0.5454545454545454,13.727272727272728,19.0,3,52,11
train,3,53560,86986,86986,125287,11,12,414,5.25,2,9,2,324.2298567374695,5,145.0,164.0,19.0,8.631578947368421,19.0,0.8,29.0,19.0,1,52,11
test,3,53560,86986,86986,125287,11,12,414,5.25,2,9,2,166.93678111455512,11,151.0,246.0,95.0,2.5894736842105264,57.0,0.5454545454545454,13.727272727272728,19.0,3,53,11
train,3,53560,86986,86986,125287,11,12,414,5.25,2,9,2,324.2298567374695,5,145.0,164.0,19.0,8.631578947368421,19.0,0.8,29.0,19.0,1,53,11
test,3,53560,86986,86986,125287,11,12,414,5.25,2,9,2,166.93678111455512,11,151.0,246.0,95.0,2.5894736842105264,57.0,0.5454545454545454,13.727272727272728,19.0,3,54,11
train,3,53560,86986,86986,125287,11,12,414,5.25,2,9,2,324.2298567374695,5,145.0,164.0,19.0,8.631578947368421,19.0,0.8,29.0,19.0,1,54,11
test,3,53560,86986,86986,125287,11,12,414,5.25,2,9,2,166.93678111455512,11,151.0,246.0,95.0,2.5894736842105264,57.0,0.5454545454545454,13.727272727272728,19.0,3,55,11
train,3,53560,86986,86986,125287,11,12,414,5.25,2,9,2,324.2298567374695,5,145.0,164.0,19.0,8.631578947368421,19.0,0.8,29.0,19.0,1,55,11
test,3,53560,86986,86986,125287,11,12,414,5.25,2,9,2,166.93678111455512,11,151.0,246.0,95.0,2.5894736842105264,57.0,0.5454545454545454,13.727272727272728,19.0,3,56,11
train,3,53560,86986,86986,125287,11,12,414,5.25,2,9,2,324.2298567374695,5,145.0,164.0,19.0,8.631578947368421,19.0,0.8,29.0,19.0,1,56,11
test,3,53560,86986,86986,125287,11,12,414,5.25,2,9,2,166.93678111455512,11,151.0,246.0,95.0,2.5894736842105264,57.0,0.5454545454545454,13.727272727272728,19.0,3,57,11
train,3,53560,86986,86986,125287,11,12,414,5.25,2,9,2,324.2298567374695,5,145.0,164.0,19.0,8.631578947368421,19.0,0.8,29.0,19.0,1,57,11
test,3,53560,86986,86986,125287,11,12,414,5.25,2,9,2,166.93678111455512,11,151.0,246.0,95.0,2.5894736842105264,57.0,0.5454545454545454,13.727272727272728,19.0,3,58,11
train,3,53560,86986,86986,125287,11,12,414,5.25,2,9,2,324.2298567374695,5,145.0,164.0,19.0,8.631578947368421,19.0,0.8,29.0,19.0,1,58,11
test,3,53560,86986,86986,125287,11,12,414,5.25,2,9,2,166.93678111455512,11,151.0,246.0,95.0,2.5894736842105264,57.0,0.5454545454545454,13.727272727272728,19.0,3,59,11
train,3,53560,86986,86986,125287,11,12,414,5.25,2,9,2,324.2298567374695,5,145.0,164.0,19.0,8.631578947368421,19.0,0.8,29.0,19.0,1,59,11
test,3,53560,86986,86986,125287,11,12,414,5.25,2,9,2,166.93678111455512,11,151.0,246.0,95.0,2.5894736842105264,57.0,0.5454545454545454,13.727272727272728,19.0,3,60,11
train,3,53560,86986,86986,125287,11,12,414,5.25,2,9,2,324.2298567374695,5,145.0,164.0,19.0,8.631578947368421,19.0,0.8,29.0,19.0,1,60,11
test,3,53560,86986,86986,125287,11,12,414,5.25,2,9,2,166.93678111455512,11,151.0,246.0,95.0,2.5894736842105264,57.0,0.5454545454545454,13.727272727272728,19.0,3,61,11
train,3,53560,86986,86986,125287,11,12,414,5.25,2,9,2,324.2298567374695,5,145.0,164.0,19.0,8.631578947368421,19.0,0.8,29.0,19.0,1,61,11
test,3,53560,86986,86986,125287,11,12,414,5.25,2,9,2,166.93678111455512,11,151.0,246.0,95.0,2.5894736842105264,57.0,0.5454545454545454,13.727272727272728,19.0,3,62,11
train,3,53560,86986,86986,125287,11,12,414,5.25,2,9,2,324.2298567374695,5,145.0,164.0,19.0,8.631578947368421,19.0,0.8,29.0,19.0,1,62,11
test,3,53560,86986,86986,125287,11,12,414,5.25,2,9,2,166.93678111455512,11,151.0,246.0,95.0,2.5894736842105264,57.0,0.5454545454545454,13.727272727272728,19.0,3,63,11
train,3,53560,86986,86986,125287,11,12,414,5.25,2,9,2,324.2298567374695,5,145.0,164.0,19.0,8.631578947368421,19.0,0.8,29.0,19.0,1,63,11
test,3,53560,86986,86986,125287,11,12,414,5.25,2,9,2,166.93678111455512,11,151.0,246.0,95.0,2.5894736842105264,57.0,0.5454545454545454,13.727272727272728,19.0,3,64,11
train,3,53560,86986,86986,125287,11,12,414,5.25,2,9,2,324.2298567374695,5,145.0,164.0,19.0,8.631578947368421,19.0,0.8,29.0,19.0,1,64,11
test,3,53560,86986,86986,125287,11,12,414,5.25,2,9,2,166.93678111455512,11,151.0,246.0,95.0,2.5894736842105264,57.0,0.5454545454545454,13.727272727272728,19.0,3,65,11
train,3,53560,86986,86986,125287,11,12,414,5.25,2,9,2,324.2298567374695,5,145.0,164.0,19.0,8.631578947368421,19.0,0.8,29.0,19.0,1,65,11
test,3,53560,86986,86986,125287,11,12,414,5.25,2,9,2,166.93678111455512,11,151.0,246.0,95.0,2.5894736842105264,57.0,0.5454545454545454,13.727272727272728,19.0,3,66,11
train,3,53560,86986,86986,125287,11,12,414,5.25,2,9,2,324.2298567374695,5,145.0,164.0,19.0,8.631578947368421,19.0,0.8,29.0,19.0,1,66,11
test,3,53560,86986,86986,125287,11,12,414,5.25,2,9,2,166.93678111455512,11,151.0,246.0,95.0,2.5894736842105264,57.0,0.5454545454545454,13.727272727272728,19.0,3,67,11
train,3,53560,86986,86986,125287,11,12,414,5.25,2,9,2,324.2298567374695,5,145.0,164.0,19.0,8.631578947368421,19.0,0.8,29.0,19.0,1,67,11
test,3,53560,86986,86986,125287,11,12,414,5.25,2,9,2,166.93678111455512,11,151.0,246.0,95.0,2.5894736842105264,57.0,0.5454545454545454,13.727272727272728,19.0,3,68,11
train,3,53560,86986,86986,125287,11,12,414,5.25,2,9,2,324.2298567374695,5,145.0,164.0,19.0,8.631578947368421,19.0,0.8,29.0,19.0,1,68,11
test,3,53560,86986,86986,125287,11,12,414,5.25,2,9,2,166.93678111455512,11,151.0,246.0,95.0,2.5894736842105264,57.0,0.5454545454545454,13.727272727272728,19.0,3,69,11
train,3,53560,86986,86986,125287,11,12,414,5.25,2,9,2,324.2298567374695,5,145.0,164.0,19.0,8.631578947368421,19.0,0.8,29.0,19.0,1,69,11
test,3,53560,86986,86986,125287,11,12,414,5.25,2,9,2,166.93678111455512,11,151.0,246.0,95.0,2.5894736842105264,57.0,0.5454545454545454,13.727272727272728,19.0,3,70,11
train,3,53560,86986,86986,125287,11,12,414,5.25,2,9,2,324.2298567374695,5,145.0,164.0,19.0,8.631578947368421,19.0,0.8,29.0,19.0,1,70,11
test,3,53560,86986,86986,125287,11,12,414,5.25,2,9,2,166.93678111455512,11,151.0,246.0,95.0,2.5894736842105264,57.0,0.5454545454545454,13.727272727272728,19.0,3,71,11
train,3,53560,86986,86986,125287,11,12,414,5.25,2,9,2,324.2298567374695,5,145.0,164.0,19.0,8.631578947368421,19.0,0.8,29.0,19.0,1,71,11
test,3,53560,86986,86986,125287,11,12,414,5.25,2,9,2,166.93678111455512,11,151.0,246.0,95.0,2.5894736842105264,57.0,0.5454545454545454,13.727272727272728,19.0,3,72,11
train,3,53560,86986,86986,125287,11,12,414,5.25,2,9,2,324.2298567374695,5,145.0,164.0,19.0,8.631578947368421,19.0,0.8,29.0,19.0,1,72,11
test,3,53560,86986,86986,125287,11,12,414,5.25,2,9,2,166.93678111455512,11,151.0,246.0,95.0,2.5894736842105264,57.0,0.5454545454545454,13.727272727272728,19.0,3,73,11
train,3,53560,86986,86986,125287,11,12,414,5.25,2,9,2,324.2298567374695,5,145.0,164.0,19.0,8.631578947368421,19.0,0.8,29.0,19.0,1,73,11
test,3,53560,86986,86986,125287,11,12,414,5.25,2,9,2,166.93678111455512,11,151.0,246.0,95.0,2.5894736842105264,57.0,0.5454545454545454,13.727272727272728,19.0,3,74,11
train,3,53560,86986,86986,125287,11,12,414,5.25,2,9,2,324.2298567374695,5,145.0,164.0,19.0,8.631578947368421,19.0,0.8,29.0,19.0,1,74,11
test,3,53560,86986,86986,125287,11,12,414,5.25,2,9,2,166.93678111455512,11,151.0,246.0,95.0,2.5894736842105264,57.0,0.5454545454545454,13.727272727272728,19.0,3,75,11
train,3,53560,86986,86986,125287,11,12,414,5.25,2,9,2,324.2298567374695,5,145.0,164.0,19.0,8.631578947368421,19.0,0.8,29.0,19.0,1,75,11
test,3,53560,86986,86986,125287,11,12,414,5.25,2,9,2,166.93678111455512,11,151.0,246.0,95.0,2.5894736842105264,57.0,0.5454545454545454,13.727272727272728,19.0,3,76,11
train,3,53560,86986,86986,125287,11,12,414,5.25,2,9,2,324.2298567374695,5,145.0,164.0,19.0,8.631578947368421,19.0,0.8,29.0,19.0,1,76,11
test,3,53560,86986,86986,125287,11,12,414,5.25,2,9,2,166.93678111455512,11,151.0,246.0,95.0,2.5894736842105264,57.0,0.5454545454545454,13.727272727272728,19.0,3,77,11
train,3,53560,86986,86986,125287,11,12,414,5.25,2,9,2,324.2298567374695,5,145.0,164.0,19.0,8.631578947368421,19.0,0.8,29.0,19.0,1,77,11
test,3,53560,86986,86986,125287,11,12,414,5.25,2,9,2,166.93678111455512,11,151.0,246.0,95.0,2.5894736842105264,57.0,0.5454545454545454,13.727272727272728,19.0,3,78,11
train,3,53560,86986,86986,125287,11,12,414,5.25,2,9,2,324.2298567374695,5,145.0,164.0,19.0,8.631578947368421,19.0,0.8,29.0,19.0,1,78,11
test,3,53560,86986,86986,125287,11,12,414,5.25,2,9,2,166.93678111455512,11,151.0,246.0,95.0,2.5894736842105264,57.0,0.5454545454545454,13.727272727272728,19.0,3,79,11
train,3,53560,86986,86986,125287,11,12,414,5.25,2,9,2,324.2298567374695,5,145.0,164.0,19.0,8.631578947368421,19.0,0.8,29.0,19.0,1,79,11
test,3,53560,86986,86986,125287,11,12,414,5.25,2,9,2,166.93678111455512,11,151.0,246.0,95.0,2.5894736842105264,57.0,0.5454545454545454,13.727272727272728,19.0,3,80,11
train,3,53560,86986,86986,125287,11,12,414,5.25,2,9,2,324.2298567374695,5,145.0,164.0,19.0,8.631578947368421,19.0,0.8,29.0,19.0,1,80,11
test,3,53560,86986,86986,125287,11,12,414,5.25,2,9,2,166.93678111455512,11,151.0,246.0,95.0,2.5894736842105264,57.0,0.5454545454545454,13.727272727272728,19.0,3,81,11
train,3,53560,86986,86986,125287,11,12,414,5.25,2,9,2,324.2298567374695,5,145.0,164.0,19.0,8.631578947368421,19.0,0.8,29.0,19.0,1,81,11
test,3,53560,86986,86986,125287,11,12,414,5.25,2,9,2,166.93678111455512,11,151.0,246.0,95.0,2.5894736842105264,57.0,0.5454545454545454,13.727272727272728,19.0,3,82,11
train,3,53560,86986,86986,125287,11,12,414,5.25,2,9,2,324.2298567374695,5,145.0,164.0,19.0,8.631578947368421,19.0,0.8,29.0,19.0,1,82,11
test,3,53560,86986,86986,125287,11,12,414,5.25,2,9,2,166.93678111455512,11,151.0,246.0,95.0,2.5894736842105264,57.0,0.5454545454545454,13.727272727272728,19.0,3,83,11
train,3,53560,86986,86986,125287,11,12,414,5.25,2,9,2,324.2298567374695,5,145.0,164.0,19.0,8.631578947368421,19.0,0.8,29.0,19.0,1,83,11
test,3,53560,86986,86986,125287,11,12,414,5.25,2,9,2,166.93678111455512,11,151.0,246.0,95.0,2.5894736842105264,57.0,0.5454545454545454,13.727272727272728,19.0,3,84,11
train,3,53560,86986,86986,125287,11,12,414,5.25,2,9,2,324.2298567374695,5,145.0,164.0,19.0,8.631578947368421,19.0,0.8,29.0,19.0,1,84,11
test,3,53560,86986,86986,125287,11,12,414,5.25,2,9,2,166.93678111455512,11,151.0,246.0,95.0,2.5894736842105264,57.0,0.5454545454545454,13.727272727272728,19.0,3,85,11
train,3,53560,86986,86986,125287,11,12,414,5.25,2,9,2,324.2298567374695,5,145.0,164.0,19.0,8.631578947368421,19.0,0.8,29.0,19.0,1,85,11
test,3,53560,86986,86986,125287,11,12,414,5.25,2,9,2,166.93678111455512,11,151.0,246.0,95.0,2.5894736842105264,57.0,0.5454545454545454,13.727272727272728,19.0,3,86,11
train,3,53560,86986,86986,125287,11,12,414,5.25,2,9,2,324.2298567374695,5,145.0,164.0,19.0,8.631578947368421,19.0,0.8,29.0,19.0,1,86,11
test,3,53560,86986,86986,125287,11,12,414,5.25,2,9,2,166.93678111455512,11,151.0,246.0,95.0,2.5894736842105264,57.0,0.5454545454545454,13.727272727272728,19.0,3,87,11
train,3,53560,86986,86986,125287,11,12,414,5.25,2,9,2,324.2298567374695,5,145.0,164.0,19.0,8.631578947368421,19.0,0.8,29.0,19.0,1,87,11
test,3,53560,86986,86986,125287,11,12,414,5.25,2,9,2,166.93678111455512,11,151.0,246.0,95.0,2.5894736842105264,57.0,0.5454545454545454,13.727272727272728,19.0,3,88,11
train,3,53560,86986,86986,125287,11,12,414,5.25,2,9,2,324.2298567374695,5,145.0,164.0,19.0,8.631578947368421,19.0,0.8,29.0,19.0,1,88,11
test,3,53560,86986,86986,125287,11,12,414,5.25,2,9,2,166.93678111455512,11,151.0,246.0,95.0,2.5894736842105264,57.0,0.5454545454545454,13.727272727272728,19.0,3,89,11
train,3,53560,86986,86986,125287,11,12,414,5.25,2,9,2,324.2298567374695,5,145.0,164.0,19.0,8.631578947368421,19.0,0.8,29.0,19.0,1,89,11
test,3,53560,86986,86986,125287,11,12,414,5.25,2,9,2,166.93678111455512,11,151.0,246.0,95.0,2.5894736842105264,57.0,0.5454545454545454,13.727272727272728,19.0,3,90,11
train,3,53560,86986,86986,125287,11,12,414,5.25,2,9,2,324.2298567374695,5,145.0,164.0,19.0,8.631578947368421,19.0,0.8,29.0,19.0,1,90,11
test,3,53560,86986,86986,125287,11,12,414,5.25,2,9,2,166.93678111455512,11,151.0,246.0,95.0,2.5894736842105264,57.0,0.5454545454545454,13.727272727272728,19.0,3,91,11
train,3,53560,86986,86986,125287,11,12,414,5.25,2,9,2,324.2298567374695,5,145.0,164.0,19.0,8.631578947368421,19.0,0.8,29.0,19.0,1,91,11
test,3,53560,86986,86986,125287,11,12,414,5.25,2,9,2,166.93678111455512,11,151.0,246.0,95.0,2.5894736842105264,57.0,0.5454545454545454,13.727272727272728,19.0,3,92,11
train,3,53560,86986,86986,125287,11,12,414,5.25,2,9,2,324.2298567374695,5,145.0,164.0,19.0,8.631578947368421,19.0,0.8,29.0,19.0,1,92,11
test,3,53560,86986,86986,125287,11,12,414,5.25,2,9,2,166.93678111455512,11,151.0,246.0,95.0,2.5894736842105264,57.0,0.5454545454545454,13.727272727272728,19.0,3,93,11
train,3,53560,86986,86986,125287,11,12,414,5.25,2,9,2,324.2298567374695,5,145.0,164.0,19.0,8.631578947368421,19.0,0.8,29.0,19.0,1,93,11
test,3,53560,86986,86986,125287,11,12,414,5.25,2,9,2,166.93678111455512,11,151.0,246.0,95.0,2.5894736842105264,57.0,0.5454545454545454,13.727272727272728,19.0,3,94,11
train,3,53560,86986,86986,125287,11,12,414,5.25,2,9,2,324.2298567374695,5,145.0,164.0,19.0,8.631578947368421,19.0,0.8,29.0,19.0,1,94,11
test,3,53560,86986,86986,125287,11,12,414,5.25,2,9,2,166.93678111455512,11,151.0,246.0,95.0,2.5894736842105264,57.0,0.5454545454545454,13.727272727272728,19.0,3,95,11
train,3,53560,86986,86986,125287,11,12,414,5.25,2,9,2,324.2298567374695,5,145.0,164.0,19.0,8.631578947368421,19.0,0.8,29.0,19.0,1,95,11
test,3,53560,86986,86986,125287,11,12,414,5.25,2,9,2,166.93678111455512,11,151.0,246.0,95.0,2.5894736842105264,57.0,0.5454545454545454,13.727272727272728,19.0,3,96,11
train,3,53560,86986,86986,125287,11,12,414,5.25,2,9,2,324.2298567374695,5,145.0,164.0,19.0,8.631578947368421,19.0,0.8,29.0,19.0,1,96,11
test,3,53560,86986,86986,125287,11,12,414,5.25,2,9,2,166.93678111455512,11,151.0,246.0,95.0,2.5894736842105264,57.0,0.5454545454545454,13.727272727272728,19.0,3,97,11
train,3,53560,86986,86986,125287,11,12,414,5.25,2,9,2,324.2298567374695,5,145.0,164.0,19.0,8.631578947368421,19.0,0.8,29.0,19.0,1,97,11
test,3,53560,86986,86986,125287,11,12,414,5.25,2,9,2,166.93678111455512,11,151.0,246.0,95.0,2.5894736842105264,57.0,0.5454545454545454,13.727272727272728,19.0,3,98,11
train,3,53560,86986,86986,125287,11,12,414,5.25,2,9,2,324.2298567374695,5,145.0,164.0,19.0,8.631578947368421,19.0,0.8,29.0,19.0,1,98,11
test,3,53560,86986,86986,125287,11,12,414,5.25,2,9,2,166.93678111455512,11,151.0,246.0,95.0,2.5894736842105264,57.0,0.5454545454545454,13.727272727272728,19.0,3,99,11
train,3,53560,86986,86986,125287,11,12,414,5.25,2,9,2,324.2298567374695,5,145.0,164.0,19.0,8.631578947368421,19.0,0.8,29.0,19.0,1,99,11
test,3,53560,86986,86986,125287,11,12,414,5.25,2,9,2,166.93678111455512,11,151.0,246.0,95.0,2.5894736842105264,57.0,0.5454545454545454,13.727272727272728,19.0,3,100,11
train,3,53560,86986,86986,125287,11,12,414,5.25,2,9,2,324.2298567374695,5,145.0,164.0,19.0,8.631578947368421,19.0,0.8,29.0,19.0,1,100,11
test,4,86986,125287,125287,130699,0,12,2050,3.75,7,12,4,-1000.0,0,0.0,0.0,0.0,inf,0.0,0.0,0.0,0.0,0,0,0
train,4,86986,125287,125287,130699,0,12,2050,3.75,7,12,4,432.0,16,216.0,448.0,232.0,1.9310344827586208,60.0,0.5,13.5,29.0,2,0,0
test,4,86986,125287,125287,130699,0,12,2050,3.75,7,12,4,-1000.0,0,0.0,0.0,0.0,inf,0.0,0.0,0.0,0.0,0,1,0
train,4,86986,125287,125287,130699,0,12,2050,3.75,7,12,4,432.0,16,216.0,448.0,232.0,1.9310344827586208,60.0,0.5,13.5,29.0,2,1,0
test,4,86986,125287,125287,130699,0,12,2050,3.75,7,12,4,-1000.0,0,0.0,0.0,0.0,inf,0.0,0.0,0.0,0.0,0,2,0
train,4,86986,125287,125287,130699,0,12,2050,3.75,7,12,4,432.0,16,216.0,448.0,232.0,1.9310344827586208,60.0,0.5,13.5,29.0,2,2,0
test,4,86986,125287,125287,130699,3,13,2697,5.25,9,4,2,-1000.0,0,0.0,0.0,0.0,inf,0.0,0.0,0.0,0.0,0,3,3
train,4,86986,125287,125287,130699,3,13,2697,5.25,9,4,2,522.8527517380013,15,135.0,192.0,57.0,3.3684210526315788,22.0,0.8,9.0,19.0,1,3,3
test,4,86986,125287,125287,130699,3,13,2697,5.25,9,4,2,-1000.0,0,0.0,0.0,0.0,inf,0.0,0.0,0.0,0.0,0,4,3
train,4,86986,125287,125287,130699,3,13,2697,5.25,9,4,2,522.8527517380013,15,135.0,192.0,57.0,3.3684210526315788,22.0,0.8,9.0,19.0,1,4,3
test,4,86986,125287,125287,130699,3,13,2697,5.25,9,4,2,-1000.0,0,0.0,0.0,0.0,inf,0.0,0.0,0.0,0.0,0,5,3
train,4,86986,125287,125287,130699,3,13,2697,5.25,9,4,2,522.8527517380013,15,135.0,192.0,57.0,3.3684210526315788,22.0,0.8,9.0,19.0,1,5,3
test,4,86986,125287,125287,130699,3,13,2697,5.25,9,4,2,-1000.0,0,0.0,0.0,0.0,inf,0.0,0.0,0.0,0.0,0,6,3
train,4,86986,125287,125287,130699,3,13,2697,5.25,9,4,2,522.8527517380013,15,135.0,192.0,57.0,3.3684210526315788,22.0,0.8,9.0,19.0,1,6,3
test,4,86986,125287,125287,130699,7,12,3054,3.25,7,12,2,-1000.0,0,0.0,0.0,0.0,inf,0.0,0.0,0.0,0.0,0,7,7
train,4,86986,125287,125287,130699,7,12,3054,3.25,7,12,2,592.0,16,296.0,448.0,152.0,2.9473684210526314,38.0,0.5,18.5,19.0,2,7,7
test,4,86986,125287,125287,130699,7,12,3054,3.25,7,12,2,-1000.0,0,0.0,0.0,0.0,inf,0.0,0.0,0.0,0.0,0,8,7
train,4,86986,125287,125287,130699,7,12,3054,3.25,7,12,2,592.0,16,296.0,448.0,152.0,2.9473684210526314,38.0,0.5,18.5,19.0,2,8,7
test,4,86986,125287,125287,130699,7,12,3054,3.25,7,12,2,-1000.0,0,0.0,0.0,0.0,inf,0.0,0.0,0.0,0.0,0,9,7
train,4,86986,125287,125287,130699,7,12,3054,3.25,7,12,2,592.0,16,296.0,448.0,152.0,2.9473684210526314,38.0,0.5,18.5,19.0,2,9,7
test,4,86986,125287,125287,130699,7,12,3054,3.25,7,12,2,-1000.0,0,0.0,0.0,0.0,inf,0.0,0.0,0.0,0.0,0,10,7
train,4,86986,125287,125287,130699,7,12,3054,3.25,7,12,2,592.0,16,296.0,448.0,152.0,2.9473684210526314,38.0,0.5,18.5,19.0,2,10,7
test,4,86986,125287,125287,130699,7,12,3054,3.25,7,12,2,-1000.0,0,0.0,0.0,0.0,inf,0.0,0.0,0.0,0.0,0,11,7
train,4,86986,125287,125287,130699,7,12,3054,3.25,7,12,2,592.0,16,296.0,448.0,152.0,2.9473684210526314,38.0,0.5,18.5,19.0,2,11,7
test,4,86986,125287,125287,130699,7,12,3054,3.25,7,12,2,-1000.0,0,0.0,0.0,0.0,inf,0.0,0.0,0.0,0.0,0,12,7
train,4,86986,125287,125287,130699,7,12,3054,3.25,7,12,2,592.0,16,296.0,448.0,152.0,2.9473684210526314,38.0,0.5,18.5,19.0,2,12,7
test,4,86986,125287,125287,130699,7,12,3054,3.25,7,12,2,-1000.0,0,0.0,0.0,0.0,inf,0.0,0.0,0.0,0.0,0,13,7
train,4,86986,125287,125287,130699,7,12,3054,3.25,7,12,2,592.0,16,296.0,448.0,152.0,2.9473684210526314,38.0,0.5,18.5,19.0,2,13,7
test,4,86986,125287,125287,130699,7,12,3054,3.25,7,12,2,-1000.0,0,0.0,0.0,0.0,inf,0.0,0.0,0.0,0.0,0,14,7
train,4,86986,125287,125287,130699,7,12,3054,3.25,7,12,2,592.0,16,296.0,448.0,152.0,2.9473684210526314,38.0,0.5,18.5,19.0,2,14,7
test,4,86986,125287,125287,130699,7,12,3054,3.25,7,12,2,-1000.0,0,0.0,0.0,0.0,inf,0.0,0.0,0.0,0.0,0,15,7
train,4,86986,125287,125287,130699,7,12,3054,3.25,7,12,2,592.0,16,296.0,448.0,152.0,2.9473684210526314,38.0,0.5,18.5,19.0,2,15,7
test,4,86986,125287,125287,130699,7,12,3054,3.25,7,12,2,-1000.0,0,0.0,0.0,0.0,inf,0.0,0.0,0.0,0.0,0,16,7
train,4,86986,125287,125287,130699,7,12,3054,3.25,7,12,2,592.0,16,296.0,448.0,152.0,2.9473684210526314,38.0,0.5,18.5,19.0,2,16,7
test,4,86986,125287,125287,130699,7,12,3054,3.25,7,12,2,-1000.0,0,0.0,0.0,0.0,inf,0.0,0.0,0.0,0.0,0,17,7
train,4,86986,125287,125287,130699,7,12,3054,3.25,7,12,2,592.0,16,296.0,448.0,152.0,2.9473684210526314,38.0,0.5,18.5,19.0,2,17,7
test,4,86986,125287,125287,130699,7,12,3054,3.25,7,12,2,-1000.0,0,0.0,0.0,0.0,inf,0.0,0.0,0.0,0.0,0,18,7
train,4,86986,125287,125287,130699,7,12,3054,3.25,7,12,2,592.0,16,296.0,448.0,152.0,2.9473684210526314,38.0,0.5,18.5,19.0,2,18,7
test,4,86986,125287,125287,130699,7,12,3054,3.25,7,12,2,-1000.0,0,0.0,0.0,0.0,inf,0.0,0.0,0.0,0.0,0,19,7
train,4,86986,125287,125287,130699,7,12,3054,3.25,7,12,2,592.0,16,296.0,448.0,152.0,2.9473684210526314,38.0,0.5,18.5,19.0,2,19,7
test,4,86986,125287,125287,130699,7,12,3054,3.25,7,12,2,-1000.0,0,0.0,0.0,0.0,inf,0.0,0.0,0.0,0.0,0,20,7
train,4,86986,125287,125287,130699,7,12,3054,3.25,7,12,2,592.0,16,296.0,448.0,152.0,2.9473684210526314,38.0,0.5,18.5,19.0,2,20,7
test,4,86986,125287,125287,130699,7,12,3054,3.25,7,12,2,-1000.0,0,0.0,0.0,0.0,inf,0.0,0.0,0.0,0.0,0,21,7
train,4,86986,125287,125287,130699,7,12,3054,3.25,7,12,2,592.0,16,296.0,448.0,152.0,2.9473684210526314,38.0,0.5,18.5,19.0,2,21,7
test,4,86986,125287,125287,130699,7,12,3054,3.25,7,12,2,-1000.0,0,0.0,0.0,0.0,inf,0.0,0.0,0.0,0.0,0,22,7
train,4,86986,125287,125287,130699,7,12,3054,3.25,7,12,2,592.0,16,296.0,448.0,152.0,2.9473684210526314,38.0,0.5,18.5,19.0,2,22,7
test,4,86986,125287,125287,130699,7,12,3054,3.25,7,12,2,-1000.0,0,0.0,0.0,0.0,inf,0.0,0.0,0.0,0.0,0,23,7
train,4,86986,125287,125287,130699,7,12,3054,3.25,7,12,2,592.0,16,296.0,448.0,152.0,2.9473684210526314,38.0,0.5,18.5,19.0,2,23,7
test,4,86986,125287,125287,130699,7,12,3054,3.25,7,12,2,-1000.0,0,0.0,0.0,0.0,inf,0.0,0.0,0.0,0.0,0,24,7
train,4,86986,125287,125287,130699,7,12,3054,3.25,7,12,2,592.0,16,296.0,448.0,152.0,2.9473684210526314,38.0,0.5,18.5,19.0,2,24,7
test,4,86986,125287,125287,130699,7,12,3054,3.25,7,12,2,-1000.0,0,0.0,0.0,0.0,inf,0.0,0.0,0.0,0.0,0,25,7
train,4,86986,125287,125287,130699,7,12,3054,3.25,7,12,2,592.0,16,296.0,448.0,152.0,2.9473684210526314,38.0,0.5,18.5,19.0,2,25,7
test,4,86986,125287,125287,130699,7,12,3054,3.25,7,12,2,-1000.0,0,0.0,0.0,0.0,inf,0.0,0.0,0.0,0.0,0,26,7
train,4,86986,125287,125287,130699,7,12,3054,3.25,7,12,2,592.0,16,296.0,448.0,152.0,2.9473684210526314,38.0,0.5,18.5,19.0,2,26,7
test,4,86986,125287,125287,130699,7,12,3054,3.25,7,12,2,-1000.0,0,0.0,0.0,0.0,inf,0.0,0.0,0.0,0.0,0,27,7
train,4,86986,125287,125287,130699,7,12,3054,3.25,7,12,2,592.0,16,296.0,448.0,152.0,2.9473684210526314,38.0,0.5,18.5,19.0,2,27,7
test,4,86986,125287,125287,130699,7,12,3054,3.25,7,12,2,-1000.0,0,0.0,0.0,0.0,inf,0.0,0.0,0.0,0.0,0,28,7
train,4,86986,125287,125287,130699,7,12,3054,3.25,7,12,2,592.0,16,296.0,448.0,152.0,2.9473684210526314,38.0,0.5,18.5,19.0,2,28,7
test,4,86986,125287,125287,130699,7,12,3054,3.25,7,12,2,-1000.0,0,0.0,0.0,0.0,inf,0.0,0.0,0.0,0.0,0,29,7
train,4,86986,125287,125287,130699,7,12,3054,3.25,7,12,2,592.0,16,296.0,448.0,152.0,2.9473684210526314,38.0,0.5,18.5,19.0,2,29,7
test,4,86986,125287,125287,130699,7,12,3054,3.25,7,12,2,-1000.0,0,0.0,0.0,0.0,inf,0.0,0.0,0.0,0.0,0,30,7
train,4,86986,125287,125287,130699,7,12,3054,3.25,7,12,2,592.0,16,296.0,448.0,152.0,2.9473684210526314,38.0,0.5,18.5,19.0,2,30,7
test,4,86986,125287,125287,130699,7,12,3054,3.25,7,12,2,-1000.0,0,0.0,0.0,0.0,inf,0.0,0.0,0.0,0.0,0,31,7
train,4,86986,125287,125287,130699,7,12,3054,3.25,7,12,2,592.0,16,296.0,448.0,152.0,2.9473684210526314,38.0,0.5,18.5,19.0,2,31,7
test,4,86986,125287,125287,130699,7,12,3054,3.25,7,12,2,-1000.0,0,0.0,0.0,0.0,inf,0.0,0.0,0.0,0.0,0,32,7
train,4,86986,125287,125287,130699,7,12,3054,3.25,7,12,2,592.0,16,296.0,448.0,152.0,2.9473684210526314,38.0,0.5,18.5,19.0,2,32,7
test,4,86986,125287,125287,130699,7,12,3054,3.25,7,12,2,-1000.0,0,0.0,0.0,0.0,inf,0.0,0.0,0.0,0.0,0,33,7
train,4,86986,125287,125287,130699,7,12,3054,3.25,7,12,2,592.0,16,296.0,448.0,152.0,2.9473684210526314,38.0,0.5,18.5,19.0,2,33,7
test,4,86986,125287,125287,130699,7,12,3054,3.25,7,12,2,-1000.0,0,0.0,0.0,0.0,inf,0.0,0.0,0.0,0.0,0,34,7
train,4,86986,125287,125287,130699,7,12,3054,3.25,7,12,2,592.0,16,296.0,448.0,152.0,2.9473684210526314,38.0,0.5,18.5,19.0,2,34,7
test,4,86986,125287,125287,130699,7,12,3054,3.25,7,12,2,-1000.0,0,0.0,0.0,0.0,inf,0.0,0.0,0.0,0.0,0,35,7
train,4,86986,125287,125287,130699,7,12,3054,3.25,7,12,2,592.0,16,296.0,448.0,152.0,2.9473684210526314,38.0,0.5,18.5,19.0,2,35,7
test,4,86986,125287,125287,130699,7,12,3054,3.25,7,12,2,-1000.0,0,0.0,0.0,0.0,inf,0.0,0.0,0.0,0.0,0,36,7
train,4,86986,125287,125287,130699,7,12,3054,3.25,7,12,2,592.0,16,296.0,448.0,152.0,2.9473684210526314,38.0,0.5,18.5,19.0,2,36,7
test,4,86986,125287,125287,130699,7,12,3054,3.25,7,12,2,-1000.0,0,0.0,0.0,0.0,inf,0.0,0.0,0.0,0.0,0,37,7
train,4,86986,125287,125287,130699,7,12,3054,3.25,7,12,2,592.0,16,296.0,448.0,152.0,2.9473684210526314,38.0,0.5,18.5,19.0,2,37,7
test,4,86986,125287,125287,130699,7,12,3054,3.25,7,12,2,-1000.0,0,0.0,0.0,0.0,inf,0.0,0.0,0.0,0.0,0,38,7
train,4,86986,125287,125287,130699,7,12,3054,3.25,7,12,2,592.0,16,296.0,448.0,152.0,2.9473684210526314,38.0,0.5,18.5,19.0,2,38,7
test,4,86986,125287,125287,130699,7,12,3054,3.25,7,12,2,-1000.0,0,0.0,0.0,0.0,inf,0.0,0.0,0.0,0.0,0,39,7
train,4,86986,125287,125287,130699,7,12,3054,3.25,7,12,2,592.0,16,296.0,448.0,152.0,2.9473684210526314,38.0,0.5,18.5,19.0,2,39,7
test,4,86986,125287,125287,130699,7,12,3054,3.25,7,12,2,-1000.0,0,0.0,0.0,0.0,inf,0.0,0.0,0.0,0.0,0,40,7
train,4,86986,125287,125287,130699,7,12,3054,3.25,7,12,2,592.0,16,296.0,448.0,152.0,2.9473684210526314,38.0,0.5,18.5,19.0,2,40,7
test,4,86986,125287,125287,130699,7,12,3054,3.25,7,12,2,-1000.0,0,0.0,0.0,0.0,inf,0.0,0.0,0.0,0.0,0,41,7
train,4,86986,125287,125287,130699,7,12,3054,3.25,7,12,2,592.0,16,296.0,448.0,152.0,2.9473684210526314,38.0,0.5,18.5,19.0,2,41,7
test,4,86986,125287,125287,130699,7,12,3054,3.25,7,12,2,-1000.0,0,0.0,0.0,0.0,inf,0.0,0.0,0.0,0.0,0,42,7
train,4,86986,125287,125287,130699,7,12,3054,3.25,7,12,2,592.0,16,296.0,448.0,152.0,2.9473684210526314,38.0,0.5,18.5,19.0,2,42,7
test,4,86986,125287,125287,130699,7,12,3054,3.25,7,12,2,-1000.0,0,0.0,0.0,0.0,inf,0.0,0.0,0.0,0.0,0,43,7
train,4,86986,125287,125287,130699,7,12,3054,3.25,7,12,2,592.0,16,296.0,448.0,152.0,2.9473684210526314,38.0,0.5,18.5,19.0,2,43,7
test,4,86986,125287,125287,130699,7,12,3054,3.25,7,12,2,-1000.0,0,0.0,0.0,0.0,inf,0.0,0.0,0.0,0.0,0,44,7
train,4,86986,125287,125287,130699,7,12,3054,3.25,7,12,2,592.0,16,296.0,448.0,152.0,2.9473684210526314,38.0,0.5,18.5,19.0,2,44,7
test,4,86986,125287,125287,130699,7,12,3054,3.25,7,12,2,-1000.0,0,0.0,0.0,0.0,inf,0.0,0.0,0.0,0.0,0,45,7
train,4,86986,125287,125287,130699,7,12,3054,3.25,7,12,2,592.0,16,296.0,448.0,152.0,2.9473684210526314,38.0,0.5,18.5,19.0,2,45,7
test,4,86986,125287,125287,130699,7,12,3054,3.25,7,12,2,-1000.0,0,0.0,0.0,0.0,inf,0.0,0.0,0.0,0.0,0,46,7
train,4,86986,125287,125287,130699,7,12,3054,3.25,7,12,2,592.0,16,296.0,448.0,152.0,2.9473684210526314,38.0,0.5,18.5,19.0,2,46,7
test,4,86986,125287,125287,130699,7,12,3054,3.25,7,12,2,-1000.0,0,0.0,0.0,0.0,inf,0.0,0.0,0.0,0.0,0,47,7
train,4,86986,125287,125287,130699,7,12,3054,3.25,7,12,2,592.0,16,296.0,448.0,152.0,2.9473684210526314,38.0,0.5,18.5,19.0,2,47,7
test,4,86986,125287,125287,130699,7,12,3054,3.25,7,12,2,-1000.0,0,0.0,0.0,0.0,inf,0.0,0.0,0.0,0.0,0,48,7
train,4,86986,125287,125287,130699,7,12,3054,3.25,7,12,2,592.0,16,296.0,448.0,152.0,2.9473684210526314,38.0,0.5,18.5,19.0,2,48,7
test,4,86986,125287,125287,130699,7,12,3054,3.25,7,12,2,-1000.0,0,0.0,0.0,0.0,inf,0.0,0.0,0.0,0.0,0,49,7
train,4,86986,125287,125287,130699,7,12,3054,3.25,7,12,2,592.0,16,296.0,448.0,152.0,2.9473684210526314,38.0,0.5,18.5,19.0,2,49,7
test,4,86986,125287,125287,130699,7,12,3054,3.25,7,12,2,-1000.0,0,0.0,0.0,0.0,inf,0.0,0.0,0.0,0.0,0,50,7
train,4,86986,125287,125287,130699,7,12,3054,3.25,7,12,2,592.0,16,296.0,448.0,152.0,2.9473684210526314,38.0,0.5,18.5,19.0,2,50,7
test,4,86986,125287,125287,130699,7,12,3054,3.25,7,12,2,-1000.0,0,0.0,0.0,0.0,inf,0.0,0.0,0.0,0.0,0,51,7
train,4,86986,125287,125287,130699,7,12,3054,3.25,7,12,2,592.0,16,296.0,448.0,152.0,2.9473684210526314,38.0,0.5,18.5,19.0,2,51,7
test,4,86986,125287,125287,130699,7,12,3054,3.25,7,12,2,-1000.0,0,0.0,0.0,0.0,inf,0.0,0.0,0.0,0.0,0,52,7
train,4,86986,125287,125287,130699,7,12,3054,3.25,7,12,2,592.0,16,296.0,448.0,152.0,2.9473684210526314,38.0,0.5,18.5,19.0,2,52,7
test,4,86986,125287,125287,130699,7,12,3054,3.25,7,12,2,-1000.0,0,0.0,0.0,0.0,inf,0.0,0.0,0.0,0.0,0,53,7
train,4,86986,125287,125287,130699,7,12,3054,3.25,7,12,2,592.0,16,296.0,448.0,152.0,2.9473684210526314,38.0,0.5,18.5,19.0,2,53,7
test,4,86986,125287,125287,130699,7,12,3054,3.25,7,12,2,-1000.0,0,0.0,0.0,0.0,inf,0.0,0.0,0.0,0.0,0,54,7
train,4,86986,125287,125287,130699,7,12,3054,3.25,7,12,2,592.0,16,296.0,448.0,152.0,2.9473684210526314,38.0,0.5,18.5,19.0,2,54,7
test,4,86986,125287,125287,130699,7,12,3054,3.25,7,12,2,-1000.0,0,0.0,0.0,0.0,inf,0.0,0.0,0.0,0.0,0,55,7
train,4,86986,125287,125287,130699,7,12,3054,3.25,7,12,2,592.0,16,296.0,448.0,152.0,2.9473684210526314,38.0,0.5,18.5,19.0,2,55,7
test,4,86986,125287,125287,130699,7,12,3054,3.25,7,12,2,-1000.0,0,0.0,0.0,0.0,inf,0.0,0.0,0.0,0.0,0,56,7
train,4,86986,125287,125287,130699,7,12,3054,3.25,7,12,2,592.0,16,296.0,448.0,152.0,2.9473684210526314,38.0,0.5,18.5,19.0,2,56,7
test,4,86986,125287,125287,130699,7,12,3054,3.25,7,12,2,-1000.0,0,0.0,0.0,0.0,inf,0.0,0.0,0.0,0.0,0,57,7
train,4,86986,125287,125287,130699,7,12,3054,3.25,7,12,2,592.0,16,296.0,448.0,152.0,2.9473684210526314,38.0,0.5,18.5,19.0,2,57,7
test,4,86986,125287,125287,130699,7,12,3054,3.25,7,12,2,-1000.0,0,0.0,0.0,0.0,inf,0.0,0.0,0.0,0.0,0,58,7
train,4,86986,125287,125287,130699,7,12,3054,3.25,7,12,2,592.0,16,296.0,448.0,152.0,2.9473684210526314,38.0,0.5,18.5,19.0,2,58,7
test,4,86986,125287,125287,130699,7,12,3054,3.25,7,12,2,-1000.0,0,0.0,0.0,0.0,inf,0.0,0.0,0.0,0.0,0,59,7
train,4,86986,125287,125287,130699,7,12,3054,3.25,7,12,2,592.0,16,296.0,448.0,152.0,2.9473684210526314,38.0,0.5,18.5,19.0,2,59,7
test,4,86986,125287,125287,130699,7,12,3054,3.25,7,12,2,-1000.0,0,0.0,0.0,0.0,inf,0.0,0.0,0.0,0.0,0,60,7
train,4,86986,125287,125287,130699,7,12,3054,3.25,7,12,2,592.0,16,296.0,448.0,152.0,2.9473684210526314,38.0,0.5,18.5,19.0,2,60,7
test,4,86986,125287,125287,130699,7,12,3054,3.25,7,12,2,-1000.0,0,0.0,0.0,0.0,inf,0.0,0.0,0.0,0.0,0,61,7
train,4,86986,125287,125287,130699,7,12,3054,3.25,7,12,2,592.0,16,296.0,448.0,152.0,2.9473684210526314,38.0,0.5,18.5,19.0,2,61,7
test,4,86986,125287,125287,130699,7,12,3054,3.25,7,12,2,-1000.0,0,0.0,0.0,0.0,inf,0.0,0.0,0.0,0.0,0,62,7
train,4,86986,125287,125287,130699,7,12,3054,3.25,7,12,2,592.0,16,296.0,448.0,152.0,2.9473684210526314,38.0,0.5,18.5,19.0,2,62,7
test,4,86986,125287,125287,130699,7,12,3054,3.25,7,12,2,-1000.0,0,0.0,0.0,0.0,inf,0.0,0.0,0.0,0.0,0,63,7
train,4,86986,125287,125287,130699,7,12,3054,3.25,7,12,2,592.0,16,296.0,448.0,152.0,2.9473684210526314,38.0,0.5,18.5,19.0,2,63,7
test,4,86986,125287,125287,130699,7,12,3054,3.25,7,12,2,-1000.0,0,0.0,0.0,0.0,inf,0.0,0.0,0.0,0.0,0,64,7
train,4,86986,125287,125287,130699,7,12,3054,3.25,7,12,2,592.0,16,296.0,448.0,152.0,2.9473684210526314,38.0,0.5,18.5,19.0,2,64,7
test,4,86986,125287,125287,130699,7,12,3054,3.25,7,12,2,-1000.0,0,0.0,0.0,0.0,inf,0.0,0.0,0.0,0.0,0,65,7
train,4,86986,125287,125287,130699,7,12,3054,3.25,7,12,2,592.0,16,296.0,448.0,152.0,2.9473684210526314,38.0,0.5,18.5,19.0,2,65,7
test,4,86986,125287,125287,130699,7,12,3054,3.25,7,12,2,-1000.0,0,0.0,0.0,0.0,inf,0.0,0.0,0.0,0.0,0,66,7
train,4,86986,125287,125287,130699,7,12,3054,3.25,7,12,2,592.0,16,296.0,448.0,152.0,2.9473684210526314,38.0,0.5,18.5,19.0,2,66,7
test,4,86986,125287,125287,130699,7,12,3054,3.25,7,12,2,-1000.0,0,0.0,0.0,0.0,inf,0.0,0.0,0.0,0.0,0,67,7
train,4,86986,125287,125287,130699,7,12,3054,3.25,7,12,2,592.0,16,296.0,448.0,152.0,2.9473684210526314,38.0,0.5,18.5,19.0,2,67,7
test,4,86986,125287,125287,130699,7,12,3054,3.25,7,12,2,-1000.0,0,0.0,0.0,0.0,inf,0.0,0.0,0.0,0.0,0,68,7
train,4,86986,125287,125287,130699,7,12,3054,3.25,7,12,2,592.0,16,296.0,448.0,152.0,2.9473684210526314,38.0,0.5,18.5,19.0,2,68,7
test,4,86986,125287,125287,130699,7,12,3054,3.25,7,12,2,-1000.0,0,0.0,0.0,0.0,inf,0.0,0.0,0.0,0.0,0,69,7
train,4,86986,125287,125287,130699,7,12,3054,3.25,7,12,2,592.0,16,296.0,448.0,152.0,2.9473684210526314,38.0,0.5,18.5,19.0,2,69,7
test,4,86986,125287,125287,130699,7,12,3054,3.25,7,12,2,-1000.0,0,0.0,0.0,0.0,inf,0.0,0.0,0.0,0.0,0,70,7
train,4,86986,125287,125287,130699,7,12,3054,3.25,7,12,2,592.0,16,296.0,448.0,152.0,2.9473684210526314,38.0,0.5,18.5,19.0,2,70,7
test,4,86986,125287,125287,130699,7,12,3054,3.25,7,12,2,-1000.0,0,0.0,0.0,0.0,inf,0.0,0.0,0.0,0.0,0,71,7
train,4,86986,125287,125287,130699,7,12,3054,3.25,7,12,2,592.0,16,296.0,448.0,152.0,2.9473684210526314,38.0,0.5,18.5,19.0,2,71,7
test,4,86986,125287,125287,130699,7,12,3054,3.25,7,12,2,-1000.0,0,0.0,0.0,0.0,inf,0.0,0.0,0.0,0.0,0,72,7
train,4,86986,125287,125287,130699,7,12,3054,3.25,7,12,2,592.0,16,296.0,448.0,152.0,2.9473684210526314,38.0,0.5,18.5,19.0,2,72,7
test,4,86986,125287,125287,130699,7,12,3054,3.25,7,12,2,-1000.0,0,0.0,0.0,0.0,inf,0.0,0.0,0.0,0.0,0,73,7
train,4,86986,125287,125287,130699,7,12,3054,3.25,7,12,2,592.0,16,296.0,448.0,152.0,2.9473684210526314,38.0,0.5,18.5,19.0,2,73,7
test,4,86986,125287,125287,130699,7,12,3054,3.25,7,12,2,-1000.0,0,0.0,0.0,0.0,inf,0.0,0.0,0.0,0.0,0,74,7
train,4,86986,125287,125287,130699,7,12,3054,3.25,7,12,2,592.0,16,296.0,448.0,152.0,2.9473684210526314,38.0,0.5,18.5,19.0,2,74,7
test,4,86986,125287,125287,130699,7,12,3054,3.25,7,12,2,-1000.0,0,0.0,0.0,0.0,inf,0.0,0.0,0.0,0.0,0,75,7
train,4,86986,125287,125287,130699,7,12,3054,3.25,7,12,2,592.0,16,296.0,448.0,152.0,2.9473684210526314,38.0,0.5,18.5,19.0,2,75,7
test,4,86986,125287,125287,130699,7,12,3054,3.25,7,12,2,-1000.0,0,0.0,0.0,0.0,inf,0.0,0.0,0.0,0.0,0,76,7
train,4,86986,125287,125287,130699,7,12,3054,3.25,7,12,2,592.0,16,296.0,448.0,152.0,2.9473684210526314,38.0,0.5,18.5,19.0,2,76,7
test,4,86986,125287,125287,130699,7,12,3054,3.25,7,12,2,-1000.0,0,0.0,0.0,0.0,inf,0.0,0.0,0.0,0.0,0,77,7
train,4,86986,125287,125287,130699,7,12,3054,3.25,7,12,2,592.0,16,296.0,448.0,152.0,2.9473684210526314,38.0,0.5,18.5,19.0,2,77,7
test,4,86986,125287,125287,130699,7,12,3054,3.25,7,12,2,-1000.0,0,0.0,0.0,0.0,inf,0.0,0.0,0.0,0.0,0,78,7
train,4,86986,125287,125287,130699,7,12,3054,3.25,7,12,2,592.0,16,296.0,448.0,152.0,2.9473684210526314,38.0,0.5,18.5,19.0,2,78,7
test,4,86986,125287,125287,130699,7,12,3054,3.25,7,12,2,-1000.0,0,0.0,0.0,0.0,inf,0.0,0.0,0.0,0.0,0,79,7
train,4,86986,125287,125287,130699,7,12,3054,3.25,7,12,2,592.0,16,296.0,448.0,152.0,2.9473684210526314,38.0,0.5,18.5,19.0,2,79,7
test,4,86986,125287,125287,130699,7,12,3054,3.25,7,12,2,-1000.0,0,0.0,0.0,0.0,inf,0.0,0.0,0.0,0.0,0,80,7
train,4,86986,125287,125287,130699,7,12,3054,3.25,7,12,2,592.0,16,296.0,448.0,152.0,2.9473684210526314,38.0,0.5,18.5,19.0,2,80,7
test,4,86986,125287,125287,130699,7,12,3054,3.25,7,12,2,-1000.0,0,0.0,0.0,0.0,inf,0.0,0.0,0.0,0.0,0,81,7
train,4,86986,125287,125287,130699,7,12,3054,3.25,7,12,2,592.0,16,296.0,448.0,152.0,2.9473684210526314,38.0,0.5,18.5,19.0,2,81,7
test,4,86986,125287,125287,130699,7,12,3054,3.25,7,12,2,-1000.0,0,0.0,0.0,0.0,inf,0.0,0.0,0.0,0.0,0,82,7
train,4,86986,125287,125287,130699,7,12,3054,3.25,7,12,2,592.0,16,296.0,448.0,152.0,2.9473684210526314,38.0,0.5,18.5,19.0,2,82,7
test,4,86986,125287,125287,130699,7,12,3054,3.25,7,12,2,-1000.0,0,0.0,0.0,0.0,inf,0.0,0.0,0.0,0.0,0,83,7
train,4,86986,125287,125287,130699,7,12,3054,3.25,7,12,2,592.0,16,296.0,448.0,152.0,2.9473684210526314,38.0,0.5,18.5,19.0,2,83,7
test,4,86986,125287,125287,130699,7,12,3054,3.25,7,12,2,-1000.0,0,0.0,0.0,0.0,inf,0.0,0.0,0.0,0.0,0,84,7
train,4,86986,125287,125287,130699,7,12,3054,3.25,7,12,2,592.0,16,296.0,448.0,152.0,2.9473684210526314,38.0,0.5,18.5,19.0,2,84,7
test,4,86986,125287,125287,130699,7,12,3054,3.25,7,12,2,-1000.0,0,0.0,0.0,0.0,inf,0.0,0.0,0.0,0.0,0,85,7
train,4,86986,125287,125287,130699,7,12,3054,3.25,7,12,2,592.0,16,296.0,448.0,152.0,2.9473684210526314,38.0,0.5,18.5,19.0,2,85,7
test,4,86986,125287,125287,130699,7,12,3054,3.25,7,12,2,-1000.0,0,0.0,0.0,0.0,inf,0.0,0.0,0.0,0.0,0,86,7
train,4,86986,125287,125287,130699,7,12,3054,3.25,7,12,2,592.0,16,296.0,448.0,152.0,2.9473684210526314,38.0,0.5,18.5,19.0,2,86,7
test,4,86986,125287,125287,130699,7,12,3054,3.25,7,12,2,-1000.0,0,0.0,0.0,0.0,inf,0.0,0.0,0.0,0.0,0,87,7
train,4,86986,125287,125287,130699,7,12,3054,3.25,7,12,2,592.0,16,296.0,448.0,152.0,2.9473684210526314,38.0,0.5,18.5,19.0,2,87,7
test,4,86986,125287,125287,130699,7,12,3054,3.25,7,12,2,-1000.0,0,0.0,0.0,0.0,inf,0.0,0.0,0.0,0.0,0,88,7
train,4,86986,125287,125287,130699,7,12,3054,3.25,7,12,2,592.0,16,296.0,448.0,152.0,2.9473684210526314,38.0,0.5,18.5,19.0,2,88,7
test,4,86986,125287,125287,130699,7,12,3054,3.25,7,12,2,-1000.0,0,0.0,0.0,0.0,inf,0.0,0.0,0.0,0.0,0,89,7
train,4,86986,125287,125287,130699,7,12,3054,3.25,7,12,2,592.0,16,296.0,448.0,152.0,2.9473684210526314,38.0,0.5,18.5,19.0,2,89,7
test,4,86986,125287,125287,130699,7,12,3054,3.25,7,12,2,-1000.0,0,0.0,0.0,0.0,inf,0.0,0.0,0.0,0.0,0,90,7
train,4,86986,125287,125287,130699,7,12,3054,3.25,7,12,2,592.0,16,296.0,448.0,152.0,2.9473684210526314,38.0,0.5,18.5,19.0,2,90,7
test,4,86986,125287,125287,130699,7,12,3054,3.25,7,12,2,-1000.0,0,0.0,0.0,0.0,inf,0.0,0.0,0.0,0.0,0,91,7
train,4,86986,125287,125287,130699,7,12,3054,3.25,7,12,2,592.0,16,296.0,448.0,152.0,2.9473684210526314,38.0,0.5,18.5,19.0,2,91,7
test,4,86986,125287,125287,130699,7,12,3054,3.25,7,12,2,-1000.0,0,0.0,0.0,0.0,inf,0.0,0.0,0.0,0.0,0,92,7
train,4,86986,125287,125287,130699,7,12,3054,3.25,7,12,2,592.0,16,296.0,448.0,152.0,2.9473684210526314,38.0,0.5,18.5,19.0,2,92,7
test,4,86986,125287,125287,130699,7,12,3054,3.25,7,12,2,-1000.0,0,0.0,0.0,0.0,inf,0.0,0.0,0.0,0.0,0,93,7
train,4,86986,125287,125287,130699,7,12,3054,3.25,7,12,2,592.0,16,296.0,448.0,152.0,2.9473684210526314,38.0,0.5,18.5,19.0,2,93,7
test,4,86986,125287,125287,130699,7,12,3054,3.25,7,12,2,-1000.0,0,0.0,0.0,0.0,inf,0.0,0.0,0.0,0.0,0,94,7
train,4,86986,125287,125287,130699,7,12,3054,3.25,7,12,2,592.0,16,296.0,448.0,152.0,2.9473684210526314,38.0,0.5,18.5,19.0,2,94,7
test,4,86986,125287,125287,130699,7,12,3054,3.25,7,12,2,-1000.0,0,0.0,0.0,0.0,inf,0.0,0.0,0.0,0.0,0,95,7
train,4,86986,125287,125287,130699,7,12,3054,3.25,7,12,2,592.0,16,296.0,448.0,152.0,2.9473684210526314,38.0,0.5,18.5,19.0,2,95,7
test,4,86986,125287,125287,130699,7,12,3054,3.25,7,12,2,-1000.0,0,0.0,0.0,0.0,inf,0.0,0.0,0.0,0.0,0,96,7
train,4,86986,125287,125287,130699,7,12,3054,3.25,7,12,2,592.0,16,296.0,448.0,152.0,2.9473684210526314,38.0,0.5,18.5,19.0,2,96,7
test,4,86986,125287,125287,130699,7,12,3054,3.25,7,12,2,-1000.0,0,0.0,0.0,0.0,inf,0.0,0.0,0.0,0.0,0,97,7
train,4,86986,125287,125287,130699,7,12,3054,3.25,7,12,2,592.0,16,296.0,448.0,152.0,2.9473684210526314,38.0,0.5,18.5,19.0,2,97,7
test,4,86986,125287,125287,130699,7,12,3054,3.25,7,12,2,-1000.0,0,0.0,0.0,0.0,inf,0.0,0.0,0.0,0.0,0,98,7
train,4,86986,125287,125287,130699,7,12,3054,3.25,7,12,2,592.0,16,296.0,448.0,152.0,2.9473684210526314,38.0,0.5,18.5,19.0,2,98,7
test,4,86986,125287,125287,130699,7,12,3054,3.25,7,12,2,-1000.0,0,0.0,0.0,0.0,inf,0.0,0.0,0.0,0.0,0,99,7
train,4,86986,125287,125287,130699,7,12,3054,3.25,7,12,2,592.0,16,296.0,448.0,152.0,2.9473684210526314,38.0,0.5,18.5,19.0,2,99,7
test,4,86986,125287,125287,130699,7,12,3054,3.25,7,12,2,-1000.0,0,0.0,0.0,0.0,inf,0.0,0.0,0.0,0.0,0,100,7
train,4,86986,125287,125287,130699,7,12,3054,3.25,7,12,2,592.0,16,296.0,448.0,152.0,2.9473684210526314,38.0,0.5,18.5,19.0,2,100,7
