dataset_type,window_id,train_start,train_end,test_start,test_end,generation,min_impulse_candles,max_duration_ms,diagonal_imbalance_ratio_threshold,min_imbalance_count,take_profit_ticks,stop_loss_ticks,fitness,number_of_trades,net_profit,gross_profit,gross_loss,profit_factor,max_drawdown,win_rate,expectancy,biggest_loss,longest_losing_streak,walk_forward_type,fitness_function,train_size,repetition,analysis_generation,selected_generation
test,1,0,22406,22406,53560,0,8,2034,6.0,5,7,7,-313.0495168499706,20,-280.0,248.0,528.0,0.4696969696969697,347.0,0.4,-14.0,44.0,4,expanding,losing_streak_fitness,expanding,rep_1,0,0
train,1,0,22406,22406,53560,0,8,2034,6.0,5,7,7,-54.899339704590254,7,-83.0,93.0,176.0,0.5284090909090909,176.0,0.4285714285714285,-11.857142857142858,44.0,4,expanding,losing_streak_fitness,expanding,rep_1,0,0
test,1,0,22406,22406,53560,0,8,2034,6.0,5,7,7,-313.0495168499706,20,-280.0,248.0,528.0,0.4696969696969697,347.0,0.4,-14.0,44.0,4,expanding,losing_streak_fitness,expanding,rep_1,1,0
train,1,0,22406,22406,53560,0,8,2034,6.0,5,7,7,-54.899339704590254,7,-83.0,93.0,176.0,0.5284090909090909,176.0,0.4285714285714285,-11.857142857142858,44.0,4,expanding,losing_streak_fitness,expanding,rep_1,1,0
test,1,0,22406,22406,53560,2,4,1694,8.75,4,8,9,-1038.5984402068011,32,-918.0,324.0,1242.0,0.2608695652173913,918.0,0.28125,-28.6875,54.0,5,expanding,losing_streak_fitness,expanding,rep_1,2,2
train,1,0,22406,22406,53560,2,4,1694,8.75,4,8,9,81.0,9,54.0,216.0,162.0,1.3333333333333333,108.0,0.6666666666666666,6.0,54.0,2,expanding,losing_streak_fitness,expanding,rep_1,2,2
test,1,0,22406,22406,53560,2,4,1694,8.75,4,8,9,-1038.5984402068011,32,-918.0,324.0,1242.0,0.2608695652173913,918.0,0.28125,-28.6875,54.0,5,expanding,losing_streak_fitness,expanding,rep_1,3,2
train,1,0,22406,22406,53560,2,4,1694,8.75,4,8,9,81.0,9,54.0,216.0,162.0,1.3333333333333333,108.0,0.6666666666666666,6.0,54.0,2,expanding,losing_streak_fitness,expanding,rep_1,3,2
test,1,0,22406,22406,53560,4,6,565,4.25,4,8,5,-327.7002898991699,47,-478.0,576.0,1054.0,0.5464895635673624,552.0,0.3404255319148936,-10.170212765957446,34.0,10,expanding,losing_streak_fitness,expanding,rep_1,4,4
train,1,0,22406,22406,53560,4,6,565,4.25,4,8,5,100.62305898749054,20,90.0,396.0,306.0,1.2941176470588236,136.0,0.55,4.5,34.0,4,expanding,losing_streak_fitness,expanding,rep_1,4,4
test,1,0,22406,22406,53560,4,6,565,4.25,4,8,5,-327.7002898991699,47,-478.0,576.0,1054.0,0.5464895635673624,552.0,0.3404255319148936,-10.170212765957446,34.0,10,expanding,losing_streak_fitness,expanding,rep_1,5,4
train,1,0,22406,22406,53560,4,6,565,4.25,4,8,5,100.62305898749054,20,90.0,396.0,306.0,1.2941176470588236,136.0,0.55,4.5,34.0,4,expanding,losing_streak_fitness,expanding,rep_1,5,4
test,1,0,22406,22406,53560,6,6,1308,8.75,4,8,7,-475.0,25,-380.0,324.0,704.0,0.4602272727272727,380.0,0.36,-15.2,44.0,4,expanding,losing_streak_fitness,expanding,rep_1,6,6
train,1,0,22406,22406,53560,6,6,1308,8.75,4,8,7,137.17142559585795,6,56.0,144.0,88.0,1.6363636363636365,44.0,0.6666666666666666,9.333333333333334,44.0,1,expanding,losing_streak_fitness,expanding,rep_1,6,6
test,1,0,22406,22406,53560,6,6,1308,8.75,4,8,7,-475.0,25,-380.0,324.0,704.0,0.4602272727272727,380.0,0.36,-15.2,44.0,4,expanding,losing_streak_fitness,expanding,rep_1,7,6
train,1,0,22406,22406,53560,6,6,1308,8.75,4,8,7,137.17142559585795,6,56.0,144.0,88.0,1.6363636363636365,44.0,0.6666666666666666,9.333333333333334,44.0,1,expanding,losing_streak_fitness,expanding,rep_1,7,6
test,1,0,22406,22406,53560,6,6,1308,8.75,4,8,7,-475.0,25,-380.0,324.0,704.0,0.4602272727272727,380.0,0.36,-15.2,44.0,4,expanding,losing_streak_fitness,expanding,rep_1,8,6
train,1,0,22406,22406,53560,6,6,1308,8.75,4,8,7,137.17142559585795,6,56.0,144.0,88.0,1.6363636363636365,44.0,0.6666666666666666,9.333333333333334,44.0,1,expanding,losing_streak_fitness,expanding,rep_1,8,6
test,1,0,22406,22406,53560,9,6,565,7.0,4,8,3,-76.1976377586602,28,-72.0,360.0,432.0,0.8333333333333334,144.0,0.3571428571428571,-2.571428571428572,24.0,5,expanding,losing_streak_fitness,expanding,rep_1,9,9
train,1,0,22406,22406,53560,9,6,565,7.0,4,8,3,159.1979899370592,11,96.0,216.0,120.0,1.8,48.0,0.5454545454545454,8.727272727272727,24.0,2,expanding,losing_streak_fitness,expanding,rep_1,9,9
test,1,0,22406,22406,53560,9,6,565,7.0,4,8,3,-76.1976377586602,28,-72.0,360.0,432.0,0.8333333333333334,144.0,0.3571428571428571,-2.571428571428572,24.0,5,expanding,losing_streak_fitness,expanding,rep_1,10,9
train,1,0,22406,22406,53560,9,6,565,7.0,4,8,3,159.1979899370592,11,96.0,216.0,120.0,1.8,48.0,0.5454545454545454,8.727272727272727,24.0,2,expanding,losing_streak_fitness,expanding,rep_1,10,9
test,1,0,22406,22406,53560,9,6,565,7.0,4,8,3,-76.1976377586602,28,-72.0,360.0,432.0,0.8333333333333334,144.0,0.3571428571428571,-2.571428571428572,24.0,5,expanding,losing_streak_fitness,expanding,rep_1,11,9
train,1,0,22406,22406,53560,9,6,565,7.0,4,8,3,159.1979899370592,11,96.0,216.0,120.0,1.8,48.0,0.5454545454545454,8.727272727272727,24.0,2,expanding,losing_streak_fitness,expanding,rep_1,11,9
test,1,0,22406,22406,53560,12,6,565,7.0,4,8,2,19.04940943966505,28,18.0,360.0,342.0,1.0526315789473684,95.0,0.3571428571428571,0.6428571428571429,19.0,5,expanding,losing_streak_fitness,expanding,rep_1,12,12
train,1,0,22406,22406,53560,12,6,565,7.0,4,8,2,200.65579981650168,11,121.0,216.0,95.0,2.273684210526316,38.0,0.5454545454545454,11.0,19.0,2,expanding,losing_streak_fitness,expanding,rep_1,12,12
test,1,0,22406,22406,53560,12,6,565,7.0,4,8,2,19.04940943966505,28,18.0,360.0,342.0,1.0526315789473684,95.0,0.3571428571428571,0.6428571428571429,19.0,5,expanding,losing_streak_fitness,expanding,rep_1,13,12
train,1,0,22406,22406,53560,12,6,565,7.0,4,8,2,200.65579981650168,11,121.0,216.0,95.0,2.273684210526316,38.0,0.5454545454545454,11.0,19.0,2,expanding,losing_streak_fitness,expanding,rep_1,13,12
test,1,0,22406,22406,53560,14,5,565,7.0,4,8,3,-177.4823934929885,35,-180.0,396.0,576.0,0.6875,288.0,0.3142857142857143,-5.142857142857143,24.0,6,expanding,losing_streak_fitness,expanding,rep_1,14,14
train,1,0,22406,22406,53560,14,5,565,7.0,4,8,3,228.63070659909175,12,132.0,252.0,120.0,2.1,60.0,0.5833333333333334,11.0,24.0,2,expanding,losing_streak_fitness,expanding,rep_1,14,14
test,1,0,22406,22406,53560,15,5,565,7.0,4,8,2,-59.16079783099616,35,-60.0,396.0,456.0,0.868421052631579,181.0,0.3142857142857143,-1.7142857142857142,19.0,6,expanding,losing_streak_fitness,expanding,rep_1,15,15
train,1,0,22406,22406,53560,15,5,565,7.0,4,8,2,271.9319767883137,12,157.0,252.0,95.0,2.652631578947368,40.0,0.5833333333333334,13.083333333333334,19.0,2,expanding,losing_streak_fitness,expanding,rep_1,15,15
test,1,0,22406,22406,53560,16,5,565,7.0,4,9,3,-123.25166214790868,35,-125.0,451.0,576.0,0.7829861111111112,251.0,0.3142857142857143,-3.571428571428572,24.0,6,expanding,losing_streak_fitness,expanding,rep_1,16,16
train,1,0,22406,22406,53560,16,5,565,7.0,4,9,3,289.2524848640025,12,167.0,287.0,120.0,2.3916666666666666,55.0,0.5833333333333334,13.916666666666666,24.0,2,expanding,losing_streak_fitness,expanding,rep_1,16,16
test,1,0,22406,22406,53560,16,5,565,7.0,4,9,3,-123.25166214790868,35,-125.0,451.0,576.0,0.7829861111111112,251.0,0.3142857142857143,-3.571428571428572,24.0,6,expanding,losing_streak_fitness,expanding,rep_1,17,16
train,1,0,22406,22406,53560,16,5,565,7.0,4,9,3,289.2524848640025,12,167.0,287.0,120.0,2.3916666666666666,55.0,0.5833333333333334,13.916666666666666,24.0,2,expanding,losing_streak_fitness,expanding,rep_1,17,16
test,1,0,22406,22406,53560,18,5,565,7.25,4,9,2,-4.930066485916346,35,-5.0,451.0,456.0,0.9890350877192984,162.0,0.3142857142857143,-0.1428571428571428,19.0,6,expanding,losing_streak_fitness,expanding,rep_1,18,18
train,1,0,22406,22406,53560,18,5,565,7.25,4,9,2,332.55375505322445,12,192.0,287.0,95.0,3.0210526315789474,38.0,0.5833333333333334,16.0,19.0,2,expanding,losing_streak_fitness,expanding,rep_1,18,18
test,1,0,22406,22406,53560,18,5,565,7.25,4,9,2,-4.930066485916346,35,-5.0,451.0,456.0,0.9890350877192984,162.0,0.3142857142857143,-0.1428571428571428,19.0,6,expanding,losing_streak_fitness,expanding,rep_1,19,18
train,1,0,22406,22406,53560,18,5,565,7.25,4,9,2,332.55375505322445,12,192.0,287.0,95.0,3.0210526315789474,38.0,0.5833333333333334,16.0,19.0,2,expanding,losing_streak_fitness,expanding,rep_1,19,18
test,1,0,22406,22406,53560,18,5,565,7.25,4,9,2,-4.930066485916346,35,-5.0,451.0,456.0,0.9890350877192984,162.0,0.3142857142857143,-0.1428571428571428,19.0,6,expanding,losing_streak_fitness,expanding,rep_1,20,18
train,1,0,22406,22406,53560,18,5,565,7.25,4,9,2,332.55375505322445,12,192.0,287.0,95.0,3.0210526315789474,38.0,0.5833333333333334,16.0,19.0,2,expanding,losing_streak_fitness,expanding,rep_1,20,18
test,1,0,22406,22406,53560,18,5,565,7.25,4,9,2,-4.930066485916346,35,-5.0,451.0,456.0,0.9890350877192984,162.0,0.3142857142857143,-0.1428571428571428,19.0,6,expanding,losing_streak_fitness,expanding,rep_1,21,18
train,1,0,22406,22406,53560,18,5,565,7.25,4,9,2,332.55375505322445,12,192.0,287.0,95.0,3.0210526315789474,38.0,0.5833333333333334,16.0,19.0,2,expanding,losing_streak_fitness,expanding,rep_1,21,18
test,1,0,22406,22406,53560,18,5,565,7.25,4,9,2,-4.930066485916346,35,-5.0,451.0,456.0,0.9890350877192984,162.0,0.3142857142857143,-0.1428571428571428,19.0,6,expanding,losing_streak_fitness,expanding,rep_1,22,18
train,1,0,22406,22406,53560,18,5,565,7.25,4,9,2,332.55375505322445,12,192.0,287.0,95.0,3.0210526315789474,38.0,0.5833333333333334,16.0,19.0,2,expanding,losing_streak_fitness,expanding,rep_1,22,18
test,1,0,22406,22406,53560,18,5,565,7.25,4,9,2,-4.930066485916346,35,-5.0,451.0,456.0,0.9890350877192984,162.0,0.3142857142857143,-0.1428571428571428,19.0,6,expanding,losing_streak_fitness,expanding,rep_1,23,18
train,1,0,22406,22406,53560,18,5,565,7.25,4,9,2,332.55375505322445,12,192.0,287.0,95.0,3.0210526315789474,38.0,0.5833333333333334,16.0,19.0,2,expanding,losing_streak_fitness,expanding,rep_1,23,18
test,1,0,22406,22406,53560,18,5,565,7.25,4,9,2,-4.930066485916346,35,-5.0,451.0,456.0,0.9890350877192984,162.0,0.3142857142857143,-0.1428571428571428,19.0,6,expanding,losing_streak_fitness,expanding,rep_1,24,18
train,1,0,22406,22406,53560,18,5,565,7.25,4,9,2,332.55375505322445,12,192.0,287.0,95.0,3.0210526315789474,38.0,0.5833333333333334,16.0,19.0,2,expanding,losing_streak_fitness,expanding,rep_1,24,18
test,1,0,22406,22406,53560,18,5,565,7.25,4,9,2,-4.930066485916346,35,-5.0,451.0,456.0,0.9890350877192984,162.0,0.3142857142857143,-0.1428571428571428,19.0,6,expanding,losing_streak_fitness,expanding,rep_1,25,18
train,1,0,22406,22406,53560,18,5,565,7.25,4,9,2,332.55375505322445,12,192.0,287.0,95.0,3.0210526315789474,38.0,0.5833333333333334,16.0,19.0,2,expanding,losing_streak_fitness,expanding,rep_1,25,18
test,1,0,22406,22406,53560,18,5,565,7.25,4,9,2,-4.930066485916346,35,-5.0,451.0,456.0,0.9890350877192984,162.0,0.3142857142857143,-0.1428571428571428,19.0,6,expanding,losing_streak_fitness,expanding,rep_1,26,18
train,1,0,22406,22406,53560,18,5,565,7.25,4,9,2,332.55375505322445,12,192.0,287.0,95.0,3.0210526315789474,38.0,0.5833333333333334,16.0,19.0,2,expanding,losing_streak_fitness,expanding,rep_1,26,18
test,1,0,22406,22406,53560,18,5,565,7.25,4,9,2,-4.930066485916346,35,-5.0,451.0,456.0,0.9890350877192984,162.0,0.3142857142857143,-0.1428571428571428,19.0,6,expanding,losing_streak_fitness,expanding,rep_1,27,18
train,1,0,22406,22406,53560,18,5,565,7.25,4,9,2,332.55375505322445,12,192.0,287.0,95.0,3.0210526315789474,38.0,0.5833333333333334,16.0,19.0,2,expanding,losing_streak_fitness,expanding,rep_1,27,18
test,1,0,22406,22406,53560,18,5,565,7.25,4,9,2,-4.930066485916346,35,-5.0,451.0,456.0,0.9890350877192984,162.0,0.3142857142857143,-0.1428571428571428,19.0,6,expanding,losing_streak_fitness,expanding,rep_1,28,18
train,1,0,22406,22406,53560,18,5,565,7.25,4,9,2,332.55375505322445,12,192.0,287.0,95.0,3.0210526315789474,38.0,0.5833333333333334,16.0,19.0,2,expanding,losing_streak_fitness,expanding,rep_1,28,18
test,1,0,22406,22406,53560,18,5,565,7.25,4,9,2,-4.930066485916346,35,-5.0,451.0,456.0,0.9890350877192984,162.0,0.3142857142857143,-0.1428571428571428,19.0,6,expanding,losing_streak_fitness,expanding,rep_1,29,18
train,1,0,22406,22406,53560,18,5,565,7.25,4,9,2,332.55375505322445,12,192.0,287.0,95.0,3.0210526315789474,38.0,0.5833333333333334,16.0,19.0,2,expanding,losing_streak_fitness,expanding,rep_1,29,18
test,1,0,22406,22406,53560,18,5,565,7.25,4,9,2,-4.930066485916346,35,-5.0,451.0,456.0,0.9890350877192984,162.0,0.3142857142857143,-0.1428571428571428,19.0,6,expanding,losing_streak_fitness,expanding,rep_1,30,18
train,1,0,22406,22406,53560,18,5,565,7.25,4,9,2,332.55375505322445,12,192.0,287.0,95.0,3.0210526315789474,38.0,0.5833333333333334,16.0,19.0,2,expanding,losing_streak_fitness,expanding,rep_1,30,18
test,1,0,22406,22406,53560,18,5,565,7.25,4,9,2,-4.930066485916346,35,-5.0,451.0,456.0,0.9890350877192984,162.0,0.3142857142857143,-0.1428571428571428,19.0,6,expanding,losing_streak_fitness,expanding,rep_1,31,18
train,1,0,22406,22406,53560,18,5,565,7.25,4,9,2,332.55375505322445,12,192.0,287.0,95.0,3.0210526315789474,38.0,0.5833333333333334,16.0,19.0,2,expanding,losing_streak_fitness,expanding,rep_1,31,18
test,1,0,22406,22406,53560,18,5,565,7.25,4,9,2,-4.930066485916346,35,-5.0,451.0,456.0,0.9890350877192984,162.0,0.3142857142857143,-0.1428571428571428,19.0,6,expanding,losing_streak_fitness,expanding,rep_1,32,18
train,1,0,22406,22406,53560,18,5,565,7.25,4,9,2,332.55375505322445,12,192.0,287.0,95.0,3.0210526315789474,38.0,0.5833333333333334,16.0,19.0,2,expanding,losing_streak_fitness,expanding,rep_1,32,18
test,1,0,22406,22406,53560,18,5,565,7.25,4,9,2,-4.930066485916346,35,-5.0,451.0,456.0,0.9890350877192984,162.0,0.3142857142857143,-0.1428571428571428,19.0,6,expanding,losing_streak_fitness,expanding,rep_1,33,18
train,1,0,22406,22406,53560,18,5,565,7.25,4,9,2,332.55375505322445,12,192.0,287.0,95.0,3.0210526315789474,38.0,0.5833333333333334,16.0,19.0,2,expanding,losing_streak_fitness,expanding,rep_1,33,18
test,1,0,22406,22406,53560,18,5,565,7.25,4,9,2,-4.930066485916346,35,-5.0,451.0,456.0,0.9890350877192984,162.0,0.3142857142857143,-0.1428571428571428,19.0,6,expanding,losing_streak_fitness,expanding,rep_1,34,18
train,1,0,22406,22406,53560,18,5,565,7.25,4,9,2,332.55375505322445,12,192.0,287.0,95.0,3.0210526315789474,38.0,0.5833333333333334,16.0,19.0,2,expanding,losing_streak_fitness,expanding,rep_1,34,18
test,1,0,22406,22406,53560,18,5,565,7.25,4,9,2,-4.930066485916346,35,-5.0,451.0,456.0,0.9890350877192984,162.0,0.3142857142857143,-0.1428571428571428,19.0,6,expanding,losing_streak_fitness,expanding,rep_1,35,18
train,1,0,22406,22406,53560,18,5,565,7.25,4,9,2,332.55375505322445,12,192.0,287.0,95.0,3.0210526315789474,38.0,0.5833333333333334,16.0,19.0,2,expanding,losing_streak_fitness,expanding,rep_1,35,18
test,1,0,22406,22406,53560,18,5,565,7.25,4,9,2,-4.930066485916346,35,-5.0,451.0,456.0,0.9890350877192984,162.0,0.3142857142857143,-0.1428571428571428,19.0,6,expanding,losing_streak_fitness,expanding,rep_1,36,18
train,1,0,22406,22406,53560,18,5,565,7.25,4,9,2,332.55375505322445,12,192.0,287.0,95.0,3.0210526315789474,38.0,0.5833333333333334,16.0,19.0,2,expanding,losing_streak_fitness,expanding,rep_1,36,18
test,1,0,22406,22406,53560,18,5,565,7.25,4,9,2,-4.930066485916346,35,-5.0,451.0,456.0,0.9890350877192984,162.0,0.3142857142857143,-0.1428571428571428,19.0,6,expanding,losing_streak_fitness,expanding,rep_1,37,18
train,1,0,22406,22406,53560,18,5,565,7.25,4,9,2,332.55375505322445,12,192.0,287.0,95.0,3.0210526315789474,38.0,0.5833333333333334,16.0,19.0,2,expanding,losing_streak_fitness,expanding,rep_1,37,18
test,1,0,22406,22406,53560,18,5,565,7.25,4,9,2,-4.930066485916346,35,-5.0,451.0,456.0,0.9890350877192984,162.0,0.3142857142857143,-0.1428571428571428,19.0,6,expanding,losing_streak_fitness,expanding,rep_1,38,18
train,1,0,22406,22406,53560,18,5,565,7.25,4,9,2,332.55375505322445,12,192.0,287.0,95.0,3.0210526315789474,38.0,0.5833333333333334,16.0,19.0,2,expanding,losing_streak_fitness,expanding,rep_1,38,18
test,1,0,22406,22406,53560,18,5,565,7.25,4,9,2,-4.930066485916346,35,-5.0,451.0,456.0,0.9890350877192984,162.0,0.3142857142857143,-0.1428571428571428,19.0,6,expanding,losing_streak_fitness,expanding,rep_1,39,18
train,1,0,22406,22406,53560,18,5,565,7.25,4,9,2,332.55375505322445,12,192.0,287.0,95.0,3.0210526315789474,38.0,0.5833333333333334,16.0,19.0,2,expanding,losing_streak_fitness,expanding,rep_1,39,18
test,1,0,22406,22406,53560,18,5,565,7.25,4,9,2,-4.930066485916346,35,-5.0,451.0,456.0,0.9890350877192984,162.0,0.3142857142857143,-0.1428571428571428,19.0,6,expanding,losing_streak_fitness,expanding,rep_1,40,18
train,1,0,22406,22406,53560,18,5,565,7.25,4,9,2,332.55375505322445,12,192.0,287.0,95.0,3.0210526315789474,38.0,0.5833333333333334,16.0,19.0,2,expanding,losing_streak_fitness,expanding,rep_1,40,18
test,1,0,22406,22406,53560,18,5,565,7.25,4,9,2,-4.930066485916346,35,-5.0,451.0,456.0,0.9890350877192984,162.0,0.3142857142857143,-0.1428571428571428,19.0,6,expanding,losing_streak_fitness,expanding,rep_1,41,18
train,1,0,22406,22406,53560,18,5,565,7.25,4,9,2,332.55375505322445,12,192.0,287.0,95.0,3.0210526315789474,38.0,0.5833333333333334,16.0,19.0,2,expanding,losing_streak_fitness,expanding,rep_1,41,18
test,1,0,22406,22406,53560,18,5,565,7.25,4,9,2,-4.930066485916346,35,-5.0,451.0,456.0,0.9890350877192984,162.0,0.3142857142857143,-0.1428571428571428,19.0,6,expanding,losing_streak_fitness,expanding,rep_1,42,18
train,1,0,22406,22406,53560,18,5,565,7.25,4,9,2,332.55375505322445,12,192.0,287.0,95.0,3.0210526315789474,38.0,0.5833333333333334,16.0,19.0,2,expanding,losing_streak_fitness,expanding,rep_1,42,18
test,1,0,22406,22406,53560,18,5,565,7.25,4,9,2,-4.930066485916346,35,-5.0,451.0,456.0,0.9890350877192984,162.0,0.3142857142857143,-0.1428571428571428,19.0,6,expanding,losing_streak_fitness,expanding,rep_1,43,18
train,1,0,22406,22406,53560,18,5,565,7.25,4,9,2,332.55375505322445,12,192.0,287.0,95.0,3.0210526315789474,38.0,0.5833333333333334,16.0,19.0,2,expanding,losing_streak_fitness,expanding,rep_1,43,18
test,1,0,22406,22406,53560,18,5,565,7.25,4,9,2,-4.930066485916346,35,-5.0,451.0,456.0,0.9890350877192984,162.0,0.3142857142857143,-0.1428571428571428,19.0,6,expanding,losing_streak_fitness,expanding,rep_1,44,18
train,1,0,22406,22406,53560,18,5,565,7.25,4,9,2,332.55375505322445,12,192.0,287.0,95.0,3.0210526315789474,38.0,0.5833333333333334,16.0,19.0,2,expanding,losing_streak_fitness,expanding,rep_1,44,18
test,1,0,22406,22406,53560,18,5,565,7.25,4,9,2,-4.930066485916346,35,-5.0,451.0,456.0,0.9890350877192984,162.0,0.3142857142857143,-0.1428571428571428,19.0,6,expanding,losing_streak_fitness,expanding,rep_1,45,18
train,1,0,22406,22406,53560,18,5,565,7.25,4,9,2,332.55375505322445,12,192.0,287.0,95.0,3.0210526315789474,38.0,0.5833333333333334,16.0,19.0,2,expanding,losing_streak_fitness,expanding,rep_1,45,18
test,1,0,22406,22406,53560,18,5,565,7.25,4,9,2,-4.930066485916346,35,-5.0,451.0,456.0,0.9890350877192984,162.0,0.3142857142857143,-0.1428571428571428,19.0,6,expanding,losing_streak_fitness,expanding,rep_1,46,18
train,1,0,22406,22406,53560,18,5,565,7.25,4,9,2,332.55375505322445,12,192.0,287.0,95.0,3.0210526315789474,38.0,0.5833333333333334,16.0,19.0,2,expanding,losing_streak_fitness,expanding,rep_1,46,18
test,1,0,22406,22406,53560,18,5,565,7.25,4,9,2,-4.930066485916346,35,-5.0,451.0,456.0,0.9890350877192984,162.0,0.3142857142857143,-0.1428571428571428,19.0,6,expanding,losing_streak_fitness,expanding,rep_1,47,18
train,1,0,22406,22406,53560,18,5,565,7.25,4,9,2,332.55375505322445,12,192.0,287.0,95.0,3.0210526315789474,38.0,0.5833333333333334,16.0,19.0,2,expanding,losing_streak_fitness,expanding,rep_1,47,18
test,1,0,22406,22406,53560,18,5,565,7.25,4,9,2,-4.930066485916346,35,-5.0,451.0,456.0,0.9890350877192984,162.0,0.3142857142857143,-0.1428571428571428,19.0,6,expanding,losing_streak_fitness,expanding,rep_1,48,18
train,1,0,22406,22406,53560,18,5,565,7.25,4,9,2,332.55375505322445,12,192.0,287.0,95.0,3.0210526315789474,38.0,0.5833333333333334,16.0,19.0,2,expanding,losing_streak_fitness,expanding,rep_1,48,18
test,1,0,22406,22406,53560,18,5,565,7.25,4,9,2,-4.930066485916346,35,-5.0,451.0,456.0,0.9890350877192984,162.0,0.3142857142857143,-0.1428571428571428,19.0,6,expanding,losing_streak_fitness,expanding,rep_1,49,18
train,1,0,22406,22406,53560,18,5,565,7.25,4,9,2,332.55375505322445,12,192.0,287.0,95.0,3.0210526315789474,38.0,0.5833333333333334,16.0,19.0,2,expanding,losing_streak_fitness,expanding,rep_1,49,18
test,1,0,22406,22406,53560,18,5,565,7.25,4,9,2,-4.930066485916346,35,-5.0,451.0,456.0,0.9890350877192984,162.0,0.3142857142857143,-0.1428571428571428,19.0,6,expanding,losing_streak_fitness,expanding,rep_1,50,18
train,1,0,22406,22406,53560,18,5,565,7.25,4,9,2,332.55375505322445,12,192.0,287.0,95.0,3.0210526315789474,38.0,0.5833333333333334,16.0,19.0,2,expanding,losing_streak_fitness,expanding,rep_1,50,18
test,1,0,22406,22406,53560,18,5,565,7.25,4,9,2,-4.930066485916346,35,-5.0,451.0,456.0,0.9890350877192984,162.0,0.3142857142857143,-0.1428571428571428,19.0,6,expanding,losing_streak_fitness,expanding,rep_1,51,18
train,1,0,22406,22406,53560,18,5,565,7.25,4,9,2,332.55375505322445,12,192.0,287.0,95.0,3.0210526315789474,38.0,0.5833333333333334,16.0,19.0,2,expanding,losing_streak_fitness,expanding,rep_1,51,18
test,1,0,22406,22406,53560,18,5,565,7.25,4,9,2,-4.930066485916346,35,-5.0,451.0,456.0,0.9890350877192984,162.0,0.3142857142857143,-0.1428571428571428,19.0,6,expanding,losing_streak_fitness,expanding,rep_1,52,18
train,1,0,22406,22406,53560,18,5,565,7.25,4,9,2,332.55375505322445,12,192.0,287.0,95.0,3.0210526315789474,38.0,0.5833333333333334,16.0,19.0,2,expanding,losing_streak_fitness,expanding,rep_1,52,18
test,1,0,22406,22406,53560,18,5,565,7.25,4,9,2,-4.930066485916346,35,-5.0,451.0,456.0,0.9890350877192984,162.0,0.3142857142857143,-0.1428571428571428,19.0,6,expanding,losing_streak_fitness,expanding,rep_1,53,18
train,1,0,22406,22406,53560,18,5,565,7.25,4,9,2,332.55375505322445,12,192.0,287.0,95.0,3.0210526315789474,38.0,0.5833333333333334,16.0,19.0,2,expanding,losing_streak_fitness,expanding,rep_1,53,18
test,1,0,22406,22406,53560,18,5,565,7.25,4,9,2,-4.930066485916346,35,-5.0,451.0,456.0,0.9890350877192984,162.0,0.3142857142857143,-0.1428571428571428,19.0,6,expanding,losing_streak_fitness,expanding,rep_1,54,18
train,1,0,22406,22406,53560,18,5,565,7.25,4,9,2,332.55375505322445,12,192.0,287.0,95.0,3.0210526315789474,38.0,0.5833333333333334,16.0,19.0,2,expanding,losing_streak_fitness,expanding,rep_1,54,18
test,1,0,22406,22406,53560,18,5,565,7.25,4,9,2,-4.930066485916346,35,-5.0,451.0,456.0,0.9890350877192984,162.0,0.3142857142857143,-0.1428571428571428,19.0,6,expanding,losing_streak_fitness,expanding,rep_1,55,18
train,1,0,22406,22406,53560,18,5,565,7.25,4,9,2,332.55375505322445,12,192.0,287.0,95.0,3.0210526315789474,38.0,0.5833333333333334,16.0,19.0,2,expanding,losing_streak_fitness,expanding,rep_1,55,18
test,1,0,22406,22406,53560,18,5,565,7.25,4,9,2,-4.930066485916346,35,-5.0,451.0,456.0,0.9890350877192984,162.0,0.3142857142857143,-0.1428571428571428,19.0,6,expanding,losing_streak_fitness,expanding,rep_1,56,18
train,1,0,22406,22406,53560,18,5,565,7.25,4,9,2,332.55375505322445,12,192.0,287.0,95.0,3.0210526315789474,38.0,0.5833333333333334,16.0,19.0,2,expanding,losing_streak_fitness,expanding,rep_1,56,18
test,1,0,22406,22406,53560,18,5,565,7.25,4,9,2,-4.930066485916346,35,-5.0,451.0,456.0,0.9890350877192984,162.0,0.3142857142857143,-0.1428571428571428,19.0,6,expanding,losing_streak_fitness,expanding,rep_1,57,18
train,1,0,22406,22406,53560,18,5,565,7.25,4,9,2,332.55375505322445,12,192.0,287.0,95.0,3.0210526315789474,38.0,0.5833333333333334,16.0,19.0,2,expanding,losing_streak_fitness,expanding,rep_1,57,18
test,1,0,22406,22406,53560,18,5,565,7.25,4,9,2,-4.930066485916346,35,-5.0,451.0,456.0,0.9890350877192984,162.0,0.3142857142857143,-0.1428571428571428,19.0,6,expanding,losing_streak_fitness,expanding,rep_1,58,18
train,1,0,22406,22406,53560,18,5,565,7.25,4,9,2,332.55375505322445,12,192.0,287.0,95.0,3.0210526315789474,38.0,0.5833333333333334,16.0,19.0,2,expanding,losing_streak_fitness,expanding,rep_1,58,18
test,1,0,22406,22406,53560,18,5,565,7.25,4,9,2,-4.930066485916346,35,-5.0,451.0,456.0,0.9890350877192984,162.0,0.3142857142857143,-0.1428571428571428,19.0,6,expanding,losing_streak_fitness,expanding,rep_1,59,18
train,1,0,22406,22406,53560,18,5,565,7.25,4,9,2,332.55375505322445,12,192.0,287.0,95.0,3.0210526315789474,38.0,0.5833333333333334,16.0,19.0,2,expanding,losing_streak_fitness,expanding,rep_1,59,18
test,1,0,22406,22406,53560,18,5,565,7.25,4,9,2,-4.930066485916346,35,-5.0,451.0,456.0,0.9890350877192984,162.0,0.3142857142857143,-0.1428571428571428,19.0,6,expanding,losing_streak_fitness,expanding,rep_1,60,18
train,1,0,22406,22406,53560,18,5,565,7.25,4,9,2,332.55375505322445,12,192.0,287.0,95.0,3.0210526315789474,38.0,0.5833333333333334,16.0,19.0,2,expanding,losing_streak_fitness,expanding,rep_1,60,18
test,1,0,22406,22406,53560,18,5,565,7.25,4,9,2,-4.930066485916346,35,-5.0,451.0,456.0,0.9890350877192984,162.0,0.3142857142857143,-0.1428571428571428,19.0,6,expanding,losing_streak_fitness,expanding,rep_1,61,18
train,1,0,22406,22406,53560,18,5,565,7.25,4,9,2,332.55375505322445,12,192.0,287.0,95.0,3.0210526315789474,38.0,0.5833333333333334,16.0,19.0,2,expanding,losing_streak_fitness,expanding,rep_1,61,18
test,1,0,22406,22406,53560,18,5,565,7.25,4,9,2,-4.930066485916346,35,-5.0,451.0,456.0,0.9890350877192984,162.0,0.3142857142857143,-0.1428571428571428,19.0,6,expanding,losing_streak_fitness,expanding,rep_1,62,18
train,1,0,22406,22406,53560,18,5,565,7.25,4,9,2,332.55375505322445,12,192.0,287.0,95.0,3.0210526315789474,38.0,0.5833333333333334,16.0,19.0,2,expanding,losing_streak_fitness,expanding,rep_1,62,18
test,1,0,22406,22406,53560,18,5,565,7.25,4,9,2,-4.930066485916346,35,-5.0,451.0,456.0,0.9890350877192984,162.0,0.3142857142857143,-0.1428571428571428,19.0,6,expanding,losing_streak_fitness,expanding,rep_1,63,18
train,1,0,22406,22406,53560,18,5,565,7.25,4,9,2,332.55375505322445,12,192.0,287.0,95.0,3.0210526315789474,38.0,0.5833333333333334,16.0,19.0,2,expanding,losing_streak_fitness,expanding,rep_1,63,18
test,1,0,22406,22406,53560,18,5,565,7.25,4,9,2,-4.930066485916346,35,-5.0,451.0,456.0,0.9890350877192984,162.0,0.3142857142857143,-0.1428571428571428,19.0,6,expanding,losing_streak_fitness,expanding,rep_1,64,18
train,1,0,22406,22406,53560,18,5,565,7.25,4,9,2,332.55375505322445,12,192.0,287.0,95.0,3.0210526315789474,38.0,0.5833333333333334,16.0,19.0,2,expanding,losing_streak_fitness,expanding,rep_1,64,18
test,1,0,22406,22406,53560,18,5,565,7.25,4,9,2,-4.930066485916346,35,-5.0,451.0,456.0,0.9890350877192984,162.0,0.3142857142857143,-0.1428571428571428,19.0,6,expanding,losing_streak_fitness,expanding,rep_1,65,18
train,1,0,22406,22406,53560,18,5,565,7.25,4,9,2,332.55375505322445,12,192.0,287.0,95.0,3.0210526315789474,38.0,0.5833333333333334,16.0,19.0,2,expanding,losing_streak_fitness,expanding,rep_1,65,18
test,1,0,22406,22406,53560,18,5,565,7.25,4,9,2,-4.930066485916346,35,-5.0,451.0,456.0,0.9890350877192984,162.0,0.3142857142857143,-0.1428571428571428,19.0,6,expanding,losing_streak_fitness,expanding,rep_1,66,18
train,1,0,22406,22406,53560,18,5,565,7.25,4,9,2,332.55375505322445,12,192.0,287.0,95.0,3.0210526315789474,38.0,0.5833333333333334,16.0,19.0,2,expanding,losing_streak_fitness,expanding,rep_1,66,18
test,1,0,22406,22406,53560,18,5,565,7.25,4,9,2,-4.930066485916346,35,-5.0,451.0,456.0,0.9890350877192984,162.0,0.3142857142857143,-0.1428571428571428,19.0,6,expanding,losing_streak_fitness,expanding,rep_1,67,18
train,1,0,22406,22406,53560,18,5,565,7.25,4,9,2,332.55375505322445,12,192.0,287.0,95.0,3.0210526315789474,38.0,0.5833333333333334,16.0,19.0,2,expanding,losing_streak_fitness,expanding,rep_1,67,18
test,1,0,22406,22406,53560,18,5,565,7.25,4,9,2,-4.930066485916346,35,-5.0,451.0,456.0,0.9890350877192984,162.0,0.3142857142857143,-0.1428571428571428,19.0,6,expanding,losing_streak_fitness,expanding,rep_1,68,18
train,1,0,22406,22406,53560,18,5,565,7.25,4,9,2,332.55375505322445,12,192.0,287.0,95.0,3.0210526315789474,38.0,0.5833333333333334,16.0,19.0,2,expanding,losing_streak_fitness,expanding,rep_1,68,18
test,1,0,22406,22406,53560,18,5,565,7.25,4,9,2,-4.930066485916346,35,-5.0,451.0,456.0,0.9890350877192984,162.0,0.3142857142857143,-0.1428571428571428,19.0,6,expanding,losing_streak_fitness,expanding,rep_1,69,18
train,1,0,22406,22406,53560,18,5,565,7.25,4,9,2,332.55375505322445,12,192.0,287.0,95.0,3.0210526315789474,38.0,0.5833333333333334,16.0,19.0,2,expanding,losing_streak_fitness,expanding,rep_1,69,18
test,1,0,22406,22406,53560,18,5,565,7.25,4,9,2,-4.930066485916346,35,-5.0,451.0,456.0,0.9890350877192984,162.0,0.3142857142857143,-0.1428571428571428,19.0,6,expanding,losing_streak_fitness,expanding,rep_1,70,18
train,1,0,22406,22406,53560,18,5,565,7.25,4,9,2,332.55375505322445,12,192.0,287.0,95.0,3.0210526315789474,38.0,0.5833333333333334,16.0,19.0,2,expanding,losing_streak_fitness,expanding,rep_1,70,18
test,1,0,22406,22406,53560,18,5,565,7.25,4,9,2,-4.930066485916346,35,-5.0,451.0,456.0,0.9890350877192984,162.0,0.3142857142857143,-0.1428571428571428,19.0,6,expanding,losing_streak_fitness,expanding,rep_1,71,18
train,1,0,22406,22406,53560,18,5,565,7.25,4,9,2,332.55375505322445,12,192.0,287.0,95.0,3.0210526315789474,38.0,0.5833333333333334,16.0,19.0,2,expanding,losing_streak_fitness,expanding,rep_1,71,18
test,1,0,22406,22406,53560,18,5,565,7.25,4,9,2,-4.930066485916346,35,-5.0,451.0,456.0,0.9890350877192984,162.0,0.3142857142857143,-0.1428571428571428,19.0,6,expanding,losing_streak_fitness,expanding,rep_1,72,18
train,1,0,22406,22406,53560,18,5,565,7.25,4,9,2,332.55375505322445,12,192.0,287.0,95.0,3.0210526315789474,38.0,0.5833333333333334,16.0,19.0,2,expanding,losing_streak_fitness,expanding,rep_1,72,18
test,1,0,22406,22406,53560,18,5,565,7.25,4,9,2,-4.930066485916346,35,-5.0,451.0,456.0,0.9890350877192984,162.0,0.3142857142857143,-0.1428571428571428,19.0,6,expanding,losing_streak_fitness,expanding,rep_1,73,18
train,1,0,22406,22406,53560,18,5,565,7.25,4,9,2,332.55375505322445,12,192.0,287.0,95.0,3.0210526315789474,38.0,0.5833333333333334,16.0,19.0,2,expanding,losing_streak_fitness,expanding,rep_1,73,18
test,1,0,22406,22406,53560,18,5,565,7.25,4,9,2,-4.930066485916346,35,-5.0,451.0,456.0,0.9890350877192984,162.0,0.3142857142857143,-0.1428571428571428,19.0,6,expanding,losing_streak_fitness,expanding,rep_1,74,18
train,1,0,22406,22406,53560,18,5,565,7.25,4,9,2,332.55375505322445,12,192.0,287.0,95.0,3.0210526315789474,38.0,0.5833333333333334,16.0,19.0,2,expanding,losing_streak_fitness,expanding,rep_1,74,18
test,1,0,22406,22406,53560,18,5,565,7.25,4,9,2,-4.930066485916346,35,-5.0,451.0,456.0,0.9890350877192984,162.0,0.3142857142857143,-0.1428571428571428,19.0,6,expanding,losing_streak_fitness,expanding,rep_1,75,18
train,1,0,22406,22406,53560,18,5,565,7.25,4,9,2,332.55375505322445,12,192.0,287.0,95.0,3.0210526315789474,38.0,0.5833333333333334,16.0,19.0,2,expanding,losing_streak_fitness,expanding,rep_1,75,18
test,1,0,22406,22406,53560,18,5,565,7.25,4,9,2,-4.930066485916346,35,-5.0,451.0,456.0,0.9890350877192984,162.0,0.3142857142857143,-0.1428571428571428,19.0,6,expanding,losing_streak_fitness,expanding,rep_1,76,18
train,1,0,22406,22406,53560,18,5,565,7.25,4,9,2,332.55375505322445,12,192.0,287.0,95.0,3.0210526315789474,38.0,0.5833333333333334,16.0,19.0,2,expanding,losing_streak_fitness,expanding,rep_1,76,18
test,1,0,22406,22406,53560,18,5,565,7.25,4,9,2,-4.930066485916346,35,-5.0,451.0,456.0,0.9890350877192984,162.0,0.3142857142857143,-0.1428571428571428,19.0,6,expanding,losing_streak_fitness,expanding,rep_1,77,18
train,1,0,22406,22406,53560,18,5,565,7.25,4,9,2,332.55375505322445,12,192.0,287.0,95.0,3.0210526315789474,38.0,0.5833333333333334,16.0,19.0,2,expanding,losing_streak_fitness,expanding,rep_1,77,18
test,1,0,22406,22406,53560,18,5,565,7.25,4,9,2,-4.930066485916346,35,-5.0,451.0,456.0,0.9890350877192984,162.0,0.3142857142857143,-0.1428571428571428,19.0,6,expanding,losing_streak_fitness,expanding,rep_1,78,18
train,1,0,22406,22406,53560,18,5,565,7.25,4,9,2,332.55375505322445,12,192.0,287.0,95.0,3.0210526315789474,38.0,0.5833333333333334,16.0,19.0,2,expanding,losing_streak_fitness,expanding,rep_1,78,18
test,1,0,22406,22406,53560,18,5,565,7.25,4,9,2,-4.930066485916346,35,-5.0,451.0,456.0,0.9890350877192984,162.0,0.3142857142857143,-0.1428571428571428,19.0,6,expanding,losing_streak_fitness,expanding,rep_1,79,18
train,1,0,22406,22406,53560,18,5,565,7.25,4,9,2,332.55375505322445,12,192.0,287.0,95.0,3.0210526315789474,38.0,0.5833333333333334,16.0,19.0,2,expanding,losing_streak_fitness,expanding,rep_1,79,18
test,1,0,22406,22406,53560,18,5,565,7.25,4,9,2,-4.930066485916346,35,-5.0,451.0,456.0,0.9890350877192984,162.0,0.3142857142857143,-0.1428571428571428,19.0,6,expanding,losing_streak_fitness,expanding,rep_1,80,18
train,1,0,22406,22406,53560,18,5,565,7.25,4,9,2,332.55375505322445,12,192.0,287.0,95.0,3.0210526315789474,38.0,0.5833333333333334,16.0,19.0,2,expanding,losing_streak_fitness,expanding,rep_1,80,18
test,1,0,22406,22406,53560,18,5,565,7.25,4,9,2,-4.930066485916346,35,-5.0,451.0,456.0,0.9890350877192984,162.0,0.3142857142857143,-0.1428571428571428,19.0,6,expanding,losing_streak_fitness,expanding,rep_1,81,18
train,1,0,22406,22406,53560,18,5,565,7.25,4,9,2,332.55375505322445,12,192.0,287.0,95.0,3.0210526315789474,38.0,0.5833333333333334,16.0,19.0,2,expanding,losing_streak_fitness,expanding,rep_1,81,18
test,1,0,22406,22406,53560,18,5,565,7.25,4,9,2,-4.930066485916346,35,-5.0,451.0,456.0,0.9890350877192984,162.0,0.3142857142857143,-0.1428571428571428,19.0,6,expanding,losing_streak_fitness,expanding,rep_1,82,18
train,1,0,22406,22406,53560,18,5,565,7.25,4,9,2,332.55375505322445,12,192.0,287.0,95.0,3.0210526315789474,38.0,0.5833333333333334,16.0,19.0,2,expanding,losing_streak_fitness,expanding,rep_1,82,18
test,1,0,22406,22406,53560,18,5,565,7.25,4,9,2,-4.930066485916346,35,-5.0,451.0,456.0,0.9890350877192984,162.0,0.3142857142857143,-0.1428571428571428,19.0,6,expanding,losing_streak_fitness,expanding,rep_1,83,18
train,1,0,22406,22406,53560,18,5,565,7.25,4,9,2,332.55375505322445,12,192.0,287.0,95.0,3.0210526315789474,38.0,0.5833333333333334,16.0,19.0,2,expanding,losing_streak_fitness,expanding,rep_1,83,18
test,1,0,22406,22406,53560,18,5,565,7.25,4,9,2,-4.930066485916346,35,-5.0,451.0,456.0,0.9890350877192984,162.0,0.3142857142857143,-0.1428571428571428,19.0,6,expanding,losing_streak_fitness,expanding,rep_1,84,18
train,1,0,22406,22406,53560,18,5,565,7.25,4,9,2,332.55375505322445,12,192.0,287.0,95.0,3.0210526315789474,38.0,0.5833333333333334,16.0,19.0,2,expanding,losing_streak_fitness,expanding,rep_1,84,18
test,1,0,22406,22406,53560,18,5,565,7.25,4,9,2,-4.930066485916346,35,-5.0,451.0,456.0,0.9890350877192984,162.0,0.3142857142857143,-0.1428571428571428,19.0,6,expanding,losing_streak_fitness,expanding,rep_1,85,18
train,1,0,22406,22406,53560,18,5,565,7.25,4,9,2,332.55375505322445,12,192.0,287.0,95.0,3.0210526315789474,38.0,0.5833333333333334,16.0,19.0,2,expanding,losing_streak_fitness,expanding,rep_1,85,18
test,1,0,22406,22406,53560,18,5,565,7.25,4,9,2,-4.930066485916346,35,-5.0,451.0,456.0,0.9890350877192984,162.0,0.3142857142857143,-0.1428571428571428,19.0,6,expanding,losing_streak_fitness,expanding,rep_1,86,18
train,1,0,22406,22406,53560,18,5,565,7.25,4,9,2,332.55375505322445,12,192.0,287.0,95.0,3.0210526315789474,38.0,0.5833333333333334,16.0,19.0,2,expanding,losing_streak_fitness,expanding,rep_1,86,18
test,1,0,22406,22406,53560,18,5,565,7.25,4,9,2,-4.930066485916346,35,-5.0,451.0,456.0,0.9890350877192984,162.0,0.3142857142857143,-0.1428571428571428,19.0,6,expanding,losing_streak_fitness,expanding,rep_1,87,18
train,1,0,22406,22406,53560,18,5,565,7.25,4,9,2,332.55375505322445,12,192.0,287.0,95.0,3.0210526315789474,38.0,0.5833333333333334,16.0,19.0,2,expanding,losing_streak_fitness,expanding,rep_1,87,18
test,1,0,22406,22406,53560,18,5,565,7.25,4,9,2,-4.930066485916346,35,-5.0,451.0,456.0,0.9890350877192984,162.0,0.3142857142857143,-0.1428571428571428,19.0,6,expanding,losing_streak_fitness,expanding,rep_1,88,18
train,1,0,22406,22406,53560,18,5,565,7.25,4,9,2,332.55375505322445,12,192.0,287.0,95.0,3.0210526315789474,38.0,0.5833333333333334,16.0,19.0,2,expanding,losing_streak_fitness,expanding,rep_1,88,18
test,1,0,22406,22406,53560,18,5,565,7.25,4,9,2,-4.930066485916346,35,-5.0,451.0,456.0,0.9890350877192984,162.0,0.3142857142857143,-0.1428571428571428,19.0,6,expanding,losing_streak_fitness,expanding,rep_1,89,18
train,1,0,22406,22406,53560,18,5,565,7.25,4,9,2,332.55375505322445,12,192.0,287.0,95.0,3.0210526315789474,38.0,0.5833333333333334,16.0,19.0,2,expanding,losing_streak_fitness,expanding,rep_1,89,18
test,1,0,22406,22406,53560,18,5,565,7.25,4,9,2,-4.930066485916346,35,-5.0,451.0,456.0,0.9890350877192984,162.0,0.3142857142857143,-0.1428571428571428,19.0,6,expanding,losing_streak_fitness,expanding,rep_1,90,18
train,1,0,22406,22406,53560,18,5,565,7.25,4,9,2,332.55375505322445,12,192.0,287.0,95.0,3.0210526315789474,38.0,0.5833333333333334,16.0,19.0,2,expanding,losing_streak_fitness,expanding,rep_1,90,18
test,1,0,22406,22406,53560,18,5,565,7.25,4,9,2,-4.930066485916346,35,-5.0,451.0,456.0,0.9890350877192984,162.0,0.3142857142857143,-0.1428571428571428,19.0,6,expanding,losing_streak_fitness,expanding,rep_1,91,18
train,1,0,22406,22406,53560,18,5,565,7.25,4,9,2,332.55375505322445,12,192.0,287.0,95.0,3.0210526315789474,38.0,0.5833333333333334,16.0,19.0,2,expanding,losing_streak_fitness,expanding,rep_1,91,18
test,1,0,22406,22406,53560,18,5,565,7.25,4,9,2,-4.930066485916346,35,-5.0,451.0,456.0,0.9890350877192984,162.0,0.3142857142857143,-0.1428571428571428,19.0,6,expanding,losing_streak_fitness,expanding,rep_1,92,18
train,1,0,22406,22406,53560,18,5,565,7.25,4,9,2,332.55375505322445,12,192.0,287.0,95.0,3.0210526315789474,38.0,0.5833333333333334,16.0,19.0,2,expanding,losing_streak_fitness,expanding,rep_1,92,18
test,1,0,22406,22406,53560,18,5,565,7.25,4,9,2,-4.930066485916346,35,-5.0,451.0,456.0,0.9890350877192984,162.0,0.3142857142857143,-0.1428571428571428,19.0,6,expanding,losing_streak_fitness,expanding,rep_1,93,18
train,1,0,22406,22406,53560,18,5,565,7.25,4,9,2,332.55375505322445,12,192.0,287.0,95.0,3.0210526315789474,38.0,0.5833333333333334,16.0,19.0,2,expanding,losing_streak_fitness,expanding,rep_1,93,18
test,1,0,22406,22406,53560,18,5,565,7.25,4,9,2,-4.930066485916346,35,-5.0,451.0,456.0,0.9890350877192984,162.0,0.3142857142857143,-0.1428571428571428,19.0,6,expanding,losing_streak_fitness,expanding,rep_1,94,18
train,1,0,22406,22406,53560,18,5,565,7.25,4,9,2,332.55375505322445,12,192.0,287.0,95.0,3.0210526315789474,38.0,0.5833333333333334,16.0,19.0,2,expanding,losing_streak_fitness,expanding,rep_1,94,18
test,1,0,22406,22406,53560,18,5,565,7.25,4,9,2,-4.930066485916346,35,-5.0,451.0,456.0,0.9890350877192984,162.0,0.3142857142857143,-0.1428571428571428,19.0,6,expanding,losing_streak_fitness,expanding,rep_1,95,18
train,1,0,22406,22406,53560,18,5,565,7.25,4,9,2,332.55375505322445,12,192.0,287.0,95.0,3.0210526315789474,38.0,0.5833333333333334,16.0,19.0,2,expanding,losing_streak_fitness,expanding,rep_1,95,18
test,1,0,22406,22406,53560,18,5,565,7.25,4,9,2,-4.930066485916346,35,-5.0,451.0,456.0,0.9890350877192984,162.0,0.3142857142857143,-0.1428571428571428,19.0,6,expanding,losing_streak_fitness,expanding,rep_1,96,18
train,1,0,22406,22406,53560,18,5,565,7.25,4,9,2,332.55375505322445,12,192.0,287.0,95.0,3.0210526315789474,38.0,0.5833333333333334,16.0,19.0,2,expanding,losing_streak_fitness,expanding,rep_1,96,18
test,1,0,22406,22406,53560,18,5,565,7.25,4,9,2,-4.930066485916346,35,-5.0,451.0,456.0,0.9890350877192984,162.0,0.3142857142857143,-0.1428571428571428,19.0,6,expanding,losing_streak_fitness,expanding,rep_1,97,18
train,1,0,22406,22406,53560,18,5,565,7.25,4,9,2,332.55375505322445,12,192.0,287.0,95.0,3.0210526315789474,38.0,0.5833333333333334,16.0,19.0,2,expanding,losing_streak_fitness,expanding,rep_1,97,18
test,1,0,22406,22406,53560,18,5,565,7.25,4,9,2,-4.930066485916346,35,-5.0,451.0,456.0,0.9890350877192984,162.0,0.3142857142857143,-0.1428571428571428,19.0,6,expanding,losing_streak_fitness,expanding,rep_1,98,18
train,1,0,22406,22406,53560,18,5,565,7.25,4,9,2,332.55375505322445,12,192.0,287.0,95.0,3.0210526315789474,38.0,0.5833333333333334,16.0,19.0,2,expanding,losing_streak_fitness,expanding,rep_1,98,18
test,1,0,22406,22406,53560,18,5,565,7.25,4,9,2,-4.930066485916346,35,-5.0,451.0,456.0,0.9890350877192984,162.0,0.3142857142857143,-0.1428571428571428,19.0,6,expanding,losing_streak_fitness,expanding,rep_1,99,18
train,1,0,22406,22406,53560,18,5,565,7.25,4,9,2,332.55375505322445,12,192.0,287.0,95.0,3.0210526315789474,38.0,0.5833333333333334,16.0,19.0,2,expanding,losing_streak_fitness,expanding,rep_1,99,18
test,1,0,22406,22406,53560,18,5,565,7.25,4,9,2,-4.930066485916346,35,-5.0,451.0,456.0,0.9890350877192984,162.0,0.3142857142857143,-0.1428571428571428,19.0,6,expanding,losing_streak_fitness,expanding,rep_1,100,18
train,1,0,22406,22406,53560,18,5,565,7.25,4,9,2,332.55375505322445,12,192.0,287.0,95.0,3.0210526315789474,38.0,0.5833333333333334,16.0,19.0,2,expanding,losing_streak_fitness,expanding,rep_1,100,18
test,2,0,53560,53560,86986,0,11,799,5.0,6,26,4,-1000.0,4,194.0,252.0,58.0,4.344827586206897,58.0,0.5,48.5,29.0,2,expanding,losing_streak_fitness,expanding,rep_1,0,0
train,2,0,53560,53560,86986,0,11,799,5.0,6,26,4,-15.513435037626794,6,-19.0,126.0,145.0,0.8689655172413793,87.0,0.1666666666666666,-3.1666666666666665,29.0,3,expanding,losing_streak_fitness,expanding,rep_1,0,0
test,2,0,53560,53560,86986,1,9,511,8.5,2,15,3,-3.2,16,-4.0,284.0,288.0,0.9861111111111112,240.0,0.25,-0.25,24.0,10,expanding,losing_streak_fitness,expanding,rep_1,1,1
train,2,0,53560,53560,86986,1,9,511,8.5,2,15,3,61.29437168288781,13,68.0,284.0,216.0,1.3148148148148149,96.0,0.3076923076923077,5.230769230769231,24.0,4,expanding,losing_streak_fitness,expanding,rep_1,1,1
test,2,0,53560,53560,86986,1,9,511,8.5,2,15,3,-3.2,16,-4.0,284.0,288.0,0.9861111111111112,240.0,0.25,-0.25,24.0,10,expanding,losing_streak_fitness,expanding,rep_1,2,1
train,2,0,53560,53560,86986,1,9,511,8.5,2,15,3,61.29437168288781,13,68.0,284.0,216.0,1.3148148148148149,96.0,0.3076923076923077,5.230769230769231,24.0,4,expanding,losing_streak_fitness,expanding,rep_1,2,1
test,2,0,53560,53560,86986,1,9,511,8.5,2,15,3,-3.2,16,-4.0,284.0,288.0,0.9861111111111112,240.0,0.25,-0.25,24.0,10,expanding,losing_streak_fitness,expanding,rep_1,3,1
train,2,0,53560,53560,86986,1,9,511,8.5,2,15,3,61.29437168288781,13,68.0,284.0,216.0,1.3148148148148149,96.0,0.3076923076923077,5.230769230769231,24.0,4,expanding,losing_streak_fitness,expanding,rep_1,3,1
test,2,0,53560,53560,86986,1,9,511,8.5,2,15,3,-3.2,16,-4.0,284.0,288.0,0.9861111111111112,240.0,0.25,-0.25,24.0,10,expanding,losing_streak_fitness,expanding,rep_1,4,1
train,2,0,53560,53560,86986,1,9,511,8.5,2,15,3,61.29437168288781,13,68.0,284.0,216.0,1.3148148148148149,96.0,0.3076923076923077,5.230769230769231,24.0,4,expanding,losing_streak_fitness,expanding,rep_1,4,1
test,2,0,53560,53560,86986,5,11,511,7.75,2,29,2,-1000.0,3,103.0,141.0,38.0,3.710526315789474,38.0,0.3333333333333333,34.333333333333336,19.0,2,expanding,losing_streak_fitness,expanding,rep_1,5,5
train,2,0,53560,53560,86986,5,11,511,7.75,2,29,2,72.67220926874317,5,65.0,141.0,76.0,1.855263157894737,38.0,0.2,13.0,19.0,2,expanding,losing_streak_fitness,expanding,rep_1,5,5
test,2,0,53560,53560,86986,6,11,511,4.75,7,30,2,-1000.0,3,108.0,146.0,38.0,3.842105263157895,38.0,0.3333333333333333,36.0,19.0,2,expanding,losing_streak_fitness,expanding,rep_1,6,6
train,2,0,53560,53560,86986,6,11,511,4.75,7,30,2,78.26237921249265,5,70.0,146.0,76.0,1.9210526315789476,38.0,0.2,14.0,19.0,2,expanding,losing_streak_fitness,expanding,rep_1,6,6
test,2,0,53560,53560,86986,7,11,511,3.75,2,6,2,161.66632302368973,6,66.0,104.0,38.0,2.736842105263158,38.0,0.6666666666666666,11.0,19.0,2,expanding,losing_streak_fitness,expanding,rep_1,7,7
train,2,0,53560,53560,86986,7,11,511,3.75,2,6,2,243.40912061794236,7,92.0,130.0,38.0,3.421052631578948,19.0,0.7142857142857143,13.142857142857142,19.0,1,expanding,losing_streak_fitness,expanding,rep_1,7,7
test,2,0,53560,53560,86986,7,11,511,3.75,2,6,2,161.66632302368973,6,66.0,104.0,38.0,2.736842105263158,38.0,0.6666666666666666,11.0,19.0,2,expanding,losing_streak_fitness,expanding,rep_1,8,7
train,2,0,53560,53560,86986,7,11,511,3.75,2,6,2,243.40912061794236,7,92.0,130.0,38.0,3.421052631578948,19.0,0.7142857142857143,13.142857142857142,19.0,1,expanding,losing_streak_fitness,expanding,rep_1,8,7
test,2,0,53560,53560,86986,7,11,511,3.75,2,6,2,161.66632302368973,6,66.0,104.0,38.0,2.736842105263158,38.0,0.6666666666666666,11.0,19.0,2,expanding,losing_streak_fitness,expanding,rep_1,9,7
train,2,0,53560,53560,86986,7,11,511,3.75,2,6,2,243.40912061794236,7,92.0,130.0,38.0,3.421052631578948,19.0,0.7142857142857143,13.142857142857142,19.0,1,expanding,losing_streak_fitness,expanding,rep_1,9,7
test,2,0,53560,53560,86986,7,11,511,3.75,2,6,2,161.66632302368973,6,66.0,104.0,38.0,2.736842105263158,38.0,0.6666666666666666,11.0,19.0,2,expanding,losing_streak_fitness,expanding,rep_1,10,7
train,2,0,53560,53560,86986,7,11,511,3.75,2,6,2,243.40912061794236,7,92.0,130.0,38.0,3.421052631578948,19.0,0.7142857142857143,13.142857142857142,19.0,1,expanding,losing_streak_fitness,expanding,rep_1,10,7
test,2,0,53560,53560,86986,7,11,511,3.75,2,6,2,161.66632302368973,6,66.0,104.0,38.0,2.736842105263158,38.0,0.6666666666666666,11.0,19.0,2,expanding,losing_streak_fitness,expanding,rep_1,11,7
train,2,0,53560,53560,86986,7,11,511,3.75,2,6,2,243.40912061794236,7,92.0,130.0,38.0,3.421052631578948,19.0,0.7142857142857143,13.142857142857142,19.0,1,expanding,losing_streak_fitness,expanding,rep_1,11,7
test,2,0,53560,53560,86986,7,11,511,3.75,2,6,2,161.66632302368973,6,66.0,104.0,38.0,2.736842105263158,38.0,0.6666666666666666,11.0,19.0,2,expanding,losing_streak_fitness,expanding,rep_1,12,7
train,2,0,53560,53560,86986,7,11,511,3.75,2,6,2,243.40912061794236,7,92.0,130.0,38.0,3.421052631578948,19.0,0.7142857142857143,13.142857142857142,19.0,1,expanding,losing_streak_fitness,expanding,rep_1,12,7
test,2,0,53560,53560,86986,7,11,511,3.75,2,6,2,161.66632302368973,6,66.0,104.0,38.0,2.736842105263158,38.0,0.6666666666666666,11.0,19.0,2,expanding,losing_streak_fitness,expanding,rep_1,13,7
train,2,0,53560,53560,86986,7,11,511,3.75,2,6,2,243.40912061794236,7,92.0,130.0,38.0,3.421052631578948,19.0,0.7142857142857143,13.142857142857142,19.0,1,expanding,losing_streak_fitness,expanding,rep_1,13,7
test,2,0,53560,53560,86986,7,11,511,3.75,2,6,2,161.66632302368973,6,66.0,104.0,38.0,2.736842105263158,38.0,0.6666666666666666,11.0,19.0,2,expanding,losing_streak_fitness,expanding,rep_1,14,7
train,2,0,53560,53560,86986,7,11,511,3.75,2,6,2,243.40912061794236,7,92.0,130.0,38.0,3.421052631578948,19.0,0.7142857142857143,13.142857142857142,19.0,1,expanding,losing_streak_fitness,expanding,rep_1,14,7
test,2,0,53560,53560,86986,7,11,511,3.75,2,6,2,161.66632302368973,6,66.0,104.0,38.0,2.736842105263158,38.0,0.6666666666666666,11.0,19.0,2,expanding,losing_streak_fitness,expanding,rep_1,15,7
train,2,0,53560,53560,86986,7,11,511,3.75,2,6,2,243.40912061794236,7,92.0,130.0,38.0,3.421052631578948,19.0,0.7142857142857143,13.142857142857142,19.0,1,expanding,losing_streak_fitness,expanding,rep_1,15,7
test,2,0,53560,53560,86986,7,11,511,3.75,2,6,2,161.66632302368973,6,66.0,104.0,38.0,2.736842105263158,38.0,0.6666666666666666,11.0,19.0,2,expanding,losing_streak_fitness,expanding,rep_1,16,7
train,2,0,53560,53560,86986,7,11,511,3.75,2,6,2,243.40912061794236,7,92.0,130.0,38.0,3.421052631578948,19.0,0.7142857142857143,13.142857142857142,19.0,1,expanding,losing_streak_fitness,expanding,rep_1,16,7
test,2,0,53560,53560,86986,7,11,511,3.75,2,6,2,161.66632302368973,6,66.0,104.0,38.0,2.736842105263158,38.0,0.6666666666666666,11.0,19.0,2,expanding,losing_streak_fitness,expanding,rep_1,17,7
train,2,0,53560,53560,86986,7,11,511,3.75,2,6,2,243.40912061794236,7,92.0,130.0,38.0,3.421052631578948,19.0,0.7142857142857143,13.142857142857142,19.0,1,expanding,losing_streak_fitness,expanding,rep_1,17,7
test,2,0,53560,53560,86986,7,11,511,3.75,2,6,2,161.66632302368973,6,66.0,104.0,38.0,2.736842105263158,38.0,0.6666666666666666,11.0,19.0,2,expanding,losing_streak_fitness,expanding,rep_1,18,7
train,2,0,53560,53560,86986,7,11,511,3.75,2,6,2,243.40912061794236,7,92.0,130.0,38.0,3.421052631578948,19.0,0.7142857142857143,13.142857142857142,19.0,1,expanding,losing_streak_fitness,expanding,rep_1,18,7
test,2,0,53560,53560,86986,7,11,511,3.75,2,6,2,161.66632302368973,6,66.0,104.0,38.0,2.736842105263158,38.0,0.6666666666666666,11.0,19.0,2,expanding,losing_streak_fitness,expanding,rep_1,19,7
train,2,0,53560,53560,86986,7,11,511,3.75,2,6,2,243.40912061794236,7,92.0,130.0,38.0,3.421052631578948,19.0,0.7142857142857143,13.142857142857142,19.0,1,expanding,losing_streak_fitness,expanding,rep_1,19,7
test,2,0,53560,53560,86986,7,11,511,3.75,2,6,2,161.66632302368973,6,66.0,104.0,38.0,2.736842105263158,38.0,0.6666666666666666,11.0,19.0,2,expanding,losing_streak_fitness,expanding,rep_1,20,7
train,2,0,53560,53560,86986,7,11,511,3.75,2,6,2,243.40912061794236,7,92.0,130.0,38.0,3.421052631578948,19.0,0.7142857142857143,13.142857142857142,19.0,1,expanding,losing_streak_fitness,expanding,rep_1,20,7
test,2,0,53560,53560,86986,7,11,511,3.75,2,6,2,161.66632302368973,6,66.0,104.0,38.0,2.736842105263158,38.0,0.6666666666666666,11.0,19.0,2,expanding,losing_streak_fitness,expanding,rep_1,21,7
train,2,0,53560,53560,86986,7,11,511,3.75,2,6,2,243.40912061794236,7,92.0,130.0,38.0,3.421052631578948,19.0,0.7142857142857143,13.142857142857142,19.0,1,expanding,losing_streak_fitness,expanding,rep_1,21,7
test,2,0,53560,53560,86986,7,11,511,3.75,2,6,2,161.66632302368973,6,66.0,104.0,38.0,2.736842105263158,38.0,0.6666666666666666,11.0,19.0,2,expanding,losing_streak_fitness,expanding,rep_1,22,7
train,2,0,53560,53560,86986,7,11,511,3.75,2,6,2,243.40912061794236,7,92.0,130.0,38.0,3.421052631578948,19.0,0.7142857142857143,13.142857142857142,19.0,1,expanding,losing_streak_fitness,expanding,rep_1,22,7
test,2,0,53560,53560,86986,7,11,511,3.75,2,6,2,161.66632302368973,6,66.0,104.0,38.0,2.736842105263158,38.0,0.6666666666666666,11.0,19.0,2,expanding,losing_streak_fitness,expanding,rep_1,23,7
train,2,0,53560,53560,86986,7,11,511,3.75,2,6,2,243.40912061794236,7,92.0,130.0,38.0,3.421052631578948,19.0,0.7142857142857143,13.142857142857142,19.0,1,expanding,losing_streak_fitness,expanding,rep_1,23,7
test,2,0,53560,53560,86986,7,11,511,3.75,2,6,2,161.66632302368973,6,66.0,104.0,38.0,2.736842105263158,38.0,0.6666666666666666,11.0,19.0,2,expanding,losing_streak_fitness,expanding,rep_1,24,7
train,2,0,53560,53560,86986,7,11,511,3.75,2,6,2,243.40912061794236,7,92.0,130.0,38.0,3.421052631578948,19.0,0.7142857142857143,13.142857142857142,19.0,1,expanding,losing_streak_fitness,expanding,rep_1,24,7
test,2,0,53560,53560,86986,7,11,511,3.75,2,6,2,161.66632302368973,6,66.0,104.0,38.0,2.736842105263158,38.0,0.6666666666666666,11.0,19.0,2,expanding,losing_streak_fitness,expanding,rep_1,25,7
train,2,0,53560,53560,86986,7,11,511,3.75,2,6,2,243.40912061794236,7,92.0,130.0,38.0,3.421052631578948,19.0,0.7142857142857143,13.142857142857142,19.0,1,expanding,losing_streak_fitness,expanding,rep_1,25,7
test,2,0,53560,53560,86986,7,11,511,3.75,2,6,2,161.66632302368973,6,66.0,104.0,38.0,2.736842105263158,38.0,0.6666666666666666,11.0,19.0,2,expanding,losing_streak_fitness,expanding,rep_1,26,7
train,2,0,53560,53560,86986,7,11,511,3.75,2,6,2,243.40912061794236,7,92.0,130.0,38.0,3.421052631578948,19.0,0.7142857142857143,13.142857142857142,19.0,1,expanding,losing_streak_fitness,expanding,rep_1,26,7
test,2,0,53560,53560,86986,7,11,511,3.75,2,6,2,161.66632302368973,6,66.0,104.0,38.0,2.736842105263158,38.0,0.6666666666666666,11.0,19.0,2,expanding,losing_streak_fitness,expanding,rep_1,27,7
train,2,0,53560,53560,86986,7,11,511,3.75,2,6,2,243.40912061794236,7,92.0,130.0,38.0,3.421052631578948,19.0,0.7142857142857143,13.142857142857142,19.0,1,expanding,losing_streak_fitness,expanding,rep_1,27,7
test,2,0,53560,53560,86986,7,11,511,3.75,2,6,2,161.66632302368973,6,66.0,104.0,38.0,2.736842105263158,38.0,0.6666666666666666,11.0,19.0,2,expanding,losing_streak_fitness,expanding,rep_1,28,7
train,2,0,53560,53560,86986,7,11,511,3.75,2,6,2,243.40912061794236,7,92.0,130.0,38.0,3.421052631578948,19.0,0.7142857142857143,13.142857142857142,19.0,1,expanding,losing_streak_fitness,expanding,rep_1,28,7
test,2,0,53560,53560,86986,7,11,511,3.75,2,6,2,161.66632302368973,6,66.0,104.0,38.0,2.736842105263158,38.0,0.6666666666666666,11.0,19.0,2,expanding,losing_streak_fitness,expanding,rep_1,29,7
train,2,0,53560,53560,86986,7,11,511,3.75,2,6,2,243.40912061794236,7,92.0,130.0,38.0,3.421052631578948,19.0,0.7142857142857143,13.142857142857142,19.0,1,expanding,losing_streak_fitness,expanding,rep_1,29,7
test,2,0,53560,53560,86986,7,11,511,3.75,2,6,2,161.66632302368973,6,66.0,104.0,38.0,2.736842105263158,38.0,0.6666666666666666,11.0,19.0,2,expanding,losing_streak_fitness,expanding,rep_1,30,7
train,2,0,53560,53560,86986,7,11,511,3.75,2,6,2,243.40912061794236,7,92.0,130.0,38.0,3.421052631578948,19.0,0.7142857142857143,13.142857142857142,19.0,1,expanding,losing_streak_fitness,expanding,rep_1,30,7
test,2,0,53560,53560,86986,7,11,511,3.75,2,6,2,161.66632302368973,6,66.0,104.0,38.0,2.736842105263158,38.0,0.6666666666666666,11.0,19.0,2,expanding,losing_streak_fitness,expanding,rep_1,31,7
train,2,0,53560,53560,86986,7,11,511,3.75,2,6,2,243.40912061794236,7,92.0,130.0,38.0,3.421052631578948,19.0,0.7142857142857143,13.142857142857142,19.0,1,expanding,losing_streak_fitness,expanding,rep_1,31,7
test,2,0,53560,53560,86986,7,11,511,3.75,2,6,2,161.66632302368973,6,66.0,104.0,38.0,2.736842105263158,38.0,0.6666666666666666,11.0,19.0,2,expanding,losing_streak_fitness,expanding,rep_1,32,7
train,2,0,53560,53560,86986,7,11,511,3.75,2,6,2,243.40912061794236,7,92.0,130.0,38.0,3.421052631578948,19.0,0.7142857142857143,13.142857142857142,19.0,1,expanding,losing_streak_fitness,expanding,rep_1,32,7
test,2,0,53560,53560,86986,7,11,511,3.75,2,6,2,161.66632302368973,6,66.0,104.0,38.0,2.736842105263158,38.0,0.6666666666666666,11.0,19.0,2,expanding,losing_streak_fitness,expanding,rep_1,33,7
train,2,0,53560,53560,86986,7,11,511,3.75,2,6,2,243.40912061794236,7,92.0,130.0,38.0,3.421052631578948,19.0,0.7142857142857143,13.142857142857142,19.0,1,expanding,losing_streak_fitness,expanding,rep_1,33,7
test,2,0,53560,53560,86986,7,11,511,3.75,2,6,2,161.66632302368973,6,66.0,104.0,38.0,2.736842105263158,38.0,0.6666666666666666,11.0,19.0,2,expanding,losing_streak_fitness,expanding,rep_1,34,7
train,2,0,53560,53560,86986,7,11,511,3.75,2,6,2,243.40912061794236,7,92.0,130.0,38.0,3.421052631578948,19.0,0.7142857142857143,13.142857142857142,19.0,1,expanding,losing_streak_fitness,expanding,rep_1,34,7
test,2,0,53560,53560,86986,7,11,511,3.75,2,6,2,161.66632302368973,6,66.0,104.0,38.0,2.736842105263158,38.0,0.6666666666666666,11.0,19.0,2,expanding,losing_streak_fitness,expanding,rep_1,35,7
train,2,0,53560,53560,86986,7,11,511,3.75,2,6,2,243.40912061794236,7,92.0,130.0,38.0,3.421052631578948,19.0,0.7142857142857143,13.142857142857142,19.0,1,expanding,losing_streak_fitness,expanding,rep_1,35,7
test,2,0,53560,53560,86986,7,11,511,3.75,2,6,2,161.66632302368973,6,66.0,104.0,38.0,2.736842105263158,38.0,0.6666666666666666,11.0,19.0,2,expanding,losing_streak_fitness,expanding,rep_1,36,7
train,2,0,53560,53560,86986,7,11,511,3.75,2,6,2,243.40912061794236,7,92.0,130.0,38.0,3.421052631578948,19.0,0.7142857142857143,13.142857142857142,19.0,1,expanding,losing_streak_fitness,expanding,rep_1,36,7
test,2,0,53560,53560,86986,7,11,511,3.75,2,6,2,161.66632302368973,6,66.0,104.0,38.0,2.736842105263158,38.0,0.6666666666666666,11.0,19.0,2,expanding,losing_streak_fitness,expanding,rep_1,37,7
train,2,0,53560,53560,86986,7,11,511,3.75,2,6,2,243.40912061794236,7,92.0,130.0,38.0,3.421052631578948,19.0,0.7142857142857143,13.142857142857142,19.0,1,expanding,losing_streak_fitness,expanding,rep_1,37,7
test,2,0,53560,53560,86986,7,11,511,3.75,2,6,2,161.66632302368973,6,66.0,104.0,38.0,2.736842105263158,38.0,0.6666666666666666,11.0,19.0,2,expanding,losing_streak_fitness,expanding,rep_1,38,7
train,2,0,53560,53560,86986,7,11,511,3.75,2,6,2,243.40912061794236,7,92.0,130.0,38.0,3.421052631578948,19.0,0.7142857142857143,13.142857142857142,19.0,1,expanding,losing_streak_fitness,expanding,rep_1,38,7
test,2,0,53560,53560,86986,7,11,511,3.75,2,6,2,161.66632302368973,6,66.0,104.0,38.0,2.736842105263158,38.0,0.6666666666666666,11.0,19.0,2,expanding,losing_streak_fitness,expanding,rep_1,39,7
train,2,0,53560,53560,86986,7,11,511,3.75,2,6,2,243.40912061794236,7,92.0,130.0,38.0,3.421052631578948,19.0,0.7142857142857143,13.142857142857142,19.0,1,expanding,losing_streak_fitness,expanding,rep_1,39,7
test,2,0,53560,53560,86986,7,11,511,3.75,2,6,2,161.66632302368973,6,66.0,104.0,38.0,2.736842105263158,38.0,0.6666666666666666,11.0,19.0,2,expanding,losing_streak_fitness,expanding,rep_1,40,7
train,2,0,53560,53560,86986,7,11,511,3.75,2,6,2,243.40912061794236,7,92.0,130.0,38.0,3.421052631578948,19.0,0.7142857142857143,13.142857142857142,19.0,1,expanding,losing_streak_fitness,expanding,rep_1,40,7
test,2,0,53560,53560,86986,7,11,511,3.75,2,6,2,161.66632302368973,6,66.0,104.0,38.0,2.736842105263158,38.0,0.6666666666666666,11.0,19.0,2,expanding,losing_streak_fitness,expanding,rep_1,41,7
train,2,0,53560,53560,86986,7,11,511,3.75,2,6,2,243.40912061794236,7,92.0,130.0,38.0,3.421052631578948,19.0,0.7142857142857143,13.142857142857142,19.0,1,expanding,losing_streak_fitness,expanding,rep_1,41,7
test,2,0,53560,53560,86986,7,11,511,3.75,2,6,2,161.66632302368973,6,66.0,104.0,38.0,2.736842105263158,38.0,0.6666666666666666,11.0,19.0,2,expanding,losing_streak_fitness,expanding,rep_1,42,7
train,2,0,53560,53560,86986,7,11,511,3.75,2,6,2,243.40912061794236,7,92.0,130.0,38.0,3.421052631578948,19.0,0.7142857142857143,13.142857142857142,19.0,1,expanding,losing_streak_fitness,expanding,rep_1,42,7
test,2,0,53560,53560,86986,7,11,511,3.75,2,6,2,161.66632302368973,6,66.0,104.0,38.0,2.736842105263158,38.0,0.6666666666666666,11.0,19.0,2,expanding,losing_streak_fitness,expanding,rep_1,43,7
train,2,0,53560,53560,86986,7,11,511,3.75,2,6,2,243.40912061794236,7,92.0,130.0,38.0,3.421052631578948,19.0,0.7142857142857143,13.142857142857142,19.0,1,expanding,losing_streak_fitness,expanding,rep_1,43,7
test,2,0,53560,53560,86986,7,11,511,3.75,2,6,2,161.66632302368973,6,66.0,104.0,38.0,2.736842105263158,38.0,0.6666666666666666,11.0,19.0,2,expanding,losing_streak_fitness,expanding,rep_1,44,7
train,2,0,53560,53560,86986,7,11,511,3.75,2,6,2,243.40912061794236,7,92.0,130.0,38.0,3.421052631578948,19.0,0.7142857142857143,13.142857142857142,19.0,1,expanding,losing_streak_fitness,expanding,rep_1,44,7
test,2,0,53560,53560,86986,7,11,511,3.75,2,6,2,161.66632302368973,6,66.0,104.0,38.0,2.736842105263158,38.0,0.6666666666666666,11.0,19.0,2,expanding,losing_streak_fitness,expanding,rep_1,45,7
train,2,0,53560,53560,86986,7,11,511,3.75,2,6,2,243.40912061794236,7,92.0,130.0,38.0,3.421052631578948,19.0,0.7142857142857143,13.142857142857142,19.0,1,expanding,losing_streak_fitness,expanding,rep_1,45,7
test,2,0,53560,53560,86986,7,11,511,3.75,2,6,2,161.66632302368973,6,66.0,104.0,38.0,2.736842105263158,38.0,0.6666666666666666,11.0,19.0,2,expanding,losing_streak_fitness,expanding,rep_1,46,7
train,2,0,53560,53560,86986,7,11,511,3.75,2,6,2,243.40912061794236,7,92.0,130.0,38.0,3.421052631578948,19.0,0.7142857142857143,13.142857142857142,19.0,1,expanding,losing_streak_fitness,expanding,rep_1,46,7
test,2,0,53560,53560,86986,7,11,511,3.75,2,6,2,161.66632302368973,6,66.0,104.0,38.0,2.736842105263158,38.0,0.6666666666666666,11.0,19.0,2,expanding,losing_streak_fitness,expanding,rep_1,47,7
train,2,0,53560,53560,86986,7,11,511,3.75,2,6,2,243.40912061794236,7,92.0,130.0,38.0,3.421052631578948,19.0,0.7142857142857143,13.142857142857142,19.0,1,expanding,losing_streak_fitness,expanding,rep_1,47,7
test,2,0,53560,53560,86986,7,11,511,3.75,2,6,2,161.66632302368973,6,66.0,104.0,38.0,2.736842105263158,38.0,0.6666666666666666,11.0,19.0,2,expanding,losing_streak_fitness,expanding,rep_1,48,7
train,2,0,53560,53560,86986,7,11,511,3.75,2,6,2,243.40912061794236,7,92.0,130.0,38.0,3.421052631578948,19.0,0.7142857142857143,13.142857142857142,19.0,1,expanding,losing_streak_fitness,expanding,rep_1,48,7
test,2,0,53560,53560,86986,7,11,511,3.75,2,6,2,161.66632302368973,6,66.0,104.0,38.0,2.736842105263158,38.0,0.6666666666666666,11.0,19.0,2,expanding,losing_streak_fitness,expanding,rep_1,49,7
train,2,0,53560,53560,86986,7,11,511,3.75,2,6,2,243.40912061794236,7,92.0,130.0,38.0,3.421052631578948,19.0,0.7142857142857143,13.142857142857142,19.0,1,expanding,losing_streak_fitness,expanding,rep_1,49,7
test,2,0,53560,53560,86986,7,11,511,3.75,2,6,2,161.66632302368973,6,66.0,104.0,38.0,2.736842105263158,38.0,0.6666666666666666,11.0,19.0,2,expanding,losing_streak_fitness,expanding,rep_1,50,7
train,2,0,53560,53560,86986,7,11,511,3.75,2,6,2,243.40912061794236,7,92.0,130.0,38.0,3.421052631578948,19.0,0.7142857142857143,13.142857142857142,19.0,1,expanding,losing_streak_fitness,expanding,rep_1,50,7
test,2,0,53560,53560,86986,7,11,511,3.75,2,6,2,161.66632302368973,6,66.0,104.0,38.0,2.736842105263158,38.0,0.6666666666666666,11.0,19.0,2,expanding,losing_streak_fitness,expanding,rep_1,51,7
train,2,0,53560,53560,86986,7,11,511,3.75,2,6,2,243.40912061794236,7,92.0,130.0,38.0,3.421052631578948,19.0,0.7142857142857143,13.142857142857142,19.0,1,expanding,losing_streak_fitness,expanding,rep_1,51,7
test,2,0,53560,53560,86986,7,11,511,3.75,2,6,2,161.66632302368973,6,66.0,104.0,38.0,2.736842105263158,38.0,0.6666666666666666,11.0,19.0,2,expanding,losing_streak_fitness,expanding,rep_1,52,7
train,2,0,53560,53560,86986,7,11,511,3.75,2,6,2,243.40912061794236,7,92.0,130.0,38.0,3.421052631578948,19.0,0.7142857142857143,13.142857142857142,19.0,1,expanding,losing_streak_fitness,expanding,rep_1,52,7
test,2,0,53560,53560,86986,7,11,511,3.75,2,6,2,161.66632302368973,6,66.0,104.0,38.0,2.736842105263158,38.0,0.6666666666666666,11.0,19.0,2,expanding,losing_streak_fitness,expanding,rep_1,53,7
train,2,0,53560,53560,86986,7,11,511,3.75,2,6,2,243.40912061794236,7,92.0,130.0,38.0,3.421052631578948,19.0,0.7142857142857143,13.142857142857142,19.0,1,expanding,losing_streak_fitness,expanding,rep_1,53,7
test,2,0,53560,53560,86986,7,11,511,3.75,2,6,2,161.66632302368973,6,66.0,104.0,38.0,2.736842105263158,38.0,0.6666666666666666,11.0,19.0,2,expanding,losing_streak_fitness,expanding,rep_1,54,7
train,2,0,53560,53560,86986,7,11,511,3.75,2,6,2,243.40912061794236,7,92.0,130.0,38.0,3.421052631578948,19.0,0.7142857142857143,13.142857142857142,19.0,1,expanding,losing_streak_fitness,expanding,rep_1,54,7
test,2,0,53560,53560,86986,7,11,511,3.75,2,6,2,161.66632302368973,6,66.0,104.0,38.0,2.736842105263158,38.0,0.6666666666666666,11.0,19.0,2,expanding,losing_streak_fitness,expanding,rep_1,55,7
train,2,0,53560,53560,86986,7,11,511,3.75,2,6,2,243.40912061794236,7,92.0,130.0,38.0,3.421052631578948,19.0,0.7142857142857143,13.142857142857142,19.0,1,expanding,losing_streak_fitness,expanding,rep_1,55,7
test,2,0,53560,53560,86986,7,11,511,3.75,2,6,2,161.66632302368973,6,66.0,104.0,38.0,2.736842105263158,38.0,0.6666666666666666,11.0,19.0,2,expanding,losing_streak_fitness,expanding,rep_1,56,7
train,2,0,53560,53560,86986,7,11,511,3.75,2,6,2,243.40912061794236,7,92.0,130.0,38.0,3.421052631578948,19.0,0.7142857142857143,13.142857142857142,19.0,1,expanding,losing_streak_fitness,expanding,rep_1,56,7
test,2,0,53560,53560,86986,7,11,511,3.75,2,6,2,161.66632302368973,6,66.0,104.0,38.0,2.736842105263158,38.0,0.6666666666666666,11.0,19.0,2,expanding,losing_streak_fitness,expanding,rep_1,57,7
train,2,0,53560,53560,86986,7,11,511,3.75,2,6,2,243.40912061794236,7,92.0,130.0,38.0,3.421052631578948,19.0,0.7142857142857143,13.142857142857142,19.0,1,expanding,losing_streak_fitness,expanding,rep_1,57,7
test,2,0,53560,53560,86986,7,11,511,3.75,2,6,2,161.66632302368973,6,66.0,104.0,38.0,2.736842105263158,38.0,0.6666666666666666,11.0,19.0,2,expanding,losing_streak_fitness,expanding,rep_1,58,7
train,2,0,53560,53560,86986,7,11,511,3.75,2,6,2,243.40912061794236,7,92.0,130.0,38.0,3.421052631578948,19.0,0.7142857142857143,13.142857142857142,19.0,1,expanding,losing_streak_fitness,expanding,rep_1,58,7
test,2,0,53560,53560,86986,7,11,511,3.75,2,6,2,161.66632302368973,6,66.0,104.0,38.0,2.736842105263158,38.0,0.6666666666666666,11.0,19.0,2,expanding,losing_streak_fitness,expanding,rep_1,59,7
train,2,0,53560,53560,86986,7,11,511,3.75,2,6,2,243.40912061794236,7,92.0,130.0,38.0,3.421052631578948,19.0,0.7142857142857143,13.142857142857142,19.0,1,expanding,losing_streak_fitness,expanding,rep_1,59,7
test,2,0,53560,53560,86986,7,11,511,3.75,2,6,2,161.66632302368973,6,66.0,104.0,38.0,2.736842105263158,38.0,0.6666666666666666,11.0,19.0,2,expanding,losing_streak_fitness,expanding,rep_1,60,7
train,2,0,53560,53560,86986,7,11,511,3.75,2,6,2,243.40912061794236,7,92.0,130.0,38.0,3.421052631578948,19.0,0.7142857142857143,13.142857142857142,19.0,1,expanding,losing_streak_fitness,expanding,rep_1,60,7
test,2,0,53560,53560,86986,7,11,511,3.75,2,6,2,161.66632302368973,6,66.0,104.0,38.0,2.736842105263158,38.0,0.6666666666666666,11.0,19.0,2,expanding,losing_streak_fitness,expanding,rep_1,61,7
train,2,0,53560,53560,86986,7,11,511,3.75,2,6,2,243.40912061794236,7,92.0,130.0,38.0,3.421052631578948,19.0,0.7142857142857143,13.142857142857142,19.0,1,expanding,losing_streak_fitness,expanding,rep_1,61,7
test,2,0,53560,53560,86986,7,11,511,3.75,2,6,2,161.66632302368973,6,66.0,104.0,38.0,2.736842105263158,38.0,0.6666666666666666,11.0,19.0,2,expanding,losing_streak_fitness,expanding,rep_1,62,7
train,2,0,53560,53560,86986,7,11,511,3.75,2,6,2,243.40912061794236,7,92.0,130.0,38.0,3.421052631578948,19.0,0.7142857142857143,13.142857142857142,19.0,1,expanding,losing_streak_fitness,expanding,rep_1,62,7
test,2,0,53560,53560,86986,7,11,511,3.75,2,6,2,161.66632302368973,6,66.0,104.0,38.0,2.736842105263158,38.0,0.6666666666666666,11.0,19.0,2,expanding,losing_streak_fitness,expanding,rep_1,63,7
train,2,0,53560,53560,86986,7,11,511,3.75,2,6,2,243.40912061794236,7,92.0,130.0,38.0,3.421052631578948,19.0,0.7142857142857143,13.142857142857142,19.0,1,expanding,losing_streak_fitness,expanding,rep_1,63,7
test,2,0,53560,53560,86986,7,11,511,3.75,2,6,2,161.66632302368973,6,66.0,104.0,38.0,2.736842105263158,38.0,0.6666666666666666,11.0,19.0,2,expanding,losing_streak_fitness,expanding,rep_1,64,7
train,2,0,53560,53560,86986,7,11,511,3.75,2,6,2,243.40912061794236,7,92.0,130.0,38.0,3.421052631578948,19.0,0.7142857142857143,13.142857142857142,19.0,1,expanding,losing_streak_fitness,expanding,rep_1,64,7
test,2,0,53560,53560,86986,7,11,511,3.75,2,6,2,161.66632302368973,6,66.0,104.0,38.0,2.736842105263158,38.0,0.6666666666666666,11.0,19.0,2,expanding,losing_streak_fitness,expanding,rep_1,65,7
train,2,0,53560,53560,86986,7,11,511,3.75,2,6,2,243.40912061794236,7,92.0,130.0,38.0,3.421052631578948,19.0,0.7142857142857143,13.142857142857142,19.0,1,expanding,losing_streak_fitness,expanding,rep_1,65,7
test,2,0,53560,53560,86986,7,11,511,3.75,2,6,2,161.66632302368973,6,66.0,104.0,38.0,2.736842105263158,38.0,0.6666666666666666,11.0,19.0,2,expanding,losing_streak_fitness,expanding,rep_1,66,7
train,2,0,53560,53560,86986,7,11,511,3.75,2,6,2,243.40912061794236,7,92.0,130.0,38.0,3.421052631578948,19.0,0.7142857142857143,13.142857142857142,19.0,1,expanding,losing_streak_fitness,expanding,rep_1,66,7
test,2,0,53560,53560,86986,7,11,511,3.75,2,6,2,161.66632302368973,6,66.0,104.0,38.0,2.736842105263158,38.0,0.6666666666666666,11.0,19.0,2,expanding,losing_streak_fitness,expanding,rep_1,67,7
train,2,0,53560,53560,86986,7,11,511,3.75,2,6,2,243.40912061794236,7,92.0,130.0,38.0,3.421052631578948,19.0,0.7142857142857143,13.142857142857142,19.0,1,expanding,losing_streak_fitness,expanding,rep_1,67,7
test,2,0,53560,53560,86986,7,11,511,3.75,2,6,2,161.66632302368973,6,66.0,104.0,38.0,2.736842105263158,38.0,0.6666666666666666,11.0,19.0,2,expanding,losing_streak_fitness,expanding,rep_1,68,7
train,2,0,53560,53560,86986,7,11,511,3.75,2,6,2,243.40912061794236,7,92.0,130.0,38.0,3.421052631578948,19.0,0.7142857142857143,13.142857142857142,19.0,1,expanding,losing_streak_fitness,expanding,rep_1,68,7
test,2,0,53560,53560,86986,7,11,511,3.75,2,6,2,161.66632302368973,6,66.0,104.0,38.0,2.736842105263158,38.0,0.6666666666666666,11.0,19.0,2,expanding,losing_streak_fitness,expanding,rep_1,69,7
train,2,0,53560,53560,86986,7,11,511,3.75,2,6,2,243.40912061794236,7,92.0,130.0,38.0,3.421052631578948,19.0,0.7142857142857143,13.142857142857142,19.0,1,expanding,losing_streak_fitness,expanding,rep_1,69,7
test,2,0,53560,53560,86986,7,11,511,3.75,2,6,2,161.66632302368973,6,66.0,104.0,38.0,2.736842105263158,38.0,0.6666666666666666,11.0,19.0,2,expanding,losing_streak_fitness,expanding,rep_1,70,7
train,2,0,53560,53560,86986,7,11,511,3.75,2,6,2,243.40912061794236,7,92.0,130.0,38.0,3.421052631578948,19.0,0.7142857142857143,13.142857142857142,19.0,1,expanding,losing_streak_fitness,expanding,rep_1,70,7
test,2,0,53560,53560,86986,7,11,511,3.75,2,6,2,161.66632302368973,6,66.0,104.0,38.0,2.736842105263158,38.0,0.6666666666666666,11.0,19.0,2,expanding,losing_streak_fitness,expanding,rep_1,71,7
train,2,0,53560,53560,86986,7,11,511,3.75,2,6,2,243.40912061794236,7,92.0,130.0,38.0,3.421052631578948,19.0,0.7142857142857143,13.142857142857142,19.0,1,expanding,losing_streak_fitness,expanding,rep_1,71,7
test,2,0,53560,53560,86986,7,11,511,3.75,2,6,2,161.66632302368973,6,66.0,104.0,38.0,2.736842105263158,38.0,0.6666666666666666,11.0,19.0,2,expanding,losing_streak_fitness,expanding,rep_1,72,7
train,2,0,53560,53560,86986,7,11,511,3.75,2,6,2,243.40912061794236,7,92.0,130.0,38.0,3.421052631578948,19.0,0.7142857142857143,13.142857142857142,19.0,1,expanding,losing_streak_fitness,expanding,rep_1,72,7
test,2,0,53560,53560,86986,7,11,511,3.75,2,6,2,161.66632302368973,6,66.0,104.0,38.0,2.736842105263158,38.0,0.6666666666666666,11.0,19.0,2,expanding,losing_streak_fitness,expanding,rep_1,73,7
train,2,0,53560,53560,86986,7,11,511,3.75,2,6,2,243.40912061794236,7,92.0,130.0,38.0,3.421052631578948,19.0,0.7142857142857143,13.142857142857142,19.0,1,expanding,losing_streak_fitness,expanding,rep_1,73,7
test,2,0,53560,53560,86986,7,11,511,3.75,2,6,2,161.66632302368973,6,66.0,104.0,38.0,2.736842105263158,38.0,0.6666666666666666,11.0,19.0,2,expanding,losing_streak_fitness,expanding,rep_1,74,7
train,2,0,53560,53560,86986,7,11,511,3.75,2,6,2,243.40912061794236,7,92.0,130.0,38.0,3.421052631578948,19.0,0.7142857142857143,13.142857142857142,19.0,1,expanding,losing_streak_fitness,expanding,rep_1,74,7
test,2,0,53560,53560,86986,7,11,511,3.75,2,6,2,161.66632302368973,6,66.0,104.0,38.0,2.736842105263158,38.0,0.6666666666666666,11.0,19.0,2,expanding,losing_streak_fitness,expanding,rep_1,75,7
train,2,0,53560,53560,86986,7,11,511,3.75,2,6,2,243.40912061794236,7,92.0,130.0,38.0,3.421052631578948,19.0,0.7142857142857143,13.142857142857142,19.0,1,expanding,losing_streak_fitness,expanding,rep_1,75,7
test,2,0,53560,53560,86986,7,11,511,3.75,2,6,2,161.66632302368973,6,66.0,104.0,38.0,2.736842105263158,38.0,0.6666666666666666,11.0,19.0,2,expanding,losing_streak_fitness,expanding,rep_1,76,7
train,2,0,53560,53560,86986,7,11,511,3.75,2,6,2,243.40912061794236,7,92.0,130.0,38.0,3.421052631578948,19.0,0.7142857142857143,13.142857142857142,19.0,1,expanding,losing_streak_fitness,expanding,rep_1,76,7
test,2,0,53560,53560,86986,7,11,511,3.75,2,6,2,161.66632302368973,6,66.0,104.0,38.0,2.736842105263158,38.0,0.6666666666666666,11.0,19.0,2,expanding,losing_streak_fitness,expanding,rep_1,77,7
train,2,0,53560,53560,86986,7,11,511,3.75,2,6,2,243.40912061794236,7,92.0,130.0,38.0,3.421052631578948,19.0,0.7142857142857143,13.142857142857142,19.0,1,expanding,losing_streak_fitness,expanding,rep_1,77,7
test,2,0,53560,53560,86986,7,11,511,3.75,2,6,2,161.66632302368973,6,66.0,104.0,38.0,2.736842105263158,38.0,0.6666666666666666,11.0,19.0,2,expanding,losing_streak_fitness,expanding,rep_1,78,7
train,2,0,53560,53560,86986,7,11,511,3.75,2,6,2,243.40912061794236,7,92.0,130.0,38.0,3.421052631578948,19.0,0.7142857142857143,13.142857142857142,19.0,1,expanding,losing_streak_fitness,expanding,rep_1,78,7
test,2,0,53560,53560,86986,7,11,511,3.75,2,6,2,161.66632302368973,6,66.0,104.0,38.0,2.736842105263158,38.0,0.6666666666666666,11.0,19.0,2,expanding,losing_streak_fitness,expanding,rep_1,79,7
train,2,0,53560,53560,86986,7,11,511,3.75,2,6,2,243.40912061794236,7,92.0,130.0,38.0,3.421052631578948,19.0,0.7142857142857143,13.142857142857142,19.0,1,expanding,losing_streak_fitness,expanding,rep_1,79,7
test,2,0,53560,53560,86986,7,11,511,3.75,2,6,2,161.66632302368973,6,66.0,104.0,38.0,2.736842105263158,38.0,0.6666666666666666,11.0,19.0,2,expanding,losing_streak_fitness,expanding,rep_1,80,7
train,2,0,53560,53560,86986,7,11,511,3.75,2,6,2,243.40912061794236,7,92.0,130.0,38.0,3.421052631578948,19.0,0.7142857142857143,13.142857142857142,19.0,1,expanding,losing_streak_fitness,expanding,rep_1,80,7
test,2,0,53560,53560,86986,7,11,511,3.75,2,6,2,161.66632302368973,6,66.0,104.0,38.0,2.736842105263158,38.0,0.6666666666666666,11.0,19.0,2,expanding,losing_streak_fitness,expanding,rep_1,81,7
train,2,0,53560,53560,86986,7,11,511,3.75,2,6,2,243.40912061794236,7,92.0,130.0,38.0,3.421052631578948,19.0,0.7142857142857143,13.142857142857142,19.0,1,expanding,losing_streak_fitness,expanding,rep_1,81,7
test,2,0,53560,53560,86986,7,11,511,3.75,2,6,2,161.66632302368973,6,66.0,104.0,38.0,2.736842105263158,38.0,0.6666666666666666,11.0,19.0,2,expanding,losing_streak_fitness,expanding,rep_1,82,7
train,2,0,53560,53560,86986,7,11,511,3.75,2,6,2,243.40912061794236,7,92.0,130.0,38.0,3.421052631578948,19.0,0.7142857142857143,13.142857142857142,19.0,1,expanding,losing_streak_fitness,expanding,rep_1,82,7
test,2,0,53560,53560,86986,7,11,511,3.75,2,6,2,161.66632302368973,6,66.0,104.0,38.0,2.736842105263158,38.0,0.6666666666666666,11.0,19.0,2,expanding,losing_streak_fitness,expanding,rep_1,83,7
train,2,0,53560,53560,86986,7,11,511,3.75,2,6,2,243.40912061794236,7,92.0,130.0,38.0,3.421052631578948,19.0,0.7142857142857143,13.142857142857142,19.0,1,expanding,losing_streak_fitness,expanding,rep_1,83,7
test,2,0,53560,53560,86986,7,11,511,3.75,2,6,2,161.66632302368973,6,66.0,104.0,38.0,2.736842105263158,38.0,0.6666666666666666,11.0,19.0,2,expanding,losing_streak_fitness,expanding,rep_1,84,7
train,2,0,53560,53560,86986,7,11,511,3.75,2,6,2,243.40912061794236,7,92.0,130.0,38.0,3.421052631578948,19.0,0.7142857142857143,13.142857142857142,19.0,1,expanding,losing_streak_fitness,expanding,rep_1,84,7
test,2,0,53560,53560,86986,7,11,511,3.75,2,6,2,161.66632302368973,6,66.0,104.0,38.0,2.736842105263158,38.0,0.6666666666666666,11.0,19.0,2,expanding,losing_streak_fitness,expanding,rep_1,85,7
train,2,0,53560,53560,86986,7,11,511,3.75,2,6,2,243.40912061794236,7,92.0,130.0,38.0,3.421052631578948,19.0,0.7142857142857143,13.142857142857142,19.0,1,expanding,losing_streak_fitness,expanding,rep_1,85,7
test,2,0,53560,53560,86986,7,11,511,3.75,2,6,2,161.66632302368973,6,66.0,104.0,38.0,2.736842105263158,38.0,0.6666666666666666,11.0,19.0,2,expanding,losing_streak_fitness,expanding,rep_1,86,7
train,2,0,53560,53560,86986,7,11,511,3.75,2,6,2,243.40912061794236,7,92.0,130.0,38.0,3.421052631578948,19.0,0.7142857142857143,13.142857142857142,19.0,1,expanding,losing_streak_fitness,expanding,rep_1,86,7
test,2,0,53560,53560,86986,7,11,511,3.75,2,6,2,161.66632302368973,6,66.0,104.0,38.0,2.736842105263158,38.0,0.6666666666666666,11.0,19.0,2,expanding,losing_streak_fitness,expanding,rep_1,87,7
train,2,0,53560,53560,86986,7,11,511,3.75,2,6,2,243.40912061794236,7,92.0,130.0,38.0,3.421052631578948,19.0,0.7142857142857143,13.142857142857142,19.0,1,expanding,losing_streak_fitness,expanding,rep_1,87,7
test,2,0,53560,53560,86986,7,11,511,3.75,2,6,2,161.66632302368973,6,66.0,104.0,38.0,2.736842105263158,38.0,0.6666666666666666,11.0,19.0,2,expanding,losing_streak_fitness,expanding,rep_1,88,7
train,2,0,53560,53560,86986,7,11,511,3.75,2,6,2,243.40912061794236,7,92.0,130.0,38.0,3.421052631578948,19.0,0.7142857142857143,13.142857142857142,19.0,1,expanding,losing_streak_fitness,expanding,rep_1,88,7
test,2,0,53560,53560,86986,7,11,511,3.75,2,6,2,161.66632302368973,6,66.0,104.0,38.0,2.736842105263158,38.0,0.6666666666666666,11.0,19.0,2,expanding,losing_streak_fitness,expanding,rep_1,89,7
train,2,0,53560,53560,86986,7,11,511,3.75,2,6,2,243.40912061794236,7,92.0,130.0,38.0,3.421052631578948,19.0,0.7142857142857143,13.142857142857142,19.0,1,expanding,losing_streak_fitness,expanding,rep_1,89,7
test,2,0,53560,53560,86986,7,11,511,3.75,2,6,2,161.66632302368973,6,66.0,104.0,38.0,2.736842105263158,38.0,0.6666666666666666,11.0,19.0,2,expanding,losing_streak_fitness,expanding,rep_1,90,7
train,2,0,53560,53560,86986,7,11,511,3.75,2,6,2,243.40912061794236,7,92.0,130.0,38.0,3.421052631578948,19.0,0.7142857142857143,13.142857142857142,19.0,1,expanding,losing_streak_fitness,expanding,rep_1,90,7
test,2,0,53560,53560,86986,7,11,511,3.75,2,6,2,161.66632302368973,6,66.0,104.0,38.0,2.736842105263158,38.0,0.6666666666666666,11.0,19.0,2,expanding,losing_streak_fitness,expanding,rep_1,91,7
train,2,0,53560,53560,86986,7,11,511,3.75,2,6,2,243.40912061794236,7,92.0,130.0,38.0,3.421052631578948,19.0,0.7142857142857143,13.142857142857142,19.0,1,expanding,losing_streak_fitness,expanding,rep_1,91,7
test,2,0,53560,53560,86986,7,11,511,3.75,2,6,2,161.66632302368973,6,66.0,104.0,38.0,2.736842105263158,38.0,0.6666666666666666,11.0,19.0,2,expanding,losing_streak_fitness,expanding,rep_1,92,7
train,2,0,53560,53560,86986,7,11,511,3.75,2,6,2,243.40912061794236,7,92.0,130.0,38.0,3.421052631578948,19.0,0.7142857142857143,13.142857142857142,19.0,1,expanding,losing_streak_fitness,expanding,rep_1,92,7
test,2,0,53560,53560,86986,7,11,511,3.75,2,6,2,161.66632302368973,6,66.0,104.0,38.0,2.736842105263158,38.0,0.6666666666666666,11.0,19.0,2,expanding,losing_streak_fitness,expanding,rep_1,93,7
train,2,0,53560,53560,86986,7,11,511,3.75,2,6,2,243.40912061794236,7,92.0,130.0,38.0,3.421052631578948,19.0,0.7142857142857143,13.142857142857142,19.0,1,expanding,losing_streak_fitness,expanding,rep_1,93,7
test,2,0,53560,53560,86986,7,11,511,3.75,2,6,2,161.66632302368973,6,66.0,104.0,38.0,2.736842105263158,38.0,0.6666666666666666,11.0,19.0,2,expanding,losing_streak_fitness,expanding,rep_1,94,7
train,2,0,53560,53560,86986,7,11,511,3.75,2,6,2,243.40912061794236,7,92.0,130.0,38.0,3.421052631578948,19.0,0.7142857142857143,13.142857142857142,19.0,1,expanding,losing_streak_fitness,expanding,rep_1,94,7
test,2,0,53560,53560,86986,7,11,511,3.75,2,6,2,161.66632302368973,6,66.0,104.0,38.0,2.736842105263158,38.0,0.6666666666666666,11.0,19.0,2,expanding,losing_streak_fitness,expanding,rep_1,95,7
train,2,0,53560,53560,86986,7,11,511,3.75,2,6,2,243.40912061794236,7,92.0,130.0,38.0,3.421052631578948,19.0,0.7142857142857143,13.142857142857142,19.0,1,expanding,losing_streak_fitness,expanding,rep_1,95,7
test,2,0,53560,53560,86986,7,11,511,3.75,2,6,2,161.66632302368973,6,66.0,104.0,38.0,2.736842105263158,38.0,0.6666666666666666,11.0,19.0,2,expanding,losing_streak_fitness,expanding,rep_1,96,7
train,2,0,53560,53560,86986,7,11,511,3.75,2,6,2,243.40912061794236,7,92.0,130.0,38.0,3.421052631578948,19.0,0.7142857142857143,13.142857142857142,19.0,1,expanding,losing_streak_fitness,expanding,rep_1,96,7
test,2,0,53560,53560,86986,7,11,511,3.75,2,6,2,161.66632302368973,6,66.0,104.0,38.0,2.736842105263158,38.0,0.6666666666666666,11.0,19.0,2,expanding,losing_streak_fitness,expanding,rep_1,97,7
train,2,0,53560,53560,86986,7,11,511,3.75,2,6,2,243.40912061794236,7,92.0,130.0,38.0,3.421052631578948,19.0,0.7142857142857143,13.142857142857142,19.0,1,expanding,losing_streak_fitness,expanding,rep_1,97,7
test,2,0,53560,53560,86986,7,11,511,3.75,2,6,2,161.66632302368973,6,66.0,104.0,38.0,2.736842105263158,38.0,0.6666666666666666,11.0,19.0,2,expanding,losing_streak_fitness,expanding,rep_1,98,7
train,2,0,53560,53560,86986,7,11,511,3.75,2,6,2,243.40912061794236,7,92.0,130.0,38.0,3.421052631578948,19.0,0.7142857142857143,13.142857142857142,19.0,1,expanding,losing_streak_fitness,expanding,rep_1,98,7
test,2,0,53560,53560,86986,7,11,511,3.75,2,6,2,161.66632302368973,6,66.0,104.0,38.0,2.736842105263158,38.0,0.6666666666666666,11.0,19.0,2,expanding,losing_streak_fitness,expanding,rep_1,99,7
train,2,0,53560,53560,86986,7,11,511,3.75,2,6,2,243.40912061794236,7,92.0,130.0,38.0,3.421052631578948,19.0,0.7142857142857143,13.142857142857142,19.0,1,expanding,losing_streak_fitness,expanding,rep_1,99,7
test,2,0,53560,53560,86986,7,11,511,3.75,2,6,2,161.66632302368973,6,66.0,104.0,38.0,2.736842105263158,38.0,0.6666666666666666,11.0,19.0,2,expanding,losing_streak_fitness,expanding,rep_1,100,7
train,2,0,53560,53560,86986,7,11,511,3.75,2,6,2,243.40912061794236,7,92.0,130.0,38.0,3.421052631578948,19.0,0.7142857142857143,13.142857142857142,19.0,1,expanding,losing_streak_fitness,expanding,rep_1,100,7
test,3,0,86986,86986,125287,0,15,3085,7.25,8,7,7,195.1614716074871,8,23.0,155.0,132.0,1.1742424242424243,70.0,0.625,2.875,44.0,1,expanding,losing_streak_fitness,expanding,rep_1,0,0
train,3,0,86986,86986,125287,0,15,3085,7.25,8,7,7,178.88543819998318,5,80.0,124.0,44.0,2.8181818181818183,44.0,0.8,16.0,44.0,1,expanding,losing_streak_fitness,expanding,rep_1,0,0
test,3,0,86986,86986,125287,1,12,429,4.25,9,20,9,100.62305898749057,5,30.0,192.0,162.0,1.1851851851851851,108.0,0.4,6.0,54.0,2,expanding,losing_streak_fitness,expanding,rep_1,1,1
train,3,0,86986,86986,125287,1,12,429,4.25,9,20,9,308.6357075906804,6,126.0,288.0,162.0,1.7777777777777777,54.0,0.5,21.0,54.0,1,expanding,losing_streak_fitness,expanding,rep_1,1,1
test,3,0,86986,86986,125287,2,13,412,3.0,3,22,6,44.977772288098045,7,17.0,212.0,195.0,1.087179487179487,117.0,0.2857142857142857,2.4285714285714284,39.0,3,expanding,losing_streak_fitness,expanding,rep_1,2,2
train,3,0,86986,86986,125287,2,13,412,3.0,3,22,6,492.34743829941874,6,201.0,318.0,117.0,2.717948717948718,39.0,0.5,33.5,39.0,1,expanding,losing_streak_fitness,expanding,rep_1,2,2
test,3,0,86986,86986,125287,2,13,412,3.0,3,22,6,44.977772288098045,7,17.0,212.0,195.0,1.087179487179487,117.0,0.2857142857142857,2.4285714285714284,39.0,3,expanding,losing_streak_fitness,expanding,rep_1,3,2
train,3,0,86986,86986,125287,2,13,412,3.0,3,22,6,492.34743829941874,6,201.0,318.0,117.0,2.717948717948718,39.0,0.5,33.5,39.0,1,expanding,losing_streak_fitness,expanding,rep_1,3,2
test,3,0,86986,86986,125287,4,13,534,3.25,8,23,3,97.2,9,54.0,222.0,168.0,1.3214285714285714,120.0,0.2222222222222222,6.0,24.0,5,expanding,losing_streak_fitness,expanding,rep_1,4,4
train,3,0,86986,86986,125287,4,13,534,3.25,8,23,3,637.2793735874401,5,285.0,333.0,48.0,6.9375,24.0,0.6,57.0,24.0,1,expanding,losing_streak_fitness,expanding,rep_1,4,4
test,3,0,86986,86986,125287,4,13,534,3.25,8,23,3,97.2,9,54.0,222.0,168.0,1.3214285714285714,120.0,0.2222222222222222,6.0,24.0,5,expanding,losing_streak_fitness,expanding,rep_1,5,4
train,3,0,86986,86986,125287,4,13,534,3.25,8,23,3,637.2793735874401,5,285.0,333.0,48.0,6.9375,24.0,0.6,57.0,24.0,1,expanding,losing_streak_fitness,expanding,rep_1,5,4
test,3,0,86986,86986,125287,4,13,534,3.25,8,23,3,97.2,9,54.0,222.0,168.0,1.3214285714285714,120.0,0.2222222222222222,6.0,24.0,5,expanding,losing_streak_fitness,expanding,rep_1,6,4
train,3,0,86986,86986,125287,4,13,534,3.25,8,23,3,637.2793735874401,5,285.0,333.0,48.0,6.9375,24.0,0.6,57.0,24.0,1,expanding,losing_streak_fitness,expanding,rep_1,6,4
test,3,0,86986,86986,125287,7,12,534,4.25,8,23,3,165.46298679765215,8,78.0,222.0,144.0,1.5416666666666667,96.0,0.25,9.75,24.0,4,expanding,losing_streak_fitness,expanding,rep_1,7,7
train,3,0,86986,86986,125287,7,12,534,4.25,8,23,3,639.3168228664094,6,261.0,333.0,72.0,4.625,24.0,0.5,43.5,24.0,1,expanding,losing_streak_fitness,expanding,rep_1,7,7
test,3,0,86986,86986,125287,7,12,534,4.25,8,23,3,165.46298679765215,8,78.0,222.0,144.0,1.5416666666666667,96.0,0.25,9.75,24.0,4,expanding,losing_streak_fitness,expanding,rep_1,8,7
train,3,0,86986,86986,125287,7,12,534,4.25,8,23,3,639.3168228664094,6,261.0,333.0,72.0,4.625,24.0,0.5,43.5,24.0,1,expanding,losing_streak_fitness,expanding,rep_1,8,7
test,3,0,86986,86986,125287,7,12,534,4.25,8,23,3,165.46298679765215,8,78.0,222.0,144.0,1.5416666666666667,96.0,0.25,9.75,24.0,4,expanding,losing_streak_fitness,expanding,rep_1,9,7
train,3,0,86986,86986,125287,7,12,534,4.25,8,23,3,639.3168228664094,6,261.0,333.0,72.0,4.625,24.0,0.5,43.5,24.0,1,expanding,losing_streak_fitness,expanding,rep_1,9,7
test,3,0,86986,86986,125287,7,12,534,4.25,8,23,3,165.46298679765215,8,78.0,222.0,144.0,1.5416666666666667,96.0,0.25,9.75,24.0,4,expanding,losing_streak_fitness,expanding,rep_1,10,7
train,3,0,86986,86986,125287,7,12,534,4.25,8,23,3,639.3168228664094,6,261.0,333.0,72.0,4.625,24.0,0.5,43.5,24.0,1,expanding,losing_streak_fitness,expanding,rep_1,10,7
test,3,0,86986,86986,125287,7,12,534,4.25,8,23,3,165.46298679765215,8,78.0,222.0,144.0,1.5416666666666667,96.0,0.25,9.75,24.0,4,expanding,losing_streak_fitness,expanding,rep_1,11,7
train,3,0,86986,86986,125287,7,12,534,4.25,8,23,3,639.3168228664094,6,261.0,333.0,72.0,4.625,24.0,0.5,43.5,24.0,1,expanding,losing_streak_fitness,expanding,rep_1,11,7
test,3,0,86986,86986,125287,12,13,534,3.5,7,23,2,160.2,9,89.0,222.0,133.0,1.669172932330827,95.0,0.2222222222222222,9.88888888888889,19.0,5,expanding,losing_streak_fitness,expanding,rep_1,12,12
train,3,0,86986,86986,125287,12,13,534,3.5,7,23,2,659.640053362438,5,295.0,333.0,38.0,8.763157894736842,19.0,0.6,59.0,19.0,1,expanding,losing_streak_fitness,expanding,rep_1,12,12
test,3,0,86986,86986,125287,12,13,534,3.5,7,23,2,160.2,9,89.0,222.0,133.0,1.669172932330827,95.0,0.2222222222222222,9.88888888888889,19.0,5,expanding,losing_streak_fitness,expanding,rep_1,13,12
train,3,0,86986,86986,125287,12,13,534,3.5,7,23,2,659.640053362438,5,295.0,333.0,38.0,8.763157894736842,19.0,0.6,59.0,19.0,1,expanding,losing_streak_fitness,expanding,rep_1,13,12
test,3,0,86986,86986,125287,12,13,534,3.5,7,23,2,160.2,9,89.0,222.0,133.0,1.669172932330827,95.0,0.2222222222222222,9.88888888888889,19.0,5,expanding,losing_streak_fitness,expanding,rep_1,14,12
train,3,0,86986,86986,125287,12,13,534,3.5,7,23,2,659.640053362438,5,295.0,333.0,38.0,8.763157894736842,19.0,0.6,59.0,19.0,1,expanding,losing_streak_fitness,expanding,rep_1,14,12
test,3,0,86986,86986,125287,12,13,534,3.5,7,23,2,160.2,9,89.0,222.0,133.0,1.669172932330827,95.0,0.2222222222222222,9.88888888888889,19.0,5,expanding,losing_streak_fitness,expanding,rep_1,15,12
train,3,0,86986,86986,125287,12,13,534,3.5,7,23,2,659.640053362438,5,295.0,333.0,38.0,8.763157894736842,19.0,0.6,59.0,19.0,1,expanding,losing_streak_fitness,expanding,rep_1,15,12
test,3,0,86986,86986,125287,12,13,534,3.5,7,23,2,160.2,9,89.0,222.0,133.0,1.669172932330827,95.0,0.2222222222222222,9.88888888888889,19.0,5,expanding,losing_streak_fitness,expanding,rep_1,16,12
train,3,0,86986,86986,125287,12,13,534,3.5,7,23,2,659.640053362438,5,295.0,333.0,38.0,8.763157894736842,19.0,0.6,59.0,19.0,1,expanding,losing_streak_fitness,expanding,rep_1,16,12
test,3,0,86986,86986,125287,17,12,534,4.25,8,23,2,229.10259710444143,8,108.0,222.0,114.0,1.947368421052632,76.0,0.25,13.5,19.0,4,expanding,losing_streak_fitness,expanding,rep_1,17,17
train,3,0,86986,86986,125287,17,12,534,4.25,8,23,2,676.0591690081571,6,276.0,333.0,57.0,5.842105263157895,19.0,0.5,46.0,19.0,1,expanding,losing_streak_fitness,expanding,rep_1,17,17
test,3,0,86986,86986,125287,17,12,534,4.25,8,23,2,229.10259710444143,8,108.0,222.0,114.0,1.947368421052632,76.0,0.25,13.5,19.0,4,expanding,losing_streak_fitness,expanding,rep_1,18,17
train,3,0,86986,86986,125287,17,12,534,4.25,8,23,2,676.0591690081571,6,276.0,333.0,57.0,5.842105263157895,19.0,0.5,46.0,19.0,1,expanding,losing_streak_fitness,expanding,rep_1,18,17
test,3,0,86986,86986,125287,17,12,534,4.25,8,23,2,229.10259710444143,8,108.0,222.0,114.0,1.947368421052632,76.0,0.25,13.5,19.0,4,expanding,losing_streak_fitness,expanding,rep_1,19,17
train,3,0,86986,86986,125287,17,12,534,4.25,8,23,2,676.0591690081571,6,276.0,333.0,57.0,5.842105263157895,19.0,0.5,46.0,19.0,1,expanding,losing_streak_fitness,expanding,rep_1,19,17
test,3,0,86986,86986,125287,17,12,534,4.25,8,23,2,229.10259710444143,8,108.0,222.0,114.0,1.947368421052632,76.0,0.25,13.5,19.0,4,expanding,losing_streak_fitness,expanding,rep_1,20,17
train,3,0,86986,86986,125287,17,12,534,4.25,8,23,2,676.0591690081571,6,276.0,333.0,57.0,5.842105263157895,19.0,0.5,46.0,19.0,1,expanding,losing_streak_fitness,expanding,rep_1,20,17
test,3,0,86986,86986,125287,17,12,534,4.25,8,23,2,229.10259710444143,8,108.0,222.0,114.0,1.947368421052632,76.0,0.25,13.5,19.0,4,expanding,losing_streak_fitness,expanding,rep_1,21,17
train,3,0,86986,86986,125287,17,12,534,4.25,8,23,2,676.0591690081571,6,276.0,333.0,57.0,5.842105263157895,19.0,0.5,46.0,19.0,1,expanding,losing_streak_fitness,expanding,rep_1,21,17
test,3,0,86986,86986,125287,17,12,534,4.25,8,23,2,229.10259710444143,8,108.0,222.0,114.0,1.947368421052632,76.0,0.25,13.5,19.0,4,expanding,losing_streak_fitness,expanding,rep_1,22,17
train,3,0,86986,86986,125287,17,12,534,4.25,8,23,2,676.0591690081571,6,276.0,333.0,57.0,5.842105263157895,19.0,0.5,46.0,19.0,1,expanding,losing_streak_fitness,expanding,rep_1,22,17
test,3,0,86986,86986,125287,17,12,534,4.25,8,23,2,229.10259710444143,8,108.0,222.0,114.0,1.947368421052632,76.0,0.25,13.5,19.0,4,expanding,losing_streak_fitness,expanding,rep_1,23,17
train,3,0,86986,86986,125287,17,12,534,4.25,8,23,2,676.0591690081571,6,276.0,333.0,57.0,5.842105263157895,19.0,0.5,46.0,19.0,1,expanding,losing_streak_fitness,expanding,rep_1,23,17
test,3,0,86986,86986,125287,17,12,534,4.25,8,23,2,229.10259710444143,8,108.0,222.0,114.0,1.947368421052632,76.0,0.25,13.5,19.0,4,expanding,losing_streak_fitness,expanding,rep_1,24,17
train,3,0,86986,86986,125287,17,12,534,4.25,8,23,2,676.0591690081571,6,276.0,333.0,57.0,5.842105263157895,19.0,0.5,46.0,19.0,1,expanding,losing_streak_fitness,expanding,rep_1,24,17
test,3,0,86986,86986,125287,17,12,534,4.25,8,23,2,229.10259710444143,8,108.0,222.0,114.0,1.947368421052632,76.0,0.25,13.5,19.0,4,expanding,losing_streak_fitness,expanding,rep_1,25,17
train,3,0,86986,86986,125287,17,12,534,4.25,8,23,2,676.0591690081571,6,276.0,333.0,57.0,5.842105263157895,19.0,0.5,46.0,19.0,1,expanding,losing_streak_fitness,expanding,rep_1,25,17
test,3,0,86986,86986,125287,17,12,534,4.25,8,23,2,229.10259710444143,8,108.0,222.0,114.0,1.947368421052632,76.0,0.25,13.5,19.0,4,expanding,losing_streak_fitness,expanding,rep_1,26,17
train,3,0,86986,86986,125287,17,12,534,4.25,8,23,2,676.0591690081571,6,276.0,333.0,57.0,5.842105263157895,19.0,0.5,46.0,19.0,1,expanding,losing_streak_fitness,expanding,rep_1,26,17
test,3,0,86986,86986,125287,17,12,534,4.25,8,23,2,229.10259710444143,8,108.0,222.0,114.0,1.947368421052632,76.0,0.25,13.5,19.0,4,expanding,losing_streak_fitness,expanding,rep_1,27,17
train,3,0,86986,86986,125287,17,12,534,4.25,8,23,2,676.0591690081571,6,276.0,333.0,57.0,5.842105263157895,19.0,0.5,46.0,19.0,1,expanding,losing_streak_fitness,expanding,rep_1,27,17
test,3,0,86986,86986,125287,17,12,534,4.25,8,23,2,229.10259710444143,8,108.0,222.0,114.0,1.947368421052632,76.0,0.25,13.5,19.0,4,expanding,losing_streak_fitness,expanding,rep_1,28,17
train,3,0,86986,86986,125287,17,12,534,4.25,8,23,2,676.0591690081571,6,276.0,333.0,57.0,5.842105263157895,19.0,0.5,46.0,19.0,1,expanding,losing_streak_fitness,expanding,rep_1,28,17
test,3,0,86986,86986,125287,17,12,534,4.25,8,23,2,229.10259710444143,8,108.0,222.0,114.0,1.947368421052632,76.0,0.25,13.5,19.0,4,expanding,losing_streak_fitness,expanding,rep_1,29,17
train,3,0,86986,86986,125287,17,12,534,4.25,8,23,2,676.0591690081571,6,276.0,333.0,57.0,5.842105263157895,19.0,0.5,46.0,19.0,1,expanding,losing_streak_fitness,expanding,rep_1,29,17
test,3,0,86986,86986,125287,17,12,534,4.25,8,23,2,229.10259710444143,8,108.0,222.0,114.0,1.947368421052632,76.0,0.25,13.5,19.0,4,expanding,losing_streak_fitness,expanding,rep_1,30,17
train,3,0,86986,86986,125287,17,12,534,4.25,8,23,2,676.0591690081571,6,276.0,333.0,57.0,5.842105263157895,19.0,0.5,46.0,19.0,1,expanding,losing_streak_fitness,expanding,rep_1,30,17
test,3,0,86986,86986,125287,17,12,534,4.25,8,23,2,229.10259710444143,8,108.0,222.0,114.0,1.947368421052632,76.0,0.25,13.5,19.0,4,expanding,losing_streak_fitness,expanding,rep_1,31,17
train,3,0,86986,86986,125287,17,12,534,4.25,8,23,2,676.0591690081571,6,276.0,333.0,57.0,5.842105263157895,19.0,0.5,46.0,19.0,1,expanding,losing_streak_fitness,expanding,rep_1,31,17
test,3,0,86986,86986,125287,17,12,534,4.25,8,23,2,229.10259710444143,8,108.0,222.0,114.0,1.947368421052632,76.0,0.25,13.5,19.0,4,expanding,losing_streak_fitness,expanding,rep_1,32,17
train,3,0,86986,86986,125287,17,12,534,4.25,8,23,2,676.0591690081571,6,276.0,333.0,57.0,5.842105263157895,19.0,0.5,46.0,19.0,1,expanding,losing_streak_fitness,expanding,rep_1,32,17
test,3,0,86986,86986,125287,17,12,534,4.25,8,23,2,229.10259710444143,8,108.0,222.0,114.0,1.947368421052632,76.0,0.25,13.5,19.0,4,expanding,losing_streak_fitness,expanding,rep_1,33,17
train,3,0,86986,86986,125287,17,12,534,4.25,8,23,2,676.0591690081571,6,276.0,333.0,57.0,5.842105263157895,19.0,0.5,46.0,19.0,1,expanding,losing_streak_fitness,expanding,rep_1,33,17
test,3,0,86986,86986,125287,17,12,534,4.25,8,23,2,229.10259710444143,8,108.0,222.0,114.0,1.947368421052632,76.0,0.25,13.5,19.0,4,expanding,losing_streak_fitness,expanding,rep_1,34,17
train,3,0,86986,86986,125287,17,12,534,4.25,8,23,2,676.0591690081571,6,276.0,333.0,57.0,5.842105263157895,19.0,0.5,46.0,19.0,1,expanding,losing_streak_fitness,expanding,rep_1,34,17
test,3,0,86986,86986,125287,17,12,534,4.25,8,23,2,229.10259710444143,8,108.0,222.0,114.0,1.947368421052632,76.0,0.25,13.5,19.0,4,expanding,losing_streak_fitness,expanding,rep_1,35,17
train,3,0,86986,86986,125287,17,12,534,4.25,8,23,2,676.0591690081571,6,276.0,333.0,57.0,5.842105263157895,19.0,0.5,46.0,19.0,1,expanding,losing_streak_fitness,expanding,rep_1,35,17
test,3,0,86986,86986,125287,17,12,534,4.25,8,23,2,229.10259710444143,8,108.0,222.0,114.0,1.947368421052632,76.0,0.25,13.5,19.0,4,expanding,losing_streak_fitness,expanding,rep_1,36,17
train,3,0,86986,86986,125287,17,12,534,4.25,8,23,2,676.0591690081571,6,276.0,333.0,57.0,5.842105263157895,19.0,0.5,46.0,19.0,1,expanding,losing_streak_fitness,expanding,rep_1,36,17
test,3,0,86986,86986,125287,17,12,534,4.25,8,23,2,229.10259710444143,8,108.0,222.0,114.0,1.947368421052632,76.0,0.25,13.5,19.0,4,expanding,losing_streak_fitness,expanding,rep_1,37,17
train,3,0,86986,86986,125287,17,12,534,4.25,8,23,2,676.0591690081571,6,276.0,333.0,57.0,5.842105263157895,19.0,0.5,46.0,19.0,1,expanding,losing_streak_fitness,expanding,rep_1,37,17
test,3,0,86986,86986,125287,17,12,534,4.25,8,23,2,229.10259710444143,8,108.0,222.0,114.0,1.947368421052632,76.0,0.25,13.5,19.0,4,expanding,losing_streak_fitness,expanding,rep_1,38,17
train,3,0,86986,86986,125287,17,12,534,4.25,8,23,2,676.0591690081571,6,276.0,333.0,57.0,5.842105263157895,19.0,0.5,46.0,19.0,1,expanding,losing_streak_fitness,expanding,rep_1,38,17
test,3,0,86986,86986,125287,17,12,534,4.25,8,23,2,229.10259710444143,8,108.0,222.0,114.0,1.947368421052632,76.0,0.25,13.5,19.0,4,expanding,losing_streak_fitness,expanding,rep_1,39,17
train,3,0,86986,86986,125287,17,12,534,4.25,8,23,2,676.0591690081571,6,276.0,333.0,57.0,5.842105263157895,19.0,0.5,46.0,19.0,1,expanding,losing_streak_fitness,expanding,rep_1,39,17
test,3,0,86986,86986,125287,17,12,534,4.25,8,23,2,229.10259710444143,8,108.0,222.0,114.0,1.947368421052632,76.0,0.25,13.5,19.0,4,expanding,losing_streak_fitness,expanding,rep_1,40,17
train,3,0,86986,86986,125287,17,12,534,4.25,8,23,2,676.0591690081571,6,276.0,333.0,57.0,5.842105263157895,19.0,0.5,46.0,19.0,1,expanding,losing_streak_fitness,expanding,rep_1,40,17
test,3,0,86986,86986,125287,17,12,534,4.25,8,23,2,229.10259710444143,8,108.0,222.0,114.0,1.947368421052632,76.0,0.25,13.5,19.0,4,expanding,losing_streak_fitness,expanding,rep_1,41,17
train,3,0,86986,86986,125287,17,12,534,4.25,8,23,2,676.0591690081571,6,276.0,333.0,57.0,5.842105263157895,19.0,0.5,46.0,19.0,1,expanding,losing_streak_fitness,expanding,rep_1,41,17
test,3,0,86986,86986,125287,17,12,534,4.25,8,23,2,229.10259710444143,8,108.0,222.0,114.0,1.947368421052632,76.0,0.25,13.5,19.0,4,expanding,losing_streak_fitness,expanding,rep_1,42,17
train,3,0,86986,86986,125287,17,12,534,4.25,8,23,2,676.0591690081571,6,276.0,333.0,57.0,5.842105263157895,19.0,0.5,46.0,19.0,1,expanding,losing_streak_fitness,expanding,rep_1,42,17
test,3,0,86986,86986,125287,17,12,534,4.25,8,23,2,229.10259710444143,8,108.0,222.0,114.0,1.947368421052632,76.0,0.25,13.5,19.0,4,expanding,losing_streak_fitness,expanding,rep_1,43,17
train,3,0,86986,86986,125287,17,12,534,4.25,8,23,2,676.0591690081571,6,276.0,333.0,57.0,5.842105263157895,19.0,0.5,46.0,19.0,1,expanding,losing_streak_fitness,expanding,rep_1,43,17
test,3,0,86986,86986,125287,17,12,534,4.25,8,23,2,229.10259710444143,8,108.0,222.0,114.0,1.947368421052632,76.0,0.25,13.5,19.0,4,expanding,losing_streak_fitness,expanding,rep_1,44,17
train,3,0,86986,86986,125287,17,12,534,4.25,8,23,2,676.0591690081571,6,276.0,333.0,57.0,5.842105263157895,19.0,0.5,46.0,19.0,1,expanding,losing_streak_fitness,expanding,rep_1,44,17
test,3,0,86986,86986,125287,17,12,534,4.25,8,23,2,229.10259710444143,8,108.0,222.0,114.0,1.947368421052632,76.0,0.25,13.5,19.0,4,expanding,losing_streak_fitness,expanding,rep_1,45,17
train,3,0,86986,86986,125287,17,12,534,4.25,8,23,2,676.0591690081571,6,276.0,333.0,57.0,5.842105263157895,19.0,0.5,46.0,19.0,1,expanding,losing_streak_fitness,expanding,rep_1,45,17
test,3,0,86986,86986,125287,17,12,534,4.25,8,23,2,229.10259710444143,8,108.0,222.0,114.0,1.947368421052632,76.0,0.25,13.5,19.0,4,expanding,losing_streak_fitness,expanding,rep_1,46,17
train,3,0,86986,86986,125287,17,12,534,4.25,8,23,2,676.0591690081571,6,276.0,333.0,57.0,5.842105263157895,19.0,0.5,46.0,19.0,1,expanding,losing_streak_fitness,expanding,rep_1,46,17
test,3,0,86986,86986,125287,17,12,534,4.25,8,23,2,229.10259710444143,8,108.0,222.0,114.0,1.947368421052632,76.0,0.25,13.5,19.0,4,expanding,losing_streak_fitness,expanding,rep_1,47,17
train,3,0,86986,86986,125287,17,12,534,4.25,8,23,2,676.0591690081571,6,276.0,333.0,57.0,5.842105263157895,19.0,0.5,46.0,19.0,1,expanding,losing_streak_fitness,expanding,rep_1,47,17
test,3,0,86986,86986,125287,17,12,534,4.25,8,23,2,229.10259710444143,8,108.0,222.0,114.0,1.947368421052632,76.0,0.25,13.5,19.0,4,expanding,losing_streak_fitness,expanding,rep_1,48,17
train,3,0,86986,86986,125287,17,12,534,4.25,8,23,2,676.0591690081571,6,276.0,333.0,57.0,5.842105263157895,19.0,0.5,46.0,19.0,1,expanding,losing_streak_fitness,expanding,rep_1,48,17
test,3,0,86986,86986,125287,17,12,534,4.25,8,23,2,229.10259710444143,8,108.0,222.0,114.0,1.947368421052632,76.0,0.25,13.5,19.0,4,expanding,losing_streak_fitness,expanding,rep_1,49,17
train,3,0,86986,86986,125287,17,12,534,4.25,8,23,2,676.0591690081571,6,276.0,333.0,57.0,5.842105263157895,19.0,0.5,46.0,19.0,1,expanding,losing_streak_fitness,expanding,rep_1,49,17
test,3,0,86986,86986,125287,17,12,534,4.25,8,23,2,229.10259710444143,8,108.0,222.0,114.0,1.947368421052632,76.0,0.25,13.5,19.0,4,expanding,losing_streak_fitness,expanding,rep_1,50,17
train,3,0,86986,86986,125287,17,12,534,4.25,8,23,2,676.0591690081571,6,276.0,333.0,57.0,5.842105263157895,19.0,0.5,46.0,19.0,1,expanding,losing_streak_fitness,expanding,rep_1,50,17
test,3,0,86986,86986,125287,17,12,534,4.25,8,23,2,229.10259710444143,8,108.0,222.0,114.0,1.947368421052632,76.0,0.25,13.5,19.0,4,expanding,losing_streak_fitness,expanding,rep_1,51,17
train,3,0,86986,86986,125287,17,12,534,4.25,8,23,2,676.0591690081571,6,276.0,333.0,57.0,5.842105263157895,19.0,0.5,46.0,19.0,1,expanding,losing_streak_fitness,expanding,rep_1,51,17
test,3,0,86986,86986,125287,17,12,534,4.25,8,23,2,229.10259710444143,8,108.0,222.0,114.0,1.947368421052632,76.0,0.25,13.5,19.0,4,expanding,losing_streak_fitness,expanding,rep_1,52,17
train,3,0,86986,86986,125287,17,12,534,4.25,8,23,2,676.0591690081571,6,276.0,333.0,57.0,5.842105263157895,19.0,0.5,46.0,19.0,1,expanding,losing_streak_fitness,expanding,rep_1,52,17
test,3,0,86986,86986,125287,17,12,534,4.25,8,23,2,229.10259710444143,8,108.0,222.0,114.0,1.947368421052632,76.0,0.25,13.5,19.0,4,expanding,losing_streak_fitness,expanding,rep_1,53,17
train,3,0,86986,86986,125287,17,12,534,4.25,8,23,2,676.0591690081571,6,276.0,333.0,57.0,5.842105263157895,19.0,0.5,46.0,19.0,1,expanding,losing_streak_fitness,expanding,rep_1,53,17
test,3,0,86986,86986,125287,17,12,534,4.25,8,23,2,229.10259710444143,8,108.0,222.0,114.0,1.947368421052632,76.0,0.25,13.5,19.0,4,expanding,losing_streak_fitness,expanding,rep_1,54,17
train,3,0,86986,86986,125287,17,12,534,4.25,8,23,2,676.0591690081571,6,276.0,333.0,57.0,5.842105263157895,19.0,0.5,46.0,19.0,1,expanding,losing_streak_fitness,expanding,rep_1,54,17
test,3,0,86986,86986,125287,17,12,534,4.25,8,23,2,229.10259710444143,8,108.0,222.0,114.0,1.947368421052632,76.0,0.25,13.5,19.0,4,expanding,losing_streak_fitness,expanding,rep_1,55,17
train,3,0,86986,86986,125287,17,12,534,4.25,8,23,2,676.0591690081571,6,276.0,333.0,57.0,5.842105263157895,19.0,0.5,46.0,19.0,1,expanding,losing_streak_fitness,expanding,rep_1,55,17
test,3,0,86986,86986,125287,17,12,534,4.25,8,23,2,229.10259710444143,8,108.0,222.0,114.0,1.947368421052632,76.0,0.25,13.5,19.0,4,expanding,losing_streak_fitness,expanding,rep_1,56,17
train,3,0,86986,86986,125287,17,12,534,4.25,8,23,2,676.0591690081571,6,276.0,333.0,57.0,5.842105263157895,19.0,0.5,46.0,19.0,1,expanding,losing_streak_fitness,expanding,rep_1,56,17
test,3,0,86986,86986,125287,17,12,534,4.25,8,23,2,229.10259710444143,8,108.0,222.0,114.0,1.947368421052632,76.0,0.25,13.5,19.0,4,expanding,losing_streak_fitness,expanding,rep_1,57,17
train,3,0,86986,86986,125287,17,12,534,4.25,8,23,2,676.0591690081571,6,276.0,333.0,57.0,5.842105263157895,19.0,0.5,46.0,19.0,1,expanding,losing_streak_fitness,expanding,rep_1,57,17
test,3,0,86986,86986,125287,17,12,534,4.25,8,23,2,229.10259710444143,8,108.0,222.0,114.0,1.947368421052632,76.0,0.25,13.5,19.0,4,expanding,losing_streak_fitness,expanding,rep_1,58,17
train,3,0,86986,86986,125287,17,12,534,4.25,8,23,2,676.0591690081571,6,276.0,333.0,57.0,5.842105263157895,19.0,0.5,46.0,19.0,1,expanding,losing_streak_fitness,expanding,rep_1,58,17
test,3,0,86986,86986,125287,17,12,534,4.25,8,23,2,229.10259710444143,8,108.0,222.0,114.0,1.947368421052632,76.0,0.25,13.5,19.0,4,expanding,losing_streak_fitness,expanding,rep_1,59,17
train,3,0,86986,86986,125287,17,12,534,4.25,8,23,2,676.0591690081571,6,276.0,333.0,57.0,5.842105263157895,19.0,0.5,46.0,19.0,1,expanding,losing_streak_fitness,expanding,rep_1,59,17
test,3,0,86986,86986,125287,17,12,534,4.25,8,23,2,229.10259710444143,8,108.0,222.0,114.0,1.947368421052632,76.0,0.25,13.5,19.0,4,expanding,losing_streak_fitness,expanding,rep_1,60,17
train,3,0,86986,86986,125287,17,12,534,4.25,8,23,2,676.0591690081571,6,276.0,333.0,57.0,5.842105263157895,19.0,0.5,46.0,19.0,1,expanding,losing_streak_fitness,expanding,rep_1,60,17
test,3,0,86986,86986,125287,17,12,534,4.25,8,23,2,229.10259710444143,8,108.0,222.0,114.0,1.947368421052632,76.0,0.25,13.5,19.0,4,expanding,losing_streak_fitness,expanding,rep_1,61,17
train,3,0,86986,86986,125287,17,12,534,4.25,8,23,2,676.0591690081571,6,276.0,333.0,57.0,5.842105263157895,19.0,0.5,46.0,19.0,1,expanding,losing_streak_fitness,expanding,rep_1,61,17
test,3,0,86986,86986,125287,17,12,534,4.25,8,23,2,229.10259710444143,8,108.0,222.0,114.0,1.947368421052632,76.0,0.25,13.5,19.0,4,expanding,losing_streak_fitness,expanding,rep_1,62,17
train,3,0,86986,86986,125287,17,12,534,4.25,8,23,2,676.0591690081571,6,276.0,333.0,57.0,5.842105263157895,19.0,0.5,46.0,19.0,1,expanding,losing_streak_fitness,expanding,rep_1,62,17
test,3,0,86986,86986,125287,17,12,534,4.25,8,23,2,229.10259710444143,8,108.0,222.0,114.0,1.947368421052632,76.0,0.25,13.5,19.0,4,expanding,losing_streak_fitness,expanding,rep_1,63,17
train,3,0,86986,86986,125287,17,12,534,4.25,8,23,2,676.0591690081571,6,276.0,333.0,57.0,5.842105263157895,19.0,0.5,46.0,19.0,1,expanding,losing_streak_fitness,expanding,rep_1,63,17
test,3,0,86986,86986,125287,17,12,534,4.25,8,23,2,229.10259710444143,8,108.0,222.0,114.0,1.947368421052632,76.0,0.25,13.5,19.0,4,expanding,losing_streak_fitness,expanding,rep_1,64,17
train,3,0,86986,86986,125287,17,12,534,4.25,8,23,2,676.0591690081571,6,276.0,333.0,57.0,5.842105263157895,19.0,0.5,46.0,19.0,1,expanding,losing_streak_fitness,expanding,rep_1,64,17
test,3,0,86986,86986,125287,17,12,534,4.25,8,23,2,229.10259710444143,8,108.0,222.0,114.0,1.947368421052632,76.0,0.25,13.5,19.0,4,expanding,losing_streak_fitness,expanding,rep_1,65,17
train,3,0,86986,86986,125287,17,12,534,4.25,8,23,2,676.0591690081571,6,276.0,333.0,57.0,5.842105263157895,19.0,0.5,46.0,19.0,1,expanding,losing_streak_fitness,expanding,rep_1,65,17
test,3,0,86986,86986,125287,17,12,534,4.25,8,23,2,229.10259710444143,8,108.0,222.0,114.0,1.947368421052632,76.0,0.25,13.5,19.0,4,expanding,losing_streak_fitness,expanding,rep_1,66,17
train,3,0,86986,86986,125287,17,12,534,4.25,8,23,2,676.0591690081571,6,276.0,333.0,57.0,5.842105263157895,19.0,0.5,46.0,19.0,1,expanding,losing_streak_fitness,expanding,rep_1,66,17
test,3,0,86986,86986,125287,17,12,534,4.25,8,23,2,229.10259710444143,8,108.0,222.0,114.0,1.947368421052632,76.0,0.25,13.5,19.0,4,expanding,losing_streak_fitness,expanding,rep_1,67,17
train,3,0,86986,86986,125287,17,12,534,4.25,8,23,2,676.0591690081571,6,276.0,333.0,57.0,5.842105263157895,19.0,0.5,46.0,19.0,1,expanding,losing_streak_fitness,expanding,rep_1,67,17
test,3,0,86986,86986,125287,17,12,534,4.25,8,23,2,229.10259710444143,8,108.0,222.0,114.0,1.947368421052632,76.0,0.25,13.5,19.0,4,expanding,losing_streak_fitness,expanding,rep_1,68,17
train,3,0,86986,86986,125287,17,12,534,4.25,8,23,2,676.0591690081571,6,276.0,333.0,57.0,5.842105263157895,19.0,0.5,46.0,19.0,1,expanding,losing_streak_fitness,expanding,rep_1,68,17
test,3,0,86986,86986,125287,17,12,534,4.25,8,23,2,229.10259710444143,8,108.0,222.0,114.0,1.947368421052632,76.0,0.25,13.5,19.0,4,expanding,losing_streak_fitness,expanding,rep_1,69,17
train,3,0,86986,86986,125287,17,12,534,4.25,8,23,2,676.0591690081571,6,276.0,333.0,57.0,5.842105263157895,19.0,0.5,46.0,19.0,1,expanding,losing_streak_fitness,expanding,rep_1,69,17
test,3,0,86986,86986,125287,17,12,534,4.25,8,23,2,229.10259710444143,8,108.0,222.0,114.0,1.947368421052632,76.0,0.25,13.5,19.0,4,expanding,losing_streak_fitness,expanding,rep_1,70,17
train,3,0,86986,86986,125287,17,12,534,4.25,8,23,2,676.0591690081571,6,276.0,333.0,57.0,5.842105263157895,19.0,0.5,46.0,19.0,1,expanding,losing_streak_fitness,expanding,rep_1,70,17
test,3,0,86986,86986,125287,17,12,534,4.25,8,23,2,229.10259710444143,8,108.0,222.0,114.0,1.947368421052632,76.0,0.25,13.5,19.0,4,expanding,losing_streak_fitness,expanding,rep_1,71,17
train,3,0,86986,86986,125287,17,12,534,4.25,8,23,2,676.0591690081571,6,276.0,333.0,57.0,5.842105263157895,19.0,0.5,46.0,19.0,1,expanding,losing_streak_fitness,expanding,rep_1,71,17
test,3,0,86986,86986,125287,17,12,534,4.25,8,23,2,229.10259710444143,8,108.0,222.0,114.0,1.947368421052632,76.0,0.25,13.5,19.0,4,expanding,losing_streak_fitness,expanding,rep_1,72,17
train,3,0,86986,86986,125287,17,12,534,4.25,8,23,2,676.0591690081571,6,276.0,333.0,57.0,5.842105263157895,19.0,0.5,46.0,19.0,1,expanding,losing_streak_fitness,expanding,rep_1,72,17
test,3,0,86986,86986,125287,17,12,534,4.25,8,23,2,229.10259710444143,8,108.0,222.0,114.0,1.947368421052632,76.0,0.25,13.5,19.0,4,expanding,losing_streak_fitness,expanding,rep_1,73,17
train,3,0,86986,86986,125287,17,12,534,4.25,8,23,2,676.0591690081571,6,276.0,333.0,57.0,5.842105263157895,19.0,0.5,46.0,19.0,1,expanding,losing_streak_fitness,expanding,rep_1,73,17
test,3,0,86986,86986,125287,17,12,534,4.25,8,23,2,229.10259710444143,8,108.0,222.0,114.0,1.947368421052632,76.0,0.25,13.5,19.0,4,expanding,losing_streak_fitness,expanding,rep_1,74,17
train,3,0,86986,86986,125287,17,12,534,4.25,8,23,2,676.0591690081571,6,276.0,333.0,57.0,5.842105263157895,19.0,0.5,46.0,19.0,1,expanding,losing_streak_fitness,expanding,rep_1,74,17
test,3,0,86986,86986,125287,17,12,534,4.25,8,23,2,229.10259710444143,8,108.0,222.0,114.0,1.947368421052632,76.0,0.25,13.5,19.0,4,expanding,losing_streak_fitness,expanding,rep_1,75,17
train,3,0,86986,86986,125287,17,12,534,4.25,8,23,2,676.0591690081571,6,276.0,333.0,57.0,5.842105263157895,19.0,0.5,46.0,19.0,1,expanding,losing_streak_fitness,expanding,rep_1,75,17
test,3,0,86986,86986,125287,17,12,534,4.25,8,23,2,229.10259710444143,8,108.0,222.0,114.0,1.947368421052632,76.0,0.25,13.5,19.0,4,expanding,losing_streak_fitness,expanding,rep_1,76,17
train,3,0,86986,86986,125287,17,12,534,4.25,8,23,2,676.0591690081571,6,276.0,333.0,57.0,5.842105263157895,19.0,0.5,46.0,19.0,1,expanding,losing_streak_fitness,expanding,rep_1,76,17
test,3,0,86986,86986,125287,17,12,534,4.25,8,23,2,229.10259710444143,8,108.0,222.0,114.0,1.947368421052632,76.0,0.25,13.5,19.0,4,expanding,losing_streak_fitness,expanding,rep_1,77,17
train,3,0,86986,86986,125287,17,12,534,4.25,8,23,2,676.0591690081571,6,276.0,333.0,57.0,5.842105263157895,19.0,0.5,46.0,19.0,1,expanding,losing_streak_fitness,expanding,rep_1,77,17
test,3,0,86986,86986,125287,17,12,534,4.25,8,23,2,229.10259710444143,8,108.0,222.0,114.0,1.947368421052632,76.0,0.25,13.5,19.0,4,expanding,losing_streak_fitness,expanding,rep_1,78,17
train,3,0,86986,86986,125287,17,12,534,4.25,8,23,2,676.0591690081571,6,276.0,333.0,57.0,5.842105263157895,19.0,0.5,46.0,19.0,1,expanding,losing_streak_fitness,expanding,rep_1,78,17
test,3,0,86986,86986,125287,17,12,534,4.25,8,23,2,229.10259710444143,8,108.0,222.0,114.0,1.947368421052632,76.0,0.25,13.5,19.0,4,expanding,losing_streak_fitness,expanding,rep_1,79,17
train,3,0,86986,86986,125287,17,12,534,4.25,8,23,2,676.0591690081571,6,276.0,333.0,57.0,5.842105263157895,19.0,0.5,46.0,19.0,1,expanding,losing_streak_fitness,expanding,rep_1,79,17
test,3,0,86986,86986,125287,17,12,534,4.25,8,23,2,229.10259710444143,8,108.0,222.0,114.0,1.947368421052632,76.0,0.25,13.5,19.0,4,expanding,losing_streak_fitness,expanding,rep_1,80,17
train,3,0,86986,86986,125287,17,12,534,4.25,8,23,2,676.0591690081571,6,276.0,333.0,57.0,5.842105263157895,19.0,0.5,46.0,19.0,1,expanding,losing_streak_fitness,expanding,rep_1,80,17
test,3,0,86986,86986,125287,17,12,534,4.25,8,23,2,229.10259710444143,8,108.0,222.0,114.0,1.947368421052632,76.0,0.25,13.5,19.0,4,expanding,losing_streak_fitness,expanding,rep_1,81,17
train,3,0,86986,86986,125287,17,12,534,4.25,8,23,2,676.0591690081571,6,276.0,333.0,57.0,5.842105263157895,19.0,0.5,46.0,19.0,1,expanding,losing_streak_fitness,expanding,rep_1,81,17
test,3,0,86986,86986,125287,17,12,534,4.25,8,23,2,229.10259710444143,8,108.0,222.0,114.0,1.947368421052632,76.0,0.25,13.5,19.0,4,expanding,losing_streak_fitness,expanding,rep_1,82,17
train,3,0,86986,86986,125287,17,12,534,4.25,8,23,2,676.0591690081571,6,276.0,333.0,57.0,5.842105263157895,19.0,0.5,46.0,19.0,1,expanding,losing_streak_fitness,expanding,rep_1,82,17
test,3,0,86986,86986,125287,17,12,534,4.25,8,23,2,229.10259710444143,8,108.0,222.0,114.0,1.947368421052632,76.0,0.25,13.5,19.0,4,expanding,losing_streak_fitness,expanding,rep_1,83,17
train,3,0,86986,86986,125287,17,12,534,4.25,8,23,2,676.0591690081571,6,276.0,333.0,57.0,5.842105263157895,19.0,0.5,46.0,19.0,1,expanding,losing_streak_fitness,expanding,rep_1,83,17
test,3,0,86986,86986,125287,17,12,534,4.25,8,23,2,229.10259710444143,8,108.0,222.0,114.0,1.947368421052632,76.0,0.25,13.5,19.0,4,expanding,losing_streak_fitness,expanding,rep_1,84,17
train,3,0,86986,86986,125287,17,12,534,4.25,8,23,2,676.0591690081571,6,276.0,333.0,57.0,5.842105263157895,19.0,0.5,46.0,19.0,1,expanding,losing_streak_fitness,expanding,rep_1,84,17
test,3,0,86986,86986,125287,17,12,534,4.25,8,23,2,229.10259710444143,8,108.0,222.0,114.0,1.947368421052632,76.0,0.25,13.5,19.0,4,expanding,losing_streak_fitness,expanding,rep_1,85,17
train,3,0,86986,86986,125287,17,12,534,4.25,8,23,2,676.0591690081571,6,276.0,333.0,57.0,5.842105263157895,19.0,0.5,46.0,19.0,1,expanding,losing_streak_fitness,expanding,rep_1,85,17
test,3,0,86986,86986,125287,17,12,534,4.25,8,23,2,229.10259710444143,8,108.0,222.0,114.0,1.947368421052632,76.0,0.25,13.5,19.0,4,expanding,losing_streak_fitness,expanding,rep_1,86,17
train,3,0,86986,86986,125287,17,12,534,4.25,8,23,2,676.0591690081571,6,276.0,333.0,57.0,5.842105263157895,19.0,0.5,46.0,19.0,1,expanding,losing_streak_fitness,expanding,rep_1,86,17
test,3,0,86986,86986,125287,17,12,534,4.25,8,23,2,229.10259710444143,8,108.0,222.0,114.0,1.947368421052632,76.0,0.25,13.5,19.0,4,expanding,losing_streak_fitness,expanding,rep_1,87,17
train,3,0,86986,86986,125287,17,12,534,4.25,8,23,2,676.0591690081571,6,276.0,333.0,57.0,5.842105263157895,19.0,0.5,46.0,19.0,1,expanding,losing_streak_fitness,expanding,rep_1,87,17
test,3,0,86986,86986,125287,17,12,534,4.25,8,23,2,229.10259710444143,8,108.0,222.0,114.0,1.947368421052632,76.0,0.25,13.5,19.0,4,expanding,losing_streak_fitness,expanding,rep_1,88,17
train,3,0,86986,86986,125287,17,12,534,4.25,8,23,2,676.0591690081571,6,276.0,333.0,57.0,5.842105263157895,19.0,0.5,46.0,19.0,1,expanding,losing_streak_fitness,expanding,rep_1,88,17
test,3,0,86986,86986,125287,17,12,534,4.25,8,23,2,229.10259710444143,8,108.0,222.0,114.0,1.947368421052632,76.0,0.25,13.5,19.0,4,expanding,losing_streak_fitness,expanding,rep_1,89,17
train,3,0,86986,86986,125287,17,12,534,4.25,8,23,2,676.0591690081571,6,276.0,333.0,57.0,5.842105263157895,19.0,0.5,46.0,19.0,1,expanding,losing_streak_fitness,expanding,rep_1,89,17
test,3,0,86986,86986,125287,17,12,534,4.25,8,23,2,229.10259710444143,8,108.0,222.0,114.0,1.947368421052632,76.0,0.25,13.5,19.0,4,expanding,losing_streak_fitness,expanding,rep_1,90,17
train,3,0,86986,86986,125287,17,12,534,4.25,8,23,2,676.0591690081571,6,276.0,333.0,57.0,5.842105263157895,19.0,0.5,46.0,19.0,1,expanding,losing_streak_fitness,expanding,rep_1,90,17
test,3,0,86986,86986,125287,17,12,534,4.25,8,23,2,229.10259710444143,8,108.0,222.0,114.0,1.947368421052632,76.0,0.25,13.5,19.0,4,expanding,losing_streak_fitness,expanding,rep_1,91,17
train,3,0,86986,86986,125287,17,12,534,4.25,8,23,2,676.0591690081571,6,276.0,333.0,57.0,5.842105263157895,19.0,0.5,46.0,19.0,1,expanding,losing_streak_fitness,expanding,rep_1,91,17
test,3,0,86986,86986,125287,17,12,534,4.25,8,23,2,229.10259710444143,8,108.0,222.0,114.0,1.947368421052632,76.0,0.25,13.5,19.0,4,expanding,losing_streak_fitness,expanding,rep_1,92,17
train,3,0,86986,86986,125287,17,12,534,4.25,8,23,2,676.0591690081571,6,276.0,333.0,57.0,5.842105263157895,19.0,0.5,46.0,19.0,1,expanding,losing_streak_fitness,expanding,rep_1,92,17
test,3,0,86986,86986,125287,17,12,534,4.25,8,23,2,229.10259710444143,8,108.0,222.0,114.0,1.947368421052632,76.0,0.25,13.5,19.0,4,expanding,losing_streak_fitness,expanding,rep_1,93,17
train,3,0,86986,86986,125287,17,12,534,4.25,8,23,2,676.0591690081571,6,276.0,333.0,57.0,5.842105263157895,19.0,0.5,46.0,19.0,1,expanding,losing_streak_fitness,expanding,rep_1,93,17
test,3,0,86986,86986,125287,17,12,534,4.25,8,23,2,229.10259710444143,8,108.0,222.0,114.0,1.947368421052632,76.0,0.25,13.5,19.0,4,expanding,losing_streak_fitness,expanding,rep_1,94,17
train,3,0,86986,86986,125287,17,12,534,4.25,8,23,2,676.0591690081571,6,276.0,333.0,57.0,5.842105263157895,19.0,0.5,46.0,19.0,1,expanding,losing_streak_fitness,expanding,rep_1,94,17
test,3,0,86986,86986,125287,17,12,534,4.25,8,23,2,229.10259710444143,8,108.0,222.0,114.0,1.947368421052632,76.0,0.25,13.5,19.0,4,expanding,losing_streak_fitness,expanding,rep_1,95,17
train,3,0,86986,86986,125287,17,12,534,4.25,8,23,2,676.0591690081571,6,276.0,333.0,57.0,5.842105263157895,19.0,0.5,46.0,19.0,1,expanding,losing_streak_fitness,expanding,rep_1,95,17
test,3,0,86986,86986,125287,17,12,534,4.25,8,23,2,229.10259710444143,8,108.0,222.0,114.0,1.947368421052632,76.0,0.25,13.5,19.0,4,expanding,losing_streak_fitness,expanding,rep_1,96,17
train,3,0,86986,86986,125287,17,12,534,4.25,8,23,2,676.0591690081571,6,276.0,333.0,57.0,5.842105263157895,19.0,0.5,46.0,19.0,1,expanding,losing_streak_fitness,expanding,rep_1,96,17
test,3,0,86986,86986,125287,17,12,534,4.25,8,23,2,229.10259710444143,8,108.0,222.0,114.0,1.947368421052632,76.0,0.25,13.5,19.0,4,expanding,losing_streak_fitness,expanding,rep_1,97,17
train,3,0,86986,86986,125287,17,12,534,4.25,8,23,2,676.0591690081571,6,276.0,333.0,57.0,5.842105263157895,19.0,0.5,46.0,19.0,1,expanding,losing_streak_fitness,expanding,rep_1,97,17
test,3,0,86986,86986,125287,17,12,534,4.25,8,23,2,229.10259710444143,8,108.0,222.0,114.0,1.947368421052632,76.0,0.25,13.5,19.0,4,expanding,losing_streak_fitness,expanding,rep_1,98,17
train,3,0,86986,86986,125287,17,12,534,4.25,8,23,2,676.0591690081571,6,276.0,333.0,57.0,5.842105263157895,19.0,0.5,46.0,19.0,1,expanding,losing_streak_fitness,expanding,rep_1,98,17
test,3,0,86986,86986,125287,17,12,534,4.25,8,23,2,229.10259710444143,8,108.0,222.0,114.0,1.947368421052632,76.0,0.25,13.5,19.0,4,expanding,losing_streak_fitness,expanding,rep_1,99,17
train,3,0,86986,86986,125287,17,12,534,4.25,8,23,2,676.0591690081571,6,276.0,333.0,57.0,5.842105263157895,19.0,0.5,46.0,19.0,1,expanding,losing_streak_fitness,expanding,rep_1,99,17
test,3,0,86986,86986,125287,17,12,534,4.25,8,23,2,229.10259710444143,8,108.0,222.0,114.0,1.947368421052632,76.0,0.25,13.5,19.0,4,expanding,losing_streak_fitness,expanding,rep_1,100,17
train,3,0,86986,86986,125287,17,12,534,4.25,8,23,2,676.0591690081571,6,276.0,333.0,57.0,5.842105263157895,19.0,0.5,46.0,19.0,1,expanding,losing_streak_fitness,expanding,rep_1,100,17
test,4,0,125287,125287,130699,0,14,1296,7.25,2,19,6,-1000.0,0,0.0,0.0,0.0,inf,0.0,0.0,0.0,0.0,0,expanding,losing_streak_fitness,expanding,rep_1,0,0
train,4,0,125287,125287,130699,0,14,1296,7.25,2,19,6,680.9816443928573,14,364.0,637.0,273.0,2.333333333333333,78.0,0.5,26.0,39.0,2,expanding,losing_streak_fitness,expanding,rep_1,0,0
test,4,0,125287,125287,130699,0,14,1296,7.25,2,19,6,-1000.0,0,0.0,0.0,0.0,inf,0.0,0.0,0.0,0.0,0,expanding,losing_streak_fitness,expanding,rep_1,1,0
train,4,0,125287,125287,130699,0,14,1296,7.25,2,19,6,680.9816443928573,14,364.0,637.0,273.0,2.333333333333333,78.0,0.5,26.0,39.0,2,expanding,losing_streak_fitness,expanding,rep_1,1,0
test,4,0,125287,125287,130699,2,14,3209,7.0,2,17,2,-1000.0,0,0.0,0.0,0.0,inf,0.0,0.0,0.0,0.0,0,expanding,losing_streak_fitness,expanding,rep_1,2,2
train,4,0,125287,125287,130699,2,14,3209,7.0,2,17,2,811.9396529299453,14,434.0,567.0,133.0,4.2631578947368425,38.0,0.5,31.0,19.0,2,expanding,losing_streak_fitness,expanding,rep_1,2,2
test,4,0,125287,125287,130699,3,14,3381,6.25,2,10,5,-1000.0,0,0.0,0.0,0.0,inf,0.0,0.0,0.0,0.0,0,expanding,losing_streak_fitness,expanding,rep_1,3,3
train,4,0,125287,125287,130699,3,14,3381,6.25,2,10,5,1024.0,16,256.0,460.0,204.0,2.2549019607843137,34.0,0.625,16.0,34.0,1,expanding,losing_streak_fitness,expanding,rep_1,3,3
test,4,0,125287,125287,130699,4,14,2563,6.25,2,10,2,-1000.0,0,0.0,0.0,0.0,inf,0.0,0.0,0.0,0.0,0,expanding,losing_streak_fitness,expanding,rep_1,4,4
train,4,0,125287,125287,130699,4,14,2563,6.25,2,10,2,1384.0,16,346.0,460.0,114.0,4.035087719298246,19.0,0.625,21.625,19.0,1,expanding,losing_streak_fitness,expanding,rep_1,4,4
test,4,0,125287,125287,130699,4,14,2563,6.25,2,10,2,-1000.0,0,0.0,0.0,0.0,inf,0.0,0.0,0.0,0.0,0,expanding,losing_streak_fitness,expanding,rep_1,5,4
train,4,0,125287,125287,130699,4,14,2563,6.25,2,10,2,1384.0,16,346.0,460.0,114.0,4.035087719298246,19.0,0.625,21.625,19.0,1,expanding,losing_streak_fitness,expanding,rep_1,5,4
test,4,0,125287,125287,130699,4,14,2563,6.25,2,10,2,-1000.0,0,0.0,0.0,0.0,inf,0.0,0.0,0.0,0.0,0,expanding,losing_streak_fitness,expanding,rep_1,6,4
train,4,0,125287,125287,130699,4,14,2563,6.25,2,10,2,1384.0,16,346.0,460.0,114.0,4.035087719298246,19.0,0.625,21.625,19.0,1,expanding,losing_streak_fitness,expanding,rep_1,6,4
test,4,0,125287,125287,130699,4,14,2563,6.25,2,10,2,-1000.0,0,0.0,0.0,0.0,inf,0.0,0.0,0.0,0.0,0,expanding,losing_streak_fitness,expanding,rep_1,7,4
train,4,0,125287,125287,130699,4,14,2563,6.25,2,10,2,1384.0,16,346.0,460.0,114.0,4.035087719298246,19.0,0.625,21.625,19.0,1,expanding,losing_streak_fitness,expanding,rep_1,7,4
test,4,0,125287,125287,130699,4,14,2563,6.25,2,10,2,-1000.0,0,0.0,0.0,0.0,inf,0.0,0.0,0.0,0.0,0,expanding,losing_streak_fitness,expanding,rep_1,8,4
train,4,0,125287,125287,130699,4,14,2563,6.25,2,10,2,1384.0,16,346.0,460.0,114.0,4.035087719298246,19.0,0.625,21.625,19.0,1,expanding,losing_streak_fitness,expanding,rep_1,8,4
test,4,0,125287,125287,130699,4,14,2563,6.25,2,10,2,-1000.0,0,0.0,0.0,0.0,inf,0.0,0.0,0.0,0.0,0,expanding,losing_streak_fitness,expanding,rep_1,9,4
train,4,0,125287,125287,130699,4,14,2563,6.25,2,10,2,1384.0,16,346.0,460.0,114.0,4.035087719298246,19.0,0.625,21.625,19.0,1,expanding,losing_streak_fitness,expanding,rep_1,9,4
test,4,0,125287,125287,130699,4,14,2563,6.25,2,10,2,-1000.0,0,0.0,0.0,0.0,inf,0.0,0.0,0.0,0.0,0,expanding,losing_streak_fitness,expanding,rep_1,10,4
train,4,0,125287,125287,130699,4,14,2563,6.25,2,10,2,1384.0,16,346.0,460.0,114.0,4.035087719298246,19.0,0.625,21.625,19.0,1,expanding,losing_streak_fitness,expanding,rep_1,10,4
test,4,0,125287,125287,130699,4,14,2563,6.25,2,10,2,-1000.0,0,0.0,0.0,0.0,inf,0.0,0.0,0.0,0.0,0,expanding,losing_streak_fitness,expanding,rep_1,11,4
train,4,0,125287,125287,130699,4,14,2563,6.25,2,10,2,1384.0,16,346.0,460.0,114.0,4.035087719298246,19.0,0.625,21.625,19.0,1,expanding,losing_streak_fitness,expanding,rep_1,11,4
test,4,0,125287,125287,130699,4,14,2563,6.25,2,10,2,-1000.0,0,0.0,0.0,0.0,inf,0.0,0.0,0.0,0.0,0,expanding,losing_streak_fitness,expanding,rep_1,12,4
train,4,0,125287,125287,130699,4,14,2563,6.25,2,10,2,1384.0,16,346.0,460.0,114.0,4.035087719298246,19.0,0.625,21.625,19.0,1,expanding,losing_streak_fitness,expanding,rep_1,12,4
test,4,0,125287,125287,130699,4,14,2563,6.25,2,10,2,-1000.0,0,0.0,0.0,0.0,inf,0.0,0.0,0.0,0.0,0,expanding,losing_streak_fitness,expanding,rep_1,13,4
train,4,0,125287,125287,130699,4,14,2563,6.25,2,10,2,1384.0,16,346.0,460.0,114.0,4.035087719298246,19.0,0.625,21.625,19.0,1,expanding,losing_streak_fitness,expanding,rep_1,13,4
test,4,0,125287,125287,130699,4,14,2563,6.25,2,10,2,-1000.0,0,0.0,0.0,0.0,inf,0.0,0.0,0.0,0.0,0,expanding,losing_streak_fitness,expanding,rep_1,14,4
train,4,0,125287,125287,130699,4,14,2563,6.25,2,10,2,1384.0,16,346.0,460.0,114.0,4.035087719298246,19.0,0.625,21.625,19.0,1,expanding,losing_streak_fitness,expanding,rep_1,14,4
test,4,0,125287,125287,130699,4,14,2563,6.25,2,10,2,-1000.0,0,0.0,0.0,0.0,inf,0.0,0.0,0.0,0.0,0,expanding,losing_streak_fitness,expanding,rep_1,15,4
train,4,0,125287,125287,130699,4,14,2563,6.25,2,10,2,1384.0,16,346.0,460.0,114.0,4.035087719298246,19.0,0.625,21.625,19.0,1,expanding,losing_streak_fitness,expanding,rep_1,15,4
test,4,0,125287,125287,130699,4,14,2563,6.25,2,10,2,-1000.0,0,0.0,0.0,0.0,inf,0.0,0.0,0.0,0.0,0,expanding,losing_streak_fitness,expanding,rep_1,16,4
train,4,0,125287,125287,130699,4,14,2563,6.25,2,10,2,1384.0,16,346.0,460.0,114.0,4.035087719298246,19.0,0.625,21.625,19.0,1,expanding,losing_streak_fitness,expanding,rep_1,16,4
test,4,0,125287,125287,130699,4,14,2563,6.25,2,10,2,-1000.0,0,0.0,0.0,0.0,inf,0.0,0.0,0.0,0.0,0,expanding,losing_streak_fitness,expanding,rep_1,17,4
train,4,0,125287,125287,130699,4,14,2563,6.25,2,10,2,1384.0,16,346.0,460.0,114.0,4.035087719298246,19.0,0.625,21.625,19.0,1,expanding,losing_streak_fitness,expanding,rep_1,17,4
test,4,0,125287,125287,130699,4,14,2563,6.25,2,10,2,-1000.0,0,0.0,0.0,0.0,inf,0.0,0.0,0.0,0.0,0,expanding,losing_streak_fitness,expanding,rep_1,18,4
train,4,0,125287,125287,130699,4,14,2563,6.25,2,10,2,1384.0,16,346.0,460.0,114.0,4.035087719298246,19.0,0.625,21.625,19.0,1,expanding,losing_streak_fitness,expanding,rep_1,18,4
test,4,0,125287,125287,130699,4,14,2563,6.25,2,10,2,-1000.0,0,0.0,0.0,0.0,inf,0.0,0.0,0.0,0.0,0,expanding,losing_streak_fitness,expanding,rep_1,19,4
train,4,0,125287,125287,130699,4,14,2563,6.25,2,10,2,1384.0,16,346.0,460.0,114.0,4.035087719298246,19.0,0.625,21.625,19.0,1,expanding,losing_streak_fitness,expanding,rep_1,19,4
test,4,0,125287,125287,130699,4,14,2563,6.25,2,10,2,-1000.0,0,0.0,0.0,0.0,inf,0.0,0.0,0.0,0.0,0,expanding,losing_streak_fitness,expanding,rep_1,20,4
train,4,0,125287,125287,130699,4,14,2563,6.25,2,10,2,1384.0,16,346.0,460.0,114.0,4.035087719298246,19.0,0.625,21.625,19.0,1,expanding,losing_streak_fitness,expanding,rep_1,20,4
test,4,0,125287,125287,130699,4,14,2563,6.25,2,10,2,-1000.0,0,0.0,0.0,0.0,inf,0.0,0.0,0.0,0.0,0,expanding,losing_streak_fitness,expanding,rep_1,21,4
train,4,0,125287,125287,130699,4,14,2563,6.25,2,10,2,1384.0,16,346.0,460.0,114.0,4.035087719298246,19.0,0.625,21.625,19.0,1,expanding,losing_streak_fitness,expanding,rep_1,21,4
test,4,0,125287,125287,130699,4,14,2563,6.25,2,10,2,-1000.0,0,0.0,0.0,0.0,inf,0.0,0.0,0.0,0.0,0,expanding,losing_streak_fitness,expanding,rep_1,22,4
train,4,0,125287,125287,130699,4,14,2563,6.25,2,10,2,1384.0,16,346.0,460.0,114.0,4.035087719298246,19.0,0.625,21.625,19.0,1,expanding,losing_streak_fitness,expanding,rep_1,22,4
test,4,0,125287,125287,130699,4,14,2563,6.25,2,10,2,-1000.0,0,0.0,0.0,0.0,inf,0.0,0.0,0.0,0.0,0,expanding,losing_streak_fitness,expanding,rep_1,23,4
train,4,0,125287,125287,130699,4,14,2563,6.25,2,10,2,1384.0,16,346.0,460.0,114.0,4.035087719298246,19.0,0.625,21.625,19.0,1,expanding,losing_streak_fitness,expanding,rep_1,23,4
test,4,0,125287,125287,130699,4,14,2563,6.25,2,10,2,-1000.0,0,0.0,0.0,0.0,inf,0.0,0.0,0.0,0.0,0,expanding,losing_streak_fitness,expanding,rep_1,24,4
train,4,0,125287,125287,130699,4,14,2563,6.25,2,10,2,1384.0,16,346.0,460.0,114.0,4.035087719298246,19.0,0.625,21.625,19.0,1,expanding,losing_streak_fitness,expanding,rep_1,24,4
test,4,0,125287,125287,130699,4,14,2563,6.25,2,10,2,-1000.0,0,0.0,0.0,0.0,inf,0.0,0.0,0.0,0.0,0,expanding,losing_streak_fitness,expanding,rep_1,25,4
train,4,0,125287,125287,130699,4,14,2563,6.25,2,10,2,1384.0,16,346.0,460.0,114.0,4.035087719298246,19.0,0.625,21.625,19.0,1,expanding,losing_streak_fitness,expanding,rep_1,25,4
test,4,0,125287,125287,130699,4,14,2563,6.25,2,10,2,-1000.0,0,0.0,0.0,0.0,inf,0.0,0.0,0.0,0.0,0,expanding,losing_streak_fitness,expanding,rep_1,26,4
train,4,0,125287,125287,130699,4,14,2563,6.25,2,10,2,1384.0,16,346.0,460.0,114.0,4.035087719298246,19.0,0.625,21.625,19.0,1,expanding,losing_streak_fitness,expanding,rep_1,26,4
test,4,0,125287,125287,130699,4,14,2563,6.25,2,10,2,-1000.0,0,0.0,0.0,0.0,inf,0.0,0.0,0.0,0.0,0,expanding,losing_streak_fitness,expanding,rep_1,27,4
train,4,0,125287,125287,130699,4,14,2563,6.25,2,10,2,1384.0,16,346.0,460.0,114.0,4.035087719298246,19.0,0.625,21.625,19.0,1,expanding,losing_streak_fitness,expanding,rep_1,27,4
test,4,0,125287,125287,130699,4,14,2563,6.25,2,10,2,-1000.0,0,0.0,0.0,0.0,inf,0.0,0.0,0.0,0.0,0,expanding,losing_streak_fitness,expanding,rep_1,28,4
train,4,0,125287,125287,130699,4,14,2563,6.25,2,10,2,1384.0,16,346.0,460.0,114.0,4.035087719298246,19.0,0.625,21.625,19.0,1,expanding,losing_streak_fitness,expanding,rep_1,28,4
test,4,0,125287,125287,130699,4,14,2563,6.25,2,10,2,-1000.0,0,0.0,0.0,0.0,inf,0.0,0.0,0.0,0.0,0,expanding,losing_streak_fitness,expanding,rep_1,29,4
train,4,0,125287,125287,130699,4,14,2563,6.25,2,10,2,1384.0,16,346.0,460.0,114.0,4.035087719298246,19.0,0.625,21.625,19.0,1,expanding,losing_streak_fitness,expanding,rep_1,29,4
test,4,0,125287,125287,130699,4,14,2563,6.25,2,10,2,-1000.0,0,0.0,0.0,0.0,inf,0.0,0.0,0.0,0.0,0,expanding,losing_streak_fitness,expanding,rep_1,30,4
train,4,0,125287,125287,130699,4,14,2563,6.25,2,10,2,1384.0,16,346.0,460.0,114.0,4.035087719298246,19.0,0.625,21.625,19.0,1,expanding,losing_streak_fitness,expanding,rep_1,30,4
test,4,0,125287,125287,130699,4,14,2563,6.25,2,10,2,-1000.0,0,0.0,0.0,0.0,inf,0.0,0.0,0.0,0.0,0,expanding,losing_streak_fitness,expanding,rep_1,31,4
train,4,0,125287,125287,130699,4,14,2563,6.25,2,10,2,1384.0,16,346.0,460.0,114.0,4.035087719298246,19.0,0.625,21.625,19.0,1,expanding,losing_streak_fitness,expanding,rep_1,31,4
test,4,0,125287,125287,130699,4,14,2563,6.25,2,10,2,-1000.0,0,0.0,0.0,0.0,inf,0.0,0.0,0.0,0.0,0,expanding,losing_streak_fitness,expanding,rep_1,32,4
train,4,0,125287,125287,130699,4,14,2563,6.25,2,10,2,1384.0,16,346.0,460.0,114.0,4.035087719298246,19.0,0.625,21.625,19.0,1,expanding,losing_streak_fitness,expanding,rep_1,32,4
test,4,0,125287,125287,130699,4,14,2563,6.25,2,10,2,-1000.0,0,0.0,0.0,0.0,inf,0.0,0.0,0.0,0.0,0,expanding,losing_streak_fitness,expanding,rep_1,33,4
train,4,0,125287,125287,130699,4,14,2563,6.25,2,10,2,1384.0,16,346.0,460.0,114.0,4.035087719298246,19.0,0.625,21.625,19.0,1,expanding,losing_streak_fitness,expanding,rep_1,33,4
test,4,0,125287,125287,130699,4,14,2563,6.25,2,10,2,-1000.0,0,0.0,0.0,0.0,inf,0.0,0.0,0.0,0.0,0,expanding,losing_streak_fitness,expanding,rep_1,34,4
train,4,0,125287,125287,130699,4,14,2563,6.25,2,10,2,1384.0,16,346.0,460.0,114.0,4.035087719298246,19.0,0.625,21.625,19.0,1,expanding,losing_streak_fitness,expanding,rep_1,34,4
test,4,0,125287,125287,130699,4,14,2563,6.25,2,10,2,-1000.0,0,0.0,0.0,0.0,inf,0.0,0.0,0.0,0.0,0,expanding,losing_streak_fitness,expanding,rep_1,35,4
train,4,0,125287,125287,130699,4,14,2563,6.25,2,10,2,1384.0,16,346.0,460.0,114.0,4.035087719298246,19.0,0.625,21.625,19.0,1,expanding,losing_streak_fitness,expanding,rep_1,35,4
test,4,0,125287,125287,130699,4,14,2563,6.25,2,10,2,-1000.0,0,0.0,0.0,0.0,inf,0.0,0.0,0.0,0.0,0,expanding,losing_streak_fitness,expanding,rep_1,36,4
train,4,0,125287,125287,130699,4,14,2563,6.25,2,10,2,1384.0,16,346.0,460.0,114.0,4.035087719298246,19.0,0.625,21.625,19.0,1,expanding,losing_streak_fitness,expanding,rep_1,36,4
test,4,0,125287,125287,130699,4,14,2563,6.25,2,10,2,-1000.0,0,0.0,0.0,0.0,inf,0.0,0.0,0.0,0.0,0,expanding,losing_streak_fitness,expanding,rep_1,37,4
train,4,0,125287,125287,130699,4,14,2563,6.25,2,10,2,1384.0,16,346.0,460.0,114.0,4.035087719298246,19.0,0.625,21.625,19.0,1,expanding,losing_streak_fitness,expanding,rep_1,37,4
test,4,0,125287,125287,130699,4,14,2563,6.25,2,10,2,-1000.0,0,0.0,0.0,0.0,inf,0.0,0.0,0.0,0.0,0,expanding,losing_streak_fitness,expanding,rep_1,38,4
train,4,0,125287,125287,130699,4,14,2563,6.25,2,10,2,1384.0,16,346.0,460.0,114.0,4.035087719298246,19.0,0.625,21.625,19.0,1,expanding,losing_streak_fitness,expanding,rep_1,38,4
test,4,0,125287,125287,130699,4,14,2563,6.25,2,10,2,-1000.0,0,0.0,0.0,0.0,inf,0.0,0.0,0.0,0.0,0,expanding,losing_streak_fitness,expanding,rep_1,39,4
train,4,0,125287,125287,130699,4,14,2563,6.25,2,10,2,1384.0,16,346.0,460.0,114.0,4.035087719298246,19.0,0.625,21.625,19.0,1,expanding,losing_streak_fitness,expanding,rep_1,39,4
test,4,0,125287,125287,130699,4,14,2563,6.25,2,10,2,-1000.0,0,0.0,0.0,0.0,inf,0.0,0.0,0.0,0.0,0,expanding,losing_streak_fitness,expanding,rep_1,40,4
train,4,0,125287,125287,130699,4,14,2563,6.25,2,10,2,1384.0,16,346.0,460.0,114.0,4.035087719298246,19.0,0.625,21.625,19.0,1,expanding,losing_streak_fitness,expanding,rep_1,40,4
test,4,0,125287,125287,130699,4,14,2563,6.25,2,10,2,-1000.0,0,0.0,0.0,0.0,inf,0.0,0.0,0.0,0.0,0,expanding,losing_streak_fitness,expanding,rep_1,41,4
train,4,0,125287,125287,130699,4,14,2563,6.25,2,10,2,1384.0,16,346.0,460.0,114.0,4.035087719298246,19.0,0.625,21.625,19.0,1,expanding,losing_streak_fitness,expanding,rep_1,41,4
test,4,0,125287,125287,130699,4,14,2563,6.25,2,10,2,-1000.0,0,0.0,0.0,0.0,inf,0.0,0.0,0.0,0.0,0,expanding,losing_streak_fitness,expanding,rep_1,42,4
train,4,0,125287,125287,130699,4,14,2563,6.25,2,10,2,1384.0,16,346.0,460.0,114.0,4.035087719298246,19.0,0.625,21.625,19.0,1,expanding,losing_streak_fitness,expanding,rep_1,42,4
test,4,0,125287,125287,130699,4,14,2563,6.25,2,10,2,-1000.0,0,0.0,0.0,0.0,inf,0.0,0.0,0.0,0.0,0,expanding,losing_streak_fitness,expanding,rep_1,43,4
train,4,0,125287,125287,130699,4,14,2563,6.25,2,10,2,1384.0,16,346.0,460.0,114.0,4.035087719298246,19.0,0.625,21.625,19.0,1,expanding,losing_streak_fitness,expanding,rep_1,43,4
test,4,0,125287,125287,130699,4,14,2563,6.25,2,10,2,-1000.0,0,0.0,0.0,0.0,inf,0.0,0.0,0.0,0.0,0,expanding,losing_streak_fitness,expanding,rep_1,44,4
train,4,0,125287,125287,130699,4,14,2563,6.25,2,10,2,1384.0,16,346.0,460.0,114.0,4.035087719298246,19.0,0.625,21.625,19.0,1,expanding,losing_streak_fitness,expanding,rep_1,44,4
test,4,0,125287,125287,130699,4,14,2563,6.25,2,10,2,-1000.0,0,0.0,0.0,0.0,inf,0.0,0.0,0.0,0.0,0,expanding,losing_streak_fitness,expanding,rep_1,45,4
train,4,0,125287,125287,130699,4,14,2563,6.25,2,10,2,1384.0,16,346.0,460.0,114.0,4.035087719298246,19.0,0.625,21.625,19.0,1,expanding,losing_streak_fitness,expanding,rep_1,45,4
test,4,0,125287,125287,130699,4,14,2563,6.25,2,10,2,-1000.0,0,0.0,0.0,0.0,inf,0.0,0.0,0.0,0.0,0,expanding,losing_streak_fitness,expanding,rep_1,46,4
train,4,0,125287,125287,130699,4,14,2563,6.25,2,10,2,1384.0,16,346.0,460.0,114.0,4.035087719298246,19.0,0.625,21.625,19.0,1,expanding,losing_streak_fitness,expanding,rep_1,46,4
test,4,0,125287,125287,130699,4,14,2563,6.25,2,10,2,-1000.0,0,0.0,0.0,0.0,inf,0.0,0.0,0.0,0.0,0,expanding,losing_streak_fitness,expanding,rep_1,47,4
train,4,0,125287,125287,130699,4,14,2563,6.25,2,10,2,1384.0,16,346.0,460.0,114.0,4.035087719298246,19.0,0.625,21.625,19.0,1,expanding,losing_streak_fitness,expanding,rep_1,47,4
test,4,0,125287,125287,130699,4,14,2563,6.25,2,10,2,-1000.0,0,0.0,0.0,0.0,inf,0.0,0.0,0.0,0.0,0,expanding,losing_streak_fitness,expanding,rep_1,48,4
train,4,0,125287,125287,130699,4,14,2563,6.25,2,10,2,1384.0,16,346.0,460.0,114.0,4.035087719298246,19.0,0.625,21.625,19.0,1,expanding,losing_streak_fitness,expanding,rep_1,48,4
test,4,0,125287,125287,130699,4,14,2563,6.25,2,10,2,-1000.0,0,0.0,0.0,0.0,inf,0.0,0.0,0.0,0.0,0,expanding,losing_streak_fitness,expanding,rep_1,49,4
train,4,0,125287,125287,130699,4,14,2563,6.25,2,10,2,1384.0,16,346.0,460.0,114.0,4.035087719298246,19.0,0.625,21.625,19.0,1,expanding,losing_streak_fitness,expanding,rep_1,49,4
test,4,0,125287,125287,130699,4,14,2563,6.25,2,10,2,-1000.0,0,0.0,0.0,0.0,inf,0.0,0.0,0.0,0.0,0,expanding,losing_streak_fitness,expanding,rep_1,50,4
train,4,0,125287,125287,130699,4,14,2563,6.25,2,10,2,1384.0,16,346.0,460.0,114.0,4.035087719298246,19.0,0.625,21.625,19.0,1,expanding,losing_streak_fitness,expanding,rep_1,50,4
test,4,0,125287,125287,130699,4,14,2563,6.25,2,10,2,-1000.0,0,0.0,0.0,0.0,inf,0.0,0.0,0.0,0.0,0,expanding,losing_streak_fitness,expanding,rep_1,51,4
train,4,0,125287,125287,130699,4,14,2563,6.25,2,10,2,1384.0,16,346.0,460.0,114.0,4.035087719298246,19.0,0.625,21.625,19.0,1,expanding,losing_streak_fitness,expanding,rep_1,51,4
test,4,0,125287,125287,130699,4,14,2563,6.25,2,10,2,-1000.0,0,0.0,0.0,0.0,inf,0.0,0.0,0.0,0.0,0,expanding,losing_streak_fitness,expanding,rep_1,52,4
train,4,0,125287,125287,130699,4,14,2563,6.25,2,10,2,1384.0,16,346.0,460.0,114.0,4.035087719298246,19.0,0.625,21.625,19.0,1,expanding,losing_streak_fitness,expanding,rep_1,52,4
test,4,0,125287,125287,130699,4,14,2563,6.25,2,10,2,-1000.0,0,0.0,0.0,0.0,inf,0.0,0.0,0.0,0.0,0,expanding,losing_streak_fitness,expanding,rep_1,53,4
train,4,0,125287,125287,130699,4,14,2563,6.25,2,10,2,1384.0,16,346.0,460.0,114.0,4.035087719298246,19.0,0.625,21.625,19.0,1,expanding,losing_streak_fitness,expanding,rep_1,53,4
test,4,0,125287,125287,130699,4,14,2563,6.25,2,10,2,-1000.0,0,0.0,0.0,0.0,inf,0.0,0.0,0.0,0.0,0,expanding,losing_streak_fitness,expanding,rep_1,54,4
train,4,0,125287,125287,130699,4,14,2563,6.25,2,10,2,1384.0,16,346.0,460.0,114.0,4.035087719298246,19.0,0.625,21.625,19.0,1,expanding,losing_streak_fitness,expanding,rep_1,54,4
test,4,0,125287,125287,130699,4,14,2563,6.25,2,10,2,-1000.0,0,0.0,0.0,0.0,inf,0.0,0.0,0.0,0.0,0,expanding,losing_streak_fitness,expanding,rep_1,55,4
train,4,0,125287,125287,130699,4,14,2563,6.25,2,10,2,1384.0,16,346.0,460.0,114.0,4.035087719298246,19.0,0.625,21.625,19.0,1,expanding,losing_streak_fitness,expanding,rep_1,55,4
test,4,0,125287,125287,130699,4,14,2563,6.25,2,10,2,-1000.0,0,0.0,0.0,0.0,inf,0.0,0.0,0.0,0.0,0,expanding,losing_streak_fitness,expanding,rep_1,56,4
train,4,0,125287,125287,130699,4,14,2563,6.25,2,10,2,1384.0,16,346.0,460.0,114.0,4.035087719298246,19.0,0.625,21.625,19.0,1,expanding,losing_streak_fitness,expanding,rep_1,56,4
test,4,0,125287,125287,130699,4,14,2563,6.25,2,10,2,-1000.0,0,0.0,0.0,0.0,inf,0.0,0.0,0.0,0.0,0,expanding,losing_streak_fitness,expanding,rep_1,57,4
train,4,0,125287,125287,130699,4,14,2563,6.25,2,10,2,1384.0,16,346.0,460.0,114.0,4.035087719298246,19.0,0.625,21.625,19.0,1,expanding,losing_streak_fitness,expanding,rep_1,57,4
test,4,0,125287,125287,130699,4,14,2563,6.25,2,10,2,-1000.0,0,0.0,0.0,0.0,inf,0.0,0.0,0.0,0.0,0,expanding,losing_streak_fitness,expanding,rep_1,58,4
train,4,0,125287,125287,130699,4,14,2563,6.25,2,10,2,1384.0,16,346.0,460.0,114.0,4.035087719298246,19.0,0.625,21.625,19.0,1,expanding,losing_streak_fitness,expanding,rep_1,58,4
test,4,0,125287,125287,130699,4,14,2563,6.25,2,10,2,-1000.0,0,0.0,0.0,0.0,inf,0.0,0.0,0.0,0.0,0,expanding,losing_streak_fitness,expanding,rep_1,59,4
train,4,0,125287,125287,130699,4,14,2563,6.25,2,10,2,1384.0,16,346.0,460.0,114.0,4.035087719298246,19.0,0.625,21.625,19.0,1,expanding,losing_streak_fitness,expanding,rep_1,59,4
test,4,0,125287,125287,130699,4,14,2563,6.25,2,10,2,-1000.0,0,0.0,0.0,0.0,inf,0.0,0.0,0.0,0.0,0,expanding,losing_streak_fitness,expanding,rep_1,60,4
train,4,0,125287,125287,130699,4,14,2563,6.25,2,10,2,1384.0,16,346.0,460.0,114.0,4.035087719298246,19.0,0.625,21.625,19.0,1,expanding,losing_streak_fitness,expanding,rep_1,60,4
test,4,0,125287,125287,130699,4,14,2563,6.25,2,10,2,-1000.0,0,0.0,0.0,0.0,inf,0.0,0.0,0.0,0.0,0,expanding,losing_streak_fitness,expanding,rep_1,61,4
train,4,0,125287,125287,130699,4,14,2563,6.25,2,10,2,1384.0,16,346.0,460.0,114.0,4.035087719298246,19.0,0.625,21.625,19.0,1,expanding,losing_streak_fitness,expanding,rep_1,61,4
test,4,0,125287,125287,130699,4,14,2563,6.25,2,10,2,-1000.0,0,0.0,0.0,0.0,inf,0.0,0.0,0.0,0.0,0,expanding,losing_streak_fitness,expanding,rep_1,62,4
train,4,0,125287,125287,130699,4,14,2563,6.25,2,10,2,1384.0,16,346.0,460.0,114.0,4.035087719298246,19.0,0.625,21.625,19.0,1,expanding,losing_streak_fitness,expanding,rep_1,62,4
test,4,0,125287,125287,130699,4,14,2563,6.25,2,10,2,-1000.0,0,0.0,0.0,0.0,inf,0.0,0.0,0.0,0.0,0,expanding,losing_streak_fitness,expanding,rep_1,63,4
train,4,0,125287,125287,130699,4,14,2563,6.25,2,10,2,1384.0,16,346.0,460.0,114.0,4.035087719298246,19.0,0.625,21.625,19.0,1,expanding,losing_streak_fitness,expanding,rep_1,63,4
test,4,0,125287,125287,130699,4,14,2563,6.25,2,10,2,-1000.0,0,0.0,0.0,0.0,inf,0.0,0.0,0.0,0.0,0,expanding,losing_streak_fitness,expanding,rep_1,64,4
train,4,0,125287,125287,130699,4,14,2563,6.25,2,10,2,1384.0,16,346.0,460.0,114.0,4.035087719298246,19.0,0.625,21.625,19.0,1,expanding,losing_streak_fitness,expanding,rep_1,64,4
test,4,0,125287,125287,130699,4,14,2563,6.25,2,10,2,-1000.0,0,0.0,0.0,0.0,inf,0.0,0.0,0.0,0.0,0,expanding,losing_streak_fitness,expanding,rep_1,65,4
train,4,0,125287,125287,130699,4,14,2563,6.25,2,10,2,1384.0,16,346.0,460.0,114.0,4.035087719298246,19.0,0.625,21.625,19.0,1,expanding,losing_streak_fitness,expanding,rep_1,65,4
test,4,0,125287,125287,130699,4,14,2563,6.25,2,10,2,-1000.0,0,0.0,0.0,0.0,inf,0.0,0.0,0.0,0.0,0,expanding,losing_streak_fitness,expanding,rep_1,66,4
train,4,0,125287,125287,130699,4,14,2563,6.25,2,10,2,1384.0,16,346.0,460.0,114.0,4.035087719298246,19.0,0.625,21.625,19.0,1,expanding,losing_streak_fitness,expanding,rep_1,66,4
test,4,0,125287,125287,130699,4,14,2563,6.25,2,10,2,-1000.0,0,0.0,0.0,0.0,inf,0.0,0.0,0.0,0.0,0,expanding,losing_streak_fitness,expanding,rep_1,67,4
train,4,0,125287,125287,130699,4,14,2563,6.25,2,10,2,1384.0,16,346.0,460.0,114.0,4.035087719298246,19.0,0.625,21.625,19.0,1,expanding,losing_streak_fitness,expanding,rep_1,67,4
test,4,0,125287,125287,130699,4,14,2563,6.25,2,10,2,-1000.0,0,0.0,0.0,0.0,inf,0.0,0.0,0.0,0.0,0,expanding,losing_streak_fitness,expanding,rep_1,68,4
train,4,0,125287,125287,130699,4,14,2563,6.25,2,10,2,1384.0,16,346.0,460.0,114.0,4.035087719298246,19.0,0.625,21.625,19.0,1,expanding,losing_streak_fitness,expanding,rep_1,68,4
test,4,0,125287,125287,130699,4,14,2563,6.25,2,10,2,-1000.0,0,0.0,0.0,0.0,inf,0.0,0.0,0.0,0.0,0,expanding,losing_streak_fitness,expanding,rep_1,69,4
train,4,0,125287,125287,130699,4,14,2563,6.25,2,10,2,1384.0,16,346.0,460.0,114.0,4.035087719298246,19.0,0.625,21.625,19.0,1,expanding,losing_streak_fitness,expanding,rep_1,69,4
test,4,0,125287,125287,130699,4,14,2563,6.25,2,10,2,-1000.0,0,0.0,0.0,0.0,inf,0.0,0.0,0.0,0.0,0,expanding,losing_streak_fitness,expanding,rep_1,70,4
train,4,0,125287,125287,130699,4,14,2563,6.25,2,10,2,1384.0,16,346.0,460.0,114.0,4.035087719298246,19.0,0.625,21.625,19.0,1,expanding,losing_streak_fitness,expanding,rep_1,70,4
test,4,0,125287,125287,130699,4,14,2563,6.25,2,10,2,-1000.0,0,0.0,0.0,0.0,inf,0.0,0.0,0.0,0.0,0,expanding,losing_streak_fitness,expanding,rep_1,71,4
train,4,0,125287,125287,130699,4,14,2563,6.25,2,10,2,1384.0,16,346.0,460.0,114.0,4.035087719298246,19.0,0.625,21.625,19.0,1,expanding,losing_streak_fitness,expanding,rep_1,71,4
test,4,0,125287,125287,130699,4,14,2563,6.25,2,10,2,-1000.0,0,0.0,0.0,0.0,inf,0.0,0.0,0.0,0.0,0,expanding,losing_streak_fitness,expanding,rep_1,72,4
train,4,0,125287,125287,130699,4,14,2563,6.25,2,10,2,1384.0,16,346.0,460.0,114.0,4.035087719298246,19.0,0.625,21.625,19.0,1,expanding,losing_streak_fitness,expanding,rep_1,72,4
test,4,0,125287,125287,130699,4,14,2563,6.25,2,10,2,-1000.0,0,0.0,0.0,0.0,inf,0.0,0.0,0.0,0.0,0,expanding,losing_streak_fitness,expanding,rep_1,73,4
train,4,0,125287,125287,130699,4,14,2563,6.25,2,10,2,1384.0,16,346.0,460.0,114.0,4.035087719298246,19.0,0.625,21.625,19.0,1,expanding,losing_streak_fitness,expanding,rep_1,73,4
test,4,0,125287,125287,130699,4,14,2563,6.25,2,10,2,-1000.0,0,0.0,0.0,0.0,inf,0.0,0.0,0.0,0.0,0,expanding,losing_streak_fitness,expanding,rep_1,74,4
train,4,0,125287,125287,130699,4,14,2563,6.25,2,10,2,1384.0,16,346.0,460.0,114.0,4.035087719298246,19.0,0.625,21.625,19.0,1,expanding,losing_streak_fitness,expanding,rep_1,74,4
test,4,0,125287,125287,130699,4,14,2563,6.25,2,10,2,-1000.0,0,0.0,0.0,0.0,inf,0.0,0.0,0.0,0.0,0,expanding,losing_streak_fitness,expanding,rep_1,75,4
train,4,0,125287,125287,130699,4,14,2563,6.25,2,10,2,1384.0,16,346.0,460.0,114.0,4.035087719298246,19.0,0.625,21.625,19.0,1,expanding,losing_streak_fitness,expanding,rep_1,75,4
test,4,0,125287,125287,130699,4,14,2563,6.25,2,10,2,-1000.0,0,0.0,0.0,0.0,inf,0.0,0.0,0.0,0.0,0,expanding,losing_streak_fitness,expanding,rep_1,76,4
train,4,0,125287,125287,130699,4,14,2563,6.25,2,10,2,1384.0,16,346.0,460.0,114.0,4.035087719298246,19.0,0.625,21.625,19.0,1,expanding,losing_streak_fitness,expanding,rep_1,76,4
test,4,0,125287,125287,130699,4,14,2563,6.25,2,10,2,-1000.0,0,0.0,0.0,0.0,inf,0.0,0.0,0.0,0.0,0,expanding,losing_streak_fitness,expanding,rep_1,77,4
train,4,0,125287,125287,130699,4,14,2563,6.25,2,10,2,1384.0,16,346.0,460.0,114.0,4.035087719298246,19.0,0.625,21.625,19.0,1,expanding,losing_streak_fitness,expanding,rep_1,77,4
test,4,0,125287,125287,130699,4,14,2563,6.25,2,10,2,-1000.0,0,0.0,0.0,0.0,inf,0.0,0.0,0.0,0.0,0,expanding,losing_streak_fitness,expanding,rep_1,78,4
train,4,0,125287,125287,130699,4,14,2563,6.25,2,10,2,1384.0,16,346.0,460.0,114.0,4.035087719298246,19.0,0.625,21.625,19.0,1,expanding,losing_streak_fitness,expanding,rep_1,78,4
test,4,0,125287,125287,130699,4,14,2563,6.25,2,10,2,-1000.0,0,0.0,0.0,0.0,inf,0.0,0.0,0.0,0.0,0,expanding,losing_streak_fitness,expanding,rep_1,79,4
train,4,0,125287,125287,130699,4,14,2563,6.25,2,10,2,1384.0,16,346.0,460.0,114.0,4.035087719298246,19.0,0.625,21.625,19.0,1,expanding,losing_streak_fitness,expanding,rep_1,79,4
test,4,0,125287,125287,130699,4,14,2563,6.25,2,10,2,-1000.0,0,0.0,0.0,0.0,inf,0.0,0.0,0.0,0.0,0,expanding,losing_streak_fitness,expanding,rep_1,80,4
train,4,0,125287,125287,130699,4,14,2563,6.25,2,10,2,1384.0,16,346.0,460.0,114.0,4.035087719298246,19.0,0.625,21.625,19.0,1,expanding,losing_streak_fitness,expanding,rep_1,80,4
test,4,0,125287,125287,130699,4,14,2563,6.25,2,10,2,-1000.0,0,0.0,0.0,0.0,inf,0.0,0.0,0.0,0.0,0,expanding,losing_streak_fitness,expanding,rep_1,81,4
train,4,0,125287,125287,130699,4,14,2563,6.25,2,10,2,1384.0,16,346.0,460.0,114.0,4.035087719298246,19.0,0.625,21.625,19.0,1,expanding,losing_streak_fitness,expanding,rep_1,81,4
test,4,0,125287,125287,130699,4,14,2563,6.25,2,10,2,-1000.0,0,0.0,0.0,0.0,inf,0.0,0.0,0.0,0.0,0,expanding,losing_streak_fitness,expanding,rep_1,82,4
train,4,0,125287,125287,130699,4,14,2563,6.25,2,10,2,1384.0,16,346.0,460.0,114.0,4.035087719298246,19.0,0.625,21.625,19.0,1,expanding,losing_streak_fitness,expanding,rep_1,82,4
test,4,0,125287,125287,130699,4,14,2563,6.25,2,10,2,-1000.0,0,0.0,0.0,0.0,inf,0.0,0.0,0.0,0.0,0,expanding,losing_streak_fitness,expanding,rep_1,83,4
train,4,0,125287,125287,130699,4,14,2563,6.25,2,10,2,1384.0,16,346.0,460.0,114.0,4.035087719298246,19.0,0.625,21.625,19.0,1,expanding,losing_streak_fitness,expanding,rep_1,83,4
test,4,0,125287,125287,130699,4,14,2563,6.25,2,10,2,-1000.0,0,0.0,0.0,0.0,inf,0.0,0.0,0.0,0.0,0,expanding,losing_streak_fitness,expanding,rep_1,84,4
train,4,0,125287,125287,130699,4,14,2563,6.25,2,10,2,1384.0,16,346.0,460.0,114.0,4.035087719298246,19.0,0.625,21.625,19.0,1,expanding,losing_streak_fitness,expanding,rep_1,84,4
test,4,0,125287,125287,130699,4,14,2563,6.25,2,10,2,-1000.0,0,0.0,0.0,0.0,inf,0.0,0.0,0.0,0.0,0,expanding,losing_streak_fitness,expanding,rep_1,85,4
train,4,0,125287,125287,130699,4,14,2563,6.25,2,10,2,1384.0,16,346.0,460.0,114.0,4.035087719298246,19.0,0.625,21.625,19.0,1,expanding,losing_streak_fitness,expanding,rep_1,85,4
test,4,0,125287,125287,130699,4,14,2563,6.25,2,10,2,-1000.0,0,0.0,0.0,0.0,inf,0.0,0.0,0.0,0.0,0,expanding,losing_streak_fitness,expanding,rep_1,86,4
train,4,0,125287,125287,130699,4,14,2563,6.25,2,10,2,1384.0,16,346.0,460.0,114.0,4.035087719298246,19.0,0.625,21.625,19.0,1,expanding,losing_streak_fitness,expanding,rep_1,86,4
test,4,0,125287,125287,130699,4,14,2563,6.25,2,10,2,-1000.0,0,0.0,0.0,0.0,inf,0.0,0.0,0.0,0.0,0,expanding,losing_streak_fitness,expanding,rep_1,87,4
train,4,0,125287,125287,130699,4,14,2563,6.25,2,10,2,1384.0,16,346.0,460.0,114.0,4.035087719298246,19.0,0.625,21.625,19.0,1,expanding,losing_streak_fitness,expanding,rep_1,87,4
test,4,0,125287,125287,130699,4,14,2563,6.25,2,10,2,-1000.0,0,0.0,0.0,0.0,inf,0.0,0.0,0.0,0.0,0,expanding,losing_streak_fitness,expanding,rep_1,88,4
train,4,0,125287,125287,130699,4,14,2563,6.25,2,10,2,1384.0,16,346.0,460.0,114.0,4.035087719298246,19.0,0.625,21.625,19.0,1,expanding,losing_streak_fitness,expanding,rep_1,88,4
test,4,0,125287,125287,130699,4,14,2563,6.25,2,10,2,-1000.0,0,0.0,0.0,0.0,inf,0.0,0.0,0.0,0.0,0,expanding,losing_streak_fitness,expanding,rep_1,89,4
train,4,0,125287,125287,130699,4,14,2563,6.25,2,10,2,1384.0,16,346.0,460.0,114.0,4.035087719298246,19.0,0.625,21.625,19.0,1,expanding,losing_streak_fitness,expanding,rep_1,89,4
test,4,0,125287,125287,130699,4,14,2563,6.25,2,10,2,-1000.0,0,0.0,0.0,0.0,inf,0.0,0.0,0.0,0.0,0,expanding,losing_streak_fitness,expanding,rep_1,90,4
train,4,0,125287,125287,130699,4,14,2563,6.25,2,10,2,1384.0,16,346.0,460.0,114.0,4.035087719298246,19.0,0.625,21.625,19.0,1,expanding,losing_streak_fitness,expanding,rep_1,90,4
test,4,0,125287,125287,130699,4,14,2563,6.25,2,10,2,-1000.0,0,0.0,0.0,0.0,inf,0.0,0.0,0.0,0.0,0,expanding,losing_streak_fitness,expanding,rep_1,91,4
train,4,0,125287,125287,130699,4,14,2563,6.25,2,10,2,1384.0,16,346.0,460.0,114.0,4.035087719298246,19.0,0.625,21.625,19.0,1,expanding,losing_streak_fitness,expanding,rep_1,91,4
test,4,0,125287,125287,130699,4,14,2563,6.25,2,10,2,-1000.0,0,0.0,0.0,0.0,inf,0.0,0.0,0.0,0.0,0,expanding,losing_streak_fitness,expanding,rep_1,92,4
train,4,0,125287,125287,130699,4,14,2563,6.25,2,10,2,1384.0,16,346.0,460.0,114.0,4.035087719298246,19.0,0.625,21.625,19.0,1,expanding,losing_streak_fitness,expanding,rep_1,92,4
test,4,0,125287,125287,130699,4,14,2563,6.25,2,10,2,-1000.0,0,0.0,0.0,0.0,inf,0.0,0.0,0.0,0.0,0,expanding,losing_streak_fitness,expanding,rep_1,93,4
train,4,0,125287,125287,130699,4,14,2563,6.25,2,10,2,1384.0,16,346.0,460.0,114.0,4.035087719298246,19.0,0.625,21.625,19.0,1,expanding,losing_streak_fitness,expanding,rep_1,93,4
test,4,0,125287,125287,130699,4,14,2563,6.25,2,10,2,-1000.0,0,0.0,0.0,0.0,inf,0.0,0.0,0.0,0.0,0,expanding,losing_streak_fitness,expanding,rep_1,94,4
train,4,0,125287,125287,130699,4,14,2563,6.25,2,10,2,1384.0,16,346.0,460.0,114.0,4.035087719298246,19.0,0.625,21.625,19.0,1,expanding,losing_streak_fitness,expanding,rep_1,94,4
test,4,0,125287,125287,130699,4,14,2563,6.25,2,10,2,-1000.0,0,0.0,0.0,0.0,inf,0.0,0.0,0.0,0.0,0,expanding,losing_streak_fitness,expanding,rep_1,95,4
train,4,0,125287,125287,130699,4,14,2563,6.25,2,10,2,1384.0,16,346.0,460.0,114.0,4.035087719298246,19.0,0.625,21.625,19.0,1,expanding,losing_streak_fitness,expanding,rep_1,95,4
test,4,0,125287,125287,130699,4,14,2563,6.25,2,10,2,-1000.0,0,0.0,0.0,0.0,inf,0.0,0.0,0.0,0.0,0,expanding,losing_streak_fitness,expanding,rep_1,96,4
train,4,0,125287,125287,130699,4,14,2563,6.25,2,10,2,1384.0,16,346.0,460.0,114.0,4.035087719298246,19.0,0.625,21.625,19.0,1,expanding,losing_streak_fitness,expanding,rep_1,96,4
test,4,0,125287,125287,130699,4,14,2563,6.25,2,10,2,-1000.0,0,0.0,0.0,0.0,inf,0.0,0.0,0.0,0.0,0,expanding,losing_streak_fitness,expanding,rep_1,97,4
train,4,0,125287,125287,130699,4,14,2563,6.25,2,10,2,1384.0,16,346.0,460.0,114.0,4.035087719298246,19.0,0.625,21.625,19.0,1,expanding,losing_streak_fitness,expanding,rep_1,97,4
test,4,0,125287,125287,130699,4,14,2563,6.25,2,10,2,-1000.0,0,0.0,0.0,0.0,inf,0.0,0.0,0.0,0.0,0,expanding,losing_streak_fitness,expanding,rep_1,98,4
train,4,0,125287,125287,130699,4,14,2563,6.25,2,10,2,1384.0,16,346.0,460.0,114.0,4.035087719298246,19.0,0.625,21.625,19.0,1,expanding,losing_streak_fitness,expanding,rep_1,98,4
test,4,0,125287,125287,130699,4,14,2563,6.25,2,10,2,-1000.0,0,0.0,0.0,0.0,inf,0.0,0.0,0.0,0.0,0,expanding,losing_streak_fitness,expanding,rep_1,99,4
train,4,0,125287,125287,130699,4,14,2563,6.25,2,10,2,1384.0,16,346.0,460.0,114.0,4.035087719298246,19.0,0.625,21.625,19.0,1,expanding,losing_streak_fitness,expanding,rep_1,99,4
test,4,0,125287,125287,130699,4,14,2563,6.25,2,10,2,-1000.0,0,0.0,0.0,0.0,inf,0.0,0.0,0.0,0.0,0,expanding,losing_streak_fitness,expanding,rep_1,100,4
train,4,0,125287,125287,130699,4,14,2563,6.25,2,10,2,1384.0,16,346.0,460.0,114.0,4.035087719298246,19.0,0.625,21.625,19.0,1,expanding,losing_streak_fitness,expanding,rep_1,100,4
test,1,0,22406,22406,53560,0,5,1198,7.5,5,28,6,-38.72983346207417,15,-60.0,408.0,468.0,0.8717948717948718,293.0,0.2,-4.0,39.0,6,expanding,losing_streak_fitness,expanding,rep_2,0,0
train,1,0,22406,22406,53560,0,5,1198,7.5,5,28,6,-11.180339887498947,5,-20.0,136.0,156.0,0.8717948717948718,156.0,0.2,-4.0,39.0,4,expanding,losing_streak_fitness,expanding,rep_2,0,0
test,1,0,22406,22406,53560,0,5,1198,7.5,5,28,6,-38.72983346207417,15,-60.0,408.0,468.0,0.8717948717948718,293.0,0.2,-4.0,39.0,6,expanding,losing_streak_fitness,expanding,rep_2,1,0
train,1,0,22406,22406,53560,0,5,1198,7.5,5,28,6,-11.180339887498947,5,-20.0,136.0,156.0,0.8717948717948718,156.0,0.2,-4.0,39.0,4,expanding,losing_streak_fitness,expanding,rep_2,1,0
test,1,0,22406,22406,53560,2,5,2118,8.25,4,15,2,-76.68115805072325,30,-210.0,284.0,494.0,0.5748987854251012,309.0,0.1333333333333333,-7.0,19.0,15,expanding,losing_streak_fitness,expanding,rep_2,2,2
train,1,0,22406,22406,53560,2,5,2118,8.25,4,15,2,5.4,9,9.0,142.0,133.0,1.0676691729323309,95.0,0.2222222222222222,1.0,19.0,5,expanding,losing_streak_fitness,expanding,rep_2,2,2
test,1,0,22406,22406,53560,3,6,1114,5.5,4,9,2,-227.845518382332,50,-290.0,451.0,741.0,0.6086369770580297,353.0,0.22,-5.8,19.0,9,expanding,losing_streak_fitness,expanding,rep_2,3,3
train,1,0,22406,22406,53560,3,6,1114,5.5,4,9,2,61.746330862651256,23,103.0,369.0,266.0,1.387218045112782,152.0,0.391304347826087,4.478260869565218,19.0,8,expanding,losing_streak_fitness,expanding,rep_2,3,3
test,1,0,22406,22406,53560,3,6,1114,5.5,4,9,2,-227.845518382332,50,-290.0,451.0,741.0,0.6086369770580297,353.0,0.22,-5.8,19.0,9,expanding,losing_streak_fitness,expanding,rep_2,4,3
train,1,0,22406,22406,53560,3,6,1114,5.5,4,9,2,61.746330862651256,23,103.0,369.0,266.0,1.387218045112782,152.0,0.391304347826087,4.478260869565218,19.0,8,expanding,losing_streak_fitness,expanding,rep_2,4,3
test,1,0,22406,22406,53560,5,5,1523,7.75,4,9,2,-79.50894210716176,43,-97.0,492.0,589.0,0.8353140916808149,238.0,0.2790697674418604,-2.255813953488372,19.0,8,expanding,losing_streak_fitness,expanding,rep_2,5,5
train,1,0,22406,22406,53560,5,5,1523,7.75,4,9,2,174.28425057933376,15,135.0,287.0,152.0,1.888157894736842,73.0,0.4666666666666667,9.0,19.0,3,expanding,losing_streak_fitness,expanding,rep_2,5,5
test,1,0,22406,22406,53560,6,5,1198,7.75,4,9,2,-79.50894210716176,43,-97.0,492.0,589.0,0.8353140916808149,238.0,0.2790697674418604,-2.255813953488372,19.0,8,expanding,losing_streak_fitness,expanding,rep_2,6,6
train,1,0,22406,22406,53560,6,5,1198,7.75,4,9,2,207.9201235517567,13,173.0,287.0,114.0,2.517543859649123,57.0,0.5384615384615384,13.307692307692308,19.0,3,expanding,losing_streak_fitness,expanding,rep_2,6,6
test,1,0,22406,22406,53560,6,5,1198,7.75,4,9,2,-79.50894210716176,43,-97.0,492.0,589.0,0.8353140916808149,238.0,0.2790697674418604,-2.255813953488372,19.0,8,expanding,losing_streak_fitness,expanding,rep_2,7,6
train,1,0,22406,22406,53560,6,5,1198,7.75,4,9,2,207.9201235517567,13,173.0,287.0,114.0,2.517543859649123,57.0,0.5384615384615384,13.307692307692308,19.0,3,expanding,losing_streak_fitness,expanding,rep_2,7,6
test,1,0,22406,22406,53560,6,5,1198,7.75,4,9,2,-79.50894210716176,43,-97.0,492.0,589.0,0.8353140916808149,238.0,0.2790697674418604,-2.255813953488372,19.0,8,expanding,losing_streak_fitness,expanding,rep_2,8,6
train,1,0,22406,22406,53560,6,5,1198,7.75,4,9,2,207.9201235517567,13,173.0,287.0,114.0,2.517543859649123,57.0,0.5384615384615384,13.307692307692308,19.0,3,expanding,losing_streak_fitness,expanding,rep_2,8,6
test,1,0,22406,22406,53560,9,6,503,7.75,4,9,2,-22.0454076850486,24,-36.0,287.0,323.0,0.8885448916408669,152.0,0.2916666666666667,-1.5,19.0,8,expanding,losing_streak_fitness,expanding,rep_2,9,9
train,1,0,22406,22406,53560,9,6,503,7.75,4,9,2,250.40517167183268,11,151.0,246.0,95.0,2.5894736842105264,38.0,0.5454545454545454,13.727272727272728,19.0,2,expanding,losing_streak_fitness,expanding,rep_2,9,9
test,1,0,22406,22406,53560,9,6,503,7.75,4,9,2,-22.0454076850486,24,-36.0,287.0,323.0,0.8885448916408669,152.0,0.2916666666666667,-1.5,19.0,8,expanding,losing_streak_fitness,expanding,rep_2,10,9
train,1,0,22406,22406,53560,9,6,503,7.75,4,9,2,250.40517167183268,11,151.0,246.0,95.0,2.5894736842105264,38.0,0.5454545454545454,13.727272727272728,19.0,2,expanding,losing_streak_fitness,expanding,rep_2,10,9
test,1,0,22406,22406,53560,11,5,503,7.5,4,9,2,-43.3490225391766,31,-109.0,328.0,437.0,0.7505720823798627,266.0,0.2580645161290322,-3.5161290322580645,19.0,14,expanding,losing_streak_fitness,expanding,rep_2,11,11
train,1,0,22406,22406,53560,11,5,503,7.5,4,9,2,332.55375505322445,12,192.0,287.0,95.0,3.0210526315789474,38.0,0.5833333333333334,16.0,19.0,2,expanding,losing_streak_fitness,expanding,rep_2,11,11
test,1,0,22406,22406,53560,11,5,503,7.5,4,9,2,-43.3490225391766,31,-109.0,328.0,437.0,0.7505720823798627,266.0,0.2580645161290322,-3.5161290322580645,19.0,14,expanding,losing_streak_fitness,expanding,rep_2,12,11
train,1,0,22406,22406,53560,11,5,503,7.5,4,9,2,332.55375505322445,12,192.0,287.0,95.0,3.0210526315789474,38.0,0.5833333333333334,16.0,19.0,2,expanding,losing_streak_fitness,expanding,rep_2,12,11
test,1,0,22406,22406,53560,11,5,503,7.5,4,9,2,-43.3490225391766,31,-109.0,328.0,437.0,0.7505720823798627,266.0,0.2580645161290322,-3.5161290322580645,19.0,14,expanding,losing_streak_fitness,expanding,rep_2,13,11
train,1,0,22406,22406,53560,11,5,503,7.5,4,9,2,332.55375505322445,12,192.0,287.0,95.0,3.0210526315789474,38.0,0.5833333333333334,16.0,19.0,2,expanding,losing_streak_fitness,expanding,rep_2,13,11
test,1,0,22406,22406,53560,11,5,503,7.5,4,9,2,-43.3490225391766,31,-109.0,328.0,437.0,0.7505720823798627,266.0,0.2580645161290322,-3.5161290322580645,19.0,14,expanding,losing_streak_fitness,expanding,rep_2,14,11
train,1,0,22406,22406,53560,11,5,503,7.5,4,9,2,332.55375505322445,12,192.0,287.0,95.0,3.0210526315789474,38.0,0.5833333333333334,16.0,19.0,2,expanding,losing_streak_fitness,expanding,rep_2,14,11
test,1,0,22406,22406,53560,11,5,503,7.5,4,9,2,-43.3490225391766,31,-109.0,328.0,437.0,0.7505720823798627,266.0,0.2580645161290322,-3.5161290322580645,19.0,14,expanding,losing_streak_fitness,expanding,rep_2,15,11
train,1,0,22406,22406,53560,11,5,503,7.5,4,9,2,332.55375505322445,12,192.0,287.0,95.0,3.0210526315789474,38.0,0.5833333333333334,16.0,19.0,2,expanding,losing_streak_fitness,expanding,rep_2,15,11
test,1,0,22406,22406,53560,11,5,503,7.5,4,9,2,-43.3490225391766,31,-109.0,328.0,437.0,0.7505720823798627,266.0,0.2580645161290322,-3.5161290322580645,19.0,14,expanding,losing_streak_fitness,expanding,rep_2,16,11
train,1,0,22406,22406,53560,11,5,503,7.5,4,9,2,332.55375505322445,12,192.0,287.0,95.0,3.0210526315789474,38.0,0.5833333333333334,16.0,19.0,2,expanding,losing_streak_fitness,expanding,rep_2,16,11
test,1,0,22406,22406,53560,11,5,503,7.5,4,9,2,-43.3490225391766,31,-109.0,328.0,437.0,0.7505720823798627,266.0,0.2580645161290322,-3.5161290322580645,19.0,14,expanding,losing_streak_fitness,expanding,rep_2,17,11
train,1,0,22406,22406,53560,11,5,503,7.5,4,9,2,332.55375505322445,12,192.0,287.0,95.0,3.0210526315789474,38.0,0.5833333333333334,16.0,19.0,2,expanding,losing_streak_fitness,expanding,rep_2,17,11
test,1,0,22406,22406,53560,11,5,503,7.5,4,9,2,-43.3490225391766,31,-109.0,328.0,437.0,0.7505720823798627,266.0,0.2580645161290322,-3.5161290322580645,19.0,14,expanding,losing_streak_fitness,expanding,rep_2,18,11
train,1,0,22406,22406,53560,11,5,503,7.5,4,9,2,332.55375505322445,12,192.0,287.0,95.0,3.0210526315789474,38.0,0.5833333333333334,16.0,19.0,2,expanding,losing_streak_fitness,expanding,rep_2,18,11
test,1,0,22406,22406,53560,11,5,503,7.5,4,9,2,-43.3490225391766,31,-109.0,328.0,437.0,0.7505720823798627,266.0,0.2580645161290322,-3.5161290322580645,19.0,14,expanding,losing_streak_fitness,expanding,rep_2,19,11
train,1,0,22406,22406,53560,11,5,503,7.5,4,9,2,332.55375505322445,12,192.0,287.0,95.0,3.0210526315789474,38.0,0.5833333333333334,16.0,19.0,2,expanding,losing_streak_fitness,expanding,rep_2,19,11
test,1,0,22406,22406,53560,11,5,503,7.5,4,9,2,-43.3490225391766,31,-109.0,328.0,437.0,0.7505720823798627,266.0,0.2580645161290322,-3.5161290322580645,19.0,14,expanding,losing_streak_fitness,expanding,rep_2,20,11
train,1,0,22406,22406,53560,11,5,503,7.5,4,9,2,332.55375505322445,12,192.0,287.0,95.0,3.0210526315789474,38.0,0.5833333333333334,16.0,19.0,2,expanding,losing_streak_fitness,expanding,rep_2,20,11
test,1,0,22406,22406,53560,11,5,503,7.5,4,9,2,-43.3490225391766,31,-109.0,328.0,437.0,0.7505720823798627,266.0,0.2580645161290322,-3.5161290322580645,19.0,14,expanding,losing_streak_fitness,expanding,rep_2,21,11
train,1,0,22406,22406,53560,11,5,503,7.5,4,9,2,332.55375505322445,12,192.0,287.0,95.0,3.0210526315789474,38.0,0.5833333333333334,16.0,19.0,2,expanding,losing_streak_fitness,expanding,rep_2,21,11
test,1,0,22406,22406,53560,11,5,503,7.5,4,9,2,-43.3490225391766,31,-109.0,328.0,437.0,0.7505720823798627,266.0,0.2580645161290322,-3.5161290322580645,19.0,14,expanding,losing_streak_fitness,expanding,rep_2,22,11
train,1,0,22406,22406,53560,11,5,503,7.5,4,9,2,332.55375505322445,12,192.0,287.0,95.0,3.0210526315789474,38.0,0.5833333333333334,16.0,19.0,2,expanding,losing_streak_fitness,expanding,rep_2,22,11
test,1,0,22406,22406,53560,11,5,503,7.5,4,9,2,-43.3490225391766,31,-109.0,328.0,437.0,0.7505720823798627,266.0,0.2580645161290322,-3.5161290322580645,19.0,14,expanding,losing_streak_fitness,expanding,rep_2,23,11
train,1,0,22406,22406,53560,11,5,503,7.5,4,9,2,332.55375505322445,12,192.0,287.0,95.0,3.0210526315789474,38.0,0.5833333333333334,16.0,19.0,2,expanding,losing_streak_fitness,expanding,rep_2,23,11
test,1,0,22406,22406,53560,11,5,503,7.5,4,9,2,-43.3490225391766,31,-109.0,328.0,437.0,0.7505720823798627,266.0,0.2580645161290322,-3.5161290322580645,19.0,14,expanding,losing_streak_fitness,expanding,rep_2,24,11
train,1,0,22406,22406,53560,11,5,503,7.5,4,9,2,332.55375505322445,12,192.0,287.0,95.0,3.0210526315789474,38.0,0.5833333333333334,16.0,19.0,2,expanding,losing_streak_fitness,expanding,rep_2,24,11
test,1,0,22406,22406,53560,11,5,503,7.5,4,9,2,-43.3490225391766,31,-109.0,328.0,437.0,0.7505720823798627,266.0,0.2580645161290322,-3.5161290322580645,19.0,14,expanding,losing_streak_fitness,expanding,rep_2,25,11
train,1,0,22406,22406,53560,11,5,503,7.5,4,9,2,332.55375505322445,12,192.0,287.0,95.0,3.0210526315789474,38.0,0.5833333333333334,16.0,19.0,2,expanding,losing_streak_fitness,expanding,rep_2,25,11
test,1,0,22406,22406,53560,11,5,503,7.5,4,9,2,-43.3490225391766,31,-109.0,328.0,437.0,0.7505720823798627,266.0,0.2580645161290322,-3.5161290322580645,19.0,14,expanding,losing_streak_fitness,expanding,rep_2,26,11
train,1,0,22406,22406,53560,11,5,503,7.5,4,9,2,332.55375505322445,12,192.0,287.0,95.0,3.0210526315789474,38.0,0.5833333333333334,16.0,19.0,2,expanding,losing_streak_fitness,expanding,rep_2,26,11
test,1,0,22406,22406,53560,11,5,503,7.5,4,9,2,-43.3490225391766,31,-109.0,328.0,437.0,0.7505720823798627,266.0,0.2580645161290322,-3.5161290322580645,19.0,14,expanding,losing_streak_fitness,expanding,rep_2,27,11
train,1,0,22406,22406,53560,11,5,503,7.5,4,9,2,332.55375505322445,12,192.0,287.0,95.0,3.0210526315789474,38.0,0.5833333333333334,16.0,19.0,2,expanding,losing_streak_fitness,expanding,rep_2,27,11
test,1,0,22406,22406,53560,11,5,503,7.5,4,9,2,-43.3490225391766,31,-109.0,328.0,437.0,0.7505720823798627,266.0,0.2580645161290322,-3.5161290322580645,19.0,14,expanding,losing_streak_fitness,expanding,rep_2,28,11
train,1,0,22406,22406,53560,11,5,503,7.5,4,9,2,332.55375505322445,12,192.0,287.0,95.0,3.0210526315789474,38.0,0.5833333333333334,16.0,19.0,2,expanding,losing_streak_fitness,expanding,rep_2,28,11
test,1,0,22406,22406,53560,11,5,503,7.5,4,9,2,-43.3490225391766,31,-109.0,328.0,437.0,0.7505720823798627,266.0,0.2580645161290322,-3.5161290322580645,19.0,14,expanding,losing_streak_fitness,expanding,rep_2,29,11
train,1,0,22406,22406,53560,11,5,503,7.5,4,9,2,332.55375505322445,12,192.0,287.0,95.0,3.0210526315789474,38.0,0.5833333333333334,16.0,19.0,2,expanding,losing_streak_fitness,expanding,rep_2,29,11
test,1,0,22406,22406,53560,11,5,503,7.5,4,9,2,-43.3490225391766,31,-109.0,328.0,437.0,0.7505720823798627,266.0,0.2580645161290322,-3.5161290322580645,19.0,14,expanding,losing_streak_fitness,expanding,rep_2,30,11
train,1,0,22406,22406,53560,11,5,503,7.5,4,9,2,332.55375505322445,12,192.0,287.0,95.0,3.0210526315789474,38.0,0.5833333333333334,16.0,19.0,2,expanding,losing_streak_fitness,expanding,rep_2,30,11
test,1,0,22406,22406,53560,11,5,503,7.5,4,9,2,-43.3490225391766,31,-109.0,328.0,437.0,0.7505720823798627,266.0,0.2580645161290322,-3.5161290322580645,19.0,14,expanding,losing_streak_fitness,expanding,rep_2,31,11
train,1,0,22406,22406,53560,11,5,503,7.5,4,9,2,332.55375505322445,12,192.0,287.0,95.0,3.0210526315789474,38.0,0.5833333333333334,16.0,19.0,2,expanding,losing_streak_fitness,expanding,rep_2,31,11
test,1,0,22406,22406,53560,11,5,503,7.5,4,9,2,-43.3490225391766,31,-109.0,328.0,437.0,0.7505720823798627,266.0,0.2580645161290322,-3.5161290322580645,19.0,14,expanding,losing_streak_fitness,expanding,rep_2,32,11
train,1,0,22406,22406,53560,11,5,503,7.5,4,9,2,332.55375505322445,12,192.0,287.0,95.0,3.0210526315789474,38.0,0.5833333333333334,16.0,19.0,2,expanding,losing_streak_fitness,expanding,rep_2,32,11
test,1,0,22406,22406,53560,11,5,503,7.5,4,9,2,-43.3490225391766,31,-109.0,328.0,437.0,0.7505720823798627,266.0,0.2580645161290322,-3.5161290322580645,19.0,14,expanding,losing_streak_fitness,expanding,rep_2,33,11
train,1,0,22406,22406,53560,11,5,503,7.5,4,9,2,332.55375505322445,12,192.0,287.0,95.0,3.0210526315789474,38.0,0.5833333333333334,16.0,19.0,2,expanding,losing_streak_fitness,expanding,rep_2,33,11
test,1,0,22406,22406,53560,11,5,503,7.5,4,9,2,-43.3490225391766,31,-109.0,328.0,437.0,0.7505720823798627,266.0,0.2580645161290322,-3.5161290322580645,19.0,14,expanding,losing_streak_fitness,expanding,rep_2,34,11
train,1,0,22406,22406,53560,11,5,503,7.5,4,9,2,332.55375505322445,12,192.0,287.0,95.0,3.0210526315789474,38.0,0.5833333333333334,16.0,19.0,2,expanding,losing_streak_fitness,expanding,rep_2,34,11
test,1,0,22406,22406,53560,11,5,503,7.5,4,9,2,-43.3490225391766,31,-109.0,328.0,437.0,0.7505720823798627,266.0,0.2580645161290322,-3.5161290322580645,19.0,14,expanding,losing_streak_fitness,expanding,rep_2,35,11
train,1,0,22406,22406,53560,11,5,503,7.5,4,9,2,332.55375505322445,12,192.0,287.0,95.0,3.0210526315789474,38.0,0.5833333333333334,16.0,19.0,2,expanding,losing_streak_fitness,expanding,rep_2,35,11
test,1,0,22406,22406,53560,11,5,503,7.5,4,9,2,-43.3490225391766,31,-109.0,328.0,437.0,0.7505720823798627,266.0,0.2580645161290322,-3.5161290322580645,19.0,14,expanding,losing_streak_fitness,expanding,rep_2,36,11
train,1,0,22406,22406,53560,11,5,503,7.5,4,9,2,332.55375505322445,12,192.0,287.0,95.0,3.0210526315789474,38.0,0.5833333333333334,16.0,19.0,2,expanding,losing_streak_fitness,expanding,rep_2,36,11
test,1,0,22406,22406,53560,11,5,503,7.5,4,9,2,-43.3490225391766,31,-109.0,328.0,437.0,0.7505720823798627,266.0,0.2580645161290322,-3.5161290322580645,19.0,14,expanding,losing_streak_fitness,expanding,rep_2,37,11
train,1,0,22406,22406,53560,11,5,503,7.5,4,9,2,332.55375505322445,12,192.0,287.0,95.0,3.0210526315789474,38.0,0.5833333333333334,16.0,19.0,2,expanding,losing_streak_fitness,expanding,rep_2,37,11
test,1,0,22406,22406,53560,11,5,503,7.5,4,9,2,-43.3490225391766,31,-109.0,328.0,437.0,0.7505720823798627,266.0,0.2580645161290322,-3.5161290322580645,19.0,14,expanding,losing_streak_fitness,expanding,rep_2,38,11
train,1,0,22406,22406,53560,11,5,503,7.5,4,9,2,332.55375505322445,12,192.0,287.0,95.0,3.0210526315789474,38.0,0.5833333333333334,16.0,19.0,2,expanding,losing_streak_fitness,expanding,rep_2,38,11
test,1,0,22406,22406,53560,11,5,503,7.5,4,9,2,-43.3490225391766,31,-109.0,328.0,437.0,0.7505720823798627,266.0,0.2580645161290322,-3.5161290322580645,19.0,14,expanding,losing_streak_fitness,expanding,rep_2,39,11
train,1,0,22406,22406,53560,11,5,503,7.5,4,9,2,332.55375505322445,12,192.0,287.0,95.0,3.0210526315789474,38.0,0.5833333333333334,16.0,19.0,2,expanding,losing_streak_fitness,expanding,rep_2,39,11
test,1,0,22406,22406,53560,11,5,503,7.5,4,9,2,-43.3490225391766,31,-109.0,328.0,437.0,0.7505720823798627,266.0,0.2580645161290322,-3.5161290322580645,19.0,14,expanding,losing_streak_fitness,expanding,rep_2,40,11
train,1,0,22406,22406,53560,11,5,503,7.5,4,9,2,332.55375505322445,12,192.0,287.0,95.0,3.0210526315789474,38.0,0.5833333333333334,16.0,19.0,2,expanding,losing_streak_fitness,expanding,rep_2,40,11
test,1,0,22406,22406,53560,11,5,503,7.5,4,9,2,-43.3490225391766,31,-109.0,328.0,437.0,0.7505720823798627,266.0,0.2580645161290322,-3.5161290322580645,19.0,14,expanding,losing_streak_fitness,expanding,rep_2,41,11
train,1,0,22406,22406,53560,11,5,503,7.5,4,9,2,332.55375505322445,12,192.0,287.0,95.0,3.0210526315789474,38.0,0.5833333333333334,16.0,19.0,2,expanding,losing_streak_fitness,expanding,rep_2,41,11
test,1,0,22406,22406,53560,11,5,503,7.5,4,9,2,-43.3490225391766,31,-109.0,328.0,437.0,0.7505720823798627,266.0,0.2580645161290322,-3.5161290322580645,19.0,14,expanding,losing_streak_fitness,expanding,rep_2,42,11
train,1,0,22406,22406,53560,11,5,503,7.5,4,9,2,332.55375505322445,12,192.0,287.0,95.0,3.0210526315789474,38.0,0.5833333333333334,16.0,19.0,2,expanding,losing_streak_fitness,expanding,rep_2,42,11
test,1,0,22406,22406,53560,11,5,503,7.5,4,9,2,-43.3490225391766,31,-109.0,328.0,437.0,0.7505720823798627,266.0,0.2580645161290322,-3.5161290322580645,19.0,14,expanding,losing_streak_fitness,expanding,rep_2,43,11
train,1,0,22406,22406,53560,11,5,503,7.5,4,9,2,332.55375505322445,12,192.0,287.0,95.0,3.0210526315789474,38.0,0.5833333333333334,16.0,19.0,2,expanding,losing_streak_fitness,expanding,rep_2,43,11
test,1,0,22406,22406,53560,11,5,503,7.5,4,9,2,-43.3490225391766,31,-109.0,328.0,437.0,0.7505720823798627,266.0,0.2580645161290322,-3.5161290322580645,19.0,14,expanding,losing_streak_fitness,expanding,rep_2,44,11
train,1,0,22406,22406,53560,11,5,503,7.5,4,9,2,332.55375505322445,12,192.0,287.0,95.0,3.0210526315789474,38.0,0.5833333333333334,16.0,19.0,2,expanding,losing_streak_fitness,expanding,rep_2,44,11
test,1,0,22406,22406,53560,11,5,503,7.5,4,9,2,-43.3490225391766,31,-109.0,328.0,437.0,0.7505720823798627,266.0,0.2580645161290322,-3.5161290322580645,19.0,14,expanding,losing_streak_fitness,expanding,rep_2,45,11
train,1,0,22406,22406,53560,11,5,503,7.5,4,9,2,332.55375505322445,12,192.0,287.0,95.0,3.0210526315789474,38.0,0.5833333333333334,16.0,19.0,2,expanding,losing_streak_fitness,expanding,rep_2,45,11
test,1,0,22406,22406,53560,11,5,503,7.5,4,9,2,-43.3490225391766,31,-109.0,328.0,437.0,0.7505720823798627,266.0,0.2580645161290322,-3.5161290322580645,19.0,14,expanding,losing_streak_fitness,expanding,rep_2,46,11
train,1,0,22406,22406,53560,11,5,503,7.5,4,9,2,332.55375505322445,12,192.0,287.0,95.0,3.0210526315789474,38.0,0.5833333333333334,16.0,19.0,2,expanding,losing_streak_fitness,expanding,rep_2,46,11
test,1,0,22406,22406,53560,11,5,503,7.5,4,9,2,-43.3490225391766,31,-109.0,328.0,437.0,0.7505720823798627,266.0,0.2580645161290322,-3.5161290322580645,19.0,14,expanding,losing_streak_fitness,expanding,rep_2,47,11
train,1,0,22406,22406,53560,11,5,503,7.5,4,9,2,332.55375505322445,12,192.0,287.0,95.0,3.0210526315789474,38.0,0.5833333333333334,16.0,19.0,2,expanding,losing_streak_fitness,expanding,rep_2,47,11
test,1,0,22406,22406,53560,11,5,503,7.5,4,9,2,-43.3490225391766,31,-109.0,328.0,437.0,0.7505720823798627,266.0,0.2580645161290322,-3.5161290322580645,19.0,14,expanding,losing_streak_fitness,expanding,rep_2,48,11
train,1,0,22406,22406,53560,11,5,503,7.5,4,9,2,332.55375505322445,12,192.0,287.0,95.0,3.0210526315789474,38.0,0.5833333333333334,16.0,19.0,2,expanding,losing_streak_fitness,expanding,rep_2,48,11
test,1,0,22406,22406,53560,11,5,503,7.5,4,9,2,-43.3490225391766,31,-109.0,328.0,437.0,0.7505720823798627,266.0,0.2580645161290322,-3.5161290322580645,19.0,14,expanding,losing_streak_fitness,expanding,rep_2,49,11
train,1,0,22406,22406,53560,11,5,503,7.5,4,9,2,332.55375505322445,12,192.0,287.0,95.0,3.0210526315789474,38.0,0.5833333333333334,16.0,19.0,2,expanding,losing_streak_fitness,expanding,rep_2,49,11
test,1,0,22406,22406,53560,11,5,503,7.5,4,9,2,-43.3490225391766,31,-109.0,328.0,437.0,0.7505720823798627,266.0,0.2580645161290322,-3.5161290322580645,19.0,14,expanding,losing_streak_fitness,expanding,rep_2,50,11
train,1,0,22406,22406,53560,11,5,503,7.5,4,9,2,332.55375505322445,12,192.0,287.0,95.0,3.0210526315789474,38.0,0.5833333333333334,16.0,19.0,2,expanding,losing_streak_fitness,expanding,rep_2,50,11
test,1,0,22406,22406,53560,11,5,503,7.5,4,9,2,-43.3490225391766,31,-109.0,328.0,437.0,0.7505720823798627,266.0,0.2580645161290322,-3.5161290322580645,19.0,14,expanding,losing_streak_fitness,expanding,rep_2,51,11
train,1,0,22406,22406,53560,11,5,503,7.5,4,9,2,332.55375505322445,12,192.0,287.0,95.0,3.0210526315789474,38.0,0.5833333333333334,16.0,19.0,2,expanding,losing_streak_fitness,expanding,rep_2,51,11
test,1,0,22406,22406,53560,11,5,503,7.5,4,9,2,-43.3490225391766,31,-109.0,328.0,437.0,0.7505720823798627,266.0,0.2580645161290322,-3.5161290322580645,19.0,14,expanding,losing_streak_fitness,expanding,rep_2,52,11
train,1,0,22406,22406,53560,11,5,503,7.5,4,9,2,332.55375505322445,12,192.0,287.0,95.0,3.0210526315789474,38.0,0.5833333333333334,16.0,19.0,2,expanding,losing_streak_fitness,expanding,rep_2,52,11
test,1,0,22406,22406,53560,11,5,503,7.5,4,9,2,-43.3490225391766,31,-109.0,328.0,437.0,0.7505720823798627,266.0,0.2580645161290322,-3.5161290322580645,19.0,14,expanding,losing_streak_fitness,expanding,rep_2,53,11
train,1,0,22406,22406,53560,11,5,503,7.5,4,9,2,332.55375505322445,12,192.0,287.0,95.0,3.0210526315789474,38.0,0.5833333333333334,16.0,19.0,2,expanding,losing_streak_fitness,expanding,rep_2,53,11
test,1,0,22406,22406,53560,11,5,503,7.5,4,9,2,-43.3490225391766,31,-109.0,328.0,437.0,0.7505720823798627,266.0,0.2580645161290322,-3.5161290322580645,19.0,14,expanding,losing_streak_fitness,expanding,rep_2,54,11
train,1,0,22406,22406,53560,11,5,503,7.5,4,9,2,332.55375505322445,12,192.0,287.0,95.0,3.0210526315789474,38.0,0.5833333333333334,16.0,19.0,2,expanding,losing_streak_fitness,expanding,rep_2,54,11
test,1,0,22406,22406,53560,11,5,503,7.5,4,9,2,-43.3490225391766,31,-109.0,328.0,437.0,0.7505720823798627,266.0,0.2580645161290322,-3.5161290322580645,19.0,14,expanding,losing_streak_fitness,expanding,rep_2,55,11
train,1,0,22406,22406,53560,11,5,503,7.5,4,9,2,332.55375505322445,12,192.0,287.0,95.0,3.0210526315789474,38.0,0.5833333333333334,16.0,19.0,2,expanding,losing_streak_fitness,expanding,rep_2,55,11
test,1,0,22406,22406,53560,11,5,503,7.5,4,9,2,-43.3490225391766,31,-109.0,328.0,437.0,0.7505720823798627,266.0,0.2580645161290322,-3.5161290322580645,19.0,14,expanding,losing_streak_fitness,expanding,rep_2,56,11
train,1,0,22406,22406,53560,11,5,503,7.5,4,9,2,332.55375505322445,12,192.0,287.0,95.0,3.0210526315789474,38.0,0.5833333333333334,16.0,19.0,2,expanding,losing_streak_fitness,expanding,rep_2,56,11
test,1,0,22406,22406,53560,11,5,503,7.5,4,9,2,-43.3490225391766,31,-109.0,328.0,437.0,0.7505720823798627,266.0,0.2580645161290322,-3.5161290322580645,19.0,14,expanding,losing_streak_fitness,expanding,rep_2,57,11
train,1,0,22406,22406,53560,11,5,503,7.5,4,9,2,332.55375505322445,12,192.0,287.0,95.0,3.0210526315789474,38.0,0.5833333333333334,16.0,19.0,2,expanding,losing_streak_fitness,expanding,rep_2,57,11
test,1,0,22406,22406,53560,11,5,503,7.5,4,9,2,-43.3490225391766,31,-109.0,328.0,437.0,0.7505720823798627,266.0,0.2580645161290322,-3.5161290322580645,19.0,14,expanding,losing_streak_fitness,expanding,rep_2,58,11
train,1,0,22406,22406,53560,11,5,503,7.5,4,9,2,332.55375505322445,12,192.0,287.0,95.0,3.0210526315789474,38.0,0.5833333333333334,16.0,19.0,2,expanding,losing_streak_fitness,expanding,rep_2,58,11
test,1,0,22406,22406,53560,11,5,503,7.5,4,9,2,-43.3490225391766,31,-109.0,328.0,437.0,0.7505720823798627,266.0,0.2580645161290322,-3.5161290322580645,19.0,14,expanding,losing_streak_fitness,expanding,rep_2,59,11
train,1,0,22406,22406,53560,11,5,503,7.5,4,9,2,332.55375505322445,12,192.0,287.0,95.0,3.0210526315789474,38.0,0.5833333333333334,16.0,19.0,2,expanding,losing_streak_fitness,expanding,rep_2,59,11
test,1,0,22406,22406,53560,11,5,503,7.5,4,9,2,-43.3490225391766,31,-109.0,328.0,437.0,0.7505720823798627,266.0,0.2580645161290322,-3.5161290322580645,19.0,14,expanding,losing_streak_fitness,expanding,rep_2,60,11
train,1,0,22406,22406,53560,11,5,503,7.5,4,9,2,332.55375505322445,12,192.0,287.0,95.0,3.0210526315789474,38.0,0.5833333333333334,16.0,19.0,2,expanding,losing_streak_fitness,expanding,rep_2,60,11
test,1,0,22406,22406,53560,11,5,503,7.5,4,9,2,-43.3490225391766,31,-109.0,328.0,437.0,0.7505720823798627,266.0,0.2580645161290322,-3.5161290322580645,19.0,14,expanding,losing_streak_fitness,expanding,rep_2,61,11
train,1,0,22406,22406,53560,11,5,503,7.5,4,9,2,332.55375505322445,12,192.0,287.0,95.0,3.0210526315789474,38.0,0.5833333333333334,16.0,19.0,2,expanding,losing_streak_fitness,expanding,rep_2,61,11
test,1,0,22406,22406,53560,11,5,503,7.5,4,9,2,-43.3490225391766,31,-109.0,328.0,437.0,0.7505720823798627,266.0,0.2580645161290322,-3.5161290322580645,19.0,14,expanding,losing_streak_fitness,expanding,rep_2,62,11
train,1,0,22406,22406,53560,11,5,503,7.5,4,9,2,332.55375505322445,12,192.0,287.0,95.0,3.0210526315789474,38.0,0.5833333333333334,16.0,19.0,2,expanding,losing_streak_fitness,expanding,rep_2,62,11
test,1,0,22406,22406,53560,11,5,503,7.5,4,9,2,-43.3490225391766,31,-109.0,328.0,437.0,0.7505720823798627,266.0,0.2580645161290322,-3.5161290322580645,19.0,14,expanding,losing_streak_fitness,expanding,rep_2,63,11
train,1,0,22406,22406,53560,11,5,503,7.5,4,9,2,332.55375505322445,12,192.0,287.0,95.0,3.0210526315789474,38.0,0.5833333333333334,16.0,19.0,2,expanding,losing_streak_fitness,expanding,rep_2,63,11
test,1,0,22406,22406,53560,11,5,503,7.5,4,9,2,-43.3490225391766,31,-109.0,328.0,437.0,0.7505720823798627,266.0,0.2580645161290322,-3.5161290322580645,19.0,14,expanding,losing_streak_fitness,expanding,rep_2,64,11
train,1,0,22406,22406,53560,11,5,503,7.5,4,9,2,332.55375505322445,12,192.0,287.0,95.0,3.0210526315789474,38.0,0.5833333333333334,16.0,19.0,2,expanding,losing_streak_fitness,expanding,rep_2,64,11
test,1,0,22406,22406,53560,11,5,503,7.5,4,9,2,-43.3490225391766,31,-109.0,328.0,437.0,0.7505720823798627,266.0,0.2580645161290322,-3.5161290322580645,19.0,14,expanding,losing_streak_fitness,expanding,rep_2,65,11
train,1,0,22406,22406,53560,11,5,503,7.5,4,9,2,332.55375505322445,12,192.0,287.0,95.0,3.0210526315789474,38.0,0.5833333333333334,16.0,19.0,2,expanding,losing_streak_fitness,expanding,rep_2,65,11
test,1,0,22406,22406,53560,11,5,503,7.5,4,9,2,-43.3490225391766,31,-109.0,328.0,437.0,0.7505720823798627,266.0,0.2580645161290322,-3.5161290322580645,19.0,14,expanding,losing_streak_fitness,expanding,rep_2,66,11
train,1,0,22406,22406,53560,11,5,503,7.5,4,9,2,332.55375505322445,12,192.0,287.0,95.0,3.0210526315789474,38.0,0.5833333333333334,16.0,19.0,2,expanding,losing_streak_fitness,expanding,rep_2,66,11
test,1,0,22406,22406,53560,11,5,503,7.5,4,9,2,-43.3490225391766,31,-109.0,328.0,437.0,0.7505720823798627,266.0,0.2580645161290322,-3.5161290322580645,19.0,14,expanding,losing_streak_fitness,expanding,rep_2,67,11
train,1,0,22406,22406,53560,11,5,503,7.5,4,9,2,332.55375505322445,12,192.0,287.0,95.0,3.0210526315789474,38.0,0.5833333333333334,16.0,19.0,2,expanding,losing_streak_fitness,expanding,rep_2,67,11
test,1,0,22406,22406,53560,11,5,503,7.5,4,9,2,-43.3490225391766,31,-109.0,328.0,437.0,0.7505720823798627,266.0,0.2580645161290322,-3.5161290322580645,19.0,14,expanding,losing_streak_fitness,expanding,rep_2,68,11
train,1,0,22406,22406,53560,11,5,503,7.5,4,9,2,332.55375505322445,12,192.0,287.0,95.0,3.0210526315789474,38.0,0.5833333333333334,16.0,19.0,2,expanding,losing_streak_fitness,expanding,rep_2,68,11
test,1,0,22406,22406,53560,11,5,503,7.5,4,9,2,-43.3490225391766,31,-109.0,328.0,437.0,0.7505720823798627,266.0,0.2580645161290322,-3.5161290322580645,19.0,14,expanding,losing_streak_fitness,expanding,rep_2,69,11
train,1,0,22406,22406,53560,11,5,503,7.5,4,9,2,332.55375505322445,12,192.0,287.0,95.0,3.0210526315789474,38.0,0.5833333333333334,16.0,19.0,2,expanding,losing_streak_fitness,expanding,rep_2,69,11
test,1,0,22406,22406,53560,11,5,503,7.5,4,9,2,-43.3490225391766,31,-109.0,328.0,437.0,0.7505720823798627,266.0,0.2580645161290322,-3.5161290322580645,19.0,14,expanding,losing_streak_fitness,expanding,rep_2,70,11
train,1,0,22406,22406,53560,11,5,503,7.5,4,9,2,332.55375505322445,12,192.0,287.0,95.0,3.0210526315789474,38.0,0.5833333333333334,16.0,19.0,2,expanding,losing_streak_fitness,expanding,rep_2,70,11
test,1,0,22406,22406,53560,11,5,503,7.5,4,9,2,-43.3490225391766,31,-109.0,328.0,437.0,0.7505720823798627,266.0,0.2580645161290322,-3.5161290322580645,19.0,14,expanding,losing_streak_fitness,expanding,rep_2,71,11
train,1,0,22406,22406,53560,11,5,503,7.5,4,9,2,332.55375505322445,12,192.0,287.0,95.0,3.0210526315789474,38.0,0.5833333333333334,16.0,19.0,2,expanding,losing_streak_fitness,expanding,rep_2,71,11
test,1,0,22406,22406,53560,11,5,503,7.5,4,9,2,-43.3490225391766,31,-109.0,328.0,437.0,0.7505720823798627,266.0,0.2580645161290322,-3.5161290322580645,19.0,14,expanding,losing_streak_fitness,expanding,rep_2,72,11
train,1,0,22406,22406,53560,11,5,503,7.5,4,9,2,332.55375505322445,12,192.0,287.0,95.0,3.0210526315789474,38.0,0.5833333333333334,16.0,19.0,2,expanding,losing_streak_fitness,expanding,rep_2,72,11
test,1,0,22406,22406,53560,11,5,503,7.5,4,9,2,-43.3490225391766,31,-109.0,328.0,437.0,0.7505720823798627,266.0,0.2580645161290322,-3.5161290322580645,19.0,14,expanding,losing_streak_fitness,expanding,rep_2,73,11
train,1,0,22406,22406,53560,11,5,503,7.5,4,9,2,332.55375505322445,12,192.0,287.0,95.0,3.0210526315789474,38.0,0.5833333333333334,16.0,19.0,2,expanding,losing_streak_fitness,expanding,rep_2,73,11
test,1,0,22406,22406,53560,11,5,503,7.5,4,9,2,-43.3490225391766,31,-109.0,328.0,437.0,0.7505720823798627,266.0,0.2580645161290322,-3.5161290322580645,19.0,14,expanding,losing_streak_fitness,expanding,rep_2,74,11
train,1,0,22406,22406,53560,11,5,503,7.5,4,9,2,332.55375505322445,12,192.0,287.0,95.0,3.0210526315789474,38.0,0.5833333333333334,16.0,19.0,2,expanding,losing_streak_fitness,expanding,rep_2,74,11
test,1,0,22406,22406,53560,11,5,503,7.5,4,9,2,-43.3490225391766,31,-109.0,328.0,437.0,0.7505720823798627,266.0,0.2580645161290322,-3.5161290322580645,19.0,14,expanding,losing_streak_fitness,expanding,rep_2,75,11
train,1,0,22406,22406,53560,11,5,503,7.5,4,9,2,332.55375505322445,12,192.0,287.0,95.0,3.0210526315789474,38.0,0.5833333333333334,16.0,19.0,2,expanding,losing_streak_fitness,expanding,rep_2,75,11
test,1,0,22406,22406,53560,11,5,503,7.5,4,9,2,-43.3490225391766,31,-109.0,328.0,437.0,0.7505720823798627,266.0,0.2580645161290322,-3.5161290322580645,19.0,14,expanding,losing_streak_fitness,expanding,rep_2,76,11
train,1,0,22406,22406,53560,11,5,503,7.5,4,9,2,332.55375505322445,12,192.0,287.0,95.0,3.0210526315789474,38.0,0.5833333333333334,16.0,19.0,2,expanding,losing_streak_fitness,expanding,rep_2,76,11
test,1,0,22406,22406,53560,11,5,503,7.5,4,9,2,-43.3490225391766,31,-109.0,328.0,437.0,0.7505720823798627,266.0,0.2580645161290322,-3.5161290322580645,19.0,14,expanding,losing_streak_fitness,expanding,rep_2,77,11
train,1,0,22406,22406,53560,11,5,503,7.5,4,9,2,332.55375505322445,12,192.0,287.0,95.0,3.0210526315789474,38.0,0.5833333333333334,16.0,19.0,2,expanding,losing_streak_fitness,expanding,rep_2,77,11
test,1,0,22406,22406,53560,11,5,503,7.5,4,9,2,-43.3490225391766,31,-109.0,328.0,437.0,0.7505720823798627,266.0,0.2580645161290322,-3.5161290322580645,19.0,14,expanding,losing_streak_fitness,expanding,rep_2,78,11
train,1,0,22406,22406,53560,11,5,503,7.5,4,9,2,332.55375505322445,12,192.0,287.0,95.0,3.0210526315789474,38.0,0.5833333333333334,16.0,19.0,2,expanding,losing_streak_fitness,expanding,rep_2,78,11
test,1,0,22406,22406,53560,11,5,503,7.5,4,9,2,-43.3490225391766,31,-109.0,328.0,437.0,0.7505720823798627,266.0,0.2580645161290322,-3.5161290322580645,19.0,14,expanding,losing_streak_fitness,expanding,rep_2,79,11
train,1,0,22406,22406,53560,11,5,503,7.5,4,9,2,332.55375505322445,12,192.0,287.0,95.0,3.0210526315789474,38.0,0.5833333333333334,16.0,19.0,2,expanding,losing_streak_fitness,expanding,rep_2,79,11
test,1,0,22406,22406,53560,11,5,503,7.5,4,9,2,-43.3490225391766,31,-109.0,328.0,437.0,0.7505720823798627,266.0,0.2580645161290322,-3.5161290322580645,19.0,14,expanding,losing_streak_fitness,expanding,rep_2,80,11
train,1,0,22406,22406,53560,11,5,503,7.5,4,9,2,332.55375505322445,12,192.0,287.0,95.0,3.0210526315789474,38.0,0.5833333333333334,16.0,19.0,2,expanding,losing_streak_fitness,expanding,rep_2,80,11
test,1,0,22406,22406,53560,11,5,503,7.5,4,9,2,-43.3490225391766,31,-109.0,328.0,437.0,0.7505720823798627,266.0,0.2580645161290322,-3.5161290322580645,19.0,14,expanding,losing_streak_fitness,expanding,rep_2,81,11
train,1,0,22406,22406,53560,11,5,503,7.5,4,9,2,332.55375505322445,12,192.0,287.0,95.0,3.0210526315789474,38.0,0.5833333333333334,16.0,19.0,2,expanding,losing_streak_fitness,expanding,rep_2,81,11
test,1,0,22406,22406,53560,11,5,503,7.5,4,9,2,-43.3490225391766,31,-109.0,328.0,437.0,0.7505720823798627,266.0,0.2580645161290322,-3.5161290322580645,19.0,14,expanding,losing_streak_fitness,expanding,rep_2,82,11
train,1,0,22406,22406,53560,11,5,503,7.5,4,9,2,332.55375505322445,12,192.0,287.0,95.0,3.0210526315789474,38.0,0.5833333333333334,16.0,19.0,2,expanding,losing_streak_fitness,expanding,rep_2,82,11
test,1,0,22406,22406,53560,11,5,503,7.5,4,9,2,-43.3490225391766,31,-109.0,328.0,437.0,0.7505720823798627,266.0,0.2580645161290322,-3.5161290322580645,19.0,14,expanding,losing_streak_fitness,expanding,rep_2,83,11
train,1,0,22406,22406,53560,11,5,503,7.5,4,9,2,332.55375505322445,12,192.0,287.0,95.0,3.0210526315789474,38.0,0.5833333333333334,16.0,19.0,2,expanding,losing_streak_fitness,expanding,rep_2,83,11
test,1,0,22406,22406,53560,11,5,503,7.5,4,9,2,-43.3490225391766,31,-109.0,328.0,437.0,0.7505720823798627,266.0,0.2580645161290322,-3.5161290322580645,19.0,14,expanding,losing_streak_fitness,expanding,rep_2,84,11
train,1,0,22406,22406,53560,11,5,503,7.5,4,9,2,332.55375505322445,12,192.0,287.0,95.0,3.0210526315789474,38.0,0.5833333333333334,16.0,19.0,2,expanding,losing_streak_fitness,expanding,rep_2,84,11
test,1,0,22406,22406,53560,11,5,503,7.5,4,9,2,-43.3490225391766,31,-109.0,328.0,437.0,0.7505720823798627,266.0,0.2580645161290322,-3.5161290322580645,19.0,14,expanding,losing_streak_fitness,expanding,rep_2,85,11
train,1,0,22406,22406,53560,11,5,503,7.5,4,9,2,332.55375505322445,12,192.0,287.0,95.0,3.0210526315789474,38.0,0.5833333333333334,16.0,19.0,2,expanding,losing_streak_fitness,expanding,rep_2,85,11
test,1,0,22406,22406,53560,11,5,503,7.5,4,9,2,-43.3490225391766,31,-109.0,328.0,437.0,0.7505720823798627,266.0,0.2580645161290322,-3.5161290322580645,19.0,14,expanding,losing_streak_fitness,expanding,rep_2,86,11
train,1,0,22406,22406,53560,11,5,503,7.5,4,9,2,332.55375505322445,12,192.0,287.0,95.0,3.0210526315789474,38.0,0.5833333333333334,16.0,19.0,2,expanding,losing_streak_fitness,expanding,rep_2,86,11
test,1,0,22406,22406,53560,11,5,503,7.5,4,9,2,-43.3490225391766,31,-109.0,328.0,437.0,0.7505720823798627,266.0,0.2580645161290322,-3.5161290322580645,19.0,14,expanding,losing_streak_fitness,expanding,rep_2,87,11
train,1,0,22406,22406,53560,11,5,503,7.5,4,9,2,332.55375505322445,12,192.0,287.0,95.0,3.0210526315789474,38.0,0.5833333333333334,16.0,19.0,2,expanding,losing_streak_fitness,expanding,rep_2,87,11
test,1,0,22406,22406,53560,11,5,503,7.5,4,9,2,-43.3490225391766,31,-109.0,328.0,437.0,0.7505720823798627,266.0,0.2580645161290322,-3.5161290322580645,19.0,14,expanding,losing_streak_fitness,expanding,rep_2,88,11
train,1,0,22406,22406,53560,11,5,503,7.5,4,9,2,332.55375505322445,12,192.0,287.0,95.0,3.0210526315789474,38.0,0.5833333333333334,16.0,19.0,2,expanding,losing_streak_fitness,expanding,rep_2,88,11
test,1,0,22406,22406,53560,11,5,503,7.5,4,9,2,-43.3490225391766,31,-109.0,328.0,437.0,0.7505720823798627,266.0,0.2580645161290322,-3.5161290322580645,19.0,14,expanding,losing_streak_fitness,expanding,rep_2,89,11
train,1,0,22406,22406,53560,11,5,503,7.5,4,9,2,332.55375505322445,12,192.0,287.0,95.0,3.0210526315789474,38.0,0.5833333333333334,16.0,19.0,2,expanding,losing_streak_fitness,expanding,rep_2,89,11
test,1,0,22406,22406,53560,11,5,503,7.5,4,9,2,-43.3490225391766,31,-109.0,328.0,437.0,0.7505720823798627,266.0,0.2580645161290322,-3.5161290322580645,19.0,14,expanding,losing_streak_fitness,expanding,rep_2,90,11
train,1,0,22406,22406,53560,11,5,503,7.5,4,9,2,332.55375505322445,12,192.0,287.0,95.0,3.0210526315789474,38.0,0.5833333333333334,16.0,19.0,2,expanding,losing_streak_fitness,expanding,rep_2,90,11
test,1,0,22406,22406,53560,11,5,503,7.5,4,9,2,-43.3490225391766,31,-109.0,328.0,437.0,0.7505720823798627,266.0,0.2580645161290322,-3.5161290322580645,19.0,14,expanding,losing_streak_fitness,expanding,rep_2,91,11
train,1,0,22406,22406,53560,11,5,503,7.5,4,9,2,332.55375505322445,12,192.0,287.0,95.0,3.0210526315789474,38.0,0.5833333333333334,16.0,19.0,2,expanding,losing_streak_fitness,expanding,rep_2,91,11
test,1,0,22406,22406,53560,11,5,503,7.5,4,9,2,-43.3490225391766,31,-109.0,328.0,437.0,0.7505720823798627,266.0,0.2580645161290322,-3.5161290322580645,19.0,14,expanding,losing_streak_fitness,expanding,rep_2,92,11
train,1,0,22406,22406,53560,11,5,503,7.5,4,9,2,332.55375505322445,12,192.0,287.0,95.0,3.0210526315789474,38.0,0.5833333333333334,16.0,19.0,2,expanding,losing_streak_fitness,expanding,rep_2,92,11
test,1,0,22406,22406,53560,11,5,503,7.5,4,9,2,-43.3490225391766,31,-109.0,328.0,437.0,0.7505720823798627,266.0,0.2580645161290322,-3.5161290322580645,19.0,14,expanding,losing_streak_fitness,expanding,rep_2,93,11
train,1,0,22406,22406,53560,11,5,503,7.5,4,9,2,332.55375505322445,12,192.0,287.0,95.0,3.0210526315789474,38.0,0.5833333333333334,16.0,19.0,2,expanding,losing_streak_fitness,expanding,rep_2,93,11
test,1,0,22406,22406,53560,11,5,503,7.5,4,9,2,-43.3490225391766,31,-109.0,328.0,437.0,0.7505720823798627,266.0,0.2580645161290322,-3.5161290322580645,19.0,14,expanding,losing_streak_fitness,expanding,rep_2,94,11
train,1,0,22406,22406,53560,11,5,503,7.5,4,9,2,332.55375505322445,12,192.0,287.0,95.0,3.0210526315789474,38.0,0.5833333333333334,16.0,19.0,2,expanding,losing_streak_fitness,expanding,rep_2,94,11
test,1,0,22406,22406,53560,11,5,503,7.5,4,9,2,-43.3490225391766,31,-109.0,328.0,437.0,0.7505720823798627,266.0,0.2580645161290322,-3.5161290322580645,19.0,14,expanding,losing_streak_fitness,expanding,rep_2,95,11
train,1,0,22406,22406,53560,11,5,503,7.5,4,9,2,332.55375505322445,12,192.0,287.0,95.0,3.0210526315789474,38.0,0.5833333333333334,16.0,19.0,2,expanding,losing_streak_fitness,expanding,rep_2,95,11
test,1,0,22406,22406,53560,11,5,503,7.5,4,9,2,-43.3490225391766,31,-109.0,328.0,437.0,0.7505720823798627,266.0,0.2580645161290322,-3.5161290322580645,19.0,14,expanding,losing_streak_fitness,expanding,rep_2,96,11
train,1,0,22406,22406,53560,11,5,503,7.5,4,9,2,332.55375505322445,12,192.0,287.0,95.0,3.0210526315789474,38.0,0.5833333333333334,16.0,19.0,2,expanding,losing_streak_fitness,expanding,rep_2,96,11
test,1,0,22406,22406,53560,11,5,503,7.5,4,9,2,-43.3490225391766,31,-109.0,328.0,437.0,0.7505720823798627,266.0,0.2580645161290322,-3.5161290322580645,19.0,14,expanding,losing_streak_fitness,expanding,rep_2,97,11
train,1,0,22406,22406,53560,11,5,503,7.5,4,9,2,332.55375505322445,12,192.0,287.0,95.0,3.0210526315789474,38.0,0.5833333333333334,16.0,19.0,2,expanding,losing_streak_fitness,expanding,rep_2,97,11
test,1,0,22406,22406,53560,11,5,503,7.5,4,9,2,-43.3490225391766,31,-109.0,328.0,437.0,0.7505720823798627,266.0,0.2580645161290322,-3.5161290322580645,19.0,14,expanding,losing_streak_fitness,expanding,rep_2,98,11
train,1,0,22406,22406,53560,11,5,503,7.5,4,9,2,332.55375505322445,12,192.0,287.0,95.0,3.0210526315789474,38.0,0.5833333333333334,16.0,19.0,2,expanding,losing_streak_fitness,expanding,rep_2,98,11
test,1,0,22406,22406,53560,11,5,503,7.5,4,9,2,-43.3490225391766,31,-109.0,328.0,437.0,0.7505720823798627,266.0,0.2580645161290322,-3.5161290322580645,19.0,14,expanding,losing_streak_fitness,expanding,rep_2,99,11
train,1,0,22406,22406,53560,11,5,503,7.5,4,9,2,332.55375505322445,12,192.0,287.0,95.0,3.0210526315789474,38.0,0.5833333333333334,16.0,19.0,2,expanding,losing_streak_fitness,expanding,rep_2,99,11
test,1,0,22406,22406,53560,11,5,503,7.5,4,9,2,-43.3490225391766,31,-109.0,328.0,437.0,0.7505720823798627,266.0,0.2580645161290322,-3.5161290322580645,19.0,14,expanding,losing_streak_fitness,expanding,rep_2,100,11
train,1,0,22406,22406,53560,11,5,503,7.5,4,9,2,332.55375505322445,12,192.0,287.0,95.0,3.0210526315789474,38.0,0.5833333333333334,16.0,19.0,2,expanding,losing_streak_fitness,expanding,rep_2,100,11
test,2,0,53560,53560,86986,0,11,2341,4.25,8,13,3,115.0901820313097,7,87.0,183.0,96.0,1.90625,96.0,0.4285714285714285,12.428571428571429,24.0,4,expanding,losing_streak_fitness,expanding,rep_2,0,0
train,2,0,53560,53560,86986,0,11,2341,4.25,8,13,3,1.3228756555322954,7,2.0,122.0,120.0,1.0166666666666666,96.0,0.2857142857142857,0.2857142857142857,24.0,4,expanding,losing_streak_fitness,expanding,rep_2,0,0
test,2,0,53560,53560,86986,1,6,2661,9.75,5,13,2,-17.687834919294996,14,-26.0,183.0,209.0,0.8755980861244019,209.0,0.2142857142857142,-1.8571428571428568,19.0,11,expanding,losing_streak_fitness,expanding,rep_2,1,1
train,2,0,53560,53560,86986,1,6,2661,9.75,5,13,2,92.03633793236234,11,111.0,244.0,133.0,1.8345864661654132,76.0,0.3636363636363636,10.090909090909092,19.0,4,expanding,losing_streak_fitness,expanding,rep_2,1,1
test,2,0,53560,53560,86986,2,8,869,4.25,7,13,2,167.1273632759027,14,134.0,305.0,171.0,1.783625730994152,114.0,0.3571428571428571,9.571428571428571,19.0,6,expanding,losing_streak_fitness,expanding,rep_2,2,2
train,2,0,53560,53560,86986,2,8,869,4.25,7,13,2,100.27641796554164,14,134.0,305.0,171.0,1.783625730994152,95.0,0.3571428571428571,9.571428571428571,19.0,5,expanding,losing_streak_fitness,expanding,rep_2,2,2
test,2,0,53560,53560,86986,2,8,869,4.25,7,13,2,167.1273632759027,14,134.0,305.0,171.0,1.783625730994152,114.0,0.3571428571428571,9.571428571428571,19.0,6,expanding,losing_streak_fitness,expanding,rep_2,3,2
train,2,0,53560,53560,86986,2,8,869,4.25,7,13,2,100.27641796554164,14,134.0,305.0,171.0,1.783625730994152,95.0,0.3571428571428571,9.571428571428571,19.0,5,expanding,losing_streak_fitness,expanding,rep_2,3,2
test,2,0,53560,53560,86986,4,8,457,9.5,4,11,2,-26.68107943843352,13,-37.0,153.0,190.0,0.8052631578947368,190.0,0.2307692307692307,-2.8461538461538463,19.0,10,expanding,losing_streak_fitness,expanding,rep_2,4,4
train,2,0,53560,53560,86986,4,8,457,9.5,4,11,2,252.9822128134704,10,160.0,255.0,95.0,2.6842105263157894,38.0,0.5,16.0,19.0,2,expanding,losing_streak_fitness,expanding,rep_2,4,4
test,2,0,53560,53560,86986,4,8,457,9.5,4,11,2,-26.68107943843352,13,-37.0,153.0,190.0,0.8052631578947368,190.0,0.2307692307692307,-2.8461538461538463,19.0,10,expanding,losing_streak_fitness,expanding,rep_2,5,4
train,2,0,53560,53560,86986,4,8,457,9.5,4,11,2,252.9822128134704,10,160.0,255.0,95.0,2.6842105263157894,38.0,0.5,16.0,19.0,2,expanding,losing_streak_fitness,expanding,rep_2,5,4
test,2,0,53560,53560,86986,4,8,457,9.5,4,11,2,-26.68107943843352,13,-37.0,153.0,190.0,0.8052631578947368,190.0,0.2307692307692307,-2.8461538461538463,19.0,10,expanding,losing_streak_fitness,expanding,rep_2,6,4
train,2,0,53560,53560,86986,4,8,457,9.5,4,11,2,252.9822128134704,10,160.0,255.0,95.0,2.6842105263157894,38.0,0.5,16.0,19.0,2,expanding,losing_streak_fitness,expanding,rep_2,6,4
test,2,0,53560,53560,86986,4,8,457,9.5,4,11,2,-26.68107943843352,13,-37.0,153.0,190.0,0.8052631578947368,190.0,0.2307692307692307,-2.8461538461538463,19.0,10,expanding,losing_streak_fitness,expanding,rep_2,7,4
train,2,0,53560,53560,86986,4,8,457,9.5,4,11,2,252.9822128134704,10,160.0,255.0,95.0,2.6842105263157894,38.0,0.5,16.0,19.0,2,expanding,losing_streak_fitness,expanding,rep_2,7,4
test,2,0,53560,53560,86986,8,9,457,7.75,4,6,2,-38.3519882144329,14,-41.0,130.0,171.0,0.7602339181286549,152.0,0.3571428571428571,-2.9285714285714284,19.0,8,expanding,losing_streak_fitness,expanding,rep_2,8,8
train,2,0,53560,53560,86986,8,9,457,7.75,4,6,2,301.37684051698466,12,87.0,182.0,95.0,1.9157894736842105,19.0,0.5833333333333334,7.25,19.0,1,expanding,losing_streak_fitness,expanding,rep_2,8,8
test,2,0,53560,53560,86986,9,8,457,9.0,4,10,2,-37.49773326482549,13,-52.0,138.0,190.0,0.7263157894736842,190.0,0.2307692307692307,-4.0,19.0,10,expanding,losing_streak_fitness,expanding,rep_2,9,9
train,2,0,53560,53560,86986,9,8,457,9.0,4,10,2,632.4555320336759,10,200.0,276.0,76.0,3.631578947368421,19.0,0.6,20.0,19.0,1,expanding,losing_streak_fitness,expanding,rep_2,9,9
test,2,0,53560,53560,86986,9,8,457,9.0,4,10,2,-37.49773326482549,13,-52.0,138.0,190.0,0.7263157894736842,190.0,0.2307692307692307,-4.0,19.0,10,expanding,losing_streak_fitness,expanding,rep_2,10,9
train,2,0,53560,53560,86986,9,8,457,9.0,4,10,2,632.4555320336759,10,200.0,276.0,76.0,3.631578947368421,19.0,0.6,20.0,19.0,1,expanding,losing_streak_fitness,expanding,rep_2,10,9
test,2,0,53560,53560,86986,9,8,457,9.0,4,10,2,-37.49773326482549,13,-52.0,138.0,190.0,0.7263157894736842,190.0,0.2307692307692307,-4.0,19.0,10,expanding,losing_streak_fitness,expanding,rep_2,11,9
train,2,0,53560,53560,86986,9,8,457,9.0,4,10,2,632.4555320336759,10,200.0,276.0,76.0,3.631578947368421,19.0,0.6,20.0,19.0,1,expanding,losing_streak_fitness,expanding,rep_2,11,9
test,2,0,53560,53560,86986,9,8,457,9.0,4,10,2,-37.49773326482549,13,-52.0,138.0,190.0,0.7263157894736842,190.0,0.2307692307692307,-4.0,19.0,10,expanding,losing_streak_fitness,expanding,rep_2,12,9
train,2,0,53560,53560,86986,9,8,457,9.0,4,10,2,632.4555320336759,10,200.0,276.0,76.0,3.631578947368421,19.0,0.6,20.0,19.0,1,expanding,losing_streak_fitness,expanding,rep_2,12,9
test,2,0,53560,53560,86986,9,8,457,9.0,4,10,2,-37.49773326482549,13,-52.0,138.0,190.0,0.7263157894736842,190.0,0.2307692307692307,-4.0,19.0,10,expanding,losing_streak_fitness,expanding,rep_2,13,9
train,2,0,53560,53560,86986,9,8,457,9.0,4,10,2,632.4555320336759,10,200.0,276.0,76.0,3.631578947368421,19.0,0.6,20.0,19.0,1,expanding,losing_streak_fitness,expanding,rep_2,13,9
test,2,0,53560,53560,86986,9,8,457,9.0,4,10,2,-37.49773326482549,13,-52.0,138.0,190.0,0.7263157894736842,190.0,0.2307692307692307,-4.0,19.0,10,expanding,losing_streak_fitness,expanding,rep_2,14,9
train,2,0,53560,53560,86986,9,8,457,9.0,4,10,2,632.4555320336759,10,200.0,276.0,76.0,3.631578947368421,19.0,0.6,20.0,19.0,1,expanding,losing_streak_fitness,expanding,rep_2,14,9
test,2,0,53560,53560,86986,9,8,457,9.0,4,10,2,-37.49773326482549,13,-52.0,138.0,190.0,0.7263157894736842,190.0,0.2307692307692307,-4.0,19.0,10,expanding,losing_streak_fitness,expanding,rep_2,15,9
train,2,0,53560,53560,86986,9,8,457,9.0,4,10,2,632.4555320336759,10,200.0,276.0,76.0,3.631578947368421,19.0,0.6,20.0,19.0,1,expanding,losing_streak_fitness,expanding,rep_2,15,9
test,2,0,53560,53560,86986,9,8,457,9.0,4,10,2,-37.49773326482549,13,-52.0,138.0,190.0,0.7263157894736842,190.0,0.2307692307692307,-4.0,19.0,10,expanding,losing_streak_fitness,expanding,rep_2,16,9
train,2,0,53560,53560,86986,9,8,457,9.0,4,10,2,632.4555320336759,10,200.0,276.0,76.0,3.631578947368421,19.0,0.6,20.0,19.0,1,expanding,losing_streak_fitness,expanding,rep_2,16,9
test,2,0,53560,53560,86986,9,8,457,9.0,4,10,2,-37.49773326482549,13,-52.0,138.0,190.0,0.7263157894736842,190.0,0.2307692307692307,-4.0,19.0,10,expanding,losing_streak_fitness,expanding,rep_2,17,9
train,2,0,53560,53560,86986,9,8,457,9.0,4,10,2,632.4555320336759,10,200.0,276.0,76.0,3.631578947368421,19.0,0.6,20.0,19.0,1,expanding,losing_streak_fitness,expanding,rep_2,17,9
test,2,0,53560,53560,86986,9,8,457,9.0,4,10,2,-37.49773326482549,13,-52.0,138.0,190.0,0.7263157894736842,190.0,0.2307692307692307,-4.0,19.0,10,expanding,losing_streak_fitness,expanding,rep_2,18,9
train,2,0,53560,53560,86986,9,8,457,9.0,4,10,2,632.4555320336759,10,200.0,276.0,76.0,3.631578947368421,19.0,0.6,20.0,19.0,1,expanding,losing_streak_fitness,expanding,rep_2,18,9
test,2,0,53560,53560,86986,9,8,457,9.0,4,10,2,-37.49773326482549,13,-52.0,138.0,190.0,0.7263157894736842,190.0,0.2307692307692307,-4.0,19.0,10,expanding,losing_streak_fitness,expanding,rep_2,19,9
train,2,0,53560,53560,86986,9,8,457,9.0,4,10,2,632.4555320336759,10,200.0,276.0,76.0,3.631578947368421,19.0,0.6,20.0,19.0,1,expanding,losing_streak_fitness,expanding,rep_2,19,9
test,2,0,53560,53560,86986,9,8,457,9.0,4,10,2,-37.49773326482549,13,-52.0,138.0,190.0,0.7263157894736842,190.0,0.2307692307692307,-4.0,19.0,10,expanding,losing_streak_fitness,expanding,rep_2,20,9
train,2,0,53560,53560,86986,9,8,457,9.0,4,10,2,632.4555320336759,10,200.0,276.0,76.0,3.631578947368421,19.0,0.6,20.0,19.0,1,expanding,losing_streak_fitness,expanding,rep_2,20,9
test,2,0,53560,53560,86986,9,8,457,9.0,4,10,2,-37.49773326482549,13,-52.0,138.0,190.0,0.7263157894736842,190.0,0.2307692307692307,-4.0,19.0,10,expanding,losing_streak_fitness,expanding,rep_2,21,9
train,2,0,53560,53560,86986,9,8,457,9.0,4,10,2,632.4555320336759,10,200.0,276.0,76.0,3.631578947368421,19.0,0.6,20.0,19.0,1,expanding,losing_streak_fitness,expanding,rep_2,21,9
test,2,0,53560,53560,86986,9,8,457,9.0,4,10,2,-37.49773326482549,13,-52.0,138.0,190.0,0.7263157894736842,190.0,0.2307692307692307,-4.0,19.0,10,expanding,losing_streak_fitness,expanding,rep_2,22,9
train,2,0,53560,53560,86986,9,8,457,9.0,4,10,2,632.4555320336759,10,200.0,276.0,76.0,3.631578947368421,19.0,0.6,20.0,19.0,1,expanding,losing_streak_fitness,expanding,rep_2,22,9
test,2,0,53560,53560,86986,9,8,457,9.0,4,10,2,-37.49773326482549,13,-52.0,138.0,190.0,0.7263157894736842,190.0,0.2307692307692307,-4.0,19.0,10,expanding,losing_streak_fitness,expanding,rep_2,23,9
train,2,0,53560,53560,86986,9,8,457,9.0,4,10,2,632.4555320336759,10,200.0,276.0,76.0,3.631578947368421,19.0,0.6,20.0,19.0,1,expanding,losing_streak_fitness,expanding,rep_2,23,9
test,2,0,53560,53560,86986,9,8,457,9.0,4,10,2,-37.49773326482549,13,-52.0,138.0,190.0,0.7263157894736842,190.0,0.2307692307692307,-4.0,19.0,10,expanding,losing_streak_fitness,expanding,rep_2,24,9
train,2,0,53560,53560,86986,9,8,457,9.0,4,10,2,632.4555320336759,10,200.0,276.0,76.0,3.631578947368421,19.0,0.6,20.0,19.0,1,expanding,losing_streak_fitness,expanding,rep_2,24,9
test,2,0,53560,53560,86986,9,8,457,9.0,4,10,2,-37.49773326482549,13,-52.0,138.0,190.0,0.7263157894736842,190.0,0.2307692307692307,-4.0,19.0,10,expanding,losing_streak_fitness,expanding,rep_2,25,9
train,2,0,53560,53560,86986,9,8,457,9.0,4,10,2,632.4555320336759,10,200.0,276.0,76.0,3.631578947368421,19.0,0.6,20.0,19.0,1,expanding,losing_streak_fitness,expanding,rep_2,25,9
test,2,0,53560,53560,86986,9,8,457,9.0,4,10,2,-37.49773326482549,13,-52.0,138.0,190.0,0.7263157894736842,190.0,0.2307692307692307,-4.0,19.0,10,expanding,losing_streak_fitness,expanding,rep_2,26,9
train,2,0,53560,53560,86986,9,8,457,9.0,4,10,2,632.4555320336759,10,200.0,276.0,76.0,3.631578947368421,19.0,0.6,20.0,19.0,1,expanding,losing_streak_fitness,expanding,rep_2,26,9
test,2,0,53560,53560,86986,9,8,457,9.0,4,10,2,-37.49773326482549,13,-52.0,138.0,190.0,0.7263157894736842,190.0,0.2307692307692307,-4.0,19.0,10,expanding,losing_streak_fitness,expanding,rep_2,27,9
train,2,0,53560,53560,86986,9,8,457,9.0,4,10,2,632.4555320336759,10,200.0,276.0,76.0,3.631578947368421,19.0,0.6,20.0,19.0,1,expanding,losing_streak_fitness,expanding,rep_2,27,9
test,2,0,53560,53560,86986,9,8,457,9.0,4,10,2,-37.49773326482549,13,-52.0,138.0,190.0,0.7263157894736842,190.0,0.2307692307692307,-4.0,19.0,10,expanding,losing_streak_fitness,expanding,rep_2,28,9
train,2,0,53560,53560,86986,9,8,457,9.0,4,10,2,632.4555320336759,10,200.0,276.0,76.0,3.631578947368421,19.0,0.6,20.0,19.0,1,expanding,losing_streak_fitness,expanding,rep_2,28,9
test,2,0,53560,53560,86986,9,8,457,9.0,4,10,2,-37.49773326482549,13,-52.0,138.0,190.0,0.7263157894736842,190.0,0.2307692307692307,-4.0,19.0,10,expanding,losing_streak_fitness,expanding,rep_2,29,9
train,2,0,53560,53560,86986,9,8,457,9.0,4,10,2,632.4555320336759,10,200.0,276.0,76.0,3.631578947368421,19.0,0.6,20.0,19.0,1,expanding,losing_streak_fitness,expanding,rep_2,29,9
test,2,0,53560,53560,86986,9,8,457,9.0,4,10,2,-37.49773326482549,13,-52.0,138.0,190.0,0.7263157894736842,190.0,0.2307692307692307,-4.0,19.0,10,expanding,losing_streak_fitness,expanding,rep_2,30,9
train,2,0,53560,53560,86986,9,8,457,9.0,4,10,2,632.4555320336759,10,200.0,276.0,76.0,3.631578947368421,19.0,0.6,20.0,19.0,1,expanding,losing_streak_fitness,expanding,rep_2,30,9
test,2,0,53560,53560,86986,31,8,537,8.75,4,10,2,-75.3939314398658,17,-128.0,138.0,266.0,0.518796992481203,266.0,0.1764705882352941,-7.529411764705882,19.0,14,expanding,losing_streak_fitness,expanding,rep_2,31,31
train,2,0,53560,53560,86986,31,8,537,8.75,4,10,2,786.3510666362703,12,227.0,322.0,95.0,3.389473684210526,19.0,0.5833333333333334,18.916666666666668,19.0,1,expanding,losing_streak_fitness,expanding,rep_2,31,31
test,2,0,53560,53560,86986,31,8,537,8.75,4,10,2,-75.3939314398658,17,-128.0,138.0,266.0,0.518796992481203,266.0,0.1764705882352941,-7.529411764705882,19.0,14,expanding,losing_streak_fitness,expanding,rep_2,32,31
train,2,0,53560,53560,86986,31,8,537,8.75,4,10,2,786.3510666362703,12,227.0,322.0,95.0,3.389473684210526,19.0,0.5833333333333334,18.916666666666668,19.0,1,expanding,losing_streak_fitness,expanding,rep_2,32,31
test,2,0,53560,53560,86986,31,8,537,8.75,4,10,2,-75.3939314398658,17,-128.0,138.0,266.0,0.518796992481203,266.0,0.1764705882352941,-7.529411764705882,19.0,14,expanding,losing_streak_fitness,expanding,rep_2,33,31
train,2,0,53560,53560,86986,31,8,537,8.75,4,10,2,786.3510666362703,12,227.0,322.0,95.0,3.389473684210526,19.0,0.5833333333333334,18.916666666666668,19.0,1,expanding,losing_streak_fitness,expanding,rep_2,33,31
test,2,0,53560,53560,86986,31,8,537,8.75,4,10,2,-75.3939314398658,17,-128.0,138.0,266.0,0.518796992481203,266.0,0.1764705882352941,-7.529411764705882,19.0,14,expanding,losing_streak_fitness,expanding,rep_2,34,31
train,2,0,53560,53560,86986,31,8,537,8.75,4,10,2,786.3510666362703,12,227.0,322.0,95.0,3.389473684210526,19.0,0.5833333333333334,18.916666666666668,19.0,1,expanding,losing_streak_fitness,expanding,rep_2,34,31
test,2,0,53560,53560,86986,31,8,537,8.75,4,10,2,-75.3939314398658,17,-128.0,138.0,266.0,0.518796992481203,266.0,0.1764705882352941,-7.529411764705882,19.0,14,expanding,losing_streak_fitness,expanding,rep_2,35,31
train,2,0,53560,53560,86986,31,8,537,8.75,4,10,2,786.3510666362703,12,227.0,322.0,95.0,3.389473684210526,19.0,0.5833333333333334,18.916666666666668,19.0,1,expanding,losing_streak_fitness,expanding,rep_2,35,31
test,2,0,53560,53560,86986,31,8,537,8.75,4,10,2,-75.3939314398658,17,-128.0,138.0,266.0,0.518796992481203,266.0,0.1764705882352941,-7.529411764705882,19.0,14,expanding,losing_streak_fitness,expanding,rep_2,36,31
train,2,0,53560,53560,86986,31,8,537,8.75,4,10,2,786.3510666362703,12,227.0,322.0,95.0,3.389473684210526,19.0,0.5833333333333334,18.916666666666668,19.0,1,expanding,losing_streak_fitness,expanding,rep_2,36,31
test,2,0,53560,53560,86986,31,8,537,8.75,4,10,2,-75.3939314398658,17,-128.0,138.0,266.0,0.518796992481203,266.0,0.1764705882352941,-7.529411764705882,19.0,14,expanding,losing_streak_fitness,expanding,rep_2,37,31
train,2,0,53560,53560,86986,31,8,537,8.75,4,10,2,786.3510666362703,12,227.0,322.0,95.0,3.389473684210526,19.0,0.5833333333333334,18.916666666666668,19.0,1,expanding,losing_streak_fitness,expanding,rep_2,37,31
test,2,0,53560,53560,86986,31,8,537,8.75,4,10,2,-75.3939314398658,17,-128.0,138.0,266.0,0.518796992481203,266.0,0.1764705882352941,-7.529411764705882,19.0,14,expanding,losing_streak_fitness,expanding,rep_2,38,31
train,2,0,53560,53560,86986,31,8,537,8.75,4,10,2,786.3510666362703,12,227.0,322.0,95.0,3.389473684210526,19.0,0.5833333333333334,18.916666666666668,19.0,1,expanding,losing_streak_fitness,expanding,rep_2,38,31
test,2,0,53560,53560,86986,31,8,537,8.75,4,10,2,-75.3939314398658,17,-128.0,138.0,266.0,0.518796992481203,266.0,0.1764705882352941,-7.529411764705882,19.0,14,expanding,losing_streak_fitness,expanding,rep_2,39,31
train,2,0,53560,53560,86986,31,8,537,8.75,4,10,2,786.3510666362703,12,227.0,322.0,95.0,3.389473684210526,19.0,0.5833333333333334,18.916666666666668,19.0,1,expanding,losing_streak_fitness,expanding,rep_2,39,31
test,2,0,53560,53560,86986,31,8,537,8.75,4,10,2,-75.3939314398658,17,-128.0,138.0,266.0,0.518796992481203,266.0,0.1764705882352941,-7.529411764705882,19.0,14,expanding,losing_streak_fitness,expanding,rep_2,40,31
train,2,0,53560,53560,86986,31,8,537,8.75,4,10,2,786.3510666362703,12,227.0,322.0,95.0,3.389473684210526,19.0,0.5833333333333334,18.916666666666668,19.0,1,expanding,losing_streak_fitness,expanding,rep_2,40,31
test,2,0,53560,53560,86986,31,8,537,8.75,4,10,2,-75.3939314398658,17,-128.0,138.0,266.0,0.518796992481203,266.0,0.1764705882352941,-7.529411764705882,19.0,14,expanding,losing_streak_fitness,expanding,rep_2,41,31
train,2,0,53560,53560,86986,31,8,537,8.75,4,10,2,786.3510666362703,12,227.0,322.0,95.0,3.389473684210526,19.0,0.5833333333333334,18.916666666666668,19.0,1,expanding,losing_streak_fitness,expanding,rep_2,41,31
test,2,0,53560,53560,86986,31,8,537,8.75,4,10,2,-75.3939314398658,17,-128.0,138.0,266.0,0.518796992481203,266.0,0.1764705882352941,-7.529411764705882,19.0,14,expanding,losing_streak_fitness,expanding,rep_2,42,31
train,2,0,53560,53560,86986,31,8,537,8.75,4,10,2,786.3510666362703,12,227.0,322.0,95.0,3.389473684210526,19.0,0.5833333333333334,18.916666666666668,19.0,1,expanding,losing_streak_fitness,expanding,rep_2,42,31
test,2,0,53560,53560,86986,31,8,537,8.75,4,10,2,-75.3939314398658,17,-128.0,138.0,266.0,0.518796992481203,266.0,0.1764705882352941,-7.529411764705882,19.0,14,expanding,losing_streak_fitness,expanding,rep_2,43,31
train,2,0,53560,53560,86986,31,8,537,8.75,4,10,2,786.3510666362703,12,227.0,322.0,95.0,3.389473684210526,19.0,0.5833333333333334,18.916666666666668,19.0,1,expanding,losing_streak_fitness,expanding,rep_2,43,31
test,2,0,53560,53560,86986,31,8,537,8.75,4,10,2,-75.3939314398658,17,-128.0,138.0,266.0,0.518796992481203,266.0,0.1764705882352941,-7.529411764705882,19.0,14,expanding,losing_streak_fitness,expanding,rep_2,44,31
train,2,0,53560,53560,86986,31,8,537,8.75,4,10,2,786.3510666362703,12,227.0,322.0,95.0,3.389473684210526,19.0,0.5833333333333334,18.916666666666668,19.0,1,expanding,losing_streak_fitness,expanding,rep_2,44,31
test,2,0,53560,53560,86986,31,8,537,8.75,4,10,2,-75.3939314398658,17,-128.0,138.0,266.0,0.518796992481203,266.0,0.1764705882352941,-7.529411764705882,19.0,14,expanding,losing_streak_fitness,expanding,rep_2,45,31
train,2,0,53560,53560,86986,31,8,537,8.75,4,10,2,786.3510666362703,12,227.0,322.0,95.0,3.389473684210526,19.0,0.5833333333333334,18.916666666666668,19.0,1,expanding,losing_streak_fitness,expanding,rep_2,45,31
test,2,0,53560,53560,86986,31,8,537,8.75,4,10,2,-75.3939314398658,17,-128.0,138.0,266.0,0.518796992481203,266.0,0.1764705882352941,-7.529411764705882,19.0,14,expanding,losing_streak_fitness,expanding,rep_2,46,31
train,2,0,53560,53560,86986,31,8,537,8.75,4,10,2,786.3510666362703,12,227.0,322.0,95.0,3.389473684210526,19.0,0.5833333333333334,18.916666666666668,19.0,1,expanding,losing_streak_fitness,expanding,rep_2,46,31
test,2,0,53560,53560,86986,31,8,537,8.75,4,10,2,-75.3939314398658,17,-128.0,138.0,266.0,0.518796992481203,266.0,0.1764705882352941,-7.529411764705882,19.0,14,expanding,losing_streak_fitness,expanding,rep_2,47,31
train,2,0,53560,53560,86986,31,8,537,8.75,4,10,2,786.3510666362703,12,227.0,322.0,95.0,3.389473684210526,19.0,0.5833333333333334,18.916666666666668,19.0,1,expanding,losing_streak_fitness,expanding,rep_2,47,31
test,2,0,53560,53560,86986,31,8,537,8.75,4,10,2,-75.3939314398658,17,-128.0,138.0,266.0,0.518796992481203,266.0,0.1764705882352941,-7.529411764705882,19.0,14,expanding,losing_streak_fitness,expanding,rep_2,48,31
train,2,0,53560,53560,86986,31,8,537,8.75,4,10,2,786.3510666362703,12,227.0,322.0,95.0,3.389473684210526,19.0,0.5833333333333334,18.916666666666668,19.0,1,expanding,losing_streak_fitness,expanding,rep_2,48,31
test,2,0,53560,53560,86986,31,8,537,8.75,4,10,2,-75.3939314398658,17,-128.0,138.0,266.0,0.518796992481203,266.0,0.1764705882352941,-7.529411764705882,19.0,14,expanding,losing_streak_fitness,expanding,rep_2,49,31
train,2,0,53560,53560,86986,31,8,537,8.75,4,10,2,786.3510666362703,12,227.0,322.0,95.0,3.389473684210526,19.0,0.5833333333333334,18.916666666666668,19.0,1,expanding,losing_streak_fitness,expanding,rep_2,49,31
test,2,0,53560,53560,86986,31,8,537,8.75,4,10,2,-75.3939314398658,17,-128.0,138.0,266.0,0.518796992481203,266.0,0.1764705882352941,-7.529411764705882,19.0,14,expanding,losing_streak_fitness,expanding,rep_2,50,31
train,2,0,53560,53560,86986,31,8,537,8.75,4,10,2,786.3510666362703,12,227.0,322.0,95.0,3.389473684210526,19.0,0.5833333333333334,18.916666666666668,19.0,1,expanding,losing_streak_fitness,expanding,rep_2,50,31
test,2,0,53560,53560,86986,31,8,537,8.75,4,10,2,-75.3939314398658,17,-128.0,138.0,266.0,0.518796992481203,266.0,0.1764705882352941,-7.529411764705882,19.0,14,expanding,losing_streak_fitness,expanding,rep_2,51,31
train,2,0,53560,53560,86986,31,8,537,8.75,4,10,2,786.3510666362703,12,227.0,322.0,95.0,3.389473684210526,19.0,0.5833333333333334,18.916666666666668,19.0,1,expanding,losing_streak_fitness,expanding,rep_2,51,31
test,2,0,53560,53560,86986,31,8,537,8.75,4,10,2,-75.3939314398658,17,-128.0,138.0,266.0,0.518796992481203,266.0,0.1764705882352941,-7.529411764705882,19.0,14,expanding,losing_streak_fitness,expanding,rep_2,52,31
train,2,0,53560,53560,86986,31,8,537,8.75,4,10,2,786.3510666362703,12,227.0,322.0,95.0,3.389473684210526,19.0,0.5833333333333334,18.916666666666668,19.0,1,expanding,losing_streak_fitness,expanding,rep_2,52,31
test,2,0,53560,53560,86986,31,8,537,8.75,4,10,2,-75.3939314398658,17,-128.0,138.0,266.0,0.518796992481203,266.0,0.1764705882352941,-7.529411764705882,19.0,14,expanding,losing_streak_fitness,expanding,rep_2,53,31
train,2,0,53560,53560,86986,31,8,537,8.75,4,10,2,786.3510666362703,12,227.0,322.0,95.0,3.389473684210526,19.0,0.5833333333333334,18.916666666666668,19.0,1,expanding,losing_streak_fitness,expanding,rep_2,53,31
test,2,0,53560,53560,86986,31,8,537,8.75,4,10,2,-75.3939314398658,17,-128.0,138.0,266.0,0.518796992481203,266.0,0.1764705882352941,-7.529411764705882,19.0,14,expanding,losing_streak_fitness,expanding,rep_2,54,31
train,2,0,53560,53560,86986,31,8,537,8.75,4,10,2,786.3510666362703,12,227.0,322.0,95.0,3.389473684210526,19.0,0.5833333333333334,18.916666666666668,19.0,1,expanding,losing_streak_fitness,expanding,rep_2,54,31
test,2,0,53560,53560,86986,31,8,537,8.75,4,10,2,-75.3939314398658,17,-128.0,138.0,266.0,0.518796992481203,266.0,0.1764705882352941,-7.529411764705882,19.0,14,expanding,losing_streak_fitness,expanding,rep_2,55,31
train,2,0,53560,53560,86986,31,8,537,8.75,4,10,2,786.3510666362703,12,227.0,322.0,95.0,3.389473684210526,19.0,0.5833333333333334,18.916666666666668,19.0,1,expanding,losing_streak_fitness,expanding,rep_2,55,31
test,2,0,53560,53560,86986,31,8,537,8.75,4,10,2,-75.3939314398658,17,-128.0,138.0,266.0,0.518796992481203,266.0,0.1764705882352941,-7.529411764705882,19.0,14,expanding,losing_streak_fitness,expanding,rep_2,56,31
train,2,0,53560,53560,86986,31,8,537,8.75,4,10,2,786.3510666362703,12,227.0,322.0,95.0,3.389473684210526,19.0,0.5833333333333334,18.916666666666668,19.0,1,expanding,losing_streak_fitness,expanding,rep_2,56,31
test,2,0,53560,53560,86986,31,8,537,8.75,4,10,2,-75.3939314398658,17,-128.0,138.0,266.0,0.518796992481203,266.0,0.1764705882352941,-7.529411764705882,19.0,14,expanding,losing_streak_fitness,expanding,rep_2,57,31
train,2,0,53560,53560,86986,31,8,537,8.75,4,10,2,786.3510666362703,12,227.0,322.0,95.0,3.389473684210526,19.0,0.5833333333333334,18.916666666666668,19.0,1,expanding,losing_streak_fitness,expanding,rep_2,57,31
test,2,0,53560,53560,86986,31,8,537,8.75,4,10,2,-75.3939314398658,17,-128.0,138.0,266.0,0.518796992481203,266.0,0.1764705882352941,-7.529411764705882,19.0,14,expanding,losing_streak_fitness,expanding,rep_2,58,31
train,2,0,53560,53560,86986,31,8,537,8.75,4,10,2,786.3510666362703,12,227.0,322.0,95.0,3.389473684210526,19.0,0.5833333333333334,18.916666666666668,19.0,1,expanding,losing_streak_fitness,expanding,rep_2,58,31
test,2,0,53560,53560,86986,31,8,537,8.75,4,10,2,-75.3939314398658,17,-128.0,138.0,266.0,0.518796992481203,266.0,0.1764705882352941,-7.529411764705882,19.0,14,expanding,losing_streak_fitness,expanding,rep_2,59,31
train,2,0,53560,53560,86986,31,8,537,8.75,4,10,2,786.3510666362703,12,227.0,322.0,95.0,3.389473684210526,19.0,0.5833333333333334,18.916666666666668,19.0,1,expanding,losing_streak_fitness,expanding,rep_2,59,31
test,2,0,53560,53560,86986,31,8,537,8.75,4,10,2,-75.3939314398658,17,-128.0,138.0,266.0,0.518796992481203,266.0,0.1764705882352941,-7.529411764705882,19.0,14,expanding,losing_streak_fitness,expanding,rep_2,60,31
train,2,0,53560,53560,86986,31,8,537,8.75,4,10,2,786.3510666362703,12,227.0,322.0,95.0,3.389473684210526,19.0,0.5833333333333334,18.916666666666668,19.0,1,expanding,losing_streak_fitness,expanding,rep_2,60,31
test,2,0,53560,53560,86986,31,8,537,8.75,4,10,2,-75.3939314398658,17,-128.0,138.0,266.0,0.518796992481203,266.0,0.1764705882352941,-7.529411764705882,19.0,14,expanding,losing_streak_fitness,expanding,rep_2,61,31
train,2,0,53560,53560,86986,31,8,537,8.75,4,10,2,786.3510666362703,12,227.0,322.0,95.0,3.389473684210526,19.0,0.5833333333333334,18.916666666666668,19.0,1,expanding,losing_streak_fitness,expanding,rep_2,61,31
test,2,0,53560,53560,86986,31,8,537,8.75,4,10,2,-75.3939314398658,17,-128.0,138.0,266.0,0.518796992481203,266.0,0.1764705882352941,-7.529411764705882,19.0,14,expanding,losing_streak_fitness,expanding,rep_2,62,31
train,2,0,53560,53560,86986,31,8,537,8.75,4,10,2,786.3510666362703,12,227.0,322.0,95.0,3.389473684210526,19.0,0.5833333333333334,18.916666666666668,19.0,1,expanding,losing_streak_fitness,expanding,rep_2,62,31
test,2,0,53560,53560,86986,31,8,537,8.75,4,10,2,-75.3939314398658,17,-128.0,138.0,266.0,0.518796992481203,266.0,0.1764705882352941,-7.529411764705882,19.0,14,expanding,losing_streak_fitness,expanding,rep_2,63,31
train,2,0,53560,53560,86986,31,8,537,8.75,4,10,2,786.3510666362703,12,227.0,322.0,95.0,3.389473684210526,19.0,0.5833333333333334,18.916666666666668,19.0,1,expanding,losing_streak_fitness,expanding,rep_2,63,31
test,2,0,53560,53560,86986,31,8,537,8.75,4,10,2,-75.3939314398658,17,-128.0,138.0,266.0,0.518796992481203,266.0,0.1764705882352941,-7.529411764705882,19.0,14,expanding,losing_streak_fitness,expanding,rep_2,64,31
train,2,0,53560,53560,86986,31,8,537,8.75,4,10,2,786.3510666362703,12,227.0,322.0,95.0,3.389473684210526,19.0,0.5833333333333334,18.916666666666668,19.0,1,expanding,losing_streak_fitness,expanding,rep_2,64,31
test,2,0,53560,53560,86986,31,8,537,8.75,4,10,2,-75.3939314398658,17,-128.0,138.0,266.0,0.518796992481203,266.0,0.1764705882352941,-7.529411764705882,19.0,14,expanding,losing_streak_fitness,expanding,rep_2,65,31
train,2,0,53560,53560,86986,31,8,537,8.75,4,10,2,786.3510666362703,12,227.0,322.0,95.0,3.389473684210526,19.0,0.5833333333333334,18.916666666666668,19.0,1,expanding,losing_streak_fitness,expanding,rep_2,65,31
test,2,0,53560,53560,86986,31,8,537,8.75,4,10,2,-75.3939314398658,17,-128.0,138.0,266.0,0.518796992481203,266.0,0.1764705882352941,-7.529411764705882,19.0,14,expanding,losing_streak_fitness,expanding,rep_2,66,31
train,2,0,53560,53560,86986,31,8,537,8.75,4,10,2,786.3510666362703,12,227.0,322.0,95.0,3.389473684210526,19.0,0.5833333333333334,18.916666666666668,19.0,1,expanding,losing_streak_fitness,expanding,rep_2,66,31
test,2,0,53560,53560,86986,31,8,537,8.75,4,10,2,-75.3939314398658,17,-128.0,138.0,266.0,0.518796992481203,266.0,0.1764705882352941,-7.529411764705882,19.0,14,expanding,losing_streak_fitness,expanding,rep_2,67,31
train,2,0,53560,53560,86986,31,8,537,8.75,4,10,2,786.3510666362703,12,227.0,322.0,95.0,3.389473684210526,19.0,0.5833333333333334,18.916666666666668,19.0,1,expanding,losing_streak_fitness,expanding,rep_2,67,31
test,2,0,53560,53560,86986,31,8,537,8.75,4,10,2,-75.3939314398658,17,-128.0,138.0,266.0,0.518796992481203,266.0,0.1764705882352941,-7.529411764705882,19.0,14,expanding,losing_streak_fitness,expanding,rep_2,68,31
train,2,0,53560,53560,86986,31,8,537,8.75,4,10,2,786.3510666362703,12,227.0,322.0,95.0,3.389473684210526,19.0,0.5833333333333334,18.916666666666668,19.0,1,expanding,losing_streak_fitness,expanding,rep_2,68,31
test,2,0,53560,53560,86986,31,8,537,8.75,4,10,2,-75.3939314398658,17,-128.0,138.0,266.0,0.518796992481203,266.0,0.1764705882352941,-7.529411764705882,19.0,14,expanding,losing_streak_fitness,expanding,rep_2,69,31
train,2,0,53560,53560,86986,31,8,537,8.75,4,10,2,786.3510666362703,12,227.0,322.0,95.0,3.389473684210526,19.0,0.5833333333333334,18.916666666666668,19.0,1,expanding,losing_streak_fitness,expanding,rep_2,69,31
test,2,0,53560,53560,86986,31,8,537,8.75,4,10,2,-75.3939314398658,17,-128.0,138.0,266.0,0.518796992481203,266.0,0.1764705882352941,-7.529411764705882,19.0,14,expanding,losing_streak_fitness,expanding,rep_2,70,31
train,2,0,53560,53560,86986,31,8,537,8.75,4,10,2,786.3510666362703,12,227.0,322.0,95.0,3.389473684210526,19.0,0.5833333333333334,18.916666666666668,19.0,1,expanding,losing_streak_fitness,expanding,rep_2,70,31
test,2,0,53560,53560,86986,31,8,537,8.75,4,10,2,-75.3939314398658,17,-128.0,138.0,266.0,0.518796992481203,266.0,0.1764705882352941,-7.529411764705882,19.0,14,expanding,losing_streak_fitness,expanding,rep_2,71,31
train,2,0,53560,53560,86986,31,8,537,8.75,4,10,2,786.3510666362703,12,227.0,322.0,95.0,3.389473684210526,19.0,0.5833333333333334,18.916666666666668,19.0,1,expanding,losing_streak_fitness,expanding,rep_2,71,31
test,2,0,53560,53560,86986,31,8,537,8.75,4,10,2,-75.3939314398658,17,-128.0,138.0,266.0,0.518796992481203,266.0,0.1764705882352941,-7.529411764705882,19.0,14,expanding,losing_streak_fitness,expanding,rep_2,72,31
train,2,0,53560,53560,86986,31,8,537,8.75,4,10,2,786.3510666362703,12,227.0,322.0,95.0,3.389473684210526,19.0,0.5833333333333334,18.916666666666668,19.0,1,expanding,losing_streak_fitness,expanding,rep_2,72,31
test,2,0,53560,53560,86986,31,8,537,8.75,4,10,2,-75.3939314398658,17,-128.0,138.0,266.0,0.518796992481203,266.0,0.1764705882352941,-7.529411764705882,19.0,14,expanding,losing_streak_fitness,expanding,rep_2,73,31
train,2,0,53560,53560,86986,31,8,537,8.75,4,10,2,786.3510666362703,12,227.0,322.0,95.0,3.389473684210526,19.0,0.5833333333333334,18.916666666666668,19.0,1,expanding,losing_streak_fitness,expanding,rep_2,73,31
test,2,0,53560,53560,86986,31,8,537,8.75,4,10,2,-75.3939314398658,17,-128.0,138.0,266.0,0.518796992481203,266.0,0.1764705882352941,-7.529411764705882,19.0,14,expanding,losing_streak_fitness,expanding,rep_2,74,31
train,2,0,53560,53560,86986,31,8,537,8.75,4,10,2,786.3510666362703,12,227.0,322.0,95.0,3.389473684210526,19.0,0.5833333333333334,18.916666666666668,19.0,1,expanding,losing_streak_fitness,expanding,rep_2,74,31
test,2,0,53560,53560,86986,31,8,537,8.75,4,10,2,-75.3939314398658,17,-128.0,138.0,266.0,0.518796992481203,266.0,0.1764705882352941,-7.529411764705882,19.0,14,expanding,losing_streak_fitness,expanding,rep_2,75,31
train,2,0,53560,53560,86986,31,8,537,8.75,4,10,2,786.3510666362703,12,227.0,322.0,95.0,3.389473684210526,19.0,0.5833333333333334,18.916666666666668,19.0,1,expanding,losing_streak_fitness,expanding,rep_2,75,31
test,2,0,53560,53560,86986,31,8,537,8.75,4,10,2,-75.3939314398658,17,-128.0,138.0,266.0,0.518796992481203,266.0,0.1764705882352941,-7.529411764705882,19.0,14,expanding,losing_streak_fitness,expanding,rep_2,76,31
train,2,0,53560,53560,86986,31,8,537,8.75,4,10,2,786.3510666362703,12,227.0,322.0,95.0,3.389473684210526,19.0,0.5833333333333334,18.916666666666668,19.0,1,expanding,losing_streak_fitness,expanding,rep_2,76,31
test,2,0,53560,53560,86986,31,8,537,8.75,4,10,2,-75.3939314398658,17,-128.0,138.0,266.0,0.518796992481203,266.0,0.1764705882352941,-7.529411764705882,19.0,14,expanding,losing_streak_fitness,expanding,rep_2,77,31
train,2,0,53560,53560,86986,31,8,537,8.75,4,10,2,786.3510666362703,12,227.0,322.0,95.0,3.389473684210526,19.0,0.5833333333333334,18.916666666666668,19.0,1,expanding,losing_streak_fitness,expanding,rep_2,77,31
test,2,0,53560,53560,86986,31,8,537,8.75,4,10,2,-75.3939314398658,17,-128.0,138.0,266.0,0.518796992481203,266.0,0.1764705882352941,-7.529411764705882,19.0,14,expanding,losing_streak_fitness,expanding,rep_2,78,31
train,2,0,53560,53560,86986,31,8,537,8.75,4,10,2,786.3510666362703,12,227.0,322.0,95.0,3.389473684210526,19.0,0.5833333333333334,18.916666666666668,19.0,1,expanding,losing_streak_fitness,expanding,rep_2,78,31
test,2,0,53560,53560,86986,31,8,537,8.75,4,10,2,-75.3939314398658,17,-128.0,138.0,266.0,0.518796992481203,266.0,0.1764705882352941,-7.529411764705882,19.0,14,expanding,losing_streak_fitness,expanding,rep_2,79,31
train,2,0,53560,53560,86986,31,8,537,8.75,4,10,2,786.3510666362703,12,227.0,322.0,95.0,3.389473684210526,19.0,0.5833333333333334,18.916666666666668,19.0,1,expanding,losing_streak_fitness,expanding,rep_2,79,31
test,2,0,53560,53560,86986,31,8,537,8.75,4,10,2,-75.3939314398658,17,-128.0,138.0,266.0,0.518796992481203,266.0,0.1764705882352941,-7.529411764705882,19.0,14,expanding,losing_streak_fitness,expanding,rep_2,80,31
train,2,0,53560,53560,86986,31,8,537,8.75,4,10,2,786.3510666362703,12,227.0,322.0,95.0,3.389473684210526,19.0,0.5833333333333334,18.916666666666668,19.0,1,expanding,losing_streak_fitness,expanding,rep_2,80,31
test,2,0,53560,53560,86986,31,8,537,8.75,4,10,2,-75.3939314398658,17,-128.0,138.0,266.0,0.518796992481203,266.0,0.1764705882352941,-7.529411764705882,19.0,14,expanding,losing_streak_fitness,expanding,rep_2,81,31
train,2,0,53560,53560,86986,31,8,537,8.75,4,10,2,786.3510666362703,12,227.0,322.0,95.0,3.389473684210526,19.0,0.5833333333333334,18.916666666666668,19.0,1,expanding,losing_streak_fitness,expanding,rep_2,81,31
test,2,0,53560,53560,86986,31,8,537,8.75,4,10,2,-75.3939314398658,17,-128.0,138.0,266.0,0.518796992481203,266.0,0.1764705882352941,-7.529411764705882,19.0,14,expanding,losing_streak_fitness,expanding,rep_2,82,31
train,2,0,53560,53560,86986,31,8,537,8.75,4,10,2,786.3510666362703,12,227.0,322.0,95.0,3.389473684210526,19.0,0.5833333333333334,18.916666666666668,19.0,1,expanding,losing_streak_fitness,expanding,rep_2,82,31
test,2,0,53560,53560,86986,31,8,537,8.75,4,10,2,-75.3939314398658,17,-128.0,138.0,266.0,0.518796992481203,266.0,0.1764705882352941,-7.529411764705882,19.0,14,expanding,losing_streak_fitness,expanding,rep_2,83,31
train,2,0,53560,53560,86986,31,8,537,8.75,4,10,2,786.3510666362703,12,227.0,322.0,95.0,3.389473684210526,19.0,0.5833333333333334,18.916666666666668,19.0,1,expanding,losing_streak_fitness,expanding,rep_2,83,31
test,2,0,53560,53560,86986,31,8,537,8.75,4,10,2,-75.3939314398658,17,-128.0,138.0,266.0,0.518796992481203,266.0,0.1764705882352941,-7.529411764705882,19.0,14,expanding,losing_streak_fitness,expanding,rep_2,84,31
train,2,0,53560,53560,86986,31,8,537,8.75,4,10,2,786.3510666362703,12,227.0,322.0,95.0,3.389473684210526,19.0,0.5833333333333334,18.916666666666668,19.0,1,expanding,losing_streak_fitness,expanding,rep_2,84,31
test,2,0,53560,53560,86986,31,8,537,8.75,4,10,2,-75.3939314398658,17,-128.0,138.0,266.0,0.518796992481203,266.0,0.1764705882352941,-7.529411764705882,19.0,14,expanding,losing_streak_fitness,expanding,rep_2,85,31
train,2,0,53560,53560,86986,31,8,537,8.75,4,10,2,786.3510666362703,12,227.0,322.0,95.0,3.389473684210526,19.0,0.5833333333333334,18.916666666666668,19.0,1,expanding,losing_streak_fitness,expanding,rep_2,85,31
test,2,0,53560,53560,86986,31,8,537,8.75,4,10,2,-75.3939314398658,17,-128.0,138.0,266.0,0.518796992481203,266.0,0.1764705882352941,-7.529411764705882,19.0,14,expanding,losing_streak_fitness,expanding,rep_2,86,31
train,2,0,53560,53560,86986,31,8,537,8.75,4,10,2,786.3510666362703,12,227.0,322.0,95.0,3.389473684210526,19.0,0.5833333333333334,18.916666666666668,19.0,1,expanding,losing_streak_fitness,expanding,rep_2,86,31
test,2,0,53560,53560,86986,31,8,537,8.75,4,10,2,-75.3939314398658,17,-128.0,138.0,266.0,0.518796992481203,266.0,0.1764705882352941,-7.529411764705882,19.0,14,expanding,losing_streak_fitness,expanding,rep_2,87,31
train,2,0,53560,53560,86986,31,8,537,8.75,4,10,2,786.3510666362703,12,227.0,322.0,95.0,3.389473684210526,19.0,0.5833333333333334,18.916666666666668,19.0,1,expanding,losing_streak_fitness,expanding,rep_2,87,31
test,2,0,53560,53560,86986,31,8,537,8.75,4,10,2,-75.3939314398658,17,-128.0,138.0,266.0,0.518796992481203,266.0,0.1764705882352941,-7.529411764705882,19.0,14,expanding,losing_streak_fitness,expanding,rep_2,88,31
train,2,0,53560,53560,86986,31,8,537,8.75,4,10,2,786.3510666362703,12,227.0,322.0,95.0,3.389473684210526,19.0,0.5833333333333334,18.916666666666668,19.0,1,expanding,losing_streak_fitness,expanding,rep_2,88,31
test,2,0,53560,53560,86986,31,8,537,8.75,4,10,2,-75.3939314398658,17,-128.0,138.0,266.0,0.518796992481203,266.0,0.1764705882352941,-7.529411764705882,19.0,14,expanding,losing_streak_fitness,expanding,rep_2,89,31
train,2,0,53560,53560,86986,31,8,537,8.75,4,10,2,786.3510666362703,12,227.0,322.0,95.0,3.389473684210526,19.0,0.5833333333333334,18.916666666666668,19.0,1,expanding,losing_streak_fitness,expanding,rep_2,89,31
test,2,0,53560,53560,86986,31,8,537,8.75,4,10,2,-75.3939314398658,17,-128.0,138.0,266.0,0.518796992481203,266.0,0.1764705882352941,-7.529411764705882,19.0,14,expanding,losing_streak_fitness,expanding,rep_2,90,31
train,2,0,53560,53560,86986,31,8,537,8.75,4,10,2,786.3510666362703,12,227.0,322.0,95.0,3.389473684210526,19.0,0.5833333333333334,18.916666666666668,19.0,1,expanding,losing_streak_fitness,expanding,rep_2,90,31
test,2,0,53560,53560,86986,31,8,537,8.75,4,10,2,-75.3939314398658,17,-128.0,138.0,266.0,0.518796992481203,266.0,0.1764705882352941,-7.529411764705882,19.0,14,expanding,losing_streak_fitness,expanding,rep_2,91,31
train,2,0,53560,53560,86986,31,8,537,8.75,4,10,2,786.3510666362703,12,227.0,322.0,95.0,3.389473684210526,19.0,0.5833333333333334,18.916666666666668,19.0,1,expanding,losing_streak_fitness,expanding,rep_2,91,31
test,2,0,53560,53560,86986,31,8,537,8.75,4,10,2,-75.3939314398658,17,-128.0,138.0,266.0,0.518796992481203,266.0,0.1764705882352941,-7.529411764705882,19.0,14,expanding,losing_streak_fitness,expanding,rep_2,92,31
train,2,0,53560,53560,86986,31,8,537,8.75,4,10,2,786.3510666362703,12,227.0,322.0,95.0,3.389473684210526,19.0,0.5833333333333334,18.916666666666668,19.0,1,expanding,losing_streak_fitness,expanding,rep_2,92,31
test,2,0,53560,53560,86986,31,8,537,8.75,4,10,2,-75.3939314398658,17,-128.0,138.0,266.0,0.518796992481203,266.0,0.1764705882352941,-7.529411764705882,19.0,14,expanding,losing_streak_fitness,expanding,rep_2,93,31
train,2,0,53560,53560,86986,31,8,537,8.75,4,10,2,786.3510666362703,12,227.0,322.0,95.0,3.389473684210526,19.0,0.5833333333333334,18.916666666666668,19.0,1,expanding,losing_streak_fitness,expanding,rep_2,93,31
test,2,0,53560,53560,86986,31,8,537,8.75,4,10,2,-75.3939314398658,17,-128.0,138.0,266.0,0.518796992481203,266.0,0.1764705882352941,-7.529411764705882,19.0,14,expanding,losing_streak_fitness,expanding,rep_2,94,31
train,2,0,53560,53560,86986,31,8,537,8.75,4,10,2,786.3510666362703,12,227.0,322.0,95.0,3.389473684210526,19.0,0.5833333333333334,18.916666666666668,19.0,1,expanding,losing_streak_fitness,expanding,rep_2,94,31
test,2,0,53560,53560,86986,31,8,537,8.75,4,10,2,-75.3939314398658,17,-128.0,138.0,266.0,0.518796992481203,266.0,0.1764705882352941,-7.529411764705882,19.0,14,expanding,losing_streak_fitness,expanding,rep_2,95,31
train,2,0,53560,53560,86986,31,8,537,8.75,4,10,2,786.3510666362703,12,227.0,322.0,95.0,3.389473684210526,19.0,0.5833333333333334,18.916666666666668,19.0,1,expanding,losing_streak_fitness,expanding,rep_2,95,31
test,2,0,53560,53560,86986,31,8,537,8.75,4,10,2,-75.3939314398658,17,-128.0,138.0,266.0,0.518796992481203,266.0,0.1764705882352941,-7.529411764705882,19.0,14,expanding,losing_streak_fitness,expanding,rep_2,96,31
train,2,0,53560,53560,86986,31,8,537,8.75,4,10,2,786.3510666362703,12,227.0,322.0,95.0,3.389473684210526,19.0,0.5833333333333334,18.916666666666668,19.0,1,expanding,losing_streak_fitness,expanding,rep_2,96,31
test,2,0,53560,53560,86986,31,8,537,8.75,4,10,2,-75.3939314398658,17,-128.0,138.0,266.0,0.518796992481203,266.0,0.1764705882352941,-7.529411764705882,19.0,14,expanding,losing_streak_fitness,expanding,rep_2,97,31
train,2,0,53560,53560,86986,31,8,537,8.75,4,10,2,786.3510666362703,12,227.0,322.0,95.0,3.389473684210526,19.0,0.5833333333333334,18.916666666666668,19.0,1,expanding,losing_streak_fitness,expanding,rep_2,97,31
test,2,0,53560,53560,86986,31,8,537,8.75,4,10,2,-75.3939314398658,17,-128.0,138.0,266.0,0.518796992481203,266.0,0.1764705882352941,-7.529411764705882,19.0,14,expanding,losing_streak_fitness,expanding,rep_2,98,31
train,2,0,53560,53560,86986,31,8,537,8.75,4,10,2,786.3510666362703,12,227.0,322.0,95.0,3.389473684210526,19.0,0.5833333333333334,18.916666666666668,19.0,1,expanding,losing_streak_fitness,expanding,rep_2,98,31
test,2,0,53560,53560,86986,31,8,537,8.75,4,10,2,-75.3939314398658,17,-128.0,138.0,266.0,0.518796992481203,266.0,0.1764705882352941,-7.529411764705882,19.0,14,expanding,losing_streak_fitness,expanding,rep_2,99,31
train,2,0,53560,53560,86986,31,8,537,8.75,4,10,2,786.3510666362703,12,227.0,322.0,95.0,3.389473684210526,19.0,0.5833333333333334,18.916666666666668,19.0,1,expanding,losing_streak_fitness,expanding,rep_2,99,31
test,2,0,53560,53560,86986,31,8,537,8.75,4,10,2,-75.3939314398658,17,-128.0,138.0,266.0,0.518796992481203,266.0,0.1764705882352941,-7.529411764705882,19.0,14,expanding,losing_streak_fitness,expanding,rep_2,100,31
train,2,0,53560,53560,86986,31,8,537,8.75,4,10,2,786.3510666362703,12,227.0,322.0,95.0,3.389473684210526,19.0,0.5833333333333334,18.916666666666668,19.0,1,expanding,losing_streak_fitness,expanding,rep_2,100,31
test,3,0,86986,86986,125287,0,12,2552,5.0,8,19,3,650.0584589096584,11,196.0,364.0,168.0,2.1666666666666665,72.0,0.3636363636363636,17.818181818181817,24.0,3,expanding,losing_streak_fitness,expanding,rep_2,0,0
train,3,0,86986,86986,125287,0,12,2552,5.0,8,19,3,234.1489910292163,7,177.0,273.0,96.0,2.84375,48.0,0.4285714285714285,25.285714285714285,24.0,2,expanding,losing_streak_fitness,expanding,rep_2,0,0
test,3,0,86986,86986,125287,1,14,1809,8.5,1,17,5,693.0,9,154.0,324.0,170.0,1.9058823529411764,68.0,0.4444444444444444,17.11111111111111,34.0,2,expanding,losing_streak_fitness,expanding,rep_2,1,1
train,3,0,86986,86986,125287,1,14,1809,8.5,1,17,5,391.3118960624632,5,175.0,243.0,68.0,3.573529411764706,34.0,0.6,35.0,34.0,1,expanding,losing_streak_fitness,expanding,rep_2,1,1
test,3,0,86986,86986,125287,2,14,1809,8.25,1,19,5,873.0,9,194.0,364.0,170.0,2.1411764705882352,68.0,0.4444444444444444,21.55555555555556,34.0,2,expanding,losing_streak_fitness,expanding,rep_2,2,2
train,3,0,86986,86986,125287,2,14,1809,8.25,1,19,5,458.3939353874569,5,205.0,273.0,68.0,4.014705882352941,34.0,0.6,41.0,34.0,1,expanding,losing_streak_fitness,expanding,rep_2,2,2
test,3,0,86986,86986,125287,3,13,2184,6.5,7,19,2,221.35943621178652,10,140.0,273.0,133.0,2.0526315789473686,114.0,0.3,14.0,19.0,6,expanding,losing_streak_fitness,expanding,rep_2,3,3
train,3,0,86986,86986,125287,3,13,2184,6.5,7,19,2,529.0897844411664,6,216.0,273.0,57.0,4.789473684210527,19.0,0.5,36.0,19.0,1,expanding,losing_streak_fitness,expanding,rep_2,3,3
test,3,0,86986,86986,125287,3,13,2184,6.5,7,19,2,221.35943621178652,10,140.0,273.0,133.0,2.0526315789473686,114.0,0.3,14.0,19.0,6,expanding,losing_streak_fitness,expanding,rep_2,4,3
train,3,0,86986,86986,125287,3,13,2184,6.5,7,19,2,529.0897844411664,6,216.0,273.0,57.0,4.789473684210527,19.0,0.5,36.0,19.0,1,expanding,losing_streak_fitness,expanding,rep_2,4,3
test,3,0,86986,86986,125287,3,13,2184,6.5,7,19,2,221.35943621178652,10,140.0,273.0,133.0,2.0526315789473686,114.0,0.3,14.0,19.0,6,expanding,losing_streak_fitness,expanding,rep_2,5,3
train,3,0,86986,86986,125287,3,13,2184,6.5,7,19,2,529.0897844411664,6,216.0,273.0,57.0,4.789473684210527,19.0,0.5,36.0,19.0,1,expanding,losing_streak_fitness,expanding,rep_2,5,3
test,3,0,86986,86986,125287,3,13,2184,6.5,7,19,2,221.35943621178652,10,140.0,273.0,133.0,2.0526315789473686,114.0,0.3,14.0,19.0,6,expanding,losing_streak_fitness,expanding,rep_2,6,3
train,3,0,86986,86986,125287,3,13,2184,6.5,7,19,2,529.0897844411664,6,216.0,273.0,57.0,4.789473684210527,19.0,0.5,36.0,19.0,1,expanding,losing_streak_fitness,expanding,rep_2,6,3
test,3,0,86986,86986,125287,3,13,2184,6.5,7,19,2,221.35943621178652,10,140.0,273.0,133.0,2.0526315789473686,114.0,0.3,14.0,19.0,6,expanding,losing_streak_fitness,expanding,rep_2,7,3
train,3,0,86986,86986,125287,3,13,2184,6.5,7,19,2,529.0897844411664,6,216.0,273.0,57.0,4.789473684210527,19.0,0.5,36.0,19.0,1,expanding,losing_streak_fitness,expanding,rep_2,7,3
test,3,0,86986,86986,125287,3,13,2184,6.5,7,19,2,221.35943621178652,10,140.0,273.0,133.0,2.0526315789473686,114.0,0.3,14.0,19.0,6,expanding,losing_streak_fitness,expanding,rep_2,8,3
train,3,0,86986,86986,125287,3,13,2184,6.5,7,19,2,529.0897844411664,6,216.0,273.0,57.0,4.789473684210527,19.0,0.5,36.0,19.0,1,expanding,losing_streak_fitness,expanding,rep_2,8,3
test,3,0,86986,86986,125287,3,13,2184,6.5,7,19,2,221.35943621178652,10,140.0,273.0,133.0,2.0526315789473686,114.0,0.3,14.0,19.0,6,expanding,losing_streak_fitness,expanding,rep_2,9,3
train,3,0,86986,86986,125287,3,13,2184,6.5,7,19,2,529.0897844411664,6,216.0,273.0,57.0,4.789473684210527,19.0,0.5,36.0,19.0,1,expanding,losing_streak_fitness,expanding,rep_2,9,3
test,3,0,86986,86986,125287,3,13,2184,6.5,7,19,2,221.35943621178652,10,140.0,273.0,133.0,2.0526315789473686,114.0,0.3,14.0,19.0,6,expanding,losing_streak_fitness,expanding,rep_2,10,3
train,3,0,86986,86986,125287,3,13,2184,6.5,7,19,2,529.0897844411664,6,216.0,273.0,57.0,4.789473684210527,19.0,0.5,36.0,19.0,1,expanding,losing_streak_fitness,expanding,rep_2,10,3
test,3,0,86986,86986,125287,3,13,2184,6.5,7,19,2,221.35943621178652,10,140.0,273.0,133.0,2.0526315789473686,114.0,0.3,14.0,19.0,6,expanding,losing_streak_fitness,expanding,rep_2,11,3
train,3,0,86986,86986,125287,3,13,2184,6.5,7,19,2,529.0897844411664,6,216.0,273.0,57.0,4.789473684210527,19.0,0.5,36.0,19.0,1,expanding,losing_streak_fitness,expanding,rep_2,11,3
test,3,0,86986,86986,125287,3,13,2184,6.5,7,19,2,221.35943621178652,10,140.0,273.0,133.0,2.0526315789473686,114.0,0.3,14.0,19.0,6,expanding,losing_streak_fitness,expanding,rep_2,12,3
train,3,0,86986,86986,125287,3,13,2184,6.5,7,19,2,529.0897844411664,6,216.0,273.0,57.0,4.789473684210527,19.0,0.5,36.0,19.0,1,expanding,losing_streak_fitness,expanding,rep_2,12,3
test,3,0,86986,86986,125287,3,13,2184,6.5,7,19,2,221.35943621178652,10,140.0,273.0,133.0,2.0526315789473686,114.0,0.3,14.0,19.0,6,expanding,losing_streak_fitness,expanding,rep_2,13,3
train,3,0,86986,86986,125287,3,13,2184,6.5,7,19,2,529.0897844411664,6,216.0,273.0,57.0,4.789473684210527,19.0,0.5,36.0,19.0,1,expanding,losing_streak_fitness,expanding,rep_2,13,3
test,3,0,86986,86986,125287,14,13,671,5.0,1,21,2,79.05694150420949,10,50.0,202.0,152.0,1.3289473684210529,114.0,0.2,5.0,19.0,6,expanding,losing_streak_fitness,expanding,rep_2,14,14
train,3,0,86986,86986,125287,14,13,671,5.0,1,21,2,602.5744767246617,6,246.0,303.0,57.0,5.315789473684211,19.0,0.5,41.0,19.0,1,expanding,losing_streak_fitness,expanding,rep_2,14,14
test,3,0,86986,86986,125287,14,13,671,5.0,1,21,2,79.05694150420949,10,50.0,202.0,152.0,1.3289473684210529,114.0,0.2,5.0,19.0,6,expanding,losing_streak_fitness,expanding,rep_2,15,14
train,3,0,86986,86986,125287,14,13,671,5.0,1,21,2,602.5744767246617,6,246.0,303.0,57.0,5.315789473684211,19.0,0.5,41.0,19.0,1,expanding,losing_streak_fitness,expanding,rep_2,15,14
test,3,0,86986,86986,125287,14,13,671,5.0,1,21,2,79.05694150420949,10,50.0,202.0,152.0,1.3289473684210529,114.0,0.2,5.0,19.0,6,expanding,losing_streak_fitness,expanding,rep_2,16,14
train,3,0,86986,86986,125287,14,13,671,5.0,1,21,2,602.5744767246617,6,246.0,303.0,57.0,5.315789473684211,19.0,0.5,41.0,19.0,1,expanding,losing_streak_fitness,expanding,rep_2,16,14
test,3,0,86986,86986,125287,14,13,671,5.0,1,21,2,79.05694150420949,10,50.0,202.0,152.0,1.3289473684210529,114.0,0.2,5.0,19.0,6,expanding,losing_streak_fitness,expanding,rep_2,17,14
train,3,0,86986,86986,125287,14,13,671,5.0,1,21,2,602.5744767246617,6,246.0,303.0,57.0,5.315789473684211,19.0,0.5,41.0,19.0,1,expanding,losing_streak_fitness,expanding,rep_2,17,14
test,3,0,86986,86986,125287,18,13,671,5.25,1,23,2,110.67971810589329,10,70.0,222.0,152.0,1.4605263157894737,114.0,0.2,7.0,19.0,6,expanding,losing_streak_fitness,expanding,rep_2,18,18
train,3,0,86986,86986,125287,18,13,671,5.25,1,23,2,659.640053362438,5,295.0,333.0,38.0,8.763157894736842,19.0,0.6,59.0,19.0,1,expanding,losing_streak_fitness,expanding,rep_2,18,18
test,3,0,86986,86986,125287,18,13,671,5.25,1,23,2,110.67971810589329,10,70.0,222.0,152.0,1.4605263157894737,114.0,0.2,7.0,19.0,6,expanding,losing_streak_fitness,expanding,rep_2,19,18
train,3,0,86986,86986,125287,18,13,671,5.25,1,23,2,659.640053362438,5,295.0,333.0,38.0,8.763157894736842,19.0,0.6,59.0,19.0,1,expanding,losing_streak_fitness,expanding,rep_2,19,18
test,3,0,86986,86986,125287,18,13,671,5.25,1,23,2,110.67971810589329,10,70.0,222.0,152.0,1.4605263157894737,114.0,0.2,7.0,19.0,6,expanding,losing_streak_fitness,expanding,rep_2,20,18
train,3,0,86986,86986,125287,18,13,671,5.25,1,23,2,659.640053362438,5,295.0,333.0,38.0,8.763157894736842,19.0,0.6,59.0,19.0,1,expanding,losing_streak_fitness,expanding,rep_2,20,18
test,3,0,86986,86986,125287,18,13,671,5.25,1,23,2,110.67971810589329,10,70.0,222.0,152.0,1.4605263157894737,114.0,0.2,7.0,19.0,6,expanding,losing_streak_fitness,expanding,rep_2,21,18
train,3,0,86986,86986,125287,18,13,671,5.25,1,23,2,659.640053362438,5,295.0,333.0,38.0,8.763157894736842,19.0,0.6,59.0,19.0,1,expanding,losing_streak_fitness,expanding,rep_2,21,18
test,3,0,86986,86986,125287,18,13,671,5.25,1,23,2,110.67971810589329,10,70.0,222.0,152.0,1.4605263157894737,114.0,0.2,7.0,19.0,6,expanding,losing_streak_fitness,expanding,rep_2,22,18
train,3,0,86986,86986,125287,18,13,671,5.25,1,23,2,659.640053362438,5,295.0,333.0,38.0,8.763157894736842,19.0,0.6,59.0,19.0,1,expanding,losing_streak_fitness,expanding,rep_2,22,18
test,3,0,86986,86986,125287,18,13,671,5.25,1,23,2,110.67971810589329,10,70.0,222.0,152.0,1.4605263157894737,114.0,0.2,7.0,19.0,6,expanding,losing_streak_fitness,expanding,rep_2,23,18
train,3,0,86986,86986,125287,18,13,671,5.25,1,23,2,659.640053362438,5,295.0,333.0,38.0,8.763157894736842,19.0,0.6,59.0,19.0,1,expanding,losing_streak_fitness,expanding,rep_2,23,18
test,3,0,86986,86986,125287,18,13,671,5.25,1,23,2,110.67971810589329,10,70.0,222.0,152.0,1.4605263157894737,114.0,0.2,7.0,19.0,6,expanding,losing_streak_fitness,expanding,rep_2,24,18
train,3,0,86986,86986,125287,18,13,671,5.25,1,23,2,659.640053362438,5,295.0,333.0,38.0,8.763157894736842,19.0,0.6,59.0,19.0,1,expanding,losing_streak_fitness,expanding,rep_2,24,18
test,3,0,86986,86986,125287,18,13,671,5.25,1,23,2,110.67971810589329,10,70.0,222.0,152.0,1.4605263157894737,114.0,0.2,7.0,19.0,6,expanding,losing_streak_fitness,expanding,rep_2,25,18
train,3,0,86986,86986,125287,18,13,671,5.25,1,23,2,659.640053362438,5,295.0,333.0,38.0,8.763157894736842,19.0,0.6,59.0,19.0,1,expanding,losing_streak_fitness,expanding,rep_2,25,18
test,3,0,86986,86986,125287,18,13,671,5.25,1,23,2,110.67971810589329,10,70.0,222.0,152.0,1.4605263157894737,114.0,0.2,7.0,19.0,6,expanding,losing_streak_fitness,expanding,rep_2,26,18
train,3,0,86986,86986,125287,18,13,671,5.25,1,23,2,659.640053362438,5,295.0,333.0,38.0,8.763157894736842,19.0,0.6,59.0,19.0,1,expanding,losing_streak_fitness,expanding,rep_2,26,18
test,3,0,86986,86986,125287,18,13,671,5.25,1,23,2,110.67971810589329,10,70.0,222.0,152.0,1.4605263157894737,114.0,0.2,7.0,19.0,6,expanding,losing_streak_fitness,expanding,rep_2,27,18
train,3,0,86986,86986,125287,18,13,671,5.25,1,23,2,659.640053362438,5,295.0,333.0,38.0,8.763157894736842,19.0,0.6,59.0,19.0,1,expanding,losing_streak_fitness,expanding,rep_2,27,18
test,3,0,86986,86986,125287,18,13,671,5.25,1,23,2,110.67971810589329,10,70.0,222.0,152.0,1.4605263157894737,114.0,0.2,7.0,19.0,6,expanding,losing_streak_fitness,expanding,rep_2,28,18
train,3,0,86986,86986,125287,18,13,671,5.25,1,23,2,659.640053362438,5,295.0,333.0,38.0,8.763157894736842,19.0,0.6,59.0,19.0,1,expanding,losing_streak_fitness,expanding,rep_2,28,18
test,3,0,86986,86986,125287,18,13,671,5.25,1,23,2,110.67971810589329,10,70.0,222.0,152.0,1.4605263157894737,114.0,0.2,7.0,19.0,6,expanding,losing_streak_fitness,expanding,rep_2,29,18
train,3,0,86986,86986,125287,18,13,671,5.25,1,23,2,659.640053362438,5,295.0,333.0,38.0,8.763157894736842,19.0,0.6,59.0,19.0,1,expanding,losing_streak_fitness,expanding,rep_2,29,18
test,3,0,86986,86986,125287,18,13,671,5.25,1,23,2,110.67971810589329,10,70.0,222.0,152.0,1.4605263157894737,114.0,0.2,7.0,19.0,6,expanding,losing_streak_fitness,expanding,rep_2,30,18
train,3,0,86986,86986,125287,18,13,671,5.25,1,23,2,659.640053362438,5,295.0,333.0,38.0,8.763157894736842,19.0,0.6,59.0,19.0,1,expanding,losing_streak_fitness,expanding,rep_2,30,18
test,3,0,86986,86986,125287,18,13,671,5.25,1,23,2,110.67971810589329,10,70.0,222.0,152.0,1.4605263157894737,114.0,0.2,7.0,19.0,6,expanding,losing_streak_fitness,expanding,rep_2,31,18
train,3,0,86986,86986,125287,18,13,671,5.25,1,23,2,659.640053362438,5,295.0,333.0,38.0,8.763157894736842,19.0,0.6,59.0,19.0,1,expanding,losing_streak_fitness,expanding,rep_2,31,18
test,3,0,86986,86986,125287,18,13,671,5.25,1,23,2,110.67971810589329,10,70.0,222.0,152.0,1.4605263157894737,114.0,0.2,7.0,19.0,6,expanding,losing_streak_fitness,expanding,rep_2,32,18
train,3,0,86986,86986,125287,18,13,671,5.25,1,23,2,659.640053362438,5,295.0,333.0,38.0,8.763157894736842,19.0,0.6,59.0,19.0,1,expanding,losing_streak_fitness,expanding,rep_2,32,18
test,3,0,86986,86986,125287,18,13,671,5.25,1,23,2,110.67971810589329,10,70.0,222.0,152.0,1.4605263157894737,114.0,0.2,7.0,19.0,6,expanding,losing_streak_fitness,expanding,rep_2,33,18
train,3,0,86986,86986,125287,18,13,671,5.25,1,23,2,659.640053362438,5,295.0,333.0,38.0,8.763157894736842,19.0,0.6,59.0,19.0,1,expanding,losing_streak_fitness,expanding,rep_2,33,18
test,3,0,86986,86986,125287,18,13,671,5.25,1,23,2,110.67971810589329,10,70.0,222.0,152.0,1.4605263157894737,114.0,0.2,7.0,19.0,6,expanding,losing_streak_fitness,expanding,rep_2,34,18
train,3,0,86986,86986,125287,18,13,671,5.25,1,23,2,659.640053362438,5,295.0,333.0,38.0,8.763157894736842,19.0,0.6,59.0,19.0,1,expanding,losing_streak_fitness,expanding,rep_2,34,18
test,3,0,86986,86986,125287,18,13,671,5.25,1,23,2,110.67971810589329,10,70.0,222.0,152.0,1.4605263157894737,114.0,0.2,7.0,19.0,6,expanding,losing_streak_fitness,expanding,rep_2,35,18
train,3,0,86986,86986,125287,18,13,671,5.25,1,23,2,659.640053362438,5,295.0,333.0,38.0,8.763157894736842,19.0,0.6,59.0,19.0,1,expanding,losing_streak_fitness,expanding,rep_2,35,18
test,3,0,86986,86986,125287,18,13,671,5.25,1,23,2,110.67971810589329,10,70.0,222.0,152.0,1.4605263157894737,114.0,0.2,7.0,19.0,6,expanding,losing_streak_fitness,expanding,rep_2,36,18
train,3,0,86986,86986,125287,18,13,671,5.25,1,23,2,659.640053362438,5,295.0,333.0,38.0,8.763157894736842,19.0,0.6,59.0,19.0,1,expanding,losing_streak_fitness,expanding,rep_2,36,18
test,3,0,86986,86986,125287,18,13,671,5.25,1,23,2,110.67971810589329,10,70.0,222.0,152.0,1.4605263157894737,114.0,0.2,7.0,19.0,6,expanding,losing_streak_fitness,expanding,rep_2,37,18
train,3,0,86986,86986,125287,18,13,671,5.25,1,23,2,659.640053362438,5,295.0,333.0,38.0,8.763157894736842,19.0,0.6,59.0,19.0,1,expanding,losing_streak_fitness,expanding,rep_2,37,18
test,3,0,86986,86986,125287,18,13,671,5.25,1,23,2,110.67971810589329,10,70.0,222.0,152.0,1.4605263157894737,114.0,0.2,7.0,19.0,6,expanding,losing_streak_fitness,expanding,rep_2,38,18
train,3,0,86986,86986,125287,18,13,671,5.25,1,23,2,659.640053362438,5,295.0,333.0,38.0,8.763157894736842,19.0,0.6,59.0,19.0,1,expanding,losing_streak_fitness,expanding,rep_2,38,18
test,3,0,86986,86986,125287,18,13,671,5.25,1,23,2,110.67971810589329,10,70.0,222.0,152.0,1.4605263157894737,114.0,0.2,7.0,19.0,6,expanding,losing_streak_fitness,expanding,rep_2,39,18
train,3,0,86986,86986,125287,18,13,671,5.25,1,23,2,659.640053362438,5,295.0,333.0,38.0,8.763157894736842,19.0,0.6,59.0,19.0,1,expanding,losing_streak_fitness,expanding,rep_2,39,18
test,3,0,86986,86986,125287,18,13,671,5.25,1,23,2,110.67971810589329,10,70.0,222.0,152.0,1.4605263157894737,114.0,0.2,7.0,19.0,6,expanding,losing_streak_fitness,expanding,rep_2,40,18
train,3,0,86986,86986,125287,18,13,671,5.25,1,23,2,659.640053362438,5,295.0,333.0,38.0,8.763157894736842,19.0,0.6,59.0,19.0,1,expanding,losing_streak_fitness,expanding,rep_2,40,18
test,3,0,86986,86986,125287,18,13,671,5.25,1,23,2,110.67971810589329,10,70.0,222.0,152.0,1.4605263157894737,114.0,0.2,7.0,19.0,6,expanding,losing_streak_fitness,expanding,rep_2,41,18
train,3,0,86986,86986,125287,18,13,671,5.25,1,23,2,659.640053362438,5,295.0,333.0,38.0,8.763157894736842,19.0,0.6,59.0,19.0,1,expanding,losing_streak_fitness,expanding,rep_2,41,18
test,3,0,86986,86986,125287,18,13,671,5.25,1,23,2,110.67971810589329,10,70.0,222.0,152.0,1.4605263157894737,114.0,0.2,7.0,19.0,6,expanding,losing_streak_fitness,expanding,rep_2,42,18
train,3,0,86986,86986,125287,18,13,671,5.25,1,23,2,659.640053362438,5,295.0,333.0,38.0,8.763157894736842,19.0,0.6,59.0,19.0,1,expanding,losing_streak_fitness,expanding,rep_2,42,18
test,3,0,86986,86986,125287,18,13,671,5.25,1,23,2,110.67971810589329,10,70.0,222.0,152.0,1.4605263157894737,114.0,0.2,7.0,19.0,6,expanding,losing_streak_fitness,expanding,rep_2,43,18
train,3,0,86986,86986,125287,18,13,671,5.25,1,23,2,659.640053362438,5,295.0,333.0,38.0,8.763157894736842,19.0,0.6,59.0,19.0,1,expanding,losing_streak_fitness,expanding,rep_2,43,18
test,3,0,86986,86986,125287,18,13,671,5.25,1,23,2,110.67971810589329,10,70.0,222.0,152.0,1.4605263157894737,114.0,0.2,7.0,19.0,6,expanding,losing_streak_fitness,expanding,rep_2,44,18
train,3,0,86986,86986,125287,18,13,671,5.25,1,23,2,659.640053362438,5,295.0,333.0,38.0,8.763157894736842,19.0,0.6,59.0,19.0,1,expanding,losing_streak_fitness,expanding,rep_2,44,18
test,3,0,86986,86986,125287,18,13,671,5.25,1,23,2,110.67971810589329,10,70.0,222.0,152.0,1.4605263157894737,114.0,0.2,7.0,19.0,6,expanding,losing_streak_fitness,expanding,rep_2,45,18
train,3,0,86986,86986,125287,18,13,671,5.25,1,23,2,659.640053362438,5,295.0,333.0,38.0,8.763157894736842,19.0,0.6,59.0,19.0,1,expanding,losing_streak_fitness,expanding,rep_2,45,18
test,3,0,86986,86986,125287,18,13,671,5.25,1,23,2,110.67971810589329,10,70.0,222.0,152.0,1.4605263157894737,114.0,0.2,7.0,19.0,6,expanding,losing_streak_fitness,expanding,rep_2,46,18
train,3,0,86986,86986,125287,18,13,671,5.25,1,23,2,659.640053362438,5,295.0,333.0,38.0,8.763157894736842,19.0,0.6,59.0,19.0,1,expanding,losing_streak_fitness,expanding,rep_2,46,18
test,3,0,86986,86986,125287,18,13,671,5.25,1,23,2,110.67971810589329,10,70.0,222.0,152.0,1.4605263157894737,114.0,0.2,7.0,19.0,6,expanding,losing_streak_fitness,expanding,rep_2,47,18
train,3,0,86986,86986,125287,18,13,671,5.25,1,23,2,659.640053362438,5,295.0,333.0,38.0,8.763157894736842,19.0,0.6,59.0,19.0,1,expanding,losing_streak_fitness,expanding,rep_2,47,18
test,3,0,86986,86986,125287,18,13,671,5.25,1,23,2,110.67971810589329,10,70.0,222.0,152.0,1.4605263157894737,114.0,0.2,7.0,19.0,6,expanding,losing_streak_fitness,expanding,rep_2,48,18
train,3,0,86986,86986,125287,18,13,671,5.25,1,23,2,659.640053362438,5,295.0,333.0,38.0,8.763157894736842,19.0,0.6,59.0,19.0,1,expanding,losing_streak_fitness,expanding,rep_2,48,18
test,3,0,86986,86986,125287,18,13,671,5.25,1,23,2,110.67971810589329,10,70.0,222.0,152.0,1.4605263157894737,114.0,0.2,7.0,19.0,6,expanding,losing_streak_fitness,expanding,rep_2,49,18
train,3,0,86986,86986,125287,18,13,671,5.25,1,23,2,659.640053362438,5,295.0,333.0,38.0,8.763157894736842,19.0,0.6,59.0,19.0,1,expanding,losing_streak_fitness,expanding,rep_2,49,18
test,3,0,86986,86986,125287,18,13,671,5.25,1,23,2,110.67971810589329,10,70.0,222.0,152.0,1.4605263157894737,114.0,0.2,7.0,19.0,6,expanding,losing_streak_fitness,expanding,rep_2,50,18
train,3,0,86986,86986,125287,18,13,671,5.25,1,23,2,659.640053362438,5,295.0,333.0,38.0,8.763157894736842,19.0,0.6,59.0,19.0,1,expanding,losing_streak_fitness,expanding,rep_2,50,18
test,3,0,86986,86986,125287,18,13,671,5.25,1,23,2,110.67971810589329,10,70.0,222.0,152.0,1.4605263157894737,114.0,0.2,7.0,19.0,6,expanding,losing_streak_fitness,expanding,rep_2,51,18
train,3,0,86986,86986,125287,18,13,671,5.25,1,23,2,659.640053362438,5,295.0,333.0,38.0,8.763157894736842,19.0,0.6,59.0,19.0,1,expanding,losing_streak_fitness,expanding,rep_2,51,18
test,3,0,86986,86986,125287,18,13,671,5.25,1,23,2,110.67971810589329,10,70.0,222.0,152.0,1.4605263157894737,114.0,0.2,7.0,19.0,6,expanding,losing_streak_fitness,expanding,rep_2,52,18
train,3,0,86986,86986,125287,18,13,671,5.25,1,23,2,659.640053362438,5,295.0,333.0,38.0,8.763157894736842,19.0,0.6,59.0,19.0,1,expanding,losing_streak_fitness,expanding,rep_2,52,18
test,3,0,86986,86986,125287,18,13,671,5.25,1,23,2,110.67971810589329,10,70.0,222.0,152.0,1.4605263157894737,114.0,0.2,7.0,19.0,6,expanding,losing_streak_fitness,expanding,rep_2,53,18
train,3,0,86986,86986,125287,18,13,671,5.25,1,23,2,659.640053362438,5,295.0,333.0,38.0,8.763157894736842,19.0,0.6,59.0,19.0,1,expanding,losing_streak_fitness,expanding,rep_2,53,18
test,3,0,86986,86986,125287,18,13,671,5.25,1,23,2,110.67971810589329,10,70.0,222.0,152.0,1.4605263157894737,114.0,0.2,7.0,19.0,6,expanding,losing_streak_fitness,expanding,rep_2,54,18
train,3,0,86986,86986,125287,18,13,671,5.25,1,23,2,659.640053362438,5,295.0,333.0,38.0,8.763157894736842,19.0,0.6,59.0,19.0,1,expanding,losing_streak_fitness,expanding,rep_2,54,18
test,3,0,86986,86986,125287,18,13,671,5.25,1,23,2,110.67971810589329,10,70.0,222.0,152.0,1.4605263157894737,114.0,0.2,7.0,19.0,6,expanding,losing_streak_fitness,expanding,rep_2,55,18
train,3,0,86986,86986,125287,18,13,671,5.25,1,23,2,659.640053362438,5,295.0,333.0,38.0,8.763157894736842,19.0,0.6,59.0,19.0,1,expanding,losing_streak_fitness,expanding,rep_2,55,18
test,3,0,86986,86986,125287,18,13,671,5.25,1,23,2,110.67971810589329,10,70.0,222.0,152.0,1.4605263157894737,114.0,0.2,7.0,19.0,6,expanding,losing_streak_fitness,expanding,rep_2,56,18
train,3,0,86986,86986,125287,18,13,671,5.25,1,23,2,659.640053362438,5,295.0,333.0,38.0,8.763157894736842,19.0,0.6,59.0,19.0,1,expanding,losing_streak_fitness,expanding,rep_2,56,18
test,3,0,86986,86986,125287,18,13,671,5.25,1,23,2,110.67971810589329,10,70.0,222.0,152.0,1.4605263157894737,114.0,0.2,7.0,19.0,6,expanding,losing_streak_fitness,expanding,rep_2,57,18
train,3,0,86986,86986,125287,18,13,671,5.25,1,23,2,659.640053362438,5,295.0,333.0,38.0,8.763157894736842,19.0,0.6,59.0,19.0,1,expanding,losing_streak_fitness,expanding,rep_2,57,18
test,3,0,86986,86986,125287,18,13,671,5.25,1,23,2,110.67971810589329,10,70.0,222.0,152.0,1.4605263157894737,114.0,0.2,7.0,19.0,6,expanding,losing_streak_fitness,expanding,rep_2,58,18
train,3,0,86986,86986,125287,18,13,671,5.25,1,23,2,659.640053362438,5,295.0,333.0,38.0,8.763157894736842,19.0,0.6,59.0,19.0,1,expanding,losing_streak_fitness,expanding,rep_2,58,18
test,3,0,86986,86986,125287,18,13,671,5.25,1,23,2,110.67971810589329,10,70.0,222.0,152.0,1.4605263157894737,114.0,0.2,7.0,19.0,6,expanding,losing_streak_fitness,expanding,rep_2,59,18
train,3,0,86986,86986,125287,18,13,671,5.25,1,23,2,659.640053362438,5,295.0,333.0,38.0,8.763157894736842,19.0,0.6,59.0,19.0,1,expanding,losing_streak_fitness,expanding,rep_2,59,18
test,3,0,86986,86986,125287,18,13,671,5.25,1,23,2,110.67971810589329,10,70.0,222.0,152.0,1.4605263157894737,114.0,0.2,7.0,19.0,6,expanding,losing_streak_fitness,expanding,rep_2,60,18
train,3,0,86986,86986,125287,18,13,671,5.25,1,23,2,659.640053362438,5,295.0,333.0,38.0,8.763157894736842,19.0,0.6,59.0,19.0,1,expanding,losing_streak_fitness,expanding,rep_2,60,18
test,3,0,86986,86986,125287,18,13,671,5.25,1,23,2,110.67971810589329,10,70.0,222.0,152.0,1.4605263157894737,114.0,0.2,7.0,19.0,6,expanding,losing_streak_fitness,expanding,rep_2,61,18
train,3,0,86986,86986,125287,18,13,671,5.25,1,23,2,659.640053362438,5,295.0,333.0,38.0,8.763157894736842,19.0,0.6,59.0,19.0,1,expanding,losing_streak_fitness,expanding,rep_2,61,18
test,3,0,86986,86986,125287,18,13,671,5.25,1,23,2,110.67971810589329,10,70.0,222.0,152.0,1.4605263157894737,114.0,0.2,7.0,19.0,6,expanding,losing_streak_fitness,expanding,rep_2,62,18
train,3,0,86986,86986,125287,18,13,671,5.25,1,23,2,659.640053362438,5,295.0,333.0,38.0,8.763157894736842,19.0,0.6,59.0,19.0,1,expanding,losing_streak_fitness,expanding,rep_2,62,18
test,3,0,86986,86986,125287,18,13,671,5.25,1,23,2,110.67971810589329,10,70.0,222.0,152.0,1.4605263157894737,114.0,0.2,7.0,19.0,6,expanding,losing_streak_fitness,expanding,rep_2,63,18
train,3,0,86986,86986,125287,18,13,671,5.25,1,23,2,659.640053362438,5,295.0,333.0,38.0,8.763157894736842,19.0,0.6,59.0,19.0,1,expanding,losing_streak_fitness,expanding,rep_2,63,18
test,3,0,86986,86986,125287,18,13,671,5.25,1,23,2,110.67971810589329,10,70.0,222.0,152.0,1.4605263157894737,114.0,0.2,7.0,19.0,6,expanding,losing_streak_fitness,expanding,rep_2,64,18
train,3,0,86986,86986,125287,18,13,671,5.25,1,23,2,659.640053362438,5,295.0,333.0,38.0,8.763157894736842,19.0,0.6,59.0,19.0,1,expanding,losing_streak_fitness,expanding,rep_2,64,18
test,3,0,86986,86986,125287,18,13,671,5.25,1,23,2,110.67971810589329,10,70.0,222.0,152.0,1.4605263157894737,114.0,0.2,7.0,19.0,6,expanding,losing_streak_fitness,expanding,rep_2,65,18
train,3,0,86986,86986,125287,18,13,671,5.25,1,23,2,659.640053362438,5,295.0,333.0,38.0,8.763157894736842,19.0,0.6,59.0,19.0,1,expanding,losing_streak_fitness,expanding,rep_2,65,18
test,3,0,86986,86986,125287,18,13,671,5.25,1,23,2,110.67971810589329,10,70.0,222.0,152.0,1.4605263157894737,114.0,0.2,7.0,19.0,6,expanding,losing_streak_fitness,expanding,rep_2,66,18
train,3,0,86986,86986,125287,18,13,671,5.25,1,23,2,659.640053362438,5,295.0,333.0,38.0,8.763157894736842,19.0,0.6,59.0,19.0,1,expanding,losing_streak_fitness,expanding,rep_2,66,18
test,3,0,86986,86986,125287,18,13,671,5.25,1,23,2,110.67971810589329,10,70.0,222.0,152.0,1.4605263157894737,114.0,0.2,7.0,19.0,6,expanding,losing_streak_fitness,expanding,rep_2,67,18
train,3,0,86986,86986,125287,18,13,671,5.25,1,23,2,659.640053362438,5,295.0,333.0,38.0,8.763157894736842,19.0,0.6,59.0,19.0,1,expanding,losing_streak_fitness,expanding,rep_2,67,18
test,3,0,86986,86986,125287,18,13,671,5.25,1,23,2,110.67971810589329,10,70.0,222.0,152.0,1.4605263157894737,114.0,0.2,7.0,19.0,6,expanding,losing_streak_fitness,expanding,rep_2,68,18
train,3,0,86986,86986,125287,18,13,671,5.25,1,23,2,659.640053362438,5,295.0,333.0,38.0,8.763157894736842,19.0,0.6,59.0,19.0,1,expanding,losing_streak_fitness,expanding,rep_2,68,18
test,3,0,86986,86986,125287,18,13,671,5.25,1,23,2,110.67971810589329,10,70.0,222.0,152.0,1.4605263157894737,114.0,0.2,7.0,19.0,6,expanding,losing_streak_fitness,expanding,rep_2,69,18
train,3,0,86986,86986,125287,18,13,671,5.25,1,23,2,659.640053362438,5,295.0,333.0,38.0,8.763157894736842,19.0,0.6,59.0,19.0,1,expanding,losing_streak_fitness,expanding,rep_2,69,18
test,3,0,86986,86986,125287,18,13,671,5.25,1,23,2,110.67971810589329,10,70.0,222.0,152.0,1.4605263157894737,114.0,0.2,7.0,19.0,6,expanding,losing_streak_fitness,expanding,rep_2,70,18
train,3,0,86986,86986,125287,18,13,671,5.25,1,23,2,659.640053362438,5,295.0,333.0,38.0,8.763157894736842,19.0,0.6,59.0,19.0,1,expanding,losing_streak_fitness,expanding,rep_2,70,18
test,3,0,86986,86986,125287,18,13,671,5.25,1,23,2,110.67971810589329,10,70.0,222.0,152.0,1.4605263157894737,114.0,0.2,7.0,19.0,6,expanding,losing_streak_fitness,expanding,rep_2,71,18
train,3,0,86986,86986,125287,18,13,671,5.25,1,23,2,659.640053362438,5,295.0,333.0,38.0,8.763157894736842,19.0,0.6,59.0,19.0,1,expanding,losing_streak_fitness,expanding,rep_2,71,18
test,3,0,86986,86986,125287,18,13,671,5.25,1,23,2,110.67971810589329,10,70.0,222.0,152.0,1.4605263157894737,114.0,0.2,7.0,19.0,6,expanding,losing_streak_fitness,expanding,rep_2,72,18
train,3,0,86986,86986,125287,18,13,671,5.25,1,23,2,659.640053362438,5,295.0,333.0,38.0,8.763157894736842,19.0,0.6,59.0,19.0,1,expanding,losing_streak_fitness,expanding,rep_2,72,18
test,3,0,86986,86986,125287,18,13,671,5.25,1,23,2,110.67971810589329,10,70.0,222.0,152.0,1.4605263157894737,114.0,0.2,7.0,19.0,6,expanding,losing_streak_fitness,expanding,rep_2,73,18
train,3,0,86986,86986,125287,18,13,671,5.25,1,23,2,659.640053362438,5,295.0,333.0,38.0,8.763157894736842,19.0,0.6,59.0,19.0,1,expanding,losing_streak_fitness,expanding,rep_2,73,18
test,3,0,86986,86986,125287,18,13,671,5.25,1,23,2,110.67971810589329,10,70.0,222.0,152.0,1.4605263157894737,114.0,0.2,7.0,19.0,6,expanding,losing_streak_fitness,expanding,rep_2,74,18
train,3,0,86986,86986,125287,18,13,671,5.25,1,23,2,659.640053362438,5,295.0,333.0,38.0,8.763157894736842,19.0,0.6,59.0,19.0,1,expanding,losing_streak_fitness,expanding,rep_2,74,18
test,3,0,86986,86986,125287,18,13,671,5.25,1,23,2,110.67971810589329,10,70.0,222.0,152.0,1.4605263157894737,114.0,0.2,7.0,19.0,6,expanding,losing_streak_fitness,expanding,rep_2,75,18
train,3,0,86986,86986,125287,18,13,671,5.25,1,23,2,659.640053362438,5,295.0,333.0,38.0,8.763157894736842,19.0,0.6,59.0,19.0,1,expanding,losing_streak_fitness,expanding,rep_2,75,18
test,3,0,86986,86986,125287,18,13,671,5.25,1,23,2,110.67971810589329,10,70.0,222.0,152.0,1.4605263157894737,114.0,0.2,7.0,19.0,6,expanding,losing_streak_fitness,expanding,rep_2,76,18
train,3,0,86986,86986,125287,18,13,671,5.25,1,23,2,659.640053362438,5,295.0,333.0,38.0,8.763157894736842,19.0,0.6,59.0,19.0,1,expanding,losing_streak_fitness,expanding,rep_2,76,18
test,3,0,86986,86986,125287,18,13,671,5.25,1,23,2,110.67971810589329,10,70.0,222.0,152.0,1.4605263157894737,114.0,0.2,7.0,19.0,6,expanding,losing_streak_fitness,expanding,rep_2,77,18
train,3,0,86986,86986,125287,18,13,671,5.25,1,23,2,659.640053362438,5,295.0,333.0,38.0,8.763157894736842,19.0,0.6,59.0,19.0,1,expanding,losing_streak_fitness,expanding,rep_2,77,18
test,3,0,86986,86986,125287,18,13,671,5.25,1,23,2,110.67971810589329,10,70.0,222.0,152.0,1.4605263157894737,114.0,0.2,7.0,19.0,6,expanding,losing_streak_fitness,expanding,rep_2,78,18
train,3,0,86986,86986,125287,18,13,671,5.25,1,23,2,659.640053362438,5,295.0,333.0,38.0,8.763157894736842,19.0,0.6,59.0,19.0,1,expanding,losing_streak_fitness,expanding,rep_2,78,18
test,3,0,86986,86986,125287,18,13,671,5.25,1,23,2,110.67971810589329,10,70.0,222.0,152.0,1.4605263157894737,114.0,0.2,7.0,19.0,6,expanding,losing_streak_fitness,expanding,rep_2,79,18
train,3,0,86986,86986,125287,18,13,671,5.25,1,23,2,659.640053362438,5,295.0,333.0,38.0,8.763157894736842,19.0,0.6,59.0,19.0,1,expanding,losing_streak_fitness,expanding,rep_2,79,18
test,3,0,86986,86986,125287,18,13,671,5.25,1,23,2,110.67971810589329,10,70.0,222.0,152.0,1.4605263157894737,114.0,0.2,7.0,19.0,6,expanding,losing_streak_fitness,expanding,rep_2,80,18
train,3,0,86986,86986,125287,18,13,671,5.25,1,23,2,659.640053362438,5,295.0,333.0,38.0,8.763157894736842,19.0,0.6,59.0,19.0,1,expanding,losing_streak_fitness,expanding,rep_2,80,18
test,3,0,86986,86986,125287,18,13,671,5.25,1,23,2,110.67971810589329,10,70.0,222.0,152.0,1.4605263157894737,114.0,0.2,7.0,19.0,6,expanding,losing_streak_fitness,expanding,rep_2,81,18
train,3,0,86986,86986,125287,18,13,671,5.25,1,23,2,659.640053362438,5,295.0,333.0,38.0,8.763157894736842,19.0,0.6,59.0,19.0,1,expanding,losing_streak_fitness,expanding,rep_2,81,18
test,3,0,86986,86986,125287,18,13,671,5.25,1,23,2,110.67971810589329,10,70.0,222.0,152.0,1.4605263157894737,114.0,0.2,7.0,19.0,6,expanding,losing_streak_fitness,expanding,rep_2,82,18
train,3,0,86986,86986,125287,18,13,671,5.25,1,23,2,659.640053362438,5,295.0,333.0,38.0,8.763157894736842,19.0,0.6,59.0,19.0,1,expanding,losing_streak_fitness,expanding,rep_2,82,18
test,3,0,86986,86986,125287,18,13,671,5.25,1,23,2,110.67971810589329,10,70.0,222.0,152.0,1.4605263157894737,114.0,0.2,7.0,19.0,6,expanding,losing_streak_fitness,expanding,rep_2,83,18
train,3,0,86986,86986,125287,18,13,671,5.25,1,23,2,659.640053362438,5,295.0,333.0,38.0,8.763157894736842,19.0,0.6,59.0,19.0,1,expanding,losing_streak_fitness,expanding,rep_2,83,18
test,3,0,86986,86986,125287,18,13,671,5.25,1,23,2,110.67971810589329,10,70.0,222.0,152.0,1.4605263157894737,114.0,0.2,7.0,19.0,6,expanding,losing_streak_fitness,expanding,rep_2,84,18
train,3,0,86986,86986,125287,18,13,671,5.25,1,23,2,659.640053362438,5,295.0,333.0,38.0,8.763157894736842,19.0,0.6,59.0,19.0,1,expanding,losing_streak_fitness,expanding,rep_2,84,18
test,3,0,86986,86986,125287,18,13,671,5.25,1,23,2,110.67971810589329,10,70.0,222.0,152.0,1.4605263157894737,114.0,0.2,7.0,19.0,6,expanding,losing_streak_fitness,expanding,rep_2,85,18
train,3,0,86986,86986,125287,18,13,671,5.25,1,23,2,659.640053362438,5,295.0,333.0,38.0,8.763157894736842,19.0,0.6,59.0,19.0,1,expanding,losing_streak_fitness,expanding,rep_2,85,18
test,3,0,86986,86986,125287,18,13,671,5.25,1,23,2,110.67971810589329,10,70.0,222.0,152.0,1.4605263157894737,114.0,0.2,7.0,19.0,6,expanding,losing_streak_fitness,expanding,rep_2,86,18
train,3,0,86986,86986,125287,18,13,671,5.25,1,23,2,659.640053362438,5,295.0,333.0,38.0,8.763157894736842,19.0,0.6,59.0,19.0,1,expanding,losing_streak_fitness,expanding,rep_2,86,18
test,3,0,86986,86986,125287,18,13,671,5.25,1,23,2,110.67971810589329,10,70.0,222.0,152.0,1.4605263157894737,114.0,0.2,7.0,19.0,6,expanding,losing_streak_fitness,expanding,rep_2,87,18
train,3,0,86986,86986,125287,18,13,671,5.25,1,23,2,659.640053362438,5,295.0,333.0,38.0,8.763157894736842,19.0,0.6,59.0,19.0,1,expanding,losing_streak_fitness,expanding,rep_2,87,18
test,3,0,86986,86986,125287,18,13,671,5.25,1,23,2,110.67971810589329,10,70.0,222.0,152.0,1.4605263157894737,114.0,0.2,7.0,19.0,6,expanding,losing_streak_fitness,expanding,rep_2,88,18
train,3,0,86986,86986,125287,18,13,671,5.25,1,23,2,659.640053362438,5,295.0,333.0,38.0,8.763157894736842,19.0,0.6,59.0,19.0,1,expanding,losing_streak_fitness,expanding,rep_2,88,18
test,3,0,86986,86986,125287,18,13,671,5.25,1,23,2,110.67971810589329,10,70.0,222.0,152.0,1.4605263157894737,114.0,0.2,7.0,19.0,6,expanding,losing_streak_fitness,expanding,rep_2,89,18
train,3,0,86986,86986,125287,18,13,671,5.25,1,23,2,659.640053362438,5,295.0,333.0,38.0,8.763157894736842,19.0,0.6,59.0,19.0,1,expanding,losing_streak_fitness,expanding,rep_2,89,18
test,3,0,86986,86986,125287,18,13,671,5.25,1,23,2,110.67971810589329,10,70.0,222.0,152.0,1.4605263157894737,114.0,0.2,7.0,19.0,6,expanding,losing_streak_fitness,expanding,rep_2,90,18
train,3,0,86986,86986,125287,18,13,671,5.25,1,23,2,659.640053362438,5,295.0,333.0,38.0,8.763157894736842,19.0,0.6,59.0,19.0,1,expanding,losing_streak_fitness,expanding,rep_2,90,18
test,3,0,86986,86986,125287,18,13,671,5.25,1,23,2,110.67971810589329,10,70.0,222.0,152.0,1.4605263157894737,114.0,0.2,7.0,19.0,6,expanding,losing_streak_fitness,expanding,rep_2,91,18
train,3,0,86986,86986,125287,18,13,671,5.25,1,23,2,659.640053362438,5,295.0,333.0,38.0,8.763157894736842,19.0,0.6,59.0,19.0,1,expanding,losing_streak_fitness,expanding,rep_2,91,18
test,3,0,86986,86986,125287,18,13,671,5.25,1,23,2,110.67971810589329,10,70.0,222.0,152.0,1.4605263157894737,114.0,0.2,7.0,19.0,6,expanding,losing_streak_fitness,expanding,rep_2,92,18
train,3,0,86986,86986,125287,18,13,671,5.25,1,23,2,659.640053362438,5,295.0,333.0,38.0,8.763157894736842,19.0,0.6,59.0,19.0,1,expanding,losing_streak_fitness,expanding,rep_2,92,18
test,3,0,86986,86986,125287,18,13,671,5.25,1,23,2,110.67971810589329,10,70.0,222.0,152.0,1.4605263157894737,114.0,0.2,7.0,19.0,6,expanding,losing_streak_fitness,expanding,rep_2,93,18
train,3,0,86986,86986,125287,18,13,671,5.25,1,23,2,659.640053362438,5,295.0,333.0,38.0,8.763157894736842,19.0,0.6,59.0,19.0,1,expanding,losing_streak_fitness,expanding,rep_2,93,18
test,3,0,86986,86986,125287,18,13,671,5.25,1,23,2,110.67971810589329,10,70.0,222.0,152.0,1.4605263157894737,114.0,0.2,7.0,19.0,6,expanding,losing_streak_fitness,expanding,rep_2,94,18
train,3,0,86986,86986,125287,18,13,671,5.25,1,23,2,659.640053362438,5,295.0,333.0,38.0,8.763157894736842,19.0,0.6,59.0,19.0,1,expanding,losing_streak_fitness,expanding,rep_2,94,18
test,3,0,86986,86986,125287,18,13,671,5.25,1,23,2,110.67971810589329,10,70.0,222.0,152.0,1.4605263157894737,114.0,0.2,7.0,19.0,6,expanding,losing_streak_fitness,expanding,rep_2,95,18
train,3,0,86986,86986,125287,18,13,671,5.25,1,23,2,659.640053362438,5,295.0,333.0,38.0,8.763157894736842,19.0,0.6,59.0,19.0,1,expanding,losing_streak_fitness,expanding,rep_2,95,18
test,3,0,86986,86986,125287,18,13,671,5.25,1,23,2,110.67971810589329,10,70.0,222.0,152.0,1.4605263157894737,114.0,0.2,7.0,19.0,6,expanding,losing_streak_fitness,expanding,rep_2,96,18
train,3,0,86986,86986,125287,18,13,671,5.25,1,23,2,659.640053362438,5,295.0,333.0,38.0,8.763157894736842,19.0,0.6,59.0,19.0,1,expanding,losing_streak_fitness,expanding,rep_2,96,18
test,3,0,86986,86986,125287,18,13,671,5.25,1,23,2,110.67971810589329,10,70.0,222.0,152.0,1.4605263157894737,114.0,0.2,7.0,19.0,6,expanding,losing_streak_fitness,expanding,rep_2,97,18
train,3,0,86986,86986,125287,18,13,671,5.25,1,23,2,659.640053362438,5,295.0,333.0,38.0,8.763157894736842,19.0,0.6,59.0,19.0,1,expanding,losing_streak_fitness,expanding,rep_2,97,18
test,3,0,86986,86986,125287,18,13,671,5.25,1,23,2,110.67971810589329,10,70.0,222.0,152.0,1.4605263157894737,114.0,0.2,7.0,19.0,6,expanding,losing_streak_fitness,expanding,rep_2,98,18
train,3,0,86986,86986,125287,18,13,671,5.25,1,23,2,659.640053362438,5,295.0,333.0,38.0,8.763157894736842,19.0,0.6,59.0,19.0,1,expanding,losing_streak_fitness,expanding,rep_2,98,18
test,3,0,86986,86986,125287,18,13,671,5.25,1,23,2,110.67971810589329,10,70.0,222.0,152.0,1.4605263157894737,114.0,0.2,7.0,19.0,6,expanding,losing_streak_fitness,expanding,rep_2,99,18
train,3,0,86986,86986,125287,18,13,671,5.25,1,23,2,659.640053362438,5,295.0,333.0,38.0,8.763157894736842,19.0,0.6,59.0,19.0,1,expanding,losing_streak_fitness,expanding,rep_2,99,18
test,3,0,86986,86986,125287,18,13,671,5.25,1,23,2,110.67971810589329,10,70.0,222.0,152.0,1.4605263157894737,114.0,0.2,7.0,19.0,6,expanding,losing_streak_fitness,expanding,rep_2,100,18
train,3,0,86986,86986,125287,18,13,671,5.25,1,23,2,659.640053362438,5,295.0,333.0,38.0,8.763157894736842,19.0,0.6,59.0,19.0,1,expanding,losing_streak_fitness,expanding,rep_2,100,18
test,4,0,125287,125287,130699,0,9,2273,6.5,9,5,5,-1000.0,0,0.0,0.0,0.0,inf,0.0,0.0,0.0,0.0,0,expanding,losing_streak_fitness,expanding,rep_2,0,0
train,4,0,125287,125287,130699,0,9,2273,6.5,9,5,5,100.25467570143547,19,69.0,273.0,204.0,1.338235294117647,115.0,0.6842105263157895,3.631578947368421,34.0,3,expanding,losing_streak_fitness,expanding,rep_2,0,0
test,4,0,125287,125287,130699,1,14,1157,9.75,2,19,10,-1000.0,0,0.0,0.0,0.0,inf,0.0,0.0,0.0,0.0,0,expanding,losing_streak_fitness,expanding,rep_2,1,1
train,4,0,125287,125287,130699,1,14,1157,9.75,2,19,10,167.4895519129477,11,101.0,455.0,354.0,1.2853107344632768,145.0,0.4545454545454545,9.181818181818182,59.0,2,expanding,losing_streak_fitness,expanding,rep_2,1,1
test,4,0,125287,125287,130699,2,14,1440,9.75,1,19,5,-1000.0,0,0.0,0.0,0.0,inf,0.0,0.0,0.0,0.0,0,expanding,losing_streak_fitness,expanding,rep_2,2,2
train,4,0,125287,125287,130699,2,14,1440,9.75,1,19,5,746.4606486614013,14,399.0,637.0,238.0,2.676470588235294,68.0,0.5,28.5,34.0,2,expanding,losing_streak_fitness,expanding,rep_2,2,2
test,4,0,125287,125287,130699,2,14,1440,9.75,1,19,5,-1000.0,0,0.0,0.0,0.0,inf,0.0,0.0,0.0,0.0,0,expanding,losing_streak_fitness,expanding,rep_2,3,2
train,4,0,125287,125287,130699,2,14,1440,9.75,1,19,5,746.4606486614013,14,399.0,637.0,238.0,2.676470588235294,68.0,0.5,28.5,34.0,2,expanding,losing_streak_fitness,expanding,rep_2,3,2
test,4,0,125287,125287,130699,4,14,2273,9.75,2,19,3,-1000.0,0,0.0,0.0,0.0,inf,0.0,0.0,0.0,0.0,0,expanding,losing_streak_fitness,expanding,rep_2,4,4
train,4,0,125287,125287,130699,4,14,2273,9.75,2,19,3,877.4186571984892,14,469.0,637.0,168.0,3.7916666666666665,48.0,0.5,33.5,24.0,2,expanding,losing_streak_fitness,expanding,rep_2,4,4
test,4,0,125287,125287,130699,5,14,3377,7.25,2,10,5,-1000.0,0,0.0,0.0,0.0,inf,0.0,0.0,0.0,0.0,0,expanding,losing_streak_fitness,expanding,rep_2,5,5
train,4,0,125287,125287,130699,5,14,3377,7.25,2,10,5,1024.0,16,256.0,460.0,204.0,2.2549019607843137,34.0,0.625,16.0,34.0,1,expanding,losing_streak_fitness,expanding,rep_2,5,5
test,4,0,125287,125287,130699,6,14,2084,7.25,2,10,3,-1000.0,0,0.0,0.0,0.0,inf,0.0,0.0,0.0,0.0,0,expanding,losing_streak_fitness,expanding,rep_2,6,6
train,4,0,125287,125287,130699,6,14,2084,7.25,2,10,3,1264.0,16,316.0,460.0,144.0,3.1944444444444446,24.0,0.625,19.75,24.0,1,expanding,losing_streak_fitness,expanding,rep_2,6,6
test,4,0,125287,125287,130699,7,14,2084,5.5,3,10,2,-1000.0,0,0.0,0.0,0.0,inf,0.0,0.0,0.0,0.0,0,expanding,losing_streak_fitness,expanding,rep_2,7,7
train,4,0,125287,125287,130699,7,14,2084,5.5,3,10,2,1384.0,16,346.0,460.0,114.0,4.035087719298246,19.0,0.625,21.625,19.0,1,expanding,losing_streak_fitness,expanding,rep_2,7,7
test,4,0,125287,125287,130699,7,14,2084,5.5,3,10,2,-1000.0,0,0.0,0.0,0.0,inf,0.0,0.0,0.0,0.0,0,expanding,losing_streak_fitness,expanding,rep_2,8,7
train,4,0,125287,125287,130699,7,14,2084,5.5,3,10,2,1384.0,16,346.0,460.0,114.0,4.035087719298246,19.0,0.625,21.625,19.0,1,expanding,losing_streak_fitness,expanding,rep_2,8,7
test,4,0,125287,125287,130699,7,14,2084,5.5,3,10,2,-1000.0,0,0.0,0.0,0.0,inf,0.0,0.0,0.0,0.0,0,expanding,losing_streak_fitness,expanding,rep_2,9,7
train,4,0,125287,125287,130699,7,14,2084,5.5,3,10,2,1384.0,16,346.0,460.0,114.0,4.035087719298246,19.0,0.625,21.625,19.0,1,expanding,losing_streak_fitness,expanding,rep_2,9,7
test,4,0,125287,125287,130699,7,14,2084,5.5,3,10,2,-1000.0,0,0.0,0.0,0.0,inf,0.0,0.0,0.0,0.0,0,expanding,losing_streak_fitness,expanding,rep_2,10,7
train,4,0,125287,125287,130699,7,14,2084,5.5,3,10,2,1384.0,16,346.0,460.0,114.0,4.035087719298246,19.0,0.625,21.625,19.0,1,expanding,losing_streak_fitness,expanding,rep_2,10,7
test,4,0,125287,125287,130699,7,14,2084,5.5,3,10,2,-1000.0,0,0.0,0.0,0.0,inf,0.0,0.0,0.0,0.0,0,expanding,losing_streak_fitness,expanding,rep_2,11,7
train,4,0,125287,125287,130699,7,14,2084,5.5,3,10,2,1384.0,16,346.0,460.0,114.0,4.035087719298246,19.0,0.625,21.625,19.0,1,expanding,losing_streak_fitness,expanding,rep_2,11,7
test,4,0,125287,125287,130699,7,14,2084,5.5,3,10,2,-1000.0,0,0.0,0.0,0.0,inf,0.0,0.0,0.0,0.0,0,expanding,losing_streak_fitness,expanding,rep_2,12,7
train,4,0,125287,125287,130699,7,14,2084,5.5,3,10,2,1384.0,16,346.0,460.0,114.0,4.035087719298246,19.0,0.625,21.625,19.0,1,expanding,losing_streak_fitness,expanding,rep_2,12,7
test,4,0,125287,125287,130699,7,14,2084,5.5,3,10,2,-1000.0,0,0.0,0.0,0.0,inf,0.0,0.0,0.0,0.0,0,expanding,losing_streak_fitness,expanding,rep_2,13,7
train,4,0,125287,125287,130699,7,14,2084,5.5,3,10,2,1384.0,16,346.0,460.0,114.0,4.035087719298246,19.0,0.625,21.625,19.0,1,expanding,losing_streak_fitness,expanding,rep_2,13,7
test,4,0,125287,125287,130699,7,14,2084,5.5,3,10,2,-1000.0,0,0.0,0.0,0.0,inf,0.0,0.0,0.0,0.0,0,expanding,losing_streak_fitness,expanding,rep_2,14,7
train,4,0,125287,125287,130699,7,14,2084,5.5,3,10,2,1384.0,16,346.0,460.0,114.0,4.035087719298246,19.0,0.625,21.625,19.0,1,expanding,losing_streak_fitness,expanding,rep_2,14,7
test,4,0,125287,125287,130699,7,14,2084,5.5,3,10,2,-1000.0,0,0.0,0.0,0.0,inf,0.0,0.0,0.0,0.0,0,expanding,losing_streak_fitness,expanding,rep_2,15,7
train,4,0,125287,125287,130699,7,14,2084,5.5,3,10,2,1384.0,16,346.0,460.0,114.0,4.035087719298246,19.0,0.625,21.625,19.0,1,expanding,losing_streak_fitness,expanding,rep_2,15,7
test,4,0,125287,125287,130699,7,14,2084,5.5,3,10,2,-1000.0,0,0.0,0.0,0.0,inf,0.0,0.0,0.0,0.0,0,expanding,losing_streak_fitness,expanding,rep_2,16,7
train,4,0,125287,125287,130699,7,14,2084,5.5,3,10,2,1384.0,16,346.0,460.0,114.0,4.035087719298246,19.0,0.625,21.625,19.0,1,expanding,losing_streak_fitness,expanding,rep_2,16,7
test,4,0,125287,125287,130699,7,14,2084,5.5,3,10,2,-1000.0,0,0.0,0.0,0.0,inf,0.0,0.0,0.0,0.0,0,expanding,losing_streak_fitness,expanding,rep_2,17,7
train,4,0,125287,125287,130699,7,14,2084,5.5,3,10,2,1384.0,16,346.0,460.0,114.0,4.035087719298246,19.0,0.625,21.625,19.0,1,expanding,losing_streak_fitness,expanding,rep_2,17,7
test,4,0,125287,125287,130699,7,14,2084,5.5,3,10,2,-1000.0,0,0.0,0.0,0.0,inf,0.0,0.0,0.0,0.0,0,expanding,losing_streak_fitness,expanding,rep_2,18,7
train,4,0,125287,125287,130699,7,14,2084,5.5,3,10,2,1384.0,16,346.0,460.0,114.0,4.035087719298246,19.0,0.625,21.625,19.0,1,expanding,losing_streak_fitness,expanding,rep_2,18,7
test,4,0,125287,125287,130699,7,14,2084,5.5,3,10,2,-1000.0,0,0.0,0.0,0.0,inf,0.0,0.0,0.0,0.0,0,expanding,losing_streak_fitness,expanding,rep_2,19,7
train,4,0,125287,125287,130699,7,14,2084,5.5,3,10,2,1384.0,16,346.0,460.0,114.0,4.035087719298246,19.0,0.625,21.625,19.0,1,expanding,losing_streak_fitness,expanding,rep_2,19,7
test,4,0,125287,125287,130699,7,14,2084,5.5,3,10,2,-1000.0,0,0.0,0.0,0.0,inf,0.0,0.0,0.0,0.0,0,expanding,losing_streak_fitness,expanding,rep_2,20,7
train,4,0,125287,125287,130699,7,14,2084,5.5,3,10,2,1384.0,16,346.0,460.0,114.0,4.035087719298246,19.0,0.625,21.625,19.0,1,expanding,losing_streak_fitness,expanding,rep_2,20,7
test,4,0,125287,125287,130699,7,14,2084,5.5,3,10,2,-1000.0,0,0.0,0.0,0.0,inf,0.0,0.0,0.0,0.0,0,expanding,losing_streak_fitness,expanding,rep_2,21,7
train,4,0,125287,125287,130699,7,14,2084,5.5,3,10,2,1384.0,16,346.0,460.0,114.0,4.035087719298246,19.0,0.625,21.625,19.0,1,expanding,losing_streak_fitness,expanding,rep_2,21,7
test,4,0,125287,125287,130699,7,14,2084,5.5,3,10,2,-1000.0,0,0.0,0.0,0.0,inf,0.0,0.0,0.0,0.0,0,expanding,losing_streak_fitness,expanding,rep_2,22,7
train,4,0,125287,125287,130699,7,14,2084,5.5,3,10,2,1384.0,16,346.0,460.0,114.0,4.035087719298246,19.0,0.625,21.625,19.0,1,expanding,losing_streak_fitness,expanding,rep_2,22,7
test,4,0,125287,125287,130699,7,14,2084,5.5,3,10,2,-1000.0,0,0.0,0.0,0.0,inf,0.0,0.0,0.0,0.0,0,expanding,losing_streak_fitness,expanding,rep_2,23,7
train,4,0,125287,125287,130699,7,14,2084,5.5,3,10,2,1384.0,16,346.0,460.0,114.0,4.035087719298246,19.0,0.625,21.625,19.0,1,expanding,losing_streak_fitness,expanding,rep_2,23,7
test,4,0,125287,125287,130699,7,14,2084,5.5,3,10,2,-1000.0,0,0.0,0.0,0.0,inf,0.0,0.0,0.0,0.0,0,expanding,losing_streak_fitness,expanding,rep_2,24,7
train,4,0,125287,125287,130699,7,14,2084,5.5,3,10,2,1384.0,16,346.0,460.0,114.0,4.035087719298246,19.0,0.625,21.625,19.0,1,expanding,losing_streak_fitness,expanding,rep_2,24,7
test,4,0,125287,125287,130699,7,14,2084,5.5,3,10,2,-1000.0,0,0.0,0.0,0.0,inf,0.0,0.0,0.0,0.0,0,expanding,losing_streak_fitness,expanding,rep_2,25,7
train,4,0,125287,125287,130699,7,14,2084,5.5,3,10,2,1384.0,16,346.0,460.0,114.0,4.035087719298246,19.0,0.625,21.625,19.0,1,expanding,losing_streak_fitness,expanding,rep_2,25,7
test,4,0,125287,125287,130699,7,14,2084,5.5,3,10,2,-1000.0,0,0.0,0.0,0.0,inf,0.0,0.0,0.0,0.0,0,expanding,losing_streak_fitness,expanding,rep_2,26,7
train,4,0,125287,125287,130699,7,14,2084,5.5,3,10,2,1384.0,16,346.0,460.0,114.0,4.035087719298246,19.0,0.625,21.625,19.0,1,expanding,losing_streak_fitness,expanding,rep_2,26,7
test,4,0,125287,125287,130699,7,14,2084,5.5,3,10,2,-1000.0,0,0.0,0.0,0.0,inf,0.0,0.0,0.0,0.0,0,expanding,losing_streak_fitness,expanding,rep_2,27,7
train,4,0,125287,125287,130699,7,14,2084,5.5,3,10,2,1384.0,16,346.0,460.0,114.0,4.035087719298246,19.0,0.625,21.625,19.0,1,expanding,losing_streak_fitness,expanding,rep_2,27,7
test,4,0,125287,125287,130699,7,14,2084,5.5,3,10,2,-1000.0,0,0.0,0.0,0.0,inf,0.0,0.0,0.0,0.0,0,expanding,losing_streak_fitness,expanding,rep_2,28,7
train,4,0,125287,125287,130699,7,14,2084,5.5,3,10,2,1384.0,16,346.0,460.0,114.0,4.035087719298246,19.0,0.625,21.625,19.0,1,expanding,losing_streak_fitness,expanding,rep_2,28,7
test,4,0,125287,125287,130699,7,14,2084,5.5,3,10,2,-1000.0,0,0.0,0.0,0.0,inf,0.0,0.0,0.0,0.0,0,expanding,losing_streak_fitness,expanding,rep_2,29,7
train,4,0,125287,125287,130699,7,14,2084,5.5,3,10,2,1384.0,16,346.0,460.0,114.0,4.035087719298246,19.0,0.625,21.625,19.0,1,expanding,losing_streak_fitness,expanding,rep_2,29,7
test,4,0,125287,125287,130699,7,14,2084,5.5,3,10,2,-1000.0,0,0.0,0.0,0.0,inf,0.0,0.0,0.0,0.0,0,expanding,losing_streak_fitness,expanding,rep_2,30,7
train,4,0,125287,125287,130699,7,14,2084,5.5,3,10,2,1384.0,16,346.0,460.0,114.0,4.035087719298246,19.0,0.625,21.625,19.0,1,expanding,losing_streak_fitness,expanding,rep_2,30,7
test,4,0,125287,125287,130699,7,14,2084,5.5,3,10,2,-1000.0,0,0.0,0.0,0.0,inf,0.0,0.0,0.0,0.0,0,expanding,losing_streak_fitness,expanding,rep_2,31,7
train,4,0,125287,125287,130699,7,14,2084,5.5,3,10,2,1384.0,16,346.0,460.0,114.0,4.035087719298246,19.0,0.625,21.625,19.0,1,expanding,losing_streak_fitness,expanding,rep_2,31,7
test,4,0,125287,125287,130699,7,14,2084,5.5,3,10,2,-1000.0,0,0.0,0.0,0.0,inf,0.0,0.0,0.0,0.0,0,expanding,losing_streak_fitness,expanding,rep_2,32,7
train,4,0,125287,125287,130699,7,14,2084,5.5,3,10,2,1384.0,16,346.0,460.0,114.0,4.035087719298246,19.0,0.625,21.625,19.0,1,expanding,losing_streak_fitness,expanding,rep_2,32,7
test,4,0,125287,125287,130699,7,14,2084,5.5,3,10,2,-1000.0,0,0.0,0.0,0.0,inf,0.0,0.0,0.0,0.0,0,expanding,losing_streak_fitness,expanding,rep_2,33,7
train,4,0,125287,125287,130699,7,14,2084,5.5,3,10,2,1384.0,16,346.0,460.0,114.0,4.035087719298246,19.0,0.625,21.625,19.0,1,expanding,losing_streak_fitness,expanding,rep_2,33,7
test,4,0,125287,125287,130699,7,14,2084,5.5,3,10,2,-1000.0,0,0.0,0.0,0.0,inf,0.0,0.0,0.0,0.0,0,expanding,losing_streak_fitness,expanding,rep_2,34,7
train,4,0,125287,125287,130699,7,14,2084,5.5,3,10,2,1384.0,16,346.0,460.0,114.0,4.035087719298246,19.0,0.625,21.625,19.0,1,expanding,losing_streak_fitness,expanding,rep_2,34,7
test,4,0,125287,125287,130699,7,14,2084,5.5,3,10,2,-1000.0,0,0.0,0.0,0.0,inf,0.0,0.0,0.0,0.0,0,expanding,losing_streak_fitness,expanding,rep_2,35,7
train,4,0,125287,125287,130699,7,14,2084,5.5,3,10,2,1384.0,16,346.0,460.0,114.0,4.035087719298246,19.0,0.625,21.625,19.0,1,expanding,losing_streak_fitness,expanding,rep_2,35,7
test,4,0,125287,125287,130699,7,14,2084,5.5,3,10,2,-1000.0,0,0.0,0.0,0.0,inf,0.0,0.0,0.0,0.0,0,expanding,losing_streak_fitness,expanding,rep_2,36,7
train,4,0,125287,125287,130699,7,14,2084,5.5,3,10,2,1384.0,16,346.0,460.0,114.0,4.035087719298246,19.0,0.625,21.625,19.0,1,expanding,losing_streak_fitness,expanding,rep_2,36,7
test,4,0,125287,125287,130699,7,14,2084,5.5,3,10,2,-1000.0,0,0.0,0.0,0.0,inf,0.0,0.0,0.0,0.0,0,expanding,losing_streak_fitness,expanding,rep_2,37,7
train,4,0,125287,125287,130699,7,14,2084,5.5,3,10,2,1384.0,16,346.0,460.0,114.0,4.035087719298246,19.0,0.625,21.625,19.0,1,expanding,losing_streak_fitness,expanding,rep_2,37,7
test,4,0,125287,125287,130699,7,14,2084,5.5,3,10,2,-1000.0,0,0.0,0.0,0.0,inf,0.0,0.0,0.0,0.0,0,expanding,losing_streak_fitness,expanding,rep_2,38,7
train,4,0,125287,125287,130699,7,14,2084,5.5,3,10,2,1384.0,16,346.0,460.0,114.0,4.035087719298246,19.0,0.625,21.625,19.0,1,expanding,losing_streak_fitness,expanding,rep_2,38,7
test,4,0,125287,125287,130699,7,14,2084,5.5,3,10,2,-1000.0,0,0.0,0.0,0.0,inf,0.0,0.0,0.0,0.0,0,expanding,losing_streak_fitness,expanding,rep_2,39,7
train,4,0,125287,125287,130699,7,14,2084,5.5,3,10,2,1384.0,16,346.0,460.0,114.0,4.035087719298246,19.0,0.625,21.625,19.0,1,expanding,losing_streak_fitness,expanding,rep_2,39,7
test,4,0,125287,125287,130699,7,14,2084,5.5,3,10,2,-1000.0,0,0.0,0.0,0.0,inf,0.0,0.0,0.0,0.0,0,expanding,losing_streak_fitness,expanding,rep_2,40,7
train,4,0,125287,125287,130699,7,14,2084,5.5,3,10,2,1384.0,16,346.0,460.0,114.0,4.035087719298246,19.0,0.625,21.625,19.0,1,expanding,losing_streak_fitness,expanding,rep_2,40,7
test,4,0,125287,125287,130699,7,14,2084,5.5,3,10,2,-1000.0,0,0.0,0.0,0.0,inf,0.0,0.0,0.0,0.0,0,expanding,losing_streak_fitness,expanding,rep_2,41,7
train,4,0,125287,125287,130699,7,14,2084,5.5,3,10,2,1384.0,16,346.0,460.0,114.0,4.035087719298246,19.0,0.625,21.625,19.0,1,expanding,losing_streak_fitness,expanding,rep_2,41,7
test,4,0,125287,125287,130699,7,14,2084,5.5,3,10,2,-1000.0,0,0.0,0.0,0.0,inf,0.0,0.0,0.0,0.0,0,expanding,losing_streak_fitness,expanding,rep_2,42,7
train,4,0,125287,125287,130699,7,14,2084,5.5,3,10,2,1384.0,16,346.0,460.0,114.0,4.035087719298246,19.0,0.625,21.625,19.0,1,expanding,losing_streak_fitness,expanding,rep_2,42,7
test,4,0,125287,125287,130699,7,14,2084,5.5,3,10,2,-1000.0,0,0.0,0.0,0.0,inf,0.0,0.0,0.0,0.0,0,expanding,losing_streak_fitness,expanding,rep_2,43,7
train,4,0,125287,125287,130699,7,14,2084,5.5,3,10,2,1384.0,16,346.0,460.0,114.0,4.035087719298246,19.0,0.625,21.625,19.0,1,expanding,losing_streak_fitness,expanding,rep_2,43,7
test,4,0,125287,125287,130699,7,14,2084,5.5,3,10,2,-1000.0,0,0.0,0.0,0.0,inf,0.0,0.0,0.0,0.0,0,expanding,losing_streak_fitness,expanding,rep_2,44,7
train,4,0,125287,125287,130699,7,14,2084,5.5,3,10,2,1384.0,16,346.0,460.0,114.0,4.035087719298246,19.0,0.625,21.625,19.0,1,expanding,losing_streak_fitness,expanding,rep_2,44,7
test,4,0,125287,125287,130699,7,14,2084,5.5,3,10,2,-1000.0,0,0.0,0.0,0.0,inf,0.0,0.0,0.0,0.0,0,expanding,losing_streak_fitness,expanding,rep_2,45,7
train,4,0,125287,125287,130699,7,14,2084,5.5,3,10,2,1384.0,16,346.0,460.0,114.0,4.035087719298246,19.0,0.625,21.625,19.0,1,expanding,losing_streak_fitness,expanding,rep_2,45,7
test,4,0,125287,125287,130699,7,14,2084,5.5,3,10,2,-1000.0,0,0.0,0.0,0.0,inf,0.0,0.0,0.0,0.0,0,expanding,losing_streak_fitness,expanding,rep_2,46,7
train,4,0,125287,125287,130699,7,14,2084,5.5,3,10,2,1384.0,16,346.0,460.0,114.0,4.035087719298246,19.0,0.625,21.625,19.0,1,expanding,losing_streak_fitness,expanding,rep_2,46,7
test,4,0,125287,125287,130699,7,14,2084,5.5,3,10,2,-1000.0,0,0.0,0.0,0.0,inf,0.0,0.0,0.0,0.0,0,expanding,losing_streak_fitness,expanding,rep_2,47,7
train,4,0,125287,125287,130699,7,14,2084,5.5,3,10,2,1384.0,16,346.0,460.0,114.0,4.035087719298246,19.0,0.625,21.625,19.0,1,expanding,losing_streak_fitness,expanding,rep_2,47,7
test,4,0,125287,125287,130699,7,14,2084,5.5,3,10,2,-1000.0,0,0.0,0.0,0.0,inf,0.0,0.0,0.0,0.0,0,expanding,losing_streak_fitness,expanding,rep_2,48,7
train,4,0,125287,125287,130699,7,14,2084,5.5,3,10,2,1384.0,16,346.0,460.0,114.0,4.035087719298246,19.0,0.625,21.625,19.0,1,expanding,losing_streak_fitness,expanding,rep_2,48,7
test,4,0,125287,125287,130699,7,14,2084,5.5,3,10,2,-1000.0,0,0.0,0.0,0.0,inf,0.0,0.0,0.0,0.0,0,expanding,losing_streak_fitness,expanding,rep_2,49,7
train,4,0,125287,125287,130699,7,14,2084,5.5,3,10,2,1384.0,16,346.0,460.0,114.0,4.035087719298246,19.0,0.625,21.625,19.0,1,expanding,losing_streak_fitness,expanding,rep_2,49,7
test,4,0,125287,125287,130699,7,14,2084,5.5,3,10,2,-1000.0,0,0.0,0.0,0.0,inf,0.0,0.0,0.0,0.0,0,expanding,losing_streak_fitness,expanding,rep_2,50,7
train,4,0,125287,125287,130699,7,14,2084,5.5,3,10,2,1384.0,16,346.0,460.0,114.0,4.035087719298246,19.0,0.625,21.625,19.0,1,expanding,losing_streak_fitness,expanding,rep_2,50,7
test,4,0,125287,125287,130699,7,14,2084,5.5,3,10,2,-1000.0,0,0.0,0.0,0.0,inf,0.0,0.0,0.0,0.0,0,expanding,losing_streak_fitness,expanding,rep_2,51,7
train,4,0,125287,125287,130699,7,14,2084,5.5,3,10,2,1384.0,16,346.0,460.0,114.0,4.035087719298246,19.0,0.625,21.625,19.0,1,expanding,losing_streak_fitness,expanding,rep_2,51,7
test,4,0,125287,125287,130699,7,14,2084,5.5,3,10,2,-1000.0,0,0.0,0.0,0.0,inf,0.0,0.0,0.0,0.0,0,expanding,losing_streak_fitness,expanding,rep_2,52,7
train,4,0,125287,125287,130699,7,14,2084,5.5,3,10,2,1384.0,16,346.0,460.0,114.0,4.035087719298246,19.0,0.625,21.625,19.0,1,expanding,losing_streak_fitness,expanding,rep_2,52,7
test,4,0,125287,125287,130699,7,14,2084,5.5,3,10,2,-1000.0,0,0.0,0.0,0.0,inf,0.0,0.0,0.0,0.0,0,expanding,losing_streak_fitness,expanding,rep_2,53,7
train,4,0,125287,125287,130699,7,14,2084,5.5,3,10,2,1384.0,16,346.0,460.0,114.0,4.035087719298246,19.0,0.625,21.625,19.0,1,expanding,losing_streak_fitness,expanding,rep_2,53,7
test,4,0,125287,125287,130699,7,14,2084,5.5,3,10,2,-1000.0,0,0.0,0.0,0.0,inf,0.0,0.0,0.0,0.0,0,expanding,losing_streak_fitness,expanding,rep_2,54,7
train,4,0,125287,125287,130699,7,14,2084,5.5,3,10,2,1384.0,16,346.0,460.0,114.0,4.035087719298246,19.0,0.625,21.625,19.0,1,expanding,losing_streak_fitness,expanding,rep_2,54,7
test,4,0,125287,125287,130699,7,14,2084,5.5,3,10,2,-1000.0,0,0.0,0.0,0.0,inf,0.0,0.0,0.0,0.0,0,expanding,losing_streak_fitness,expanding,rep_2,55,7
train,4,0,125287,125287,130699,7,14,2084,5.5,3,10,2,1384.0,16,346.0,460.0,114.0,4.035087719298246,19.0,0.625,21.625,19.0,1,expanding,losing_streak_fitness,expanding,rep_2,55,7
test,4,0,125287,125287,130699,7,14,2084,5.5,3,10,2,-1000.0,0,0.0,0.0,0.0,inf,0.0,0.0,0.0,0.0,0,expanding,losing_streak_fitness,expanding,rep_2,56,7
train,4,0,125287,125287,130699,7,14,2084,5.5,3,10,2,1384.0,16,346.0,460.0,114.0,4.035087719298246,19.0,0.625,21.625,19.0,1,expanding,losing_streak_fitness,expanding,rep_2,56,7
test,4,0,125287,125287,130699,7,14,2084,5.5,3,10,2,-1000.0,0,0.0,0.0,0.0,inf,0.0,0.0,0.0,0.0,0,expanding,losing_streak_fitness,expanding,rep_2,57,7
train,4,0,125287,125287,130699,7,14,2084,5.5,3,10,2,1384.0,16,346.0,460.0,114.0,4.035087719298246,19.0,0.625,21.625,19.0,1,expanding,losing_streak_fitness,expanding,rep_2,57,7
test,4,0,125287,125287,130699,7,14,2084,5.5,3,10,2,-1000.0,0,0.0,0.0,0.0,inf,0.0,0.0,0.0,0.0,0,expanding,losing_streak_fitness,expanding,rep_2,58,7
train,4,0,125287,125287,130699,7,14,2084,5.5,3,10,2,1384.0,16,346.0,460.0,114.0,4.035087719298246,19.0,0.625,21.625,19.0,1,expanding,losing_streak_fitness,expanding,rep_2,58,7
test,4,0,125287,125287,130699,7,14,2084,5.5,3,10,2,-1000.0,0,0.0,0.0,0.0,inf,0.0,0.0,0.0,0.0,0,expanding,losing_streak_fitness,expanding,rep_2,59,7
train,4,0,125287,125287,130699,7,14,2084,5.5,3,10,2,1384.0,16,346.0,460.0,114.0,4.035087719298246,19.0,0.625,21.625,19.0,1,expanding,losing_streak_fitness,expanding,rep_2,59,7
test,4,0,125287,125287,130699,7,14,2084,5.5,3,10,2,-1000.0,0,0.0,0.0,0.0,inf,0.0,0.0,0.0,0.0,0,expanding,losing_streak_fitness,expanding,rep_2,60,7
train,4,0,125287,125287,130699,7,14,2084,5.5,3,10,2,1384.0,16,346.0,460.0,114.0,4.035087719298246,19.0,0.625,21.625,19.0,1,expanding,losing_streak_fitness,expanding,rep_2,60,7
test,4,0,125287,125287,130699,7,14,2084,5.5,3,10,2,-1000.0,0,0.0,0.0,0.0,inf,0.0,0.0,0.0,0.0,0,expanding,losing_streak_fitness,expanding,rep_2,61,7
train,4,0,125287,125287,130699,7,14,2084,5.5,3,10,2,1384.0,16,346.0,460.0,114.0,4.035087719298246,19.0,0.625,21.625,19.0,1,expanding,losing_streak_fitness,expanding,rep_2,61,7
test,4,0,125287,125287,130699,7,14,2084,5.5,3,10,2,-1000.0,0,0.0,0.0,0.0,inf,0.0,0.0,0.0,0.0,0,expanding,losing_streak_fitness,expanding,rep_2,62,7
train,4,0,125287,125287,130699,7,14,2084,5.5,3,10,2,1384.0,16,346.0,460.0,114.0,4.035087719298246,19.0,0.625,21.625,19.0,1,expanding,losing_streak_fitness,expanding,rep_2,62,7
test,4,0,125287,125287,130699,7,14,2084,5.5,3,10,2,-1000.0,0,0.0,0.0,0.0,inf,0.0,0.0,0.0,0.0,0,expanding,losing_streak_fitness,expanding,rep_2,63,7
train,4,0,125287,125287,130699,7,14,2084,5.5,3,10,2,1384.0,16,346.0,460.0,114.0,4.035087719298246,19.0,0.625,21.625,19.0,1,expanding,losing_streak_fitness,expanding,rep_2,63,7
test,4,0,125287,125287,130699,7,14,2084,5.5,3,10,2,-1000.0,0,0.0,0.0,0.0,inf,0.0,0.0,0.0,0.0,0,expanding,losing_streak_fitness,expanding,rep_2,64,7
train,4,0,125287,125287,130699,7,14,2084,5.5,3,10,2,1384.0,16,346.0,460.0,114.0,4.035087719298246,19.0,0.625,21.625,19.0,1,expanding,losing_streak_fitness,expanding,rep_2,64,7
test,4,0,125287,125287,130699,7,14,2084,5.5,3,10,2,-1000.0,0,0.0,0.0,0.0,inf,0.0,0.0,0.0,0.0,0,expanding,losing_streak_fitness,expanding,rep_2,65,7
train,4,0,125287,125287,130699,7,14,2084,5.5,3,10,2,1384.0,16,346.0,460.0,114.0,4.035087719298246,19.0,0.625,21.625,19.0,1,expanding,losing_streak_fitness,expanding,rep_2,65,7
test,4,0,125287,125287,130699,7,14,2084,5.5,3,10,2,-1000.0,0,0.0,0.0,0.0,inf,0.0,0.0,0.0,0.0,0,expanding,losing_streak_fitness,expanding,rep_2,66,7
train,4,0,125287,125287,130699,7,14,2084,5.5,3,10,2,1384.0,16,346.0,460.0,114.0,4.035087719298246,19.0,0.625,21.625,19.0,1,expanding,losing_streak_fitness,expanding,rep_2,66,7
test,4,0,125287,125287,130699,7,14,2084,5.5,3,10,2,-1000.0,0,0.0,0.0,0.0,inf,0.0,0.0,0.0,0.0,0,expanding,losing_streak_fitness,expanding,rep_2,67,7
train,4,0,125287,125287,130699,7,14,2084,5.5,3,10,2,1384.0,16,346.0,460.0,114.0,4.035087719298246,19.0,0.625,21.625,19.0,1,expanding,losing_streak_fitness,expanding,rep_2,67,7
test,4,0,125287,125287,130699,7,14,2084,5.5,3,10,2,-1000.0,0,0.0,0.0,0.0,inf,0.0,0.0,0.0,0.0,0,expanding,losing_streak_fitness,expanding,rep_2,68,7
train,4,0,125287,125287,130699,7,14,2084,5.5,3,10,2,1384.0,16,346.0,460.0,114.0,4.035087719298246,19.0,0.625,21.625,19.0,1,expanding,losing_streak_fitness,expanding,rep_2,68,7
test,4,0,125287,125287,130699,7,14,2084,5.5,3,10,2,-1000.0,0,0.0,0.0,0.0,inf,0.0,0.0,0.0,0.0,0,expanding,losing_streak_fitness,expanding,rep_2,69,7
train,4,0,125287,125287,130699,7,14,2084,5.5,3,10,2,1384.0,16,346.0,460.0,114.0,4.035087719298246,19.0,0.625,21.625,19.0,1,expanding,losing_streak_fitness,expanding,rep_2,69,7
test,4,0,125287,125287,130699,7,14,2084,5.5,3,10,2,-1000.0,0,0.0,0.0,0.0,inf,0.0,0.0,0.0,0.0,0,expanding,losing_streak_fitness,expanding,rep_2,70,7
train,4,0,125287,125287,130699,7,14,2084,5.5,3,10,2,1384.0,16,346.0,460.0,114.0,4.035087719298246,19.0,0.625,21.625,19.0,1,expanding,losing_streak_fitness,expanding,rep_2,70,7
test,4,0,125287,125287,130699,7,14,2084,5.5,3,10,2,-1000.0,0,0.0,0.0,0.0,inf,0.0,0.0,0.0,0.0,0,expanding,losing_streak_fitness,expanding,rep_2,71,7
train,4,0,125287,125287,130699,7,14,2084,5.5,3,10,2,1384.0,16,346.0,460.0,114.0,4.035087719298246,19.0,0.625,21.625,19.0,1,expanding,losing_streak_fitness,expanding,rep_2,71,7
test,4,0,125287,125287,130699,7,14,2084,5.5,3,10,2,-1000.0,0,0.0,0.0,0.0,inf,0.0,0.0,0.0,0.0,0,expanding,losing_streak_fitness,expanding,rep_2,72,7
train,4,0,125287,125287,130699,7,14,2084,5.5,3,10,2,1384.0,16,346.0,460.0,114.0,4.035087719298246,19.0,0.625,21.625,19.0,1,expanding,losing_streak_fitness,expanding,rep_2,72,7
test,4,0,125287,125287,130699,7,14,2084,5.5,3,10,2,-1000.0,0,0.0,0.0,0.0,inf,0.0,0.0,0.0,0.0,0,expanding,losing_streak_fitness,expanding,rep_2,73,7
train,4,0,125287,125287,130699,7,14,2084,5.5,3,10,2,1384.0,16,346.0,460.0,114.0,4.035087719298246,19.0,0.625,21.625,19.0,1,expanding,losing_streak_fitness,expanding,rep_2,73,7
test,4,0,125287,125287,130699,7,14,2084,5.5,3,10,2,-1000.0,0,0.0,0.0,0.0,inf,0.0,0.0,0.0,0.0,0,expanding,losing_streak_fitness,expanding,rep_2,74,7
train,4,0,125287,125287,130699,7,14,2084,5.5,3,10,2,1384.0,16,346.0,460.0,114.0,4.035087719298246,19.0,0.625,21.625,19.0,1,expanding,losing_streak_fitness,expanding,rep_2,74,7
test,4,0,125287,125287,130699,7,14,2084,5.5,3,10,2,-1000.0,0,0.0,0.0,0.0,inf,0.0,0.0,0.0,0.0,0,expanding,losing_streak_fitness,expanding,rep_2,75,7
train,4,0,125287,125287,130699,7,14,2084,5.5,3,10,2,1384.0,16,346.0,460.0,114.0,4.035087719298246,19.0,0.625,21.625,19.0,1,expanding,losing_streak_fitness,expanding,rep_2,75,7
test,4,0,125287,125287,130699,7,14,2084,5.5,3,10,2,-1000.0,0,0.0,0.0,0.0,inf,0.0,0.0,0.0,0.0,0,expanding,losing_streak_fitness,expanding,rep_2,76,7
train,4,0,125287,125287,130699,7,14,2084,5.5,3,10,2,1384.0,16,346.0,460.0,114.0,4.035087719298246,19.0,0.625,21.625,19.0,1,expanding,losing_streak_fitness,expanding,rep_2,76,7
test,4,0,125287,125287,130699,7,14,2084,5.5,3,10,2,-1000.0,0,0.0,0.0,0.0,inf,0.0,0.0,0.0,0.0,0,expanding,losing_streak_fitness,expanding,rep_2,77,7
train,4,0,125287,125287,130699,7,14,2084,5.5,3,10,2,1384.0,16,346.0,460.0,114.0,4.035087719298246,19.0,0.625,21.625,19.0,1,expanding,losing_streak_fitness,expanding,rep_2,77,7
test,4,0,125287,125287,130699,7,14,2084,5.5,3,10,2,-1000.0,0,0.0,0.0,0.0,inf,0.0,0.0,0.0,0.0,0,expanding,losing_streak_fitness,expanding,rep_2,78,7
train,4,0,125287,125287,130699,7,14,2084,5.5,3,10,2,1384.0,16,346.0,460.0,114.0,4.035087719298246,19.0,0.625,21.625,19.0,1,expanding,losing_streak_fitness,expanding,rep_2,78,7
test,4,0,125287,125287,130699,7,14,2084,5.5,3,10,2,-1000.0,0,0.0,0.0,0.0,inf,0.0,0.0,0.0,0.0,0,expanding,losing_streak_fitness,expanding,rep_2,79,7
train,4,0,125287,125287,130699,7,14,2084,5.5,3,10,2,1384.0,16,346.0,460.0,114.0,4.035087719298246,19.0,0.625,21.625,19.0,1,expanding,losing_streak_fitness,expanding,rep_2,79,7
test,4,0,125287,125287,130699,7,14,2084,5.5,3,10,2,-1000.0,0,0.0,0.0,0.0,inf,0.0,0.0,0.0,0.0,0,expanding,losing_streak_fitness,expanding,rep_2,80,7
train,4,0,125287,125287,130699,7,14,2084,5.5,3,10,2,1384.0,16,346.0,460.0,114.0,4.035087719298246,19.0,0.625,21.625,19.0,1,expanding,losing_streak_fitness,expanding,rep_2,80,7
test,4,0,125287,125287,130699,7,14,2084,5.5,3,10,2,-1000.0,0,0.0,0.0,0.0,inf,0.0,0.0,0.0,0.0,0,expanding,losing_streak_fitness,expanding,rep_2,81,7
train,4,0,125287,125287,130699,7,14,2084,5.5,3,10,2,1384.0,16,346.0,460.0,114.0,4.035087719298246,19.0,0.625,21.625,19.0,1,expanding,losing_streak_fitness,expanding,rep_2,81,7
test,4,0,125287,125287,130699,7,14,2084,5.5,3,10,2,-1000.0,0,0.0,0.0,0.0,inf,0.0,0.0,0.0,0.0,0,expanding,losing_streak_fitness,expanding,rep_2,82,7
train,4,0,125287,125287,130699,7,14,2084,5.5,3,10,2,1384.0,16,346.0,460.0,114.0,4.035087719298246,19.0,0.625,21.625,19.0,1,expanding,losing_streak_fitness,expanding,rep_2,82,7
test,4,0,125287,125287,130699,7,14,2084,5.5,3,10,2,-1000.0,0,0.0,0.0,0.0,inf,0.0,0.0,0.0,0.0,0,expanding,losing_streak_fitness,expanding,rep_2,83,7
train,4,0,125287,125287,130699,7,14,2084,5.5,3,10,2,1384.0,16,346.0,460.0,114.0,4.035087719298246,19.0,0.625,21.625,19.0,1,expanding,losing_streak_fitness,expanding,rep_2,83,7
test,4,0,125287,125287,130699,7,14,2084,5.5,3,10,2,-1000.0,0,0.0,0.0,0.0,inf,0.0,0.0,0.0,0.0,0,expanding,losing_streak_fitness,expanding,rep_2,84,7
train,4,0,125287,125287,130699,7,14,2084,5.5,3,10,2,1384.0,16,346.0,460.0,114.0,4.035087719298246,19.0,0.625,21.625,19.0,1,expanding,losing_streak_fitness,expanding,rep_2,84,7
test,4,0,125287,125287,130699,7,14,2084,5.5,3,10,2,-1000.0,0,0.0,0.0,0.0,inf,0.0,0.0,0.0,0.0,0,expanding,losing_streak_fitness,expanding,rep_2,85,7
train,4,0,125287,125287,130699,7,14,2084,5.5,3,10,2,1384.0,16,346.0,460.0,114.0,4.035087719298246,19.0,0.625,21.625,19.0,1,expanding,losing_streak_fitness,expanding,rep_2,85,7
test,4,0,125287,125287,130699,7,14,2084,5.5,3,10,2,-1000.0,0,0.0,0.0,0.0,inf,0.0,0.0,0.0,0.0,0,expanding,losing_streak_fitness,expanding,rep_2,86,7
train,4,0,125287,125287,130699,7,14,2084,5.5,3,10,2,1384.0,16,346.0,460.0,114.0,4.035087719298246,19.0,0.625,21.625,19.0,1,expanding,losing_streak_fitness,expanding,rep_2,86,7
test,4,0,125287,125287,130699,7,14,2084,5.5,3,10,2,-1000.0,0,0.0,0.0,0.0,inf,0.0,0.0,0.0,0.0,0,expanding,losing_streak_fitness,expanding,rep_2,87,7
train,4,0,125287,125287,130699,7,14,2084,5.5,3,10,2,1384.0,16,346.0,460.0,114.0,4.035087719298246,19.0,0.625,21.625,19.0,1,expanding,losing_streak_fitness,expanding,rep_2,87,7
test,4,0,125287,125287,130699,7,14,2084,5.5,3,10,2,-1000.0,0,0.0,0.0,0.0,inf,0.0,0.0,0.0,0.0,0,expanding,losing_streak_fitness,expanding,rep_2,88,7
train,4,0,125287,125287,130699,7,14,2084,5.5,3,10,2,1384.0,16,346.0,460.0,114.0,4.035087719298246,19.0,0.625,21.625,19.0,1,expanding,losing_streak_fitness,expanding,rep_2,88,7
test,4,0,125287,125287,130699,7,14,2084,5.5,3,10,2,-1000.0,0,0.0,0.0,0.0,inf,0.0,0.0,0.0,0.0,0,expanding,losing_streak_fitness,expanding,rep_2,89,7
train,4,0,125287,125287,130699,7,14,2084,5.5,3,10,2,1384.0,16,346.0,460.0,114.0,4.035087719298246,19.0,0.625,21.625,19.0,1,expanding,losing_streak_fitness,expanding,rep_2,89,7
test,4,0,125287,125287,130699,7,14,2084,5.5,3,10,2,-1000.0,0,0.0,0.0,0.0,inf,0.0,0.0,0.0,0.0,0,expanding,losing_streak_fitness,expanding,rep_2,90,7
train,4,0,125287,125287,130699,7,14,2084,5.5,3,10,2,1384.0,16,346.0,460.0,114.0,4.035087719298246,19.0,0.625,21.625,19.0,1,expanding,losing_streak_fitness,expanding,rep_2,90,7
test,4,0,125287,125287,130699,7,14,2084,5.5,3,10,2,-1000.0,0,0.0,0.0,0.0,inf,0.0,0.0,0.0,0.0,0,expanding,losing_streak_fitness,expanding,rep_2,91,7
train,4,0,125287,125287,130699,7,14,2084,5.5,3,10,2,1384.0,16,346.0,460.0,114.0,4.035087719298246,19.0,0.625,21.625,19.0,1,expanding,losing_streak_fitness,expanding,rep_2,91,7
test,4,0,125287,125287,130699,7,14,2084,5.5,3,10,2,-1000.0,0,0.0,0.0,0.0,inf,0.0,0.0,0.0,0.0,0,expanding,losing_streak_fitness,expanding,rep_2,92,7
train,4,0,125287,125287,130699,7,14,2084,5.5,3,10,2,1384.0,16,346.0,460.0,114.0,4.035087719298246,19.0,0.625,21.625,19.0,1,expanding,losing_streak_fitness,expanding,rep_2,92,7
test,4,0,125287,125287,130699,7,14,2084,5.5,3,10,2,-1000.0,0,0.0,0.0,0.0,inf,0.0,0.0,0.0,0.0,0,expanding,losing_streak_fitness,expanding,rep_2,93,7
train,4,0,125287,125287,130699,7,14,2084,5.5,3,10,2,1384.0,16,346.0,460.0,114.0,4.035087719298246,19.0,0.625,21.625,19.0,1,expanding,losing_streak_fitness,expanding,rep_2,93,7
test,4,0,125287,125287,130699,7,14,2084,5.5,3,10,2,-1000.0,0,0.0,0.0,0.0,inf,0.0,0.0,0.0,0.0,0,expanding,losing_streak_fitness,expanding,rep_2,94,7
train,4,0,125287,125287,130699,7,14,2084,5.5,3,10,2,1384.0,16,346.0,460.0,114.0,4.035087719298246,19.0,0.625,21.625,19.0,1,expanding,losing_streak_fitness,expanding,rep_2,94,7
test,4,0,125287,125287,130699,7,14,2084,5.5,3,10,2,-1000.0,0,0.0,0.0,0.0,inf,0.0,0.0,0.0,0.0,0,expanding,losing_streak_fitness,expanding,rep_2,95,7
train,4,0,125287,125287,130699,7,14,2084,5.5,3,10,2,1384.0,16,346.0,460.0,114.0,4.035087719298246,19.0,0.625,21.625,19.0,1,expanding,losing_streak_fitness,expanding,rep_2,95,7
test,4,0,125287,125287,130699,7,14,2084,5.5,3,10,2,-1000.0,0,0.0,0.0,0.0,inf,0.0,0.0,0.0,0.0,0,expanding,losing_streak_fitness,expanding,rep_2,96,7
train,4,0,125287,125287,130699,7,14,2084,5.5,3,10,2,1384.0,16,346.0,460.0,114.0,4.035087719298246,19.0,0.625,21.625,19.0,1,expanding,losing_streak_fitness,expanding,rep_2,96,7
test,4,0,125287,125287,130699,7,14,2084,5.5,3,10,2,-1000.0,0,0.0,0.0,0.0,inf,0.0,0.0,0.0,0.0,0,expanding,losing_streak_fitness,expanding,rep_2,97,7
train,4,0,125287,125287,130699,7,14,2084,5.5,3,10,2,1384.0,16,346.0,460.0,114.0,4.035087719298246,19.0,0.625,21.625,19.0,1,expanding,losing_streak_fitness,expanding,rep_2,97,7
test,4,0,125287,125287,130699,7,14,2084,5.5,3,10,2,-1000.0,0,0.0,0.0,0.0,inf,0.0,0.0,0.0,0.0,0,expanding,losing_streak_fitness,expanding,rep_2,98,7
train,4,0,125287,125287,130699,7,14,2084,5.5,3,10,2,1384.0,16,346.0,460.0,114.0,4.035087719298246,19.0,0.625,21.625,19.0,1,expanding,losing_streak_fitness,expanding,rep_2,98,7
test,4,0,125287,125287,130699,7,14,2084,5.5,3,10,2,-1000.0,0,0.0,0.0,0.0,inf,0.0,0.0,0.0,0.0,0,expanding,losing_streak_fitness,expanding,rep_2,99,7
train,4,0,125287,125287,130699,7,14,2084,5.5,3,10,2,1384.0,16,346.0,460.0,114.0,4.035087719298246,19.0,0.625,21.625,19.0,1,expanding,losing_streak_fitness,expanding,rep_2,99,7
test,4,0,125287,125287,130699,7,14,2084,5.5,3,10,2,-1000.0,0,0.0,0.0,0.0,inf,0.0,0.0,0.0,0.0,0,expanding,losing_streak_fitness,expanding,rep_2,100,7
train,4,0,125287,125287,130699,7,14,2084,5.5,3,10,2,1384.0,16,346.0,460.0,114.0,4.035087719298246,19.0,0.625,21.625,19.0,1,expanding,losing_streak_fitness,expanding,rep_2,100,7
test,1,0,22406,22406,53560,0,5,1899,9.5,4,7,2,-54.86857023834318,24,-56.0,248.0,304.0,0.8157894736842105,123.0,0.3333333333333333,-2.333333333333333,19.0,5,expanding,losing_streak_fitness,expanding,rep_3,0,0
train,1,0,22406,22406,53560,0,5,1899,9.5,4,7,2,-15.75,9,-21.0,93.0,114.0,0.8157894736842105,83.0,0.3333333333333333,-2.333333333333333,19.0,4,expanding,losing_streak_fitness,expanding,rep_3,0,0
test,1,0,22406,22406,53560,1,6,3178,8.75,4,7,2,-135.52664764621835,29,-151.0,248.0,399.0,0.6215538847117794,163.0,0.2758620689655172,-5.206896551724138,19.0,6,expanding,losing_streak_fitness,expanding,rep_3,1,1
train,1,0,22406,22406,53560,1,6,3178,8.75,4,7,2,-7.462405778299649,11,-9.0,124.0,133.0,0.9323308270676692,83.0,0.3636363636363636,-0.8181818181818182,19.0,4,expanding,losing_streak_fitness,expanding,rep_3,1,1
test,1,0,22406,22406,53560,2,7,200,10.0,3,4,12,-193.7925580499818,5,-260.0,16.0,276.0,0.0579710144927536,260.0,0.2,-52.0,69.0,3,expanding,losing_streak_fitness,expanding,rep_3,2,2
train,1,0,22406,22406,53560,2,7,200,10.0,3,4,12,26.94438717061496,6,11.0,80.0,69.0,1.1594202898550725,69.0,0.8333333333333334,1.8333333333333333,69.0,1,expanding,losing_streak_fitness,expanding,rep_3,2,2
test,1,0,22406,22406,53560,3,7,200,10.0,3,4,2,-44.7213595499958,5,-60.0,16.0,76.0,0.2105263157894736,60.0,0.2,-12.0,19.0,3,expanding,losing_streak_fitness,expanding,rep_3,3,3
train,1,0,22406,22406,53560,3,7,200,10.0,3,4,2,31.843366656181317,6,26.0,64.0,38.0,1.6842105263157894,38.0,0.6666666666666666,4.333333333333333,19.0,2,expanding,losing_streak_fitness,expanding,rep_3,3,3
test,1,0,22406,22406,53560,4,7,200,8.0,3,4,2,-38.141185089087095,11,-69.0,64.0,133.0,0.4812030075187969,117.0,0.3636363636363636,-6.2727272727272725,19.0,6,expanding,losing_streak_fitness,expanding,rep_3,4,4
train,1,0,22406,22406,53560,4,7,200,8.0,3,4,2,59.69924622639719,11,36.0,112.0,76.0,1.4736842105263157,41.0,0.6363636363636364,3.272727272727273,19.0,2,expanding,losing_streak_fitness,expanding,rep_3,4,4
test,1,0,22406,22406,53560,5,6,200,7.25,4,25,3,-50.17725525020719,13,-167.0,121.0,288.0,0.4201388888888889,288.0,0.0769230769230769,-12.846153846153848,24.0,12,expanding,losing_streak_fitness,expanding,rep_3,5,5
train,1,0,22406,22406,53560,5,6,200,7.25,4,25,3,64.55633198997602,7,122.0,242.0,120.0,2.0166666666666666,120.0,0.2857142857142857,17.428571428571427,24.0,5,expanding,losing_streak_fitness,expanding,rep_3,5,5
test,1,0,22406,22406,53560,6,6,200,8.0,3,20,2,-39.66106403010388,13,-132.0,96.0,228.0,0.4210526315789473,228.0,0.0769230769230769,-10.153846153846152,19.0,12,expanding,losing_streak_fitness,expanding,rep_3,6,6
train,1,0,22406,22406,53560,6,6,200,8.0,3,20,2,109.17728701520296,8,193.0,288.0,95.0,3.031578947368421,95.0,0.375,24.125,19.0,5,expanding,losing_streak_fitness,expanding,rep_3,6,6
test,1,0,22406,22406,53560,7,7,669,6.0,4,3,2,-224.0379432149831,33,-117.0,187.0,304.0,0.6151315789473685,161.0,0.5151515151515151,-3.5454545454545454,19.0,3,expanding,losing_streak_fitness,expanding,rep_3,7,7
train,1,0,22406,22406,53560,7,7,669,6.0,4,3,2,145.4922678357857,12,42.0,99.0,57.0,1.736842105263158,19.0,0.75,3.5,19.0,1,expanding,losing_streak_fitness,expanding,rep_3,7,7
test,1,0,22406,22406,53560,7,7,669,6.0,4,3,2,-224.0379432149831,33,-117.0,187.0,304.0,0.6151315789473685,161.0,0.5151515151515151,-3.5454545454545454,19.0,3,expanding,losing_streak_fitness,expanding,rep_3,8,7
train,1,0,22406,22406,53560,7,7,669,6.0,4,3,2,145.4922678357857,12,42.0,99.0,57.0,1.736842105263158,19.0,0.75,3.5,19.0,1,expanding,losing_streak_fitness,expanding,rep_3,8,7
test,1,0,22406,22406,53560,7,7,669,6.0,4,3,2,-224.0379432149831,33,-117.0,187.0,304.0,0.6151315789473685,161.0,0.5151515151515151,-3.5454545454545454,19.0,3,expanding,losing_streak_fitness,expanding,rep_3,9,7
train,1,0,22406,22406,53560,7,7,669,6.0,4,3,2,145.4922678357857,12,42.0,99.0,57.0,1.736842105263158,19.0,0.75,3.5,19.0,1,expanding,losing_streak_fitness,expanding,rep_3,9,7
test,1,0,22406,22406,53560,7,7,669,6.0,4,3,2,-224.0379432149831,33,-117.0,187.0,304.0,0.6151315789473685,161.0,0.5151515151515151,-3.5454545454545454,19.0,3,expanding,losing_streak_fitness,expanding,rep_3,10,7
train,1,0,22406,22406,53560,7,7,669,6.0,4,3,2,145.4922678357857,12,42.0,99.0,57.0,1.736842105263158,19.0,0.75,3.5,19.0,1,expanding,losing_streak_fitness,expanding,rep_3,10,7
test,1,0,22406,22406,53560,11,6,188,8.0,3,21,2,-34.01117949407977,12,-108.0,101.0,209.0,0.4832535885167464,209.0,0.0833333333333333,-9.0,19.0,11,expanding,losing_streak_fitness,expanding,rep_3,11,11
train,1,0,22406,22406,53560,11,6,188,8.0,3,21,2,150.1463869029155,7,227.0,303.0,76.0,3.986842105263158,76.0,0.4285714285714285,32.42857142857143,19.0,4,expanding,losing_streak_fitness,expanding,rep_3,11,11
test,1,0,22406,22406,53560,11,6,188,8.0,3,21,2,-34.01117949407977,12,-108.0,101.0,209.0,0.4832535885167464,209.0,0.0833333333333333,-9.0,19.0,11,expanding,losing_streak_fitness,expanding,rep_3,12,11
train,1,0,22406,22406,53560,11,6,188,8.0,3,21,2,150.1463869029155,7,227.0,303.0,76.0,3.986842105263158,76.0,0.4285714285714285,32.42857142857143,19.0,4,expanding,losing_streak_fitness,expanding,rep_3,12,11
test,1,0,22406,22406,53560,11,6,188,8.0,3,21,2,-34.01117949407977,12,-108.0,101.0,209.0,0.4832535885167464,209.0,0.0833333333333333,-9.0,19.0,11,expanding,losing_streak_fitness,expanding,rep_3,13,11
train,1,0,22406,22406,53560,11,6,188,8.0,3,21,2,150.1463869029155,7,227.0,303.0,76.0,3.986842105263158,76.0,0.4285714285714285,32.42857142857143,19.0,4,expanding,losing_streak_fitness,expanding,rep_3,13,11
test,1,0,22406,22406,53560,11,6,188,8.0,3,21,2,-34.01117949407977,12,-108.0,101.0,209.0,0.4832535885167464,209.0,0.0833333333333333,-9.0,19.0,11,expanding,losing_streak_fitness,expanding,rep_3,14,11
train,1,0,22406,22406,53560,11,6,188,8.0,3,21,2,150.1463869029155,7,227.0,303.0,76.0,3.986842105263158,76.0,0.4285714285714285,32.42857142857143,19.0,4,expanding,losing_streak_fitness,expanding,rep_3,14,11
test,1,0,22406,22406,53560,11,6,188,8.0,3,21,2,-34.01117949407977,12,-108.0,101.0,209.0,0.4832535885167464,209.0,0.0833333333333333,-9.0,19.0,11,expanding,losing_streak_fitness,expanding,rep_3,15,11
train,1,0,22406,22406,53560,11,6,188,8.0,3,21,2,150.1463869029155,7,227.0,303.0,76.0,3.986842105263158,76.0,0.4285714285714285,32.42857142857143,19.0,4,expanding,losing_streak_fitness,expanding,rep_3,15,11
test,1,0,22406,22406,53560,11,6,188,8.0,3,21,2,-34.01117949407977,12,-108.0,101.0,209.0,0.4832535885167464,209.0,0.0833333333333333,-9.0,19.0,11,expanding,losing_streak_fitness,expanding,rep_3,16,11
train,1,0,22406,22406,53560,11,6,188,8.0,3,21,2,150.1463869029155,7,227.0,303.0,76.0,3.986842105263158,76.0,0.4285714285714285,32.42857142857143,19.0,4,expanding,losing_streak_fitness,expanding,rep_3,16,11
test,1,0,22406,22406,53560,11,6,188,8.0,3,21,2,-34.01117949407977,12,-108.0,101.0,209.0,0.4832535885167464,209.0,0.0833333333333333,-9.0,19.0,11,expanding,losing_streak_fitness,expanding,rep_3,17,11
train,1,0,22406,22406,53560,11,6,188,8.0,3,21,2,150.1463869029155,7,227.0,303.0,76.0,3.986842105263158,76.0,0.4285714285714285,32.42857142857143,19.0,4,expanding,losing_streak_fitness,expanding,rep_3,17,11
test,1,0,22406,22406,53560,11,6,188,8.0,3,21,2,-34.01117949407977,12,-108.0,101.0,209.0,0.4832535885167464,209.0,0.0833333333333333,-9.0,19.0,11,expanding,losing_streak_fitness,expanding,rep_3,18,11
train,1,0,22406,22406,53560,11,6,188,8.0,3,21,2,150.1463869029155,7,227.0,303.0,76.0,3.986842105263158,76.0,0.4285714285714285,32.42857142857143,19.0,4,expanding,losing_streak_fitness,expanding,rep_3,18,11
test,1,0,22406,22406,53560,11,6,188,8.0,3,21,2,-34.01117949407977,12,-108.0,101.0,209.0,0.4832535885167464,209.0,0.0833333333333333,-9.0,19.0,11,expanding,losing_streak_fitness,expanding,rep_3,19,11
train,1,0,22406,22406,53560,11,6,188,8.0,3,21,2,150.1463869029155,7,227.0,303.0,76.0,3.986842105263158,76.0,0.4285714285714285,32.42857142857143,19.0,4,expanding,losing_streak_fitness,expanding,rep_3,19,11
test,1,0,22406,22406,53560,11,6,188,8.0,3,21,2,-34.01117949407977,12,-108.0,101.0,209.0,0.4832535885167464,209.0,0.0833333333333333,-9.0,19.0,11,expanding,losing_streak_fitness,expanding,rep_3,20,11
train,1,0,22406,22406,53560,11,6,188,8.0,3,21,2,150.1463869029155,7,227.0,303.0,76.0,3.986842105263158,76.0,0.4285714285714285,32.42857142857143,19.0,4,expanding,losing_streak_fitness,expanding,rep_3,20,11
test,1,0,22406,22406,53560,11,6,188,8.0,3,21,2,-34.01117949407977,12,-108.0,101.0,209.0,0.4832535885167464,209.0,0.0833333333333333,-9.0,19.0,11,expanding,losing_streak_fitness,expanding,rep_3,21,11
train,1,0,22406,22406,53560,11,6,188,8.0,3,21,2,150.1463869029155,7,227.0,303.0,76.0,3.986842105263158,76.0,0.4285714285714285,32.42857142857143,19.0,4,expanding,losing_streak_fitness,expanding,rep_3,21,11
test,1,0,22406,22406,53560,11,6,188,8.0,3,21,2,-34.01117949407977,12,-108.0,101.0,209.0,0.4832535885167464,209.0,0.0833333333333333,-9.0,19.0,11,expanding,losing_streak_fitness,expanding,rep_3,22,11
train,1,0,22406,22406,53560,11,6,188,8.0,3,21,2,150.1463869029155,7,227.0,303.0,76.0,3.986842105263158,76.0,0.4285714285714285,32.42857142857143,19.0,4,expanding,losing_streak_fitness,expanding,rep_3,22,11
test,1,0,22406,22406,53560,11,6,188,8.0,3,21,2,-34.01117949407977,12,-108.0,101.0,209.0,0.4832535885167464,209.0,0.0833333333333333,-9.0,19.0,11,expanding,losing_streak_fitness,expanding,rep_3,23,11
train,1,0,22406,22406,53560,11,6,188,8.0,3,21,2,150.1463869029155,7,227.0,303.0,76.0,3.986842105263158,76.0,0.4285714285714285,32.42857142857143,19.0,4,expanding,losing_streak_fitness,expanding,rep_3,23,11
test,1,0,22406,22406,53560,11,6,188,8.0,3,21,2,-34.01117949407977,12,-108.0,101.0,209.0,0.4832535885167464,209.0,0.0833333333333333,-9.0,19.0,11,expanding,losing_streak_fitness,expanding,rep_3,24,11
train,1,0,22406,22406,53560,11,6,188,8.0,3,21,2,150.1463869029155,7,227.0,303.0,76.0,3.986842105263158,76.0,0.4285714285714285,32.42857142857143,19.0,4,expanding,losing_streak_fitness,expanding,rep_3,24,11
test,1,0,22406,22406,53560,11,6,188,8.0,3,21,2,-34.01117949407977,12,-108.0,101.0,209.0,0.4832535885167464,209.0,0.0833333333333333,-9.0,19.0,11,expanding,losing_streak_fitness,expanding,rep_3,25,11
train,1,0,22406,22406,53560,11,6,188,8.0,3,21,2,150.1463869029155,7,227.0,303.0,76.0,3.986842105263158,76.0,0.4285714285714285,32.42857142857143,19.0,4,expanding,losing_streak_fitness,expanding,rep_3,25,11
test,1,0,22406,22406,53560,11,6,188,8.0,3,21,2,-34.01117949407977,12,-108.0,101.0,209.0,0.4832535885167464,209.0,0.0833333333333333,-9.0,19.0,11,expanding,losing_streak_fitness,expanding,rep_3,26,11
train,1,0,22406,22406,53560,11,6,188,8.0,3,21,2,150.1463869029155,7,227.0,303.0,76.0,3.986842105263158,76.0,0.4285714285714285,32.42857142857143,19.0,4,expanding,losing_streak_fitness,expanding,rep_3,26,11
test,1,0,22406,22406,53560,11,6,188,8.0,3,21,2,-34.01117949407977,12,-108.0,101.0,209.0,0.4832535885167464,209.0,0.0833333333333333,-9.0,19.0,11,expanding,losing_streak_fitness,expanding,rep_3,27,11
train,1,0,22406,22406,53560,11,6,188,8.0,3,21,2,150.1463869029155,7,227.0,303.0,76.0,3.986842105263158,76.0,0.4285714285714285,32.42857142857143,19.0,4,expanding,losing_streak_fitness,expanding,rep_3,27,11
test,1,0,22406,22406,53560,11,6,188,8.0,3,21,2,-34.01117949407977,12,-108.0,101.0,209.0,0.4832535885167464,209.0,0.0833333333333333,-9.0,19.0,11,expanding,losing_streak_fitness,expanding,rep_3,28,11
train,1,0,22406,22406,53560,11,6,188,8.0,3,21,2,150.1463869029155,7,227.0,303.0,76.0,3.986842105263158,76.0,0.4285714285714285,32.42857142857143,19.0,4,expanding,losing_streak_fitness,expanding,rep_3,28,11
test,1,0,22406,22406,53560,11,6,188,8.0,3,21,2,-34.01117949407977,12,-108.0,101.0,209.0,0.4832535885167464,209.0,0.0833333333333333,-9.0,19.0,11,expanding,losing_streak_fitness,expanding,rep_3,29,11
train,1,0,22406,22406,53560,11,6,188,8.0,3,21,2,150.1463869029155,7,227.0,303.0,76.0,3.986842105263158,76.0,0.4285714285714285,32.42857142857143,19.0,4,expanding,losing_streak_fitness,expanding,rep_3,29,11
test,1,0,22406,22406,53560,11,6,188,8.0,3,21,2,-34.01117949407977,12,-108.0,101.0,209.0,0.4832535885167464,209.0,0.0833333333333333,-9.0,19.0,11,expanding,losing_streak_fitness,expanding,rep_3,30,11
train,1,0,22406,22406,53560,11,6,188,8.0,3,21,2,150.1463869029155,7,227.0,303.0,76.0,3.986842105263158,76.0,0.4285714285714285,32.42857142857143,19.0,4,expanding,losing_streak_fitness,expanding,rep_3,30,11
test,1,0,22406,22406,53560,11,6,188,8.0,3,21,2,-34.01117949407977,12,-108.0,101.0,209.0,0.4832535885167464,209.0,0.0833333333333333,-9.0,19.0,11,expanding,losing_streak_fitness,expanding,rep_3,31,11
train,1,0,22406,22406,53560,11,6,188,8.0,3,21,2,150.1463869029155,7,227.0,303.0,76.0,3.986842105263158,76.0,0.4285714285714285,32.42857142857143,19.0,4,expanding,losing_streak_fitness,expanding,rep_3,31,11
test,1,0,22406,22406,53560,11,6,188,8.0,3,21,2,-34.01117949407977,12,-108.0,101.0,209.0,0.4832535885167464,209.0,0.0833333333333333,-9.0,19.0,11,expanding,losing_streak_fitness,expanding,rep_3,32,11
train,1,0,22406,22406,53560,11,6,188,8.0,3,21,2,150.1463869029155,7,227.0,303.0,76.0,3.986842105263158,76.0,0.4285714285714285,32.42857142857143,19.0,4,expanding,losing_streak_fitness,expanding,rep_3,32,11
test,1,0,22406,22406,53560,11,6,188,8.0,3,21,2,-34.01117949407977,12,-108.0,101.0,209.0,0.4832535885167464,209.0,0.0833333333333333,-9.0,19.0,11,expanding,losing_streak_fitness,expanding,rep_3,33,11
train,1,0,22406,22406,53560,11,6,188,8.0,3,21,2,150.1463869029155,7,227.0,303.0,76.0,3.986842105263158,76.0,0.4285714285714285,32.42857142857143,19.0,4,expanding,losing_streak_fitness,expanding,rep_3,33,11
test,1,0,22406,22406,53560,11,6,188,8.0,3,21,2,-34.01117949407977,12,-108.0,101.0,209.0,0.4832535885167464,209.0,0.0833333333333333,-9.0,19.0,11,expanding,losing_streak_fitness,expanding,rep_3,34,11
train,1,0,22406,22406,53560,11,6,188,8.0,3,21,2,150.1463869029155,7,227.0,303.0,76.0,3.986842105263158,76.0,0.4285714285714285,32.42857142857143,19.0,4,expanding,losing_streak_fitness,expanding,rep_3,34,11
test,1,0,22406,22406,53560,11,6,188,8.0,3,21,2,-34.01117949407977,12,-108.0,101.0,209.0,0.4832535885167464,209.0,0.0833333333333333,-9.0,19.0,11,expanding,losing_streak_fitness,expanding,rep_3,35,11
train,1,0,22406,22406,53560,11,6,188,8.0,3,21,2,150.1463869029155,7,227.0,303.0,76.0,3.986842105263158,76.0,0.4285714285714285,32.42857142857143,19.0,4,expanding,losing_streak_fitness,expanding,rep_3,35,11
test,1,0,22406,22406,53560,11,6,188,8.0,3,21,2,-34.01117949407977,12,-108.0,101.0,209.0,0.4832535885167464,209.0,0.0833333333333333,-9.0,19.0,11,expanding,losing_streak_fitness,expanding,rep_3,36,11
train,1,0,22406,22406,53560,11,6,188,8.0,3,21,2,150.1463869029155,7,227.0,303.0,76.0,3.986842105263158,76.0,0.4285714285714285,32.42857142857143,19.0,4,expanding,losing_streak_fitness,expanding,rep_3,36,11
test,1,0,22406,22406,53560,11,6,188,8.0,3,21,2,-34.01117949407977,12,-108.0,101.0,209.0,0.4832535885167464,209.0,0.0833333333333333,-9.0,19.0,11,expanding,losing_streak_fitness,expanding,rep_3,37,11
train,1,0,22406,22406,53560,11,6,188,8.0,3,21,2,150.1463869029155,7,227.0,303.0,76.0,3.986842105263158,76.0,0.4285714285714285,32.42857142857143,19.0,4,expanding,losing_streak_fitness,expanding,rep_3,37,11
test,1,0,22406,22406,53560,11,6,188,8.0,3,21,2,-34.01117949407977,12,-108.0,101.0,209.0,0.4832535885167464,209.0,0.0833333333333333,-9.0,19.0,11,expanding,losing_streak_fitness,expanding,rep_3,38,11
train,1,0,22406,22406,53560,11,6,188,8.0,3,21,2,150.1463869029155,7,227.0,303.0,76.0,3.986842105263158,76.0,0.4285714285714285,32.42857142857143,19.0,4,expanding,losing_streak_fitness,expanding,rep_3,38,11
test,1,0,22406,22406,53560,11,6,188,8.0,3,21,2,-34.01117949407977,12,-108.0,101.0,209.0,0.4832535885167464,209.0,0.0833333333333333,-9.0,19.0,11,expanding,losing_streak_fitness,expanding,rep_3,39,11
train,1,0,22406,22406,53560,11,6,188,8.0,3,21,2,150.1463869029155,7,227.0,303.0,76.0,3.986842105263158,76.0,0.4285714285714285,32.42857142857143,19.0,4,expanding,losing_streak_fitness,expanding,rep_3,39,11
test,1,0,22406,22406,53560,11,6,188,8.0,3,21,2,-34.01117949407977,12,-108.0,101.0,209.0,0.4832535885167464,209.0,0.0833333333333333,-9.0,19.0,11,expanding,losing_streak_fitness,expanding,rep_3,40,11
train,1,0,22406,22406,53560,11,6,188,8.0,3,21,2,150.1463869029155,7,227.0,303.0,76.0,3.986842105263158,76.0,0.4285714285714285,32.42857142857143,19.0,4,expanding,losing_streak_fitness,expanding,rep_3,40,11
test,1,0,22406,22406,53560,11,6,188,8.0,3,21,2,-34.01117949407977,12,-108.0,101.0,209.0,0.4832535885167464,209.0,0.0833333333333333,-9.0,19.0,11,expanding,losing_streak_fitness,expanding,rep_3,41,11
train,1,0,22406,22406,53560,11,6,188,8.0,3,21,2,150.1463869029155,7,227.0,303.0,76.0,3.986842105263158,76.0,0.4285714285714285,32.42857142857143,19.0,4,expanding,losing_streak_fitness,expanding,rep_3,41,11
test,1,0,22406,22406,53560,11,6,188,8.0,3,21,2,-34.01117949407977,12,-108.0,101.0,209.0,0.4832535885167464,209.0,0.0833333333333333,-9.0,19.0,11,expanding,losing_streak_fitness,expanding,rep_3,42,11
train,1,0,22406,22406,53560,11,6,188,8.0,3,21,2,150.1463869029155,7,227.0,303.0,76.0,3.986842105263158,76.0,0.4285714285714285,32.42857142857143,19.0,4,expanding,losing_streak_fitness,expanding,rep_3,42,11
test,1,0,22406,22406,53560,11,6,188,8.0,3,21,2,-34.01117949407977,12,-108.0,101.0,209.0,0.4832535885167464,209.0,0.0833333333333333,-9.0,19.0,11,expanding,losing_streak_fitness,expanding,rep_3,43,11
train,1,0,22406,22406,53560,11,6,188,8.0,3,21,2,150.1463869029155,7,227.0,303.0,76.0,3.986842105263158,76.0,0.4285714285714285,32.42857142857143,19.0,4,expanding,losing_streak_fitness,expanding,rep_3,43,11
test,1,0,22406,22406,53560,11,6,188,8.0,3,21,2,-34.01117949407977,12,-108.0,101.0,209.0,0.4832535885167464,209.0,0.0833333333333333,-9.0,19.0,11,expanding,losing_streak_fitness,expanding,rep_3,44,11
train,1,0,22406,22406,53560,11,6,188,8.0,3,21,2,150.1463869029155,7,227.0,303.0,76.0,3.986842105263158,76.0,0.4285714285714285,32.42857142857143,19.0,4,expanding,losing_streak_fitness,expanding,rep_3,44,11
test,1,0,22406,22406,53560,11,6,188,8.0,3,21,2,-34.01117949407977,12,-108.0,101.0,209.0,0.4832535885167464,209.0,0.0833333333333333,-9.0,19.0,11,expanding,losing_streak_fitness,expanding,rep_3,45,11
train,1,0,22406,22406,53560,11,6,188,8.0,3,21,2,150.1463869029155,7,227.0,303.0,76.0,3.986842105263158,76.0,0.4285714285714285,32.42857142857143,19.0,4,expanding,losing_streak_fitness,expanding,rep_3,45,11
test,1,0,22406,22406,53560,11,6,188,8.0,3,21,2,-34.01117949407977,12,-108.0,101.0,209.0,0.4832535885167464,209.0,0.0833333333333333,-9.0,19.0,11,expanding,losing_streak_fitness,expanding,rep_3,46,11
train,1,0,22406,22406,53560,11,6,188,8.0,3,21,2,150.1463869029155,7,227.0,303.0,76.0,3.986842105263158,76.0,0.4285714285714285,32.42857142857143,19.0,4,expanding,losing_streak_fitness,expanding,rep_3,46,11
test,1,0,22406,22406,53560,11,6,188,8.0,3,21,2,-34.01117949407977,12,-108.0,101.0,209.0,0.4832535885167464,209.0,0.0833333333333333,-9.0,19.0,11,expanding,losing_streak_fitness,expanding,rep_3,47,11
train,1,0,22406,22406,53560,11,6,188,8.0,3,21,2,150.1463869029155,7,227.0,303.0,76.0,3.986842105263158,76.0,0.4285714285714285,32.42857142857143,19.0,4,expanding,losing_streak_fitness,expanding,rep_3,47,11
test,1,0,22406,22406,53560,11,6,188,8.0,3,21,2,-34.01117949407977,12,-108.0,101.0,209.0,0.4832535885167464,209.0,0.0833333333333333,-9.0,19.0,11,expanding,losing_streak_fitness,expanding,rep_3,48,11
train,1,0,22406,22406,53560,11,6,188,8.0,3,21,2,150.1463869029155,7,227.0,303.0,76.0,3.986842105263158,76.0,0.4285714285714285,32.42857142857143,19.0,4,expanding,losing_streak_fitness,expanding,rep_3,48,11
test,1,0,22406,22406,53560,11,6,188,8.0,3,21,2,-34.01117949407977,12,-108.0,101.0,209.0,0.4832535885167464,209.0,0.0833333333333333,-9.0,19.0,11,expanding,losing_streak_fitness,expanding,rep_3,49,11
train,1,0,22406,22406,53560,11,6,188,8.0,3,21,2,150.1463869029155,7,227.0,303.0,76.0,3.986842105263158,76.0,0.4285714285714285,32.42857142857143,19.0,4,expanding,losing_streak_fitness,expanding,rep_3,49,11
test,1,0,22406,22406,53560,11,6,188,8.0,3,21,2,-34.01117949407977,12,-108.0,101.0,209.0,0.4832535885167464,209.0,0.0833333333333333,-9.0,19.0,11,expanding,losing_streak_fitness,expanding,rep_3,50,11
train,1,0,22406,22406,53560,11,6,188,8.0,3,21,2,150.1463869029155,7,227.0,303.0,76.0,3.986842105263158,76.0,0.4285714285714285,32.42857142857143,19.0,4,expanding,losing_streak_fitness,expanding,rep_3,50,11
test,1,0,22406,22406,53560,11,6,188,8.0,3,21,2,-34.01117949407977,12,-108.0,101.0,209.0,0.4832535885167464,209.0,0.0833333333333333,-9.0,19.0,11,expanding,losing_streak_fitness,expanding,rep_3,51,11
train,1,0,22406,22406,53560,11,6,188,8.0,3,21,2,150.1463869029155,7,227.0,303.0,76.0,3.986842105263158,76.0,0.4285714285714285,32.42857142857143,19.0,4,expanding,losing_streak_fitness,expanding,rep_3,51,11
test,1,0,22406,22406,53560,11,6,188,8.0,3,21,2,-34.01117949407977,12,-108.0,101.0,209.0,0.4832535885167464,209.0,0.0833333333333333,-9.0,19.0,11,expanding,losing_streak_fitness,expanding,rep_3,52,11
train,1,0,22406,22406,53560,11,6,188,8.0,3,21,2,150.1463869029155,7,227.0,303.0,76.0,3.986842105263158,76.0,0.4285714285714285,32.42857142857143,19.0,4,expanding,losing_streak_fitness,expanding,rep_3,52,11
test,1,0,22406,22406,53560,11,6,188,8.0,3,21,2,-34.01117949407977,12,-108.0,101.0,209.0,0.4832535885167464,209.0,0.0833333333333333,-9.0,19.0,11,expanding,losing_streak_fitness,expanding,rep_3,53,11
train,1,0,22406,22406,53560,11,6,188,8.0,3,21,2,150.1463869029155,7,227.0,303.0,76.0,3.986842105263158,76.0,0.4285714285714285,32.42857142857143,19.0,4,expanding,losing_streak_fitness,expanding,rep_3,53,11
test,1,0,22406,22406,53560,11,6,188,8.0,3,21,2,-34.01117949407977,12,-108.0,101.0,209.0,0.4832535885167464,209.0,0.0833333333333333,-9.0,19.0,11,expanding,losing_streak_fitness,expanding,rep_3,54,11
train,1,0,22406,22406,53560,11,6,188,8.0,3,21,2,150.1463869029155,7,227.0,303.0,76.0,3.986842105263158,76.0,0.4285714285714285,32.42857142857143,19.0,4,expanding,losing_streak_fitness,expanding,rep_3,54,11
test,1,0,22406,22406,53560,11,6,188,8.0,3,21,2,-34.01117949407977,12,-108.0,101.0,209.0,0.4832535885167464,209.0,0.0833333333333333,-9.0,19.0,11,expanding,losing_streak_fitness,expanding,rep_3,55,11
train,1,0,22406,22406,53560,11,6,188,8.0,3,21,2,150.1463869029155,7,227.0,303.0,76.0,3.986842105263158,76.0,0.4285714285714285,32.42857142857143,19.0,4,expanding,losing_streak_fitness,expanding,rep_3,55,11
test,1,0,22406,22406,53560,11,6,188,8.0,3,21,2,-34.01117949407977,12,-108.0,101.0,209.0,0.4832535885167464,209.0,0.0833333333333333,-9.0,19.0,11,expanding,losing_streak_fitness,expanding,rep_3,56,11
train,1,0,22406,22406,53560,11,6,188,8.0,3,21,2,150.1463869029155,7,227.0,303.0,76.0,3.986842105263158,76.0,0.4285714285714285,32.42857142857143,19.0,4,expanding,losing_streak_fitness,expanding,rep_3,56,11
test,1,0,22406,22406,53560,11,6,188,8.0,3,21,2,-34.01117949407977,12,-108.0,101.0,209.0,0.4832535885167464,209.0,0.0833333333333333,-9.0,19.0,11,expanding,losing_streak_fitness,expanding,rep_3,57,11
train,1,0,22406,22406,53560,11,6,188,8.0,3,21,2,150.1463869029155,7,227.0,303.0,76.0,3.986842105263158,76.0,0.4285714285714285,32.42857142857143,19.0,4,expanding,losing_streak_fitness,expanding,rep_3,57,11
test,1,0,22406,22406,53560,11,6,188,8.0,3,21,2,-34.01117949407977,12,-108.0,101.0,209.0,0.4832535885167464,209.0,0.0833333333333333,-9.0,19.0,11,expanding,losing_streak_fitness,expanding,rep_3,58,11
train,1,0,22406,22406,53560,11,6,188,8.0,3,21,2,150.1463869029155,7,227.0,303.0,76.0,3.986842105263158,76.0,0.4285714285714285,32.42857142857143,19.0,4,expanding,losing_streak_fitness,expanding,rep_3,58,11
test,1,0,22406,22406,53560,11,6,188,8.0,3,21,2,-34.01117949407977,12,-108.0,101.0,209.0,0.4832535885167464,209.0,0.0833333333333333,-9.0,19.0,11,expanding,losing_streak_fitness,expanding,rep_3,59,11
train,1,0,22406,22406,53560,11,6,188,8.0,3,21,2,150.1463869029155,7,227.0,303.0,76.0,3.986842105263158,76.0,0.4285714285714285,32.42857142857143,19.0,4,expanding,losing_streak_fitness,expanding,rep_3,59,11
test,1,0,22406,22406,53560,11,6,188,8.0,3,21,2,-34.01117949407977,12,-108.0,101.0,209.0,0.4832535885167464,209.0,0.0833333333333333,-9.0,19.0,11,expanding,losing_streak_fitness,expanding,rep_3,60,11
train,1,0,22406,22406,53560,11,6,188,8.0,3,21,2,150.1463869029155,7,227.0,303.0,76.0,3.986842105263158,76.0,0.4285714285714285,32.42857142857143,19.0,4,expanding,losing_streak_fitness,expanding,rep_3,60,11
test,1,0,22406,22406,53560,11,6,188,8.0,3,21,2,-34.01117949407977,12,-108.0,101.0,209.0,0.4832535885167464,209.0,0.0833333333333333,-9.0,19.0,11,expanding,losing_streak_fitness,expanding,rep_3,61,11
train,1,0,22406,22406,53560,11,6,188,8.0,3,21,2,150.1463869029155,7,227.0,303.0,76.0,3.986842105263158,76.0,0.4285714285714285,32.42857142857143,19.0,4,expanding,losing_streak_fitness,expanding,rep_3,61,11
test,1,0,22406,22406,53560,11,6,188,8.0,3,21,2,-34.01117949407977,12,-108.0,101.0,209.0,0.4832535885167464,209.0,0.0833333333333333,-9.0,19.0,11,expanding,losing_streak_fitness,expanding,rep_3,62,11
train,1,0,22406,22406,53560,11,6,188,8.0,3,21,2,150.1463869029155,7,227.0,303.0,76.0,3.986842105263158,76.0,0.4285714285714285,32.42857142857143,19.0,4,expanding,losing_streak_fitness,expanding,rep_3,62,11
test,1,0,22406,22406,53560,11,6,188,8.0,3,21,2,-34.01117949407977,12,-108.0,101.0,209.0,0.4832535885167464,209.0,0.0833333333333333,-9.0,19.0,11,expanding,losing_streak_fitness,expanding,rep_3,63,11
train,1,0,22406,22406,53560,11,6,188,8.0,3,21,2,150.1463869029155,7,227.0,303.0,76.0,3.986842105263158,76.0,0.4285714285714285,32.42857142857143,19.0,4,expanding,losing_streak_fitness,expanding,rep_3,63,11
test,1,0,22406,22406,53560,11,6,188,8.0,3,21,2,-34.01117949407977,12,-108.0,101.0,209.0,0.4832535885167464,209.0,0.0833333333333333,-9.0,19.0,11,expanding,losing_streak_fitness,expanding,rep_3,64,11
train,1,0,22406,22406,53560,11,6,188,8.0,3,21,2,150.1463869029155,7,227.0,303.0,76.0,3.986842105263158,76.0,0.4285714285714285,32.42857142857143,19.0,4,expanding,losing_streak_fitness,expanding,rep_3,64,11
test,1,0,22406,22406,53560,11,6,188,8.0,3,21,2,-34.01117949407977,12,-108.0,101.0,209.0,0.4832535885167464,209.0,0.0833333333333333,-9.0,19.0,11,expanding,losing_streak_fitness,expanding,rep_3,65,11
train,1,0,22406,22406,53560,11,6,188,8.0,3,21,2,150.1463869029155,7,227.0,303.0,76.0,3.986842105263158,76.0,0.4285714285714285,32.42857142857143,19.0,4,expanding,losing_streak_fitness,expanding,rep_3,65,11
test,1,0,22406,22406,53560,11,6,188,8.0,3,21,2,-34.01117949407977,12,-108.0,101.0,209.0,0.4832535885167464,209.0,0.0833333333333333,-9.0,19.0,11,expanding,losing_streak_fitness,expanding,rep_3,66,11
train,1,0,22406,22406,53560,11,6,188,8.0,3,21,2,150.1463869029155,7,227.0,303.0,76.0,3.986842105263158,76.0,0.4285714285714285,32.42857142857143,19.0,4,expanding,losing_streak_fitness,expanding,rep_3,66,11
test,1,0,22406,22406,53560,11,6,188,8.0,3,21,2,-34.01117949407977,12,-108.0,101.0,209.0,0.4832535885167464,209.0,0.0833333333333333,-9.0,19.0,11,expanding,losing_streak_fitness,expanding,rep_3,67,11
train,1,0,22406,22406,53560,11,6,188,8.0,3,21,2,150.1463869029155,7,227.0,303.0,76.0,3.986842105263158,76.0,0.4285714285714285,32.42857142857143,19.0,4,expanding,losing_streak_fitness,expanding,rep_3,67,11
test,1,0,22406,22406,53560,11,6,188,8.0,3,21,2,-34.01117949407977,12,-108.0,101.0,209.0,0.4832535885167464,209.0,0.0833333333333333,-9.0,19.0,11,expanding,losing_streak_fitness,expanding,rep_3,68,11
train,1,0,22406,22406,53560,11,6,188,8.0,3,21,2,150.1463869029155,7,227.0,303.0,76.0,3.986842105263158,76.0,0.4285714285714285,32.42857142857143,19.0,4,expanding,losing_streak_fitness,expanding,rep_3,68,11
test,1,0,22406,22406,53560,11,6,188,8.0,3,21,2,-34.01117949407977,12,-108.0,101.0,209.0,0.4832535885167464,209.0,0.0833333333333333,-9.0,19.0,11,expanding,losing_streak_fitness,expanding,rep_3,69,11
train,1,0,22406,22406,53560,11,6,188,8.0,3,21,2,150.1463869029155,7,227.0,303.0,76.0,3.986842105263158,76.0,0.4285714285714285,32.42857142857143,19.0,4,expanding,losing_streak_fitness,expanding,rep_3,69,11
test,1,0,22406,22406,53560,11,6,188,8.0,3,21,2,-34.01117949407977,12,-108.0,101.0,209.0,0.4832535885167464,209.0,0.0833333333333333,-9.0,19.0,11,expanding,losing_streak_fitness,expanding,rep_3,70,11
train,1,0,22406,22406,53560,11,6,188,8.0,3,21,2,150.1463869029155,7,227.0,303.0,76.0,3.986842105263158,76.0,0.4285714285714285,32.42857142857143,19.0,4,expanding,losing_streak_fitness,expanding,rep_3,70,11
test,1,0,22406,22406,53560,11,6,188,8.0,3,21,2,-34.01117949407977,12,-108.0,101.0,209.0,0.4832535885167464,209.0,0.0833333333333333,-9.0,19.0,11,expanding,losing_streak_fitness,expanding,rep_3,71,11
train,1,0,22406,22406,53560,11,6,188,8.0,3,21,2,150.1463869029155,7,227.0,303.0,76.0,3.986842105263158,76.0,0.4285714285714285,32.42857142857143,19.0,4,expanding,losing_streak_fitness,expanding,rep_3,71,11
test,1,0,22406,22406,53560,11,6,188,8.0,3,21,2,-34.01117949407977,12,-108.0,101.0,209.0,0.4832535885167464,209.0,0.0833333333333333,-9.0,19.0,11,expanding,losing_streak_fitness,expanding,rep_3,72,11
train,1,0,22406,22406,53560,11,6,188,8.0,3,21,2,150.1463869029155,7,227.0,303.0,76.0,3.986842105263158,76.0,0.4285714285714285,32.42857142857143,19.0,4,expanding,losing_streak_fitness,expanding,rep_3,72,11
test,1,0,22406,22406,53560,11,6,188,8.0,3,21,2,-34.01117949407977,12,-108.0,101.0,209.0,0.4832535885167464,209.0,0.0833333333333333,-9.0,19.0,11,expanding,losing_streak_fitness,expanding,rep_3,73,11
train,1,0,22406,22406,53560,11,6,188,8.0,3,21,2,150.1463869029155,7,227.0,303.0,76.0,3.986842105263158,76.0,0.4285714285714285,32.42857142857143,19.0,4,expanding,losing_streak_fitness,expanding,rep_3,73,11
test,1,0,22406,22406,53560,11,6,188,8.0,3,21,2,-34.01117949407977,12,-108.0,101.0,209.0,0.4832535885167464,209.0,0.0833333333333333,-9.0,19.0,11,expanding,losing_streak_fitness,expanding,rep_3,74,11
train,1,0,22406,22406,53560,11,6,188,8.0,3,21,2,150.1463869029155,7,227.0,303.0,76.0,3.986842105263158,76.0,0.4285714285714285,32.42857142857143,19.0,4,expanding,losing_streak_fitness,expanding,rep_3,74,11
test,1,0,22406,22406,53560,11,6,188,8.0,3,21,2,-34.01117949407977,12,-108.0,101.0,209.0,0.4832535885167464,209.0,0.0833333333333333,-9.0,19.0,11,expanding,losing_streak_fitness,expanding,rep_3,75,11
train,1,0,22406,22406,53560,11,6,188,8.0,3,21,2,150.1463869029155,7,227.0,303.0,76.0,3.986842105263158,76.0,0.4285714285714285,32.42857142857143,19.0,4,expanding,losing_streak_fitness,expanding,rep_3,75,11
test,1,0,22406,22406,53560,11,6,188,8.0,3,21,2,-34.01117949407977,12,-108.0,101.0,209.0,0.4832535885167464,209.0,0.0833333333333333,-9.0,19.0,11,expanding,losing_streak_fitness,expanding,rep_3,76,11
train,1,0,22406,22406,53560,11,6,188,8.0,3,21,2,150.1463869029155,7,227.0,303.0,76.0,3.986842105263158,76.0,0.4285714285714285,32.42857142857143,19.0,4,expanding,losing_streak_fitness,expanding,rep_3,76,11
test,1,0,22406,22406,53560,11,6,188,8.0,3,21,2,-34.01117949407977,12,-108.0,101.0,209.0,0.4832535885167464,209.0,0.0833333333333333,-9.0,19.0,11,expanding,losing_streak_fitness,expanding,rep_3,77,11
train,1,0,22406,22406,53560,11,6,188,8.0,3,21,2,150.1463869029155,7,227.0,303.0,76.0,3.986842105263158,76.0,0.4285714285714285,32.42857142857143,19.0,4,expanding,losing_streak_fitness,expanding,rep_3,77,11
test,1,0,22406,22406,53560,11,6,188,8.0,3,21,2,-34.01117949407977,12,-108.0,101.0,209.0,0.4832535885167464,209.0,0.0833333333333333,-9.0,19.0,11,expanding,losing_streak_fitness,expanding,rep_3,78,11
train,1,0,22406,22406,53560,11,6,188,8.0,3,21,2,150.1463869029155,7,227.0,303.0,76.0,3.986842105263158,76.0,0.4285714285714285,32.42857142857143,19.0,4,expanding,losing_streak_fitness,expanding,rep_3,78,11
test,1,0,22406,22406,53560,11,6,188,8.0,3,21,2,-34.01117949407977,12,-108.0,101.0,209.0,0.4832535885167464,209.0,0.0833333333333333,-9.0,19.0,11,expanding,losing_streak_fitness,expanding,rep_3,79,11
train,1,0,22406,22406,53560,11,6,188,8.0,3,21,2,150.1463869029155,7,227.0,303.0,76.0,3.986842105263158,76.0,0.4285714285714285,32.42857142857143,19.0,4,expanding,losing_streak_fitness,expanding,rep_3,79,11
test,1,0,22406,22406,53560,11,6,188,8.0,3,21,2,-34.01117949407977,12,-108.0,101.0,209.0,0.4832535885167464,209.0,0.0833333333333333,-9.0,19.0,11,expanding,losing_streak_fitness,expanding,rep_3,80,11
train,1,0,22406,22406,53560,11,6,188,8.0,3,21,2,150.1463869029155,7,227.0,303.0,76.0,3.986842105263158,76.0,0.4285714285714285,32.42857142857143,19.0,4,expanding,losing_streak_fitness,expanding,rep_3,80,11
test,1,0,22406,22406,53560,11,6,188,8.0,3,21,2,-34.01117949407977,12,-108.0,101.0,209.0,0.4832535885167464,209.0,0.0833333333333333,-9.0,19.0,11,expanding,losing_streak_fitness,expanding,rep_3,81,11
train,1,0,22406,22406,53560,11,6,188,8.0,3,21,2,150.1463869029155,7,227.0,303.0,76.0,3.986842105263158,76.0,0.4285714285714285,32.42857142857143,19.0,4,expanding,losing_streak_fitness,expanding,rep_3,81,11
test,1,0,22406,22406,53560,11,6,188,8.0,3,21,2,-34.01117949407977,12,-108.0,101.0,209.0,0.4832535885167464,209.0,0.0833333333333333,-9.0,19.0,11,expanding,losing_streak_fitness,expanding,rep_3,82,11
train,1,0,22406,22406,53560,11,6,188,8.0,3,21,2,150.1463869029155,7,227.0,303.0,76.0,3.986842105263158,76.0,0.4285714285714285,32.42857142857143,19.0,4,expanding,losing_streak_fitness,expanding,rep_3,82,11
test,1,0,22406,22406,53560,11,6,188,8.0,3,21,2,-34.01117949407977,12,-108.0,101.0,209.0,0.4832535885167464,209.0,0.0833333333333333,-9.0,19.0,11,expanding,losing_streak_fitness,expanding,rep_3,83,11
train,1,0,22406,22406,53560,11,6,188,8.0,3,21,2,150.1463869029155,7,227.0,303.0,76.0,3.986842105263158,76.0,0.4285714285714285,32.42857142857143,19.0,4,expanding,losing_streak_fitness,expanding,rep_3,83,11
test,1,0,22406,22406,53560,11,6,188,8.0,3,21,2,-34.01117949407977,12,-108.0,101.0,209.0,0.4832535885167464,209.0,0.0833333333333333,-9.0,19.0,11,expanding,losing_streak_fitness,expanding,rep_3,84,11
train,1,0,22406,22406,53560,11,6,188,8.0,3,21,2,150.1463869029155,7,227.0,303.0,76.0,3.986842105263158,76.0,0.4285714285714285,32.42857142857143,19.0,4,expanding,losing_streak_fitness,expanding,rep_3,84,11
test,1,0,22406,22406,53560,11,6,188,8.0,3,21,2,-34.01117949407977,12,-108.0,101.0,209.0,0.4832535885167464,209.0,0.0833333333333333,-9.0,19.0,11,expanding,losing_streak_fitness,expanding,rep_3,85,11
train,1,0,22406,22406,53560,11,6,188,8.0,3,21,2,150.1463869029155,7,227.0,303.0,76.0,3.986842105263158,76.0,0.4285714285714285,32.42857142857143,19.0,4,expanding,losing_streak_fitness,expanding,rep_3,85,11
test,1,0,22406,22406,53560,11,6,188,8.0,3,21,2,-34.01117949407977,12,-108.0,101.0,209.0,0.4832535885167464,209.0,0.0833333333333333,-9.0,19.0,11,expanding,losing_streak_fitness,expanding,rep_3,86,11
train,1,0,22406,22406,53560,11,6,188,8.0,3,21,2,150.1463869029155,7,227.0,303.0,76.0,3.986842105263158,76.0,0.4285714285714285,32.42857142857143,19.0,4,expanding,losing_streak_fitness,expanding,rep_3,86,11
test,1,0,22406,22406,53560,11,6,188,8.0,3,21,2,-34.01117949407977,12,-108.0,101.0,209.0,0.4832535885167464,209.0,0.0833333333333333,-9.0,19.0,11,expanding,losing_streak_fitness,expanding,rep_3,87,11
train,1,0,22406,22406,53560,11,6,188,8.0,3,21,2,150.1463869029155,7,227.0,303.0,76.0,3.986842105263158,76.0,0.4285714285714285,32.42857142857143,19.0,4,expanding,losing_streak_fitness,expanding,rep_3,87,11
test,1,0,22406,22406,53560,11,6,188,8.0,3,21,2,-34.01117949407977,12,-108.0,101.0,209.0,0.4832535885167464,209.0,0.0833333333333333,-9.0,19.0,11,expanding,losing_streak_fitness,expanding,rep_3,88,11
train,1,0,22406,22406,53560,11,6,188,8.0,3,21,2,150.1463869029155,7,227.0,303.0,76.0,3.986842105263158,76.0,0.4285714285714285,32.42857142857143,19.0,4,expanding,losing_streak_fitness,expanding,rep_3,88,11
test,1,0,22406,22406,53560,11,6,188,8.0,3,21,2,-34.01117949407977,12,-108.0,101.0,209.0,0.4832535885167464,209.0,0.0833333333333333,-9.0,19.0,11,expanding,losing_streak_fitness,expanding,rep_3,89,11
train,1,0,22406,22406,53560,11,6,188,8.0,3,21,2,150.1463869029155,7,227.0,303.0,76.0,3.986842105263158,76.0,0.4285714285714285,32.42857142857143,19.0,4,expanding,losing_streak_fitness,expanding,rep_3,89,11
test,1,0,22406,22406,53560,11,6,188,8.0,3,21,2,-34.01117949407977,12,-108.0,101.0,209.0,0.4832535885167464,209.0,0.0833333333333333,-9.0,19.0,11,expanding,losing_streak_fitness,expanding,rep_3,90,11
train,1,0,22406,22406,53560,11,6,188,8.0,3,21,2,150.1463869029155,7,227.0,303.0,76.0,3.986842105263158,76.0,0.4285714285714285,32.42857142857143,19.0,4,expanding,losing_streak_fitness,expanding,rep_3,90,11
test,1,0,22406,22406,53560,11,6,188,8.0,3,21,2,-34.01117949407977,12,-108.0,101.0,209.0,0.4832535885167464,209.0,0.0833333333333333,-9.0,19.0,11,expanding,losing_streak_fitness,expanding,rep_3,91,11
train,1,0,22406,22406,53560,11,6,188,8.0,3,21,2,150.1463869029155,7,227.0,303.0,76.0,3.986842105263158,76.0,0.4285714285714285,32.42857142857143,19.0,4,expanding,losing_streak_fitness,expanding,rep_3,91,11
test,1,0,22406,22406,53560,11,6,188,8.0,3,21,2,-34.01117949407977,12,-108.0,101.0,209.0,0.4832535885167464,209.0,0.0833333333333333,-9.0,19.0,11,expanding,losing_streak_fitness,expanding,rep_3,92,11
train,1,0,22406,22406,53560,11,6,188,8.0,3,21,2,150.1463869029155,7,227.0,303.0,76.0,3.986842105263158,76.0,0.4285714285714285,32.42857142857143,19.0,4,expanding,losing_streak_fitness,expanding,rep_3,92,11
test,1,0,22406,22406,53560,11,6,188,8.0,3,21,2,-34.01117949407977,12,-108.0,101.0,209.0,0.4832535885167464,209.0,0.0833333333333333,-9.0,19.0,11,expanding,losing_streak_fitness,expanding,rep_3,93,11
train,1,0,22406,22406,53560,11,6,188,8.0,3,21,2,150.1463869029155,7,227.0,303.0,76.0,3.986842105263158,76.0,0.4285714285714285,32.42857142857143,19.0,4,expanding,losing_streak_fitness,expanding,rep_3,93,11
test,1,0,22406,22406,53560,11,6,188,8.0,3,21,2,-34.01117949407977,12,-108.0,101.0,209.0,0.4832535885167464,209.0,0.0833333333333333,-9.0,19.0,11,expanding,losing_streak_fitness,expanding,rep_3,94,11
train,1,0,22406,22406,53560,11,6,188,8.0,3,21,2,150.1463869029155,7,227.0,303.0,76.0,3.986842105263158,76.0,0.4285714285714285,32.42857142857143,19.0,4,expanding,losing_streak_fitness,expanding,rep_3,94,11
test,1,0,22406,22406,53560,11,6,188,8.0,3,21,2,-34.01117949407977,12,-108.0,101.0,209.0,0.4832535885167464,209.0,0.0833333333333333,-9.0,19.0,11,expanding,losing_streak_fitness,expanding,rep_3,95,11
train,1,0,22406,22406,53560,11,6,188,8.0,3,21,2,150.1463869029155,7,227.0,303.0,76.0,3.986842105263158,76.0,0.4285714285714285,32.42857142857143,19.0,4,expanding,losing_streak_fitness,expanding,rep_3,95,11
test,1,0,22406,22406,53560,11,6,188,8.0,3,21,2,-34.01117949407977,12,-108.0,101.0,209.0,0.4832535885167464,209.0,0.0833333333333333,-9.0,19.0,11,expanding,losing_streak_fitness,expanding,rep_3,96,11
train,1,0,22406,22406,53560,11,6,188,8.0,3,21,2,150.1463869029155,7,227.0,303.0,76.0,3.986842105263158,76.0,0.4285714285714285,32.42857142857143,19.0,4,expanding,losing_streak_fitness,expanding,rep_3,96,11
test,1,0,22406,22406,53560,11,6,188,8.0,3,21,2,-34.01117949407977,12,-108.0,101.0,209.0,0.4832535885167464,209.0,0.0833333333333333,-9.0,19.0,11,expanding,losing_streak_fitness,expanding,rep_3,97,11
train,1,0,22406,22406,53560,11,6,188,8.0,3,21,2,150.1463869029155,7,227.0,303.0,76.0,3.986842105263158,76.0,0.4285714285714285,32.42857142857143,19.0,4,expanding,losing_streak_fitness,expanding,rep_3,97,11
test,1,0,22406,22406,53560,11,6,188,8.0,3,21,2,-34.01117949407977,12,-108.0,101.0,209.0,0.4832535885167464,209.0,0.0833333333333333,-9.0,19.0,11,expanding,losing_streak_fitness,expanding,rep_3,98,11
train,1,0,22406,22406,53560,11,6,188,8.0,3,21,2,150.1463869029155,7,227.0,303.0,76.0,3.986842105263158,76.0,0.4285714285714285,32.42857142857143,19.0,4,expanding,losing_streak_fitness,expanding,rep_3,98,11
test,1,0,22406,22406,53560,11,6,188,8.0,3,21,2,-34.01117949407977,12,-108.0,101.0,209.0,0.4832535885167464,209.0,0.0833333333333333,-9.0,19.0,11,expanding,losing_streak_fitness,expanding,rep_3,99,11
train,1,0,22406,22406,53560,11,6,188,8.0,3,21,2,150.1463869029155,7,227.0,303.0,76.0,3.986842105263158,76.0,0.4285714285714285,32.42857142857143,19.0,4,expanding,losing_streak_fitness,expanding,rep_3,99,11
test,1,0,22406,22406,53560,11,6,188,8.0,3,21,2,-34.01117949407977,12,-108.0,101.0,209.0,0.4832535885167464,209.0,0.0833333333333333,-9.0,19.0,11,expanding,losing_streak_fitness,expanding,rep_3,100,11
train,1,0,22406,22406,53560,11,6,188,8.0,3,21,2,150.1463869029155,7,227.0,303.0,76.0,3.986842105263158,76.0,0.4285714285714285,32.42857142857143,19.0,4,expanding,losing_streak_fitness,expanding,rep_3,100,11
test,2,0,53560,53560,86986,0,11,3374,6.0,5,27,2,305.5959569249713,5,205.0,262.0,57.0,4.596491228070176,57.0,0.4,41.0,19.0,3,expanding,losing_streak_fitness,expanding,rep_3,0,0
train,2,0,53560,53560,86986,0,11,3374,6.0,5,27,2,-12.6,9,-21.0,131.0,152.0,0.8618421052631579,95.0,0.1111111111111111,-2.333333333333333,19.0,5,expanding,losing_streak_fitness,expanding,rep_3,0,0
test,2,0,53560,53560,86986,1,10,1597,3.25,10,28,2,-1000.0,2,117.0,136.0,19.0,7.157894736842105,19.0,0.5,58.5,19.0,1,expanding,losing_streak_fitness,expanding,rep_3,1,1
train,2,0,53560,53560,86986,1,10,1597,3.25,10,28,2,44.7213595499958,5,60.0,136.0,76.0,1.7894736842105263,57.0,0.2,12.0,19.0,3,expanding,losing_streak_fitness,expanding,rep_3,1,1
test,2,0,53560,53560,86986,2,11,499,6.0,6,27,2,-1000.0,3,93.0,131.0,38.0,3.4473684210526314,38.0,0.3333333333333333,31.0,19.0,2,expanding,losing_streak_fitness,expanding,rep_3,2,2
train,2,0,53560,53560,86986,2,11,499,6.0,6,27,2,61.49186938124422,5,55.0,131.0,76.0,1.7236842105263157,38.0,0.2,11.0,19.0,2,expanding,losing_streak_fitness,expanding,rep_3,2,2
test,2,0,53560,53560,86986,2,11,499,6.0,6,27,2,-1000.0,3,93.0,131.0,38.0,3.4473684210526314,38.0,0.3333333333333333,31.0,19.0,2,expanding,losing_streak_fitness,expanding,rep_3,3,2
train,2,0,53560,53560,86986,2,11,499,6.0,6,27,2,61.49186938124422,5,55.0,131.0,76.0,1.7236842105263157,38.0,0.2,11.0,19.0,2,expanding,losing_streak_fitness,expanding,rep_3,3,2
test,2,0,53560,53560,86986,4,11,499,6.5,6,6,3,137.17142559585795,6,56.0,104.0,48.0,2.1666666666666665,48.0,0.6666666666666666,9.333333333333334,24.0,2,expanding,losing_streak_fitness,expanding,rep_3,4,4
train,2,0,53560,53560,86986,4,11,499,6.5,6,6,3,137.17142559585795,6,56.0,104.0,48.0,2.1666666666666665,24.0,0.6666666666666666,9.333333333333334,24.0,1,expanding,losing_streak_fitness,expanding,rep_3,4,4
test,2,0,53560,53560,86986,5,9,508,8.0,4,5,2,-42.36522748670187,13,-47.0,105.0,152.0,0.6907894736842105,152.0,0.3846153846153846,-3.615384615384616,19.0,8,expanding,losing_streak_fitness,expanding,rep_3,5,5
train,2,0,53560,53560,86986,5,9,508,8.0,4,5,2,207.0,9,69.0,126.0,57.0,2.210526315789474,19.0,0.6666666666666666,7.666666666666667,19.0,1,expanding,losing_streak_fitness,expanding,rep_3,5,5
test,2,0,53560,53560,86986,5,9,508,8.0,4,5,2,-42.36522748670187,13,-47.0,105.0,152.0,0.6907894736842105,152.0,0.3846153846153846,-3.615384615384616,19.0,8,expanding,losing_streak_fitness,expanding,rep_3,6,5
train,2,0,53560,53560,86986,5,9,508,8.0,4,5,2,207.0,9,69.0,126.0,57.0,2.210526315789474,19.0,0.6666666666666666,7.666666666666667,19.0,1,expanding,losing_streak_fitness,expanding,rep_3,6,5
test,2,0,53560,53560,86986,5,9,508,8.0,4,5,2,-42.36522748670187,13,-47.0,105.0,152.0,0.6907894736842105,152.0,0.3846153846153846,-3.615384615384616,19.0,8,expanding,losing_streak_fitness,expanding,rep_3,7,5
train,2,0,53560,53560,86986,5,9,508,8.0,4,5,2,207.0,9,69.0,126.0,57.0,2.210526315789474,19.0,0.6666666666666666,7.666666666666667,19.0,1,expanding,losing_streak_fitness,expanding,rep_3,7,5
test,2,0,53560,53560,86986,5,9,508,8.0,4,5,2,-42.36522748670187,13,-47.0,105.0,152.0,0.6907894736842105,152.0,0.3846153846153846,-3.615384615384616,19.0,8,expanding,losing_streak_fitness,expanding,rep_3,8,5
train,2,0,53560,53560,86986,5,9,508,8.0,4,5,2,207.0,9,69.0,126.0,57.0,2.210526315789474,19.0,0.6666666666666666,7.666666666666667,19.0,1,expanding,losing_streak_fitness,expanding,rep_3,8,5
test,2,0,53560,53560,86986,9,11,520,3.25,4,6,3,137.17142559585795,6,56.0,104.0,48.0,2.1666666666666665,48.0,0.6666666666666666,9.333333333333334,24.0,2,expanding,losing_streak_fitness,expanding,rep_3,9,9
train,2,0,53560,53560,86986,9,11,520,3.25,4,6,3,216.95160750729644,7,82.0,130.0,48.0,2.708333333333333,24.0,0.7142857142857143,11.714285714285714,24.0,1,expanding,losing_streak_fitness,expanding,rep_3,9,9
test,2,0,53560,53560,86986,10,11,520,3.25,4,6,2,161.66632302368973,6,66.0,104.0,38.0,2.736842105263158,38.0,0.6666666666666666,11.0,19.0,2,expanding,losing_streak_fitness,expanding,rep_3,10,10
train,2,0,53560,53560,86986,10,11,520,3.25,4,6,2,243.40912061794236,7,92.0,130.0,38.0,3.421052631578948,19.0,0.7142857142857143,13.142857142857142,19.0,1,expanding,losing_streak_fitness,expanding,rep_3,10,10
test,2,0,53560,53560,86986,10,11,520,3.25,4,6,2,161.66632302368973,6,66.0,104.0,38.0,2.736842105263158,38.0,0.6666666666666666,11.0,19.0,2,expanding,losing_streak_fitness,expanding,rep_3,11,10
train,2,0,53560,53560,86986,10,11,520,3.25,4,6,2,243.40912061794236,7,92.0,130.0,38.0,3.421052631578948,19.0,0.7142857142857143,13.142857142857142,19.0,1,expanding,losing_streak_fitness,expanding,rep_3,11,10
test,2,0,53560,53560,86986,10,11,520,3.25,4,6,2,161.66632302368973,6,66.0,104.0,38.0,2.736842105263158,38.0,0.6666666666666666,11.0,19.0,2,expanding,losing_streak_fitness,expanding,rep_3,12,10
train,2,0,53560,53560,86986,10,11,520,3.25,4,6,2,243.40912061794236,7,92.0,130.0,38.0,3.421052631578948,19.0,0.7142857142857143,13.142857142857142,19.0,1,expanding,losing_streak_fitness,expanding,rep_3,12,10
test,2,0,53560,53560,86986,10,11,520,3.25,4,6,2,161.66632302368973,6,66.0,104.0,38.0,2.736842105263158,38.0,0.6666666666666666,11.0,19.0,2,expanding,losing_streak_fitness,expanding,rep_3,13,10
train,2,0,53560,53560,86986,10,11,520,3.25,4,6,2,243.40912061794236,7,92.0,130.0,38.0,3.421052631578948,19.0,0.7142857142857143,13.142857142857142,19.0,1,expanding,losing_streak_fitness,expanding,rep_3,13,10
test,2,0,53560,53560,86986,10,11,520,3.25,4,6,2,161.66632302368973,6,66.0,104.0,38.0,2.736842105263158,38.0,0.6666666666666666,11.0,19.0,2,expanding,losing_streak_fitness,expanding,rep_3,14,10
train,2,0,53560,53560,86986,10,11,520,3.25,4,6,2,243.40912061794236,7,92.0,130.0,38.0,3.421052631578948,19.0,0.7142857142857143,13.142857142857142,19.0,1,expanding,losing_streak_fitness,expanding,rep_3,14,10
test,2,0,53560,53560,86986,10,11,520,3.25,4,6,2,161.66632302368973,6,66.0,104.0,38.0,2.736842105263158,38.0,0.6666666666666666,11.0,19.0,2,expanding,losing_streak_fitness,expanding,rep_3,15,10
train,2,0,53560,53560,86986,10,11,520,3.25,4,6,2,243.40912061794236,7,92.0,130.0,38.0,3.421052631578948,19.0,0.7142857142857143,13.142857142857142,19.0,1,expanding,losing_streak_fitness,expanding,rep_3,15,10
test,2,0,53560,53560,86986,10,11,520,3.25,4,6,2,161.66632302368973,6,66.0,104.0,38.0,2.736842105263158,38.0,0.6666666666666666,11.0,19.0,2,expanding,losing_streak_fitness,expanding,rep_3,16,10
train,2,0,53560,53560,86986,10,11,520,3.25,4,6,2,243.40912061794236,7,92.0,130.0,38.0,3.421052631578948,19.0,0.7142857142857143,13.142857142857142,19.0,1,expanding,losing_streak_fitness,expanding,rep_3,16,10
test,2,0,53560,53560,86986,10,11,520,3.25,4,6,2,161.66632302368973,6,66.0,104.0,38.0,2.736842105263158,38.0,0.6666666666666666,11.0,19.0,2,expanding,losing_streak_fitness,expanding,rep_3,17,10
train,2,0,53560,53560,86986,10,11,520,3.25,4,6,2,243.40912061794236,7,92.0,130.0,38.0,3.421052631578948,19.0,0.7142857142857143,13.142857142857142,19.0,1,expanding,losing_streak_fitness,expanding,rep_3,17,10
test,2,0,53560,53560,86986,10,11,520,3.25,4,6,2,161.66632302368973,6,66.0,104.0,38.0,2.736842105263158,38.0,0.6666666666666666,11.0,19.0,2,expanding,losing_streak_fitness,expanding,rep_3,18,10
train,2,0,53560,53560,86986,10,11,520,3.25,4,6,2,243.40912061794236,7,92.0,130.0,38.0,3.421052631578948,19.0,0.7142857142857143,13.142857142857142,19.0,1,expanding,losing_streak_fitness,expanding,rep_3,18,10
test,2,0,53560,53560,86986,10,11,520,3.25,4,6,2,161.66632302368973,6,66.0,104.0,38.0,2.736842105263158,38.0,0.6666666666666666,11.0,19.0,2,expanding,losing_streak_fitness,expanding,rep_3,19,10
train,2,0,53560,53560,86986,10,11,520,3.25,4,6,2,243.40912061794236,7,92.0,130.0,38.0,3.421052631578948,19.0,0.7142857142857143,13.142857142857142,19.0,1,expanding,losing_streak_fitness,expanding,rep_3,19,10
test,2,0,53560,53560,86986,10,11,520,3.25,4,6,2,161.66632302368973,6,66.0,104.0,38.0,2.736842105263158,38.0,0.6666666666666666,11.0,19.0,2,expanding,losing_streak_fitness,expanding,rep_3,20,10
train,2,0,53560,53560,86986,10,11,520,3.25,4,6,2,243.40912061794236,7,92.0,130.0,38.0,3.421052631578948,19.0,0.7142857142857143,13.142857142857142,19.0,1,expanding,losing_streak_fitness,expanding,rep_3,20,10
test,2,0,53560,53560,86986,10,11,520,3.25,4,6,2,161.66632302368973,6,66.0,104.0,38.0,2.736842105263158,38.0,0.6666666666666666,11.0,19.0,2,expanding,losing_streak_fitness,expanding,rep_3,21,10
train,2,0,53560,53560,86986,10,11,520,3.25,4,6,2,243.40912061794236,7,92.0,130.0,38.0,3.421052631578948,19.0,0.7142857142857143,13.142857142857142,19.0,1,expanding,losing_streak_fitness,expanding,rep_3,21,10
test,2,0,53560,53560,86986,10,11,520,3.25,4,6,2,161.66632302368973,6,66.0,104.0,38.0,2.736842105263158,38.0,0.6666666666666666,11.0,19.0,2,expanding,losing_streak_fitness,expanding,rep_3,22,10
train,2,0,53560,53560,86986,10,11,520,3.25,4,6,2,243.40912061794236,7,92.0,130.0,38.0,3.421052631578948,19.0,0.7142857142857143,13.142857142857142,19.0,1,expanding,losing_streak_fitness,expanding,rep_3,22,10
test,2,0,53560,53560,86986,10,11,520,3.25,4,6,2,161.66632302368973,6,66.0,104.0,38.0,2.736842105263158,38.0,0.6666666666666666,11.0,19.0,2,expanding,losing_streak_fitness,expanding,rep_3,23,10
train,2,0,53560,53560,86986,10,11,520,3.25,4,6,2,243.40912061794236,7,92.0,130.0,38.0,3.421052631578948,19.0,0.7142857142857143,13.142857142857142,19.0,1,expanding,losing_streak_fitness,expanding,rep_3,23,10
test,2,0,53560,53560,86986,10,11,520,3.25,4,6,2,161.66632302368973,6,66.0,104.0,38.0,2.736842105263158,38.0,0.6666666666666666,11.0,19.0,2,expanding,losing_streak_fitness,expanding,rep_3,24,10
train,2,0,53560,53560,86986,10,11,520,3.25,4,6,2,243.40912061794236,7,92.0,130.0,38.0,3.421052631578948,19.0,0.7142857142857143,13.142857142857142,19.0,1,expanding,losing_streak_fitness,expanding,rep_3,24,10
test,2,0,53560,53560,86986,10,11,520,3.25,4,6,2,161.66632302368973,6,66.0,104.0,38.0,2.736842105263158,38.0,0.6666666666666666,11.0,19.0,2,expanding,losing_streak_fitness,expanding,rep_3,25,10
train,2,0,53560,53560,86986,10,11,520,3.25,4,6,2,243.40912061794236,7,92.0,130.0,38.0,3.421052631578948,19.0,0.7142857142857143,13.142857142857142,19.0,1,expanding,losing_streak_fitness,expanding,rep_3,25,10
test,2,0,53560,53560,86986,10,11,520,3.25,4,6,2,161.66632302368973,6,66.0,104.0,38.0,2.736842105263158,38.0,0.6666666666666666,11.0,19.0,2,expanding,losing_streak_fitness,expanding,rep_3,26,10
train,2,0,53560,53560,86986,10,11,520,3.25,4,6,2,243.40912061794236,7,92.0,130.0,38.0,3.421052631578948,19.0,0.7142857142857143,13.142857142857142,19.0,1,expanding,losing_streak_fitness,expanding,rep_3,26,10
test,2,0,53560,53560,86986,10,11,520,3.25,4,6,2,161.66632302368973,6,66.0,104.0,38.0,2.736842105263158,38.0,0.6666666666666666,11.0,19.0,2,expanding,losing_streak_fitness,expanding,rep_3,27,10
train,2,0,53560,53560,86986,10,11,520,3.25,4,6,2,243.40912061794236,7,92.0,130.0,38.0,3.421052631578948,19.0,0.7142857142857143,13.142857142857142,19.0,1,expanding,losing_streak_fitness,expanding,rep_3,27,10
test,2,0,53560,53560,86986,10,11,520,3.25,4,6,2,161.66632302368973,6,66.0,104.0,38.0,2.736842105263158,38.0,0.6666666666666666,11.0,19.0,2,expanding,losing_streak_fitness,expanding,rep_3,28,10
train,2,0,53560,53560,86986,10,11,520,3.25,4,6,2,243.40912061794236,7,92.0,130.0,38.0,3.421052631578948,19.0,0.7142857142857143,13.142857142857142,19.0,1,expanding,losing_streak_fitness,expanding,rep_3,28,10
test,2,0,53560,53560,86986,10,11,520,3.25,4,6,2,161.66632302368973,6,66.0,104.0,38.0,2.736842105263158,38.0,0.6666666666666666,11.0,19.0,2,expanding,losing_streak_fitness,expanding,rep_3,29,10
train,2,0,53560,53560,86986,10,11,520,3.25,4,6,2,243.40912061794236,7,92.0,130.0,38.0,3.421052631578948,19.0,0.7142857142857143,13.142857142857142,19.0,1,expanding,losing_streak_fitness,expanding,rep_3,29,10
test,2,0,53560,53560,86986,10,11,520,3.25,4,6,2,161.66632302368973,6,66.0,104.0,38.0,2.736842105263158,38.0,0.6666666666666666,11.0,19.0,2,expanding,losing_streak_fitness,expanding,rep_3,30,10
train,2,0,53560,53560,86986,10,11,520,3.25,4,6,2,243.40912061794236,7,92.0,130.0,38.0,3.421052631578948,19.0,0.7142857142857143,13.142857142857142,19.0,1,expanding,losing_streak_fitness,expanding,rep_3,30,10
test,2,0,53560,53560,86986,10,11,520,3.25,4,6,2,161.66632302368973,6,66.0,104.0,38.0,2.736842105263158,38.0,0.6666666666666666,11.0,19.0,2,expanding,losing_streak_fitness,expanding,rep_3,31,10
train,2,0,53560,53560,86986,10,11,520,3.25,4,6,2,243.40912061794236,7,92.0,130.0,38.0,3.421052631578948,19.0,0.7142857142857143,13.142857142857142,19.0,1,expanding,losing_streak_fitness,expanding,rep_3,31,10
test,2,0,53560,53560,86986,10,11,520,3.25,4,6,2,161.66632302368973,6,66.0,104.0,38.0,2.736842105263158,38.0,0.6666666666666666,11.0,19.0,2,expanding,losing_streak_fitness,expanding,rep_3,32,10
train,2,0,53560,53560,86986,10,11,520,3.25,4,6,2,243.40912061794236,7,92.0,130.0,38.0,3.421052631578948,19.0,0.7142857142857143,13.142857142857142,19.0,1,expanding,losing_streak_fitness,expanding,rep_3,32,10
test,2,0,53560,53560,86986,10,11,520,3.25,4,6,2,161.66632302368973,6,66.0,104.0,38.0,2.736842105263158,38.0,0.6666666666666666,11.0,19.0,2,expanding,losing_streak_fitness,expanding,rep_3,33,10
train,2,0,53560,53560,86986,10,11,520,3.25,4,6,2,243.40912061794236,7,92.0,130.0,38.0,3.421052631578948,19.0,0.7142857142857143,13.142857142857142,19.0,1,expanding,losing_streak_fitness,expanding,rep_3,33,10
test,2,0,53560,53560,86986,10,11,520,3.25,4,6,2,161.66632302368973,6,66.0,104.0,38.0,2.736842105263158,38.0,0.6666666666666666,11.0,19.0,2,expanding,losing_streak_fitness,expanding,rep_3,34,10
train,2,0,53560,53560,86986,10,11,520,3.25,4,6,2,243.40912061794236,7,92.0,130.0,38.0,3.421052631578948,19.0,0.7142857142857143,13.142857142857142,19.0,1,expanding,losing_streak_fitness,expanding,rep_3,34,10
test,2,0,53560,53560,86986,10,11,520,3.25,4,6,2,161.66632302368973,6,66.0,104.0,38.0,2.736842105263158,38.0,0.6666666666666666,11.0,19.0,2,expanding,losing_streak_fitness,expanding,rep_3,35,10
train,2,0,53560,53560,86986,10,11,520,3.25,4,6,2,243.40912061794236,7,92.0,130.0,38.0,3.421052631578948,19.0,0.7142857142857143,13.142857142857142,19.0,1,expanding,losing_streak_fitness,expanding,rep_3,35,10
test,2,0,53560,53560,86986,10,11,520,3.25,4,6,2,161.66632302368973,6,66.0,104.0,38.0,2.736842105263158,38.0,0.6666666666666666,11.0,19.0,2,expanding,losing_streak_fitness,expanding,rep_3,36,10
train,2,0,53560,53560,86986,10,11,520,3.25,4,6,2,243.40912061794236,7,92.0,130.0,38.0,3.421052631578948,19.0,0.7142857142857143,13.142857142857142,19.0,1,expanding,losing_streak_fitness,expanding,rep_3,36,10
test,2,0,53560,53560,86986,10,11,520,3.25,4,6,2,161.66632302368973,6,66.0,104.0,38.0,2.736842105263158,38.0,0.6666666666666666,11.0,19.0,2,expanding,losing_streak_fitness,expanding,rep_3,37,10
train,2,0,53560,53560,86986,10,11,520,3.25,4,6,2,243.40912061794236,7,92.0,130.0,38.0,3.421052631578948,19.0,0.7142857142857143,13.142857142857142,19.0,1,expanding,losing_streak_fitness,expanding,rep_3,37,10
test,2,0,53560,53560,86986,10,11,520,3.25,4,6,2,161.66632302368973,6,66.0,104.0,38.0,2.736842105263158,38.0,0.6666666666666666,11.0,19.0,2,expanding,losing_streak_fitness,expanding,rep_3,38,10
train,2,0,53560,53560,86986,10,11,520,3.25,4,6,2,243.40912061794236,7,92.0,130.0,38.0,3.421052631578948,19.0,0.7142857142857143,13.142857142857142,19.0,1,expanding,losing_streak_fitness,expanding,rep_3,38,10
test,2,0,53560,53560,86986,10,11,520,3.25,4,6,2,161.66632302368973,6,66.0,104.0,38.0,2.736842105263158,38.0,0.6666666666666666,11.0,19.0,2,expanding,losing_streak_fitness,expanding,rep_3,39,10
train,2,0,53560,53560,86986,10,11,520,3.25,4,6,2,243.40912061794236,7,92.0,130.0,38.0,3.421052631578948,19.0,0.7142857142857143,13.142857142857142,19.0,1,expanding,losing_streak_fitness,expanding,rep_3,39,10
test,2,0,53560,53560,86986,10,11,520,3.25,4,6,2,161.66632302368973,6,66.0,104.0,38.0,2.736842105263158,38.0,0.6666666666666666,11.0,19.0,2,expanding,losing_streak_fitness,expanding,rep_3,40,10
train,2,0,53560,53560,86986,10,11,520,3.25,4,6,2,243.40912061794236,7,92.0,130.0,38.0,3.421052631578948,19.0,0.7142857142857143,13.142857142857142,19.0,1,expanding,losing_streak_fitness,expanding,rep_3,40,10
test,2,0,53560,53560,86986,10,11,520,3.25,4,6,2,161.66632302368973,6,66.0,104.0,38.0,2.736842105263158,38.0,0.6666666666666666,11.0,19.0,2,expanding,losing_streak_fitness,expanding,rep_3,41,10
train,2,0,53560,53560,86986,10,11,520,3.25,4,6,2,243.40912061794236,7,92.0,130.0,38.0,3.421052631578948,19.0,0.7142857142857143,13.142857142857142,19.0,1,expanding,losing_streak_fitness,expanding,rep_3,41,10
test,2,0,53560,53560,86986,10,11,520,3.25,4,6,2,161.66632302368973,6,66.0,104.0,38.0,2.736842105263158,38.0,0.6666666666666666,11.0,19.0,2,expanding,losing_streak_fitness,expanding,rep_3,42,10
train,2,0,53560,53560,86986,10,11,520,3.25,4,6,2,243.40912061794236,7,92.0,130.0,38.0,3.421052631578948,19.0,0.7142857142857143,13.142857142857142,19.0,1,expanding,losing_streak_fitness,expanding,rep_3,42,10
test,2,0,53560,53560,86986,10,11,520,3.25,4,6,2,161.66632302368973,6,66.0,104.0,38.0,2.736842105263158,38.0,0.6666666666666666,11.0,19.0,2,expanding,losing_streak_fitness,expanding,rep_3,43,10
train,2,0,53560,53560,86986,10,11,520,3.25,4,6,2,243.40912061794236,7,92.0,130.0,38.0,3.421052631578948,19.0,0.7142857142857143,13.142857142857142,19.0,1,expanding,losing_streak_fitness,expanding,rep_3,43,10
test,2,0,53560,53560,86986,10,11,520,3.25,4,6,2,161.66632302368973,6,66.0,104.0,38.0,2.736842105263158,38.0,0.6666666666666666,11.0,19.0,2,expanding,losing_streak_fitness,expanding,rep_3,44,10
train,2,0,53560,53560,86986,10,11,520,3.25,4,6,2,243.40912061794236,7,92.0,130.0,38.0,3.421052631578948,19.0,0.7142857142857143,13.142857142857142,19.0,1,expanding,losing_streak_fitness,expanding,rep_3,44,10
test,2,0,53560,53560,86986,10,11,520,3.25,4,6,2,161.66632302368973,6,66.0,104.0,38.0,2.736842105263158,38.0,0.6666666666666666,11.0,19.0,2,expanding,losing_streak_fitness,expanding,rep_3,45,10
train,2,0,53560,53560,86986,10,11,520,3.25,4,6,2,243.40912061794236,7,92.0,130.0,38.0,3.421052631578948,19.0,0.7142857142857143,13.142857142857142,19.0,1,expanding,losing_streak_fitness,expanding,rep_3,45,10
test,2,0,53560,53560,86986,10,11,520,3.25,4,6,2,161.66632302368973,6,66.0,104.0,38.0,2.736842105263158,38.0,0.6666666666666666,11.0,19.0,2,expanding,losing_streak_fitness,expanding,rep_3,46,10
train,2,0,53560,53560,86986,10,11,520,3.25,4,6,2,243.40912061794236,7,92.0,130.0,38.0,3.421052631578948,19.0,0.7142857142857143,13.142857142857142,19.0,1,expanding,losing_streak_fitness,expanding,rep_3,46,10
test,2,0,53560,53560,86986,10,11,520,3.25,4,6,2,161.66632302368973,6,66.0,104.0,38.0,2.736842105263158,38.0,0.6666666666666666,11.0,19.0,2,expanding,losing_streak_fitness,expanding,rep_3,47,10
train,2,0,53560,53560,86986,10,11,520,3.25,4,6,2,243.40912061794236,7,92.0,130.0,38.0,3.421052631578948,19.0,0.7142857142857143,13.142857142857142,19.0,1,expanding,losing_streak_fitness,expanding,rep_3,47,10
test,2,0,53560,53560,86986,10,11,520,3.25,4,6,2,161.66632302368973,6,66.0,104.0,38.0,2.736842105263158,38.0,0.6666666666666666,11.0,19.0,2,expanding,losing_streak_fitness,expanding,rep_3,48,10
train,2,0,53560,53560,86986,10,11,520,3.25,4,6,2,243.40912061794236,7,92.0,130.0,38.0,3.421052631578948,19.0,0.7142857142857143,13.142857142857142,19.0,1,expanding,losing_streak_fitness,expanding,rep_3,48,10
test,2,0,53560,53560,86986,10,11,520,3.25,4,6,2,161.66632302368973,6,66.0,104.0,38.0,2.736842105263158,38.0,0.6666666666666666,11.0,19.0,2,expanding,losing_streak_fitness,expanding,rep_3,49,10
train,2,0,53560,53560,86986,10,11,520,3.25,4,6,2,243.40912061794236,7,92.0,130.0,38.0,3.421052631578948,19.0,0.7142857142857143,13.142857142857142,19.0,1,expanding,losing_streak_fitness,expanding,rep_3,49,10
test,2,0,53560,53560,86986,10,11,520,3.25,4,6,2,161.66632302368973,6,66.0,104.0,38.0,2.736842105263158,38.0,0.6666666666666666,11.0,19.0,2,expanding,losing_streak_fitness,expanding,rep_3,50,10
train,2,0,53560,53560,86986,10,11,520,3.25,4,6,2,243.40912061794236,7,92.0,130.0,38.0,3.421052631578948,19.0,0.7142857142857143,13.142857142857142,19.0,1,expanding,losing_streak_fitness,expanding,rep_3,50,10
test,2,0,53560,53560,86986,10,11,520,3.25,4,6,2,161.66632302368973,6,66.0,104.0,38.0,2.736842105263158,38.0,0.6666666666666666,11.0,19.0,2,expanding,losing_streak_fitness,expanding,rep_3,51,10
train,2,0,53560,53560,86986,10,11,520,3.25,4,6,2,243.40912061794236,7,92.0,130.0,38.0,3.421052631578948,19.0,0.7142857142857143,13.142857142857142,19.0,1,expanding,losing_streak_fitness,expanding,rep_3,51,10
test,2,0,53560,53560,86986,10,11,520,3.25,4,6,2,161.66632302368973,6,66.0,104.0,38.0,2.736842105263158,38.0,0.6666666666666666,11.0,19.0,2,expanding,losing_streak_fitness,expanding,rep_3,52,10
train,2,0,53560,53560,86986,10,11,520,3.25,4,6,2,243.40912061794236,7,92.0,130.0,38.0,3.421052631578948,19.0,0.7142857142857143,13.142857142857142,19.0,1,expanding,losing_streak_fitness,expanding,rep_3,52,10
test,2,0,53560,53560,86986,10,11,520,3.25,4,6,2,161.66632302368973,6,66.0,104.0,38.0,2.736842105263158,38.0,0.6666666666666666,11.0,19.0,2,expanding,losing_streak_fitness,expanding,rep_3,53,10
train,2,0,53560,53560,86986,10,11,520,3.25,4,6,2,243.40912061794236,7,92.0,130.0,38.0,3.421052631578948,19.0,0.7142857142857143,13.142857142857142,19.0,1,expanding,losing_streak_fitness,expanding,rep_3,53,10
test,2,0,53560,53560,86986,10,11,520,3.25,4,6,2,161.66632302368973,6,66.0,104.0,38.0,2.736842105263158,38.0,0.6666666666666666,11.0,19.0,2,expanding,losing_streak_fitness,expanding,rep_3,54,10
train,2,0,53560,53560,86986,10,11,520,3.25,4,6,2,243.40912061794236,7,92.0,130.0,38.0,3.421052631578948,19.0,0.7142857142857143,13.142857142857142,19.0,1,expanding,losing_streak_fitness,expanding,rep_3,54,10
test,2,0,53560,53560,86986,10,11,520,3.25,4,6,2,161.66632302368973,6,66.0,104.0,38.0,2.736842105263158,38.0,0.6666666666666666,11.0,19.0,2,expanding,losing_streak_fitness,expanding,rep_3,55,10
train,2,0,53560,53560,86986,10,11,520,3.25,4,6,2,243.40912061794236,7,92.0,130.0,38.0,3.421052631578948,19.0,0.7142857142857143,13.142857142857142,19.0,1,expanding,losing_streak_fitness,expanding,rep_3,55,10
test,2,0,53560,53560,86986,10,11,520,3.25,4,6,2,161.66632302368973,6,66.0,104.0,38.0,2.736842105263158,38.0,0.6666666666666666,11.0,19.0,2,expanding,losing_streak_fitness,expanding,rep_3,56,10
train,2,0,53560,53560,86986,10,11,520,3.25,4,6,2,243.40912061794236,7,92.0,130.0,38.0,3.421052631578948,19.0,0.7142857142857143,13.142857142857142,19.0,1,expanding,losing_streak_fitness,expanding,rep_3,56,10
test,2,0,53560,53560,86986,10,11,520,3.25,4,6,2,161.66632302368973,6,66.0,104.0,38.0,2.736842105263158,38.0,0.6666666666666666,11.0,19.0,2,expanding,losing_streak_fitness,expanding,rep_3,57,10
train,2,0,53560,53560,86986,10,11,520,3.25,4,6,2,243.40912061794236,7,92.0,130.0,38.0,3.421052631578948,19.0,0.7142857142857143,13.142857142857142,19.0,1,expanding,losing_streak_fitness,expanding,rep_3,57,10
test,2,0,53560,53560,86986,10,11,520,3.25,4,6,2,161.66632302368973,6,66.0,104.0,38.0,2.736842105263158,38.0,0.6666666666666666,11.0,19.0,2,expanding,losing_streak_fitness,expanding,rep_3,58,10
train,2,0,53560,53560,86986,10,11,520,3.25,4,6,2,243.40912061794236,7,92.0,130.0,38.0,3.421052631578948,19.0,0.7142857142857143,13.142857142857142,19.0,1,expanding,losing_streak_fitness,expanding,rep_3,58,10
test,2,0,53560,53560,86986,10,11,520,3.25,4,6,2,161.66632302368973,6,66.0,104.0,38.0,2.736842105263158,38.0,0.6666666666666666,11.0,19.0,2,expanding,losing_streak_fitness,expanding,rep_3,59,10
train,2,0,53560,53560,86986,10,11,520,3.25,4,6,2,243.40912061794236,7,92.0,130.0,38.0,3.421052631578948,19.0,0.7142857142857143,13.142857142857142,19.0,1,expanding,losing_streak_fitness,expanding,rep_3,59,10
test,2,0,53560,53560,86986,10,11,520,3.25,4,6,2,161.66632302368973,6,66.0,104.0,38.0,2.736842105263158,38.0,0.6666666666666666,11.0,19.0,2,expanding,losing_streak_fitness,expanding,rep_3,60,10
train,2,0,53560,53560,86986,10,11,520,3.25,4,6,2,243.40912061794236,7,92.0,130.0,38.0,3.421052631578948,19.0,0.7142857142857143,13.142857142857142,19.0,1,expanding,losing_streak_fitness,expanding,rep_3,60,10
test,2,0,53560,53560,86986,10,11,520,3.25,4,6,2,161.66632302368973,6,66.0,104.0,38.0,2.736842105263158,38.0,0.6666666666666666,11.0,19.0,2,expanding,losing_streak_fitness,expanding,rep_3,61,10
train,2,0,53560,53560,86986,10,11,520,3.25,4,6,2,243.40912061794236,7,92.0,130.0,38.0,3.421052631578948,19.0,0.7142857142857143,13.142857142857142,19.0,1,expanding,losing_streak_fitness,expanding,rep_3,61,10
test,2,0,53560,53560,86986,10,11,520,3.25,4,6,2,161.66632302368973,6,66.0,104.0,38.0,2.736842105263158,38.0,0.6666666666666666,11.0,19.0,2,expanding,losing_streak_fitness,expanding,rep_3,62,10
train,2,0,53560,53560,86986,10,11,520,3.25,4,6,2,243.40912061794236,7,92.0,130.0,38.0,3.421052631578948,19.0,0.7142857142857143,13.142857142857142,19.0,1,expanding,losing_streak_fitness,expanding,rep_3,62,10
test,2,0,53560,53560,86986,10,11,520,3.25,4,6,2,161.66632302368973,6,66.0,104.0,38.0,2.736842105263158,38.0,0.6666666666666666,11.0,19.0,2,expanding,losing_streak_fitness,expanding,rep_3,63,10
train,2,0,53560,53560,86986,10,11,520,3.25,4,6,2,243.40912061794236,7,92.0,130.0,38.0,3.421052631578948,19.0,0.7142857142857143,13.142857142857142,19.0,1,expanding,losing_streak_fitness,expanding,rep_3,63,10
test,2,0,53560,53560,86986,10,11,520,3.25,4,6,2,161.66632302368973,6,66.0,104.0,38.0,2.736842105263158,38.0,0.6666666666666666,11.0,19.0,2,expanding,losing_streak_fitness,expanding,rep_3,64,10
train,2,0,53560,53560,86986,10,11,520,3.25,4,6,2,243.40912061794236,7,92.0,130.0,38.0,3.421052631578948,19.0,0.7142857142857143,13.142857142857142,19.0,1,expanding,losing_streak_fitness,expanding,rep_3,64,10
test,2,0,53560,53560,86986,10,11,520,3.25,4,6,2,161.66632302368973,6,66.0,104.0,38.0,2.736842105263158,38.0,0.6666666666666666,11.0,19.0,2,expanding,losing_streak_fitness,expanding,rep_3,65,10
train,2,0,53560,53560,86986,10,11,520,3.25,4,6,2,243.40912061794236,7,92.0,130.0,38.0,3.421052631578948,19.0,0.7142857142857143,13.142857142857142,19.0,1,expanding,losing_streak_fitness,expanding,rep_3,65,10
test,2,0,53560,53560,86986,10,11,520,3.25,4,6,2,161.66632302368973,6,66.0,104.0,38.0,2.736842105263158,38.0,0.6666666666666666,11.0,19.0,2,expanding,losing_streak_fitness,expanding,rep_3,66,10
train,2,0,53560,53560,86986,10,11,520,3.25,4,6,2,243.40912061794236,7,92.0,130.0,38.0,3.421052631578948,19.0,0.7142857142857143,13.142857142857142,19.0,1,expanding,losing_streak_fitness,expanding,rep_3,66,10
test,2,0,53560,53560,86986,10,11,520,3.25,4,6,2,161.66632302368973,6,66.0,104.0,38.0,2.736842105263158,38.0,0.6666666666666666,11.0,19.0,2,expanding,losing_streak_fitness,expanding,rep_3,67,10
train,2,0,53560,53560,86986,10,11,520,3.25,4,6,2,243.40912061794236,7,92.0,130.0,38.0,3.421052631578948,19.0,0.7142857142857143,13.142857142857142,19.0,1,expanding,losing_streak_fitness,expanding,rep_3,67,10
test,2,0,53560,53560,86986,10,11,520,3.25,4,6,2,161.66632302368973,6,66.0,104.0,38.0,2.736842105263158,38.0,0.6666666666666666,11.0,19.0,2,expanding,losing_streak_fitness,expanding,rep_3,68,10
train,2,0,53560,53560,86986,10,11,520,3.25,4,6,2,243.40912061794236,7,92.0,130.0,38.0,3.421052631578948,19.0,0.7142857142857143,13.142857142857142,19.0,1,expanding,losing_streak_fitness,expanding,rep_3,68,10
test,2,0,53560,53560,86986,10,11,520,3.25,4,6,2,161.66632302368973,6,66.0,104.0,38.0,2.736842105263158,38.0,0.6666666666666666,11.0,19.0,2,expanding,losing_streak_fitness,expanding,rep_3,69,10
train,2,0,53560,53560,86986,10,11,520,3.25,4,6,2,243.40912061794236,7,92.0,130.0,38.0,3.421052631578948,19.0,0.7142857142857143,13.142857142857142,19.0,1,expanding,losing_streak_fitness,expanding,rep_3,69,10
test,2,0,53560,53560,86986,10,11,520,3.25,4,6,2,161.66632302368973,6,66.0,104.0,38.0,2.736842105263158,38.0,0.6666666666666666,11.0,19.0,2,expanding,losing_streak_fitness,expanding,rep_3,70,10
train,2,0,53560,53560,86986,10,11,520,3.25,4,6,2,243.40912061794236,7,92.0,130.0,38.0,3.421052631578948,19.0,0.7142857142857143,13.142857142857142,19.0,1,expanding,losing_streak_fitness,expanding,rep_3,70,10
test,2,0,53560,53560,86986,10,11,520,3.25,4,6,2,161.66632302368973,6,66.0,104.0,38.0,2.736842105263158,38.0,0.6666666666666666,11.0,19.0,2,expanding,losing_streak_fitness,expanding,rep_3,71,10
train,2,0,53560,53560,86986,10,11,520,3.25,4,6,2,243.40912061794236,7,92.0,130.0,38.0,3.421052631578948,19.0,0.7142857142857143,13.142857142857142,19.0,1,expanding,losing_streak_fitness,expanding,rep_3,71,10
test,2,0,53560,53560,86986,10,11,520,3.25,4,6,2,161.66632302368973,6,66.0,104.0,38.0,2.736842105263158,38.0,0.6666666666666666,11.0,19.0,2,expanding,losing_streak_fitness,expanding,rep_3,72,10
train,2,0,53560,53560,86986,10,11,520,3.25,4,6,2,243.40912061794236,7,92.0,130.0,38.0,3.421052631578948,19.0,0.7142857142857143,13.142857142857142,19.0,1,expanding,losing_streak_fitness,expanding,rep_3,72,10
test,2,0,53560,53560,86986,10,11,520,3.25,4,6,2,161.66632302368973,6,66.0,104.0,38.0,2.736842105263158,38.0,0.6666666666666666,11.0,19.0,2,expanding,losing_streak_fitness,expanding,rep_3,73,10
train,2,0,53560,53560,86986,10,11,520,3.25,4,6,2,243.40912061794236,7,92.0,130.0,38.0,3.421052631578948,19.0,0.7142857142857143,13.142857142857142,19.0,1,expanding,losing_streak_fitness,expanding,rep_3,73,10
test,2,0,53560,53560,86986,10,11,520,3.25,4,6,2,161.66632302368973,6,66.0,104.0,38.0,2.736842105263158,38.0,0.6666666666666666,11.0,19.0,2,expanding,losing_streak_fitness,expanding,rep_3,74,10
train,2,0,53560,53560,86986,10,11,520,3.25,4,6,2,243.40912061794236,7,92.0,130.0,38.0,3.421052631578948,19.0,0.7142857142857143,13.142857142857142,19.0,1,expanding,losing_streak_fitness,expanding,rep_3,74,10
test,2,0,53560,53560,86986,10,11,520,3.25,4,6,2,161.66632302368973,6,66.0,104.0,38.0,2.736842105263158,38.0,0.6666666666666666,11.0,19.0,2,expanding,losing_streak_fitness,expanding,rep_3,75,10
train,2,0,53560,53560,86986,10,11,520,3.25,4,6,2,243.40912061794236,7,92.0,130.0,38.0,3.421052631578948,19.0,0.7142857142857143,13.142857142857142,19.0,1,expanding,losing_streak_fitness,expanding,rep_3,75,10
test,2,0,53560,53560,86986,10,11,520,3.25,4,6,2,161.66632302368973,6,66.0,104.0,38.0,2.736842105263158,38.0,0.6666666666666666,11.0,19.0,2,expanding,losing_streak_fitness,expanding,rep_3,76,10
train,2,0,53560,53560,86986,10,11,520,3.25,4,6,2,243.40912061794236,7,92.0,130.0,38.0,3.421052631578948,19.0,0.7142857142857143,13.142857142857142,19.0,1,expanding,losing_streak_fitness,expanding,rep_3,76,10
test,2,0,53560,53560,86986,10,11,520,3.25,4,6,2,161.66632302368973,6,66.0,104.0,38.0,2.736842105263158,38.0,0.6666666666666666,11.0,19.0,2,expanding,losing_streak_fitness,expanding,rep_3,77,10
train,2,0,53560,53560,86986,10,11,520,3.25,4,6,2,243.40912061794236,7,92.0,130.0,38.0,3.421052631578948,19.0,0.7142857142857143,13.142857142857142,19.0,1,expanding,losing_streak_fitness,expanding,rep_3,77,10
test,2,0,53560,53560,86986,10,11,520,3.25,4,6,2,161.66632302368973,6,66.0,104.0,38.0,2.736842105263158,38.0,0.6666666666666666,11.0,19.0,2,expanding,losing_streak_fitness,expanding,rep_3,78,10
train,2,0,53560,53560,86986,10,11,520,3.25,4,6,2,243.40912061794236,7,92.0,130.0,38.0,3.421052631578948,19.0,0.7142857142857143,13.142857142857142,19.0,1,expanding,losing_streak_fitness,expanding,rep_3,78,10
test,2,0,53560,53560,86986,10,11,520,3.25,4,6,2,161.66632302368973,6,66.0,104.0,38.0,2.736842105263158,38.0,0.6666666666666666,11.0,19.0,2,expanding,losing_streak_fitness,expanding,rep_3,79,10
train,2,0,53560,53560,86986,10,11,520,3.25,4,6,2,243.40912061794236,7,92.0,130.0,38.0,3.421052631578948,19.0,0.7142857142857143,13.142857142857142,19.0,1,expanding,losing_streak_fitness,expanding,rep_3,79,10
test,2,0,53560,53560,86986,10,11,520,3.25,4,6,2,161.66632302368973,6,66.0,104.0,38.0,2.736842105263158,38.0,0.6666666666666666,11.0,19.0,2,expanding,losing_streak_fitness,expanding,rep_3,80,10
train,2,0,53560,53560,86986,10,11,520,3.25,4,6,2,243.40912061794236,7,92.0,130.0,38.0,3.421052631578948,19.0,0.7142857142857143,13.142857142857142,19.0,1,expanding,losing_streak_fitness,expanding,rep_3,80,10
test,2,0,53560,53560,86986,10,11,520,3.25,4,6,2,161.66632302368973,6,66.0,104.0,38.0,2.736842105263158,38.0,0.6666666666666666,11.0,19.0,2,expanding,losing_streak_fitness,expanding,rep_3,81,10
train,2,0,53560,53560,86986,10,11,520,3.25,4,6,2,243.40912061794236,7,92.0,130.0,38.0,3.421052631578948,19.0,0.7142857142857143,13.142857142857142,19.0,1,expanding,losing_streak_fitness,expanding,rep_3,81,10
test,2,0,53560,53560,86986,10,11,520,3.25,4,6,2,161.66632302368973,6,66.0,104.0,38.0,2.736842105263158,38.0,0.6666666666666666,11.0,19.0,2,expanding,losing_streak_fitness,expanding,rep_3,82,10
train,2,0,53560,53560,86986,10,11,520,3.25,4,6,2,243.40912061794236,7,92.0,130.0,38.0,3.421052631578948,19.0,0.7142857142857143,13.142857142857142,19.0,1,expanding,losing_streak_fitness,expanding,rep_3,82,10
test,2,0,53560,53560,86986,10,11,520,3.25,4,6,2,161.66632302368973,6,66.0,104.0,38.0,2.736842105263158,38.0,0.6666666666666666,11.0,19.0,2,expanding,losing_streak_fitness,expanding,rep_3,83,10
train,2,0,53560,53560,86986,10,11,520,3.25,4,6,2,243.40912061794236,7,92.0,130.0,38.0,3.421052631578948,19.0,0.7142857142857143,13.142857142857142,19.0,1,expanding,losing_streak_fitness,expanding,rep_3,83,10
test,2,0,53560,53560,86986,10,11,520,3.25,4,6,2,161.66632302368973,6,66.0,104.0,38.0,2.736842105263158,38.0,0.6666666666666666,11.0,19.0,2,expanding,losing_streak_fitness,expanding,rep_3,84,10
train,2,0,53560,53560,86986,10,11,520,3.25,4,6,2,243.40912061794236,7,92.0,130.0,38.0,3.421052631578948,19.0,0.7142857142857143,13.142857142857142,19.0,1,expanding,losing_streak_fitness,expanding,rep_3,84,10
test,2,0,53560,53560,86986,10,11,520,3.25,4,6,2,161.66632302368973,6,66.0,104.0,38.0,2.736842105263158,38.0,0.6666666666666666,11.0,19.0,2,expanding,losing_streak_fitness,expanding,rep_3,85,10
train,2,0,53560,53560,86986,10,11,520,3.25,4,6,2,243.40912061794236,7,92.0,130.0,38.0,3.421052631578948,19.0,0.7142857142857143,13.142857142857142,19.0,1,expanding,losing_streak_fitness,expanding,rep_3,85,10
test,2,0,53560,53560,86986,10,11,520,3.25,4,6,2,161.66632302368973,6,66.0,104.0,38.0,2.736842105263158,38.0,0.6666666666666666,11.0,19.0,2,expanding,losing_streak_fitness,expanding,rep_3,86,10
train,2,0,53560,53560,86986,10,11,520,3.25,4,6,2,243.40912061794236,7,92.0,130.0,38.0,3.421052631578948,19.0,0.7142857142857143,13.142857142857142,19.0,1,expanding,losing_streak_fitness,expanding,rep_3,86,10
test,2,0,53560,53560,86986,10,11,520,3.25,4,6,2,161.66632302368973,6,66.0,104.0,38.0,2.736842105263158,38.0,0.6666666666666666,11.0,19.0,2,expanding,losing_streak_fitness,expanding,rep_3,87,10
train,2,0,53560,53560,86986,10,11,520,3.25,4,6,2,243.40912061794236,7,92.0,130.0,38.0,3.421052631578948,19.0,0.7142857142857143,13.142857142857142,19.0,1,expanding,losing_streak_fitness,expanding,rep_3,87,10
test,2,0,53560,53560,86986,10,11,520,3.25,4,6,2,161.66632302368973,6,66.0,104.0,38.0,2.736842105263158,38.0,0.6666666666666666,11.0,19.0,2,expanding,losing_streak_fitness,expanding,rep_3,88,10
train,2,0,53560,53560,86986,10,11,520,3.25,4,6,2,243.40912061794236,7,92.0,130.0,38.0,3.421052631578948,19.0,0.7142857142857143,13.142857142857142,19.0,1,expanding,losing_streak_fitness,expanding,rep_3,88,10
test,2,0,53560,53560,86986,10,11,520,3.25,4,6,2,161.66632302368973,6,66.0,104.0,38.0,2.736842105263158,38.0,0.6666666666666666,11.0,19.0,2,expanding,losing_streak_fitness,expanding,rep_3,89,10
train,2,0,53560,53560,86986,10,11,520,3.25,4,6,2,243.40912061794236,7,92.0,130.0,38.0,3.421052631578948,19.0,0.7142857142857143,13.142857142857142,19.0,1,expanding,losing_streak_fitness,expanding,rep_3,89,10
test,2,0,53560,53560,86986,10,11,520,3.25,4,6,2,161.66632302368973,6,66.0,104.0,38.0,2.736842105263158,38.0,0.6666666666666666,11.0,19.0,2,expanding,losing_streak_fitness,expanding,rep_3,90,10
train,2,0,53560,53560,86986,10,11,520,3.25,4,6,2,243.40912061794236,7,92.0,130.0,38.0,3.421052631578948,19.0,0.7142857142857143,13.142857142857142,19.0,1,expanding,losing_streak_fitness,expanding,rep_3,90,10
test,2,0,53560,53560,86986,10,11,520,3.25,4,6,2,161.66632302368973,6,66.0,104.0,38.0,2.736842105263158,38.0,0.6666666666666666,11.0,19.0,2,expanding,losing_streak_fitness,expanding,rep_3,91,10
train,2,0,53560,53560,86986,10,11,520,3.25,4,6,2,243.40912061794236,7,92.0,130.0,38.0,3.421052631578948,19.0,0.7142857142857143,13.142857142857142,19.0,1,expanding,losing_streak_fitness,expanding,rep_3,91,10
test,2,0,53560,53560,86986,10,11,520,3.25,4,6,2,161.66632302368973,6,66.0,104.0,38.0,2.736842105263158,38.0,0.6666666666666666,11.0,19.0,2,expanding,losing_streak_fitness,expanding,rep_3,92,10
train,2,0,53560,53560,86986,10,11,520,3.25,4,6,2,243.40912061794236,7,92.0,130.0,38.0,3.421052631578948,19.0,0.7142857142857143,13.142857142857142,19.0,1,expanding,losing_streak_fitness,expanding,rep_3,92,10
test,2,0,53560,53560,86986,10,11,520,3.25,4,6,2,161.66632302368973,6,66.0,104.0,38.0,2.736842105263158,38.0,0.6666666666666666,11.0,19.0,2,expanding,losing_streak_fitness,expanding,rep_3,93,10
train,2,0,53560,53560,86986,10,11,520,3.25,4,6,2,243.40912061794236,7,92.0,130.0,38.0,3.421052631578948,19.0,0.7142857142857143,13.142857142857142,19.0,1,expanding,losing_streak_fitness,expanding,rep_3,93,10
test,2,0,53560,53560,86986,10,11,520,3.25,4,6,2,161.66632302368973,6,66.0,104.0,38.0,2.736842105263158,38.0,0.6666666666666666,11.0,19.0,2,expanding,losing_streak_fitness,expanding,rep_3,94,10
train,2,0,53560,53560,86986,10,11,520,3.25,4,6,2,243.40912061794236,7,92.0,130.0,38.0,3.421052631578948,19.0,0.7142857142857143,13.142857142857142,19.0,1,expanding,losing_streak_fitness,expanding,rep_3,94,10
test,2,0,53560,53560,86986,10,11,520,3.25,4,6,2,161.66632302368973,6,66.0,104.0,38.0,2.736842105263158,38.0,0.6666666666666666,11.0,19.0,2,expanding,losing_streak_fitness,expanding,rep_3,95,10
train,2,0,53560,53560,86986,10,11,520,3.25,4,6,2,243.40912061794236,7,92.0,130.0,38.0,3.421052631578948,19.0,0.7142857142857143,13.142857142857142,19.0,1,expanding,losing_streak_fitness,expanding,rep_3,95,10
test,2,0,53560,53560,86986,10,11,520,3.25,4,6,2,161.66632302368973,6,66.0,104.0,38.0,2.736842105263158,38.0,0.6666666666666666,11.0,19.0,2,expanding,losing_streak_fitness,expanding,rep_3,96,10
train,2,0,53560,53560,86986,10,11,520,3.25,4,6,2,243.40912061794236,7,92.0,130.0,38.0,3.421052631578948,19.0,0.7142857142857143,13.142857142857142,19.0,1,expanding,losing_streak_fitness,expanding,rep_3,96,10
test,2,0,53560,53560,86986,10,11,520,3.25,4,6,2,161.66632302368973,6,66.0,104.0,38.0,2.736842105263158,38.0,0.6666666666666666,11.0,19.0,2,expanding,losing_streak_fitness,expanding,rep_3,97,10
train,2,0,53560,53560,86986,10,11,520,3.25,4,6,2,243.40912061794236,7,92.0,130.0,38.0,3.421052631578948,19.0,0.7142857142857143,13.142857142857142,19.0,1,expanding,losing_streak_fitness,expanding,rep_3,97,10
test,2,0,53560,53560,86986,10,11,520,3.25,4,6,2,161.66632302368973,6,66.0,104.0,38.0,2.736842105263158,38.0,0.6666666666666666,11.0,19.0,2,expanding,losing_streak_fitness,expanding,rep_3,98,10
train,2,0,53560,53560,86986,10,11,520,3.25,4,6,2,243.40912061794236,7,92.0,130.0,38.0,3.421052631578948,19.0,0.7142857142857143,13.142857142857142,19.0,1,expanding,losing_streak_fitness,expanding,rep_3,98,10
test,2,0,53560,53560,86986,10,11,520,3.25,4,6,2,161.66632302368973,6,66.0,104.0,38.0,2.736842105263158,38.0,0.6666666666666666,11.0,19.0,2,expanding,losing_streak_fitness,expanding,rep_3,99,10
train,2,0,53560,53560,86986,10,11,520,3.25,4,6,2,243.40912061794236,7,92.0,130.0,38.0,3.421052631578948,19.0,0.7142857142857143,13.142857142857142,19.0,1,expanding,losing_streak_fitness,expanding,rep_3,99,10
test,2,0,53560,53560,86986,10,11,520,3.25,4,6,2,161.66632302368973,6,66.0,104.0,38.0,2.736842105263158,38.0,0.6666666666666666,11.0,19.0,2,expanding,losing_streak_fitness,expanding,rep_3,100,10
train,2,0,53560,53560,86986,10,11,520,3.25,4,6,2,243.40912061794236,7,92.0,130.0,38.0,3.421052631578948,19.0,0.7142857142857143,13.142857142857142,19.0,1,expanding,losing_streak_fitness,expanding,rep_3,100,10
test,3,0,86986,86986,125287,0,13,851,4.0,11,14,2,-22.360679774997894,5,-10.0,66.0,76.0,0.868421052631579,57.0,0.2,-2.0,19.0,3,expanding,losing_streak_fitness,expanding,rep_3,0,0
train,3,0,86986,86986,125287,0,13,851,4.0,11,14,2,357.7708763999664,5,160.0,198.0,38.0,5.2105263157894735,19.0,0.6,32.0,19.0,1,expanding,losing_streak_fitness,expanding,rep_3,0,0
test,3,0,86986,86986,125287,1,13,1517,3.0,8,22,7,149.64918977395098,12,72.0,424.0,352.0,1.2045454545454546,220.0,0.3333333333333333,6.0,44.0,5,expanding,losing_streak_fitness,expanding,rep_3,1,1
train,3,0,86986,86986,125287,1,13,1517,3.0,8,22,7,455.6050921576711,6,186.0,318.0,132.0,2.409090909090909,44.0,0.5,31.0,44.0,1,expanding,losing_streak_fitness,expanding,rep_3,1,1
test,3,0,86986,86986,125287,1,13,1517,3.0,8,22,7,149.64918977395098,12,72.0,424.0,352.0,1.2045454545454546,220.0,0.3333333333333333,6.0,44.0,5,expanding,losing_streak_fitness,expanding,rep_3,2,1
train,3,0,86986,86986,125287,1,13,1517,3.0,8,22,7,455.6050921576711,6,186.0,318.0,132.0,2.409090909090909,44.0,0.5,31.0,44.0,1,expanding,losing_streak_fitness,expanding,rep_3,2,1
test,3,0,86986,86986,125287,1,13,1517,3.0,8,22,7,149.64918977395098,12,72.0,424.0,352.0,1.2045454545454546,220.0,0.3333333333333333,6.0,44.0,5,expanding,losing_streak_fitness,expanding,rep_3,3,1
train,3,0,86986,86986,125287,1,13,1517,3.0,8,22,7,455.6050921576711,6,186.0,318.0,132.0,2.409090909090909,44.0,0.5,31.0,44.0,1,expanding,losing_streak_fitness,expanding,rep_3,3,1
test,3,0,86986,86986,125287,4,13,833,4.0,6,21,2,79.05694150420949,10,50.0,202.0,152.0,1.3289473684210529,114.0,0.2,5.0,19.0,6,expanding,losing_streak_fitness,expanding,rep_3,4,4
train,3,0,86986,86986,125287,4,13,833,4.0,6,21,2,602.5744767246617,6,246.0,303.0,57.0,5.315789473684211,19.0,0.5,41.0,19.0,1,expanding,losing_streak_fitness,expanding,rep_3,4,4
test,3,0,86986,86986,125287,4,13,833,4.0,6,21,2,79.05694150420949,10,50.0,202.0,152.0,1.3289473684210529,114.0,0.2,5.0,19.0,6,expanding,losing_streak_fitness,expanding,rep_3,5,4
train,3,0,86986,86986,125287,4,13,833,4.0,6,21,2,602.5744767246617,6,246.0,303.0,57.0,5.315789473684211,19.0,0.5,41.0,19.0,1,expanding,losing_streak_fitness,expanding,rep_3,5,4
test,3,0,86986,86986,125287,4,13,833,4.0,6,21,2,79.05694150420949,10,50.0,202.0,152.0,1.3289473684210529,114.0,0.2,5.0,19.0,6,expanding,losing_streak_fitness,expanding,rep_3,6,4
train,3,0,86986,86986,125287,4,13,833,4.0,6,21,2,602.5744767246617,6,246.0,303.0,57.0,5.315789473684211,19.0,0.5,41.0,19.0,1,expanding,losing_streak_fitness,expanding,rep_3,6,4
test,3,0,86986,86986,125287,4,13,833,4.0,6,21,2,79.05694150420949,10,50.0,202.0,152.0,1.3289473684210529,114.0,0.2,5.0,19.0,6,expanding,losing_streak_fitness,expanding,rep_3,7,4
train,3,0,86986,86986,125287,4,13,833,4.0,6,21,2,602.5744767246617,6,246.0,303.0,57.0,5.315789473684211,19.0,0.5,41.0,19.0,1,expanding,losing_streak_fitness,expanding,rep_3,7,4
test,3,0,86986,86986,125287,4,13,833,4.0,6,21,2,79.05694150420949,10,50.0,202.0,152.0,1.3289473684210529,114.0,0.2,5.0,19.0,6,expanding,losing_streak_fitness,expanding,rep_3,8,4
train,3,0,86986,86986,125287,4,13,833,4.0,6,21,2,602.5744767246617,6,246.0,303.0,57.0,5.315789473684211,19.0,0.5,41.0,19.0,1,expanding,losing_streak_fitness,expanding,rep_3,8,4
test,3,0,86986,86986,125287,9,13,885,4.0,4,23,2,110.67971810589329,10,70.0,222.0,152.0,1.4605263157894737,114.0,0.2,7.0,19.0,6,expanding,losing_streak_fitness,expanding,rep_3,9,9
train,3,0,86986,86986,125287,9,13,885,4.0,4,23,2,659.640053362438,5,295.0,333.0,38.0,8.763157894736842,19.0,0.6,59.0,19.0,1,expanding,losing_streak_fitness,expanding,rep_3,9,9
test,3,0,86986,86986,125287,9,13,885,4.0,4,23,2,110.67971810589329,10,70.0,222.0,152.0,1.4605263157894737,114.0,0.2,7.0,19.0,6,expanding,losing_streak_fitness,expanding,rep_3,10,9
train,3,0,86986,86986,125287,9,13,885,4.0,4,23,2,659.640053362438,5,295.0,333.0,38.0,8.763157894736842,19.0,0.6,59.0,19.0,1,expanding,losing_streak_fitness,expanding,rep_3,10,9
test,3,0,86986,86986,125287,9,13,885,4.0,4,23,2,110.67971810589329,10,70.0,222.0,152.0,1.4605263157894737,114.0,0.2,7.0,19.0,6,expanding,losing_streak_fitness,expanding,rep_3,11,9
train,3,0,86986,86986,125287,9,13,885,4.0,4,23,2,659.640053362438,5,295.0,333.0,38.0,8.763157894736842,19.0,0.6,59.0,19.0,1,expanding,losing_streak_fitness,expanding,rep_3,11,9
test,3,0,86986,86986,125287,9,13,885,4.0,4,23,2,110.67971810589329,10,70.0,222.0,152.0,1.4605263157894737,114.0,0.2,7.0,19.0,6,expanding,losing_streak_fitness,expanding,rep_3,12,9
train,3,0,86986,86986,125287,9,13,885,4.0,4,23,2,659.640053362438,5,295.0,333.0,38.0,8.763157894736842,19.0,0.6,59.0,19.0,1,expanding,losing_streak_fitness,expanding,rep_3,12,9
test,3,0,86986,86986,125287,9,13,885,4.0,4,23,2,110.67971810589329,10,70.0,222.0,152.0,1.4605263157894737,114.0,0.2,7.0,19.0,6,expanding,losing_streak_fitness,expanding,rep_3,13,9
train,3,0,86986,86986,125287,9,13,885,4.0,4,23,2,659.640053362438,5,295.0,333.0,38.0,8.763157894736842,19.0,0.6,59.0,19.0,1,expanding,losing_streak_fitness,expanding,rep_3,13,9
test,3,0,86986,86986,125287,9,13,885,4.0,4,23,2,110.67971810589329,10,70.0,222.0,152.0,1.4605263157894737,114.0,0.2,7.0,19.0,6,expanding,losing_streak_fitness,expanding,rep_3,14,9
train,3,0,86986,86986,125287,9,13,885,4.0,4,23,2,659.640053362438,5,295.0,333.0,38.0,8.763157894736842,19.0,0.6,59.0,19.0,1,expanding,losing_streak_fitness,expanding,rep_3,14,9
test,3,0,86986,86986,125287,9,13,885,4.0,4,23,2,110.67971810589329,10,70.0,222.0,152.0,1.4605263157894737,114.0,0.2,7.0,19.0,6,expanding,losing_streak_fitness,expanding,rep_3,15,9
train,3,0,86986,86986,125287,9,13,885,4.0,4,23,2,659.640053362438,5,295.0,333.0,38.0,8.763157894736842,19.0,0.6,59.0,19.0,1,expanding,losing_streak_fitness,expanding,rep_3,15,9
test,3,0,86986,86986,125287,9,13,885,4.0,4,23,2,110.67971810589329,10,70.0,222.0,152.0,1.4605263157894737,114.0,0.2,7.0,19.0,6,expanding,losing_streak_fitness,expanding,rep_3,16,9
train,3,0,86986,86986,125287,9,13,885,4.0,4,23,2,659.640053362438,5,295.0,333.0,38.0,8.763157894736842,19.0,0.6,59.0,19.0,1,expanding,losing_streak_fitness,expanding,rep_3,16,9
test,3,0,86986,86986,125287,9,13,885,4.0,4,23,2,110.67971810589329,10,70.0,222.0,152.0,1.4605263157894737,114.0,0.2,7.0,19.0,6,expanding,losing_streak_fitness,expanding,rep_3,17,9
train,3,0,86986,86986,125287,9,13,885,4.0,4,23,2,659.640053362438,5,295.0,333.0,38.0,8.763157894736842,19.0,0.6,59.0,19.0,1,expanding,losing_streak_fitness,expanding,rep_3,17,9
test,3,0,86986,86986,125287,9,13,885,4.0,4,23,2,110.67971810589329,10,70.0,222.0,152.0,1.4605263157894737,114.0,0.2,7.0,19.0,6,expanding,losing_streak_fitness,expanding,rep_3,18,9
train,3,0,86986,86986,125287,9,13,885,4.0,4,23,2,659.640053362438,5,295.0,333.0,38.0,8.763157894736842,19.0,0.6,59.0,19.0,1,expanding,losing_streak_fitness,expanding,rep_3,18,9
test,3,0,86986,86986,125287,9,13,885,4.0,4,23,2,110.67971810589329,10,70.0,222.0,152.0,1.4605263157894737,114.0,0.2,7.0,19.0,6,expanding,losing_streak_fitness,expanding,rep_3,19,9
train,3,0,86986,86986,125287,9,13,885,4.0,4,23,2,659.640053362438,5,295.0,333.0,38.0,8.763157894736842,19.0,0.6,59.0,19.0,1,expanding,losing_streak_fitness,expanding,rep_3,19,9
test,3,0,86986,86986,125287,9,13,885,4.0,4,23,2,110.67971810589329,10,70.0,222.0,152.0,1.4605263157894737,114.0,0.2,7.0,19.0,6,expanding,losing_streak_fitness,expanding,rep_3,20,9
train,3,0,86986,86986,125287,9,13,885,4.0,4,23,2,659.640053362438,5,295.0,333.0,38.0,8.763157894736842,19.0,0.6,59.0,19.0,1,expanding,losing_streak_fitness,expanding,rep_3,20,9
test,3,0,86986,86986,125287,9,13,885,4.0,4,23,2,110.67971810589329,10,70.0,222.0,152.0,1.4605263157894737,114.0,0.2,7.0,19.0,6,expanding,losing_streak_fitness,expanding,rep_3,21,9
train,3,0,86986,86986,125287,9,13,885,4.0,4,23,2,659.640053362438,5,295.0,333.0,38.0,8.763157894736842,19.0,0.6,59.0,19.0,1,expanding,losing_streak_fitness,expanding,rep_3,21,9
test,3,0,86986,86986,125287,9,13,885,4.0,4,23,2,110.67971810589329,10,70.0,222.0,152.0,1.4605263157894737,114.0,0.2,7.0,19.0,6,expanding,losing_streak_fitness,expanding,rep_3,22,9
train,3,0,86986,86986,125287,9,13,885,4.0,4,23,2,659.640053362438,5,295.0,333.0,38.0,8.763157894736842,19.0,0.6,59.0,19.0,1,expanding,losing_streak_fitness,expanding,rep_3,22,9
test,3,0,86986,86986,125287,9,13,885,4.0,4,23,2,110.67971810589329,10,70.0,222.0,152.0,1.4605263157894737,114.0,0.2,7.0,19.0,6,expanding,losing_streak_fitness,expanding,rep_3,23,9
train,3,0,86986,86986,125287,9,13,885,4.0,4,23,2,659.640053362438,5,295.0,333.0,38.0,8.763157894736842,19.0,0.6,59.0,19.0,1,expanding,losing_streak_fitness,expanding,rep_3,23,9
test,3,0,86986,86986,125287,9,13,885,4.0,4,23,2,110.67971810589329,10,70.0,222.0,152.0,1.4605263157894737,114.0,0.2,7.0,19.0,6,expanding,losing_streak_fitness,expanding,rep_3,24,9
train,3,0,86986,86986,125287,9,13,885,4.0,4,23,2,659.640053362438,5,295.0,333.0,38.0,8.763157894736842,19.0,0.6,59.0,19.0,1,expanding,losing_streak_fitness,expanding,rep_3,24,9
test,3,0,86986,86986,125287,9,13,885,4.0,4,23,2,110.67971810589329,10,70.0,222.0,152.0,1.4605263157894737,114.0,0.2,7.0,19.0,6,expanding,losing_streak_fitness,expanding,rep_3,25,9
train,3,0,86986,86986,125287,9,13,885,4.0,4,23,2,659.640053362438,5,295.0,333.0,38.0,8.763157894736842,19.0,0.6,59.0,19.0,1,expanding,losing_streak_fitness,expanding,rep_3,25,9
test,3,0,86986,86986,125287,9,13,885,4.0,4,23,2,110.67971810589329,10,70.0,222.0,152.0,1.4605263157894737,114.0,0.2,7.0,19.0,6,expanding,losing_streak_fitness,expanding,rep_3,26,9
train,3,0,86986,86986,125287,9,13,885,4.0,4,23,2,659.640053362438,5,295.0,333.0,38.0,8.763157894736842,19.0,0.6,59.0,19.0,1,expanding,losing_streak_fitness,expanding,rep_3,26,9
test,3,0,86986,86986,125287,9,13,885,4.0,4,23,2,110.67971810589329,10,70.0,222.0,152.0,1.4605263157894737,114.0,0.2,7.0,19.0,6,expanding,losing_streak_fitness,expanding,rep_3,27,9
train,3,0,86986,86986,125287,9,13,885,4.0,4,23,2,659.640053362438,5,295.0,333.0,38.0,8.763157894736842,19.0,0.6,59.0,19.0,1,expanding,losing_streak_fitness,expanding,rep_3,27,9
test,3,0,86986,86986,125287,9,13,885,4.0,4,23,2,110.67971810589329,10,70.0,222.0,152.0,1.4605263157894737,114.0,0.2,7.0,19.0,6,expanding,losing_streak_fitness,expanding,rep_3,28,9
train,3,0,86986,86986,125287,9,13,885,4.0,4,23,2,659.640053362438,5,295.0,333.0,38.0,8.763157894736842,19.0,0.6,59.0,19.0,1,expanding,losing_streak_fitness,expanding,rep_3,28,9
test,3,0,86986,86986,125287,9,13,885,4.0,4,23,2,110.67971810589329,10,70.0,222.0,152.0,1.4605263157894737,114.0,0.2,7.0,19.0,6,expanding,losing_streak_fitness,expanding,rep_3,29,9
train,3,0,86986,86986,125287,9,13,885,4.0,4,23,2,659.640053362438,5,295.0,333.0,38.0,8.763157894736842,19.0,0.6,59.0,19.0,1,expanding,losing_streak_fitness,expanding,rep_3,29,9
test,3,0,86986,86986,125287,9,13,885,4.0,4,23,2,110.67971810589329,10,70.0,222.0,152.0,1.4605263157894737,114.0,0.2,7.0,19.0,6,expanding,losing_streak_fitness,expanding,rep_3,30,9
train,3,0,86986,86986,125287,9,13,885,4.0,4,23,2,659.640053362438,5,295.0,333.0,38.0,8.763157894736842,19.0,0.6,59.0,19.0,1,expanding,losing_streak_fitness,expanding,rep_3,30,9
test,3,0,86986,86986,125287,9,13,885,4.0,4,23,2,110.67971810589329,10,70.0,222.0,152.0,1.4605263157894737,114.0,0.2,7.0,19.0,6,expanding,losing_streak_fitness,expanding,rep_3,31,9
train,3,0,86986,86986,125287,9,13,885,4.0,4,23,2,659.640053362438,5,295.0,333.0,38.0,8.763157894736842,19.0,0.6,59.0,19.0,1,expanding,losing_streak_fitness,expanding,rep_3,31,9
test,3,0,86986,86986,125287,9,13,885,4.0,4,23,2,110.67971810589329,10,70.0,222.0,152.0,1.4605263157894737,114.0,0.2,7.0,19.0,6,expanding,losing_streak_fitness,expanding,rep_3,32,9
train,3,0,86986,86986,125287,9,13,885,4.0,4,23,2,659.640053362438,5,295.0,333.0,38.0,8.763157894736842,19.0,0.6,59.0,19.0,1,expanding,losing_streak_fitness,expanding,rep_3,32,9
test,3,0,86986,86986,125287,9,13,885,4.0,4,23,2,110.67971810589329,10,70.0,222.0,152.0,1.4605263157894737,114.0,0.2,7.0,19.0,6,expanding,losing_streak_fitness,expanding,rep_3,33,9
train,3,0,86986,86986,125287,9,13,885,4.0,4,23,2,659.640053362438,5,295.0,333.0,38.0,8.763157894736842,19.0,0.6,59.0,19.0,1,expanding,losing_streak_fitness,expanding,rep_3,33,9
test,3,0,86986,86986,125287,9,13,885,4.0,4,23,2,110.67971810589329,10,70.0,222.0,152.0,1.4605263157894737,114.0,0.2,7.0,19.0,6,expanding,losing_streak_fitness,expanding,rep_3,34,9
train,3,0,86986,86986,125287,9,13,885,4.0,4,23,2,659.640053362438,5,295.0,333.0,38.0,8.763157894736842,19.0,0.6,59.0,19.0,1,expanding,losing_streak_fitness,expanding,rep_3,34,9
test,3,0,86986,86986,125287,9,13,885,4.0,4,23,2,110.67971810589329,10,70.0,222.0,152.0,1.4605263157894737,114.0,0.2,7.0,19.0,6,expanding,losing_streak_fitness,expanding,rep_3,35,9
train,3,0,86986,86986,125287,9,13,885,4.0,4,23,2,659.640053362438,5,295.0,333.0,38.0,8.763157894736842,19.0,0.6,59.0,19.0,1,expanding,losing_streak_fitness,expanding,rep_3,35,9
test,3,0,86986,86986,125287,9,13,885,4.0,4,23,2,110.67971810589329,10,70.0,222.0,152.0,1.4605263157894737,114.0,0.2,7.0,19.0,6,expanding,losing_streak_fitness,expanding,rep_3,36,9
train,3,0,86986,86986,125287,9,13,885,4.0,4,23,2,659.640053362438,5,295.0,333.0,38.0,8.763157894736842,19.0,0.6,59.0,19.0,1,expanding,losing_streak_fitness,expanding,rep_3,36,9
test,3,0,86986,86986,125287,9,13,885,4.0,4,23,2,110.67971810589329,10,70.0,222.0,152.0,1.4605263157894737,114.0,0.2,7.0,19.0,6,expanding,losing_streak_fitness,expanding,rep_3,37,9
train,3,0,86986,86986,125287,9,13,885,4.0,4,23,2,659.640053362438,5,295.0,333.0,38.0,8.763157894736842,19.0,0.6,59.0,19.0,1,expanding,losing_streak_fitness,expanding,rep_3,37,9
test,3,0,86986,86986,125287,9,13,885,4.0,4,23,2,110.67971810589329,10,70.0,222.0,152.0,1.4605263157894737,114.0,0.2,7.0,19.0,6,expanding,losing_streak_fitness,expanding,rep_3,38,9
train,3,0,86986,86986,125287,9,13,885,4.0,4,23,2,659.640053362438,5,295.0,333.0,38.0,8.763157894736842,19.0,0.6,59.0,19.0,1,expanding,losing_streak_fitness,expanding,rep_3,38,9
test,3,0,86986,86986,125287,9,13,885,4.0,4,23,2,110.67971810589329,10,70.0,222.0,152.0,1.4605263157894737,114.0,0.2,7.0,19.0,6,expanding,losing_streak_fitness,expanding,rep_3,39,9
train,3,0,86986,86986,125287,9,13,885,4.0,4,23,2,659.640053362438,5,295.0,333.0,38.0,8.763157894736842,19.0,0.6,59.0,19.0,1,expanding,losing_streak_fitness,expanding,rep_3,39,9
test,3,0,86986,86986,125287,9,13,885,4.0,4,23,2,110.67971810589329,10,70.0,222.0,152.0,1.4605263157894737,114.0,0.2,7.0,19.0,6,expanding,losing_streak_fitness,expanding,rep_3,40,9
train,3,0,86986,86986,125287,9,13,885,4.0,4,23,2,659.640053362438,5,295.0,333.0,38.0,8.763157894736842,19.0,0.6,59.0,19.0,1,expanding,losing_streak_fitness,expanding,rep_3,40,9
test,3,0,86986,86986,125287,9,13,885,4.0,4,23,2,110.67971810589329,10,70.0,222.0,152.0,1.4605263157894737,114.0,0.2,7.0,19.0,6,expanding,losing_streak_fitness,expanding,rep_3,41,9
train,3,0,86986,86986,125287,9,13,885,4.0,4,23,2,659.640053362438,5,295.0,333.0,38.0,8.763157894736842,19.0,0.6,59.0,19.0,1,expanding,losing_streak_fitness,expanding,rep_3,41,9
test,3,0,86986,86986,125287,9,13,885,4.0,4,23,2,110.67971810589329,10,70.0,222.0,152.0,1.4605263157894737,114.0,0.2,7.0,19.0,6,expanding,losing_streak_fitness,expanding,rep_3,42,9
train,3,0,86986,86986,125287,9,13,885,4.0,4,23,2,659.640053362438,5,295.0,333.0,38.0,8.763157894736842,19.0,0.6,59.0,19.0,1,expanding,losing_streak_fitness,expanding,rep_3,42,9
test,3,0,86986,86986,125287,9,13,885,4.0,4,23,2,110.67971810589329,10,70.0,222.0,152.0,1.4605263157894737,114.0,0.2,7.0,19.0,6,expanding,losing_streak_fitness,expanding,rep_3,43,9
train,3,0,86986,86986,125287,9,13,885,4.0,4,23,2,659.640053362438,5,295.0,333.0,38.0,8.763157894736842,19.0,0.6,59.0,19.0,1,expanding,losing_streak_fitness,expanding,rep_3,43,9
test,3,0,86986,86986,125287,9,13,885,4.0,4,23,2,110.67971810589329,10,70.0,222.0,152.0,1.4605263157894737,114.0,0.2,7.0,19.0,6,expanding,losing_streak_fitness,expanding,rep_3,44,9
train,3,0,86986,86986,125287,9,13,885,4.0,4,23,2,659.640053362438,5,295.0,333.0,38.0,8.763157894736842,19.0,0.6,59.0,19.0,1,expanding,losing_streak_fitness,expanding,rep_3,44,9
test,3,0,86986,86986,125287,9,13,885,4.0,4,23,2,110.67971810589329,10,70.0,222.0,152.0,1.4605263157894737,114.0,0.2,7.0,19.0,6,expanding,losing_streak_fitness,expanding,rep_3,45,9
train,3,0,86986,86986,125287,9,13,885,4.0,4,23,2,659.640053362438,5,295.0,333.0,38.0,8.763157894736842,19.0,0.6,59.0,19.0,1,expanding,losing_streak_fitness,expanding,rep_3,45,9
test,3,0,86986,86986,125287,9,13,885,4.0,4,23,2,110.67971810589329,10,70.0,222.0,152.0,1.4605263157894737,114.0,0.2,7.0,19.0,6,expanding,losing_streak_fitness,expanding,rep_3,46,9
train,3,0,86986,86986,125287,9,13,885,4.0,4,23,2,659.640053362438,5,295.0,333.0,38.0,8.763157894736842,19.0,0.6,59.0,19.0,1,expanding,losing_streak_fitness,expanding,rep_3,46,9
test,3,0,86986,86986,125287,9,13,885,4.0,4,23,2,110.67971810589329,10,70.0,222.0,152.0,1.4605263157894737,114.0,0.2,7.0,19.0,6,expanding,losing_streak_fitness,expanding,rep_3,47,9
train,3,0,86986,86986,125287,9,13,885,4.0,4,23,2,659.640053362438,5,295.0,333.0,38.0,8.763157894736842,19.0,0.6,59.0,19.0,1,expanding,losing_streak_fitness,expanding,rep_3,47,9
test,3,0,86986,86986,125287,9,13,885,4.0,4,23,2,110.67971810589329,10,70.0,222.0,152.0,1.4605263157894737,114.0,0.2,7.0,19.0,6,expanding,losing_streak_fitness,expanding,rep_3,48,9
train,3,0,86986,86986,125287,9,13,885,4.0,4,23,2,659.640053362438,5,295.0,333.0,38.0,8.763157894736842,19.0,0.6,59.0,19.0,1,expanding,losing_streak_fitness,expanding,rep_3,48,9
test,3,0,86986,86986,125287,9,13,885,4.0,4,23,2,110.67971810589329,10,70.0,222.0,152.0,1.4605263157894737,114.0,0.2,7.0,19.0,6,expanding,losing_streak_fitness,expanding,rep_3,49,9
train,3,0,86986,86986,125287,9,13,885,4.0,4,23,2,659.640053362438,5,295.0,333.0,38.0,8.763157894736842,19.0,0.6,59.0,19.0,1,expanding,losing_streak_fitness,expanding,rep_3,49,9
test,3,0,86986,86986,125287,9,13,885,4.0,4,23,2,110.67971810589329,10,70.0,222.0,152.0,1.4605263157894737,114.0,0.2,7.0,19.0,6,expanding,losing_streak_fitness,expanding,rep_3,50,9
train,3,0,86986,86986,125287,9,13,885,4.0,4,23,2,659.640053362438,5,295.0,333.0,38.0,8.763157894736842,19.0,0.6,59.0,19.0,1,expanding,losing_streak_fitness,expanding,rep_3,50,9
test,3,0,86986,86986,125287,9,13,885,4.0,4,23,2,110.67971810589329,10,70.0,222.0,152.0,1.4605263157894737,114.0,0.2,7.0,19.0,6,expanding,losing_streak_fitness,expanding,rep_3,51,9
train,3,0,86986,86986,125287,9,13,885,4.0,4,23,2,659.640053362438,5,295.0,333.0,38.0,8.763157894736842,19.0,0.6,59.0,19.0,1,expanding,losing_streak_fitness,expanding,rep_3,51,9
test,3,0,86986,86986,125287,9,13,885,4.0,4,23,2,110.67971810589329,10,70.0,222.0,152.0,1.4605263157894737,114.0,0.2,7.0,19.0,6,expanding,losing_streak_fitness,expanding,rep_3,52,9
train,3,0,86986,86986,125287,9,13,885,4.0,4,23,2,659.640053362438,5,295.0,333.0,38.0,8.763157894736842,19.0,0.6,59.0,19.0,1,expanding,losing_streak_fitness,expanding,rep_3,52,9
test,3,0,86986,86986,125287,9,13,885,4.0,4,23,2,110.67971810589329,10,70.0,222.0,152.0,1.4605263157894737,114.0,0.2,7.0,19.0,6,expanding,losing_streak_fitness,expanding,rep_3,53,9
train,3,0,86986,86986,125287,9,13,885,4.0,4,23,2,659.640053362438,5,295.0,333.0,38.0,8.763157894736842,19.0,0.6,59.0,19.0,1,expanding,losing_streak_fitness,expanding,rep_3,53,9
test,3,0,86986,86986,125287,9,13,885,4.0,4,23,2,110.67971810589329,10,70.0,222.0,152.0,1.4605263157894737,114.0,0.2,7.0,19.0,6,expanding,losing_streak_fitness,expanding,rep_3,54,9
train,3,0,86986,86986,125287,9,13,885,4.0,4,23,2,659.640053362438,5,295.0,333.0,38.0,8.763157894736842,19.0,0.6,59.0,19.0,1,expanding,losing_streak_fitness,expanding,rep_3,54,9
test,3,0,86986,86986,125287,9,13,885,4.0,4,23,2,110.67971810589329,10,70.0,222.0,152.0,1.4605263157894737,114.0,0.2,7.0,19.0,6,expanding,losing_streak_fitness,expanding,rep_3,55,9
train,3,0,86986,86986,125287,9,13,885,4.0,4,23,2,659.640053362438,5,295.0,333.0,38.0,8.763157894736842,19.0,0.6,59.0,19.0,1,expanding,losing_streak_fitness,expanding,rep_3,55,9
test,3,0,86986,86986,125287,9,13,885,4.0,4,23,2,110.67971810589329,10,70.0,222.0,152.0,1.4605263157894737,114.0,0.2,7.0,19.0,6,expanding,losing_streak_fitness,expanding,rep_3,56,9
train,3,0,86986,86986,125287,9,13,885,4.0,4,23,2,659.640053362438,5,295.0,333.0,38.0,8.763157894736842,19.0,0.6,59.0,19.0,1,expanding,losing_streak_fitness,expanding,rep_3,56,9
test,3,0,86986,86986,125287,9,13,885,4.0,4,23,2,110.67971810589329,10,70.0,222.0,152.0,1.4605263157894737,114.0,0.2,7.0,19.0,6,expanding,losing_streak_fitness,expanding,rep_3,57,9
train,3,0,86986,86986,125287,9,13,885,4.0,4,23,2,659.640053362438,5,295.0,333.0,38.0,8.763157894736842,19.0,0.6,59.0,19.0,1,expanding,losing_streak_fitness,expanding,rep_3,57,9
test,3,0,86986,86986,125287,9,13,885,4.0,4,23,2,110.67971810589329,10,70.0,222.0,152.0,1.4605263157894737,114.0,0.2,7.0,19.0,6,expanding,losing_streak_fitness,expanding,rep_3,58,9
train,3,0,86986,86986,125287,9,13,885,4.0,4,23,2,659.640053362438,5,295.0,333.0,38.0,8.763157894736842,19.0,0.6,59.0,19.0,1,expanding,losing_streak_fitness,expanding,rep_3,58,9
test,3,0,86986,86986,125287,9,13,885,4.0,4,23,2,110.67971810589329,10,70.0,222.0,152.0,1.4605263157894737,114.0,0.2,7.0,19.0,6,expanding,losing_streak_fitness,expanding,rep_3,59,9
train,3,0,86986,86986,125287,9,13,885,4.0,4,23,2,659.640053362438,5,295.0,333.0,38.0,8.763157894736842,19.0,0.6,59.0,19.0,1,expanding,losing_streak_fitness,expanding,rep_3,59,9
test,3,0,86986,86986,125287,9,13,885,4.0,4,23,2,110.67971810589329,10,70.0,222.0,152.0,1.4605263157894737,114.0,0.2,7.0,19.0,6,expanding,losing_streak_fitness,expanding,rep_3,60,9
train,3,0,86986,86986,125287,9,13,885,4.0,4,23,2,659.640053362438,5,295.0,333.0,38.0,8.763157894736842,19.0,0.6,59.0,19.0,1,expanding,losing_streak_fitness,expanding,rep_3,60,9
test,3,0,86986,86986,125287,9,13,885,4.0,4,23,2,110.67971810589329,10,70.0,222.0,152.0,1.4605263157894737,114.0,0.2,7.0,19.0,6,expanding,losing_streak_fitness,expanding,rep_3,61,9
train,3,0,86986,86986,125287,9,13,885,4.0,4,23,2,659.640053362438,5,295.0,333.0,38.0,8.763157894736842,19.0,0.6,59.0,19.0,1,expanding,losing_streak_fitness,expanding,rep_3,61,9
test,3,0,86986,86986,125287,9,13,885,4.0,4,23,2,110.67971810589329,10,70.0,222.0,152.0,1.4605263157894737,114.0,0.2,7.0,19.0,6,expanding,losing_streak_fitness,expanding,rep_3,62,9
train,3,0,86986,86986,125287,9,13,885,4.0,4,23,2,659.640053362438,5,295.0,333.0,38.0,8.763157894736842,19.0,0.6,59.0,19.0,1,expanding,losing_streak_fitness,expanding,rep_3,62,9
test,3,0,86986,86986,125287,9,13,885,4.0,4,23,2,110.67971810589329,10,70.0,222.0,152.0,1.4605263157894737,114.0,0.2,7.0,19.0,6,expanding,losing_streak_fitness,expanding,rep_3,63,9
train,3,0,86986,86986,125287,9,13,885,4.0,4,23,2,659.640053362438,5,295.0,333.0,38.0,8.763157894736842,19.0,0.6,59.0,19.0,1,expanding,losing_streak_fitness,expanding,rep_3,63,9
test,3,0,86986,86986,125287,9,13,885,4.0,4,23,2,110.67971810589329,10,70.0,222.0,152.0,1.4605263157894737,114.0,0.2,7.0,19.0,6,expanding,losing_streak_fitness,expanding,rep_3,64,9
train,3,0,86986,86986,125287,9,13,885,4.0,4,23,2,659.640053362438,5,295.0,333.0,38.0,8.763157894736842,19.0,0.6,59.0,19.0,1,expanding,losing_streak_fitness,expanding,rep_3,64,9
test,3,0,86986,86986,125287,9,13,885,4.0,4,23,2,110.67971810589329,10,70.0,222.0,152.0,1.4605263157894737,114.0,0.2,7.0,19.0,6,expanding,losing_streak_fitness,expanding,rep_3,65,9
train,3,0,86986,86986,125287,9,13,885,4.0,4,23,2,659.640053362438,5,295.0,333.0,38.0,8.763157894736842,19.0,0.6,59.0,19.0,1,expanding,losing_streak_fitness,expanding,rep_3,65,9
test,3,0,86986,86986,125287,9,13,885,4.0,4,23,2,110.67971810589329,10,70.0,222.0,152.0,1.4605263157894737,114.0,0.2,7.0,19.0,6,expanding,losing_streak_fitness,expanding,rep_3,66,9
train,3,0,86986,86986,125287,9,13,885,4.0,4,23,2,659.640053362438,5,295.0,333.0,38.0,8.763157894736842,19.0,0.6,59.0,19.0,1,expanding,losing_streak_fitness,expanding,rep_3,66,9
test,3,0,86986,86986,125287,9,13,885,4.0,4,23,2,110.67971810589329,10,70.0,222.0,152.0,1.4605263157894737,114.0,0.2,7.0,19.0,6,expanding,losing_streak_fitness,expanding,rep_3,67,9
train,3,0,86986,86986,125287,9,13,885,4.0,4,23,2,659.640053362438,5,295.0,333.0,38.0,8.763157894736842,19.0,0.6,59.0,19.0,1,expanding,losing_streak_fitness,expanding,rep_3,67,9
test,3,0,86986,86986,125287,9,13,885,4.0,4,23,2,110.67971810589329,10,70.0,222.0,152.0,1.4605263157894737,114.0,0.2,7.0,19.0,6,expanding,losing_streak_fitness,expanding,rep_3,68,9
train,3,0,86986,86986,125287,9,13,885,4.0,4,23,2,659.640053362438,5,295.0,333.0,38.0,8.763157894736842,19.0,0.6,59.0,19.0,1,expanding,losing_streak_fitness,expanding,rep_3,68,9
test,3,0,86986,86986,125287,9,13,885,4.0,4,23,2,110.67971810589329,10,70.0,222.0,152.0,1.4605263157894737,114.0,0.2,7.0,19.0,6,expanding,losing_streak_fitness,expanding,rep_3,69,9
train,3,0,86986,86986,125287,9,13,885,4.0,4,23,2,659.640053362438,5,295.0,333.0,38.0,8.763157894736842,19.0,0.6,59.0,19.0,1,expanding,losing_streak_fitness,expanding,rep_3,69,9
test,3,0,86986,86986,125287,9,13,885,4.0,4,23,2,110.67971810589329,10,70.0,222.0,152.0,1.4605263157894737,114.0,0.2,7.0,19.0,6,expanding,losing_streak_fitness,expanding,rep_3,70,9
train,3,0,86986,86986,125287,9,13,885,4.0,4,23,2,659.640053362438,5,295.0,333.0,38.0,8.763157894736842,19.0,0.6,59.0,19.0,1,expanding,losing_streak_fitness,expanding,rep_3,70,9
test,3,0,86986,86986,125287,9,13,885,4.0,4,23,2,110.67971810589329,10,70.0,222.0,152.0,1.4605263157894737,114.0,0.2,7.0,19.0,6,expanding,losing_streak_fitness,expanding,rep_3,71,9
train,3,0,86986,86986,125287,9,13,885,4.0,4,23,2,659.640053362438,5,295.0,333.0,38.0,8.763157894736842,19.0,0.6,59.0,19.0,1,expanding,losing_streak_fitness,expanding,rep_3,71,9
test,3,0,86986,86986,125287,9,13,885,4.0,4,23,2,110.67971810589329,10,70.0,222.0,152.0,1.4605263157894737,114.0,0.2,7.0,19.0,6,expanding,losing_streak_fitness,expanding,rep_3,72,9
train,3,0,86986,86986,125287,9,13,885,4.0,4,23,2,659.640053362438,5,295.0,333.0,38.0,8.763157894736842,19.0,0.6,59.0,19.0,1,expanding,losing_streak_fitness,expanding,rep_3,72,9
test,3,0,86986,86986,125287,9,13,885,4.0,4,23,2,110.67971810589329,10,70.0,222.0,152.0,1.4605263157894737,114.0,0.2,7.0,19.0,6,expanding,losing_streak_fitness,expanding,rep_3,73,9
train,3,0,86986,86986,125287,9,13,885,4.0,4,23,2,659.640053362438,5,295.0,333.0,38.0,8.763157894736842,19.0,0.6,59.0,19.0,1,expanding,losing_streak_fitness,expanding,rep_3,73,9
test,3,0,86986,86986,125287,9,13,885,4.0,4,23,2,110.67971810589329,10,70.0,222.0,152.0,1.4605263157894737,114.0,0.2,7.0,19.0,6,expanding,losing_streak_fitness,expanding,rep_3,74,9
train,3,0,86986,86986,125287,9,13,885,4.0,4,23,2,659.640053362438,5,295.0,333.0,38.0,8.763157894736842,19.0,0.6,59.0,19.0,1,expanding,losing_streak_fitness,expanding,rep_3,74,9
test,3,0,86986,86986,125287,9,13,885,4.0,4,23,2,110.67971810589329,10,70.0,222.0,152.0,1.4605263157894737,114.0,0.2,7.0,19.0,6,expanding,losing_streak_fitness,expanding,rep_3,75,9
train,3,0,86986,86986,125287,9,13,885,4.0,4,23,2,659.640053362438,5,295.0,333.0,38.0,8.763157894736842,19.0,0.6,59.0,19.0,1,expanding,losing_streak_fitness,expanding,rep_3,75,9
test,3,0,86986,86986,125287,9,13,885,4.0,4,23,2,110.67971810589329,10,70.0,222.0,152.0,1.4605263157894737,114.0,0.2,7.0,19.0,6,expanding,losing_streak_fitness,expanding,rep_3,76,9
train,3,0,86986,86986,125287,9,13,885,4.0,4,23,2,659.640053362438,5,295.0,333.0,38.0,8.763157894736842,19.0,0.6,59.0,19.0,1,expanding,losing_streak_fitness,expanding,rep_3,76,9
test,3,0,86986,86986,125287,9,13,885,4.0,4,23,2,110.67971810589329,10,70.0,222.0,152.0,1.4605263157894737,114.0,0.2,7.0,19.0,6,expanding,losing_streak_fitness,expanding,rep_3,77,9
train,3,0,86986,86986,125287,9,13,885,4.0,4,23,2,659.640053362438,5,295.0,333.0,38.0,8.763157894736842,19.0,0.6,59.0,19.0,1,expanding,losing_streak_fitness,expanding,rep_3,77,9
test,3,0,86986,86986,125287,9,13,885,4.0,4,23,2,110.67971810589329,10,70.0,222.0,152.0,1.4605263157894737,114.0,0.2,7.0,19.0,6,expanding,losing_streak_fitness,expanding,rep_3,78,9
train,3,0,86986,86986,125287,9,13,885,4.0,4,23,2,659.640053362438,5,295.0,333.0,38.0,8.763157894736842,19.0,0.6,59.0,19.0,1,expanding,losing_streak_fitness,expanding,rep_3,78,9
test,3,0,86986,86986,125287,9,13,885,4.0,4,23,2,110.67971810589329,10,70.0,222.0,152.0,1.4605263157894737,114.0,0.2,7.0,19.0,6,expanding,losing_streak_fitness,expanding,rep_3,79,9
train,3,0,86986,86986,125287,9,13,885,4.0,4,23,2,659.640053362438,5,295.0,333.0,38.0,8.763157894736842,19.0,0.6,59.0,19.0,1,expanding,losing_streak_fitness,expanding,rep_3,79,9
test,3,0,86986,86986,125287,9,13,885,4.0,4,23,2,110.67971810589329,10,70.0,222.0,152.0,1.4605263157894737,114.0,0.2,7.0,19.0,6,expanding,losing_streak_fitness,expanding,rep_3,80,9
train,3,0,86986,86986,125287,9,13,885,4.0,4,23,2,659.640053362438,5,295.0,333.0,38.0,8.763157894736842,19.0,0.6,59.0,19.0,1,expanding,losing_streak_fitness,expanding,rep_3,80,9
test,3,0,86986,86986,125287,9,13,885,4.0,4,23,2,110.67971810589329,10,70.0,222.0,152.0,1.4605263157894737,114.0,0.2,7.0,19.0,6,expanding,losing_streak_fitness,expanding,rep_3,81,9
train,3,0,86986,86986,125287,9,13,885,4.0,4,23,2,659.640053362438,5,295.0,333.0,38.0,8.763157894736842,19.0,0.6,59.0,19.0,1,expanding,losing_streak_fitness,expanding,rep_3,81,9
test,3,0,86986,86986,125287,9,13,885,4.0,4,23,2,110.67971810589329,10,70.0,222.0,152.0,1.4605263157894737,114.0,0.2,7.0,19.0,6,expanding,losing_streak_fitness,expanding,rep_3,82,9
train,3,0,86986,86986,125287,9,13,885,4.0,4,23,2,659.640053362438,5,295.0,333.0,38.0,8.763157894736842,19.0,0.6,59.0,19.0,1,expanding,losing_streak_fitness,expanding,rep_3,82,9
test,3,0,86986,86986,125287,9,13,885,4.0,4,23,2,110.67971810589329,10,70.0,222.0,152.0,1.4605263157894737,114.0,0.2,7.0,19.0,6,expanding,losing_streak_fitness,expanding,rep_3,83,9
train,3,0,86986,86986,125287,9,13,885,4.0,4,23,2,659.640053362438,5,295.0,333.0,38.0,8.763157894736842,19.0,0.6,59.0,19.0,1,expanding,losing_streak_fitness,expanding,rep_3,83,9
test,3,0,86986,86986,125287,9,13,885,4.0,4,23,2,110.67971810589329,10,70.0,222.0,152.0,1.4605263157894737,114.0,0.2,7.0,19.0,6,expanding,losing_streak_fitness,expanding,rep_3,84,9
train,3,0,86986,86986,125287,9,13,885,4.0,4,23,2,659.640053362438,5,295.0,333.0,38.0,8.763157894736842,19.0,0.6,59.0,19.0,1,expanding,losing_streak_fitness,expanding,rep_3,84,9
test,3,0,86986,86986,125287,9,13,885,4.0,4,23,2,110.67971810589329,10,70.0,222.0,152.0,1.4605263157894737,114.0,0.2,7.0,19.0,6,expanding,losing_streak_fitness,expanding,rep_3,85,9
train,3,0,86986,86986,125287,9,13,885,4.0,4,23,2,659.640053362438,5,295.0,333.0,38.0,8.763157894736842,19.0,0.6,59.0,19.0,1,expanding,losing_streak_fitness,expanding,rep_3,85,9
test,3,0,86986,86986,125287,9,13,885,4.0,4,23,2,110.67971810589329,10,70.0,222.0,152.0,1.4605263157894737,114.0,0.2,7.0,19.0,6,expanding,losing_streak_fitness,expanding,rep_3,86,9
train,3,0,86986,86986,125287,9,13,885,4.0,4,23,2,659.640053362438,5,295.0,333.0,38.0,8.763157894736842,19.0,0.6,59.0,19.0,1,expanding,losing_streak_fitness,expanding,rep_3,86,9
test,3,0,86986,86986,125287,9,13,885,4.0,4,23,2,110.67971810589329,10,70.0,222.0,152.0,1.4605263157894737,114.0,0.2,7.0,19.0,6,expanding,losing_streak_fitness,expanding,rep_3,87,9
train,3,0,86986,86986,125287,9,13,885,4.0,4,23,2,659.640053362438,5,295.0,333.0,38.0,8.763157894736842,19.0,0.6,59.0,19.0,1,expanding,losing_streak_fitness,expanding,rep_3,87,9
test,3,0,86986,86986,125287,9,13,885,4.0,4,23,2,110.67971810589329,10,70.0,222.0,152.0,1.4605263157894737,114.0,0.2,7.0,19.0,6,expanding,losing_streak_fitness,expanding,rep_3,88,9
train,3,0,86986,86986,125287,9,13,885,4.0,4,23,2,659.640053362438,5,295.0,333.0,38.0,8.763157894736842,19.0,0.6,59.0,19.0,1,expanding,losing_streak_fitness,expanding,rep_3,88,9
test,3,0,86986,86986,125287,9,13,885,4.0,4,23,2,110.67971810589329,10,70.0,222.0,152.0,1.4605263157894737,114.0,0.2,7.0,19.0,6,expanding,losing_streak_fitness,expanding,rep_3,89,9
train,3,0,86986,86986,125287,9,13,885,4.0,4,23,2,659.640053362438,5,295.0,333.0,38.0,8.763157894736842,19.0,0.6,59.0,19.0,1,expanding,losing_streak_fitness,expanding,rep_3,89,9
test,3,0,86986,86986,125287,9,13,885,4.0,4,23,2,110.67971810589329,10,70.0,222.0,152.0,1.4605263157894737,114.0,0.2,7.0,19.0,6,expanding,losing_streak_fitness,expanding,rep_3,90,9
train,3,0,86986,86986,125287,9,13,885,4.0,4,23,2,659.640053362438,5,295.0,333.0,38.0,8.763157894736842,19.0,0.6,59.0,19.0,1,expanding,losing_streak_fitness,expanding,rep_3,90,9
test,3,0,86986,86986,125287,9,13,885,4.0,4,23,2,110.67971810589329,10,70.0,222.0,152.0,1.4605263157894737,114.0,0.2,7.0,19.0,6,expanding,losing_streak_fitness,expanding,rep_3,91,9
train,3,0,86986,86986,125287,9,13,885,4.0,4,23,2,659.640053362438,5,295.0,333.0,38.0,8.763157894736842,19.0,0.6,59.0,19.0,1,expanding,losing_streak_fitness,expanding,rep_3,91,9
test,3,0,86986,86986,125287,9,13,885,4.0,4,23,2,110.67971810589329,10,70.0,222.0,152.0,1.4605263157894737,114.0,0.2,7.0,19.0,6,expanding,losing_streak_fitness,expanding,rep_3,92,9
train,3,0,86986,86986,125287,9,13,885,4.0,4,23,2,659.640053362438,5,295.0,333.0,38.0,8.763157894736842,19.0,0.6,59.0,19.0,1,expanding,losing_streak_fitness,expanding,rep_3,92,9
test,3,0,86986,86986,125287,9,13,885,4.0,4,23,2,110.67971810589329,10,70.0,222.0,152.0,1.4605263157894737,114.0,0.2,7.0,19.0,6,expanding,losing_streak_fitness,expanding,rep_3,93,9
train,3,0,86986,86986,125287,9,13,885,4.0,4,23,2,659.640053362438,5,295.0,333.0,38.0,8.763157894736842,19.0,0.6,59.0,19.0,1,expanding,losing_streak_fitness,expanding,rep_3,93,9
test,3,0,86986,86986,125287,9,13,885,4.0,4,23,2,110.67971810589329,10,70.0,222.0,152.0,1.4605263157894737,114.0,0.2,7.0,19.0,6,expanding,losing_streak_fitness,expanding,rep_3,94,9
train,3,0,86986,86986,125287,9,13,885,4.0,4,23,2,659.640053362438,5,295.0,333.0,38.0,8.763157894736842,19.0,0.6,59.0,19.0,1,expanding,losing_streak_fitness,expanding,rep_3,94,9
test,3,0,86986,86986,125287,9,13,885,4.0,4,23,2,110.67971810589329,10,70.0,222.0,152.0,1.4605263157894737,114.0,0.2,7.0,19.0,6,expanding,losing_streak_fitness,expanding,rep_3,95,9
train,3,0,86986,86986,125287,9,13,885,4.0,4,23,2,659.640053362438,5,295.0,333.0,38.0,8.763157894736842,19.0,0.6,59.0,19.0,1,expanding,losing_streak_fitness,expanding,rep_3,95,9
test,3,0,86986,86986,125287,9,13,885,4.0,4,23,2,110.67971810589329,10,70.0,222.0,152.0,1.4605263157894737,114.0,0.2,7.0,19.0,6,expanding,losing_streak_fitness,expanding,rep_3,96,9
train,3,0,86986,86986,125287,9,13,885,4.0,4,23,2,659.640053362438,5,295.0,333.0,38.0,8.763157894736842,19.0,0.6,59.0,19.0,1,expanding,losing_streak_fitness,expanding,rep_3,96,9
test,3,0,86986,86986,125287,9,13,885,4.0,4,23,2,110.67971810589329,10,70.0,222.0,152.0,1.4605263157894737,114.0,0.2,7.0,19.0,6,expanding,losing_streak_fitness,expanding,rep_3,97,9
train,3,0,86986,86986,125287,9,13,885,4.0,4,23,2,659.640053362438,5,295.0,333.0,38.0,8.763157894736842,19.0,0.6,59.0,19.0,1,expanding,losing_streak_fitness,expanding,rep_3,97,9
test,3,0,86986,86986,125287,9,13,885,4.0,4,23,2,110.67971810589329,10,70.0,222.0,152.0,1.4605263157894737,114.0,0.2,7.0,19.0,6,expanding,losing_streak_fitness,expanding,rep_3,98,9
train,3,0,86986,86986,125287,9,13,885,4.0,4,23,2,659.640053362438,5,295.0,333.0,38.0,8.763157894736842,19.0,0.6,59.0,19.0,1,expanding,losing_streak_fitness,expanding,rep_3,98,9
test,3,0,86986,86986,125287,9,13,885,4.0,4,23,2,110.67971810589329,10,70.0,222.0,152.0,1.4605263157894737,114.0,0.2,7.0,19.0,6,expanding,losing_streak_fitness,expanding,rep_3,99,9
train,3,0,86986,86986,125287,9,13,885,4.0,4,23,2,659.640053362438,5,295.0,333.0,38.0,8.763157894736842,19.0,0.6,59.0,19.0,1,expanding,losing_streak_fitness,expanding,rep_3,99,9
test,3,0,86986,86986,125287,9,13,885,4.0,4,23,2,110.67971810589329,10,70.0,222.0,152.0,1.4605263157894737,114.0,0.2,7.0,19.0,6,expanding,losing_streak_fitness,expanding,rep_3,100,9
train,3,0,86986,86986,125287,9,13,885,4.0,4,23,2,659.640053362438,5,295.0,333.0,38.0,8.763157894736842,19.0,0.6,59.0,19.0,1,expanding,losing_streak_fitness,expanding,rep_3,100,9
test,4,0,125287,125287,130699,0,14,2150,5.75,7,15,6,-1000.0,0,0.0,0.0,0.0,inf,0.0,0.0,0.0,0.0,0,expanding,losing_streak_fitness,expanding,rep_3,0,0
train,4,0,125287,125287,130699,0,14,2150,5.75,7,15,6,419.06562731868144,14,224.0,497.0,273.0,1.8205128205128205,85.0,0.5,16.0,39.0,2,expanding,losing_streak_fitness,expanding,rep_3,0,0
test,4,0,125287,125287,130699,1,14,3651,3.25,8,18,7,-1000.0,0,0.0,0.0,0.0,inf,0.0,0.0,0.0,0.0,0,expanding,losing_streak_fitness,expanding,rep_3,1,1
train,4,0,125287,125287,130699,1,14,3651,3.25,8,18,7,550.0236358557694,14,294.0,602.0,308.0,1.9545454545454544,90.0,0.5,21.0,44.0,2,expanding,losing_streak_fitness,expanding,rep_3,1,1
test,4,0,125287,125287,130699,2,15,1467,5.75,3,14,2,-1000.0,0,0.0,0.0,0.0,inf,0.0,0.0,0.0,0.0,0,expanding,losing_streak_fitness,expanding,rep_3,2,2
train,4,0,125287,125287,130699,2,15,1467,5.75,3,14,2,627.3659219307341,13,348.0,462.0,114.0,4.052631578947368,38.0,0.5384615384615384,26.76923076923077,19.0,2,expanding,losing_streak_fitness,expanding,rep_3,2,2
test,4,0,125287,125287,130699,2,15,1467,5.75,3,14,2,-1000.0,0,0.0,0.0,0.0,inf,0.0,0.0,0.0,0.0,0,expanding,losing_streak_fitness,expanding,rep_3,3,2
train,4,0,125287,125287,130699,2,15,1467,5.75,3,14,2,627.3659219307341,13,348.0,462.0,114.0,4.052631578947368,38.0,0.5384615384615384,26.76923076923077,19.0,2,expanding,losing_streak_fitness,expanding,rep_3,3,2
test,4,0,125287,125287,130699,2,15,1467,5.75,3,14,2,-1000.0,0,0.0,0.0,0.0,inf,0.0,0.0,0.0,0.0,0,expanding,losing_streak_fitness,expanding,rep_3,4,2
train,4,0,125287,125287,130699,2,15,1467,5.75,3,14,2,627.3659219307341,13,348.0,462.0,114.0,4.052631578947368,38.0,0.5384615384615384,26.76923076923077,19.0,2,expanding,losing_streak_fitness,expanding,rep_3,4,2
test,4,0,125287,125287,130699,5,14,1467,3.25,7,18,3,-1000.0,0,0.0,0.0,0.0,inf,0.0,0.0,0.0,0.0,0,expanding,losing_streak_fitness,expanding,rep_3,5,5
train,4,0,125287,125287,130699,5,14,1467,3.25,7,18,3,811.9396529299453,14,434.0,602.0,168.0,3.583333333333333,48.0,0.5,31.0,24.0,2,expanding,losing_streak_fitness,expanding,rep_3,5,5
test,4,0,125287,125287,130699,6,13,3739,6.25,7,14,2,-1000.0,0,0.0,0.0,0.0,inf,0.0,0.0,0.0,0.0,0,expanding,losing_streak_fitness,expanding,rep_3,6,6
train,4,0,125287,125287,130699,6,13,3739,6.25,7,14,2,911.206343261503,17,442.0,594.0,152.0,3.907894736842105,38.0,0.5294117647058824,26.0,19.0,2,expanding,losing_streak_fitness,expanding,rep_3,6,6
test,4,0,125287,125287,130699,6,13,3739,6.25,7,14,2,-1000.0,0,0.0,0.0,0.0,inf,0.0,0.0,0.0,0.0,0,expanding,losing_streak_fitness,expanding,rep_3,7,6
train,4,0,125287,125287,130699,6,13,3739,6.25,7,14,2,911.206343261503,17,442.0,594.0,152.0,3.907894736842105,38.0,0.5294117647058824,26.0,19.0,2,expanding,losing_streak_fitness,expanding,rep_3,7,6
test,4,0,125287,125287,130699,6,13,3739,6.25,7,14,2,-1000.0,0,0.0,0.0,0.0,inf,0.0,0.0,0.0,0.0,0,expanding,losing_streak_fitness,expanding,rep_3,8,6
train,4,0,125287,125287,130699,6,13,3739,6.25,7,14,2,911.206343261503,17,442.0,594.0,152.0,3.907894736842105,38.0,0.5294117647058824,26.0,19.0,2,expanding,losing_streak_fitness,expanding,rep_3,8,6
test,4,0,125287,125287,130699,6,13,3739,6.25,7,14,2,-1000.0,0,0.0,0.0,0.0,inf,0.0,0.0,0.0,0.0,0,expanding,losing_streak_fitness,expanding,rep_3,9,6
train,4,0,125287,125287,130699,6,13,3739,6.25,7,14,2,911.206343261503,17,442.0,594.0,152.0,3.907894736842105,38.0,0.5294117647058824,26.0,19.0,2,expanding,losing_streak_fitness,expanding,rep_3,9,6
test,4,0,125287,125287,130699,6,13,3739,6.25,7,14,2,-1000.0,0,0.0,0.0,0.0,inf,0.0,0.0,0.0,0.0,0,expanding,losing_streak_fitness,expanding,rep_3,10,6
train,4,0,125287,125287,130699,6,13,3739,6.25,7,14,2,911.206343261503,17,442.0,594.0,152.0,3.907894736842105,38.0,0.5294117647058824,26.0,19.0,2,expanding,losing_streak_fitness,expanding,rep_3,10,6
test,4,0,125287,125287,130699,6,13,3739,6.25,7,14,2,-1000.0,0,0.0,0.0,0.0,inf,0.0,0.0,0.0,0.0,0,expanding,losing_streak_fitness,expanding,rep_3,11,6
train,4,0,125287,125287,130699,6,13,3739,6.25,7,14,2,911.206343261503,17,442.0,594.0,152.0,3.907894736842105,38.0,0.5294117647058824,26.0,19.0,2,expanding,losing_streak_fitness,expanding,rep_3,11,6
test,4,0,125287,125287,130699,6,13,3739,6.25,7,14,2,-1000.0,0,0.0,0.0,0.0,inf,0.0,0.0,0.0,0.0,0,expanding,losing_streak_fitness,expanding,rep_3,12,6
train,4,0,125287,125287,130699,6,13,3739,6.25,7,14,2,911.206343261503,17,442.0,594.0,152.0,3.907894736842105,38.0,0.5294117647058824,26.0,19.0,2,expanding,losing_streak_fitness,expanding,rep_3,12,6
test,4,0,125287,125287,130699,6,13,3739,6.25,7,14,2,-1000.0,0,0.0,0.0,0.0,inf,0.0,0.0,0.0,0.0,0,expanding,losing_streak_fitness,expanding,rep_3,13,6
train,4,0,125287,125287,130699,6,13,3739,6.25,7,14,2,911.206343261503,17,442.0,594.0,152.0,3.907894736842105,38.0,0.5294117647058824,26.0,19.0,2,expanding,losing_streak_fitness,expanding,rep_3,13,6
test,4,0,125287,125287,130699,6,13,3739,6.25,7,14,2,-1000.0,0,0.0,0.0,0.0,inf,0.0,0.0,0.0,0.0,0,expanding,losing_streak_fitness,expanding,rep_3,14,6
train,4,0,125287,125287,130699,6,13,3739,6.25,7,14,2,911.206343261503,17,442.0,594.0,152.0,3.907894736842105,38.0,0.5294117647058824,26.0,19.0,2,expanding,losing_streak_fitness,expanding,rep_3,14,6
test,4,0,125287,125287,130699,6,13,3739,6.25,7,14,2,-1000.0,0,0.0,0.0,0.0,inf,0.0,0.0,0.0,0.0,0,expanding,losing_streak_fitness,expanding,rep_3,15,6
train,4,0,125287,125287,130699,6,13,3739,6.25,7,14,2,911.206343261503,17,442.0,594.0,152.0,3.907894736842105,38.0,0.5294117647058824,26.0,19.0,2,expanding,losing_streak_fitness,expanding,rep_3,15,6
test,4,0,125287,125287,130699,6,13,3739,6.25,7,14,2,-1000.0,0,0.0,0.0,0.0,inf,0.0,0.0,0.0,0.0,0,expanding,losing_streak_fitness,expanding,rep_3,16,6
train,4,0,125287,125287,130699,6,13,3739,6.25,7,14,2,911.206343261503,17,442.0,594.0,152.0,3.907894736842105,38.0,0.5294117647058824,26.0,19.0,2,expanding,losing_streak_fitness,expanding,rep_3,16,6
test,4,0,125287,125287,130699,6,13,3739,6.25,7,14,2,-1000.0,0,0.0,0.0,0.0,inf,0.0,0.0,0.0,0.0,0,expanding,losing_streak_fitness,expanding,rep_3,17,6
train,4,0,125287,125287,130699,6,13,3739,6.25,7,14,2,911.206343261503,17,442.0,594.0,152.0,3.907894736842105,38.0,0.5294117647058824,26.0,19.0,2,expanding,losing_streak_fitness,expanding,rep_3,17,6
test,4,0,125287,125287,130699,6,13,3739,6.25,7,14,2,-1000.0,0,0.0,0.0,0.0,inf,0.0,0.0,0.0,0.0,0,expanding,losing_streak_fitness,expanding,rep_3,18,6
train,4,0,125287,125287,130699,6,13,3739,6.25,7,14,2,911.206343261503,17,442.0,594.0,152.0,3.907894736842105,38.0,0.5294117647058824,26.0,19.0,2,expanding,losing_streak_fitness,expanding,rep_3,18,6
test,4,0,125287,125287,130699,6,13,3739,6.25,7,14,2,-1000.0,0,0.0,0.0,0.0,inf,0.0,0.0,0.0,0.0,0,expanding,losing_streak_fitness,expanding,rep_3,19,6
train,4,0,125287,125287,130699,6,13,3739,6.25,7,14,2,911.206343261503,17,442.0,594.0,152.0,3.907894736842105,38.0,0.5294117647058824,26.0,19.0,2,expanding,losing_streak_fitness,expanding,rep_3,19,6
test,4,0,125287,125287,130699,6,13,3739,6.25,7,14,2,-1000.0,0,0.0,0.0,0.0,inf,0.0,0.0,0.0,0.0,0,expanding,losing_streak_fitness,expanding,rep_3,20,6
train,4,0,125287,125287,130699,6,13,3739,6.25,7,14,2,911.206343261503,17,442.0,594.0,152.0,3.907894736842105,38.0,0.5294117647058824,26.0,19.0,2,expanding,losing_streak_fitness,expanding,rep_3,20,6
test,4,0,125287,125287,130699,6,13,3739,6.25,7,14,2,-1000.0,0,0.0,0.0,0.0,inf,0.0,0.0,0.0,0.0,0,expanding,losing_streak_fitness,expanding,rep_3,21,6
train,4,0,125287,125287,130699,6,13,3739,6.25,7,14,2,911.206343261503,17,442.0,594.0,152.0,3.907894736842105,38.0,0.5294117647058824,26.0,19.0,2,expanding,losing_streak_fitness,expanding,rep_3,21,6
test,4,0,125287,125287,130699,6,13,3739,6.25,7,14,2,-1000.0,0,0.0,0.0,0.0,inf,0.0,0.0,0.0,0.0,0,expanding,losing_streak_fitness,expanding,rep_3,22,6
train,4,0,125287,125287,130699,6,13,3739,6.25,7,14,2,911.206343261503,17,442.0,594.0,152.0,3.907894736842105,38.0,0.5294117647058824,26.0,19.0,2,expanding,losing_streak_fitness,expanding,rep_3,22,6
test,4,0,125287,125287,130699,6,13,3739,6.25,7,14,2,-1000.0,0,0.0,0.0,0.0,inf,0.0,0.0,0.0,0.0,0,expanding,losing_streak_fitness,expanding,rep_3,23,6
train,4,0,125287,125287,130699,6,13,3739,6.25,7,14,2,911.206343261503,17,442.0,594.0,152.0,3.907894736842105,38.0,0.5294117647058824,26.0,19.0,2,expanding,losing_streak_fitness,expanding,rep_3,23,6
test,4,0,125287,125287,130699,6,13,3739,6.25,7,14,2,-1000.0,0,0.0,0.0,0.0,inf,0.0,0.0,0.0,0.0,0,expanding,losing_streak_fitness,expanding,rep_3,24,6
train,4,0,125287,125287,130699,6,13,3739,6.25,7,14,2,911.206343261503,17,442.0,594.0,152.0,3.907894736842105,38.0,0.5294117647058824,26.0,19.0,2,expanding,losing_streak_fitness,expanding,rep_3,24,6
test,4,0,125287,125287,130699,6,13,3739,6.25,7,14,2,-1000.0,0,0.0,0.0,0.0,inf,0.0,0.0,0.0,0.0,0,expanding,losing_streak_fitness,expanding,rep_3,25,6
train,4,0,125287,125287,130699,6,13,3739,6.25,7,14,2,911.206343261503,17,442.0,594.0,152.0,3.907894736842105,38.0,0.5294117647058824,26.0,19.0,2,expanding,losing_streak_fitness,expanding,rep_3,25,6
test,4,0,125287,125287,130699,6,13,3739,6.25,7,14,2,-1000.0,0,0.0,0.0,0.0,inf,0.0,0.0,0.0,0.0,0,expanding,losing_streak_fitness,expanding,rep_3,26,6
train,4,0,125287,125287,130699,6,13,3739,6.25,7,14,2,911.206343261503,17,442.0,594.0,152.0,3.907894736842105,38.0,0.5294117647058824,26.0,19.0,2,expanding,losing_streak_fitness,expanding,rep_3,26,6
test,4,0,125287,125287,130699,6,13,3739,6.25,7,14,2,-1000.0,0,0.0,0.0,0.0,inf,0.0,0.0,0.0,0.0,0,expanding,losing_streak_fitness,expanding,rep_3,27,6
train,4,0,125287,125287,130699,6,13,3739,6.25,7,14,2,911.206343261503,17,442.0,594.0,152.0,3.907894736842105,38.0,0.5294117647058824,26.0,19.0,2,expanding,losing_streak_fitness,expanding,rep_3,27,6
test,4,0,125287,125287,130699,6,13,3739,6.25,7,14,2,-1000.0,0,0.0,0.0,0.0,inf,0.0,0.0,0.0,0.0,0,expanding,losing_streak_fitness,expanding,rep_3,28,6
train,4,0,125287,125287,130699,6,13,3739,6.25,7,14,2,911.206343261503,17,442.0,594.0,152.0,3.907894736842105,38.0,0.5294117647058824,26.0,19.0,2,expanding,losing_streak_fitness,expanding,rep_3,28,6
test,4,0,125287,125287,130699,6,13,3739,6.25,7,14,2,-1000.0,0,0.0,0.0,0.0,inf,0.0,0.0,0.0,0.0,0,expanding,losing_streak_fitness,expanding,rep_3,29,6
train,4,0,125287,125287,130699,6,13,3739,6.25,7,14,2,911.206343261503,17,442.0,594.0,152.0,3.907894736842105,38.0,0.5294117647058824,26.0,19.0,2,expanding,losing_streak_fitness,expanding,rep_3,29,6
test,4,0,125287,125287,130699,6,13,3739,6.25,7,14,2,-1000.0,0,0.0,0.0,0.0,inf,0.0,0.0,0.0,0.0,0,expanding,losing_streak_fitness,expanding,rep_3,30,6
train,4,0,125287,125287,130699,6,13,3739,6.25,7,14,2,911.206343261503,17,442.0,594.0,152.0,3.907894736842105,38.0,0.5294117647058824,26.0,19.0,2,expanding,losing_streak_fitness,expanding,rep_3,30,6
test,4,0,125287,125287,130699,6,13,3739,6.25,7,14,2,-1000.0,0,0.0,0.0,0.0,inf,0.0,0.0,0.0,0.0,0,expanding,losing_streak_fitness,expanding,rep_3,31,6
train,4,0,125287,125287,130699,6,13,3739,6.25,7,14,2,911.206343261503,17,442.0,594.0,152.0,3.907894736842105,38.0,0.5294117647058824,26.0,19.0,2,expanding,losing_streak_fitness,expanding,rep_3,31,6
test,4,0,125287,125287,130699,6,13,3739,6.25,7,14,2,-1000.0,0,0.0,0.0,0.0,inf,0.0,0.0,0.0,0.0,0,expanding,losing_streak_fitness,expanding,rep_3,32,6
train,4,0,125287,125287,130699,6,13,3739,6.25,7,14,2,911.206343261503,17,442.0,594.0,152.0,3.907894736842105,38.0,0.5294117647058824,26.0,19.0,2,expanding,losing_streak_fitness,expanding,rep_3,32,6
test,4,0,125287,125287,130699,6,13,3739,6.25,7,14,2,-1000.0,0,0.0,0.0,0.0,inf,0.0,0.0,0.0,0.0,0,expanding,losing_streak_fitness,expanding,rep_3,33,6
train,4,0,125287,125287,130699,6,13,3739,6.25,7,14,2,911.206343261503,17,442.0,594.0,152.0,3.907894736842105,38.0,0.5294117647058824,26.0,19.0,2,expanding,losing_streak_fitness,expanding,rep_3,33,6
test,4,0,125287,125287,130699,6,13,3739,6.25,7,14,2,-1000.0,0,0.0,0.0,0.0,inf,0.0,0.0,0.0,0.0,0,expanding,losing_streak_fitness,expanding,rep_3,34,6
train,4,0,125287,125287,130699,6,13,3739,6.25,7,14,2,911.206343261503,17,442.0,594.0,152.0,3.907894736842105,38.0,0.5294117647058824,26.0,19.0,2,expanding,losing_streak_fitness,expanding,rep_3,34,6
test,4,0,125287,125287,130699,6,13,3739,6.25,7,14,2,-1000.0,0,0.0,0.0,0.0,inf,0.0,0.0,0.0,0.0,0,expanding,losing_streak_fitness,expanding,rep_3,35,6
train,4,0,125287,125287,130699,6,13,3739,6.25,7,14,2,911.206343261503,17,442.0,594.0,152.0,3.907894736842105,38.0,0.5294117647058824,26.0,19.0,2,expanding,losing_streak_fitness,expanding,rep_3,35,6
test,4,0,125287,125287,130699,6,13,3739,6.25,7,14,2,-1000.0,0,0.0,0.0,0.0,inf,0.0,0.0,0.0,0.0,0,expanding,losing_streak_fitness,expanding,rep_3,36,6
train,4,0,125287,125287,130699,6,13,3739,6.25,7,14,2,911.206343261503,17,442.0,594.0,152.0,3.907894736842105,38.0,0.5294117647058824,26.0,19.0,2,expanding,losing_streak_fitness,expanding,rep_3,36,6
test,4,0,125287,125287,130699,6,13,3739,6.25,7,14,2,-1000.0,0,0.0,0.0,0.0,inf,0.0,0.0,0.0,0.0,0,expanding,losing_streak_fitness,expanding,rep_3,37,6
train,4,0,125287,125287,130699,6,13,3739,6.25,7,14,2,911.206343261503,17,442.0,594.0,152.0,3.907894736842105,38.0,0.5294117647058824,26.0,19.0,2,expanding,losing_streak_fitness,expanding,rep_3,37,6
test,4,0,125287,125287,130699,6,13,3739,6.25,7,14,2,-1000.0,0,0.0,0.0,0.0,inf,0.0,0.0,0.0,0.0,0,expanding,losing_streak_fitness,expanding,rep_3,38,6
train,4,0,125287,125287,130699,6,13,3739,6.25,7,14,2,911.206343261503,17,442.0,594.0,152.0,3.907894736842105,38.0,0.5294117647058824,26.0,19.0,2,expanding,losing_streak_fitness,expanding,rep_3,38,6
test,4,0,125287,125287,130699,6,13,3739,6.25,7,14,2,-1000.0,0,0.0,0.0,0.0,inf,0.0,0.0,0.0,0.0,0,expanding,losing_streak_fitness,expanding,rep_3,39,6
train,4,0,125287,125287,130699,6,13,3739,6.25,7,14,2,911.206343261503,17,442.0,594.0,152.0,3.907894736842105,38.0,0.5294117647058824,26.0,19.0,2,expanding,losing_streak_fitness,expanding,rep_3,39,6
test,4,0,125287,125287,130699,6,13,3739,6.25,7,14,2,-1000.0,0,0.0,0.0,0.0,inf,0.0,0.0,0.0,0.0,0,expanding,losing_streak_fitness,expanding,rep_3,40,6
train,4,0,125287,125287,130699,6,13,3739,6.25,7,14,2,911.206343261503,17,442.0,594.0,152.0,3.907894736842105,38.0,0.5294117647058824,26.0,19.0,2,expanding,losing_streak_fitness,expanding,rep_3,40,6
test,4,0,125287,125287,130699,6,13,3739,6.25,7,14,2,-1000.0,0,0.0,0.0,0.0,inf,0.0,0.0,0.0,0.0,0,expanding,losing_streak_fitness,expanding,rep_3,41,6
train,4,0,125287,125287,130699,6,13,3739,6.25,7,14,2,911.206343261503,17,442.0,594.0,152.0,3.907894736842105,38.0,0.5294117647058824,26.0,19.0,2,expanding,losing_streak_fitness,expanding,rep_3,41,6
test,4,0,125287,125287,130699,6,13,3739,6.25,7,14,2,-1000.0,0,0.0,0.0,0.0,inf,0.0,0.0,0.0,0.0,0,expanding,losing_streak_fitness,expanding,rep_3,42,6
train,4,0,125287,125287,130699,6,13,3739,6.25,7,14,2,911.206343261503,17,442.0,594.0,152.0,3.907894736842105,38.0,0.5294117647058824,26.0,19.0,2,expanding,losing_streak_fitness,expanding,rep_3,42,6
test,4,0,125287,125287,130699,6,13,3739,6.25,7,14,2,-1000.0,0,0.0,0.0,0.0,inf,0.0,0.0,0.0,0.0,0,expanding,losing_streak_fitness,expanding,rep_3,43,6
train,4,0,125287,125287,130699,6,13,3739,6.25,7,14,2,911.206343261503,17,442.0,594.0,152.0,3.907894736842105,38.0,0.5294117647058824,26.0,19.0,2,expanding,losing_streak_fitness,expanding,rep_3,43,6
test,4,0,125287,125287,130699,6,13,3739,6.25,7,14,2,-1000.0,0,0.0,0.0,0.0,inf,0.0,0.0,0.0,0.0,0,expanding,losing_streak_fitness,expanding,rep_3,44,6
train,4,0,125287,125287,130699,6,13,3739,6.25,7,14,2,911.206343261503,17,442.0,594.0,152.0,3.907894736842105,38.0,0.5294117647058824,26.0,19.0,2,expanding,losing_streak_fitness,expanding,rep_3,44,6
test,4,0,125287,125287,130699,6,13,3739,6.25,7,14,2,-1000.0,0,0.0,0.0,0.0,inf,0.0,0.0,0.0,0.0,0,expanding,losing_streak_fitness,expanding,rep_3,45,6
train,4,0,125287,125287,130699,6,13,3739,6.25,7,14,2,911.206343261503,17,442.0,594.0,152.0,3.907894736842105,38.0,0.5294117647058824,26.0,19.0,2,expanding,losing_streak_fitness,expanding,rep_3,45,6
test,4,0,125287,125287,130699,6,13,3739,6.25,7,14,2,-1000.0,0,0.0,0.0,0.0,inf,0.0,0.0,0.0,0.0,0,expanding,losing_streak_fitness,expanding,rep_3,46,6
train,4,0,125287,125287,130699,6,13,3739,6.25,7,14,2,911.206343261503,17,442.0,594.0,152.0,3.907894736842105,38.0,0.5294117647058824,26.0,19.0,2,expanding,losing_streak_fitness,expanding,rep_3,46,6
test,4,0,125287,125287,130699,6,13,3739,6.25,7,14,2,-1000.0,0,0.0,0.0,0.0,inf,0.0,0.0,0.0,0.0,0,expanding,losing_streak_fitness,expanding,rep_3,47,6
train,4,0,125287,125287,130699,6,13,3739,6.25,7,14,2,911.206343261503,17,442.0,594.0,152.0,3.907894736842105,38.0,0.5294117647058824,26.0,19.0,2,expanding,losing_streak_fitness,expanding,rep_3,47,6
test,4,0,125287,125287,130699,6,13,3739,6.25,7,14,2,-1000.0,0,0.0,0.0,0.0,inf,0.0,0.0,0.0,0.0,0,expanding,losing_streak_fitness,expanding,rep_3,48,6
train,4,0,125287,125287,130699,6,13,3739,6.25,7,14,2,911.206343261503,17,442.0,594.0,152.0,3.907894736842105,38.0,0.5294117647058824,26.0,19.0,2,expanding,losing_streak_fitness,expanding,rep_3,48,6
test,4,0,125287,125287,130699,6,13,3739,6.25,7,14,2,-1000.0,0,0.0,0.0,0.0,inf,0.0,0.0,0.0,0.0,0,expanding,losing_streak_fitness,expanding,rep_3,49,6
train,4,0,125287,125287,130699,6,13,3739,6.25,7,14,2,911.206343261503,17,442.0,594.0,152.0,3.907894736842105,38.0,0.5294117647058824,26.0,19.0,2,expanding,losing_streak_fitness,expanding,rep_3,49,6
test,4,0,125287,125287,130699,6,13,3739,6.25,7,14,2,-1000.0,0,0.0,0.0,0.0,inf,0.0,0.0,0.0,0.0,0,expanding,losing_streak_fitness,expanding,rep_3,50,6
train,4,0,125287,125287,130699,6,13,3739,6.25,7,14,2,911.206343261503,17,442.0,594.0,152.0,3.907894736842105,38.0,0.5294117647058824,26.0,19.0,2,expanding,losing_streak_fitness,expanding,rep_3,50,6
test,4,0,125287,125287,130699,6,13,3739,6.25,7,14,2,-1000.0,0,0.0,0.0,0.0,inf,0.0,0.0,0.0,0.0,0,expanding,losing_streak_fitness,expanding,rep_3,51,6
train,4,0,125287,125287,130699,6,13,3739,6.25,7,14,2,911.206343261503,17,442.0,594.0,152.0,3.907894736842105,38.0,0.5294117647058824,26.0,19.0,2,expanding,losing_streak_fitness,expanding,rep_3,51,6
test,4,0,125287,125287,130699,6,13,3739,6.25,7,14,2,-1000.0,0,0.0,0.0,0.0,inf,0.0,0.0,0.0,0.0,0,expanding,losing_streak_fitness,expanding,rep_3,52,6
train,4,0,125287,125287,130699,6,13,3739,6.25,7,14,2,911.206343261503,17,442.0,594.0,152.0,3.907894736842105,38.0,0.5294117647058824,26.0,19.0,2,expanding,losing_streak_fitness,expanding,rep_3,52,6
test,4,0,125287,125287,130699,6,13,3739,6.25,7,14,2,-1000.0,0,0.0,0.0,0.0,inf,0.0,0.0,0.0,0.0,0,expanding,losing_streak_fitness,expanding,rep_3,53,6
train,4,0,125287,125287,130699,6,13,3739,6.25,7,14,2,911.206343261503,17,442.0,594.0,152.0,3.907894736842105,38.0,0.5294117647058824,26.0,19.0,2,expanding,losing_streak_fitness,expanding,rep_3,53,6
test,4,0,125287,125287,130699,6,13,3739,6.25,7,14,2,-1000.0,0,0.0,0.0,0.0,inf,0.0,0.0,0.0,0.0,0,expanding,losing_streak_fitness,expanding,rep_3,54,6
train,4,0,125287,125287,130699,6,13,3739,6.25,7,14,2,911.206343261503,17,442.0,594.0,152.0,3.907894736842105,38.0,0.5294117647058824,26.0,19.0,2,expanding,losing_streak_fitness,expanding,rep_3,54,6
test,4,0,125287,125287,130699,6,13,3739,6.25,7,14,2,-1000.0,0,0.0,0.0,0.0,inf,0.0,0.0,0.0,0.0,0,expanding,losing_streak_fitness,expanding,rep_3,55,6
train,4,0,125287,125287,130699,6,13,3739,6.25,7,14,2,911.206343261503,17,442.0,594.0,152.0,3.907894736842105,38.0,0.5294117647058824,26.0,19.0,2,expanding,losing_streak_fitness,expanding,rep_3,55,6
test,4,0,125287,125287,130699,6,13,3739,6.25,7,14,2,-1000.0,0,0.0,0.0,0.0,inf,0.0,0.0,0.0,0.0,0,expanding,losing_streak_fitness,expanding,rep_3,56,6
train,4,0,125287,125287,130699,6,13,3739,6.25,7,14,2,911.206343261503,17,442.0,594.0,152.0,3.907894736842105,38.0,0.5294117647058824,26.0,19.0,2,expanding,losing_streak_fitness,expanding,rep_3,56,6
test,4,0,125287,125287,130699,6,13,3739,6.25,7,14,2,-1000.0,0,0.0,0.0,0.0,inf,0.0,0.0,0.0,0.0,0,expanding,losing_streak_fitness,expanding,rep_3,57,6
train,4,0,125287,125287,130699,6,13,3739,6.25,7,14,2,911.206343261503,17,442.0,594.0,152.0,3.907894736842105,38.0,0.5294117647058824,26.0,19.0,2,expanding,losing_streak_fitness,expanding,rep_3,57,6
test,4,0,125287,125287,130699,6,13,3739,6.25,7,14,2,-1000.0,0,0.0,0.0,0.0,inf,0.0,0.0,0.0,0.0,0,expanding,losing_streak_fitness,expanding,rep_3,58,6
train,4,0,125287,125287,130699,6,13,3739,6.25,7,14,2,911.206343261503,17,442.0,594.0,152.0,3.907894736842105,38.0,0.5294117647058824,26.0,19.0,2,expanding,losing_streak_fitness,expanding,rep_3,58,6
test,4,0,125287,125287,130699,6,13,3739,6.25,7,14,2,-1000.0,0,0.0,0.0,0.0,inf,0.0,0.0,0.0,0.0,0,expanding,losing_streak_fitness,expanding,rep_3,59,6
train,4,0,125287,125287,130699,6,13,3739,6.25,7,14,2,911.206343261503,17,442.0,594.0,152.0,3.907894736842105,38.0,0.5294117647058824,26.0,19.0,2,expanding,losing_streak_fitness,expanding,rep_3,59,6
test,4,0,125287,125287,130699,6,13,3739,6.25,7,14,2,-1000.0,0,0.0,0.0,0.0,inf,0.0,0.0,0.0,0.0,0,expanding,losing_streak_fitness,expanding,rep_3,60,6
train,4,0,125287,125287,130699,6,13,3739,6.25,7,14,2,911.206343261503,17,442.0,594.0,152.0,3.907894736842105,38.0,0.5294117647058824,26.0,19.0,2,expanding,losing_streak_fitness,expanding,rep_3,60,6
test,4,0,125287,125287,130699,6,13,3739,6.25,7,14,2,-1000.0,0,0.0,0.0,0.0,inf,0.0,0.0,0.0,0.0,0,expanding,losing_streak_fitness,expanding,rep_3,61,6
train,4,0,125287,125287,130699,6,13,3739,6.25,7,14,2,911.206343261503,17,442.0,594.0,152.0,3.907894736842105,38.0,0.5294117647058824,26.0,19.0,2,expanding,losing_streak_fitness,expanding,rep_3,61,6
test,4,0,125287,125287,130699,6,13,3739,6.25,7,14,2,-1000.0,0,0.0,0.0,0.0,inf,0.0,0.0,0.0,0.0,0,expanding,losing_streak_fitness,expanding,rep_3,62,6
train,4,0,125287,125287,130699,6,13,3739,6.25,7,14,2,911.206343261503,17,442.0,594.0,152.0,3.907894736842105,38.0,0.5294117647058824,26.0,19.0,2,expanding,losing_streak_fitness,expanding,rep_3,62,6
test,4,0,125287,125287,130699,6,13,3739,6.25,7,14,2,-1000.0,0,0.0,0.0,0.0,inf,0.0,0.0,0.0,0.0,0,expanding,losing_streak_fitness,expanding,rep_3,63,6
train,4,0,125287,125287,130699,6,13,3739,6.25,7,14,2,911.206343261503,17,442.0,594.0,152.0,3.907894736842105,38.0,0.5294117647058824,26.0,19.0,2,expanding,losing_streak_fitness,expanding,rep_3,63,6
test,4,0,125287,125287,130699,6,13,3739,6.25,7,14,2,-1000.0,0,0.0,0.0,0.0,inf,0.0,0.0,0.0,0.0,0,expanding,losing_streak_fitness,expanding,rep_3,64,6
train,4,0,125287,125287,130699,6,13,3739,6.25,7,14,2,911.206343261503,17,442.0,594.0,152.0,3.907894736842105,38.0,0.5294117647058824,26.0,19.0,2,expanding,losing_streak_fitness,expanding,rep_3,64,6
test,4,0,125287,125287,130699,6,13,3739,6.25,7,14,2,-1000.0,0,0.0,0.0,0.0,inf,0.0,0.0,0.0,0.0,0,expanding,losing_streak_fitness,expanding,rep_3,65,6
train,4,0,125287,125287,130699,6,13,3739,6.25,7,14,2,911.206343261503,17,442.0,594.0,152.0,3.907894736842105,38.0,0.5294117647058824,26.0,19.0,2,expanding,losing_streak_fitness,expanding,rep_3,65,6
test,4,0,125287,125287,130699,6,13,3739,6.25,7,14,2,-1000.0,0,0.0,0.0,0.0,inf,0.0,0.0,0.0,0.0,0,expanding,losing_streak_fitness,expanding,rep_3,66,6
train,4,0,125287,125287,130699,6,13,3739,6.25,7,14,2,911.206343261503,17,442.0,594.0,152.0,3.907894736842105,38.0,0.5294117647058824,26.0,19.0,2,expanding,losing_streak_fitness,expanding,rep_3,66,6
test,4,0,125287,125287,130699,6,13,3739,6.25,7,14,2,-1000.0,0,0.0,0.0,0.0,inf,0.0,0.0,0.0,0.0,0,expanding,losing_streak_fitness,expanding,rep_3,67,6
train,4,0,125287,125287,130699,6,13,3739,6.25,7,14,2,911.206343261503,17,442.0,594.0,152.0,3.907894736842105,38.0,0.5294117647058824,26.0,19.0,2,expanding,losing_streak_fitness,expanding,rep_3,67,6
test,4,0,125287,125287,130699,6,13,3739,6.25,7,14,2,-1000.0,0,0.0,0.0,0.0,inf,0.0,0.0,0.0,0.0,0,expanding,losing_streak_fitness,expanding,rep_3,68,6
train,4,0,125287,125287,130699,6,13,3739,6.25,7,14,2,911.206343261503,17,442.0,594.0,152.0,3.907894736842105,38.0,0.5294117647058824,26.0,19.0,2,expanding,losing_streak_fitness,expanding,rep_3,68,6
test,4,0,125287,125287,130699,6,13,3739,6.25,7,14,2,-1000.0,0,0.0,0.0,0.0,inf,0.0,0.0,0.0,0.0,0,expanding,losing_streak_fitness,expanding,rep_3,69,6
train,4,0,125287,125287,130699,6,13,3739,6.25,7,14,2,911.206343261503,17,442.0,594.0,152.0,3.907894736842105,38.0,0.5294117647058824,26.0,19.0,2,expanding,losing_streak_fitness,expanding,rep_3,69,6
test,4,0,125287,125287,130699,6,13,3739,6.25,7,14,2,-1000.0,0,0.0,0.0,0.0,inf,0.0,0.0,0.0,0.0,0,expanding,losing_streak_fitness,expanding,rep_3,70,6
train,4,0,125287,125287,130699,6,13,3739,6.25,7,14,2,911.206343261503,17,442.0,594.0,152.0,3.907894736842105,38.0,0.5294117647058824,26.0,19.0,2,expanding,losing_streak_fitness,expanding,rep_3,70,6
test,4,0,125287,125287,130699,6,13,3739,6.25,7,14,2,-1000.0,0,0.0,0.0,0.0,inf,0.0,0.0,0.0,0.0,0,expanding,losing_streak_fitness,expanding,rep_3,71,6
train,4,0,125287,125287,130699,6,13,3739,6.25,7,14,2,911.206343261503,17,442.0,594.0,152.0,3.907894736842105,38.0,0.5294117647058824,26.0,19.0,2,expanding,losing_streak_fitness,expanding,rep_3,71,6
test,4,0,125287,125287,130699,6,13,3739,6.25,7,14,2,-1000.0,0,0.0,0.0,0.0,inf,0.0,0.0,0.0,0.0,0,expanding,losing_streak_fitness,expanding,rep_3,72,6
train,4,0,125287,125287,130699,6,13,3739,6.25,7,14,2,911.206343261503,17,442.0,594.0,152.0,3.907894736842105,38.0,0.5294117647058824,26.0,19.0,2,expanding,losing_streak_fitness,expanding,rep_3,72,6
test,4,0,125287,125287,130699,6,13,3739,6.25,7,14,2,-1000.0,0,0.0,0.0,0.0,inf,0.0,0.0,0.0,0.0,0,expanding,losing_streak_fitness,expanding,rep_3,73,6
train,4,0,125287,125287,130699,6,13,3739,6.25,7,14,2,911.206343261503,17,442.0,594.0,152.0,3.907894736842105,38.0,0.5294117647058824,26.0,19.0,2,expanding,losing_streak_fitness,expanding,rep_3,73,6
test,4,0,125287,125287,130699,6,13,3739,6.25,7,14,2,-1000.0,0,0.0,0.0,0.0,inf,0.0,0.0,0.0,0.0,0,expanding,losing_streak_fitness,expanding,rep_3,74,6
train,4,0,125287,125287,130699,6,13,3739,6.25,7,14,2,911.206343261503,17,442.0,594.0,152.0,3.907894736842105,38.0,0.5294117647058824,26.0,19.0,2,expanding,losing_streak_fitness,expanding,rep_3,74,6
test,4,0,125287,125287,130699,6,13,3739,6.25,7,14,2,-1000.0,0,0.0,0.0,0.0,inf,0.0,0.0,0.0,0.0,0,expanding,losing_streak_fitness,expanding,rep_3,75,6
train,4,0,125287,125287,130699,6,13,3739,6.25,7,14,2,911.206343261503,17,442.0,594.0,152.0,3.907894736842105,38.0,0.5294117647058824,26.0,19.0,2,expanding,losing_streak_fitness,expanding,rep_3,75,6
test,4,0,125287,125287,130699,6,13,3739,6.25,7,14,2,-1000.0,0,0.0,0.0,0.0,inf,0.0,0.0,0.0,0.0,0,expanding,losing_streak_fitness,expanding,rep_3,76,6
train,4,0,125287,125287,130699,6,13,3739,6.25,7,14,2,911.206343261503,17,442.0,594.0,152.0,3.907894736842105,38.0,0.5294117647058824,26.0,19.0,2,expanding,losing_streak_fitness,expanding,rep_3,76,6
test,4,0,125287,125287,130699,6,13,3739,6.25,7,14,2,-1000.0,0,0.0,0.0,0.0,inf,0.0,0.0,0.0,0.0,0,expanding,losing_streak_fitness,expanding,rep_3,77,6
train,4,0,125287,125287,130699,6,13,3739,6.25,7,14,2,911.206343261503,17,442.0,594.0,152.0,3.907894736842105,38.0,0.5294117647058824,26.0,19.0,2,expanding,losing_streak_fitness,expanding,rep_3,77,6
test,4,0,125287,125287,130699,6,13,3739,6.25,7,14,2,-1000.0,0,0.0,0.0,0.0,inf,0.0,0.0,0.0,0.0,0,expanding,losing_streak_fitness,expanding,rep_3,78,6
train,4,0,125287,125287,130699,6,13,3739,6.25,7,14,2,911.206343261503,17,442.0,594.0,152.0,3.907894736842105,38.0,0.5294117647058824,26.0,19.0,2,expanding,losing_streak_fitness,expanding,rep_3,78,6
test,4,0,125287,125287,130699,6,13,3739,6.25,7,14,2,-1000.0,0,0.0,0.0,0.0,inf,0.0,0.0,0.0,0.0,0,expanding,losing_streak_fitness,expanding,rep_3,79,6
train,4,0,125287,125287,130699,6,13,3739,6.25,7,14,2,911.206343261503,17,442.0,594.0,152.0,3.907894736842105,38.0,0.5294117647058824,26.0,19.0,2,expanding,losing_streak_fitness,expanding,rep_3,79,6
test,4,0,125287,125287,130699,6,13,3739,6.25,7,14,2,-1000.0,0,0.0,0.0,0.0,inf,0.0,0.0,0.0,0.0,0,expanding,losing_streak_fitness,expanding,rep_3,80,6
train,4,0,125287,125287,130699,6,13,3739,6.25,7,14,2,911.206343261503,17,442.0,594.0,152.0,3.907894736842105,38.0,0.5294117647058824,26.0,19.0,2,expanding,losing_streak_fitness,expanding,rep_3,80,6
test,4,0,125287,125287,130699,6,13,3739,6.25,7,14,2,-1000.0,0,0.0,0.0,0.0,inf,0.0,0.0,0.0,0.0,0,expanding,losing_streak_fitness,expanding,rep_3,81,6
train,4,0,125287,125287,130699,6,13,3739,6.25,7,14,2,911.206343261503,17,442.0,594.0,152.0,3.907894736842105,38.0,0.5294117647058824,26.0,19.0,2,expanding,losing_streak_fitness,expanding,rep_3,81,6
test,4,0,125287,125287,130699,6,13,3739,6.25,7,14,2,-1000.0,0,0.0,0.0,0.0,inf,0.0,0.0,0.0,0.0,0,expanding,losing_streak_fitness,expanding,rep_3,82,6
train,4,0,125287,125287,130699,6,13,3739,6.25,7,14,2,911.206343261503,17,442.0,594.0,152.0,3.907894736842105,38.0,0.5294117647058824,26.0,19.0,2,expanding,losing_streak_fitness,expanding,rep_3,82,6
test,4,0,125287,125287,130699,6,13,3739,6.25,7,14,2,-1000.0,0,0.0,0.0,0.0,inf,0.0,0.0,0.0,0.0,0,expanding,losing_streak_fitness,expanding,rep_3,83,6
train,4,0,125287,125287,130699,6,13,3739,6.25,7,14,2,911.206343261503,17,442.0,594.0,152.0,3.907894736842105,38.0,0.5294117647058824,26.0,19.0,2,expanding,losing_streak_fitness,expanding,rep_3,83,6
test,4,0,125287,125287,130699,6,13,3739,6.25,7,14,2,-1000.0,0,0.0,0.0,0.0,inf,0.0,0.0,0.0,0.0,0,expanding,losing_streak_fitness,expanding,rep_3,84,6
train,4,0,125287,125287,130699,6,13,3739,6.25,7,14,2,911.206343261503,17,442.0,594.0,152.0,3.907894736842105,38.0,0.5294117647058824,26.0,19.0,2,expanding,losing_streak_fitness,expanding,rep_3,84,6
test,4,0,125287,125287,130699,6,13,3739,6.25,7,14,2,-1000.0,0,0.0,0.0,0.0,inf,0.0,0.0,0.0,0.0,0,expanding,losing_streak_fitness,expanding,rep_3,85,6
train,4,0,125287,125287,130699,6,13,3739,6.25,7,14,2,911.206343261503,17,442.0,594.0,152.0,3.907894736842105,38.0,0.5294117647058824,26.0,19.0,2,expanding,losing_streak_fitness,expanding,rep_3,85,6
test,4,0,125287,125287,130699,6,13,3739,6.25,7,14,2,-1000.0,0,0.0,0.0,0.0,inf,0.0,0.0,0.0,0.0,0,expanding,losing_streak_fitness,expanding,rep_3,86,6
train,4,0,125287,125287,130699,6,13,3739,6.25,7,14,2,911.206343261503,17,442.0,594.0,152.0,3.907894736842105,38.0,0.5294117647058824,26.0,19.0,2,expanding,losing_streak_fitness,expanding,rep_3,86,6
test,4,0,125287,125287,130699,6,13,3739,6.25,7,14,2,-1000.0,0,0.0,0.0,0.0,inf,0.0,0.0,0.0,0.0,0,expanding,losing_streak_fitness,expanding,rep_3,87,6
train,4,0,125287,125287,130699,6,13,3739,6.25,7,14,2,911.206343261503,17,442.0,594.0,152.0,3.907894736842105,38.0,0.5294117647058824,26.0,19.0,2,expanding,losing_streak_fitness,expanding,rep_3,87,6
test,4,0,125287,125287,130699,6,13,3739,6.25,7,14,2,-1000.0,0,0.0,0.0,0.0,inf,0.0,0.0,0.0,0.0,0,expanding,losing_streak_fitness,expanding,rep_3,88,6
train,4,0,125287,125287,130699,6,13,3739,6.25,7,14,2,911.206343261503,17,442.0,594.0,152.0,3.907894736842105,38.0,0.5294117647058824,26.0,19.0,2,expanding,losing_streak_fitness,expanding,rep_3,88,6
test,4,0,125287,125287,130699,6,13,3739,6.25,7,14,2,-1000.0,0,0.0,0.0,0.0,inf,0.0,0.0,0.0,0.0,0,expanding,losing_streak_fitness,expanding,rep_3,89,6
train,4,0,125287,125287,130699,6,13,3739,6.25,7,14,2,911.206343261503,17,442.0,594.0,152.0,3.907894736842105,38.0,0.5294117647058824,26.0,19.0,2,expanding,losing_streak_fitness,expanding,rep_3,89,6
test,4,0,125287,125287,130699,6,13,3739,6.25,7,14,2,-1000.0,0,0.0,0.0,0.0,inf,0.0,0.0,0.0,0.0,0,expanding,losing_streak_fitness,expanding,rep_3,90,6
train,4,0,125287,125287,130699,6,13,3739,6.25,7,14,2,911.206343261503,17,442.0,594.0,152.0,3.907894736842105,38.0,0.5294117647058824,26.0,19.0,2,expanding,losing_streak_fitness,expanding,rep_3,90,6
test,4,0,125287,125287,130699,6,13,3739,6.25,7,14,2,-1000.0,0,0.0,0.0,0.0,inf,0.0,0.0,0.0,0.0,0,expanding,losing_streak_fitness,expanding,rep_3,91,6
train,4,0,125287,125287,130699,6,13,3739,6.25,7,14,2,911.206343261503,17,442.0,594.0,152.0,3.907894736842105,38.0,0.5294117647058824,26.0,19.0,2,expanding,losing_streak_fitness,expanding,rep_3,91,6
test,4,0,125287,125287,130699,6,13,3739,6.25,7,14,2,-1000.0,0,0.0,0.0,0.0,inf,0.0,0.0,0.0,0.0,0,expanding,losing_streak_fitness,expanding,rep_3,92,6
train,4,0,125287,125287,130699,6,13,3739,6.25,7,14,2,911.206343261503,17,442.0,594.0,152.0,3.907894736842105,38.0,0.5294117647058824,26.0,19.0,2,expanding,losing_streak_fitness,expanding,rep_3,92,6
test,4,0,125287,125287,130699,6,13,3739,6.25,7,14,2,-1000.0,0,0.0,0.0,0.0,inf,0.0,0.0,0.0,0.0,0,expanding,losing_streak_fitness,expanding,rep_3,93,6
train,4,0,125287,125287,130699,6,13,3739,6.25,7,14,2,911.206343261503,17,442.0,594.0,152.0,3.907894736842105,38.0,0.5294117647058824,26.0,19.0,2,expanding,losing_streak_fitness,expanding,rep_3,93,6
test,4,0,125287,125287,130699,6,13,3739,6.25,7,14,2,-1000.0,0,0.0,0.0,0.0,inf,0.0,0.0,0.0,0.0,0,expanding,losing_streak_fitness,expanding,rep_3,94,6
train,4,0,125287,125287,130699,6,13,3739,6.25,7,14,2,911.206343261503,17,442.0,594.0,152.0,3.907894736842105,38.0,0.5294117647058824,26.0,19.0,2,expanding,losing_streak_fitness,expanding,rep_3,94,6
test,4,0,125287,125287,130699,6,13,3739,6.25,7,14,2,-1000.0,0,0.0,0.0,0.0,inf,0.0,0.0,0.0,0.0,0,expanding,losing_streak_fitness,expanding,rep_3,95,6
train,4,0,125287,125287,130699,6,13,3739,6.25,7,14,2,911.206343261503,17,442.0,594.0,152.0,3.907894736842105,38.0,0.5294117647058824,26.0,19.0,2,expanding,losing_streak_fitness,expanding,rep_3,95,6
test,4,0,125287,125287,130699,6,13,3739,6.25,7,14,2,-1000.0,0,0.0,0.0,0.0,inf,0.0,0.0,0.0,0.0,0,expanding,losing_streak_fitness,expanding,rep_3,96,6
train,4,0,125287,125287,130699,6,13,3739,6.25,7,14,2,911.206343261503,17,442.0,594.0,152.0,3.907894736842105,38.0,0.5294117647058824,26.0,19.0,2,expanding,losing_streak_fitness,expanding,rep_3,96,6
test,4,0,125287,125287,130699,6,13,3739,6.25,7,14,2,-1000.0,0,0.0,0.0,0.0,inf,0.0,0.0,0.0,0.0,0,expanding,losing_streak_fitness,expanding,rep_3,97,6
train,4,0,125287,125287,130699,6,13,3739,6.25,7,14,2,911.206343261503,17,442.0,594.0,152.0,3.907894736842105,38.0,0.5294117647058824,26.0,19.0,2,expanding,losing_streak_fitness,expanding,rep_3,97,6
test,4,0,125287,125287,130699,6,13,3739,6.25,7,14,2,-1000.0,0,0.0,0.0,0.0,inf,0.0,0.0,0.0,0.0,0,expanding,losing_streak_fitness,expanding,rep_3,98,6
train,4,0,125287,125287,130699,6,13,3739,6.25,7,14,2,911.206343261503,17,442.0,594.0,152.0,3.907894736842105,38.0,0.5294117647058824,26.0,19.0,2,expanding,losing_streak_fitness,expanding,rep_3,98,6
test,4,0,125287,125287,130699,6,13,3739,6.25,7,14,2,-1000.0,0,0.0,0.0,0.0,inf,0.0,0.0,0.0,0.0,0,expanding,losing_streak_fitness,expanding,rep_3,99,6
train,4,0,125287,125287,130699,6,13,3739,6.25,7,14,2,911.206343261503,17,442.0,594.0,152.0,3.907894736842105,38.0,0.5294117647058824,26.0,19.0,2,expanding,losing_streak_fitness,expanding,rep_3,99,6
test,4,0,125287,125287,130699,6,13,3739,6.25,7,14,2,-1000.0,0,0.0,0.0,0.0,inf,0.0,0.0,0.0,0.0,0,expanding,losing_streak_fitness,expanding,rep_3,100,6
train,4,0,125287,125287,130699,6,13,3739,6.25,7,14,2,911.206343261503,17,442.0,594.0,152.0,3.907894736842105,38.0,0.5294117647058824,26.0,19.0,2,expanding,losing_streak_fitness,expanding,rep_3,100,6
