generation,window_id,train_start,train_end,test_start,test_end,best_fitness,average_fitness,median_fitness,worst_fitness,std_fitness,fitness_range,patience_counter,walk_forward_type,fitness_function,train_size,repetition
0,1,0,22406,22406,53560,-54.899339704590254,-1605.5959388071385,-1000.0,-27965.13038688637,3472.650453806561,27910.231047181784,0,expanding,losing_streak_fitness,expanding,rep_1
1,1,0,22406,22406,53560,-54.899339704590254,-844.774613193284,-1000.0,-9023.23079611732,907.9822149760304,8968.331456412729,1,expanding,losing_streak_fitness,expanding,rep_1
2,1,0,22406,22406,53560,81.0,-586.9240294671024,-506.9060419095785,-1390.075357669504,417.3447534225851,1471.075357669504,0,expanding,losing_streak_fitness,expanding,rep_1
3,1,0,22406,22406,53560,6.0,-410.2295433502976,-181.8474041562998,-2607.4011695030285,497.9081580253737,2613.4011695030285,1,expanding,losing_streak_fitness,expanding,rep_1
4,1,0,22406,22406,53560,100.62305898749054,-168.87319840496144,-116.25419019656296,-1200.613593126448,212.28517352969743,1301.2366521139386,0,expanding,losing_streak_fitness,expanding,rep_1
5,1,0,22406,22406,53560,15.874507866387544,-131.96941892968326,-77.73674462105743,-1000.0,192.536914774492,1015.8745078663876,1,expanding,losing_streak_fitness,expanding,rep_1
6,1,0,22406,22406,53560,137.17142559585795,-125.01658985598786,-72.32141211861247,-3827.534585859263,391.2750403630155,3964.706011455122,0,expanding,losing_streak_fitness,expanding,rep_1
7,1,0,22406,22406,53560,126.0317420335052,-87.35089962807746,-46.53212288482765,-1000.0,191.5149975229952,1126.0317420335052,1,expanding,losing_streak_fitness,expanding,rep_1
8,1,0,22406,22406,53560,137.17142559585795,-130.66182511392543,-39.97789012051902,-1000.0,289.9520505683782,1137.171425595858,2,expanding,losing_streak_fitness,expanding,rep_1
9,1,0,22406,22406,53560,159.1979899370592,-146.04362677097143,-39.67992361719534,-1000.0,322.75024668089213,1159.1979899370592,0,expanding,losing_streak_fitness,expanding,rep_1
10,1,0,22406,22406,53560,137.17142559585795,-82.90202040285538,-14.422205101855956,-1000.0,277.47961175331886,1137.171425595858,1,expanding,losing_streak_fitness,expanding,rep_1
11,1,0,22406,22406,53560,159.1979899370592,-29.816895680836424,3.674234614174767,-1000.0,206.87249722242015,1159.1979899370592,2,expanding,losing_streak_fitness,expanding,rep_1
12,1,0,22406,22406,53560,200.65579981650168,30.245774410217464,57.68882040742383,-1000.0,195.03893332030296,1200.6557998165017,0,expanding,losing_streak_fitness,expanding,rep_1
13,1,0,22406,22406,53560,200.65579981650168,88.76648041207578,93.1434079494864,-82.92767933567175,66.23094834148506,283.5834791521734,1,expanding,losing_streak_fitness,expanding,rep_1
14,1,0,22406,22406,53560,228.63070659909175,95.62374477000066,131.6015838146816,-1000.0,139.5977679892006,1228.6307065990918,0,expanding,losing_streak_fitness,expanding,rep_1
15,1,0,22406,22406,53560,271.9319767883137,133.89324182281834,159.1979899370592,-143.10835055998655,69.670446909494,415.04032734830025,0,expanding,losing_streak_fitness,expanding,rep_1
16,1,0,22406,22406,53560,289.2524848640025,155.88168594327587,159.1979899370592,-26.440709353402585,68.18315565173084,315.6931942174051,0,expanding,losing_streak_fitness,expanding,rep_1
17,1,0,22406,22406,53560,289.2524848640025,174.77655561883617,200.65579981650168,-571.4822831899515,102.70857596785572,860.734768053954,1,expanding,losing_streak_fitness,expanding,rep_1
18,1,0,22406,22406,53560,332.55375505322445,202.8077662378347,228.63070659909175,-251.89712185731705,87.22960374258476,584.4508769105414,0,expanding,losing_streak_fitness,expanding,rep_1
19,1,0,22406,22406,53560,332.55375505322445,245.26993845398067,271.9319767883137,-193.587602908864,84.26562358975418,526.1413579620885,1,expanding,losing_streak_fitness,expanding,rep_1
20,1,0,22406,22406,53560,332.55375505322445,270.7475435806629,271.9319767883137,-111.9542763810298,76.78129355801028,444.50803143425424,2,expanding,losing_streak_fitness,expanding,rep_1
21,1,0,22406,22406,53560,332.55375505322445,283.09451645363026,332.55375505322445,3.674234614174767,84.70211381501957,328.87952043904966,3,expanding,losing_streak_fitness,expanding,rep_1
22,1,0,22406,22406,53560,332.55375505322445,299.8030914709885,332.55375505322445,-53.64475743257676,84.09747692823512,386.1985124858012,4,expanding,losing_streak_fitness,expanding,rep_1
23,1,0,22406,22406,53560,332.55375505322445,305.9935097045864,332.55375505322445,-53.64475743257676,82.91131789459985,386.1985124858012,5,expanding,losing_streak_fitness,expanding,rep_1
24,1,0,22406,22406,53560,332.55375505322445,301.6452664102135,332.55375505322445,-53.64475743257676,88.32815352057852,386.1985124858012,6,expanding,losing_streak_fitness,expanding,rep_1
25,1,0,22406,22406,53560,332.55375505322445,298.72315770752914,332.55375505322445,-53.64475743257676,86.45129956342294,386.1985124858012,7,expanding,losing_streak_fitness,expanding,rep_1
26,1,0,22406,22406,53560,332.55375505322445,307.0519025505123,332.55375505322445,-53.64475743257676,76.90212026415084,386.1985124858012,8,expanding,losing_streak_fitness,expanding,rep_1
27,1,0,22406,22406,53560,332.55375505322445,312.17427768773155,332.55375505322445,3.674234614174767,71.38995522631488,328.87952043904966,9,expanding,losing_streak_fitness,expanding,rep_1
28,1,0,22406,22406,53560,332.55375505322445,312.982310089734,332.55375505322445,3.674234614174767,67.43434982452312,328.87952043904966,10,expanding,losing_streak_fitness,expanding,rep_1
29,1,0,22406,22406,53560,332.55375505322445,308.4038817633475,332.55375505322445,3.674234614174767,80.41155589537041,328.87952043904966,11,expanding,losing_streak_fitness,expanding,rep_1
30,1,0,22406,22406,53560,332.55375505322445,311.3650658008564,332.55375505322445,3.674234614174767,71.25646487649612,328.87952043904966,12,expanding,losing_streak_fitness,expanding,rep_1
31,1,0,22406,22406,53560,332.55375505322445,308.28726433659546,332.55375505322445,3.674234614174767,74.91328301832687,328.87952043904966,13,expanding,losing_streak_fitness,expanding,rep_1
32,1,0,22406,22406,53560,332.55375505322445,302.5175624054912,332.55375505322445,-53.64475743257676,80.3543162979868,386.1985124858012,14,expanding,losing_streak_fitness,expanding,rep_1
33,1,0,22406,22406,53560,332.55375505322445,297.3896635564284,332.55375505322445,3.674234614174767,85.50796634158183,328.87952043904966,15,expanding,losing_streak_fitness,expanding,rep_1
34,1,0,22406,22406,53560,332.55375505322445,327.7276058994011,332.55375505322445,99.98531142122827,26.61162798262594,232.56844363199616,16,expanding,losing_streak_fitness,expanding,rep_1
35,1,0,22406,22406,53560,332.55375505322445,301.8207785649071,332.55375505322445,-53.64475743257676,88.10909761367597,386.1985124858012,17,expanding,losing_streak_fitness,expanding,rep_1
36,1,0,22406,22406,53560,332.55375505322445,305.8054294353227,332.55375505322445,3.674234614174767,77.4460915661113,328.87952043904966,18,expanding,losing_streak_fitness,expanding,rep_1
37,1,0,22406,22406,53560,332.55375505322445,300.8288324050202,332.55375505322445,3.674234614174767,87.07403209038289,328.87952043904966,19,expanding,losing_streak_fitness,expanding,rep_1
38,1,0,22406,22406,53560,332.55375505322445,303.2375122847871,332.55375505322445,-53.64475743257676,88.63299695842338,386.1985124858012,20,expanding,losing_streak_fitness,expanding,rep_1
39,1,0,22406,22406,53560,332.55375505322445,308.8102392284925,332.55375505322445,-53.64475743257676,78.0340083698373,386.1985124858012,21,expanding,losing_streak_fitness,expanding,rep_1
40,1,0,22406,22406,53560,332.55375505322445,307.88993254849555,332.55375505322445,3.674234614174767,78.67090984500749,328.87952043904966,22,expanding,losing_streak_fitness,expanding,rep_1
41,1,0,22406,22406,53560,332.55375505322445,306.1765746438349,332.55375505322445,-53.64475743257676,85.04761019194962,386.1985124858012,23,expanding,losing_streak_fitness,expanding,rep_1
42,1,0,22406,22406,53560,332.55375505322445,296.1409600751931,332.55375505322445,-53.64475743257676,94.8535371019466,386.1985124858012,24,expanding,losing_streak_fitness,expanding,rep_1
43,1,0,22406,22406,53560,332.55375505322445,316.79357066166324,332.55375505322445,-53.64475743257676,61.67959477452209,386.1985124858012,25,expanding,losing_streak_fitness,expanding,rep_1
44,1,0,22406,22406,53560,332.55375505322445,305.7676578036296,332.55375505322445,-53.64475743257676,83.91171928049464,386.1985124858012,26,expanding,losing_streak_fitness,expanding,rep_1
45,1,0,22406,22406,53560,332.55375505322445,311.39075405703346,332.55375505322445,3.674234614174767,71.19074596393168,328.87952043904966,27,expanding,losing_streak_fitness,expanding,rep_1
46,1,0,22406,22406,53560,332.55375505322445,308.51254774883216,332.55375505322445,3.674234614174767,72.71589072662309,328.87952043904966,28,expanding,losing_streak_fitness,expanding,rep_1
47,1,0,22406,22406,53560,332.55375505322445,301.8229873363718,332.55375505322445,-53.64475743257676,84.80846417847359,386.1985124858012,29,expanding,losing_streak_fitness,expanding,rep_1
48,1,0,22406,22406,53560,332.55375505322445,302.5284123592195,332.55375505322445,-53.64475743257676,88.90024380674684,386.1985124858012,30,expanding,losing_streak_fitness,expanding,rep_1
49,1,0,22406,22406,53560,332.55375505322445,307.8566508196329,332.55375505322445,-53.64475743257676,77.28704169691876,386.1985124858012,31,expanding,losing_streak_fitness,expanding,rep_1
50,1,0,22406,22406,53560,332.55375505322445,301.8534630971397,332.55375505322445,-53.64475743257676,89.5527530117502,386.1985124858012,32,expanding,losing_streak_fitness,expanding,rep_1
51,1,0,22406,22406,53560,332.55375505322445,316.04720710013976,332.55375505322445,47.09607202304668,59.94314906980962,285.45768303017775,33,expanding,losing_streak_fitness,expanding,rep_1
52,1,0,22406,22406,53560,332.55375505322445,287.3651312855744,332.55375505322445,-53.64475743257676,99.34661872832952,386.1985124858012,34,expanding,losing_streak_fitness,expanding,rep_1
53,1,0,22406,22406,53560,332.55375505322445,307.4594166448635,332.55375505322445,3.674234614174767,77.36023119213897,328.87952043904966,35,expanding,losing_streak_fitness,expanding,rep_1
54,1,0,22406,22406,53560,332.55375505322445,294.2562358303592,332.55375505322445,-53.64475743257676,100.51115119776053,386.1985124858012,36,expanding,losing_streak_fitness,expanding,rep_1
55,1,0,22406,22406,53560,332.55375505322445,306.7377302808955,332.55375505322445,3.674234614174767,74.39206809247419,328.87952043904966,37,expanding,losing_streak_fitness,expanding,rep_1
56,1,0,22406,22406,53560,332.55375505322445,308.26935354451126,332.55375505322445,3.674234614174767,76.12200444587413,328.87952043904966,38,expanding,losing_streak_fitness,expanding,rep_1
57,1,0,22406,22406,53560,332.55375505322445,302.62771832210274,332.55375505322445,3.674234614174767,82.80377164809293,328.87952043904966,39,expanding,losing_streak_fitness,expanding,rep_1
58,1,0,22406,22406,53560,332.55375505322445,309.442844006123,332.55375505322445,3.674234614174767,76.87992272751127,328.87952043904966,40,expanding,losing_streak_fitness,expanding,rep_1
59,1,0,22406,22406,53560,332.55375505322445,300.20651080036004,332.55375505322445,3.674234614174767,82.99190113872235,328.87952043904966,41,expanding,losing_streak_fitness,expanding,rep_1
60,1,0,22406,22406,53560,332.55375505322445,306.1062969275977,332.55375505322445,3.674234614174767,80.65764087542634,328.87952043904966,42,expanding,losing_streak_fitness,expanding,rep_1
61,1,0,22406,22406,53560,332.55375505322445,308.28981939267834,332.55375505322445,-53.64475743257676,77.5703698692111,386.1985124858012,43,expanding,losing_streak_fitness,expanding,rep_1
62,1,0,22406,22406,53560,332.55375505322445,307.7384852767304,332.55375505322445,-53.64475743257676,79.17432214713432,386.1985124858012,44,expanding,losing_streak_fitness,expanding,rep_1
63,1,0,22406,22406,53560,332.55375505322445,306.73494054601343,332.55375505322445,3.674234614174767,75.1131836081461,328.87952043904966,45,expanding,losing_streak_fitness,expanding,rep_1
64,1,0,22406,22406,53560,332.55375505322445,313.7618506731656,332.55375505322445,3.674234614174767,69.01931849420265,328.87952043904966,46,expanding,losing_streak_fitness,expanding,rep_1
65,1,0,22406,22406,53560,332.55375505322445,297.1297683230212,332.55375505322445,-53.64475743257676,92.52282151621262,386.1985124858012,47,expanding,losing_streak_fitness,expanding,rep_1
66,1,0,22406,22406,53560,332.55375505322445,320.7308477355067,332.55375505322445,62.17515581001789,49.94606495923711,270.37859924320657,48,expanding,losing_streak_fitness,expanding,rep_1
67,1,0,22406,22406,53560,332.55375505322445,301.4143843320429,332.55375505322445,3.674234614174767,89.51507980705927,328.87952043904966,49,expanding,losing_streak_fitness,expanding,rep_1
68,1,0,22406,22406,53560,332.55375505322445,313.0615114680212,332.55375505322445,20.56307370020348,71.91939678344772,311.990681353021,50,expanding,losing_streak_fitness,expanding,rep_1
69,1,0,22406,22406,53560,332.55375505322445,298.1349621930439,332.55375505322445,-53.64475743257676,96.92145897712662,386.1985124858012,51,expanding,losing_streak_fitness,expanding,rep_1
70,1,0,22406,22406,53560,332.55375505322445,314.57277657162086,332.55375505322445,-9.050966799187808,70.15586716013847,341.60472185241224,52,expanding,losing_streak_fitness,expanding,rep_1
71,1,0,22406,22406,53560,332.55375505322445,311.5143905288629,332.55375505322445,-53.64475743257676,73.10447618175768,386.1985124858012,53,expanding,losing_streak_fitness,expanding,rep_1
72,1,0,22406,22406,53560,332.55375505322445,315.2447307890545,332.55375505322445,-53.64475743257676,65.93176002149376,386.1985124858012,54,expanding,losing_streak_fitness,expanding,rep_1
73,1,0,22406,22406,53560,332.55375505322445,318.8502214286403,332.55375505322445,3.674234614174767,57.89268367538719,328.87952043904966,55,expanding,losing_streak_fitness,expanding,rep_1
74,1,0,22406,22406,53560,332.55375505322445,308.478695995443,332.55375505322445,-53.64475743257676,81.36038184702686,386.1985124858012,56,expanding,losing_streak_fitness,expanding,rep_1
75,1,0,22406,22406,53560,332.55375505322445,301.594872674366,332.55375505322445,3.674234614174767,83.14223286264796,328.87952043904966,57,expanding,losing_streak_fitness,expanding,rep_1
76,1,0,22406,22406,53560,332.55375505322445,306.18055076912145,332.55375505322445,-53.64475743257676,79.40584368184531,386.1985124858012,58,expanding,losing_streak_fitness,expanding,rep_1
77,1,0,22406,22406,53560,332.55375505322445,307.8902047613169,332.55375505322445,-9.050966799187808,74.23239724025298,341.60472185241224,59,expanding,losing_streak_fitness,expanding,rep_1
78,1,0,22406,22406,53560,332.55375505322445,304.9792554455991,332.55375505322445,-8.573214099741122,80.55278179176666,341.1269691529656,60,expanding,losing_streak_fitness,expanding,rep_1
79,1,0,22406,22406,53560,332.55375505322445,316.8567326985305,332.55375505322445,3.674234614174767,60.44254926146172,328.87952043904966,61,expanding,losing_streak_fitness,expanding,rep_1
80,1,0,22406,22406,53560,332.55375505322445,299.88823040872694,332.55375505322445,3.674234614174767,88.60917102204732,328.87952043904966,62,expanding,losing_streak_fitness,expanding,rep_1
81,1,0,22406,22406,53560,332.55375505322445,312.27502336063736,332.55375505322445,-53.64475743257676,77.27719805025528,386.1985124858012,63,expanding,losing_streak_fitness,expanding,rep_1
82,1,0,22406,22406,53560,332.55375505322445,296.1819186598687,332.55375505322445,-53.64475743257676,96.46170412440767,386.1985124858012,64,expanding,losing_streak_fitness,expanding,rep_1
83,1,0,22406,22406,53560,332.55375505322445,308.4337292609882,332.55375505322445,3.674234614174767,73.73327959173493,328.87952043904966,65,expanding,losing_streak_fitness,expanding,rep_1
84,1,0,22406,22406,53560,332.55375505322445,315.8382270126433,332.55375505322445,3.674234614174767,68.76026981153824,328.87952043904966,66,expanding,losing_streak_fitness,expanding,rep_1
85,1,0,22406,22406,53560,332.55375505322445,305.76763849972707,332.55375505322445,20.56307370020348,74.50907423077719,311.990681353021,67,expanding,losing_streak_fitness,expanding,rep_1
86,1,0,22406,22406,53560,332.55375505322445,307.92284058682645,332.55375505322445,-9.050966799187808,76.95295128882613,341.60472185241224,68,expanding,losing_streak_fitness,expanding,rep_1
87,1,0,22406,22406,53560,332.55375505322445,302.1045360520177,332.55375505322445,-53.64475743257676,87.74569601114297,386.1985124858012,69,expanding,losing_streak_fitness,expanding,rep_1
88,1,0,22406,22406,53560,332.55375505322445,301.5140624082696,332.55375505322445,-53.64475743257676,89.50107764185084,386.1985124858012,70,expanding,losing_streak_fitness,expanding,rep_1
89,1,0,22406,22406,53560,332.55375505322445,310.45365387440177,332.55375505322445,3.674234614174767,72.77909148656126,328.87952043904966,71,expanding,losing_streak_fitness,expanding,rep_1
90,1,0,22406,22406,53560,332.55375505322445,316.85923332788224,332.55375505322445,-53.64475743257676,64.12466456774614,386.1985124858012,72,expanding,losing_streak_fitness,expanding,rep_1
91,1,0,22406,22406,53560,332.55375505322445,310.7873300830158,332.55375505322445,3.674234614174767,72.7891403257672,328.87952043904966,73,expanding,losing_streak_fitness,expanding,rep_1
92,1,0,22406,22406,53560,332.55375505322445,300.65742179022726,332.55375505322445,-53.64475743257676,89.7645670486279,386.1985124858012,74,expanding,losing_streak_fitness,expanding,rep_1
93,1,0,22406,22406,53560,332.55375505322445,311.8325594856866,332.55375505322445,3.674234614174767,66.4910683195001,328.87952043904966,75,expanding,losing_streak_fitness,expanding,rep_1
94,1,0,22406,22406,53560,332.55375505322445,308.7432931969303,332.55375505322445,-53.64475743257676,78.95489830004216,386.1985124858012,76,expanding,losing_streak_fitness,expanding,rep_1
95,1,0,22406,22406,53560,332.55375505322445,313.9929301688743,332.55375505322445,33.829572861625074,59.48538063301723,298.72418219159937,77,expanding,losing_streak_fitness,expanding,rep_1
96,1,0,22406,22406,53560,332.55375505322445,310.20910164949385,332.55375505322445,-53.64475743257676,76.33895062574827,386.1985124858012,78,expanding,losing_streak_fitness,expanding,rep_1
97,1,0,22406,22406,53560,332.55375505322445,318.9439611233219,332.55375505322445,3.674234614174767,54.419192831660055,328.87952043904966,79,expanding,losing_streak_fitness,expanding,rep_1
98,1,0,22406,22406,53560,332.55375505322445,306.11478482079787,332.55375505322445,-53.64475743257676,87.43603211050292,386.1985124858012,80,expanding,losing_streak_fitness,expanding,rep_1
99,1,0,22406,22406,53560,332.55375505322445,301.5492393520867,332.55375505322445,-53.64475743257676,90.67155928297451,386.1985124858012,81,expanding,losing_streak_fitness,expanding,rep_1
100,1,0,22406,22406,53560,332.55375505322445,305.7068150804787,332.55375505322445,20.56307370020348,78.5234929997309,311.990681353021,82,expanding,losing_streak_fitness,expanding,rep_1
0,2,0,53560,53560,86986,-15.513435037626794,-3558.058361946367,-1000.0,-49124.75697649811,7422.703224188333,49109.24354146048,0,expanding,losing_streak_fitness,expanding,rep_1
1,2,0,53560,53560,86986,61.29437168288781,-935.9731418992474,-474.586329864735,-22891.48243342925,2398.2640728051665,22952.77680511214,0,expanding,losing_streak_fitness,expanding,rep_1
2,2,0,53560,53560,86986,61.29437168288781,-314.29458390787954,-170.66492102948325,-2168.34018560138,378.05439910663256,2229.634557284268,1,expanding,losing_streak_fitness,expanding,rep_1
3,2,0,53560,53560,86986,50.31152949374527,-180.74918638216172,-69.63967180685087,-1000.0,296.4536357148977,1050.3115294937452,2,expanding,losing_streak_fitness,expanding,rep_1
4,2,0,53560,53560,86986,52.1749194749951,-174.77192088810642,-33.25092556016378,-1000.0,346.2703119820377,1052.174919474995,3,expanding,losing_streak_fitness,expanding,rep_1
5,2,0,53560,53560,86986,72.67220926874317,-147.59364229213747,-15.842948083614722,-1000.0,348.6835714182369,1072.6722092687432,0,expanding,losing_streak_fitness,expanding,rep_1
6,2,0,53560,53560,86986,78.26237921249265,-170.79810856846998,6.760944477083456,-1000.0,391.9816501909348,1078.2623792124928,0,expanding,losing_streak_fitness,expanding,rep_1
7,2,0,53560,53560,86986,243.40912061794236,-51.066560577362935,33.54101966249684,-1000.0,283.8643483232237,1243.4091206179423,0,expanding,losing_streak_fitness,expanding,rep_1
8,2,0,53560,53560,86986,161.66632302368973,-111.6537885067778,41.44225344095829,-1000.0,376.45459541409485,1161.6663230236898,1,expanding,losing_streak_fitness,expanding,rep_1
9,2,0,53560,53560,86986,161.66632302368973,-69.89257774348216,48.44813951249545,-1000.0,346.69622201158006,1161.6663230236898,2,expanding,losing_streak_fitness,expanding,rep_1
10,2,0,53560,53560,86986,243.40912061794236,-72.47472439958631,67.0820393249937,-1000.0,362.9150297968262,1243.4091206179423,3,expanding,losing_streak_fitness,expanding,rep_1
11,2,0,53560,53560,86986,243.40912061794236,-11.52639074298027,75.46729424061792,-1000.0,317.0714802817757,1243.4091206179423,4,expanding,losing_streak_fitness,expanding,rep_1
12,2,0,53560,53560,86986,243.40912061794236,-3.718301816606597,78.26237921249265,-1000.0,358.72691024987137,1243.4091206179423,5,expanding,losing_streak_fitness,expanding,rep_1
13,2,0,53560,53560,86986,243.40912061794236,121.06195214968793,161.66632302368973,-1000.0,213.2157059908701,1243.4091206179423,6,expanding,losing_streak_fitness,expanding,rep_1
14,2,0,53560,53560,86986,243.40912061794236,189.8178981703797,243.40912061794236,-1000.0,139.40157790459602,1243.4091206179423,7,expanding,losing_streak_fitness,expanding,rep_1
15,2,0,53560,53560,86986,243.40912061794236,226.2951068817223,243.40912061794236,-20.284093384828527,49.12269781106033,263.69321400277084,8,expanding,losing_streak_fitness,expanding,rep_1
16,2,0,53560,53560,86986,243.40912061794236,225.90824295492828,243.40912061794236,-20.284093384828527,49.46463029691162,263.69321400277084,9,expanding,losing_streak_fitness,expanding,rep_1
17,2,0,53560,53560,86986,243.40912061794236,194.24050257520827,243.40912061794236,-1000.0,183.48390646589047,1243.4091206179423,10,expanding,losing_streak_fitness,expanding,rep_1
18,2,0,53560,53560,86986,243.40912061794236,217.4256631565718,243.40912061794236,-20.284093384828527,61.4815964437411,263.69321400277084,11,expanding,losing_streak_fitness,expanding,rep_1
19,2,0,53560,53560,86986,243.40912061794236,202.0221806326905,243.40912061794236,-1000.0,180.6371033534816,1243.4091206179423,12,expanding,losing_streak_fitness,expanding,rep_1
20,2,0,53560,53560,86986,243.40912061794236,195.8336921013745,243.40912061794236,-1000.0,179.06650487916602,1243.4091206179423,13,expanding,losing_streak_fitness,expanding,rep_1
21,2,0,53560,53560,86986,243.40912061794236,193.9379918370757,243.40912061794236,-1000.0,215.22710525163123,1243.4091206179423,14,expanding,losing_streak_fitness,expanding,rep_1
22,2,0,53560,53560,86986,243.40912061794236,227.73913433666456,243.40912061794236,-20.284093384828527,50.47622838876436,263.69321400277084,15,expanding,losing_streak_fitness,expanding,rep_1
23,2,0,53560,53560,86986,243.40912061794236,213.3442825436168,243.40912061794236,-1000.0,135.3600009193363,1243.4091206179423,16,expanding,losing_streak_fitness,expanding,rep_1
24,2,0,53560,53560,86986,243.40912061794236,227.52938474762843,243.40912061794236,-5.5901699437494745,50.00663164471501,248.99929056169185,17,expanding,losing_streak_fitness,expanding,rep_1
25,2,0,53560,53560,86986,243.40912061794236,224.59656185013955,243.40912061794236,22.488886144049022,49.019109910942674,220.9202344738933,18,expanding,losing_streak_fitness,expanding,rep_1
26,2,0,53560,53560,86986,243.40912061794236,216.55288354716836,243.40912061794236,-1000.0,130.61420996914998,1243.4091206179423,19,expanding,losing_streak_fitness,expanding,rep_1
27,2,0,53560,53560,86986,243.40912061794236,226.18501754982705,243.40912061794236,-20.284093384828527,55.56488358442648,263.69321400277084,20,expanding,losing_streak_fitness,expanding,rep_1
28,2,0,53560,53560,86986,243.40912061794236,210.42252815336192,243.40912061794236,-1000.0,136.57603622578887,1243.4091206179423,21,expanding,losing_streak_fitness,expanding,rep_1
29,2,0,53560,53560,86986,243.40912061794236,224.5575525428372,243.40912061794236,-20.284093384828527,53.709398951888105,263.69321400277084,22,expanding,losing_streak_fitness,expanding,rep_1
30,2,0,53560,53560,86986,243.40912061794236,221.7777697388015,243.40912061794236,-20.284093384828527,49.66935301883447,263.69321400277084,23,expanding,losing_streak_fitness,expanding,rep_1
31,2,0,53560,53560,86986,243.40912061794236,198.79360748481704,243.40912061794236,-1000.0,179.99136081292855,1243.4091206179423,24,expanding,losing_streak_fitness,expanding,rep_1
32,2,0,53560,53560,86986,243.40912061794236,206.10739044913484,243.40912061794236,-1000.0,178.41594971689534,1243.4091206179423,25,expanding,losing_streak_fitness,expanding,rep_1
33,2,0,53560,53560,86986,243.40912061794236,220.5682311048372,243.40912061794236,-1000.0,128.5147986105187,1243.4091206179423,26,expanding,losing_streak_fitness,expanding,rep_1
34,2,0,53560,53560,86986,243.40912061794236,229.03940771834783,243.40912061794236,-20.284093384828527,45.0419462915429,263.69321400277084,27,expanding,losing_streak_fitness,expanding,rep_1
35,2,0,53560,53560,86986,243.40912061794236,229.60675197174703,243.40912061794236,22.488886144049022,43.758946548275546,220.9202344738933,28,expanding,losing_streak_fitness,expanding,rep_1
36,2,0,53560,53560,86986,243.40912061794236,208.5659488698833,243.40912061794236,-1000.0,177.397395218499,1243.4091206179423,29,expanding,losing_streak_fitness,expanding,rep_1
37,2,0,53560,53560,86986,243.40912061794236,215.1597426802641,243.40912061794236,-1000.0,132.5761819270359,1243.4091206179423,30,expanding,losing_streak_fitness,expanding,rep_1
38,2,0,53560,53560,86986,243.40912061794236,213.81500823129463,243.40912061794236,-1000.0,134.6123097598608,1243.4091206179423,31,expanding,losing_streak_fitness,expanding,rep_1
39,2,0,53560,53560,86986,243.40912061794236,220.94736211915472,243.40912061794236,-20.284093384828527,61.98339225204767,263.69321400277084,32,expanding,losing_streak_fitness,expanding,rep_1
40,2,0,53560,53560,86986,243.40912061794236,225.8889844710637,243.40912061794236,-20.284093384828527,52.14716586889059,263.69321400277084,33,expanding,losing_streak_fitness,expanding,rep_1
41,2,0,53560,53560,86986,243.40912061794236,206.06669745108985,243.40912061794236,-1000.0,178.46813977625644,1243.4091206179423,34,expanding,losing_streak_fitness,expanding,rep_1
42,2,0,53560,53560,86986,243.40912061794236,197.2751277205549,243.40912061794236,-1000.0,182.69514752700928,1243.4091206179423,35,expanding,losing_streak_fitness,expanding,rep_1
43,2,0,53560,53560,86986,243.40912061794236,229.1883319840537,243.40912061794236,-20.284093384828527,47.53834631659863,263.69321400277084,36,expanding,losing_streak_fitness,expanding,rep_1
44,2,0,53560,53560,86986,243.40912061794236,232.0677973192447,243.40912061794236,86.96263565463043,36.41299922444187,156.4464849633119,37,expanding,losing_streak_fitness,expanding,rep_1
45,2,0,53560,53560,86986,243.40912061794236,221.9388936090441,243.40912061794236,-20.284093384828527,59.95215547743612,263.69321400277084,38,expanding,losing_streak_fitness,expanding,rep_1
46,2,0,53560,53560,86986,243.40912061794236,214.05584488431165,243.40912061794236,-1000.0,134.01097578789657,1243.4091206179423,39,expanding,losing_streak_fitness,expanding,rep_1
47,2,0,53560,53560,86986,243.40912061794236,214.3242766198062,243.40912061794236,-1000.0,132.86902640426555,1243.4091206179423,40,expanding,losing_streak_fitness,expanding,rep_1
48,2,0,53560,53560,86986,243.40912061794236,201.9530102294598,243.40912061794236,-1000.0,181.49340498520675,1243.4091206179423,41,expanding,losing_streak_fitness,expanding,rep_1
49,2,0,53560,53560,86986,243.40912061794236,195.62509093242,243.40912061794236,-1000.0,182.44032023265245,1243.4091206179423,42,expanding,losing_streak_fitness,expanding,rep_1
50,2,0,53560,53560,86986,243.40912061794236,234.75523557744967,243.40912061794236,-20.284093384828527,36.6078566030752,263.69321400277084,43,expanding,losing_streak_fitness,expanding,rep_1
51,2,0,53560,53560,86986,243.40912061794236,236.2673898202104,243.40912061794236,72.74613391789285,30.779527295757976,170.6629867000495,44,expanding,losing_streak_fitness,expanding,rep_1
52,2,0,53560,53560,86986,243.40912061794236,233.31475874690577,243.40912061794236,-20.284093384828527,42.26002116906444,263.69321400277084,45,expanding,losing_streak_fitness,expanding,rep_1
53,2,0,53560,53560,86986,243.40912061794236,226.21167565863,243.40912061794236,-19.595917942265423,53.522135472816856,263.00503856020777,46,expanding,losing_streak_fitness,expanding,rep_1
54,2,0,53560,53560,86986,243.40912061794236,220.5449937329251,243.40912061794236,-1000.0,129.0490065406325,1243.4091206179423,47,expanding,losing_streak_fitness,expanding,rep_1
55,2,0,53560,53560,86986,243.40912061794236,220.9873309773978,243.40912061794236,-1000.0,130.30682341989586,1243.4091206179423,48,expanding,losing_streak_fitness,expanding,rep_1
56,2,0,53560,53560,86986,243.40912061794236,226.32315485715608,243.40912061794236,-20.284093384828527,51.31558646346319,263.69321400277084,49,expanding,losing_streak_fitness,expanding,rep_1
57,2,0,53560,53560,86986,243.40912061794236,235.11210047902216,243.40912061794236,86.96263565463043,31.627411208311766,156.4464849633119,50,expanding,losing_streak_fitness,expanding,rep_1
58,2,0,53560,53560,86986,243.40912061794236,218.60392258404565,243.40912061794236,-20.284093384828527,60.82827595583736,263.69321400277084,51,expanding,losing_streak_fitness,expanding,rep_1
59,2,0,53560,53560,86986,243.40912061794236,215.15185419118396,243.40912061794236,-1000.0,132.6946410377655,1243.4091206179423,52,expanding,losing_streak_fitness,expanding,rep_1
60,2,0,53560,53560,86986,243.40912061794236,235.3438181071794,243.40912061794236,72.74613391789285,29.58487667736775,170.6629867000495,53,expanding,losing_streak_fitness,expanding,rep_1
61,2,0,53560,53560,86986,243.40912061794236,223.82468526403773,243.40912061794236,-1000.0,128.40721883676508,1243.4091206179423,54,expanding,losing_streak_fitness,expanding,rep_1
62,2,0,53560,53560,86986,243.40912061794236,211.80488918911692,243.40912061794236,-1000.0,176.30750456556348,1243.4091206179423,55,expanding,losing_streak_fitness,expanding,rep_1
63,2,0,53560,53560,86986,243.40912061794236,223.9263371986116,243.40912061794236,-1000.0,128.71606842787352,1243.4091206179423,56,expanding,losing_streak_fitness,expanding,rep_1
64,2,0,53560,53560,86986,243.40912061794236,225.3214629632286,243.40912061794236,-20.284093384828527,58.15686868458198,263.69321400277084,57,expanding,losing_streak_fitness,expanding,rep_1
65,2,0,53560,53560,86986,243.40912061794236,231.72553310888247,243.40912061794236,22.488886144049022,41.24305641472946,220.9202344738933,58,expanding,losing_streak_fitness,expanding,rep_1
66,2,0,53560,53560,86986,243.40912061794236,205.07351524583183,243.40912061794236,-1000.0,137.7811298478096,1243.4091206179423,59,expanding,losing_streak_fitness,expanding,rep_1
67,2,0,53560,53560,86986,243.40912061794236,186.0509174706364,243.40912061794236,-1000.0,186.1036950052682,1243.4091206179423,60,expanding,losing_streak_fitness,expanding,rep_1
68,2,0,53560,53560,86986,243.40912061794236,226.5077816187351,243.40912061794236,-20.284093384828527,58.25489319239138,263.69321400277084,61,expanding,losing_streak_fitness,expanding,rep_1
69,2,0,53560,53560,86986,243.40912061794236,232.66764952433655,243.40912061794236,-20.284093384828527,45.77783757888723,263.69321400277084,62,expanding,losing_streak_fitness,expanding,rep_1
70,2,0,53560,53560,86986,243.40912061794236,206.0999694648782,243.40912061794236,-1000.0,177.80488848813772,1243.4091206179423,63,expanding,losing_streak_fitness,expanding,rep_1
71,2,0,53560,53560,86986,243.40912061794236,215.325347320614,243.40912061794236,-1000.0,131.8063788912401,1243.4091206179423,64,expanding,losing_streak_fitness,expanding,rep_1
72,2,0,53560,53560,86986,243.40912061794236,224.15237590584383,243.40912061794236,-5.5901699437494745,54.80493557312917,248.99929056169185,65,expanding,losing_streak_fitness,expanding,rep_1
73,2,0,53560,53560,86986,243.40912061794236,213.8113528992777,243.40912061794236,-1000.0,134.04968689612835,1243.4091206179423,66,expanding,losing_streak_fitness,expanding,rep_1
74,2,0,53560,53560,86986,243.40912061794236,209.2770249473207,243.40912061794236,-1000.0,136.84166814052736,1243.4091206179423,67,expanding,losing_streak_fitness,expanding,rep_1
75,2,0,53560,53560,86986,243.40912061794236,216.65524440504103,243.40912061794236,-1000.0,131.49702157489008,1243.4091206179423,68,expanding,losing_streak_fitness,expanding,rep_1
76,2,0,53560,53560,86986,243.40912061794236,202.8991721452132,243.40912061794236,-1000.0,178.69224274986556,1243.4091206179423,69,expanding,losing_streak_fitness,expanding,rep_1
77,2,0,53560,53560,86986,243.40912061794236,214.8281269672122,243.40912061794236,-1000.0,133.02408382309414,1243.4091206179423,70,expanding,losing_streak_fitness,expanding,rep_1
78,2,0,53560,53560,86986,243.40912061794236,216.3668452270892,243.40912061794236,-1000.0,132.97849862835477,1243.4091206179423,71,expanding,losing_streak_fitness,expanding,rep_1
79,2,0,53560,53560,86986,243.40912061794236,209.2606765321873,243.40912061794236,-1000.0,138.5191161756581,1243.4091206179423,72,expanding,losing_streak_fitness,expanding,rep_1
80,2,0,53560,53560,86986,243.40912061794236,187.7301710306808,243.40912061794236,-1000.0,216.58231547976644,1243.4091206179423,73,expanding,losing_streak_fitness,expanding,rep_1
81,2,0,53560,53560,86986,243.40912061794236,217.8237377656345,243.40912061794236,-1000.0,131.95734371492946,1243.4091206179423,74,expanding,losing_streak_fitness,expanding,rep_1
82,2,0,53560,53560,86986,243.40912061794236,223.445167240048,243.40912061794236,-20.284093384828527,58.65520399343098,263.69321400277084,75,expanding,losing_streak_fitness,expanding,rep_1
83,2,0,53560,53560,86986,243.40912061794236,229.22365752370277,243.40912061794236,-5.5901699437494745,46.34575625322258,248.99929056169185,76,expanding,losing_streak_fitness,expanding,rep_1
84,2,0,53560,53560,86986,243.40912061794236,226.3557194573758,243.40912061794236,-20.284093384828527,56.84240616030037,263.69321400277084,77,expanding,losing_streak_fitness,expanding,rep_1
85,2,0,53560,53560,86986,243.40912061794236,212.2056394338252,243.40912061794236,-1000.0,133.62491973094424,1243.4091206179423,78,expanding,losing_streak_fitness,expanding,rep_1
86,2,0,53560,53560,86986,243.40912061794236,217.37272704343297,243.40912061794236,-1000.0,130.31314819508904,1243.4091206179423,79,expanding,losing_streak_fitness,expanding,rep_1
87,2,0,53560,53560,86986,243.40912061794236,215.4267785401724,243.40912061794236,-1000.0,131.3699242256285,1243.4091206179423,80,expanding,losing_streak_fitness,expanding,rep_1
88,2,0,53560,53560,86986,243.40912061794236,220.7604361712364,243.40912061794236,-1000.0,129.39334878026472,1243.4091206179423,81,expanding,losing_streak_fitness,expanding,rep_1
89,2,0,53560,53560,86986,243.40912061794236,231.6070886708864,243.40912061794236,-5.5901699437494745,42.33451414955655,248.99929056169185,82,expanding,losing_streak_fitness,expanding,rep_1
90,2,0,53560,53560,86986,243.40912061794236,208.30957803698664,243.40912061794236,-1000.0,179.39118726296908,1243.4091206179423,83,expanding,losing_streak_fitness,expanding,rep_1
91,2,0,53560,53560,86986,243.40912061794236,207.69089199008965,243.40912061794236,-1000.0,137.1918301350626,1243.4091206179423,84,expanding,losing_streak_fitness,expanding,rep_1
92,2,0,53560,53560,86986,243.40912061794236,196.78175665942672,243.40912061794236,-1000.0,182.25699339177643,1243.4091206179423,85,expanding,losing_streak_fitness,expanding,rep_1
93,2,0,53560,53560,86986,243.40912061794236,195.60393233946527,243.40912061794236,-1000.0,181.24072711448645,1243.4091206179423,86,expanding,losing_streak_fitness,expanding,rep_1
94,2,0,53560,53560,86986,243.40912061794236,230.007017912059,243.40912061794236,67.88225099390857,41.96543444410678,175.52686962403376,87,expanding,losing_streak_fitness,expanding,rep_1
95,2,0,53560,53560,86986,243.40912061794236,204.4689053394933,243.40912061794236,-1000.0,136.6757278113963,1243.4091206179423,88,expanding,losing_streak_fitness,expanding,rep_1
96,2,0,53560,53560,86986,243.40912061794236,217.6046654539197,243.40912061794236,-1000.0,129.0812604160403,1243.4091206179423,89,expanding,losing_streak_fitness,expanding,rep_1
97,2,0,53560,53560,86986,243.40912061794236,225.0080721365985,243.40912061794236,-20.284093384828527,60.32573827256815,263.69321400277084,90,expanding,losing_streak_fitness,expanding,rep_1
98,2,0,53560,53560,86986,243.40912061794236,201.1344291471753,243.40912061794236,-1000.0,181.64197317879825,1243.4091206179423,91,expanding,losing_streak_fitness,expanding,rep_1
99,2,0,53560,53560,86986,243.40912061794236,222.0815256859649,243.40912061794236,-5.5901699437494745,55.81789428325219,248.99929056169185,92,expanding,losing_streak_fitness,expanding,rep_1
100,2,0,53560,53560,86986,243.40912061794236,201.3043849019305,243.40912061794236,-1000.0,139.899209780168,1243.4091206179423,93,expanding,losing_streak_fitness,expanding,rep_1
0,3,0,86986,86986,125287,178.88543819998318,-9306.964127028834,-1000.0,-348794.66056950454,36576.68049112316,348973.5460077045,0,expanding,losing_streak_fitness,expanding,rep_1
1,3,0,86986,86986,125287,308.6357075906804,-761.9378285347041,-338.7711877195502,-17869.646986684435,1889.753315264281,18178.28269427512,0,expanding,losing_streak_fitness,expanding,rep_1
2,3,0,86986,86986,125287,492.34743829941874,-200.61280005646157,-43.79342748648625,-1160.4811721955716,444.62764573954007,1652.8286104949902,0,expanding,losing_streak_fitness,expanding,rep_1
3,3,0,86986,86986,125287,492.34743829941874,-48.809146815483366,90.75986292840936,-1000.0,373.4669706005489,1492.3474382994186,1,expanding,losing_streak_fitness,expanding,rep_1
4,3,0,86986,86986,125287,637.2793735874401,-52.18684690478212,161.66632302368973,-1000.0,490.21624631325153,1637.2793735874402,0,expanding,losing_streak_fitness,expanding,rep_1
5,3,0,86986,86986,125287,637.2793735874401,57.65595146607939,245.96747752497689,-1000.0,451.934669583796,1637.2793735874402,1,expanding,losing_streak_fitness,expanding,rep_1
6,3,0,86986,86986,125287,637.2793735874401,191.4566058703688,290.6888370749727,-1000.0,367.6905409548565,1637.2793735874402,2,expanding,losing_streak_fitness,expanding,rep_1
7,3,0,86986,86986,125287,639.3168228664094,261.82049583236545,308.6357075906804,-1000.0,308.7835582091399,1639.3168228664094,0,expanding,losing_streak_fitness,expanding,rep_1
8,3,0,86986,86986,125287,637.2793735874401,276.7479117796573,335.4101966249685,-1000.0,315.73429633862,1637.2793735874402,1,expanding,losing_streak_fitness,expanding,rep_1
9,3,0,86986,86986,125287,637.2793735874401,300.43655027011386,335.4101966249685,-1000.0,325.92739922962954,1637.2793735874402,2,expanding,losing_streak_fitness,expanding,rep_1
10,3,0,86986,86986,125287,637.2793735874401,273.2361587496158,402.49223594996215,-1000.0,447.4345322595677,1637.2793735874402,3,expanding,losing_streak_fitness,expanding,rep_1
11,3,0,86986,86986,125287,637.2793735874401,454.9474319345487,480.0999895855029,-1000.0,248.5131018560189,1637.2793735874402,4,expanding,losing_streak_fitness,expanding,rep_1
12,3,0,86986,86986,125287,659.640053362438,548.4005928934157,637.2793735874401,-1000.0,194.69207678220332,1659.640053362438,0,expanding,losing_streak_fitness,expanding,rep_1
13,3,0,86986,86986,125287,659.640053362438,600.140962240042,637.2793735874401,-1000.0,176.62625450195364,1659.640053362438,1,expanding,losing_streak_fitness,expanding,rep_1
14,3,0,86986,86986,125287,659.640053362438,599.8588056795551,637.2793735874401,-1000.0,234.9067421849276,1659.640053362438,2,expanding,losing_streak_fitness,expanding,rep_1
15,3,0,86986,86986,125287,659.640053362438,602.4026029001755,659.640053362438,-1000.0,238.75470595413603,1659.640053362438,3,expanding,losing_streak_fitness,expanding,rep_1
16,3,0,86986,86986,125287,659.640053362438,621.30429594694,659.640053362438,-1000.0,234.18345531939465,1659.640053362438,4,expanding,losing_streak_fitness,expanding,rep_1
17,3,0,86986,86986,125287,676.0591690081571,605.4825407175601,659.640053362438,-1000.0,285.76504685890376,1676.0591690081571,0,expanding,losing_streak_fitness,expanding,rep_1
18,3,0,86986,86986,125287,659.640053362438,651.6873342653199,659.640053362438,328.5,46.24067864748416,331.14005336243804,1,expanding,losing_streak_fitness,expanding,rep_1
19,3,0,86986,86986,125287,659.640053362438,619.432748379642,659.640053362438,-1000.0,235.41774654586075,1659.640053362438,2,expanding,losing_streak_fitness,expanding,rep_1
20,3,0,86986,86986,125287,676.0591690081571,656.6737493503961,659.640053362438,391.3118960624632,27.22700891093951,284.7472729456939,3,expanding,losing_streak_fitness,expanding,rep_1
21,3,0,86986,86986,125287,659.640053362438,627.2754679629061,659.640053362438,-1000.0,175.61198847711637,1659.640053362438,4,expanding,losing_streak_fitness,expanding,rep_1
22,3,0,86986,86986,125287,659.640053362438,593.819261716498,659.640053362438,-1000.0,289.23194951574914,1659.640053362438,5,expanding,losing_streak_fitness,expanding,rep_1
23,3,0,86986,86986,125287,659.640053362438,615.624821068974,659.640053362438,-1000.0,237.90743294461717,1659.640053362438,6,expanding,losing_streak_fitness,expanding,rep_1
24,3,0,86986,86986,125287,659.640053362438,634.3637367021444,659.640053362438,-1000.0,170.76305149194778,1659.640053362438,7,expanding,losing_streak_fitness,expanding,rep_1
25,3,0,86986,86986,125287,659.640053362438,598.5587440462382,659.640053362438,-1000.0,287.9135057508206,1659.640053362438,8,expanding,losing_streak_fitness,expanding,rep_1
26,3,0,86986,86986,125287,659.640053362438,645.9606816838384,659.640053362438,210.818510677892,63.979259289147656,448.8215426845461,9,expanding,losing_streak_fitness,expanding,rep_1
27,3,0,86986,86986,125287,659.640053362438,650.282617553405,659.640053362438,339.9790434717999,47.160105635252165,319.6610098906381,10,expanding,losing_streak_fitness,expanding,rep_1
28,3,0,86986,86986,125287,659.640053362438,655.5547647574763,659.640053362438,328.5,33.58304802902968,331.14005336243804,11,expanding,losing_streak_fitness,expanding,rep_1
29,3,0,86986,86986,125287,659.640053362438,606.9301915942629,659.640053362438,-1000.0,240.23823409810905,1659.640053362438,12,expanding,losing_streak_fitness,expanding,rep_1
30,3,0,86986,86986,125287,659.640053362438,626.6747036956441,659.640053362438,-1000.0,175.99507353061838,1659.640053362438,13,expanding,losing_streak_fitness,expanding,rep_1
31,3,0,86986,86986,125287,659.640053362438,613.9445595560348,659.640053362438,-1000.0,239.81249049522475,1659.640053362438,14,expanding,losing_streak_fitness,expanding,rep_1
32,3,0,86986,86986,125287,659.640053362438,594.3819909641437,659.640053362438,-1000.0,288.71170010107625,1659.640053362438,15,expanding,losing_streak_fitness,expanding,rep_1
33,3,0,86986,86986,125287,659.640053362438,630.1288827485705,659.640053362438,-1000.0,173.23910208422467,1659.640053362438,16,expanding,losing_streak_fitness,expanding,rep_1
34,3,0,86986,86986,125287,659.640053362438,604.0370750200659,659.640053362438,-1000.0,285.8453032235329,1659.640053362438,17,expanding,losing_streak_fitness,expanding,rep_1
35,3,0,86986,86986,125287,659.640053362438,643.4742489940334,659.640053362438,339.9790434717999,62.0402148949176,319.6610098906381,18,expanding,losing_streak_fitness,expanding,rep_1
36,3,0,86986,86986,125287,659.640053362438,588.0602149854059,659.640053362438,-1000.0,293.46800062682206,1659.640053362438,19,expanding,losing_streak_fitness,expanding,rep_1
37,3,0,86986,86986,125287,659.640053362438,649.0613799327913,659.640053362438,328.5,55.57252591076532,331.14005336243804,20,expanding,losing_streak_fitness,expanding,rep_1
38,3,0,86986,86986,125287,659.640053362438,630.3378637384748,659.640053362438,-1000.0,173.5000073868854,1659.640053362438,21,expanding,losing_streak_fitness,expanding,rep_1
39,3,0,86986,86986,125287,659.640053362438,649.6321716529447,659.640053362438,339.9790434717999,49.57770203295485,319.6610098906381,22,expanding,losing_streak_fitness,expanding,rep_1
40,3,0,86986,86986,125287,659.640053362438,649.0924945625625,659.640053362438,328.5,54.85875806022078,331.14005336243804,23,expanding,losing_streak_fitness,expanding,rep_1
41,3,0,86986,86986,125287,659.640053362438,641.2352779653176,659.640053362438,339.9790434717999,64.84134322057986,319.6610098906381,24,expanding,losing_streak_fitness,expanding,rep_1
42,3,0,86986,86986,125287,659.640053362438,586.0182929616891,659.640053362438,-1000.0,328.3723908691468,1659.640053362438,25,expanding,losing_streak_fitness,expanding,rep_1
43,3,0,86986,86986,125287,659.640053362438,613.2854619194148,659.640053362438,-1000.0,239.37260102084687,1659.640053362438,26,expanding,losing_streak_fitness,expanding,rep_1
44,3,0,86986,86986,125287,659.640053362438,647.9094322013515,659.640053362438,368.9512162874653,52.16608736751663,290.6888370749727,27,expanding,losing_streak_fitness,expanding,rep_1
45,3,0,86986,86986,125287,659.640053362438,652.7052036271976,659.640053362438,328.5,45.83024406095005,331.14005336243804,28,expanding,losing_streak_fitness,expanding,rep_1
46,3,0,86986,86986,125287,659.640053362438,649.2109452814027,659.640053362438,328.5,56.12514000188161,331.14005336243804,29,expanding,losing_streak_fitness,expanding,rep_1
47,3,0,86986,86986,125287,659.640053362438,589.7769070908137,659.640053362438,-1000.0,327.14391523478787,1659.640053362438,30,expanding,losing_streak_fitness,expanding,rep_1
48,3,0,86986,86986,125287,659.640053362438,633.3478197873126,659.640053362438,-1000.0,172.45075909892813,1659.640053362438,31,expanding,losing_streak_fitness,expanding,rep_1
49,3,0,86986,86986,125287,659.640053362438,629.7157188495362,659.640053362438,-1000.0,174.70468136463865,1659.640053362438,32,expanding,losing_streak_fitness,expanding,rep_1
50,3,0,86986,86986,125287,659.640053362438,643.0436528288143,659.640053362438,-1000.0,165.96400533624382,1659.640053362438,33,expanding,losing_streak_fitness,expanding,rep_1
51,3,0,86986,86986,125287,659.640053362438,609.220780353895,659.640053362438,-1000.0,284.45111203220085,1659.640053362438,34,expanding,losing_streak_fitness,expanding,rep_1
52,3,0,86986,86986,125287,659.640053362438,645.7268702337857,659.640053362438,224.3885518965311,65.24537044068526,435.2515014659069,35,expanding,losing_streak_fitness,expanding,rep_1
53,3,0,86986,86986,125287,659.640053362438,608.4118528065324,659.640053362438,-1000.0,240.8103058394891,1659.640053362438,36,expanding,losing_streak_fitness,expanding,rep_1
54,3,0,86986,86986,125287,659.640053362438,608.9354020114883,659.640053362438,-1000.0,243.38694536331425,1659.640053362438,37,expanding,losing_streak_fitness,expanding,rep_1
55,3,0,86986,86986,125287,659.640053362438,631.9838520609771,659.640053362438,-1000.0,172.52105927422537,1659.640053362438,38,expanding,losing_streak_fitness,expanding,rep_1
56,3,0,86986,86986,125287,659.640053362438,621.4192956099334,659.640053362438,-1000.0,183.7947656191857,1659.640053362438,39,expanding,losing_streak_fitness,expanding,rep_1
57,3,0,86986,86986,125287,659.640053362438,602.6418156420236,659.640053362438,-1000.0,242.9313035034904,1659.640053362438,40,expanding,losing_streak_fitness,expanding,rep_1
58,3,0,86986,86986,125287,659.640053362438,614.2323288371458,659.640053362438,-1000.0,238.28308160905675,1659.640053362438,41,expanding,losing_streak_fitness,expanding,rep_1
59,3,0,86986,86986,125287,659.640053362438,619.0449504254348,659.640053362438,-1000.0,235.6492628968097,1659.640053362438,42,expanding,losing_streak_fitness,expanding,rep_1
60,3,0,86986,86986,125287,659.640053362438,628.5061719700739,659.640053362438,-1000.0,175.61502833555463,1659.640053362438,43,expanding,losing_streak_fitness,expanding,rep_1
61,3,0,86986,86986,125287,659.640053362438,616.5191607197784,659.640053362438,-1000.0,236.8792301194868,1659.640053362438,44,expanding,losing_streak_fitness,expanding,rep_1
62,3,0,86986,86986,125287,659.640053362438,619.4564281138164,659.640053362438,-1000.0,182.85943050928228,1659.640053362438,45,expanding,losing_streak_fitness,expanding,rep_1
63,3,0,86986,86986,125287,659.640053362438,635.3720037236924,659.640053362438,-1000.0,170.5197177026606,1659.640053362438,46,expanding,losing_streak_fitness,expanding,rep_1
64,3,0,86986,86986,125287,659.640053362438,634.0099884444029,659.640053362438,-1000.0,170.20223280927226,1659.640053362438,47,expanding,losing_streak_fitness,expanding,rep_1
65,3,0,86986,86986,125287,659.640053362438,630.1054692507893,659.640053362438,-1000.0,175.38890443305053,1659.640053362438,48,expanding,losing_streak_fitness,expanding,rep_1
66,3,0,86986,86986,125287,659.640053362438,650.7123347146919,659.640053362438,224.3885518965311,50.3164699061457,435.2515014659069,49,expanding,losing_streak_fitness,expanding,rep_1
67,3,0,86986,86986,125287,659.640053362438,620.387328001361,659.640053362438,-1000.0,182.00194458760407,1659.640053362438,50,expanding,losing_streak_fitness,expanding,rep_1
68,3,0,86986,86986,125287,659.640053362438,641.738732243343,659.640053362438,328.5,71.10723896368125,331.14005336243804,51,expanding,losing_streak_fitness,expanding,rep_1
69,3,0,86986,86986,125287,659.640053362438,640.7792766798822,659.640053362438,339.9790434717999,69.02247531488364,319.6610098906381,52,expanding,losing_streak_fitness,expanding,rep_1
70,3,0,86986,86986,125287,659.640053362438,647.1112124529109,659.640053362438,224.3885518965311,63.02581593834165,435.2515014659069,53,expanding,losing_streak_fitness,expanding,rep_1
71,3,0,86986,86986,125287,659.640053362438,650.7588573778544,659.640053362438,328.5,48.73958883151133,331.14005336243804,54,expanding,losing_streak_fitness,expanding,rep_1
72,3,0,86986,86986,125287,659.640053362438,638.9379897310621,659.640053362438,-1000.0,168.92284347866985,1659.640053362438,55,expanding,losing_streak_fitness,expanding,rep_1
73,3,0,86986,86986,125287,659.640053362438,612.7809210834438,659.640053362438,-1000.0,239.00034393307527,1659.640053362438,56,expanding,losing_streak_fitness,expanding,rep_1
74,3,0,86986,86986,125287,659.640053362438,612.7339847173663,659.640053362438,-1000.0,239.52543352519652,1659.640053362438,57,expanding,losing_streak_fitness,expanding,rep_1
75,3,0,86986,86986,125287,659.640053362438,615.6653465605822,659.640053362438,-1000.0,238.5304091840157,1659.640053362438,58,expanding,losing_streak_fitness,expanding,rep_1
76,3,0,86986,86986,125287,659.640053362438,633.6919657047245,659.640053362438,-1000.0,171.0382587636229,1659.640053362438,59,expanding,losing_streak_fitness,expanding,rep_1
77,3,0,86986,86986,125287,659.640053362438,594.8749637291697,659.640053362438,-1000.0,289.27920267314767,1659.640053362438,60,expanding,losing_streak_fitness,expanding,rep_1
78,3,0,86986,86986,125287,659.640053362438,573.4614405954103,659.640053362438,-1000.0,364.20015261097296,1659.640053362438,61,expanding,losing_streak_fitness,expanding,rep_1
79,3,0,86986,86986,125287,659.640053362438,658.2751350319331,659.640053362438,602.5744767246617,8.303984603431584,57.0655766377763,62,expanding,losing_streak_fitness,expanding,rep_1
80,3,0,86986,86986,125287,659.640053362438,649.1188431270381,659.640053362438,339.9790434717999,52.36490552577901,319.6610098906381,63,expanding,losing_streak_fitness,expanding,rep_1
81,3,0,86986,86986,125287,659.640053362438,655.0871766691866,659.640053362438,328.5,33.83521361538645,331.14005336243804,64,expanding,losing_streak_fitness,expanding,rep_1
82,3,0,86986,86986,125287,659.640053362438,620.326224966472,659.640053362438,-1000.0,235.2322882024841,1659.640053362438,65,expanding,losing_streak_fitness,expanding,rep_1
83,3,0,86986,86986,125287,659.640053362438,602.9734652205711,659.640053362438,-1000.0,286.3997660611758,1659.640053362438,66,expanding,losing_streak_fitness,expanding,rep_1
84,3,0,86986,86986,125287,659.640053362438,605.3163971140569,659.640053362438,-1000.0,284.9083662450474,1659.640053362438,67,expanding,losing_streak_fitness,expanding,rep_1
85,3,0,86986,86986,125287,659.640053362438,626.3688149554462,659.640053362438,-1000.0,179.967104445732,1659.640053362438,68,expanding,losing_streak_fitness,expanding,rep_1
86,3,0,86986,86986,125287,659.640053362438,636.8030369846045,659.640053362438,-1000.0,170.00193726521027,1659.640053362438,69,expanding,losing_streak_fitness,expanding,rep_1
87,3,0,86986,86986,125287,659.640053362438,654.0498834186891,659.640053362438,391.3118960624632,36.42828848601321,268.3281572999748,70,expanding,losing_streak_fitness,expanding,rep_1
88,3,0,86986,86986,125287,659.640053362438,643.9387980773314,659.640053362438,328.5,65.4196386564619,331.14005336243804,71,expanding,losing_streak_fitness,expanding,rep_1
89,3,0,86986,86986,125287,659.640053362438,613.1562710635932,659.640053362438,-1000.0,239.45523137682216,1659.640053362438,72,expanding,losing_streak_fitness,expanding,rep_1
90,3,0,86986,86986,125287,659.640053362438,634.333759869025,659.640053362438,-1000.0,170.49591538229743,1659.640053362438,73,expanding,losing_streak_fitness,expanding,rep_1
91,3,0,86986,86986,125287,659.640053362438,636.4356135231869,659.640053362438,-1000.0,169.0531260690034,1659.640053362438,74,expanding,losing_streak_fitness,expanding,rep_1
92,3,0,86986,86986,125287,659.640053362438,596.575856292064,659.640053362438,-1000.0,289.5944563093129,1659.640053362438,75,expanding,losing_streak_fitness,expanding,rep_1
93,3,0,86986,86986,125287,659.640053362438,633.4693095111445,659.640053362438,-1000.0,171.07032019609525,1659.640053362438,76,expanding,losing_streak_fitness,expanding,rep_1
94,3,0,86986,86986,125287,659.640053362438,650.2324883850937,659.640053362438,210.818510677892,56.28126958442513,448.8215426845461,77,expanding,losing_streak_fitness,expanding,rep_1
95,3,0,86986,86986,125287,659.640053362438,639.8007581643009,659.640053362438,210.818510677892,76.3791168563013,448.8215426845461,78,expanding,losing_streak_fitness,expanding,rep_1
96,3,0,86986,86986,125287,659.640053362438,611.3031135265601,659.640053362438,-1000.0,238.74468293351435,1659.640053362438,79,expanding,losing_streak_fitness,expanding,rep_1
97,3,0,86986,86986,125287,659.640053362438,612.9414519557788,659.640053362438,-1000.0,238.2794047364524,1659.640053362438,80,expanding,losing_streak_fitness,expanding,rep_1
98,3,0,86986,86986,125287,659.640053362438,629.3716604723198,659.640053362438,-1000.0,175.88255951552773,1659.640053362438,81,expanding,losing_streak_fitness,expanding,rep_1
99,3,0,86986,86986,125287,659.640053362438,634.3638242423397,659.640053362438,-1000.0,170.85538953739285,1659.640053362438,82,expanding,losing_streak_fitness,expanding,rep_1
100,3,0,86986,86986,125287,659.640053362438,645.7103169715333,659.640053362438,339.9790434717999,61.19841927484988,319.6610098906381,83,expanding,losing_streak_fitness,expanding,rep_1
0,4,0,125287,125287,130699,680.9816443928573,-26684.516127254887,-1019.7178760978832,-736948.2941970895,93724.75887152816,737629.2758414823,0,expanding,losing_streak_fitness,expanding,rep_1
1,4,0,125287,125287,130699,680.9816443928573,-1020.8248806645936,-404.0050049485872,-21772.33333333333,2846.342966214761,22453.31497772619,1,expanding,losing_streak_fitness,expanding,rep_1
2,4,0,125287,125287,130699,811.9396529299453,-120.89864218580162,-40.34654830143023,-2314.863656892129,487.7134316096733,3126.803309822074,0,expanding,losing_streak_fitness,expanding,rep_1
3,4,0,125287,125287,130699,1024.0,94.85004513246813,130.36535493263727,-1949.2559016198973,473.49158974316,2973.255901619897,0,expanding,losing_streak_fitness,expanding,rep_1
4,4,0,125287,125287,130699,1384.0,252.78666364356883,163.0507996768722,-1000.0,346.00352630811284,2384.0,0,expanding,losing_streak_fitness,expanding,rep_1
5,4,0,125287,125287,130699,1384.0,400.1664376773858,341.1028197282253,-1460.0142629300522,416.5710006242384,2844.014262930052,1,expanding,losing_streak_fitness,expanding,rep_1
6,4,0,125287,125287,130699,1384.0,625.4633599541517,746.4606486614013,-111.5962187951846,331.5637722916238,1495.5962187951843,2,expanding,losing_streak_fitness,expanding,rep_1
7,4,0,125287,125287,130699,1384.0,767.7433193110754,908.308559326894,130.0116917819317,257.1171302057104,1253.9883082180684,3,expanding,losing_streak_fitness,expanding,rep_1
8,4,0,125287,125287,130699,1384.0,891.232923330726,942.8976614670332,122.39825706820066,223.80729734111648,1261.6017429317994,4,expanding,losing_streak_fitness,expanding,rep_1
9,4,0,125287,125287,130699,1384.0,971.138326275747,942.8976614670332,91.86811198669535,279.347620769014,1292.131888013305,5,expanding,losing_streak_fitness,expanding,rep_1
10,4,0,125287,125287,130699,1384.0,1035.8988359355424,942.8976614670332,104.47368089619508,348.56143413471585,1279.526319103805,6,expanding,losing_streak_fitness,expanding,rep_1
11,4,0,125287,125287,130699,1384.0,1236.8289237696526,1384.0,191.53508164302437,271.5806545411752,1192.4649183569757,7,expanding,losing_streak_fitness,expanding,rep_1
12,4,0,125287,125287,130699,1384.0,1305.1132334774022,1384.0,264.6538619908402,255.37637763313904,1119.34613800916,8,expanding,losing_streak_fitness,expanding,rep_1
13,4,0,125287,125287,130699,1384.0,1316.1357535808495,1384.0,256.5618833731932,246.5654477273025,1127.4381166268067,9,expanding,losing_streak_fitness,expanding,rep_1
14,4,0,125287,125287,130699,1384.0,1312.9534544698845,1384.0,309.83866769659335,244.5018854825718,1074.1613323034069,10,expanding,losing_streak_fitness,expanding,rep_1
15,4,0,125287,125287,130699,1384.0,1306.814191732435,1384.0,187.48866632412745,267.1879375264389,1196.5113336758725,11,expanding,losing_streak_fitness,expanding,rep_1
16,4,0,125287,125287,130699,1384.0,1319.8624152354005,1384.0,309.83866769659335,238.1218207786752,1074.1613323034069,12,expanding,losing_streak_fitness,expanding,rep_1
17,4,0,125287,125287,130699,1384.0,1319.726825965611,1384.0,475.1904881202905,215.43036519772696,908.8095118797096,13,expanding,losing_streak_fitness,expanding,rep_1
18,4,0,125287,125287,130699,1384.0,1326.5515080747043,1384.0,309.83866769659335,229.6426218330363,1074.1613323034069,14,expanding,losing_streak_fitness,expanding,rep_1
19,4,0,125287,125287,130699,1384.0,1345.9565962184963,1384.0,256.5618833731932,183.25989189038444,1127.4381166268067,15,expanding,losing_streak_fitness,expanding,rep_1
20,4,0,125287,125287,130699,1384.0,1297.994808464254,1384.0,309.83866769659335,262.96057767181543,1074.1613323034069,16,expanding,losing_streak_fitness,expanding,rep_1
21,4,0,125287,125287,130699,1384.0,1309.9332118095988,1384.0,187.48866632412745,267.86969606927244,1196.5113336758725,17,expanding,losing_streak_fitness,expanding,rep_1
22,4,0,125287,125287,130699,1384.0,1276.2995777088677,1384.0,305.0,310.1235393816773,1079.0,18,expanding,losing_streak_fitness,expanding,rep_1
23,4,0,125287,125287,130699,1384.0,1332.6674001879906,1384.0,291.6639161775073,225.34008464315585,1092.3360838224926,19,expanding,losing_streak_fitness,expanding,rep_1
24,4,0,125287,125287,130699,1384.0,1298.3145555609146,1384.0,227.53777158968572,276.95861010405923,1156.4622284103143,20,expanding,losing_streak_fitness,expanding,rep_1
25,4,0,125287,125287,130699,1384.0,1279.3800322311688,1384.0,291.6639161775073,296.0065443468005,1092.3360838224926,21,expanding,losing_streak_fitness,expanding,rep_1
26,4,0,125287,125287,130699,1384.0,1317.2806677202095,1384.0,291.6639161775073,238.85014429884944,1092.3360838224926,22,expanding,losing_streak_fitness,expanding,rep_1
27,4,0,125287,125287,130699,1384.0,1319.5756087001594,1384.0,291.6639161775073,239.2958519726508,1092.3360838224926,23,expanding,losing_streak_fitness,expanding,rep_1
28,4,0,125287,125287,130699,1384.0,1344.0958485808462,1384.0,475.1904881202905,165.37792601146398,908.8095118797096,24,expanding,losing_streak_fitness,expanding,rep_1
29,4,0,125287,125287,130699,1384.0,1334.4117450918802,1384.0,291.6639161775073,200.57194640416068,1092.3360838224926,25,expanding,losing_streak_fitness,expanding,rep_1
30,4,0,125287,125287,130699,1384.0,1324.4877552512046,1384.0,291.6639161775073,239.29784279277985,1092.3360838224926,26,expanding,losing_streak_fitness,expanding,rep_1
31,4,0,125287,125287,130699,1384.0,1290.265068443102,1384.0,291.6639161775073,280.3807965810633,1092.3360838224926,27,expanding,losing_streak_fitness,expanding,rep_1
32,4,0,125287,125287,130699,1384.0,1325.207848742492,1384.0,291.6639161775073,226.3099749136514,1092.3360838224926,28,expanding,losing_streak_fitness,expanding,rep_1
33,4,0,125287,125287,130699,1384.0,1311.8029332559977,1384.0,325.1422457940524,243.48489281939788,1058.8577542059477,29,expanding,losing_streak_fitness,expanding,rep_1
34,4,0,125287,125287,130699,1384.0,1324.3731988805102,1384.0,291.6639161775073,234.6861687409812,1092.3360838224926,30,expanding,losing_streak_fitness,expanding,rep_1
35,4,0,125287,125287,130699,1384.0,1322.640944802746,1384.0,309.83866769659335,215.3458353306184,1074.1613323034069,31,expanding,losing_streak_fitness,expanding,rep_1
36,4,0,125287,125287,130699,1384.0,1347.880526292192,1384.0,309.83866769659335,175.16769312892848,1074.1613323034069,32,expanding,losing_streak_fitness,expanding,rep_1
37,4,0,125287,125287,130699,1384.0,1328.678264028221,1384.0,291.6639161775073,213.7565397403565,1092.3360838224926,33,expanding,losing_streak_fitness,expanding,rep_1
38,4,0,125287,125287,130699,1384.0,1316.2631553928015,1384.0,291.6639161775073,234.67414449902384,1092.3360838224926,34,expanding,losing_streak_fitness,expanding,rep_1
39,4,0,125287,125287,130699,1384.0,1301.6202464851633,1384.0,355.0234734023465,253.12996787252115,1028.9765265976534,35,expanding,losing_streak_fitness,expanding,rep_1
40,4,0,125287,125287,130699,1384.0,1274.0971437315734,1384.0,291.6639161775073,302.7558996108998,1092.3360838224926,36,expanding,losing_streak_fitness,expanding,rep_1
41,4,0,125287,125287,130699,1384.0,1307.6536529513548,1384.0,305.0,250.14858329983335,1079.0,37,expanding,losing_streak_fitness,expanding,rep_1
42,4,0,125287,125287,130699,1384.0,1338.7744354109825,1384.0,331.2480641452868,198.9995022835391,1052.751935854713,38,expanding,losing_streak_fitness,expanding,rep_1
43,4,0,125287,125287,130699,1384.0,1318.8579740901198,1384.0,305.0,236.17822028703333,1079.0,39,expanding,losing_streak_fitness,expanding,rep_1
44,4,0,125287,125287,130699,1384.0,1270.6765255581513,1384.0,309.83866769659335,299.91727938472303,1074.1613323034069,40,expanding,losing_streak_fitness,expanding,rep_1
45,4,0,125287,125287,130699,1384.0,1318.5139415312517,1384.0,291.6639161775073,242.3484969921057,1092.3360838224926,41,expanding,losing_streak_fitness,expanding,rep_1
46,4,0,125287,125287,130699,1384.0,1308.1497445716504,1384.0,355.0234734023465,240.33409149026303,1028.9765265976534,42,expanding,losing_streak_fitness,expanding,rep_1
47,4,0,125287,125287,130699,1384.0,1358.3235022662425,1384.0,475.1904881202905,135.7418940830813,908.8095118797096,43,expanding,losing_streak_fitness,expanding,rep_1
48,4,0,125287,125287,130699,1384.0,1344.042232621198,1384.0,309.83866769659335,197.78834774150525,1074.1613323034069,44,expanding,losing_streak_fitness,expanding,rep_1
49,4,0,125287,125287,130699,1384.0,1312.9164770394316,1384.0,355.0234734023465,239.7455426851731,1028.9765265976534,45,expanding,losing_streak_fitness,expanding,rep_1
50,4,0,125287,125287,130699,1384.0,1284.3906042151646,1384.0,309.83866769659335,281.46884895692364,1074.1613323034069,46,expanding,losing_streak_fitness,expanding,rep_1
51,4,0,125287,125287,130699,1384.0,1333.018891927387,1384.0,309.83866769659335,218.5848573706156,1074.1613323034069,47,expanding,losing_streak_fitness,expanding,rep_1
52,4,0,125287,125287,130699,1384.0,1314.6144934206102,1384.0,291.6639161775073,242.5033348831177,1092.3360838224926,48,expanding,losing_streak_fitness,expanding,rep_1
53,4,0,125287,125287,130699,1384.0,1355.8760902506883,1384.0,309.83866769659335,156.2935204409481,1074.1613323034069,49,expanding,losing_streak_fitness,expanding,rep_1
54,4,0,125287,125287,130699,1384.0,1364.6221396152262,1384.0,355.0234734023465,136.5955940052414,1028.9765265976534,50,expanding,losing_streak_fitness,expanding,rep_1
55,4,0,125287,125287,130699,1384.0,1292.4259202249953,1384.0,355.0234734023465,260.86809700999663,1028.9765265976534,51,expanding,losing_streak_fitness,expanding,rep_1
56,4,0,125287,125287,130699,1384.0,1340.7105153797706,1384.0,355.0234734023465,192.1731108952979,1028.9765265976534,52,expanding,losing_streak_fitness,expanding,rep_1
57,4,0,125287,125287,130699,1384.0,1351.1093640617305,1384.0,309.83866769659335,164.20014685430525,1074.1613323034069,53,expanding,losing_streak_fitness,expanding,rep_1
58,4,0,125287,125287,130699,1384.0,1282.744250599318,1384.0,305.0,285.27939481794544,1079.0,54,expanding,losing_streak_fitness,expanding,rep_1
59,4,0,125287,125287,130699,1384.0,1295.1560912539512,1384.0,345.02452086772035,273.8577781396694,1038.9754791322796,55,expanding,losing_streak_fitness,expanding,rep_1
60,4,0,125287,125287,130699,1384.0,1332.6078623937165,1384.0,277.47453937253414,211.4255318266889,1106.525460627466,56,expanding,losing_streak_fitness,expanding,rep_1
61,4,0,125287,125287,130699,1384.0,1328.2105193563737,1384.0,355.0234734023465,204.5228978917178,1028.9765265976534,57,expanding,losing_streak_fitness,expanding,rep_1
62,4,0,125287,125287,130699,1384.0,1298.076719208024,1384.0,305.0,270.8541123033751,1079.0,58,expanding,losing_streak_fitness,expanding,rep_1
63,4,0,125287,125287,130699,1384.0,1297.413091402825,1384.0,309.83866769659335,268.12584409680505,1074.1613323034069,59,expanding,losing_streak_fitness,expanding,rep_1
64,4,0,125287,125287,130699,1384.0,1356.5167733539315,1384.0,309.83866769659335,154.45284203786338,1074.1613323034069,60,expanding,losing_streak_fitness,expanding,rep_1
65,4,0,125287,125287,130699,1384.0,1312.7108497653812,1384.0,309.83866769659335,249.40239842130745,1074.1613323034069,61,expanding,losing_streak_fitness,expanding,rep_1
66,4,0,125287,125287,130699,1384.0,1281.7980390882549,1384.0,309.83866769659335,278.8131822684906,1074.1613323034069,62,expanding,losing_streak_fitness,expanding,rep_1
67,4,0,125287,125287,130699,1384.0,1362.4157116653369,1384.0,291.6639161775073,136.98924239793834,1092.3360838224926,63,expanding,losing_streak_fitness,expanding,rep_1
68,4,0,125287,125287,130699,1384.0,1274.3509506872333,1384.0,355.0234734023465,300.23782386673975,1028.9765265976534,64,expanding,losing_streak_fitness,expanding,rep_1
69,4,0,125287,125287,130699,1384.0,1342.9588356011473,1384.0,291.6639161775073,197.0707822406491,1092.3360838224926,65,expanding,losing_streak_fitness,expanding,rep_1
70,4,0,125287,125287,130699,1384.0,1310.728203357038,1384.0,305.0,246.88689829996105,1079.0,66,expanding,losing_streak_fitness,expanding,rep_1
71,4,0,125287,125287,130699,1384.0,1299.9811845432437,1384.0,396.8173383308748,251.8314025638447,987.1826616691252,67,expanding,losing_streak_fitness,expanding,rep_1
72,4,0,125287,125287,130699,1384.0,1267.485256509513,1384.0,291.6639161775073,320.1917892845896,1092.3360838224926,68,expanding,losing_streak_fitness,expanding,rep_1
73,4,0,125287,125287,130699,1384.0,1280.477766519224,1384.0,291.6639161775073,289.144714941134,1092.3360838224926,69,expanding,losing_streak_fitness,expanding,rep_1
74,4,0,125287,125287,130699,1384.0,1332.5579015193084,1384.0,291.6639161775073,218.04641591503145,1092.3360838224926,70,expanding,losing_streak_fitness,expanding,rep_1
75,4,0,125287,125287,130699,1384.0,1296.6048572867471,1384.0,291.6639161775073,275.45749993379866,1092.3360838224926,71,expanding,losing_streak_fitness,expanding,rep_1
76,4,0,125287,125287,130699,1384.0,1294.0934269336344,1384.0,309.83866769659335,288.01481624667304,1074.1613323034069,72,expanding,losing_streak_fitness,expanding,rep_1
77,4,0,125287,125287,130699,1384.0,1330.3798226173562,1384.0,355.0234734023465,216.0607723963775,1028.9765265976534,73,expanding,losing_streak_fitness,expanding,rep_1
78,4,0,125287,125287,130699,1384.0,1346.3402890200978,1384.0,309.83866769659335,186.2992356758734,1074.1613323034069,74,expanding,losing_streak_fitness,expanding,rep_1
79,4,0,125287,125287,130699,1384.0,1331.5284155235213,1384.0,355.0234734023465,200.9215754715945,1028.9765265976534,75,expanding,losing_streak_fitness,expanding,rep_1
80,4,0,125287,125287,130699,1384.0,1318.0856776638425,1384.0,355.0234734023465,227.01844889902824,1028.9765265976534,76,expanding,losing_streak_fitness,expanding,rep_1
81,4,0,125287,125287,130699,1384.0,1336.2618679014367,1384.0,355.0234734023465,192.19381115081865,1028.9765265976534,77,expanding,losing_streak_fitness,expanding,rep_1
82,4,0,125287,125287,130699,1384.0,1340.1860032235056,1384.0,291.6639161775073,194.62001351456504,1092.3360838224926,78,expanding,losing_streak_fitness,expanding,rep_1
83,4,0,125287,125287,130699,1384.0,1315.1071719710744,1384.0,345.02452086772035,240.4080854976318,1038.9754791322796,79,expanding,losing_streak_fitness,expanding,rep_1
84,4,0,125287,125287,130699,1384.0,1316.7177000235365,1384.0,411.2425531240656,222.10414801985817,972.7574468759344,80,expanding,losing_streak_fitness,expanding,rep_1
85,4,0,125287,125287,130699,1384.0,1296.1340757234086,1384.0,309.83866769659335,271.6332558285382,1074.1613323034069,81,expanding,losing_streak_fitness,expanding,rep_1
86,4,0,125287,125287,130699,1384.0,1264.8247337031391,1384.0,355.0234734023465,301.0313495528103,1028.9765265976534,82,expanding,losing_streak_fitness,expanding,rep_1
87,4,0,125287,125287,130699,1384.0,1284.4677967222617,1384.0,309.83866769659335,273.9596344903628,1074.1613323034069,83,expanding,losing_streak_fitness,expanding,rep_1
88,4,0,125287,125287,130699,1384.0,1303.2770011521366,1384.0,309.83866769659335,259.90251008544385,1074.1613323034069,84,expanding,losing_streak_fitness,expanding,rep_1
89,4,0,125287,125287,130699,1384.0,1325.3171654539672,1384.0,291.6639161775073,230.3521371523049,1092.3360838224926,85,expanding,losing_streak_fitness,expanding,rep_1
90,4,0,125287,125287,130699,1384.0,1265.2560582191409,1384.0,291.6639161775073,291.9392026089705,1092.3360838224926,86,expanding,losing_streak_fitness,expanding,rep_1
91,4,0,125287,125287,130699,1384.0,1272.7755848023733,1384.0,305.0,292.1732275589612,1079.0,87,expanding,losing_streak_fitness,expanding,rep_1
92,4,0,125287,125287,130699,1384.0,1253.676156687637,1384.0,291.6639161775073,327.82735337746425,1092.3360838224926,88,expanding,losing_streak_fitness,expanding,rep_1
93,4,0,125287,125287,130699,1384.0,1310.4897508002634,1384.0,355.0234734023465,248.47262322515004,1028.9765265976534,89,expanding,losing_streak_fitness,expanding,rep_1
94,4,0,125287,125287,130699,1384.0,1230.8410504785288,1384.0,291.6639161775073,339.58538562304943,1092.3360838224926,90,expanding,losing_streak_fitness,expanding,rep_1
95,4,0,125287,125287,130699,1384.0,1310.3677979385657,1384.0,309.83866769659335,238.2231944261364,1074.1613323034069,91,expanding,losing_streak_fitness,expanding,rep_1
96,4,0,125287,125287,130699,1384.0,1330.3497561617662,1384.0,291.6639161775073,211.48953778597445,1092.3360838224926,92,expanding,losing_streak_fitness,expanding,rep_1
97,4,0,125287,125287,130699,1384.0,1315.6833350899908,1384.0,355.0234734023465,242.67060951428215,1028.9765265976534,93,expanding,losing_streak_fitness,expanding,rep_1
98,4,0,125287,125287,130699,1384.0,1283.1259869183302,1384.0,305.0,287.75055548749395,1079.0,94,expanding,losing_streak_fitness,expanding,rep_1
99,4,0,125287,125287,130699,1384.0,1327.5675090688542,1384.0,309.83866769659335,212.16218273420589,1074.1613323034069,95,expanding,losing_streak_fitness,expanding,rep_1
100,4,0,125287,125287,130699,1384.0,1308.2241762652752,1384.0,291.6639161775073,260.6903061596876,1092.3360838224926,96,expanding,losing_streak_fitness,expanding,rep_1
0,1,0,22406,22406,53560,-11.180339887498947,-1740.0559838665044,-1000.0,-41952.200792807045,4584.663428514635,41941.02045291955,0,expanding,losing_streak_fitness,expanding,rep_2
1,1,0,22406,22406,53560,-19.865872559794184,-970.4924259325428,-1000.0,-12244.740817426493,1344.9652315701385,12224.8749448667,1,expanding,losing_streak_fitness,expanding,rep_2
2,1,0,22406,22406,53560,5.4,-659.0640735552211,-478.4231260087664,-4726.134190620818,689.7759872831914,4731.534190620818,0,expanding,losing_streak_fitness,expanding,rep_2
3,1,0,22406,22406,53560,61.746330862651256,-450.1384099358381,-213.86489764438772,-4686.11343247694,695.9923313304297,4747.859763339591,0,expanding,losing_streak_fitness,expanding,rep_2
4,1,0,22406,22406,53560,40.41658075592243,-240.0060002193725,-76.52379322740816,-4457.142857142857,611.1451559607401,4497.559437898779,1,expanding,losing_streak_fitness,expanding,rep_2
5,1,0,22406,22406,53560,174.28425057933376,-178.79564109634634,-53.70287341508629,-5175.435284350487,570.2510245847609,5349.719534929821,0,expanding,losing_streak_fitness,expanding,rep_2
6,1,0,22406,22406,53560,207.9201235517567,-114.30187522779468,-21.78054252073124,-1000.0,300.10670971875913,1207.920123551757,0,expanding,losing_streak_fitness,expanding,rep_2
7,1,0,22406,22406,53560,152.4204710660612,-40.5515936255374,-2.7950849718747373,-1000.0,201.5151749473397,1152.4204710660613,1,expanding,losing_streak_fitness,expanding,rep_2
8,1,0,22406,22406,53560,207.9201235517567,22.32128600051996,11.302134860472664,-59.430993334707104,50.76490700027102,267.3511168864638,2,expanding,losing_streak_fitness,expanding,rep_2
9,1,0,22406,22406,53560,250.40517167183268,30.03226448885175,25.155764746872634,-1000.0,119.06517369481422,1250.4051716718327,0,expanding,losing_streak_fitness,expanding,rep_2
10,1,0,22406,22406,53560,250.40517167183268,78.86051799263939,46.71428571428572,-53.74011537017761,72.64467401999445,304.1452870420103,1,expanding,losing_streak_fitness,expanding,rep_2
11,1,0,22406,22406,53560,332.55375505322445,132.2887697649977,152.4204710660612,-175.0836085988634,75.11560685476805,507.6373636520879,0,expanding,losing_streak_fitness,expanding,rep_2
12,1,0,22406,22406,53560,332.55375505322445,199.0266916183479,204.2879616841292,3.674234614174767,67.2172606158716,328.87952043904966,1,expanding,losing_streak_fitness,expanding,rep_2
13,1,0,22406,22406,53560,332.55375505322445,239.55225137408263,250.40517167183268,3.674234614174767,82.51409200427535,328.87952043904966,2,expanding,losing_streak_fitness,expanding,rep_2
14,1,0,22406,22406,53560,332.55375505322445,272.5660219255283,311.88018532763505,-31.020638291305357,88.0737511871393,363.5743933445298,3,expanding,losing_streak_fitness,expanding,rep_2
15,1,0,22406,22406,53560,332.55375505322445,303.3337556280347,332.55375505322445,-9.050966799187808,72.0817246034651,341.60472185241224,4,expanding,losing_streak_fitness,expanding,rep_2
16,1,0,22406,22406,53560,332.55375505322445,316.71024589868955,332.55375505322445,-31.020638291305357,65.13549779902552,363.5743933445298,5,expanding,losing_streak_fitness,expanding,rep_2
17,1,0,22406,22406,53560,332.55375505322445,304.0333129907965,332.55375505322445,3.674234614174767,84.95119969807253,328.87952043904966,6,expanding,losing_streak_fitness,expanding,rep_2
18,1,0,22406,22406,53560,332.55375505322445,292.58752684494726,332.55375505322445,-31.020638291305357,102.16281672392827,363.5743933445298,7,expanding,losing_streak_fitness,expanding,rep_2
19,1,0,22406,22406,53560,332.55375505322445,293.14269293609505,332.55375505322445,-31.020638291305357,100.28590267796184,363.5743933445298,8,expanding,losing_streak_fitness,expanding,rep_2
20,1,0,22406,22406,53560,332.55375505322445,309.0092696226054,332.55375505322445,-53.64475743257676,77.32592693964101,386.1985124858012,9,expanding,losing_streak_fitness,expanding,rep_2
21,1,0,22406,22406,53560,332.55375505322445,314.468790391739,332.55375505322445,-9.050966799187808,63.82941929258657,341.60472185241224,10,expanding,losing_streak_fitness,expanding,rep_2
22,1,0,22406,22406,53560,332.55375505322445,301.60883696495665,332.55375505322445,-31.020638291305357,81.99939418134294,363.5743933445298,11,expanding,losing_streak_fitness,expanding,rep_2
23,1,0,22406,22406,53560,332.55375505322445,306.26500606408,332.55375505322445,-31.020638291305357,75.47775935426587,363.5743933445298,12,expanding,losing_streak_fitness,expanding,rep_2
24,1,0,22406,22406,53560,332.55375505322445,296.645848972049,332.55375505322445,-31.020638291305357,93.88696910288208,363.5743933445298,13,expanding,losing_streak_fitness,expanding,rep_2
25,1,0,22406,22406,53560,332.55375505322445,301.92245683027056,332.55375505322445,-53.64475743257676,86.95826475769908,386.1985124858012,14,expanding,losing_streak_fitness,expanding,rep_2
26,1,0,22406,22406,53560,332.55375505322445,307.8994587876552,332.55375505322445,-31.020638291305357,79.95942581102804,363.5743933445298,15,expanding,losing_streak_fitness,expanding,rep_2
27,1,0,22406,22406,53560,332.55375505322445,297.5252310152439,332.55375505322445,-31.020638291305357,91.1569046866237,363.5743933445298,16,expanding,losing_streak_fitness,expanding,rep_2
28,1,0,22406,22406,53560,332.55375505322445,294.1424153368107,332.55375505322445,-31.020638291305357,95.7162441478183,363.5743933445298,17,expanding,losing_streak_fitness,expanding,rep_2
29,1,0,22406,22406,53560,332.55375505322445,308.2935019573062,332.55375505322445,-31.020638291305357,81.47314176581385,363.5743933445298,18,expanding,losing_streak_fitness,expanding,rep_2
30,1,0,22406,22406,53560,332.55375505322445,306.70251855795,332.55375505322445,-31.020638291305357,82.7036312163747,363.5743933445298,19,expanding,losing_streak_fitness,expanding,rep_2
31,1,0,22406,22406,53560,332.55375505322445,305.8587242763663,332.55375505322445,-53.64475743257676,79.40927075507133,386.1985124858012,20,expanding,losing_streak_fitness,expanding,rep_2
32,1,0,22406,22406,53560,332.55375505322445,285.6130052986622,332.55375505322445,-9.050966799187808,104.7470793655966,341.60472185241224,21,expanding,losing_streak_fitness,expanding,rep_2
33,1,0,22406,22406,53560,332.55375505322445,290.9059843470064,332.55375505322445,-31.020638291305357,98.62618268087482,363.5743933445298,22,expanding,losing_streak_fitness,expanding,rep_2
34,1,0,22406,22406,53560,332.55375505322445,298.6296643463644,332.55375505322445,-9.050966799187808,87.82921988745032,341.60472185241224,23,expanding,losing_streak_fitness,expanding,rep_2
35,1,0,22406,22406,53560,332.55375505322445,316.25514071669835,332.55375505322445,-9.050966799187808,64.56681974811183,341.60472185241224,24,expanding,losing_streak_fitness,expanding,rep_2
36,1,0,22406,22406,53560,332.55375505322445,301.97405036459963,332.55375505322445,-31.020638291305357,82.60998014522309,363.5743933445298,25,expanding,losing_streak_fitness,expanding,rep_2
37,1,0,22406,22406,53560,332.55375505322445,308.25645048901896,332.55375505322445,-9.050966799187808,71.30380093082579,341.60472185241224,26,expanding,losing_streak_fitness,expanding,rep_2
38,1,0,22406,22406,53560,332.55375505322445,294.22017008007947,332.55375505322445,3.674234614174767,95.7541381232498,328.87952043904966,27,expanding,losing_streak_fitness,expanding,rep_2
39,1,0,22406,22406,53560,332.55375505322445,301.94429841997027,332.55375505322445,-31.020638291305357,80.3228815762925,363.5743933445298,28,expanding,losing_streak_fitness,expanding,rep_2
40,1,0,22406,22406,53560,332.55375505322445,300.3316918910786,332.55375505322445,-9.050966799187808,90.07421194446516,341.60472185241224,29,expanding,losing_streak_fitness,expanding,rep_2
41,1,0,22406,22406,53560,332.55375505322445,300.4276885927184,332.55375505322445,-9.050966799187808,91.26035351162788,341.60472185241224,30,expanding,losing_streak_fitness,expanding,rep_2
42,1,0,22406,22406,53560,332.55375505322445,309.7977633605016,332.55375505322445,-9.050966799187808,77.52108098316667,341.60472185241224,31,expanding,losing_streak_fitness,expanding,rep_2
43,1,0,22406,22406,53560,332.55375505322445,301.14835274210714,332.55375505322445,-9.050966799187808,84.61886037418405,341.60472185241224,32,expanding,losing_streak_fitness,expanding,rep_2
44,1,0,22406,22406,53560,332.55375505322445,306.74359850415976,332.55375505322445,3.674234614174767,81.41064477415878,328.87952043904966,33,expanding,losing_streak_fitness,expanding,rep_2
45,1,0,22406,22406,53560,332.55375505322445,305.473437161633,332.55375505322445,-9.050966799187808,76.4147745290207,341.60472185241224,34,expanding,losing_streak_fitness,expanding,rep_2
46,1,0,22406,22406,53560,332.55375505322445,299.68485404590547,332.55375505322445,-53.64475743257676,92.64621997818809,386.1985124858012,35,expanding,losing_streak_fitness,expanding,rep_2
47,1,0,22406,22406,53560,332.55375505322445,295.0707959988674,332.55375505322445,-31.020638291305357,96.28754835531724,363.5743933445298,36,expanding,losing_streak_fitness,expanding,rep_2
48,1,0,22406,22406,53560,332.55375505322445,309.676931696932,332.55375505322445,-9.050966799187808,75.39642487286675,341.60472185241224,37,expanding,losing_streak_fitness,expanding,rep_2
49,1,0,22406,22406,53560,332.55375505322445,303.1032482364657,332.55375505322445,-9.050966799187808,88.37332775840488,341.60472185241224,38,expanding,losing_streak_fitness,expanding,rep_2
50,1,0,22406,22406,53560,332.55375505322445,316.0497097530511,332.55375505322445,-9.050966799187808,65.55427518447439,341.60472185241224,39,expanding,losing_streak_fitness,expanding,rep_2
51,1,0,22406,22406,53560,332.55375505322445,309.52144511270365,332.55375505322445,3.674234614174767,73.76759790278531,328.87952043904966,40,expanding,losing_streak_fitness,expanding,rep_2
52,1,0,22406,22406,53560,332.55375505322445,301.6750363385533,332.55375505322445,-53.64475743257676,89.06164503474817,386.1985124858012,41,expanding,losing_streak_fitness,expanding,rep_2
53,1,0,22406,22406,53560,332.55375505322445,315.69209117233777,332.55375505322445,33.829572861625074,60.49721816157562,298.72418219159937,42,expanding,losing_streak_fitness,expanding,rep_2
54,1,0,22406,22406,53560,332.55375505322445,319.4190020416985,332.55375505322445,-9.050966799187808,62.09483814235041,341.60472185241224,43,expanding,losing_streak_fitness,expanding,rep_2
55,1,0,22406,22406,53560,332.55375505322445,319.7247192386535,332.55375505322445,20.56307370020348,53.42966969579947,311.990681353021,44,expanding,losing_streak_fitness,expanding,rep_2
56,1,0,22406,22406,53560,332.55375505322445,303.6645224424346,332.55375505322445,-9.050966799187808,86.89680754447988,341.60472185241224,45,expanding,losing_streak_fitness,expanding,rep_2
57,1,0,22406,22406,53560,332.55375505322445,319.28481957822567,332.55375505322445,3.674234614174767,53.20162109153757,328.87952043904966,46,expanding,losing_streak_fitness,expanding,rep_2
58,1,0,22406,22406,53560,332.55375505322445,310.39145342333416,332.55375505322445,-31.020638291305357,81.46645862289418,363.5743933445298,47,expanding,losing_streak_fitness,expanding,rep_2
59,1,0,22406,22406,53560,332.55375505322445,306.70761315603505,332.55375505322445,3.674234614174767,84.55110481467271,328.87952043904966,48,expanding,losing_streak_fitness,expanding,rep_2
60,1,0,22406,22406,53560,332.55375505322445,317.78538815996666,332.55375505322445,-53.64475743257676,63.32504050188149,386.1985124858012,49,expanding,losing_streak_fitness,expanding,rep_2
61,1,0,22406,22406,53560,332.55375505322445,312.7719929886453,332.55375505322445,3.674234614174767,69.54755514159031,328.87952043904966,50,expanding,losing_streak_fitness,expanding,rep_2
62,1,0,22406,22406,53560,332.55375505322445,304.1968641077627,332.55375505322445,-53.64475743257676,85.67212084396166,386.1985124858012,51,expanding,losing_streak_fitness,expanding,rep_2
63,1,0,22406,22406,53560,332.55375505322445,310.5464348588149,332.55375505322445,-53.64475743257676,76.37032431408296,386.1985124858012,52,expanding,losing_streak_fitness,expanding,rep_2
64,1,0,22406,22406,53560,332.55375505322445,311.4943529988214,332.55375505322445,-9.050966799187808,70.1373814208325,341.60472185241224,53,expanding,losing_streak_fitness,expanding,rep_2
65,1,0,22406,22406,53560,332.55375505322445,309.16086295019363,332.55375505322445,-9.050966799187808,74.95285939311206,341.60472185241224,54,expanding,losing_streak_fitness,expanding,rep_2
66,1,0,22406,22406,53560,332.55375505322445,305.5672777444789,332.55375505322445,-53.64475743257676,88.70938235045091,386.1985124858012,55,expanding,losing_streak_fitness,expanding,rep_2
67,1,0,22406,22406,53560,332.55375505322445,305.94293247415806,332.55375505322445,-9.050966799187808,82.26938240884071,341.60472185241224,56,expanding,losing_streak_fitness,expanding,rep_2
68,1,0,22406,22406,53560,332.55375505322445,310.1839421402926,332.55375505322445,3.674234614174767,71.54817998311769,328.87952043904966,57,expanding,losing_streak_fitness,expanding,rep_2
69,1,0,22406,22406,53560,332.55375505322445,301.4179694655097,332.55375505322445,3.674234614174767,89.30886853091245,328.87952043904966,58,expanding,losing_streak_fitness,expanding,rep_2
70,1,0,22406,22406,53560,332.55375505322445,317.92848013359327,332.55375505322445,20.56307370020348,54.96034217564509,311.990681353021,59,expanding,losing_streak_fitness,expanding,rep_2
71,1,0,22406,22406,53560,332.55375505322445,310.7377738892617,332.55375505322445,3.674234614174767,67.73191866771643,328.87952043904966,60,expanding,losing_streak_fitness,expanding,rep_2
72,1,0,22406,22406,53560,332.55375505322445,306.2418855044868,332.55375505322445,-53.64475743257676,76.05411326218866,386.1985124858012,61,expanding,losing_streak_fitness,expanding,rep_2
73,1,0,22406,22406,53560,332.55375505322445,308.0255937951823,332.55375505322445,-53.64475743257676,76.1363514176856,386.1985124858012,62,expanding,losing_streak_fitness,expanding,rep_2
74,1,0,22406,22406,53560,332.55375505322445,294.8816394038024,332.55375505322445,-53.64475743257676,96.1732192375348,386.1985124858012,63,expanding,losing_streak_fitness,expanding,rep_2
75,1,0,22406,22406,53560,332.55375505322445,315.96614127875284,332.55375505322445,3.674234614174767,62.14354465134368,328.87952043904966,64,expanding,losing_streak_fitness,expanding,rep_2
76,1,0,22406,22406,53560,332.55375505322445,306.8408619607125,332.55375505322445,3.674234614174767,76.75472614808584,328.87952043904966,65,expanding,losing_streak_fitness,expanding,rep_2
77,1,0,22406,22406,53560,332.55375505322445,301.60759232904684,332.55375505322445,-9.050966799187808,87.14766378108187,341.60472185241224,66,expanding,losing_streak_fitness,expanding,rep_2
78,1,0,22406,22406,53560,332.55375505322445,291.33553218145414,332.55375505322445,3.674234614174767,95.04878047745488,328.87952043904966,67,expanding,losing_streak_fitness,expanding,rep_2
79,1,0,22406,22406,53560,332.55375505322445,290.5808732547982,332.55375505322445,-53.64475743257676,102.315109908729,386.1985124858012,68,expanding,losing_streak_fitness,expanding,rep_2
80,1,0,22406,22406,53560,332.55375505322445,293.71828169261613,332.55375505322445,-53.64475743257676,101.92642622582584,386.1985124858012,69,expanding,losing_streak_fitness,expanding,rep_2
81,1,0,22406,22406,53560,332.55375505322445,309.3083177974251,332.55375505322445,-53.64475743257676,77.01031949954033,386.1985124858012,70,expanding,losing_streak_fitness,expanding,rep_2
82,1,0,22406,22406,53560,332.55375505322445,312.69313854278994,332.55375505322445,3.674234614174767,69.10775006794883,328.87952043904966,71,expanding,losing_streak_fitness,expanding,rep_2
83,1,0,22406,22406,53560,332.55375505322445,292.30805515129447,332.55375505322445,-53.64475743257676,102.37024600112612,386.1985124858012,72,expanding,losing_streak_fitness,expanding,rep_2
84,1,0,22406,22406,53560,332.55375505322445,298.6036421024749,332.55375505322445,-31.020638291305357,92.54955482944462,363.5743933445298,73,expanding,losing_streak_fitness,expanding,rep_2
85,1,0,22406,22406,53560,332.55375505322445,306.3311039494023,332.55375505322445,-53.64475743257676,76.47759659501584,386.1985124858012,74,expanding,losing_streak_fitness,expanding,rep_2
86,1,0,22406,22406,53560,332.55375505322445,312.9041627857944,332.55375505322445,-9.050966799187808,66.66610159852249,341.60472185241224,75,expanding,losing_streak_fitness,expanding,rep_2
87,1,0,22406,22406,53560,332.55375505322445,313.88074652369784,332.55375505322445,-53.64475743257676,71.0970084307645,386.1985124858012,76,expanding,losing_streak_fitness,expanding,rep_2
88,1,0,22406,22406,53560,332.55375505322445,303.423176967784,332.55375505322445,3.674234614174767,81.34937654598882,328.87952043904966,77,expanding,losing_streak_fitness,expanding,rep_2
89,1,0,22406,22406,53560,332.55375505322445,310.4820059936516,332.55375505322445,3.674234614174767,71.53173170393471,328.87952043904966,78,expanding,losing_streak_fitness,expanding,rep_2
90,1,0,22406,22406,53560,332.55375505322445,313.5745622774933,332.55375505322445,-9.050966799187808,65.67215092064457,341.60472185241224,79,expanding,losing_streak_fitness,expanding,rep_2
91,1,0,22406,22406,53560,332.55375505322445,308.7928314513056,332.55375505322445,3.674234614174767,75.90648133308021,328.87952043904966,80,expanding,losing_streak_fitness,expanding,rep_2
92,1,0,22406,22406,53560,332.55375505322445,321.878644214914,332.55375505322445,33.829572861625074,51.15176664276181,298.72418219159937,81,expanding,losing_streak_fitness,expanding,rep_2
93,1,0,22406,22406,53560,332.55375505322445,305.9252519715729,332.55375505322445,3.674234614174767,76.18307167758417,328.87952043904966,82,expanding,losing_streak_fitness,expanding,rep_2
94,1,0,22406,22406,53560,332.55375505322445,307.68476334627013,332.55375505322445,-53.64475743257676,79.92879536079619,386.1985124858012,83,expanding,losing_streak_fitness,expanding,rep_2
95,1,0,22406,22406,53560,332.55375505322445,305.99564047216984,332.55375505322445,-53.64475743257676,78.95442945991059,386.1985124858012,84,expanding,losing_streak_fitness,expanding,rep_2
96,1,0,22406,22406,53560,332.55375505322445,310.7529115177266,332.55375505322445,-9.050966799187808,66.96461588829315,341.60472185241224,85,expanding,losing_streak_fitness,expanding,rep_2
97,1,0,22406,22406,53560,332.55375505322445,301.5591536872744,332.55375505322445,-53.64475743257676,87.09983693066435,386.1985124858012,86,expanding,losing_streak_fitness,expanding,rep_2
98,1,0,22406,22406,53560,332.55375505322445,292.82687041167554,332.55375505322445,-53.64475743257676,103.4958241723546,386.1985124858012,87,expanding,losing_streak_fitness,expanding,rep_2
99,1,0,22406,22406,53560,332.55375505322445,293.3691035922436,332.55375505322445,-53.64475743257676,99.14953993935264,386.1985124858012,88,expanding,losing_streak_fitness,expanding,rep_2
100,1,0,22406,22406,53560,332.55375505322445,308.15657283698295,332.55375505322445,3.674234614174767,73.35342505320095,328.87952043904966,89,expanding,losing_streak_fitness,expanding,rep_2
0,2,0,53560,53560,86986,1.3228756555322954,-5509.869949054247,-918.849302116624,-226262.32266110947,29141.40197919649,226263.645536765,0,expanding,losing_streak_fitness,expanding,rep_2
1,2,0,53560,53560,86986,92.03633793236234,-569.4532911656366,-378.4662199942836,-3936.509958369692,608.9779084891134,4028.5462963020536,0,expanding,losing_streak_fitness,expanding,rep_2
2,2,0,53560,53560,86986,100.27641796554164,-395.4283385929087,-172.09967982307427,-5284.611792631184,629.604498934004,5384.888210596725,0,expanding,losing_streak_fitness,expanding,rep_2
3,2,0,53560,53560,86986,100.27641796554164,-319.7953796450709,-75.96048753951698,-13833.967687624854,1398.1342223387735,13934.244105590396,1,expanding,losing_streak_fitness,expanding,rep_2
4,2,0,53560,53560,86986,252.9822128134704,-130.23101089206085,-36.50176839681319,-1000.0,306.6078173239274,1252.9822128134704,0,expanding,losing_streak_fitness,expanding,rep_2
5,2,0,53560,53560,86986,185.11909679987096,-69.19517870855249,-2.6457513110645907,-1000.0,228.6451242189959,1185.119096799871,1,expanding,losing_streak_fitness,expanding,rep_2
6,2,0,53560,53560,86986,184.47560814373264,-49.55262273534615,12.727922061357855,-2845.038125488632,336.2603307931707,3029.5137336323646,2,expanding,losing_streak_fitness,expanding,rep_2
7,2,0,53560,53560,86986,206.4751801064719,-30.2320546529164,18.727369645975703,-1000.0,242.47443459381265,1206.475180106472,3,expanding,losing_streak_fitness,expanding,rep_2
8,2,0,53560,53560,86986,301.37684051698466,35.13663802559446,58.09475019311125,-1000.0,164.47924358143024,1301.3768405169849,0,expanding,losing_streak_fitness,expanding,rep_2
9,2,0,53560,53560,86986,632.4555320336759,32.2860637641727,68.58571279792898,-1000.0,256.6562533573596,1632.4555320336758,0,expanding,losing_streak_fitness,expanding,rep_2
10,2,0,53560,53560,86986,632.4555320336759,74.61407211947144,93.74433316206373,-1000.0,244.83759705764817,1632.4555320336758,1,expanding,losing_streak_fitness,expanding,rep_2
11,2,0,53560,53560,86986,632.4555320336759,97.93693605749029,89.44271909999159,-1000.0,163.27578045742194,1632.4555320336758,2,expanding,losing_streak_fitness,expanding,rep_2
12,2,0,53560,53560,86986,632.4555320336759,93.158328286738,94.96322604118517,-1000.0,266.699553154662,1632.4555320336758,3,expanding,losing_streak_fitness,expanding,rep_2
13,2,0,53560,53560,86986,632.4555320336759,148.632666550548,90.55666253797658,-1000.0,258.2395838518868,1632.4555320336758,4,expanding,losing_streak_fitness,expanding,rep_2
14,2,0,53560,53560,86986,632.4555320336759,141.85089311493746,161.66632302368973,-1000.0,427.7728728689903,1632.4555320336758,5,expanding,losing_streak_fitness,expanding,rep_2
15,2,0,53560,53560,86986,632.4555320336759,364.3012397915076,280.59223082615813,-2.6457513110645907,250.1314211379082,635.1012833447405,6,expanding,losing_streak_fitness,expanding,rep_2
16,2,0,53560,53560,86986,632.4555320336759,522.4294023418713,632.4555320336759,-2.6457513110645907,196.95810165307333,635.1012833447405,7,expanding,losing_streak_fitness,expanding,rep_2
17,2,0,53560,53560,86986,632.4555320336759,568.6124820072157,632.4555320336759,-2.6457513110645907,160.05805749075742,635.1012833447405,8,expanding,losing_streak_fitness,expanding,rep_2
18,2,0,53560,53560,86986,632.4555320336759,598.8118484886062,632.4555320336759,-2.6457513110645907,120.0740937486224,635.1012833447405,9,expanding,losing_streak_fitness,expanding,rep_2
19,2,0,53560,53560,86986,632.4555320336759,563.0308260128072,632.4555320336759,-2.6457513110645907,166.69001204646702,635.1012833447405,10,expanding,losing_streak_fitness,expanding,rep_2
20,2,0,53560,53560,86986,632.4555320336759,602.4096129717217,632.4555320336759,55.33985905294664,112.60172793991391,577.1156729807293,11,expanding,losing_streak_fitness,expanding,rep_2
21,2,0,53560,53560,86986,632.4555320336759,581.0957204810712,632.4555320336759,-2.6457513110645907,153.30273547264403,635.1012833447405,12,expanding,losing_streak_fitness,expanding,rep_2
22,2,0,53560,53560,86986,632.4555320336759,582.7806610120608,632.4555320336759,76.36753236814714,142.96202801363398,556.0879996655287,13,expanding,losing_streak_fitness,expanding,rep_2
23,2,0,53560,53560,86986,632.4555320336759,572.4337579283689,632.4555320336759,40.54078878802873,157.25047426358216,591.9147432456472,14,expanding,losing_streak_fitness,expanding,rep_2
24,2,0,53560,53560,86986,632.4555320336759,556.905660452945,632.4555320336759,76.36753236814714,170.63071360806978,556.0879996655287,15,expanding,losing_streak_fitness,expanding,rep_2
25,2,0,53560,53560,86986,632.4555320336759,559.4731409773354,632.4555320336759,-2.6457513110645907,183.62422747649427,635.1012833447405,16,expanding,losing_streak_fitness,expanding,rep_2
26,2,0,53560,53560,86986,632.4555320336759,568.9569021970608,632.4555320336759,40.54078878802873,157.08979717015944,591.9147432456472,17,expanding,losing_streak_fitness,expanding,rep_2
27,2,0,53560,53560,86986,632.4555320336759,568.6204253244651,632.4555320336759,-2.6457513110645907,160.93926646357292,635.1012833447405,18,expanding,losing_streak_fitness,expanding,rep_2
28,2,0,53560,53560,86986,632.4555320336759,570.5939824347512,632.4555320336759,40.54078878802873,158.1641289345401,591.9147432456472,19,expanding,losing_streak_fitness,expanding,rep_2
29,2,0,53560,53560,86986,632.4555320336759,581.0523610410213,632.4555320336759,-2.6457513110645907,150.88971212561685,635.1012833447405,20,expanding,losing_streak_fitness,expanding,rep_2
30,2,0,53560,53560,86986,632.4555320336759,576.2286176490942,632.4555320336759,-2.6457513110645907,160.93389132178737,635.1012833447405,21,expanding,losing_streak_fitness,expanding,rep_2
31,2,0,53560,53560,86986,786.3510666362703,593.252149794302,632.4555320336759,-2.6457513110645907,134.86554458272175,788.9968179473349,0,expanding,losing_streak_fitness,expanding,rep_2
32,2,0,53560,53560,86986,786.3510666362703,596.6679540532717,632.4555320336759,-2.6457513110645907,151.5784675107244,788.9968179473349,1,expanding,losing_streak_fitness,expanding,rep_2
33,2,0,53560,53560,86986,786.3510666362703,610.3082690785257,632.4555320336759,-20.7417989148054,145.67321570672743,807.0928655510756,2,expanding,losing_streak_fitness,expanding,rep_2
34,2,0,53560,53560,86986,786.3510666362703,609.3139791042357,632.4555320336759,55.33985905294664,193.44577997016975,731.0112075833237,3,expanding,losing_streak_fitness,expanding,rep_2
35,2,0,53560,53560,86986,786.3510666362703,658.1142562791075,666.1020291457512,-20.7417989148054,177.45273509273832,807.0928655510756,4,expanding,losing_streak_fitness,expanding,rep_2
36,2,0,53560,53560,86986,786.3510666362703,708.6763816116245,786.3510666362703,-20.7417989148054,172.27244204672644,807.0928655510756,5,expanding,losing_streak_fitness,expanding,rep_2
37,2,0,53560,53560,86986,786.3510666362703,719.6497628252478,786.3510666362703,89.0,171.9462434559651,697.3510666362703,6,expanding,losing_streak_fitness,expanding,rep_2
38,2,0,53560,53560,86986,786.3510666362703,734.1198942329079,786.3510666362703,-20.7417989148054,172.83892939168547,807.0928655510756,7,expanding,losing_streak_fitness,expanding,rep_2
39,2,0,53560,53560,86986,786.3510666362703,707.8429019491581,786.3510666362703,89.0,199.0246157394369,697.3510666362703,8,expanding,losing_streak_fitness,expanding,rep_2
40,2,0,53560,53560,86986,786.3510666362703,724.0823908858304,786.3510666362703,-20.7417989148054,173.39923341977465,807.0928655510756,9,expanding,losing_streak_fitness,expanding,rep_2
41,2,0,53560,53560,86986,786.3510666362703,711.961753045662,786.3510666362703,-20.7417989148054,191.889068215756,807.0928655510756,10,expanding,losing_streak_fitness,expanding,rep_2
42,2,0,53560,53560,86986,786.3510666362703,724.3708960972638,786.3510666362703,89.0,177.9026478711164,697.3510666362703,11,expanding,losing_streak_fitness,expanding,rep_2
43,2,0,53560,53560,86986,786.3510666362703,729.5918489593549,786.3510666362703,142.3024947075771,165.80197144816458,644.0485719286931,12,expanding,losing_streak_fitness,expanding,rep_2
44,2,0,53560,53560,86986,786.3510666362703,711.3715320371085,786.3510666362703,89.0,184.90944459613905,697.3510666362703,13,expanding,losing_streak_fitness,expanding,rep_2
45,2,0,53560,53560,86986,786.3510666362703,727.6917770547824,786.3510666362703,-20.7417989148054,167.41524765449023,807.0928655510756,14,expanding,losing_streak_fitness,expanding,rep_2
46,2,0,53560,53560,86986,786.3510666362703,726.2180817451942,786.3510666362703,64.15605972938175,177.2351308167216,722.1950069068885,15,expanding,losing_streak_fitness,expanding,rep_2
47,2,0,53560,53560,86986,786.3510666362703,719.5853094618375,786.3510666362703,-20.7417989148054,188.47560898095435,807.0928655510756,16,expanding,losing_streak_fitness,expanding,rep_2
48,2,0,53560,53560,86986,786.3510666362703,712.4664194512733,786.3510666362703,-20.7417989148054,202.81311085237795,807.0928655510756,17,expanding,losing_streak_fitness,expanding,rep_2
49,2,0,53560,53560,86986,786.3510666362703,739.418986074006,786.3510666362703,64.15605972938175,148.4168917980678,722.1950069068885,18,expanding,losing_streak_fitness,expanding,rep_2
50,2,0,53560,53560,86986,786.3510666362703,700.7764435472061,786.3510666362703,64.15605972938175,199.91984194007185,722.1950069068885,19,expanding,losing_streak_fitness,expanding,rep_2
51,2,0,53560,53560,86986,786.3510666362703,746.760950097256,786.3510666362703,-20.7417989148054,143.36198746102855,807.0928655510756,20,expanding,losing_streak_fitness,expanding,rep_2
52,2,0,53560,53560,86986,786.3510666362703,711.4006325229406,786.3510666362703,89.0,193.9706485061347,697.3510666362703,21,expanding,losing_streak_fitness,expanding,rep_2
53,2,0,53560,53560,86986,786.3510666362703,696.4601101580074,786.3510666362703,-20.7417989148054,209.38653327620256,807.0928655510756,22,expanding,losing_streak_fitness,expanding,rep_2
54,2,0,53560,53560,86986,786.3510666362703,717.5609115315877,786.3510666362703,-20.7417989148054,185.01936913729136,807.0928655510756,23,expanding,losing_streak_fitness,expanding,rep_2
55,2,0,53560,53560,86986,786.3510666362703,740.4378534000285,786.3510666362703,142.3024947075771,143.52325811402892,644.0485719286931,24,expanding,losing_streak_fitness,expanding,rep_2
56,2,0,53560,53560,86986,786.3510666362703,701.8355720416719,786.3510666362703,-20.7417989148054,202.5100966438463,807.0928655510756,25,expanding,losing_streak_fitness,expanding,rep_2
57,2,0,53560,53560,86986,786.3510666362703,734.8454333448215,786.3510666362703,-20.7417989148054,167.1135933052132,807.0928655510756,26,expanding,losing_streak_fitness,expanding,rep_2
58,2,0,53560,53560,86986,786.3510666362703,723.9545574737823,786.3510666362703,112.0059522227874,172.2724978478998,674.3451144134829,27,expanding,losing_streak_fitness,expanding,rep_2
59,2,0,53560,53560,86986,786.3510666362703,736.6818660400427,786.3510666362703,-20.7417989148054,163.5528230550491,807.0928655510756,28,expanding,losing_streak_fitness,expanding,rep_2
60,2,0,53560,53560,86986,786.3510666362703,726.1300497893601,786.3510666362703,-20.7417989148054,180.49864310066224,807.0928655510756,29,expanding,losing_streak_fitness,expanding,rep_2
61,2,0,53560,53560,86986,786.3510666362703,709.0587617050045,786.3510666362703,64.15605972938175,194.7048185840073,722.1950069068885,30,expanding,losing_streak_fitness,expanding,rep_2
62,2,0,53560,53560,86986,786.3510666362703,715.0141896797501,786.3510666362703,-20.7417989148054,189.65927331974137,807.0928655510756,31,expanding,losing_streak_fitness,expanding,rep_2
63,2,0,53560,53560,86986,786.3510666362703,705.4046446131492,786.3510666362703,142.3024947075771,179.9260833777583,644.0485719286931,32,expanding,losing_streak_fitness,expanding,rep_2
64,2,0,53560,53560,86986,786.3510666362703,695.3386463609751,786.3510666362703,-20.7417989148054,220.80508434832856,807.0928655510756,33,expanding,losing_streak_fitness,expanding,rep_2
65,2,0,53560,53560,86986,786.3510666362703,709.348197412158,786.3510666362703,64.15605972938175,199.85694781692249,722.1950069068885,34,expanding,losing_streak_fitness,expanding,rep_2
66,2,0,53560,53560,86986,786.3510666362703,733.7711365126042,786.3510666362703,89.0,158.53018469694177,697.3510666362703,35,expanding,losing_streak_fitness,expanding,rep_2
67,2,0,53560,53560,86986,786.3510666362703,723.9032622779563,786.3510666362703,64.15605972938175,164.91422004844267,722.1950069068885,36,expanding,losing_streak_fitness,expanding,rep_2
68,2,0,53560,53560,86986,786.3510666362703,692.8707635809224,786.3510666362703,-20.7417989148054,212.5422349454113,807.0928655510756,37,expanding,losing_streak_fitness,expanding,rep_2
69,2,0,53560,53560,86986,786.3510666362703,701.4700882681869,786.3510666362703,-20.7417989148054,199.7783037782544,807.0928655510756,38,expanding,losing_streak_fitness,expanding,rep_2
70,2,0,53560,53560,86986,786.3510666362703,701.1225995671163,786.3510666362703,89.0,198.6956843275621,697.3510666362703,39,expanding,losing_streak_fitness,expanding,rep_2
71,2,0,53560,53560,86986,786.3510666362703,728.3118904356066,786.3510666362703,89.0,175.59303897596556,697.3510666362703,40,expanding,losing_streak_fitness,expanding,rep_2
72,2,0,53560,53560,86986,786.3510666362703,715.3131005562931,786.3510666362703,64.15605972938175,194.02136759485197,722.1950069068885,41,expanding,losing_streak_fitness,expanding,rep_2
73,2,0,53560,53560,86986,786.3510666362703,732.596424858972,786.3510666362703,-20.7417989148054,177.6571306386059,807.0928655510756,42,expanding,losing_streak_fitness,expanding,rep_2
74,2,0,53560,53560,86986,786.3510666362703,698.994725225781,786.3510666362703,-20.7417989148054,214.1741476398672,807.0928655510756,43,expanding,losing_streak_fitness,expanding,rep_2
75,2,0,53560,53560,86986,786.3510666362703,714.547731860859,786.3510666362703,-20.7417989148054,198.07313759706096,807.0928655510756,44,expanding,losing_streak_fitness,expanding,rep_2
76,2,0,53560,53560,86986,786.3510666362703,697.4330375094843,786.3510666362703,-20.7417989148054,209.41276509678843,807.0928655510756,45,expanding,losing_streak_fitness,expanding,rep_2
77,2,0,53560,53560,86986,786.3510666362703,736.794808867058,786.3510666362703,-20.7417989148054,171.82618414458378,807.0928655510756,46,expanding,losing_streak_fitness,expanding,rep_2
78,2,0,53560,53560,86986,786.3510666362703,704.4988936429022,786.3510666362703,-20.7417989148054,194.0040254662788,807.0928655510756,47,expanding,losing_streak_fitness,expanding,rep_2
79,2,0,53560,53560,86986,786.3510666362703,699.5798913512392,786.3510666362703,64.15605972938175,202.90450877311736,722.1950069068885,48,expanding,losing_streak_fitness,expanding,rep_2
80,2,0,53560,53560,86986,786.3510666362703,660.6819461021041,786.3510666362703,-20.7417989148054,251.34111064528915,807.0928655510756,49,expanding,losing_streak_fitness,expanding,rep_2
81,2,0,53560,53560,86986,786.3510666362703,723.2790771736653,786.3510666362703,-20.7417989148054,181.068391226578,807.0928655510756,50,expanding,losing_streak_fitness,expanding,rep_2
82,2,0,53560,53560,86986,786.3510666362703,736.0329030313056,786.3510666362703,-20.7417989148054,165.61981137213905,807.0928655510756,51,expanding,losing_streak_fitness,expanding,rep_2
83,2,0,53560,53560,86986,786.3510666362703,715.7306437564895,786.3510666362703,-20.7417989148054,195.3505981416725,807.0928655510756,52,expanding,losing_streak_fitness,expanding,rep_2
84,2,0,53560,53560,86986,786.3510666362703,695.2563264167641,786.3510666362703,64.15605972938175,201.6190226707686,722.1950069068885,53,expanding,losing_streak_fitness,expanding,rep_2
85,2,0,53560,53560,86986,786.3510666362703,731.4677574657039,786.3510666362703,-20.7417989148054,171.5579275405348,807.0928655510756,54,expanding,losing_streak_fitness,expanding,rep_2
86,2,0,53560,53560,86986,786.3510666362703,744.2233844350432,786.3510666362703,-20.7417989148054,142.91579287870053,807.0928655510756,55,expanding,losing_streak_fitness,expanding,rep_2
87,2,0,53560,53560,86986,786.3510666362703,708.4452381077934,786.3510666362703,89.0,187.00816376111345,697.3510666362703,56,expanding,losing_streak_fitness,expanding,rep_2
88,2,0,53560,53560,86986,786.3510666362703,721.9133188804408,786.3510666362703,-20.7417989148054,192.34471930516892,807.0928655510756,57,expanding,losing_streak_fitness,expanding,rep_2
89,2,0,53560,53560,86986,786.3510666362703,678.5438143521882,786.3510666362703,-20.7417989148054,229.06392611909988,807.0928655510756,58,expanding,losing_streak_fitness,expanding,rep_2
90,2,0,53560,53560,86986,786.3510666362703,737.0435510016475,786.3510666362703,-20.7417989148054,152.09728166909107,807.0928655510756,59,expanding,losing_streak_fitness,expanding,rep_2
91,2,0,53560,53560,86986,786.3510666362703,694.2497775252397,786.3510666362703,-20.7417989148054,217.8948530018351,807.0928655510756,60,expanding,losing_streak_fitness,expanding,rep_2
92,2,0,53560,53560,86986,786.3510666362703,705.0694589317183,786.3510666362703,-20.7417989148054,210.6824789316854,807.0928655510756,61,expanding,losing_streak_fitness,expanding,rep_2
93,2,0,53560,53560,86986,786.3510666362703,696.7876811593949,786.3510666362703,64.15605972938175,208.63680837050023,722.1950069068885,62,expanding,losing_streak_fitness,expanding,rep_2
94,2,0,53560,53560,86986,786.3510666362703,725.1953221879517,786.3510666362703,64.15605972938175,173.37676401326246,722.1950069068885,63,expanding,losing_streak_fitness,expanding,rep_2
95,2,0,53560,53560,86986,786.3510666362703,719.8471787468784,786.3510666362703,-20.7417989148054,174.3337029473269,807.0928655510756,64,expanding,losing_streak_fitness,expanding,rep_2
96,2,0,53560,53560,86986,786.3510666362703,720.6655672258493,786.3510666362703,89.0,175.38044115515433,697.3510666362703,65,expanding,losing_streak_fitness,expanding,rep_2
97,2,0,53560,53560,86986,786.3510666362703,707.2382231102322,786.3510666362703,-20.7417989148054,207.32069459971495,807.0928655510756,66,expanding,losing_streak_fitness,expanding,rep_2
98,2,0,53560,53560,86986,786.3510666362703,708.1488714101102,786.3510666362703,-20.7417989148054,201.81453334226964,807.0928655510756,67,expanding,losing_streak_fitness,expanding,rep_2
99,2,0,53560,53560,86986,786.3510666362703,700.0060391939802,786.3510666362703,-20.7417989148054,201.19397417517277,807.0928655510756,68,expanding,losing_streak_fitness,expanding,rep_2
100,2,0,53560,53560,86986,786.3510666362703,727.6109825525098,786.3510666362703,89.0,162.73485524372057,697.3510666362703,69,expanding,losing_streak_fitness,expanding,rep_2
0,3,0,86986,86986,125287,234.1489910292163,-11666.703427809009,-1000.0,-417146.3982782304,46186.70427711854,417380.5472692596,0,expanding,losing_streak_fitness,expanding,rep_2
1,3,0,86986,86986,125287,391.3118960624632,-576.9038239453779,-302.7666215458295,-9805.317582255502,1138.18495591763,10196.629478317966,0,expanding,losing_streak_fitness,expanding,rep_2
2,3,0,86986,86986,125287,458.3939353874569,-183.73965878603664,-4.958581122869584,-2672.334163236327,477.0542724915628,3130.7280986237843,0,expanding,losing_streak_fitness,expanding,rep_2
3,3,0,86986,86986,125287,529.0897844411664,54.175746317211214,87.59065324950137,-1000.0,325.13870615362674,1529.0897844411666,0,expanding,losing_streak_fitness,expanding,rep_2
4,3,0,86986,86986,125287,525.4759747124506,132.1098025405748,228.499756886282,-1000.0,370.13044027698766,1525.4759747124506,1,expanding,losing_streak_fitness,expanding,rep_2
5,3,0,86986,86986,125287,529.0897844411664,205.1370200609359,301.8691769624716,-1000.0,379.8492984745275,1529.0897844411666,2,expanding,losing_streak_fitness,expanding,rep_2
6,3,0,86986,86986,125287,525.4759747124506,223.6598676879147,357.7708763999664,-1000.0,465.9271428130408,1525.4759747124506,3,expanding,losing_streak_fitness,expanding,rep_2
7,3,0,86986,86986,125287,525.4759747124506,397.30206561513694,458.3939353874569,-1000.0,296.7737398840962,1525.4759747124506,4,expanding,losing_streak_fitness,expanding,rep_2
8,3,0,86986,86986,125287,529.0897844411664,424.6284428631012,525.4759747124506,-1000.0,333.19370152967826,1529.0897844411666,5,expanding,losing_streak_fitness,expanding,rep_2
9,3,0,86986,86986,125287,529.0897844411664,438.9229757602654,525.4759747124506,-1000.0,335.0655315819522,1529.0897844411666,6,expanding,losing_streak_fitness,expanding,rep_2
10,3,0,86986,86986,125287,529.0897844411664,445.4731366096525,525.4759747124506,-1000.0,333.56984724199543,1529.0897844411666,7,expanding,losing_streak_fitness,expanding,rep_2
11,3,0,86986,86986,125287,529.0897844411664,475.4515351495923,525.4759747124506,-1000.0,227.69597481320304,1529.0897844411666,8,expanding,losing_streak_fitness,expanding,rep_2
12,3,0,86986,86986,125287,529.0897844411664,503.8021740367837,525.4759747124506,-1000.0,156.83482089852552,1529.0897844411666,9,expanding,losing_streak_fitness,expanding,rep_2
13,3,0,86986,86986,125287,529.0897844411664,430.0609704568431,525.4759747124506,-1000.0,340.2210487459829,1529.0897844411666,10,expanding,losing_streak_fitness,expanding,rep_2
14,3,0,86986,86986,125287,602.5744767246617,399.8762089649051,529.0897844411664,-1000.0,394.65053906423645,1602.5744767246615,0,expanding,losing_streak_fitness,expanding,rep_2
15,3,0,86986,86986,125287,602.5744767246617,486.0969225534929,529.0897844411664,-1000.0,226.2572746147029,1602.5744767246615,1,expanding,losing_streak_fitness,expanding,rep_2
16,3,0,86986,86986,125287,602.5744767246617,492.9439398652111,529.0897844411664,-1000.0,268.5099779011728,1602.5744767246615,2,expanding,losing_streak_fitness,expanding,rep_2
17,3,0,86986,86986,125287,602.5744767246617,539.5391397748826,565.8321305829141,-1000.0,164.12678842211605,1602.5744767246615,3,expanding,losing_streak_fitness,expanding,rep_2
18,3,0,86986,86986,125287,659.640053362438,548.8993063789422,602.5744767246617,-1000.0,229.97729432414124,1659.640053362438,0,expanding,losing_streak_fitness,expanding,rep_2
19,3,0,86986,86986,125287,659.640053362438,578.9553764805747,602.5744767246617,-1000.0,168.743038563858,1659.640053362438,1,expanding,losing_streak_fitness,expanding,rep_2
20,3,0,86986,86986,125287,659.640053362438,592.5461325515768,602.5744767246617,-1000.0,168.06017680716386,1659.640053362438,2,expanding,losing_streak_fitness,expanding,rep_2
21,3,0,86986,86986,125287,659.640053362438,614.4316917151723,602.5744767246617,179.19573407620817,78.7843495316274,480.4443192862298,3,expanding,losing_streak_fitness,expanding,rep_2
22,3,0,86986,86986,125287,659.640053362438,541.6618735696699,659.640053362438,-1000.0,364.14587270668153,1659.640053362438,4,expanding,losing_streak_fitness,expanding,rep_2
23,3,0,86986,86986,125287,659.640053362438,619.7960735757039,659.640053362438,-1000.0,234.1210883716902,1659.640053362438,5,expanding,losing_streak_fitness,expanding,rep_2
24,3,0,86986,86986,125287,659.640053362438,644.0716626749664,659.640053362438,210.818510677892,68.01364824077447,448.8215426845461,6,expanding,losing_streak_fitness,expanding,rep_2
25,3,0,86986,86986,125287,659.640053362438,652.5848004613115,659.640053362438,413.6725758374611,35.502001748530795,245.9674775249769,7,expanding,losing_streak_fitness,expanding,rep_2
26,3,0,86986,86986,125287,659.640053362438,619.8595874823523,659.640053362438,-1000.0,235.7072139611815,1659.640053362438,8,expanding,losing_streak_fitness,expanding,rep_2
27,3,0,86986,86986,125287,659.640053362438,634.6510541621309,659.640053362438,-1000.0,173.23628954551086,1659.640053362438,9,expanding,losing_streak_fitness,expanding,rep_2
28,3,0,86986,86986,125287,659.640053362438,608.5601879851148,659.640053362438,-1000.0,241.40366471398127,1659.640053362438,10,expanding,losing_streak_fitness,expanding,rep_2
29,3,0,86986,86986,125287,659.640053362438,618.2739654053127,659.640053362438,-1000.0,236.42863339468775,1659.640053362438,11,expanding,losing_streak_fitness,expanding,rep_2
30,3,0,86986,86986,125287,659.640053362438,638.6517753406035,659.640053362438,210.818510677892,85.7552822131649,448.8215426845461,12,expanding,losing_streak_fitness,expanding,rep_2
31,3,0,86986,86986,125287,659.640053362438,649.6359678908426,659.640053362438,391.3118960624632,44.17103148848117,268.3281572999748,13,expanding,losing_streak_fitness,expanding,rep_2
32,3,0,86986,86986,125287,659.640053362438,576.3465320533029,659.640053362438,-1000.0,330.9618443480674,1659.640053362438,14,expanding,losing_streak_fitness,expanding,rep_2
33,3,0,86986,86986,125287,659.640053362438,622.4398013772641,659.640053362438,-1000.0,234.37566681156693,1659.640053362438,15,expanding,losing_streak_fitness,expanding,rep_2
34,3,0,86986,86986,125287,659.640053362438,629.9349369165917,659.640053362438,-1000.0,175.9781600784047,1659.640053362438,16,expanding,losing_streak_fitness,expanding,rep_2
35,3,0,86986,86986,125287,659.640053362438,648.5875382069568,659.640053362438,210.818510677892,60.05081793305568,448.8215426845461,17,expanding,losing_streak_fitness,expanding,rep_2
36,3,0,86986,86986,125287,659.640053362438,653.8032069593677,659.640053362438,200.10302901810917,46.44143473746393,459.53702434432887,18,expanding,losing_streak_fitness,expanding,rep_2
37,3,0,86986,86986,125287,659.640053362438,629.8772301670891,659.640053362438,-1000.0,178.1481603379587,1659.640053362438,19,expanding,losing_streak_fitness,expanding,rep_2
38,3,0,86986,86986,125287,659.640053362438,608.9767990633551,659.640053362438,-1000.0,284.4355001401023,1659.640053362438,20,expanding,losing_streak_fitness,expanding,rep_2
39,3,0,86986,86986,125287,659.640053362438,648.9215697174234,659.640053362438,336.58282784479667,52.78349485174051,323.05722551764137,21,expanding,losing_streak_fitness,expanding,rep_2
40,3,0,86986,86986,125287,659.640053362438,611.6774191927892,659.640053362438,-1000.0,242.39052248894384,1659.640053362438,22,expanding,losing_streak_fitness,expanding,rep_2
41,3,0,86986,86986,125287,659.640053362438,601.4582530948821,659.640053362438,-1000.0,287.86594493098323,1659.640053362438,23,expanding,losing_streak_fitness,expanding,rep_2
42,3,0,86986,86986,125287,659.640053362438,637.2706250728942,659.640053362438,-1000.0,169.01951479942758,1659.640053362438,24,expanding,losing_streak_fitness,expanding,rep_2
43,3,0,86986,86986,125287,659.640053362438,539.865276900984,659.640053362438,-1000.0,398.9831934849622,1659.640053362438,25,expanding,losing_streak_fitness,expanding,rep_2
44,3,0,86986,86986,125287,659.640053362438,630.1952055614114,659.640053362438,-1000.0,176.2199185866923,1659.640053362438,26,expanding,losing_streak_fitness,expanding,rep_2
45,3,0,86986,86986,125287,659.640053362438,589.1264611903532,659.640053362438,-1000.0,327.19458382154403,1659.640053362438,27,expanding,losing_streak_fitness,expanding,rep_2
46,3,0,86986,86986,125287,659.640053362438,628.9483737705923,659.640053362438,-1000.0,181.28976074027256,1659.640053362438,28,expanding,losing_streak_fitness,expanding,rep_2
47,3,0,86986,86986,125287,659.640053362438,659.6400533624386,659.640053362438,659.640053362438,0.0,0.0,29,expanding,losing_streak_fitness,expanding,rep_2
48,3,0,86986,86986,125287,659.640053362438,609.6177097854736,659.640053362438,-1000.0,242.30206988142976,1659.640053362438,30,expanding,losing_streak_fitness,expanding,rep_2
49,3,0,86986,86986,125287,659.640053362438,632.0842245702835,659.640053362438,-1000.0,175.17138871934884,1659.640053362438,31,expanding,losing_streak_fitness,expanding,rep_2
50,3,0,86986,86986,125287,659.640053362438,602.3892217907131,659.640053362438,-1000.0,286.37678343624964,1659.640053362438,32,expanding,losing_streak_fitness,expanding,rep_2
51,3,0,86986,86986,125287,659.640053362438,602.7221574947498,659.640053362438,-1000.0,245.58354604944748,1659.640053362438,33,expanding,losing_streak_fitness,expanding,rep_2
52,3,0,86986,86986,125287,659.640053362438,620.4880648433582,659.640053362438,-1000.0,186.43801908075264,1659.640053362438,34,expanding,losing_streak_fitness,expanding,rep_2
53,3,0,86986,86986,125287,659.640053362438,612.5605611731196,659.640053362438,-1000.0,240.37204142849228,1659.640053362438,35,expanding,losing_streak_fitness,expanding,rep_2
54,3,0,86986,86986,125287,659.640053362438,582.3183880536112,659.640053362438,-1000.0,330.2617528733481,1659.640053362438,36,expanding,losing_streak_fitness,expanding,rep_2
55,3,0,86986,86986,125287,659.640053362438,597.9403633797189,659.640053362438,-1000.0,287.5044520363771,1659.640053362438,37,expanding,losing_streak_fitness,expanding,rep_2
56,3,0,86986,86986,125287,659.640053362438,597.5589274008457,659.640053362438,-1000.0,249.8392759566553,1659.640053362438,38,expanding,losing_streak_fitness,expanding,rep_2
57,3,0,86986,86986,125287,659.640053362438,585.2019113401598,659.640053362438,-1000.0,329.360576081617,1659.640053362438,39,expanding,losing_streak_fitness,expanding,rep_2
58,3,0,86986,86986,125287,659.640053362438,628.83930217977,659.640053362438,-1000.0,175.96849475265643,1659.640053362438,40,expanding,losing_streak_fitness,expanding,rep_2
59,3,0,86986,86986,125287,659.640053362438,619.771795981327,659.640053362438,-1000.0,183.44683298885116,1659.640053362438,41,expanding,losing_streak_fitness,expanding,rep_2
60,3,0,86986,86986,125287,659.640053362438,636.4967370015561,659.640053362438,-1000.0,169.32245785397112,1659.640053362438,42,expanding,losing_streak_fitness,expanding,rep_2
61,3,0,86986,86986,125287,659.640053362438,556.5841060235647,659.640053362438,-1000.0,396.0682306819179,1659.640053362438,43,expanding,losing_streak_fitness,expanding,rep_2
62,3,0,86986,86986,125287,659.640053362438,603.2267329840922,659.640053362438,-1000.0,287.02877597931814,1659.640053362438,44,expanding,losing_streak_fitness,expanding,rep_2
63,3,0,86986,86986,125287,659.640053362438,610.8992361005072,659.640053362438,-1000.0,240.5875337380628,1659.640053362438,45,expanding,losing_streak_fitness,expanding,rep_2
64,3,0,86986,86986,125287,659.640053362438,623.0922266919185,659.640053362438,-1000.0,182.9693673112928,1659.640053362438,46,expanding,losing_streak_fitness,expanding,rep_2
65,3,0,86986,86986,125287,659.640053362438,617.136948893501,659.640053362438,-1000.0,238.09602670814888,1659.640053362438,47,expanding,losing_streak_fitness,expanding,rep_2
66,3,0,86986,86986,125287,659.640053362438,632.2076667411611,659.640053362438,-1000.0,175.15473198658609,1659.640053362438,48,expanding,losing_streak_fitness,expanding,rep_2
67,3,0,86986,86986,125287,659.640053362438,647.5653738241351,659.640053362438,336.58282784479667,54.91431915715424,323.05722551764137,49,expanding,losing_streak_fitness,expanding,rep_2
68,3,0,86986,86986,125287,659.640053362438,603.5406738077431,659.640053362438,-1000.0,243.0185167824294,1659.640053362438,50,expanding,losing_streak_fitness,expanding,rep_2
69,3,0,86986,86986,125287,659.640053362438,615.0273136782904,659.640053362438,-1000.0,239.5670292193834,1659.640053362438,51,expanding,losing_streak_fitness,expanding,rep_2
70,3,0,86986,86986,125287,659.640053362438,627.2580626638699,659.640053362438,-1000.0,180.50430831651124,1659.640053362438,52,expanding,losing_streak_fitness,expanding,rep_2
71,3,0,86986,86986,125287,659.640053362438,625.0395864701824,659.640053362438,-1000.0,183.13689755014877,1659.640053362438,53,expanding,losing_streak_fitness,expanding,rep_2
72,3,0,86986,86986,125287,659.640053362438,600.4771331202697,659.640053362438,-1000.0,288.4313107694915,1659.640053362438,54,expanding,losing_streak_fitness,expanding,rep_2
73,3,0,86986,86986,125287,659.640053362438,607.8916002334375,659.640053362438,-1000.0,243.6407244571264,1659.640053362438,55,expanding,losing_streak_fitness,expanding,rep_2
74,3,0,86986,86986,125287,659.640053362438,602.592574437912,659.640053362438,-1000.0,287.9720305135436,1659.640053362438,56,expanding,losing_streak_fitness,expanding,rep_2
75,3,0,86986,86986,125287,659.640053362438,574.3321664566531,659.640053362438,-1000.0,331.898303823146,1659.640053362438,57,expanding,losing_streak_fitness,expanding,rep_2
76,3,0,86986,86986,125287,659.640053362438,641.5951824862732,659.640053362438,336.58282784479667,71.51429757738362,323.05722551764137,58,expanding,losing_streak_fitness,expanding,rep_2
77,3,0,86986,86986,125287,659.640053362438,648.4437215432893,659.640053362438,210.818510677892,60.22075916055173,448.8215426845461,59,expanding,losing_streak_fitness,expanding,rep_2
78,3,0,86986,86986,125287,659.640053362438,613.0372517504688,659.640053362438,-1000.0,240.2226197438511,1659.640053362438,60,expanding,losing_streak_fitness,expanding,rep_2
79,3,0,86986,86986,125287,659.640053362438,637.9049915015086,659.640053362438,-1000.0,171.47658279301376,1659.640053362438,61,expanding,losing_streak_fitness,expanding,rep_2
80,3,0,86986,86986,125287,659.640053362438,606.1700753194777,659.640053362438,-1000.0,285.0390896233579,1659.640053362438,62,expanding,losing_streak_fitness,expanding,rep_2
81,3,0,86986,86986,125287,659.640053362438,596.8415847216276,659.640053362438,-1000.0,250.51033539453556,1659.640053362438,63,expanding,losing_streak_fitness,expanding,rep_2
82,3,0,86986,86986,125287,659.640053362438,591.9959719594458,659.640053362438,-1000.0,293.23708488559635,1659.640053362438,64,expanding,losing_streak_fitness,expanding,rep_2
83,3,0,86986,86986,125287,659.640053362438,638.9390278754275,659.640053362438,-1000.0,168.73955981951963,1659.640053362438,65,expanding,losing_streak_fitness,expanding,rep_2
84,3,0,86986,86986,125287,659.640053362438,617.7309697440799,659.640053362438,-1000.0,238.74988701353047,1659.640053362438,66,expanding,losing_streak_fitness,expanding,rep_2
85,3,0,86986,86986,125287,659.640053362438,619.1673814190956,659.640053362438,-1000.0,183.72426152744012,1659.640053362438,67,expanding,losing_streak_fitness,expanding,rep_2
86,3,0,86986,86986,125287,659.640053362438,586.546334835637,659.640053362438,-1000.0,328.1948440292061,1659.640053362438,68,expanding,losing_streak_fitness,expanding,rep_2
87,3,0,86986,86986,125287,659.640053362438,616.261712107997,659.640053362438,-1000.0,239.2394608086705,1659.640053362438,69,expanding,losing_streak_fitness,expanding,rep_2
88,3,0,86986,86986,125287,659.640053362438,634.1241379727439,659.640053362438,-1000.0,174.06860973106728,1659.640053362438,70,expanding,losing_streak_fitness,expanding,rep_2
89,3,0,86986,86986,125287,659.640053362438,631.6370109747834,659.640053362438,-1000.0,174.86883566240027,1659.640053362438,71,expanding,losing_streak_fitness,expanding,rep_2
90,3,0,86986,86986,125287,659.640053362438,629.7550696958324,659.640053362438,-1000.0,177.0782416718048,1659.640053362438,72,expanding,losing_streak_fitness,expanding,rep_2
91,3,0,86986,86986,125287,659.640053362438,591.8623183950857,659.640053362438,-1000.0,289.2575240441574,1659.640053362438,73,expanding,losing_streak_fitness,expanding,rep_2
92,3,0,86986,86986,125287,659.640053362438,596.7572916841672,659.640053362438,-1000.0,246.85113754507125,1659.640053362438,74,expanding,losing_streak_fitness,expanding,rep_2
93,3,0,86986,86986,125287,659.640053362438,633.125251133928,659.640053362438,-1000.0,172.5735281050588,1659.640053362438,75,expanding,losing_streak_fitness,expanding,rep_2
94,3,0,86986,86986,125287,659.640053362438,631.5001845008416,659.640053362438,-1000.0,174.61117386997535,1659.640053362438,76,expanding,losing_streak_fitness,expanding,rep_2
95,3,0,86986,86986,125287,659.640053362438,616.9396102311681,659.640053362438,-1000.0,238.689269651417,1659.640053362438,77,expanding,losing_streak_fitness,expanding,rep_2
96,3,0,86986,86986,125287,659.640053362438,567.0464173151852,659.640053362438,-1000.0,334.7426110543095,1659.640053362438,78,expanding,losing_streak_fitness,expanding,rep_2
97,3,0,86986,86986,125287,659.640053362438,636.3329914478941,659.640053362438,210.818510677892,82.84967791564912,448.8215426845461,79,expanding,losing_streak_fitness,expanding,rep_2
98,3,0,86986,86986,125287,659.640053362438,626.913916746458,659.640053362438,-1000.0,180.4648471157344,1659.640053362438,80,expanding,losing_streak_fitness,expanding,rep_2
99,3,0,86986,86986,125287,659.640053362438,641.427913198209,659.640053362438,336.58282784479667,67.25649809161247,323.05722551764137,81,expanding,losing_streak_fitness,expanding,rep_2
100,3,0,86986,86986,125287,659.640053362438,617.6044040966511,659.640053362438,-1000.0,187.10404217908305,1659.640053362438,82,expanding,losing_streak_fitness,expanding,rep_2
0,4,0,125287,125287,130699,100.25467570143547,-7986.526424515912,-1054.3717164502532,-117237.71818983012,18669.53184222631,117337.97286553156,0,expanding,losing_streak_fitness,expanding,rep_2
1,4,0,125287,125287,130699,167.4895519129477,-871.2894252302234,-271.90445254003225,-14863.6480944195,2235.146599123369,15031.137646332449,0,expanding,losing_streak_fitness,expanding,rep_2
2,4,0,125287,125287,130699,746.4606486614013,-205.7290357550054,-80.05998548190405,-2778.932478263911,500.93653210915625,3525.393126925312,0,expanding,losing_streak_fitness,expanding,rep_2
3,4,0,125287,125287,130699,746.4606486614013,-49.22687439164741,10.56196538907648,-1978.2523028051096,377.2250647964536,2724.7129514665107,1,expanding,losing_streak_fitness,expanding,rep_2
4,4,0,125287,125287,130699,877.4186571984892,53.53849960584306,103.82899101385706,-2588.270250358121,454.4398233750081,3465.68890755661,0,expanding,losing_streak_fitness,expanding,rep_2
5,4,0,125287,125287,130699,1024.0,243.10110110692648,207.82868310708173,-1273.5219542547156,329.753564148166,2297.521954254716,0,expanding,losing_streak_fitness,expanding,rep_2
6,4,0,125287,125287,130699,1264.0,399.4037602495883,292.4643616046177,-1000.0,349.7860147852704,2264.0,0,expanding,losing_streak_fitness,expanding,rep_2
7,4,0,125287,125287,130699,1384.0,568.3492151160987,562.168690058607,-240.75506225207397,369.8151689540704,1624.755062252074,0,expanding,losing_streak_fitness,expanding,rep_2
8,4,0,125287,125287,130699,1384.0,808.1712206896597,877.4186571984892,7.055336829505575,343.6649350135943,1376.9446631704943,1,expanding,losing_streak_fitness,expanding,rep_2
9,4,0,125287,125287,130699,1384.0,1038.96728354983,1024.0,-1000.0,344.2782824070168,2384.0,2,expanding,losing_streak_fitness,expanding,rep_2
10,4,0,125287,125287,130699,1384.0,1155.3746768497044,1264.0,220.2776429872083,314.7719243520071,1163.7223570127917,3,expanding,losing_streak_fitness,expanding,rep_2
11,4,0,125287,125287,130699,1384.0,1296.4410076110505,1384.0,309.83866769659335,218.4695928832905,1074.1613323034069,4,expanding,losing_streak_fitness,expanding,rep_2
12,4,0,125287,125287,130699,1384.0,1276.4944726700733,1384.0,309.83866769659335,292.7102556805233,1074.1613323034069,5,expanding,losing_streak_fitness,expanding,rep_2
13,4,0,125287,125287,130699,1384.0,1306.692656981991,1384.0,309.83866769659335,250.6583448597383,1074.1613323034069,6,expanding,losing_streak_fitness,expanding,rep_2
14,4,0,125287,125287,130699,1384.0,1300.4824065716484,1384.0,291.6639161775073,263.7123635794505,1092.3360838224926,7,expanding,losing_streak_fitness,expanding,rep_2
15,4,0,125287,125287,130699,1384.0,1339.093891855956,1384.0,317.4538706646998,194.41014720513064,1066.5461293353,8,expanding,losing_streak_fitness,expanding,rep_2
16,4,0,125287,125287,130699,1384.0,1328.4693918036503,1384.0,291.6639161775073,214.87696110534247,1092.3360838224926,9,expanding,losing_streak_fitness,expanding,rep_2
17,4,0,125287,125287,130699,1384.0,1321.853394922386,1384.0,309.83866769659335,234.7385562398601,1074.1613323034069,10,expanding,losing_streak_fitness,expanding,rep_2
18,4,0,125287,125287,130699,1384.0,1330.3523762883333,1384.0,309.83866769659335,198.46887939190347,1074.1613323034069,11,expanding,losing_streak_fitness,expanding,rep_2
19,4,0,125287,125287,130699,1384.0,1332.181681586835,1384.0,355.0234734023465,212.92167252485112,1028.9765265976534,12,expanding,losing_streak_fitness,expanding,rep_2
20,4,0,125287,125287,130699,1384.0,1350.0987787770014,1384.0,291.6639161775073,175.0900565149837,1092.3360838224926,13,expanding,losing_streak_fitness,expanding,rep_2
21,4,0,125287,125287,130699,1384.0,1340.0236125690803,1384.0,309.83866769659335,189.69068679620688,1074.1613323034069,14,expanding,losing_streak_fitness,expanding,rep_2
22,4,0,125287,125287,130699,1384.0,1343.6398431889488,1384.0,355.0234734023465,178.02067880634,1028.9765265976534,15,expanding,losing_streak_fitness,expanding,rep_2
23,4,0,125287,125287,130699,1384.0,1340.7122422803693,1384.0,317.4538706646998,191.5043396916924,1066.5461293353,16,expanding,losing_streak_fitness,expanding,rep_2
24,4,0,125287,125287,130699,1384.0,1321.592621934778,1384.0,309.83866769659335,231.1134918360349,1074.1613323034069,17,expanding,losing_streak_fitness,expanding,rep_2
25,4,0,125287,125287,130699,1384.0,1318.6355548542858,1384.0,291.6639161775073,233.45450001351853,1092.3360838224926,18,expanding,losing_streak_fitness,expanding,rep_2
26,4,0,125287,125287,130699,1384.0,1300.6104055696044,1384.0,291.6639161775073,277.3600190955114,1092.3360838224926,19,expanding,losing_streak_fitness,expanding,rep_2
27,4,0,125287,125287,130699,1384.0,1292.3224343565153,1384.0,355.0234734023465,267.34444084031713,1028.9765265976534,20,expanding,losing_streak_fitness,expanding,rep_2
28,4,0,125287,125287,130699,1384.0,1278.1635337416055,1384.0,291.6639161775073,295.76582216700695,1092.3360838224926,21,expanding,losing_streak_fitness,expanding,rep_2
29,4,0,125287,125287,130699,1384.0,1356.2494329191093,1384.0,355.0234734023465,153.62933344320538,1028.9765265976534,22,expanding,losing_streak_fitness,expanding,rep_2
30,4,0,125287,125287,130699,1384.0,1330.154360939336,1384.0,309.83866769659335,207.76686885060963,1074.1613323034069,23,expanding,losing_streak_fitness,expanding,rep_2
31,4,0,125287,125287,130699,1384.0,1353.0987240761326,1384.0,309.83866769659335,166.87051928246035,1074.1613323034069,24,expanding,losing_streak_fitness,expanding,rep_2
32,4,0,125287,125287,130699,1384.0,1248.0432718975774,1384.0,291.6639161775073,332.9082713135046,1092.3360838224926,25,expanding,losing_streak_fitness,expanding,rep_2
33,4,0,125287,125287,130699,1384.0,1293.5097938996971,1384.0,309.83866769659335,274.20788843447235,1074.1613323034069,26,expanding,losing_streak_fitness,expanding,rep_2
34,4,0,125287,125287,130699,1384.0,1303.222868483304,1384.0,309.83866769659335,247.29351158260764,1074.1613323034069,27,expanding,losing_streak_fitness,expanding,rep_2
35,4,0,125287,125287,130699,1384.0,1336.1270676354532,1384.0,309.83866769659335,196.7980150282915,1074.1613323034069,28,expanding,losing_streak_fitness,expanding,rep_2
36,4,0,125287,125287,130699,1384.0,1373.7102347340233,1384.0,355.0234734023465,102.89765265976534,1028.9765265976534,29,expanding,losing_streak_fitness,expanding,rep_2
37,4,0,125287,125287,130699,1384.0,1315.273004468463,1384.0,355.0234734023465,232.8881090106944,1028.9765265976534,30,expanding,losing_streak_fitness,expanding,rep_2
38,4,0,125287,125287,130699,1384.0,1265.362057469334,1384.0,317.4538706646998,300.9733253004296,1066.5461293353,31,expanding,losing_streak_fitness,expanding,rep_2
39,4,0,125287,125287,130699,1384.0,1328.4261374156629,1384.0,309.83866769659335,219.97672611259435,1074.1613323034069,32,expanding,losing_streak_fitness,expanding,rep_2
40,4,0,125287,125287,130699,1384.0,1313.8526691346476,1384.0,309.83866769659335,235.1428152780017,1074.1613323034069,33,expanding,losing_streak_fitness,expanding,rep_2
41,4,0,125287,125287,130699,1384.0,1305.0417116142007,1384.0,317.4538706646998,235.9331331406144,1066.5461293353,34,expanding,losing_streak_fitness,expanding,rep_2
42,4,0,125287,125287,130699,1384.0,1311.5998855394014,1384.0,309.83866769659335,238.02271965171747,1074.1613323034069,35,expanding,losing_streak_fitness,expanding,rep_2
43,4,0,125287,125287,130699,1384.0,1306.4353285806158,1384.0,309.83866769659335,242.76096872862732,1074.1613323034069,36,expanding,losing_streak_fitness,expanding,rep_2
44,4,0,125287,125287,130699,1384.0,1320.0292042724077,1384.0,291.6639161775073,225.25232750200632,1092.3360838224926,37,expanding,losing_streak_fitness,expanding,rep_2
45,4,0,125287,125287,130699,1384.0,1317.9492852183275,1384.0,309.83866769659335,227.72564427592928,1074.1613323034069,38,expanding,losing_streak_fitness,expanding,rep_2
46,4,0,125287,125287,130699,1384.0,1347.6134926070713,1384.0,309.83866769659335,181.62909316760775,1074.1613323034069,39,expanding,losing_streak_fitness,expanding,rep_2
47,4,0,125287,125287,130699,1384.0,1323.6221167414128,1384.0,355.0234734023465,223.6154604399992,1028.9765265976534,40,expanding,losing_streak_fitness,expanding,rep_2
48,4,0,125287,125287,130699,1384.0,1301.7281634579376,1384.0,277.47453937253414,265.6539824236287,1106.525460627466,41,expanding,losing_streak_fitness,expanding,rep_2
49,4,0,125287,125287,130699,1384.0,1348.8482841070331,1384.0,317.4538706646998,177.11541842144928,1066.5461293353,42,expanding,losing_streak_fitness,expanding,rep_2
50,4,0,125287,125287,130699,1384.0,1337.698229865915,1384.0,309.83866769659335,204.82503615186,1074.1613323034069,43,expanding,losing_streak_fitness,expanding,rep_2
51,4,0,125287,125287,130699,1384.0,1287.63114943778,1384.0,309.83866769659335,271.490698618479,1074.1613323034069,44,expanding,losing_streak_fitness,expanding,rep_2
52,4,0,125287,125287,130699,1384.0,1329.042196439372,1384.0,309.83866769659335,202.42529507068764,1074.1613323034069,45,expanding,losing_streak_fitness,expanding,rep_2
53,4,0,125287,125287,130699,1384.0,1309.7514879113496,1384.0,256.5618833731932,251.02845677018985,1127.4381166268067,46,expanding,losing_streak_fitness,expanding,rep_2
54,4,0,125287,125287,130699,1384.0,1245.1732085247495,1384.0,291.6639161775073,322.84603637682034,1092.3360838224926,47,expanding,losing_streak_fitness,expanding,rep_2
55,4,0,125287,125287,130699,1384.0,1297.9472891548344,1384.0,355.0234734023465,251.1801664190587,1028.9765265976534,48,expanding,losing_streak_fitness,expanding,rep_2
56,4,0,125287,125287,130699,1384.0,1320.4294303810375,1384.0,305.0,223.48536446843843,1079.0,49,expanding,losing_streak_fitness,expanding,rep_2
57,4,0,125287,125287,130699,1384.0,1290.2731220522903,1384.0,317.4538706646998,277.8382188758711,1066.5461293353,50,expanding,losing_streak_fitness,expanding,rep_2
58,4,0,125287,125287,130699,1384.0,1303.9152685743295,1384.0,309.83866769659335,251.3011541547868,1074.1613323034069,51,expanding,losing_streak_fitness,expanding,rep_2
59,4,0,125287,125287,130699,1384.0,1276.6979753422886,1384.0,309.83866769659335,284.8823979728486,1074.1613323034069,52,expanding,losing_streak_fitness,expanding,rep_2
60,4,0,125287,125287,130699,1384.0,1312.0190981981798,1384.0,309.83866769659335,239.74891319254107,1074.1613323034069,53,expanding,losing_streak_fitness,expanding,rep_2
61,4,0,125287,125287,130699,1384.0,1325.2960926155365,1384.0,309.83866769659335,217.23304167994743,1074.1613323034069,54,expanding,losing_streak_fitness,expanding,rep_2
62,4,0,125287,125287,130699,1384.0,1358.0248711960814,1384.0,557.907250356186,136.7560469472283,826.092749643814,55,expanding,losing_streak_fitness,expanding,rep_2
63,4,0,125287,125287,130699,1384.0,1320.0477437999664,1384.0,475.1904881202905,219.00293952220787,908.8095118797096,56,expanding,losing_streak_fitness,expanding,rep_2
64,4,0,125287,125287,130699,1384.0,1287.3750269675909,1384.0,291.6639161775073,294.0010758475606,1092.3360838224926,57,expanding,losing_streak_fitness,expanding,rep_2
65,4,0,125287,125287,130699,1384.0,1292.410495746988,1384.0,309.83866769659335,274.352619662201,1074.1613323034069,58,expanding,losing_streak_fitness,expanding,rep_2
66,4,0,125287,125287,130699,1384.0,1338.3045885949737,1384.0,317.4538706646998,196.16501954880803,1066.5461293353,59,expanding,losing_streak_fitness,expanding,rep_2
67,4,0,125287,125287,130699,1384.0,1281.2003106341683,1384.0,309.83866769659335,292.0741727893304,1074.1613323034069,60,expanding,losing_streak_fitness,expanding,rep_2
68,4,0,125287,125287,130699,1384.0,1342.8066054512,1384.0,317.4538706646998,193.5166743612804,1066.5461293353,61,expanding,losing_streak_fitness,expanding,rep_2
69,4,0,125287,125287,130699,1384.0,1301.199006045856,1384.0,309.83866769659335,268.9113491302949,1074.1613323034069,62,expanding,losing_streak_fitness,expanding,rep_2
70,4,0,125287,125287,130699,1384.0,1341.0486809584877,1384.0,475.1904881202905,183.7647274370173,908.8095118797096,63,expanding,losing_streak_fitness,expanding,rep_2
71,4,0,125287,125287,130699,1384.0,1260.5624920323964,1384.0,309.83866769659335,309.3153491175926,1074.1613323034069,64,expanding,losing_streak_fitness,expanding,rep_2
72,4,0,125287,125287,130699,1384.0,1279.5767465856743,1384.0,309.83866769659335,295.0582049476965,1074.1613323034069,65,expanding,losing_streak_fitness,expanding,rep_2
73,4,0,125287,125287,130699,1384.0,1285.4066624546049,1384.0,309.83866769659335,278.60438807881394,1074.1613323034069,66,expanding,losing_streak_fitness,expanding,rep_2
74,4,0,125287,125287,130699,1384.0,1328.4554365654078,1384.0,309.83866769659335,214.993141425673,1074.1613323034069,67,expanding,losing_streak_fitness,expanding,rep_2
75,4,0,125287,125287,130699,1384.0,1295.5754723244413,1384.0,291.6639161775073,273.74058139718807,1092.3360838224926,68,expanding,losing_streak_fitness,expanding,rep_2
76,4,0,125287,125287,130699,1384.0,1274.8913585272635,1384.0,291.6639161775073,297.2935508808593,1092.3360838224926,69,expanding,losing_streak_fitness,expanding,rep_2
77,4,0,125287,125287,130699,1384.0,1302.2501238346963,1384.0,305.0,257.2622184042113,1079.0,70,expanding,losing_streak_fitness,expanding,rep_2
78,4,0,125287,125287,130699,1384.0,1299.5285985371756,1384.0,309.83866769659335,254.4601433682031,1074.1613323034069,71,expanding,losing_streak_fitness,expanding,rep_2
79,4,0,125287,125287,130699,1384.0,1279.3657543661618,1384.0,305.0,281.0463494383984,1079.0,72,expanding,losing_streak_fitness,expanding,rep_2
80,4,0,125287,125287,130699,1384.0,1335.3331738241366,1384.0,309.83866769659335,204.36672297453896,1074.1613323034069,73,expanding,losing_streak_fitness,expanding,rep_2
81,4,0,125287,125287,130699,1384.0,1312.160572203916,1384.0,305.0,247.9882117644328,1079.0,74,expanding,losing_streak_fitness,expanding,rep_2
82,4,0,125287,125287,130699,1384.0,1335.0776669607635,1384.0,355.0234734023465,195.75760084273696,1028.9765265976534,75,expanding,losing_streak_fitness,expanding,rep_2
83,4,0,125287,125287,130699,1384.0,1309.1620162626489,1384.0,309.83866769659335,262.25817100271973,1074.1613323034069,76,expanding,losing_streak_fitness,expanding,rep_2
84,4,0,125287,125287,130699,1384.0,1325.7439908646174,1384.0,305.0,229.05598029178685,1079.0,77,expanding,losing_streak_fitness,expanding,rep_2
85,4,0,125287,125287,130699,1384.0,1307.6975829066912,1384.0,309.83866769659335,250.9713959090396,1074.1613323034069,78,expanding,losing_streak_fitness,expanding,rep_2
86,4,0,125287,125287,130699,1384.0,1281.753444340534,1384.0,305.0,293.8300872349345,1079.0,79,expanding,losing_streak_fitness,expanding,rep_2
87,4,0,125287,125287,130699,1384.0,1315.0848895715558,1384.0,305.0,250.51206793763907,1079.0,80,expanding,losing_streak_fitness,expanding,rep_2
88,4,0,125287,125287,130699,1384.0,1317.382016262649,1384.0,309.83866769659335,250.6748121415048,1074.1613323034069,81,expanding,losing_streak_fitness,expanding,rep_2
89,4,0,125287,125287,130699,1384.0,1321.9341312235777,1384.0,309.83866769659335,226.5736491542552,1074.1613323034069,82,expanding,losing_streak_fitness,expanding,rep_2
90,4,0,125287,125287,130699,1384.0,1329.5568123298372,1384.0,309.83866769659335,210.55281176376528,1074.1613323034069,83,expanding,losing_streak_fitness,expanding,rep_2
91,4,0,125287,125287,130699,1384.0,1373.7102347340233,1384.0,355.0234734023465,102.89765265976534,1028.9765265976534,84,expanding,losing_streak_fitness,expanding,rep_2
92,4,0,125287,125287,130699,1384.0,1313.3976843243092,1384.0,355.0234734023465,236.40226618937032,1028.9765265976534,85,expanding,losing_streak_fitness,expanding,rep_2
93,4,0,125287,125287,130699,1384.0,1332.735117947355,1384.0,309.83866769659335,219.72521285649327,1074.1613323034069,86,expanding,losing_streak_fitness,expanding,rep_2
94,4,0,125287,125287,130699,1384.0,1325.9085832738026,1384.0,309.83866769659335,223.7768045899123,1074.1613323034069,87,expanding,losing_streak_fitness,expanding,rep_2
95,4,0,125287,125287,130699,1384.0,1301.7344540538406,1384.0,309.83866769659335,255.4912040546766,1074.1613323034069,88,expanding,losing_streak_fitness,expanding,rep_2
96,4,0,125287,125287,130699,1384.0,1336.261312060579,1384.0,305.0,213.1227310140548,1079.0,89,expanding,losing_streak_fitness,expanding,rep_2
97,4,0,125287,125287,130699,1384.0,1328.0164367227574,1384.0,355.0234734023465,210.36467298354643,1028.9765265976534,90,expanding,losing_streak_fitness,expanding,rep_2
98,4,0,125287,125287,130699,1384.0,1319.1582506001746,1384.0,291.6639161775073,231.75630353210724,1092.3360838224926,91,expanding,losing_streak_fitness,expanding,rep_2
99,4,0,125287,125287,130699,1384.0,1291.2710143764716,1384.0,305.0,285.8452296570093,1079.0,92,expanding,losing_streak_fitness,expanding,rep_2
100,4,0,125287,125287,130699,1384.0,1311.7218508060212,1384.0,309.83866769659335,236.99878178148435,1074.1613323034069,93,expanding,losing_streak_fitness,expanding,rep_2
0,1,0,22406,22406,53560,-15.75,-1968.4282186390244,-1000.0,-30077.8966144576,3981.4741855209286,30062.1466144576,0,expanding,losing_streak_fitness,expanding,rep_3
1,1,0,22406,22406,53560,-7.462405778299649,-829.1030421576381,-1000.0,-4108.511204803998,632.3335716923181,4101.048799025699,0,expanding,losing_streak_fitness,expanding,rep_3
2,1,0,22406,22406,53560,26.94438717061496,-638.0779034339629,-562.2843172828925,-4154.182701807902,611.2102511910786,4181.127088978517,0,expanding,losing_streak_fitness,expanding,rep_3
3,1,0,22406,22406,53560,31.843366656181317,-458.5005983496847,-192.17295711140108,-5677.404645273475,710.2847006585235,5709.248011929656,0,expanding,losing_streak_fitness,expanding,rep_3
4,1,0,22406,22406,53560,59.69924622639719,-307.910171257846,-134.1674658778372,-2600.163756862248,451.0017105915304,2659.863003088645,0,expanding,losing_streak_fitness,expanding,rep_3
5,1,0,22406,22406,53560,64.55633198997602,-195.54200099794505,-80.86933616596261,-2394.9952551496526,350.7852164937311,2459.5515871396287,0,expanding,losing_streak_fitness,expanding,rep_3
6,1,0,22406,22406,53560,109.17728701520296,-195.38111403138777,-35.48243820747088,-1000.0,367.066285716347,1109.1772870152029,0,expanding,losing_streak_fitness,expanding,rep_3
7,1,0,22406,22406,53560,145.4922678357857,-81.0994951498549,2.48746859276655,-1000.0,276.29707364509414,1145.4922678357857,0,expanding,losing_streak_fitness,expanding,rep_3
8,1,0,22406,22406,53560,145.4922678357857,-37.18405085159412,25.285714285714285,-1000.0,248.34272003557584,1145.4922678357857,1,expanding,losing_streak_fitness,expanding,rep_3
9,1,0,22406,22406,53560,117.66256838944152,-85.78374227186039,36.76955262170048,-1000.0,341.32853729927825,1117.6625683894415,2,expanding,losing_streak_fitness,expanding,rep_3
10,1,0,22406,22406,53560,145.4922678357857,-8.127185919591339,29.43504501440417,-1000.0,208.01383463400384,1145.4922678357857,3,expanding,losing_streak_fitness,expanding,rep_3
11,1,0,22406,22406,53560,150.1463869029155,20.296171119638924,53.27328569508361,-1000.0,183.7258361345544,1150.1463869029155,0,expanding,losing_streak_fitness,expanding,rep_3
12,1,0,22406,22406,53560,145.4922678357857,31.03929082824466,57.0,-1000.0,154.46060793012106,1145.4922678357857,1,expanding,losing_streak_fitness,expanding,rep_3
13,1,0,22406,22406,53560,145.4922678357857,19.565104334970155,59.69924622639719,-1000.0,187.544979206508,1145.4922678357857,2,expanding,losing_streak_fitness,expanding,rep_3
14,1,0,22406,22406,53560,145.4922678357857,9.526111483822191,75.23616151824866,-1000.0,237.43951137883928,1145.4922678357857,3,expanding,losing_streak_fitness,expanding,rep_3
15,1,0,22406,22406,53560,145.4922678357857,75.29818265119304,102.8153685010174,-67.56293362488044,49.9240843896069,213.05520146066613,4,expanding,losing_streak_fitness,expanding,rep_3
16,1,0,22406,22406,53560,145.4922678357857,77.88653783705085,102.8153685010174,-1000.0,120.99035872294886,1145.4922678357857,5,expanding,losing_streak_fitness,expanding,rep_3
17,1,0,22406,22406,53560,145.4922678357857,110.91686149963915,102.8153685010174,-56.8836531878887,44.68184200680447,202.3759210236744,6,expanding,losing_streak_fitness,expanding,rep_3
18,1,0,22406,22406,53560,145.4922678357857,86.58893632195151,145.4922678357857,-1000.0,199.3851864528704,1145.4922678357857,7,expanding,losing_streak_fitness,expanding,rep_3
19,1,0,22406,22406,53560,145.4922678357857,111.94953114966556,145.4922678357857,-1000.0,127.1848546323362,1145.4922678357857,8,expanding,losing_streak_fitness,expanding,rep_3
20,1,0,22406,22406,53560,145.4922678357857,134.53033892797328,145.4922678357857,-59.03592126832611,41.04521441545767,204.52818910411185,9,expanding,losing_streak_fitness,expanding,rep_3
21,1,0,22406,22406,53560,145.4922678357857,120.76491977696286,145.4922678357857,-184.63951364753967,62.70338388255018,330.13178148332537,10,expanding,losing_streak_fitness,expanding,rep_3
22,1,0,22406,22406,53560,145.4922678357857,130.5833239851209,145.4922678357857,-59.03592126832611,43.40765909258519,204.52818910411185,11,expanding,losing_streak_fitness,expanding,rep_3
23,1,0,22406,22406,53560,145.4922678357857,127.66757585865967,145.4922678357857,-63.24555320336759,53.226416579795305,208.7378210391533,12,expanding,losing_streak_fitness,expanding,rep_3
24,1,0,22406,22406,53560,145.4922678357857,106.68767207254088,145.4922678357857,-1000.0,166.97889486378247,1145.4922678357857,13,expanding,losing_streak_fitness,expanding,rep_3
25,1,0,22406,22406,53560,145.4922678357857,108.22870217718248,145.4922678357857,-1000.0,167.40728030776657,1145.4922678357857,14,expanding,losing_streak_fitness,expanding,rep_3
26,1,0,22406,22406,53560,145.4922678357857,111.91014774919276,145.4922678357857,-1000.0,125.56092375972968,1145.4922678357857,15,expanding,losing_streak_fitness,expanding,rep_3
27,1,0,22406,22406,53560,145.4922678357857,123.1797702738708,145.4922678357857,-1000.0,123.0578392097138,1145.4922678357857,16,expanding,losing_streak_fitness,expanding,rep_3
28,1,0,22406,22406,53560,145.4922678357857,122.27246605386044,145.4922678357857,-63.24555320336759,61.50804853301537,208.7378210391533,17,expanding,losing_streak_fitness,expanding,rep_3
29,1,0,22406,22406,53560,145.4922678357857,130.1675059078445,145.4922678357857,-63.24555320336759,48.329656950139615,208.7378210391533,18,expanding,losing_streak_fitness,expanding,rep_3
30,1,0,22406,22406,53560,145.4922678357857,124.96877104911142,145.4922678357857,-63.24555320336759,54.068215489148166,208.7378210391533,19,expanding,losing_streak_fitness,expanding,rep_3
31,1,0,22406,22406,53560,145.4922678357857,79.13746001909708,145.4922678357857,-1000.0,230.43934379078237,1145.4922678357857,20,expanding,losing_streak_fitness,expanding,rep_3
32,1,0,22406,22406,53560,145.4922678357857,106.7812673531399,145.4922678357857,-1000.0,167.46492256529322,1145.4922678357857,21,expanding,losing_streak_fitness,expanding,rep_3
33,1,0,22406,22406,53560,145.4922678357857,106.4287703139397,145.4922678357857,-1000.0,168.34284623090684,1145.4922678357857,22,expanding,losing_streak_fitness,expanding,rep_3
34,1,0,22406,22406,53560,145.4922678357857,125.35767604558583,145.4922678357857,-63.24555320336759,51.4208418356768,208.7378210391533,23,expanding,losing_streak_fitness,expanding,rep_3
35,1,0,22406,22406,53560,145.4922678357857,103.47177479690436,145.4922678357857,-1000.0,166.76802826280306,1145.4922678357857,24,expanding,losing_streak_fitness,expanding,rep_3
36,1,0,22406,22406,53560,145.4922678357857,112.62942600803912,145.4922678357857,-1000.0,163.43434537940774,1145.4922678357857,25,expanding,losing_streak_fitness,expanding,rep_3
37,1,0,22406,22406,53560,145.4922678357857,118.48177285520453,145.4922678357857,-1000.0,124.22809490364178,1145.4922678357857,26,expanding,losing_streak_fitness,expanding,rep_3
38,1,0,22406,22406,53560,145.4922678357857,111.42614983621824,145.4922678357857,-1000.0,165.1910322547316,1145.4922678357857,27,expanding,losing_streak_fitness,expanding,rep_3
39,1,0,22406,22406,53560,145.4922678357857,113.11899041274668,145.4922678357857,-1000.0,126.41534045412888,1145.4922678357857,28,expanding,losing_streak_fitness,expanding,rep_3
40,1,0,22406,22406,53560,145.4922678357857,128.21230925870373,145.4922678357857,-184.63951364753967,57.74412752701063,330.13178148332537,29,expanding,losing_streak_fitness,expanding,rep_3
41,1,0,22406,22406,53560,145.4922678357857,122.67235210402768,145.4922678357857,-63.24555320336759,55.03765455586809,208.7378210391533,30,expanding,losing_streak_fitness,expanding,rep_3
42,1,0,22406,22406,53560,145.4922678357857,128.30935661811097,145.4922678357857,-63.24555320336759,50.62675277282431,208.7378210391533,31,expanding,losing_streak_fitness,expanding,rep_3
43,1,0,22406,22406,53560,145.4922678357857,97.09568035592572,145.4922678357857,-1000.0,169.46753427908504,1145.4922678357857,32,expanding,losing_streak_fitness,expanding,rep_3
44,1,0,22406,22406,53560,145.4922678357857,106.25097943165618,145.4922678357857,-1000.0,167.28491788495438,1145.4922678357857,33,expanding,losing_streak_fitness,expanding,rep_3
45,1,0,22406,22406,53560,145.4922678357857,115.64605706803584,145.4922678357857,-1000.0,125.17477279500682,1145.4922678357857,34,expanding,losing_streak_fitness,expanding,rep_3
46,1,0,22406,22406,53560,145.4922678357857,114.99505692571113,145.4922678357857,-1000.0,124.20123778951644,1145.4922678357857,35,expanding,losing_streak_fitness,expanding,rep_3
47,1,0,22406,22406,53560,145.4922678357857,127.11911344321226,145.4922678357857,-184.63951364753967,55.3126767421756,330.13178148332537,36,expanding,losing_streak_fitness,expanding,rep_3
48,1,0,22406,22406,53560,145.4922678357857,110.25803489186688,145.4922678357857,-1000.0,128.7777214666188,1145.4922678357857,37,expanding,losing_streak_fitness,expanding,rep_3
49,1,0,22406,22406,53560,145.4922678357857,109.6697233880199,145.4922678357857,-1000.0,164.86787215564743,1145.4922678357857,38,expanding,losing_streak_fitness,expanding,rep_3
50,1,0,22406,22406,53560,145.4922678357857,125.67102578232785,145.4922678357857,-1000.0,118.84032780986848,1145.4922678357857,39,expanding,losing_streak_fitness,expanding,rep_3
51,1,0,22406,22406,53560,145.4922678357857,130.6656526636043,145.4922678357857,-63.24555320336759,47.71076452094062,208.7378210391533,40,expanding,losing_streak_fitness,expanding,rep_3
52,1,0,22406,22406,53560,145.4922678357857,111.09112995040788,145.4922678357857,-1000.0,128.36858836970492,1145.4922678357857,41,expanding,losing_streak_fitness,expanding,rep_3
53,1,0,22406,22406,53560,145.4922678357857,120.38543653614448,145.4922678357857,-184.63951364753967,66.0853668829286,330.13178148332537,42,expanding,losing_streak_fitness,expanding,rep_3
54,1,0,22406,22406,53560,145.4922678357857,127.7561771967604,145.4922678357857,-184.63951364753967,57.23565615831679,330.13178148332537,43,expanding,losing_streak_fitness,expanding,rep_3
55,1,0,22406,22406,53560,145.4922678357857,106.53496144306558,145.4922678357857,-1000.0,132.38275396752775,1145.4922678357857,44,expanding,losing_streak_fitness,expanding,rep_3
56,1,0,22406,22406,53560,145.4922678357857,130.57998820732405,145.4922678357857,-184.63951364753967,52.85830923319077,330.13178148332537,45,expanding,losing_streak_fitness,expanding,rep_3
57,1,0,22406,22406,53560,145.4922678357857,105.04396003064574,145.4922678357857,-1000.0,167.0858196494088,1145.4922678357857,46,expanding,losing_streak_fitness,expanding,rep_3
58,1,0,22406,22406,53560,145.4922678357857,74.7385386739376,145.4922678357857,-1000.0,228.55624075656308,1145.4922678357857,47,expanding,losing_streak_fitness,expanding,rep_3
59,1,0,22406,22406,53560,145.4922678357857,110.39232541795816,145.4922678357857,-1000.0,132.35791585672985,1145.4922678357857,48,expanding,losing_streak_fitness,expanding,rep_3
60,1,0,22406,22406,53560,145.4922678357857,93.5793237134122,145.4922678357857,-1000.0,173.51171905943733,1145.4922678357857,49,expanding,losing_streak_fitness,expanding,rep_3
61,1,0,22406,22406,53560,145.4922678357857,106.1533934431468,145.4922678357857,-1000.0,167.74061152481315,1145.4922678357857,50,expanding,losing_streak_fitness,expanding,rep_3
62,1,0,22406,22406,53560,145.4922678357857,126.78371300927384,145.4922678357857,-184.63951364753967,57.72222721948847,330.13178148332537,51,expanding,losing_streak_fitness,expanding,rep_3
63,1,0,22406,22406,53560,145.4922678357857,104.93700202792172,145.4922678357857,-1000.0,168.23546441499147,1145.4922678357857,52,expanding,losing_streak_fitness,expanding,rep_3
64,1,0,22406,22406,53560,145.4922678357857,133.710664631158,145.4922678357857,-63.24555320336759,44.020099830854974,208.7378210391533,53,expanding,losing_streak_fitness,expanding,rep_3
65,1,0,22406,22406,53560,145.4922678357857,97.35488678722707,145.4922678357857,-1000.0,172.82189448388291,1145.4922678357857,54,expanding,losing_streak_fitness,expanding,rep_3
66,1,0,22406,22406,53560,145.4922678357857,98.50469425703568,145.4922678357857,-1000.0,170.18998955842846,1145.4922678357857,55,expanding,losing_streak_fitness,expanding,rep_3
67,1,0,22406,22406,53560,145.4922678357857,123.32901218179067,145.4922678357857,-184.63951364753967,61.67487459105109,330.13178148332537,56,expanding,losing_streak_fitness,expanding,rep_3
68,1,0,22406,22406,53560,145.4922678357857,126.1729990056889,145.4922678357857,-184.63951364753967,61.045617335473466,330.13178148332537,57,expanding,losing_streak_fitness,expanding,rep_3
69,1,0,22406,22406,53560,145.4922678357857,112.42853426814249,145.4922678357857,-1000.0,127.05954211959984,1145.4922678357857,58,expanding,losing_streak_fitness,expanding,rep_3
70,1,0,22406,22406,53560,145.4922678357857,113.40180422036174,145.4922678357857,-1000.0,127.22157288709964,1145.4922678357857,59,expanding,losing_streak_fitness,expanding,rep_3
71,1,0,22406,22406,53560,145.4922678357857,133.31393264489063,145.4922678357857,-184.63951364753967,46.75308948635029,330.13178148332537,60,expanding,losing_streak_fitness,expanding,rep_3
72,1,0,22406,22406,53560,145.4922678357857,132.8481505352787,145.4922678357857,-39.25981830489455,41.60759461642332,184.75208614068023,61,expanding,losing_streak_fitness,expanding,rep_3
73,1,0,22406,22406,53560,145.4922678357857,121.71228372116892,145.4922678357857,-184.63951364753967,63.7657052439034,330.13178148332537,62,expanding,losing_streak_fitness,expanding,rep_3
74,1,0,22406,22406,53560,145.4922678357857,97.3020766431532,145.4922678357857,-1000.0,199.54432740688443,1145.4922678357857,63,expanding,losing_streak_fitness,expanding,rep_3
75,1,0,22406,22406,53560,145.4922678357857,126.61918543222828,145.4922678357857,-184.63951364753967,59.70850857285269,330.13178148332537,64,expanding,losing_streak_fitness,expanding,rep_3
76,1,0,22406,22406,53560,145.4922678357857,107.77562534900196,145.4922678357857,-1000.0,167.30381536557735,1145.4922678357857,65,expanding,losing_streak_fitness,expanding,rep_3
77,1,0,22406,22406,53560,145.4922678357857,111.44557687241034,145.4922678357857,-1000.0,126.72682151267313,1145.4922678357857,66,expanding,losing_streak_fitness,expanding,rep_3
78,1,0,22406,22406,53560,145.4922678357857,116.1413565179072,145.4922678357857,-1000.0,126.04707814829342,1145.4922678357857,67,expanding,losing_streak_fitness,expanding,rep_3
79,1,0,22406,22406,53560,145.4922678357857,125.81676823697563,145.4922678357857,-63.24555320336759,53.64834105171688,208.7378210391533,68,expanding,losing_streak_fitness,expanding,rep_3
80,1,0,22406,22406,53560,145.4922678357857,100.26992491715504,145.4922678357857,-1000.0,199.94857276912455,1145.4922678357857,69,expanding,losing_streak_fitness,expanding,rep_3
81,1,0,22406,22406,53560,145.4922678357857,109.9518682945587,145.4922678357857,-1000.0,167.7161762042835,1145.4922678357857,70,expanding,losing_streak_fitness,expanding,rep_3
82,1,0,22406,22406,53560,145.4922678357857,116.63613889814371,145.4922678357857,-184.63951364753967,67.95380142083025,330.13178148332537,71,expanding,losing_streak_fitness,expanding,rep_3
83,1,0,22406,22406,53560,145.4922678357857,130.18345460681385,145.4922678357857,-63.24555320336759,48.21134416210528,208.7378210391533,72,expanding,losing_streak_fitness,expanding,rep_3
84,1,0,22406,22406,53560,145.4922678357857,100.92076963143649,145.4922678357857,-1000.0,170.8039782327483,1145.4922678357857,73,expanding,losing_streak_fitness,expanding,rep_3
85,1,0,22406,22406,53560,145.4922678357857,125.9344222112298,145.4922678357857,-63.24555320336759,54.45256929780964,208.7378210391533,74,expanding,losing_streak_fitness,expanding,rep_3
86,1,0,22406,22406,53560,145.4922678357857,120.3675604883752,145.4922678357857,-1000.0,124.55079823076576,1145.4922678357857,75,expanding,losing_streak_fitness,expanding,rep_3
87,1,0,22406,22406,53560,145.4922678357857,130.28282113208817,145.4922678357857,-184.63951364753967,62.5764907114635,330.13178148332537,76,expanding,losing_streak_fitness,expanding,rep_3
88,1,0,22406,22406,53560,145.4922678357857,121.96955283280998,145.4922678357857,-184.63951364753967,71.49376946622138,330.13178148332537,77,expanding,losing_streak_fitness,expanding,rep_3
89,1,0,22406,22406,53560,145.4922678357857,102.112097843543,145.4922678357857,-1000.0,167.11739567013538,1145.4922678357857,78,expanding,losing_streak_fitness,expanding,rep_3
90,1,0,22406,22406,53560,145.4922678357857,129.3703243236797,145.4922678357857,-184.63951364753967,54.198912193821535,330.13178148332537,79,expanding,losing_streak_fitness,expanding,rep_3
91,1,0,22406,22406,53560,145.4922678357857,99.19244965896996,145.4922678357857,-1000.0,199.20873581191,1145.4922678357857,80,expanding,losing_streak_fitness,expanding,rep_3
92,1,0,22406,22406,53560,145.4922678357857,112.21959689750528,145.4922678357857,-1000.0,166.64428002831738,1145.4922678357857,81,expanding,losing_streak_fitness,expanding,rep_3
93,1,0,22406,22406,53560,145.4922678357857,131.23845353231746,145.4922678357857,-63.24555320336759,48.973615780846366,208.7378210391533,82,expanding,losing_streak_fitness,expanding,rep_3
94,1,0,22406,22406,53560,145.4922678357857,120.32445915469764,145.4922678357857,-184.63951364753967,64.99951641205334,330.13178148332537,83,expanding,losing_streak_fitness,expanding,rep_3
95,1,0,22406,22406,53560,145.4922678357857,122.23061695378472,145.4922678357857,-184.63951364753967,63.99706153105679,330.13178148332537,84,expanding,losing_streak_fitness,expanding,rep_3
96,1,0,22406,22406,53560,145.4922678357857,119.09066842989836,145.4922678357857,-1000.0,124.59713005878822,1145.4922678357857,85,expanding,losing_streak_fitness,expanding,rep_3
97,1,0,22406,22406,53560,145.4922678357857,109.26590087745105,145.4922678357857,-1000.0,125.91320570239108,1145.4922678357857,86,expanding,losing_streak_fitness,expanding,rep_3
98,1,0,22406,22406,53560,145.4922678357857,126.73819934508764,145.4922678357857,-184.63951364753967,57.555162571181725,330.13178148332537,87,expanding,losing_streak_fitness,expanding,rep_3
99,1,0,22406,22406,53560,145.4922678357857,118.32916787339812,145.4922678357857,-1000.0,123.082547772012,1145.4922678357857,88,expanding,losing_streak_fitness,expanding,rep_3
100,1,0,22406,22406,53560,145.4922678357857,111.18349520185518,145.4922678357857,-1000.0,126.87010809034749,1145.4922678357857,89,expanding,losing_streak_fitness,expanding,rep_3
0,2,0,53560,53560,86986,-12.6,-5231.130596800145,-1000.0,-117331.51894525188,14599.51840173682,117318.91894525188,0,expanding,losing_streak_fitness,expanding,rep_3
1,2,0,53560,53560,86986,44.7213595499958,-634.2826042800804,-492.7429023843506,-5985.438329813448,756.0070603084939,6030.159689363444,0,expanding,losing_streak_fitness,expanding,rep_3
2,2,0,53560,53560,86986,61.49186938124422,-305.4284896818794,-175.12427267351438,-1977.7777777777776,400.7921657148781,2039.269647159022,0,expanding,losing_streak_fitness,expanding,rep_3
3,2,0,53560,53560,86986,61.49186938124422,-170.56924245181847,-41.19996687280622,-1000.0,311.02457792450565,1061.4918693812442,1,expanding,losing_streak_fitness,expanding,rep_3
4,2,0,53560,53560,86986,137.17142559585795,-79.979493713238,-8.25,-1000.0,261.12983382151003,1137.171425595858,0,expanding,losing_streak_fitness,expanding,rep_3
5,2,0,53560,53560,86986,207.0,-154.0400209601882,5.5901699437494745,-1000.0,383.32791484349735,1207.0,0,expanding,losing_streak_fitness,expanding,rep_3
6,2,0,53560,53560,86986,190.06577808748213,-137.8109040601535,29.196938456699066,-1000.0,395.7040896610715,1190.0657780874822,1,expanding,losing_streak_fitness,expanding,rep_3
7,2,0,53560,53560,86986,190.06577808748213,-8.65612244787702,61.49186938124422,-1000.0,278.3017309532947,1190.0657780874822,2,expanding,losing_streak_fitness,expanding,rep_3
8,2,0,53560,53560,86986,190.06577808748213,20.309617719716563,149.41887430977386,-1000.0,326.15443285162723,1190.0657780874822,3,expanding,losing_streak_fitness,expanding,rep_3
9,2,0,53560,53560,86986,216.95160750729644,118.67219161052112,161.66632302368973,-1000.0,167.796924603247,1216.9516075072966,0,expanding,losing_streak_fitness,expanding,rep_3
10,2,0,53560,53560,86986,243.40912061794236,143.9695468506807,161.66632302368973,-1000.0,120.78661988787482,1243.4091206179423,0,expanding,losing_streak_fitness,expanding,rep_3
11,2,0,53560,53560,86986,243.40912061794236,137.8009545303354,161.66632302368973,-1000.0,167.51905343321417,1243.4091206179423,1,expanding,losing_streak_fitness,expanding,rep_3
12,2,0,53560,53560,86986,243.40912061794236,159.37636400286254,161.66632302368973,5.5901699437494745,42.28498309304239,237.81895067419285,2,expanding,losing_streak_fitness,expanding,rep_3
13,2,0,53560,53560,86986,243.40912061794236,156.82373424149588,161.66632302368973,-1000.0,124.63939451555734,1243.4091206179423,3,expanding,losing_streak_fitness,expanding,rep_3
14,2,0,53560,53560,86986,243.40912061794236,166.370060268028,190.06577808748213,-1000.0,123.26635382891608,1243.4091206179423,4,expanding,losing_streak_fitness,expanding,rep_3
15,2,0,53560,53560,86986,243.40912061794236,155.42661055153144,190.06577808748213,-1000.0,129.5801348429682,1243.4091206179423,5,expanding,losing_streak_fitness,expanding,rep_3
16,2,0,53560,53560,86986,243.40912061794236,162.61631594347816,190.06577808748213,-1000.0,129.95411501395995,1243.4091206179423,6,expanding,losing_streak_fitness,expanding,rep_3
17,2,0,53560,53560,86986,243.40912061794236,177.0787647154527,190.06577808748213,-4.898979485566356,40.88952332847194,248.30810010350868,7,expanding,losing_streak_fitness,expanding,rep_3
18,2,0,53560,53560,86986,243.40912061794236,165.69280263911926,190.06577808748213,-1000.0,125.56157752714384,1243.4091206179423,8,expanding,losing_streak_fitness,expanding,rep_3
19,2,0,53560,53560,86986,243.40912061794236,170.84110601213112,190.06577808748213,-1000.0,127.48307075784736,1243.4091206179423,9,expanding,losing_streak_fitness,expanding,rep_3
20,2,0,53560,53560,86986,243.40912061794236,166.8076322371895,190.06577808748213,-1000.0,131.2893741685237,1243.4091206179423,10,expanding,losing_streak_fitness,expanding,rep_3
21,2,0,53560,53560,86986,243.40912061794236,181.99268509310636,190.06577808748213,-1000.0,129.991812378534,1243.4091206179423,11,expanding,losing_streak_fitness,expanding,rep_3
22,2,0,53560,53560,86986,243.40912061794236,199.06239892600277,243.40912061794236,-1000.0,130.76779417640478,1243.4091206179423,12,expanding,losing_streak_fitness,expanding,rep_3
23,2,0,53560,53560,86986,243.40912061794236,204.0063835900914,243.40912061794236,-1000.0,135.6931902242141,1243.4091206179423,13,expanding,losing_streak_fitness,expanding,rep_3
24,2,0,53560,53560,86986,243.40912061794236,215.4760619968349,243.40912061794236,-1000.0,132.44131765215667,1243.4091206179423,14,expanding,losing_streak_fitness,expanding,rep_3
25,2,0,53560,53560,86986,243.40912061794236,201.6181231296688,243.40912061794236,-1000.0,179.72934019627425,1243.4091206179423,15,expanding,losing_streak_fitness,expanding,rep_3
26,2,0,53560,53560,86986,243.40912061794236,233.833951774612,243.40912061794236,22.488886144049022,36.29989422402301,220.9202344738933,16,expanding,losing_streak_fitness,expanding,rep_3
27,2,0,53560,53560,86986,243.40912061794236,218.1401366612858,243.40912061794236,-1000.0,131.36463546904375,1243.4091206179423,17,expanding,losing_streak_fitness,expanding,rep_3
28,2,0,53560,53560,86986,243.40912061794236,219.00985937325956,243.40912061794236,-1000.0,129.3933629109452,1243.4091206179423,18,expanding,losing_streak_fitness,expanding,rep_3
29,2,0,53560,53560,86986,243.40912061794236,228.7379358555933,243.40912061794236,-20.284093384828527,49.278569572975485,263.69321400277084,19,expanding,losing_streak_fitness,expanding,rep_3
30,2,0,53560,53560,86986,243.40912061794236,205.4532346003885,243.40912061794236,-1000.0,177.7897290901167,1243.4091206179423,20,expanding,losing_streak_fitness,expanding,rep_3
31,2,0,53560,53560,86986,243.40912061794236,221.88232231101665,243.40912061794236,-1000.0,128.06450610181253,1243.4091206179423,21,expanding,losing_streak_fitness,expanding,rep_3
32,2,0,53560,53560,86986,243.40912061794236,200.96883516285035,243.40912061794236,-1000.0,181.04058416087,1243.4091206179423,22,expanding,losing_streak_fitness,expanding,rep_3
33,2,0,53560,53560,86986,243.40912061794236,234.70016772866435,243.40912061794236,22.488886144049022,30.73425963464557,220.9202344738933,23,expanding,losing_streak_fitness,expanding,rep_3
34,2,0,53560,53560,86986,243.40912061794236,191.13902149182465,243.40912061794236,-1000.0,216.1819435913685,1243.4091206179423,24,expanding,losing_streak_fitness,expanding,rep_3
35,2,0,53560,53560,86986,243.40912061794236,207.24497272928377,243.40912061794236,-1000.0,178.9687440204164,1243.4091206179423,25,expanding,losing_streak_fitness,expanding,rep_3
36,2,0,53560,53560,86986,243.40912061794236,218.18859833320695,243.40912061794236,-1000.0,132.92185349917435,1243.4091206179423,26,expanding,losing_streak_fitness,expanding,rep_3
37,2,0,53560,53560,86986,243.40912061794236,205.3301796856647,243.40912061794236,-1000.0,137.9815944362627,1243.4091206179423,27,expanding,losing_streak_fitness,expanding,rep_3
38,2,0,53560,53560,86986,243.40912061794236,212.16132295281585,243.40912061794236,-1000.0,133.65296909849735,1243.4091206179423,28,expanding,losing_streak_fitness,expanding,rep_3
39,2,0,53560,53560,86986,243.40912061794236,218.62873561424905,243.40912061794236,-1000.0,131.48915117578545,1243.4091206179423,29,expanding,losing_streak_fitness,expanding,rep_3
40,2,0,53560,53560,86986,243.40912061794236,231.0489668204643,243.40912061794236,-5.5901699437494745,44.31635504461589,248.99929056169185,30,expanding,losing_streak_fitness,expanding,rep_3
41,2,0,53560,53560,86986,243.40912061794236,216.3582943981176,243.40912061794236,-1000.0,131.61432749362024,1243.4091206179423,31,expanding,losing_streak_fitness,expanding,rep_3
42,2,0,53560,53560,86986,243.40912061794236,203.1438264544049,243.40912061794236,-1000.0,180.11749873741107,1243.4091206179423,32,expanding,losing_streak_fitness,expanding,rep_3
43,2,0,53560,53560,86986,243.40912061794236,231.8166344764321,243.40912061794236,22.488886144049022,40.95215217418113,220.9202344738933,33,expanding,losing_streak_fitness,expanding,rep_3
44,2,0,53560,53560,86986,243.40912061794236,225.2238081299022,243.40912061794236,-1000.0,126.90692426232016,1243.4091206179423,34,expanding,losing_streak_fitness,expanding,rep_3
45,2,0,53560,53560,86986,243.40912061794236,234.6539752233488,243.40912061794236,-5.5901699437494745,37.96352465089724,248.99929056169185,35,expanding,losing_streak_fitness,expanding,rep_3
46,2,0,53560,53560,86986,243.40912061794236,222.40908242173813,243.40912061794236,-1000.0,127.45781657624744,1243.4091206179423,36,expanding,losing_streak_fitness,expanding,rep_3
47,2,0,53560,53560,86986,243.40912061794236,207.93228734208617,243.40912061794236,-1000.0,178.3836967262133,1243.4091206179423,37,expanding,losing_streak_fitness,expanding,rep_3
48,2,0,53560,53560,86986,243.40912061794236,218.8819045293904,243.40912061794236,-1000.0,131.35186521147014,1243.4091206179423,38,expanding,losing_streak_fitness,expanding,rep_3
49,2,0,53560,53560,86986,243.40912061794236,201.1983869946312,243.40912061794236,-1000.0,181.07614898856323,1243.4091206179423,39,expanding,losing_streak_fitness,expanding,rep_3
50,2,0,53560,53560,86986,243.40912061794236,207.4465477030336,243.40912061794236,-1000.0,177.85557597428442,1243.4091206179423,40,expanding,losing_streak_fitness,expanding,rep_3
51,2,0,53560,53560,86986,243.40912061794236,228.52257197174197,243.40912061794236,-20.284093384828527,53.02928049447922,263.69321400277084,41,expanding,losing_streak_fitness,expanding,rep_3
52,2,0,53560,53560,86986,243.40912061794236,210.31899283694045,243.40912061794236,-1000.0,136.43191683535304,1243.4091206179423,42,expanding,losing_streak_fitness,expanding,rep_3
53,2,0,53560,53560,86986,243.40912061794236,227.3760870099425,243.40912061794236,-20.284093384828527,51.44676566574616,263.69321400277084,43,expanding,losing_streak_fitness,expanding,rep_3
54,2,0,53560,53560,86986,243.40912061794236,234.23885015951976,243.40912061794236,-5.5901699437494745,41.45377218334154,248.99929056169185,44,expanding,losing_streak_fitness,expanding,rep_3
55,2,0,53560,53560,86986,243.40912061794236,220.27861578672375,243.40912061794236,-1000.0,128.61433787158572,1243.4091206179423,45,expanding,losing_streak_fitness,expanding,rep_3
56,2,0,53560,53560,86986,243.40912061794236,228.51587420967576,243.40912061794236,-20.284093384828527,49.60306766572665,263.69321400277084,46,expanding,losing_streak_fitness,expanding,rep_3
57,2,0,53560,53560,86986,243.40912061794236,230.99397586883092,243.40912061794236,-20.284093384828527,42.69391361011455,263.69321400277084,47,expanding,losing_streak_fitness,expanding,rep_3
58,2,0,53560,53560,86986,243.40912061794236,228.00096015679964,243.40912061794236,-20.284093384828527,54.67060274509089,263.69321400277084,48,expanding,losing_streak_fitness,expanding,rep_3
59,2,0,53560,53560,86986,243.40912061794236,234.3865929542265,243.40912061794236,67.88225099390857,34.904560254722576,175.52686962403376,49,expanding,losing_streak_fitness,expanding,rep_3
60,2,0,53560,53560,86986,243.40912061794236,191.82497732883803,243.40912061794236,-1000.0,215.27414533399863,1243.4091206179423,50,expanding,losing_streak_fitness,expanding,rep_3
61,2,0,53560,53560,86986,243.40912061794236,178.03529641869963,243.40912061794236,-1000.0,247.250457259958,1243.4091206179423,51,expanding,losing_streak_fitness,expanding,rep_3
62,2,0,53560,53560,86986,243.40912061794236,198.91712797270804,243.40912061794236,-1000.0,182.3791563049994,1243.4091206179423,52,expanding,losing_streak_fitness,expanding,rep_3
63,2,0,53560,53560,86986,243.40912061794236,225.30941828725116,243.40912061794236,-1000.0,127.5235907312466,1243.4091206179423,53,expanding,losing_streak_fitness,expanding,rep_3
64,2,0,53560,53560,86986,243.40912061794236,221.32752631541112,243.40912061794236,-1000.0,128.4438567565062,1243.4091206179423,54,expanding,losing_streak_fitness,expanding,rep_3
65,2,0,53560,53560,86986,243.40912061794236,208.4883336976735,243.40912061794236,-1000.0,137.42975449114286,1243.4091206179423,55,expanding,losing_streak_fitness,expanding,rep_3
66,2,0,53560,53560,86986,243.40912061794236,218.7299592669377,243.40912061794236,-20.284093384828527,64.84262375487096,263.69321400277084,56,expanding,losing_streak_fitness,expanding,rep_3
67,2,0,53560,53560,86986,243.40912061794236,202.7873142994166,243.40912061794236,-1000.0,180.69572226291135,1243.4091206179423,57,expanding,losing_streak_fitness,expanding,rep_3
68,2,0,53560,53560,86986,243.40912061794236,230.80939156848228,243.40912061794236,-5.5901699437494745,44.15371180831365,248.99929056169185,58,expanding,losing_streak_fitness,expanding,rep_3
69,2,0,53560,53560,86986,243.40912061794236,228.6635835346232,243.40912061794236,-5.5901699437494745,50.762897700326285,248.99929056169185,59,expanding,losing_streak_fitness,expanding,rep_3
70,2,0,53560,53560,86986,243.40912061794236,210.0927412572432,243.40912061794236,-1000.0,135.48886446851174,1243.4091206179423,60,expanding,losing_streak_fitness,expanding,rep_3
71,2,0,53560,53560,86986,243.40912061794236,227.04150354116533,243.40912061794236,-20.284093384828527,54.58155383318063,263.69321400277084,61,expanding,losing_streak_fitness,expanding,rep_3
72,2,0,53560,53560,86986,243.40912061794236,232.62932688860235,243.40912061794236,67.88225099390857,35.75281681854525,175.52686962403376,62,expanding,losing_streak_fitness,expanding,rep_3
73,2,0,53560,53560,86986,243.40912061794236,226.75258396962337,243.40912061794236,-5.5901699437494745,50.37102906221805,248.99929056169185,63,expanding,losing_streak_fitness,expanding,rep_3
74,2,0,53560,53560,86986,243.40912061794236,215.9044292772403,243.40912061794236,-1000.0,131.84453815337957,1243.4091206179423,64,expanding,losing_streak_fitness,expanding,rep_3
75,2,0,53560,53560,86986,243.40912061794236,206.88456526891267,243.40912061794236,-1000.0,179.3186067456173,1243.4091206179423,65,expanding,losing_streak_fitness,expanding,rep_3
76,2,0,53560,53560,86986,243.40912061794236,231.56778944965825,243.40912061794236,-20.284093384828527,45.99918569594619,263.69321400277084,66,expanding,losing_streak_fitness,expanding,rep_3
77,2,0,53560,53560,86986,243.40912061794236,199.59588915083052,243.40912061794236,-1000.0,179.67344249474638,1243.4091206179423,67,expanding,losing_streak_fitness,expanding,rep_3
78,2,0,53560,53560,86986,243.40912061794236,217.0233030162799,243.40912061794236,-1000.0,129.37934962347714,1243.4091206179423,68,expanding,losing_streak_fitness,expanding,rep_3
79,2,0,53560,53560,86986,243.40912061794236,213.23476888859528,243.40912061794236,-1000.0,136.91013872896383,1243.4091206179423,69,expanding,losing_streak_fitness,expanding,rep_3
80,2,0,53560,53560,86986,243.40912061794236,227.550159482429,243.40912061794236,-20.284093384828527,48.82650033863583,263.69321400277084,70,expanding,losing_streak_fitness,expanding,rep_3
81,2,0,53560,53560,86986,243.40912061794236,229.70631633126771,243.40912061794236,-5.5901699437494745,48.74641388021724,248.99929056169185,71,expanding,losing_streak_fitness,expanding,rep_3
82,2,0,53560,53560,86986,243.40912061794236,230.36569135079495,243.40912061794236,22.488886144049022,43.01480539655329,220.9202344738933,72,expanding,losing_streak_fitness,expanding,rep_3
83,2,0,53560,53560,86986,243.40912061794236,191.9680631314072,243.40912061794236,-1000.0,216.42536605663383,1243.4091206179423,73,expanding,losing_streak_fitness,expanding,rep_3
84,2,0,53560,53560,86986,243.40912061794236,218.7142895991649,243.40912061794236,-1000.0,130.93755343125486,1243.4091206179423,74,expanding,losing_streak_fitness,expanding,rep_3
85,2,0,53560,53560,86986,243.40912061794236,225.45454358776675,243.40912061794236,-5.5901699437494745,53.42410623399206,248.99929056169185,75,expanding,losing_streak_fitness,expanding,rep_3
86,2,0,53560,53560,86986,243.40912061794236,237.54143319152817,243.40912061794236,-20.284093384828527,33.47163674551227,263.69321400277084,76,expanding,losing_streak_fitness,expanding,rep_3
87,2,0,53560,53560,86986,243.40912061794236,228.7368044773785,243.40912061794236,67.88225099390857,44.72129492394311,175.52686962403376,77,expanding,losing_streak_fitness,expanding,rep_3
88,2,0,53560,53560,86986,243.40912061794236,220.22358265962245,243.40912061794236,-1000.0,128.8751299975262,1243.4091206179423,78,expanding,losing_streak_fitness,expanding,rep_3
89,2,0,53560,53560,86986,243.40912061794236,234.72641498940348,243.40912061794236,-20.284093384828527,42.90975437911072,263.69321400277084,79,expanding,losing_streak_fitness,expanding,rep_3
90,2,0,53560,53560,86986,243.40912061794236,233.3321868366081,243.40912061794236,-20.284093384828527,45.90603083650748,263.69321400277084,80,expanding,losing_streak_fitness,expanding,rep_3
91,2,0,53560,53560,86986,243.40912061794236,229.64405217011227,243.40912061794236,-20.284093384828527,49.015079021610006,263.69321400277084,81,expanding,losing_streak_fitness,expanding,rep_3
92,2,0,53560,53560,86986,243.40912061794236,215.5903598680217,243.40912061794236,-1000.0,134.04559046871654,1243.4091206179423,82,expanding,losing_streak_fitness,expanding,rep_3
93,2,0,53560,53560,86986,243.40912061794236,223.92440864084884,243.40912061794236,-20.284093384828527,60.92977037009925,263.69321400277084,83,expanding,losing_streak_fitness,expanding,rep_3
94,2,0,53560,53560,86986,243.40912061794236,231.3183035511817,243.40912061794236,-20.284093384828527,48.424509937835055,263.69321400277084,84,expanding,losing_streak_fitness,expanding,rep_3
95,2,0,53560,53560,86986,243.40912061794236,170.90024344025238,243.40912061794236,-1000.0,272.9280981497856,1243.4091206179423,85,expanding,losing_streak_fitness,expanding,rep_3
96,2,0,53560,53560,86986,243.40912061794236,198.59769943475408,243.40912061794236,-1000.0,180.46939716291652,1243.4091206179423,86,expanding,losing_streak_fitness,expanding,rep_3
97,2,0,53560,53560,86986,243.40912061794236,201.62462136792044,243.40912061794236,-1000.0,179.49235093206156,1243.4091206179423,87,expanding,losing_streak_fitness,expanding,rep_3
98,2,0,53560,53560,86986,243.40912061794236,230.90124868206377,243.40912061794236,67.88225099390857,39.64735151157799,175.52686962403376,88,expanding,losing_streak_fitness,expanding,rep_3
99,2,0,53560,53560,86986,243.40912061794236,230.1566747050324,243.40912061794236,-5.5901699437494745,42.64728002649783,248.99929056169185,89,expanding,losing_streak_fitness,expanding,rep_3
100,2,0,53560,53560,86986,243.40912061794236,217.3638556553248,243.40912061794236,-1000.0,133.3490661138275,1243.4091206179423,90,expanding,losing_streak_fitness,expanding,rep_3
0,3,0,86986,86986,125287,357.7708763999664,-9200.18049990996,-1000.0,-74622.60735165986,16414.39558527794,74980.37822805982,0,expanding,losing_streak_fitness,expanding,rep_3
1,3,0,86986,86986,125287,455.6050921576711,-571.378298495861,-341.3019191273322,-8491.368209540791,1059.3972972496188,8946.973301698463,0,expanding,losing_streak_fitness,expanding,rep_3
2,3,0,86986,86986,125287,441.8404689477866,-276.8904310270565,-107.88320341483518,-2415.4767645332463,544.1629094785857,2857.317233481033,1,expanding,losing_streak_fitness,expanding,rep_3
3,3,0,86986,86986,125287,441.8404689477866,-2.361089273667636,100.62305898749054,-2799.439943988797,424.9292863107716,3241.280412936584,2,expanding,losing_streak_fitness,expanding,rep_3
4,3,0,86986,86986,125287,602.5744767246617,122.84839495340528,189.0780909415519,-1000.0,320.794805053119,1602.5744767246615,0,expanding,losing_streak_fitness,expanding,rep_3
5,3,0,86986,86986,125287,602.5744767246617,207.41723128061568,271.89336144893275,-1000.0,329.82132393939423,1602.5744767246615,1,expanding,losing_streak_fitness,expanding,rep_3
6,3,0,86986,86986,125287,602.5744767246617,218.2518103039324,357.7708763999664,-1000.0,424.40211106136746,1602.5744767246615,2,expanding,losing_streak_fitness,expanding,rep_3
7,3,0,86986,86986,125287,602.5744767246617,379.88531677750143,418.8627460159234,-1000.0,220.3778117139192,1602.5744767246615,3,expanding,losing_streak_fitness,expanding,rep_3
8,3,0,86986,86986,125287,602.5744767246617,342.5845226652466,441.8404689477866,-1000.0,411.3273412340737,1602.5744767246615,4,expanding,losing_streak_fitness,expanding,rep_3
9,3,0,86986,86986,125287,659.640053362438,515.5355369036729,504.5948870133346,179.19573407620817,90.2956496404659,480.4443192862298,0,expanding,losing_streak_fitness,expanding,rep_3
10,3,0,86986,86986,125287,659.640053362438,550.3002991443988,602.5744767246617,-1000.0,166.86987842278407,1659.640053362438,1,expanding,losing_streak_fitness,expanding,rep_3
11,3,0,86986,86986,125287,659.640053362438,572.8391811828802,602.5744767246617,-1000.0,172.02390096888223,1659.640053362438,2,expanding,losing_streak_fitness,expanding,rep_3
12,3,0,86986,86986,125287,659.640053362438,567.2913874632709,602.5744767246617,-1000.0,231.3403832870346,1659.640053362438,3,expanding,losing_streak_fitness,expanding,rep_3
13,3,0,86986,86986,125287,659.640053362438,586.332836124389,602.5744767246617,-1000.0,229.06014666509128,1659.640053362438,4,expanding,losing_streak_fitness,expanding,rep_3
14,3,0,86986,86986,125287,659.640053362438,608.1788097090649,639.3168228664094,-1000.0,170.85821820488044,1659.640053362438,5,expanding,losing_streak_fitness,expanding,rep_3
15,3,0,86986,86986,125287,659.640053362438,603.8210836407097,639.3168228664094,-1000.0,186.91251563940835,1659.640053362438,6,expanding,losing_streak_fitness,expanding,rep_3
16,3,0,86986,86986,125287,659.640053362438,626.7665133856575,659.640053362438,-1000.0,175.18322916488822,1659.640053362438,7,expanding,losing_streak_fitness,expanding,rep_3
17,3,0,86986,86986,125287,659.640053362438,646.9006827155605,659.640053362438,219.0,63.73997605599413,440.6400533624381,8,expanding,losing_streak_fitness,expanding,rep_3
18,3,0,86986,86986,125287,659.640053362438,584.51981894318,659.640053362438,-1000.0,329.61958677004816,1659.640053362438,9,expanding,losing_streak_fitness,expanding,rep_3
19,3,0,86986,86986,125287,659.640053362438,628.8767219766785,659.640053362438,-1000.0,174.67273455764823,1659.640053362438,10,expanding,losing_streak_fitness,expanding,rep_3
20,3,0,86986,86986,125287,659.640053362438,624.6457385176286,659.640053362438,-1000.0,178.4504043704211,1659.640053362438,11,expanding,losing_streak_fitness,expanding,rep_3
21,3,0,86986,86986,125287,659.640053362438,613.9326447737416,659.640053362438,-1000.0,240.29792561760735,1659.640053362438,12,expanding,losing_streak_fitness,expanding,rep_3
22,3,0,86986,86986,125287,659.640053362438,632.7824096460486,659.640053362438,-1000.0,174.29623710706522,1659.640053362438,13,expanding,losing_streak_fitness,expanding,rep_3
23,3,0,86986,86986,125287,659.640053362438,624.6126137416641,659.640053362438,-1000.0,182.79377130396784,1659.640053362438,14,expanding,losing_streak_fitness,expanding,rep_3
24,3,0,86986,86986,125287,659.640053362438,612.0711822118969,659.640053362438,-1000.0,238.9767071734106,1659.640053362438,15,expanding,losing_streak_fitness,expanding,rep_3
25,3,0,86986,86986,125287,659.640053362438,648.0343405985832,659.640053362438,210.818510677892,63.4266286477608,448.8215426845461,16,expanding,losing_streak_fitness,expanding,rep_3
26,3,0,86986,86986,125287,659.640053362438,636.0156096145926,659.640053362438,336.58282784479667,77.60774085739686,323.05722551764137,17,expanding,losing_streak_fitness,expanding,rep_3
27,3,0,86986,86986,125287,659.640053362438,637.0266437823544,659.640053362438,-1000.0,169.03414009174486,1659.640053362438,18,expanding,losing_streak_fitness,expanding,rep_3
28,3,0,86986,86986,125287,659.640053362438,637.9049915015086,659.640053362438,-1000.0,171.47658279301376,1659.640053362438,19,expanding,losing_streak_fitness,expanding,rep_3
29,3,0,86986,86986,125287,659.640053362438,623.9560559435554,659.640053362438,-1000.0,182.91681864570236,1659.640053362438,20,expanding,losing_streak_fitness,expanding,rep_3
30,3,0,86986,86986,125287,659.640053362438,647.8691836098533,659.640053362438,219.0,59.54355785068888,440.6400533624381,21,expanding,losing_streak_fitness,expanding,rep_3
31,3,0,86986,86986,125287,659.640053362438,600.1560568644292,659.640053362438,-1000.0,286.9230661128812,1659.640053362438,22,expanding,losing_streak_fitness,expanding,rep_3
32,3,0,86986,86986,125287,659.640053362438,619.8392129895626,659.640053362438,-1000.0,235.49123391967373,1659.640053362438,23,expanding,losing_streak_fitness,expanding,rep_3
33,3,0,86986,86986,125287,659.640053362438,601.8010070425661,659.640053362438,-1000.0,286.4565789765412,1659.640053362438,24,expanding,losing_streak_fitness,expanding,rep_3
34,3,0,86986,86986,125287,659.640053362438,596.5258146639479,659.640053362438,-1000.0,290.8646485327208,1659.640053362438,25,expanding,losing_streak_fitness,expanding,rep_3
35,3,0,86986,86986,125287,659.640053362438,581.4033784873875,659.640053362438,-1000.0,328.8815627342423,1659.640053362438,26,expanding,losing_streak_fitness,expanding,rep_3
36,3,0,86986,86986,125287,659.640053362438,632.2147444710823,659.640053362438,-1000.0,175.46216409269044,1659.640053362438,27,expanding,losing_streak_fitness,expanding,rep_3
37,3,0,86986,86986,125287,659.640053362438,620.6102855498802,659.640053362438,-1000.0,235.13618119456768,1659.640053362438,28,expanding,losing_streak_fitness,expanding,rep_3
38,3,0,86986,86986,125287,659.640053362438,656.1828837181009,659.640053362438,391.3118960624632,27.42746384793044,268.3281572999748,29,expanding,losing_streak_fitness,expanding,rep_3
39,3,0,86986,86986,125287,659.640053362438,631.6614726060828,659.640053362438,-1000.0,174.59383882345674,1659.640053362438,30,expanding,losing_streak_fitness,expanding,rep_3
40,3,0,86986,86986,125287,659.640053362438,635.0141826026046,659.640053362438,-1000.0,171.11266267233063,1659.640053362438,31,expanding,losing_streak_fitness,expanding,rep_3
41,3,0,86986,86986,125287,659.640053362438,635.6647160432605,659.640053362438,-1000.0,170.57673642006156,1659.640053362438,32,expanding,losing_streak_fitness,expanding,rep_3
42,3,0,86986,86986,125287,659.640053362438,615.3079568158998,659.640053362438,-1000.0,239.97354757687788,1659.640053362438,33,expanding,losing_streak_fitness,expanding,rep_3
43,3,0,86986,86986,125287,659.640053362438,576.2059741392736,659.640053362438,-1000.0,332.79538665590024,1659.640053362438,34,expanding,losing_streak_fitness,expanding,rep_3
44,3,0,86986,86986,125287,659.640053362438,596.1532178895096,659.640053362438,-1000.0,289.3077785111458,1659.640053362438,35,expanding,losing_streak_fitness,expanding,rep_3
45,3,0,86986,86986,125287,659.640053362438,650.6130882671409,659.640053362438,391.3118960624632,45.05147869740146,268.3281572999748,36,expanding,losing_streak_fitness,expanding,rep_3
46,3,0,86986,86986,125287,659.640053362438,631.5162639726874,659.640053362438,-1000.0,172.82754976436846,1659.640053362438,37,expanding,losing_streak_fitness,expanding,rep_3
47,3,0,86986,86986,125287,659.640053362438,643.237229613194,659.640053362438,336.58282784479667,65.60662105924989,323.05722551764137,38,expanding,losing_streak_fitness,expanding,rep_3
48,3,0,86986,86986,125287,659.640053362438,597.1039478071931,659.640053362438,-1000.0,291.1174433765749,1659.640053362438,39,expanding,losing_streak_fitness,expanding,rep_3
49,3,0,86986,86986,125287,659.640053362438,585.1885270370959,659.640053362438,-1000.0,329.3820082245225,1659.640053362438,40,expanding,losing_streak_fitness,expanding,rep_3
50,3,0,86986,86986,125287,659.640053362438,632.4623147168921,659.640053362438,-1000.0,178.25774887146792,1659.640053362438,41,expanding,losing_streak_fitness,expanding,rep_3
51,3,0,86986,86986,125287,659.640053362438,651.2431596748115,659.640053362438,391.3118960624632,43.77464070044712,268.3281572999748,42,expanding,losing_streak_fitness,expanding,rep_3
52,3,0,86986,86986,125287,659.640053362438,610.7609351814707,659.640053362438,-1000.0,243.43777346947152,1659.640053362438,43,expanding,losing_streak_fitness,expanding,rep_3
53,3,0,86986,86986,125287,659.640053362438,651.0852882984368,659.640053362438,219.0,51.84492573616205,440.6400533624381,44,expanding,losing_streak_fitness,expanding,rep_3
54,3,0,86986,86986,125287,659.640053362438,618.8489161926343,659.640053362438,-1000.0,238.1912553238989,1659.640053362438,45,expanding,losing_streak_fitness,expanding,rep_3
55,3,0,86986,86986,125287,659.640053362438,592.7886845942522,659.640053362438,-1000.0,288.5298776907149,1659.640053362438,46,expanding,losing_streak_fitness,expanding,rep_3
56,3,0,86986,86986,125287,659.640053362438,632.7416606604693,659.640053362438,-1000.0,174.29492974387114,1659.640053362438,47,expanding,losing_streak_fitness,expanding,rep_3
57,3,0,86986,86986,125287,659.640053362438,641.8986349500599,659.640053362438,200.10302901810917,81.32295708722903,459.53702434432887,48,expanding,losing_streak_fitness,expanding,rep_3
58,3,0,86986,86986,125287,659.640053362438,626.8885269031183,659.640053362438,-1000.0,179.56269473229452,1659.640053362438,49,expanding,losing_streak_fitness,expanding,rep_3
59,3,0,86986,86986,125287,659.640053362438,606.173065910889,659.640053362438,-1000.0,285.75099381958853,1659.640053362438,50,expanding,losing_streak_fitness,expanding,rep_3
60,3,0,86986,86986,125287,659.640053362438,639.3658669781379,659.640053362438,-1000.0,168.7346495623356,1659.640053362438,51,expanding,losing_streak_fitness,expanding,rep_3
61,3,0,86986,86986,125287,659.640053362438,622.6663112262297,659.640053362438,-1000.0,234.57499686768705,1659.640053362438,52,expanding,losing_streak_fitness,expanding,rep_3
62,3,0,86986,86986,125287,659.640053362438,628.0765524863539,659.640053362438,-1000.0,175.24785973089575,1659.640053362438,53,expanding,losing_streak_fitness,expanding,rep_3
63,3,0,86986,86986,125287,659.640053362438,614.1693404519261,659.640053362438,-1000.0,237.9539706971757,1659.640053362438,54,expanding,losing_streak_fitness,expanding,rep_3
64,3,0,86986,86986,125287,659.640053362438,602.8800874230083,659.640053362438,-1000.0,286.403173810123,1659.640053362438,55,expanding,losing_streak_fitness,expanding,rep_3
65,3,0,86986,86986,125287,659.640053362438,601.683926847022,659.640053362438,-1000.0,248.2198460692931,1659.640053362438,56,expanding,losing_streak_fitness,expanding,rep_3
66,3,0,86986,86986,125287,659.640053362438,630.8454435794375,659.640053362438,-1000.0,172.46720172769457,1659.640053362438,57,expanding,losing_streak_fitness,expanding,rep_3
67,3,0,86986,86986,125287,659.640053362438,643.7555437076023,659.640053362438,200.10302901810917,68.64571736884396,459.53702434432887,58,expanding,losing_streak_fitness,expanding,rep_3
68,3,0,86986,86986,125287,659.640053362438,615.2088887361258,659.640053362438,-1000.0,239.14297246057427,1659.640053362438,59,expanding,losing_streak_fitness,expanding,rep_3
69,3,0,86986,86986,125287,659.640053362438,645.249690792944,659.640053362438,336.58282784479667,61.44847995268978,323.05722551764137,60,expanding,losing_streak_fitness,expanding,rep_3
70,3,0,86986,86986,125287,659.640053362438,581.0143720354711,659.640053362438,-1000.0,329.4030865405669,1659.640053362438,61,expanding,losing_streak_fitness,expanding,rep_3
71,3,0,86986,86986,125287,659.640053362438,595.9785954040449,659.640053362438,-1000.0,287.99660460299015,1659.640053362438,62,expanding,losing_streak_fitness,expanding,rep_3
72,3,0,86986,86986,125287,659.640053362438,638.9582570006668,659.640053362438,219.0,76.4813525214188,440.6400533624381,63,expanding,losing_streak_fitness,expanding,rep_3
73,3,0,86986,86986,125287,659.640053362438,625.9308894439627,659.640053362438,-1000.0,180.3726392058274,1659.640053362438,64,expanding,losing_streak_fitness,expanding,rep_3
74,3,0,86986,86986,125287,659.640053362438,596.3531293974264,659.640053362438,-1000.0,289.5918226396228,1659.640053362438,65,expanding,losing_streak_fitness,expanding,rep_3
75,3,0,86986,86986,125287,659.640053362438,609.2862116469674,659.640053362438,-1000.0,242.26372794979716,1659.640053362438,66,expanding,losing_streak_fitness,expanding,rep_3
76,3,0,86986,86986,125287,659.640053362438,597.4202418549481,659.640053362438,-1000.0,291.0071739038402,1659.640053362438,67,expanding,losing_streak_fitness,expanding,rep_3
77,3,0,86986,86986,125287,659.640053362438,579.7292438390482,659.640053362438,-1000.0,329.3798179649633,1659.640053362438,68,expanding,losing_streak_fitness,expanding,rep_3
78,3,0,86986,86986,125287,659.640053362438,645.3714335183731,659.640053362438,210.818510677892,68.40858563640296,448.8215426845461,69,expanding,losing_streak_fitness,expanding,rep_3
79,3,0,86986,86986,125287,659.640053362438,569.4305675758046,659.640053362438,-1000.0,333.3835767508863,1659.640053362438,70,expanding,losing_streak_fitness,expanding,rep_3
80,3,0,86986,86986,125287,659.640053362438,626.0917514117488,659.640053362438,-1000.0,179.0973248721982,1659.640053362438,71,expanding,losing_streak_fitness,expanding,rep_3
81,3,0,86986,86986,125287,659.640053362438,613.2791207416744,659.640053362438,-1000.0,239.7735347919575,1659.640053362438,72,expanding,losing_streak_fitness,expanding,rep_3
82,3,0,86986,86986,125287,659.640053362438,613.2123536983636,659.640053362438,-1000.0,191.99943399345588,1659.640053362438,73,expanding,losing_streak_fitness,expanding,rep_3
83,3,0,86986,86986,125287,659.640053362438,647.7771086307877,659.640053362438,210.818510677892,67.43658766864144,448.8215426845461,74,expanding,losing_streak_fitness,expanding,rep_3
84,3,0,86986,86986,125287,659.640053362438,597.6531429062695,659.640053362438,-1000.0,288.60066565485056,1659.640053362438,75,expanding,losing_streak_fitness,expanding,rep_3
85,3,0,86986,86986,125287,659.640053362438,649.3992722126583,659.640053362438,210.818510677892,55.48818869781866,448.8215426845461,76,expanding,losing_streak_fitness,expanding,rep_3
86,3,0,86986,86986,125287,659.640053362438,575.0449066392066,659.640053362438,-1000.0,332.4794278396201,1659.640053362438,77,expanding,losing_streak_fitness,expanding,rep_3
87,3,0,86986,86986,125287,659.640053362438,641.1624364573661,659.640053362438,336.58282784479667,72.18116990562282,323.05722551764137,78,expanding,losing_streak_fitness,expanding,rep_3
88,3,0,86986,86986,125287,659.640053362438,609.8928598317331,659.640053362438,-1000.0,244.69069913264843,1659.640053362438,79,expanding,losing_streak_fitness,expanding,rep_3
89,3,0,86986,86986,125287,659.640053362438,611.6036816638028,659.640053362438,-1000.0,239.5833221613332,1659.640053362438,80,expanding,losing_streak_fitness,expanding,rep_3
90,3,0,86986,86986,125287,659.640053362438,576.7967362402143,659.640053362438,-1000.0,331.49058073160245,1659.640053362438,81,expanding,losing_streak_fitness,expanding,rep_3
91,3,0,86986,86986,125287,659.640053362438,623.5403639244402,659.640053362438,-1000.0,234.43444638856448,1659.640053362438,82,expanding,losing_streak_fitness,expanding,rep_3
92,3,0,86986,86986,125287,659.640053362438,610.8676262432585,659.640053362438,-1000.0,240.3351473220476,1659.640053362438,83,expanding,losing_streak_fitness,expanding,rep_3
93,3,0,86986,86986,125287,659.640053362438,591.809742763353,659.640053362438,-1000.0,326.6557641507396,1659.640053362438,84,expanding,losing_streak_fitness,expanding,rep_3
94,3,0,86986,86986,125287,659.640053362438,596.23550661255,659.640053362438,-1000.0,288.866970009633,1659.640053362438,85,expanding,losing_streak_fitness,expanding,rep_3
95,3,0,86986,86986,125287,659.640053362438,647.4768612528354,659.640053362438,336.58282784479667,52.19305792084497,323.05722551764137,86,expanding,losing_streak_fitness,expanding,rep_3
96,3,0,86986,86986,125287,659.640053362438,600.5973635337323,659.640053362438,-1000.0,286.9826428361525,1659.640053362438,87,expanding,losing_streak_fitness,expanding,rep_3
97,3,0,86986,86986,125287,659.640053362438,621.5689355362435,659.640053362438,-1000.0,182.370842136018,1659.640053362438,88,expanding,losing_streak_fitness,expanding,rep_3
98,3,0,86986,86986,125287,659.640053362438,590.1820436014547,659.640053362438,-1000.0,291.76373155311467,1659.640053362438,89,expanding,losing_streak_fitness,expanding,rep_3
99,3,0,86986,86986,125287,659.640053362438,576.0571898341778,659.640053362438,-1000.0,329.4247573389544,1659.640053362438,90,expanding,losing_streak_fitness,expanding,rep_3
100,3,0,86986,86986,125287,659.640053362438,610.2327107282011,659.640053362438,-1000.0,242.2259101785344,1659.640053362438,91,expanding,losing_streak_fitness,expanding,rep_3
0,4,0,125287,125287,130699,419.06562731868144,-14840.651646816665,-1491.104528105536,-243240.03178342173,37188.47025118302,243659.0974107404,0,expanding,losing_streak_fitness,expanding,rep_3
1,4,0,125287,125287,130699,550.0236358557694,-1329.8580801482467,-350.45738387449467,-31084.07531843828,3746.835675245071,31634.09895429405,0,expanding,losing_streak_fitness,expanding,rep_3
2,4,0,125287,125287,130699,627.3659219307341,-224.2431863525632,-43.43568585980825,-4669.839259218542,679.2254122211076,5297.205181149276,0,expanding,losing_streak_fitness,expanding,rep_3
3,4,0,125287,125287,130699,627.3659219307341,45.58594089896874,56.43516054274264,-1000.0,257.12762790186844,1627.3659219307342,1,expanding,losing_streak_fitness,expanding,rep_3
4,4,0,125287,125287,130699,627.3659219307341,104.61137339728631,127.2440883428534,-1000.0,309.7477182654296,1627.3659219307342,2,expanding,losing_streak_fitness,expanding,rep_3
5,4,0,125287,125287,130699,811.9396529299453,271.5861572652107,274.1429810485472,-309.48182499138784,194.98914651865243,1121.421477921333,0,expanding,losing_streak_fitness,expanding,rep_3
6,4,0,125287,125287,130699,911.206343261503,380.7983413942025,367.9604065610645,-212.5,223.8678345493945,1123.706343261503,0,expanding,losing_streak_fitness,expanding,rep_3
7,4,0,125287,125287,130699,871.4212528966689,493.071515859689,553.9654431059777,40.79215610874228,195.21870093075836,830.6290967879266,1,expanding,losing_streak_fitness,expanding,rep_3
8,4,0,125287,125287,130699,894.1767163150693,588.9426368386637,627.3659219307341,-25.33333333333333,182.47713802091312,919.5100496484026,2,expanding,losing_streak_fitness,expanding,rep_3
9,4,0,125287,125287,130699,894.1767163150693,624.6560843349436,737.7946868878902,134.66666666666666,179.89133667641488,759.5100496484026,3,expanding,losing_streak_fitness,expanding,rep_3
10,4,0,125287,125287,130699,894.1767163150693,653.2259588061706,737.7946868878902,134.66666666666666,169.10825422527512,759.5100496484026,4,expanding,losing_streak_fitness,expanding,rep_3
11,4,0,125287,125287,130699,894.1767163150693,675.4137349814758,737.7946868878902,134.66666666666666,166.99719561392124,759.5100496484026,5,expanding,losing_streak_fitness,expanding,rep_3
12,4,0,125287,125287,130699,894.1767163150693,654.0971758852501,737.7946868878902,119.14696806885183,181.273413702078,775.0297482462174,6,expanding,losing_streak_fitness,expanding,rep_3
13,4,0,125287,125287,130699,894.1767163150693,652.6134628794255,737.7946868878902,119.14696806885183,198.5314412834521,775.0297482462174,7,expanding,losing_streak_fitness,expanding,rep_3
14,4,0,125287,125287,130699,894.1767163150693,641.1711458454056,737.7946868878902,134.66666666666666,198.6426258793184,759.5100496484026,8,expanding,losing_streak_fitness,expanding,rep_3
15,4,0,125287,125287,130699,894.1767163150693,656.9258836704525,737.7946868878902,119.14696806885183,188.4506205731539,775.0297482462174,9,expanding,losing_streak_fitness,expanding,rep_3
16,4,0,125287,125287,130699,894.1767163150693,673.25893726226,737.7946868878902,254.66666666666663,175.0106211522574,639.5100496484026,10,expanding,losing_streak_fitness,expanding,rep_3
17,4,0,125287,125287,130699,894.1767163150693,667.1498113608859,737.7946868878902,88.33459118601273,186.83246389061253,805.8421251290565,11,expanding,losing_streak_fitness,expanding,rep_3
18,4,0,125287,125287,130699,894.1767163150693,661.8814583856328,737.7946868878902,-47.94788837894741,187.89034501994811,942.1246046940166,12,expanding,losing_streak_fitness,expanding,rep_3
19,4,0,125287,125287,130699,894.1767163150693,647.8050074309584,737.7946868878902,119.14696806885183,195.43126732196717,775.0297482462174,13,expanding,losing_streak_fitness,expanding,rep_3
20,4,0,125287,125287,130699,894.1767163150693,637.343461169396,737.7946868878902,119.14696806885183,203.00655699260315,775.0297482462174,14,expanding,losing_streak_fitness,expanding,rep_3
21,4,0,125287,125287,130699,894.1767163150693,688.7242343340803,737.7946868878902,134.66666666666666,172.68813204861596,759.5100496484026,15,expanding,losing_streak_fitness,expanding,rep_3
22,4,0,125287,125287,130699,894.1767163150693,626.2145109602825,737.7946868878902,-47.94788837894741,245.79564828198752,942.1246046940166,16,expanding,losing_streak_fitness,expanding,rep_3
23,4,0,125287,125287,130699,894.1767163150693,695.287517002568,737.7946868878902,119.14696806885183,221.29272040368429,775.0297482462174,17,expanding,losing_streak_fitness,expanding,rep_3
24,4,0,125287,125287,130699,894.1767163150693,740.8003342363531,894.1767163150693,88.33459118601273,216.9944925154029,805.8421251290565,18,expanding,losing_streak_fitness,expanding,rep_3
25,4,0,125287,125287,130699,894.1767163150693,811.9328139302763,894.1767163150693,88.33459118601273,191.4133653315228,805.8421251290565,19,expanding,losing_streak_fitness,expanding,rep_3
26,4,0,125287,125287,130699,894.1767163150693,843.4093235076443,894.1767163150693,88.33459118601273,167.08839142226722,805.8421251290565,20,expanding,losing_streak_fitness,expanding,rep_3
27,4,0,125287,125287,130699,894.1767163150693,823.1151994167084,894.1767163150693,133.77053321100112,206.82851444768096,760.4061831040681,21,expanding,losing_streak_fitness,expanding,rep_3
28,4,0,125287,125287,130699,894.1767163150693,855.1012660277161,894.1767163150693,133.77053321100112,140.8511179734221,760.4061831040681,22,expanding,losing_streak_fitness,expanding,rep_3
29,4,0,125287,125287,130699,894.1767163150693,857.2631456734379,894.1767163150693,88.33459118601273,155.12497464554608,805.8421251290565,23,expanding,losing_streak_fitness,expanding,rep_3
30,4,0,125287,125287,130699,894.1767163150693,821.543081157401,894.1767163150693,88.33459118601273,202.9013134759974,805.8421251290565,24,expanding,losing_streak_fitness,expanding,rep_3
31,4,0,125287,125287,130699,894.1767163150693,876.5487067608265,894.1767163150693,254.66666666666663,82.79764664489471,639.5100496484026,25,expanding,losing_streak_fitness,expanding,rep_3
32,4,0,125287,125287,130699,894.1767163150693,812.9497801836004,894.1767163150693,88.33459118601273,219.2681337740812,805.8421251290565,26,expanding,losing_streak_fitness,expanding,rep_3
33,4,0,125287,125287,130699,894.1767163150693,854.3931686574927,894.1767163150693,88.33459118601273,151.7116447025353,805.8421251290565,27,expanding,losing_streak_fitness,expanding,rep_3
34,4,0,125287,125287,130699,894.1767163150693,854.0562537144032,894.1767163150693,88.33459118601273,157.00270909965823,805.8421251290565,28,expanding,losing_streak_fitness,expanding,rep_3
35,4,0,125287,125287,130699,894.1767163150693,838.9773868444547,894.1767163150693,88.33459118601273,172.47873021419844,805.8421251290565,29,expanding,losing_streak_fitness,expanding,rep_3
36,4,0,125287,125287,130699,894.1767163150693,829.3256775403049,894.1767163150693,88.33459118601273,196.53550815387325,805.8421251290565,30,expanding,losing_streak_fitness,expanding,rep_3
37,4,0,125287,125287,130699,894.1767163150693,844.7026740253584,894.1767163150693,88.33459118601273,168.33083721511065,805.8421251290565,31,expanding,losing_streak_fitness,expanding,rep_3
38,4,0,125287,125287,130699,894.1767163150693,855.1173416377529,894.1767163150693,88.33459118601273,142.15512474747018,805.8421251290565,32,expanding,losing_streak_fitness,expanding,rep_3
39,4,0,125287,125287,130699,894.1767163150693,848.868208605912,894.1767163150693,88.33459118601273,169.4775095288657,805.8421251290565,33,expanding,losing_streak_fitness,expanding,rep_3
40,4,0,125287,125287,130699,894.1767163150693,824.9796441217575,894.1767163150693,88.33459118601273,198.9839824195828,805.8421251290565,34,expanding,losing_streak_fitness,expanding,rep_3
41,4,0,125287,125287,130699,894.1767163150693,846.3752258538469,894.1767163150693,88.33459118601273,167.6749445873906,805.8421251290565,35,expanding,losing_streak_fitness,expanding,rep_3
42,4,0,125287,125287,130699,894.1767163150693,850.4492063214642,894.1767163150693,88.33459118601273,160.5851243978088,805.8421251290565,36,expanding,losing_streak_fitness,expanding,rep_3
43,4,0,125287,125287,130699,894.1767163150693,819.3431960077412,894.1767163150693,88.33459118601273,212.719295811624,805.8421251290565,37,expanding,losing_streak_fitness,expanding,rep_3
44,4,0,125287,125287,130699,894.1767163150693,858.6067339815455,894.1767163150693,133.77053321100112,142.54749233354696,760.4061831040681,38,expanding,losing_streak_fitness,expanding,rep_3
45,4,0,125287,125287,130699,894.1767163150693,846.8651351122944,894.1767163150693,88.33459118601273,153.2359690807067,805.8421251290565,39,expanding,losing_streak_fitness,expanding,rep_3
46,4,0,125287,125287,130699,894.1767163150693,846.4303811328215,894.1767163150693,88.33459118601273,166.48898915005338,805.8421251290565,40,expanding,losing_streak_fitness,expanding,rep_3
47,4,0,125287,125287,130699,894.1767163150693,871.652498896861,894.1767163150693,133.77053321100112,105.726714237452,760.4061831040681,41,expanding,losing_streak_fitness,expanding,rep_3
48,4,0,125287,125287,130699,894.1767163150693,844.3456330040708,894.1767163150693,88.33459118601273,165.6290760225524,805.8421251290565,42,expanding,losing_streak_fitness,expanding,rep_3
49,4,0,125287,125287,130699,894.1767163150693,859.8665374286077,894.1767163150693,88.33459118601273,132.75403629290346,805.8421251290565,43,expanding,losing_streak_fitness,expanding,rep_3
50,4,0,125287,125287,130699,894.1767163150693,877.4731569781604,894.1767163150693,254.66666666666663,82.03349829377686,639.5100496484026,44,expanding,losing_streak_fitness,expanding,rep_3
51,4,0,125287,125287,130699,894.1767163150693,847.5997530777819,894.1767163150693,88.33459118601273,156.96066949021915,805.8421251290565,45,expanding,losing_streak_fitness,expanding,rep_3
52,4,0,125287,125287,130699,894.1767163150693,861.8852217886773,894.1767163150693,88.33459118601273,138.1105098276914,805.8421251290565,46,expanding,losing_streak_fitness,expanding,rep_3
53,4,0,125287,125287,130699,894.1767163150693,860.7467687955702,894.1767163150693,133.77053321100112,127.5209936598815,760.4061831040681,47,expanding,losing_streak_fitness,expanding,rep_3
54,4,0,125287,125287,130699,894.1767163150693,870.2592252548513,894.1767163150693,88.33459118601273,124.18203652841753,805.8421251290565,48,expanding,losing_streak_fitness,expanding,rep_3
55,4,0,125287,125287,130699,894.1767163150693,848.0548557714769,894.1767163150693,88.33459118601273,169.8884179994198,805.8421251290565,49,expanding,losing_streak_fitness,expanding,rep_3
56,4,0,125287,125287,130699,894.1767163150693,845.8443127026154,894.1767163150693,88.33459118601273,165.27190737992095,805.8421251290565,50,expanding,losing_streak_fitness,expanding,rep_3
57,4,0,125287,125287,130699,894.1767163150693,849.4943771694042,894.1767163150693,88.33459118601273,156.73744314963145,805.8421251290565,51,expanding,losing_streak_fitness,expanding,rep_3
58,4,0,125287,125287,130699,894.1767163150693,849.6907303432141,894.1767163150693,88.33459118601273,153.69625653428662,805.8421251290565,52,expanding,losing_streak_fitness,expanding,rep_3
59,4,0,125287,125287,130699,894.1767163150693,824.6869601640627,894.1767163150693,88.33459118601273,206.24763906909055,805.8421251290565,53,expanding,losing_streak_fitness,expanding,rep_3
60,4,0,125287,125287,130699,894.1767163150693,834.751497015326,894.1767163150693,88.33459118601273,190.2428756830434,805.8421251290565,54,expanding,losing_streak_fitness,expanding,rep_3
61,4,0,125287,125287,130699,894.1767163150693,854.8556365405894,894.1767163150693,88.33459118601273,148.02065029935932,805.8421251290565,55,expanding,losing_streak_fitness,expanding,rep_3
62,4,0,125287,125287,130699,894.1767163150693,822.7187843855298,894.1767163150693,88.33459118601273,210.4299847764456,805.8421251290565,56,expanding,losing_streak_fitness,expanding,rep_3
63,4,0,125287,125287,130699,894.1767163150693,853.3659360062662,894.1767163150693,133.77053321100112,140.3583810341432,760.4061831040681,57,expanding,losing_streak_fitness,expanding,rep_3
64,4,0,125287,125287,130699,894.1767163150693,856.102245804233,894.1767163150693,133.77053321100112,138.73607858716372,760.4061831040681,58,expanding,losing_streak_fitness,expanding,rep_3
65,4,0,125287,125287,130699,894.1767163150693,853.1629937380906,894.1767163150693,133.77053321100112,132.97346428732132,760.4061831040681,59,expanding,losing_streak_fitness,expanding,rep_3
66,4,0,125287,125287,130699,894.1767163150693,841.1029576540528,894.1767163150693,88.33459118601273,167.0300387745385,805.8421251290565,60,expanding,losing_streak_fitness,expanding,rep_3
67,4,0,125287,125287,130699,894.1767163150693,851.4874605048012,894.1767163150693,88.33459118601273,165.1844024248734,805.8421251290565,61,expanding,losing_streak_fitness,expanding,rep_3
68,4,0,125287,125287,130699,894.1767163150693,837.6134546298437,894.1767163150693,88.33459118601273,180.18083745823975,805.8421251290565,62,expanding,losing_streak_fitness,expanding,rep_3
69,4,0,125287,125287,130699,894.1767163150693,849.4822681306455,894.1767163150693,88.33459118601273,149.55795891044997,805.8421251290565,63,expanding,losing_streak_fitness,expanding,rep_3
70,4,0,125287,125287,130699,894.1767163150693,831.0986910913991,894.1767163150693,88.33459118601273,182.17562258166123,805.8421251290565,64,expanding,losing_streak_fitness,expanding,rep_3
71,4,0,125287,125287,130699,894.1767163150693,846.1035512172754,894.1767163150693,88.33459118601273,177.55131268796967,805.8421251290565,65,expanding,losing_streak_fitness,expanding,rep_3
72,4,0,125287,125287,130699,894.1767163150693,845.3038242444985,894.1767163150693,88.33459118601273,160.99632011557216,805.8421251290565,66,expanding,losing_streak_fitness,expanding,rep_3
73,4,0,125287,125287,130699,894.1767163150693,862.939440988247,894.1767163150693,88.33459118601273,124.14947937992235,805.8421251290565,67,expanding,losing_streak_fitness,expanding,rep_3
74,4,0,125287,125287,130699,894.1767163150693,832.5862603034835,894.1767163150693,88.33459118601273,195.76029295818137,805.8421251290565,68,expanding,losing_streak_fitness,expanding,rep_3
75,4,0,125287,125287,130699,894.1767163150693,833.7685173822392,894.1767163150693,88.33459118601273,176.83512862564987,805.8421251290565,69,expanding,losing_streak_fitness,expanding,rep_3
76,4,0,125287,125287,130699,894.1767163150693,791.7684774664516,894.1767163150693,88.33459118601273,245.96428865237556,805.8421251290565,70,expanding,losing_streak_fitness,expanding,rep_3
77,4,0,125287,125287,130699,894.1767163150693,838.2865934968154,894.1767163150693,88.33459118601273,173.00489294299337,805.8421251290565,71,expanding,losing_streak_fitness,expanding,rep_3
78,4,0,125287,125287,130699,894.1767163150693,855.4548343668317,894.1767163150693,88.33459118601273,140.37983475248362,805.8421251290565,72,expanding,losing_streak_fitness,expanding,rep_3
79,4,0,125287,125287,130699,894.1767163150693,839.5346393790143,894.1767163150693,88.33459118601273,165.1880720974447,805.8421251290565,73,expanding,losing_streak_fitness,expanding,rep_3
80,4,0,125287,125287,130699,894.1767163150693,849.5368528643231,894.1767163150693,133.77053321100112,152.1273908799493,760.4061831040681,74,expanding,losing_streak_fitness,expanding,rep_3
81,4,0,125287,125287,130699,894.1767163150693,862.0936026808787,894.1767163150693,88.33459118601273,119.75598176453268,805.8421251290565,75,expanding,losing_streak_fitness,expanding,rep_3
82,4,0,125287,125287,130699,894.1767163150693,814.0324552140623,894.1767163150693,88.33459118601273,211.2879739538941,805.8421251290565,76,expanding,losing_streak_fitness,expanding,rep_3
83,4,0,125287,125287,130699,894.1767163150693,827.9181127086289,894.1767163150693,88.33459118601273,199.319672808955,805.8421251290565,77,expanding,losing_streak_fitness,expanding,rep_3
84,4,0,125287,125287,130699,894.1767163150693,854.4119044199272,894.1767163150693,133.77053321100112,150.16698085880628,760.4061831040681,78,expanding,losing_streak_fitness,expanding,rep_3
85,4,0,125287,125287,130699,894.1767163150693,850.8977964334413,894.1767163150693,88.33459118601273,162.43850609661135,805.8421251290565,79,expanding,losing_streak_fitness,expanding,rep_3
86,4,0,125287,125287,130699,894.1767163150693,855.2488293734887,894.1767163150693,88.33459118601273,147.69970547144715,805.8421251290565,80,expanding,losing_streak_fitness,expanding,rep_3
87,4,0,125287,125287,130699,894.1767163150693,852.9294474622006,894.1767163150693,88.33459118601273,152.80083898178876,805.8421251290565,81,expanding,losing_streak_fitness,expanding,rep_3
88,4,0,125287,125287,130699,894.1767163150693,855.7170408444072,894.1767163150693,88.33459118601273,141.14605630948316,805.8421251290565,82,expanding,losing_streak_fitness,expanding,rep_3
89,4,0,125287,125287,130699,894.1767163150693,863.1537879972235,894.1767163150693,88.33459118601273,130.57158912695266,805.8421251290565,83,expanding,losing_streak_fitness,expanding,rep_3
90,4,0,125287,125287,130699,894.1767163150693,833.751921119155,894.1767163150693,88.33459118601273,181.55488986162663,805.8421251290565,84,expanding,losing_streak_fitness,expanding,rep_3
91,4,0,125287,125287,130699,894.1767163150693,839.6892052376985,894.1767163150693,88.33459118601273,186.1628776085601,805.8421251290565,85,expanding,losing_streak_fitness,expanding,rep_3
92,4,0,125287,125287,130699,894.1767163150693,870.9681765789361,894.1767163150693,254.66666666666663,104.60772133361742,639.5100496484026,86,expanding,losing_streak_fitness,expanding,rep_3
93,4,0,125287,125287,130699,894.1767163150693,862.7118281619089,894.1767163150693,88.33459118601273,119.17842773345583,805.8421251290565,87,expanding,losing_streak_fitness,expanding,rep_3
94,4,0,125287,125287,130699,894.1767163150693,837.2917456184487,894.1767163150693,88.33459118601273,170.9593595988377,805.8421251290565,88,expanding,losing_streak_fitness,expanding,rep_3
95,4,0,125287,125287,130699,894.1767163150693,858.4869152456235,894.1767163150693,88.33459118601273,138.26863408027396,805.8421251290565,89,expanding,losing_streak_fitness,expanding,rep_3
96,4,0,125287,125287,130699,894.1767163150693,847.643724068358,894.1767163150693,88.33459118601273,165.76355093302857,805.8421251290565,90,expanding,losing_streak_fitness,expanding,rep_3
97,4,0,125287,125287,130699,894.1767163150693,839.0468932638172,894.1767163150693,88.33459118601273,173.16544191535627,805.8421251290565,91,expanding,losing_streak_fitness,expanding,rep_3
98,4,0,125287,125287,130699,894.1767163150693,833.4944013579942,894.1767163150693,88.33459118601273,186.07301468792275,805.8421251290565,92,expanding,losing_streak_fitness,expanding,rep_3
99,4,0,125287,125287,130699,894.1767163150693,862.5765650628014,894.1767163150693,88.33459118601273,125.67832320976515,805.8421251290565,93,expanding,losing_streak_fitness,expanding,rep_3
100,4,0,125287,125287,130699,894.1767163150693,830.3942085118814,894.1767163150693,88.33459118601273,183.8555696962781,805.8421251290565,94,expanding,losing_streak_fitness,expanding,rep_3
