dataset_type,window_id,train_start,train_end,test_start,test_end,generation,min_impulse_candles,max_duration_ms,diagonal_imbalance_ratio_threshold,min_imbalance_count,take_profit_ticks,stop_loss_ticks,fitness,number_of_trades,net_profit,gross_profit,gross_loss,profit_factor,max_drawdown,win_rate,expectancy,biggest_loss,longest_losing_streak,analysis_generation,selected_generation
test,1,0,22406,22406,53560,0,10,1628,5.5,9,5,9,-45.0,5,-45.0,63.0,108.0,0.5833333333333334,87.0,0.6,-9.0,54.0,1,0,0
train,1,0,22406,22406,53560,0,10,1628,5.5,9,5,9,21.0,1,21.0,21.0,0.0,inf,0.0,1.0,21.0,0.0,0,0,0
test,1,0,22406,22406,53560,1,6,2061,9.25,6,4,30,-715.0,10,-715.0,80.0,795.0,0.10062893081761,763.0,0.5,-71.5,159.0,3,1,1
train,1,0,22406,22406,53560,1,6,2061,9.25,6,4,30,32.0,2,32.0,32.0,0.0,inf,0.0,1.0,16.0,0.0,0,1,1
test,1,0,22406,22406,53560,2,10,1715,5.75,8,17,26,-614.0,6,-614.0,81.0,695.0,0.116546762589928,614.0,0.1666666666666666,-102.33333333333331,139.0,4,2,2
train,1,0,22406,22406,53560,2,10,1715,5.75,8,17,26,81.0,1,81.0,81.0,0.0,inf,0.0,1.0,81.0,0.0,0,2,2
test,1,0,22406,22406,53560,2,10,1715,5.75,8,17,26,-614.0,6,-614.0,81.0,695.0,0.116546762589928,614.0,0.1666666666666666,-102.33333333333331,139.0,4,3,2
train,1,0,22406,22406,53560,2,10,1715,5.75,8,17,26,81.0,1,81.0,81.0,0.0,inf,0.0,1.0,81.0,0.0,0,3,2
test,1,0,22406,22406,53560,4,8,3211,6.5,8,29,23,-620.0,5,-620.0,0.0,620.0,0.0,620.0,0.0,-124.0,124.0,5,4,4
train,1,0,22406,22406,53560,4,8,3211,6.5,8,29,23,141.0,1,141.0,141.0,0.0,inf,0.0,1.0,141.0,0.0,0,4,4
test,1,0,22406,22406,53560,4,8,3211,6.5,8,29,23,-620.0,5,-620.0,0.0,620.0,0.0,620.0,0.0,-124.0,124.0,5,5,4
train,1,0,22406,22406,53560,4,8,3211,6.5,8,29,23,141.0,1,141.0,141.0,0.0,inf,0.0,1.0,141.0,0.0,0,5,4
test,1,0,22406,22406,53560,4,8,3211,6.5,8,29,23,-620.0,5,-620.0,0.0,620.0,0.0,620.0,0.0,-124.0,124.0,5,6,4
train,1,0,22406,22406,53560,4,8,3211,6.5,8,29,23,141.0,1,141.0,141.0,0.0,inf,0.0,1.0,141.0,0.0,0,6,4
test,1,0,22406,22406,53560,4,8,3211,6.5,8,29,23,-620.0,5,-620.0,0.0,620.0,0.0,620.0,0.0,-124.0,124.0,5,7,4
train,1,0,22406,22406,53560,4,8,3211,6.5,8,29,23,141.0,1,141.0,141.0,0.0,inf,0.0,1.0,141.0,0.0,0,7,4
test,1,0,22406,22406,53560,4,8,3211,6.5,8,29,23,-620.0,5,-620.0,0.0,620.0,0.0,620.0,0.0,-124.0,124.0,5,8,4
train,1,0,22406,22406,53560,4,8,3211,6.5,8,29,23,141.0,1,141.0,141.0,0.0,inf,0.0,1.0,141.0,0.0,0,8,4
test,1,0,22406,22406,53560,4,8,3211,6.5,8,29,23,-620.0,5,-620.0,0.0,620.0,0.0,620.0,0.0,-124.0,124.0,5,9,4
train,1,0,22406,22406,53560,4,8,3211,6.5,8,29,23,141.0,1,141.0,141.0,0.0,inf,0.0,1.0,141.0,0.0,0,9,4
test,1,0,22406,22406,53560,10,8,2413,6.75,8,30,23,-620.0,5,-620.0,0.0,620.0,0.0,620.0,0.0,-124.0,124.0,5,10,10
train,1,0,22406,22406,53560,10,8,2413,6.75,8,30,23,146.0,1,146.0,146.0,0.0,inf,0.0,1.0,146.0,0.0,0,10,10
test,1,0,22406,22406,53560,10,8,2413,6.75,8,30,23,-620.0,5,-620.0,0.0,620.0,0.0,620.0,0.0,-124.0,124.0,5,11,10
train,1,0,22406,22406,53560,10,8,2413,6.75,8,30,23,146.0,1,146.0,146.0,0.0,inf,0.0,1.0,146.0,0.0,0,11,10
test,1,0,22406,22406,53560,10,8,2413,6.75,8,30,23,-620.0,5,-620.0,0.0,620.0,0.0,620.0,0.0,-124.0,124.0,5,12,10
train,1,0,22406,22406,53560,10,8,2413,6.75,8,30,23,146.0,1,146.0,146.0,0.0,inf,0.0,1.0,146.0,0.0,0,12,10
test,1,0,22406,22406,53560,10,8,2413,6.75,8,30,23,-620.0,5,-620.0,0.0,620.0,0.0,620.0,0.0,-124.0,124.0,5,13,10
train,1,0,22406,22406,53560,10,8,2413,6.75,8,30,23,146.0,1,146.0,146.0,0.0,inf,0.0,1.0,146.0,0.0,0,13,10
test,1,0,22406,22406,53560,10,8,2413,6.75,8,30,23,-620.0,5,-620.0,0.0,620.0,0.0,620.0,0.0,-124.0,124.0,5,14,10
train,1,0,22406,22406,53560,10,8,2413,6.75,8,30,23,146.0,1,146.0,146.0,0.0,inf,0.0,1.0,146.0,0.0,0,14,10
test,1,0,22406,22406,53560,10,8,2413,6.75,8,30,23,-620.0,5,-620.0,0.0,620.0,0.0,620.0,0.0,-124.0,124.0,5,15,10
train,1,0,22406,22406,53560,10,8,2413,6.75,8,30,23,146.0,1,146.0,146.0,0.0,inf,0.0,1.0,146.0,0.0,0,15,10
test,1,0,22406,22406,53560,10,8,2413,6.75,8,30,23,-620.0,5,-620.0,0.0,620.0,0.0,620.0,0.0,-124.0,124.0,5,16,10
train,1,0,22406,22406,53560,10,8,2413,6.75,8,30,23,146.0,1,146.0,146.0,0.0,inf,0.0,1.0,146.0,0.0,0,16,10
test,1,0,22406,22406,53560,10,8,2413,6.75,8,30,23,-620.0,5,-620.0,0.0,620.0,0.0,620.0,0.0,-124.0,124.0,5,17,10
train,1,0,22406,22406,53560,10,8,2413,6.75,8,30,23,146.0,1,146.0,146.0,0.0,inf,0.0,1.0,146.0,0.0,0,17,10
test,1,0,22406,22406,53560,10,8,2413,6.75,8,30,23,-620.0,5,-620.0,0.0,620.0,0.0,620.0,0.0,-124.0,124.0,5,18,10
train,1,0,22406,22406,53560,10,8,2413,6.75,8,30,23,146.0,1,146.0,146.0,0.0,inf,0.0,1.0,146.0,0.0,0,18,10
test,1,0,22406,22406,53560,10,8,2413,6.75,8,30,23,-620.0,5,-620.0,0.0,620.0,0.0,620.0,0.0,-124.0,124.0,5,19,10
train,1,0,22406,22406,53560,10,8,2413,6.75,8,30,23,146.0,1,146.0,146.0,0.0,inf,0.0,1.0,146.0,0.0,0,19,10
test,1,0,22406,22406,53560,10,8,2413,6.75,8,30,23,-620.0,5,-620.0,0.0,620.0,0.0,620.0,0.0,-124.0,124.0,5,20,10
train,1,0,22406,22406,53560,10,8,2413,6.75,8,30,23,146.0,1,146.0,146.0,0.0,inf,0.0,1.0,146.0,0.0,0,20,10
test,1,0,22406,22406,53560,10,8,2413,6.75,8,30,23,-620.0,5,-620.0,0.0,620.0,0.0,620.0,0.0,-124.0,124.0,5,21,10
train,1,0,22406,22406,53560,10,8,2413,6.75,8,30,23,146.0,1,146.0,146.0,0.0,inf,0.0,1.0,146.0,0.0,0,21,10
test,1,0,22406,22406,53560,10,8,2413,6.75,8,30,23,-620.0,5,-620.0,0.0,620.0,0.0,620.0,0.0,-124.0,124.0,5,22,10
train,1,0,22406,22406,53560,10,8,2413,6.75,8,30,23,146.0,1,146.0,146.0,0.0,inf,0.0,1.0,146.0,0.0,0,22,10
test,1,0,22406,22406,53560,10,8,2413,6.75,8,30,23,-620.0,5,-620.0,0.0,620.0,0.0,620.0,0.0,-124.0,124.0,5,23,10
train,1,0,22406,22406,53560,10,8,2413,6.75,8,30,23,146.0,1,146.0,146.0,0.0,inf,0.0,1.0,146.0,0.0,0,23,10
test,1,0,22406,22406,53560,10,8,2413,6.75,8,30,23,-620.0,5,-620.0,0.0,620.0,0.0,620.0,0.0,-124.0,124.0,5,24,10
train,1,0,22406,22406,53560,10,8,2413,6.75,8,30,23,146.0,1,146.0,146.0,0.0,inf,0.0,1.0,146.0,0.0,0,24,10
test,1,0,22406,22406,53560,10,8,2413,6.75,8,30,23,-620.0,5,-620.0,0.0,620.0,0.0,620.0,0.0,-124.0,124.0,5,25,10
train,1,0,22406,22406,53560,10,8,2413,6.75,8,30,23,146.0,1,146.0,146.0,0.0,inf,0.0,1.0,146.0,0.0,0,25,10
test,1,0,22406,22406,53560,10,8,2413,6.75,8,30,23,-620.0,5,-620.0,0.0,620.0,0.0,620.0,0.0,-124.0,124.0,5,26,10
train,1,0,22406,22406,53560,10,8,2413,6.75,8,30,23,146.0,1,146.0,146.0,0.0,inf,0.0,1.0,146.0,0.0,0,26,10
test,1,0,22406,22406,53560,10,8,2413,6.75,8,30,23,-620.0,5,-620.0,0.0,620.0,0.0,620.0,0.0,-124.0,124.0,5,27,10
train,1,0,22406,22406,53560,10,8,2413,6.75,8,30,23,146.0,1,146.0,146.0,0.0,inf,0.0,1.0,146.0,0.0,0,27,10
test,1,0,22406,22406,53560,10,8,2413,6.75,8,30,23,-620.0,5,-620.0,0.0,620.0,0.0,620.0,0.0,-124.0,124.0,5,28,10
train,1,0,22406,22406,53560,10,8,2413,6.75,8,30,23,146.0,1,146.0,146.0,0.0,inf,0.0,1.0,146.0,0.0,0,28,10
test,1,0,22406,22406,53560,10,8,2413,6.75,8,30,23,-620.0,5,-620.0,0.0,620.0,0.0,620.0,0.0,-124.0,124.0,5,29,10
train,1,0,22406,22406,53560,10,8,2413,6.75,8,30,23,146.0,1,146.0,146.0,0.0,inf,0.0,1.0,146.0,0.0,0,29,10
test,1,0,22406,22406,53560,10,8,2413,6.75,8,30,23,-620.0,5,-620.0,0.0,620.0,0.0,620.0,0.0,-124.0,124.0,5,30,10
train,1,0,22406,22406,53560,10,8,2413,6.75,8,30,23,146.0,1,146.0,146.0,0.0,inf,0.0,1.0,146.0,0.0,0,30,10
test,1,0,22406,22406,53560,10,8,2413,6.75,8,30,23,-620.0,5,-620.0,0.0,620.0,0.0,620.0,0.0,-124.0,124.0,5,31,10
train,1,0,22406,22406,53560,10,8,2413,6.75,8,30,23,146.0,1,146.0,146.0,0.0,inf,0.0,1.0,146.0,0.0,0,31,10
test,1,0,22406,22406,53560,10,8,2413,6.75,8,30,23,-620.0,5,-620.0,0.0,620.0,0.0,620.0,0.0,-124.0,124.0,5,32,10
train,1,0,22406,22406,53560,10,8,2413,6.75,8,30,23,146.0,1,146.0,146.0,0.0,inf,0.0,1.0,146.0,0.0,0,32,10
test,1,0,22406,22406,53560,10,8,2413,6.75,8,30,23,-620.0,5,-620.0,0.0,620.0,0.0,620.0,0.0,-124.0,124.0,5,33,10
train,1,0,22406,22406,53560,10,8,2413,6.75,8,30,23,146.0,1,146.0,146.0,0.0,inf,0.0,1.0,146.0,0.0,0,33,10
test,1,0,22406,22406,53560,10,8,2413,6.75,8,30,23,-620.0,5,-620.0,0.0,620.0,0.0,620.0,0.0,-124.0,124.0,5,34,10
train,1,0,22406,22406,53560,10,8,2413,6.75,8,30,23,146.0,1,146.0,146.0,0.0,inf,0.0,1.0,146.0,0.0,0,34,10
test,1,0,22406,22406,53560,10,8,2413,6.75,8,30,23,-620.0,5,-620.0,0.0,620.0,0.0,620.0,0.0,-124.0,124.0,5,35,10
train,1,0,22406,22406,53560,10,8,2413,6.75,8,30,23,146.0,1,146.0,146.0,0.0,inf,0.0,1.0,146.0,0.0,0,35,10
test,1,0,22406,22406,53560,10,8,2413,6.75,8,30,23,-620.0,5,-620.0,0.0,620.0,0.0,620.0,0.0,-124.0,124.0,5,36,10
train,1,0,22406,22406,53560,10,8,2413,6.75,8,30,23,146.0,1,146.0,146.0,0.0,inf,0.0,1.0,146.0,0.0,0,36,10
test,1,0,22406,22406,53560,10,8,2413,6.75,8,30,23,-620.0,5,-620.0,0.0,620.0,0.0,620.0,0.0,-124.0,124.0,5,37,10
train,1,0,22406,22406,53560,10,8,2413,6.75,8,30,23,146.0,1,146.0,146.0,0.0,inf,0.0,1.0,146.0,0.0,0,37,10
test,1,0,22406,22406,53560,10,8,2413,6.75,8,30,23,-620.0,5,-620.0,0.0,620.0,0.0,620.0,0.0,-124.0,124.0,5,38,10
train,1,0,22406,22406,53560,10,8,2413,6.75,8,30,23,146.0,1,146.0,146.0,0.0,inf,0.0,1.0,146.0,0.0,0,38,10
test,1,0,22406,22406,53560,10,8,2413,6.75,8,30,23,-620.0,5,-620.0,0.0,620.0,0.0,620.0,0.0,-124.0,124.0,5,39,10
train,1,0,22406,22406,53560,10,8,2413,6.75,8,30,23,146.0,1,146.0,146.0,0.0,inf,0.0,1.0,146.0,0.0,0,39,10
test,1,0,22406,22406,53560,10,8,2413,6.75,8,30,23,-620.0,5,-620.0,0.0,620.0,0.0,620.0,0.0,-124.0,124.0,5,40,10
train,1,0,22406,22406,53560,10,8,2413,6.75,8,30,23,146.0,1,146.0,146.0,0.0,inf,0.0,1.0,146.0,0.0,0,40,10
test,1,0,22406,22406,53560,10,8,2413,6.75,8,30,23,-620.0,5,-620.0,0.0,620.0,0.0,620.0,0.0,-124.0,124.0,5,41,10
train,1,0,22406,22406,53560,10,8,2413,6.75,8,30,23,146.0,1,146.0,146.0,0.0,inf,0.0,1.0,146.0,0.0,0,41,10
test,1,0,22406,22406,53560,10,8,2413,6.75,8,30,23,-620.0,5,-620.0,0.0,620.0,0.0,620.0,0.0,-124.0,124.0,5,42,10
train,1,0,22406,22406,53560,10,8,2413,6.75,8,30,23,146.0,1,146.0,146.0,0.0,inf,0.0,1.0,146.0,0.0,0,42,10
test,1,0,22406,22406,53560,10,8,2413,6.75,8,30,23,-620.0,5,-620.0,0.0,620.0,0.0,620.0,0.0,-124.0,124.0,5,43,10
train,1,0,22406,22406,53560,10,8,2413,6.75,8,30,23,146.0,1,146.0,146.0,0.0,inf,0.0,1.0,146.0,0.0,0,43,10
test,1,0,22406,22406,53560,10,8,2413,6.75,8,30,23,-620.0,5,-620.0,0.0,620.0,0.0,620.0,0.0,-124.0,124.0,5,44,10
train,1,0,22406,22406,53560,10,8,2413,6.75,8,30,23,146.0,1,146.0,146.0,0.0,inf,0.0,1.0,146.0,0.0,0,44,10
test,1,0,22406,22406,53560,10,8,2413,6.75,8,30,23,-620.0,5,-620.0,0.0,620.0,0.0,620.0,0.0,-124.0,124.0,5,45,10
train,1,0,22406,22406,53560,10,8,2413,6.75,8,30,23,146.0,1,146.0,146.0,0.0,inf,0.0,1.0,146.0,0.0,0,45,10
test,1,0,22406,22406,53560,10,8,2413,6.75,8,30,23,-620.0,5,-620.0,0.0,620.0,0.0,620.0,0.0,-124.0,124.0,5,46,10
train,1,0,22406,22406,53560,10,8,2413,6.75,8,30,23,146.0,1,146.0,146.0,0.0,inf,0.0,1.0,146.0,0.0,0,46,10
test,1,0,22406,22406,53560,10,8,2413,6.75,8,30,23,-620.0,5,-620.0,0.0,620.0,0.0,620.0,0.0,-124.0,124.0,5,47,10
train,1,0,22406,22406,53560,10,8,2413,6.75,8,30,23,146.0,1,146.0,146.0,0.0,inf,0.0,1.0,146.0,0.0,0,47,10
test,1,0,22406,22406,53560,10,8,2413,6.75,8,30,23,-620.0,5,-620.0,0.0,620.0,0.0,620.0,0.0,-124.0,124.0,5,48,10
train,1,0,22406,22406,53560,10,8,2413,6.75,8,30,23,146.0,1,146.0,146.0,0.0,inf,0.0,1.0,146.0,0.0,0,48,10
test,1,0,22406,22406,53560,10,8,2413,6.75,8,30,23,-620.0,5,-620.0,0.0,620.0,0.0,620.0,0.0,-124.0,124.0,5,49,10
train,1,0,22406,22406,53560,10,8,2413,6.75,8,30,23,146.0,1,146.0,146.0,0.0,inf,0.0,1.0,146.0,0.0,0,49,10
test,1,0,22406,22406,53560,10,8,2413,6.75,8,30,23,-620.0,5,-620.0,0.0,620.0,0.0,620.0,0.0,-124.0,124.0,5,50,10
train,1,0,22406,22406,53560,10,8,2413,6.75,8,30,23,146.0,1,146.0,146.0,0.0,inf,0.0,1.0,146.0,0.0,0,50,10
test,1,0,22406,22406,53560,10,8,2413,6.75,8,30,23,-620.0,5,-620.0,0.0,620.0,0.0,620.0,0.0,-124.0,124.0,5,51,10
train,1,0,22406,22406,53560,10,8,2413,6.75,8,30,23,146.0,1,146.0,146.0,0.0,inf,0.0,1.0,146.0,0.0,0,51,10
test,1,0,22406,22406,53560,10,8,2413,6.75,8,30,23,-620.0,5,-620.0,0.0,620.0,0.0,620.0,0.0,-124.0,124.0,5,52,10
train,1,0,22406,22406,53560,10,8,2413,6.75,8,30,23,146.0,1,146.0,146.0,0.0,inf,0.0,1.0,146.0,0.0,0,52,10
test,1,0,22406,22406,53560,10,8,2413,6.75,8,30,23,-620.0,5,-620.0,0.0,620.0,0.0,620.0,0.0,-124.0,124.0,5,53,10
train,1,0,22406,22406,53560,10,8,2413,6.75,8,30,23,146.0,1,146.0,146.0,0.0,inf,0.0,1.0,146.0,0.0,0,53,10
test,1,0,22406,22406,53560,10,8,2413,6.75,8,30,23,-620.0,5,-620.0,0.0,620.0,0.0,620.0,0.0,-124.0,124.0,5,54,10
train,1,0,22406,22406,53560,10,8,2413,6.75,8,30,23,146.0,1,146.0,146.0,0.0,inf,0.0,1.0,146.0,0.0,0,54,10
test,1,0,22406,22406,53560,10,8,2413,6.75,8,30,23,-620.0,5,-620.0,0.0,620.0,0.0,620.0,0.0,-124.0,124.0,5,55,10
train,1,0,22406,22406,53560,10,8,2413,6.75,8,30,23,146.0,1,146.0,146.0,0.0,inf,0.0,1.0,146.0,0.0,0,55,10
test,1,0,22406,22406,53560,10,8,2413,6.75,8,30,23,-620.0,5,-620.0,0.0,620.0,0.0,620.0,0.0,-124.0,124.0,5,56,10
train,1,0,22406,22406,53560,10,8,2413,6.75,8,30,23,146.0,1,146.0,146.0,0.0,inf,0.0,1.0,146.0,0.0,0,56,10
test,1,0,22406,22406,53560,10,8,2413,6.75,8,30,23,-620.0,5,-620.0,0.0,620.0,0.0,620.0,0.0,-124.0,124.0,5,57,10
train,1,0,22406,22406,53560,10,8,2413,6.75,8,30,23,146.0,1,146.0,146.0,0.0,inf,0.0,1.0,146.0,0.0,0,57,10
test,1,0,22406,22406,53560,10,8,2413,6.75,8,30,23,-620.0,5,-620.0,0.0,620.0,0.0,620.0,0.0,-124.0,124.0,5,58,10
train,1,0,22406,22406,53560,10,8,2413,6.75,8,30,23,146.0,1,146.0,146.0,0.0,inf,0.0,1.0,146.0,0.0,0,58,10
test,1,0,22406,22406,53560,10,8,2413,6.75,8,30,23,-620.0,5,-620.0,0.0,620.0,0.0,620.0,0.0,-124.0,124.0,5,59,10
train,1,0,22406,22406,53560,10,8,2413,6.75,8,30,23,146.0,1,146.0,146.0,0.0,inf,0.0,1.0,146.0,0.0,0,59,10
test,1,0,22406,22406,53560,10,8,2413,6.75,8,30,23,-620.0,5,-620.0,0.0,620.0,0.0,620.0,0.0,-124.0,124.0,5,60,10
train,1,0,22406,22406,53560,10,8,2413,6.75,8,30,23,146.0,1,146.0,146.0,0.0,inf,0.0,1.0,146.0,0.0,0,60,10
test,1,0,22406,22406,53560,10,8,2413,6.75,8,30,23,-620.0,5,-620.0,0.0,620.0,0.0,620.0,0.0,-124.0,124.0,5,61,10
train,1,0,22406,22406,53560,10,8,2413,6.75,8,30,23,146.0,1,146.0,146.0,0.0,inf,0.0,1.0,146.0,0.0,0,61,10
test,1,0,22406,22406,53560,10,8,2413,6.75,8,30,23,-620.0,5,-620.0,0.0,620.0,0.0,620.0,0.0,-124.0,124.0,5,62,10
train,1,0,22406,22406,53560,10,8,2413,6.75,8,30,23,146.0,1,146.0,146.0,0.0,inf,0.0,1.0,146.0,0.0,0,62,10
test,1,0,22406,22406,53560,10,8,2413,6.75,8,30,23,-620.0,5,-620.0,0.0,620.0,0.0,620.0,0.0,-124.0,124.0,5,63,10
train,1,0,22406,22406,53560,10,8,2413,6.75,8,30,23,146.0,1,146.0,146.0,0.0,inf,0.0,1.0,146.0,0.0,0,63,10
test,1,0,22406,22406,53560,10,8,2413,6.75,8,30,23,-620.0,5,-620.0,0.0,620.0,0.0,620.0,0.0,-124.0,124.0,5,64,10
train,1,0,22406,22406,53560,10,8,2413,6.75,8,30,23,146.0,1,146.0,146.0,0.0,inf,0.0,1.0,146.0,0.0,0,64,10
test,1,0,22406,22406,53560,10,8,2413,6.75,8,30,23,-620.0,5,-620.0,0.0,620.0,0.0,620.0,0.0,-124.0,124.0,5,65,10
train,1,0,22406,22406,53560,10,8,2413,6.75,8,30,23,146.0,1,146.0,146.0,0.0,inf,0.0,1.0,146.0,0.0,0,65,10
test,1,0,22406,22406,53560,10,8,2413,6.75,8,30,23,-620.0,5,-620.0,0.0,620.0,0.0,620.0,0.0,-124.0,124.0,5,66,10
train,1,0,22406,22406,53560,10,8,2413,6.75,8,30,23,146.0,1,146.0,146.0,0.0,inf,0.0,1.0,146.0,0.0,0,66,10
test,1,0,22406,22406,53560,10,8,2413,6.75,8,30,23,-620.0,5,-620.0,0.0,620.0,0.0,620.0,0.0,-124.0,124.0,5,67,10
train,1,0,22406,22406,53560,10,8,2413,6.75,8,30,23,146.0,1,146.0,146.0,0.0,inf,0.0,1.0,146.0,0.0,0,67,10
test,1,0,22406,22406,53560,10,8,2413,6.75,8,30,23,-620.0,5,-620.0,0.0,620.0,0.0,620.0,0.0,-124.0,124.0,5,68,10
train,1,0,22406,22406,53560,10,8,2413,6.75,8,30,23,146.0,1,146.0,146.0,0.0,inf,0.0,1.0,146.0,0.0,0,68,10
test,1,0,22406,22406,53560,10,8,2413,6.75,8,30,23,-620.0,5,-620.0,0.0,620.0,0.0,620.0,0.0,-124.0,124.0,5,69,10
train,1,0,22406,22406,53560,10,8,2413,6.75,8,30,23,146.0,1,146.0,146.0,0.0,inf,0.0,1.0,146.0,0.0,0,69,10
test,1,0,22406,22406,53560,10,8,2413,6.75,8,30,23,-620.0,5,-620.0,0.0,620.0,0.0,620.0,0.0,-124.0,124.0,5,70,10
train,1,0,22406,22406,53560,10,8,2413,6.75,8,30,23,146.0,1,146.0,146.0,0.0,inf,0.0,1.0,146.0,0.0,0,70,10
test,1,0,22406,22406,53560,10,8,2413,6.75,8,30,23,-620.0,5,-620.0,0.0,620.0,0.0,620.0,0.0,-124.0,124.0,5,71,10
train,1,0,22406,22406,53560,10,8,2413,6.75,8,30,23,146.0,1,146.0,146.0,0.0,inf,0.0,1.0,146.0,0.0,0,71,10
test,1,0,22406,22406,53560,10,8,2413,6.75,8,30,23,-620.0,5,-620.0,0.0,620.0,0.0,620.0,0.0,-124.0,124.0,5,72,10
train,1,0,22406,22406,53560,10,8,2413,6.75,8,30,23,146.0,1,146.0,146.0,0.0,inf,0.0,1.0,146.0,0.0,0,72,10
test,1,0,22406,22406,53560,10,8,2413,6.75,8,30,23,-620.0,5,-620.0,0.0,620.0,0.0,620.0,0.0,-124.0,124.0,5,73,10
train,1,0,22406,22406,53560,10,8,2413,6.75,8,30,23,146.0,1,146.0,146.0,0.0,inf,0.0,1.0,146.0,0.0,0,73,10
test,1,0,22406,22406,53560,10,8,2413,6.75,8,30,23,-620.0,5,-620.0,0.0,620.0,0.0,620.0,0.0,-124.0,124.0,5,74,10
train,1,0,22406,22406,53560,10,8,2413,6.75,8,30,23,146.0,1,146.0,146.0,0.0,inf,0.0,1.0,146.0,0.0,0,74,10
test,1,0,22406,22406,53560,10,8,2413,6.75,8,30,23,-620.0,5,-620.0,0.0,620.0,0.0,620.0,0.0,-124.0,124.0,5,75,10
train,1,0,22406,22406,53560,10,8,2413,6.75,8,30,23,146.0,1,146.0,146.0,0.0,inf,0.0,1.0,146.0,0.0,0,75,10
test,1,0,22406,22406,53560,10,8,2413,6.75,8,30,23,-620.0,5,-620.0,0.0,620.0,0.0,620.0,0.0,-124.0,124.0,5,76,10
train,1,0,22406,22406,53560,10,8,2413,6.75,8,30,23,146.0,1,146.0,146.0,0.0,inf,0.0,1.0,146.0,0.0,0,76,10
test,1,0,22406,22406,53560,10,8,2413,6.75,8,30,23,-620.0,5,-620.0,0.0,620.0,0.0,620.0,0.0,-124.0,124.0,5,77,10
train,1,0,22406,22406,53560,10,8,2413,6.75,8,30,23,146.0,1,146.0,146.0,0.0,inf,0.0,1.0,146.0,0.0,0,77,10
test,1,0,22406,22406,53560,10,8,2413,6.75,8,30,23,-620.0,5,-620.0,0.0,620.0,0.0,620.0,0.0,-124.0,124.0,5,78,10
train,1,0,22406,22406,53560,10,8,2413,6.75,8,30,23,146.0,1,146.0,146.0,0.0,inf,0.0,1.0,146.0,0.0,0,78,10
test,1,0,22406,22406,53560,10,8,2413,6.75,8,30,23,-620.0,5,-620.0,0.0,620.0,0.0,620.0,0.0,-124.0,124.0,5,79,10
train,1,0,22406,22406,53560,10,8,2413,6.75,8,30,23,146.0,1,146.0,146.0,0.0,inf,0.0,1.0,146.0,0.0,0,79,10
test,1,0,22406,22406,53560,10,8,2413,6.75,8,30,23,-620.0,5,-620.0,0.0,620.0,0.0,620.0,0.0,-124.0,124.0,5,80,10
train,1,0,22406,22406,53560,10,8,2413,6.75,8,30,23,146.0,1,146.0,146.0,0.0,inf,0.0,1.0,146.0,0.0,0,80,10
test,1,0,22406,22406,53560,10,8,2413,6.75,8,30,23,-620.0,5,-620.0,0.0,620.0,0.0,620.0,0.0,-124.0,124.0,5,81,10
train,1,0,22406,22406,53560,10,8,2413,6.75,8,30,23,146.0,1,146.0,146.0,0.0,inf,0.0,1.0,146.0,0.0,0,81,10
test,1,0,22406,22406,53560,10,8,2413,6.75,8,30,23,-620.0,5,-620.0,0.0,620.0,0.0,620.0,0.0,-124.0,124.0,5,82,10
train,1,0,22406,22406,53560,10,8,2413,6.75,8,30,23,146.0,1,146.0,146.0,0.0,inf,0.0,1.0,146.0,0.0,0,82,10
test,1,0,22406,22406,53560,10,8,2413,6.75,8,30,23,-620.0,5,-620.0,0.0,620.0,0.0,620.0,0.0,-124.0,124.0,5,83,10
train,1,0,22406,22406,53560,10,8,2413,6.75,8,30,23,146.0,1,146.0,146.0,0.0,inf,0.0,1.0,146.0,0.0,0,83,10
test,1,0,22406,22406,53560,10,8,2413,6.75,8,30,23,-620.0,5,-620.0,0.0,620.0,0.0,620.0,0.0,-124.0,124.0,5,84,10
train,1,0,22406,22406,53560,10,8,2413,6.75,8,30,23,146.0,1,146.0,146.0,0.0,inf,0.0,1.0,146.0,0.0,0,84,10
test,1,0,22406,22406,53560,10,8,2413,6.75,8,30,23,-620.0,5,-620.0,0.0,620.0,0.0,620.0,0.0,-124.0,124.0,5,85,10
train,1,0,22406,22406,53560,10,8,2413,6.75,8,30,23,146.0,1,146.0,146.0,0.0,inf,0.0,1.0,146.0,0.0,0,85,10
test,1,0,22406,22406,53560,10,8,2413,6.75,8,30,23,-620.0,5,-620.0,0.0,620.0,0.0,620.0,0.0,-124.0,124.0,5,86,10
train,1,0,22406,22406,53560,10,8,2413,6.75,8,30,23,146.0,1,146.0,146.0,0.0,inf,0.0,1.0,146.0,0.0,0,86,10
test,1,0,22406,22406,53560,10,8,2413,6.75,8,30,23,-620.0,5,-620.0,0.0,620.0,0.0,620.0,0.0,-124.0,124.0,5,87,10
train,1,0,22406,22406,53560,10,8,2413,6.75,8,30,23,146.0,1,146.0,146.0,0.0,inf,0.0,1.0,146.0,0.0,0,87,10
test,1,0,22406,22406,53560,10,8,2413,6.75,8,30,23,-620.0,5,-620.0,0.0,620.0,0.0,620.0,0.0,-124.0,124.0,5,88,10
train,1,0,22406,22406,53560,10,8,2413,6.75,8,30,23,146.0,1,146.0,146.0,0.0,inf,0.0,1.0,146.0,0.0,0,88,10
test,1,0,22406,22406,53560,10,8,2413,6.75,8,30,23,-620.0,5,-620.0,0.0,620.0,0.0,620.0,0.0,-124.0,124.0,5,89,10
train,1,0,22406,22406,53560,10,8,2413,6.75,8,30,23,146.0,1,146.0,146.0,0.0,inf,0.0,1.0,146.0,0.0,0,89,10
test,1,0,22406,22406,53560,10,8,2413,6.75,8,30,23,-620.0,5,-620.0,0.0,620.0,0.0,620.0,0.0,-124.0,124.0,5,90,10
train,1,0,22406,22406,53560,10,8,2413,6.75,8,30,23,146.0,1,146.0,146.0,0.0,inf,0.0,1.0,146.0,0.0,0,90,10
test,1,0,22406,22406,53560,10,8,2413,6.75,8,30,23,-620.0,5,-620.0,0.0,620.0,0.0,620.0,0.0,-124.0,124.0,5,91,10
train,1,0,22406,22406,53560,10,8,2413,6.75,8,30,23,146.0,1,146.0,146.0,0.0,inf,0.0,1.0,146.0,0.0,0,91,10
test,1,0,22406,22406,53560,10,8,2413,6.75,8,30,23,-620.0,5,-620.0,0.0,620.0,0.0,620.0,0.0,-124.0,124.0,5,92,10
train,1,0,22406,22406,53560,10,8,2413,6.75,8,30,23,146.0,1,146.0,146.0,0.0,inf,0.0,1.0,146.0,0.0,0,92,10
test,1,0,22406,22406,53560,10,8,2413,6.75,8,30,23,-620.0,5,-620.0,0.0,620.0,0.0,620.0,0.0,-124.0,124.0,5,93,10
train,1,0,22406,22406,53560,10,8,2413,6.75,8,30,23,146.0,1,146.0,146.0,0.0,inf,0.0,1.0,146.0,0.0,0,93,10
test,1,0,22406,22406,53560,10,8,2413,6.75,8,30,23,-620.0,5,-620.0,0.0,620.0,0.0,620.0,0.0,-124.0,124.0,5,94,10
train,1,0,22406,22406,53560,10,8,2413,6.75,8,30,23,146.0,1,146.0,146.0,0.0,inf,0.0,1.0,146.0,0.0,0,94,10
test,1,0,22406,22406,53560,10,8,2413,6.75,8,30,23,-620.0,5,-620.0,0.0,620.0,0.0,620.0,0.0,-124.0,124.0,5,95,10
train,1,0,22406,22406,53560,10,8,2413,6.75,8,30,23,146.0,1,146.0,146.0,0.0,inf,0.0,1.0,146.0,0.0,0,95,10
test,1,0,22406,22406,53560,10,8,2413,6.75,8,30,23,-620.0,5,-620.0,0.0,620.0,0.0,620.0,0.0,-124.0,124.0,5,96,10
train,1,0,22406,22406,53560,10,8,2413,6.75,8,30,23,146.0,1,146.0,146.0,0.0,inf,0.0,1.0,146.0,0.0,0,96,10
test,1,0,22406,22406,53560,10,8,2413,6.75,8,30,23,-620.0,5,-620.0,0.0,620.0,0.0,620.0,0.0,-124.0,124.0,5,97,10
train,1,0,22406,22406,53560,10,8,2413,6.75,8,30,23,146.0,1,146.0,146.0,0.0,inf,0.0,1.0,146.0,0.0,0,97,10
test,1,0,22406,22406,53560,10,8,2413,6.75,8,30,23,-620.0,5,-620.0,0.0,620.0,0.0,620.0,0.0,-124.0,124.0,5,98,10
train,1,0,22406,22406,53560,10,8,2413,6.75,8,30,23,146.0,1,146.0,146.0,0.0,inf,0.0,1.0,146.0,0.0,0,98,10
test,1,0,22406,22406,53560,10,8,2413,6.75,8,30,23,-620.0,5,-620.0,0.0,620.0,0.0,620.0,0.0,-124.0,124.0,5,99,10
train,1,0,22406,22406,53560,10,8,2413,6.75,8,30,23,146.0,1,146.0,146.0,0.0,inf,0.0,1.0,146.0,0.0,0,99,10
test,1,0,22406,22406,53560,10,8,2413,6.75,8,30,23,-620.0,5,-620.0,0.0,620.0,0.0,620.0,0.0,-124.0,124.0,5,100,10
train,1,0,22406,22406,53560,10,8,2413,6.75,8,30,23,146.0,1,146.0,146.0,0.0,inf,0.0,1.0,146.0,0.0,0,100,10
test,2,22406,53560,53560,86986,0,13,3909,5.5,11,15,30,-88.0,2,-88.0,71.0,159.0,0.4465408805031446,159.0,0.5,-44.0,159.0,1,0,0
train,2,22406,53560,53560,86986,0,13,3909,5.5,11,15,30,71.0,1,71.0,71.0,0.0,inf,0.0,1.0,71.0,0.0,0,0,0
test,2,22406,53560,53560,86986,1,9,692,7.5,4,9,2,-64.0,16,-64.0,164.0,228.0,0.7192982456140351,228.0,0.25,-4.0,19.0,12,1,1
train,2,22406,53560,53560,86986,1,9,692,7.5,4,9,2,72.0,12,72.0,205.0,133.0,1.5413533834586466,95.0,0.4166666666666667,6.0,19.0,5,1,1
test,2,22406,53560,53560,86986,2,9,692,7.5,4,10,3,-150.0,15,-150.0,138.0,288.0,0.4791666666666667,288.0,0.2,-10.0,24.0,12,2,2
train,2,22406,53560,53560,86986,2,9,692,7.5,4,10,3,110.0,10,110.0,230.0,120.0,1.9166666666666667,96.0,0.5,11.0,24.0,4,2,2
test,2,22406,53560,53560,86986,3,7,692,7.25,3,25,2,-264.0,36,-264.0,363.0,627.0,0.5789473684210527,487.0,0.0833333333333333,-7.333333333333333,19.0,24,3,3
train,2,22406,53560,53560,86986,3,7,692,7.25,3,25,2,180.0,20,180.0,484.0,304.0,1.5921052631578947,114.0,0.2,9.0,19.0,6,3,3
test,2,22406,53560,53560,86986,3,7,692,7.25,3,25,2,-264.0,36,-264.0,363.0,627.0,0.5789473684210527,487.0,0.0833333333333333,-7.333333333333333,19.0,24,4,3
train,2,22406,53560,53560,86986,3,7,692,7.25,3,25,2,180.0,20,180.0,484.0,304.0,1.5921052631578947,114.0,0.2,9.0,19.0,6,4,3
test,2,22406,53560,53560,86986,5,7,692,7.25,3,22,2,-309.0,36,-309.0,318.0,627.0,0.507177033492823,502.0,0.0833333333333333,-8.583333333333334,19.0,24,5,5
train,2,22406,53560,53560,86986,5,7,692,7.25,3,22,2,245.0,20,245.0,530.0,285.0,1.8596491228070176,114.0,0.25,12.25,19.0,6,5,5
test,2,22406,53560,53560,86986,5,7,692,7.25,3,22,2,-309.0,36,-309.0,318.0,627.0,0.507177033492823,502.0,0.0833333333333333,-8.583333333333334,19.0,24,6,5
train,2,22406,53560,53560,86986,5,7,692,7.25,3,22,2,245.0,20,245.0,530.0,285.0,1.8596491228070176,114.0,0.25,12.25,19.0,6,6,5
test,2,22406,53560,53560,86986,7,7,692,7.25,4,16,2,-152.0,23,-152.0,228.0,380.0,0.6,323.0,0.1304347826086956,-6.608695652173913,19.0,17,7,7
train,2,22406,53560,53560,86986,7,7,692,7.25,4,16,2,266.0,16,266.0,456.0,190.0,2.4,95.0,0.375,16.625,19.0,5,7,7
test,2,22406,53560,53560,86986,7,7,692,7.25,4,16,2,-152.0,23,-152.0,228.0,380.0,0.6,323.0,0.1304347826086956,-6.608695652173913,19.0,17,8,7
train,2,22406,53560,53560,86986,7,7,692,7.25,4,16,2,266.0,16,266.0,456.0,190.0,2.4,95.0,0.375,16.625,19.0,5,8,7
test,2,22406,53560,53560,86986,9,7,692,7.5,3,20,2,-339.0,36,-339.0,288.0,627.0,0.4593301435406698,512.0,0.0833333333333333,-9.416666666666666,19.0,24,9,9
train,2,22406,53560,53560,86986,9,7,692,7.5,3,20,2,291.0,21,291.0,576.0,285.0,2.0210526315789474,114.0,0.2857142857142857,13.857142857142858,19.0,6,9,9
test,2,22406,53560,53560,86986,9,7,692,7.5,3,20,2,-339.0,36,-339.0,288.0,627.0,0.4593301435406698,512.0,0.0833333333333333,-9.416666666666666,19.0,24,10,9
train,2,22406,53560,53560,86986,9,7,692,7.5,3,20,2,291.0,21,291.0,576.0,285.0,2.0210526315789474,114.0,0.2857142857142857,13.857142857142858,19.0,6,10,9
test,2,22406,53560,53560,86986,9,7,692,7.5,3,20,2,-339.0,36,-339.0,288.0,627.0,0.4593301435406698,512.0,0.0833333333333333,-9.416666666666666,19.0,24,11,9
train,2,22406,53560,53560,86986,9,7,692,7.5,3,20,2,291.0,21,291.0,576.0,285.0,2.0210526315789474,114.0,0.2857142857142857,13.857142857142858,19.0,6,11,9
test,2,22406,53560,53560,86986,9,7,692,7.5,3,20,2,-339.0,36,-339.0,288.0,627.0,0.4593301435406698,512.0,0.0833333333333333,-9.416666666666666,19.0,24,12,9
train,2,22406,53560,53560,86986,9,7,692,7.5,3,20,2,291.0,21,291.0,576.0,285.0,2.0210526315789474,114.0,0.2857142857142857,13.857142857142858,19.0,6,12,9
test,2,22406,53560,53560,86986,13,7,692,7.25,4,20,2,-207.0,23,-207.0,192.0,399.0,0.4812030075187969,380.0,0.0869565217391304,-9.0,19.0,20,13,13
train,2,22406,53560,53560,86986,13,7,692,7.25,4,20,2,309.0,14,309.0,480.0,171.0,2.807017543859649,95.0,0.3571428571428571,22.071428571428573,19.0,5,13,13
test,2,22406,53560,53560,86986,14,7,643,7.25,3,20,2,-339.0,36,-339.0,288.0,627.0,0.4593301435406698,512.0,0.0833333333333333,-9.416666666666666,19.0,24,14,14
train,2,22406,53560,53560,86986,14,7,643,7.25,3,20,2,310.0,20,310.0,576.0,266.0,2.1654135338345863,95.0,0.3,15.5,19.0,5,14,14
test,2,22406,53560,53560,86986,14,7,643,7.25,3,20,2,-339.0,36,-339.0,288.0,627.0,0.4593301435406698,512.0,0.0833333333333333,-9.416666666666666,19.0,24,15,14
train,2,22406,53560,53560,86986,14,7,643,7.25,3,20,2,310.0,20,310.0,576.0,266.0,2.1654135338345863,95.0,0.3,15.5,19.0,5,15,14
test,2,22406,53560,53560,86986,16,7,692,7.5,3,18,2,-369.0,36,-369.0,258.0,627.0,0.4114832535885167,522.0,0.0833333333333333,-10.25,19.0,24,16,16
train,2,22406,53560,53560,86986,16,7,692,7.5,3,18,2,317.0,22,317.0,602.0,285.0,2.112280701754386,57.0,0.3181818181818182,14.409090909090908,19.0,3,16,16
test,2,22406,53560,53560,86986,17,7,692,7.25,4,19,2,-217.0,23,-217.0,182.0,399.0,0.4561403508771929,380.0,0.0869565217391304,-9.434782608695652,19.0,20,17,17
train,2,22406,53560,53560,86986,17,7,692,7.25,4,19,2,356.0,16,356.0,546.0,190.0,2.873684210526316,95.0,0.375,22.25,19.0,5,17,17
test,2,22406,53560,53560,86986,17,7,692,7.25,4,19,2,-217.0,23,-217.0,182.0,399.0,0.4561403508771929,380.0,0.0869565217391304,-9.434782608695652,19.0,20,18,17
train,2,22406,53560,53560,86986,17,7,692,7.25,4,19,2,356.0,16,356.0,546.0,190.0,2.873684210526316,95.0,0.375,22.25,19.0,5,18,17
test,2,22406,53560,53560,86986,19,7,585,7.25,3,19,2,-316.0,34,-316.0,273.0,589.0,0.4634974533106961,479.0,0.088235294117647,-9.294117647058824,19.0,23,19,19
train,2,22406,53560,53560,86986,19,7,585,7.25,3,19,2,371.0,21,371.0,637.0,266.0,2.3947368421052637,57.0,0.3333333333333333,17.666666666666668,19.0,3,19,19
test,2,22406,53560,53560,86986,19,7,585,7.25,3,19,2,-316.0,34,-316.0,273.0,589.0,0.4634974533106961,479.0,0.088235294117647,-9.294117647058824,19.0,23,20,19
train,2,22406,53560,53560,86986,19,7,585,7.25,3,19,2,371.0,21,371.0,637.0,266.0,2.3947368421052637,57.0,0.3333333333333333,17.666666666666668,19.0,3,20,19
test,2,22406,53560,53560,86986,21,7,643,7.25,4,19,2,-217.0,23,-217.0,182.0,399.0,0.4561403508771929,380.0,0.0869565217391304,-9.434782608695652,19.0,20,21,21
train,2,22406,53560,53560,86986,21,7,643,7.25,4,19,2,375.0,15,375.0,546.0,171.0,3.192982456140351,76.0,0.4,25.0,19.0,4,21,21
test,2,22406,53560,53560,86986,21,7,643,7.25,4,19,2,-217.0,23,-217.0,182.0,399.0,0.4561403508771929,380.0,0.0869565217391304,-9.434782608695652,19.0,20,22,21
train,2,22406,53560,53560,86986,21,7,643,7.25,4,19,2,375.0,15,375.0,546.0,171.0,3.192982456140351,76.0,0.4,25.0,19.0,4,22,21
test,2,22406,53560,53560,86986,21,7,643,7.25,4,19,2,-217.0,23,-217.0,182.0,399.0,0.4561403508771929,380.0,0.0869565217391304,-9.434782608695652,19.0,20,23,21
train,2,22406,53560,53560,86986,21,7,643,7.25,4,19,2,375.0,15,375.0,546.0,171.0,3.192982456140351,76.0,0.4,25.0,19.0,4,23,21
test,2,22406,53560,53560,86986,21,7,643,7.25,4,19,2,-217.0,23,-217.0,182.0,399.0,0.4561403508771929,380.0,0.0869565217391304,-9.434782608695652,19.0,20,24,21
train,2,22406,53560,53560,86986,21,7,643,7.25,4,19,2,375.0,15,375.0,546.0,171.0,3.192982456140351,76.0,0.4,25.0,19.0,4,24,21
test,2,22406,53560,53560,86986,21,7,643,7.25,4,19,2,-217.0,23,-217.0,182.0,399.0,0.4561403508771929,380.0,0.0869565217391304,-9.434782608695652,19.0,20,25,21
train,2,22406,53560,53560,86986,21,7,643,7.25,4,19,2,375.0,15,375.0,546.0,171.0,3.192982456140351,76.0,0.4,25.0,19.0,4,25,21
test,2,22406,53560,53560,86986,21,7,643,7.25,4,19,2,-217.0,23,-217.0,182.0,399.0,0.4561403508771929,380.0,0.0869565217391304,-9.434782608695652,19.0,20,26,21
train,2,22406,53560,53560,86986,21,7,643,7.25,4,19,2,375.0,15,375.0,546.0,171.0,3.192982456140351,76.0,0.4,25.0,19.0,4,26,21
test,2,22406,53560,53560,86986,21,7,643,7.25,4,19,2,-217.0,23,-217.0,182.0,399.0,0.4561403508771929,380.0,0.0869565217391304,-9.434782608695652,19.0,20,27,21
train,2,22406,53560,53560,86986,21,7,643,7.25,4,19,2,375.0,15,375.0,546.0,171.0,3.192982456140351,76.0,0.4,25.0,19.0,4,27,21
test,2,22406,53560,53560,86986,21,7,643,7.25,4,19,2,-217.0,23,-217.0,182.0,399.0,0.4561403508771929,380.0,0.0869565217391304,-9.434782608695652,19.0,20,28,21
train,2,22406,53560,53560,86986,21,7,643,7.25,4,19,2,375.0,15,375.0,546.0,171.0,3.192982456140351,76.0,0.4,25.0,19.0,4,28,21
test,2,22406,53560,53560,86986,21,7,643,7.25,4,19,2,-217.0,23,-217.0,182.0,399.0,0.4561403508771929,380.0,0.0869565217391304,-9.434782608695652,19.0,20,29,21
train,2,22406,53560,53560,86986,21,7,643,7.25,4,19,2,375.0,15,375.0,546.0,171.0,3.192982456140351,76.0,0.4,25.0,19.0,4,29,21
test,2,22406,53560,53560,86986,21,7,643,7.25,4,19,2,-217.0,23,-217.0,182.0,399.0,0.4561403508771929,380.0,0.0869565217391304,-9.434782608695652,19.0,20,30,21
train,2,22406,53560,53560,86986,21,7,643,7.25,4,19,2,375.0,15,375.0,546.0,171.0,3.192982456140351,76.0,0.4,25.0,19.0,4,30,21
test,2,22406,53560,53560,86986,21,7,643,7.25,4,19,2,-217.0,23,-217.0,182.0,399.0,0.4561403508771929,380.0,0.0869565217391304,-9.434782608695652,19.0,20,31,21
train,2,22406,53560,53560,86986,21,7,643,7.25,4,19,2,375.0,15,375.0,546.0,171.0,3.192982456140351,76.0,0.4,25.0,19.0,4,31,21
test,2,22406,53560,53560,86986,21,7,643,7.25,4,19,2,-217.0,23,-217.0,182.0,399.0,0.4561403508771929,380.0,0.0869565217391304,-9.434782608695652,19.0,20,32,21
train,2,22406,53560,53560,86986,21,7,643,7.25,4,19,2,375.0,15,375.0,546.0,171.0,3.192982456140351,76.0,0.4,25.0,19.0,4,32,21
test,2,22406,53560,53560,86986,21,7,643,7.25,4,19,2,-217.0,23,-217.0,182.0,399.0,0.4561403508771929,380.0,0.0869565217391304,-9.434782608695652,19.0,20,33,21
train,2,22406,53560,53560,86986,21,7,643,7.25,4,19,2,375.0,15,375.0,546.0,171.0,3.192982456140351,76.0,0.4,25.0,19.0,4,33,21
test,2,22406,53560,53560,86986,21,7,643,7.25,4,19,2,-217.0,23,-217.0,182.0,399.0,0.4561403508771929,380.0,0.0869565217391304,-9.434782608695652,19.0,20,34,21
train,2,22406,53560,53560,86986,21,7,643,7.25,4,19,2,375.0,15,375.0,546.0,171.0,3.192982456140351,76.0,0.4,25.0,19.0,4,34,21
test,2,22406,53560,53560,86986,21,7,643,7.25,4,19,2,-217.0,23,-217.0,182.0,399.0,0.4561403508771929,380.0,0.0869565217391304,-9.434782608695652,19.0,20,35,21
train,2,22406,53560,53560,86986,21,7,643,7.25,4,19,2,375.0,15,375.0,546.0,171.0,3.192982456140351,76.0,0.4,25.0,19.0,4,35,21
test,2,22406,53560,53560,86986,21,7,643,7.25,4,19,2,-217.0,23,-217.0,182.0,399.0,0.4561403508771929,380.0,0.0869565217391304,-9.434782608695652,19.0,20,36,21
train,2,22406,53560,53560,86986,21,7,643,7.25,4,19,2,375.0,15,375.0,546.0,171.0,3.192982456140351,76.0,0.4,25.0,19.0,4,36,21
test,2,22406,53560,53560,86986,21,7,643,7.25,4,19,2,-217.0,23,-217.0,182.0,399.0,0.4561403508771929,380.0,0.0869565217391304,-9.434782608695652,19.0,20,37,21
train,2,22406,53560,53560,86986,21,7,643,7.25,4,19,2,375.0,15,375.0,546.0,171.0,3.192982456140351,76.0,0.4,25.0,19.0,4,37,21
test,2,22406,53560,53560,86986,21,7,643,7.25,4,19,2,-217.0,23,-217.0,182.0,399.0,0.4561403508771929,380.0,0.0869565217391304,-9.434782608695652,19.0,20,38,21
train,2,22406,53560,53560,86986,21,7,643,7.25,4,19,2,375.0,15,375.0,546.0,171.0,3.192982456140351,76.0,0.4,25.0,19.0,4,38,21
test,2,22406,53560,53560,86986,21,7,643,7.25,4,19,2,-217.0,23,-217.0,182.0,399.0,0.4561403508771929,380.0,0.0869565217391304,-9.434782608695652,19.0,20,39,21
train,2,22406,53560,53560,86986,21,7,643,7.25,4,19,2,375.0,15,375.0,546.0,171.0,3.192982456140351,76.0,0.4,25.0,19.0,4,39,21
test,2,22406,53560,53560,86986,21,7,643,7.25,4,19,2,-217.0,23,-217.0,182.0,399.0,0.4561403508771929,380.0,0.0869565217391304,-9.434782608695652,19.0,20,40,21
train,2,22406,53560,53560,86986,21,7,643,7.25,4,19,2,375.0,15,375.0,546.0,171.0,3.192982456140351,76.0,0.4,25.0,19.0,4,40,21
test,2,22406,53560,53560,86986,21,7,643,7.25,4,19,2,-217.0,23,-217.0,182.0,399.0,0.4561403508771929,380.0,0.0869565217391304,-9.434782608695652,19.0,20,41,21
train,2,22406,53560,53560,86986,21,7,643,7.25,4,19,2,375.0,15,375.0,546.0,171.0,3.192982456140351,76.0,0.4,25.0,19.0,4,41,21
test,2,22406,53560,53560,86986,21,7,643,7.25,4,19,2,-217.0,23,-217.0,182.0,399.0,0.4561403508771929,380.0,0.0869565217391304,-9.434782608695652,19.0,20,42,21
train,2,22406,53560,53560,86986,21,7,643,7.25,4,19,2,375.0,15,375.0,546.0,171.0,3.192982456140351,76.0,0.4,25.0,19.0,4,42,21
test,2,22406,53560,53560,86986,21,7,643,7.25,4,19,2,-217.0,23,-217.0,182.0,399.0,0.4561403508771929,380.0,0.0869565217391304,-9.434782608695652,19.0,20,43,21
train,2,22406,53560,53560,86986,21,7,643,7.25,4,19,2,375.0,15,375.0,546.0,171.0,3.192982456140351,76.0,0.4,25.0,19.0,4,43,21
test,2,22406,53560,53560,86986,21,7,643,7.25,4,19,2,-217.0,23,-217.0,182.0,399.0,0.4561403508771929,380.0,0.0869565217391304,-9.434782608695652,19.0,20,44,21
train,2,22406,53560,53560,86986,21,7,643,7.25,4,19,2,375.0,15,375.0,546.0,171.0,3.192982456140351,76.0,0.4,25.0,19.0,4,44,21
test,2,22406,53560,53560,86986,21,7,643,7.25,4,19,2,-217.0,23,-217.0,182.0,399.0,0.4561403508771929,380.0,0.0869565217391304,-9.434782608695652,19.0,20,45,21
train,2,22406,53560,53560,86986,21,7,643,7.25,4,19,2,375.0,15,375.0,546.0,171.0,3.192982456140351,76.0,0.4,25.0,19.0,4,45,21
test,2,22406,53560,53560,86986,21,7,643,7.25,4,19,2,-217.0,23,-217.0,182.0,399.0,0.4561403508771929,380.0,0.0869565217391304,-9.434782608695652,19.0,20,46,21
train,2,22406,53560,53560,86986,21,7,643,7.25,4,19,2,375.0,15,375.0,546.0,171.0,3.192982456140351,76.0,0.4,25.0,19.0,4,46,21
test,2,22406,53560,53560,86986,21,7,643,7.25,4,19,2,-217.0,23,-217.0,182.0,399.0,0.4561403508771929,380.0,0.0869565217391304,-9.434782608695652,19.0,20,47,21
train,2,22406,53560,53560,86986,21,7,643,7.25,4,19,2,375.0,15,375.0,546.0,171.0,3.192982456140351,76.0,0.4,25.0,19.0,4,47,21
test,2,22406,53560,53560,86986,21,7,643,7.25,4,19,2,-217.0,23,-217.0,182.0,399.0,0.4561403508771929,380.0,0.0869565217391304,-9.434782608695652,19.0,20,48,21
train,2,22406,53560,53560,86986,21,7,643,7.25,4,19,2,375.0,15,375.0,546.0,171.0,3.192982456140351,76.0,0.4,25.0,19.0,4,48,21
test,2,22406,53560,53560,86986,21,7,643,7.25,4,19,2,-217.0,23,-217.0,182.0,399.0,0.4561403508771929,380.0,0.0869565217391304,-9.434782608695652,19.0,20,49,21
train,2,22406,53560,53560,86986,21,7,643,7.25,4,19,2,375.0,15,375.0,546.0,171.0,3.192982456140351,76.0,0.4,25.0,19.0,4,49,21
test,2,22406,53560,53560,86986,21,7,643,7.25,4,19,2,-217.0,23,-217.0,182.0,399.0,0.4561403508771929,380.0,0.0869565217391304,-9.434782608695652,19.0,20,50,21
train,2,22406,53560,53560,86986,21,7,643,7.25,4,19,2,375.0,15,375.0,546.0,171.0,3.192982456140351,76.0,0.4,25.0,19.0,4,50,21
test,2,22406,53560,53560,86986,21,7,643,7.25,4,19,2,-217.0,23,-217.0,182.0,399.0,0.4561403508771929,380.0,0.0869565217391304,-9.434782608695652,19.0,20,51,21
train,2,22406,53560,53560,86986,21,7,643,7.25,4,19,2,375.0,15,375.0,546.0,171.0,3.192982456140351,76.0,0.4,25.0,19.0,4,51,21
test,2,22406,53560,53560,86986,21,7,643,7.25,4,19,2,-217.0,23,-217.0,182.0,399.0,0.4561403508771929,380.0,0.0869565217391304,-9.434782608695652,19.0,20,52,21
train,2,22406,53560,53560,86986,21,7,643,7.25,4,19,2,375.0,15,375.0,546.0,171.0,3.192982456140351,76.0,0.4,25.0,19.0,4,52,21
test,2,22406,53560,53560,86986,21,7,643,7.25,4,19,2,-217.0,23,-217.0,182.0,399.0,0.4561403508771929,380.0,0.0869565217391304,-9.434782608695652,19.0,20,53,21
train,2,22406,53560,53560,86986,21,7,643,7.25,4,19,2,375.0,15,375.0,546.0,171.0,3.192982456140351,76.0,0.4,25.0,19.0,4,53,21
test,2,22406,53560,53560,86986,21,7,643,7.25,4,19,2,-217.0,23,-217.0,182.0,399.0,0.4561403508771929,380.0,0.0869565217391304,-9.434782608695652,19.0,20,54,21
train,2,22406,53560,53560,86986,21,7,643,7.25,4,19,2,375.0,15,375.0,546.0,171.0,3.192982456140351,76.0,0.4,25.0,19.0,4,54,21
test,2,22406,53560,53560,86986,21,7,643,7.25,4,19,2,-217.0,23,-217.0,182.0,399.0,0.4561403508771929,380.0,0.0869565217391304,-9.434782608695652,19.0,20,55,21
train,2,22406,53560,53560,86986,21,7,643,7.25,4,19,2,375.0,15,375.0,546.0,171.0,3.192982456140351,76.0,0.4,25.0,19.0,4,55,21
test,2,22406,53560,53560,86986,21,7,643,7.25,4,19,2,-217.0,23,-217.0,182.0,399.0,0.4561403508771929,380.0,0.0869565217391304,-9.434782608695652,19.0,20,56,21
train,2,22406,53560,53560,86986,21,7,643,7.25,4,19,2,375.0,15,375.0,546.0,171.0,3.192982456140351,76.0,0.4,25.0,19.0,4,56,21
test,2,22406,53560,53560,86986,21,7,643,7.25,4,19,2,-217.0,23,-217.0,182.0,399.0,0.4561403508771929,380.0,0.0869565217391304,-9.434782608695652,19.0,20,57,21
train,2,22406,53560,53560,86986,21,7,643,7.25,4,19,2,375.0,15,375.0,546.0,171.0,3.192982456140351,76.0,0.4,25.0,19.0,4,57,21
test,2,22406,53560,53560,86986,21,7,643,7.25,4,19,2,-217.0,23,-217.0,182.0,399.0,0.4561403508771929,380.0,0.0869565217391304,-9.434782608695652,19.0,20,58,21
train,2,22406,53560,53560,86986,21,7,643,7.25,4,19,2,375.0,15,375.0,546.0,171.0,3.192982456140351,76.0,0.4,25.0,19.0,4,58,21
test,2,22406,53560,53560,86986,21,7,643,7.25,4,19,2,-217.0,23,-217.0,182.0,399.0,0.4561403508771929,380.0,0.0869565217391304,-9.434782608695652,19.0,20,59,21
train,2,22406,53560,53560,86986,21,7,643,7.25,4,19,2,375.0,15,375.0,546.0,171.0,3.192982456140351,76.0,0.4,25.0,19.0,4,59,21
test,2,22406,53560,53560,86986,21,7,643,7.25,4,19,2,-217.0,23,-217.0,182.0,399.0,0.4561403508771929,380.0,0.0869565217391304,-9.434782608695652,19.0,20,60,21
train,2,22406,53560,53560,86986,21,7,643,7.25,4,19,2,375.0,15,375.0,546.0,171.0,3.192982456140351,76.0,0.4,25.0,19.0,4,60,21
test,2,22406,53560,53560,86986,21,7,643,7.25,4,19,2,-217.0,23,-217.0,182.0,399.0,0.4561403508771929,380.0,0.0869565217391304,-9.434782608695652,19.0,20,61,21
train,2,22406,53560,53560,86986,21,7,643,7.25,4,19,2,375.0,15,375.0,546.0,171.0,3.192982456140351,76.0,0.4,25.0,19.0,4,61,21
test,2,22406,53560,53560,86986,21,7,643,7.25,4,19,2,-217.0,23,-217.0,182.0,399.0,0.4561403508771929,380.0,0.0869565217391304,-9.434782608695652,19.0,20,62,21
train,2,22406,53560,53560,86986,21,7,643,7.25,4,19,2,375.0,15,375.0,546.0,171.0,3.192982456140351,76.0,0.4,25.0,19.0,4,62,21
test,2,22406,53560,53560,86986,21,7,643,7.25,4,19,2,-217.0,23,-217.0,182.0,399.0,0.4561403508771929,380.0,0.0869565217391304,-9.434782608695652,19.0,20,63,21
train,2,22406,53560,53560,86986,21,7,643,7.25,4,19,2,375.0,15,375.0,546.0,171.0,3.192982456140351,76.0,0.4,25.0,19.0,4,63,21
test,2,22406,53560,53560,86986,21,7,643,7.25,4,19,2,-217.0,23,-217.0,182.0,399.0,0.4561403508771929,380.0,0.0869565217391304,-9.434782608695652,19.0,20,64,21
train,2,22406,53560,53560,86986,21,7,643,7.25,4,19,2,375.0,15,375.0,546.0,171.0,3.192982456140351,76.0,0.4,25.0,19.0,4,64,21
test,2,22406,53560,53560,86986,21,7,643,7.25,4,19,2,-217.0,23,-217.0,182.0,399.0,0.4561403508771929,380.0,0.0869565217391304,-9.434782608695652,19.0,20,65,21
train,2,22406,53560,53560,86986,21,7,643,7.25,4,19,2,375.0,15,375.0,546.0,171.0,3.192982456140351,76.0,0.4,25.0,19.0,4,65,21
test,2,22406,53560,53560,86986,21,7,643,7.25,4,19,2,-217.0,23,-217.0,182.0,399.0,0.4561403508771929,380.0,0.0869565217391304,-9.434782608695652,19.0,20,66,21
train,2,22406,53560,53560,86986,21,7,643,7.25,4,19,2,375.0,15,375.0,546.0,171.0,3.192982456140351,76.0,0.4,25.0,19.0,4,66,21
test,2,22406,53560,53560,86986,21,7,643,7.25,4,19,2,-217.0,23,-217.0,182.0,399.0,0.4561403508771929,380.0,0.0869565217391304,-9.434782608695652,19.0,20,67,21
train,2,22406,53560,53560,86986,21,7,643,7.25,4,19,2,375.0,15,375.0,546.0,171.0,3.192982456140351,76.0,0.4,25.0,19.0,4,67,21
test,2,22406,53560,53560,86986,21,7,643,7.25,4,19,2,-217.0,23,-217.0,182.0,399.0,0.4561403508771929,380.0,0.0869565217391304,-9.434782608695652,19.0,20,68,21
train,2,22406,53560,53560,86986,21,7,643,7.25,4,19,2,375.0,15,375.0,546.0,171.0,3.192982456140351,76.0,0.4,25.0,19.0,4,68,21
test,2,22406,53560,53560,86986,21,7,643,7.25,4,19,2,-217.0,23,-217.0,182.0,399.0,0.4561403508771929,380.0,0.0869565217391304,-9.434782608695652,19.0,20,69,21
train,2,22406,53560,53560,86986,21,7,643,7.25,4,19,2,375.0,15,375.0,546.0,171.0,3.192982456140351,76.0,0.4,25.0,19.0,4,69,21
test,2,22406,53560,53560,86986,21,7,643,7.25,4,19,2,-217.0,23,-217.0,182.0,399.0,0.4561403508771929,380.0,0.0869565217391304,-9.434782608695652,19.0,20,70,21
train,2,22406,53560,53560,86986,21,7,643,7.25,4,19,2,375.0,15,375.0,546.0,171.0,3.192982456140351,76.0,0.4,25.0,19.0,4,70,21
test,2,22406,53560,53560,86986,21,7,643,7.25,4,19,2,-217.0,23,-217.0,182.0,399.0,0.4561403508771929,380.0,0.0869565217391304,-9.434782608695652,19.0,20,71,21
train,2,22406,53560,53560,86986,21,7,643,7.25,4,19,2,375.0,15,375.0,546.0,171.0,3.192982456140351,76.0,0.4,25.0,19.0,4,71,21
test,2,22406,53560,53560,86986,21,7,643,7.25,4,19,2,-217.0,23,-217.0,182.0,399.0,0.4561403508771929,380.0,0.0869565217391304,-9.434782608695652,19.0,20,72,21
train,2,22406,53560,53560,86986,21,7,643,7.25,4,19,2,375.0,15,375.0,546.0,171.0,3.192982456140351,76.0,0.4,25.0,19.0,4,72,21
test,2,22406,53560,53560,86986,21,7,643,7.25,4,19,2,-217.0,23,-217.0,182.0,399.0,0.4561403508771929,380.0,0.0869565217391304,-9.434782608695652,19.0,20,73,21
train,2,22406,53560,53560,86986,21,7,643,7.25,4,19,2,375.0,15,375.0,546.0,171.0,3.192982456140351,76.0,0.4,25.0,19.0,4,73,21
test,2,22406,53560,53560,86986,21,7,643,7.25,4,19,2,-217.0,23,-217.0,182.0,399.0,0.4561403508771929,380.0,0.0869565217391304,-9.434782608695652,19.0,20,74,21
train,2,22406,53560,53560,86986,21,7,643,7.25,4,19,2,375.0,15,375.0,546.0,171.0,3.192982456140351,76.0,0.4,25.0,19.0,4,74,21
test,2,22406,53560,53560,86986,21,7,643,7.25,4,19,2,-217.0,23,-217.0,182.0,399.0,0.4561403508771929,380.0,0.0869565217391304,-9.434782608695652,19.0,20,75,21
train,2,22406,53560,53560,86986,21,7,643,7.25,4,19,2,375.0,15,375.0,546.0,171.0,3.192982456140351,76.0,0.4,25.0,19.0,4,75,21
test,2,22406,53560,53560,86986,21,7,643,7.25,4,19,2,-217.0,23,-217.0,182.0,399.0,0.4561403508771929,380.0,0.0869565217391304,-9.434782608695652,19.0,20,76,21
train,2,22406,53560,53560,86986,21,7,643,7.25,4,19,2,375.0,15,375.0,546.0,171.0,3.192982456140351,76.0,0.4,25.0,19.0,4,76,21
test,2,22406,53560,53560,86986,21,7,643,7.25,4,19,2,-217.0,23,-217.0,182.0,399.0,0.4561403508771929,380.0,0.0869565217391304,-9.434782608695652,19.0,20,77,21
train,2,22406,53560,53560,86986,21,7,643,7.25,4,19,2,375.0,15,375.0,546.0,171.0,3.192982456140351,76.0,0.4,25.0,19.0,4,77,21
test,2,22406,53560,53560,86986,21,7,643,7.25,4,19,2,-217.0,23,-217.0,182.0,399.0,0.4561403508771929,380.0,0.0869565217391304,-9.434782608695652,19.0,20,78,21
train,2,22406,53560,53560,86986,21,7,643,7.25,4,19,2,375.0,15,375.0,546.0,171.0,3.192982456140351,76.0,0.4,25.0,19.0,4,78,21
test,2,22406,53560,53560,86986,21,7,643,7.25,4,19,2,-217.0,23,-217.0,182.0,399.0,0.4561403508771929,380.0,0.0869565217391304,-9.434782608695652,19.0,20,79,21
train,2,22406,53560,53560,86986,21,7,643,7.25,4,19,2,375.0,15,375.0,546.0,171.0,3.192982456140351,76.0,0.4,25.0,19.0,4,79,21
test,2,22406,53560,53560,86986,21,7,643,7.25,4,19,2,-217.0,23,-217.0,182.0,399.0,0.4561403508771929,380.0,0.0869565217391304,-9.434782608695652,19.0,20,80,21
train,2,22406,53560,53560,86986,21,7,643,7.25,4,19,2,375.0,15,375.0,546.0,171.0,3.192982456140351,76.0,0.4,25.0,19.0,4,80,21
test,2,22406,53560,53560,86986,21,7,643,7.25,4,19,2,-217.0,23,-217.0,182.0,399.0,0.4561403508771929,380.0,0.0869565217391304,-9.434782608695652,19.0,20,81,21
train,2,22406,53560,53560,86986,21,7,643,7.25,4,19,2,375.0,15,375.0,546.0,171.0,3.192982456140351,76.0,0.4,25.0,19.0,4,81,21
test,2,22406,53560,53560,86986,21,7,643,7.25,4,19,2,-217.0,23,-217.0,182.0,399.0,0.4561403508771929,380.0,0.0869565217391304,-9.434782608695652,19.0,20,82,21
train,2,22406,53560,53560,86986,21,7,643,7.25,4,19,2,375.0,15,375.0,546.0,171.0,3.192982456140351,76.0,0.4,25.0,19.0,4,82,21
test,2,22406,53560,53560,86986,21,7,643,7.25,4,19,2,-217.0,23,-217.0,182.0,399.0,0.4561403508771929,380.0,0.0869565217391304,-9.434782608695652,19.0,20,83,21
train,2,22406,53560,53560,86986,21,7,643,7.25,4,19,2,375.0,15,375.0,546.0,171.0,3.192982456140351,76.0,0.4,25.0,19.0,4,83,21
test,2,22406,53560,53560,86986,21,7,643,7.25,4,19,2,-217.0,23,-217.0,182.0,399.0,0.4561403508771929,380.0,0.0869565217391304,-9.434782608695652,19.0,20,84,21
train,2,22406,53560,53560,86986,21,7,643,7.25,4,19,2,375.0,15,375.0,546.0,171.0,3.192982456140351,76.0,0.4,25.0,19.0,4,84,21
test,2,22406,53560,53560,86986,21,7,643,7.25,4,19,2,-217.0,23,-217.0,182.0,399.0,0.4561403508771929,380.0,0.0869565217391304,-9.434782608695652,19.0,20,85,21
train,2,22406,53560,53560,86986,21,7,643,7.25,4,19,2,375.0,15,375.0,546.0,171.0,3.192982456140351,76.0,0.4,25.0,19.0,4,85,21
test,2,22406,53560,53560,86986,21,7,643,7.25,4,19,2,-217.0,23,-217.0,182.0,399.0,0.4561403508771929,380.0,0.0869565217391304,-9.434782608695652,19.0,20,86,21
train,2,22406,53560,53560,86986,21,7,643,7.25,4,19,2,375.0,15,375.0,546.0,171.0,3.192982456140351,76.0,0.4,25.0,19.0,4,86,21
test,2,22406,53560,53560,86986,21,7,643,7.25,4,19,2,-217.0,23,-217.0,182.0,399.0,0.4561403508771929,380.0,0.0869565217391304,-9.434782608695652,19.0,20,87,21
train,2,22406,53560,53560,86986,21,7,643,7.25,4,19,2,375.0,15,375.0,546.0,171.0,3.192982456140351,76.0,0.4,25.0,19.0,4,87,21
test,2,22406,53560,53560,86986,21,7,643,7.25,4,19,2,-217.0,23,-217.0,182.0,399.0,0.4561403508771929,380.0,0.0869565217391304,-9.434782608695652,19.0,20,88,21
train,2,22406,53560,53560,86986,21,7,643,7.25,4,19,2,375.0,15,375.0,546.0,171.0,3.192982456140351,76.0,0.4,25.0,19.0,4,88,21
test,2,22406,53560,53560,86986,21,7,643,7.25,4,19,2,-217.0,23,-217.0,182.0,399.0,0.4561403508771929,380.0,0.0869565217391304,-9.434782608695652,19.0,20,89,21
train,2,22406,53560,53560,86986,21,7,643,7.25,4,19,2,375.0,15,375.0,546.0,171.0,3.192982456140351,76.0,0.4,25.0,19.0,4,89,21
test,2,22406,53560,53560,86986,21,7,643,7.25,4,19,2,-217.0,23,-217.0,182.0,399.0,0.4561403508771929,380.0,0.0869565217391304,-9.434782608695652,19.0,20,90,21
train,2,22406,53560,53560,86986,21,7,643,7.25,4,19,2,375.0,15,375.0,546.0,171.0,3.192982456140351,76.0,0.4,25.0,19.0,4,90,21
test,2,22406,53560,53560,86986,21,7,643,7.25,4,19,2,-217.0,23,-217.0,182.0,399.0,0.4561403508771929,380.0,0.0869565217391304,-9.434782608695652,19.0,20,91,21
train,2,22406,53560,53560,86986,21,7,643,7.25,4,19,2,375.0,15,375.0,546.0,171.0,3.192982456140351,76.0,0.4,25.0,19.0,4,91,21
test,2,22406,53560,53560,86986,21,7,643,7.25,4,19,2,-217.0,23,-217.0,182.0,399.0,0.4561403508771929,380.0,0.0869565217391304,-9.434782608695652,19.0,20,92,21
train,2,22406,53560,53560,86986,21,7,643,7.25,4,19,2,375.0,15,375.0,546.0,171.0,3.192982456140351,76.0,0.4,25.0,19.0,4,92,21
test,2,22406,53560,53560,86986,21,7,643,7.25,4,19,2,-217.0,23,-217.0,182.0,399.0,0.4561403508771929,380.0,0.0869565217391304,-9.434782608695652,19.0,20,93,21
train,2,22406,53560,53560,86986,21,7,643,7.25,4,19,2,375.0,15,375.0,546.0,171.0,3.192982456140351,76.0,0.4,25.0,19.0,4,93,21
test,2,22406,53560,53560,86986,21,7,643,7.25,4,19,2,-217.0,23,-217.0,182.0,399.0,0.4561403508771929,380.0,0.0869565217391304,-9.434782608695652,19.0,20,94,21
train,2,22406,53560,53560,86986,21,7,643,7.25,4,19,2,375.0,15,375.0,546.0,171.0,3.192982456140351,76.0,0.4,25.0,19.0,4,94,21
test,2,22406,53560,53560,86986,21,7,643,7.25,4,19,2,-217.0,23,-217.0,182.0,399.0,0.4561403508771929,380.0,0.0869565217391304,-9.434782608695652,19.0,20,95,21
train,2,22406,53560,53560,86986,21,7,643,7.25,4,19,2,375.0,15,375.0,546.0,171.0,3.192982456140351,76.0,0.4,25.0,19.0,4,95,21
test,2,22406,53560,53560,86986,21,7,643,7.25,4,19,2,-217.0,23,-217.0,182.0,399.0,0.4561403508771929,380.0,0.0869565217391304,-9.434782608695652,19.0,20,96,21
train,2,22406,53560,53560,86986,21,7,643,7.25,4,19,2,375.0,15,375.0,546.0,171.0,3.192982456140351,76.0,0.4,25.0,19.0,4,96,21
test,2,22406,53560,53560,86986,21,7,643,7.25,4,19,2,-217.0,23,-217.0,182.0,399.0,0.4561403508771929,380.0,0.0869565217391304,-9.434782608695652,19.0,20,97,21
train,2,22406,53560,53560,86986,21,7,643,7.25,4,19,2,375.0,15,375.0,546.0,171.0,3.192982456140351,76.0,0.4,25.0,19.0,4,97,21
test,2,22406,53560,53560,86986,21,7,643,7.25,4,19,2,-217.0,23,-217.0,182.0,399.0,0.4561403508771929,380.0,0.0869565217391304,-9.434782608695652,19.0,20,98,21
train,2,22406,53560,53560,86986,21,7,643,7.25,4,19,2,375.0,15,375.0,546.0,171.0,3.192982456140351,76.0,0.4,25.0,19.0,4,98,21
test,2,22406,53560,53560,86986,21,7,643,7.25,4,19,2,-217.0,23,-217.0,182.0,399.0,0.4561403508771929,380.0,0.0869565217391304,-9.434782608695652,19.0,20,99,21
train,2,22406,53560,53560,86986,21,7,643,7.25,4,19,2,375.0,15,375.0,546.0,171.0,3.192982456140351,76.0,0.4,25.0,19.0,4,99,21
test,2,22406,53560,53560,86986,21,7,643,7.25,4,19,2,-217.0,23,-217.0,182.0,399.0,0.4561403508771929,380.0,0.0869565217391304,-9.434782608695652,19.0,20,100,21
train,2,22406,53560,53560,86986,21,7,643,7.25,4,19,2,375.0,15,375.0,546.0,171.0,3.192982456140351,76.0,0.4,25.0,19.0,4,100,21
test,3,53560,86986,86986,125287,0,14,776,4.0,12,13,4,-87.0,3,-87.0,0.0,87.0,0.0,87.0,0.0,-29.0,29.0,3,0,0
train,3,53560,86986,86986,125287,0,14,776,4.0,12,13,4,93.0,3,93.0,122.0,29.0,4.206896551724138,29.0,0.6666666666666666,31.0,29.0,1,0,0
test,3,53560,86986,86986,125287,1,15,2309,7.25,2,18,2,163.0,8,163.0,258.0,95.0,2.7157894736842105,76.0,0.375,20.375,19.0,4,1,1
train,3,53560,86986,86986,125287,1,15,2309,7.25,2,18,2,172.0,2,172.0,172.0,0.0,inf,0.0,1.0,86.0,0.0,0,1,1
test,3,53560,86986,86986,125287,2,12,2912,3.25,5,26,7,108.0,13,108.0,504.0,396.0,1.2727272727272727,264.0,0.3076923076923077,8.307692307692308,44.0,6,2,2
train,3,53560,86986,86986,125287,2,12,2912,3.25,5,26,7,208.0,3,208.0,252.0,44.0,5.727272727272728,44.0,0.6666666666666666,69.33333333333333,44.0,1,2,2
test,3,53560,86986,86986,125287,3,12,1042,5.5,5,26,6,-60.0,10,-60.0,252.0,312.0,0.8076923076923077,234.0,0.2,-6.0,39.0,6,3,3
train,3,53560,86986,86986,125287,3,12,1042,5.5,5,26,6,252.0,2,252.0,252.0,0.0,inf,0.0,1.0,126.0,0.0,0,3,3
test,3,53560,86986,86986,125287,3,12,1042,5.5,5,26,6,-60.0,10,-60.0,252.0,312.0,0.8076923076923077,234.0,0.2,-6.0,39.0,6,4,3
train,3,53560,86986,86986,125287,3,12,1042,5.5,5,26,6,252.0,2,252.0,252.0,0.0,inf,0.0,1.0,126.0,0.0,0,4,3
test,3,53560,86986,86986,125287,3,12,1042,5.5,5,26,6,-60.0,10,-60.0,252.0,312.0,0.8076923076923077,234.0,0.2,-6.0,39.0,6,5,3
train,3,53560,86986,86986,125287,3,12,1042,5.5,5,26,6,252.0,2,252.0,252.0,0.0,inf,0.0,1.0,126.0,0.0,0,5,3
test,3,53560,86986,86986,125287,3,12,1042,5.5,5,26,6,-60.0,10,-60.0,252.0,312.0,0.8076923076923077,234.0,0.2,-6.0,39.0,6,6,3
train,3,53560,86986,86986,125287,3,12,1042,5.5,5,26,6,252.0,2,252.0,252.0,0.0,inf,0.0,1.0,126.0,0.0,0,6,3
test,3,53560,86986,86986,125287,3,12,1042,5.5,5,26,6,-60.0,10,-60.0,252.0,312.0,0.8076923076923077,234.0,0.2,-6.0,39.0,6,7,3
train,3,53560,86986,86986,125287,3,12,1042,5.5,5,26,6,252.0,2,252.0,252.0,0.0,inf,0.0,1.0,126.0,0.0,0,7,3
test,3,53560,86986,86986,125287,8,12,2096,3.75,5,27,2,222.0,12,222.0,393.0,171.0,2.298245614035088,114.0,0.25,18.5,19.0,6,8,8
train,3,53560,86986,86986,125287,8,12,2096,3.75,5,27,2,262.0,2,262.0,262.0,0.0,inf,0.0,1.0,131.0,0.0,0,8,8
test,3,53560,86986,86986,125287,8,12,2096,3.75,5,27,2,222.0,12,222.0,393.0,171.0,2.298245614035088,114.0,0.25,18.5,19.0,6,9,8
train,3,53560,86986,86986,125287,8,12,2096,3.75,5,27,2,262.0,2,262.0,262.0,0.0,inf,0.0,1.0,131.0,0.0,0,9,8
test,3,53560,86986,86986,125287,8,12,2096,3.75,5,27,2,222.0,12,222.0,393.0,171.0,2.298245614035088,114.0,0.25,18.5,19.0,6,10,8
train,3,53560,86986,86986,125287,8,12,2096,3.75,5,27,2,262.0,2,262.0,262.0,0.0,inf,0.0,1.0,131.0,0.0,0,10,8
test,3,53560,86986,86986,125287,8,12,2096,3.75,5,27,2,222.0,12,222.0,393.0,171.0,2.298245614035088,114.0,0.25,18.5,19.0,6,11,8
train,3,53560,86986,86986,125287,8,12,2096,3.75,5,27,2,262.0,2,262.0,262.0,0.0,inf,0.0,1.0,131.0,0.0,0,11,8
test,3,53560,86986,86986,125287,8,12,2096,3.75,5,27,2,222.0,12,222.0,393.0,171.0,2.298245614035088,114.0,0.25,18.5,19.0,6,12,8
train,3,53560,86986,86986,125287,8,12,2096,3.75,5,27,2,262.0,2,262.0,262.0,0.0,inf,0.0,1.0,131.0,0.0,0,12,8
test,3,53560,86986,86986,125287,8,12,2096,3.75,5,27,2,222.0,12,222.0,393.0,171.0,2.298245614035088,114.0,0.25,18.5,19.0,6,13,8
train,3,53560,86986,86986,125287,8,12,2096,3.75,5,27,2,262.0,2,262.0,262.0,0.0,inf,0.0,1.0,131.0,0.0,0,13,8
test,3,53560,86986,86986,125287,8,12,2096,3.75,5,27,2,222.0,12,222.0,393.0,171.0,2.298245614035088,114.0,0.25,18.5,19.0,6,14,8
train,3,53560,86986,86986,125287,8,12,2096,3.75,5,27,2,262.0,2,262.0,262.0,0.0,inf,0.0,1.0,131.0,0.0,0,14,8
test,3,53560,86986,86986,125287,8,12,2096,3.75,5,27,2,222.0,12,222.0,393.0,171.0,2.298245614035088,114.0,0.25,18.5,19.0,6,15,8
train,3,53560,86986,86986,125287,8,12,2096,3.75,5,27,2,262.0,2,262.0,262.0,0.0,inf,0.0,1.0,131.0,0.0,0,15,8
test,3,53560,86986,86986,125287,8,12,2096,3.75,5,27,2,222.0,12,222.0,393.0,171.0,2.298245614035088,114.0,0.25,18.5,19.0,6,16,8
train,3,53560,86986,86986,125287,8,12,2096,3.75,5,27,2,262.0,2,262.0,262.0,0.0,inf,0.0,1.0,131.0,0.0,0,16,8
test,3,53560,86986,86986,125287,8,12,2096,3.75,5,27,2,222.0,12,222.0,393.0,171.0,2.298245614035088,114.0,0.25,18.5,19.0,6,17,8
train,3,53560,86986,86986,125287,8,12,2096,3.75,5,27,2,262.0,2,262.0,262.0,0.0,inf,0.0,1.0,131.0,0.0,0,17,8
test,3,53560,86986,86986,125287,8,12,2096,3.75,5,27,2,222.0,12,222.0,393.0,171.0,2.298245614035088,114.0,0.25,18.5,19.0,6,18,8
train,3,53560,86986,86986,125287,8,12,2096,3.75,5,27,2,262.0,2,262.0,262.0,0.0,inf,0.0,1.0,131.0,0.0,0,18,8
test,3,53560,86986,86986,125287,8,12,2096,3.75,5,27,2,222.0,12,222.0,393.0,171.0,2.298245614035088,114.0,0.25,18.5,19.0,6,19,8
train,3,53560,86986,86986,125287,8,12,2096,3.75,5,27,2,262.0,2,262.0,262.0,0.0,inf,0.0,1.0,131.0,0.0,0,19,8
test,3,53560,86986,86986,125287,8,12,2096,3.75,5,27,2,222.0,12,222.0,393.0,171.0,2.298245614035088,114.0,0.25,18.5,19.0,6,20,8
train,3,53560,86986,86986,125287,8,12,2096,3.75,5,27,2,262.0,2,262.0,262.0,0.0,inf,0.0,1.0,131.0,0.0,0,20,8
test,3,53560,86986,86986,125287,8,12,2096,3.75,5,27,2,222.0,12,222.0,393.0,171.0,2.298245614035088,114.0,0.25,18.5,19.0,6,21,8
train,3,53560,86986,86986,125287,8,12,2096,3.75,5,27,2,262.0,2,262.0,262.0,0.0,inf,0.0,1.0,131.0,0.0,0,21,8
test,3,53560,86986,86986,125287,8,12,2096,3.75,5,27,2,222.0,12,222.0,393.0,171.0,2.298245614035088,114.0,0.25,18.5,19.0,6,22,8
train,3,53560,86986,86986,125287,8,12,2096,3.75,5,27,2,262.0,2,262.0,262.0,0.0,inf,0.0,1.0,131.0,0.0,0,22,8
test,3,53560,86986,86986,125287,8,12,2096,3.75,5,27,2,222.0,12,222.0,393.0,171.0,2.298245614035088,114.0,0.25,18.5,19.0,6,23,8
train,3,53560,86986,86986,125287,8,12,2096,3.75,5,27,2,262.0,2,262.0,262.0,0.0,inf,0.0,1.0,131.0,0.0,0,23,8
test,3,53560,86986,86986,125287,8,12,2096,3.75,5,27,2,222.0,12,222.0,393.0,171.0,2.298245614035088,114.0,0.25,18.5,19.0,6,24,8
train,3,53560,86986,86986,125287,8,12,2096,3.75,5,27,2,262.0,2,262.0,262.0,0.0,inf,0.0,1.0,131.0,0.0,0,24,8
test,3,53560,86986,86986,125287,8,12,2096,3.75,5,27,2,222.0,12,222.0,393.0,171.0,2.298245614035088,114.0,0.25,18.5,19.0,6,25,8
train,3,53560,86986,86986,125287,8,12,2096,3.75,5,27,2,262.0,2,262.0,262.0,0.0,inf,0.0,1.0,131.0,0.0,0,25,8
test,3,53560,86986,86986,125287,8,12,2096,3.75,5,27,2,222.0,12,222.0,393.0,171.0,2.298245614035088,114.0,0.25,18.5,19.0,6,26,8
train,3,53560,86986,86986,125287,8,12,2096,3.75,5,27,2,262.0,2,262.0,262.0,0.0,inf,0.0,1.0,131.0,0.0,0,26,8
test,3,53560,86986,86986,125287,8,12,2096,3.75,5,27,2,222.0,12,222.0,393.0,171.0,2.298245614035088,114.0,0.25,18.5,19.0,6,27,8
train,3,53560,86986,86986,125287,8,12,2096,3.75,5,27,2,262.0,2,262.0,262.0,0.0,inf,0.0,1.0,131.0,0.0,0,27,8
test,3,53560,86986,86986,125287,8,12,2096,3.75,5,27,2,222.0,12,222.0,393.0,171.0,2.298245614035088,114.0,0.25,18.5,19.0,6,28,8
train,3,53560,86986,86986,125287,8,12,2096,3.75,5,27,2,262.0,2,262.0,262.0,0.0,inf,0.0,1.0,131.0,0.0,0,28,8
test,3,53560,86986,86986,125287,8,12,2096,3.75,5,27,2,222.0,12,222.0,393.0,171.0,2.298245614035088,114.0,0.25,18.5,19.0,6,29,8
train,3,53560,86986,86986,125287,8,12,2096,3.75,5,27,2,262.0,2,262.0,262.0,0.0,inf,0.0,1.0,131.0,0.0,0,29,8
test,3,53560,86986,86986,125287,8,12,2096,3.75,5,27,2,222.0,12,222.0,393.0,171.0,2.298245614035088,114.0,0.25,18.5,19.0,6,30,8
train,3,53560,86986,86986,125287,8,12,2096,3.75,5,27,2,262.0,2,262.0,262.0,0.0,inf,0.0,1.0,131.0,0.0,0,30,8
test,3,53560,86986,86986,125287,8,12,2096,3.75,5,27,2,222.0,12,222.0,393.0,171.0,2.298245614035088,114.0,0.25,18.5,19.0,6,31,8
train,3,53560,86986,86986,125287,8,12,2096,3.75,5,27,2,262.0,2,262.0,262.0,0.0,inf,0.0,1.0,131.0,0.0,0,31,8
test,3,53560,86986,86986,125287,8,12,2096,3.75,5,27,2,222.0,12,222.0,393.0,171.0,2.298245614035088,114.0,0.25,18.5,19.0,6,32,8
train,3,53560,86986,86986,125287,8,12,2096,3.75,5,27,2,262.0,2,262.0,262.0,0.0,inf,0.0,1.0,131.0,0.0,0,32,8
test,3,53560,86986,86986,125287,8,12,2096,3.75,5,27,2,222.0,12,222.0,393.0,171.0,2.298245614035088,114.0,0.25,18.5,19.0,6,33,8
train,3,53560,86986,86986,125287,8,12,2096,3.75,5,27,2,262.0,2,262.0,262.0,0.0,inf,0.0,1.0,131.0,0.0,0,33,8
test,3,53560,86986,86986,125287,8,12,2096,3.75,5,27,2,222.0,12,222.0,393.0,171.0,2.298245614035088,114.0,0.25,18.5,19.0,6,34,8
train,3,53560,86986,86986,125287,8,12,2096,3.75,5,27,2,262.0,2,262.0,262.0,0.0,inf,0.0,1.0,131.0,0.0,0,34,8
test,3,53560,86986,86986,125287,8,12,2096,3.75,5,27,2,222.0,12,222.0,393.0,171.0,2.298245614035088,114.0,0.25,18.5,19.0,6,35,8
train,3,53560,86986,86986,125287,8,12,2096,3.75,5,27,2,262.0,2,262.0,262.0,0.0,inf,0.0,1.0,131.0,0.0,0,35,8
test,3,53560,86986,86986,125287,8,12,2096,3.75,5,27,2,222.0,12,222.0,393.0,171.0,2.298245614035088,114.0,0.25,18.5,19.0,6,36,8
train,3,53560,86986,86986,125287,8,12,2096,3.75,5,27,2,262.0,2,262.0,262.0,0.0,inf,0.0,1.0,131.0,0.0,0,36,8
test,3,53560,86986,86986,125287,8,12,2096,3.75,5,27,2,222.0,12,222.0,393.0,171.0,2.298245614035088,114.0,0.25,18.5,19.0,6,37,8
train,3,53560,86986,86986,125287,8,12,2096,3.75,5,27,2,262.0,2,262.0,262.0,0.0,inf,0.0,1.0,131.0,0.0,0,37,8
test,3,53560,86986,86986,125287,8,12,2096,3.75,5,27,2,222.0,12,222.0,393.0,171.0,2.298245614035088,114.0,0.25,18.5,19.0,6,38,8
train,3,53560,86986,86986,125287,8,12,2096,3.75,5,27,2,262.0,2,262.0,262.0,0.0,inf,0.0,1.0,131.0,0.0,0,38,8
test,3,53560,86986,86986,125287,8,12,2096,3.75,5,27,2,222.0,12,222.0,393.0,171.0,2.298245614035088,114.0,0.25,18.5,19.0,6,39,8
train,3,53560,86986,86986,125287,8,12,2096,3.75,5,27,2,262.0,2,262.0,262.0,0.0,inf,0.0,1.0,131.0,0.0,0,39,8
test,3,53560,86986,86986,125287,8,12,2096,3.75,5,27,2,222.0,12,222.0,393.0,171.0,2.298245614035088,114.0,0.25,18.5,19.0,6,40,8
train,3,53560,86986,86986,125287,8,12,2096,3.75,5,27,2,262.0,2,262.0,262.0,0.0,inf,0.0,1.0,131.0,0.0,0,40,8
test,3,53560,86986,86986,125287,8,12,2096,3.75,5,27,2,222.0,12,222.0,393.0,171.0,2.298245614035088,114.0,0.25,18.5,19.0,6,41,8
train,3,53560,86986,86986,125287,8,12,2096,3.75,5,27,2,262.0,2,262.0,262.0,0.0,inf,0.0,1.0,131.0,0.0,0,41,8
test,3,53560,86986,86986,125287,8,12,2096,3.75,5,27,2,222.0,12,222.0,393.0,171.0,2.298245614035088,114.0,0.25,18.5,19.0,6,42,8
train,3,53560,86986,86986,125287,8,12,2096,3.75,5,27,2,262.0,2,262.0,262.0,0.0,inf,0.0,1.0,131.0,0.0,0,42,8
test,3,53560,86986,86986,125287,8,12,2096,3.75,5,27,2,222.0,12,222.0,393.0,171.0,2.298245614035088,114.0,0.25,18.5,19.0,6,43,8
train,3,53560,86986,86986,125287,8,12,2096,3.75,5,27,2,262.0,2,262.0,262.0,0.0,inf,0.0,1.0,131.0,0.0,0,43,8
test,3,53560,86986,86986,125287,8,12,2096,3.75,5,27,2,222.0,12,222.0,393.0,171.0,2.298245614035088,114.0,0.25,18.5,19.0,6,44,8
train,3,53560,86986,86986,125287,8,12,2096,3.75,5,27,2,262.0,2,262.0,262.0,0.0,inf,0.0,1.0,131.0,0.0,0,44,8
test,3,53560,86986,86986,125287,8,12,2096,3.75,5,27,2,222.0,12,222.0,393.0,171.0,2.298245614035088,114.0,0.25,18.5,19.0,6,45,8
train,3,53560,86986,86986,125287,8,12,2096,3.75,5,27,2,262.0,2,262.0,262.0,0.0,inf,0.0,1.0,131.0,0.0,0,45,8
test,3,53560,86986,86986,125287,8,12,2096,3.75,5,27,2,222.0,12,222.0,393.0,171.0,2.298245614035088,114.0,0.25,18.5,19.0,6,46,8
train,3,53560,86986,86986,125287,8,12,2096,3.75,5,27,2,262.0,2,262.0,262.0,0.0,inf,0.0,1.0,131.0,0.0,0,46,8
test,3,53560,86986,86986,125287,8,12,2096,3.75,5,27,2,222.0,12,222.0,393.0,171.0,2.298245614035088,114.0,0.25,18.5,19.0,6,47,8
train,3,53560,86986,86986,125287,8,12,2096,3.75,5,27,2,262.0,2,262.0,262.0,0.0,inf,0.0,1.0,131.0,0.0,0,47,8
test,3,53560,86986,86986,125287,8,12,2096,3.75,5,27,2,222.0,12,222.0,393.0,171.0,2.298245614035088,114.0,0.25,18.5,19.0,6,48,8
train,3,53560,86986,86986,125287,8,12,2096,3.75,5,27,2,262.0,2,262.0,262.0,0.0,inf,0.0,1.0,131.0,0.0,0,48,8
test,3,53560,86986,86986,125287,8,12,2096,3.75,5,27,2,222.0,12,222.0,393.0,171.0,2.298245614035088,114.0,0.25,18.5,19.0,6,49,8
train,3,53560,86986,86986,125287,8,12,2096,3.75,5,27,2,262.0,2,262.0,262.0,0.0,inf,0.0,1.0,131.0,0.0,0,49,8
test,3,53560,86986,86986,125287,8,12,2096,3.75,5,27,2,222.0,12,222.0,393.0,171.0,2.298245614035088,114.0,0.25,18.5,19.0,6,50,8
train,3,53560,86986,86986,125287,8,12,2096,3.75,5,27,2,262.0,2,262.0,262.0,0.0,inf,0.0,1.0,131.0,0.0,0,50,8
test,3,53560,86986,86986,125287,8,12,2096,3.75,5,27,2,222.0,12,222.0,393.0,171.0,2.298245614035088,114.0,0.25,18.5,19.0,6,51,8
train,3,53560,86986,86986,125287,8,12,2096,3.75,5,27,2,262.0,2,262.0,262.0,0.0,inf,0.0,1.0,131.0,0.0,0,51,8
test,3,53560,86986,86986,125287,8,12,2096,3.75,5,27,2,222.0,12,222.0,393.0,171.0,2.298245614035088,114.0,0.25,18.5,19.0,6,52,8
train,3,53560,86986,86986,125287,8,12,2096,3.75,5,27,2,262.0,2,262.0,262.0,0.0,inf,0.0,1.0,131.0,0.0,0,52,8
test,3,53560,86986,86986,125287,8,12,2096,3.75,5,27,2,222.0,12,222.0,393.0,171.0,2.298245614035088,114.0,0.25,18.5,19.0,6,53,8
train,3,53560,86986,86986,125287,8,12,2096,3.75,5,27,2,262.0,2,262.0,262.0,0.0,inf,0.0,1.0,131.0,0.0,0,53,8
test,3,53560,86986,86986,125287,8,12,2096,3.75,5,27,2,222.0,12,222.0,393.0,171.0,2.298245614035088,114.0,0.25,18.5,19.0,6,54,8
train,3,53560,86986,86986,125287,8,12,2096,3.75,5,27,2,262.0,2,262.0,262.0,0.0,inf,0.0,1.0,131.0,0.0,0,54,8
test,3,53560,86986,86986,125287,8,12,2096,3.75,5,27,2,222.0,12,222.0,393.0,171.0,2.298245614035088,114.0,0.25,18.5,19.0,6,55,8
train,3,53560,86986,86986,125287,8,12,2096,3.75,5,27,2,262.0,2,262.0,262.0,0.0,inf,0.0,1.0,131.0,0.0,0,55,8
test,3,53560,86986,86986,125287,8,12,2096,3.75,5,27,2,222.0,12,222.0,393.0,171.0,2.298245614035088,114.0,0.25,18.5,19.0,6,56,8
train,3,53560,86986,86986,125287,8,12,2096,3.75,5,27,2,262.0,2,262.0,262.0,0.0,inf,0.0,1.0,131.0,0.0,0,56,8
test,3,53560,86986,86986,125287,8,12,2096,3.75,5,27,2,222.0,12,222.0,393.0,171.0,2.298245614035088,114.0,0.25,18.5,19.0,6,57,8
train,3,53560,86986,86986,125287,8,12,2096,3.75,5,27,2,262.0,2,262.0,262.0,0.0,inf,0.0,1.0,131.0,0.0,0,57,8
test,3,53560,86986,86986,125287,8,12,2096,3.75,5,27,2,222.0,12,222.0,393.0,171.0,2.298245614035088,114.0,0.25,18.5,19.0,6,58,8
train,3,53560,86986,86986,125287,8,12,2096,3.75,5,27,2,262.0,2,262.0,262.0,0.0,inf,0.0,1.0,131.0,0.0,0,58,8
test,3,53560,86986,86986,125287,8,12,2096,3.75,5,27,2,222.0,12,222.0,393.0,171.0,2.298245614035088,114.0,0.25,18.5,19.0,6,59,8
train,3,53560,86986,86986,125287,8,12,2096,3.75,5,27,2,262.0,2,262.0,262.0,0.0,inf,0.0,1.0,131.0,0.0,0,59,8
test,3,53560,86986,86986,125287,8,12,2096,3.75,5,27,2,222.0,12,222.0,393.0,171.0,2.298245614035088,114.0,0.25,18.5,19.0,6,60,8
train,3,53560,86986,86986,125287,8,12,2096,3.75,5,27,2,262.0,2,262.0,262.0,0.0,inf,0.0,1.0,131.0,0.0,0,60,8
test,3,53560,86986,86986,125287,8,12,2096,3.75,5,27,2,222.0,12,222.0,393.0,171.0,2.298245614035088,114.0,0.25,18.5,19.0,6,61,8
train,3,53560,86986,86986,125287,8,12,2096,3.75,5,27,2,262.0,2,262.0,262.0,0.0,inf,0.0,1.0,131.0,0.0,0,61,8
test,3,53560,86986,86986,125287,8,12,2096,3.75,5,27,2,222.0,12,222.0,393.0,171.0,2.298245614035088,114.0,0.25,18.5,19.0,6,62,8
train,3,53560,86986,86986,125287,8,12,2096,3.75,5,27,2,262.0,2,262.0,262.0,0.0,inf,0.0,1.0,131.0,0.0,0,62,8
test,3,53560,86986,86986,125287,8,12,2096,3.75,5,27,2,222.0,12,222.0,393.0,171.0,2.298245614035088,114.0,0.25,18.5,19.0,6,63,8
train,3,53560,86986,86986,125287,8,12,2096,3.75,5,27,2,262.0,2,262.0,262.0,0.0,inf,0.0,1.0,131.0,0.0,0,63,8
test,3,53560,86986,86986,125287,8,12,2096,3.75,5,27,2,222.0,12,222.0,393.0,171.0,2.298245614035088,114.0,0.25,18.5,19.0,6,64,8
train,3,53560,86986,86986,125287,8,12,2096,3.75,5,27,2,262.0,2,262.0,262.0,0.0,inf,0.0,1.0,131.0,0.0,0,64,8
test,3,53560,86986,86986,125287,8,12,2096,3.75,5,27,2,222.0,12,222.0,393.0,171.0,2.298245614035088,114.0,0.25,18.5,19.0,6,65,8
train,3,53560,86986,86986,125287,8,12,2096,3.75,5,27,2,262.0,2,262.0,262.0,0.0,inf,0.0,1.0,131.0,0.0,0,65,8
test,3,53560,86986,86986,125287,8,12,2096,3.75,5,27,2,222.0,12,222.0,393.0,171.0,2.298245614035088,114.0,0.25,18.5,19.0,6,66,8
train,3,53560,86986,86986,125287,8,12,2096,3.75,5,27,2,262.0,2,262.0,262.0,0.0,inf,0.0,1.0,131.0,0.0,0,66,8
test,3,53560,86986,86986,125287,8,12,2096,3.75,5,27,2,222.0,12,222.0,393.0,171.0,2.298245614035088,114.0,0.25,18.5,19.0,6,67,8
train,3,53560,86986,86986,125287,8,12,2096,3.75,5,27,2,262.0,2,262.0,262.0,0.0,inf,0.0,1.0,131.0,0.0,0,67,8
test,3,53560,86986,86986,125287,8,12,2096,3.75,5,27,2,222.0,12,222.0,393.0,171.0,2.298245614035088,114.0,0.25,18.5,19.0,6,68,8
train,3,53560,86986,86986,125287,8,12,2096,3.75,5,27,2,262.0,2,262.0,262.0,0.0,inf,0.0,1.0,131.0,0.0,0,68,8
test,3,53560,86986,86986,125287,8,12,2096,3.75,5,27,2,222.0,12,222.0,393.0,171.0,2.298245614035088,114.0,0.25,18.5,19.0,6,69,8
train,3,53560,86986,86986,125287,8,12,2096,3.75,5,27,2,262.0,2,262.0,262.0,0.0,inf,0.0,1.0,131.0,0.0,0,69,8
test,3,53560,86986,86986,125287,8,12,2096,3.75,5,27,2,222.0,12,222.0,393.0,171.0,2.298245614035088,114.0,0.25,18.5,19.0,6,70,8
train,3,53560,86986,86986,125287,8,12,2096,3.75,5,27,2,262.0,2,262.0,262.0,0.0,inf,0.0,1.0,131.0,0.0,0,70,8
test,3,53560,86986,86986,125287,8,12,2096,3.75,5,27,2,222.0,12,222.0,393.0,171.0,2.298245614035088,114.0,0.25,18.5,19.0,6,71,8
train,3,53560,86986,86986,125287,8,12,2096,3.75,5,27,2,262.0,2,262.0,262.0,0.0,inf,0.0,1.0,131.0,0.0,0,71,8
test,3,53560,86986,86986,125287,8,12,2096,3.75,5,27,2,222.0,12,222.0,393.0,171.0,2.298245614035088,114.0,0.25,18.5,19.0,6,72,8
train,3,53560,86986,86986,125287,8,12,2096,3.75,5,27,2,262.0,2,262.0,262.0,0.0,inf,0.0,1.0,131.0,0.0,0,72,8
test,3,53560,86986,86986,125287,8,12,2096,3.75,5,27,2,222.0,12,222.0,393.0,171.0,2.298245614035088,114.0,0.25,18.5,19.0,6,73,8
train,3,53560,86986,86986,125287,8,12,2096,3.75,5,27,2,262.0,2,262.0,262.0,0.0,inf,0.0,1.0,131.0,0.0,0,73,8
test,3,53560,86986,86986,125287,8,12,2096,3.75,5,27,2,222.0,12,222.0,393.0,171.0,2.298245614035088,114.0,0.25,18.5,19.0,6,74,8
train,3,53560,86986,86986,125287,8,12,2096,3.75,5,27,2,262.0,2,262.0,262.0,0.0,inf,0.0,1.0,131.0,0.0,0,74,8
test,3,53560,86986,86986,125287,8,12,2096,3.75,5,27,2,222.0,12,222.0,393.0,171.0,2.298245614035088,114.0,0.25,18.5,19.0,6,75,8
train,3,53560,86986,86986,125287,8,12,2096,3.75,5,27,2,262.0,2,262.0,262.0,0.0,inf,0.0,1.0,131.0,0.0,0,75,8
test,3,53560,86986,86986,125287,8,12,2096,3.75,5,27,2,222.0,12,222.0,393.0,171.0,2.298245614035088,114.0,0.25,18.5,19.0,6,76,8
train,3,53560,86986,86986,125287,8,12,2096,3.75,5,27,2,262.0,2,262.0,262.0,0.0,inf,0.0,1.0,131.0,0.0,0,76,8
test,3,53560,86986,86986,125287,8,12,2096,3.75,5,27,2,222.0,12,222.0,393.0,171.0,2.298245614035088,114.0,0.25,18.5,19.0,6,77,8
train,3,53560,86986,86986,125287,8,12,2096,3.75,5,27,2,262.0,2,262.0,262.0,0.0,inf,0.0,1.0,131.0,0.0,0,77,8
test,3,53560,86986,86986,125287,8,12,2096,3.75,5,27,2,222.0,12,222.0,393.0,171.0,2.298245614035088,114.0,0.25,18.5,19.0,6,78,8
train,3,53560,86986,86986,125287,8,12,2096,3.75,5,27,2,262.0,2,262.0,262.0,0.0,inf,0.0,1.0,131.0,0.0,0,78,8
test,3,53560,86986,86986,125287,8,12,2096,3.75,5,27,2,222.0,12,222.0,393.0,171.0,2.298245614035088,114.0,0.25,18.5,19.0,6,79,8
train,3,53560,86986,86986,125287,8,12,2096,3.75,5,27,2,262.0,2,262.0,262.0,0.0,inf,0.0,1.0,131.0,0.0,0,79,8
test,3,53560,86986,86986,125287,8,12,2096,3.75,5,27,2,222.0,12,222.0,393.0,171.0,2.298245614035088,114.0,0.25,18.5,19.0,6,80,8
train,3,53560,86986,86986,125287,8,12,2096,3.75,5,27,2,262.0,2,262.0,262.0,0.0,inf,0.0,1.0,131.0,0.0,0,80,8
test,3,53560,86986,86986,125287,8,12,2096,3.75,5,27,2,222.0,12,222.0,393.0,171.0,2.298245614035088,114.0,0.25,18.5,19.0,6,81,8
train,3,53560,86986,86986,125287,8,12,2096,3.75,5,27,2,262.0,2,262.0,262.0,0.0,inf,0.0,1.0,131.0,0.0,0,81,8
test,3,53560,86986,86986,125287,8,12,2096,3.75,5,27,2,222.0,12,222.0,393.0,171.0,2.298245614035088,114.0,0.25,18.5,19.0,6,82,8
train,3,53560,86986,86986,125287,8,12,2096,3.75,5,27,2,262.0,2,262.0,262.0,0.0,inf,0.0,1.0,131.0,0.0,0,82,8
test,3,53560,86986,86986,125287,8,12,2096,3.75,5,27,2,222.0,12,222.0,393.0,171.0,2.298245614035088,114.0,0.25,18.5,19.0,6,83,8
train,3,53560,86986,86986,125287,8,12,2096,3.75,5,27,2,262.0,2,262.0,262.0,0.0,inf,0.0,1.0,131.0,0.0,0,83,8
test,3,53560,86986,86986,125287,8,12,2096,3.75,5,27,2,222.0,12,222.0,393.0,171.0,2.298245614035088,114.0,0.25,18.5,19.0,6,84,8
train,3,53560,86986,86986,125287,8,12,2096,3.75,5,27,2,262.0,2,262.0,262.0,0.0,inf,0.0,1.0,131.0,0.0,0,84,8
test,3,53560,86986,86986,125287,8,12,2096,3.75,5,27,2,222.0,12,222.0,393.0,171.0,2.298245614035088,114.0,0.25,18.5,19.0,6,85,8
train,3,53560,86986,86986,125287,8,12,2096,3.75,5,27,2,262.0,2,262.0,262.0,0.0,inf,0.0,1.0,131.0,0.0,0,85,8
test,3,53560,86986,86986,125287,8,12,2096,3.75,5,27,2,222.0,12,222.0,393.0,171.0,2.298245614035088,114.0,0.25,18.5,19.0,6,86,8
train,3,53560,86986,86986,125287,8,12,2096,3.75,5,27,2,262.0,2,262.0,262.0,0.0,inf,0.0,1.0,131.0,0.0,0,86,8
test,3,53560,86986,86986,125287,8,12,2096,3.75,5,27,2,222.0,12,222.0,393.0,171.0,2.298245614035088,114.0,0.25,18.5,19.0,6,87,8
train,3,53560,86986,86986,125287,8,12,2096,3.75,5,27,2,262.0,2,262.0,262.0,0.0,inf,0.0,1.0,131.0,0.0,0,87,8
test,3,53560,86986,86986,125287,8,12,2096,3.75,5,27,2,222.0,12,222.0,393.0,171.0,2.298245614035088,114.0,0.25,18.5,19.0,6,88,8
train,3,53560,86986,86986,125287,8,12,2096,3.75,5,27,2,262.0,2,262.0,262.0,0.0,inf,0.0,1.0,131.0,0.0,0,88,8
test,3,53560,86986,86986,125287,8,12,2096,3.75,5,27,2,222.0,12,222.0,393.0,171.0,2.298245614035088,114.0,0.25,18.5,19.0,6,89,8
train,3,53560,86986,86986,125287,8,12,2096,3.75,5,27,2,262.0,2,262.0,262.0,0.0,inf,0.0,1.0,131.0,0.0,0,89,8
test,3,53560,86986,86986,125287,8,12,2096,3.75,5,27,2,222.0,12,222.0,393.0,171.0,2.298245614035088,114.0,0.25,18.5,19.0,6,90,8
train,3,53560,86986,86986,125287,8,12,2096,3.75,5,27,2,262.0,2,262.0,262.0,0.0,inf,0.0,1.0,131.0,0.0,0,90,8
test,3,53560,86986,86986,125287,8,12,2096,3.75,5,27,2,222.0,12,222.0,393.0,171.0,2.298245614035088,114.0,0.25,18.5,19.0,6,91,8
train,3,53560,86986,86986,125287,8,12,2096,3.75,5,27,2,262.0,2,262.0,262.0,0.0,inf,0.0,1.0,131.0,0.0,0,91,8
test,3,53560,86986,86986,125287,8,12,2096,3.75,5,27,2,222.0,12,222.0,393.0,171.0,2.298245614035088,114.0,0.25,18.5,19.0,6,92,8
train,3,53560,86986,86986,125287,8,12,2096,3.75,5,27,2,262.0,2,262.0,262.0,0.0,inf,0.0,1.0,131.0,0.0,0,92,8
test,3,53560,86986,86986,125287,8,12,2096,3.75,5,27,2,222.0,12,222.0,393.0,171.0,2.298245614035088,114.0,0.25,18.5,19.0,6,93,8
train,3,53560,86986,86986,125287,8,12,2096,3.75,5,27,2,262.0,2,262.0,262.0,0.0,inf,0.0,1.0,131.0,0.0,0,93,8
test,3,53560,86986,86986,125287,8,12,2096,3.75,5,27,2,222.0,12,222.0,393.0,171.0,2.298245614035088,114.0,0.25,18.5,19.0,6,94,8
train,3,53560,86986,86986,125287,8,12,2096,3.75,5,27,2,262.0,2,262.0,262.0,0.0,inf,0.0,1.0,131.0,0.0,0,94,8
test,3,53560,86986,86986,125287,8,12,2096,3.75,5,27,2,222.0,12,222.0,393.0,171.0,2.298245614035088,114.0,0.25,18.5,19.0,6,95,8
train,3,53560,86986,86986,125287,8,12,2096,3.75,5,27,2,262.0,2,262.0,262.0,0.0,inf,0.0,1.0,131.0,0.0,0,95,8
test,3,53560,86986,86986,125287,8,12,2096,3.75,5,27,2,222.0,12,222.0,393.0,171.0,2.298245614035088,114.0,0.25,18.5,19.0,6,96,8
train,3,53560,86986,86986,125287,8,12,2096,3.75,5,27,2,262.0,2,262.0,262.0,0.0,inf,0.0,1.0,131.0,0.0,0,96,8
test,3,53560,86986,86986,125287,8,12,2096,3.75,5,27,2,222.0,12,222.0,393.0,171.0,2.298245614035088,114.0,0.25,18.5,19.0,6,97,8
train,3,53560,86986,86986,125287,8,12,2096,3.75,5,27,2,262.0,2,262.0,262.0,0.0,inf,0.0,1.0,131.0,0.0,0,97,8
test,3,53560,86986,86986,125287,8,12,2096,3.75,5,27,2,222.0,12,222.0,393.0,171.0,2.298245614035088,114.0,0.25,18.5,19.0,6,98,8
train,3,53560,86986,86986,125287,8,12,2096,3.75,5,27,2,262.0,2,262.0,262.0,0.0,inf,0.0,1.0,131.0,0.0,0,98,8
test,3,53560,86986,86986,125287,8,12,2096,3.75,5,27,2,222.0,12,222.0,393.0,171.0,2.298245614035088,114.0,0.25,18.5,19.0,6,99,8
train,3,53560,86986,86986,125287,8,12,2096,3.75,5,27,2,262.0,2,262.0,262.0,0.0,inf,0.0,1.0,131.0,0.0,0,99,8
test,3,53560,86986,86986,125287,8,12,2096,3.75,5,27,2,222.0,12,222.0,393.0,171.0,2.298245614035088,114.0,0.25,18.5,19.0,6,100,8
train,3,53560,86986,86986,125287,8,12,2096,3.75,5,27,2,262.0,2,262.0,262.0,0.0,inf,0.0,1.0,131.0,0.0,0,100,8
test,4,86986,125287,125287,130699,0,7,748,7.75,3,13,3,-72.0,3,-72.0,0.0,72.0,0.0,72.0,0.0,-24.0,24.0,3,0,0
train,4,86986,125287,125287,130699,0,7,748,7.75,3,13,3,264.0,74,264.0,1464.0,1200.0,1.22,264.0,0.3243243243243243,3.5675675675675675,24.0,11,0,0
test,4,86986,125287,125287,130699,1,7,2596,6.0,3,15,3,-72.0,3,-72.0,0.0,72.0,0.0,72.0,0.0,-24.0,24.0,3,1,1
train,4,86986,125287,125287,130699,1,7,2596,6.0,3,15,3,424.0,109,424.0,2272.0,1848.0,1.229437229437229,508.0,0.2935779816513761,3.889908256880734,24.0,16,1,1
test,4,86986,125287,125287,130699,1,7,2596,6.0,3,15,3,-72.0,3,-72.0,0.0,72.0,0.0,72.0,0.0,-24.0,24.0,3,2,1
train,4,86986,125287,125287,130699,1,7,2596,6.0,3,15,3,424.0,109,424.0,2272.0,1848.0,1.229437229437229,508.0,0.2935779816513761,3.889908256880734,24.0,16,2,1
test,4,86986,125287,125287,130699,1,7,2596,6.0,3,15,3,-72.0,3,-72.0,0.0,72.0,0.0,72.0,0.0,-24.0,24.0,3,3,1
train,4,86986,125287,125287,130699,1,7,2596,6.0,3,15,3,424.0,109,424.0,2272.0,1848.0,1.229437229437229,508.0,0.2935779816513761,3.889908256880734,24.0,16,3,1
test,4,86986,125287,125287,130699,1,7,2596,6.0,3,15,3,-72.0,3,-72.0,0.0,72.0,0.0,72.0,0.0,-24.0,24.0,3,4,1
train,4,86986,125287,125287,130699,1,7,2596,6.0,3,15,3,424.0,109,424.0,2272.0,1848.0,1.229437229437229,508.0,0.2935779816513761,3.889908256880734,24.0,16,4,1
test,4,86986,125287,125287,130699,1,7,2596,6.0,3,15,3,-72.0,3,-72.0,0.0,72.0,0.0,72.0,0.0,-24.0,24.0,3,5,1
train,4,86986,125287,125287,130699,1,7,2596,6.0,3,15,3,424.0,109,424.0,2272.0,1848.0,1.229437229437229,508.0,0.2935779816513761,3.889908256880734,24.0,16,5,1
test,4,86986,125287,125287,130699,1,7,2596,6.0,3,15,3,-72.0,3,-72.0,0.0,72.0,0.0,72.0,0.0,-24.0,24.0,3,6,1
train,4,86986,125287,125287,130699,1,7,2596,6.0,3,15,3,424.0,109,424.0,2272.0,1848.0,1.229437229437229,508.0,0.2935779816513761,3.889908256880734,24.0,16,6,1
test,4,86986,125287,125287,130699,1,7,2596,6.0,3,15,3,-72.0,3,-72.0,0.0,72.0,0.0,72.0,0.0,-24.0,24.0,3,7,1
train,4,86986,125287,125287,130699,1,7,2596,6.0,3,15,3,424.0,109,424.0,2272.0,1848.0,1.229437229437229,508.0,0.2935779816513761,3.889908256880734,24.0,16,7,1
test,4,86986,125287,125287,130699,1,7,2596,6.0,3,15,3,-72.0,3,-72.0,0.0,72.0,0.0,72.0,0.0,-24.0,24.0,3,8,1
train,4,86986,125287,125287,130699,1,7,2596,6.0,3,15,3,424.0,109,424.0,2272.0,1848.0,1.229437229437229,508.0,0.2935779816513761,3.889908256880734,24.0,16,8,1
test,4,86986,125287,125287,130699,1,7,2596,6.0,3,15,3,-72.0,3,-72.0,0.0,72.0,0.0,72.0,0.0,-24.0,24.0,3,9,1
train,4,86986,125287,125287,130699,1,7,2596,6.0,3,15,3,424.0,109,424.0,2272.0,1848.0,1.229437229437229,508.0,0.2935779816513761,3.889908256880734,24.0,16,9,1
test,4,86986,125287,125287,130699,1,7,2596,6.0,3,15,3,-72.0,3,-72.0,0.0,72.0,0.0,72.0,0.0,-24.0,24.0,3,10,1
train,4,86986,125287,125287,130699,1,7,2596,6.0,3,15,3,424.0,109,424.0,2272.0,1848.0,1.229437229437229,508.0,0.2935779816513761,3.889908256880734,24.0,16,10,1
test,4,86986,125287,125287,130699,1,7,2596,6.0,3,15,3,-72.0,3,-72.0,0.0,72.0,0.0,72.0,0.0,-24.0,24.0,3,11,1
train,4,86986,125287,125287,130699,1,7,2596,6.0,3,15,3,424.0,109,424.0,2272.0,1848.0,1.229437229437229,508.0,0.2935779816513761,3.889908256880734,24.0,16,11,1
test,4,86986,125287,125287,130699,1,7,2596,6.0,3,15,3,-72.0,3,-72.0,0.0,72.0,0.0,72.0,0.0,-24.0,24.0,3,12,1
train,4,86986,125287,125287,130699,1,7,2596,6.0,3,15,3,424.0,109,424.0,2272.0,1848.0,1.229437229437229,508.0,0.2935779816513761,3.889908256880734,24.0,16,12,1
test,4,86986,125287,125287,130699,1,7,2596,6.0,3,15,3,-72.0,3,-72.0,0.0,72.0,0.0,72.0,0.0,-24.0,24.0,3,13,1
train,4,86986,125287,125287,130699,1,7,2596,6.0,3,15,3,424.0,109,424.0,2272.0,1848.0,1.229437229437229,508.0,0.2935779816513761,3.889908256880734,24.0,16,13,1
test,4,86986,125287,125287,130699,1,7,2596,6.0,3,15,3,-72.0,3,-72.0,0.0,72.0,0.0,72.0,0.0,-24.0,24.0,3,14,1
train,4,86986,125287,125287,130699,1,7,2596,6.0,3,15,3,424.0,109,424.0,2272.0,1848.0,1.229437229437229,508.0,0.2935779816513761,3.889908256880734,24.0,16,14,1
test,4,86986,125287,125287,130699,1,7,2596,6.0,3,15,3,-72.0,3,-72.0,0.0,72.0,0.0,72.0,0.0,-24.0,24.0,3,15,1
train,4,86986,125287,125287,130699,1,7,2596,6.0,3,15,3,424.0,109,424.0,2272.0,1848.0,1.229437229437229,508.0,0.2935779816513761,3.889908256880734,24.0,16,15,1
test,4,86986,125287,125287,130699,1,7,2596,6.0,3,15,3,-72.0,3,-72.0,0.0,72.0,0.0,72.0,0.0,-24.0,24.0,3,16,1
train,4,86986,125287,125287,130699,1,7,2596,6.0,3,15,3,424.0,109,424.0,2272.0,1848.0,1.229437229437229,508.0,0.2935779816513761,3.889908256880734,24.0,16,16,1
test,4,86986,125287,125287,130699,1,7,2596,6.0,3,15,3,-72.0,3,-72.0,0.0,72.0,0.0,72.0,0.0,-24.0,24.0,3,17,1
train,4,86986,125287,125287,130699,1,7,2596,6.0,3,15,3,424.0,109,424.0,2272.0,1848.0,1.229437229437229,508.0,0.2935779816513761,3.889908256880734,24.0,16,17,1
test,4,86986,125287,125287,130699,1,7,2596,6.0,3,15,3,-72.0,3,-72.0,0.0,72.0,0.0,72.0,0.0,-24.0,24.0,3,18,1
train,4,86986,125287,125287,130699,1,7,2596,6.0,3,15,3,424.0,109,424.0,2272.0,1848.0,1.229437229437229,508.0,0.2935779816513761,3.889908256880734,24.0,16,18,1
test,4,86986,125287,125287,130699,1,7,2596,6.0,3,15,3,-72.0,3,-72.0,0.0,72.0,0.0,72.0,0.0,-24.0,24.0,3,19,1
train,4,86986,125287,125287,130699,1,7,2596,6.0,3,15,3,424.0,109,424.0,2272.0,1848.0,1.229437229437229,508.0,0.2935779816513761,3.889908256880734,24.0,16,19,1
test,4,86986,125287,125287,130699,1,7,2596,6.0,3,15,3,-72.0,3,-72.0,0.0,72.0,0.0,72.0,0.0,-24.0,24.0,3,20,1
train,4,86986,125287,125287,130699,1,7,2596,6.0,3,15,3,424.0,109,424.0,2272.0,1848.0,1.229437229437229,508.0,0.2935779816513761,3.889908256880734,24.0,16,20,1
test,4,86986,125287,125287,130699,1,7,2596,6.0,3,15,3,-72.0,3,-72.0,0.0,72.0,0.0,72.0,0.0,-24.0,24.0,3,21,1
train,4,86986,125287,125287,130699,1,7,2596,6.0,3,15,3,424.0,109,424.0,2272.0,1848.0,1.229437229437229,508.0,0.2935779816513761,3.889908256880734,24.0,16,21,1
test,4,86986,125287,125287,130699,1,7,2596,6.0,3,15,3,-72.0,3,-72.0,0.0,72.0,0.0,72.0,0.0,-24.0,24.0,3,22,1
train,4,86986,125287,125287,130699,1,7,2596,6.0,3,15,3,424.0,109,424.0,2272.0,1848.0,1.229437229437229,508.0,0.2935779816513761,3.889908256880734,24.0,16,22,1
test,4,86986,125287,125287,130699,1,7,2596,6.0,3,15,3,-72.0,3,-72.0,0.0,72.0,0.0,72.0,0.0,-24.0,24.0,3,23,1
train,4,86986,125287,125287,130699,1,7,2596,6.0,3,15,3,424.0,109,424.0,2272.0,1848.0,1.229437229437229,508.0,0.2935779816513761,3.889908256880734,24.0,16,23,1
test,4,86986,125287,125287,130699,1,7,2596,6.0,3,15,3,-72.0,3,-72.0,0.0,72.0,0.0,72.0,0.0,-24.0,24.0,3,24,1
train,4,86986,125287,125287,130699,1,7,2596,6.0,3,15,3,424.0,109,424.0,2272.0,1848.0,1.229437229437229,508.0,0.2935779816513761,3.889908256880734,24.0,16,24,1
test,4,86986,125287,125287,130699,1,7,2596,6.0,3,15,3,-72.0,3,-72.0,0.0,72.0,0.0,72.0,0.0,-24.0,24.0,3,25,1
train,4,86986,125287,125287,130699,1,7,2596,6.0,3,15,3,424.0,109,424.0,2272.0,1848.0,1.229437229437229,508.0,0.2935779816513761,3.889908256880734,24.0,16,25,1
test,4,86986,125287,125287,130699,1,7,2596,6.0,3,15,3,-72.0,3,-72.0,0.0,72.0,0.0,72.0,0.0,-24.0,24.0,3,26,1
train,4,86986,125287,125287,130699,1,7,2596,6.0,3,15,3,424.0,109,424.0,2272.0,1848.0,1.229437229437229,508.0,0.2935779816513761,3.889908256880734,24.0,16,26,1
test,4,86986,125287,125287,130699,1,7,2596,6.0,3,15,3,-72.0,3,-72.0,0.0,72.0,0.0,72.0,0.0,-24.0,24.0,3,27,1
train,4,86986,125287,125287,130699,1,7,2596,6.0,3,15,3,424.0,109,424.0,2272.0,1848.0,1.229437229437229,508.0,0.2935779816513761,3.889908256880734,24.0,16,27,1
test,4,86986,125287,125287,130699,1,7,2596,6.0,3,15,3,-72.0,3,-72.0,0.0,72.0,0.0,72.0,0.0,-24.0,24.0,3,28,1
train,4,86986,125287,125287,130699,1,7,2596,6.0,3,15,3,424.0,109,424.0,2272.0,1848.0,1.229437229437229,508.0,0.2935779816513761,3.889908256880734,24.0,16,28,1
test,4,86986,125287,125287,130699,1,7,2596,6.0,3,15,3,-72.0,3,-72.0,0.0,72.0,0.0,72.0,0.0,-24.0,24.0,3,29,1
train,4,86986,125287,125287,130699,1,7,2596,6.0,3,15,3,424.0,109,424.0,2272.0,1848.0,1.229437229437229,508.0,0.2935779816513761,3.889908256880734,24.0,16,29,1
test,4,86986,125287,125287,130699,1,7,2596,6.0,3,15,3,-72.0,3,-72.0,0.0,72.0,0.0,72.0,0.0,-24.0,24.0,3,30,1
train,4,86986,125287,125287,130699,1,7,2596,6.0,3,15,3,424.0,109,424.0,2272.0,1848.0,1.229437229437229,508.0,0.2935779816513761,3.889908256880734,24.0,16,30,1
test,4,86986,125287,125287,130699,1,7,2596,6.0,3,15,3,-72.0,3,-72.0,0.0,72.0,0.0,72.0,0.0,-24.0,24.0,3,31,1
train,4,86986,125287,125287,130699,1,7,2596,6.0,3,15,3,424.0,109,424.0,2272.0,1848.0,1.229437229437229,508.0,0.2935779816513761,3.889908256880734,24.0,16,31,1
test,4,86986,125287,125287,130699,1,7,2596,6.0,3,15,3,-72.0,3,-72.0,0.0,72.0,0.0,72.0,0.0,-24.0,24.0,3,32,1
train,4,86986,125287,125287,130699,1,7,2596,6.0,3,15,3,424.0,109,424.0,2272.0,1848.0,1.229437229437229,508.0,0.2935779816513761,3.889908256880734,24.0,16,32,1
test,4,86986,125287,125287,130699,1,7,2596,6.0,3,15,3,-72.0,3,-72.0,0.0,72.0,0.0,72.0,0.0,-24.0,24.0,3,33,1
train,4,86986,125287,125287,130699,1,7,2596,6.0,3,15,3,424.0,109,424.0,2272.0,1848.0,1.229437229437229,508.0,0.2935779816513761,3.889908256880734,24.0,16,33,1
test,4,86986,125287,125287,130699,1,7,2596,6.0,3,15,3,-72.0,3,-72.0,0.0,72.0,0.0,72.0,0.0,-24.0,24.0,3,34,1
train,4,86986,125287,125287,130699,1,7,2596,6.0,3,15,3,424.0,109,424.0,2272.0,1848.0,1.229437229437229,508.0,0.2935779816513761,3.889908256880734,24.0,16,34,1
test,4,86986,125287,125287,130699,1,7,2596,6.0,3,15,3,-72.0,3,-72.0,0.0,72.0,0.0,72.0,0.0,-24.0,24.0,3,35,1
train,4,86986,125287,125287,130699,1,7,2596,6.0,3,15,3,424.0,109,424.0,2272.0,1848.0,1.229437229437229,508.0,0.2935779816513761,3.889908256880734,24.0,16,35,1
test,4,86986,125287,125287,130699,1,7,2596,6.0,3,15,3,-72.0,3,-72.0,0.0,72.0,0.0,72.0,0.0,-24.0,24.0,3,36,1
train,4,86986,125287,125287,130699,1,7,2596,6.0,3,15,3,424.0,109,424.0,2272.0,1848.0,1.229437229437229,508.0,0.2935779816513761,3.889908256880734,24.0,16,36,1
test,4,86986,125287,125287,130699,1,7,2596,6.0,3,15,3,-72.0,3,-72.0,0.0,72.0,0.0,72.0,0.0,-24.0,24.0,3,37,1
train,4,86986,125287,125287,130699,1,7,2596,6.0,3,15,3,424.0,109,424.0,2272.0,1848.0,1.229437229437229,508.0,0.2935779816513761,3.889908256880734,24.0,16,37,1
test,4,86986,125287,125287,130699,1,7,2596,6.0,3,15,3,-72.0,3,-72.0,0.0,72.0,0.0,72.0,0.0,-24.0,24.0,3,38,1
train,4,86986,125287,125287,130699,1,7,2596,6.0,3,15,3,424.0,109,424.0,2272.0,1848.0,1.229437229437229,508.0,0.2935779816513761,3.889908256880734,24.0,16,38,1
test,4,86986,125287,125287,130699,1,7,2596,6.0,3,15,3,-72.0,3,-72.0,0.0,72.0,0.0,72.0,0.0,-24.0,24.0,3,39,1
train,4,86986,125287,125287,130699,1,7,2596,6.0,3,15,3,424.0,109,424.0,2272.0,1848.0,1.229437229437229,508.0,0.2935779816513761,3.889908256880734,24.0,16,39,1
test,4,86986,125287,125287,130699,1,7,2596,6.0,3,15,3,-72.0,3,-72.0,0.0,72.0,0.0,72.0,0.0,-24.0,24.0,3,40,1
train,4,86986,125287,125287,130699,1,7,2596,6.0,3,15,3,424.0,109,424.0,2272.0,1848.0,1.229437229437229,508.0,0.2935779816513761,3.889908256880734,24.0,16,40,1
test,4,86986,125287,125287,130699,1,7,2596,6.0,3,15,3,-72.0,3,-72.0,0.0,72.0,0.0,72.0,0.0,-24.0,24.0,3,41,1
train,4,86986,125287,125287,130699,1,7,2596,6.0,3,15,3,424.0,109,424.0,2272.0,1848.0,1.229437229437229,508.0,0.2935779816513761,3.889908256880734,24.0,16,41,1
test,4,86986,125287,125287,130699,1,7,2596,6.0,3,15,3,-72.0,3,-72.0,0.0,72.0,0.0,72.0,0.0,-24.0,24.0,3,42,1
train,4,86986,125287,125287,130699,1,7,2596,6.0,3,15,3,424.0,109,424.0,2272.0,1848.0,1.229437229437229,508.0,0.2935779816513761,3.889908256880734,24.0,16,42,1
test,4,86986,125287,125287,130699,1,7,2596,6.0,3,15,3,-72.0,3,-72.0,0.0,72.0,0.0,72.0,0.0,-24.0,24.0,3,43,1
train,4,86986,125287,125287,130699,1,7,2596,6.0,3,15,3,424.0,109,424.0,2272.0,1848.0,1.229437229437229,508.0,0.2935779816513761,3.889908256880734,24.0,16,43,1
test,4,86986,125287,125287,130699,1,7,2596,6.0,3,15,3,-72.0,3,-72.0,0.0,72.0,0.0,72.0,0.0,-24.0,24.0,3,44,1
train,4,86986,125287,125287,130699,1,7,2596,6.0,3,15,3,424.0,109,424.0,2272.0,1848.0,1.229437229437229,508.0,0.2935779816513761,3.889908256880734,24.0,16,44,1
test,4,86986,125287,125287,130699,1,7,2596,6.0,3,15,3,-72.0,3,-72.0,0.0,72.0,0.0,72.0,0.0,-24.0,24.0,3,45,1
train,4,86986,125287,125287,130699,1,7,2596,6.0,3,15,3,424.0,109,424.0,2272.0,1848.0,1.229437229437229,508.0,0.2935779816513761,3.889908256880734,24.0,16,45,1
test,4,86986,125287,125287,130699,1,7,2596,6.0,3,15,3,-72.0,3,-72.0,0.0,72.0,0.0,72.0,0.0,-24.0,24.0,3,46,1
train,4,86986,125287,125287,130699,1,7,2596,6.0,3,15,3,424.0,109,424.0,2272.0,1848.0,1.229437229437229,508.0,0.2935779816513761,3.889908256880734,24.0,16,46,1
test,4,86986,125287,125287,130699,1,7,2596,6.0,3,15,3,-72.0,3,-72.0,0.0,72.0,0.0,72.0,0.0,-24.0,24.0,3,47,1
train,4,86986,125287,125287,130699,1,7,2596,6.0,3,15,3,424.0,109,424.0,2272.0,1848.0,1.229437229437229,508.0,0.2935779816513761,3.889908256880734,24.0,16,47,1
test,4,86986,125287,125287,130699,1,7,2596,6.0,3,15,3,-72.0,3,-72.0,0.0,72.0,0.0,72.0,0.0,-24.0,24.0,3,48,1
train,4,86986,125287,125287,130699,1,7,2596,6.0,3,15,3,424.0,109,424.0,2272.0,1848.0,1.229437229437229,508.0,0.2935779816513761,3.889908256880734,24.0,16,48,1
test,4,86986,125287,125287,130699,1,7,2596,6.0,3,15,3,-72.0,3,-72.0,0.0,72.0,0.0,72.0,0.0,-24.0,24.0,3,49,1
train,4,86986,125287,125287,130699,1,7,2596,6.0,3,15,3,424.0,109,424.0,2272.0,1848.0,1.229437229437229,508.0,0.2935779816513761,3.889908256880734,24.0,16,49,1
test,4,86986,125287,125287,130699,1,7,2596,6.0,3,15,3,-72.0,3,-72.0,0.0,72.0,0.0,72.0,0.0,-24.0,24.0,3,50,1
train,4,86986,125287,125287,130699,1,7,2596,6.0,3,15,3,424.0,109,424.0,2272.0,1848.0,1.229437229437229,508.0,0.2935779816513761,3.889908256880734,24.0,16,50,1
test,4,86986,125287,125287,130699,1,7,2596,6.0,3,15,3,-72.0,3,-72.0,0.0,72.0,0.0,72.0,0.0,-24.0,24.0,3,51,1
train,4,86986,125287,125287,130699,1,7,2596,6.0,3,15,3,424.0,109,424.0,2272.0,1848.0,1.229437229437229,508.0,0.2935779816513761,3.889908256880734,24.0,16,51,1
test,4,86986,125287,125287,130699,1,7,2596,6.0,3,15,3,-72.0,3,-72.0,0.0,72.0,0.0,72.0,0.0,-24.0,24.0,3,52,1
train,4,86986,125287,125287,130699,1,7,2596,6.0,3,15,3,424.0,109,424.0,2272.0,1848.0,1.229437229437229,508.0,0.2935779816513761,3.889908256880734,24.0,16,52,1
test,4,86986,125287,125287,130699,1,7,2596,6.0,3,15,3,-72.0,3,-72.0,0.0,72.0,0.0,72.0,0.0,-24.0,24.0,3,53,1
train,4,86986,125287,125287,130699,1,7,2596,6.0,3,15,3,424.0,109,424.0,2272.0,1848.0,1.229437229437229,508.0,0.2935779816513761,3.889908256880734,24.0,16,53,1
test,4,86986,125287,125287,130699,1,7,2596,6.0,3,15,3,-72.0,3,-72.0,0.0,72.0,0.0,72.0,0.0,-24.0,24.0,3,54,1
train,4,86986,125287,125287,130699,1,7,2596,6.0,3,15,3,424.0,109,424.0,2272.0,1848.0,1.229437229437229,508.0,0.2935779816513761,3.889908256880734,24.0,16,54,1
test,4,86986,125287,125287,130699,1,7,2596,6.0,3,15,3,-72.0,3,-72.0,0.0,72.0,0.0,72.0,0.0,-24.0,24.0,3,55,1
train,4,86986,125287,125287,130699,1,7,2596,6.0,3,15,3,424.0,109,424.0,2272.0,1848.0,1.229437229437229,508.0,0.2935779816513761,3.889908256880734,24.0,16,55,1
test,4,86986,125287,125287,130699,1,7,2596,6.0,3,15,3,-72.0,3,-72.0,0.0,72.0,0.0,72.0,0.0,-24.0,24.0,3,56,1
train,4,86986,125287,125287,130699,1,7,2596,6.0,3,15,3,424.0,109,424.0,2272.0,1848.0,1.229437229437229,508.0,0.2935779816513761,3.889908256880734,24.0,16,56,1
test,4,86986,125287,125287,130699,1,7,2596,6.0,3,15,3,-72.0,3,-72.0,0.0,72.0,0.0,72.0,0.0,-24.0,24.0,3,57,1
train,4,86986,125287,125287,130699,1,7,2596,6.0,3,15,3,424.0,109,424.0,2272.0,1848.0,1.229437229437229,508.0,0.2935779816513761,3.889908256880734,24.0,16,57,1
test,4,86986,125287,125287,130699,1,7,2596,6.0,3,15,3,-72.0,3,-72.0,0.0,72.0,0.0,72.0,0.0,-24.0,24.0,3,58,1
train,4,86986,125287,125287,130699,1,7,2596,6.0,3,15,3,424.0,109,424.0,2272.0,1848.0,1.229437229437229,508.0,0.2935779816513761,3.889908256880734,24.0,16,58,1
test,4,86986,125287,125287,130699,1,7,2596,6.0,3,15,3,-72.0,3,-72.0,0.0,72.0,0.0,72.0,0.0,-24.0,24.0,3,59,1
train,4,86986,125287,125287,130699,1,7,2596,6.0,3,15,3,424.0,109,424.0,2272.0,1848.0,1.229437229437229,508.0,0.2935779816513761,3.889908256880734,24.0,16,59,1
test,4,86986,125287,125287,130699,1,7,2596,6.0,3,15,3,-72.0,3,-72.0,0.0,72.0,0.0,72.0,0.0,-24.0,24.0,3,60,1
train,4,86986,125287,125287,130699,1,7,2596,6.0,3,15,3,424.0,109,424.0,2272.0,1848.0,1.229437229437229,508.0,0.2935779816513761,3.889908256880734,24.0,16,60,1
test,4,86986,125287,125287,130699,1,7,2596,6.0,3,15,3,-72.0,3,-72.0,0.0,72.0,0.0,72.0,0.0,-24.0,24.0,3,61,1
train,4,86986,125287,125287,130699,1,7,2596,6.0,3,15,3,424.0,109,424.0,2272.0,1848.0,1.229437229437229,508.0,0.2935779816513761,3.889908256880734,24.0,16,61,1
test,4,86986,125287,125287,130699,1,7,2596,6.0,3,15,3,-72.0,3,-72.0,0.0,72.0,0.0,72.0,0.0,-24.0,24.0,3,62,1
train,4,86986,125287,125287,130699,1,7,2596,6.0,3,15,3,424.0,109,424.0,2272.0,1848.0,1.229437229437229,508.0,0.2935779816513761,3.889908256880734,24.0,16,62,1
test,4,86986,125287,125287,130699,1,7,2596,6.0,3,15,3,-72.0,3,-72.0,0.0,72.0,0.0,72.0,0.0,-24.0,24.0,3,63,1
train,4,86986,125287,125287,130699,1,7,2596,6.0,3,15,3,424.0,109,424.0,2272.0,1848.0,1.229437229437229,508.0,0.2935779816513761,3.889908256880734,24.0,16,63,1
test,4,86986,125287,125287,130699,1,7,2596,6.0,3,15,3,-72.0,3,-72.0,0.0,72.0,0.0,72.0,0.0,-24.0,24.0,3,64,1
train,4,86986,125287,125287,130699,1,7,2596,6.0,3,15,3,424.0,109,424.0,2272.0,1848.0,1.229437229437229,508.0,0.2935779816513761,3.889908256880734,24.0,16,64,1
test,4,86986,125287,125287,130699,1,7,2596,6.0,3,15,3,-72.0,3,-72.0,0.0,72.0,0.0,72.0,0.0,-24.0,24.0,3,65,1
train,4,86986,125287,125287,130699,1,7,2596,6.0,3,15,3,424.0,109,424.0,2272.0,1848.0,1.229437229437229,508.0,0.2935779816513761,3.889908256880734,24.0,16,65,1
test,4,86986,125287,125287,130699,1,7,2596,6.0,3,15,3,-72.0,3,-72.0,0.0,72.0,0.0,72.0,0.0,-24.0,24.0,3,66,1
train,4,86986,125287,125287,130699,1,7,2596,6.0,3,15,3,424.0,109,424.0,2272.0,1848.0,1.229437229437229,508.0,0.2935779816513761,3.889908256880734,24.0,16,66,1
test,4,86986,125287,125287,130699,1,7,2596,6.0,3,15,3,-72.0,3,-72.0,0.0,72.0,0.0,72.0,0.0,-24.0,24.0,3,67,1
train,4,86986,125287,125287,130699,1,7,2596,6.0,3,15,3,424.0,109,424.0,2272.0,1848.0,1.229437229437229,508.0,0.2935779816513761,3.889908256880734,24.0,16,67,1
test,4,86986,125287,125287,130699,1,7,2596,6.0,3,15,3,-72.0,3,-72.0,0.0,72.0,0.0,72.0,0.0,-24.0,24.0,3,68,1
train,4,86986,125287,125287,130699,1,7,2596,6.0,3,15,3,424.0,109,424.0,2272.0,1848.0,1.229437229437229,508.0,0.2935779816513761,3.889908256880734,24.0,16,68,1
test,4,86986,125287,125287,130699,1,7,2596,6.0,3,15,3,-72.0,3,-72.0,0.0,72.0,0.0,72.0,0.0,-24.0,24.0,3,69,1
train,4,86986,125287,125287,130699,1,7,2596,6.0,3,15,3,424.0,109,424.0,2272.0,1848.0,1.229437229437229,508.0,0.2935779816513761,3.889908256880734,24.0,16,69,1
test,4,86986,125287,125287,130699,1,7,2596,6.0,3,15,3,-72.0,3,-72.0,0.0,72.0,0.0,72.0,0.0,-24.0,24.0,3,70,1
train,4,86986,125287,125287,130699,1,7,2596,6.0,3,15,3,424.0,109,424.0,2272.0,1848.0,1.229437229437229,508.0,0.2935779816513761,3.889908256880734,24.0,16,70,1
test,4,86986,125287,125287,130699,1,7,2596,6.0,3,15,3,-72.0,3,-72.0,0.0,72.0,0.0,72.0,0.0,-24.0,24.0,3,71,1
train,4,86986,125287,125287,130699,1,7,2596,6.0,3,15,3,424.0,109,424.0,2272.0,1848.0,1.229437229437229,508.0,0.2935779816513761,3.889908256880734,24.0,16,71,1
test,4,86986,125287,125287,130699,1,7,2596,6.0,3,15,3,-72.0,3,-72.0,0.0,72.0,0.0,72.0,0.0,-24.0,24.0,3,72,1
train,4,86986,125287,125287,130699,1,7,2596,6.0,3,15,3,424.0,109,424.0,2272.0,1848.0,1.229437229437229,508.0,0.2935779816513761,3.889908256880734,24.0,16,72,1
test,4,86986,125287,125287,130699,1,7,2596,6.0,3,15,3,-72.0,3,-72.0,0.0,72.0,0.0,72.0,0.0,-24.0,24.0,3,73,1
train,4,86986,125287,125287,130699,1,7,2596,6.0,3,15,3,424.0,109,424.0,2272.0,1848.0,1.229437229437229,508.0,0.2935779816513761,3.889908256880734,24.0,16,73,1
test,4,86986,125287,125287,130699,1,7,2596,6.0,3,15,3,-72.0,3,-72.0,0.0,72.0,0.0,72.0,0.0,-24.0,24.0,3,74,1
train,4,86986,125287,125287,130699,1,7,2596,6.0,3,15,3,424.0,109,424.0,2272.0,1848.0,1.229437229437229,508.0,0.2935779816513761,3.889908256880734,24.0,16,74,1
test,4,86986,125287,125287,130699,1,7,2596,6.0,3,15,3,-72.0,3,-72.0,0.0,72.0,0.0,72.0,0.0,-24.0,24.0,3,75,1
train,4,86986,125287,125287,130699,1,7,2596,6.0,3,15,3,424.0,109,424.0,2272.0,1848.0,1.229437229437229,508.0,0.2935779816513761,3.889908256880734,24.0,16,75,1
test,4,86986,125287,125287,130699,1,7,2596,6.0,3,15,3,-72.0,3,-72.0,0.0,72.0,0.0,72.0,0.0,-24.0,24.0,3,76,1
train,4,86986,125287,125287,130699,1,7,2596,6.0,3,15,3,424.0,109,424.0,2272.0,1848.0,1.229437229437229,508.0,0.2935779816513761,3.889908256880734,24.0,16,76,1
test,4,86986,125287,125287,130699,1,7,2596,6.0,3,15,3,-72.0,3,-72.0,0.0,72.0,0.0,72.0,0.0,-24.0,24.0,3,77,1
train,4,86986,125287,125287,130699,1,7,2596,6.0,3,15,3,424.0,109,424.0,2272.0,1848.0,1.229437229437229,508.0,0.2935779816513761,3.889908256880734,24.0,16,77,1
test,4,86986,125287,125287,130699,1,7,2596,6.0,3,15,3,-72.0,3,-72.0,0.0,72.0,0.0,72.0,0.0,-24.0,24.0,3,78,1
train,4,86986,125287,125287,130699,1,7,2596,6.0,3,15,3,424.0,109,424.0,2272.0,1848.0,1.229437229437229,508.0,0.2935779816513761,3.889908256880734,24.0,16,78,1
test,4,86986,125287,125287,130699,1,7,2596,6.0,3,15,3,-72.0,3,-72.0,0.0,72.0,0.0,72.0,0.0,-24.0,24.0,3,79,1
train,4,86986,125287,125287,130699,1,7,2596,6.0,3,15,3,424.0,109,424.0,2272.0,1848.0,1.229437229437229,508.0,0.2935779816513761,3.889908256880734,24.0,16,79,1
test,4,86986,125287,125287,130699,1,7,2596,6.0,3,15,3,-72.0,3,-72.0,0.0,72.0,0.0,72.0,0.0,-24.0,24.0,3,80,1
train,4,86986,125287,125287,130699,1,7,2596,6.0,3,15,3,424.0,109,424.0,2272.0,1848.0,1.229437229437229,508.0,0.2935779816513761,3.889908256880734,24.0,16,80,1
test,4,86986,125287,125287,130699,1,7,2596,6.0,3,15,3,-72.0,3,-72.0,0.0,72.0,0.0,72.0,0.0,-24.0,24.0,3,81,1
train,4,86986,125287,125287,130699,1,7,2596,6.0,3,15,3,424.0,109,424.0,2272.0,1848.0,1.229437229437229,508.0,0.2935779816513761,3.889908256880734,24.0,16,81,1
test,4,86986,125287,125287,130699,1,7,2596,6.0,3,15,3,-72.0,3,-72.0,0.0,72.0,0.0,72.0,0.0,-24.0,24.0,3,82,1
train,4,86986,125287,125287,130699,1,7,2596,6.0,3,15,3,424.0,109,424.0,2272.0,1848.0,1.229437229437229,508.0,0.2935779816513761,3.889908256880734,24.0,16,82,1
test,4,86986,125287,125287,130699,1,7,2596,6.0,3,15,3,-72.0,3,-72.0,0.0,72.0,0.0,72.0,0.0,-24.0,24.0,3,83,1
train,4,86986,125287,125287,130699,1,7,2596,6.0,3,15,3,424.0,109,424.0,2272.0,1848.0,1.229437229437229,508.0,0.2935779816513761,3.889908256880734,24.0,16,83,1
test,4,86986,125287,125287,130699,1,7,2596,6.0,3,15,3,-72.0,3,-72.0,0.0,72.0,0.0,72.0,0.0,-24.0,24.0,3,84,1
train,4,86986,125287,125287,130699,1,7,2596,6.0,3,15,3,424.0,109,424.0,2272.0,1848.0,1.229437229437229,508.0,0.2935779816513761,3.889908256880734,24.0,16,84,1
test,4,86986,125287,125287,130699,1,7,2596,6.0,3,15,3,-72.0,3,-72.0,0.0,72.0,0.0,72.0,0.0,-24.0,24.0,3,85,1
train,4,86986,125287,125287,130699,1,7,2596,6.0,3,15,3,424.0,109,424.0,2272.0,1848.0,1.229437229437229,508.0,0.2935779816513761,3.889908256880734,24.0,16,85,1
test,4,86986,125287,125287,130699,1,7,2596,6.0,3,15,3,-72.0,3,-72.0,0.0,72.0,0.0,72.0,0.0,-24.0,24.0,3,86,1
train,4,86986,125287,125287,130699,1,7,2596,6.0,3,15,3,424.0,109,424.0,2272.0,1848.0,1.229437229437229,508.0,0.2935779816513761,3.889908256880734,24.0,16,86,1
test,4,86986,125287,125287,130699,1,7,2596,6.0,3,15,3,-72.0,3,-72.0,0.0,72.0,0.0,72.0,0.0,-24.0,24.0,3,87,1
train,4,86986,125287,125287,130699,1,7,2596,6.0,3,15,3,424.0,109,424.0,2272.0,1848.0,1.229437229437229,508.0,0.2935779816513761,3.889908256880734,24.0,16,87,1
test,4,86986,125287,125287,130699,1,7,2596,6.0,3,15,3,-72.0,3,-72.0,0.0,72.0,0.0,72.0,0.0,-24.0,24.0,3,88,1
train,4,86986,125287,125287,130699,1,7,2596,6.0,3,15,3,424.0,109,424.0,2272.0,1848.0,1.229437229437229,508.0,0.2935779816513761,3.889908256880734,24.0,16,88,1
test,4,86986,125287,125287,130699,1,7,2596,6.0,3,15,3,-72.0,3,-72.0,0.0,72.0,0.0,72.0,0.0,-24.0,24.0,3,89,1
train,4,86986,125287,125287,130699,1,7,2596,6.0,3,15,3,424.0,109,424.0,2272.0,1848.0,1.229437229437229,508.0,0.2935779816513761,3.889908256880734,24.0,16,89,1
test,4,86986,125287,125287,130699,1,7,2596,6.0,3,15,3,-72.0,3,-72.0,0.0,72.0,0.0,72.0,0.0,-24.0,24.0,3,90,1
train,4,86986,125287,125287,130699,1,7,2596,6.0,3,15,3,424.0,109,424.0,2272.0,1848.0,1.229437229437229,508.0,0.2935779816513761,3.889908256880734,24.0,16,90,1
test,4,86986,125287,125287,130699,1,7,2596,6.0,3,15,3,-72.0,3,-72.0,0.0,72.0,0.0,72.0,0.0,-24.0,24.0,3,91,1
train,4,86986,125287,125287,130699,1,7,2596,6.0,3,15,3,424.0,109,424.0,2272.0,1848.0,1.229437229437229,508.0,0.2935779816513761,3.889908256880734,24.0,16,91,1
test,4,86986,125287,125287,130699,1,7,2596,6.0,3,15,3,-72.0,3,-72.0,0.0,72.0,0.0,72.0,0.0,-24.0,24.0,3,92,1
train,4,86986,125287,125287,130699,1,7,2596,6.0,3,15,3,424.0,109,424.0,2272.0,1848.0,1.229437229437229,508.0,0.2935779816513761,3.889908256880734,24.0,16,92,1
test,4,86986,125287,125287,130699,1,7,2596,6.0,3,15,3,-72.0,3,-72.0,0.0,72.0,0.0,72.0,0.0,-24.0,24.0,3,93,1
train,4,86986,125287,125287,130699,1,7,2596,6.0,3,15,3,424.0,109,424.0,2272.0,1848.0,1.229437229437229,508.0,0.2935779816513761,3.889908256880734,24.0,16,93,1
test,4,86986,125287,125287,130699,1,7,2596,6.0,3,15,3,-72.0,3,-72.0,0.0,72.0,0.0,72.0,0.0,-24.0,24.0,3,94,1
train,4,86986,125287,125287,130699,1,7,2596,6.0,3,15,3,424.0,109,424.0,2272.0,1848.0,1.229437229437229,508.0,0.2935779816513761,3.889908256880734,24.0,16,94,1
test,4,86986,125287,125287,130699,1,7,2596,6.0,3,15,3,-72.0,3,-72.0,0.0,72.0,0.0,72.0,0.0,-24.0,24.0,3,95,1
train,4,86986,125287,125287,130699,1,7,2596,6.0,3,15,3,424.0,109,424.0,2272.0,1848.0,1.229437229437229,508.0,0.2935779816513761,3.889908256880734,24.0,16,95,1
test,4,86986,125287,125287,130699,1,7,2596,6.0,3,15,3,-72.0,3,-72.0,0.0,72.0,0.0,72.0,0.0,-24.0,24.0,3,96,1
train,4,86986,125287,125287,130699,1,7,2596,6.0,3,15,3,424.0,109,424.0,2272.0,1848.0,1.229437229437229,508.0,0.2935779816513761,3.889908256880734,24.0,16,96,1
test,4,86986,125287,125287,130699,1,7,2596,6.0,3,15,3,-72.0,3,-72.0,0.0,72.0,0.0,72.0,0.0,-24.0,24.0,3,97,1
train,4,86986,125287,125287,130699,1,7,2596,6.0,3,15,3,424.0,109,424.0,2272.0,1848.0,1.229437229437229,508.0,0.2935779816513761,3.889908256880734,24.0,16,97,1
test,4,86986,125287,125287,130699,1,7,2596,6.0,3,15,3,-72.0,3,-72.0,0.0,72.0,0.0,72.0,0.0,-24.0,24.0,3,98,1
train,4,86986,125287,125287,130699,1,7,2596,6.0,3,15,3,424.0,109,424.0,2272.0,1848.0,1.229437229437229,508.0,0.2935779816513761,3.889908256880734,24.0,16,98,1
test,4,86986,125287,125287,130699,1,7,2596,6.0,3,15,3,-72.0,3,-72.0,0.0,72.0,0.0,72.0,0.0,-24.0,24.0,3,99,1
train,4,86986,125287,125287,130699,1,7,2596,6.0,3,15,3,424.0,109,424.0,2272.0,1848.0,1.229437229437229,508.0,0.2935779816513761,3.889908256880734,24.0,16,99,1
test,4,86986,125287,125287,130699,1,7,2596,6.0,3,15,3,-72.0,3,-72.0,0.0,72.0,0.0,72.0,0.0,-24.0,24.0,3,100,1
train,4,86986,125287,125287,130699,1,7,2596,6.0,3,15,3,424.0,109,424.0,2272.0,1848.0,1.229437229437229,508.0,0.2935779816513761,3.889908256880734,24.0,16,100,1
