dataset_type,window_id,train_start,train_end,test_start,test_end,generation,min_impulse_candles,max_duration_ms,diagonal_imbalance_ratio_threshold,min_imbalance_count,take_profit_ticks,stop_loss_ticks,fitness,number_of_trades,net_profit,gross_profit,gross_loss,profit_factor,max_drawdown,win_rate,expectancy,biggest_loss,longest_losing_streak,walk_forward_type,fitness_function,train_size,repetition,analysis_generation,selected_generation
test,1,0,86986,86986,125287,0,13,744,7.75,3,5,2,118.98319209031165,13,33.0,147.0,114.0,1.2894736842105263,74.0,0.5384615384615384,2.5384615384615383,19.0,3,rolling,losing_streak_fitness,3_days,rep_1,0,0
train,1,0,86986,86986,125287,0,13,744,7.75,3,5,2,207.0,9,69.0,126.0,57.0,2.210526315789474,19.0,0.6666666666666666,7.666666666666667,19.0,1,rolling,losing_streak_fitness,3_days,rep_1,0,0
test,1,0,86986,86986,125287,1,12,2741,4.75,9,11,2,467.8202779914526,13,173.0,306.0,133.0,2.300751879699248,76.0,0.4615384615384615,13.307692307692308,19.0,4,rolling,losing_streak_fitness,3_days,rep_1,1,1
train,1,0,86986,86986,125287,1,12,2741,4.75,9,11,2,560.0285706997457,8,198.0,255.0,57.0,4.473684210526316,19.0,0.625,24.75,19.0,1,rolling,losing_streak_fitness,3_days,rep_1,1,1
test,1,0,86986,86986,125287,1,12,2741,4.75,9,11,2,467.8202779914526,13,173.0,306.0,133.0,2.300751879699248,76.0,0.4615384615384615,13.307692307692308,19.0,4,rolling,losing_streak_fitness,3_days,rep_1,2,1
train,1,0,86986,86986,125287,1,12,2741,4.75,9,11,2,560.0285706997457,8,198.0,255.0,57.0,4.473684210526316,19.0,0.625,24.75,19.0,1,rolling,losing_streak_fitness,3_days,rep_1,2,1
test,1,0,86986,86986,125287,1,12,2741,4.75,9,11,2,467.8202779914526,13,173.0,306.0,133.0,2.300751879699248,76.0,0.4615384615384615,13.307692307692308,19.0,4,rolling,losing_streak_fitness,3_days,rep_1,3,1
train,1,0,86986,86986,125287,1,12,2741,4.75,9,11,2,560.0285706997457,8,198.0,255.0,57.0,4.473684210526316,19.0,0.625,24.75,19.0,1,rolling,losing_streak_fitness,3_days,rep_1,3,1
test,1,0,86986,86986,125287,1,12,2741,4.75,9,11,2,467.8202779914526,13,173.0,306.0,133.0,2.300751879699248,76.0,0.4615384615384615,13.307692307692308,19.0,4,rolling,losing_streak_fitness,3_days,rep_1,4,1
train,1,0,86986,86986,125287,1,12,2741,4.75,9,11,2,560.0285706997457,8,198.0,255.0,57.0,4.473684210526316,19.0,0.625,24.75,19.0,1,rolling,losing_streak_fitness,3_days,rep_1,4,1
test,1,0,86986,86986,125287,5,13,809,3.25,6,21,2,79.05694150420949,10,50.0,202.0,152.0,1.3289473684210529,114.0,0.2,5.0,19.0,6,rolling,losing_streak_fitness,3_days,rep_1,5,5
train,1,0,86986,86986,125287,5,13,809,3.25,6,21,2,602.5744767246617,6,246.0,303.0,57.0,5.315789473684211,19.0,0.5,41.0,19.0,1,rolling,losing_streak_fitness,3_days,rep_1,5,5
test,1,0,86986,86986,125287,5,13,809,3.25,6,21,2,79.05694150420949,10,50.0,202.0,152.0,1.3289473684210529,114.0,0.2,5.0,19.0,6,rolling,losing_streak_fitness,3_days,rep_1,6,5
train,1,0,86986,86986,125287,5,13,809,3.25,6,21,2,602.5744767246617,6,246.0,303.0,57.0,5.315789473684211,19.0,0.5,41.0,19.0,1,rolling,losing_streak_fitness,3_days,rep_1,6,5
test,1,0,86986,86986,125287,5,13,809,3.25,6,21,2,79.05694150420949,10,50.0,202.0,152.0,1.3289473684210529,114.0,0.2,5.0,19.0,6,rolling,losing_streak_fitness,3_days,rep_1,7,5
train,1,0,86986,86986,125287,5,13,809,3.25,6,21,2,602.5744767246617,6,246.0,303.0,57.0,5.315789473684211,19.0,0.5,41.0,19.0,1,rolling,losing_streak_fitness,3_days,rep_1,7,5
test,1,0,86986,86986,125287,5,13,809,3.25,6,21,2,79.05694150420949,10,50.0,202.0,152.0,1.3289473684210529,114.0,0.2,5.0,19.0,6,rolling,losing_streak_fitness,3_days,rep_1,8,5
train,1,0,86986,86986,125287,5,13,809,3.25,6,21,2,602.5744767246617,6,246.0,303.0,57.0,5.315789473684211,19.0,0.5,41.0,19.0,1,rolling,losing_streak_fitness,3_days,rep_1,8,5
test,1,0,86986,86986,125287,5,13,809,3.25,6,21,2,79.05694150420949,10,50.0,202.0,152.0,1.3289473684210529,114.0,0.2,5.0,19.0,6,rolling,losing_streak_fitness,3_days,rep_1,9,5
train,1,0,86986,86986,125287,5,13,809,3.25,6,21,2,602.5744767246617,6,246.0,303.0,57.0,5.315789473684211,19.0,0.5,41.0,19.0,1,rolling,losing_streak_fitness,3_days,rep_1,9,5
test,1,0,86986,86986,125287,10,13,728,4.5,5,23,2,110.67971810589329,10,70.0,222.0,152.0,1.4605263157894737,114.0,0.2,7.0,19.0,6,rolling,losing_streak_fitness,3_days,rep_1,10,10
train,1,0,86986,86986,125287,10,13,728,4.5,5,23,2,659.640053362438,5,295.0,333.0,38.0,8.763157894736842,19.0,0.6,59.0,19.0,1,rolling,losing_streak_fitness,3_days,rep_1,10,10
test,1,0,86986,86986,125287,10,13,728,4.5,5,23,2,110.67971810589329,10,70.0,222.0,152.0,1.4605263157894737,114.0,0.2,7.0,19.0,6,rolling,losing_streak_fitness,3_days,rep_1,11,10
train,1,0,86986,86986,125287,10,13,728,4.5,5,23,2,659.640053362438,5,295.0,333.0,38.0,8.763157894736842,19.0,0.6,59.0,19.0,1,rolling,losing_streak_fitness,3_days,rep_1,11,10
test,1,0,86986,86986,125287,10,13,728,4.5,5,23,2,110.67971810589329,10,70.0,222.0,152.0,1.4605263157894737,114.0,0.2,7.0,19.0,6,rolling,losing_streak_fitness,3_days,rep_1,12,10
train,1,0,86986,86986,125287,10,13,728,4.5,5,23,2,659.640053362438,5,295.0,333.0,38.0,8.763157894736842,19.0,0.6,59.0,19.0,1,rolling,losing_streak_fitness,3_days,rep_1,12,10
test,1,0,86986,86986,125287,10,13,728,4.5,5,23,2,110.67971810589329,10,70.0,222.0,152.0,1.4605263157894737,114.0,0.2,7.0,19.0,6,rolling,losing_streak_fitness,3_days,rep_1,13,10
train,1,0,86986,86986,125287,10,13,728,4.5,5,23,2,659.640053362438,5,295.0,333.0,38.0,8.763157894736842,19.0,0.6,59.0,19.0,1,rolling,losing_streak_fitness,3_days,rep_1,13,10
test,1,0,86986,86986,125287,10,13,728,4.5,5,23,2,110.67971810589329,10,70.0,222.0,152.0,1.4605263157894737,114.0,0.2,7.0,19.0,6,rolling,losing_streak_fitness,3_days,rep_1,14,10
train,1,0,86986,86986,125287,10,13,728,4.5,5,23,2,659.640053362438,5,295.0,333.0,38.0,8.763157894736842,19.0,0.6,59.0,19.0,1,rolling,losing_streak_fitness,3_days,rep_1,14,10
test,1,0,86986,86986,125287,10,13,728,4.5,5,23,2,110.67971810589329,10,70.0,222.0,152.0,1.4605263157894737,114.0,0.2,7.0,19.0,6,rolling,losing_streak_fitness,3_days,rep_1,15,10
train,1,0,86986,86986,125287,10,13,728,4.5,5,23,2,659.640053362438,5,295.0,333.0,38.0,8.763157894736842,19.0,0.6,59.0,19.0,1,rolling,losing_streak_fitness,3_days,rep_1,15,10
test,1,0,86986,86986,125287,10,13,728,4.5,5,23,2,110.67971810589329,10,70.0,222.0,152.0,1.4605263157894737,114.0,0.2,7.0,19.0,6,rolling,losing_streak_fitness,3_days,rep_1,16,10
train,1,0,86986,86986,125287,10,13,728,4.5,5,23,2,659.640053362438,5,295.0,333.0,38.0,8.763157894736842,19.0,0.6,59.0,19.0,1,rolling,losing_streak_fitness,3_days,rep_1,16,10
test,1,0,86986,86986,125287,10,13,728,4.5,5,23,2,110.67971810589329,10,70.0,222.0,152.0,1.4605263157894737,114.0,0.2,7.0,19.0,6,rolling,losing_streak_fitness,3_days,rep_1,17,10
train,1,0,86986,86986,125287,10,13,728,4.5,5,23,2,659.640053362438,5,295.0,333.0,38.0,8.763157894736842,19.0,0.6,59.0,19.0,1,rolling,losing_streak_fitness,3_days,rep_1,17,10
test,1,0,86986,86986,125287,10,13,728,4.5,5,23,2,110.67971810589329,10,70.0,222.0,152.0,1.4605263157894737,114.0,0.2,7.0,19.0,6,rolling,losing_streak_fitness,3_days,rep_1,18,10
train,1,0,86986,86986,125287,10,13,728,4.5,5,23,2,659.640053362438,5,295.0,333.0,38.0,8.763157894736842,19.0,0.6,59.0,19.0,1,rolling,losing_streak_fitness,3_days,rep_1,18,10
test,1,0,86986,86986,125287,10,13,728,4.5,5,23,2,110.67971810589329,10,70.0,222.0,152.0,1.4605263157894737,114.0,0.2,7.0,19.0,6,rolling,losing_streak_fitness,3_days,rep_1,19,10
train,1,0,86986,86986,125287,10,13,728,4.5,5,23,2,659.640053362438,5,295.0,333.0,38.0,8.763157894736842,19.0,0.6,59.0,19.0,1,rolling,losing_streak_fitness,3_days,rep_1,19,10
test,1,0,86986,86986,125287,10,13,728,4.5,5,23,2,110.67971810589329,10,70.0,222.0,152.0,1.4605263157894737,114.0,0.2,7.0,19.0,6,rolling,losing_streak_fitness,3_days,rep_1,20,10
train,1,0,86986,86986,125287,10,13,728,4.5,5,23,2,659.640053362438,5,295.0,333.0,38.0,8.763157894736842,19.0,0.6,59.0,19.0,1,rolling,losing_streak_fitness,3_days,rep_1,20,10
test,1,0,86986,86986,125287,10,13,728,4.5,5,23,2,110.67971810589329,10,70.0,222.0,152.0,1.4605263157894737,114.0,0.2,7.0,19.0,6,rolling,losing_streak_fitness,3_days,rep_1,21,10
train,1,0,86986,86986,125287,10,13,728,4.5,5,23,2,659.640053362438,5,295.0,333.0,38.0,8.763157894736842,19.0,0.6,59.0,19.0,1,rolling,losing_streak_fitness,3_days,rep_1,21,10
test,1,0,86986,86986,125287,10,13,728,4.5,5,23,2,110.67971810589329,10,70.0,222.0,152.0,1.4605263157894737,114.0,0.2,7.0,19.0,6,rolling,losing_streak_fitness,3_days,rep_1,22,10
train,1,0,86986,86986,125287,10,13,728,4.5,5,23,2,659.640053362438,5,295.0,333.0,38.0,8.763157894736842,19.0,0.6,59.0,19.0,1,rolling,losing_streak_fitness,3_days,rep_1,22,10
test,1,0,86986,86986,125287,10,13,728,4.5,5,23,2,110.67971810589329,10,70.0,222.0,152.0,1.4605263157894737,114.0,0.2,7.0,19.0,6,rolling,losing_streak_fitness,3_days,rep_1,23,10
train,1,0,86986,86986,125287,10,13,728,4.5,5,23,2,659.640053362438,5,295.0,333.0,38.0,8.763157894736842,19.0,0.6,59.0,19.0,1,rolling,losing_streak_fitness,3_days,rep_1,23,10
test,1,0,86986,86986,125287,10,13,728,4.5,5,23,2,110.67971810589329,10,70.0,222.0,152.0,1.4605263157894737,114.0,0.2,7.0,19.0,6,rolling,losing_streak_fitness,3_days,rep_1,24,10
train,1,0,86986,86986,125287,10,13,728,4.5,5,23,2,659.640053362438,5,295.0,333.0,38.0,8.763157894736842,19.0,0.6,59.0,19.0,1,rolling,losing_streak_fitness,3_days,rep_1,24,10
test,1,0,86986,86986,125287,10,13,728,4.5,5,23,2,110.67971810589329,10,70.0,222.0,152.0,1.4605263157894737,114.0,0.2,7.0,19.0,6,rolling,losing_streak_fitness,3_days,rep_1,25,10
train,1,0,86986,86986,125287,10,13,728,4.5,5,23,2,659.640053362438,5,295.0,333.0,38.0,8.763157894736842,19.0,0.6,59.0,19.0,1,rolling,losing_streak_fitness,3_days,rep_1,25,10
test,1,0,86986,86986,125287,10,13,728,4.5,5,23,2,110.67971810589329,10,70.0,222.0,152.0,1.4605263157894737,114.0,0.2,7.0,19.0,6,rolling,losing_streak_fitness,3_days,rep_1,26,10
train,1,0,86986,86986,125287,10,13,728,4.5,5,23,2,659.640053362438,5,295.0,333.0,38.0,8.763157894736842,19.0,0.6,59.0,19.0,1,rolling,losing_streak_fitness,3_days,rep_1,26,10
test,1,0,86986,86986,125287,10,13,728,4.5,5,23,2,110.67971810589329,10,70.0,222.0,152.0,1.4605263157894737,114.0,0.2,7.0,19.0,6,rolling,losing_streak_fitness,3_days,rep_1,27,10
train,1,0,86986,86986,125287,10,13,728,4.5,5,23,2,659.640053362438,5,295.0,333.0,38.0,8.763157894736842,19.0,0.6,59.0,19.0,1,rolling,losing_streak_fitness,3_days,rep_1,27,10
test,1,0,86986,86986,125287,10,13,728,4.5,5,23,2,110.67971810589329,10,70.0,222.0,152.0,1.4605263157894737,114.0,0.2,7.0,19.0,6,rolling,losing_streak_fitness,3_days,rep_1,28,10
train,1,0,86986,86986,125287,10,13,728,4.5,5,23,2,659.640053362438,5,295.0,333.0,38.0,8.763157894736842,19.0,0.6,59.0,19.0,1,rolling,losing_streak_fitness,3_days,rep_1,28,10
test,1,0,86986,86986,125287,10,13,728,4.5,5,23,2,110.67971810589329,10,70.0,222.0,152.0,1.4605263157894737,114.0,0.2,7.0,19.0,6,rolling,losing_streak_fitness,3_days,rep_1,29,10
train,1,0,86986,86986,125287,10,13,728,4.5,5,23,2,659.640053362438,5,295.0,333.0,38.0,8.763157894736842,19.0,0.6,59.0,19.0,1,rolling,losing_streak_fitness,3_days,rep_1,29,10
test,1,0,86986,86986,125287,10,13,728,4.5,5,23,2,110.67971810589329,10,70.0,222.0,152.0,1.4605263157894737,114.0,0.2,7.0,19.0,6,rolling,losing_streak_fitness,3_days,rep_1,30,10
train,1,0,86986,86986,125287,10,13,728,4.5,5,23,2,659.640053362438,5,295.0,333.0,38.0,8.763157894736842,19.0,0.6,59.0,19.0,1,rolling,losing_streak_fitness,3_days,rep_1,30,10
test,1,0,86986,86986,125287,10,13,728,4.5,5,23,2,110.67971810589329,10,70.0,222.0,152.0,1.4605263157894737,114.0,0.2,7.0,19.0,6,rolling,losing_streak_fitness,3_days,rep_1,31,10
train,1,0,86986,86986,125287,10,13,728,4.5,5,23,2,659.640053362438,5,295.0,333.0,38.0,8.763157894736842,19.0,0.6,59.0,19.0,1,rolling,losing_streak_fitness,3_days,rep_1,31,10
test,1,0,86986,86986,125287,10,13,728,4.5,5,23,2,110.67971810589329,10,70.0,222.0,152.0,1.4605263157894737,114.0,0.2,7.0,19.0,6,rolling,losing_streak_fitness,3_days,rep_1,32,10
train,1,0,86986,86986,125287,10,13,728,4.5,5,23,2,659.640053362438,5,295.0,333.0,38.0,8.763157894736842,19.0,0.6,59.0,19.0,1,rolling,losing_streak_fitness,3_days,rep_1,32,10
test,1,0,86986,86986,125287,10,13,728,4.5,5,23,2,110.67971810589329,10,70.0,222.0,152.0,1.4605263157894737,114.0,0.2,7.0,19.0,6,rolling,losing_streak_fitness,3_days,rep_1,33,10
train,1,0,86986,86986,125287,10,13,728,4.5,5,23,2,659.640053362438,5,295.0,333.0,38.0,8.763157894736842,19.0,0.6,59.0,19.0,1,rolling,losing_streak_fitness,3_days,rep_1,33,10
test,1,0,86986,86986,125287,10,13,728,4.5,5,23,2,110.67971810589329,10,70.0,222.0,152.0,1.4605263157894737,114.0,0.2,7.0,19.0,6,rolling,losing_streak_fitness,3_days,rep_1,34,10
train,1,0,86986,86986,125287,10,13,728,4.5,5,23,2,659.640053362438,5,295.0,333.0,38.0,8.763157894736842,19.0,0.6,59.0,19.0,1,rolling,losing_streak_fitness,3_days,rep_1,34,10
test,1,0,86986,86986,125287,10,13,728,4.5,5,23,2,110.67971810589329,10,70.0,222.0,152.0,1.4605263157894737,114.0,0.2,7.0,19.0,6,rolling,losing_streak_fitness,3_days,rep_1,35,10
train,1,0,86986,86986,125287,10,13,728,4.5,5,23,2,659.640053362438,5,295.0,333.0,38.0,8.763157894736842,19.0,0.6,59.0,19.0,1,rolling,losing_streak_fitness,3_days,rep_1,35,10
test,1,0,86986,86986,125287,10,13,728,4.5,5,23,2,110.67971810589329,10,70.0,222.0,152.0,1.4605263157894737,114.0,0.2,7.0,19.0,6,rolling,losing_streak_fitness,3_days,rep_1,36,10
train,1,0,86986,86986,125287,10,13,728,4.5,5,23,2,659.640053362438,5,295.0,333.0,38.0,8.763157894736842,19.0,0.6,59.0,19.0,1,rolling,losing_streak_fitness,3_days,rep_1,36,10
test,1,0,86986,86986,125287,10,13,728,4.5,5,23,2,110.67971810589329,10,70.0,222.0,152.0,1.4605263157894737,114.0,0.2,7.0,19.0,6,rolling,losing_streak_fitness,3_days,rep_1,37,10
train,1,0,86986,86986,125287,10,13,728,4.5,5,23,2,659.640053362438,5,295.0,333.0,38.0,8.763157894736842,19.0,0.6,59.0,19.0,1,rolling,losing_streak_fitness,3_days,rep_1,37,10
test,1,0,86986,86986,125287,10,13,728,4.5,5,23,2,110.67971810589329,10,70.0,222.0,152.0,1.4605263157894737,114.0,0.2,7.0,19.0,6,rolling,losing_streak_fitness,3_days,rep_1,38,10
train,1,0,86986,86986,125287,10,13,728,4.5,5,23,2,659.640053362438,5,295.0,333.0,38.0,8.763157894736842,19.0,0.6,59.0,19.0,1,rolling,losing_streak_fitness,3_days,rep_1,38,10
test,1,0,86986,86986,125287,10,13,728,4.5,5,23,2,110.67971810589329,10,70.0,222.0,152.0,1.4605263157894737,114.0,0.2,7.0,19.0,6,rolling,losing_streak_fitness,3_days,rep_1,39,10
train,1,0,86986,86986,125287,10,13,728,4.5,5,23,2,659.640053362438,5,295.0,333.0,38.0,8.763157894736842,19.0,0.6,59.0,19.0,1,rolling,losing_streak_fitness,3_days,rep_1,39,10
test,1,0,86986,86986,125287,10,13,728,4.5,5,23,2,110.67971810589329,10,70.0,222.0,152.0,1.4605263157894737,114.0,0.2,7.0,19.0,6,rolling,losing_streak_fitness,3_days,rep_1,40,10
train,1,0,86986,86986,125287,10,13,728,4.5,5,23,2,659.640053362438,5,295.0,333.0,38.0,8.763157894736842,19.0,0.6,59.0,19.0,1,rolling,losing_streak_fitness,3_days,rep_1,40,10
test,1,0,86986,86986,125287,10,13,728,4.5,5,23,2,110.67971810589329,10,70.0,222.0,152.0,1.4605263157894737,114.0,0.2,7.0,19.0,6,rolling,losing_streak_fitness,3_days,rep_1,41,10
train,1,0,86986,86986,125287,10,13,728,4.5,5,23,2,659.640053362438,5,295.0,333.0,38.0,8.763157894736842,19.0,0.6,59.0,19.0,1,rolling,losing_streak_fitness,3_days,rep_1,41,10
test,1,0,86986,86986,125287,10,13,728,4.5,5,23,2,110.67971810589329,10,70.0,222.0,152.0,1.4605263157894737,114.0,0.2,7.0,19.0,6,rolling,losing_streak_fitness,3_days,rep_1,42,10
train,1,0,86986,86986,125287,10,13,728,4.5,5,23,2,659.640053362438,5,295.0,333.0,38.0,8.763157894736842,19.0,0.6,59.0,19.0,1,rolling,losing_streak_fitness,3_days,rep_1,42,10
test,1,0,86986,86986,125287,10,13,728,4.5,5,23,2,110.67971810589329,10,70.0,222.0,152.0,1.4605263157894737,114.0,0.2,7.0,19.0,6,rolling,losing_streak_fitness,3_days,rep_1,43,10
train,1,0,86986,86986,125287,10,13,728,4.5,5,23,2,659.640053362438,5,295.0,333.0,38.0,8.763157894736842,19.0,0.6,59.0,19.0,1,rolling,losing_streak_fitness,3_days,rep_1,43,10
test,1,0,86986,86986,125287,10,13,728,4.5,5,23,2,110.67971810589329,10,70.0,222.0,152.0,1.4605263157894737,114.0,0.2,7.0,19.0,6,rolling,losing_streak_fitness,3_days,rep_1,44,10
train,1,0,86986,86986,125287,10,13,728,4.5,5,23,2,659.640053362438,5,295.0,333.0,38.0,8.763157894736842,19.0,0.6,59.0,19.0,1,rolling,losing_streak_fitness,3_days,rep_1,44,10
test,1,0,86986,86986,125287,10,13,728,4.5,5,23,2,110.67971810589329,10,70.0,222.0,152.0,1.4605263157894737,114.0,0.2,7.0,19.0,6,rolling,losing_streak_fitness,3_days,rep_1,45,10
train,1,0,86986,86986,125287,10,13,728,4.5,5,23,2,659.640053362438,5,295.0,333.0,38.0,8.763157894736842,19.0,0.6,59.0,19.0,1,rolling,losing_streak_fitness,3_days,rep_1,45,10
test,1,0,86986,86986,125287,10,13,728,4.5,5,23,2,110.67971810589329,10,70.0,222.0,152.0,1.4605263157894737,114.0,0.2,7.0,19.0,6,rolling,losing_streak_fitness,3_days,rep_1,46,10
train,1,0,86986,86986,125287,10,13,728,4.5,5,23,2,659.640053362438,5,295.0,333.0,38.0,8.763157894736842,19.0,0.6,59.0,19.0,1,rolling,losing_streak_fitness,3_days,rep_1,46,10
test,1,0,86986,86986,125287,10,13,728,4.5,5,23,2,110.67971810589329,10,70.0,222.0,152.0,1.4605263157894737,114.0,0.2,7.0,19.0,6,rolling,losing_streak_fitness,3_days,rep_1,47,10
train,1,0,86986,86986,125287,10,13,728,4.5,5,23,2,659.640053362438,5,295.0,333.0,38.0,8.763157894736842,19.0,0.6,59.0,19.0,1,rolling,losing_streak_fitness,3_days,rep_1,47,10
test,1,0,86986,86986,125287,10,13,728,4.5,5,23,2,110.67971810589329,10,70.0,222.0,152.0,1.4605263157894737,114.0,0.2,7.0,19.0,6,rolling,losing_streak_fitness,3_days,rep_1,48,10
train,1,0,86986,86986,125287,10,13,728,4.5,5,23,2,659.640053362438,5,295.0,333.0,38.0,8.763157894736842,19.0,0.6,59.0,19.0,1,rolling,losing_streak_fitness,3_days,rep_1,48,10
test,1,0,86986,86986,125287,10,13,728,4.5,5,23,2,110.67971810589329,10,70.0,222.0,152.0,1.4605263157894737,114.0,0.2,7.0,19.0,6,rolling,losing_streak_fitness,3_days,rep_1,49,10
train,1,0,86986,86986,125287,10,13,728,4.5,5,23,2,659.640053362438,5,295.0,333.0,38.0,8.763157894736842,19.0,0.6,59.0,19.0,1,rolling,losing_streak_fitness,3_days,rep_1,49,10
test,1,0,86986,86986,125287,10,13,728,4.5,5,23,2,110.67971810589329,10,70.0,222.0,152.0,1.4605263157894737,114.0,0.2,7.0,19.0,6,rolling,losing_streak_fitness,3_days,rep_1,50,10
train,1,0,86986,86986,125287,10,13,728,4.5,5,23,2,659.640053362438,5,295.0,333.0,38.0,8.763157894736842,19.0,0.6,59.0,19.0,1,rolling,losing_streak_fitness,3_days,rep_1,50,10
test,1,0,86986,86986,125287,10,13,728,4.5,5,23,2,110.67971810589329,10,70.0,222.0,152.0,1.4605263157894737,114.0,0.2,7.0,19.0,6,rolling,losing_streak_fitness,3_days,rep_1,51,10
train,1,0,86986,86986,125287,10,13,728,4.5,5,23,2,659.640053362438,5,295.0,333.0,38.0,8.763157894736842,19.0,0.6,59.0,19.0,1,rolling,losing_streak_fitness,3_days,rep_1,51,10
test,1,0,86986,86986,125287,10,13,728,4.5,5,23,2,110.67971810589329,10,70.0,222.0,152.0,1.4605263157894737,114.0,0.2,7.0,19.0,6,rolling,losing_streak_fitness,3_days,rep_1,52,10
train,1,0,86986,86986,125287,10,13,728,4.5,5,23,2,659.640053362438,5,295.0,333.0,38.0,8.763157894736842,19.0,0.6,59.0,19.0,1,rolling,losing_streak_fitness,3_days,rep_1,52,10
test,1,0,86986,86986,125287,10,13,728,4.5,5,23,2,110.67971810589329,10,70.0,222.0,152.0,1.4605263157894737,114.0,0.2,7.0,19.0,6,rolling,losing_streak_fitness,3_days,rep_1,53,10
train,1,0,86986,86986,125287,10,13,728,4.5,5,23,2,659.640053362438,5,295.0,333.0,38.0,8.763157894736842,19.0,0.6,59.0,19.0,1,rolling,losing_streak_fitness,3_days,rep_1,53,10
test,1,0,86986,86986,125287,10,13,728,4.5,5,23,2,110.67971810589329,10,70.0,222.0,152.0,1.4605263157894737,114.0,0.2,7.0,19.0,6,rolling,losing_streak_fitness,3_days,rep_1,54,10
train,1,0,86986,86986,125287,10,13,728,4.5,5,23,2,659.640053362438,5,295.0,333.0,38.0,8.763157894736842,19.0,0.6,59.0,19.0,1,rolling,losing_streak_fitness,3_days,rep_1,54,10
test,1,0,86986,86986,125287,10,13,728,4.5,5,23,2,110.67971810589329,10,70.0,222.0,152.0,1.4605263157894737,114.0,0.2,7.0,19.0,6,rolling,losing_streak_fitness,3_days,rep_1,55,10
train,1,0,86986,86986,125287,10,13,728,4.5,5,23,2,659.640053362438,5,295.0,333.0,38.0,8.763157894736842,19.0,0.6,59.0,19.0,1,rolling,losing_streak_fitness,3_days,rep_1,55,10
test,1,0,86986,86986,125287,10,13,728,4.5,5,23,2,110.67971810589329,10,70.0,222.0,152.0,1.4605263157894737,114.0,0.2,7.0,19.0,6,rolling,losing_streak_fitness,3_days,rep_1,56,10
train,1,0,86986,86986,125287,10,13,728,4.5,5,23,2,659.640053362438,5,295.0,333.0,38.0,8.763157894736842,19.0,0.6,59.0,19.0,1,rolling,losing_streak_fitness,3_days,rep_1,56,10
test,1,0,86986,86986,125287,10,13,728,4.5,5,23,2,110.67971810589329,10,70.0,222.0,152.0,1.4605263157894737,114.0,0.2,7.0,19.0,6,rolling,losing_streak_fitness,3_days,rep_1,57,10
train,1,0,86986,86986,125287,10,13,728,4.5,5,23,2,659.640053362438,5,295.0,333.0,38.0,8.763157894736842,19.0,0.6,59.0,19.0,1,rolling,losing_streak_fitness,3_days,rep_1,57,10
test,1,0,86986,86986,125287,10,13,728,4.5,5,23,2,110.67971810589329,10,70.0,222.0,152.0,1.4605263157894737,114.0,0.2,7.0,19.0,6,rolling,losing_streak_fitness,3_days,rep_1,58,10
train,1,0,86986,86986,125287,10,13,728,4.5,5,23,2,659.640053362438,5,295.0,333.0,38.0,8.763157894736842,19.0,0.6,59.0,19.0,1,rolling,losing_streak_fitness,3_days,rep_1,58,10
test,1,0,86986,86986,125287,10,13,728,4.5,5,23,2,110.67971810589329,10,70.0,222.0,152.0,1.4605263157894737,114.0,0.2,7.0,19.0,6,rolling,losing_streak_fitness,3_days,rep_1,59,10
train,1,0,86986,86986,125287,10,13,728,4.5,5,23,2,659.640053362438,5,295.0,333.0,38.0,8.763157894736842,19.0,0.6,59.0,19.0,1,rolling,losing_streak_fitness,3_days,rep_1,59,10
test,1,0,86986,86986,125287,10,13,728,4.5,5,23,2,110.67971810589329,10,70.0,222.0,152.0,1.4605263157894737,114.0,0.2,7.0,19.0,6,rolling,losing_streak_fitness,3_days,rep_1,60,10
train,1,0,86986,86986,125287,10,13,728,4.5,5,23,2,659.640053362438,5,295.0,333.0,38.0,8.763157894736842,19.0,0.6,59.0,19.0,1,rolling,losing_streak_fitness,3_days,rep_1,60,10
test,1,0,86986,86986,125287,10,13,728,4.5,5,23,2,110.67971810589329,10,70.0,222.0,152.0,1.4605263157894737,114.0,0.2,7.0,19.0,6,rolling,losing_streak_fitness,3_days,rep_1,61,10
train,1,0,86986,86986,125287,10,13,728,4.5,5,23,2,659.640053362438,5,295.0,333.0,38.0,8.763157894736842,19.0,0.6,59.0,19.0,1,rolling,losing_streak_fitness,3_days,rep_1,61,10
test,1,0,86986,86986,125287,10,13,728,4.5,5,23,2,110.67971810589329,10,70.0,222.0,152.0,1.4605263157894737,114.0,0.2,7.0,19.0,6,rolling,losing_streak_fitness,3_days,rep_1,62,10
train,1,0,86986,86986,125287,10,13,728,4.5,5,23,2,659.640053362438,5,295.0,333.0,38.0,8.763157894736842,19.0,0.6,59.0,19.0,1,rolling,losing_streak_fitness,3_days,rep_1,62,10
test,1,0,86986,86986,125287,10,13,728,4.5,5,23,2,110.67971810589329,10,70.0,222.0,152.0,1.4605263157894737,114.0,0.2,7.0,19.0,6,rolling,losing_streak_fitness,3_days,rep_1,63,10
train,1,0,86986,86986,125287,10,13,728,4.5,5,23,2,659.640053362438,5,295.0,333.0,38.0,8.763157894736842,19.0,0.6,59.0,19.0,1,rolling,losing_streak_fitness,3_days,rep_1,63,10
test,1,0,86986,86986,125287,10,13,728,4.5,5,23,2,110.67971810589329,10,70.0,222.0,152.0,1.4605263157894737,114.0,0.2,7.0,19.0,6,rolling,losing_streak_fitness,3_days,rep_1,64,10
train,1,0,86986,86986,125287,10,13,728,4.5,5,23,2,659.640053362438,5,295.0,333.0,38.0,8.763157894736842,19.0,0.6,59.0,19.0,1,rolling,losing_streak_fitness,3_days,rep_1,64,10
test,1,0,86986,86986,125287,10,13,728,4.5,5,23,2,110.67971810589329,10,70.0,222.0,152.0,1.4605263157894737,114.0,0.2,7.0,19.0,6,rolling,losing_streak_fitness,3_days,rep_1,65,10
train,1,0,86986,86986,125287,10,13,728,4.5,5,23,2,659.640053362438,5,295.0,333.0,38.0,8.763157894736842,19.0,0.6,59.0,19.0,1,rolling,losing_streak_fitness,3_days,rep_1,65,10
test,1,0,86986,86986,125287,10,13,728,4.5,5,23,2,110.67971810589329,10,70.0,222.0,152.0,1.4605263157894737,114.0,0.2,7.0,19.0,6,rolling,losing_streak_fitness,3_days,rep_1,66,10
train,1,0,86986,86986,125287,10,13,728,4.5,5,23,2,659.640053362438,5,295.0,333.0,38.0,8.763157894736842,19.0,0.6,59.0,19.0,1,rolling,losing_streak_fitness,3_days,rep_1,66,10
test,1,0,86986,86986,125287,10,13,728,4.5,5,23,2,110.67971810589329,10,70.0,222.0,152.0,1.4605263157894737,114.0,0.2,7.0,19.0,6,rolling,losing_streak_fitness,3_days,rep_1,67,10
train,1,0,86986,86986,125287,10,13,728,4.5,5,23,2,659.640053362438,5,295.0,333.0,38.0,8.763157894736842,19.0,0.6,59.0,19.0,1,rolling,losing_streak_fitness,3_days,rep_1,67,10
test,1,0,86986,86986,125287,10,13,728,4.5,5,23,2,110.67971810589329,10,70.0,222.0,152.0,1.4605263157894737,114.0,0.2,7.0,19.0,6,rolling,losing_streak_fitness,3_days,rep_1,68,10
train,1,0,86986,86986,125287,10,13,728,4.5,5,23,2,659.640053362438,5,295.0,333.0,38.0,8.763157894736842,19.0,0.6,59.0,19.0,1,rolling,losing_streak_fitness,3_days,rep_1,68,10
test,1,0,86986,86986,125287,10,13,728,4.5,5,23,2,110.67971810589329,10,70.0,222.0,152.0,1.4605263157894737,114.0,0.2,7.0,19.0,6,rolling,losing_streak_fitness,3_days,rep_1,69,10
train,1,0,86986,86986,125287,10,13,728,4.5,5,23,2,659.640053362438,5,295.0,333.0,38.0,8.763157894736842,19.0,0.6,59.0,19.0,1,rolling,losing_streak_fitness,3_days,rep_1,69,10
test,1,0,86986,86986,125287,10,13,728,4.5,5,23,2,110.67971810589329,10,70.0,222.0,152.0,1.4605263157894737,114.0,0.2,7.0,19.0,6,rolling,losing_streak_fitness,3_days,rep_1,70,10
train,1,0,86986,86986,125287,10,13,728,4.5,5,23,2,659.640053362438,5,295.0,333.0,38.0,8.763157894736842,19.0,0.6,59.0,19.0,1,rolling,losing_streak_fitness,3_days,rep_1,70,10
test,1,0,86986,86986,125287,10,13,728,4.5,5,23,2,110.67971810589329,10,70.0,222.0,152.0,1.4605263157894737,114.0,0.2,7.0,19.0,6,rolling,losing_streak_fitness,3_days,rep_1,71,10
train,1,0,86986,86986,125287,10,13,728,4.5,5,23,2,659.640053362438,5,295.0,333.0,38.0,8.763157894736842,19.0,0.6,59.0,19.0,1,rolling,losing_streak_fitness,3_days,rep_1,71,10
test,1,0,86986,86986,125287,10,13,728,4.5,5,23,2,110.67971810589329,10,70.0,222.0,152.0,1.4605263157894737,114.0,0.2,7.0,19.0,6,rolling,losing_streak_fitness,3_days,rep_1,72,10
train,1,0,86986,86986,125287,10,13,728,4.5,5,23,2,659.640053362438,5,295.0,333.0,38.0,8.763157894736842,19.0,0.6,59.0,19.0,1,rolling,losing_streak_fitness,3_days,rep_1,72,10
test,1,0,86986,86986,125287,10,13,728,4.5,5,23,2,110.67971810589329,10,70.0,222.0,152.0,1.4605263157894737,114.0,0.2,7.0,19.0,6,rolling,losing_streak_fitness,3_days,rep_1,73,10
train,1,0,86986,86986,125287,10,13,728,4.5,5,23,2,659.640053362438,5,295.0,333.0,38.0,8.763157894736842,19.0,0.6,59.0,19.0,1,rolling,losing_streak_fitness,3_days,rep_1,73,10
test,1,0,86986,86986,125287,10,13,728,4.5,5,23,2,110.67971810589329,10,70.0,222.0,152.0,1.4605263157894737,114.0,0.2,7.0,19.0,6,rolling,losing_streak_fitness,3_days,rep_1,74,10
train,1,0,86986,86986,125287,10,13,728,4.5,5,23,2,659.640053362438,5,295.0,333.0,38.0,8.763157894736842,19.0,0.6,59.0,19.0,1,rolling,losing_streak_fitness,3_days,rep_1,74,10
test,1,0,86986,86986,125287,10,13,728,4.5,5,23,2,110.67971810589329,10,70.0,222.0,152.0,1.4605263157894737,114.0,0.2,7.0,19.0,6,rolling,losing_streak_fitness,3_days,rep_1,75,10
train,1,0,86986,86986,125287,10,13,728,4.5,5,23,2,659.640053362438,5,295.0,333.0,38.0,8.763157894736842,19.0,0.6,59.0,19.0,1,rolling,losing_streak_fitness,3_days,rep_1,75,10
test,1,0,86986,86986,125287,10,13,728,4.5,5,23,2,110.67971810589329,10,70.0,222.0,152.0,1.4605263157894737,114.0,0.2,7.0,19.0,6,rolling,losing_streak_fitness,3_days,rep_1,76,10
train,1,0,86986,86986,125287,10,13,728,4.5,5,23,2,659.640053362438,5,295.0,333.0,38.0,8.763157894736842,19.0,0.6,59.0,19.0,1,rolling,losing_streak_fitness,3_days,rep_1,76,10
test,1,0,86986,86986,125287,10,13,728,4.5,5,23,2,110.67971810589329,10,70.0,222.0,152.0,1.4605263157894737,114.0,0.2,7.0,19.0,6,rolling,losing_streak_fitness,3_days,rep_1,77,10
train,1,0,86986,86986,125287,10,13,728,4.5,5,23,2,659.640053362438,5,295.0,333.0,38.0,8.763157894736842,19.0,0.6,59.0,19.0,1,rolling,losing_streak_fitness,3_days,rep_1,77,10
test,1,0,86986,86986,125287,10,13,728,4.5,5,23,2,110.67971810589329,10,70.0,222.0,152.0,1.4605263157894737,114.0,0.2,7.0,19.0,6,rolling,losing_streak_fitness,3_days,rep_1,78,10
train,1,0,86986,86986,125287,10,13,728,4.5,5,23,2,659.640053362438,5,295.0,333.0,38.0,8.763157894736842,19.0,0.6,59.0,19.0,1,rolling,losing_streak_fitness,3_days,rep_1,78,10
test,1,0,86986,86986,125287,10,13,728,4.5,5,23,2,110.67971810589329,10,70.0,222.0,152.0,1.4605263157894737,114.0,0.2,7.0,19.0,6,rolling,losing_streak_fitness,3_days,rep_1,79,10
train,1,0,86986,86986,125287,10,13,728,4.5,5,23,2,659.640053362438,5,295.0,333.0,38.0,8.763157894736842,19.0,0.6,59.0,19.0,1,rolling,losing_streak_fitness,3_days,rep_1,79,10
test,1,0,86986,86986,125287,10,13,728,4.5,5,23,2,110.67971810589329,10,70.0,222.0,152.0,1.4605263157894737,114.0,0.2,7.0,19.0,6,rolling,losing_streak_fitness,3_days,rep_1,80,10
train,1,0,86986,86986,125287,10,13,728,4.5,5,23,2,659.640053362438,5,295.0,333.0,38.0,8.763157894736842,19.0,0.6,59.0,19.0,1,rolling,losing_streak_fitness,3_days,rep_1,80,10
test,1,0,86986,86986,125287,10,13,728,4.5,5,23,2,110.67971810589329,10,70.0,222.0,152.0,1.4605263157894737,114.0,0.2,7.0,19.0,6,rolling,losing_streak_fitness,3_days,rep_1,81,10
train,1,0,86986,86986,125287,10,13,728,4.5,5,23,2,659.640053362438,5,295.0,333.0,38.0,8.763157894736842,19.0,0.6,59.0,19.0,1,rolling,losing_streak_fitness,3_days,rep_1,81,10
test,1,0,86986,86986,125287,10,13,728,4.5,5,23,2,110.67971810589329,10,70.0,222.0,152.0,1.4605263157894737,114.0,0.2,7.0,19.0,6,rolling,losing_streak_fitness,3_days,rep_1,82,10
train,1,0,86986,86986,125287,10,13,728,4.5,5,23,2,659.640053362438,5,295.0,333.0,38.0,8.763157894736842,19.0,0.6,59.0,19.0,1,rolling,losing_streak_fitness,3_days,rep_1,82,10
test,1,0,86986,86986,125287,10,13,728,4.5,5,23,2,110.67971810589329,10,70.0,222.0,152.0,1.4605263157894737,114.0,0.2,7.0,19.0,6,rolling,losing_streak_fitness,3_days,rep_1,83,10
train,1,0,86986,86986,125287,10,13,728,4.5,5,23,2,659.640053362438,5,295.0,333.0,38.0,8.763157894736842,19.0,0.6,59.0,19.0,1,rolling,losing_streak_fitness,3_days,rep_1,83,10
test,1,0,86986,86986,125287,10,13,728,4.5,5,23,2,110.67971810589329,10,70.0,222.0,152.0,1.4605263157894737,114.0,0.2,7.0,19.0,6,rolling,losing_streak_fitness,3_days,rep_1,84,10
train,1,0,86986,86986,125287,10,13,728,4.5,5,23,2,659.640053362438,5,295.0,333.0,38.0,8.763157894736842,19.0,0.6,59.0,19.0,1,rolling,losing_streak_fitness,3_days,rep_1,84,10
test,1,0,86986,86986,125287,10,13,728,4.5,5,23,2,110.67971810589329,10,70.0,222.0,152.0,1.4605263157894737,114.0,0.2,7.0,19.0,6,rolling,losing_streak_fitness,3_days,rep_1,85,10
train,1,0,86986,86986,125287,10,13,728,4.5,5,23,2,659.640053362438,5,295.0,333.0,38.0,8.763157894736842,19.0,0.6,59.0,19.0,1,rolling,losing_streak_fitness,3_days,rep_1,85,10
test,1,0,86986,86986,125287,10,13,728,4.5,5,23,2,110.67971810589329,10,70.0,222.0,152.0,1.4605263157894737,114.0,0.2,7.0,19.0,6,rolling,losing_streak_fitness,3_days,rep_1,86,10
train,1,0,86986,86986,125287,10,13,728,4.5,5,23,2,659.640053362438,5,295.0,333.0,38.0,8.763157894736842,19.0,0.6,59.0,19.0,1,rolling,losing_streak_fitness,3_days,rep_1,86,10
test,1,0,86986,86986,125287,10,13,728,4.5,5,23,2,110.67971810589329,10,70.0,222.0,152.0,1.4605263157894737,114.0,0.2,7.0,19.0,6,rolling,losing_streak_fitness,3_days,rep_1,87,10
train,1,0,86986,86986,125287,10,13,728,4.5,5,23,2,659.640053362438,5,295.0,333.0,38.0,8.763157894736842,19.0,0.6,59.0,19.0,1,rolling,losing_streak_fitness,3_days,rep_1,87,10
test,1,0,86986,86986,125287,10,13,728,4.5,5,23,2,110.67971810589329,10,70.0,222.0,152.0,1.4605263157894737,114.0,0.2,7.0,19.0,6,rolling,losing_streak_fitness,3_days,rep_1,88,10
train,1,0,86986,86986,125287,10,13,728,4.5,5,23,2,659.640053362438,5,295.0,333.0,38.0,8.763157894736842,19.0,0.6,59.0,19.0,1,rolling,losing_streak_fitness,3_days,rep_1,88,10
test,1,0,86986,86986,125287,10,13,728,4.5,5,23,2,110.67971810589329,10,70.0,222.0,152.0,1.4605263157894737,114.0,0.2,7.0,19.0,6,rolling,losing_streak_fitness,3_days,rep_1,89,10
train,1,0,86986,86986,125287,10,13,728,4.5,5,23,2,659.640053362438,5,295.0,333.0,38.0,8.763157894736842,19.0,0.6,59.0,19.0,1,rolling,losing_streak_fitness,3_days,rep_1,89,10
test,1,0,86986,86986,125287,10,13,728,4.5,5,23,2,110.67971810589329,10,70.0,222.0,152.0,1.4605263157894737,114.0,0.2,7.0,19.0,6,rolling,losing_streak_fitness,3_days,rep_1,90,10
train,1,0,86986,86986,125287,10,13,728,4.5,5,23,2,659.640053362438,5,295.0,333.0,38.0,8.763157894736842,19.0,0.6,59.0,19.0,1,rolling,losing_streak_fitness,3_days,rep_1,90,10
test,1,0,86986,86986,125287,10,13,728,4.5,5,23,2,110.67971810589329,10,70.0,222.0,152.0,1.4605263157894737,114.0,0.2,7.0,19.0,6,rolling,losing_streak_fitness,3_days,rep_1,91,10
train,1,0,86986,86986,125287,10,13,728,4.5,5,23,2,659.640053362438,5,295.0,333.0,38.0,8.763157894736842,19.0,0.6,59.0,19.0,1,rolling,losing_streak_fitness,3_days,rep_1,91,10
test,1,0,86986,86986,125287,10,13,728,4.5,5,23,2,110.67971810589329,10,70.0,222.0,152.0,1.4605263157894737,114.0,0.2,7.0,19.0,6,rolling,losing_streak_fitness,3_days,rep_1,92,10
train,1,0,86986,86986,125287,10,13,728,4.5,5,23,2,659.640053362438,5,295.0,333.0,38.0,8.763157894736842,19.0,0.6,59.0,19.0,1,rolling,losing_streak_fitness,3_days,rep_1,92,10
test,1,0,86986,86986,125287,10,13,728,4.5,5,23,2,110.67971810589329,10,70.0,222.0,152.0,1.4605263157894737,114.0,0.2,7.0,19.0,6,rolling,losing_streak_fitness,3_days,rep_1,93,10
train,1,0,86986,86986,125287,10,13,728,4.5,5,23,2,659.640053362438,5,295.0,333.0,38.0,8.763157894736842,19.0,0.6,59.0,19.0,1,rolling,losing_streak_fitness,3_days,rep_1,93,10
test,1,0,86986,86986,125287,10,13,728,4.5,5,23,2,110.67971810589329,10,70.0,222.0,152.0,1.4605263157894737,114.0,0.2,7.0,19.0,6,rolling,losing_streak_fitness,3_days,rep_1,94,10
train,1,0,86986,86986,125287,10,13,728,4.5,5,23,2,659.640053362438,5,295.0,333.0,38.0,8.763157894736842,19.0,0.6,59.0,19.0,1,rolling,losing_streak_fitness,3_days,rep_1,94,10
test,1,0,86986,86986,125287,10,13,728,4.5,5,23,2,110.67971810589329,10,70.0,222.0,152.0,1.4605263157894737,114.0,0.2,7.0,19.0,6,rolling,losing_streak_fitness,3_days,rep_1,95,10
train,1,0,86986,86986,125287,10,13,728,4.5,5,23,2,659.640053362438,5,295.0,333.0,38.0,8.763157894736842,19.0,0.6,59.0,19.0,1,rolling,losing_streak_fitness,3_days,rep_1,95,10
test,1,0,86986,86986,125287,10,13,728,4.5,5,23,2,110.67971810589329,10,70.0,222.0,152.0,1.4605263157894737,114.0,0.2,7.0,19.0,6,rolling,losing_streak_fitness,3_days,rep_1,96,10
train,1,0,86986,86986,125287,10,13,728,4.5,5,23,2,659.640053362438,5,295.0,333.0,38.0,8.763157894736842,19.0,0.6,59.0,19.0,1,rolling,losing_streak_fitness,3_days,rep_1,96,10
test,1,0,86986,86986,125287,10,13,728,4.5,5,23,2,110.67971810589329,10,70.0,222.0,152.0,1.4605263157894737,114.0,0.2,7.0,19.0,6,rolling,losing_streak_fitness,3_days,rep_1,97,10
train,1,0,86986,86986,125287,10,13,728,4.5,5,23,2,659.640053362438,5,295.0,333.0,38.0,8.763157894736842,19.0,0.6,59.0,19.0,1,rolling,losing_streak_fitness,3_days,rep_1,97,10
test,1,0,86986,86986,125287,10,13,728,4.5,5,23,2,110.67971810589329,10,70.0,222.0,152.0,1.4605263157894737,114.0,0.2,7.0,19.0,6,rolling,losing_streak_fitness,3_days,rep_1,98,10
train,1,0,86986,86986,125287,10,13,728,4.5,5,23,2,659.640053362438,5,295.0,333.0,38.0,8.763157894736842,19.0,0.6,59.0,19.0,1,rolling,losing_streak_fitness,3_days,rep_1,98,10
test,1,0,86986,86986,125287,10,13,728,4.5,5,23,2,110.67971810589329,10,70.0,222.0,152.0,1.4605263157894737,114.0,0.2,7.0,19.0,6,rolling,losing_streak_fitness,3_days,rep_1,99,10
train,1,0,86986,86986,125287,10,13,728,4.5,5,23,2,659.640053362438,5,295.0,333.0,38.0,8.763157894736842,19.0,0.6,59.0,19.0,1,rolling,losing_streak_fitness,3_days,rep_1,99,10
test,1,0,86986,86986,125287,10,13,728,4.5,5,23,2,110.67971810589329,10,70.0,222.0,152.0,1.4605263157894737,114.0,0.2,7.0,19.0,6,rolling,losing_streak_fitness,3_days,rep_1,100,10
train,1,0,86986,86986,125287,10,13,728,4.5,5,23,2,659.640053362438,5,295.0,333.0,38.0,8.763157894736842,19.0,0.6,59.0,19.0,1,rolling,losing_streak_fitness,3_days,rep_1,100,10
test,2,22406,125287,125287,130699,0,14,2332,3.0,7,21,2,-1000.0,0,0.0,0.0,0.0,inf,0.0,0.0,0.0,0.0,0,rolling,losing_streak_fitness,3_days,rep_1,0,0
train,2,22406,125287,125287,130699,0,14,2332,3.0,7,21,2,259.36005860579223,11,391.0,505.0,114.0,4.4298245614035086,95.0,0.4545454545454545,35.54545454545455,19.0,5,rolling,losing_streak_fitness,3_days,rep_1,0,0
test,2,22406,125287,125287,130699,1,12,1490,7.0,7,15,5,-1000.0,0,0.0,0.0,0.0,inf,0.0,0.0,0.0,0.0,0,rolling,losing_streak_fitness,3_days,rep_1,1,1
train,2,22406,125287,125287,130699,1,12,1490,7.0,7,15,5,592.0,16,296.0,568.0,272.0,2.088235294117647,68.0,0.5,18.5,34.0,2,rolling,losing_streak_fitness,3_days,rep_1,1,1
test,2,22406,125287,125287,130699,2,12,2332,5.75,4,8,2,-1000.0,0,0.0,0.0,0.0,inf,0.0,0.0,0.0,0.0,0,rolling,losing_streak_fitness,3_days,rep_1,2,2
train,2,22406,125287,125287,130699,2,12,2332,5.75,4,8,2,616.5971131946695,32,327.0,612.0,285.0,2.147368421052632,78.0,0.53125,10.21875,19.0,3,rolling,losing_streak_fitness,3_days,rep_1,2,2
test,2,22406,125287,125287,130699,3,12,2287,4.0,10,15,2,-1000.0,0,0.0,0.0,0.0,inf,0.0,0.0,0.0,0.0,0,rolling,losing_streak_fitness,3_days,rep_1,3,3
train,2,22406,125287,125287,130699,3,12,2287,4.0,10,15,2,668.0896272207794,15,345.0,497.0,152.0,3.2697368421052637,38.0,0.4666666666666667,23.0,19.0,2,rolling,losing_streak_fitness,3_days,rep_1,3,3
test,2,22406,125287,125287,130699,4,12,3898,3.0,7,11,2,-1000.0,0,0.0,0.0,0.0,inf,0.0,0.0,0.0,0.0,0,rolling,losing_streak_fitness,3_days,rep_1,4,4
train,2,22406,125287,125287,130699,4,12,3898,3.0,7,11,2,1060.5960588272992,26,416.0,663.0,247.0,2.6842105263157894,38.0,0.5,16.0,19.0,2,rolling,losing_streak_fitness,3_days,rep_1,4,4
test,2,22406,125287,125287,130699,4,12,3898,3.0,7,11,2,-1000.0,0,0.0,0.0,0.0,inf,0.0,0.0,0.0,0.0,0,rolling,losing_streak_fitness,3_days,rep_1,5,4
train,2,22406,125287,125287,130699,4,12,3898,3.0,7,11,2,1060.5960588272992,26,416.0,663.0,247.0,2.6842105263157894,38.0,0.5,16.0,19.0,2,rolling,losing_streak_fitness,3_days,rep_1,5,4
test,2,22406,125287,125287,130699,4,12,3898,3.0,7,11,2,-1000.0,0,0.0,0.0,0.0,inf,0.0,0.0,0.0,0.0,0,rolling,losing_streak_fitness,3_days,rep_1,6,4
train,2,22406,125287,125287,130699,4,12,3898,3.0,7,11,2,1060.5960588272992,26,416.0,663.0,247.0,2.6842105263157894,38.0,0.5,16.0,19.0,2,rolling,losing_streak_fitness,3_days,rep_1,6,4
test,2,22406,125287,125287,130699,7,12,1670,3.0,7,11,2,-1000.0,0,0.0,0.0,0.0,inf,0.0,0.0,0.0,0.0,0,rolling,losing_streak_fitness,3_days,rep_1,7,7
train,2,22406,125287,125287,130699,7,12,1670,3.0,7,11,2,1087.5,25,435.0,663.0,228.0,2.9078947368421053,38.0,0.52,17.4,19.0,2,rolling,losing_streak_fitness,3_days,rep_1,7,7
test,2,22406,125287,125287,130699,7,12,1670,3.0,7,11,2,-1000.0,0,0.0,0.0,0.0,inf,0.0,0.0,0.0,0.0,0,rolling,losing_streak_fitness,3_days,rep_1,8,7
train,2,22406,125287,125287,130699,7,12,1670,3.0,7,11,2,1087.5,25,435.0,663.0,228.0,2.9078947368421053,38.0,0.52,17.4,19.0,2,rolling,losing_streak_fitness,3_days,rep_1,8,7
test,2,22406,125287,125287,130699,7,12,1670,3.0,7,11,2,-1000.0,0,0.0,0.0,0.0,inf,0.0,0.0,0.0,0.0,0,rolling,losing_streak_fitness,3_days,rep_1,9,7
train,2,22406,125287,125287,130699,7,12,1670,3.0,7,11,2,1087.5,25,435.0,663.0,228.0,2.9078947368421053,38.0,0.52,17.4,19.0,2,rolling,losing_streak_fitness,3_days,rep_1,9,7
test,2,22406,125287,125287,130699,10,14,3273,3.25,7,10,2,-1000.0,0,0.0,0.0,0.0,inf,0.0,0.0,0.0,0.0,0,rolling,losing_streak_fitness,3_days,rep_1,10,10
train,2,22406,125287,125287,130699,10,14,3273,3.25,7,10,2,1384.0,16,346.0,460.0,114.0,4.035087719298246,19.0,0.625,21.625,19.0,1,rolling,losing_streak_fitness,3_days,rep_1,10,10
test,2,22406,125287,125287,130699,10,14,3273,3.25,7,10,2,-1000.0,0,0.0,0.0,0.0,inf,0.0,0.0,0.0,0.0,0,rolling,losing_streak_fitness,3_days,rep_1,11,10
train,2,22406,125287,125287,130699,10,14,3273,3.25,7,10,2,1384.0,16,346.0,460.0,114.0,4.035087719298246,19.0,0.625,21.625,19.0,1,rolling,losing_streak_fitness,3_days,rep_1,11,10
test,2,22406,125287,125287,130699,10,14,3273,3.25,7,10,2,-1000.0,0,0.0,0.0,0.0,inf,0.0,0.0,0.0,0.0,0,rolling,losing_streak_fitness,3_days,rep_1,12,10
train,2,22406,125287,125287,130699,10,14,3273,3.25,7,10,2,1384.0,16,346.0,460.0,114.0,4.035087719298246,19.0,0.625,21.625,19.0,1,rolling,losing_streak_fitness,3_days,rep_1,12,10
test,2,22406,125287,125287,130699,10,14,3273,3.25,7,10,2,-1000.0,0,0.0,0.0,0.0,inf,0.0,0.0,0.0,0.0,0,rolling,losing_streak_fitness,3_days,rep_1,13,10
train,2,22406,125287,125287,130699,10,14,3273,3.25,7,10,2,1384.0,16,346.0,460.0,114.0,4.035087719298246,19.0,0.625,21.625,19.0,1,rolling,losing_streak_fitness,3_days,rep_1,13,10
test,2,22406,125287,125287,130699,10,14,3273,3.25,7,10,2,-1000.0,0,0.0,0.0,0.0,inf,0.0,0.0,0.0,0.0,0,rolling,losing_streak_fitness,3_days,rep_1,14,10
train,2,22406,125287,125287,130699,10,14,3273,3.25,7,10,2,1384.0,16,346.0,460.0,114.0,4.035087719298246,19.0,0.625,21.625,19.0,1,rolling,losing_streak_fitness,3_days,rep_1,14,10
test,2,22406,125287,125287,130699,10,14,3273,3.25,7,10,2,-1000.0,0,0.0,0.0,0.0,inf,0.0,0.0,0.0,0.0,0,rolling,losing_streak_fitness,3_days,rep_1,15,10
train,2,22406,125287,125287,130699,10,14,3273,3.25,7,10,2,1384.0,16,346.0,460.0,114.0,4.035087719298246,19.0,0.625,21.625,19.0,1,rolling,losing_streak_fitness,3_days,rep_1,15,10
test,2,22406,125287,125287,130699,10,14,3273,3.25,7,10,2,-1000.0,0,0.0,0.0,0.0,inf,0.0,0.0,0.0,0.0,0,rolling,losing_streak_fitness,3_days,rep_1,16,10
train,2,22406,125287,125287,130699,10,14,3273,3.25,7,10,2,1384.0,16,346.0,460.0,114.0,4.035087719298246,19.0,0.625,21.625,19.0,1,rolling,losing_streak_fitness,3_days,rep_1,16,10
test,2,22406,125287,125287,130699,10,14,3273,3.25,7,10,2,-1000.0,0,0.0,0.0,0.0,inf,0.0,0.0,0.0,0.0,0,rolling,losing_streak_fitness,3_days,rep_1,17,10
train,2,22406,125287,125287,130699,10,14,3273,3.25,7,10,2,1384.0,16,346.0,460.0,114.0,4.035087719298246,19.0,0.625,21.625,19.0,1,rolling,losing_streak_fitness,3_days,rep_1,17,10
test,2,22406,125287,125287,130699,10,14,3273,3.25,7,10,2,-1000.0,0,0.0,0.0,0.0,inf,0.0,0.0,0.0,0.0,0,rolling,losing_streak_fitness,3_days,rep_1,18,10
train,2,22406,125287,125287,130699,10,14,3273,3.25,7,10,2,1384.0,16,346.0,460.0,114.0,4.035087719298246,19.0,0.625,21.625,19.0,1,rolling,losing_streak_fitness,3_days,rep_1,18,10
test,2,22406,125287,125287,130699,10,14,3273,3.25,7,10,2,-1000.0,0,0.0,0.0,0.0,inf,0.0,0.0,0.0,0.0,0,rolling,losing_streak_fitness,3_days,rep_1,19,10
train,2,22406,125287,125287,130699,10,14,3273,3.25,7,10,2,1384.0,16,346.0,460.0,114.0,4.035087719298246,19.0,0.625,21.625,19.0,1,rolling,losing_streak_fitness,3_days,rep_1,19,10
test,2,22406,125287,125287,130699,10,14,3273,3.25,7,10,2,-1000.0,0,0.0,0.0,0.0,inf,0.0,0.0,0.0,0.0,0,rolling,losing_streak_fitness,3_days,rep_1,20,10
train,2,22406,125287,125287,130699,10,14,3273,3.25,7,10,2,1384.0,16,346.0,460.0,114.0,4.035087719298246,19.0,0.625,21.625,19.0,1,rolling,losing_streak_fitness,3_days,rep_1,20,10
test,2,22406,125287,125287,130699,10,14,3273,3.25,7,10,2,-1000.0,0,0.0,0.0,0.0,inf,0.0,0.0,0.0,0.0,0,rolling,losing_streak_fitness,3_days,rep_1,21,10
train,2,22406,125287,125287,130699,10,14,3273,3.25,7,10,2,1384.0,16,346.0,460.0,114.0,4.035087719298246,19.0,0.625,21.625,19.0,1,rolling,losing_streak_fitness,3_days,rep_1,21,10
test,2,22406,125287,125287,130699,10,14,3273,3.25,7,10,2,-1000.0,0,0.0,0.0,0.0,inf,0.0,0.0,0.0,0.0,0,rolling,losing_streak_fitness,3_days,rep_1,22,10
train,2,22406,125287,125287,130699,10,14,3273,3.25,7,10,2,1384.0,16,346.0,460.0,114.0,4.035087719298246,19.0,0.625,21.625,19.0,1,rolling,losing_streak_fitness,3_days,rep_1,22,10
test,2,22406,125287,125287,130699,10,14,3273,3.25,7,10,2,-1000.0,0,0.0,0.0,0.0,inf,0.0,0.0,0.0,0.0,0,rolling,losing_streak_fitness,3_days,rep_1,23,10
train,2,22406,125287,125287,130699,10,14,3273,3.25,7,10,2,1384.0,16,346.0,460.0,114.0,4.035087719298246,19.0,0.625,21.625,19.0,1,rolling,losing_streak_fitness,3_days,rep_1,23,10
test,2,22406,125287,125287,130699,10,14,3273,3.25,7,10,2,-1000.0,0,0.0,0.0,0.0,inf,0.0,0.0,0.0,0.0,0,rolling,losing_streak_fitness,3_days,rep_1,24,10
train,2,22406,125287,125287,130699,10,14,3273,3.25,7,10,2,1384.0,16,346.0,460.0,114.0,4.035087719298246,19.0,0.625,21.625,19.0,1,rolling,losing_streak_fitness,3_days,rep_1,24,10
test,2,22406,125287,125287,130699,10,14,3273,3.25,7,10,2,-1000.0,0,0.0,0.0,0.0,inf,0.0,0.0,0.0,0.0,0,rolling,losing_streak_fitness,3_days,rep_1,25,10
train,2,22406,125287,125287,130699,10,14,3273,3.25,7,10,2,1384.0,16,346.0,460.0,114.0,4.035087719298246,19.0,0.625,21.625,19.0,1,rolling,losing_streak_fitness,3_days,rep_1,25,10
test,2,22406,125287,125287,130699,10,14,3273,3.25,7,10,2,-1000.0,0,0.0,0.0,0.0,inf,0.0,0.0,0.0,0.0,0,rolling,losing_streak_fitness,3_days,rep_1,26,10
train,2,22406,125287,125287,130699,10,14,3273,3.25,7,10,2,1384.0,16,346.0,460.0,114.0,4.035087719298246,19.0,0.625,21.625,19.0,1,rolling,losing_streak_fitness,3_days,rep_1,26,10
test,2,22406,125287,125287,130699,10,14,3273,3.25,7,10,2,-1000.0,0,0.0,0.0,0.0,inf,0.0,0.0,0.0,0.0,0,rolling,losing_streak_fitness,3_days,rep_1,27,10
train,2,22406,125287,125287,130699,10,14,3273,3.25,7,10,2,1384.0,16,346.0,460.0,114.0,4.035087719298246,19.0,0.625,21.625,19.0,1,rolling,losing_streak_fitness,3_days,rep_1,27,10
test,2,22406,125287,125287,130699,10,14,3273,3.25,7,10,2,-1000.0,0,0.0,0.0,0.0,inf,0.0,0.0,0.0,0.0,0,rolling,losing_streak_fitness,3_days,rep_1,28,10
train,2,22406,125287,125287,130699,10,14,3273,3.25,7,10,2,1384.0,16,346.0,460.0,114.0,4.035087719298246,19.0,0.625,21.625,19.0,1,rolling,losing_streak_fitness,3_days,rep_1,28,10
test,2,22406,125287,125287,130699,10,14,3273,3.25,7,10,2,-1000.0,0,0.0,0.0,0.0,inf,0.0,0.0,0.0,0.0,0,rolling,losing_streak_fitness,3_days,rep_1,29,10
train,2,22406,125287,125287,130699,10,14,3273,3.25,7,10,2,1384.0,16,346.0,460.0,114.0,4.035087719298246,19.0,0.625,21.625,19.0,1,rolling,losing_streak_fitness,3_days,rep_1,29,10
test,2,22406,125287,125287,130699,10,14,3273,3.25,7,10,2,-1000.0,0,0.0,0.0,0.0,inf,0.0,0.0,0.0,0.0,0,rolling,losing_streak_fitness,3_days,rep_1,30,10
train,2,22406,125287,125287,130699,10,14,3273,3.25,7,10,2,1384.0,16,346.0,460.0,114.0,4.035087719298246,19.0,0.625,21.625,19.0,1,rolling,losing_streak_fitness,3_days,rep_1,30,10
test,2,22406,125287,125287,130699,10,14,3273,3.25,7,10,2,-1000.0,0,0.0,0.0,0.0,inf,0.0,0.0,0.0,0.0,0,rolling,losing_streak_fitness,3_days,rep_1,31,10
train,2,22406,125287,125287,130699,10,14,3273,3.25,7,10,2,1384.0,16,346.0,460.0,114.0,4.035087719298246,19.0,0.625,21.625,19.0,1,rolling,losing_streak_fitness,3_days,rep_1,31,10
test,2,22406,125287,125287,130699,10,14,3273,3.25,7,10,2,-1000.0,0,0.0,0.0,0.0,inf,0.0,0.0,0.0,0.0,0,rolling,losing_streak_fitness,3_days,rep_1,32,10
train,2,22406,125287,125287,130699,10,14,3273,3.25,7,10,2,1384.0,16,346.0,460.0,114.0,4.035087719298246,19.0,0.625,21.625,19.0,1,rolling,losing_streak_fitness,3_days,rep_1,32,10
test,2,22406,125287,125287,130699,10,14,3273,3.25,7,10,2,-1000.0,0,0.0,0.0,0.0,inf,0.0,0.0,0.0,0.0,0,rolling,losing_streak_fitness,3_days,rep_1,33,10
train,2,22406,125287,125287,130699,10,14,3273,3.25,7,10,2,1384.0,16,346.0,460.0,114.0,4.035087719298246,19.0,0.625,21.625,19.0,1,rolling,losing_streak_fitness,3_days,rep_1,33,10
test,2,22406,125287,125287,130699,10,14,3273,3.25,7,10,2,-1000.0,0,0.0,0.0,0.0,inf,0.0,0.0,0.0,0.0,0,rolling,losing_streak_fitness,3_days,rep_1,34,10
train,2,22406,125287,125287,130699,10,14,3273,3.25,7,10,2,1384.0,16,346.0,460.0,114.0,4.035087719298246,19.0,0.625,21.625,19.0,1,rolling,losing_streak_fitness,3_days,rep_1,34,10
test,2,22406,125287,125287,130699,10,14,3273,3.25,7,10,2,-1000.0,0,0.0,0.0,0.0,inf,0.0,0.0,0.0,0.0,0,rolling,losing_streak_fitness,3_days,rep_1,35,10
train,2,22406,125287,125287,130699,10,14,3273,3.25,7,10,2,1384.0,16,346.0,460.0,114.0,4.035087719298246,19.0,0.625,21.625,19.0,1,rolling,losing_streak_fitness,3_days,rep_1,35,10
test,2,22406,125287,125287,130699,10,14,3273,3.25,7,10,2,-1000.0,0,0.0,0.0,0.0,inf,0.0,0.0,0.0,0.0,0,rolling,losing_streak_fitness,3_days,rep_1,36,10
train,2,22406,125287,125287,130699,10,14,3273,3.25,7,10,2,1384.0,16,346.0,460.0,114.0,4.035087719298246,19.0,0.625,21.625,19.0,1,rolling,losing_streak_fitness,3_days,rep_1,36,10
test,2,22406,125287,125287,130699,10,14,3273,3.25,7,10,2,-1000.0,0,0.0,0.0,0.0,inf,0.0,0.0,0.0,0.0,0,rolling,losing_streak_fitness,3_days,rep_1,37,10
train,2,22406,125287,125287,130699,10,14,3273,3.25,7,10,2,1384.0,16,346.0,460.0,114.0,4.035087719298246,19.0,0.625,21.625,19.0,1,rolling,losing_streak_fitness,3_days,rep_1,37,10
test,2,22406,125287,125287,130699,10,14,3273,3.25,7,10,2,-1000.0,0,0.0,0.0,0.0,inf,0.0,0.0,0.0,0.0,0,rolling,losing_streak_fitness,3_days,rep_1,38,10
train,2,22406,125287,125287,130699,10,14,3273,3.25,7,10,2,1384.0,16,346.0,460.0,114.0,4.035087719298246,19.0,0.625,21.625,19.0,1,rolling,losing_streak_fitness,3_days,rep_1,38,10
test,2,22406,125287,125287,130699,10,14,3273,3.25,7,10,2,-1000.0,0,0.0,0.0,0.0,inf,0.0,0.0,0.0,0.0,0,rolling,losing_streak_fitness,3_days,rep_1,39,10
train,2,22406,125287,125287,130699,10,14,3273,3.25,7,10,2,1384.0,16,346.0,460.0,114.0,4.035087719298246,19.0,0.625,21.625,19.0,1,rolling,losing_streak_fitness,3_days,rep_1,39,10
test,2,22406,125287,125287,130699,10,14,3273,3.25,7,10,2,-1000.0,0,0.0,0.0,0.0,inf,0.0,0.0,0.0,0.0,0,rolling,losing_streak_fitness,3_days,rep_1,40,10
train,2,22406,125287,125287,130699,10,14,3273,3.25,7,10,2,1384.0,16,346.0,460.0,114.0,4.035087719298246,19.0,0.625,21.625,19.0,1,rolling,losing_streak_fitness,3_days,rep_1,40,10
test,2,22406,125287,125287,130699,10,14,3273,3.25,7,10,2,-1000.0,0,0.0,0.0,0.0,inf,0.0,0.0,0.0,0.0,0,rolling,losing_streak_fitness,3_days,rep_1,41,10
train,2,22406,125287,125287,130699,10,14,3273,3.25,7,10,2,1384.0,16,346.0,460.0,114.0,4.035087719298246,19.0,0.625,21.625,19.0,1,rolling,losing_streak_fitness,3_days,rep_1,41,10
test,2,22406,125287,125287,130699,10,14,3273,3.25,7,10,2,-1000.0,0,0.0,0.0,0.0,inf,0.0,0.0,0.0,0.0,0,rolling,losing_streak_fitness,3_days,rep_1,42,10
train,2,22406,125287,125287,130699,10,14,3273,3.25,7,10,2,1384.0,16,346.0,460.0,114.0,4.035087719298246,19.0,0.625,21.625,19.0,1,rolling,losing_streak_fitness,3_days,rep_1,42,10
test,2,22406,125287,125287,130699,10,14,3273,3.25,7,10,2,-1000.0,0,0.0,0.0,0.0,inf,0.0,0.0,0.0,0.0,0,rolling,losing_streak_fitness,3_days,rep_1,43,10
train,2,22406,125287,125287,130699,10,14,3273,3.25,7,10,2,1384.0,16,346.0,460.0,114.0,4.035087719298246,19.0,0.625,21.625,19.0,1,rolling,losing_streak_fitness,3_days,rep_1,43,10
test,2,22406,125287,125287,130699,10,14,3273,3.25,7,10,2,-1000.0,0,0.0,0.0,0.0,inf,0.0,0.0,0.0,0.0,0,rolling,losing_streak_fitness,3_days,rep_1,44,10
train,2,22406,125287,125287,130699,10,14,3273,3.25,7,10,2,1384.0,16,346.0,460.0,114.0,4.035087719298246,19.0,0.625,21.625,19.0,1,rolling,losing_streak_fitness,3_days,rep_1,44,10
test,2,22406,125287,125287,130699,10,14,3273,3.25,7,10,2,-1000.0,0,0.0,0.0,0.0,inf,0.0,0.0,0.0,0.0,0,rolling,losing_streak_fitness,3_days,rep_1,45,10
train,2,22406,125287,125287,130699,10,14,3273,3.25,7,10,2,1384.0,16,346.0,460.0,114.0,4.035087719298246,19.0,0.625,21.625,19.0,1,rolling,losing_streak_fitness,3_days,rep_1,45,10
test,2,22406,125287,125287,130699,10,14,3273,3.25,7,10,2,-1000.0,0,0.0,0.0,0.0,inf,0.0,0.0,0.0,0.0,0,rolling,losing_streak_fitness,3_days,rep_1,46,10
train,2,22406,125287,125287,130699,10,14,3273,3.25,7,10,2,1384.0,16,346.0,460.0,114.0,4.035087719298246,19.0,0.625,21.625,19.0,1,rolling,losing_streak_fitness,3_days,rep_1,46,10
test,2,22406,125287,125287,130699,10,14,3273,3.25,7,10,2,-1000.0,0,0.0,0.0,0.0,inf,0.0,0.0,0.0,0.0,0,rolling,losing_streak_fitness,3_days,rep_1,47,10
train,2,22406,125287,125287,130699,10,14,3273,3.25,7,10,2,1384.0,16,346.0,460.0,114.0,4.035087719298246,19.0,0.625,21.625,19.0,1,rolling,losing_streak_fitness,3_days,rep_1,47,10
test,2,22406,125287,125287,130699,10,14,3273,3.25,7,10,2,-1000.0,0,0.0,0.0,0.0,inf,0.0,0.0,0.0,0.0,0,rolling,losing_streak_fitness,3_days,rep_1,48,10
train,2,22406,125287,125287,130699,10,14,3273,3.25,7,10,2,1384.0,16,346.0,460.0,114.0,4.035087719298246,19.0,0.625,21.625,19.0,1,rolling,losing_streak_fitness,3_days,rep_1,48,10
test,2,22406,125287,125287,130699,10,14,3273,3.25,7,10,2,-1000.0,0,0.0,0.0,0.0,inf,0.0,0.0,0.0,0.0,0,rolling,losing_streak_fitness,3_days,rep_1,49,10
train,2,22406,125287,125287,130699,10,14,3273,3.25,7,10,2,1384.0,16,346.0,460.0,114.0,4.035087719298246,19.0,0.625,21.625,19.0,1,rolling,losing_streak_fitness,3_days,rep_1,49,10
test,2,22406,125287,125287,130699,10,14,3273,3.25,7,10,2,-1000.0,0,0.0,0.0,0.0,inf,0.0,0.0,0.0,0.0,0,rolling,losing_streak_fitness,3_days,rep_1,50,10
train,2,22406,125287,125287,130699,10,14,3273,3.25,7,10,2,1384.0,16,346.0,460.0,114.0,4.035087719298246,19.0,0.625,21.625,19.0,1,rolling,losing_streak_fitness,3_days,rep_1,50,10
test,2,22406,125287,125287,130699,10,14,3273,3.25,7,10,2,-1000.0,0,0.0,0.0,0.0,inf,0.0,0.0,0.0,0.0,0,rolling,losing_streak_fitness,3_days,rep_1,51,10
train,2,22406,125287,125287,130699,10,14,3273,3.25,7,10,2,1384.0,16,346.0,460.0,114.0,4.035087719298246,19.0,0.625,21.625,19.0,1,rolling,losing_streak_fitness,3_days,rep_1,51,10
test,2,22406,125287,125287,130699,10,14,3273,3.25,7,10,2,-1000.0,0,0.0,0.0,0.0,inf,0.0,0.0,0.0,0.0,0,rolling,losing_streak_fitness,3_days,rep_1,52,10
train,2,22406,125287,125287,130699,10,14,3273,3.25,7,10,2,1384.0,16,346.0,460.0,114.0,4.035087719298246,19.0,0.625,21.625,19.0,1,rolling,losing_streak_fitness,3_days,rep_1,52,10
test,2,22406,125287,125287,130699,10,14,3273,3.25,7,10,2,-1000.0,0,0.0,0.0,0.0,inf,0.0,0.0,0.0,0.0,0,rolling,losing_streak_fitness,3_days,rep_1,53,10
train,2,22406,125287,125287,130699,10,14,3273,3.25,7,10,2,1384.0,16,346.0,460.0,114.0,4.035087719298246,19.0,0.625,21.625,19.0,1,rolling,losing_streak_fitness,3_days,rep_1,53,10
test,2,22406,125287,125287,130699,10,14,3273,3.25,7,10,2,-1000.0,0,0.0,0.0,0.0,inf,0.0,0.0,0.0,0.0,0,rolling,losing_streak_fitness,3_days,rep_1,54,10
train,2,22406,125287,125287,130699,10,14,3273,3.25,7,10,2,1384.0,16,346.0,460.0,114.0,4.035087719298246,19.0,0.625,21.625,19.0,1,rolling,losing_streak_fitness,3_days,rep_1,54,10
test,2,22406,125287,125287,130699,10,14,3273,3.25,7,10,2,-1000.0,0,0.0,0.0,0.0,inf,0.0,0.0,0.0,0.0,0,rolling,losing_streak_fitness,3_days,rep_1,55,10
train,2,22406,125287,125287,130699,10,14,3273,3.25,7,10,2,1384.0,16,346.0,460.0,114.0,4.035087719298246,19.0,0.625,21.625,19.0,1,rolling,losing_streak_fitness,3_days,rep_1,55,10
test,2,22406,125287,125287,130699,10,14,3273,3.25,7,10,2,-1000.0,0,0.0,0.0,0.0,inf,0.0,0.0,0.0,0.0,0,rolling,losing_streak_fitness,3_days,rep_1,56,10
train,2,22406,125287,125287,130699,10,14,3273,3.25,7,10,2,1384.0,16,346.0,460.0,114.0,4.035087719298246,19.0,0.625,21.625,19.0,1,rolling,losing_streak_fitness,3_days,rep_1,56,10
test,2,22406,125287,125287,130699,10,14,3273,3.25,7,10,2,-1000.0,0,0.0,0.0,0.0,inf,0.0,0.0,0.0,0.0,0,rolling,losing_streak_fitness,3_days,rep_1,57,10
train,2,22406,125287,125287,130699,10,14,3273,3.25,7,10,2,1384.0,16,346.0,460.0,114.0,4.035087719298246,19.0,0.625,21.625,19.0,1,rolling,losing_streak_fitness,3_days,rep_1,57,10
test,2,22406,125287,125287,130699,10,14,3273,3.25,7,10,2,-1000.0,0,0.0,0.0,0.0,inf,0.0,0.0,0.0,0.0,0,rolling,losing_streak_fitness,3_days,rep_1,58,10
train,2,22406,125287,125287,130699,10,14,3273,3.25,7,10,2,1384.0,16,346.0,460.0,114.0,4.035087719298246,19.0,0.625,21.625,19.0,1,rolling,losing_streak_fitness,3_days,rep_1,58,10
test,2,22406,125287,125287,130699,10,14,3273,3.25,7,10,2,-1000.0,0,0.0,0.0,0.0,inf,0.0,0.0,0.0,0.0,0,rolling,losing_streak_fitness,3_days,rep_1,59,10
train,2,22406,125287,125287,130699,10,14,3273,3.25,7,10,2,1384.0,16,346.0,460.0,114.0,4.035087719298246,19.0,0.625,21.625,19.0,1,rolling,losing_streak_fitness,3_days,rep_1,59,10
test,2,22406,125287,125287,130699,10,14,3273,3.25,7,10,2,-1000.0,0,0.0,0.0,0.0,inf,0.0,0.0,0.0,0.0,0,rolling,losing_streak_fitness,3_days,rep_1,60,10
train,2,22406,125287,125287,130699,10,14,3273,3.25,7,10,2,1384.0,16,346.0,460.0,114.0,4.035087719298246,19.0,0.625,21.625,19.0,1,rolling,losing_streak_fitness,3_days,rep_1,60,10
test,2,22406,125287,125287,130699,10,14,3273,3.25,7,10,2,-1000.0,0,0.0,0.0,0.0,inf,0.0,0.0,0.0,0.0,0,rolling,losing_streak_fitness,3_days,rep_1,61,10
train,2,22406,125287,125287,130699,10,14,3273,3.25,7,10,2,1384.0,16,346.0,460.0,114.0,4.035087719298246,19.0,0.625,21.625,19.0,1,rolling,losing_streak_fitness,3_days,rep_1,61,10
test,2,22406,125287,125287,130699,10,14,3273,3.25,7,10,2,-1000.0,0,0.0,0.0,0.0,inf,0.0,0.0,0.0,0.0,0,rolling,losing_streak_fitness,3_days,rep_1,62,10
train,2,22406,125287,125287,130699,10,14,3273,3.25,7,10,2,1384.0,16,346.0,460.0,114.0,4.035087719298246,19.0,0.625,21.625,19.0,1,rolling,losing_streak_fitness,3_days,rep_1,62,10
test,2,22406,125287,125287,130699,10,14,3273,3.25,7,10,2,-1000.0,0,0.0,0.0,0.0,inf,0.0,0.0,0.0,0.0,0,rolling,losing_streak_fitness,3_days,rep_1,63,10
train,2,22406,125287,125287,130699,10,14,3273,3.25,7,10,2,1384.0,16,346.0,460.0,114.0,4.035087719298246,19.0,0.625,21.625,19.0,1,rolling,losing_streak_fitness,3_days,rep_1,63,10
test,2,22406,125287,125287,130699,10,14,3273,3.25,7,10,2,-1000.0,0,0.0,0.0,0.0,inf,0.0,0.0,0.0,0.0,0,rolling,losing_streak_fitness,3_days,rep_1,64,10
train,2,22406,125287,125287,130699,10,14,3273,3.25,7,10,2,1384.0,16,346.0,460.0,114.0,4.035087719298246,19.0,0.625,21.625,19.0,1,rolling,losing_streak_fitness,3_days,rep_1,64,10
test,2,22406,125287,125287,130699,10,14,3273,3.25,7,10,2,-1000.0,0,0.0,0.0,0.0,inf,0.0,0.0,0.0,0.0,0,rolling,losing_streak_fitness,3_days,rep_1,65,10
train,2,22406,125287,125287,130699,10,14,3273,3.25,7,10,2,1384.0,16,346.0,460.0,114.0,4.035087719298246,19.0,0.625,21.625,19.0,1,rolling,losing_streak_fitness,3_days,rep_1,65,10
test,2,22406,125287,125287,130699,10,14,3273,3.25,7,10,2,-1000.0,0,0.0,0.0,0.0,inf,0.0,0.0,0.0,0.0,0,rolling,losing_streak_fitness,3_days,rep_1,66,10
train,2,22406,125287,125287,130699,10,14,3273,3.25,7,10,2,1384.0,16,346.0,460.0,114.0,4.035087719298246,19.0,0.625,21.625,19.0,1,rolling,losing_streak_fitness,3_days,rep_1,66,10
test,2,22406,125287,125287,130699,10,14,3273,3.25,7,10,2,-1000.0,0,0.0,0.0,0.0,inf,0.0,0.0,0.0,0.0,0,rolling,losing_streak_fitness,3_days,rep_1,67,10
train,2,22406,125287,125287,130699,10,14,3273,3.25,7,10,2,1384.0,16,346.0,460.0,114.0,4.035087719298246,19.0,0.625,21.625,19.0,1,rolling,losing_streak_fitness,3_days,rep_1,67,10
test,2,22406,125287,125287,130699,10,14,3273,3.25,7,10,2,-1000.0,0,0.0,0.0,0.0,inf,0.0,0.0,0.0,0.0,0,rolling,losing_streak_fitness,3_days,rep_1,68,10
train,2,22406,125287,125287,130699,10,14,3273,3.25,7,10,2,1384.0,16,346.0,460.0,114.0,4.035087719298246,19.0,0.625,21.625,19.0,1,rolling,losing_streak_fitness,3_days,rep_1,68,10
test,2,22406,125287,125287,130699,10,14,3273,3.25,7,10,2,-1000.0,0,0.0,0.0,0.0,inf,0.0,0.0,0.0,0.0,0,rolling,losing_streak_fitness,3_days,rep_1,69,10
train,2,22406,125287,125287,130699,10,14,3273,3.25,7,10,2,1384.0,16,346.0,460.0,114.0,4.035087719298246,19.0,0.625,21.625,19.0,1,rolling,losing_streak_fitness,3_days,rep_1,69,10
test,2,22406,125287,125287,130699,10,14,3273,3.25,7,10,2,-1000.0,0,0.0,0.0,0.0,inf,0.0,0.0,0.0,0.0,0,rolling,losing_streak_fitness,3_days,rep_1,70,10
train,2,22406,125287,125287,130699,10,14,3273,3.25,7,10,2,1384.0,16,346.0,460.0,114.0,4.035087719298246,19.0,0.625,21.625,19.0,1,rolling,losing_streak_fitness,3_days,rep_1,70,10
test,2,22406,125287,125287,130699,10,14,3273,3.25,7,10,2,-1000.0,0,0.0,0.0,0.0,inf,0.0,0.0,0.0,0.0,0,rolling,losing_streak_fitness,3_days,rep_1,71,10
train,2,22406,125287,125287,130699,10,14,3273,3.25,7,10,2,1384.0,16,346.0,460.0,114.0,4.035087719298246,19.0,0.625,21.625,19.0,1,rolling,losing_streak_fitness,3_days,rep_1,71,10
test,2,22406,125287,125287,130699,10,14,3273,3.25,7,10,2,-1000.0,0,0.0,0.0,0.0,inf,0.0,0.0,0.0,0.0,0,rolling,losing_streak_fitness,3_days,rep_1,72,10
train,2,22406,125287,125287,130699,10,14,3273,3.25,7,10,2,1384.0,16,346.0,460.0,114.0,4.035087719298246,19.0,0.625,21.625,19.0,1,rolling,losing_streak_fitness,3_days,rep_1,72,10
test,2,22406,125287,125287,130699,10,14,3273,3.25,7,10,2,-1000.0,0,0.0,0.0,0.0,inf,0.0,0.0,0.0,0.0,0,rolling,losing_streak_fitness,3_days,rep_1,73,10
train,2,22406,125287,125287,130699,10,14,3273,3.25,7,10,2,1384.0,16,346.0,460.0,114.0,4.035087719298246,19.0,0.625,21.625,19.0,1,rolling,losing_streak_fitness,3_days,rep_1,73,10
test,2,22406,125287,125287,130699,10,14,3273,3.25,7,10,2,-1000.0,0,0.0,0.0,0.0,inf,0.0,0.0,0.0,0.0,0,rolling,losing_streak_fitness,3_days,rep_1,74,10
train,2,22406,125287,125287,130699,10,14,3273,3.25,7,10,2,1384.0,16,346.0,460.0,114.0,4.035087719298246,19.0,0.625,21.625,19.0,1,rolling,losing_streak_fitness,3_days,rep_1,74,10
test,2,22406,125287,125287,130699,10,14,3273,3.25,7,10,2,-1000.0,0,0.0,0.0,0.0,inf,0.0,0.0,0.0,0.0,0,rolling,losing_streak_fitness,3_days,rep_1,75,10
train,2,22406,125287,125287,130699,10,14,3273,3.25,7,10,2,1384.0,16,346.0,460.0,114.0,4.035087719298246,19.0,0.625,21.625,19.0,1,rolling,losing_streak_fitness,3_days,rep_1,75,10
test,2,22406,125287,125287,130699,10,14,3273,3.25,7,10,2,-1000.0,0,0.0,0.0,0.0,inf,0.0,0.0,0.0,0.0,0,rolling,losing_streak_fitness,3_days,rep_1,76,10
train,2,22406,125287,125287,130699,10,14,3273,3.25,7,10,2,1384.0,16,346.0,460.0,114.0,4.035087719298246,19.0,0.625,21.625,19.0,1,rolling,losing_streak_fitness,3_days,rep_1,76,10
test,2,22406,125287,125287,130699,10,14,3273,3.25,7,10,2,-1000.0,0,0.0,0.0,0.0,inf,0.0,0.0,0.0,0.0,0,rolling,losing_streak_fitness,3_days,rep_1,77,10
train,2,22406,125287,125287,130699,10,14,3273,3.25,7,10,2,1384.0,16,346.0,460.0,114.0,4.035087719298246,19.0,0.625,21.625,19.0,1,rolling,losing_streak_fitness,3_days,rep_1,77,10
test,2,22406,125287,125287,130699,10,14,3273,3.25,7,10,2,-1000.0,0,0.0,0.0,0.0,inf,0.0,0.0,0.0,0.0,0,rolling,losing_streak_fitness,3_days,rep_1,78,10
train,2,22406,125287,125287,130699,10,14,3273,3.25,7,10,2,1384.0,16,346.0,460.0,114.0,4.035087719298246,19.0,0.625,21.625,19.0,1,rolling,losing_streak_fitness,3_days,rep_1,78,10
test,2,22406,125287,125287,130699,10,14,3273,3.25,7,10,2,-1000.0,0,0.0,0.0,0.0,inf,0.0,0.0,0.0,0.0,0,rolling,losing_streak_fitness,3_days,rep_1,79,10
train,2,22406,125287,125287,130699,10,14,3273,3.25,7,10,2,1384.0,16,346.0,460.0,114.0,4.035087719298246,19.0,0.625,21.625,19.0,1,rolling,losing_streak_fitness,3_days,rep_1,79,10
test,2,22406,125287,125287,130699,10,14,3273,3.25,7,10,2,-1000.0,0,0.0,0.0,0.0,inf,0.0,0.0,0.0,0.0,0,rolling,losing_streak_fitness,3_days,rep_1,80,10
train,2,22406,125287,125287,130699,10,14,3273,3.25,7,10,2,1384.0,16,346.0,460.0,114.0,4.035087719298246,19.0,0.625,21.625,19.0,1,rolling,losing_streak_fitness,3_days,rep_1,80,10
test,2,22406,125287,125287,130699,10,14,3273,3.25,7,10,2,-1000.0,0,0.0,0.0,0.0,inf,0.0,0.0,0.0,0.0,0,rolling,losing_streak_fitness,3_days,rep_1,81,10
train,2,22406,125287,125287,130699,10,14,3273,3.25,7,10,2,1384.0,16,346.0,460.0,114.0,4.035087719298246,19.0,0.625,21.625,19.0,1,rolling,losing_streak_fitness,3_days,rep_1,81,10
test,2,22406,125287,125287,130699,10,14,3273,3.25,7,10,2,-1000.0,0,0.0,0.0,0.0,inf,0.0,0.0,0.0,0.0,0,rolling,losing_streak_fitness,3_days,rep_1,82,10
train,2,22406,125287,125287,130699,10,14,3273,3.25,7,10,2,1384.0,16,346.0,460.0,114.0,4.035087719298246,19.0,0.625,21.625,19.0,1,rolling,losing_streak_fitness,3_days,rep_1,82,10
test,2,22406,125287,125287,130699,10,14,3273,3.25,7,10,2,-1000.0,0,0.0,0.0,0.0,inf,0.0,0.0,0.0,0.0,0,rolling,losing_streak_fitness,3_days,rep_1,83,10
train,2,22406,125287,125287,130699,10,14,3273,3.25,7,10,2,1384.0,16,346.0,460.0,114.0,4.035087719298246,19.0,0.625,21.625,19.0,1,rolling,losing_streak_fitness,3_days,rep_1,83,10
test,2,22406,125287,125287,130699,10,14,3273,3.25,7,10,2,-1000.0,0,0.0,0.0,0.0,inf,0.0,0.0,0.0,0.0,0,rolling,losing_streak_fitness,3_days,rep_1,84,10
train,2,22406,125287,125287,130699,10,14,3273,3.25,7,10,2,1384.0,16,346.0,460.0,114.0,4.035087719298246,19.0,0.625,21.625,19.0,1,rolling,losing_streak_fitness,3_days,rep_1,84,10
test,2,22406,125287,125287,130699,10,14,3273,3.25,7,10,2,-1000.0,0,0.0,0.0,0.0,inf,0.0,0.0,0.0,0.0,0,rolling,losing_streak_fitness,3_days,rep_1,85,10
train,2,22406,125287,125287,130699,10,14,3273,3.25,7,10,2,1384.0,16,346.0,460.0,114.0,4.035087719298246,19.0,0.625,21.625,19.0,1,rolling,losing_streak_fitness,3_days,rep_1,85,10
test,2,22406,125287,125287,130699,10,14,3273,3.25,7,10,2,-1000.0,0,0.0,0.0,0.0,inf,0.0,0.0,0.0,0.0,0,rolling,losing_streak_fitness,3_days,rep_1,86,10
train,2,22406,125287,125287,130699,10,14,3273,3.25,7,10,2,1384.0,16,346.0,460.0,114.0,4.035087719298246,19.0,0.625,21.625,19.0,1,rolling,losing_streak_fitness,3_days,rep_1,86,10
test,2,22406,125287,125287,130699,10,14,3273,3.25,7,10,2,-1000.0,0,0.0,0.0,0.0,inf,0.0,0.0,0.0,0.0,0,rolling,losing_streak_fitness,3_days,rep_1,87,10
train,2,22406,125287,125287,130699,10,14,3273,3.25,7,10,2,1384.0,16,346.0,460.0,114.0,4.035087719298246,19.0,0.625,21.625,19.0,1,rolling,losing_streak_fitness,3_days,rep_1,87,10
test,2,22406,125287,125287,130699,10,14,3273,3.25,7,10,2,-1000.0,0,0.0,0.0,0.0,inf,0.0,0.0,0.0,0.0,0,rolling,losing_streak_fitness,3_days,rep_1,88,10
train,2,22406,125287,125287,130699,10,14,3273,3.25,7,10,2,1384.0,16,346.0,460.0,114.0,4.035087719298246,19.0,0.625,21.625,19.0,1,rolling,losing_streak_fitness,3_days,rep_1,88,10
test,2,22406,125287,125287,130699,10,14,3273,3.25,7,10,2,-1000.0,0,0.0,0.0,0.0,inf,0.0,0.0,0.0,0.0,0,rolling,losing_streak_fitness,3_days,rep_1,89,10
train,2,22406,125287,125287,130699,10,14,3273,3.25,7,10,2,1384.0,16,346.0,460.0,114.0,4.035087719298246,19.0,0.625,21.625,19.0,1,rolling,losing_streak_fitness,3_days,rep_1,89,10
test,2,22406,125287,125287,130699,10,14,3273,3.25,7,10,2,-1000.0,0,0.0,0.0,0.0,inf,0.0,0.0,0.0,0.0,0,rolling,losing_streak_fitness,3_days,rep_1,90,10
train,2,22406,125287,125287,130699,10,14,3273,3.25,7,10,2,1384.0,16,346.0,460.0,114.0,4.035087719298246,19.0,0.625,21.625,19.0,1,rolling,losing_streak_fitness,3_days,rep_1,90,10
test,2,22406,125287,125287,130699,10,14,3273,3.25,7,10,2,-1000.0,0,0.0,0.0,0.0,inf,0.0,0.0,0.0,0.0,0,rolling,losing_streak_fitness,3_days,rep_1,91,10
train,2,22406,125287,125287,130699,10,14,3273,3.25,7,10,2,1384.0,16,346.0,460.0,114.0,4.035087719298246,19.0,0.625,21.625,19.0,1,rolling,losing_streak_fitness,3_days,rep_1,91,10
test,2,22406,125287,125287,130699,10,14,3273,3.25,7,10,2,-1000.0,0,0.0,0.0,0.0,inf,0.0,0.0,0.0,0.0,0,rolling,losing_streak_fitness,3_days,rep_1,92,10
train,2,22406,125287,125287,130699,10,14,3273,3.25,7,10,2,1384.0,16,346.0,460.0,114.0,4.035087719298246,19.0,0.625,21.625,19.0,1,rolling,losing_streak_fitness,3_days,rep_1,92,10
test,2,22406,125287,125287,130699,10,14,3273,3.25,7,10,2,-1000.0,0,0.0,0.0,0.0,inf,0.0,0.0,0.0,0.0,0,rolling,losing_streak_fitness,3_days,rep_1,93,10
train,2,22406,125287,125287,130699,10,14,3273,3.25,7,10,2,1384.0,16,346.0,460.0,114.0,4.035087719298246,19.0,0.625,21.625,19.0,1,rolling,losing_streak_fitness,3_days,rep_1,93,10
test,2,22406,125287,125287,130699,10,14,3273,3.25,7,10,2,-1000.0,0,0.0,0.0,0.0,inf,0.0,0.0,0.0,0.0,0,rolling,losing_streak_fitness,3_days,rep_1,94,10
train,2,22406,125287,125287,130699,10,14,3273,3.25,7,10,2,1384.0,16,346.0,460.0,114.0,4.035087719298246,19.0,0.625,21.625,19.0,1,rolling,losing_streak_fitness,3_days,rep_1,94,10
test,2,22406,125287,125287,130699,10,14,3273,3.25,7,10,2,-1000.0,0,0.0,0.0,0.0,inf,0.0,0.0,0.0,0.0,0,rolling,losing_streak_fitness,3_days,rep_1,95,10
train,2,22406,125287,125287,130699,10,14,3273,3.25,7,10,2,1384.0,16,346.0,460.0,114.0,4.035087719298246,19.0,0.625,21.625,19.0,1,rolling,losing_streak_fitness,3_days,rep_1,95,10
test,2,22406,125287,125287,130699,10,14,3273,3.25,7,10,2,-1000.0,0,0.0,0.0,0.0,inf,0.0,0.0,0.0,0.0,0,rolling,losing_streak_fitness,3_days,rep_1,96,10
train,2,22406,125287,125287,130699,10,14,3273,3.25,7,10,2,1384.0,16,346.0,460.0,114.0,4.035087719298246,19.0,0.625,21.625,19.0,1,rolling,losing_streak_fitness,3_days,rep_1,96,10
test,2,22406,125287,125287,130699,10,14,3273,3.25,7,10,2,-1000.0,0,0.0,0.0,0.0,inf,0.0,0.0,0.0,0.0,0,rolling,losing_streak_fitness,3_days,rep_1,97,10
train,2,22406,125287,125287,130699,10,14,3273,3.25,7,10,2,1384.0,16,346.0,460.0,114.0,4.035087719298246,19.0,0.625,21.625,19.0,1,rolling,losing_streak_fitness,3_days,rep_1,97,10
test,2,22406,125287,125287,130699,10,14,3273,3.25,7,10,2,-1000.0,0,0.0,0.0,0.0,inf,0.0,0.0,0.0,0.0,0,rolling,losing_streak_fitness,3_days,rep_1,98,10
train,2,22406,125287,125287,130699,10,14,3273,3.25,7,10,2,1384.0,16,346.0,460.0,114.0,4.035087719298246,19.0,0.625,21.625,19.0,1,rolling,losing_streak_fitness,3_days,rep_1,98,10
test,2,22406,125287,125287,130699,10,14,3273,3.25,7,10,2,-1000.0,0,0.0,0.0,0.0,inf,0.0,0.0,0.0,0.0,0,rolling,losing_streak_fitness,3_days,rep_1,99,10
train,2,22406,125287,125287,130699,10,14,3273,3.25,7,10,2,1384.0,16,346.0,460.0,114.0,4.035087719298246,19.0,0.625,21.625,19.0,1,rolling,losing_streak_fitness,3_days,rep_1,99,10
test,2,22406,125287,125287,130699,10,14,3273,3.25,7,10,2,-1000.0,0,0.0,0.0,0.0,inf,0.0,0.0,0.0,0.0,0,rolling,losing_streak_fitness,3_days,rep_1,100,10
train,2,22406,125287,125287,130699,10,14,3273,3.25,7,10,2,1384.0,16,346.0,460.0,114.0,4.035087719298246,19.0,0.625,21.625,19.0,1,rolling,losing_streak_fitness,3_days,rep_1,100,10
test,1,0,86986,86986,125287,0,14,2273,6.25,6,18,2,1120.5,9,249.0,344.0,95.0,3.621052631578948,38.0,0.4444444444444444,27.666666666666668,19.0,2,rolling,losing_streak_fitness,3_days,rep_2,0,0
train,1,0,86986,86986,125287,0,14,2273,6.25,6,18,2,491.93495504995377,5,220.0,258.0,38.0,6.789473684210527,19.0,0.6,44.0,19.0,1,rolling,losing_streak_fitness,3_days,rep_2,0,0
test,1,0,86986,86986,125287,0,14,2273,6.25,6,18,2,1120.5,9,249.0,344.0,95.0,3.621052631578948,38.0,0.4444444444444444,27.666666666666668,19.0,2,rolling,losing_streak_fitness,3_days,rep_2,1,0
train,1,0,86986,86986,125287,0,14,2273,6.25,6,18,2,491.93495504995377,5,220.0,258.0,38.0,6.789473684210527,19.0,0.6,44.0,19.0,1,rolling,losing_streak_fitness,3_days,rep_2,1,0
test,1,0,86986,86986,125287,0,14,2273,6.25,6,18,2,1120.5,9,249.0,344.0,95.0,3.621052631578948,38.0,0.4444444444444444,27.666666666666668,19.0,2,rolling,losing_streak_fitness,3_days,rep_2,2,0
train,1,0,86986,86986,125287,0,14,2273,6.25,6,18,2,491.93495504995377,5,220.0,258.0,38.0,6.789473684210527,19.0,0.6,44.0,19.0,1,rolling,losing_streak_fitness,3_days,rep_2,2,0
test,1,0,86986,86986,125287,3,14,3234,5.75,5,19,2,1210.5,9,269.0,364.0,95.0,3.831578947368421,38.0,0.4444444444444444,29.88888888888889,19.0,2,rolling,losing_streak_fitness,3_days,rep_2,3,3
train,1,0,86986,86986,125287,3,14,3234,5.75,5,19,2,525.4759747124506,5,235.0,273.0,38.0,7.184210526315789,19.0,0.6,47.0,19.0,1,rolling,losing_streak_fitness,3_days,rep_2,3,3
test,1,0,86986,86986,125287,3,14,3234,5.75,5,19,2,1210.5,9,269.0,364.0,95.0,3.831578947368421,38.0,0.4444444444444444,29.88888888888889,19.0,2,rolling,losing_streak_fitness,3_days,rep_2,4,3
train,1,0,86986,86986,125287,3,14,3234,5.75,5,19,2,525.4759747124506,5,235.0,273.0,38.0,7.184210526315789,19.0,0.6,47.0,19.0,1,rolling,losing_streak_fitness,3_days,rep_2,4,3
test,1,0,86986,86986,125287,3,14,3234,5.75,5,19,2,1210.5,9,269.0,364.0,95.0,3.831578947368421,38.0,0.4444444444444444,29.88888888888889,19.0,2,rolling,losing_streak_fitness,3_days,rep_2,5,3
train,1,0,86986,86986,125287,3,14,3234,5.75,5,19,2,525.4759747124506,5,235.0,273.0,38.0,7.184210526315789,19.0,0.6,47.0,19.0,1,rolling,losing_streak_fitness,3_days,rep_2,5,3
test,1,0,86986,86986,125287,6,13,3481,6.5,7,19,2,221.35943621178652,10,140.0,273.0,133.0,2.0526315789473686,114.0,0.3,14.0,19.0,6,rolling,losing_streak_fitness,3_days,rep_2,6,6
train,1,0,86986,86986,125287,6,13,3481,6.5,7,19,2,529.0897844411664,6,216.0,273.0,57.0,4.789473684210527,19.0,0.5,36.0,19.0,1,rolling,losing_streak_fitness,3_days,rep_2,6,6
test,1,0,86986,86986,125287,6,13,3481,6.5,7,19,2,221.35943621178652,10,140.0,273.0,133.0,2.0526315789473686,114.0,0.3,14.0,19.0,6,rolling,losing_streak_fitness,3_days,rep_2,7,6
train,1,0,86986,86986,125287,6,13,3481,6.5,7,19,2,529.0897844411664,6,216.0,273.0,57.0,4.789473684210527,19.0,0.5,36.0,19.0,1,rolling,losing_streak_fitness,3_days,rep_2,7,6
test,1,0,86986,86986,125287,6,13,3481,6.5,7,19,2,221.35943621178652,10,140.0,273.0,133.0,2.0526315789473686,114.0,0.3,14.0,19.0,6,rolling,losing_streak_fitness,3_days,rep_2,8,6
train,1,0,86986,86986,125287,6,13,3481,6.5,7,19,2,529.0897844411664,6,216.0,273.0,57.0,4.789473684210527,19.0,0.5,36.0,19.0,1,rolling,losing_streak_fitness,3_days,rep_2,8,6
test,1,0,86986,86986,125287,6,13,3481,6.5,7,19,2,221.35943621178652,10,140.0,273.0,133.0,2.0526315789473686,114.0,0.3,14.0,19.0,6,rolling,losing_streak_fitness,3_days,rep_2,9,6
train,1,0,86986,86986,125287,6,13,3481,6.5,7,19,2,529.0897844411664,6,216.0,273.0,57.0,4.789473684210527,19.0,0.5,36.0,19.0,1,rolling,losing_streak_fitness,3_days,rep_2,9,6
test,1,0,86986,86986,125287,6,13,3481,6.5,7,19,2,221.35943621178652,10,140.0,273.0,133.0,2.0526315789473686,114.0,0.3,14.0,19.0,6,rolling,losing_streak_fitness,3_days,rep_2,10,6
train,1,0,86986,86986,125287,6,13,3481,6.5,7,19,2,529.0897844411664,6,216.0,273.0,57.0,4.789473684210527,19.0,0.5,36.0,19.0,1,rolling,losing_streak_fitness,3_days,rep_2,10,6
test,1,0,86986,86986,125287,6,13,3481,6.5,7,19,2,221.35943621178652,10,140.0,273.0,133.0,2.0526315789473686,114.0,0.3,14.0,19.0,6,rolling,losing_streak_fitness,3_days,rep_2,11,6
train,1,0,86986,86986,125287,6,13,3481,6.5,7,19,2,529.0897844411664,6,216.0,273.0,57.0,4.789473684210527,19.0,0.5,36.0,19.0,1,rolling,losing_streak_fitness,3_days,rep_2,11,6
test,1,0,86986,86986,125287,6,13,3481,6.5,7,19,2,221.35943621178652,10,140.0,273.0,133.0,2.0526315789473686,114.0,0.3,14.0,19.0,6,rolling,losing_streak_fitness,3_days,rep_2,12,6
train,1,0,86986,86986,125287,6,13,3481,6.5,7,19,2,529.0897844411664,6,216.0,273.0,57.0,4.789473684210527,19.0,0.5,36.0,19.0,1,rolling,losing_streak_fitness,3_days,rep_2,12,6
test,1,0,86986,86986,125287,6,13,3481,6.5,7,19,2,221.35943621178652,10,140.0,273.0,133.0,2.0526315789473686,114.0,0.3,14.0,19.0,6,rolling,losing_streak_fitness,3_days,rep_2,13,6
train,1,0,86986,86986,125287,6,13,3481,6.5,7,19,2,529.0897844411664,6,216.0,273.0,57.0,4.789473684210527,19.0,0.5,36.0,19.0,1,rolling,losing_streak_fitness,3_days,rep_2,13,6
test,1,0,86986,86986,125287,6,13,3481,6.5,7,19,2,221.35943621178652,10,140.0,273.0,133.0,2.0526315789473686,114.0,0.3,14.0,19.0,6,rolling,losing_streak_fitness,3_days,rep_2,14,6
train,1,0,86986,86986,125287,6,13,3481,6.5,7,19,2,529.0897844411664,6,216.0,273.0,57.0,4.789473684210527,19.0,0.5,36.0,19.0,1,rolling,losing_streak_fitness,3_days,rep_2,14,6
test,1,0,86986,86986,125287,6,13,3481,6.5,7,19,2,221.35943621178652,10,140.0,273.0,133.0,2.0526315789473686,114.0,0.3,14.0,19.0,6,rolling,losing_streak_fitness,3_days,rep_2,15,6
train,1,0,86986,86986,125287,6,13,3481,6.5,7,19,2,529.0897844411664,6,216.0,273.0,57.0,4.789473684210527,19.0,0.5,36.0,19.0,1,rolling,losing_streak_fitness,3_days,rep_2,15,6
test,1,0,86986,86986,125287,6,13,3481,6.5,7,19,2,221.35943621178652,10,140.0,273.0,133.0,2.0526315789473686,114.0,0.3,14.0,19.0,6,rolling,losing_streak_fitness,3_days,rep_2,16,6
train,1,0,86986,86986,125287,6,13,3481,6.5,7,19,2,529.0897844411664,6,216.0,273.0,57.0,4.789473684210527,19.0,0.5,36.0,19.0,1,rolling,losing_streak_fitness,3_days,rep_2,16,6
test,1,0,86986,86986,125287,6,13,3481,6.5,7,19,2,221.35943621178652,10,140.0,273.0,133.0,2.0526315789473686,114.0,0.3,14.0,19.0,6,rolling,losing_streak_fitness,3_days,rep_2,17,6
train,1,0,86986,86986,125287,6,13,3481,6.5,7,19,2,529.0897844411664,6,216.0,273.0,57.0,4.789473684210527,19.0,0.5,36.0,19.0,1,rolling,losing_streak_fitness,3_days,rep_2,17,6
test,1,0,86986,86986,125287,6,13,3481,6.5,7,19,2,221.35943621178652,10,140.0,273.0,133.0,2.0526315789473686,114.0,0.3,14.0,19.0,6,rolling,losing_streak_fitness,3_days,rep_2,18,6
train,1,0,86986,86986,125287,6,13,3481,6.5,7,19,2,529.0897844411664,6,216.0,273.0,57.0,4.789473684210527,19.0,0.5,36.0,19.0,1,rolling,losing_streak_fitness,3_days,rep_2,18,6
test,1,0,86986,86986,125287,6,13,3481,6.5,7,19,2,221.35943621178652,10,140.0,273.0,133.0,2.0526315789473686,114.0,0.3,14.0,19.0,6,rolling,losing_streak_fitness,3_days,rep_2,19,6
train,1,0,86986,86986,125287,6,13,3481,6.5,7,19,2,529.0897844411664,6,216.0,273.0,57.0,4.789473684210527,19.0,0.5,36.0,19.0,1,rolling,losing_streak_fitness,3_days,rep_2,19,6
test,1,0,86986,86986,125287,6,13,3481,6.5,7,19,2,221.35943621178652,10,140.0,273.0,133.0,2.0526315789473686,114.0,0.3,14.0,19.0,6,rolling,losing_streak_fitness,3_days,rep_2,20,6
train,1,0,86986,86986,125287,6,13,3481,6.5,7,19,2,529.0897844411664,6,216.0,273.0,57.0,4.789473684210527,19.0,0.5,36.0,19.0,1,rolling,losing_streak_fitness,3_days,rep_2,20,6
test,1,0,86986,86986,125287,6,13,3481,6.5,7,19,2,221.35943621178652,10,140.0,273.0,133.0,2.0526315789473686,114.0,0.3,14.0,19.0,6,rolling,losing_streak_fitness,3_days,rep_2,21,6
train,1,0,86986,86986,125287,6,13,3481,6.5,7,19,2,529.0897844411664,6,216.0,273.0,57.0,4.789473684210527,19.0,0.5,36.0,19.0,1,rolling,losing_streak_fitness,3_days,rep_2,21,6
test,1,0,86986,86986,125287,6,13,3481,6.5,7,19,2,221.35943621178652,10,140.0,273.0,133.0,2.0526315789473686,114.0,0.3,14.0,19.0,6,rolling,losing_streak_fitness,3_days,rep_2,22,6
train,1,0,86986,86986,125287,6,13,3481,6.5,7,19,2,529.0897844411664,6,216.0,273.0,57.0,4.789473684210527,19.0,0.5,36.0,19.0,1,rolling,losing_streak_fitness,3_days,rep_2,22,6
test,1,0,86986,86986,125287,6,13,3481,6.5,7,19,2,221.35943621178652,10,140.0,273.0,133.0,2.0526315789473686,114.0,0.3,14.0,19.0,6,rolling,losing_streak_fitness,3_days,rep_2,23,6
train,1,0,86986,86986,125287,6,13,3481,6.5,7,19,2,529.0897844411664,6,216.0,273.0,57.0,4.789473684210527,19.0,0.5,36.0,19.0,1,rolling,losing_streak_fitness,3_days,rep_2,23,6
test,1,0,86986,86986,125287,6,13,3481,6.5,7,19,2,221.35943621178652,10,140.0,273.0,133.0,2.0526315789473686,114.0,0.3,14.0,19.0,6,rolling,losing_streak_fitness,3_days,rep_2,24,6
train,1,0,86986,86986,125287,6,13,3481,6.5,7,19,2,529.0897844411664,6,216.0,273.0,57.0,4.789473684210527,19.0,0.5,36.0,19.0,1,rolling,losing_streak_fitness,3_days,rep_2,24,6
test,1,0,86986,86986,125287,6,13,3481,6.5,7,19,2,221.35943621178652,10,140.0,273.0,133.0,2.0526315789473686,114.0,0.3,14.0,19.0,6,rolling,losing_streak_fitness,3_days,rep_2,25,6
train,1,0,86986,86986,125287,6,13,3481,6.5,7,19,2,529.0897844411664,6,216.0,273.0,57.0,4.789473684210527,19.0,0.5,36.0,19.0,1,rolling,losing_streak_fitness,3_days,rep_2,25,6
test,1,0,86986,86986,125287,6,13,3481,6.5,7,19,2,221.35943621178652,10,140.0,273.0,133.0,2.0526315789473686,114.0,0.3,14.0,19.0,6,rolling,losing_streak_fitness,3_days,rep_2,26,6
train,1,0,86986,86986,125287,6,13,3481,6.5,7,19,2,529.0897844411664,6,216.0,273.0,57.0,4.789473684210527,19.0,0.5,36.0,19.0,1,rolling,losing_streak_fitness,3_days,rep_2,26,6
test,1,0,86986,86986,125287,6,13,3481,6.5,7,19,2,221.35943621178652,10,140.0,273.0,133.0,2.0526315789473686,114.0,0.3,14.0,19.0,6,rolling,losing_streak_fitness,3_days,rep_2,27,6
train,1,0,86986,86986,125287,6,13,3481,6.5,7,19,2,529.0897844411664,6,216.0,273.0,57.0,4.789473684210527,19.0,0.5,36.0,19.0,1,rolling,losing_streak_fitness,3_days,rep_2,27,6
test,1,0,86986,86986,125287,6,13,3481,6.5,7,19,2,221.35943621178652,10,140.0,273.0,133.0,2.0526315789473686,114.0,0.3,14.0,19.0,6,rolling,losing_streak_fitness,3_days,rep_2,28,6
train,1,0,86986,86986,125287,6,13,3481,6.5,7,19,2,529.0897844411664,6,216.0,273.0,57.0,4.789473684210527,19.0,0.5,36.0,19.0,1,rolling,losing_streak_fitness,3_days,rep_2,28,6
test,1,0,86986,86986,125287,6,13,3481,6.5,7,19,2,221.35943621178652,10,140.0,273.0,133.0,2.0526315789473686,114.0,0.3,14.0,19.0,6,rolling,losing_streak_fitness,3_days,rep_2,29,6
train,1,0,86986,86986,125287,6,13,3481,6.5,7,19,2,529.0897844411664,6,216.0,273.0,57.0,4.789473684210527,19.0,0.5,36.0,19.0,1,rolling,losing_streak_fitness,3_days,rep_2,29,6
test,1,0,86986,86986,125287,6,13,3481,6.5,7,19,2,221.35943621178652,10,140.0,273.0,133.0,2.0526315789473686,114.0,0.3,14.0,19.0,6,rolling,losing_streak_fitness,3_days,rep_2,30,6
train,1,0,86986,86986,125287,6,13,3481,6.5,7,19,2,529.0897844411664,6,216.0,273.0,57.0,4.789473684210527,19.0,0.5,36.0,19.0,1,rolling,losing_streak_fitness,3_days,rep_2,30,6
test,1,0,86986,86986,125287,6,13,3481,6.5,7,19,2,221.35943621178652,10,140.0,273.0,133.0,2.0526315789473686,114.0,0.3,14.0,19.0,6,rolling,losing_streak_fitness,3_days,rep_2,31,6
train,1,0,86986,86986,125287,6,13,3481,6.5,7,19,2,529.0897844411664,6,216.0,273.0,57.0,4.789473684210527,19.0,0.5,36.0,19.0,1,rolling,losing_streak_fitness,3_days,rep_2,31,6
test,1,0,86986,86986,125287,6,13,3481,6.5,7,19,2,221.35943621178652,10,140.0,273.0,133.0,2.0526315789473686,114.0,0.3,14.0,19.0,6,rolling,losing_streak_fitness,3_days,rep_2,32,6
train,1,0,86986,86986,125287,6,13,3481,6.5,7,19,2,529.0897844411664,6,216.0,273.0,57.0,4.789473684210527,19.0,0.5,36.0,19.0,1,rolling,losing_streak_fitness,3_days,rep_2,32,6
test,1,0,86986,86986,125287,6,13,3481,6.5,7,19,2,221.35943621178652,10,140.0,273.0,133.0,2.0526315789473686,114.0,0.3,14.0,19.0,6,rolling,losing_streak_fitness,3_days,rep_2,33,6
train,1,0,86986,86986,125287,6,13,3481,6.5,7,19,2,529.0897844411664,6,216.0,273.0,57.0,4.789473684210527,19.0,0.5,36.0,19.0,1,rolling,losing_streak_fitness,3_days,rep_2,33,6
test,1,0,86986,86986,125287,6,13,3481,6.5,7,19,2,221.35943621178652,10,140.0,273.0,133.0,2.0526315789473686,114.0,0.3,14.0,19.0,6,rolling,losing_streak_fitness,3_days,rep_2,34,6
train,1,0,86986,86986,125287,6,13,3481,6.5,7,19,2,529.0897844411664,6,216.0,273.0,57.0,4.789473684210527,19.0,0.5,36.0,19.0,1,rolling,losing_streak_fitness,3_days,rep_2,34,6
test,1,0,86986,86986,125287,6,13,3481,6.5,7,19,2,221.35943621178652,10,140.0,273.0,133.0,2.0526315789473686,114.0,0.3,14.0,19.0,6,rolling,losing_streak_fitness,3_days,rep_2,35,6
train,1,0,86986,86986,125287,6,13,3481,6.5,7,19,2,529.0897844411664,6,216.0,273.0,57.0,4.789473684210527,19.0,0.5,36.0,19.0,1,rolling,losing_streak_fitness,3_days,rep_2,35,6
test,1,0,86986,86986,125287,6,13,3481,6.5,7,19,2,221.35943621178652,10,140.0,273.0,133.0,2.0526315789473686,114.0,0.3,14.0,19.0,6,rolling,losing_streak_fitness,3_days,rep_2,36,6
train,1,0,86986,86986,125287,6,13,3481,6.5,7,19,2,529.0897844411664,6,216.0,273.0,57.0,4.789473684210527,19.0,0.5,36.0,19.0,1,rolling,losing_streak_fitness,3_days,rep_2,36,6
test,1,0,86986,86986,125287,6,13,3481,6.5,7,19,2,221.35943621178652,10,140.0,273.0,133.0,2.0526315789473686,114.0,0.3,14.0,19.0,6,rolling,losing_streak_fitness,3_days,rep_2,37,6
train,1,0,86986,86986,125287,6,13,3481,6.5,7,19,2,529.0897844411664,6,216.0,273.0,57.0,4.789473684210527,19.0,0.5,36.0,19.0,1,rolling,losing_streak_fitness,3_days,rep_2,37,6
test,1,0,86986,86986,125287,6,13,3481,6.5,7,19,2,221.35943621178652,10,140.0,273.0,133.0,2.0526315789473686,114.0,0.3,14.0,19.0,6,rolling,losing_streak_fitness,3_days,rep_2,38,6
train,1,0,86986,86986,125287,6,13,3481,6.5,7,19,2,529.0897844411664,6,216.0,273.0,57.0,4.789473684210527,19.0,0.5,36.0,19.0,1,rolling,losing_streak_fitness,3_days,rep_2,38,6
test,1,0,86986,86986,125287,6,13,3481,6.5,7,19,2,221.35943621178652,10,140.0,273.0,133.0,2.0526315789473686,114.0,0.3,14.0,19.0,6,rolling,losing_streak_fitness,3_days,rep_2,39,6
train,1,0,86986,86986,125287,6,13,3481,6.5,7,19,2,529.0897844411664,6,216.0,273.0,57.0,4.789473684210527,19.0,0.5,36.0,19.0,1,rolling,losing_streak_fitness,3_days,rep_2,39,6
test,1,0,86986,86986,125287,6,13,3481,6.5,7,19,2,221.35943621178652,10,140.0,273.0,133.0,2.0526315789473686,114.0,0.3,14.0,19.0,6,rolling,losing_streak_fitness,3_days,rep_2,40,6
train,1,0,86986,86986,125287,6,13,3481,6.5,7,19,2,529.0897844411664,6,216.0,273.0,57.0,4.789473684210527,19.0,0.5,36.0,19.0,1,rolling,losing_streak_fitness,3_days,rep_2,40,6
test,1,0,86986,86986,125287,41,13,2961,5.75,7,20,2,499.4836934275232,11,251.0,384.0,133.0,2.887218045112782,95.0,0.3636363636363636,22.818181818181817,19.0,5,rolling,losing_streak_fitness,3_days,rep_2,41,41
train,1,0,86986,86986,125287,41,13,2961,5.75,7,20,2,565.8321305829141,6,231.0,288.0,57.0,5.052631578947368,19.0,0.5,38.5,19.0,1,rolling,losing_streak_fitness,3_days,rep_2,41,41
test,1,0,86986,86986,125287,41,13,2961,5.75,7,20,2,499.4836934275232,11,251.0,384.0,133.0,2.887218045112782,95.0,0.3636363636363636,22.818181818181817,19.0,5,rolling,losing_streak_fitness,3_days,rep_2,42,41
train,1,0,86986,86986,125287,41,13,2961,5.75,7,20,2,565.8321305829141,6,231.0,288.0,57.0,5.052631578947368,19.0,0.5,38.5,19.0,1,rolling,losing_streak_fitness,3_days,rep_2,42,41
test,1,0,86986,86986,125287,41,13,2961,5.75,7,20,2,499.4836934275232,11,251.0,384.0,133.0,2.887218045112782,95.0,0.3636363636363636,22.818181818181817,19.0,5,rolling,losing_streak_fitness,3_days,rep_2,43,41
train,1,0,86986,86986,125287,41,13,2961,5.75,7,20,2,565.8321305829141,6,231.0,288.0,57.0,5.052631578947368,19.0,0.5,38.5,19.0,1,rolling,losing_streak_fitness,3_days,rep_2,43,41
test,1,0,86986,86986,125287,41,13,2961,5.75,7,20,2,499.4836934275232,11,251.0,384.0,133.0,2.887218045112782,95.0,0.3636363636363636,22.818181818181817,19.0,5,rolling,losing_streak_fitness,3_days,rep_2,44,41
train,1,0,86986,86986,125287,41,13,2961,5.75,7,20,2,565.8321305829141,6,231.0,288.0,57.0,5.052631578947368,19.0,0.5,38.5,19.0,1,rolling,losing_streak_fitness,3_days,rep_2,44,41
test,1,0,86986,86986,125287,45,13,2961,5.75,7,21,2,300.4862060061992,11,151.0,303.0,152.0,1.993421052631579,95.0,0.2727272727272727,13.727272727272728,19.0,5,rolling,losing_streak_fitness,3_days,rep_2,45,45
train,1,0,86986,86986,125287,45,13,2961,5.75,7,21,2,602.5744767246617,6,246.0,303.0,57.0,5.315789473684211,19.0,0.5,41.0,19.0,1,rolling,losing_streak_fitness,3_days,rep_2,45,45
test,1,0,86986,86986,125287,45,13,2961,5.75,7,21,2,300.4862060061992,11,151.0,303.0,152.0,1.993421052631579,95.0,0.2727272727272727,13.727272727272728,19.0,5,rolling,losing_streak_fitness,3_days,rep_2,46,45
train,1,0,86986,86986,125287,45,13,2961,5.75,7,21,2,602.5744767246617,6,246.0,303.0,57.0,5.315789473684211,19.0,0.5,41.0,19.0,1,rolling,losing_streak_fitness,3_days,rep_2,46,45
test,1,0,86986,86986,125287,45,13,2961,5.75,7,21,2,300.4862060061992,11,151.0,303.0,152.0,1.993421052631579,95.0,0.2727272727272727,13.727272727272728,19.0,5,rolling,losing_streak_fitness,3_days,rep_2,47,45
train,1,0,86986,86986,125287,45,13,2961,5.75,7,21,2,602.5744767246617,6,246.0,303.0,57.0,5.315789473684211,19.0,0.5,41.0,19.0,1,rolling,losing_streak_fitness,3_days,rep_2,47,45
test,1,0,86986,86986,125287,48,13,3691,5.5,7,23,2,360.1854522325964,11,181.0,333.0,152.0,2.1907894736842106,95.0,0.2727272727272727,16.454545454545453,19.0,5,rolling,losing_streak_fitness,3_days,rep_2,48,48
train,1,0,86986,86986,125287,48,13,3691,5.5,7,23,2,659.640053362438,5,295.0,333.0,38.0,8.763157894736842,19.0,0.6,59.0,19.0,1,rolling,losing_streak_fitness,3_days,rep_2,48,48
test,1,0,86986,86986,125287,48,13,3691,5.5,7,23,2,360.1854522325964,11,181.0,333.0,152.0,2.1907894736842106,95.0,0.2727272727272727,16.454545454545453,19.0,5,rolling,losing_streak_fitness,3_days,rep_2,49,48
train,1,0,86986,86986,125287,48,13,3691,5.5,7,23,2,659.640053362438,5,295.0,333.0,38.0,8.763157894736842,19.0,0.6,59.0,19.0,1,rolling,losing_streak_fitness,3_days,rep_2,49,48
test,1,0,86986,86986,125287,48,13,3691,5.5,7,23,2,360.1854522325964,11,181.0,333.0,152.0,2.1907894736842106,95.0,0.2727272727272727,16.454545454545453,19.0,5,rolling,losing_streak_fitness,3_days,rep_2,50,48
train,1,0,86986,86986,125287,48,13,3691,5.5,7,23,2,659.640053362438,5,295.0,333.0,38.0,8.763157894736842,19.0,0.6,59.0,19.0,1,rolling,losing_streak_fitness,3_days,rep_2,50,48
test,1,0,86986,86986,125287,48,13,3691,5.5,7,23,2,360.1854522325964,11,181.0,333.0,152.0,2.1907894736842106,95.0,0.2727272727272727,16.454545454545453,19.0,5,rolling,losing_streak_fitness,3_days,rep_2,51,48
train,1,0,86986,86986,125287,48,13,3691,5.5,7,23,2,659.640053362438,5,295.0,333.0,38.0,8.763157894736842,19.0,0.6,59.0,19.0,1,rolling,losing_streak_fitness,3_days,rep_2,51,48
test,1,0,86986,86986,125287,48,13,3691,5.5,7,23,2,360.1854522325964,11,181.0,333.0,152.0,2.1907894736842106,95.0,0.2727272727272727,16.454545454545453,19.0,5,rolling,losing_streak_fitness,3_days,rep_2,52,48
train,1,0,86986,86986,125287,48,13,3691,5.5,7,23,2,659.640053362438,5,295.0,333.0,38.0,8.763157894736842,19.0,0.6,59.0,19.0,1,rolling,losing_streak_fitness,3_days,rep_2,52,48
test,1,0,86986,86986,125287,48,13,3691,5.5,7,23,2,360.1854522325964,11,181.0,333.0,152.0,2.1907894736842106,95.0,0.2727272727272727,16.454545454545453,19.0,5,rolling,losing_streak_fitness,3_days,rep_2,53,48
train,1,0,86986,86986,125287,48,13,3691,5.5,7,23,2,659.640053362438,5,295.0,333.0,38.0,8.763157894736842,19.0,0.6,59.0,19.0,1,rolling,losing_streak_fitness,3_days,rep_2,53,48
test,1,0,86986,86986,125287,48,13,3691,5.5,7,23,2,360.1854522325964,11,181.0,333.0,152.0,2.1907894736842106,95.0,0.2727272727272727,16.454545454545453,19.0,5,rolling,losing_streak_fitness,3_days,rep_2,54,48
train,1,0,86986,86986,125287,48,13,3691,5.5,7,23,2,659.640053362438,5,295.0,333.0,38.0,8.763157894736842,19.0,0.6,59.0,19.0,1,rolling,losing_streak_fitness,3_days,rep_2,54,48
test,1,0,86986,86986,125287,48,13,3691,5.5,7,23,2,360.1854522325964,11,181.0,333.0,152.0,2.1907894736842106,95.0,0.2727272727272727,16.454545454545453,19.0,5,rolling,losing_streak_fitness,3_days,rep_2,55,48
train,1,0,86986,86986,125287,48,13,3691,5.5,7,23,2,659.640053362438,5,295.0,333.0,38.0,8.763157894736842,19.0,0.6,59.0,19.0,1,rolling,losing_streak_fitness,3_days,rep_2,55,48
test,1,0,86986,86986,125287,48,13,3691,5.5,7,23,2,360.1854522325964,11,181.0,333.0,152.0,2.1907894736842106,95.0,0.2727272727272727,16.454545454545453,19.0,5,rolling,losing_streak_fitness,3_days,rep_2,56,48
train,1,0,86986,86986,125287,48,13,3691,5.5,7,23,2,659.640053362438,5,295.0,333.0,38.0,8.763157894736842,19.0,0.6,59.0,19.0,1,rolling,losing_streak_fitness,3_days,rep_2,56,48
test,1,0,86986,86986,125287,48,13,3691,5.5,7,23,2,360.1854522325964,11,181.0,333.0,152.0,2.1907894736842106,95.0,0.2727272727272727,16.454545454545453,19.0,5,rolling,losing_streak_fitness,3_days,rep_2,57,48
train,1,0,86986,86986,125287,48,13,3691,5.5,7,23,2,659.640053362438,5,295.0,333.0,38.0,8.763157894736842,19.0,0.6,59.0,19.0,1,rolling,losing_streak_fitness,3_days,rep_2,57,48
test,1,0,86986,86986,125287,48,13,3691,5.5,7,23,2,360.1854522325964,11,181.0,333.0,152.0,2.1907894736842106,95.0,0.2727272727272727,16.454545454545453,19.0,5,rolling,losing_streak_fitness,3_days,rep_2,58,48
train,1,0,86986,86986,125287,48,13,3691,5.5,7,23,2,659.640053362438,5,295.0,333.0,38.0,8.763157894736842,19.0,0.6,59.0,19.0,1,rolling,losing_streak_fitness,3_days,rep_2,58,48
test,1,0,86986,86986,125287,48,13,3691,5.5,7,23,2,360.1854522325964,11,181.0,333.0,152.0,2.1907894736842106,95.0,0.2727272727272727,16.454545454545453,19.0,5,rolling,losing_streak_fitness,3_days,rep_2,59,48
train,1,0,86986,86986,125287,48,13,3691,5.5,7,23,2,659.640053362438,5,295.0,333.0,38.0,8.763157894736842,19.0,0.6,59.0,19.0,1,rolling,losing_streak_fitness,3_days,rep_2,59,48
test,1,0,86986,86986,125287,48,13,3691,5.5,7,23,2,360.1854522325964,11,181.0,333.0,152.0,2.1907894736842106,95.0,0.2727272727272727,16.454545454545453,19.0,5,rolling,losing_streak_fitness,3_days,rep_2,60,48
train,1,0,86986,86986,125287,48,13,3691,5.5,7,23,2,659.640053362438,5,295.0,333.0,38.0,8.763157894736842,19.0,0.6,59.0,19.0,1,rolling,losing_streak_fitness,3_days,rep_2,60,48
test,1,0,86986,86986,125287,48,13,3691,5.5,7,23,2,360.1854522325964,11,181.0,333.0,152.0,2.1907894736842106,95.0,0.2727272727272727,16.454545454545453,19.0,5,rolling,losing_streak_fitness,3_days,rep_2,61,48
train,1,0,86986,86986,125287,48,13,3691,5.5,7,23,2,659.640053362438,5,295.0,333.0,38.0,8.763157894736842,19.0,0.6,59.0,19.0,1,rolling,losing_streak_fitness,3_days,rep_2,61,48
test,1,0,86986,86986,125287,48,13,3691,5.5,7,23,2,360.1854522325964,11,181.0,333.0,152.0,2.1907894736842106,95.0,0.2727272727272727,16.454545454545453,19.0,5,rolling,losing_streak_fitness,3_days,rep_2,62,48
train,1,0,86986,86986,125287,48,13,3691,5.5,7,23,2,659.640053362438,5,295.0,333.0,38.0,8.763157894736842,19.0,0.6,59.0,19.0,1,rolling,losing_streak_fitness,3_days,rep_2,62,48
test,1,0,86986,86986,125287,48,13,3691,5.5,7,23,2,360.1854522325964,11,181.0,333.0,152.0,2.1907894736842106,95.0,0.2727272727272727,16.454545454545453,19.0,5,rolling,losing_streak_fitness,3_days,rep_2,63,48
train,1,0,86986,86986,125287,48,13,3691,5.5,7,23,2,659.640053362438,5,295.0,333.0,38.0,8.763157894736842,19.0,0.6,59.0,19.0,1,rolling,losing_streak_fitness,3_days,rep_2,63,48
test,1,0,86986,86986,125287,48,13,3691,5.5,7,23,2,360.1854522325964,11,181.0,333.0,152.0,2.1907894736842106,95.0,0.2727272727272727,16.454545454545453,19.0,5,rolling,losing_streak_fitness,3_days,rep_2,64,48
train,1,0,86986,86986,125287,48,13,3691,5.5,7,23,2,659.640053362438,5,295.0,333.0,38.0,8.763157894736842,19.0,0.6,59.0,19.0,1,rolling,losing_streak_fitness,3_days,rep_2,64,48
test,1,0,86986,86986,125287,48,13,3691,5.5,7,23,2,360.1854522325964,11,181.0,333.0,152.0,2.1907894736842106,95.0,0.2727272727272727,16.454545454545453,19.0,5,rolling,losing_streak_fitness,3_days,rep_2,65,48
train,1,0,86986,86986,125287,48,13,3691,5.5,7,23,2,659.640053362438,5,295.0,333.0,38.0,8.763157894736842,19.0,0.6,59.0,19.0,1,rolling,losing_streak_fitness,3_days,rep_2,65,48
test,1,0,86986,86986,125287,48,13,3691,5.5,7,23,2,360.1854522325964,11,181.0,333.0,152.0,2.1907894736842106,95.0,0.2727272727272727,16.454545454545453,19.0,5,rolling,losing_streak_fitness,3_days,rep_2,66,48
train,1,0,86986,86986,125287,48,13,3691,5.5,7,23,2,659.640053362438,5,295.0,333.0,38.0,8.763157894736842,19.0,0.6,59.0,19.0,1,rolling,losing_streak_fitness,3_days,rep_2,66,48
test,1,0,86986,86986,125287,48,13,3691,5.5,7,23,2,360.1854522325964,11,181.0,333.0,152.0,2.1907894736842106,95.0,0.2727272727272727,16.454545454545453,19.0,5,rolling,losing_streak_fitness,3_days,rep_2,67,48
train,1,0,86986,86986,125287,48,13,3691,5.5,7,23,2,659.640053362438,5,295.0,333.0,38.0,8.763157894736842,19.0,0.6,59.0,19.0,1,rolling,losing_streak_fitness,3_days,rep_2,67,48
test,1,0,86986,86986,125287,48,13,3691,5.5,7,23,2,360.1854522325964,11,181.0,333.0,152.0,2.1907894736842106,95.0,0.2727272727272727,16.454545454545453,19.0,5,rolling,losing_streak_fitness,3_days,rep_2,68,48
train,1,0,86986,86986,125287,48,13,3691,5.5,7,23,2,659.640053362438,5,295.0,333.0,38.0,8.763157894736842,19.0,0.6,59.0,19.0,1,rolling,losing_streak_fitness,3_days,rep_2,68,48
test,1,0,86986,86986,125287,48,13,3691,5.5,7,23,2,360.1854522325964,11,181.0,333.0,152.0,2.1907894736842106,95.0,0.2727272727272727,16.454545454545453,19.0,5,rolling,losing_streak_fitness,3_days,rep_2,69,48
train,1,0,86986,86986,125287,48,13,3691,5.5,7,23,2,659.640053362438,5,295.0,333.0,38.0,8.763157894736842,19.0,0.6,59.0,19.0,1,rolling,losing_streak_fitness,3_days,rep_2,69,48
test,1,0,86986,86986,125287,48,13,3691,5.5,7,23,2,360.1854522325964,11,181.0,333.0,152.0,2.1907894736842106,95.0,0.2727272727272727,16.454545454545453,19.0,5,rolling,losing_streak_fitness,3_days,rep_2,70,48
train,1,0,86986,86986,125287,48,13,3691,5.5,7,23,2,659.640053362438,5,295.0,333.0,38.0,8.763157894736842,19.0,0.6,59.0,19.0,1,rolling,losing_streak_fitness,3_days,rep_2,70,48
test,1,0,86986,86986,125287,48,13,3691,5.5,7,23,2,360.1854522325964,11,181.0,333.0,152.0,2.1907894736842106,95.0,0.2727272727272727,16.454545454545453,19.0,5,rolling,losing_streak_fitness,3_days,rep_2,71,48
train,1,0,86986,86986,125287,48,13,3691,5.5,7,23,2,659.640053362438,5,295.0,333.0,38.0,8.763157894736842,19.0,0.6,59.0,19.0,1,rolling,losing_streak_fitness,3_days,rep_2,71,48
test,1,0,86986,86986,125287,48,13,3691,5.5,7,23,2,360.1854522325964,11,181.0,333.0,152.0,2.1907894736842106,95.0,0.2727272727272727,16.454545454545453,19.0,5,rolling,losing_streak_fitness,3_days,rep_2,72,48
train,1,0,86986,86986,125287,48,13,3691,5.5,7,23,2,659.640053362438,5,295.0,333.0,38.0,8.763157894736842,19.0,0.6,59.0,19.0,1,rolling,losing_streak_fitness,3_days,rep_2,72,48
test,1,0,86986,86986,125287,48,13,3691,5.5,7,23,2,360.1854522325964,11,181.0,333.0,152.0,2.1907894736842106,95.0,0.2727272727272727,16.454545454545453,19.0,5,rolling,losing_streak_fitness,3_days,rep_2,73,48
train,1,0,86986,86986,125287,48,13,3691,5.5,7,23,2,659.640053362438,5,295.0,333.0,38.0,8.763157894736842,19.0,0.6,59.0,19.0,1,rolling,losing_streak_fitness,3_days,rep_2,73,48
test,1,0,86986,86986,125287,48,13,3691,5.5,7,23,2,360.1854522325964,11,181.0,333.0,152.0,2.1907894736842106,95.0,0.2727272727272727,16.454545454545453,19.0,5,rolling,losing_streak_fitness,3_days,rep_2,74,48
train,1,0,86986,86986,125287,48,13,3691,5.5,7,23,2,659.640053362438,5,295.0,333.0,38.0,8.763157894736842,19.0,0.6,59.0,19.0,1,rolling,losing_streak_fitness,3_days,rep_2,74,48
test,1,0,86986,86986,125287,48,13,3691,5.5,7,23,2,360.1854522325964,11,181.0,333.0,152.0,2.1907894736842106,95.0,0.2727272727272727,16.454545454545453,19.0,5,rolling,losing_streak_fitness,3_days,rep_2,75,48
train,1,0,86986,86986,125287,48,13,3691,5.5,7,23,2,659.640053362438,5,295.0,333.0,38.0,8.763157894736842,19.0,0.6,59.0,19.0,1,rolling,losing_streak_fitness,3_days,rep_2,75,48
test,1,0,86986,86986,125287,48,13,3691,5.5,7,23,2,360.1854522325964,11,181.0,333.0,152.0,2.1907894736842106,95.0,0.2727272727272727,16.454545454545453,19.0,5,rolling,losing_streak_fitness,3_days,rep_2,76,48
train,1,0,86986,86986,125287,48,13,3691,5.5,7,23,2,659.640053362438,5,295.0,333.0,38.0,8.763157894736842,19.0,0.6,59.0,19.0,1,rolling,losing_streak_fitness,3_days,rep_2,76,48
test,1,0,86986,86986,125287,48,13,3691,5.5,7,23,2,360.1854522325964,11,181.0,333.0,152.0,2.1907894736842106,95.0,0.2727272727272727,16.454545454545453,19.0,5,rolling,losing_streak_fitness,3_days,rep_2,77,48
train,1,0,86986,86986,125287,48,13,3691,5.5,7,23,2,659.640053362438,5,295.0,333.0,38.0,8.763157894736842,19.0,0.6,59.0,19.0,1,rolling,losing_streak_fitness,3_days,rep_2,77,48
test,1,0,86986,86986,125287,48,13,3691,5.5,7,23,2,360.1854522325964,11,181.0,333.0,152.0,2.1907894736842106,95.0,0.2727272727272727,16.454545454545453,19.0,5,rolling,losing_streak_fitness,3_days,rep_2,78,48
train,1,0,86986,86986,125287,48,13,3691,5.5,7,23,2,659.640053362438,5,295.0,333.0,38.0,8.763157894736842,19.0,0.6,59.0,19.0,1,rolling,losing_streak_fitness,3_days,rep_2,78,48
test,1,0,86986,86986,125287,48,13,3691,5.5,7,23,2,360.1854522325964,11,181.0,333.0,152.0,2.1907894736842106,95.0,0.2727272727272727,16.454545454545453,19.0,5,rolling,losing_streak_fitness,3_days,rep_2,79,48
train,1,0,86986,86986,125287,48,13,3691,5.5,7,23,2,659.640053362438,5,295.0,333.0,38.0,8.763157894736842,19.0,0.6,59.0,19.0,1,rolling,losing_streak_fitness,3_days,rep_2,79,48
test,1,0,86986,86986,125287,48,13,3691,5.5,7,23,2,360.1854522325964,11,181.0,333.0,152.0,2.1907894736842106,95.0,0.2727272727272727,16.454545454545453,19.0,5,rolling,losing_streak_fitness,3_days,rep_2,80,48
train,1,0,86986,86986,125287,48,13,3691,5.5,7,23,2,659.640053362438,5,295.0,333.0,38.0,8.763157894736842,19.0,0.6,59.0,19.0,1,rolling,losing_streak_fitness,3_days,rep_2,80,48
test,1,0,86986,86986,125287,48,13,3691,5.5,7,23,2,360.1854522325964,11,181.0,333.0,152.0,2.1907894736842106,95.0,0.2727272727272727,16.454545454545453,19.0,5,rolling,losing_streak_fitness,3_days,rep_2,81,48
train,1,0,86986,86986,125287,48,13,3691,5.5,7,23,2,659.640053362438,5,295.0,333.0,38.0,8.763157894736842,19.0,0.6,59.0,19.0,1,rolling,losing_streak_fitness,3_days,rep_2,81,48
test,1,0,86986,86986,125287,48,13,3691,5.5,7,23,2,360.1854522325964,11,181.0,333.0,152.0,2.1907894736842106,95.0,0.2727272727272727,16.454545454545453,19.0,5,rolling,losing_streak_fitness,3_days,rep_2,82,48
train,1,0,86986,86986,125287,48,13,3691,5.5,7,23,2,659.640053362438,5,295.0,333.0,38.0,8.763157894736842,19.0,0.6,59.0,19.0,1,rolling,losing_streak_fitness,3_days,rep_2,82,48
test,1,0,86986,86986,125287,48,13,3691,5.5,7,23,2,360.1854522325964,11,181.0,333.0,152.0,2.1907894736842106,95.0,0.2727272727272727,16.454545454545453,19.0,5,rolling,losing_streak_fitness,3_days,rep_2,83,48
train,1,0,86986,86986,125287,48,13,3691,5.5,7,23,2,659.640053362438,5,295.0,333.0,38.0,8.763157894736842,19.0,0.6,59.0,19.0,1,rolling,losing_streak_fitness,3_days,rep_2,83,48
test,1,0,86986,86986,125287,48,13,3691,5.5,7,23,2,360.1854522325964,11,181.0,333.0,152.0,2.1907894736842106,95.0,0.2727272727272727,16.454545454545453,19.0,5,rolling,losing_streak_fitness,3_days,rep_2,84,48
train,1,0,86986,86986,125287,48,13,3691,5.5,7,23,2,659.640053362438,5,295.0,333.0,38.0,8.763157894736842,19.0,0.6,59.0,19.0,1,rolling,losing_streak_fitness,3_days,rep_2,84,48
test,1,0,86986,86986,125287,48,13,3691,5.5,7,23,2,360.1854522325964,11,181.0,333.0,152.0,2.1907894736842106,95.0,0.2727272727272727,16.454545454545453,19.0,5,rolling,losing_streak_fitness,3_days,rep_2,85,48
train,1,0,86986,86986,125287,48,13,3691,5.5,7,23,2,659.640053362438,5,295.0,333.0,38.0,8.763157894736842,19.0,0.6,59.0,19.0,1,rolling,losing_streak_fitness,3_days,rep_2,85,48
test,1,0,86986,86986,125287,48,13,3691,5.5,7,23,2,360.1854522325964,11,181.0,333.0,152.0,2.1907894736842106,95.0,0.2727272727272727,16.454545454545453,19.0,5,rolling,losing_streak_fitness,3_days,rep_2,86,48
train,1,0,86986,86986,125287,48,13,3691,5.5,7,23,2,659.640053362438,5,295.0,333.0,38.0,8.763157894736842,19.0,0.6,59.0,19.0,1,rolling,losing_streak_fitness,3_days,rep_2,86,48
test,1,0,86986,86986,125287,48,13,3691,5.5,7,23,2,360.1854522325964,11,181.0,333.0,152.0,2.1907894736842106,95.0,0.2727272727272727,16.454545454545453,19.0,5,rolling,losing_streak_fitness,3_days,rep_2,87,48
train,1,0,86986,86986,125287,48,13,3691,5.5,7,23,2,659.640053362438,5,295.0,333.0,38.0,8.763157894736842,19.0,0.6,59.0,19.0,1,rolling,losing_streak_fitness,3_days,rep_2,87,48
test,1,0,86986,86986,125287,48,13,3691,5.5,7,23,2,360.1854522325964,11,181.0,333.0,152.0,2.1907894736842106,95.0,0.2727272727272727,16.454545454545453,19.0,5,rolling,losing_streak_fitness,3_days,rep_2,88,48
train,1,0,86986,86986,125287,48,13,3691,5.5,7,23,2,659.640053362438,5,295.0,333.0,38.0,8.763157894736842,19.0,0.6,59.0,19.0,1,rolling,losing_streak_fitness,3_days,rep_2,88,48
test,1,0,86986,86986,125287,48,13,3691,5.5,7,23,2,360.1854522325964,11,181.0,333.0,152.0,2.1907894736842106,95.0,0.2727272727272727,16.454545454545453,19.0,5,rolling,losing_streak_fitness,3_days,rep_2,89,48
train,1,0,86986,86986,125287,48,13,3691,5.5,7,23,2,659.640053362438,5,295.0,333.0,38.0,8.763157894736842,19.0,0.6,59.0,19.0,1,rolling,losing_streak_fitness,3_days,rep_2,89,48
test,1,0,86986,86986,125287,48,13,3691,5.5,7,23,2,360.1854522325964,11,181.0,333.0,152.0,2.1907894736842106,95.0,0.2727272727272727,16.454545454545453,19.0,5,rolling,losing_streak_fitness,3_days,rep_2,90,48
train,1,0,86986,86986,125287,48,13,3691,5.5,7,23,2,659.640053362438,5,295.0,333.0,38.0,8.763157894736842,19.0,0.6,59.0,19.0,1,rolling,losing_streak_fitness,3_days,rep_2,90,48
test,1,0,86986,86986,125287,48,13,3691,5.5,7,23,2,360.1854522325964,11,181.0,333.0,152.0,2.1907894736842106,95.0,0.2727272727272727,16.454545454545453,19.0,5,rolling,losing_streak_fitness,3_days,rep_2,91,48
train,1,0,86986,86986,125287,48,13,3691,5.5,7,23,2,659.640053362438,5,295.0,333.0,38.0,8.763157894736842,19.0,0.6,59.0,19.0,1,rolling,losing_streak_fitness,3_days,rep_2,91,48
test,1,0,86986,86986,125287,48,13,3691,5.5,7,23,2,360.1854522325964,11,181.0,333.0,152.0,2.1907894736842106,95.0,0.2727272727272727,16.454545454545453,19.0,5,rolling,losing_streak_fitness,3_days,rep_2,92,48
train,1,0,86986,86986,125287,48,13,3691,5.5,7,23,2,659.640053362438,5,295.0,333.0,38.0,8.763157894736842,19.0,0.6,59.0,19.0,1,rolling,losing_streak_fitness,3_days,rep_2,92,48
test,1,0,86986,86986,125287,48,13,3691,5.5,7,23,2,360.1854522325964,11,181.0,333.0,152.0,2.1907894736842106,95.0,0.2727272727272727,16.454545454545453,19.0,5,rolling,losing_streak_fitness,3_days,rep_2,93,48
train,1,0,86986,86986,125287,48,13,3691,5.5,7,23,2,659.640053362438,5,295.0,333.0,38.0,8.763157894736842,19.0,0.6,59.0,19.0,1,rolling,losing_streak_fitness,3_days,rep_2,93,48
test,1,0,86986,86986,125287,48,13,3691,5.5,7,23,2,360.1854522325964,11,181.0,333.0,152.0,2.1907894736842106,95.0,0.2727272727272727,16.454545454545453,19.0,5,rolling,losing_streak_fitness,3_days,rep_2,94,48
train,1,0,86986,86986,125287,48,13,3691,5.5,7,23,2,659.640053362438,5,295.0,333.0,38.0,8.763157894736842,19.0,0.6,59.0,19.0,1,rolling,losing_streak_fitness,3_days,rep_2,94,48
test,1,0,86986,86986,125287,48,13,3691,5.5,7,23,2,360.1854522325964,11,181.0,333.0,152.0,2.1907894736842106,95.0,0.2727272727272727,16.454545454545453,19.0,5,rolling,losing_streak_fitness,3_days,rep_2,95,48
train,1,0,86986,86986,125287,48,13,3691,5.5,7,23,2,659.640053362438,5,295.0,333.0,38.0,8.763157894736842,19.0,0.6,59.0,19.0,1,rolling,losing_streak_fitness,3_days,rep_2,95,48
test,1,0,86986,86986,125287,48,13,3691,5.5,7,23,2,360.1854522325964,11,181.0,333.0,152.0,2.1907894736842106,95.0,0.2727272727272727,16.454545454545453,19.0,5,rolling,losing_streak_fitness,3_days,rep_2,96,48
train,1,0,86986,86986,125287,48,13,3691,5.5,7,23,2,659.640053362438,5,295.0,333.0,38.0,8.763157894736842,19.0,0.6,59.0,19.0,1,rolling,losing_streak_fitness,3_days,rep_2,96,48
test,1,0,86986,86986,125287,48,13,3691,5.5,7,23,2,360.1854522325964,11,181.0,333.0,152.0,2.1907894736842106,95.0,0.2727272727272727,16.454545454545453,19.0,5,rolling,losing_streak_fitness,3_days,rep_2,97,48
train,1,0,86986,86986,125287,48,13,3691,5.5,7,23,2,659.640053362438,5,295.0,333.0,38.0,8.763157894736842,19.0,0.6,59.0,19.0,1,rolling,losing_streak_fitness,3_days,rep_2,97,48
test,1,0,86986,86986,125287,48,13,3691,5.5,7,23,2,360.1854522325964,11,181.0,333.0,152.0,2.1907894736842106,95.0,0.2727272727272727,16.454545454545453,19.0,5,rolling,losing_streak_fitness,3_days,rep_2,98,48
train,1,0,86986,86986,125287,48,13,3691,5.5,7,23,2,659.640053362438,5,295.0,333.0,38.0,8.763157894736842,19.0,0.6,59.0,19.0,1,rolling,losing_streak_fitness,3_days,rep_2,98,48
test,1,0,86986,86986,125287,48,13,3691,5.5,7,23,2,360.1854522325964,11,181.0,333.0,152.0,2.1907894736842106,95.0,0.2727272727272727,16.454545454545453,19.0,5,rolling,losing_streak_fitness,3_days,rep_2,99,48
train,1,0,86986,86986,125287,48,13,3691,5.5,7,23,2,659.640053362438,5,295.0,333.0,38.0,8.763157894736842,19.0,0.6,59.0,19.0,1,rolling,losing_streak_fitness,3_days,rep_2,99,48
test,1,0,86986,86986,125287,48,13,3691,5.5,7,23,2,360.1854522325964,11,181.0,333.0,152.0,2.1907894736842106,95.0,0.2727272727272727,16.454545454545453,19.0,5,rolling,losing_streak_fitness,3_days,rep_2,100,48
train,1,0,86986,86986,125287,48,13,3691,5.5,7,23,2,659.640053362438,5,295.0,333.0,38.0,8.763157894736842,19.0,0.6,59.0,19.0,1,rolling,losing_streak_fitness,3_days,rep_2,100,48
test,2,22406,125287,125287,130699,0,13,3536,6.5,2,7,2,-1000.0,0,0.0,0.0,0.0,inf,0.0,0.0,0.0,0.0,0,rolling,losing_streak_fitness,3_days,rep_2,0,0
train,2,22406,125287,125287,130699,0,13,3536,6.5,2,7,2,293.69957013928365,31,211.0,496.0,285.0,1.7403508771929823,76.0,0.5161290322580645,6.806451612903226,19.0,4,rolling,losing_streak_fitness,3_days,rep_2,0,0
test,2,22406,125287,125287,130699,1,15,1700,6.0,3,3,2,-1000.0,0,0.0,0.0,0.0,inf,0.0,0.0,0.0,0.0,0,rolling,losing_streak_fitness,3_days,rep_2,1,1
train,2,22406,125287,125287,130699,1,15,1700,6.0,3,3,2,508.66590214009824,21,111.0,187.0,76.0,2.460526315789474,19.0,0.8095238095238095,5.285714285714286,19.0,1,rolling,losing_streak_fitness,3_days,rep_2,1,1
test,2,22406,125287,125287,130699,2,11,1274,8.75,2,6,2,-1000.0,0,0.0,0.0,0.0,inf,0.0,0.0,0.0,0.0,0,rolling,losing_streak_fitness,3_days,rep_2,2,2
train,2,22406,125287,125287,130699,2,11,1274,8.75,2,6,2,673.230355161672,43,308.0,650.0,342.0,1.9005847953216373,81.0,0.5813953488372093,7.162790697674419,19.0,3,rolling,losing_streak_fitness,3_days,rep_2,2,2
test,2,22406,125287,125287,130699,3,14,1274,7.25,3,17,3,-1000.0,0,0.0,0.0,0.0,inf,0.0,0.0,0.0,0.0,0,rolling,losing_streak_fitness,3_days,rep_2,3,3
train,2,22406,125287,125287,130699,3,14,1274,7.25,3,17,3,746.4606486614013,14,399.0,567.0,168.0,3.375,48.0,0.5,28.5,24.0,2,rolling,losing_streak_fitness,3_days,rep_2,3,3
test,2,22406,125287,125287,130699,4,14,1274,7.0,2,10,2,-1000.0,0,0.0,0.0,0.0,inf,0.0,0.0,0.0,0.0,0,rolling,losing_streak_fitness,3_days,rep_2,4,4
train,2,22406,125287,125287,130699,4,14,1274,7.0,2,10,2,1384.0,16,346.0,460.0,114.0,4.035087719298246,19.0,0.625,21.625,19.0,1,rolling,losing_streak_fitness,3_days,rep_2,4,4
test,2,22406,125287,125287,130699,4,14,1274,7.0,2,10,2,-1000.0,0,0.0,0.0,0.0,inf,0.0,0.0,0.0,0.0,0,rolling,losing_streak_fitness,3_days,rep_2,5,4
train,2,22406,125287,125287,130699,4,14,1274,7.0,2,10,2,1384.0,16,346.0,460.0,114.0,4.035087719298246,19.0,0.625,21.625,19.0,1,rolling,losing_streak_fitness,3_days,rep_2,5,4
test,2,22406,125287,125287,130699,4,14,1274,7.0,2,10,2,-1000.0,0,0.0,0.0,0.0,inf,0.0,0.0,0.0,0.0,0,rolling,losing_streak_fitness,3_days,rep_2,6,4
train,2,22406,125287,125287,130699,4,14,1274,7.0,2,10,2,1384.0,16,346.0,460.0,114.0,4.035087719298246,19.0,0.625,21.625,19.0,1,rolling,losing_streak_fitness,3_days,rep_2,6,4
test,2,22406,125287,125287,130699,4,14,1274,7.0,2,10,2,-1000.0,0,0.0,0.0,0.0,inf,0.0,0.0,0.0,0.0,0,rolling,losing_streak_fitness,3_days,rep_2,7,4
train,2,22406,125287,125287,130699,4,14,1274,7.0,2,10,2,1384.0,16,346.0,460.0,114.0,4.035087719298246,19.0,0.625,21.625,19.0,1,rolling,losing_streak_fitness,3_days,rep_2,7,4
test,2,22406,125287,125287,130699,4,14,1274,7.0,2,10,2,-1000.0,0,0.0,0.0,0.0,inf,0.0,0.0,0.0,0.0,0,rolling,losing_streak_fitness,3_days,rep_2,8,4
train,2,22406,125287,125287,130699,4,14,1274,7.0,2,10,2,1384.0,16,346.0,460.0,114.0,4.035087719298246,19.0,0.625,21.625,19.0,1,rolling,losing_streak_fitness,3_days,rep_2,8,4
test,2,22406,125287,125287,130699,4,14,1274,7.0,2,10,2,-1000.0,0,0.0,0.0,0.0,inf,0.0,0.0,0.0,0.0,0,rolling,losing_streak_fitness,3_days,rep_2,9,4
train,2,22406,125287,125287,130699,4,14,1274,7.0,2,10,2,1384.0,16,346.0,460.0,114.0,4.035087719298246,19.0,0.625,21.625,19.0,1,rolling,losing_streak_fitness,3_days,rep_2,9,4
test,2,22406,125287,125287,130699,4,14,1274,7.0,2,10,2,-1000.0,0,0.0,0.0,0.0,inf,0.0,0.0,0.0,0.0,0,rolling,losing_streak_fitness,3_days,rep_2,10,4
train,2,22406,125287,125287,130699,4,14,1274,7.0,2,10,2,1384.0,16,346.0,460.0,114.0,4.035087719298246,19.0,0.625,21.625,19.0,1,rolling,losing_streak_fitness,3_days,rep_2,10,4
test,2,22406,125287,125287,130699,4,14,1274,7.0,2,10,2,-1000.0,0,0.0,0.0,0.0,inf,0.0,0.0,0.0,0.0,0,rolling,losing_streak_fitness,3_days,rep_2,11,4
train,2,22406,125287,125287,130699,4,14,1274,7.0,2,10,2,1384.0,16,346.0,460.0,114.0,4.035087719298246,19.0,0.625,21.625,19.0,1,rolling,losing_streak_fitness,3_days,rep_2,11,4
test,2,22406,125287,125287,130699,4,14,1274,7.0,2,10,2,-1000.0,0,0.0,0.0,0.0,inf,0.0,0.0,0.0,0.0,0,rolling,losing_streak_fitness,3_days,rep_2,12,4
train,2,22406,125287,125287,130699,4,14,1274,7.0,2,10,2,1384.0,16,346.0,460.0,114.0,4.035087719298246,19.0,0.625,21.625,19.0,1,rolling,losing_streak_fitness,3_days,rep_2,12,4
test,2,22406,125287,125287,130699,4,14,1274,7.0,2,10,2,-1000.0,0,0.0,0.0,0.0,inf,0.0,0.0,0.0,0.0,0,rolling,losing_streak_fitness,3_days,rep_2,13,4
train,2,22406,125287,125287,130699,4,14,1274,7.0,2,10,2,1384.0,16,346.0,460.0,114.0,4.035087719298246,19.0,0.625,21.625,19.0,1,rolling,losing_streak_fitness,3_days,rep_2,13,4
test,2,22406,125287,125287,130699,4,14,1274,7.0,2,10,2,-1000.0,0,0.0,0.0,0.0,inf,0.0,0.0,0.0,0.0,0,rolling,losing_streak_fitness,3_days,rep_2,14,4
train,2,22406,125287,125287,130699,4,14,1274,7.0,2,10,2,1384.0,16,346.0,460.0,114.0,4.035087719298246,19.0,0.625,21.625,19.0,1,rolling,losing_streak_fitness,3_days,rep_2,14,4
test,2,22406,125287,125287,130699,4,14,1274,7.0,2,10,2,-1000.0,0,0.0,0.0,0.0,inf,0.0,0.0,0.0,0.0,0,rolling,losing_streak_fitness,3_days,rep_2,15,4
train,2,22406,125287,125287,130699,4,14,1274,7.0,2,10,2,1384.0,16,346.0,460.0,114.0,4.035087719298246,19.0,0.625,21.625,19.0,1,rolling,losing_streak_fitness,3_days,rep_2,15,4
test,2,22406,125287,125287,130699,4,14,1274,7.0,2,10,2,-1000.0,0,0.0,0.0,0.0,inf,0.0,0.0,0.0,0.0,0,rolling,losing_streak_fitness,3_days,rep_2,16,4
train,2,22406,125287,125287,130699,4,14,1274,7.0,2,10,2,1384.0,16,346.0,460.0,114.0,4.035087719298246,19.0,0.625,21.625,19.0,1,rolling,losing_streak_fitness,3_days,rep_2,16,4
test,2,22406,125287,125287,130699,4,14,1274,7.0,2,10,2,-1000.0,0,0.0,0.0,0.0,inf,0.0,0.0,0.0,0.0,0,rolling,losing_streak_fitness,3_days,rep_2,17,4
train,2,22406,125287,125287,130699,4,14,1274,7.0,2,10,2,1384.0,16,346.0,460.0,114.0,4.035087719298246,19.0,0.625,21.625,19.0,1,rolling,losing_streak_fitness,3_days,rep_2,17,4
test,2,22406,125287,125287,130699,4,14,1274,7.0,2,10,2,-1000.0,0,0.0,0.0,0.0,inf,0.0,0.0,0.0,0.0,0,rolling,losing_streak_fitness,3_days,rep_2,18,4
train,2,22406,125287,125287,130699,4,14,1274,7.0,2,10,2,1384.0,16,346.0,460.0,114.0,4.035087719298246,19.0,0.625,21.625,19.0,1,rolling,losing_streak_fitness,3_days,rep_2,18,4
test,2,22406,125287,125287,130699,4,14,1274,7.0,2,10,2,-1000.0,0,0.0,0.0,0.0,inf,0.0,0.0,0.0,0.0,0,rolling,losing_streak_fitness,3_days,rep_2,19,4
train,2,22406,125287,125287,130699,4,14,1274,7.0,2,10,2,1384.0,16,346.0,460.0,114.0,4.035087719298246,19.0,0.625,21.625,19.0,1,rolling,losing_streak_fitness,3_days,rep_2,19,4
test,2,22406,125287,125287,130699,4,14,1274,7.0,2,10,2,-1000.0,0,0.0,0.0,0.0,inf,0.0,0.0,0.0,0.0,0,rolling,losing_streak_fitness,3_days,rep_2,20,4
train,2,22406,125287,125287,130699,4,14,1274,7.0,2,10,2,1384.0,16,346.0,460.0,114.0,4.035087719298246,19.0,0.625,21.625,19.0,1,rolling,losing_streak_fitness,3_days,rep_2,20,4
test,2,22406,125287,125287,130699,4,14,1274,7.0,2,10,2,-1000.0,0,0.0,0.0,0.0,inf,0.0,0.0,0.0,0.0,0,rolling,losing_streak_fitness,3_days,rep_2,21,4
train,2,22406,125287,125287,130699,4,14,1274,7.0,2,10,2,1384.0,16,346.0,460.0,114.0,4.035087719298246,19.0,0.625,21.625,19.0,1,rolling,losing_streak_fitness,3_days,rep_2,21,4
test,2,22406,125287,125287,130699,4,14,1274,7.0,2,10,2,-1000.0,0,0.0,0.0,0.0,inf,0.0,0.0,0.0,0.0,0,rolling,losing_streak_fitness,3_days,rep_2,22,4
train,2,22406,125287,125287,130699,4,14,1274,7.0,2,10,2,1384.0,16,346.0,460.0,114.0,4.035087719298246,19.0,0.625,21.625,19.0,1,rolling,losing_streak_fitness,3_days,rep_2,22,4
test,2,22406,125287,125287,130699,4,14,1274,7.0,2,10,2,-1000.0,0,0.0,0.0,0.0,inf,0.0,0.0,0.0,0.0,0,rolling,losing_streak_fitness,3_days,rep_2,23,4
train,2,22406,125287,125287,130699,4,14,1274,7.0,2,10,2,1384.0,16,346.0,460.0,114.0,4.035087719298246,19.0,0.625,21.625,19.0,1,rolling,losing_streak_fitness,3_days,rep_2,23,4
test,2,22406,125287,125287,130699,4,14,1274,7.0,2,10,2,-1000.0,0,0.0,0.0,0.0,inf,0.0,0.0,0.0,0.0,0,rolling,losing_streak_fitness,3_days,rep_2,24,4
train,2,22406,125287,125287,130699,4,14,1274,7.0,2,10,2,1384.0,16,346.0,460.0,114.0,4.035087719298246,19.0,0.625,21.625,19.0,1,rolling,losing_streak_fitness,3_days,rep_2,24,4
test,2,22406,125287,125287,130699,4,14,1274,7.0,2,10,2,-1000.0,0,0.0,0.0,0.0,inf,0.0,0.0,0.0,0.0,0,rolling,losing_streak_fitness,3_days,rep_2,25,4
train,2,22406,125287,125287,130699,4,14,1274,7.0,2,10,2,1384.0,16,346.0,460.0,114.0,4.035087719298246,19.0,0.625,21.625,19.0,1,rolling,losing_streak_fitness,3_days,rep_2,25,4
test,2,22406,125287,125287,130699,4,14,1274,7.0,2,10,2,-1000.0,0,0.0,0.0,0.0,inf,0.0,0.0,0.0,0.0,0,rolling,losing_streak_fitness,3_days,rep_2,26,4
train,2,22406,125287,125287,130699,4,14,1274,7.0,2,10,2,1384.0,16,346.0,460.0,114.0,4.035087719298246,19.0,0.625,21.625,19.0,1,rolling,losing_streak_fitness,3_days,rep_2,26,4
test,2,22406,125287,125287,130699,4,14,1274,7.0,2,10,2,-1000.0,0,0.0,0.0,0.0,inf,0.0,0.0,0.0,0.0,0,rolling,losing_streak_fitness,3_days,rep_2,27,4
train,2,22406,125287,125287,130699,4,14,1274,7.0,2,10,2,1384.0,16,346.0,460.0,114.0,4.035087719298246,19.0,0.625,21.625,19.0,1,rolling,losing_streak_fitness,3_days,rep_2,27,4
test,2,22406,125287,125287,130699,4,14,1274,7.0,2,10,2,-1000.0,0,0.0,0.0,0.0,inf,0.0,0.0,0.0,0.0,0,rolling,losing_streak_fitness,3_days,rep_2,28,4
train,2,22406,125287,125287,130699,4,14,1274,7.0,2,10,2,1384.0,16,346.0,460.0,114.0,4.035087719298246,19.0,0.625,21.625,19.0,1,rolling,losing_streak_fitness,3_days,rep_2,28,4
test,2,22406,125287,125287,130699,4,14,1274,7.0,2,10,2,-1000.0,0,0.0,0.0,0.0,inf,0.0,0.0,0.0,0.0,0,rolling,losing_streak_fitness,3_days,rep_2,29,4
train,2,22406,125287,125287,130699,4,14,1274,7.0,2,10,2,1384.0,16,346.0,460.0,114.0,4.035087719298246,19.0,0.625,21.625,19.0,1,rolling,losing_streak_fitness,3_days,rep_2,29,4
test,2,22406,125287,125287,130699,4,14,1274,7.0,2,10,2,-1000.0,0,0.0,0.0,0.0,inf,0.0,0.0,0.0,0.0,0,rolling,losing_streak_fitness,3_days,rep_2,30,4
train,2,22406,125287,125287,130699,4,14,1274,7.0,2,10,2,1384.0,16,346.0,460.0,114.0,4.035087719298246,19.0,0.625,21.625,19.0,1,rolling,losing_streak_fitness,3_days,rep_2,30,4
test,2,22406,125287,125287,130699,4,14,1274,7.0,2,10,2,-1000.0,0,0.0,0.0,0.0,inf,0.0,0.0,0.0,0.0,0,rolling,losing_streak_fitness,3_days,rep_2,31,4
train,2,22406,125287,125287,130699,4,14,1274,7.0,2,10,2,1384.0,16,346.0,460.0,114.0,4.035087719298246,19.0,0.625,21.625,19.0,1,rolling,losing_streak_fitness,3_days,rep_2,31,4
test,2,22406,125287,125287,130699,4,14,1274,7.0,2,10,2,-1000.0,0,0.0,0.0,0.0,inf,0.0,0.0,0.0,0.0,0,rolling,losing_streak_fitness,3_days,rep_2,32,4
train,2,22406,125287,125287,130699,4,14,1274,7.0,2,10,2,1384.0,16,346.0,460.0,114.0,4.035087719298246,19.0,0.625,21.625,19.0,1,rolling,losing_streak_fitness,3_days,rep_2,32,4
test,2,22406,125287,125287,130699,4,14,1274,7.0,2,10,2,-1000.0,0,0.0,0.0,0.0,inf,0.0,0.0,0.0,0.0,0,rolling,losing_streak_fitness,3_days,rep_2,33,4
train,2,22406,125287,125287,130699,4,14,1274,7.0,2,10,2,1384.0,16,346.0,460.0,114.0,4.035087719298246,19.0,0.625,21.625,19.0,1,rolling,losing_streak_fitness,3_days,rep_2,33,4
test,2,22406,125287,125287,130699,4,14,1274,7.0,2,10,2,-1000.0,0,0.0,0.0,0.0,inf,0.0,0.0,0.0,0.0,0,rolling,losing_streak_fitness,3_days,rep_2,34,4
train,2,22406,125287,125287,130699,4,14,1274,7.0,2,10,2,1384.0,16,346.0,460.0,114.0,4.035087719298246,19.0,0.625,21.625,19.0,1,rolling,losing_streak_fitness,3_days,rep_2,34,4
test,2,22406,125287,125287,130699,4,14,1274,7.0,2,10,2,-1000.0,0,0.0,0.0,0.0,inf,0.0,0.0,0.0,0.0,0,rolling,losing_streak_fitness,3_days,rep_2,35,4
train,2,22406,125287,125287,130699,4,14,1274,7.0,2,10,2,1384.0,16,346.0,460.0,114.0,4.035087719298246,19.0,0.625,21.625,19.0,1,rolling,losing_streak_fitness,3_days,rep_2,35,4
test,2,22406,125287,125287,130699,4,14,1274,7.0,2,10,2,-1000.0,0,0.0,0.0,0.0,inf,0.0,0.0,0.0,0.0,0,rolling,losing_streak_fitness,3_days,rep_2,36,4
train,2,22406,125287,125287,130699,4,14,1274,7.0,2,10,2,1384.0,16,346.0,460.0,114.0,4.035087719298246,19.0,0.625,21.625,19.0,1,rolling,losing_streak_fitness,3_days,rep_2,36,4
test,2,22406,125287,125287,130699,4,14,1274,7.0,2,10,2,-1000.0,0,0.0,0.0,0.0,inf,0.0,0.0,0.0,0.0,0,rolling,losing_streak_fitness,3_days,rep_2,37,4
train,2,22406,125287,125287,130699,4,14,1274,7.0,2,10,2,1384.0,16,346.0,460.0,114.0,4.035087719298246,19.0,0.625,21.625,19.0,1,rolling,losing_streak_fitness,3_days,rep_2,37,4
test,2,22406,125287,125287,130699,4,14,1274,7.0,2,10,2,-1000.0,0,0.0,0.0,0.0,inf,0.0,0.0,0.0,0.0,0,rolling,losing_streak_fitness,3_days,rep_2,38,4
train,2,22406,125287,125287,130699,4,14,1274,7.0,2,10,2,1384.0,16,346.0,460.0,114.0,4.035087719298246,19.0,0.625,21.625,19.0,1,rolling,losing_streak_fitness,3_days,rep_2,38,4
test,2,22406,125287,125287,130699,4,14,1274,7.0,2,10,2,-1000.0,0,0.0,0.0,0.0,inf,0.0,0.0,0.0,0.0,0,rolling,losing_streak_fitness,3_days,rep_2,39,4
train,2,22406,125287,125287,130699,4,14,1274,7.0,2,10,2,1384.0,16,346.0,460.0,114.0,4.035087719298246,19.0,0.625,21.625,19.0,1,rolling,losing_streak_fitness,3_days,rep_2,39,4
test,2,22406,125287,125287,130699,4,14,1274,7.0,2,10,2,-1000.0,0,0.0,0.0,0.0,inf,0.0,0.0,0.0,0.0,0,rolling,losing_streak_fitness,3_days,rep_2,40,4
train,2,22406,125287,125287,130699,4,14,1274,7.0,2,10,2,1384.0,16,346.0,460.0,114.0,4.035087719298246,19.0,0.625,21.625,19.0,1,rolling,losing_streak_fitness,3_days,rep_2,40,4
test,2,22406,125287,125287,130699,4,14,1274,7.0,2,10,2,-1000.0,0,0.0,0.0,0.0,inf,0.0,0.0,0.0,0.0,0,rolling,losing_streak_fitness,3_days,rep_2,41,4
train,2,22406,125287,125287,130699,4,14,1274,7.0,2,10,2,1384.0,16,346.0,460.0,114.0,4.035087719298246,19.0,0.625,21.625,19.0,1,rolling,losing_streak_fitness,3_days,rep_2,41,4
test,2,22406,125287,125287,130699,4,14,1274,7.0,2,10,2,-1000.0,0,0.0,0.0,0.0,inf,0.0,0.0,0.0,0.0,0,rolling,losing_streak_fitness,3_days,rep_2,42,4
train,2,22406,125287,125287,130699,4,14,1274,7.0,2,10,2,1384.0,16,346.0,460.0,114.0,4.035087719298246,19.0,0.625,21.625,19.0,1,rolling,losing_streak_fitness,3_days,rep_2,42,4
test,2,22406,125287,125287,130699,4,14,1274,7.0,2,10,2,-1000.0,0,0.0,0.0,0.0,inf,0.0,0.0,0.0,0.0,0,rolling,losing_streak_fitness,3_days,rep_2,43,4
train,2,22406,125287,125287,130699,4,14,1274,7.0,2,10,2,1384.0,16,346.0,460.0,114.0,4.035087719298246,19.0,0.625,21.625,19.0,1,rolling,losing_streak_fitness,3_days,rep_2,43,4
test,2,22406,125287,125287,130699,4,14,1274,7.0,2,10,2,-1000.0,0,0.0,0.0,0.0,inf,0.0,0.0,0.0,0.0,0,rolling,losing_streak_fitness,3_days,rep_2,44,4
train,2,22406,125287,125287,130699,4,14,1274,7.0,2,10,2,1384.0,16,346.0,460.0,114.0,4.035087719298246,19.0,0.625,21.625,19.0,1,rolling,losing_streak_fitness,3_days,rep_2,44,4
test,2,22406,125287,125287,130699,4,14,1274,7.0,2,10,2,-1000.0,0,0.0,0.0,0.0,inf,0.0,0.0,0.0,0.0,0,rolling,losing_streak_fitness,3_days,rep_2,45,4
train,2,22406,125287,125287,130699,4,14,1274,7.0,2,10,2,1384.0,16,346.0,460.0,114.0,4.035087719298246,19.0,0.625,21.625,19.0,1,rolling,losing_streak_fitness,3_days,rep_2,45,4
test,2,22406,125287,125287,130699,4,14,1274,7.0,2,10,2,-1000.0,0,0.0,0.0,0.0,inf,0.0,0.0,0.0,0.0,0,rolling,losing_streak_fitness,3_days,rep_2,46,4
train,2,22406,125287,125287,130699,4,14,1274,7.0,2,10,2,1384.0,16,346.0,460.0,114.0,4.035087719298246,19.0,0.625,21.625,19.0,1,rolling,losing_streak_fitness,3_days,rep_2,46,4
test,2,22406,125287,125287,130699,4,14,1274,7.0,2,10,2,-1000.0,0,0.0,0.0,0.0,inf,0.0,0.0,0.0,0.0,0,rolling,losing_streak_fitness,3_days,rep_2,47,4
train,2,22406,125287,125287,130699,4,14,1274,7.0,2,10,2,1384.0,16,346.0,460.0,114.0,4.035087719298246,19.0,0.625,21.625,19.0,1,rolling,losing_streak_fitness,3_days,rep_2,47,4
test,2,22406,125287,125287,130699,4,14,1274,7.0,2,10,2,-1000.0,0,0.0,0.0,0.0,inf,0.0,0.0,0.0,0.0,0,rolling,losing_streak_fitness,3_days,rep_2,48,4
train,2,22406,125287,125287,130699,4,14,1274,7.0,2,10,2,1384.0,16,346.0,460.0,114.0,4.035087719298246,19.0,0.625,21.625,19.0,1,rolling,losing_streak_fitness,3_days,rep_2,48,4
test,2,22406,125287,125287,130699,4,14,1274,7.0,2,10,2,-1000.0,0,0.0,0.0,0.0,inf,0.0,0.0,0.0,0.0,0,rolling,losing_streak_fitness,3_days,rep_2,49,4
train,2,22406,125287,125287,130699,4,14,1274,7.0,2,10,2,1384.0,16,346.0,460.0,114.0,4.035087719298246,19.0,0.625,21.625,19.0,1,rolling,losing_streak_fitness,3_days,rep_2,49,4
test,2,22406,125287,125287,130699,4,14,1274,7.0,2,10,2,-1000.0,0,0.0,0.0,0.0,inf,0.0,0.0,0.0,0.0,0,rolling,losing_streak_fitness,3_days,rep_2,50,4
train,2,22406,125287,125287,130699,4,14,1274,7.0,2,10,2,1384.0,16,346.0,460.0,114.0,4.035087719298246,19.0,0.625,21.625,19.0,1,rolling,losing_streak_fitness,3_days,rep_2,50,4
test,2,22406,125287,125287,130699,4,14,1274,7.0,2,10,2,-1000.0,0,0.0,0.0,0.0,inf,0.0,0.0,0.0,0.0,0,rolling,losing_streak_fitness,3_days,rep_2,51,4
train,2,22406,125287,125287,130699,4,14,1274,7.0,2,10,2,1384.0,16,346.0,460.0,114.0,4.035087719298246,19.0,0.625,21.625,19.0,1,rolling,losing_streak_fitness,3_days,rep_2,51,4
test,2,22406,125287,125287,130699,4,14,1274,7.0,2,10,2,-1000.0,0,0.0,0.0,0.0,inf,0.0,0.0,0.0,0.0,0,rolling,losing_streak_fitness,3_days,rep_2,52,4
train,2,22406,125287,125287,130699,4,14,1274,7.0,2,10,2,1384.0,16,346.0,460.0,114.0,4.035087719298246,19.0,0.625,21.625,19.0,1,rolling,losing_streak_fitness,3_days,rep_2,52,4
test,2,22406,125287,125287,130699,4,14,1274,7.0,2,10,2,-1000.0,0,0.0,0.0,0.0,inf,0.0,0.0,0.0,0.0,0,rolling,losing_streak_fitness,3_days,rep_2,53,4
train,2,22406,125287,125287,130699,4,14,1274,7.0,2,10,2,1384.0,16,346.0,460.0,114.0,4.035087719298246,19.0,0.625,21.625,19.0,1,rolling,losing_streak_fitness,3_days,rep_2,53,4
test,2,22406,125287,125287,130699,4,14,1274,7.0,2,10,2,-1000.0,0,0.0,0.0,0.0,inf,0.0,0.0,0.0,0.0,0,rolling,losing_streak_fitness,3_days,rep_2,54,4
train,2,22406,125287,125287,130699,4,14,1274,7.0,2,10,2,1384.0,16,346.0,460.0,114.0,4.035087719298246,19.0,0.625,21.625,19.0,1,rolling,losing_streak_fitness,3_days,rep_2,54,4
test,2,22406,125287,125287,130699,4,14,1274,7.0,2,10,2,-1000.0,0,0.0,0.0,0.0,inf,0.0,0.0,0.0,0.0,0,rolling,losing_streak_fitness,3_days,rep_2,55,4
train,2,22406,125287,125287,130699,4,14,1274,7.0,2,10,2,1384.0,16,346.0,460.0,114.0,4.035087719298246,19.0,0.625,21.625,19.0,1,rolling,losing_streak_fitness,3_days,rep_2,55,4
test,2,22406,125287,125287,130699,4,14,1274,7.0,2,10,2,-1000.0,0,0.0,0.0,0.0,inf,0.0,0.0,0.0,0.0,0,rolling,losing_streak_fitness,3_days,rep_2,56,4
train,2,22406,125287,125287,130699,4,14,1274,7.0,2,10,2,1384.0,16,346.0,460.0,114.0,4.035087719298246,19.0,0.625,21.625,19.0,1,rolling,losing_streak_fitness,3_days,rep_2,56,4
test,2,22406,125287,125287,130699,4,14,1274,7.0,2,10,2,-1000.0,0,0.0,0.0,0.0,inf,0.0,0.0,0.0,0.0,0,rolling,losing_streak_fitness,3_days,rep_2,57,4
train,2,22406,125287,125287,130699,4,14,1274,7.0,2,10,2,1384.0,16,346.0,460.0,114.0,4.035087719298246,19.0,0.625,21.625,19.0,1,rolling,losing_streak_fitness,3_days,rep_2,57,4
test,2,22406,125287,125287,130699,4,14,1274,7.0,2,10,2,-1000.0,0,0.0,0.0,0.0,inf,0.0,0.0,0.0,0.0,0,rolling,losing_streak_fitness,3_days,rep_2,58,4
train,2,22406,125287,125287,130699,4,14,1274,7.0,2,10,2,1384.0,16,346.0,460.0,114.0,4.035087719298246,19.0,0.625,21.625,19.0,1,rolling,losing_streak_fitness,3_days,rep_2,58,4
test,2,22406,125287,125287,130699,4,14,1274,7.0,2,10,2,-1000.0,0,0.0,0.0,0.0,inf,0.0,0.0,0.0,0.0,0,rolling,losing_streak_fitness,3_days,rep_2,59,4
train,2,22406,125287,125287,130699,4,14,1274,7.0,2,10,2,1384.0,16,346.0,460.0,114.0,4.035087719298246,19.0,0.625,21.625,19.0,1,rolling,losing_streak_fitness,3_days,rep_2,59,4
test,2,22406,125287,125287,130699,4,14,1274,7.0,2,10,2,-1000.0,0,0.0,0.0,0.0,inf,0.0,0.0,0.0,0.0,0,rolling,losing_streak_fitness,3_days,rep_2,60,4
train,2,22406,125287,125287,130699,4,14,1274,7.0,2,10,2,1384.0,16,346.0,460.0,114.0,4.035087719298246,19.0,0.625,21.625,19.0,1,rolling,losing_streak_fitness,3_days,rep_2,60,4
test,2,22406,125287,125287,130699,4,14,1274,7.0,2,10,2,-1000.0,0,0.0,0.0,0.0,inf,0.0,0.0,0.0,0.0,0,rolling,losing_streak_fitness,3_days,rep_2,61,4
train,2,22406,125287,125287,130699,4,14,1274,7.0,2,10,2,1384.0,16,346.0,460.0,114.0,4.035087719298246,19.0,0.625,21.625,19.0,1,rolling,losing_streak_fitness,3_days,rep_2,61,4
test,2,22406,125287,125287,130699,4,14,1274,7.0,2,10,2,-1000.0,0,0.0,0.0,0.0,inf,0.0,0.0,0.0,0.0,0,rolling,losing_streak_fitness,3_days,rep_2,62,4
train,2,22406,125287,125287,130699,4,14,1274,7.0,2,10,2,1384.0,16,346.0,460.0,114.0,4.035087719298246,19.0,0.625,21.625,19.0,1,rolling,losing_streak_fitness,3_days,rep_2,62,4
test,2,22406,125287,125287,130699,4,14,1274,7.0,2,10,2,-1000.0,0,0.0,0.0,0.0,inf,0.0,0.0,0.0,0.0,0,rolling,losing_streak_fitness,3_days,rep_2,63,4
train,2,22406,125287,125287,130699,4,14,1274,7.0,2,10,2,1384.0,16,346.0,460.0,114.0,4.035087719298246,19.0,0.625,21.625,19.0,1,rolling,losing_streak_fitness,3_days,rep_2,63,4
test,2,22406,125287,125287,130699,4,14,1274,7.0,2,10,2,-1000.0,0,0.0,0.0,0.0,inf,0.0,0.0,0.0,0.0,0,rolling,losing_streak_fitness,3_days,rep_2,64,4
train,2,22406,125287,125287,130699,4,14,1274,7.0,2,10,2,1384.0,16,346.0,460.0,114.0,4.035087719298246,19.0,0.625,21.625,19.0,1,rolling,losing_streak_fitness,3_days,rep_2,64,4
test,2,22406,125287,125287,130699,4,14,1274,7.0,2,10,2,-1000.0,0,0.0,0.0,0.0,inf,0.0,0.0,0.0,0.0,0,rolling,losing_streak_fitness,3_days,rep_2,65,4
train,2,22406,125287,125287,130699,4,14,1274,7.0,2,10,2,1384.0,16,346.0,460.0,114.0,4.035087719298246,19.0,0.625,21.625,19.0,1,rolling,losing_streak_fitness,3_days,rep_2,65,4
test,2,22406,125287,125287,130699,4,14,1274,7.0,2,10,2,-1000.0,0,0.0,0.0,0.0,inf,0.0,0.0,0.0,0.0,0,rolling,losing_streak_fitness,3_days,rep_2,66,4
train,2,22406,125287,125287,130699,4,14,1274,7.0,2,10,2,1384.0,16,346.0,460.0,114.0,4.035087719298246,19.0,0.625,21.625,19.0,1,rolling,losing_streak_fitness,3_days,rep_2,66,4
test,2,22406,125287,125287,130699,4,14,1274,7.0,2,10,2,-1000.0,0,0.0,0.0,0.0,inf,0.0,0.0,0.0,0.0,0,rolling,losing_streak_fitness,3_days,rep_2,67,4
train,2,22406,125287,125287,130699,4,14,1274,7.0,2,10,2,1384.0,16,346.0,460.0,114.0,4.035087719298246,19.0,0.625,21.625,19.0,1,rolling,losing_streak_fitness,3_days,rep_2,67,4
test,2,22406,125287,125287,130699,4,14,1274,7.0,2,10,2,-1000.0,0,0.0,0.0,0.0,inf,0.0,0.0,0.0,0.0,0,rolling,losing_streak_fitness,3_days,rep_2,68,4
train,2,22406,125287,125287,130699,4,14,1274,7.0,2,10,2,1384.0,16,346.0,460.0,114.0,4.035087719298246,19.0,0.625,21.625,19.0,1,rolling,losing_streak_fitness,3_days,rep_2,68,4
test,2,22406,125287,125287,130699,4,14,1274,7.0,2,10,2,-1000.0,0,0.0,0.0,0.0,inf,0.0,0.0,0.0,0.0,0,rolling,losing_streak_fitness,3_days,rep_2,69,4
train,2,22406,125287,125287,130699,4,14,1274,7.0,2,10,2,1384.0,16,346.0,460.0,114.0,4.035087719298246,19.0,0.625,21.625,19.0,1,rolling,losing_streak_fitness,3_days,rep_2,69,4
test,2,22406,125287,125287,130699,4,14,1274,7.0,2,10,2,-1000.0,0,0.0,0.0,0.0,inf,0.0,0.0,0.0,0.0,0,rolling,losing_streak_fitness,3_days,rep_2,70,4
train,2,22406,125287,125287,130699,4,14,1274,7.0,2,10,2,1384.0,16,346.0,460.0,114.0,4.035087719298246,19.0,0.625,21.625,19.0,1,rolling,losing_streak_fitness,3_days,rep_2,70,4
test,2,22406,125287,125287,130699,4,14,1274,7.0,2,10,2,-1000.0,0,0.0,0.0,0.0,inf,0.0,0.0,0.0,0.0,0,rolling,losing_streak_fitness,3_days,rep_2,71,4
train,2,22406,125287,125287,130699,4,14,1274,7.0,2,10,2,1384.0,16,346.0,460.0,114.0,4.035087719298246,19.0,0.625,21.625,19.0,1,rolling,losing_streak_fitness,3_days,rep_2,71,4
test,2,22406,125287,125287,130699,4,14,1274,7.0,2,10,2,-1000.0,0,0.0,0.0,0.0,inf,0.0,0.0,0.0,0.0,0,rolling,losing_streak_fitness,3_days,rep_2,72,4
train,2,22406,125287,125287,130699,4,14,1274,7.0,2,10,2,1384.0,16,346.0,460.0,114.0,4.035087719298246,19.0,0.625,21.625,19.0,1,rolling,losing_streak_fitness,3_days,rep_2,72,4
test,2,22406,125287,125287,130699,4,14,1274,7.0,2,10,2,-1000.0,0,0.0,0.0,0.0,inf,0.0,0.0,0.0,0.0,0,rolling,losing_streak_fitness,3_days,rep_2,73,4
train,2,22406,125287,125287,130699,4,14,1274,7.0,2,10,2,1384.0,16,346.0,460.0,114.0,4.035087719298246,19.0,0.625,21.625,19.0,1,rolling,losing_streak_fitness,3_days,rep_2,73,4
test,2,22406,125287,125287,130699,4,14,1274,7.0,2,10,2,-1000.0,0,0.0,0.0,0.0,inf,0.0,0.0,0.0,0.0,0,rolling,losing_streak_fitness,3_days,rep_2,74,4
train,2,22406,125287,125287,130699,4,14,1274,7.0,2,10,2,1384.0,16,346.0,460.0,114.0,4.035087719298246,19.0,0.625,21.625,19.0,1,rolling,losing_streak_fitness,3_days,rep_2,74,4
test,2,22406,125287,125287,130699,4,14,1274,7.0,2,10,2,-1000.0,0,0.0,0.0,0.0,inf,0.0,0.0,0.0,0.0,0,rolling,losing_streak_fitness,3_days,rep_2,75,4
train,2,22406,125287,125287,130699,4,14,1274,7.0,2,10,2,1384.0,16,346.0,460.0,114.0,4.035087719298246,19.0,0.625,21.625,19.0,1,rolling,losing_streak_fitness,3_days,rep_2,75,4
test,2,22406,125287,125287,130699,4,14,1274,7.0,2,10,2,-1000.0,0,0.0,0.0,0.0,inf,0.0,0.0,0.0,0.0,0,rolling,losing_streak_fitness,3_days,rep_2,76,4
train,2,22406,125287,125287,130699,4,14,1274,7.0,2,10,2,1384.0,16,346.0,460.0,114.0,4.035087719298246,19.0,0.625,21.625,19.0,1,rolling,losing_streak_fitness,3_days,rep_2,76,4
test,2,22406,125287,125287,130699,4,14,1274,7.0,2,10,2,-1000.0,0,0.0,0.0,0.0,inf,0.0,0.0,0.0,0.0,0,rolling,losing_streak_fitness,3_days,rep_2,77,4
train,2,22406,125287,125287,130699,4,14,1274,7.0,2,10,2,1384.0,16,346.0,460.0,114.0,4.035087719298246,19.0,0.625,21.625,19.0,1,rolling,losing_streak_fitness,3_days,rep_2,77,4
test,2,22406,125287,125287,130699,4,14,1274,7.0,2,10,2,-1000.0,0,0.0,0.0,0.0,inf,0.0,0.0,0.0,0.0,0,rolling,losing_streak_fitness,3_days,rep_2,78,4
train,2,22406,125287,125287,130699,4,14,1274,7.0,2,10,2,1384.0,16,346.0,460.0,114.0,4.035087719298246,19.0,0.625,21.625,19.0,1,rolling,losing_streak_fitness,3_days,rep_2,78,4
test,2,22406,125287,125287,130699,4,14,1274,7.0,2,10,2,-1000.0,0,0.0,0.0,0.0,inf,0.0,0.0,0.0,0.0,0,rolling,losing_streak_fitness,3_days,rep_2,79,4
train,2,22406,125287,125287,130699,4,14,1274,7.0,2,10,2,1384.0,16,346.0,460.0,114.0,4.035087719298246,19.0,0.625,21.625,19.0,1,rolling,losing_streak_fitness,3_days,rep_2,79,4
test,2,22406,125287,125287,130699,4,14,1274,7.0,2,10,2,-1000.0,0,0.0,0.0,0.0,inf,0.0,0.0,0.0,0.0,0,rolling,losing_streak_fitness,3_days,rep_2,80,4
train,2,22406,125287,125287,130699,4,14,1274,7.0,2,10,2,1384.0,16,346.0,460.0,114.0,4.035087719298246,19.0,0.625,21.625,19.0,1,rolling,losing_streak_fitness,3_days,rep_2,80,4
test,2,22406,125287,125287,130699,4,14,1274,7.0,2,10,2,-1000.0,0,0.0,0.0,0.0,inf,0.0,0.0,0.0,0.0,0,rolling,losing_streak_fitness,3_days,rep_2,81,4
train,2,22406,125287,125287,130699,4,14,1274,7.0,2,10,2,1384.0,16,346.0,460.0,114.0,4.035087719298246,19.0,0.625,21.625,19.0,1,rolling,losing_streak_fitness,3_days,rep_2,81,4
test,2,22406,125287,125287,130699,4,14,1274,7.0,2,10,2,-1000.0,0,0.0,0.0,0.0,inf,0.0,0.0,0.0,0.0,0,rolling,losing_streak_fitness,3_days,rep_2,82,4
train,2,22406,125287,125287,130699,4,14,1274,7.0,2,10,2,1384.0,16,346.0,460.0,114.0,4.035087719298246,19.0,0.625,21.625,19.0,1,rolling,losing_streak_fitness,3_days,rep_2,82,4
test,2,22406,125287,125287,130699,4,14,1274,7.0,2,10,2,-1000.0,0,0.0,0.0,0.0,inf,0.0,0.0,0.0,0.0,0,rolling,losing_streak_fitness,3_days,rep_2,83,4
train,2,22406,125287,125287,130699,4,14,1274,7.0,2,10,2,1384.0,16,346.0,460.0,114.0,4.035087719298246,19.0,0.625,21.625,19.0,1,rolling,losing_streak_fitness,3_days,rep_2,83,4
test,2,22406,125287,125287,130699,4,14,1274,7.0,2,10,2,-1000.0,0,0.0,0.0,0.0,inf,0.0,0.0,0.0,0.0,0,rolling,losing_streak_fitness,3_days,rep_2,84,4
train,2,22406,125287,125287,130699,4,14,1274,7.0,2,10,2,1384.0,16,346.0,460.0,114.0,4.035087719298246,19.0,0.625,21.625,19.0,1,rolling,losing_streak_fitness,3_days,rep_2,84,4
test,2,22406,125287,125287,130699,4,14,1274,7.0,2,10,2,-1000.0,0,0.0,0.0,0.0,inf,0.0,0.0,0.0,0.0,0,rolling,losing_streak_fitness,3_days,rep_2,85,4
train,2,22406,125287,125287,130699,4,14,1274,7.0,2,10,2,1384.0,16,346.0,460.0,114.0,4.035087719298246,19.0,0.625,21.625,19.0,1,rolling,losing_streak_fitness,3_days,rep_2,85,4
test,2,22406,125287,125287,130699,4,14,1274,7.0,2,10,2,-1000.0,0,0.0,0.0,0.0,inf,0.0,0.0,0.0,0.0,0,rolling,losing_streak_fitness,3_days,rep_2,86,4
train,2,22406,125287,125287,130699,4,14,1274,7.0,2,10,2,1384.0,16,346.0,460.0,114.0,4.035087719298246,19.0,0.625,21.625,19.0,1,rolling,losing_streak_fitness,3_days,rep_2,86,4
test,2,22406,125287,125287,130699,4,14,1274,7.0,2,10,2,-1000.0,0,0.0,0.0,0.0,inf,0.0,0.0,0.0,0.0,0,rolling,losing_streak_fitness,3_days,rep_2,87,4
train,2,22406,125287,125287,130699,4,14,1274,7.0,2,10,2,1384.0,16,346.0,460.0,114.0,4.035087719298246,19.0,0.625,21.625,19.0,1,rolling,losing_streak_fitness,3_days,rep_2,87,4
test,2,22406,125287,125287,130699,4,14,1274,7.0,2,10,2,-1000.0,0,0.0,0.0,0.0,inf,0.0,0.0,0.0,0.0,0,rolling,losing_streak_fitness,3_days,rep_2,88,4
train,2,22406,125287,125287,130699,4,14,1274,7.0,2,10,2,1384.0,16,346.0,460.0,114.0,4.035087719298246,19.0,0.625,21.625,19.0,1,rolling,losing_streak_fitness,3_days,rep_2,88,4
test,2,22406,125287,125287,130699,4,14,1274,7.0,2,10,2,-1000.0,0,0.0,0.0,0.0,inf,0.0,0.0,0.0,0.0,0,rolling,losing_streak_fitness,3_days,rep_2,89,4
train,2,22406,125287,125287,130699,4,14,1274,7.0,2,10,2,1384.0,16,346.0,460.0,114.0,4.035087719298246,19.0,0.625,21.625,19.0,1,rolling,losing_streak_fitness,3_days,rep_2,89,4
test,2,22406,125287,125287,130699,4,14,1274,7.0,2,10,2,-1000.0,0,0.0,0.0,0.0,inf,0.0,0.0,0.0,0.0,0,rolling,losing_streak_fitness,3_days,rep_2,90,4
train,2,22406,125287,125287,130699,4,14,1274,7.0,2,10,2,1384.0,16,346.0,460.0,114.0,4.035087719298246,19.0,0.625,21.625,19.0,1,rolling,losing_streak_fitness,3_days,rep_2,90,4
test,2,22406,125287,125287,130699,4,14,1274,7.0,2,10,2,-1000.0,0,0.0,0.0,0.0,inf,0.0,0.0,0.0,0.0,0,rolling,losing_streak_fitness,3_days,rep_2,91,4
train,2,22406,125287,125287,130699,4,14,1274,7.0,2,10,2,1384.0,16,346.0,460.0,114.0,4.035087719298246,19.0,0.625,21.625,19.0,1,rolling,losing_streak_fitness,3_days,rep_2,91,4
test,2,22406,125287,125287,130699,4,14,1274,7.0,2,10,2,-1000.0,0,0.0,0.0,0.0,inf,0.0,0.0,0.0,0.0,0,rolling,losing_streak_fitness,3_days,rep_2,92,4
train,2,22406,125287,125287,130699,4,14,1274,7.0,2,10,2,1384.0,16,346.0,460.0,114.0,4.035087719298246,19.0,0.625,21.625,19.0,1,rolling,losing_streak_fitness,3_days,rep_2,92,4
test,2,22406,125287,125287,130699,4,14,1274,7.0,2,10,2,-1000.0,0,0.0,0.0,0.0,inf,0.0,0.0,0.0,0.0,0,rolling,losing_streak_fitness,3_days,rep_2,93,4
train,2,22406,125287,125287,130699,4,14,1274,7.0,2,10,2,1384.0,16,346.0,460.0,114.0,4.035087719298246,19.0,0.625,21.625,19.0,1,rolling,losing_streak_fitness,3_days,rep_2,93,4
test,2,22406,125287,125287,130699,4,14,1274,7.0,2,10,2,-1000.0,0,0.0,0.0,0.0,inf,0.0,0.0,0.0,0.0,0,rolling,losing_streak_fitness,3_days,rep_2,94,4
train,2,22406,125287,125287,130699,4,14,1274,7.0,2,10,2,1384.0,16,346.0,460.0,114.0,4.035087719298246,19.0,0.625,21.625,19.0,1,rolling,losing_streak_fitness,3_days,rep_2,94,4
test,2,22406,125287,125287,130699,4,14,1274,7.0,2,10,2,-1000.0,0,0.0,0.0,0.0,inf,0.0,0.0,0.0,0.0,0,rolling,losing_streak_fitness,3_days,rep_2,95,4
train,2,22406,125287,125287,130699,4,14,1274,7.0,2,10,2,1384.0,16,346.0,460.0,114.0,4.035087719298246,19.0,0.625,21.625,19.0,1,rolling,losing_streak_fitness,3_days,rep_2,95,4
test,2,22406,125287,125287,130699,4,14,1274,7.0,2,10,2,-1000.0,0,0.0,0.0,0.0,inf,0.0,0.0,0.0,0.0,0,rolling,losing_streak_fitness,3_days,rep_2,96,4
train,2,22406,125287,125287,130699,4,14,1274,7.0,2,10,2,1384.0,16,346.0,460.0,114.0,4.035087719298246,19.0,0.625,21.625,19.0,1,rolling,losing_streak_fitness,3_days,rep_2,96,4
test,2,22406,125287,125287,130699,4,14,1274,7.0,2,10,2,-1000.0,0,0.0,0.0,0.0,inf,0.0,0.0,0.0,0.0,0,rolling,losing_streak_fitness,3_days,rep_2,97,4
train,2,22406,125287,125287,130699,4,14,1274,7.0,2,10,2,1384.0,16,346.0,460.0,114.0,4.035087719298246,19.0,0.625,21.625,19.0,1,rolling,losing_streak_fitness,3_days,rep_2,97,4
test,2,22406,125287,125287,130699,4,14,1274,7.0,2,10,2,-1000.0,0,0.0,0.0,0.0,inf,0.0,0.0,0.0,0.0,0,rolling,losing_streak_fitness,3_days,rep_2,98,4
train,2,22406,125287,125287,130699,4,14,1274,7.0,2,10,2,1384.0,16,346.0,460.0,114.0,4.035087719298246,19.0,0.625,21.625,19.0,1,rolling,losing_streak_fitness,3_days,rep_2,98,4
test,2,22406,125287,125287,130699,4,14,1274,7.0,2,10,2,-1000.0,0,0.0,0.0,0.0,inf,0.0,0.0,0.0,0.0,0,rolling,losing_streak_fitness,3_days,rep_2,99,4
train,2,22406,125287,125287,130699,4,14,1274,7.0,2,10,2,1384.0,16,346.0,460.0,114.0,4.035087719298246,19.0,0.625,21.625,19.0,1,rolling,losing_streak_fitness,3_days,rep_2,99,4
test,2,22406,125287,125287,130699,4,14,1274,7.0,2,10,2,-1000.0,0,0.0,0.0,0.0,inf,0.0,0.0,0.0,0.0,0,rolling,losing_streak_fitness,3_days,rep_2,100,4
train,2,22406,125287,125287,130699,4,14,1274,7.0,2,10,2,1384.0,16,346.0,460.0,114.0,4.035087719298246,19.0,0.625,21.625,19.0,1,rolling,losing_streak_fitness,3_days,rep_2,100,4
test,1,0,86986,86986,125287,0,14,3904,6.5,4,16,13,-297.0,9,-66.0,304.0,370.0,0.8216216216216217,220.0,0.4444444444444444,-7.333333333333333,74.0,2,rolling,losing_streak_fitness,3_days,rep_3,0,0
train,1,0,86986,86986,125287,0,14,3904,6.5,4,16,13,178.88543819998318,5,80.0,228.0,148.0,1.5405405405405406,74.0,0.6,16.0,74.0,1,rolling,losing_streak_fitness,3_days,rep_3,0,0
test,1,0,86986,86986,125287,1,14,782,8.25,5,19,2,-127.455874717488,5,-95.0,0.0,95.0,0.0,95.0,0.0,-19.0,19.0,5,rolling,losing_streak_fitness,3_days,rep_3,1,1
train,1,0,86986,86986,125287,1,14,782,8.25,5,19,2,525.4759747124506,5,235.0,273.0,38.0,7.184210526315789,19.0,0.6,47.0,19.0,1,rolling,losing_streak_fitness,3_days,rep_3,1,1
test,1,0,86986,86986,125287,1,14,782,8.25,5,19,2,-127.455874717488,5,-95.0,0.0,95.0,0.0,95.0,0.0,-19.0,19.0,5,rolling,losing_streak_fitness,3_days,rep_3,2,1
train,1,0,86986,86986,125287,1,14,782,8.25,5,19,2,525.4759747124506,5,235.0,273.0,38.0,7.184210526315789,19.0,0.6,47.0,19.0,1,rolling,losing_streak_fitness,3_days,rep_3,2,1
test,1,0,86986,86986,125287,1,14,782,8.25,5,19,2,-127.455874717488,5,-95.0,0.0,95.0,0.0,95.0,0.0,-19.0,19.0,5,rolling,losing_streak_fitness,3_days,rep_3,3,1
train,1,0,86986,86986,125287,1,14,782,8.25,5,19,2,525.4759747124506,5,235.0,273.0,38.0,7.184210526315789,19.0,0.6,47.0,19.0,1,rolling,losing_streak_fitness,3_days,rep_3,3,1
test,1,0,86986,86986,125287,1,14,782,8.25,5,19,2,-127.455874717488,5,-95.0,0.0,95.0,0.0,95.0,0.0,-19.0,19.0,5,rolling,losing_streak_fitness,3_days,rep_3,4,1
train,1,0,86986,86986,125287,1,14,782,8.25,5,19,2,525.4759747124506,5,235.0,273.0,38.0,7.184210526315789,19.0,0.6,47.0,19.0,1,rolling,losing_streak_fitness,3_days,rep_3,4,1
test,1,0,86986,86986,125287,1,14,782,8.25,5,19,2,-127.455874717488,5,-95.0,0.0,95.0,0.0,95.0,0.0,-19.0,19.0,5,rolling,losing_streak_fitness,3_days,rep_3,5,1
train,1,0,86986,86986,125287,1,14,782,8.25,5,19,2,525.4759747124506,5,235.0,273.0,38.0,7.184210526315789,19.0,0.6,47.0,19.0,1,rolling,losing_streak_fitness,3_days,rep_3,5,1
test,1,0,86986,86986,125287,1,14,782,8.25,5,19,2,-127.455874717488,5,-95.0,0.0,95.0,0.0,95.0,0.0,-19.0,19.0,5,rolling,losing_streak_fitness,3_days,rep_3,6,1
train,1,0,86986,86986,125287,1,14,782,8.25,5,19,2,525.4759747124506,5,235.0,273.0,38.0,7.184210526315789,19.0,0.6,47.0,19.0,1,rolling,losing_streak_fitness,3_days,rep_3,6,1
test,1,0,86986,86986,125287,1,14,782,8.25,5,19,2,-127.455874717488,5,-95.0,0.0,95.0,0.0,95.0,0.0,-19.0,19.0,5,rolling,losing_streak_fitness,3_days,rep_3,7,1
train,1,0,86986,86986,125287,1,14,782,8.25,5,19,2,525.4759747124506,5,235.0,273.0,38.0,7.184210526315789,19.0,0.6,47.0,19.0,1,rolling,losing_streak_fitness,3_days,rep_3,7,1
test,1,0,86986,86986,125287,1,14,782,8.25,5,19,2,-127.455874717488,5,-95.0,0.0,95.0,0.0,95.0,0.0,-19.0,19.0,5,rolling,losing_streak_fitness,3_days,rep_3,8,1
train,1,0,86986,86986,125287,1,14,782,8.25,5,19,2,525.4759747124506,5,235.0,273.0,38.0,7.184210526315789,19.0,0.6,47.0,19.0,1,rolling,losing_streak_fitness,3_days,rep_3,8,1
test,1,0,86986,86986,125287,1,14,782,8.25,5,19,2,-127.455874717488,5,-95.0,0.0,95.0,0.0,95.0,0.0,-19.0,19.0,5,rolling,losing_streak_fitness,3_days,rep_3,9,1
train,1,0,86986,86986,125287,1,14,782,8.25,5,19,2,525.4759747124506,5,235.0,273.0,38.0,7.184210526315789,19.0,0.6,47.0,19.0,1,rolling,losing_streak_fitness,3_days,rep_3,9,1
test,1,0,86986,86986,125287,1,14,782,8.25,5,19,2,-127.455874717488,5,-95.0,0.0,95.0,0.0,95.0,0.0,-19.0,19.0,5,rolling,losing_streak_fitness,3_days,rep_3,10,1
train,1,0,86986,86986,125287,1,14,782,8.25,5,19,2,525.4759747124506,5,235.0,273.0,38.0,7.184210526315789,19.0,0.6,47.0,19.0,1,rolling,losing_streak_fitness,3_days,rep_3,10,1
test,1,0,86986,86986,125287,1,14,782,8.25,5,19,2,-127.455874717488,5,-95.0,0.0,95.0,0.0,95.0,0.0,-19.0,19.0,5,rolling,losing_streak_fitness,3_days,rep_3,11,1
train,1,0,86986,86986,125287,1,14,782,8.25,5,19,2,525.4759747124506,5,235.0,273.0,38.0,7.184210526315789,19.0,0.6,47.0,19.0,1,rolling,losing_streak_fitness,3_days,rep_3,11,1
test,1,0,86986,86986,125287,1,14,782,8.25,5,19,2,-127.455874717488,5,-95.0,0.0,95.0,0.0,95.0,0.0,-19.0,19.0,5,rolling,losing_streak_fitness,3_days,rep_3,12,1
train,1,0,86986,86986,125287,1,14,782,8.25,5,19,2,525.4759747124506,5,235.0,273.0,38.0,7.184210526315789,19.0,0.6,47.0,19.0,1,rolling,losing_streak_fitness,3_days,rep_3,12,1
test,1,0,86986,86986,125287,1,14,782,8.25,5,19,2,-127.455874717488,5,-95.0,0.0,95.0,0.0,95.0,0.0,-19.0,19.0,5,rolling,losing_streak_fitness,3_days,rep_3,13,1
train,1,0,86986,86986,125287,1,14,782,8.25,5,19,2,525.4759747124506,5,235.0,273.0,38.0,7.184210526315789,19.0,0.6,47.0,19.0,1,rolling,losing_streak_fitness,3_days,rep_3,13,1
test,1,0,86986,86986,125287,1,14,782,8.25,5,19,2,-127.455874717488,5,-95.0,0.0,95.0,0.0,95.0,0.0,-19.0,19.0,5,rolling,losing_streak_fitness,3_days,rep_3,14,1
train,1,0,86986,86986,125287,1,14,782,8.25,5,19,2,525.4759747124506,5,235.0,273.0,38.0,7.184210526315789,19.0,0.6,47.0,19.0,1,rolling,losing_streak_fitness,3_days,rep_3,14,1
test,1,0,86986,86986,125287,1,14,782,8.25,5,19,2,-127.455874717488,5,-95.0,0.0,95.0,0.0,95.0,0.0,-19.0,19.0,5,rolling,losing_streak_fitness,3_days,rep_3,15,1
train,1,0,86986,86986,125287,1,14,782,8.25,5,19,2,525.4759747124506,5,235.0,273.0,38.0,7.184210526315789,19.0,0.6,47.0,19.0,1,rolling,losing_streak_fitness,3_days,rep_3,15,1
test,1,0,86986,86986,125287,1,14,782,8.25,5,19,2,-127.455874717488,5,-95.0,0.0,95.0,0.0,95.0,0.0,-19.0,19.0,5,rolling,losing_streak_fitness,3_days,rep_3,16,1
train,1,0,86986,86986,125287,1,14,782,8.25,5,19,2,525.4759747124506,5,235.0,273.0,38.0,7.184210526315789,19.0,0.6,47.0,19.0,1,rolling,losing_streak_fitness,3_days,rep_3,16,1
test,1,0,86986,86986,125287,1,14,782,8.25,5,19,2,-127.455874717488,5,-95.0,0.0,95.0,0.0,95.0,0.0,-19.0,19.0,5,rolling,losing_streak_fitness,3_days,rep_3,17,1
train,1,0,86986,86986,125287,1,14,782,8.25,5,19,2,525.4759747124506,5,235.0,273.0,38.0,7.184210526315789,19.0,0.6,47.0,19.0,1,rolling,losing_streak_fitness,3_days,rep_3,17,1
test,1,0,86986,86986,125287,1,14,782,8.25,5,19,2,-127.455874717488,5,-95.0,0.0,95.0,0.0,95.0,0.0,-19.0,19.0,5,rolling,losing_streak_fitness,3_days,rep_3,18,1
train,1,0,86986,86986,125287,1,14,782,8.25,5,19,2,525.4759747124506,5,235.0,273.0,38.0,7.184210526315789,19.0,0.6,47.0,19.0,1,rolling,losing_streak_fitness,3_days,rep_3,18,1
test,1,0,86986,86986,125287,1,14,782,8.25,5,19,2,-127.455874717488,5,-95.0,0.0,95.0,0.0,95.0,0.0,-19.0,19.0,5,rolling,losing_streak_fitness,3_days,rep_3,19,1
train,1,0,86986,86986,125287,1,14,782,8.25,5,19,2,525.4759747124506,5,235.0,273.0,38.0,7.184210526315789,19.0,0.6,47.0,19.0,1,rolling,losing_streak_fitness,3_days,rep_3,19,1
test,1,0,86986,86986,125287,1,14,782,8.25,5,19,2,-127.455874717488,5,-95.0,0.0,95.0,0.0,95.0,0.0,-19.0,19.0,5,rolling,losing_streak_fitness,3_days,rep_3,20,1
train,1,0,86986,86986,125287,1,14,782,8.25,5,19,2,525.4759747124506,5,235.0,273.0,38.0,7.184210526315789,19.0,0.6,47.0,19.0,1,rolling,losing_streak_fitness,3_days,rep_3,20,1
test,1,0,86986,86986,125287,1,14,782,8.25,5,19,2,-127.455874717488,5,-95.0,0.0,95.0,0.0,95.0,0.0,-19.0,19.0,5,rolling,losing_streak_fitness,3_days,rep_3,21,1
train,1,0,86986,86986,125287,1,14,782,8.25,5,19,2,525.4759747124506,5,235.0,273.0,38.0,7.184210526315789,19.0,0.6,47.0,19.0,1,rolling,losing_streak_fitness,3_days,rep_3,21,1
test,1,0,86986,86986,125287,1,14,782,8.25,5,19,2,-127.455874717488,5,-95.0,0.0,95.0,0.0,95.0,0.0,-19.0,19.0,5,rolling,losing_streak_fitness,3_days,rep_3,22,1
train,1,0,86986,86986,125287,1,14,782,8.25,5,19,2,525.4759747124506,5,235.0,273.0,38.0,7.184210526315789,19.0,0.6,47.0,19.0,1,rolling,losing_streak_fitness,3_days,rep_3,22,1
test,1,0,86986,86986,125287,1,14,782,8.25,5,19,2,-127.455874717488,5,-95.0,0.0,95.0,0.0,95.0,0.0,-19.0,19.0,5,rolling,losing_streak_fitness,3_days,rep_3,23,1
train,1,0,86986,86986,125287,1,14,782,8.25,5,19,2,525.4759747124506,5,235.0,273.0,38.0,7.184210526315789,19.0,0.6,47.0,19.0,1,rolling,losing_streak_fitness,3_days,rep_3,23,1
test,1,0,86986,86986,125287,1,14,782,8.25,5,19,2,-127.455874717488,5,-95.0,0.0,95.0,0.0,95.0,0.0,-19.0,19.0,5,rolling,losing_streak_fitness,3_days,rep_3,24,1
train,1,0,86986,86986,125287,1,14,782,8.25,5,19,2,525.4759747124506,5,235.0,273.0,38.0,7.184210526315789,19.0,0.6,47.0,19.0,1,rolling,losing_streak_fitness,3_days,rep_3,24,1
test,1,0,86986,86986,125287,1,14,782,8.25,5,19,2,-127.455874717488,5,-95.0,0.0,95.0,0.0,95.0,0.0,-19.0,19.0,5,rolling,losing_streak_fitness,3_days,rep_3,25,1
train,1,0,86986,86986,125287,1,14,782,8.25,5,19,2,525.4759747124506,5,235.0,273.0,38.0,7.184210526315789,19.0,0.6,47.0,19.0,1,rolling,losing_streak_fitness,3_days,rep_3,25,1
test,1,0,86986,86986,125287,1,14,782,8.25,5,19,2,-127.455874717488,5,-95.0,0.0,95.0,0.0,95.0,0.0,-19.0,19.0,5,rolling,losing_streak_fitness,3_days,rep_3,26,1
train,1,0,86986,86986,125287,1,14,782,8.25,5,19,2,525.4759747124506,5,235.0,273.0,38.0,7.184210526315789,19.0,0.6,47.0,19.0,1,rolling,losing_streak_fitness,3_days,rep_3,26,1
test,1,0,86986,86986,125287,1,14,782,8.25,5,19,2,-127.455874717488,5,-95.0,0.0,95.0,0.0,95.0,0.0,-19.0,19.0,5,rolling,losing_streak_fitness,3_days,rep_3,27,1
train,1,0,86986,86986,125287,1,14,782,8.25,5,19,2,525.4759747124506,5,235.0,273.0,38.0,7.184210526315789,19.0,0.6,47.0,19.0,1,rolling,losing_streak_fitness,3_days,rep_3,27,1
test,1,0,86986,86986,125287,1,14,782,8.25,5,19,2,-127.455874717488,5,-95.0,0.0,95.0,0.0,95.0,0.0,-19.0,19.0,5,rolling,losing_streak_fitness,3_days,rep_3,28,1
train,1,0,86986,86986,125287,1,14,782,8.25,5,19,2,525.4759747124506,5,235.0,273.0,38.0,7.184210526315789,19.0,0.6,47.0,19.0,1,rolling,losing_streak_fitness,3_days,rep_3,28,1
test,1,0,86986,86986,125287,1,14,782,8.25,5,19,2,-127.455874717488,5,-95.0,0.0,95.0,0.0,95.0,0.0,-19.0,19.0,5,rolling,losing_streak_fitness,3_days,rep_3,29,1
train,1,0,86986,86986,125287,1,14,782,8.25,5,19,2,525.4759747124506,5,235.0,273.0,38.0,7.184210526315789,19.0,0.6,47.0,19.0,1,rolling,losing_streak_fitness,3_days,rep_3,29,1
test,1,0,86986,86986,125287,1,14,782,8.25,5,19,2,-127.455874717488,5,-95.0,0.0,95.0,0.0,95.0,0.0,-19.0,19.0,5,rolling,losing_streak_fitness,3_days,rep_3,30,1
train,1,0,86986,86986,125287,1,14,782,8.25,5,19,2,525.4759747124506,5,235.0,273.0,38.0,7.184210526315789,19.0,0.6,47.0,19.0,1,rolling,losing_streak_fitness,3_days,rep_3,30,1
test,1,0,86986,86986,125287,1,14,782,8.25,5,19,2,-127.455874717488,5,-95.0,0.0,95.0,0.0,95.0,0.0,-19.0,19.0,5,rolling,losing_streak_fitness,3_days,rep_3,31,1
train,1,0,86986,86986,125287,1,14,782,8.25,5,19,2,525.4759747124506,5,235.0,273.0,38.0,7.184210526315789,19.0,0.6,47.0,19.0,1,rolling,losing_streak_fitness,3_days,rep_3,31,1
test,1,0,86986,86986,125287,1,14,782,8.25,5,19,2,-127.455874717488,5,-95.0,0.0,95.0,0.0,95.0,0.0,-19.0,19.0,5,rolling,losing_streak_fitness,3_days,rep_3,32,1
train,1,0,86986,86986,125287,1,14,782,8.25,5,19,2,525.4759747124506,5,235.0,273.0,38.0,7.184210526315789,19.0,0.6,47.0,19.0,1,rolling,losing_streak_fitness,3_days,rep_3,32,1
test,1,0,86986,86986,125287,1,14,782,8.25,5,19,2,-127.455874717488,5,-95.0,0.0,95.0,0.0,95.0,0.0,-19.0,19.0,5,rolling,losing_streak_fitness,3_days,rep_3,33,1
train,1,0,86986,86986,125287,1,14,782,8.25,5,19,2,525.4759747124506,5,235.0,273.0,38.0,7.184210526315789,19.0,0.6,47.0,19.0,1,rolling,losing_streak_fitness,3_days,rep_3,33,1
test,1,0,86986,86986,125287,34,13,4000,6.5,7,19,2,221.35943621178652,10,140.0,273.0,133.0,2.0526315789473686,114.0,0.3,14.0,19.0,6,rolling,losing_streak_fitness,3_days,rep_3,34,34
train,1,0,86986,86986,125287,34,13,4000,6.5,7,19,2,529.0897844411664,6,216.0,273.0,57.0,4.789473684210527,19.0,0.5,36.0,19.0,1,rolling,losing_streak_fitness,3_days,rep_3,34,34
test,1,0,86986,86986,125287,34,13,4000,6.5,7,19,2,221.35943621178652,10,140.0,273.0,133.0,2.0526315789473686,114.0,0.3,14.0,19.0,6,rolling,losing_streak_fitness,3_days,rep_3,35,34
train,1,0,86986,86986,125287,34,13,4000,6.5,7,19,2,529.0897844411664,6,216.0,273.0,57.0,4.789473684210527,19.0,0.5,36.0,19.0,1,rolling,losing_streak_fitness,3_days,rep_3,35,34
test,1,0,86986,86986,125287,34,13,4000,6.5,7,19,2,221.35943621178652,10,140.0,273.0,133.0,2.0526315789473686,114.0,0.3,14.0,19.0,6,rolling,losing_streak_fitness,3_days,rep_3,36,34
train,1,0,86986,86986,125287,34,13,4000,6.5,7,19,2,529.0897844411664,6,216.0,273.0,57.0,4.789473684210527,19.0,0.5,36.0,19.0,1,rolling,losing_streak_fitness,3_days,rep_3,36,34
test,1,0,86986,86986,125287,34,13,4000,6.5,7,19,2,221.35943621178652,10,140.0,273.0,133.0,2.0526315789473686,114.0,0.3,14.0,19.0,6,rolling,losing_streak_fitness,3_days,rep_3,37,34
train,1,0,86986,86986,125287,34,13,4000,6.5,7,19,2,529.0897844411664,6,216.0,273.0,57.0,4.789473684210527,19.0,0.5,36.0,19.0,1,rolling,losing_streak_fitness,3_days,rep_3,37,34
test,1,0,86986,86986,125287,34,13,4000,6.5,7,19,2,221.35943621178652,10,140.0,273.0,133.0,2.0526315789473686,114.0,0.3,14.0,19.0,6,rolling,losing_streak_fitness,3_days,rep_3,38,34
train,1,0,86986,86986,125287,34,13,4000,6.5,7,19,2,529.0897844411664,6,216.0,273.0,57.0,4.789473684210527,19.0,0.5,36.0,19.0,1,rolling,losing_streak_fitness,3_days,rep_3,38,34
test,1,0,86986,86986,125287,34,13,4000,6.5,7,19,2,221.35943621178652,10,140.0,273.0,133.0,2.0526315789473686,114.0,0.3,14.0,19.0,6,rolling,losing_streak_fitness,3_days,rep_3,39,34
train,1,0,86986,86986,125287,34,13,4000,6.5,7,19,2,529.0897844411664,6,216.0,273.0,57.0,4.789473684210527,19.0,0.5,36.0,19.0,1,rolling,losing_streak_fitness,3_days,rep_3,39,34
test,1,0,86986,86986,125287,34,13,4000,6.5,7,19,2,221.35943621178652,10,140.0,273.0,133.0,2.0526315789473686,114.0,0.3,14.0,19.0,6,rolling,losing_streak_fitness,3_days,rep_3,40,34
train,1,0,86986,86986,125287,34,13,4000,6.5,7,19,2,529.0897844411664,6,216.0,273.0,57.0,4.789473684210527,19.0,0.5,36.0,19.0,1,rolling,losing_streak_fitness,3_days,rep_3,40,34
test,1,0,86986,86986,125287,34,13,4000,6.5,7,19,2,221.35943621178652,10,140.0,273.0,133.0,2.0526315789473686,114.0,0.3,14.0,19.0,6,rolling,losing_streak_fitness,3_days,rep_3,41,34
train,1,0,86986,86986,125287,34,13,4000,6.5,7,19,2,529.0897844411664,6,216.0,273.0,57.0,4.789473684210527,19.0,0.5,36.0,19.0,1,rolling,losing_streak_fitness,3_days,rep_3,41,34
test,1,0,86986,86986,125287,34,13,4000,6.5,7,19,2,221.35943621178652,10,140.0,273.0,133.0,2.0526315789473686,114.0,0.3,14.0,19.0,6,rolling,losing_streak_fitness,3_days,rep_3,42,34
train,1,0,86986,86986,125287,34,13,4000,6.5,7,19,2,529.0897844411664,6,216.0,273.0,57.0,4.789473684210527,19.0,0.5,36.0,19.0,1,rolling,losing_streak_fitness,3_days,rep_3,42,34
test,1,0,86986,86986,125287,34,13,4000,6.5,7,19,2,221.35943621178652,10,140.0,273.0,133.0,2.0526315789473686,114.0,0.3,14.0,19.0,6,rolling,losing_streak_fitness,3_days,rep_3,43,34
train,1,0,86986,86986,125287,34,13,4000,6.5,7,19,2,529.0897844411664,6,216.0,273.0,57.0,4.789473684210527,19.0,0.5,36.0,19.0,1,rolling,losing_streak_fitness,3_days,rep_3,43,34
test,1,0,86986,86986,125287,34,13,4000,6.5,7,19,2,221.35943621178652,10,140.0,273.0,133.0,2.0526315789473686,114.0,0.3,14.0,19.0,6,rolling,losing_streak_fitness,3_days,rep_3,44,34
train,1,0,86986,86986,125287,34,13,4000,6.5,7,19,2,529.0897844411664,6,216.0,273.0,57.0,4.789473684210527,19.0,0.5,36.0,19.0,1,rolling,losing_streak_fitness,3_days,rep_3,44,34
test,1,0,86986,86986,125287,34,13,4000,6.5,7,19,2,221.35943621178652,10,140.0,273.0,133.0,2.0526315789473686,114.0,0.3,14.0,19.0,6,rolling,losing_streak_fitness,3_days,rep_3,45,34
train,1,0,86986,86986,125287,34,13,4000,6.5,7,19,2,529.0897844411664,6,216.0,273.0,57.0,4.789473684210527,19.0,0.5,36.0,19.0,1,rolling,losing_streak_fitness,3_days,rep_3,45,34
test,1,0,86986,86986,125287,34,13,4000,6.5,7,19,2,221.35943621178652,10,140.0,273.0,133.0,2.0526315789473686,114.0,0.3,14.0,19.0,6,rolling,losing_streak_fitness,3_days,rep_3,46,34
train,1,0,86986,86986,125287,34,13,4000,6.5,7,19,2,529.0897844411664,6,216.0,273.0,57.0,4.789473684210527,19.0,0.5,36.0,19.0,1,rolling,losing_streak_fitness,3_days,rep_3,46,34
test,1,0,86986,86986,125287,34,13,4000,6.5,7,19,2,221.35943621178652,10,140.0,273.0,133.0,2.0526315789473686,114.0,0.3,14.0,19.0,6,rolling,losing_streak_fitness,3_days,rep_3,47,34
train,1,0,86986,86986,125287,34,13,4000,6.5,7,19,2,529.0897844411664,6,216.0,273.0,57.0,4.789473684210527,19.0,0.5,36.0,19.0,1,rolling,losing_streak_fitness,3_days,rep_3,47,34
test,1,0,86986,86986,125287,34,13,4000,6.5,7,19,2,221.35943621178652,10,140.0,273.0,133.0,2.0526315789473686,114.0,0.3,14.0,19.0,6,rolling,losing_streak_fitness,3_days,rep_3,48,34
train,1,0,86986,86986,125287,34,13,4000,6.5,7,19,2,529.0897844411664,6,216.0,273.0,57.0,4.789473684210527,19.0,0.5,36.0,19.0,1,rolling,losing_streak_fitness,3_days,rep_3,48,34
test,1,0,86986,86986,125287,34,13,4000,6.5,7,19,2,221.35943621178652,10,140.0,273.0,133.0,2.0526315789473686,114.0,0.3,14.0,19.0,6,rolling,losing_streak_fitness,3_days,rep_3,49,34
train,1,0,86986,86986,125287,34,13,4000,6.5,7,19,2,529.0897844411664,6,216.0,273.0,57.0,4.789473684210527,19.0,0.5,36.0,19.0,1,rolling,losing_streak_fitness,3_days,rep_3,49,34
test,1,0,86986,86986,125287,34,13,4000,6.5,7,19,2,221.35943621178652,10,140.0,273.0,133.0,2.0526315789473686,114.0,0.3,14.0,19.0,6,rolling,losing_streak_fitness,3_days,rep_3,50,34
train,1,0,86986,86986,125287,34,13,4000,6.5,7,19,2,529.0897844411664,6,216.0,273.0,57.0,4.789473684210527,19.0,0.5,36.0,19.0,1,rolling,losing_streak_fitness,3_days,rep_3,50,34
test,1,0,86986,86986,125287,34,13,4000,6.5,7,19,2,221.35943621178652,10,140.0,273.0,133.0,2.0526315789473686,114.0,0.3,14.0,19.0,6,rolling,losing_streak_fitness,3_days,rep_3,51,34
train,1,0,86986,86986,125287,34,13,4000,6.5,7,19,2,529.0897844411664,6,216.0,273.0,57.0,4.789473684210527,19.0,0.5,36.0,19.0,1,rolling,losing_streak_fitness,3_days,rep_3,51,34
test,1,0,86986,86986,125287,34,13,4000,6.5,7,19,2,221.35943621178652,10,140.0,273.0,133.0,2.0526315789473686,114.0,0.3,14.0,19.0,6,rolling,losing_streak_fitness,3_days,rep_3,52,34
train,1,0,86986,86986,125287,34,13,4000,6.5,7,19,2,529.0897844411664,6,216.0,273.0,57.0,4.789473684210527,19.0,0.5,36.0,19.0,1,rolling,losing_streak_fitness,3_days,rep_3,52,34
test,1,0,86986,86986,125287,34,13,4000,6.5,7,19,2,221.35943621178652,10,140.0,273.0,133.0,2.0526315789473686,114.0,0.3,14.0,19.0,6,rolling,losing_streak_fitness,3_days,rep_3,53,34
train,1,0,86986,86986,125287,34,13,4000,6.5,7,19,2,529.0897844411664,6,216.0,273.0,57.0,4.789473684210527,19.0,0.5,36.0,19.0,1,rolling,losing_streak_fitness,3_days,rep_3,53,34
test,1,0,86986,86986,125287,34,13,4000,6.5,7,19,2,221.35943621178652,10,140.0,273.0,133.0,2.0526315789473686,114.0,0.3,14.0,19.0,6,rolling,losing_streak_fitness,3_days,rep_3,54,34
train,1,0,86986,86986,125287,34,13,4000,6.5,7,19,2,529.0897844411664,6,216.0,273.0,57.0,4.789473684210527,19.0,0.5,36.0,19.0,1,rolling,losing_streak_fitness,3_days,rep_3,54,34
test,1,0,86986,86986,125287,34,13,4000,6.5,7,19,2,221.35943621178652,10,140.0,273.0,133.0,2.0526315789473686,114.0,0.3,14.0,19.0,6,rolling,losing_streak_fitness,3_days,rep_3,55,34
train,1,0,86986,86986,125287,34,13,4000,6.5,7,19,2,529.0897844411664,6,216.0,273.0,57.0,4.789473684210527,19.0,0.5,36.0,19.0,1,rolling,losing_streak_fitness,3_days,rep_3,55,34
test,1,0,86986,86986,125287,34,13,4000,6.5,7,19,2,221.35943621178652,10,140.0,273.0,133.0,2.0526315789473686,114.0,0.3,14.0,19.0,6,rolling,losing_streak_fitness,3_days,rep_3,56,34
train,1,0,86986,86986,125287,34,13,4000,6.5,7,19,2,529.0897844411664,6,216.0,273.0,57.0,4.789473684210527,19.0,0.5,36.0,19.0,1,rolling,losing_streak_fitness,3_days,rep_3,56,34
test,1,0,86986,86986,125287,34,13,4000,6.5,7,19,2,221.35943621178652,10,140.0,273.0,133.0,2.0526315789473686,114.0,0.3,14.0,19.0,6,rolling,losing_streak_fitness,3_days,rep_3,57,34
train,1,0,86986,86986,125287,34,13,4000,6.5,7,19,2,529.0897844411664,6,216.0,273.0,57.0,4.789473684210527,19.0,0.5,36.0,19.0,1,rolling,losing_streak_fitness,3_days,rep_3,57,34
test,1,0,86986,86986,125287,34,13,4000,6.5,7,19,2,221.35943621178652,10,140.0,273.0,133.0,2.0526315789473686,114.0,0.3,14.0,19.0,6,rolling,losing_streak_fitness,3_days,rep_3,58,34
train,1,0,86986,86986,125287,34,13,4000,6.5,7,19,2,529.0897844411664,6,216.0,273.0,57.0,4.789473684210527,19.0,0.5,36.0,19.0,1,rolling,losing_streak_fitness,3_days,rep_3,58,34
test,1,0,86986,86986,125287,34,13,4000,6.5,7,19,2,221.35943621178652,10,140.0,273.0,133.0,2.0526315789473686,114.0,0.3,14.0,19.0,6,rolling,losing_streak_fitness,3_days,rep_3,59,34
train,1,0,86986,86986,125287,34,13,4000,6.5,7,19,2,529.0897844411664,6,216.0,273.0,57.0,4.789473684210527,19.0,0.5,36.0,19.0,1,rolling,losing_streak_fitness,3_days,rep_3,59,34
test,1,0,86986,86986,125287,34,13,4000,6.5,7,19,2,221.35943621178652,10,140.0,273.0,133.0,2.0526315789473686,114.0,0.3,14.0,19.0,6,rolling,losing_streak_fitness,3_days,rep_3,60,34
train,1,0,86986,86986,125287,34,13,4000,6.5,7,19,2,529.0897844411664,6,216.0,273.0,57.0,4.789473684210527,19.0,0.5,36.0,19.0,1,rolling,losing_streak_fitness,3_days,rep_3,60,34
test,1,0,86986,86986,125287,34,13,4000,6.5,7,19,2,221.35943621178652,10,140.0,273.0,133.0,2.0526315789473686,114.0,0.3,14.0,19.0,6,rolling,losing_streak_fitness,3_days,rep_3,61,34
train,1,0,86986,86986,125287,34,13,4000,6.5,7,19,2,529.0897844411664,6,216.0,273.0,57.0,4.789473684210527,19.0,0.5,36.0,19.0,1,rolling,losing_streak_fitness,3_days,rep_3,61,34
test,1,0,86986,86986,125287,34,13,4000,6.5,7,19,2,221.35943621178652,10,140.0,273.0,133.0,2.0526315789473686,114.0,0.3,14.0,19.0,6,rolling,losing_streak_fitness,3_days,rep_3,62,34
train,1,0,86986,86986,125287,34,13,4000,6.5,7,19,2,529.0897844411664,6,216.0,273.0,57.0,4.789473684210527,19.0,0.5,36.0,19.0,1,rolling,losing_streak_fitness,3_days,rep_3,62,34
test,1,0,86986,86986,125287,34,13,4000,6.5,7,19,2,221.35943621178652,10,140.0,273.0,133.0,2.0526315789473686,114.0,0.3,14.0,19.0,6,rolling,losing_streak_fitness,3_days,rep_3,63,34
train,1,0,86986,86986,125287,34,13,4000,6.5,7,19,2,529.0897844411664,6,216.0,273.0,57.0,4.789473684210527,19.0,0.5,36.0,19.0,1,rolling,losing_streak_fitness,3_days,rep_3,63,34
test,1,0,86986,86986,125287,34,13,4000,6.5,7,19,2,221.35943621178652,10,140.0,273.0,133.0,2.0526315789473686,114.0,0.3,14.0,19.0,6,rolling,losing_streak_fitness,3_days,rep_3,64,34
train,1,0,86986,86986,125287,34,13,4000,6.5,7,19,2,529.0897844411664,6,216.0,273.0,57.0,4.789473684210527,19.0,0.5,36.0,19.0,1,rolling,losing_streak_fitness,3_days,rep_3,64,34
test,1,0,86986,86986,125287,34,13,4000,6.5,7,19,2,221.35943621178652,10,140.0,273.0,133.0,2.0526315789473686,114.0,0.3,14.0,19.0,6,rolling,losing_streak_fitness,3_days,rep_3,65,34
train,1,0,86986,86986,125287,34,13,4000,6.5,7,19,2,529.0897844411664,6,216.0,273.0,57.0,4.789473684210527,19.0,0.5,36.0,19.0,1,rolling,losing_streak_fitness,3_days,rep_3,65,34
test,1,0,86986,86986,125287,34,13,4000,6.5,7,19,2,221.35943621178652,10,140.0,273.0,133.0,2.0526315789473686,114.0,0.3,14.0,19.0,6,rolling,losing_streak_fitness,3_days,rep_3,66,34
train,1,0,86986,86986,125287,34,13,4000,6.5,7,19,2,529.0897844411664,6,216.0,273.0,57.0,4.789473684210527,19.0,0.5,36.0,19.0,1,rolling,losing_streak_fitness,3_days,rep_3,66,34
test,1,0,86986,86986,125287,34,13,4000,6.5,7,19,2,221.35943621178652,10,140.0,273.0,133.0,2.0526315789473686,114.0,0.3,14.0,19.0,6,rolling,losing_streak_fitness,3_days,rep_3,67,34
train,1,0,86986,86986,125287,34,13,4000,6.5,7,19,2,529.0897844411664,6,216.0,273.0,57.0,4.789473684210527,19.0,0.5,36.0,19.0,1,rolling,losing_streak_fitness,3_days,rep_3,67,34
test,1,0,86986,86986,125287,34,13,4000,6.5,7,19,2,221.35943621178652,10,140.0,273.0,133.0,2.0526315789473686,114.0,0.3,14.0,19.0,6,rolling,losing_streak_fitness,3_days,rep_3,68,34
train,1,0,86986,86986,125287,34,13,4000,6.5,7,19,2,529.0897844411664,6,216.0,273.0,57.0,4.789473684210527,19.0,0.5,36.0,19.0,1,rolling,losing_streak_fitness,3_days,rep_3,68,34
test,1,0,86986,86986,125287,34,13,4000,6.5,7,19,2,221.35943621178652,10,140.0,273.0,133.0,2.0526315789473686,114.0,0.3,14.0,19.0,6,rolling,losing_streak_fitness,3_days,rep_3,69,34
train,1,0,86986,86986,125287,34,13,4000,6.5,7,19,2,529.0897844411664,6,216.0,273.0,57.0,4.789473684210527,19.0,0.5,36.0,19.0,1,rolling,losing_streak_fitness,3_days,rep_3,69,34
test,1,0,86986,86986,125287,34,13,4000,6.5,7,19,2,221.35943621178652,10,140.0,273.0,133.0,2.0526315789473686,114.0,0.3,14.0,19.0,6,rolling,losing_streak_fitness,3_days,rep_3,70,34
train,1,0,86986,86986,125287,34,13,4000,6.5,7,19,2,529.0897844411664,6,216.0,273.0,57.0,4.789473684210527,19.0,0.5,36.0,19.0,1,rolling,losing_streak_fitness,3_days,rep_3,70,34
test,1,0,86986,86986,125287,34,13,4000,6.5,7,19,2,221.35943621178652,10,140.0,273.0,133.0,2.0526315789473686,114.0,0.3,14.0,19.0,6,rolling,losing_streak_fitness,3_days,rep_3,71,34
train,1,0,86986,86986,125287,34,13,4000,6.5,7,19,2,529.0897844411664,6,216.0,273.0,57.0,4.789473684210527,19.0,0.5,36.0,19.0,1,rolling,losing_streak_fitness,3_days,rep_3,71,34
test,1,0,86986,86986,125287,34,13,4000,6.5,7,19,2,221.35943621178652,10,140.0,273.0,133.0,2.0526315789473686,114.0,0.3,14.0,19.0,6,rolling,losing_streak_fitness,3_days,rep_3,72,34
train,1,0,86986,86986,125287,34,13,4000,6.5,7,19,2,529.0897844411664,6,216.0,273.0,57.0,4.789473684210527,19.0,0.5,36.0,19.0,1,rolling,losing_streak_fitness,3_days,rep_3,72,34
test,1,0,86986,86986,125287,34,13,4000,6.5,7,19,2,221.35943621178652,10,140.0,273.0,133.0,2.0526315789473686,114.0,0.3,14.0,19.0,6,rolling,losing_streak_fitness,3_days,rep_3,73,34
train,1,0,86986,86986,125287,34,13,4000,6.5,7,19,2,529.0897844411664,6,216.0,273.0,57.0,4.789473684210527,19.0,0.5,36.0,19.0,1,rolling,losing_streak_fitness,3_days,rep_3,73,34
test,1,0,86986,86986,125287,34,13,4000,6.5,7,19,2,221.35943621178652,10,140.0,273.0,133.0,2.0526315789473686,114.0,0.3,14.0,19.0,6,rolling,losing_streak_fitness,3_days,rep_3,74,34
train,1,0,86986,86986,125287,34,13,4000,6.5,7,19,2,529.0897844411664,6,216.0,273.0,57.0,4.789473684210527,19.0,0.5,36.0,19.0,1,rolling,losing_streak_fitness,3_days,rep_3,74,34
test,1,0,86986,86986,125287,34,13,4000,6.5,7,19,2,221.35943621178652,10,140.0,273.0,133.0,2.0526315789473686,114.0,0.3,14.0,19.0,6,rolling,losing_streak_fitness,3_days,rep_3,75,34
train,1,0,86986,86986,125287,34,13,4000,6.5,7,19,2,529.0897844411664,6,216.0,273.0,57.0,4.789473684210527,19.0,0.5,36.0,19.0,1,rolling,losing_streak_fitness,3_days,rep_3,75,34
test,1,0,86986,86986,125287,34,13,4000,6.5,7,19,2,221.35943621178652,10,140.0,273.0,133.0,2.0526315789473686,114.0,0.3,14.0,19.0,6,rolling,losing_streak_fitness,3_days,rep_3,76,34
train,1,0,86986,86986,125287,34,13,4000,6.5,7,19,2,529.0897844411664,6,216.0,273.0,57.0,4.789473684210527,19.0,0.5,36.0,19.0,1,rolling,losing_streak_fitness,3_days,rep_3,76,34
test,1,0,86986,86986,125287,34,13,4000,6.5,7,19,2,221.35943621178652,10,140.0,273.0,133.0,2.0526315789473686,114.0,0.3,14.0,19.0,6,rolling,losing_streak_fitness,3_days,rep_3,77,34
train,1,0,86986,86986,125287,34,13,4000,6.5,7,19,2,529.0897844411664,6,216.0,273.0,57.0,4.789473684210527,19.0,0.5,36.0,19.0,1,rolling,losing_streak_fitness,3_days,rep_3,77,34
test,1,0,86986,86986,125287,34,13,4000,6.5,7,19,2,221.35943621178652,10,140.0,273.0,133.0,2.0526315789473686,114.0,0.3,14.0,19.0,6,rolling,losing_streak_fitness,3_days,rep_3,78,34
train,1,0,86986,86986,125287,34,13,4000,6.5,7,19,2,529.0897844411664,6,216.0,273.0,57.0,4.789473684210527,19.0,0.5,36.0,19.0,1,rolling,losing_streak_fitness,3_days,rep_3,78,34
test,1,0,86986,86986,125287,34,13,4000,6.5,7,19,2,221.35943621178652,10,140.0,273.0,133.0,2.0526315789473686,114.0,0.3,14.0,19.0,6,rolling,losing_streak_fitness,3_days,rep_3,79,34
train,1,0,86986,86986,125287,34,13,4000,6.5,7,19,2,529.0897844411664,6,216.0,273.0,57.0,4.789473684210527,19.0,0.5,36.0,19.0,1,rolling,losing_streak_fitness,3_days,rep_3,79,34
test,1,0,86986,86986,125287,34,13,4000,6.5,7,19,2,221.35943621178652,10,140.0,273.0,133.0,2.0526315789473686,114.0,0.3,14.0,19.0,6,rolling,losing_streak_fitness,3_days,rep_3,80,34
train,1,0,86986,86986,125287,34,13,4000,6.5,7,19,2,529.0897844411664,6,216.0,273.0,57.0,4.789473684210527,19.0,0.5,36.0,19.0,1,rolling,losing_streak_fitness,3_days,rep_3,80,34
test,1,0,86986,86986,125287,34,13,4000,6.5,7,19,2,221.35943621178652,10,140.0,273.0,133.0,2.0526315789473686,114.0,0.3,14.0,19.0,6,rolling,losing_streak_fitness,3_days,rep_3,81,34
train,1,0,86986,86986,125287,34,13,4000,6.5,7,19,2,529.0897844411664,6,216.0,273.0,57.0,4.789473684210527,19.0,0.5,36.0,19.0,1,rolling,losing_streak_fitness,3_days,rep_3,81,34
test,1,0,86986,86986,125287,34,13,4000,6.5,7,19,2,221.35943621178652,10,140.0,273.0,133.0,2.0526315789473686,114.0,0.3,14.0,19.0,6,rolling,losing_streak_fitness,3_days,rep_3,82,34
train,1,0,86986,86986,125287,34,13,4000,6.5,7,19,2,529.0897844411664,6,216.0,273.0,57.0,4.789473684210527,19.0,0.5,36.0,19.0,1,rolling,losing_streak_fitness,3_days,rep_3,82,34
test,1,0,86986,86986,125287,34,13,4000,6.5,7,19,2,221.35943621178652,10,140.0,273.0,133.0,2.0526315789473686,114.0,0.3,14.0,19.0,6,rolling,losing_streak_fitness,3_days,rep_3,83,34
train,1,0,86986,86986,125287,34,13,4000,6.5,7,19,2,529.0897844411664,6,216.0,273.0,57.0,4.789473684210527,19.0,0.5,36.0,19.0,1,rolling,losing_streak_fitness,3_days,rep_3,83,34
test,1,0,86986,86986,125287,34,13,4000,6.5,7,19,2,221.35943621178652,10,140.0,273.0,133.0,2.0526315789473686,114.0,0.3,14.0,19.0,6,rolling,losing_streak_fitness,3_days,rep_3,84,34
train,1,0,86986,86986,125287,34,13,4000,6.5,7,19,2,529.0897844411664,6,216.0,273.0,57.0,4.789473684210527,19.0,0.5,36.0,19.0,1,rolling,losing_streak_fitness,3_days,rep_3,84,34
test,1,0,86986,86986,125287,34,13,4000,6.5,7,19,2,221.35943621178652,10,140.0,273.0,133.0,2.0526315789473686,114.0,0.3,14.0,19.0,6,rolling,losing_streak_fitness,3_days,rep_3,85,34
train,1,0,86986,86986,125287,34,13,4000,6.5,7,19,2,529.0897844411664,6,216.0,273.0,57.0,4.789473684210527,19.0,0.5,36.0,19.0,1,rolling,losing_streak_fitness,3_days,rep_3,85,34
test,1,0,86986,86986,125287,34,13,4000,6.5,7,19,2,221.35943621178652,10,140.0,273.0,133.0,2.0526315789473686,114.0,0.3,14.0,19.0,6,rolling,losing_streak_fitness,3_days,rep_3,86,34
train,1,0,86986,86986,125287,34,13,4000,6.5,7,19,2,529.0897844411664,6,216.0,273.0,57.0,4.789473684210527,19.0,0.5,36.0,19.0,1,rolling,losing_streak_fitness,3_days,rep_3,86,34
test,1,0,86986,86986,125287,34,13,4000,6.5,7,19,2,221.35943621178652,10,140.0,273.0,133.0,2.0526315789473686,114.0,0.3,14.0,19.0,6,rolling,losing_streak_fitness,3_days,rep_3,87,34
train,1,0,86986,86986,125287,34,13,4000,6.5,7,19,2,529.0897844411664,6,216.0,273.0,57.0,4.789473684210527,19.0,0.5,36.0,19.0,1,rolling,losing_streak_fitness,3_days,rep_3,87,34
test,1,0,86986,86986,125287,34,13,4000,6.5,7,19,2,221.35943621178652,10,140.0,273.0,133.0,2.0526315789473686,114.0,0.3,14.0,19.0,6,rolling,losing_streak_fitness,3_days,rep_3,88,34
train,1,0,86986,86986,125287,34,13,4000,6.5,7,19,2,529.0897844411664,6,216.0,273.0,57.0,4.789473684210527,19.0,0.5,36.0,19.0,1,rolling,losing_streak_fitness,3_days,rep_3,88,34
test,1,0,86986,86986,125287,34,13,4000,6.5,7,19,2,221.35943621178652,10,140.0,273.0,133.0,2.0526315789473686,114.0,0.3,14.0,19.0,6,rolling,losing_streak_fitness,3_days,rep_3,89,34
train,1,0,86986,86986,125287,34,13,4000,6.5,7,19,2,529.0897844411664,6,216.0,273.0,57.0,4.789473684210527,19.0,0.5,36.0,19.0,1,rolling,losing_streak_fitness,3_days,rep_3,89,34
test,1,0,86986,86986,125287,34,13,4000,6.5,7,19,2,221.35943621178652,10,140.0,273.0,133.0,2.0526315789473686,114.0,0.3,14.0,19.0,6,rolling,losing_streak_fitness,3_days,rep_3,90,34
train,1,0,86986,86986,125287,34,13,4000,6.5,7,19,2,529.0897844411664,6,216.0,273.0,57.0,4.789473684210527,19.0,0.5,36.0,19.0,1,rolling,losing_streak_fitness,3_days,rep_3,90,34
test,1,0,86986,86986,125287,34,13,4000,6.5,7,19,2,221.35943621178652,10,140.0,273.0,133.0,2.0526315789473686,114.0,0.3,14.0,19.0,6,rolling,losing_streak_fitness,3_days,rep_3,91,34
train,1,0,86986,86986,125287,34,13,4000,6.5,7,19,2,529.0897844411664,6,216.0,273.0,57.0,4.789473684210527,19.0,0.5,36.0,19.0,1,rolling,losing_streak_fitness,3_days,rep_3,91,34
test,1,0,86986,86986,125287,34,13,4000,6.5,7,19,2,221.35943621178652,10,140.0,273.0,133.0,2.0526315789473686,114.0,0.3,14.0,19.0,6,rolling,losing_streak_fitness,3_days,rep_3,92,34
train,1,0,86986,86986,125287,34,13,4000,6.5,7,19,2,529.0897844411664,6,216.0,273.0,57.0,4.789473684210527,19.0,0.5,36.0,19.0,1,rolling,losing_streak_fitness,3_days,rep_3,92,34
test,1,0,86986,86986,125287,34,13,4000,6.5,7,19,2,221.35943621178652,10,140.0,273.0,133.0,2.0526315789473686,114.0,0.3,14.0,19.0,6,rolling,losing_streak_fitness,3_days,rep_3,93,34
train,1,0,86986,86986,125287,34,13,4000,6.5,7,19,2,529.0897844411664,6,216.0,273.0,57.0,4.789473684210527,19.0,0.5,36.0,19.0,1,rolling,losing_streak_fitness,3_days,rep_3,93,34
test,1,0,86986,86986,125287,34,13,4000,6.5,7,19,2,221.35943621178652,10,140.0,273.0,133.0,2.0526315789473686,114.0,0.3,14.0,19.0,6,rolling,losing_streak_fitness,3_days,rep_3,94,34
train,1,0,86986,86986,125287,34,13,4000,6.5,7,19,2,529.0897844411664,6,216.0,273.0,57.0,4.789473684210527,19.0,0.5,36.0,19.0,1,rolling,losing_streak_fitness,3_days,rep_3,94,34
test,1,0,86986,86986,125287,34,13,4000,6.5,7,19,2,221.35943621178652,10,140.0,273.0,133.0,2.0526315789473686,114.0,0.3,14.0,19.0,6,rolling,losing_streak_fitness,3_days,rep_3,95,34
train,1,0,86986,86986,125287,34,13,4000,6.5,7,19,2,529.0897844411664,6,216.0,273.0,57.0,4.789473684210527,19.0,0.5,36.0,19.0,1,rolling,losing_streak_fitness,3_days,rep_3,95,34
test,1,0,86986,86986,125287,34,13,4000,6.5,7,19,2,221.35943621178652,10,140.0,273.0,133.0,2.0526315789473686,114.0,0.3,14.0,19.0,6,rolling,losing_streak_fitness,3_days,rep_3,96,34
train,1,0,86986,86986,125287,34,13,4000,6.5,7,19,2,529.0897844411664,6,216.0,273.0,57.0,4.789473684210527,19.0,0.5,36.0,19.0,1,rolling,losing_streak_fitness,3_days,rep_3,96,34
test,1,0,86986,86986,125287,34,13,4000,6.5,7,19,2,221.35943621178652,10,140.0,273.0,133.0,2.0526315789473686,114.0,0.3,14.0,19.0,6,rolling,losing_streak_fitness,3_days,rep_3,97,34
train,1,0,86986,86986,125287,34,13,4000,6.5,7,19,2,529.0897844411664,6,216.0,273.0,57.0,4.789473684210527,19.0,0.5,36.0,19.0,1,rolling,losing_streak_fitness,3_days,rep_3,97,34
test,1,0,86986,86986,125287,34,13,4000,6.5,7,19,2,221.35943621178652,10,140.0,273.0,133.0,2.0526315789473686,114.0,0.3,14.0,19.0,6,rolling,losing_streak_fitness,3_days,rep_3,98,34
train,1,0,86986,86986,125287,34,13,4000,6.5,7,19,2,529.0897844411664,6,216.0,273.0,57.0,4.789473684210527,19.0,0.5,36.0,19.0,1,rolling,losing_streak_fitness,3_days,rep_3,98,34
test,1,0,86986,86986,125287,34,13,4000,6.5,7,19,2,221.35943621178652,10,140.0,273.0,133.0,2.0526315789473686,114.0,0.3,14.0,19.0,6,rolling,losing_streak_fitness,3_days,rep_3,99,34
train,1,0,86986,86986,125287,34,13,4000,6.5,7,19,2,529.0897844411664,6,216.0,273.0,57.0,4.789473684210527,19.0,0.5,36.0,19.0,1,rolling,losing_streak_fitness,3_days,rep_3,99,34
test,1,0,86986,86986,125287,34,13,4000,6.5,7,19,2,221.35943621178652,10,140.0,273.0,133.0,2.0526315789473686,114.0,0.3,14.0,19.0,6,rolling,losing_streak_fitness,3_days,rep_3,100,34
train,1,0,86986,86986,125287,34,13,4000,6.5,7,19,2,529.0897844411664,6,216.0,273.0,57.0,4.789473684210527,19.0,0.5,36.0,19.0,1,rolling,losing_streak_fitness,3_days,rep_3,100,34
test,2,22406,125287,125287,130699,0,14,2169,4.5,10,8,5,-1000.0,0,0.0,0.0,0.0,inf,0.0,0.0,0.0,0.0,0,rolling,losing_streak_fitness,3_days,rep_3,0,0
train,2,22406,125287,125287,130699,0,14,2169,4.5,10,8,5,367.93341788970463,15,190.0,360.0,170.0,2.117647058823529,68.0,0.6666666666666666,12.666666666666666,34.0,2,rolling,losing_streak_fitness,3_days,rep_3,0,0
test,2,22406,125287,125287,130699,0,14,2169,4.5,10,8,5,-1000.0,0,0.0,0.0,0.0,inf,0.0,0.0,0.0,0.0,0,rolling,losing_streak_fitness,3_days,rep_3,1,0
train,2,22406,125287,125287,130699,0,14,2169,4.5,10,8,5,367.93341788970463,15,190.0,360.0,170.0,2.117647058823529,68.0,0.6666666666666666,12.666666666666666,34.0,2,rolling,losing_streak_fitness,3_days,rep_3,1,0
test,2,22406,125287,125287,130699,0,14,2169,4.5,10,8,5,-1000.0,0,0.0,0.0,0.0,inf,0.0,0.0,0.0,0.0,0,rolling,losing_streak_fitness,3_days,rep_3,2,0
train,2,22406,125287,125287,130699,0,14,2169,4.5,10,8,5,367.93341788970463,15,190.0,360.0,170.0,2.117647058823529,68.0,0.6666666666666666,12.666666666666666,34.0,2,rolling,losing_streak_fitness,3_days,rep_3,2,0
test,2,22406,125287,125287,130699,3,14,2400,4.5,7,16,4,-1000.0,0,0.0,0.0,0.0,inf,0.0,0.0,0.0,0.0,0,rolling,losing_streak_fitness,3_days,rep_3,3,3
train,2,22406,125287,125287,130699,3,14,2400,4.5,7,16,4,615.5026401243133,14,329.0,532.0,203.0,2.6206896551724137,58.0,0.5,23.5,29.0,2,rolling,losing_streak_fitness,3_days,rep_3,3,3
test,2,22406,125287,125287,130699,3,14,2400,4.5,7,16,4,-1000.0,0,0.0,0.0,0.0,inf,0.0,0.0,0.0,0.0,0,rolling,losing_streak_fitness,3_days,rep_3,4,3
train,2,22406,125287,125287,130699,3,14,2400,4.5,7,16,4,615.5026401243133,14,329.0,532.0,203.0,2.6206896551724137,58.0,0.5,23.5,29.0,2,rolling,losing_streak_fitness,3_days,rep_3,4,3
test,2,22406,125287,125287,130699,5,14,3906,4.0,7,10,5,-1000.0,0,0.0,0.0,0.0,inf,0.0,0.0,0.0,0.0,0,rolling,losing_streak_fitness,3_days,rep_3,5,5
train,2,22406,125287,125287,130699,5,14,3906,4.0,7,10,5,1024.0,16,256.0,460.0,204.0,2.2549019607843137,34.0,0.625,16.0,34.0,1,rolling,losing_streak_fitness,3_days,rep_3,5,5
test,2,22406,125287,125287,130699,5,14,3906,4.0,7,10,5,-1000.0,0,0.0,0.0,0.0,inf,0.0,0.0,0.0,0.0,0,rolling,losing_streak_fitness,3_days,rep_3,6,5
train,2,22406,125287,125287,130699,5,14,3906,4.0,7,10,5,1024.0,16,256.0,460.0,204.0,2.2549019607843137,34.0,0.625,16.0,34.0,1,rolling,losing_streak_fitness,3_days,rep_3,6,5
test,2,22406,125287,125287,130699,5,14,3906,4.0,7,10,5,-1000.0,0,0.0,0.0,0.0,inf,0.0,0.0,0.0,0.0,0,rolling,losing_streak_fitness,3_days,rep_3,7,5
train,2,22406,125287,125287,130699,5,14,3906,4.0,7,10,5,1024.0,16,256.0,460.0,204.0,2.2549019607843137,34.0,0.625,16.0,34.0,1,rolling,losing_streak_fitness,3_days,rep_3,7,5
test,2,22406,125287,125287,130699,8,14,2400,4.75,6,10,2,-1000.0,0,0.0,0.0,0.0,inf,0.0,0.0,0.0,0.0,0,rolling,losing_streak_fitness,3_days,rep_3,8,8
train,2,22406,125287,125287,130699,8,14,2400,4.75,6,10,2,1384.0,16,346.0,460.0,114.0,4.035087719298246,19.0,0.625,21.625,19.0,1,rolling,losing_streak_fitness,3_days,rep_3,8,8
test,2,22406,125287,125287,130699,8,14,2400,4.75,6,10,2,-1000.0,0,0.0,0.0,0.0,inf,0.0,0.0,0.0,0.0,0,rolling,losing_streak_fitness,3_days,rep_3,9,8
train,2,22406,125287,125287,130699,8,14,2400,4.75,6,10,2,1384.0,16,346.0,460.0,114.0,4.035087719298246,19.0,0.625,21.625,19.0,1,rolling,losing_streak_fitness,3_days,rep_3,9,8
test,2,22406,125287,125287,130699,8,14,2400,4.75,6,10,2,-1000.0,0,0.0,0.0,0.0,inf,0.0,0.0,0.0,0.0,0,rolling,losing_streak_fitness,3_days,rep_3,10,8
train,2,22406,125287,125287,130699,8,14,2400,4.75,6,10,2,1384.0,16,346.0,460.0,114.0,4.035087719298246,19.0,0.625,21.625,19.0,1,rolling,losing_streak_fitness,3_days,rep_3,10,8
test,2,22406,125287,125287,130699,8,14,2400,4.75,6,10,2,-1000.0,0,0.0,0.0,0.0,inf,0.0,0.0,0.0,0.0,0,rolling,losing_streak_fitness,3_days,rep_3,11,8
train,2,22406,125287,125287,130699,8,14,2400,4.75,6,10,2,1384.0,16,346.0,460.0,114.0,4.035087719298246,19.0,0.625,21.625,19.0,1,rolling,losing_streak_fitness,3_days,rep_3,11,8
test,2,22406,125287,125287,130699,8,14,2400,4.75,6,10,2,-1000.0,0,0.0,0.0,0.0,inf,0.0,0.0,0.0,0.0,0,rolling,losing_streak_fitness,3_days,rep_3,12,8
train,2,22406,125287,125287,130699,8,14,2400,4.75,6,10,2,1384.0,16,346.0,460.0,114.0,4.035087719298246,19.0,0.625,21.625,19.0,1,rolling,losing_streak_fitness,3_days,rep_3,12,8
test,2,22406,125287,125287,130699,8,14,2400,4.75,6,10,2,-1000.0,0,0.0,0.0,0.0,inf,0.0,0.0,0.0,0.0,0,rolling,losing_streak_fitness,3_days,rep_3,13,8
train,2,22406,125287,125287,130699,8,14,2400,4.75,6,10,2,1384.0,16,346.0,460.0,114.0,4.035087719298246,19.0,0.625,21.625,19.0,1,rolling,losing_streak_fitness,3_days,rep_3,13,8
test,2,22406,125287,125287,130699,8,14,2400,4.75,6,10,2,-1000.0,0,0.0,0.0,0.0,inf,0.0,0.0,0.0,0.0,0,rolling,losing_streak_fitness,3_days,rep_3,14,8
train,2,22406,125287,125287,130699,8,14,2400,4.75,6,10,2,1384.0,16,346.0,460.0,114.0,4.035087719298246,19.0,0.625,21.625,19.0,1,rolling,losing_streak_fitness,3_days,rep_3,14,8
test,2,22406,125287,125287,130699,8,14,2400,4.75,6,10,2,-1000.0,0,0.0,0.0,0.0,inf,0.0,0.0,0.0,0.0,0,rolling,losing_streak_fitness,3_days,rep_3,15,8
train,2,22406,125287,125287,130699,8,14,2400,4.75,6,10,2,1384.0,16,346.0,460.0,114.0,4.035087719298246,19.0,0.625,21.625,19.0,1,rolling,losing_streak_fitness,3_days,rep_3,15,8
test,2,22406,125287,125287,130699,8,14,2400,4.75,6,10,2,-1000.0,0,0.0,0.0,0.0,inf,0.0,0.0,0.0,0.0,0,rolling,losing_streak_fitness,3_days,rep_3,16,8
train,2,22406,125287,125287,130699,8,14,2400,4.75,6,10,2,1384.0,16,346.0,460.0,114.0,4.035087719298246,19.0,0.625,21.625,19.0,1,rolling,losing_streak_fitness,3_days,rep_3,16,8
test,2,22406,125287,125287,130699,8,14,2400,4.75,6,10,2,-1000.0,0,0.0,0.0,0.0,inf,0.0,0.0,0.0,0.0,0,rolling,losing_streak_fitness,3_days,rep_3,17,8
train,2,22406,125287,125287,130699,8,14,2400,4.75,6,10,2,1384.0,16,346.0,460.0,114.0,4.035087719298246,19.0,0.625,21.625,19.0,1,rolling,losing_streak_fitness,3_days,rep_3,17,8
test,2,22406,125287,125287,130699,8,14,2400,4.75,6,10,2,-1000.0,0,0.0,0.0,0.0,inf,0.0,0.0,0.0,0.0,0,rolling,losing_streak_fitness,3_days,rep_3,18,8
train,2,22406,125287,125287,130699,8,14,2400,4.75,6,10,2,1384.0,16,346.0,460.0,114.0,4.035087719298246,19.0,0.625,21.625,19.0,1,rolling,losing_streak_fitness,3_days,rep_3,18,8
test,2,22406,125287,125287,130699,8,14,2400,4.75,6,10,2,-1000.0,0,0.0,0.0,0.0,inf,0.0,0.0,0.0,0.0,0,rolling,losing_streak_fitness,3_days,rep_3,19,8
train,2,22406,125287,125287,130699,8,14,2400,4.75,6,10,2,1384.0,16,346.0,460.0,114.0,4.035087719298246,19.0,0.625,21.625,19.0,1,rolling,losing_streak_fitness,3_days,rep_3,19,8
test,2,22406,125287,125287,130699,8,14,2400,4.75,6,10,2,-1000.0,0,0.0,0.0,0.0,inf,0.0,0.0,0.0,0.0,0,rolling,losing_streak_fitness,3_days,rep_3,20,8
train,2,22406,125287,125287,130699,8,14,2400,4.75,6,10,2,1384.0,16,346.0,460.0,114.0,4.035087719298246,19.0,0.625,21.625,19.0,1,rolling,losing_streak_fitness,3_days,rep_3,20,8
test,2,22406,125287,125287,130699,8,14,2400,4.75,6,10,2,-1000.0,0,0.0,0.0,0.0,inf,0.0,0.0,0.0,0.0,0,rolling,losing_streak_fitness,3_days,rep_3,21,8
train,2,22406,125287,125287,130699,8,14,2400,4.75,6,10,2,1384.0,16,346.0,460.0,114.0,4.035087719298246,19.0,0.625,21.625,19.0,1,rolling,losing_streak_fitness,3_days,rep_3,21,8
test,2,22406,125287,125287,130699,8,14,2400,4.75,6,10,2,-1000.0,0,0.0,0.0,0.0,inf,0.0,0.0,0.0,0.0,0,rolling,losing_streak_fitness,3_days,rep_3,22,8
train,2,22406,125287,125287,130699,8,14,2400,4.75,6,10,2,1384.0,16,346.0,460.0,114.0,4.035087719298246,19.0,0.625,21.625,19.0,1,rolling,losing_streak_fitness,3_days,rep_3,22,8
test,2,22406,125287,125287,130699,8,14,2400,4.75,6,10,2,-1000.0,0,0.0,0.0,0.0,inf,0.0,0.0,0.0,0.0,0,rolling,losing_streak_fitness,3_days,rep_3,23,8
train,2,22406,125287,125287,130699,8,14,2400,4.75,6,10,2,1384.0,16,346.0,460.0,114.0,4.035087719298246,19.0,0.625,21.625,19.0,1,rolling,losing_streak_fitness,3_days,rep_3,23,8
test,2,22406,125287,125287,130699,8,14,2400,4.75,6,10,2,-1000.0,0,0.0,0.0,0.0,inf,0.0,0.0,0.0,0.0,0,rolling,losing_streak_fitness,3_days,rep_3,24,8
train,2,22406,125287,125287,130699,8,14,2400,4.75,6,10,2,1384.0,16,346.0,460.0,114.0,4.035087719298246,19.0,0.625,21.625,19.0,1,rolling,losing_streak_fitness,3_days,rep_3,24,8
test,2,22406,125287,125287,130699,8,14,2400,4.75,6,10,2,-1000.0,0,0.0,0.0,0.0,inf,0.0,0.0,0.0,0.0,0,rolling,losing_streak_fitness,3_days,rep_3,25,8
train,2,22406,125287,125287,130699,8,14,2400,4.75,6,10,2,1384.0,16,346.0,460.0,114.0,4.035087719298246,19.0,0.625,21.625,19.0,1,rolling,losing_streak_fitness,3_days,rep_3,25,8
test,2,22406,125287,125287,130699,8,14,2400,4.75,6,10,2,-1000.0,0,0.0,0.0,0.0,inf,0.0,0.0,0.0,0.0,0,rolling,losing_streak_fitness,3_days,rep_3,26,8
train,2,22406,125287,125287,130699,8,14,2400,4.75,6,10,2,1384.0,16,346.0,460.0,114.0,4.035087719298246,19.0,0.625,21.625,19.0,1,rolling,losing_streak_fitness,3_days,rep_3,26,8
test,2,22406,125287,125287,130699,8,14,2400,4.75,6,10,2,-1000.0,0,0.0,0.0,0.0,inf,0.0,0.0,0.0,0.0,0,rolling,losing_streak_fitness,3_days,rep_3,27,8
train,2,22406,125287,125287,130699,8,14,2400,4.75,6,10,2,1384.0,16,346.0,460.0,114.0,4.035087719298246,19.0,0.625,21.625,19.0,1,rolling,losing_streak_fitness,3_days,rep_3,27,8
test,2,22406,125287,125287,130699,8,14,2400,4.75,6,10,2,-1000.0,0,0.0,0.0,0.0,inf,0.0,0.0,0.0,0.0,0,rolling,losing_streak_fitness,3_days,rep_3,28,8
train,2,22406,125287,125287,130699,8,14,2400,4.75,6,10,2,1384.0,16,346.0,460.0,114.0,4.035087719298246,19.0,0.625,21.625,19.0,1,rolling,losing_streak_fitness,3_days,rep_3,28,8
test,2,22406,125287,125287,130699,8,14,2400,4.75,6,10,2,-1000.0,0,0.0,0.0,0.0,inf,0.0,0.0,0.0,0.0,0,rolling,losing_streak_fitness,3_days,rep_3,29,8
train,2,22406,125287,125287,130699,8,14,2400,4.75,6,10,2,1384.0,16,346.0,460.0,114.0,4.035087719298246,19.0,0.625,21.625,19.0,1,rolling,losing_streak_fitness,3_days,rep_3,29,8
test,2,22406,125287,125287,130699,8,14,2400,4.75,6,10,2,-1000.0,0,0.0,0.0,0.0,inf,0.0,0.0,0.0,0.0,0,rolling,losing_streak_fitness,3_days,rep_3,30,8
train,2,22406,125287,125287,130699,8,14,2400,4.75,6,10,2,1384.0,16,346.0,460.0,114.0,4.035087719298246,19.0,0.625,21.625,19.0,1,rolling,losing_streak_fitness,3_days,rep_3,30,8
test,2,22406,125287,125287,130699,8,14,2400,4.75,6,10,2,-1000.0,0,0.0,0.0,0.0,inf,0.0,0.0,0.0,0.0,0,rolling,losing_streak_fitness,3_days,rep_3,31,8
train,2,22406,125287,125287,130699,8,14,2400,4.75,6,10,2,1384.0,16,346.0,460.0,114.0,4.035087719298246,19.0,0.625,21.625,19.0,1,rolling,losing_streak_fitness,3_days,rep_3,31,8
test,2,22406,125287,125287,130699,8,14,2400,4.75,6,10,2,-1000.0,0,0.0,0.0,0.0,inf,0.0,0.0,0.0,0.0,0,rolling,losing_streak_fitness,3_days,rep_3,32,8
train,2,22406,125287,125287,130699,8,14,2400,4.75,6,10,2,1384.0,16,346.0,460.0,114.0,4.035087719298246,19.0,0.625,21.625,19.0,1,rolling,losing_streak_fitness,3_days,rep_3,32,8
test,2,22406,125287,125287,130699,8,14,2400,4.75,6,10,2,-1000.0,0,0.0,0.0,0.0,inf,0.0,0.0,0.0,0.0,0,rolling,losing_streak_fitness,3_days,rep_3,33,8
train,2,22406,125287,125287,130699,8,14,2400,4.75,6,10,2,1384.0,16,346.0,460.0,114.0,4.035087719298246,19.0,0.625,21.625,19.0,1,rolling,losing_streak_fitness,3_days,rep_3,33,8
test,2,22406,125287,125287,130699,8,14,2400,4.75,6,10,2,-1000.0,0,0.0,0.0,0.0,inf,0.0,0.0,0.0,0.0,0,rolling,losing_streak_fitness,3_days,rep_3,34,8
train,2,22406,125287,125287,130699,8,14,2400,4.75,6,10,2,1384.0,16,346.0,460.0,114.0,4.035087719298246,19.0,0.625,21.625,19.0,1,rolling,losing_streak_fitness,3_days,rep_3,34,8
test,2,22406,125287,125287,130699,8,14,2400,4.75,6,10,2,-1000.0,0,0.0,0.0,0.0,inf,0.0,0.0,0.0,0.0,0,rolling,losing_streak_fitness,3_days,rep_3,35,8
train,2,22406,125287,125287,130699,8,14,2400,4.75,6,10,2,1384.0,16,346.0,460.0,114.0,4.035087719298246,19.0,0.625,21.625,19.0,1,rolling,losing_streak_fitness,3_days,rep_3,35,8
test,2,22406,125287,125287,130699,8,14,2400,4.75,6,10,2,-1000.0,0,0.0,0.0,0.0,inf,0.0,0.0,0.0,0.0,0,rolling,losing_streak_fitness,3_days,rep_3,36,8
train,2,22406,125287,125287,130699,8,14,2400,4.75,6,10,2,1384.0,16,346.0,460.0,114.0,4.035087719298246,19.0,0.625,21.625,19.0,1,rolling,losing_streak_fitness,3_days,rep_3,36,8
test,2,22406,125287,125287,130699,8,14,2400,4.75,6,10,2,-1000.0,0,0.0,0.0,0.0,inf,0.0,0.0,0.0,0.0,0,rolling,losing_streak_fitness,3_days,rep_3,37,8
train,2,22406,125287,125287,130699,8,14,2400,4.75,6,10,2,1384.0,16,346.0,460.0,114.0,4.035087719298246,19.0,0.625,21.625,19.0,1,rolling,losing_streak_fitness,3_days,rep_3,37,8
test,2,22406,125287,125287,130699,8,14,2400,4.75,6,10,2,-1000.0,0,0.0,0.0,0.0,inf,0.0,0.0,0.0,0.0,0,rolling,losing_streak_fitness,3_days,rep_3,38,8
train,2,22406,125287,125287,130699,8,14,2400,4.75,6,10,2,1384.0,16,346.0,460.0,114.0,4.035087719298246,19.0,0.625,21.625,19.0,1,rolling,losing_streak_fitness,3_days,rep_3,38,8
test,2,22406,125287,125287,130699,8,14,2400,4.75,6,10,2,-1000.0,0,0.0,0.0,0.0,inf,0.0,0.0,0.0,0.0,0,rolling,losing_streak_fitness,3_days,rep_3,39,8
train,2,22406,125287,125287,130699,8,14,2400,4.75,6,10,2,1384.0,16,346.0,460.0,114.0,4.035087719298246,19.0,0.625,21.625,19.0,1,rolling,losing_streak_fitness,3_days,rep_3,39,8
test,2,22406,125287,125287,130699,8,14,2400,4.75,6,10,2,-1000.0,0,0.0,0.0,0.0,inf,0.0,0.0,0.0,0.0,0,rolling,losing_streak_fitness,3_days,rep_3,40,8
train,2,22406,125287,125287,130699,8,14,2400,4.75,6,10,2,1384.0,16,346.0,460.0,114.0,4.035087719298246,19.0,0.625,21.625,19.0,1,rolling,losing_streak_fitness,3_days,rep_3,40,8
test,2,22406,125287,125287,130699,8,14,2400,4.75,6,10,2,-1000.0,0,0.0,0.0,0.0,inf,0.0,0.0,0.0,0.0,0,rolling,losing_streak_fitness,3_days,rep_3,41,8
train,2,22406,125287,125287,130699,8,14,2400,4.75,6,10,2,1384.0,16,346.0,460.0,114.0,4.035087719298246,19.0,0.625,21.625,19.0,1,rolling,losing_streak_fitness,3_days,rep_3,41,8
test,2,22406,125287,125287,130699,8,14,2400,4.75,6,10,2,-1000.0,0,0.0,0.0,0.0,inf,0.0,0.0,0.0,0.0,0,rolling,losing_streak_fitness,3_days,rep_3,42,8
train,2,22406,125287,125287,130699,8,14,2400,4.75,6,10,2,1384.0,16,346.0,460.0,114.0,4.035087719298246,19.0,0.625,21.625,19.0,1,rolling,losing_streak_fitness,3_days,rep_3,42,8
test,2,22406,125287,125287,130699,8,14,2400,4.75,6,10,2,-1000.0,0,0.0,0.0,0.0,inf,0.0,0.0,0.0,0.0,0,rolling,losing_streak_fitness,3_days,rep_3,43,8
train,2,22406,125287,125287,130699,8,14,2400,4.75,6,10,2,1384.0,16,346.0,460.0,114.0,4.035087719298246,19.0,0.625,21.625,19.0,1,rolling,losing_streak_fitness,3_days,rep_3,43,8
test,2,22406,125287,125287,130699,8,14,2400,4.75,6,10,2,-1000.0,0,0.0,0.0,0.0,inf,0.0,0.0,0.0,0.0,0,rolling,losing_streak_fitness,3_days,rep_3,44,8
train,2,22406,125287,125287,130699,8,14,2400,4.75,6,10,2,1384.0,16,346.0,460.0,114.0,4.035087719298246,19.0,0.625,21.625,19.0,1,rolling,losing_streak_fitness,3_days,rep_3,44,8
test,2,22406,125287,125287,130699,8,14,2400,4.75,6,10,2,-1000.0,0,0.0,0.0,0.0,inf,0.0,0.0,0.0,0.0,0,rolling,losing_streak_fitness,3_days,rep_3,45,8
train,2,22406,125287,125287,130699,8,14,2400,4.75,6,10,2,1384.0,16,346.0,460.0,114.0,4.035087719298246,19.0,0.625,21.625,19.0,1,rolling,losing_streak_fitness,3_days,rep_3,45,8
test,2,22406,125287,125287,130699,8,14,2400,4.75,6,10,2,-1000.0,0,0.0,0.0,0.0,inf,0.0,0.0,0.0,0.0,0,rolling,losing_streak_fitness,3_days,rep_3,46,8
train,2,22406,125287,125287,130699,8,14,2400,4.75,6,10,2,1384.0,16,346.0,460.0,114.0,4.035087719298246,19.0,0.625,21.625,19.0,1,rolling,losing_streak_fitness,3_days,rep_3,46,8
test,2,22406,125287,125287,130699,8,14,2400,4.75,6,10,2,-1000.0,0,0.0,0.0,0.0,inf,0.0,0.0,0.0,0.0,0,rolling,losing_streak_fitness,3_days,rep_3,47,8
train,2,22406,125287,125287,130699,8,14,2400,4.75,6,10,2,1384.0,16,346.0,460.0,114.0,4.035087719298246,19.0,0.625,21.625,19.0,1,rolling,losing_streak_fitness,3_days,rep_3,47,8
test,2,22406,125287,125287,130699,8,14,2400,4.75,6,10,2,-1000.0,0,0.0,0.0,0.0,inf,0.0,0.0,0.0,0.0,0,rolling,losing_streak_fitness,3_days,rep_3,48,8
train,2,22406,125287,125287,130699,8,14,2400,4.75,6,10,2,1384.0,16,346.0,460.0,114.0,4.035087719298246,19.0,0.625,21.625,19.0,1,rolling,losing_streak_fitness,3_days,rep_3,48,8
test,2,22406,125287,125287,130699,8,14,2400,4.75,6,10,2,-1000.0,0,0.0,0.0,0.0,inf,0.0,0.0,0.0,0.0,0,rolling,losing_streak_fitness,3_days,rep_3,49,8
train,2,22406,125287,125287,130699,8,14,2400,4.75,6,10,2,1384.0,16,346.0,460.0,114.0,4.035087719298246,19.0,0.625,21.625,19.0,1,rolling,losing_streak_fitness,3_days,rep_3,49,8
test,2,22406,125287,125287,130699,8,14,2400,4.75,6,10,2,-1000.0,0,0.0,0.0,0.0,inf,0.0,0.0,0.0,0.0,0,rolling,losing_streak_fitness,3_days,rep_3,50,8
train,2,22406,125287,125287,130699,8,14,2400,4.75,6,10,2,1384.0,16,346.0,460.0,114.0,4.035087719298246,19.0,0.625,21.625,19.0,1,rolling,losing_streak_fitness,3_days,rep_3,50,8
test,2,22406,125287,125287,130699,8,14,2400,4.75,6,10,2,-1000.0,0,0.0,0.0,0.0,inf,0.0,0.0,0.0,0.0,0,rolling,losing_streak_fitness,3_days,rep_3,51,8
train,2,22406,125287,125287,130699,8,14,2400,4.75,6,10,2,1384.0,16,346.0,460.0,114.0,4.035087719298246,19.0,0.625,21.625,19.0,1,rolling,losing_streak_fitness,3_days,rep_3,51,8
test,2,22406,125287,125287,130699,8,14,2400,4.75,6,10,2,-1000.0,0,0.0,0.0,0.0,inf,0.0,0.0,0.0,0.0,0,rolling,losing_streak_fitness,3_days,rep_3,52,8
train,2,22406,125287,125287,130699,8,14,2400,4.75,6,10,2,1384.0,16,346.0,460.0,114.0,4.035087719298246,19.0,0.625,21.625,19.0,1,rolling,losing_streak_fitness,3_days,rep_3,52,8
test,2,22406,125287,125287,130699,8,14,2400,4.75,6,10,2,-1000.0,0,0.0,0.0,0.0,inf,0.0,0.0,0.0,0.0,0,rolling,losing_streak_fitness,3_days,rep_3,53,8
train,2,22406,125287,125287,130699,8,14,2400,4.75,6,10,2,1384.0,16,346.0,460.0,114.0,4.035087719298246,19.0,0.625,21.625,19.0,1,rolling,losing_streak_fitness,3_days,rep_3,53,8
test,2,22406,125287,125287,130699,8,14,2400,4.75,6,10,2,-1000.0,0,0.0,0.0,0.0,inf,0.0,0.0,0.0,0.0,0,rolling,losing_streak_fitness,3_days,rep_3,54,8
train,2,22406,125287,125287,130699,8,14,2400,4.75,6,10,2,1384.0,16,346.0,460.0,114.0,4.035087719298246,19.0,0.625,21.625,19.0,1,rolling,losing_streak_fitness,3_days,rep_3,54,8
test,2,22406,125287,125287,130699,8,14,2400,4.75,6,10,2,-1000.0,0,0.0,0.0,0.0,inf,0.0,0.0,0.0,0.0,0,rolling,losing_streak_fitness,3_days,rep_3,55,8
train,2,22406,125287,125287,130699,8,14,2400,4.75,6,10,2,1384.0,16,346.0,460.0,114.0,4.035087719298246,19.0,0.625,21.625,19.0,1,rolling,losing_streak_fitness,3_days,rep_3,55,8
test,2,22406,125287,125287,130699,8,14,2400,4.75,6,10,2,-1000.0,0,0.0,0.0,0.0,inf,0.0,0.0,0.0,0.0,0,rolling,losing_streak_fitness,3_days,rep_3,56,8
train,2,22406,125287,125287,130699,8,14,2400,4.75,6,10,2,1384.0,16,346.0,460.0,114.0,4.035087719298246,19.0,0.625,21.625,19.0,1,rolling,losing_streak_fitness,3_days,rep_3,56,8
test,2,22406,125287,125287,130699,8,14,2400,4.75,6,10,2,-1000.0,0,0.0,0.0,0.0,inf,0.0,0.0,0.0,0.0,0,rolling,losing_streak_fitness,3_days,rep_3,57,8
train,2,22406,125287,125287,130699,8,14,2400,4.75,6,10,2,1384.0,16,346.0,460.0,114.0,4.035087719298246,19.0,0.625,21.625,19.0,1,rolling,losing_streak_fitness,3_days,rep_3,57,8
test,2,22406,125287,125287,130699,8,14,2400,4.75,6,10,2,-1000.0,0,0.0,0.0,0.0,inf,0.0,0.0,0.0,0.0,0,rolling,losing_streak_fitness,3_days,rep_3,58,8
train,2,22406,125287,125287,130699,8,14,2400,4.75,6,10,2,1384.0,16,346.0,460.0,114.0,4.035087719298246,19.0,0.625,21.625,19.0,1,rolling,losing_streak_fitness,3_days,rep_3,58,8
test,2,22406,125287,125287,130699,8,14,2400,4.75,6,10,2,-1000.0,0,0.0,0.0,0.0,inf,0.0,0.0,0.0,0.0,0,rolling,losing_streak_fitness,3_days,rep_3,59,8
train,2,22406,125287,125287,130699,8,14,2400,4.75,6,10,2,1384.0,16,346.0,460.0,114.0,4.035087719298246,19.0,0.625,21.625,19.0,1,rolling,losing_streak_fitness,3_days,rep_3,59,8
test,2,22406,125287,125287,130699,8,14,2400,4.75,6,10,2,-1000.0,0,0.0,0.0,0.0,inf,0.0,0.0,0.0,0.0,0,rolling,losing_streak_fitness,3_days,rep_3,60,8
train,2,22406,125287,125287,130699,8,14,2400,4.75,6,10,2,1384.0,16,346.0,460.0,114.0,4.035087719298246,19.0,0.625,21.625,19.0,1,rolling,losing_streak_fitness,3_days,rep_3,60,8
test,2,22406,125287,125287,130699,8,14,2400,4.75,6,10,2,-1000.0,0,0.0,0.0,0.0,inf,0.0,0.0,0.0,0.0,0,rolling,losing_streak_fitness,3_days,rep_3,61,8
train,2,22406,125287,125287,130699,8,14,2400,4.75,6,10,2,1384.0,16,346.0,460.0,114.0,4.035087719298246,19.0,0.625,21.625,19.0,1,rolling,losing_streak_fitness,3_days,rep_3,61,8
test,2,22406,125287,125287,130699,8,14,2400,4.75,6,10,2,-1000.0,0,0.0,0.0,0.0,inf,0.0,0.0,0.0,0.0,0,rolling,losing_streak_fitness,3_days,rep_3,62,8
train,2,22406,125287,125287,130699,8,14,2400,4.75,6,10,2,1384.0,16,346.0,460.0,114.0,4.035087719298246,19.0,0.625,21.625,19.0,1,rolling,losing_streak_fitness,3_days,rep_3,62,8
test,2,22406,125287,125287,130699,8,14,2400,4.75,6,10,2,-1000.0,0,0.0,0.0,0.0,inf,0.0,0.0,0.0,0.0,0,rolling,losing_streak_fitness,3_days,rep_3,63,8
train,2,22406,125287,125287,130699,8,14,2400,4.75,6,10,2,1384.0,16,346.0,460.0,114.0,4.035087719298246,19.0,0.625,21.625,19.0,1,rolling,losing_streak_fitness,3_days,rep_3,63,8
test,2,22406,125287,125287,130699,8,14,2400,4.75,6,10,2,-1000.0,0,0.0,0.0,0.0,inf,0.0,0.0,0.0,0.0,0,rolling,losing_streak_fitness,3_days,rep_3,64,8
train,2,22406,125287,125287,130699,8,14,2400,4.75,6,10,2,1384.0,16,346.0,460.0,114.0,4.035087719298246,19.0,0.625,21.625,19.0,1,rolling,losing_streak_fitness,3_days,rep_3,64,8
test,2,22406,125287,125287,130699,8,14,2400,4.75,6,10,2,-1000.0,0,0.0,0.0,0.0,inf,0.0,0.0,0.0,0.0,0,rolling,losing_streak_fitness,3_days,rep_3,65,8
train,2,22406,125287,125287,130699,8,14,2400,4.75,6,10,2,1384.0,16,346.0,460.0,114.0,4.035087719298246,19.0,0.625,21.625,19.0,1,rolling,losing_streak_fitness,3_days,rep_3,65,8
test,2,22406,125287,125287,130699,8,14,2400,4.75,6,10,2,-1000.0,0,0.0,0.0,0.0,inf,0.0,0.0,0.0,0.0,0,rolling,losing_streak_fitness,3_days,rep_3,66,8
train,2,22406,125287,125287,130699,8,14,2400,4.75,6,10,2,1384.0,16,346.0,460.0,114.0,4.035087719298246,19.0,0.625,21.625,19.0,1,rolling,losing_streak_fitness,3_days,rep_3,66,8
test,2,22406,125287,125287,130699,8,14,2400,4.75,6,10,2,-1000.0,0,0.0,0.0,0.0,inf,0.0,0.0,0.0,0.0,0,rolling,losing_streak_fitness,3_days,rep_3,67,8
train,2,22406,125287,125287,130699,8,14,2400,4.75,6,10,2,1384.0,16,346.0,460.0,114.0,4.035087719298246,19.0,0.625,21.625,19.0,1,rolling,losing_streak_fitness,3_days,rep_3,67,8
test,2,22406,125287,125287,130699,8,14,2400,4.75,6,10,2,-1000.0,0,0.0,0.0,0.0,inf,0.0,0.0,0.0,0.0,0,rolling,losing_streak_fitness,3_days,rep_3,68,8
train,2,22406,125287,125287,130699,8,14,2400,4.75,6,10,2,1384.0,16,346.0,460.0,114.0,4.035087719298246,19.0,0.625,21.625,19.0,1,rolling,losing_streak_fitness,3_days,rep_3,68,8
test,2,22406,125287,125287,130699,8,14,2400,4.75,6,10,2,-1000.0,0,0.0,0.0,0.0,inf,0.0,0.0,0.0,0.0,0,rolling,losing_streak_fitness,3_days,rep_3,69,8
train,2,22406,125287,125287,130699,8,14,2400,4.75,6,10,2,1384.0,16,346.0,460.0,114.0,4.035087719298246,19.0,0.625,21.625,19.0,1,rolling,losing_streak_fitness,3_days,rep_3,69,8
test,2,22406,125287,125287,130699,8,14,2400,4.75,6,10,2,-1000.0,0,0.0,0.0,0.0,inf,0.0,0.0,0.0,0.0,0,rolling,losing_streak_fitness,3_days,rep_3,70,8
train,2,22406,125287,125287,130699,8,14,2400,4.75,6,10,2,1384.0,16,346.0,460.0,114.0,4.035087719298246,19.0,0.625,21.625,19.0,1,rolling,losing_streak_fitness,3_days,rep_3,70,8
test,2,22406,125287,125287,130699,8,14,2400,4.75,6,10,2,-1000.0,0,0.0,0.0,0.0,inf,0.0,0.0,0.0,0.0,0,rolling,losing_streak_fitness,3_days,rep_3,71,8
train,2,22406,125287,125287,130699,8,14,2400,4.75,6,10,2,1384.0,16,346.0,460.0,114.0,4.035087719298246,19.0,0.625,21.625,19.0,1,rolling,losing_streak_fitness,3_days,rep_3,71,8
test,2,22406,125287,125287,130699,8,14,2400,4.75,6,10,2,-1000.0,0,0.0,0.0,0.0,inf,0.0,0.0,0.0,0.0,0,rolling,losing_streak_fitness,3_days,rep_3,72,8
train,2,22406,125287,125287,130699,8,14,2400,4.75,6,10,2,1384.0,16,346.0,460.0,114.0,4.035087719298246,19.0,0.625,21.625,19.0,1,rolling,losing_streak_fitness,3_days,rep_3,72,8
test,2,22406,125287,125287,130699,8,14,2400,4.75,6,10,2,-1000.0,0,0.0,0.0,0.0,inf,0.0,0.0,0.0,0.0,0,rolling,losing_streak_fitness,3_days,rep_3,73,8
train,2,22406,125287,125287,130699,8,14,2400,4.75,6,10,2,1384.0,16,346.0,460.0,114.0,4.035087719298246,19.0,0.625,21.625,19.0,1,rolling,losing_streak_fitness,3_days,rep_3,73,8
test,2,22406,125287,125287,130699,8,14,2400,4.75,6,10,2,-1000.0,0,0.0,0.0,0.0,inf,0.0,0.0,0.0,0.0,0,rolling,losing_streak_fitness,3_days,rep_3,74,8
train,2,22406,125287,125287,130699,8,14,2400,4.75,6,10,2,1384.0,16,346.0,460.0,114.0,4.035087719298246,19.0,0.625,21.625,19.0,1,rolling,losing_streak_fitness,3_days,rep_3,74,8
test,2,22406,125287,125287,130699,8,14,2400,4.75,6,10,2,-1000.0,0,0.0,0.0,0.0,inf,0.0,0.0,0.0,0.0,0,rolling,losing_streak_fitness,3_days,rep_3,75,8
train,2,22406,125287,125287,130699,8,14,2400,4.75,6,10,2,1384.0,16,346.0,460.0,114.0,4.035087719298246,19.0,0.625,21.625,19.0,1,rolling,losing_streak_fitness,3_days,rep_3,75,8
test,2,22406,125287,125287,130699,8,14,2400,4.75,6,10,2,-1000.0,0,0.0,0.0,0.0,inf,0.0,0.0,0.0,0.0,0,rolling,losing_streak_fitness,3_days,rep_3,76,8
train,2,22406,125287,125287,130699,8,14,2400,4.75,6,10,2,1384.0,16,346.0,460.0,114.0,4.035087719298246,19.0,0.625,21.625,19.0,1,rolling,losing_streak_fitness,3_days,rep_3,76,8
test,2,22406,125287,125287,130699,8,14,2400,4.75,6,10,2,-1000.0,0,0.0,0.0,0.0,inf,0.0,0.0,0.0,0.0,0,rolling,losing_streak_fitness,3_days,rep_3,77,8
train,2,22406,125287,125287,130699,8,14,2400,4.75,6,10,2,1384.0,16,346.0,460.0,114.0,4.035087719298246,19.0,0.625,21.625,19.0,1,rolling,losing_streak_fitness,3_days,rep_3,77,8
test,2,22406,125287,125287,130699,8,14,2400,4.75,6,10,2,-1000.0,0,0.0,0.0,0.0,inf,0.0,0.0,0.0,0.0,0,rolling,losing_streak_fitness,3_days,rep_3,78,8
train,2,22406,125287,125287,130699,8,14,2400,4.75,6,10,2,1384.0,16,346.0,460.0,114.0,4.035087719298246,19.0,0.625,21.625,19.0,1,rolling,losing_streak_fitness,3_days,rep_3,78,8
test,2,22406,125287,125287,130699,8,14,2400,4.75,6,10,2,-1000.0,0,0.0,0.0,0.0,inf,0.0,0.0,0.0,0.0,0,rolling,losing_streak_fitness,3_days,rep_3,79,8
train,2,22406,125287,125287,130699,8,14,2400,4.75,6,10,2,1384.0,16,346.0,460.0,114.0,4.035087719298246,19.0,0.625,21.625,19.0,1,rolling,losing_streak_fitness,3_days,rep_3,79,8
test,2,22406,125287,125287,130699,8,14,2400,4.75,6,10,2,-1000.0,0,0.0,0.0,0.0,inf,0.0,0.0,0.0,0.0,0,rolling,losing_streak_fitness,3_days,rep_3,80,8
train,2,22406,125287,125287,130699,8,14,2400,4.75,6,10,2,1384.0,16,346.0,460.0,114.0,4.035087719298246,19.0,0.625,21.625,19.0,1,rolling,losing_streak_fitness,3_days,rep_3,80,8
test,2,22406,125287,125287,130699,8,14,2400,4.75,6,10,2,-1000.0,0,0.0,0.0,0.0,inf,0.0,0.0,0.0,0.0,0,rolling,losing_streak_fitness,3_days,rep_3,81,8
train,2,22406,125287,125287,130699,8,14,2400,4.75,6,10,2,1384.0,16,346.0,460.0,114.0,4.035087719298246,19.0,0.625,21.625,19.0,1,rolling,losing_streak_fitness,3_days,rep_3,81,8
test,2,22406,125287,125287,130699,8,14,2400,4.75,6,10,2,-1000.0,0,0.0,0.0,0.0,inf,0.0,0.0,0.0,0.0,0,rolling,losing_streak_fitness,3_days,rep_3,82,8
train,2,22406,125287,125287,130699,8,14,2400,4.75,6,10,2,1384.0,16,346.0,460.0,114.0,4.035087719298246,19.0,0.625,21.625,19.0,1,rolling,losing_streak_fitness,3_days,rep_3,82,8
test,2,22406,125287,125287,130699,8,14,2400,4.75,6,10,2,-1000.0,0,0.0,0.0,0.0,inf,0.0,0.0,0.0,0.0,0,rolling,losing_streak_fitness,3_days,rep_3,83,8
train,2,22406,125287,125287,130699,8,14,2400,4.75,6,10,2,1384.0,16,346.0,460.0,114.0,4.035087719298246,19.0,0.625,21.625,19.0,1,rolling,losing_streak_fitness,3_days,rep_3,83,8
test,2,22406,125287,125287,130699,8,14,2400,4.75,6,10,2,-1000.0,0,0.0,0.0,0.0,inf,0.0,0.0,0.0,0.0,0,rolling,losing_streak_fitness,3_days,rep_3,84,8
train,2,22406,125287,125287,130699,8,14,2400,4.75,6,10,2,1384.0,16,346.0,460.0,114.0,4.035087719298246,19.0,0.625,21.625,19.0,1,rolling,losing_streak_fitness,3_days,rep_3,84,8
test,2,22406,125287,125287,130699,8,14,2400,4.75,6,10,2,-1000.0,0,0.0,0.0,0.0,inf,0.0,0.0,0.0,0.0,0,rolling,losing_streak_fitness,3_days,rep_3,85,8
train,2,22406,125287,125287,130699,8,14,2400,4.75,6,10,2,1384.0,16,346.0,460.0,114.0,4.035087719298246,19.0,0.625,21.625,19.0,1,rolling,losing_streak_fitness,3_days,rep_3,85,8
test,2,22406,125287,125287,130699,8,14,2400,4.75,6,10,2,-1000.0,0,0.0,0.0,0.0,inf,0.0,0.0,0.0,0.0,0,rolling,losing_streak_fitness,3_days,rep_3,86,8
train,2,22406,125287,125287,130699,8,14,2400,4.75,6,10,2,1384.0,16,346.0,460.0,114.0,4.035087719298246,19.0,0.625,21.625,19.0,1,rolling,losing_streak_fitness,3_days,rep_3,86,8
test,2,22406,125287,125287,130699,8,14,2400,4.75,6,10,2,-1000.0,0,0.0,0.0,0.0,inf,0.0,0.0,0.0,0.0,0,rolling,losing_streak_fitness,3_days,rep_3,87,8
train,2,22406,125287,125287,130699,8,14,2400,4.75,6,10,2,1384.0,16,346.0,460.0,114.0,4.035087719298246,19.0,0.625,21.625,19.0,1,rolling,losing_streak_fitness,3_days,rep_3,87,8
test,2,22406,125287,125287,130699,8,14,2400,4.75,6,10,2,-1000.0,0,0.0,0.0,0.0,inf,0.0,0.0,0.0,0.0,0,rolling,losing_streak_fitness,3_days,rep_3,88,8
train,2,22406,125287,125287,130699,8,14,2400,4.75,6,10,2,1384.0,16,346.0,460.0,114.0,4.035087719298246,19.0,0.625,21.625,19.0,1,rolling,losing_streak_fitness,3_days,rep_3,88,8
test,2,22406,125287,125287,130699,8,14,2400,4.75,6,10,2,-1000.0,0,0.0,0.0,0.0,inf,0.0,0.0,0.0,0.0,0,rolling,losing_streak_fitness,3_days,rep_3,89,8
train,2,22406,125287,125287,130699,8,14,2400,4.75,6,10,2,1384.0,16,346.0,460.0,114.0,4.035087719298246,19.0,0.625,21.625,19.0,1,rolling,losing_streak_fitness,3_days,rep_3,89,8
test,2,22406,125287,125287,130699,8,14,2400,4.75,6,10,2,-1000.0,0,0.0,0.0,0.0,inf,0.0,0.0,0.0,0.0,0,rolling,losing_streak_fitness,3_days,rep_3,90,8
train,2,22406,125287,125287,130699,8,14,2400,4.75,6,10,2,1384.0,16,346.0,460.0,114.0,4.035087719298246,19.0,0.625,21.625,19.0,1,rolling,losing_streak_fitness,3_days,rep_3,90,8
test,2,22406,125287,125287,130699,8,14,2400,4.75,6,10,2,-1000.0,0,0.0,0.0,0.0,inf,0.0,0.0,0.0,0.0,0,rolling,losing_streak_fitness,3_days,rep_3,91,8
train,2,22406,125287,125287,130699,8,14,2400,4.75,6,10,2,1384.0,16,346.0,460.0,114.0,4.035087719298246,19.0,0.625,21.625,19.0,1,rolling,losing_streak_fitness,3_days,rep_3,91,8
test,2,22406,125287,125287,130699,8,14,2400,4.75,6,10,2,-1000.0,0,0.0,0.0,0.0,inf,0.0,0.0,0.0,0.0,0,rolling,losing_streak_fitness,3_days,rep_3,92,8
train,2,22406,125287,125287,130699,8,14,2400,4.75,6,10,2,1384.0,16,346.0,460.0,114.0,4.035087719298246,19.0,0.625,21.625,19.0,1,rolling,losing_streak_fitness,3_days,rep_3,92,8
test,2,22406,125287,125287,130699,8,14,2400,4.75,6,10,2,-1000.0,0,0.0,0.0,0.0,inf,0.0,0.0,0.0,0.0,0,rolling,losing_streak_fitness,3_days,rep_3,93,8
train,2,22406,125287,125287,130699,8,14,2400,4.75,6,10,2,1384.0,16,346.0,460.0,114.0,4.035087719298246,19.0,0.625,21.625,19.0,1,rolling,losing_streak_fitness,3_days,rep_3,93,8
test,2,22406,125287,125287,130699,8,14,2400,4.75,6,10,2,-1000.0,0,0.0,0.0,0.0,inf,0.0,0.0,0.0,0.0,0,rolling,losing_streak_fitness,3_days,rep_3,94,8
train,2,22406,125287,125287,130699,8,14,2400,4.75,6,10,2,1384.0,16,346.0,460.0,114.0,4.035087719298246,19.0,0.625,21.625,19.0,1,rolling,losing_streak_fitness,3_days,rep_3,94,8
test,2,22406,125287,125287,130699,8,14,2400,4.75,6,10,2,-1000.0,0,0.0,0.0,0.0,inf,0.0,0.0,0.0,0.0,0,rolling,losing_streak_fitness,3_days,rep_3,95,8
train,2,22406,125287,125287,130699,8,14,2400,4.75,6,10,2,1384.0,16,346.0,460.0,114.0,4.035087719298246,19.0,0.625,21.625,19.0,1,rolling,losing_streak_fitness,3_days,rep_3,95,8
test,2,22406,125287,125287,130699,8,14,2400,4.75,6,10,2,-1000.0,0,0.0,0.0,0.0,inf,0.0,0.0,0.0,0.0,0,rolling,losing_streak_fitness,3_days,rep_3,96,8
train,2,22406,125287,125287,130699,8,14,2400,4.75,6,10,2,1384.0,16,346.0,460.0,114.0,4.035087719298246,19.0,0.625,21.625,19.0,1,rolling,losing_streak_fitness,3_days,rep_3,96,8
test,2,22406,125287,125287,130699,8,14,2400,4.75,6,10,2,-1000.0,0,0.0,0.0,0.0,inf,0.0,0.0,0.0,0.0,0,rolling,losing_streak_fitness,3_days,rep_3,97,8
train,2,22406,125287,125287,130699,8,14,2400,4.75,6,10,2,1384.0,16,346.0,460.0,114.0,4.035087719298246,19.0,0.625,21.625,19.0,1,rolling,losing_streak_fitness,3_days,rep_3,97,8
test,2,22406,125287,125287,130699,8,14,2400,4.75,6,10,2,-1000.0,0,0.0,0.0,0.0,inf,0.0,0.0,0.0,0.0,0,rolling,losing_streak_fitness,3_days,rep_3,98,8
train,2,22406,125287,125287,130699,8,14,2400,4.75,6,10,2,1384.0,16,346.0,460.0,114.0,4.035087719298246,19.0,0.625,21.625,19.0,1,rolling,losing_streak_fitness,3_days,rep_3,98,8
test,2,22406,125287,125287,130699,8,14,2400,4.75,6,10,2,-1000.0,0,0.0,0.0,0.0,inf,0.0,0.0,0.0,0.0,0,rolling,losing_streak_fitness,3_days,rep_3,99,8
train,2,22406,125287,125287,130699,8,14,2400,4.75,6,10,2,1384.0,16,346.0,460.0,114.0,4.035087719298246,19.0,0.625,21.625,19.0,1,rolling,losing_streak_fitness,3_days,rep_3,99,8
test,2,22406,125287,125287,130699,8,14,2400,4.75,6,10,2,-1000.0,0,0.0,0.0,0.0,inf,0.0,0.0,0.0,0.0,0,rolling,losing_streak_fitness,3_days,rep_3,100,8
train,2,22406,125287,125287,130699,8,14,2400,4.75,6,10,2,1384.0,16,346.0,460.0,114.0,4.035087719298246,19.0,0.625,21.625,19.0,1,rolling,losing_streak_fitness,3_days,rep_3,100,8
