dataset_type,window_id,train_start,train_end,test_start,test_end,generation,min_impulse_candles,max_duration_ms,diagonal_imbalance_ratio_threshold,min_imbalance_count,take_profit_ticks,stop_loss_ticks,fitness,number_of_trades,net_profit,gross_profit,gross_loss,profit_factor,max_drawdown,win_rate,expectancy,biggest_loss,longest_losing_streak,walk_forward_type,fitness_function,train_size,repetition
train,1,0,22406,22406,53560,0,9,3629,6.0,8,4,15,16.0,1,16.0,16.0,0.0,inf,0.0,1.0,16.0,0.0,0,rolling,net_profit_fitness,1_day,rep_1
test,1,0,22406,22406,53560,0,9,3629,6.0,8,4,15,-356.0,9,-356.0,64.0,420.0,0.1523809523809524,356.0,0.4444444444444444,-39.55555555555556,84.0,3,rolling,net_profit_fitness,1_day,rep_1
train,1,0,22406,22406,53560,1,5,2379,9.5,5,28,16,47.0,2,47.0,136.0,89.0,1.5280898876404494,89.0,0.5,23.5,89.0,1,rolling,net_profit_fitness,1_day,rep_1
test,1,0,22406,22406,53560,1,5,2379,9.5,5,28,16,-487.0,8,-487.0,136.0,623.0,0.218298555377207,623.0,0.125,-60.875,89.0,7,rolling,net_profit_fitness,1_day,rep_1
train,1,0,22406,22406,53560,2,9,3973,7.75,6,4,14,32.0,2,32.0,32.0,0.0,inf,0.0,1.0,16.0,0.0,0,rolling,net_profit_fitness,1_day,rep_1
test,1,0,22406,22406,53560,2,9,3973,7.75,6,4,14,-504.0,16,-504.0,128.0,632.0,0.2025316455696202,520.0,0.5,-31.5,79.0,3,rolling,net_profit_fitness,1_day,rep_1
train,1,0,22406,22406,53560,3,9,3973,8.75,6,4,12,32.0,2,32.0,32.0,0.0,inf,0.0,1.0,16.0,0.0,0,rolling,net_profit_fitness,1_day,rep_1
test,1,0,22406,22406,53560,3,9,3973,8.75,6,4,12,-265.0,10,-265.0,80.0,345.0,0.2318840579710145,265.0,0.5,-26.5,69.0,3,rolling,net_profit_fitness,1_day,rep_1
train,1,0,22406,22406,53560,4,8,3796,9.5,5,9,8,82.0,2,82.0,82.0,0.0,inf,0.0,1.0,41.0,0.0,0,rolling,net_profit_fitness,1_day,rep_1
test,1,0,22406,22406,53560,4,8,3796,9.5,5,9,8,-130.0,10,-130.0,164.0,294.0,0.5578231292517006,253.0,0.4,-13.0,49.0,4,rolling,net_profit_fitness,1_day,rep_1
train,1,0,22406,22406,53560,5,7,1771,9.25,5,9,4,82.0,2,82.0,82.0,0.0,inf,0.0,1.0,41.0,0.0,0,rolling,net_profit_fitness,1_day,rep_1
test,1,0,22406,22406,53560,5,7,1771,9.25,5,9,4,-10.0,10,-10.0,164.0,174.0,0.942528735632184,133.0,0.4,-1.0,29.0,4,rolling,net_profit_fitness,1_day,rep_1
train,1,0,22406,22406,53560,6,8,1352,9.25,4,11,2,83.0,3,83.0,102.0,19.0,5.368421052631579,19.0,0.6666666666666666,27.666666666666668,19.0,1,rolling,net_profit_fitness,1_day,rep_1
test,1,0,22406,22406,53560,6,8,1352,9.25,4,11,2,33.0,13,33.0,204.0,171.0,1.1929824561403508,76.0,0.3076923076923077,2.5384615384615383,19.0,4,rolling,net_profit_fitness,1_day,rep_1
train,1,0,22406,22406,53560,7,8,1352,9.25,5,11,2,102.0,2,102.0,102.0,0.0,inf,0.0,1.0,51.0,0.0,0,rolling,net_profit_fitness,1_day,rep_1
test,1,0,22406,22406,53560,7,8,1352,9.25,5,11,2,39.0,9,39.0,153.0,114.0,1.3421052631578947,76.0,0.3333333333333333,4.333333333333333,19.0,4,rolling,net_profit_fitness,1_day,rep_1
train,1,0,22406,22406,53560,8,8,3965,9.25,5,11,2,102.0,2,102.0,102.0,0.0,inf,0.0,1.0,51.0,0.0,0,rolling,net_profit_fitness,1_day,rep_1
test,1,0,22406,22406,53560,8,8,3965,9.25,5,11,2,39.0,9,39.0,153.0,114.0,1.3421052631578947,76.0,0.3333333333333333,4.333333333333333,19.0,4,rolling,net_profit_fitness,1_day,rep_1
train,1,0,22406,22406,53560,9,8,3965,9.25,5,11,2,102.0,2,102.0,102.0,0.0,inf,0.0,1.0,51.0,0.0,0,rolling,net_profit_fitness,1_day,rep_1
test,1,0,22406,22406,53560,9,8,3965,9.25,5,11,2,39.0,9,39.0,153.0,114.0,1.3421052631578947,76.0,0.3333333333333333,4.333333333333333,19.0,4,rolling,net_profit_fitness,1_day,rep_1
train,1,0,22406,22406,53560,10,8,1352,9.25,5,11,3,102.0,2,102.0,102.0,0.0,inf,0.0,1.0,51.0,0.0,0,rolling,net_profit_fitness,1_day,rep_1
test,1,0,22406,22406,53560,10,8,1352,9.25,5,11,3,9.0,9,9.0,153.0,144.0,1.0625,96.0,0.3333333333333333,1.0,24.0,4,rolling,net_profit_fitness,1_day,rep_1
train,1,0,22406,22406,53560,11,8,1379,9.25,5,11,2,102.0,2,102.0,102.0,0.0,inf,0.0,1.0,51.0,0.0,0,rolling,net_profit_fitness,1_day,rep_1
test,1,0,22406,22406,53560,11,8,1379,9.25,5,11,2,39.0,9,39.0,153.0,114.0,1.3421052631578947,76.0,0.3333333333333333,4.333333333333333,19.0,4,rolling,net_profit_fitness,1_day,rep_1
train,1,0,22406,22406,53560,12,8,1352,9.25,5,11,2,102.0,2,102.0,102.0,0.0,inf,0.0,1.0,51.0,0.0,0,rolling,net_profit_fitness,1_day,rep_1
test,1,0,22406,22406,53560,12,8,1352,9.25,5,11,2,39.0,9,39.0,153.0,114.0,1.3421052631578947,76.0,0.3333333333333333,4.333333333333333,19.0,4,rolling,net_profit_fitness,1_day,rep_1
train,1,0,22406,22406,53560,13,8,3987,9.5,5,11,2,102.0,2,102.0,102.0,0.0,inf,0.0,1.0,51.0,0.0,0,rolling,net_profit_fitness,1_day,rep_1
test,1,0,22406,22406,53560,13,8,3987,9.5,5,11,2,39.0,9,39.0,153.0,114.0,1.3421052631578947,76.0,0.3333333333333333,4.333333333333333,19.0,4,rolling,net_profit_fitness,1_day,rep_1
train,1,0,22406,22406,53560,14,8,1352,9.25,5,11,2,102.0,2,102.0,102.0,0.0,inf,0.0,1.0,51.0,0.0,0,rolling,net_profit_fitness,1_day,rep_1
test,1,0,22406,22406,53560,14,8,1352,9.25,5,11,2,39.0,9,39.0,153.0,114.0,1.3421052631578947,76.0,0.3333333333333333,4.333333333333333,19.0,4,rolling,net_profit_fitness,1_day,rep_1
train,1,0,22406,22406,53560,15,8,2093,9.25,5,11,2,102.0,2,102.0,102.0,0.0,inf,0.0,1.0,51.0,0.0,0,rolling,net_profit_fitness,1_day,rep_1
test,1,0,22406,22406,53560,15,8,2093,9.25,5,11,2,39.0,9,39.0,153.0,114.0,1.3421052631578947,76.0,0.3333333333333333,4.333333333333333,19.0,4,rolling,net_profit_fitness,1_day,rep_1
train,1,0,22406,22406,53560,16,8,1352,9.5,5,11,2,102.0,2,102.0,102.0,0.0,inf,0.0,1.0,51.0,0.0,0,rolling,net_profit_fitness,1_day,rep_1
test,1,0,22406,22406,53560,16,8,1352,9.5,5,11,2,39.0,9,39.0,153.0,114.0,1.3421052631578947,76.0,0.3333333333333333,4.333333333333333,19.0,4,rolling,net_profit_fitness,1_day,rep_1
train,1,0,22406,22406,53560,17,8,427,9.5,5,11,2,102.0,2,102.0,102.0,0.0,inf,0.0,1.0,51.0,0.0,0,rolling,net_profit_fitness,1_day,rep_1
test,1,0,22406,22406,53560,17,8,427,9.5,5,11,2,26.0,6,26.0,102.0,76.0,1.3421052631578947,76.0,0.3333333333333333,4.333333333333333,19.0,4,rolling,net_profit_fitness,1_day,rep_1
train,1,0,22406,22406,53560,18,6,3965,9.25,5,11,2,102.0,2,102.0,102.0,0.0,inf,0.0,1.0,51.0,0.0,0,rolling,net_profit_fitness,1_day,rep_1
test,1,0,22406,22406,53560,18,6,3965,9.25,5,11,2,39.0,9,39.0,153.0,114.0,1.3421052631578947,76.0,0.3333333333333333,4.333333333333333,19.0,4,rolling,net_profit_fitness,1_day,rep_1
train,1,0,22406,22406,53560,19,8,1352,9.5,5,11,2,102.0,2,102.0,102.0,0.0,inf,0.0,1.0,51.0,0.0,0,rolling,net_profit_fitness,1_day,rep_1
test,1,0,22406,22406,53560,19,8,1352,9.5,5,11,2,39.0,9,39.0,153.0,114.0,1.3421052631578947,76.0,0.3333333333333333,4.333333333333333,19.0,4,rolling,net_profit_fitness,1_day,rep_1
train,1,0,22406,22406,53560,20,8,2326,9.5,5,11,3,102.0,2,102.0,102.0,0.0,inf,0.0,1.0,51.0,0.0,0,rolling,net_profit_fitness,1_day,rep_1
test,1,0,22406,22406,53560,20,8,2326,9.5,5,11,3,9.0,9,9.0,153.0,144.0,1.0625,96.0,0.3333333333333333,1.0,24.0,4,rolling,net_profit_fitness,1_day,rep_1
train,1,0,22406,22406,53560,21,8,3965,9.25,5,11,2,102.0,2,102.0,102.0,0.0,inf,0.0,1.0,51.0,0.0,0,rolling,net_profit_fitness,1_day,rep_1
test,1,0,22406,22406,53560,21,8,3965,9.25,5,11,2,39.0,9,39.0,153.0,114.0,1.3421052631578947,76.0,0.3333333333333333,4.333333333333333,19.0,4,rolling,net_profit_fitness,1_day,rep_1
train,1,0,22406,22406,53560,22,8,3965,9.5,5,11,2,102.0,2,102.0,102.0,0.0,inf,0.0,1.0,51.0,0.0,0,rolling,net_profit_fitness,1_day,rep_1
test,1,0,22406,22406,53560,22,8,3965,9.5,5,11,2,39.0,9,39.0,153.0,114.0,1.3421052631578947,76.0,0.3333333333333333,4.333333333333333,19.0,4,rolling,net_profit_fitness,1_day,rep_1
train,1,0,22406,22406,53560,23,6,1373,9.5,5,11,4,102.0,2,102.0,102.0,0.0,inf,0.0,1.0,51.0,0.0,0,rolling,net_profit_fitness,1_day,rep_1
test,1,0,22406,22406,53560,23,6,1373,9.5,5,11,4,-21.0,9,-21.0,153.0,174.0,0.8793103448275862,123.0,0.3333333333333333,-2.333333333333333,29.0,4,rolling,net_profit_fitness,1_day,rep_1
train,1,0,22406,22406,53560,24,6,1487,9.25,5,11,2,102.0,2,102.0,102.0,0.0,inf,0.0,1.0,51.0,0.0,0,rolling,net_profit_fitness,1_day,rep_1
test,1,0,22406,22406,53560,24,6,1487,9.25,5,11,2,39.0,9,39.0,153.0,114.0,1.3421052631578947,76.0,0.3333333333333333,4.333333333333333,19.0,4,rolling,net_profit_fitness,1_day,rep_1
train,1,0,22406,22406,53560,25,8,1406,9.25,5,11,2,102.0,2,102.0,102.0,0.0,inf,0.0,1.0,51.0,0.0,0,rolling,net_profit_fitness,1_day,rep_1
test,1,0,22406,22406,53560,25,8,1406,9.25,5,11,2,39.0,9,39.0,153.0,114.0,1.3421052631578947,76.0,0.3333333333333333,4.333333333333333,19.0,4,rolling,net_profit_fitness,1_day,rep_1
train,1,0,22406,22406,53560,26,8,1315,9.25,5,11,2,102.0,2,102.0,102.0,0.0,inf,0.0,1.0,51.0,0.0,0,rolling,net_profit_fitness,1_day,rep_1
test,1,0,22406,22406,53560,26,8,1315,9.25,5,11,2,39.0,9,39.0,153.0,114.0,1.3421052631578947,76.0,0.3333333333333333,4.333333333333333,19.0,4,rolling,net_profit_fitness,1_day,rep_1
train,1,0,22406,22406,53560,27,8,1373,9.75,5,11,5,102.0,2,102.0,102.0,0.0,inf,0.0,1.0,51.0,0.0,0,rolling,net_profit_fitness,1_day,rep_1
test,1,0,22406,22406,53560,27,8,1373,9.75,5,11,5,-51.0,9,-51.0,153.0,204.0,0.75,153.0,0.3333333333333333,-5.666666666666667,34.0,4,rolling,net_profit_fitness,1_day,rep_1
train,1,0,22406,22406,53560,28,8,1373,9.5,5,11,5,102.0,2,102.0,102.0,0.0,inf,0.0,1.0,51.0,0.0,0,rolling,net_profit_fitness,1_day,rep_1
test,1,0,22406,22406,53560,28,8,1373,9.5,5,11,5,-51.0,9,-51.0,153.0,204.0,0.75,153.0,0.3333333333333333,-5.666666666666667,34.0,4,rolling,net_profit_fitness,1_day,rep_1
train,1,0,22406,22406,53560,29,6,1352,9.0,5,11,3,102.0,2,102.0,102.0,0.0,inf,0.0,1.0,51.0,0.0,0,rolling,net_profit_fitness,1_day,rep_1
test,1,0,22406,22406,53560,29,6,1352,9.0,5,11,3,9.0,9,9.0,153.0,144.0,1.0625,96.0,0.3333333333333333,1.0,24.0,4,rolling,net_profit_fitness,1_day,rep_1
train,1,0,22406,22406,53560,30,6,2174,9.25,5,11,2,102.0,2,102.0,102.0,0.0,inf,0.0,1.0,51.0,0.0,0,rolling,net_profit_fitness,1_day,rep_1
test,1,0,22406,22406,53560,30,6,2174,9.25,5,11,2,39.0,9,39.0,153.0,114.0,1.3421052631578947,76.0,0.3333333333333333,4.333333333333333,19.0,4,rolling,net_profit_fitness,1_day,rep_1
train,1,0,22406,22406,53560,31,6,1352,9.5,5,11,2,102.0,2,102.0,102.0,0.0,inf,0.0,1.0,51.0,0.0,0,rolling,net_profit_fitness,1_day,rep_1
test,1,0,22406,22406,53560,31,6,1352,9.5,5,11,2,39.0,9,39.0,153.0,114.0,1.3421052631578947,76.0,0.3333333333333333,4.333333333333333,19.0,4,rolling,net_profit_fitness,1_day,rep_1
train,1,0,22406,22406,53560,32,6,1352,9.25,5,11,3,102.0,2,102.0,102.0,0.0,inf,0.0,1.0,51.0,0.0,0,rolling,net_profit_fitness,1_day,rep_1
test,1,0,22406,22406,53560,32,6,1352,9.25,5,11,3,9.0,9,9.0,153.0,144.0,1.0625,96.0,0.3333333333333333,1.0,24.0,4,rolling,net_profit_fitness,1_day,rep_1
train,1,0,22406,22406,53560,33,8,1352,9.25,5,11,2,102.0,2,102.0,102.0,0.0,inf,0.0,1.0,51.0,0.0,0,rolling,net_profit_fitness,1_day,rep_1
test,1,0,22406,22406,53560,33,8,1352,9.25,5,11,2,39.0,9,39.0,153.0,114.0,1.3421052631578947,76.0,0.3333333333333333,4.333333333333333,19.0,4,rolling,net_profit_fitness,1_day,rep_1
train,1,0,22406,22406,53560,34,8,1386,9.75,5,11,2,102.0,2,102.0,102.0,0.0,inf,0.0,1.0,51.0,0.0,0,rolling,net_profit_fitness,1_day,rep_1
test,1,0,22406,22406,53560,34,8,1386,9.75,5,11,2,39.0,9,39.0,153.0,114.0,1.3421052631578947,76.0,0.3333333333333333,4.333333333333333,19.0,4,rolling,net_profit_fitness,1_day,rep_1
train,1,0,22406,22406,53560,35,6,1352,9.5,5,11,2,102.0,2,102.0,102.0,0.0,inf,0.0,1.0,51.0,0.0,0,rolling,net_profit_fitness,1_day,rep_1
test,1,0,22406,22406,53560,35,6,1352,9.5,5,11,2,39.0,9,39.0,153.0,114.0,1.3421052631578947,76.0,0.3333333333333333,4.333333333333333,19.0,4,rolling,net_profit_fitness,1_day,rep_1
train,1,0,22406,22406,53560,36,6,2174,9.5,5,11,4,102.0,2,102.0,102.0,0.0,inf,0.0,1.0,51.0,0.0,0,rolling,net_profit_fitness,1_day,rep_1
test,1,0,22406,22406,53560,36,6,2174,9.5,5,11,4,-21.0,9,-21.0,153.0,174.0,0.8793103448275862,123.0,0.3333333333333333,-2.333333333333333,29.0,4,rolling,net_profit_fitness,1_day,rep_1
train,1,0,22406,22406,53560,37,6,1386,9.0,5,11,4,102.0,2,102.0,102.0,0.0,inf,0.0,1.0,51.0,0.0,0,rolling,net_profit_fitness,1_day,rep_1
test,1,0,22406,22406,53560,37,6,1386,9.0,5,11,4,-21.0,9,-21.0,153.0,174.0,0.8793103448275862,123.0,0.3333333333333333,-2.333333333333333,29.0,4,rolling,net_profit_fitness,1_day,rep_1
train,1,0,22406,22406,53560,38,6,1352,9.0,5,11,2,102.0,2,102.0,102.0,0.0,inf,0.0,1.0,51.0,0.0,0,rolling,net_profit_fitness,1_day,rep_1
test,1,0,22406,22406,53560,38,6,1352,9.0,5,11,2,39.0,9,39.0,153.0,114.0,1.3421052631578947,76.0,0.3333333333333333,4.333333333333333,19.0,4,rolling,net_profit_fitness,1_day,rep_1
train,1,0,22406,22406,53560,39,8,1215,9.5,5,11,3,102.0,2,102.0,102.0,0.0,inf,0.0,1.0,51.0,0.0,0,rolling,net_profit_fitness,1_day,rep_1
test,1,0,22406,22406,53560,39,8,1215,9.5,5,11,3,9.0,9,9.0,153.0,144.0,1.0625,96.0,0.3333333333333333,1.0,24.0,4,rolling,net_profit_fitness,1_day,rep_1
train,1,0,22406,22406,53560,40,8,1473,9.25,5,11,3,102.0,2,102.0,102.0,0.0,inf,0.0,1.0,51.0,0.0,0,rolling,net_profit_fitness,1_day,rep_1
test,1,0,22406,22406,53560,40,8,1473,9.25,5,11,3,9.0,9,9.0,153.0,144.0,1.0625,96.0,0.3333333333333333,1.0,24.0,4,rolling,net_profit_fitness,1_day,rep_1
train,1,0,22406,22406,53560,41,8,1460,9.25,5,11,2,102.0,2,102.0,102.0,0.0,inf,0.0,1.0,51.0,0.0,0,rolling,net_profit_fitness,1_day,rep_1
test,1,0,22406,22406,53560,41,8,1460,9.25,5,11,2,39.0,9,39.0,153.0,114.0,1.3421052631578947,76.0,0.3333333333333333,4.333333333333333,19.0,4,rolling,net_profit_fitness,1_day,rep_1
train,1,0,22406,22406,53560,42,6,1386,9.75,5,11,3,102.0,2,102.0,102.0,0.0,inf,0.0,1.0,51.0,0.0,0,rolling,net_profit_fitness,1_day,rep_1
test,1,0,22406,22406,53560,42,6,1386,9.75,5,11,3,9.0,9,9.0,153.0,144.0,1.0625,96.0,0.3333333333333333,1.0,24.0,4,rolling,net_profit_fitness,1_day,rep_1
train,1,0,22406,22406,53560,43,8,1386,9.5,5,11,2,102.0,2,102.0,102.0,0.0,inf,0.0,1.0,51.0,0.0,0,rolling,net_profit_fitness,1_day,rep_1
test,1,0,22406,22406,53560,43,8,1386,9.5,5,11,2,39.0,9,39.0,153.0,114.0,1.3421052631578947,76.0,0.3333333333333333,4.333333333333333,19.0,4,rolling,net_profit_fitness,1_day,rep_1
train,1,0,22406,22406,53560,44,5,1239,9.25,5,11,2,102.0,2,102.0,102.0,0.0,inf,0.0,1.0,51.0,0.0,0,rolling,net_profit_fitness,1_day,rep_1
test,1,0,22406,22406,53560,44,5,1239,9.25,5,11,2,20.0,10,20.0,153.0,133.0,1.150375939849624,82.0,0.3,2.0,19.0,4,rolling,net_profit_fitness,1_day,rep_1
train,1,0,22406,22406,53560,45,6,1293,9.75,5,11,2,102.0,2,102.0,102.0,0.0,inf,0.0,1.0,51.0,0.0,0,rolling,net_profit_fitness,1_day,rep_1
test,1,0,22406,22406,53560,45,6,1293,9.75,5,11,2,39.0,9,39.0,153.0,114.0,1.3421052631578947,76.0,0.3333333333333333,4.333333333333333,19.0,4,rolling,net_profit_fitness,1_day,rep_1
train,1,0,22406,22406,53560,46,8,1396,9.0,5,11,3,102.0,2,102.0,102.0,0.0,inf,0.0,1.0,51.0,0.0,0,rolling,net_profit_fitness,1_day,rep_1
test,1,0,22406,22406,53560,46,8,1396,9.0,5,11,3,9.0,9,9.0,153.0,144.0,1.0625,96.0,0.3333333333333333,1.0,24.0,4,rolling,net_profit_fitness,1_day,rep_1
train,1,0,22406,22406,53560,47,8,1460,9.5,5,11,2,102.0,2,102.0,102.0,0.0,inf,0.0,1.0,51.0,0.0,0,rolling,net_profit_fitness,1_day,rep_1
test,1,0,22406,22406,53560,47,8,1460,9.5,5,11,2,39.0,9,39.0,153.0,114.0,1.3421052631578947,76.0,0.3333333333333333,4.333333333333333,19.0,4,rolling,net_profit_fitness,1_day,rep_1
train,1,0,22406,22406,53560,48,8,3885,9.25,5,11,2,102.0,2,102.0,102.0,0.0,inf,0.0,1.0,51.0,0.0,0,rolling,net_profit_fitness,1_day,rep_1
test,1,0,22406,22406,53560,48,8,3885,9.25,5,11,2,39.0,9,39.0,153.0,114.0,1.3421052631578947,76.0,0.3333333333333333,4.333333333333333,19.0,4,rolling,net_profit_fitness,1_day,rep_1
train,1,0,22406,22406,53560,49,5,1386,9.75,5,11,2,102.0,2,102.0,102.0,0.0,inf,0.0,1.0,51.0,0.0,0,rolling,net_profit_fitness,1_day,rep_1
test,1,0,22406,22406,53560,49,5,1386,9.75,5,11,2,20.0,10,20.0,153.0,133.0,1.150375939849624,82.0,0.3,2.0,19.0,4,rolling,net_profit_fitness,1_day,rep_1
train,1,0,22406,22406,53560,50,7,3647,9.75,5,11,4,102.0,2,102.0,102.0,0.0,inf,0.0,1.0,51.0,0.0,0,rolling,net_profit_fitness,1_day,rep_1
test,1,0,22406,22406,53560,50,7,3647,9.75,5,11,4,-21.0,9,-21.0,153.0,174.0,0.8793103448275862,123.0,0.3333333333333333,-2.333333333333333,29.0,4,rolling,net_profit_fitness,1_day,rep_1
train,1,0,22406,22406,53560,51,8,1239,9.0,5,11,3,102.0,2,102.0,102.0,0.0,inf,0.0,1.0,51.0,0.0,0,rolling,net_profit_fitness,1_day,rep_1
test,1,0,22406,22406,53560,51,8,1239,9.0,5,11,3,9.0,9,9.0,153.0,144.0,1.0625,96.0,0.3333333333333333,1.0,24.0,4,rolling,net_profit_fitness,1_day,rep_1
train,1,0,22406,22406,53560,52,6,3885,9.5,5,11,2,102.0,2,102.0,102.0,0.0,inf,0.0,1.0,51.0,0.0,0,rolling,net_profit_fitness,1_day,rep_1
test,1,0,22406,22406,53560,52,6,3885,9.5,5,11,2,39.0,9,39.0,153.0,114.0,1.3421052631578947,76.0,0.3333333333333333,4.333333333333333,19.0,4,rolling,net_profit_fitness,1_day,rep_1
train,1,0,22406,22406,53560,53,7,3885,9.25,5,11,2,102.0,2,102.0,102.0,0.0,inf,0.0,1.0,51.0,0.0,0,rolling,net_profit_fitness,1_day,rep_1
test,1,0,22406,22406,53560,53,7,3885,9.25,5,11,2,39.0,9,39.0,153.0,114.0,1.3421052631578947,76.0,0.3333333333333333,4.333333333333333,19.0,4,rolling,net_profit_fitness,1_day,rep_1
train,1,0,22406,22406,53560,54,6,1473,9.5,5,11,2,102.0,2,102.0,102.0,0.0,inf,0.0,1.0,51.0,0.0,0,rolling,net_profit_fitness,1_day,rep_1
test,1,0,22406,22406,53560,54,6,1473,9.5,5,11,2,39.0,9,39.0,153.0,114.0,1.3421052631578947,76.0,0.3333333333333333,4.333333333333333,19.0,4,rolling,net_profit_fitness,1_day,rep_1
train,1,0,22406,22406,53560,55,6,3647,9.75,5,11,2,102.0,2,102.0,102.0,0.0,inf,0.0,1.0,51.0,0.0,0,rolling,net_profit_fitness,1_day,rep_1
test,1,0,22406,22406,53560,55,6,3647,9.75,5,11,2,39.0,9,39.0,153.0,114.0,1.3421052631578947,76.0,0.3333333333333333,4.333333333333333,19.0,4,rolling,net_profit_fitness,1_day,rep_1
train,1,0,22406,22406,53560,56,7,4000,9.75,5,11,4,102.0,2,102.0,102.0,0.0,inf,0.0,1.0,51.0,0.0,0,rolling,net_profit_fitness,1_day,rep_1
test,1,0,22406,22406,53560,56,7,4000,9.75,5,11,4,-21.0,9,-21.0,153.0,174.0,0.8793103448275862,123.0,0.3333333333333333,-2.333333333333333,29.0,4,rolling,net_profit_fitness,1_day,rep_1
train,1,0,22406,22406,53560,57,8,1336,9.75,5,11,2,102.0,2,102.0,102.0,0.0,inf,0.0,1.0,51.0,0.0,0,rolling,net_profit_fitness,1_day,rep_1
test,1,0,22406,22406,53560,57,8,1336,9.75,5,11,2,39.0,9,39.0,153.0,114.0,1.3421052631578947,76.0,0.3333333333333333,4.333333333333333,19.0,4,rolling,net_profit_fitness,1_day,rep_1
train,1,0,22406,22406,53560,58,7,1202,9.0,5,11,2,102.0,2,102.0,102.0,0.0,inf,0.0,1.0,51.0,0.0,0,rolling,net_profit_fitness,1_day,rep_1
test,1,0,22406,22406,53560,58,7,1202,9.0,5,11,2,39.0,9,39.0,153.0,114.0,1.3421052631578947,76.0,0.3333333333333333,4.333333333333333,19.0,4,rolling,net_profit_fitness,1_day,rep_1
train,1,0,22406,22406,53560,59,8,3647,9.25,5,11,2,102.0,2,102.0,102.0,0.0,inf,0.0,1.0,51.0,0.0,0,rolling,net_profit_fitness,1_day,rep_1
test,1,0,22406,22406,53560,59,8,3647,9.25,5,11,2,39.0,9,39.0,153.0,114.0,1.3421052631578947,76.0,0.3333333333333333,4.333333333333333,19.0,4,rolling,net_profit_fitness,1_day,rep_1
train,1,0,22406,22406,53560,60,5,1396,9.75,5,11,3,102.0,2,102.0,102.0,0.0,inf,0.0,1.0,51.0,0.0,0,rolling,net_profit_fitness,1_day,rep_1
test,1,0,22406,22406,53560,60,5,1396,9.75,5,11,3,-15.0,10,-15.0,153.0,168.0,0.9107142857142856,117.0,0.3,-1.5,24.0,4,rolling,net_profit_fitness,1_day,rep_1
train,1,0,22406,22406,53560,61,7,1336,9.75,5,11,3,102.0,2,102.0,102.0,0.0,inf,0.0,1.0,51.0,0.0,0,rolling,net_profit_fitness,1_day,rep_1
test,1,0,22406,22406,53560,61,7,1336,9.75,5,11,3,9.0,9,9.0,153.0,144.0,1.0625,96.0,0.3333333333333333,1.0,24.0,4,rolling,net_profit_fitness,1_day,rep_1
train,1,0,22406,22406,53560,62,8,3647,9.75,5,11,2,102.0,2,102.0,102.0,0.0,inf,0.0,1.0,51.0,0.0,0,rolling,net_profit_fitness,1_day,rep_1
test,1,0,22406,22406,53560,62,8,3647,9.75,5,11,2,39.0,9,39.0,153.0,114.0,1.3421052631578947,76.0,0.3333333333333333,4.333333333333333,19.0,4,rolling,net_profit_fitness,1_day,rep_1
train,1,0,22406,22406,53560,63,5,1202,9.0,5,11,4,102.0,2,102.0,102.0,0.0,inf,0.0,1.0,51.0,0.0,0,rolling,net_profit_fitness,1_day,rep_1
test,1,0,22406,22406,53560,63,5,1202,9.0,5,11,4,-50.0,10,-50.0,153.0,203.0,0.7536945812807881,152.0,0.3,-5.0,29.0,4,rolling,net_profit_fitness,1_day,rep_1
train,1,0,22406,22406,53560,64,7,3647,9.75,5,11,2,102.0,2,102.0,102.0,0.0,inf,0.0,1.0,51.0,0.0,0,rolling,net_profit_fitness,1_day,rep_1
test,1,0,22406,22406,53560,64,7,3647,9.75,5,11,2,39.0,9,39.0,153.0,114.0,1.3421052631578947,76.0,0.3333333333333333,4.333333333333333,19.0,4,rolling,net_profit_fitness,1_day,rep_1
train,1,0,22406,22406,53560,65,7,3647,9.25,5,11,2,102.0,2,102.0,102.0,0.0,inf,0.0,1.0,51.0,0.0,0,rolling,net_profit_fitness,1_day,rep_1
test,1,0,22406,22406,53560,65,7,3647,9.25,5,11,2,39.0,9,39.0,153.0,114.0,1.3421052631578947,76.0,0.3333333333333333,4.333333333333333,19.0,4,rolling,net_profit_fitness,1_day,rep_1
train,1,0,22406,22406,53560,66,7,3647,9.75,5,11,2,102.0,2,102.0,102.0,0.0,inf,0.0,1.0,51.0,0.0,0,rolling,net_profit_fitness,1_day,rep_1
test,1,0,22406,22406,53560,66,7,3647,9.75,5,11,2,39.0,9,39.0,153.0,114.0,1.3421052631578947,76.0,0.3333333333333333,4.333333333333333,19.0,4,rolling,net_profit_fitness,1_day,rep_1
train,1,0,22406,22406,53560,67,5,3647,9.75,5,11,2,102.0,2,102.0,102.0,0.0,inf,0.0,1.0,51.0,0.0,0,rolling,net_profit_fitness,1_day,rep_1
test,1,0,22406,22406,53560,67,5,3647,9.75,5,11,2,20.0,10,20.0,153.0,133.0,1.150375939849624,82.0,0.3,2.0,19.0,4,rolling,net_profit_fitness,1_day,rep_1
train,1,0,22406,22406,53560,68,8,3647,9.75,5,11,2,102.0,2,102.0,102.0,0.0,inf,0.0,1.0,51.0,0.0,0,rolling,net_profit_fitness,1_day,rep_1
test,1,0,22406,22406,53560,68,8,3647,9.75,5,11,2,39.0,9,39.0,153.0,114.0,1.3421052631578947,76.0,0.3333333333333333,4.333333333333333,19.0,4,rolling,net_profit_fitness,1_day,rep_1
train,1,0,22406,22406,53560,69,8,3647,9.5,5,11,2,102.0,2,102.0,102.0,0.0,inf,0.0,1.0,51.0,0.0,0,rolling,net_profit_fitness,1_day,rep_1
test,1,0,22406,22406,53560,69,8,3647,9.5,5,11,2,39.0,9,39.0,153.0,114.0,1.3421052631578947,76.0,0.3333333333333333,4.333333333333333,19.0,4,rolling,net_profit_fitness,1_day,rep_1
train,1,0,22406,22406,53560,70,6,3647,9.0,5,11,2,102.0,2,102.0,102.0,0.0,inf,0.0,1.0,51.0,0.0,0,rolling,net_profit_fitness,1_day,rep_1
test,1,0,22406,22406,53560,70,6,3647,9.0,5,11,2,39.0,9,39.0,153.0,114.0,1.3421052631578947,76.0,0.3333333333333333,4.333333333333333,19.0,4,rolling,net_profit_fitness,1_day,rep_1
train,1,0,22406,22406,53560,71,7,3647,9.5,5,11,3,102.0,2,102.0,102.0,0.0,inf,0.0,1.0,51.0,0.0,0,rolling,net_profit_fitness,1_day,rep_1
test,1,0,22406,22406,53560,71,7,3647,9.5,5,11,3,9.0,9,9.0,153.0,144.0,1.0625,96.0,0.3333333333333333,1.0,24.0,4,rolling,net_profit_fitness,1_day,rep_1
train,1,0,22406,22406,53560,72,7,1336,9.0,5,11,2,102.0,2,102.0,102.0,0.0,inf,0.0,1.0,51.0,0.0,0,rolling,net_profit_fitness,1_day,rep_1
test,1,0,22406,22406,53560,72,7,1336,9.0,5,11,2,39.0,9,39.0,153.0,114.0,1.3421052631578947,76.0,0.3333333333333333,4.333333333333333,19.0,4,rolling,net_profit_fitness,1_day,rep_1
train,1,0,22406,22406,53560,73,8,3537,9.5,5,11,2,102.0,2,102.0,102.0,0.0,inf,0.0,1.0,51.0,0.0,0,rolling,net_profit_fitness,1_day,rep_1
test,1,0,22406,22406,53560,73,8,3537,9.5,5,11,2,39.0,9,39.0,153.0,114.0,1.3421052631578947,76.0,0.3333333333333333,4.333333333333333,19.0,4,rolling,net_profit_fitness,1_day,rep_1
train,1,0,22406,22406,53560,74,7,3647,9.75,5,11,3,102.0,2,102.0,102.0,0.0,inf,0.0,1.0,51.0,0.0,0,rolling,net_profit_fitness,1_day,rep_1
test,1,0,22406,22406,53560,74,7,3647,9.75,5,11,3,9.0,9,9.0,153.0,144.0,1.0625,96.0,0.3333333333333333,1.0,24.0,4,rolling,net_profit_fitness,1_day,rep_1
train,1,0,22406,22406,53560,75,7,3282,9.25,5,11,2,102.0,2,102.0,102.0,0.0,inf,0.0,1.0,51.0,0.0,0,rolling,net_profit_fitness,1_day,rep_1
test,1,0,22406,22406,53560,75,7,3282,9.25,5,11,2,39.0,9,39.0,153.0,114.0,1.3421052631578947,76.0,0.3333333333333333,4.333333333333333,19.0,4,rolling,net_profit_fitness,1_day,rep_1
train,1,0,22406,22406,53560,76,7,3647,9.5,5,11,2,102.0,2,102.0,102.0,0.0,inf,0.0,1.0,51.0,0.0,0,rolling,net_profit_fitness,1_day,rep_1
test,1,0,22406,22406,53560,76,7,3647,9.5,5,11,2,39.0,9,39.0,153.0,114.0,1.3421052631578947,76.0,0.3333333333333333,4.333333333333333,19.0,4,rolling,net_profit_fitness,1_day,rep_1
train,1,0,22406,22406,53560,77,7,3647,9.25,5,11,2,102.0,2,102.0,102.0,0.0,inf,0.0,1.0,51.0,0.0,0,rolling,net_profit_fitness,1_day,rep_1
test,1,0,22406,22406,53560,77,7,3647,9.25,5,11,2,39.0,9,39.0,153.0,114.0,1.3421052631578947,76.0,0.3333333333333333,4.333333333333333,19.0,4,rolling,net_profit_fitness,1_day,rep_1
train,1,0,22406,22406,53560,78,6,3314,9.75,5,11,3,102.0,2,102.0,102.0,0.0,inf,0.0,1.0,51.0,0.0,0,rolling,net_profit_fitness,1_day,rep_1
test,1,0,22406,22406,53560,78,6,3314,9.75,5,11,3,9.0,9,9.0,153.0,144.0,1.0625,96.0,0.3333333333333333,1.0,24.0,4,rolling,net_profit_fitness,1_day,rep_1
train,1,0,22406,22406,53560,79,5,3902,9.0,5,11,2,102.0,2,102.0,102.0,0.0,inf,0.0,1.0,51.0,0.0,0,rolling,net_profit_fitness,1_day,rep_1
test,1,0,22406,22406,53560,79,5,3902,9.0,5,11,2,20.0,10,20.0,153.0,133.0,1.150375939849624,82.0,0.3,2.0,19.0,4,rolling,net_profit_fitness,1_day,rep_1
train,1,0,22406,22406,53560,80,7,3647,9.25,5,11,2,102.0,2,102.0,102.0,0.0,inf,0.0,1.0,51.0,0.0,0,rolling,net_profit_fitness,1_day,rep_1
test,1,0,22406,22406,53560,80,7,3647,9.25,5,11,2,39.0,9,39.0,153.0,114.0,1.3421052631578947,76.0,0.3333333333333333,4.333333333333333,19.0,4,rolling,net_profit_fitness,1_day,rep_1
train,1,0,22406,22406,53560,81,5,3321,9.5,5,11,3,102.0,2,102.0,102.0,0.0,inf,0.0,1.0,51.0,0.0,0,rolling,net_profit_fitness,1_day,rep_1
test,1,0,22406,22406,53560,81,5,3321,9.5,5,11,3,-15.0,10,-15.0,153.0,168.0,0.9107142857142856,117.0,0.3,-1.5,24.0,4,rolling,net_profit_fitness,1_day,rep_1
train,1,0,22406,22406,53560,82,7,4000,9.5,5,11,2,102.0,2,102.0,102.0,0.0,inf,0.0,1.0,51.0,0.0,0,rolling,net_profit_fitness,1_day,rep_1
test,1,0,22406,22406,53560,82,7,4000,9.5,5,11,2,39.0,9,39.0,153.0,114.0,1.3421052631578947,76.0,0.3333333333333333,4.333333333333333,19.0,4,rolling,net_profit_fitness,1_day,rep_1
train,1,0,22406,22406,53560,83,6,1469,9.75,5,11,3,102.0,2,102.0,102.0,0.0,inf,0.0,1.0,51.0,0.0,0,rolling,net_profit_fitness,1_day,rep_1
test,1,0,22406,22406,53560,83,6,1469,9.75,5,11,3,9.0,9,9.0,153.0,144.0,1.0625,96.0,0.3333333333333333,1.0,24.0,4,rolling,net_profit_fitness,1_day,rep_1
train,1,0,22406,22406,53560,84,7,3938,9.75,5,11,4,102.0,2,102.0,102.0,0.0,inf,0.0,1.0,51.0,0.0,0,rolling,net_profit_fitness,1_day,rep_1
test,1,0,22406,22406,53560,84,7,3938,9.75,5,11,4,-21.0,9,-21.0,153.0,174.0,0.8793103448275862,123.0,0.3333333333333333,-2.333333333333333,29.0,4,rolling,net_profit_fitness,1_day,rep_1
train,1,0,22406,22406,53560,85,6,3413,9.25,5,11,2,102.0,2,102.0,102.0,0.0,inf,0.0,1.0,51.0,0.0,0,rolling,net_profit_fitness,1_day,rep_1
test,1,0,22406,22406,53560,85,6,3413,9.25,5,11,2,39.0,9,39.0,153.0,114.0,1.3421052631578947,76.0,0.3333333333333333,4.333333333333333,19.0,4,rolling,net_profit_fitness,1_day,rep_1
train,1,0,22406,22406,53560,86,6,3537,9.25,5,11,2,102.0,2,102.0,102.0,0.0,inf,0.0,1.0,51.0,0.0,0,rolling,net_profit_fitness,1_day,rep_1
test,1,0,22406,22406,53560,86,6,3537,9.25,5,11,2,39.0,9,39.0,153.0,114.0,1.3421052631578947,76.0,0.3333333333333333,4.333333333333333,19.0,4,rolling,net_profit_fitness,1_day,rep_1
train,1,0,22406,22406,53560,87,5,3537,9.75,5,11,4,102.0,2,102.0,102.0,0.0,inf,0.0,1.0,51.0,0.0,0,rolling,net_profit_fitness,1_day,rep_1
test,1,0,22406,22406,53560,87,5,3537,9.75,5,11,4,-50.0,10,-50.0,153.0,203.0,0.7536945812807881,152.0,0.3,-5.0,29.0,4,rolling,net_profit_fitness,1_day,rep_1
train,1,0,22406,22406,53560,88,5,3647,9.25,5,11,4,102.0,2,102.0,102.0,0.0,inf,0.0,1.0,51.0,0.0,0,rolling,net_profit_fitness,1_day,rep_1
test,1,0,22406,22406,53560,88,5,3647,9.25,5,11,4,-50.0,10,-50.0,153.0,203.0,0.7536945812807881,152.0,0.3,-5.0,29.0,4,rolling,net_profit_fitness,1_day,rep_1
train,1,0,22406,22406,53560,89,7,3713,9.25,5,11,3,102.0,2,102.0,102.0,0.0,inf,0.0,1.0,51.0,0.0,0,rolling,net_profit_fitness,1_day,rep_1
test,1,0,22406,22406,53560,89,7,3713,9.25,5,11,3,9.0,9,9.0,153.0,144.0,1.0625,96.0,0.3333333333333333,1.0,24.0,4,rolling,net_profit_fitness,1_day,rep_1
train,1,0,22406,22406,53560,90,7,3647,9.75,5,11,2,102.0,2,102.0,102.0,0.0,inf,0.0,1.0,51.0,0.0,0,rolling,net_profit_fitness,1_day,rep_1
test,1,0,22406,22406,53560,90,7,3647,9.75,5,11,2,39.0,9,39.0,153.0,114.0,1.3421052631578947,76.0,0.3333333333333333,4.333333333333333,19.0,4,rolling,net_profit_fitness,1_day,rep_1
train,1,0,22406,22406,53560,91,6,3902,9.25,5,11,2,102.0,2,102.0,102.0,0.0,inf,0.0,1.0,51.0,0.0,0,rolling,net_profit_fitness,1_day,rep_1
test,1,0,22406,22406,53560,91,6,3902,9.25,5,11,2,39.0,9,39.0,153.0,114.0,1.3421052631578947,76.0,0.3333333333333333,4.333333333333333,19.0,4,rolling,net_profit_fitness,1_day,rep_1
train,1,0,22406,22406,53560,92,5,3014,9.75,5,11,2,102.0,2,102.0,102.0,0.0,inf,0.0,1.0,51.0,0.0,0,rolling,net_profit_fitness,1_day,rep_1
test,1,0,22406,22406,53560,92,5,3014,9.75,5,11,2,20.0,10,20.0,153.0,133.0,1.150375939849624,82.0,0.3,2.0,19.0,4,rolling,net_profit_fitness,1_day,rep_1
train,1,0,22406,22406,53560,93,7,3713,9.75,5,11,3,102.0,2,102.0,102.0,0.0,inf,0.0,1.0,51.0,0.0,0,rolling,net_profit_fitness,1_day,rep_1
test,1,0,22406,22406,53560,93,7,3713,9.75,5,11,3,9.0,9,9.0,153.0,144.0,1.0625,96.0,0.3333333333333333,1.0,24.0,4,rolling,net_profit_fitness,1_day,rep_1
train,1,0,22406,22406,53560,94,5,3713,9.25,5,11,4,102.0,2,102.0,102.0,0.0,inf,0.0,1.0,51.0,0.0,0,rolling,net_profit_fitness,1_day,rep_1
test,1,0,22406,22406,53560,94,5,3713,9.25,5,11,4,-50.0,10,-50.0,153.0,203.0,0.7536945812807881,152.0,0.3,-5.0,29.0,4,rolling,net_profit_fitness,1_day,rep_1
train,1,0,22406,22406,53560,95,5,3713,9.75,5,11,4,102.0,2,102.0,102.0,0.0,inf,0.0,1.0,51.0,0.0,0,rolling,net_profit_fitness,1_day,rep_1
test,1,0,22406,22406,53560,95,5,3713,9.75,5,11,4,-50.0,10,-50.0,153.0,203.0,0.7536945812807881,152.0,0.3,-5.0,29.0,4,rolling,net_profit_fitness,1_day,rep_1
train,1,0,22406,22406,53560,96,7,3537,9.75,5,11,4,102.0,2,102.0,102.0,0.0,inf,0.0,1.0,51.0,0.0,0,rolling,net_profit_fitness,1_day,rep_1
test,1,0,22406,22406,53560,96,7,3537,9.75,5,11,4,-21.0,9,-21.0,153.0,174.0,0.8793103448275862,123.0,0.3333333333333333,-2.333333333333333,29.0,4,rolling,net_profit_fitness,1_day,rep_1
train,1,0,22406,22406,53560,97,5,3647,9.25,5,11,2,102.0,2,102.0,102.0,0.0,inf,0.0,1.0,51.0,0.0,0,rolling,net_profit_fitness,1_day,rep_1
test,1,0,22406,22406,53560,97,5,3647,9.25,5,11,2,20.0,10,20.0,153.0,133.0,1.150375939849624,82.0,0.3,2.0,19.0,4,rolling,net_profit_fitness,1_day,rep_1
train,1,0,22406,22406,53560,98,6,3446,9.25,5,11,3,102.0,2,102.0,102.0,0.0,inf,0.0,1.0,51.0,0.0,0,rolling,net_profit_fitness,1_day,rep_1
test,1,0,22406,22406,53560,98,6,3446,9.25,5,11,3,9.0,9,9.0,153.0,144.0,1.0625,96.0,0.3333333333333333,1.0,24.0,4,rolling,net_profit_fitness,1_day,rep_1
train,1,0,22406,22406,53560,99,5,3572,9.25,5,11,4,102.0,2,102.0,102.0,0.0,inf,0.0,1.0,51.0,0.0,0,rolling,net_profit_fitness,1_day,rep_1
test,1,0,22406,22406,53560,99,5,3572,9.25,5,11,4,-50.0,10,-50.0,153.0,203.0,0.7536945812807881,152.0,0.3,-5.0,29.0,4,rolling,net_profit_fitness,1_day,rep_1
train,1,0,22406,22406,53560,100,5,3647,9.5,5,11,2,102.0,2,102.0,102.0,0.0,inf,0.0,1.0,51.0,0.0,0,rolling,net_profit_fitness,1_day,rep_1
test,1,0,22406,22406,53560,100,5,3647,9.5,5,11,2,20.0,10,20.0,153.0,133.0,1.150375939849624,82.0,0.3,2.0,19.0,4,rolling,net_profit_fitness,1_day,rep_1
train,2,22406,53560,53560,86986,0,10,1195,6.75,9,21,2,82.0,2,82.0,101.0,19.0,5.315789473684211,19.0,0.5,41.0,19.0,1,rolling,net_profit_fitness,1_day,rep_1
test,2,22406,53560,53560,86986,0,10,1195,6.75,9,21,2,82.0,2,82.0,101.0,19.0,5.315789473684211,19.0,0.5,41.0,19.0,1,rolling,net_profit_fitness,1_day,rep_1
train,2,22406,53560,53560,86986,1,13,3269,6.25,7,25,3,73.0,3,73.0,121.0,48.0,2.520833333333333,24.0,0.3333333333333333,24.33333333333333,24.0,1,rolling,net_profit_fitness,1_day,rep_1
test,2,22406,53560,53560,86986,1,13,3269,6.25,7,25,3,97.0,2,97.0,121.0,24.0,5.041666666666667,24.0,0.5,48.5,24.0,1,rolling,net_profit_fitness,1_day,rep_1
train,2,22406,53560,53560,86986,2,11,461,8.25,8,10,13,92.0,2,92.0,92.0,0.0,inf,0.0,1.0,46.0,0.0,0,rolling,net_profit_fitness,1_day,rep_1
test,2,22406,53560,53560,86986,2,11,461,8.25,8,10,13,-28.0,2,-28.0,46.0,74.0,0.6216216216216216,74.0,0.5,-14.0,74.0,1,rolling,net_profit_fitness,1_day,rep_1
train,2,22406,53560,53560,86986,3,13,1195,5.25,9,27,23,131.0,1,131.0,131.0,0.0,inf,0.0,1.0,131.0,0.0,0,rolling,net_profit_fitness,1_day,rep_1
test,2,22406,53560,53560,86986,3,13,1195,5.25,9,27,23,7.0,2,7.0,131.0,124.0,1.0564516129032258,124.0,0.5,3.5,124.0,1,rolling,net_profit_fitness,1_day,rep_1
train,2,22406,53560,53560,86986,4,12,461,7.5,8,25,3,73.0,3,73.0,121.0,48.0,2.520833333333333,24.0,0.3333333333333333,24.33333333333333,24.0,1,rolling,net_profit_fitness,1_day,rep_1
test,2,22406,53560,53560,86986,4,12,461,7.5,8,25,3,97.0,2,97.0,121.0,24.0,5.041666666666667,24.0,0.5,48.5,24.0,1,rolling,net_profit_fitness,1_day,rep_1
train,2,22406,53560,53560,86986,5,14,1946,6.75,9,21,5,101.0,1,101.0,101.0,0.0,inf,0.0,1.0,101.0,0.0,0,rolling,net_profit_fitness,1_day,rep_1
test,2,22406,53560,53560,86986,5,14,1946,6.75,9,21,5,67.0,2,67.0,101.0,34.0,2.9705882352941178,34.0,0.5,33.5,34.0,1,rolling,net_profit_fitness,1_day,rep_1
train,2,22406,53560,53560,86986,6,14,461,6.75,6,21,7,101.0,1,101.0,101.0,0.0,inf,0.0,1.0,101.0,0.0,0,rolling,net_profit_fitness,1_day,rep_1
test,2,22406,53560,53560,86986,6,14,461,6.75,6,21,7,57.0,2,57.0,101.0,44.0,2.2954545454545454,44.0,0.5,28.5,44.0,1,rolling,net_profit_fitness,1_day,rep_1
train,2,22406,53560,53560,86986,7,14,2242,7.25,9,21,2,101.0,1,101.0,101.0,0.0,inf,0.0,1.0,101.0,0.0,0,rolling,net_profit_fitness,1_day,rep_1
test,2,22406,53560,53560,86986,7,14,2242,7.25,9,21,2,82.0,2,82.0,101.0,19.0,5.315789473684211,19.0,0.5,41.0,19.0,1,rolling,net_profit_fitness,1_day,rep_1
train,2,22406,53560,53560,86986,8,14,831,6.75,6,21,5,101.0,1,101.0,101.0,0.0,inf,0.0,1.0,101.0,0.0,0,rolling,net_profit_fitness,1_day,rep_1
test,2,22406,53560,53560,86986,8,14,831,6.75,6,21,5,67.0,2,67.0,101.0,34.0,2.9705882352941178,34.0,0.5,33.5,34.0,1,rolling,net_profit_fitness,1_day,rep_1
train,2,22406,53560,53560,86986,9,14,3647,6.75,9,21,5,101.0,1,101.0,101.0,0.0,inf,0.0,1.0,101.0,0.0,0,rolling,net_profit_fitness,1_day,rep_1
test,2,22406,53560,53560,86986,9,14,3647,6.75,9,21,5,67.0,2,67.0,101.0,34.0,2.9705882352941178,34.0,0.5,33.5,34.0,1,rolling,net_profit_fitness,1_day,rep_1
train,2,22406,53560,53560,86986,10,14,461,6.75,9,21,3,101.0,1,101.0,101.0,0.0,inf,0.0,1.0,101.0,0.0,0,rolling,net_profit_fitness,1_day,rep_1
test,2,22406,53560,53560,86986,10,14,461,6.75,9,21,3,77.0,2,77.0,101.0,24.0,4.208333333333333,24.0,0.5,38.5,24.0,1,rolling,net_profit_fitness,1_day,rep_1
train,2,22406,53560,53560,86986,11,14,523,7.75,9,22,4,106.0,1,106.0,106.0,0.0,inf,0.0,1.0,106.0,0.0,0,rolling,net_profit_fitness,1_day,rep_1
test,2,22406,53560,53560,86986,11,14,523,7.75,9,22,4,77.0,2,77.0,106.0,29.0,3.655172413793104,29.0,0.5,38.5,29.0,1,rolling,net_profit_fitness,1_day,rep_1
train,2,22406,53560,53560,86986,12,14,3585,7.75,9,22,4,106.0,1,106.0,106.0,0.0,inf,0.0,1.0,106.0,0.0,0,rolling,net_profit_fitness,1_day,rep_1
test,2,22406,53560,53560,86986,12,14,3585,7.75,9,22,4,77.0,2,77.0,106.0,29.0,3.655172413793104,29.0,0.5,38.5,29.0,1,rolling,net_profit_fitness,1_day,rep_1
train,2,22406,53560,53560,86986,13,14,3585,7.75,9,22,3,106.0,1,106.0,106.0,0.0,inf,0.0,1.0,106.0,0.0,0,rolling,net_profit_fitness,1_day,rep_1
test,2,22406,53560,53560,86986,13,14,3585,7.75,9,22,3,82.0,2,82.0,106.0,24.0,4.416666666666667,24.0,0.5,41.0,24.0,1,rolling,net_profit_fitness,1_day,rep_1
train,2,22406,53560,53560,86986,14,14,3647,7.5,9,22,5,106.0,1,106.0,106.0,0.0,inf,0.0,1.0,106.0,0.0,0,rolling,net_profit_fitness,1_day,rep_1
test,2,22406,53560,53560,86986,14,14,3647,7.5,9,22,5,72.0,2,72.0,106.0,34.0,3.117647058823529,34.0,0.5,36.0,34.0,1,rolling,net_profit_fitness,1_day,rep_1
train,2,22406,53560,53560,86986,15,14,502,7.5,9,22,2,106.0,1,106.0,106.0,0.0,inf,0.0,1.0,106.0,0.0,0,rolling,net_profit_fitness,1_day,rep_1
test,2,22406,53560,53560,86986,15,14,502,7.5,9,22,2,87.0,2,87.0,106.0,19.0,5.578947368421052,19.0,0.5,43.5,19.0,1,rolling,net_profit_fitness,1_day,rep_1
train,2,22406,53560,53560,86986,16,14,3647,6.75,9,22,5,106.0,1,106.0,106.0,0.0,inf,0.0,1.0,106.0,0.0,0,rolling,net_profit_fitness,1_day,rep_1
test,2,22406,53560,53560,86986,16,14,3647,6.75,9,22,5,72.0,2,72.0,106.0,34.0,3.117647058823529,34.0,0.5,36.0,34.0,1,rolling,net_profit_fitness,1_day,rep_1
train,2,22406,53560,53560,86986,17,14,502,7.75,8,22,4,106.0,1,106.0,106.0,0.0,inf,0.0,1.0,106.0,0.0,0,rolling,net_profit_fitness,1_day,rep_1
test,2,22406,53560,53560,86986,17,14,502,7.75,8,22,4,77.0,2,77.0,106.0,29.0,3.655172413793104,29.0,0.5,38.5,29.0,1,rolling,net_profit_fitness,1_day,rep_1
train,2,22406,53560,53560,86986,18,14,559,6.75,9,22,6,106.0,1,106.0,106.0,0.0,inf,0.0,1.0,106.0,0.0,0,rolling,net_profit_fitness,1_day,rep_1
test,2,22406,53560,53560,86986,18,14,559,6.75,9,22,6,67.0,2,67.0,106.0,39.0,2.717948717948718,39.0,0.5,33.5,39.0,1,rolling,net_profit_fitness,1_day,rep_1
train,2,22406,53560,53560,86986,19,14,3647,6.75,9,22,5,106.0,1,106.0,106.0,0.0,inf,0.0,1.0,106.0,0.0,0,rolling,net_profit_fitness,1_day,rep_1
test,2,22406,53560,53560,86986,19,14,3647,6.75,9,22,5,72.0,2,72.0,106.0,34.0,3.117647058823529,34.0,0.5,36.0,34.0,1,rolling,net_profit_fitness,1_day,rep_1
train,2,22406,53560,53560,86986,20,14,3792,7.75,9,22,3,106.0,1,106.0,106.0,0.0,inf,0.0,1.0,106.0,0.0,0,rolling,net_profit_fitness,1_day,rep_1
test,2,22406,53560,53560,86986,20,14,3792,7.75,9,22,3,82.0,2,82.0,106.0,24.0,4.416666666666667,24.0,0.5,41.0,24.0,1,rolling,net_profit_fitness,1_day,rep_1
train,2,22406,53560,53560,86986,21,13,523,6.5,9,22,6,106.0,1,106.0,106.0,0.0,inf,0.0,1.0,106.0,0.0,0,rolling,net_profit_fitness,1_day,rep_1
test,2,22406,53560,53560,86986,21,13,523,6.5,9,22,6,67.0,2,67.0,106.0,39.0,2.717948717948718,39.0,0.5,33.5,39.0,1,rolling,net_profit_fitness,1_day,rep_1
train,2,22406,53560,53560,86986,22,14,3792,7.75,9,22,3,106.0,1,106.0,106.0,0.0,inf,0.0,1.0,106.0,0.0,0,rolling,net_profit_fitness,1_day,rep_1
test,2,22406,53560,53560,86986,22,14,3792,7.75,9,22,3,82.0,2,82.0,106.0,24.0,4.416666666666667,24.0,0.5,41.0,24.0,1,rolling,net_profit_fitness,1_day,rep_1
train,2,22406,53560,53560,86986,23,14,3754,7.75,9,22,5,106.0,1,106.0,106.0,0.0,inf,0.0,1.0,106.0,0.0,0,rolling,net_profit_fitness,1_day,rep_1
test,2,22406,53560,53560,86986,23,14,3754,7.75,9,22,5,72.0,2,72.0,106.0,34.0,3.117647058823529,34.0,0.5,36.0,34.0,1,rolling,net_profit_fitness,1_day,rep_1
train,2,22406,53560,53560,86986,24,14,3754,7.5,9,22,4,106.0,1,106.0,106.0,0.0,inf,0.0,1.0,106.0,0.0,0,rolling,net_profit_fitness,1_day,rep_1
test,2,22406,53560,53560,86986,24,14,3754,7.5,9,22,4,77.0,2,77.0,106.0,29.0,3.655172413793104,29.0,0.5,38.5,29.0,1,rolling,net_profit_fitness,1_day,rep_1
train,2,22406,53560,53560,86986,25,14,3975,7.75,9,22,5,106.0,1,106.0,106.0,0.0,inf,0.0,1.0,106.0,0.0,0,rolling,net_profit_fitness,1_day,rep_1
test,2,22406,53560,53560,86986,25,14,3975,7.75,9,22,5,72.0,2,72.0,106.0,34.0,3.117647058823529,34.0,0.5,36.0,34.0,1,rolling,net_profit_fitness,1_day,rep_1
train,2,22406,53560,53560,86986,26,13,3657,7.5,9,22,5,106.0,1,106.0,106.0,0.0,inf,0.0,1.0,106.0,0.0,0,rolling,net_profit_fitness,1_day,rep_1
test,2,22406,53560,53560,86986,26,13,3657,7.5,9,22,5,72.0,2,72.0,106.0,34.0,3.117647058823529,34.0,0.5,36.0,34.0,1,rolling,net_profit_fitness,1_day,rep_1
train,2,22406,53560,53560,86986,27,14,3647,6.75,9,22,5,106.0,1,106.0,106.0,0.0,inf,0.0,1.0,106.0,0.0,0,rolling,net_profit_fitness,1_day,rep_1
test,2,22406,53560,53560,86986,27,14,3647,6.75,9,22,5,72.0,2,72.0,106.0,34.0,3.117647058823529,34.0,0.5,36.0,34.0,1,rolling,net_profit_fitness,1_day,rep_1
train,2,22406,53560,53560,86986,28,14,3792,6.75,9,22,2,106.0,1,106.0,106.0,0.0,inf,0.0,1.0,106.0,0.0,0,rolling,net_profit_fitness,1_day,rep_1
test,2,22406,53560,53560,86986,28,14,3792,6.75,9,22,2,87.0,2,87.0,106.0,19.0,5.578947368421052,19.0,0.5,43.5,19.0,1,rolling,net_profit_fitness,1_day,rep_1
train,2,22406,53560,53560,86986,29,14,537,7.5,9,22,3,106.0,1,106.0,106.0,0.0,inf,0.0,1.0,106.0,0.0,0,rolling,net_profit_fitness,1_day,rep_1
test,2,22406,53560,53560,86986,29,14,537,7.5,9,22,3,82.0,2,82.0,106.0,24.0,4.416666666666667,24.0,0.5,41.0,24.0,1,rolling,net_profit_fitness,1_day,rep_1
train,2,22406,53560,53560,86986,30,14,3792,6.75,9,22,3,106.0,1,106.0,106.0,0.0,inf,0.0,1.0,106.0,0.0,0,rolling,net_profit_fitness,1_day,rep_1
test,2,22406,53560,53560,86986,30,14,3792,6.75,9,22,3,82.0,2,82.0,106.0,24.0,4.416666666666667,24.0,0.5,41.0,24.0,1,rolling,net_profit_fitness,1_day,rep_1
train,2,22406,53560,53560,86986,31,14,3871,7.75,9,22,5,106.0,1,106.0,106.0,0.0,inf,0.0,1.0,106.0,0.0,0,rolling,net_profit_fitness,1_day,rep_1
test,2,22406,53560,53560,86986,31,14,3871,7.75,9,22,5,72.0,2,72.0,106.0,34.0,3.117647058823529,34.0,0.5,36.0,34.0,1,rolling,net_profit_fitness,1_day,rep_1
train,2,22406,53560,53560,86986,32,14,3792,8.25,9,22,6,106.0,1,106.0,106.0,0.0,inf,0.0,1.0,106.0,0.0,0,rolling,net_profit_fitness,1_day,rep_1
test,2,22406,53560,53560,86986,32,14,3792,8.25,9,22,6,-39.0,1,-39.0,0.0,39.0,0.0,39.0,0.0,-39.0,39.0,1,rolling,net_profit_fitness,1_day,rep_1
train,2,22406,53560,53560,86986,33,14,523,7.75,9,22,3,106.0,1,106.0,106.0,0.0,inf,0.0,1.0,106.0,0.0,0,rolling,net_profit_fitness,1_day,rep_1
test,2,22406,53560,53560,86986,33,14,523,7.75,9,22,3,82.0,2,82.0,106.0,24.0,4.416666666666667,24.0,0.5,41.0,24.0,1,rolling,net_profit_fitness,1_day,rep_1
train,2,22406,53560,53560,86986,34,13,3792,8.0,9,22,3,106.0,1,106.0,106.0,0.0,inf,0.0,1.0,106.0,0.0,0,rolling,net_profit_fitness,1_day,rep_1
test,2,22406,53560,53560,86986,34,13,3792,8.0,9,22,3,-24.0,1,-24.0,0.0,24.0,0.0,24.0,0.0,-24.0,24.0,1,rolling,net_profit_fitness,1_day,rep_1
train,2,22406,53560,53560,86986,35,13,3792,7.75,9,22,5,106.0,1,106.0,106.0,0.0,inf,0.0,1.0,106.0,0.0,0,rolling,net_profit_fitness,1_day,rep_1
test,2,22406,53560,53560,86986,35,13,3792,7.75,9,22,5,72.0,2,72.0,106.0,34.0,3.117647058823529,34.0,0.5,36.0,34.0,1,rolling,net_profit_fitness,1_day,rep_1
train,2,22406,53560,53560,86986,36,14,3585,7.0,9,22,5,106.0,1,106.0,106.0,0.0,inf,0.0,1.0,106.0,0.0,0,rolling,net_profit_fitness,1_day,rep_1
test,2,22406,53560,53560,86986,36,14,3585,7.0,9,22,5,72.0,2,72.0,106.0,34.0,3.117647058823529,34.0,0.5,36.0,34.0,1,rolling,net_profit_fitness,1_day,rep_1
train,2,22406,53560,53560,86986,37,14,523,7.75,9,22,6,106.0,1,106.0,106.0,0.0,inf,0.0,1.0,106.0,0.0,0,rolling,net_profit_fitness,1_day,rep_1
test,2,22406,53560,53560,86986,37,14,523,7.75,9,22,6,67.0,2,67.0,106.0,39.0,2.717948717948718,39.0,0.5,33.5,39.0,1,rolling,net_profit_fitness,1_day,rep_1
train,2,22406,53560,53560,86986,38,14,3600,7.0,9,22,6,106.0,1,106.0,106.0,0.0,inf,0.0,1.0,106.0,0.0,0,rolling,net_profit_fitness,1_day,rep_1
test,2,22406,53560,53560,86986,38,14,3600,7.0,9,22,6,67.0,2,67.0,106.0,39.0,2.717948717948718,39.0,0.5,33.5,39.0,1,rolling,net_profit_fitness,1_day,rep_1
train,2,22406,53560,53560,86986,39,13,3792,6.75,9,22,6,106.0,1,106.0,106.0,0.0,inf,0.0,1.0,106.0,0.0,0,rolling,net_profit_fitness,1_day,rep_1
test,2,22406,53560,53560,86986,39,13,3792,6.75,9,22,6,67.0,2,67.0,106.0,39.0,2.717948717948718,39.0,0.5,33.5,39.0,1,rolling,net_profit_fitness,1_day,rep_1
train,2,22406,53560,53560,86986,40,14,575,7.75,9,22,6,106.0,1,106.0,106.0,0.0,inf,0.0,1.0,106.0,0.0,0,rolling,net_profit_fitness,1_day,rep_1
test,2,22406,53560,53560,86986,40,14,575,7.75,9,22,6,67.0,2,67.0,106.0,39.0,2.717948717948718,39.0,0.5,33.5,39.0,1,rolling,net_profit_fitness,1_day,rep_1
train,2,22406,53560,53560,86986,41,14,3564,6.5,9,22,6,106.0,1,106.0,106.0,0.0,inf,0.0,1.0,106.0,0.0,0,rolling,net_profit_fitness,1_day,rep_1
test,2,22406,53560,53560,86986,41,14,3564,6.5,9,22,6,67.0,2,67.0,106.0,39.0,2.717948717948718,39.0,0.5,33.5,39.0,1,rolling,net_profit_fitness,1_day,rep_1
train,2,22406,53560,53560,86986,42,14,3312,6.5,9,22,2,106.0,1,106.0,106.0,0.0,inf,0.0,1.0,106.0,0.0,0,rolling,net_profit_fitness,1_day,rep_1
test,2,22406,53560,53560,86986,42,14,3312,6.5,9,22,2,87.0,2,87.0,106.0,19.0,5.578947368421052,19.0,0.5,43.5,19.0,1,rolling,net_profit_fitness,1_day,rep_1
train,2,22406,53560,53560,86986,43,14,3792,6.75,9,22,6,106.0,1,106.0,106.0,0.0,inf,0.0,1.0,106.0,0.0,0,rolling,net_profit_fitness,1_day,rep_1
test,2,22406,53560,53560,86986,43,14,3792,6.75,9,22,6,67.0,2,67.0,106.0,39.0,2.717948717948718,39.0,0.5,33.5,39.0,1,rolling,net_profit_fitness,1_day,rep_1
train,2,22406,53560,53560,86986,44,13,3792,6.75,9,22,6,106.0,1,106.0,106.0,0.0,inf,0.0,1.0,106.0,0.0,0,rolling,net_profit_fitness,1_day,rep_1
test,2,22406,53560,53560,86986,44,13,3792,6.75,9,22,6,67.0,2,67.0,106.0,39.0,2.717948717948718,39.0,0.5,33.5,39.0,1,rolling,net_profit_fitness,1_day,rep_1
train,2,22406,53560,53560,86986,45,14,3564,7.0,9,22,7,106.0,1,106.0,106.0,0.0,inf,0.0,1.0,106.0,0.0,0,rolling,net_profit_fitness,1_day,rep_1
test,2,22406,53560,53560,86986,45,14,3564,7.0,9,22,7,62.0,2,62.0,106.0,44.0,2.409090909090909,44.0,0.5,31.0,44.0,1,rolling,net_profit_fitness,1_day,rep_1
train,2,22406,53560,53560,86986,46,14,496,7.75,9,22,9,106.0,1,106.0,106.0,0.0,inf,0.0,1.0,106.0,0.0,0,rolling,net_profit_fitness,1_day,rep_1
test,2,22406,53560,53560,86986,46,14,496,7.75,9,22,9,52.0,2,52.0,106.0,54.0,1.962962962962963,54.0,0.5,26.0,54.0,1,rolling,net_profit_fitness,1_day,rep_1
train,2,22406,53560,53560,86986,47,14,3792,6.5,9,22,8,106.0,1,106.0,106.0,0.0,inf,0.0,1.0,106.0,0.0,0,rolling,net_profit_fitness,1_day,rep_1
test,2,22406,53560,53560,86986,47,14,3792,6.5,9,22,8,57.0,2,57.0,106.0,49.0,2.163265306122449,49.0,0.5,28.5,49.0,1,rolling,net_profit_fitness,1_day,rep_1
train,2,22406,53560,53560,86986,48,14,3585,7.0,9,22,7,106.0,1,106.0,106.0,0.0,inf,0.0,1.0,106.0,0.0,0,rolling,net_profit_fitness,1_day,rep_1
test,2,22406,53560,53560,86986,48,14,3585,7.0,9,22,7,62.0,2,62.0,106.0,44.0,2.409090909090909,44.0,0.5,31.0,44.0,1,rolling,net_profit_fitness,1_day,rep_1
train,2,22406,53560,53560,86986,49,14,3871,7.25,8,22,6,106.0,1,106.0,106.0,0.0,inf,0.0,1.0,106.0,0.0,0,rolling,net_profit_fitness,1_day,rep_1
test,2,22406,53560,53560,86986,49,14,3871,7.25,8,22,6,67.0,2,67.0,106.0,39.0,2.717948717948718,39.0,0.5,33.5,39.0,1,rolling,net_profit_fitness,1_day,rep_1
train,2,22406,53560,53560,86986,50,14,461,6.5,9,22,6,106.0,1,106.0,106.0,0.0,inf,0.0,1.0,106.0,0.0,0,rolling,net_profit_fitness,1_day,rep_1
test,2,22406,53560,53560,86986,50,14,461,6.5,9,22,6,67.0,2,67.0,106.0,39.0,2.717948717948718,39.0,0.5,33.5,39.0,1,rolling,net_profit_fitness,1_day,rep_1
train,2,22406,53560,53560,86986,51,14,3585,7.0,8,22,8,106.0,1,106.0,106.0,0.0,inf,0.0,1.0,106.0,0.0,0,rolling,net_profit_fitness,1_day,rep_1
test,2,22406,53560,53560,86986,51,14,3585,7.0,8,22,8,57.0,2,57.0,106.0,49.0,2.163265306122449,49.0,0.5,28.5,49.0,1,rolling,net_profit_fitness,1_day,rep_1
train,2,22406,53560,53560,86986,52,13,3871,7.25,9,22,6,106.0,1,106.0,106.0,0.0,inf,0.0,1.0,106.0,0.0,0,rolling,net_profit_fitness,1_day,rep_1
test,2,22406,53560,53560,86986,52,13,3871,7.25,9,22,6,67.0,2,67.0,106.0,39.0,2.717948717948718,39.0,0.5,33.5,39.0,1,rolling,net_profit_fitness,1_day,rep_1
train,2,22406,53560,53560,86986,53,14,496,7.75,9,22,6,106.0,1,106.0,106.0,0.0,inf,0.0,1.0,106.0,0.0,0,rolling,net_profit_fitness,1_day,rep_1
test,2,22406,53560,53560,86986,53,14,496,7.75,9,22,6,67.0,2,67.0,106.0,39.0,2.717948717948718,39.0,0.5,33.5,39.0,1,rolling,net_profit_fitness,1_day,rep_1
train,2,22406,53560,53560,86986,54,13,461,7.75,9,22,6,106.0,1,106.0,106.0,0.0,inf,0.0,1.0,106.0,0.0,0,rolling,net_profit_fitness,1_day,rep_1
test,2,22406,53560,53560,86986,54,13,461,7.75,9,22,6,67.0,2,67.0,106.0,39.0,2.717948717948718,39.0,0.5,33.5,39.0,1,rolling,net_profit_fitness,1_day,rep_1
train,2,22406,53560,53560,86986,55,14,496,6.75,9,22,6,106.0,1,106.0,106.0,0.0,inf,0.0,1.0,106.0,0.0,0,rolling,net_profit_fitness,1_day,rep_1
test,2,22406,53560,53560,86986,55,14,496,6.75,9,22,6,67.0,2,67.0,106.0,39.0,2.717948717948718,39.0,0.5,33.5,39.0,1,rolling,net_profit_fitness,1_day,rep_1
train,2,22406,53560,53560,86986,56,14,461,6.75,9,22,7,106.0,1,106.0,106.0,0.0,inf,0.0,1.0,106.0,0.0,0,rolling,net_profit_fitness,1_day,rep_1
test,2,22406,53560,53560,86986,56,14,461,6.75,9,22,7,62.0,2,62.0,106.0,44.0,2.409090909090909,44.0,0.5,31.0,44.0,1,rolling,net_profit_fitness,1_day,rep_1
train,2,22406,53560,53560,86986,57,14,3871,7.25,9,22,6,106.0,1,106.0,106.0,0.0,inf,0.0,1.0,106.0,0.0,0,rolling,net_profit_fitness,1_day,rep_1
test,2,22406,53560,53560,86986,57,14,3871,7.25,9,22,6,67.0,2,67.0,106.0,39.0,2.717948717948718,39.0,0.5,33.5,39.0,1,rolling,net_profit_fitness,1_day,rep_1
train,2,22406,53560,53560,86986,58,14,3492,6.75,9,22,6,106.0,1,106.0,106.0,0.0,inf,0.0,1.0,106.0,0.0,0,rolling,net_profit_fitness,1_day,rep_1
test,2,22406,53560,53560,86986,58,14,3492,6.75,9,22,6,67.0,2,67.0,106.0,39.0,2.717948717948718,39.0,0.5,33.5,39.0,1,rolling,net_profit_fitness,1_day,rep_1
train,2,22406,53560,53560,86986,59,14,3871,7.0,9,22,6,106.0,1,106.0,106.0,0.0,inf,0.0,1.0,106.0,0.0,0,rolling,net_profit_fitness,1_day,rep_1
test,2,22406,53560,53560,86986,59,14,3871,7.0,9,22,6,67.0,2,67.0,106.0,39.0,2.717948717948718,39.0,0.5,33.5,39.0,1,rolling,net_profit_fitness,1_day,rep_1
train,2,22406,53560,53560,86986,60,14,496,7.0,9,22,2,106.0,1,106.0,106.0,0.0,inf,0.0,1.0,106.0,0.0,0,rolling,net_profit_fitness,1_day,rep_1
test,2,22406,53560,53560,86986,60,14,496,7.0,9,22,2,87.0,2,87.0,106.0,19.0,5.578947368421052,19.0,0.5,43.5,19.0,1,rolling,net_profit_fitness,1_day,rep_1
train,2,22406,53560,53560,86986,61,14,3871,7.25,9,22,6,106.0,1,106.0,106.0,0.0,inf,0.0,1.0,106.0,0.0,0,rolling,net_profit_fitness,1_day,rep_1
test,2,22406,53560,53560,86986,61,14,3871,7.25,9,22,6,67.0,2,67.0,106.0,39.0,2.717948717948718,39.0,0.5,33.5,39.0,1,rolling,net_profit_fitness,1_day,rep_1
train,2,22406,53560,53560,86986,62,14,496,7.0,9,22,2,106.0,1,106.0,106.0,0.0,inf,0.0,1.0,106.0,0.0,0,rolling,net_profit_fitness,1_day,rep_1
test,2,22406,53560,53560,86986,62,14,496,7.0,9,22,2,87.0,2,87.0,106.0,19.0,5.578947368421052,19.0,0.5,43.5,19.0,1,rolling,net_profit_fitness,1_day,rep_1
train,2,22406,53560,53560,86986,63,14,525,7.25,9,22,5,106.0,1,106.0,106.0,0.0,inf,0.0,1.0,106.0,0.0,0,rolling,net_profit_fitness,1_day,rep_1
test,2,22406,53560,53560,86986,63,14,525,7.25,9,22,5,72.0,2,72.0,106.0,34.0,3.117647058823529,34.0,0.5,36.0,34.0,1,rolling,net_profit_fitness,1_day,rep_1
train,2,22406,53560,53560,86986,64,14,466,7.0,9,22,6,106.0,1,106.0,106.0,0.0,inf,0.0,1.0,106.0,0.0,0,rolling,net_profit_fitness,1_day,rep_1
test,2,22406,53560,53560,86986,64,14,466,7.0,9,22,6,67.0,2,67.0,106.0,39.0,2.717948717948718,39.0,0.5,33.5,39.0,1,rolling,net_profit_fitness,1_day,rep_1
train,2,22406,53560,53560,86986,65,14,456,7.0,7,22,9,106.0,1,106.0,106.0,0.0,inf,0.0,1.0,106.0,0.0,0,rolling,net_profit_fitness,1_day,rep_1
test,2,22406,53560,53560,86986,65,14,456,7.0,7,22,9,52.0,2,52.0,106.0,54.0,1.962962962962963,54.0,0.5,26.0,54.0,1,rolling,net_profit_fitness,1_day,rep_1
train,2,22406,53560,53560,86986,66,13,461,7.0,9,22,3,106.0,1,106.0,106.0,0.0,inf,0.0,1.0,106.0,0.0,0,rolling,net_profit_fitness,1_day,rep_1
test,2,22406,53560,53560,86986,66,13,461,7.0,9,22,3,82.0,2,82.0,106.0,24.0,4.416666666666667,24.0,0.5,41.0,24.0,1,rolling,net_profit_fitness,1_day,rep_1
train,2,22406,53560,53560,86986,67,14,456,7.0,7,22,6,106.0,1,106.0,106.0,0.0,inf,0.0,1.0,106.0,0.0,0,rolling,net_profit_fitness,1_day,rep_1
test,2,22406,53560,53560,86986,67,14,456,7.0,7,22,6,67.0,2,67.0,106.0,39.0,2.717948717948718,39.0,0.5,33.5,39.0,1,rolling,net_profit_fitness,1_day,rep_1
train,2,22406,53560,53560,86986,68,14,428,7.25,9,22,2,106.0,1,106.0,106.0,0.0,inf,0.0,1.0,106.0,0.0,0,rolling,net_profit_fitness,1_day,rep_1
test,2,22406,53560,53560,86986,68,14,428,7.25,9,22,2,87.0,2,87.0,106.0,19.0,5.578947368421052,19.0,0.5,43.5,19.0,1,rolling,net_profit_fitness,1_day,rep_1
train,2,22406,53560,53560,86986,69,14,3871,7.0,7,22,3,106.0,1,106.0,106.0,0.0,inf,0.0,1.0,106.0,0.0,0,rolling,net_profit_fitness,1_day,rep_1
test,2,22406,53560,53560,86986,69,14,3871,7.0,7,22,3,82.0,2,82.0,106.0,24.0,4.416666666666667,24.0,0.5,41.0,24.0,1,rolling,net_profit_fitness,1_day,rep_1
train,2,22406,53560,53560,86986,70,14,3728,6.75,8,22,2,106.0,1,106.0,106.0,0.0,inf,0.0,1.0,106.0,0.0,0,rolling,net_profit_fitness,1_day,rep_1
test,2,22406,53560,53560,86986,70,14,3728,6.75,8,22,2,87.0,2,87.0,106.0,19.0,5.578947368421052,19.0,0.5,43.5,19.0,1,rolling,net_profit_fitness,1_day,rep_1
train,2,22406,53560,53560,86986,71,14,484,7.25,8,22,6,106.0,1,106.0,106.0,0.0,inf,0.0,1.0,106.0,0.0,0,rolling,net_profit_fitness,1_day,rep_1
test,2,22406,53560,53560,86986,71,14,484,7.25,8,22,6,67.0,2,67.0,106.0,39.0,2.717948717948718,39.0,0.5,33.5,39.0,1,rolling,net_profit_fitness,1_day,rep_1
train,2,22406,53560,53560,86986,72,14,4000,7.0,9,22,2,106.0,1,106.0,106.0,0.0,inf,0.0,1.0,106.0,0.0,0,rolling,net_profit_fitness,1_day,rep_1
test,2,22406,53560,53560,86986,72,14,4000,7.0,9,22,2,87.0,2,87.0,106.0,19.0,5.578947368421052,19.0,0.5,43.5,19.0,1,rolling,net_profit_fitness,1_day,rep_1
train,2,22406,53560,53560,86986,73,14,461,6.75,7,22,2,106.0,1,106.0,106.0,0.0,inf,0.0,1.0,106.0,0.0,0,rolling,net_profit_fitness,1_day,rep_1
test,2,22406,53560,53560,86986,73,14,461,6.75,7,22,2,87.0,2,87.0,106.0,19.0,5.578947368421052,19.0,0.5,43.5,19.0,1,rolling,net_profit_fitness,1_day,rep_1
train,2,22406,53560,53560,86986,74,14,461,6.75,8,22,6,106.0,1,106.0,106.0,0.0,inf,0.0,1.0,106.0,0.0,0,rolling,net_profit_fitness,1_day,rep_1
test,2,22406,53560,53560,86986,74,14,461,6.75,8,22,6,67.0,2,67.0,106.0,39.0,2.717948717948718,39.0,0.5,33.5,39.0,1,rolling,net_profit_fitness,1_day,rep_1
train,2,22406,53560,53560,86986,75,14,461,6.75,9,22,6,106.0,1,106.0,106.0,0.0,inf,0.0,1.0,106.0,0.0,0,rolling,net_profit_fitness,1_day,rep_1
test,2,22406,53560,53560,86986,75,14,461,6.75,9,22,6,67.0,2,67.0,106.0,39.0,2.717948717948718,39.0,0.5,33.5,39.0,1,rolling,net_profit_fitness,1_day,rep_1
train,2,22406,53560,53560,86986,76,14,461,7.0,8,22,13,106.0,1,106.0,106.0,0.0,inf,0.0,1.0,106.0,0.0,0,rolling,net_profit_fitness,1_day,rep_1
test,2,22406,53560,53560,86986,76,14,461,7.0,8,22,13,32.0,2,32.0,106.0,74.0,1.4324324324324325,74.0,0.5,16.0,74.0,1,rolling,net_profit_fitness,1_day,rep_1
train,2,22406,53560,53560,86986,77,14,461,6.75,9,22,2,106.0,1,106.0,106.0,0.0,inf,0.0,1.0,106.0,0.0,0,rolling,net_profit_fitness,1_day,rep_1
test,2,22406,53560,53560,86986,77,14,461,6.75,9,22,2,87.0,2,87.0,106.0,19.0,5.578947368421052,19.0,0.5,43.5,19.0,1,rolling,net_profit_fitness,1_day,rep_1
train,2,22406,53560,53560,86986,78,14,461,7.25,9,22,6,106.0,1,106.0,106.0,0.0,inf,0.0,1.0,106.0,0.0,0,rolling,net_profit_fitness,1_day,rep_1
test,2,22406,53560,53560,86986,78,14,461,7.25,9,22,6,67.0,2,67.0,106.0,39.0,2.717948717948718,39.0,0.5,33.5,39.0,1,rolling,net_profit_fitness,1_day,rep_1
train,2,22406,53560,53560,86986,79,14,428,7.0,9,22,2,106.0,1,106.0,106.0,0.0,inf,0.0,1.0,106.0,0.0,0,rolling,net_profit_fitness,1_day,rep_1
test,2,22406,53560,53560,86986,79,14,428,7.0,9,22,2,87.0,2,87.0,106.0,19.0,5.578947368421052,19.0,0.5,43.5,19.0,1,rolling,net_profit_fitness,1_day,rep_1
train,2,22406,53560,53560,86986,80,14,3871,6.75,8,22,2,106.0,1,106.0,106.0,0.0,inf,0.0,1.0,106.0,0.0,0,rolling,net_profit_fitness,1_day,rep_1
test,2,22406,53560,53560,86986,80,14,3871,6.75,8,22,2,87.0,2,87.0,106.0,19.0,5.578947368421052,19.0,0.5,43.5,19.0,1,rolling,net_profit_fitness,1_day,rep_1
train,2,22406,53560,53560,86986,81,14,4000,6.75,8,22,4,106.0,1,106.0,106.0,0.0,inf,0.0,1.0,106.0,0.0,0,rolling,net_profit_fitness,1_day,rep_1
test,2,22406,53560,53560,86986,81,14,4000,6.75,8,22,4,77.0,2,77.0,106.0,29.0,3.655172413793104,29.0,0.5,38.5,29.0,1,rolling,net_profit_fitness,1_day,rep_1
train,2,22406,53560,53560,86986,82,14,461,7.0,8,22,2,106.0,1,106.0,106.0,0.0,inf,0.0,1.0,106.0,0.0,0,rolling,net_profit_fitness,1_day,rep_1
test,2,22406,53560,53560,86986,82,14,461,7.0,8,22,2,87.0,2,87.0,106.0,19.0,5.578947368421052,19.0,0.5,43.5,19.0,1,rolling,net_profit_fitness,1_day,rep_1
train,2,22406,53560,53560,86986,83,14,525,6.75,9,22,7,106.0,1,106.0,106.0,0.0,inf,0.0,1.0,106.0,0.0,0,rolling,net_profit_fitness,1_day,rep_1
test,2,22406,53560,53560,86986,83,14,525,6.75,9,22,7,62.0,2,62.0,106.0,44.0,2.409090909090909,44.0,0.5,31.0,44.0,1,rolling,net_profit_fitness,1_day,rep_1
train,2,22406,53560,53560,86986,84,14,525,7.0,9,22,2,106.0,1,106.0,106.0,0.0,inf,0.0,1.0,106.0,0.0,0,rolling,net_profit_fitness,1_day,rep_1
test,2,22406,53560,53560,86986,84,14,525,7.0,9,22,2,87.0,2,87.0,106.0,19.0,5.578947368421052,19.0,0.5,43.5,19.0,1,rolling,net_profit_fitness,1_day,rep_1
train,2,22406,53560,53560,86986,85,14,447,6.75,8,22,2,106.0,1,106.0,106.0,0.0,inf,0.0,1.0,106.0,0.0,0,rolling,net_profit_fitness,1_day,rep_1
test,2,22406,53560,53560,86986,85,14,447,6.75,8,22,2,87.0,2,87.0,106.0,19.0,5.578947368421052,19.0,0.5,43.5,19.0,1,rolling,net_profit_fitness,1_day,rep_1
train,2,22406,53560,53560,86986,86,14,487,7.0,7,22,2,106.0,1,106.0,106.0,0.0,inf,0.0,1.0,106.0,0.0,0,rolling,net_profit_fitness,1_day,rep_1
test,2,22406,53560,53560,86986,86,14,487,7.0,7,22,2,87.0,2,87.0,106.0,19.0,5.578947368421052,19.0,0.5,43.5,19.0,1,rolling,net_profit_fitness,1_day,rep_1
train,2,22406,53560,53560,86986,87,14,461,7.0,8,22,6,106.0,1,106.0,106.0,0.0,inf,0.0,1.0,106.0,0.0,0,rolling,net_profit_fitness,1_day,rep_1
test,2,22406,53560,53560,86986,87,14,461,7.0,8,22,6,67.0,2,67.0,106.0,39.0,2.717948717948718,39.0,0.5,33.5,39.0,1,rolling,net_profit_fitness,1_day,rep_1
train,2,22406,53560,53560,86986,88,14,456,7.0,9,22,2,106.0,1,106.0,106.0,0.0,inf,0.0,1.0,106.0,0.0,0,rolling,net_profit_fitness,1_day,rep_1
test,2,22406,53560,53560,86986,88,14,456,7.0,9,22,2,87.0,2,87.0,106.0,19.0,5.578947368421052,19.0,0.5,43.5,19.0,1,rolling,net_profit_fitness,1_day,rep_1
train,2,22406,53560,53560,86986,89,14,462,6.75,9,22,6,106.0,1,106.0,106.0,0.0,inf,0.0,1.0,106.0,0.0,0,rolling,net_profit_fitness,1_day,rep_1
test,2,22406,53560,53560,86986,89,14,462,6.75,9,22,6,67.0,2,67.0,106.0,39.0,2.717948717948718,39.0,0.5,33.5,39.0,1,rolling,net_profit_fitness,1_day,rep_1
train,2,22406,53560,53560,86986,90,14,428,7.0,8,22,2,106.0,1,106.0,106.0,0.0,inf,0.0,1.0,106.0,0.0,0,rolling,net_profit_fitness,1_day,rep_1
test,2,22406,53560,53560,86986,90,14,428,7.0,8,22,2,87.0,2,87.0,106.0,19.0,5.578947368421052,19.0,0.5,43.5,19.0,1,rolling,net_profit_fitness,1_day,rep_1
train,2,22406,53560,53560,86986,91,14,461,6.75,8,22,2,106.0,1,106.0,106.0,0.0,inf,0.0,1.0,106.0,0.0,0,rolling,net_profit_fitness,1_day,rep_1
test,2,22406,53560,53560,86986,91,14,461,6.75,8,22,2,87.0,2,87.0,106.0,19.0,5.578947368421052,19.0,0.5,43.5,19.0,1,rolling,net_profit_fitness,1_day,rep_1
train,2,22406,53560,53560,86986,92,14,428,7.25,9,22,6,106.0,1,106.0,106.0,0.0,inf,0.0,1.0,106.0,0.0,0,rolling,net_profit_fitness,1_day,rep_1
test,2,22406,53560,53560,86986,92,14,428,7.25,9,22,6,67.0,2,67.0,106.0,39.0,2.717948717948718,39.0,0.5,33.5,39.0,1,rolling,net_profit_fitness,1_day,rep_1
train,2,22406,53560,53560,86986,93,14,461,7.0,9,22,7,106.0,1,106.0,106.0,0.0,inf,0.0,1.0,106.0,0.0,0,rolling,net_profit_fitness,1_day,rep_1
test,2,22406,53560,53560,86986,93,14,461,7.0,9,22,7,62.0,2,62.0,106.0,44.0,2.409090909090909,44.0,0.5,31.0,44.0,1,rolling,net_profit_fitness,1_day,rep_1
train,2,22406,53560,53560,86986,94,14,462,7.25,8,22,2,106.0,1,106.0,106.0,0.0,inf,0.0,1.0,106.0,0.0,0,rolling,net_profit_fitness,1_day,rep_1
test,2,22406,53560,53560,86986,94,14,462,7.25,8,22,2,87.0,2,87.0,106.0,19.0,5.578947368421052,19.0,0.5,43.5,19.0,1,rolling,net_profit_fitness,1_day,rep_1
train,2,22406,53560,53560,86986,95,14,456,6.75,8,22,2,106.0,1,106.0,106.0,0.0,inf,0.0,1.0,106.0,0.0,0,rolling,net_profit_fitness,1_day,rep_1
test,2,22406,53560,53560,86986,95,14,456,6.75,8,22,2,87.0,2,87.0,106.0,19.0,5.578947368421052,19.0,0.5,43.5,19.0,1,rolling,net_profit_fitness,1_day,rep_1
train,2,22406,53560,53560,86986,96,14,456,6.75,8,22,2,106.0,1,106.0,106.0,0.0,inf,0.0,1.0,106.0,0.0,0,rolling,net_profit_fitness,1_day,rep_1
test,2,22406,53560,53560,86986,96,14,456,6.75,8,22,2,87.0,2,87.0,106.0,19.0,5.578947368421052,19.0,0.5,43.5,19.0,1,rolling,net_profit_fitness,1_day,rep_1
train,2,22406,53560,53560,86986,97,14,428,7.0,8,22,2,106.0,1,106.0,106.0,0.0,inf,0.0,1.0,106.0,0.0,0,rolling,net_profit_fitness,1_day,rep_1
test,2,22406,53560,53560,86986,97,14,428,7.0,8,22,2,87.0,2,87.0,106.0,19.0,5.578947368421052,19.0,0.5,43.5,19.0,1,rolling,net_profit_fitness,1_day,rep_1
train,2,22406,53560,53560,86986,98,14,536,7.0,8,22,7,106.0,1,106.0,106.0,0.0,inf,0.0,1.0,106.0,0.0,0,rolling,net_profit_fitness,1_day,rep_1
test,2,22406,53560,53560,86986,98,14,536,7.0,8,22,7,62.0,2,62.0,106.0,44.0,2.409090909090909,44.0,0.5,31.0,44.0,1,rolling,net_profit_fitness,1_day,rep_1
train,2,22406,53560,53560,86986,99,14,4000,7.0,8,22,2,106.0,1,106.0,106.0,0.0,inf,0.0,1.0,106.0,0.0,0,rolling,net_profit_fitness,1_day,rep_1
test,2,22406,53560,53560,86986,99,14,4000,7.0,8,22,2,87.0,2,87.0,106.0,19.0,5.578947368421052,19.0,0.5,43.5,19.0,1,rolling,net_profit_fitness,1_day,rep_1
train,2,22406,53560,53560,86986,100,14,449,7.0,7,22,2,106.0,1,106.0,106.0,0.0,inf,0.0,1.0,106.0,0.0,0,rolling,net_profit_fitness,1_day,rep_1
test,2,22406,53560,53560,86986,100,14,449,7.0,7,22,2,87.0,2,87.0,106.0,19.0,5.578947368421052,19.0,0.5,43.5,19.0,1,rolling,net_profit_fitness,1_day,rep_1
train,3,53560,86986,86986,125287,0,13,2275,4.5,9,23,27,222.0,2,222.0,222.0,0.0,inf,0.0,1.0,111.0,0.0,0,rolling,net_profit_fitness,1_day,rep_1
test,3,53560,86986,86986,125287,0,13,2275,4.5,9,23,27,-930.0,10,-930.0,222.0,1152.0,0.1927083333333333,1152.0,0.2,-93.0,144.0,8,rolling,net_profit_fitness,1_day,rep_1
train,3,53560,86986,86986,125287,1,13,2524,7.25,1,23,27,222.0,2,222.0,222.0,0.0,inf,0.0,1.0,111.0,0.0,0,rolling,net_profit_fitness,1_day,rep_1
test,3,53560,86986,86986,125287,1,13,2524,7.25,1,23,27,-852.0,13,-852.0,444.0,1296.0,0.3425925925925926,1074.0,0.3076923076923077,-65.53846153846153,144.0,6,rolling,net_profit_fitness,1_day,rep_1
train,3,53560,86986,86986,125287,2,13,2524,7.25,1,23,27,222.0,2,222.0,222.0,0.0,inf,0.0,1.0,111.0,0.0,0,rolling,net_profit_fitness,1_day,rep_1
test,3,53560,86986,86986,125287,2,13,2524,7.25,1,23,27,-852.0,13,-852.0,444.0,1296.0,0.3425925925925926,1074.0,0.3076923076923077,-65.53846153846153,144.0,6,rolling,net_profit_fitness,1_day,rep_1
train,3,53560,86986,86986,125287,3,13,2524,5.25,1,23,3,222.0,2,222.0,222.0,0.0,inf,0.0,1.0,111.0,0.0,0,rolling,net_profit_fitness,1_day,rep_1
test,3,53560,86986,86986,125287,3,13,2524,5.25,1,23,3,228.0,13,228.0,444.0,216.0,2.055555555555556,144.0,0.3076923076923077,17.53846153846154,24.0,6,rolling,net_profit_fitness,1_day,rep_1
train,3,53560,86986,86986,125287,4,13,2983,6.25,4,23,6,222.0,2,222.0,222.0,0.0,inf,0.0,1.0,111.0,0.0,0,rolling,net_profit_fitness,1_day,rep_1
test,3,53560,86986,86986,125287,4,13,2983,6.25,4,23,6,93.0,13,93.0,444.0,351.0,1.264957264957265,234.0,0.3076923076923077,7.153846153846154,39.0,6,rolling,net_profit_fitness,1_day,rep_1
train,3,53560,86986,86986,125287,5,13,1009,3.75,1,23,27,222.0,2,222.0,222.0,0.0,inf,0.0,1.0,111.0,0.0,0,rolling,net_profit_fitness,1_day,rep_1
test,3,53560,86986,86986,125287,5,13,1009,3.75,1,23,27,-819.0,11,-819.0,333.0,1152.0,0.2890625,1041.0,0.2727272727272727,-74.45454545454545,144.0,6,rolling,net_profit_fitness,1_day,rep_1
train,3,53560,86986,86986,125287,6,13,2524,6.5,1,23,3,222.0,2,222.0,222.0,0.0,inf,0.0,1.0,111.0,0.0,0,rolling,net_profit_fitness,1_day,rep_1
test,3,53560,86986,86986,125287,6,13,2524,6.5,1,23,3,228.0,13,228.0,444.0,216.0,2.055555555555556,144.0,0.3076923076923077,17.53846153846154,24.0,6,rolling,net_profit_fitness,1_day,rep_1
train,3,53560,86986,86986,125287,7,13,2885,3.75,5,23,3,222.0,2,222.0,222.0,0.0,inf,0.0,1.0,111.0,0.0,0,rolling,net_profit_fitness,1_day,rep_1
test,3,53560,86986,86986,125287,7,13,2885,3.75,5,23,3,228.0,13,228.0,444.0,216.0,2.055555555555556,144.0,0.3076923076923077,17.53846153846154,24.0,6,rolling,net_profit_fitness,1_day,rep_1
train,3,53560,86986,86986,125287,8,13,739,5.25,1,23,6,222.0,2,222.0,222.0,0.0,inf,0.0,1.0,111.0,0.0,0,rolling,net_profit_fitness,1_day,rep_1
test,3,53560,86986,86986,125287,8,13,739,5.25,1,23,6,-90.0,10,-90.0,222.0,312.0,0.7115384615384616,234.0,0.2,-9.0,39.0,6,rolling,net_profit_fitness,1_day,rep_1
train,3,53560,86986,86986,125287,9,13,739,6.5,1,23,3,222.0,2,222.0,222.0,0.0,inf,0.0,1.0,111.0,0.0,0,rolling,net_profit_fitness,1_day,rep_1
test,3,53560,86986,86986,125287,9,13,739,6.5,1,23,3,30.0,10,30.0,222.0,192.0,1.15625,144.0,0.2,3.0,24.0,6,rolling,net_profit_fitness,1_day,rep_1
train,3,53560,86986,86986,125287,10,13,2524,3.75,1,23,26,222.0,2,222.0,222.0,0.0,inf,0.0,1.0,111.0,0.0,0,rolling,net_profit_fitness,1_day,rep_1
test,3,53560,86986,86986,125287,10,13,2524,3.75,1,23,26,-696.0,14,-696.0,555.0,1251.0,0.4436450839328537,1001.0,0.3571428571428571,-49.71428571428572,139.0,6,rolling,net_profit_fitness,1_day,rep_1
train,3,53560,86986,86986,125287,11,13,2368,5.25,5,23,3,222.0,2,222.0,222.0,0.0,inf,0.0,1.0,111.0,0.0,0,rolling,net_profit_fitness,1_day,rep_1
test,3,53560,86986,86986,125287,11,13,2368,5.25,5,23,3,228.0,13,228.0,444.0,216.0,2.055555555555556,144.0,0.3076923076923077,17.53846153846154,24.0,6,rolling,net_profit_fitness,1_day,rep_1
train,3,53560,86986,86986,125287,12,13,316,4.75,6,23,2,222.0,2,222.0,222.0,0.0,inf,0.0,1.0,111.0,0.0,0,rolling,net_profit_fitness,1_day,rep_1
test,3,53560,86986,86986,125287,12,13,316,4.75,6,23,2,16.0,6,16.0,111.0,95.0,1.168421052631579,95.0,0.1666666666666666,2.6666666666666665,19.0,5,rolling,net_profit_fitness,1_day,rep_1
train,3,53560,86986,86986,125287,13,13,2885,4.5,1,23,3,222.0,2,222.0,222.0,0.0,inf,0.0,1.0,111.0,0.0,0,rolling,net_profit_fitness,1_day,rep_1
test,3,53560,86986,86986,125287,13,13,2885,4.5,1,23,3,228.0,13,228.0,444.0,216.0,2.055555555555556,144.0,0.3076923076923077,17.53846153846154,24.0,6,rolling,net_profit_fitness,1_day,rep_1
train,3,53560,86986,86986,125287,14,13,2070,3.75,1,23,6,222.0,2,222.0,222.0,0.0,inf,0.0,1.0,111.0,0.0,0,rolling,net_profit_fitness,1_day,rep_1
test,3,53560,86986,86986,125287,14,13,2070,3.75,1,23,6,54.0,14,54.0,444.0,390.0,1.1384615384615384,234.0,0.2857142857142857,3.857142857142857,39.0,6,rolling,net_profit_fitness,1_day,rep_1
train,3,53560,86986,86986,125287,15,13,1528,6.75,1,23,27,222.0,2,222.0,222.0,0.0,inf,0.0,1.0,111.0,0.0,0,rolling,net_profit_fitness,1_day,rep_1
test,3,53560,86986,86986,125287,15,13,1528,6.75,1,23,27,-852.0,13,-852.0,444.0,1296.0,0.3425925925925926,1074.0,0.3076923076923077,-65.53846153846153,144.0,6,rolling,net_profit_fitness,1_day,rep_1
train,3,53560,86986,86986,125287,16,13,316,4.75,5,23,3,222.0,2,222.0,222.0,0.0,inf,0.0,1.0,111.0,0.0,0,rolling,net_profit_fitness,1_day,rep_1
test,3,53560,86986,86986,125287,16,13,316,4.75,5,23,3,-9.0,6,-9.0,111.0,120.0,0.925,120.0,0.1666666666666666,-1.5,24.0,5,rolling,net_profit_fitness,1_day,rep_1
train,3,53560,86986,86986,125287,17,13,1992,5.25,1,23,2,222.0,2,222.0,222.0,0.0,inf,0.0,1.0,111.0,0.0,0,rolling,net_profit_fitness,1_day,rep_1
test,3,53560,86986,86986,125287,17,13,1992,5.25,1,23,2,273.0,13,273.0,444.0,171.0,2.5964912280701755,114.0,0.3076923076923077,21.0,19.0,6,rolling,net_profit_fitness,1_day,rep_1
train,3,53560,86986,86986,125287,18,13,2524,4.75,1,23,27,222.0,2,222.0,222.0,0.0,inf,0.0,1.0,111.0,0.0,0,rolling,net_profit_fitness,1_day,rep_1
test,3,53560,86986,86986,125287,18,13,2524,4.75,1,23,27,-852.0,13,-852.0,444.0,1296.0,0.3425925925925926,1074.0,0.3076923076923077,-65.53846153846153,144.0,6,rolling,net_profit_fitness,1_day,rep_1
train,3,53560,86986,86986,125287,19,13,316,4.75,1,23,3,222.0,2,222.0,222.0,0.0,inf,0.0,1.0,111.0,0.0,0,rolling,net_profit_fitness,1_day,rep_1
test,3,53560,86986,86986,125287,19,13,316,4.75,1,23,3,-9.0,6,-9.0,111.0,120.0,0.925,120.0,0.1666666666666666,-1.5,24.0,5,rolling,net_profit_fitness,1_day,rep_1
train,3,53560,86986,86986,125287,20,13,367,3.5,5,23,27,222.0,2,222.0,222.0,0.0,inf,0.0,1.0,111.0,0.0,0,rolling,net_profit_fitness,1_day,rep_1
test,3,53560,86986,86986,125287,20,13,367,3.5,5,23,27,-498.0,7,-498.0,222.0,720.0,0.3083333333333333,609.0,0.2857142857142857,-71.14285714285714,144.0,3,rolling,net_profit_fitness,1_day,rep_1
train,3,53560,86986,86986,125287,21,13,2778,4.75,1,23,30,222.0,2,222.0,222.0,0.0,inf,0.0,1.0,111.0,0.0,0,rolling,net_profit_fitness,1_day,rep_1
test,3,53560,86986,86986,125287,21,13,2778,4.75,1,23,30,-987.0,13,-987.0,444.0,1431.0,0.310272536687631,1209.0,0.3076923076923077,-75.92307692307692,159.0,6,rolling,net_profit_fitness,1_day,rep_1
train,3,53560,86986,86986,125287,22,13,2524,4.75,2,23,27,222.0,2,222.0,222.0,0.0,inf,0.0,1.0,111.0,0.0,0,rolling,net_profit_fitness,1_day,rep_1
test,3,53560,86986,86986,125287,22,13,2524,4.75,2,23,27,-852.0,13,-852.0,444.0,1296.0,0.3425925925925926,1074.0,0.3076923076923077,-65.53846153846153,144.0,6,rolling,net_profit_fitness,1_day,rep_1
train,3,53560,86986,86986,125287,23,13,293,4.75,1,23,28,222.0,2,222.0,222.0,0.0,inf,0.0,1.0,111.0,0.0,0,rolling,net_profit_fitness,1_day,rep_1
test,3,53560,86986,86986,125287,23,13,293,4.75,1,23,28,-634.0,6,-634.0,111.0,745.0,0.148993288590604,745.0,0.1666666666666666,-105.66666666666669,149.0,5,rolling,net_profit_fitness,1_day,rep_1
train,3,53560,86986,86986,125287,24,13,2524,4.0,1,23,27,222.0,2,222.0,222.0,0.0,inf,0.0,1.0,111.0,0.0,0,rolling,net_profit_fitness,1_day,rep_1
test,3,53560,86986,86986,125287,24,13,2524,4.0,1,23,27,-852.0,13,-852.0,444.0,1296.0,0.3425925925925926,1074.0,0.3076923076923077,-65.53846153846153,144.0,6,rolling,net_profit_fitness,1_day,rep_1
train,3,53560,86986,86986,125287,25,13,768,6.5,2,23,8,222.0,2,222.0,222.0,0.0,inf,0.0,1.0,111.0,0.0,0,rolling,net_profit_fitness,1_day,rep_1
test,3,53560,86986,86986,125287,25,13,768,6.5,2,23,8,-170.0,10,-170.0,222.0,392.0,0.5663265306122449,294.0,0.2,-17.0,49.0,6,rolling,net_profit_fitness,1_day,rep_1
train,3,53560,86986,86986,125287,26,13,806,4.75,1,23,27,222.0,2,222.0,222.0,0.0,inf,0.0,1.0,111.0,0.0,0,rolling,net_profit_fitness,1_day,rep_1
test,3,53560,86986,86986,125287,26,13,806,4.75,1,23,27,-930.0,10,-930.0,222.0,1152.0,0.1927083333333333,1041.0,0.2,-93.0,144.0,6,rolling,net_profit_fitness,1_day,rep_1
train,3,53560,86986,86986,125287,27,13,806,5.25,3,23,29,222.0,2,222.0,222.0,0.0,inf,0.0,1.0,111.0,0.0,0,rolling,net_profit_fitness,1_day,rep_1
test,3,53560,86986,86986,125287,27,13,806,5.25,3,23,29,-1010.0,10,-1010.0,222.0,1232.0,0.1801948051948051,1121.0,0.2,-101.0,154.0,6,rolling,net_profit_fitness,1_day,rep_1
train,3,53560,86986,86986,125287,28,13,1992,5.25,3,23,29,222.0,2,222.0,222.0,0.0,inf,0.0,1.0,111.0,0.0,0,rolling,net_profit_fitness,1_day,rep_1
test,3,53560,86986,86986,125287,28,13,1992,5.25,3,23,29,-942.0,13,-942.0,444.0,1386.0,0.3203463203463203,1164.0,0.3076923076923077,-72.46153846153847,154.0,6,rolling,net_profit_fitness,1_day,rep_1
train,3,53560,86986,86986,125287,29,13,806,3.75,1,23,27,222.0,2,222.0,222.0,0.0,inf,0.0,1.0,111.0,0.0,0,rolling,net_profit_fitness,1_day,rep_1
test,3,53560,86986,86986,125287,29,13,806,3.75,1,23,27,-819.0,11,-819.0,333.0,1152.0,0.2890625,1041.0,0.2727272727272727,-74.45454545454545,144.0,6,rolling,net_profit_fitness,1_day,rep_1
train,3,53560,86986,86986,125287,30,13,2524,3.75,1,23,28,222.0,2,222.0,222.0,0.0,inf,0.0,1.0,111.0,0.0,0,rolling,net_profit_fitness,1_day,rep_1
test,3,53560,86986,86986,125287,30,13,2524,3.75,1,23,28,-786.0,14,-786.0,555.0,1341.0,0.4138702460850111,1081.0,0.3571428571428571,-56.142857142857146,149.0,6,rolling,net_profit_fitness,1_day,rep_1
train,3,53560,86986,86986,125287,31,13,1573,5.25,1,23,27,222.0,2,222.0,222.0,0.0,inf,0.0,1.0,111.0,0.0,0,rolling,net_profit_fitness,1_day,rep_1
test,3,53560,86986,86986,125287,31,13,1573,5.25,1,23,27,-852.0,13,-852.0,444.0,1296.0,0.3425925925925926,1074.0,0.3076923076923077,-65.53846153846153,144.0,6,rolling,net_profit_fitness,1_day,rep_1
train,3,53560,86986,86986,125287,32,13,768,4.75,1,23,28,222.0,2,222.0,222.0,0.0,inf,0.0,1.0,111.0,0.0,0,rolling,net_profit_fitness,1_day,rep_1
test,3,53560,86986,86986,125287,32,13,768,4.75,1,23,28,-970.0,10,-970.0,222.0,1192.0,0.186241610738255,1081.0,0.2,-97.0,149.0,6,rolling,net_profit_fitness,1_day,rep_1
train,3,53560,86986,86986,125287,33,13,2271,4.0,1,23,27,222.0,2,222.0,222.0,0.0,inf,0.0,1.0,111.0,0.0,0,rolling,net_profit_fitness,1_day,rep_1
test,3,53560,86986,86986,125287,33,13,2271,4.0,1,23,27,-852.0,13,-852.0,444.0,1296.0,0.3425925925925926,1074.0,0.3076923076923077,-65.53846153846153,144.0,6,rolling,net_profit_fitness,1_day,rep_1
train,3,53560,86986,86986,125287,34,13,367,3.75,2,23,28,222.0,2,222.0,222.0,0.0,inf,0.0,1.0,111.0,0.0,0,rolling,net_profit_fitness,1_day,rep_1
test,3,53560,86986,86986,125287,34,13,367,3.75,2,23,28,-523.0,7,-523.0,222.0,745.0,0.2979865771812081,634.0,0.2857142857142857,-74.71428571428571,149.0,3,rolling,net_profit_fitness,1_day,rep_1
train,3,53560,86986,86986,125287,35,13,1992,3.75,3,23,4,222.0,2,222.0,222.0,0.0,inf,0.0,1.0,111.0,0.0,0,rolling,net_profit_fitness,1_day,rep_1
test,3,53560,86986,86986,125287,35,13,1992,3.75,3,23,4,154.0,14,154.0,444.0,290.0,1.5310344827586206,174.0,0.2857142857142857,11.0,29.0,6,rolling,net_profit_fitness,1_day,rep_1
train,3,53560,86986,86986,125287,36,13,1992,5.0,1,23,27,222.0,2,222.0,222.0,0.0,inf,0.0,1.0,111.0,0.0,0,rolling,net_profit_fitness,1_day,rep_1
test,3,53560,86986,86986,125287,36,13,1992,5.0,1,23,27,-852.0,13,-852.0,444.0,1296.0,0.3425925925925926,1074.0,0.3076923076923077,-65.53846153846153,144.0,6,rolling,net_profit_fitness,1_day,rep_1
train,3,53560,86986,86986,125287,37,13,1573,5.5,1,23,2,222.0,2,222.0,222.0,0.0,inf,0.0,1.0,111.0,0.0,0,rolling,net_profit_fitness,1_day,rep_1
test,3,53560,86986,86986,125287,37,13,1573,5.5,1,23,2,273.0,13,273.0,444.0,171.0,2.5964912280701755,114.0,0.3076923076923077,21.0,19.0,6,rolling,net_profit_fitness,1_day,rep_1
train,3,53560,86986,86986,125287,38,13,2214,4.75,3,23,30,222.0,2,222.0,222.0,0.0,inf,0.0,1.0,111.0,0.0,0,rolling,net_profit_fitness,1_day,rep_1
test,3,53560,86986,86986,125287,38,13,2214,4.75,3,23,30,-987.0,13,-987.0,444.0,1431.0,0.310272536687631,1209.0,0.3076923076923077,-75.92307692307692,159.0,6,rolling,net_profit_fitness,1_day,rep_1
train,3,53560,86986,86986,125287,39,13,822,4.75,4,23,5,222.0,2,222.0,222.0,0.0,inf,0.0,1.0,111.0,0.0,0,rolling,net_profit_fitness,1_day,rep_1
test,3,53560,86986,86986,125287,39,13,822,4.75,4,23,5,-50.0,10,-50.0,222.0,272.0,0.8161764705882353,204.0,0.2,-5.0,34.0,6,rolling,net_profit_fitness,1_day,rep_1
train,3,53560,86986,86986,125287,40,13,1573,4.25,1,23,3,222.0,2,222.0,222.0,0.0,inf,0.0,1.0,111.0,0.0,0,rolling,net_profit_fitness,1_day,rep_1
test,3,53560,86986,86986,125287,40,13,1573,4.25,1,23,3,228.0,13,228.0,444.0,216.0,2.055555555555556,144.0,0.3076923076923077,17.53846153846154,24.0,6,rolling,net_profit_fitness,1_day,rep_1
train,3,53560,86986,86986,125287,41,13,838,4.75,1,23,27,222.0,2,222.0,222.0,0.0,inf,0.0,1.0,111.0,0.0,0,rolling,net_profit_fitness,1_day,rep_1
test,3,53560,86986,86986,125287,41,13,838,4.75,1,23,27,-930.0,10,-930.0,222.0,1152.0,0.1927083333333333,1041.0,0.2,-93.0,144.0,6,rolling,net_profit_fitness,1_day,rep_1
train,3,53560,86986,86986,125287,42,13,822,4.5,1,23,4,222.0,2,222.0,222.0,0.0,inf,0.0,1.0,111.0,0.0,0,rolling,net_profit_fitness,1_day,rep_1
test,3,53560,86986,86986,125287,42,13,822,4.5,1,23,4,-10.0,10,-10.0,222.0,232.0,0.956896551724138,174.0,0.2,-1.0,29.0,6,rolling,net_profit_fitness,1_day,rep_1
train,3,53560,86986,86986,125287,43,13,838,4.75,2,23,2,222.0,2,222.0,222.0,0.0,inf,0.0,1.0,111.0,0.0,0,rolling,net_profit_fitness,1_day,rep_1
test,3,53560,86986,86986,125287,43,13,838,4.75,2,23,2,70.0,10,70.0,222.0,152.0,1.4605263157894737,114.0,0.2,7.0,19.0,6,rolling,net_profit_fitness,1_day,rep_1
train,3,53560,86986,86986,125287,44,13,822,5.0,2,23,3,222.0,2,222.0,222.0,0.0,inf,0.0,1.0,111.0,0.0,0,rolling,net_profit_fitness,1_day,rep_1
test,3,53560,86986,86986,125287,44,13,822,5.0,2,23,3,30.0,10,30.0,222.0,192.0,1.15625,144.0,0.2,3.0,24.0,6,rolling,net_profit_fitness,1_day,rep_1
train,3,53560,86986,86986,125287,45,13,2524,3.5,3,23,27,222.0,2,222.0,222.0,0.0,inf,0.0,1.0,111.0,0.0,0,rolling,net_profit_fitness,1_day,rep_1
test,3,53560,86986,86986,125287,45,13,2524,3.5,3,23,27,-741.0,14,-741.0,555.0,1296.0,0.4282407407407407,1041.0,0.3571428571428571,-52.92857142857143,144.0,6,rolling,net_profit_fitness,1_day,rep_1
train,3,53560,86986,86986,125287,46,13,759,5.0,1,23,25,222.0,2,222.0,222.0,0.0,inf,0.0,1.0,111.0,0.0,0,rolling,net_profit_fitness,1_day,rep_1
test,3,53560,86986,86986,125287,46,13,759,5.0,1,23,25,-850.0,10,-850.0,222.0,1072.0,0.2070895522388059,961.0,0.2,-85.0,134.0,6,rolling,net_profit_fitness,1_day,rep_1
train,3,53560,86986,86986,125287,47,13,822,4.75,2,23,6,222.0,2,222.0,222.0,0.0,inf,0.0,1.0,111.0,0.0,0,rolling,net_profit_fitness,1_day,rep_1
test,3,53560,86986,86986,125287,47,13,822,4.75,2,23,6,-90.0,10,-90.0,222.0,312.0,0.7115384615384616,234.0,0.2,-9.0,39.0,6,rolling,net_profit_fitness,1_day,rep_1
train,3,53560,86986,86986,125287,48,13,838,4.75,1,23,26,222.0,2,222.0,222.0,0.0,inf,0.0,1.0,111.0,0.0,0,rolling,net_profit_fitness,1_day,rep_1
test,3,53560,86986,86986,125287,48,13,838,4.75,1,23,26,-890.0,10,-890.0,222.0,1112.0,0.1996402877697841,1001.0,0.2,-89.0,139.0,6,rolling,net_profit_fitness,1_day,rep_1
train,3,53560,86986,86986,125287,49,13,838,4.5,1,23,4,222.0,2,222.0,222.0,0.0,inf,0.0,1.0,111.0,0.0,0,rolling,net_profit_fitness,1_day,rep_1
test,3,53560,86986,86986,125287,49,13,838,4.5,1,23,4,-10.0,10,-10.0,222.0,232.0,0.956896551724138,174.0,0.2,-1.0,29.0,6,rolling,net_profit_fitness,1_day,rep_1
train,3,53560,86986,86986,125287,50,13,2524,3.5,2,23,26,222.0,2,222.0,222.0,0.0,inf,0.0,1.0,111.0,0.0,0,rolling,net_profit_fitness,1_day,rep_1
test,3,53560,86986,86986,125287,50,13,2524,3.5,2,23,26,-696.0,14,-696.0,555.0,1251.0,0.4436450839328537,1001.0,0.3571428571428571,-49.71428571428572,139.0,6,rolling,net_profit_fitness,1_day,rep_1
train,3,53560,86986,86986,125287,51,13,780,5.5,1,23,6,222.0,2,222.0,222.0,0.0,inf,0.0,1.0,111.0,0.0,0,rolling,net_profit_fitness,1_day,rep_1
test,3,53560,86986,86986,125287,51,13,780,5.5,1,23,6,-90.0,10,-90.0,222.0,312.0,0.7115384615384616,234.0,0.2,-9.0,39.0,6,rolling,net_profit_fitness,1_day,rep_1
train,3,53560,86986,86986,125287,52,13,789,3.5,2,23,26,222.0,2,222.0,222.0,0.0,inf,0.0,1.0,111.0,0.0,0,rolling,net_profit_fitness,1_day,rep_1
test,3,53560,86986,86986,125287,52,13,789,3.5,2,23,26,-779.0,11,-779.0,333.0,1112.0,0.2994604316546763,1001.0,0.2727272727272727,-70.81818181818181,139.0,6,rolling,net_profit_fitness,1_day,rep_1
train,3,53560,86986,86986,125287,53,13,789,5.0,3,23,28,222.0,2,222.0,222.0,0.0,inf,0.0,1.0,111.0,0.0,0,rolling,net_profit_fitness,1_day,rep_1
test,3,53560,86986,86986,125287,53,13,789,5.0,3,23,28,-970.0,10,-970.0,222.0,1192.0,0.186241610738255,1081.0,0.2,-97.0,149.0,6,rolling,net_profit_fitness,1_day,rep_1
train,3,53560,86986,86986,125287,54,13,838,3.25,2,23,6,222.0,2,222.0,222.0,0.0,inf,0.0,1.0,111.0,0.0,0,rolling,net_profit_fitness,1_day,rep_1
test,3,53560,86986,86986,125287,54,13,838,3.25,2,23,6,-129.0,11,-129.0,222.0,351.0,0.6324786324786325,234.0,0.1818181818181818,-11.727272727272728,39.0,6,rolling,net_profit_fitness,1_day,rep_1
train,3,53560,86986,86986,125287,55,13,725,5.0,2,23,28,222.0,2,222.0,222.0,0.0,inf,0.0,1.0,111.0,0.0,0,rolling,net_profit_fitness,1_day,rep_1
test,3,53560,86986,86986,125287,55,13,725,5.0,2,23,28,-970.0,10,-970.0,222.0,1192.0,0.186241610738255,1081.0,0.2,-97.0,149.0,6,rolling,net_profit_fitness,1_day,rep_1
train,3,53560,86986,86986,125287,56,13,1573,3.5,1,23,6,222.0,2,222.0,222.0,0.0,inf,0.0,1.0,111.0,0.0,0,rolling,net_profit_fitness,1_day,rep_1
test,3,53560,86986,86986,125287,56,13,1573,3.5,1,23,6,54.0,14,54.0,444.0,390.0,1.1384615384615384,234.0,0.2857142857142857,3.857142857142857,39.0,6,rolling,net_profit_fitness,1_day,rep_1
train,3,53560,86986,86986,125287,57,13,822,4.5,2,23,22,222.0,2,222.0,222.0,0.0,inf,0.0,1.0,111.0,0.0,0,rolling,net_profit_fitness,1_day,rep_1
test,3,53560,86986,86986,125287,57,13,822,4.5,2,23,22,-730.0,10,-730.0,222.0,952.0,0.2331932773109243,841.0,0.2,-73.0,119.0,6,rolling,net_profit_fitness,1_day,rep_1
train,3,53560,86986,86986,125287,58,13,759,5.5,1,23,28,222.0,2,222.0,222.0,0.0,inf,0.0,1.0,111.0,0.0,0,rolling,net_profit_fitness,1_day,rep_1
test,3,53560,86986,86986,125287,58,13,759,5.5,1,23,28,-970.0,10,-970.0,222.0,1192.0,0.186241610738255,1081.0,0.2,-97.0,149.0,6,rolling,net_profit_fitness,1_day,rep_1
train,3,53560,86986,86986,125287,59,13,779,4.75,2,23,25,222.0,2,222.0,222.0,0.0,inf,0.0,1.0,111.0,0.0,0,rolling,net_profit_fitness,1_day,rep_1
test,3,53560,86986,86986,125287,59,13,779,4.75,2,23,25,-850.0,10,-850.0,222.0,1072.0,0.2070895522388059,961.0,0.2,-85.0,134.0,6,rolling,net_profit_fitness,1_day,rep_1
train,3,53560,86986,86986,125287,60,13,1573,4.5,3,23,6,222.0,2,222.0,222.0,0.0,inf,0.0,1.0,111.0,0.0,0,rolling,net_profit_fitness,1_day,rep_1
test,3,53560,86986,86986,125287,60,13,1573,4.5,3,23,6,93.0,13,93.0,444.0,351.0,1.264957264957265,234.0,0.3076923076923077,7.153846153846154,39.0,6,rolling,net_profit_fitness,1_day,rep_1
train,3,53560,86986,86986,125287,61,13,759,3.5,1,23,2,222.0,2,222.0,222.0,0.0,inf,0.0,1.0,111.0,0.0,0,rolling,net_profit_fitness,1_day,rep_1
test,3,53560,86986,86986,125287,61,13,759,3.5,1,23,2,51.0,11,51.0,222.0,171.0,1.2982456140350878,114.0,0.1818181818181818,4.636363636363637,19.0,6,rolling,net_profit_fitness,1_day,rep_1
train,3,53560,86986,86986,125287,62,13,759,4.75,1,23,26,222.0,2,222.0,222.0,0.0,inf,0.0,1.0,111.0,0.0,0,rolling,net_profit_fitness,1_day,rep_1
test,3,53560,86986,86986,125287,62,13,759,4.75,1,23,26,-890.0,10,-890.0,222.0,1112.0,0.1996402877697841,1001.0,0.2,-89.0,139.0,6,rolling,net_profit_fitness,1_day,rep_1
train,3,53560,86986,86986,125287,63,13,780,4.75,2,23,21,222.0,2,222.0,222.0,0.0,inf,0.0,1.0,111.0,0.0,0,rolling,net_profit_fitness,1_day,rep_1
test,3,53560,86986,86986,125287,63,13,780,4.75,2,23,21,-690.0,10,-690.0,222.0,912.0,0.2434210526315789,801.0,0.2,-69.0,114.0,6,rolling,net_profit_fitness,1_day,rep_1
train,3,53560,86986,86986,125287,64,13,759,5.0,2,23,2,222.0,2,222.0,222.0,0.0,inf,0.0,1.0,111.0,0.0,0,rolling,net_profit_fitness,1_day,rep_1
test,3,53560,86986,86986,125287,64,13,759,5.0,2,23,2,70.0,10,70.0,222.0,152.0,1.4605263157894737,114.0,0.2,7.0,19.0,6,rolling,net_profit_fitness,1_day,rep_1
train,3,53560,86986,86986,125287,65,13,803,3.75,2,23,7,222.0,2,222.0,222.0,0.0,inf,0.0,1.0,111.0,0.0,0,rolling,net_profit_fitness,1_day,rep_1
test,3,53560,86986,86986,125287,65,13,803,3.75,2,23,7,-174.0,11,-174.0,222.0,396.0,0.5606060606060606,264.0,0.1818181818181818,-15.818181818181818,44.0,6,rolling,net_profit_fitness,1_day,rep_1
train,3,53560,86986,86986,125287,66,13,779,4.5,2,23,26,222.0,2,222.0,222.0,0.0,inf,0.0,1.0,111.0,0.0,0,rolling,net_profit_fitness,1_day,rep_1
test,3,53560,86986,86986,125287,66,13,779,4.5,2,23,26,-890.0,10,-890.0,222.0,1112.0,0.1996402877697841,1001.0,0.2,-89.0,139.0,6,rolling,net_profit_fitness,1_day,rep_1
train,3,53560,86986,86986,125287,67,13,780,4.75,1,23,25,222.0,2,222.0,222.0,0.0,inf,0.0,1.0,111.0,0.0,0,rolling,net_profit_fitness,1_day,rep_1
test,3,53560,86986,86986,125287,67,13,780,4.75,1,23,25,-850.0,10,-850.0,222.0,1072.0,0.2070895522388059,961.0,0.2,-85.0,134.0,6,rolling,net_profit_fitness,1_day,rep_1
train,3,53560,86986,86986,125287,68,13,759,3.5,1,23,26,222.0,2,222.0,222.0,0.0,inf,0.0,1.0,111.0,0.0,0,rolling,net_profit_fitness,1_day,rep_1
test,3,53560,86986,86986,125287,68,13,759,3.5,1,23,26,-779.0,11,-779.0,333.0,1112.0,0.2994604316546763,1001.0,0.2727272727272727,-70.81818181818181,139.0,6,rolling,net_profit_fitness,1_day,rep_1
train,3,53560,86986,86986,125287,69,13,2051,4.75,4,23,26,222.0,2,222.0,222.0,0.0,inf,0.0,1.0,111.0,0.0,0,rolling,net_profit_fitness,1_day,rep_1
test,3,53560,86986,86986,125287,69,13,2051,4.75,4,23,26,-807.0,13,-807.0,444.0,1251.0,0.354916067146283,1029.0,0.3076923076923077,-62.07692307692308,139.0,6,rolling,net_profit_fitness,1_day,rep_1
train,3,53560,86986,86986,125287,70,13,822,3.5,4,23,26,222.0,2,222.0,222.0,0.0,inf,0.0,1.0,111.0,0.0,0,rolling,net_profit_fitness,1_day,rep_1
test,3,53560,86986,86986,125287,70,13,822,3.5,4,23,26,-779.0,11,-779.0,333.0,1112.0,0.2994604316546763,1001.0,0.2727272727272727,-70.81818181818181,139.0,6,rolling,net_profit_fitness,1_day,rep_1
train,3,53560,86986,86986,125287,71,13,2051,5.0,3,23,26,222.0,2,222.0,222.0,0.0,inf,0.0,1.0,111.0,0.0,0,rolling,net_profit_fitness,1_day,rep_1
test,3,53560,86986,86986,125287,71,13,2051,5.0,3,23,26,-807.0,13,-807.0,444.0,1251.0,0.354916067146283,1029.0,0.3076923076923077,-62.07692307692308,139.0,6,rolling,net_profit_fitness,1_day,rep_1
train,3,53560,86986,86986,125287,72,13,803,3.5,1,23,25,222.0,2,222.0,222.0,0.0,inf,0.0,1.0,111.0,0.0,0,rolling,net_profit_fitness,1_day,rep_1
test,3,53560,86986,86986,125287,72,13,803,3.5,1,23,25,-739.0,11,-739.0,333.0,1072.0,0.310634328358209,961.0,0.2727272727272727,-67.18181818181819,134.0,6,rolling,net_profit_fitness,1_day,rep_1
train,3,53560,86986,86986,125287,73,13,803,4.25,3,23,26,222.0,2,222.0,222.0,0.0,inf,0.0,1.0,111.0,0.0,0,rolling,net_profit_fitness,1_day,rep_1
test,3,53560,86986,86986,125287,73,13,803,4.25,3,23,26,-890.0,10,-890.0,222.0,1112.0,0.1996402877697841,1001.0,0.2,-89.0,139.0,6,rolling,net_profit_fitness,1_day,rep_1
train,3,53560,86986,86986,125287,74,13,803,4.75,1,23,25,222.0,2,222.0,222.0,0.0,inf,0.0,1.0,111.0,0.0,0,rolling,net_profit_fitness,1_day,rep_1
test,3,53560,86986,86986,125287,74,13,803,4.75,1,23,25,-850.0,10,-850.0,222.0,1072.0,0.2070895522388059,961.0,0.2,-85.0,134.0,6,rolling,net_profit_fitness,1_day,rep_1
train,3,53560,86986,86986,125287,75,13,2051,3.5,2,23,25,222.0,2,222.0,222.0,0.0,inf,0.0,1.0,111.0,0.0,0,rolling,net_profit_fitness,1_day,rep_1
test,3,53560,86986,86986,125287,75,13,2051,3.5,2,23,25,-651.0,14,-651.0,555.0,1206.0,0.4601990049751244,961.0,0.3571428571428571,-46.5,134.0,6,rolling,net_profit_fitness,1_day,rep_1
train,3,53560,86986,86986,125287,76,13,896,4.75,3,23,25,222.0,2,222.0,222.0,0.0,inf,0.0,1.0,111.0,0.0,0,rolling,net_profit_fitness,1_day,rep_1
test,3,53560,86986,86986,125287,76,13,896,4.75,3,23,25,-850.0,10,-850.0,222.0,1072.0,0.2070895522388059,961.0,0.2,-85.0,134.0,6,rolling,net_profit_fitness,1_day,rep_1
train,3,53560,86986,86986,125287,77,13,2215,4.75,3,23,25,222.0,2,222.0,222.0,0.0,inf,0.0,1.0,111.0,0.0,0,rolling,net_profit_fitness,1_day,rep_1
test,3,53560,86986,86986,125287,77,13,2215,4.75,3,23,25,-762.0,13,-762.0,444.0,1206.0,0.3681592039800995,984.0,0.3076923076923077,-58.61538461538461,134.0,6,rolling,net_profit_fitness,1_day,rep_1
train,3,53560,86986,86986,125287,78,13,2051,4.75,1,23,25,222.0,2,222.0,222.0,0.0,inf,0.0,1.0,111.0,0.0,0,rolling,net_profit_fitness,1_day,rep_1
test,3,53560,86986,86986,125287,78,13,2051,4.75,1,23,25,-762.0,13,-762.0,444.0,1206.0,0.3681592039800995,984.0,0.3076923076923077,-58.61538461538461,134.0,6,rolling,net_profit_fitness,1_day,rep_1
train,3,53560,86986,86986,125287,79,13,2091,4.5,3,23,28,222.0,2,222.0,222.0,0.0,inf,0.0,1.0,111.0,0.0,0,rolling,net_profit_fitness,1_day,rep_1
test,3,53560,86986,86986,125287,79,13,2091,4.5,3,23,28,-897.0,13,-897.0,444.0,1341.0,0.3310961968680089,1119.0,0.3076923076923077,-69.0,149.0,6,rolling,net_profit_fitness,1_day,rep_1
train,3,53560,86986,86986,125287,80,13,762,3.75,3,23,26,222.0,2,222.0,222.0,0.0,inf,0.0,1.0,111.0,0.0,0,rolling,net_profit_fitness,1_day,rep_1
test,3,53560,86986,86986,125287,80,13,762,3.75,3,23,26,-779.0,11,-779.0,333.0,1112.0,0.2994604316546763,1001.0,0.2727272727272727,-70.81818181818181,139.0,6,rolling,net_profit_fitness,1_day,rep_1
train,3,53560,86986,86986,125287,81,13,1992,5.0,2,23,4,222.0,2,222.0,222.0,0.0,inf,0.0,1.0,111.0,0.0,0,rolling,net_profit_fitness,1_day,rep_1
test,3,53560,86986,86986,125287,81,13,1992,5.0,2,23,4,183.0,13,183.0,444.0,261.0,1.7011494252873562,174.0,0.3076923076923077,14.076923076923077,29.0,6,rolling,net_profit_fitness,1_day,rep_1
train,3,53560,86986,86986,125287,82,13,762,4.75,3,23,25,222.0,2,222.0,222.0,0.0,inf,0.0,1.0,111.0,0.0,0,rolling,net_profit_fitness,1_day,rep_1
test,3,53560,86986,86986,125287,82,13,762,4.75,3,23,25,-850.0,10,-850.0,222.0,1072.0,0.2070895522388059,961.0,0.2,-85.0,134.0,6,rolling,net_profit_fitness,1_day,rep_1
train,3,53560,86986,86986,125287,83,13,2091,5.0,3,23,5,222.0,2,222.0,222.0,0.0,inf,0.0,1.0,111.0,0.0,0,rolling,net_profit_fitness,1_day,rep_1
test,3,53560,86986,86986,125287,83,13,2091,5.0,3,23,5,138.0,13,138.0,444.0,306.0,1.4509803921568627,204.0,0.3076923076923077,10.615384615384617,34.0,6,rolling,net_profit_fitness,1_day,rep_1
train,3,53560,86986,86986,125287,84,13,822,5.0,3,23,22,222.0,2,222.0,222.0,0.0,inf,0.0,1.0,111.0,0.0,0,rolling,net_profit_fitness,1_day,rep_1
test,3,53560,86986,86986,125287,84,13,822,5.0,3,23,22,-730.0,10,-730.0,222.0,952.0,0.2331932773109243,841.0,0.2,-73.0,119.0,6,rolling,net_profit_fitness,1_day,rep_1
train,3,53560,86986,86986,125287,85,13,2051,3.25,3,23,5,222.0,2,222.0,222.0,0.0,inf,0.0,1.0,111.0,0.0,0,rolling,net_profit_fitness,1_day,rep_1
test,3,53560,86986,86986,125287,85,13,2051,3.25,3,23,5,104.0,14,104.0,444.0,340.0,1.3058823529411765,204.0,0.2857142857142857,7.428571428571429,34.0,6,rolling,net_profit_fitness,1_day,rep_1
train,3,53560,86986,86986,125287,86,13,1992,4.5,1,23,5,222.0,2,222.0,222.0,0.0,inf,0.0,1.0,111.0,0.0,0,rolling,net_profit_fitness,1_day,rep_1
test,3,53560,86986,86986,125287,86,13,1992,4.5,1,23,5,138.0,13,138.0,444.0,306.0,1.4509803921568627,204.0,0.3076923076923077,10.615384615384617,34.0,6,rolling,net_profit_fitness,1_day,rep_1
train,3,53560,86986,86986,125287,87,13,762,4.5,2,23,25,222.0,2,222.0,222.0,0.0,inf,0.0,1.0,111.0,0.0,0,rolling,net_profit_fitness,1_day,rep_1
test,3,53560,86986,86986,125287,87,13,762,4.5,2,23,25,-850.0,10,-850.0,222.0,1072.0,0.2070895522388059,961.0,0.2,-85.0,134.0,6,rolling,net_profit_fitness,1_day,rep_1
train,3,53560,86986,86986,125287,88,13,762,4.5,2,23,26,222.0,2,222.0,222.0,0.0,inf,0.0,1.0,111.0,0.0,0,rolling,net_profit_fitness,1_day,rep_1
test,3,53560,86986,86986,125287,88,13,762,4.5,2,23,26,-890.0,10,-890.0,222.0,1112.0,0.1996402877697841,1001.0,0.2,-89.0,139.0,6,rolling,net_profit_fitness,1_day,rep_1
train,3,53560,86986,86986,125287,89,13,2091,3.25,3,23,26,222.0,2,222.0,222.0,0.0,inf,0.0,1.0,111.0,0.0,0,rolling,net_profit_fitness,1_day,rep_1
test,3,53560,86986,86986,125287,89,13,2091,3.25,3,23,26,-696.0,14,-696.0,555.0,1251.0,0.4436450839328537,1001.0,0.3571428571428571,-49.71428571428572,139.0,6,rolling,net_profit_fitness,1_day,rep_1
train,3,53560,86986,86986,125287,90,13,1992,4.0,3,23,27,222.0,2,222.0,222.0,0.0,inf,0.0,1.0,111.0,0.0,0,rolling,net_profit_fitness,1_day,rep_1
test,3,53560,86986,86986,125287,90,13,1992,4.0,3,23,27,-852.0,13,-852.0,444.0,1296.0,0.3425925925925926,1074.0,0.3076923076923077,-65.53846153846153,144.0,6,rolling,net_profit_fitness,1_day,rep_1
train,3,53560,86986,86986,125287,91,13,1992,4.75,4,23,26,222.0,2,222.0,222.0,0.0,inf,0.0,1.0,111.0,0.0,0,rolling,net_profit_fitness,1_day,rep_1
test,3,53560,86986,86986,125287,91,13,1992,4.75,4,23,26,-807.0,13,-807.0,444.0,1251.0,0.354916067146283,1029.0,0.3076923076923077,-62.07692307692308,139.0,6,rolling,net_profit_fitness,1_day,rep_1
train,3,53560,86986,86986,125287,92,13,1992,4.5,3,23,26,222.0,2,222.0,222.0,0.0,inf,0.0,1.0,111.0,0.0,0,rolling,net_profit_fitness,1_day,rep_1
test,3,53560,86986,86986,125287,92,13,1992,4.5,3,23,26,-807.0,13,-807.0,444.0,1251.0,0.354916067146283,1029.0,0.3076923076923077,-62.07692307692308,139.0,6,rolling,net_profit_fitness,1_day,rep_1
train,3,53560,86986,86986,125287,93,13,1992,4.75,1,23,26,222.0,2,222.0,222.0,0.0,inf,0.0,1.0,111.0,0.0,0,rolling,net_profit_fitness,1_day,rep_1
test,3,53560,86986,86986,125287,93,13,1992,4.75,1,23,26,-807.0,13,-807.0,444.0,1251.0,0.354916067146283,1029.0,0.3076923076923077,-62.07692307692308,139.0,6,rolling,net_profit_fitness,1_day,rep_1
train,3,53560,86986,86986,125287,94,13,819,4.75,1,23,28,222.0,2,222.0,222.0,0.0,inf,0.0,1.0,111.0,0.0,0,rolling,net_profit_fitness,1_day,rep_1
test,3,53560,86986,86986,125287,94,13,819,4.75,1,23,28,-970.0,10,-970.0,222.0,1192.0,0.186241610738255,1081.0,0.2,-97.0,149.0,6,rolling,net_profit_fitness,1_day,rep_1
train,3,53560,86986,86986,125287,95,13,1992,4.5,2,23,25,222.0,2,222.0,222.0,0.0,inf,0.0,1.0,111.0,0.0,0,rolling,net_profit_fitness,1_day,rep_1
test,3,53560,86986,86986,125287,95,13,1992,4.5,2,23,25,-762.0,13,-762.0,444.0,1206.0,0.3681592039800995,984.0,0.3076923076923077,-58.61538461538461,134.0,6,rolling,net_profit_fitness,1_day,rep_1
train,3,53560,86986,86986,125287,96,13,819,3.25,4,23,26,222.0,2,222.0,222.0,0.0,inf,0.0,1.0,111.0,0.0,0,rolling,net_profit_fitness,1_day,rep_1
test,3,53560,86986,86986,125287,96,13,819,3.25,4,23,26,-779.0,11,-779.0,333.0,1112.0,0.2994604316546763,1001.0,0.2727272727272727,-70.81818181818181,139.0,6,rolling,net_profit_fitness,1_day,rep_1
train,3,53560,86986,86986,125287,97,13,1992,3.5,1,23,7,222.0,2,222.0,222.0,0.0,inf,0.0,1.0,111.0,0.0,0,rolling,net_profit_fitness,1_day,rep_1
test,3,53560,86986,86986,125287,97,13,1992,3.5,1,23,7,4.0,14,4.0,444.0,440.0,1.009090909090909,264.0,0.2857142857142857,0.2857142857142857,44.0,6,rolling,net_profit_fitness,1_day,rep_1
train,3,53560,86986,86986,125287,98,13,1992,4.75,1,23,7,222.0,2,222.0,222.0,0.0,inf,0.0,1.0,111.0,0.0,0,rolling,net_profit_fitness,1_day,rep_1
test,3,53560,86986,86986,125287,98,13,1992,4.75,1,23,7,48.0,13,48.0,444.0,396.0,1.121212121212121,264.0,0.3076923076923077,3.692307692307693,44.0,6,rolling,net_profit_fitness,1_day,rep_1
train,3,53560,86986,86986,125287,99,13,1832,4.75,2,23,7,222.0,2,222.0,222.0,0.0,inf,0.0,1.0,111.0,0.0,0,rolling,net_profit_fitness,1_day,rep_1
test,3,53560,86986,86986,125287,99,13,1832,4.75,2,23,7,48.0,13,48.0,444.0,396.0,1.121212121212121,264.0,0.3076923076923077,3.692307692307693,44.0,6,rolling,net_profit_fitness,1_day,rep_1
train,3,53560,86986,86986,125287,100,13,1992,3.5,2,23,26,222.0,2,222.0,222.0,0.0,inf,0.0,1.0,111.0,0.0,0,rolling,net_profit_fitness,1_day,rep_1
test,3,53560,86986,86986,125287,100,13,1992,3.5,2,23,26,-696.0,14,-696.0,555.0,1251.0,0.4436450839328537,1001.0,0.3571428571428571,-49.71428571428572,139.0,6,rolling,net_profit_fitness,1_day,rep_1
train,4,86986,125287,125287,130699,0,11,2108,8.75,9,16,4,199.0,4,199.0,228.0,29.0,7.862068965517241,29.0,0.75,49.75,29.0,1,rolling,net_profit_fitness,1_day,rep_1
test,4,86986,125287,125287,130699,0,11,2108,8.75,9,16,4,-1000.0,0,0.0,0.0,0.0,inf,0.0,0.0,0.0,0.0,0,rolling,net_profit_fitness,1_day,rep_1
train,4,86986,125287,125287,130699,1,14,2149,3.5,8,21,5,133.0,8,133.0,303.0,170.0,1.7823529411764707,170.0,0.375,16.625,34.0,5,rolling,net_profit_fitness,1_day,rep_1
test,4,86986,125287,125287,130699,1,14,2149,3.5,8,21,5,-1000.0,0,0.0,0.0,0.0,inf,0.0,0.0,0.0,0.0,0,rolling,net_profit_fitness,1_day,rep_1
train,4,86986,125287,125287,130699,2,12,3178,3.5,12,30,2,197.0,7,197.0,292.0,95.0,3.073684210526316,76.0,0.2857142857142857,28.142857142857142,19.0,4,rolling,net_profit_fitness,1_day,rep_1
test,4,86986,125287,125287,130699,2,12,3178,3.5,12,30,2,-1000.0,0,0.0,0.0,0.0,inf,0.0,0.0,0.0,0.0,0,rolling,net_profit_fitness,1_day,rep_1
train,4,86986,125287,125287,130699,3,13,2108,4.75,8,20,2,251.0,11,251.0,384.0,133.0,2.887218045112782,76.0,0.3636363636363636,22.818181818181817,19.0,4,rolling,net_profit_fitness,1_day,rep_1
test,4,86986,125287,125287,130699,3,13,2108,4.75,8,20,2,-1000.0,0,0.0,0.0,0.0,inf,0.0,0.0,0.0,0.0,0,rolling,net_profit_fitness,1_day,rep_1
train,4,86986,125287,125287,130699,4,11,2942,3.75,8,8,2,331.0,26,331.0,540.0,209.0,2.583732057416268,76.0,0.5769230769230769,12.73076923076923,19.0,4,rolling,net_profit_fitness,1_day,rep_1
test,4,86986,125287,125287,130699,4,11,2942,3.75,8,8,2,-1000.0,0,0.0,0.0,0.0,inf,0.0,0.0,0.0,0.0,0,rolling,net_profit_fitness,1_day,rep_1
train,4,86986,125287,125287,130699,5,12,2108,5.75,7,20,2,347.0,12,347.0,480.0,133.0,3.609022556390977,76.0,0.4166666666666667,28.916666666666668,19.0,4,rolling,net_profit_fitness,1_day,rep_1
test,4,86986,125287,125287,130699,5,12,2108,5.75,7,20,2,-1000.0,0,0.0,0.0,0.0,inf,0.0,0.0,0.0,0.0,0,rolling,net_profit_fitness,1_day,rep_1
train,4,86986,125287,125287,130699,6,9,3991,3.25,9,29,2,439.0,19,439.0,705.0,266.0,2.6503759398496243,133.0,0.2631578947368421,23.105263157894736,19.0,7,rolling,net_profit_fitness,1_day,rep_1
test,4,86986,125287,125287,130699,6,9,3991,3.25,9,29,2,-1000.0,0,0.0,0.0,0.0,inf,0.0,0.0,0.0,0.0,0,rolling,net_profit_fitness,1_day,rep_1
train,4,86986,125287,125287,130699,7,12,2108,3.5,9,15,2,383.0,13,383.0,497.0,114.0,4.359649122807017,57.0,0.5384615384615384,29.46153846153846,19.0,3,rolling,net_profit_fitness,1_day,rep_1
test,4,86986,125287,125287,130699,7,12,2108,3.5,9,15,2,-1000.0,0,0.0,0.0,0.0,inf,0.0,0.0,0.0,0.0,0,rolling,net_profit_fitness,1_day,rep_1
train,4,86986,125287,125287,130699,8,12,2108,3.75,10,15,2,383.0,13,383.0,497.0,114.0,4.359649122807017,57.0,0.5384615384615384,29.46153846153846,19.0,3,rolling,net_profit_fitness,1_day,rep_1
test,4,86986,125287,125287,130699,8,12,2108,3.75,10,15,2,-1000.0,0,0.0,0.0,0.0,inf,0.0,0.0,0.0,0.0,0,rolling,net_profit_fitness,1_day,rep_1
train,4,86986,125287,125287,130699,9,9,2108,3.5,8,20,2,426.0,26,426.0,768.0,342.0,2.245614035087719,152.0,0.3076923076923077,16.384615384615383,19.0,8,rolling,net_profit_fitness,1_day,rep_1
test,4,86986,125287,125287,130699,9,9,2108,3.5,8,20,2,-1000.0,0,0.0,0.0,0.0,inf,0.0,0.0,0.0,0.0,0,rolling,net_profit_fitness,1_day,rep_1
train,4,86986,125287,125287,130699,10,9,3089,3.5,9,29,2,439.0,19,439.0,705.0,266.0,2.6503759398496243,133.0,0.2631578947368421,23.105263157894736,19.0,7,rolling,net_profit_fitness,1_day,rep_1
test,4,86986,125287,125287,130699,10,9,3089,3.5,9,29,2,-1000.0,0,0.0,0.0,0.0,inf,0.0,0.0,0.0,0.0,0,rolling,net_profit_fitness,1_day,rep_1
train,4,86986,125287,125287,130699,11,9,2108,3.5,8,20,2,426.0,26,426.0,768.0,342.0,2.245614035087719,152.0,0.3076923076923077,16.384615384615383,19.0,8,rolling,net_profit_fitness,1_day,rep_1
test,4,86986,125287,125287,130699,11,9,2108,3.5,8,20,2,-1000.0,0,0.0,0.0,0.0,inf,0.0,0.0,0.0,0.0,0,rolling,net_profit_fitness,1_day,rep_1
train,4,86986,125287,125287,130699,12,9,2108,3.5,8,18,2,432.0,27,432.0,774.0,342.0,2.263157894736842,152.0,0.3333333333333333,16.0,19.0,8,rolling,net_profit_fitness,1_day,rep_1
test,4,86986,125287,125287,130699,12,9,2108,3.5,8,18,2,-1000.0,0,0.0,0.0,0.0,inf,0.0,0.0,0.0,0.0,0,rolling,net_profit_fitness,1_day,rep_1
train,4,86986,125287,125287,130699,13,9,1552,3.75,8,20,2,426.0,26,426.0,768.0,342.0,2.245614035087719,152.0,0.3076923076923077,16.384615384615383,19.0,8,rolling,net_profit_fitness,1_day,rep_1
test,4,86986,125287,125287,130699,13,9,1552,3.75,8,20,2,-1000.0,0,0.0,0.0,0.0,inf,0.0,0.0,0.0,0.0,0,rolling,net_profit_fitness,1_day,rep_1
train,4,86986,125287,125287,130699,14,9,1552,3.75,8,20,2,426.0,26,426.0,768.0,342.0,2.245614035087719,152.0,0.3076923076923077,16.384615384615383,19.0,8,rolling,net_profit_fitness,1_day,rep_1
test,4,86986,125287,125287,130699,14,9,1552,3.75,8,20,2,-1000.0,0,0.0,0.0,0.0,inf,0.0,0.0,0.0,0.0,0,rolling,net_profit_fitness,1_day,rep_1
train,4,86986,125287,125287,130699,15,9,1552,3.75,8,20,2,426.0,26,426.0,768.0,342.0,2.245614035087719,152.0,0.3076923076923077,16.384615384615383,19.0,8,rolling,net_profit_fitness,1_day,rep_1
test,4,86986,125287,125287,130699,15,9,1552,3.75,8,20,2,-1000.0,0,0.0,0.0,0.0,inf,0.0,0.0,0.0,0.0,0,rolling,net_profit_fitness,1_day,rep_1
train,4,86986,125287,125287,130699,16,11,2108,3.75,10,23,2,422.0,12,422.0,555.0,133.0,4.172932330827067,57.0,0.4166666666666667,35.166666666666664,19.0,3,rolling,net_profit_fitness,1_day,rep_1
test,4,86986,125287,125287,130699,16,11,2108,3.75,10,23,2,-1000.0,0,0.0,0.0,0.0,inf,0.0,0.0,0.0,0.0,0,rolling,net_profit_fitness,1_day,rep_1
train,4,86986,125287,125287,130699,17,11,2108,3.5,10,23,2,422.0,12,422.0,555.0,133.0,4.172932330827067,57.0,0.4166666666666667,35.166666666666664,19.0,3,rolling,net_profit_fitness,1_day,rep_1
test,4,86986,125287,125287,130699,17,11,2108,3.5,10,23,2,-1000.0,0,0.0,0.0,0.0,inf,0.0,0.0,0.0,0.0,0,rolling,net_profit_fitness,1_day,rep_1
train,4,86986,125287,125287,130699,18,11,1552,3.5,10,23,2,422.0,12,422.0,555.0,133.0,4.172932330827067,57.0,0.4166666666666667,35.166666666666664,19.0,3,rolling,net_profit_fitness,1_day,rep_1
test,4,86986,125287,125287,130699,18,11,1552,3.5,10,23,2,-1000.0,0,0.0,0.0,0.0,inf,0.0,0.0,0.0,0.0,0,rolling,net_profit_fitness,1_day,rep_1
train,4,86986,125287,125287,130699,19,11,1552,3.5,10,24,2,447.0,12,447.0,580.0,133.0,4.360902255639098,57.0,0.4166666666666667,37.25,19.0,3,rolling,net_profit_fitness,1_day,rep_1
test,4,86986,125287,125287,130699,19,11,1552,3.5,10,24,2,-1000.0,0,0.0,0.0,0.0,inf,0.0,0.0,0.0,0.0,0,rolling,net_profit_fitness,1_day,rep_1
train,4,86986,125287,125287,130699,20,11,1645,3.75,10,24,2,447.0,12,447.0,580.0,133.0,4.360902255639098,57.0,0.4166666666666667,37.25,19.0,3,rolling,net_profit_fitness,1_day,rep_1
test,4,86986,125287,125287,130699,20,11,1645,3.75,10,24,2,-1000.0,0,0.0,0.0,0.0,inf,0.0,0.0,0.0,0.0,0,rolling,net_profit_fitness,1_day,rep_1
train,4,86986,125287,125287,130699,21,11,1505,3.25,10,23,2,422.0,12,422.0,555.0,133.0,4.172932330827067,57.0,0.4166666666666667,35.166666666666664,19.0,3,rolling,net_profit_fitness,1_day,rep_1
test,4,86986,125287,125287,130699,21,11,1505,3.25,10,23,2,-1000.0,0,0.0,0.0,0.0,inf,0.0,0.0,0.0,0.0,0,rolling,net_profit_fitness,1_day,rep_1
train,4,86986,125287,125287,130699,22,10,2044,3.75,10,23,2,422.0,12,422.0,555.0,133.0,4.172932330827067,57.0,0.4166666666666667,35.166666666666664,19.0,3,rolling,net_profit_fitness,1_day,rep_1
test,4,86986,125287,125287,130699,22,10,2044,3.75,10,23,2,-1000.0,0,0.0,0.0,0.0,inf,0.0,0.0,0.0,0.0,0,rolling,net_profit_fitness,1_day,rep_1
train,4,86986,125287,125287,130699,23,10,2044,3.25,10,24,2,447.0,12,447.0,580.0,133.0,4.360902255639098,57.0,0.4166666666666667,37.25,19.0,3,rolling,net_profit_fitness,1_day,rep_1
test,4,86986,125287,125287,130699,23,10,2044,3.25,10,24,2,-1000.0,0,0.0,0.0,0.0,inf,0.0,0.0,0.0,0.0,0,rolling,net_profit_fitness,1_day,rep_1
train,4,86986,125287,125287,130699,24,11,2108,3.5,10,24,2,447.0,12,447.0,580.0,133.0,4.360902255639098,57.0,0.4166666666666667,37.25,19.0,3,rolling,net_profit_fitness,1_day,rep_1
test,4,86986,125287,125287,130699,24,11,2108,3.5,10,24,2,-1000.0,0,0.0,0.0,0.0,inf,0.0,0.0,0.0,0.0,0,rolling,net_profit_fitness,1_day,rep_1
train,4,86986,125287,125287,130699,25,11,2108,3.25,10,24,2,447.0,12,447.0,580.0,133.0,4.360902255639098,57.0,0.4166666666666667,37.25,19.0,3,rolling,net_profit_fitness,1_day,rep_1
test,4,86986,125287,125287,130699,25,11,2108,3.25,10,24,2,-1000.0,0,0.0,0.0,0.0,inf,0.0,0.0,0.0,0.0,0,rolling,net_profit_fitness,1_day,rep_1
train,4,86986,125287,125287,130699,26,11,2318,3.5,10,24,2,447.0,12,447.0,580.0,133.0,4.360902255639098,57.0,0.4166666666666667,37.25,19.0,3,rolling,net_profit_fitness,1_day,rep_1
test,4,86986,125287,125287,130699,26,11,2318,3.5,10,24,2,-1000.0,0,0.0,0.0,0.0,inf,0.0,0.0,0.0,0.0,0,rolling,net_profit_fitness,1_day,rep_1
train,4,86986,125287,125287,130699,27,10,2086,3.75,10,24,2,447.0,12,447.0,580.0,133.0,4.360902255639098,57.0,0.4166666666666667,37.25,19.0,3,rolling,net_profit_fitness,1_day,rep_1
test,4,86986,125287,125287,130699,27,10,2086,3.75,10,24,2,-1000.0,0,0.0,0.0,0.0,inf,0.0,0.0,0.0,0.0,0,rolling,net_profit_fitness,1_day,rep_1
train,4,86986,125287,125287,130699,28,10,2044,3.75,10,24,2,447.0,12,447.0,580.0,133.0,4.360902255639098,57.0,0.4166666666666667,37.25,19.0,3,rolling,net_profit_fitness,1_day,rep_1
test,4,86986,125287,125287,130699,28,10,2044,3.75,10,24,2,-1000.0,0,0.0,0.0,0.0,inf,0.0,0.0,0.0,0.0,0,rolling,net_profit_fitness,1_day,rep_1
train,4,86986,125287,125287,130699,29,10,1822,3.5,10,24,2,447.0,12,447.0,580.0,133.0,4.360902255639098,57.0,0.4166666666666667,37.25,19.0,3,rolling,net_profit_fitness,1_day,rep_1
test,4,86986,125287,125287,130699,29,10,1822,3.5,10,24,2,-1000.0,0,0.0,0.0,0.0,inf,0.0,0.0,0.0,0.0,0,rolling,net_profit_fitness,1_day,rep_1
train,4,86986,125287,125287,130699,30,11,2044,3.25,10,24,2,447.0,12,447.0,580.0,133.0,4.360902255639098,57.0,0.4166666666666667,37.25,19.0,3,rolling,net_profit_fitness,1_day,rep_1
test,4,86986,125287,125287,130699,30,11,2044,3.25,10,24,2,-1000.0,0,0.0,0.0,0.0,inf,0.0,0.0,0.0,0.0,0,rolling,net_profit_fitness,1_day,rep_1
train,4,86986,125287,125287,130699,31,10,2044,3.25,10,24,2,447.0,12,447.0,580.0,133.0,4.360902255639098,57.0,0.4166666666666667,37.25,19.0,3,rolling,net_profit_fitness,1_day,rep_1
test,4,86986,125287,125287,130699,31,10,2044,3.25,10,24,2,-1000.0,0,0.0,0.0,0.0,inf,0.0,0.0,0.0,0.0,0,rolling,net_profit_fitness,1_day,rep_1
train,4,86986,125287,125287,130699,32,10,1860,3.5,10,24,2,447.0,12,447.0,580.0,133.0,4.360902255639098,57.0,0.4166666666666667,37.25,19.0,3,rolling,net_profit_fitness,1_day,rep_1
test,4,86986,125287,125287,130699,32,10,1860,3.5,10,24,2,-1000.0,0,0.0,0.0,0.0,inf,0.0,0.0,0.0,0.0,0,rolling,net_profit_fitness,1_day,rep_1
train,4,86986,125287,125287,130699,33,11,2044,3.25,10,24,2,447.0,12,447.0,580.0,133.0,4.360902255639098,57.0,0.4166666666666667,37.25,19.0,3,rolling,net_profit_fitness,1_day,rep_1
test,4,86986,125287,125287,130699,33,11,2044,3.25,10,24,2,-1000.0,0,0.0,0.0,0.0,inf,0.0,0.0,0.0,0.0,0,rolling,net_profit_fitness,1_day,rep_1
train,4,86986,125287,125287,130699,34,10,2108,3.5,10,24,2,447.0,12,447.0,580.0,133.0,4.360902255639098,57.0,0.4166666666666667,37.25,19.0,3,rolling,net_profit_fitness,1_day,rep_1
test,4,86986,125287,125287,130699,34,10,2108,3.5,10,24,2,-1000.0,0,0.0,0.0,0.0,inf,0.0,0.0,0.0,0.0,0,rolling,net_profit_fitness,1_day,rep_1
train,4,86986,125287,125287,130699,35,11,2108,3.5,10,24,2,447.0,12,447.0,580.0,133.0,4.360902255639098,57.0,0.4166666666666667,37.25,19.0,3,rolling,net_profit_fitness,1_day,rep_1
test,4,86986,125287,125287,130699,35,11,2108,3.5,10,24,2,-1000.0,0,0.0,0.0,0.0,inf,0.0,0.0,0.0,0.0,0,rolling,net_profit_fitness,1_day,rep_1
train,4,86986,125287,125287,130699,36,10,2044,3.5,10,24,2,447.0,12,447.0,580.0,133.0,4.360902255639098,57.0,0.4166666666666667,37.25,19.0,3,rolling,net_profit_fitness,1_day,rep_1
test,4,86986,125287,125287,130699,36,10,2044,3.5,10,24,2,-1000.0,0,0.0,0.0,0.0,inf,0.0,0.0,0.0,0.0,0,rolling,net_profit_fitness,1_day,rep_1
train,4,86986,125287,125287,130699,37,11,2044,3.25,10,24,2,447.0,12,447.0,580.0,133.0,4.360902255639098,57.0,0.4166666666666667,37.25,19.0,3,rolling,net_profit_fitness,1_day,rep_1
test,4,86986,125287,125287,130699,37,11,2044,3.25,10,24,2,-1000.0,0,0.0,0.0,0.0,inf,0.0,0.0,0.0,0.0,0,rolling,net_profit_fitness,1_day,rep_1
train,4,86986,125287,125287,130699,38,10,2108,3.5,10,24,2,447.0,12,447.0,580.0,133.0,4.360902255639098,57.0,0.4166666666666667,37.25,19.0,3,rolling,net_profit_fitness,1_day,rep_1
test,4,86986,125287,125287,130699,38,10,2108,3.5,10,24,2,-1000.0,0,0.0,0.0,0.0,inf,0.0,0.0,0.0,0.0,0,rolling,net_profit_fitness,1_day,rep_1
train,4,86986,125287,125287,130699,39,10,2044,3.5,10,24,2,447.0,12,447.0,580.0,133.0,4.360902255639098,57.0,0.4166666666666667,37.25,19.0,3,rolling,net_profit_fitness,1_day,rep_1
test,4,86986,125287,125287,130699,39,10,2044,3.5,10,24,2,-1000.0,0,0.0,0.0,0.0,inf,0.0,0.0,0.0,0.0,0,rolling,net_profit_fitness,1_day,rep_1
train,4,86986,125287,125287,130699,40,11,2044,3.5,10,24,2,447.0,12,447.0,580.0,133.0,4.360902255639098,57.0,0.4166666666666667,37.25,19.0,3,rolling,net_profit_fitness,1_day,rep_1
test,4,86986,125287,125287,130699,40,11,2044,3.5,10,24,2,-1000.0,0,0.0,0.0,0.0,inf,0.0,0.0,0.0,0.0,0,rolling,net_profit_fitness,1_day,rep_1
train,4,86986,125287,125287,130699,41,11,2044,3.75,10,24,2,447.0,12,447.0,580.0,133.0,4.360902255639098,57.0,0.4166666666666667,37.25,19.0,3,rolling,net_profit_fitness,1_day,rep_1
test,4,86986,125287,125287,130699,41,11,2044,3.75,10,24,2,-1000.0,0,0.0,0.0,0.0,inf,0.0,0.0,0.0,0.0,0,rolling,net_profit_fitness,1_day,rep_1
train,4,86986,125287,125287,130699,42,11,2044,3.25,10,24,2,447.0,12,447.0,580.0,133.0,4.360902255639098,57.0,0.4166666666666667,37.25,19.0,3,rolling,net_profit_fitness,1_day,rep_1
test,4,86986,125287,125287,130699,42,11,2044,3.25,10,24,2,-1000.0,0,0.0,0.0,0.0,inf,0.0,0.0,0.0,0.0,0,rolling,net_profit_fitness,1_day,rep_1
train,4,86986,125287,125287,130699,43,10,2129,3.25,10,24,2,447.0,12,447.0,580.0,133.0,4.360902255639098,57.0,0.4166666666666667,37.25,19.0,3,rolling,net_profit_fitness,1_day,rep_1
test,4,86986,125287,125287,130699,43,10,2129,3.25,10,24,2,-1000.0,0,0.0,0.0,0.0,inf,0.0,0.0,0.0,0.0,0,rolling,net_profit_fitness,1_day,rep_1
train,4,86986,125287,125287,130699,44,11,1860,3.25,10,24,2,447.0,12,447.0,580.0,133.0,4.360902255639098,57.0,0.4166666666666667,37.25,19.0,3,rolling,net_profit_fitness,1_day,rep_1
test,4,86986,125287,125287,130699,44,11,1860,3.25,10,24,2,-1000.0,0,0.0,0.0,0.0,inf,0.0,0.0,0.0,0.0,0,rolling,net_profit_fitness,1_day,rep_1
train,4,86986,125287,125287,130699,45,11,2109,3.25,10,24,2,447.0,12,447.0,580.0,133.0,4.360902255639098,57.0,0.4166666666666667,37.25,19.0,3,rolling,net_profit_fitness,1_day,rep_1
test,4,86986,125287,125287,130699,45,11,2109,3.25,10,24,2,-1000.0,0,0.0,0.0,0.0,inf,0.0,0.0,0.0,0.0,0,rolling,net_profit_fitness,1_day,rep_1
train,4,86986,125287,125287,130699,46,11,2108,3.5,10,24,2,447.0,12,447.0,580.0,133.0,4.360902255639098,57.0,0.4166666666666667,37.25,19.0,3,rolling,net_profit_fitness,1_day,rep_1
test,4,86986,125287,125287,130699,46,11,2108,3.5,10,24,2,-1000.0,0,0.0,0.0,0.0,inf,0.0,0.0,0.0,0.0,0,rolling,net_profit_fitness,1_day,rep_1
train,4,86986,125287,125287,130699,47,11,1918,3.75,10,24,2,447.0,12,447.0,580.0,133.0,4.360902255639098,57.0,0.4166666666666667,37.25,19.0,3,rolling,net_profit_fitness,1_day,rep_1
test,4,86986,125287,125287,130699,47,11,1918,3.75,10,24,2,-1000.0,0,0.0,0.0,0.0,inf,0.0,0.0,0.0,0.0,0,rolling,net_profit_fitness,1_day,rep_1
train,4,86986,125287,125287,130699,48,11,2044,3.25,10,24,2,447.0,12,447.0,580.0,133.0,4.360902255639098,57.0,0.4166666666666667,37.25,19.0,3,rolling,net_profit_fitness,1_day,rep_1
test,4,86986,125287,125287,130699,48,11,2044,3.25,10,24,2,-1000.0,0,0.0,0.0,0.0,inf,0.0,0.0,0.0,0.0,0,rolling,net_profit_fitness,1_day,rep_1
train,4,86986,125287,125287,130699,49,11,2044,3.5,10,24,2,447.0,12,447.0,580.0,133.0,4.360902255639098,57.0,0.4166666666666667,37.25,19.0,3,rolling,net_profit_fitness,1_day,rep_1
test,4,86986,125287,125287,130699,49,11,2044,3.5,10,24,2,-1000.0,0,0.0,0.0,0.0,inf,0.0,0.0,0.0,0.0,0,rolling,net_profit_fitness,1_day,rep_1
train,4,86986,125287,125287,130699,50,11,2090,3.25,10,24,2,447.0,12,447.0,580.0,133.0,4.360902255639098,57.0,0.4166666666666667,37.25,19.0,3,rolling,net_profit_fitness,1_day,rep_1
test,4,86986,125287,125287,130699,50,11,2090,3.25,10,24,2,-1000.0,0,0.0,0.0,0.0,inf,0.0,0.0,0.0,0.0,0,rolling,net_profit_fitness,1_day,rep_1
train,4,86986,125287,125287,130699,51,11,2044,3.5,10,24,2,447.0,12,447.0,580.0,133.0,4.360902255639098,57.0,0.4166666666666667,37.25,19.0,3,rolling,net_profit_fitness,1_day,rep_1
test,4,86986,125287,125287,130699,51,11,2044,3.5,10,24,2,-1000.0,0,0.0,0.0,0.0,inf,0.0,0.0,0.0,0.0,0,rolling,net_profit_fitness,1_day,rep_1
train,4,86986,125287,125287,130699,52,10,2048,3.25,10,24,2,447.0,12,447.0,580.0,133.0,4.360902255639098,57.0,0.4166666666666667,37.25,19.0,3,rolling,net_profit_fitness,1_day,rep_1
test,4,86986,125287,125287,130699,52,10,2048,3.25,10,24,2,-1000.0,0,0.0,0.0,0.0,inf,0.0,0.0,0.0,0.0,0,rolling,net_profit_fitness,1_day,rep_1
train,4,86986,125287,125287,130699,53,11,2044,3.25,10,24,2,447.0,12,447.0,580.0,133.0,4.360902255639098,57.0,0.4166666666666667,37.25,19.0,3,rolling,net_profit_fitness,1_day,rep_1
test,4,86986,125287,125287,130699,53,11,2044,3.25,10,24,2,-1000.0,0,0.0,0.0,0.0,inf,0.0,0.0,0.0,0.0,0,rolling,net_profit_fitness,1_day,rep_1
train,4,86986,125287,125287,130699,54,11,2044,3.5,10,24,2,447.0,12,447.0,580.0,133.0,4.360902255639098,57.0,0.4166666666666667,37.25,19.0,3,rolling,net_profit_fitness,1_day,rep_1
test,4,86986,125287,125287,130699,54,11,2044,3.5,10,24,2,-1000.0,0,0.0,0.0,0.0,inf,0.0,0.0,0.0,0.0,0,rolling,net_profit_fitness,1_day,rep_1
train,4,86986,125287,125287,130699,55,11,1783,3.0,10,24,2,447.0,12,447.0,580.0,133.0,4.360902255639098,57.0,0.4166666666666667,37.25,19.0,3,rolling,net_profit_fitness,1_day,rep_1
test,4,86986,125287,125287,130699,55,11,1783,3.0,10,24,2,-1000.0,0,0.0,0.0,0.0,inf,0.0,0.0,0.0,0.0,0,rolling,net_profit_fitness,1_day,rep_1
train,4,86986,125287,125287,130699,56,10,2044,3.25,10,24,2,447.0,12,447.0,580.0,133.0,4.360902255639098,57.0,0.4166666666666667,37.25,19.0,3,rolling,net_profit_fitness,1_day,rep_1
test,4,86986,125287,125287,130699,56,10,2044,3.25,10,24,2,-1000.0,0,0.0,0.0,0.0,inf,0.0,0.0,0.0,0.0,0,rolling,net_profit_fitness,1_day,rep_1
train,4,86986,125287,125287,130699,57,11,2044,3.0,10,24,2,447.0,12,447.0,580.0,133.0,4.360902255639098,57.0,0.4166666666666667,37.25,19.0,3,rolling,net_profit_fitness,1_day,rep_1
test,4,86986,125287,125287,130699,57,11,2044,3.0,10,24,2,-1000.0,0,0.0,0.0,0.0,inf,0.0,0.0,0.0,0.0,0,rolling,net_profit_fitness,1_day,rep_1
train,4,86986,125287,125287,130699,58,11,2044,3.25,10,24,2,447.0,12,447.0,580.0,133.0,4.360902255639098,57.0,0.4166666666666667,37.25,19.0,3,rolling,net_profit_fitness,1_day,rep_1
test,4,86986,125287,125287,130699,58,11,2044,3.25,10,24,2,-1000.0,0,0.0,0.0,0.0,inf,0.0,0.0,0.0,0.0,0,rolling,net_profit_fitness,1_day,rep_1
train,4,86986,125287,125287,130699,59,11,2229,3.5,10,24,2,447.0,12,447.0,580.0,133.0,4.360902255639098,57.0,0.4166666666666667,37.25,19.0,3,rolling,net_profit_fitness,1_day,rep_1
test,4,86986,125287,125287,130699,59,11,2229,3.5,10,24,2,-1000.0,0,0.0,0.0,0.0,inf,0.0,0.0,0.0,0.0,0,rolling,net_profit_fitness,1_day,rep_1
train,4,86986,125287,125287,130699,60,11,1922,3.0,10,24,2,447.0,12,447.0,580.0,133.0,4.360902255639098,57.0,0.4166666666666667,37.25,19.0,3,rolling,net_profit_fitness,1_day,rep_1
test,4,86986,125287,125287,130699,60,11,1922,3.0,10,24,2,-1000.0,0,0.0,0.0,0.0,inf,0.0,0.0,0.0,0.0,0,rolling,net_profit_fitness,1_day,rep_1
train,4,86986,125287,125287,130699,61,11,2105,3.0,10,24,2,447.0,12,447.0,580.0,133.0,4.360902255639098,57.0,0.4166666666666667,37.25,19.0,3,rolling,net_profit_fitness,1_day,rep_1
test,4,86986,125287,125287,130699,61,11,2105,3.0,10,24,2,-1000.0,0,0.0,0.0,0.0,inf,0.0,0.0,0.0,0.0,0,rolling,net_profit_fitness,1_day,rep_1
train,4,86986,125287,125287,130699,62,10,1922,3.0,10,24,2,447.0,12,447.0,580.0,133.0,4.360902255639098,57.0,0.4166666666666667,37.25,19.0,3,rolling,net_profit_fitness,1_day,rep_1
test,4,86986,125287,125287,130699,62,10,1922,3.0,10,24,2,-1000.0,0,0.0,0.0,0.0,inf,0.0,0.0,0.0,0.0,0,rolling,net_profit_fitness,1_day,rep_1
train,4,86986,125287,125287,130699,63,11,2125,3.5,10,24,2,447.0,12,447.0,580.0,133.0,4.360902255639098,57.0,0.4166666666666667,37.25,19.0,3,rolling,net_profit_fitness,1_day,rep_1
test,4,86986,125287,125287,130699,63,11,2125,3.5,10,24,2,-1000.0,0,0.0,0.0,0.0,inf,0.0,0.0,0.0,0.0,0,rolling,net_profit_fitness,1_day,rep_1
train,4,86986,125287,125287,130699,64,11,2044,3.0,10,24,2,447.0,12,447.0,580.0,133.0,4.360902255639098,57.0,0.4166666666666667,37.25,19.0,3,rolling,net_profit_fitness,1_day,rep_1
test,4,86986,125287,125287,130699,64,11,2044,3.0,10,24,2,-1000.0,0,0.0,0.0,0.0,inf,0.0,0.0,0.0,0.0,0,rolling,net_profit_fitness,1_day,rep_1
train,4,86986,125287,125287,130699,65,11,1901,3.0,10,24,2,447.0,12,447.0,580.0,133.0,4.360902255639098,57.0,0.4166666666666667,37.25,19.0,3,rolling,net_profit_fitness,1_day,rep_1
test,4,86986,125287,125287,130699,65,11,1901,3.0,10,24,2,-1000.0,0,0.0,0.0,0.0,inf,0.0,0.0,0.0,0.0,0,rolling,net_profit_fitness,1_day,rep_1
train,4,86986,125287,125287,130699,66,11,2074,3.5,10,24,2,447.0,12,447.0,580.0,133.0,4.360902255639098,57.0,0.4166666666666667,37.25,19.0,3,rolling,net_profit_fitness,1_day,rep_1
test,4,86986,125287,125287,130699,66,11,2074,3.5,10,24,2,-1000.0,0,0.0,0.0,0.0,inf,0.0,0.0,0.0,0.0,0,rolling,net_profit_fitness,1_day,rep_1
train,4,86986,125287,125287,130699,67,11,2207,3.25,10,24,2,447.0,12,447.0,580.0,133.0,4.360902255639098,57.0,0.4166666666666667,37.25,19.0,3,rolling,net_profit_fitness,1_day,rep_1
test,4,86986,125287,125287,130699,67,11,2207,3.25,10,24,2,-1000.0,0,0.0,0.0,0.0,inf,0.0,0.0,0.0,0.0,0,rolling,net_profit_fitness,1_day,rep_1
train,4,86986,125287,125287,130699,68,10,2207,3.5,10,24,2,447.0,12,447.0,580.0,133.0,4.360902255639098,57.0,0.4166666666666667,37.25,19.0,3,rolling,net_profit_fitness,1_day,rep_1
test,4,86986,125287,125287,130699,68,10,2207,3.5,10,24,2,-1000.0,0,0.0,0.0,0.0,inf,0.0,0.0,0.0,0.0,0,rolling,net_profit_fitness,1_day,rep_1
train,4,86986,125287,125287,130699,69,10,2084,3.75,10,24,2,447.0,12,447.0,580.0,133.0,4.360902255639098,57.0,0.4166666666666667,37.25,19.0,3,rolling,net_profit_fitness,1_day,rep_1
test,4,86986,125287,125287,130699,69,10,2084,3.75,10,24,2,-1000.0,0,0.0,0.0,0.0,inf,0.0,0.0,0.0,0.0,0,rolling,net_profit_fitness,1_day,rep_1
train,4,86986,125287,125287,130699,70,11,2074,3.0,10,24,2,447.0,12,447.0,580.0,133.0,4.360902255639098,57.0,0.4166666666666667,37.25,19.0,3,rolling,net_profit_fitness,1_day,rep_1
test,4,86986,125287,125287,130699,70,11,2074,3.0,10,24,2,-1000.0,0,0.0,0.0,0.0,inf,0.0,0.0,0.0,0.0,0,rolling,net_profit_fitness,1_day,rep_1
train,4,86986,125287,125287,130699,71,11,2084,3.5,10,24,2,447.0,12,447.0,580.0,133.0,4.360902255639098,57.0,0.4166666666666667,37.25,19.0,3,rolling,net_profit_fitness,1_day,rep_1
test,4,86986,125287,125287,130699,71,11,2084,3.5,10,24,2,-1000.0,0,0.0,0.0,0.0,inf,0.0,0.0,0.0,0.0,0,rolling,net_profit_fitness,1_day,rep_1
train,4,86986,125287,125287,130699,72,10,2044,3.0,10,24,2,447.0,12,447.0,580.0,133.0,4.360902255639098,57.0,0.4166666666666667,37.25,19.0,3,rolling,net_profit_fitness,1_day,rep_1
test,4,86986,125287,125287,130699,72,10,2044,3.0,10,24,2,-1000.0,0,0.0,0.0,0.0,inf,0.0,0.0,0.0,0.0,0,rolling,net_profit_fitness,1_day,rep_1
train,4,86986,125287,125287,130699,73,10,1802,3.0,10,24,2,447.0,12,447.0,580.0,133.0,4.360902255639098,57.0,0.4166666666666667,37.25,19.0,3,rolling,net_profit_fitness,1_day,rep_1
test,4,86986,125287,125287,130699,73,10,1802,3.0,10,24,2,-1000.0,0,0.0,0.0,0.0,inf,0.0,0.0,0.0,0.0,0,rolling,net_profit_fitness,1_day,rep_1
train,4,86986,125287,125287,130699,74,10,1876,3.5,10,24,2,447.0,12,447.0,580.0,133.0,4.360902255639098,57.0,0.4166666666666667,37.25,19.0,3,rolling,net_profit_fitness,1_day,rep_1
test,4,86986,125287,125287,130699,74,10,1876,3.5,10,24,2,-1000.0,0,0.0,0.0,0.0,inf,0.0,0.0,0.0,0.0,0,rolling,net_profit_fitness,1_day,rep_1
train,4,86986,125287,125287,130699,75,11,2074,3.25,10,24,2,447.0,12,447.0,580.0,133.0,4.360902255639098,57.0,0.4166666666666667,37.25,19.0,3,rolling,net_profit_fitness,1_day,rep_1
test,4,86986,125287,125287,130699,75,11,2074,3.25,10,24,2,-1000.0,0,0.0,0.0,0.0,inf,0.0,0.0,0.0,0.0,0,rolling,net_profit_fitness,1_day,rep_1
train,4,86986,125287,125287,130699,76,10,2207,3.0,10,24,2,447.0,12,447.0,580.0,133.0,4.360902255639098,57.0,0.4166666666666667,37.25,19.0,3,rolling,net_profit_fitness,1_day,rep_1
test,4,86986,125287,125287,130699,76,10,2207,3.0,10,24,2,-1000.0,0,0.0,0.0,0.0,inf,0.0,0.0,0.0,0.0,0,rolling,net_profit_fitness,1_day,rep_1
train,4,86986,125287,125287,130699,77,10,1971,3.0,10,24,2,447.0,12,447.0,580.0,133.0,4.360902255639098,57.0,0.4166666666666667,37.25,19.0,3,rolling,net_profit_fitness,1_day,rep_1
test,4,86986,125287,125287,130699,77,10,1971,3.0,10,24,2,-1000.0,0,0.0,0.0,0.0,inf,0.0,0.0,0.0,0.0,0,rolling,net_profit_fitness,1_day,rep_1
train,4,86986,125287,125287,130699,78,10,1919,3.0,10,24,2,447.0,12,447.0,580.0,133.0,4.360902255639098,57.0,0.4166666666666667,37.25,19.0,3,rolling,net_profit_fitness,1_day,rep_1
test,4,86986,125287,125287,130699,78,10,1919,3.0,10,24,2,-1000.0,0,0.0,0.0,0.0,inf,0.0,0.0,0.0,0.0,0,rolling,net_profit_fitness,1_day,rep_1
train,4,86986,125287,125287,130699,79,10,2074,3.0,10,24,2,447.0,12,447.0,580.0,133.0,4.360902255639098,57.0,0.4166666666666667,37.25,19.0,3,rolling,net_profit_fitness,1_day,rep_1
test,4,86986,125287,125287,130699,79,10,2074,3.0,10,24,2,-1000.0,0,0.0,0.0,0.0,inf,0.0,0.0,0.0,0.0,0,rolling,net_profit_fitness,1_day,rep_1
train,4,86986,125287,125287,130699,80,11,2000,3.0,10,24,2,447.0,12,447.0,580.0,133.0,4.360902255639098,57.0,0.4166666666666667,37.25,19.0,3,rolling,net_profit_fitness,1_day,rep_1
test,4,86986,125287,125287,130699,80,11,2000,3.0,10,24,2,-1000.0,0,0.0,0.0,0.0,inf,0.0,0.0,0.0,0.0,0,rolling,net_profit_fitness,1_day,rep_1
train,4,86986,125287,125287,130699,81,11,2000,3.25,10,24,2,447.0,12,447.0,580.0,133.0,4.360902255639098,57.0,0.4166666666666667,37.25,19.0,3,rolling,net_profit_fitness,1_day,rep_1
test,4,86986,125287,125287,130699,81,11,2000,3.25,10,24,2,-1000.0,0,0.0,0.0,0.0,inf,0.0,0.0,0.0,0.0,0,rolling,net_profit_fitness,1_day,rep_1
train,4,86986,125287,125287,130699,82,10,1911,3.5,10,24,2,447.0,12,447.0,580.0,133.0,4.360902255639098,57.0,0.4166666666666667,37.25,19.0,3,rolling,net_profit_fitness,1_day,rep_1
test,4,86986,125287,125287,130699,82,10,1911,3.5,10,24,2,-1000.0,0,0.0,0.0,0.0,inf,0.0,0.0,0.0,0.0,0,rolling,net_profit_fitness,1_day,rep_1
train,4,86986,125287,125287,130699,83,10,1729,3.5,10,24,2,447.0,12,447.0,580.0,133.0,4.360902255639098,57.0,0.4166666666666667,37.25,19.0,3,rolling,net_profit_fitness,1_day,rep_1
test,4,86986,125287,125287,130699,83,10,1729,3.5,10,24,2,-1000.0,0,0.0,0.0,0.0,inf,0.0,0.0,0.0,0.0,0,rolling,net_profit_fitness,1_day,rep_1
train,4,86986,125287,125287,130699,84,10,2207,3.0,10,24,2,447.0,12,447.0,580.0,133.0,4.360902255639098,57.0,0.4166666666666667,37.25,19.0,3,rolling,net_profit_fitness,1_day,rep_1
test,4,86986,125287,125287,130699,84,10,2207,3.0,10,24,2,-1000.0,0,0.0,0.0,0.0,inf,0.0,0.0,0.0,0.0,0,rolling,net_profit_fitness,1_day,rep_1
train,4,86986,125287,125287,130699,85,11,2228,3.25,10,24,2,447.0,12,447.0,580.0,133.0,4.360902255639098,57.0,0.4166666666666667,37.25,19.0,3,rolling,net_profit_fitness,1_day,rep_1
test,4,86986,125287,125287,130699,85,11,2228,3.25,10,24,2,-1000.0,0,0.0,0.0,0.0,inf,0.0,0.0,0.0,0.0,0,rolling,net_profit_fitness,1_day,rep_1
train,4,86986,125287,125287,130699,86,11,1949,3.75,10,24,2,447.0,12,447.0,580.0,133.0,4.360902255639098,57.0,0.4166666666666667,37.25,19.0,3,rolling,net_profit_fitness,1_day,rep_1
test,4,86986,125287,125287,130699,86,11,1949,3.75,10,24,2,-1000.0,0,0.0,0.0,0.0,inf,0.0,0.0,0.0,0.0,0,rolling,net_profit_fitness,1_day,rep_1
train,4,86986,125287,125287,130699,87,10,2063,3.0,10,24,2,447.0,12,447.0,580.0,133.0,4.360902255639098,57.0,0.4166666666666667,37.25,19.0,3,rolling,net_profit_fitness,1_day,rep_1
test,4,86986,125287,125287,130699,87,10,2063,3.0,10,24,2,-1000.0,0,0.0,0.0,0.0,inf,0.0,0.0,0.0,0.0,0,rolling,net_profit_fitness,1_day,rep_1
train,4,86986,125287,125287,130699,88,11,2090,3.0,10,24,2,447.0,12,447.0,580.0,133.0,4.360902255639098,57.0,0.4166666666666667,37.25,19.0,3,rolling,net_profit_fitness,1_day,rep_1
test,4,86986,125287,125287,130699,88,11,2090,3.0,10,24,2,-1000.0,0,0.0,0.0,0.0,inf,0.0,0.0,0.0,0.0,0,rolling,net_profit_fitness,1_day,rep_1
train,4,86986,125287,125287,130699,89,10,2074,3.5,10,24,2,447.0,12,447.0,580.0,133.0,4.360902255639098,57.0,0.4166666666666667,37.25,19.0,3,rolling,net_profit_fitness,1_day,rep_1
test,4,86986,125287,125287,130699,89,10,2074,3.5,10,24,2,-1000.0,0,0.0,0.0,0.0,inf,0.0,0.0,0.0,0.0,0,rolling,net_profit_fitness,1_day,rep_1
train,4,86986,125287,125287,130699,90,11,2000,3.0,10,24,2,447.0,12,447.0,580.0,133.0,4.360902255639098,57.0,0.4166666666666667,37.25,19.0,3,rolling,net_profit_fitness,1_day,rep_1
test,4,86986,125287,125287,130699,90,11,2000,3.0,10,24,2,-1000.0,0,0.0,0.0,0.0,inf,0.0,0.0,0.0,0.0,0,rolling,net_profit_fitness,1_day,rep_1
train,4,86986,125287,125287,130699,91,10,2084,3.75,10,24,2,447.0,12,447.0,580.0,133.0,4.360902255639098,57.0,0.4166666666666667,37.25,19.0,3,rolling,net_profit_fitness,1_day,rep_1
test,4,86986,125287,125287,130699,91,10,2084,3.75,10,24,2,-1000.0,0,0.0,0.0,0.0,inf,0.0,0.0,0.0,0.0,0,rolling,net_profit_fitness,1_day,rep_1
train,4,86986,125287,125287,130699,92,10,2074,3.25,10,24,2,447.0,12,447.0,580.0,133.0,4.360902255639098,57.0,0.4166666666666667,37.25,19.0,3,rolling,net_profit_fitness,1_day,rep_1
test,4,86986,125287,125287,130699,92,10,2074,3.25,10,24,2,-1000.0,0,0.0,0.0,0.0,inf,0.0,0.0,0.0,0.0,0,rolling,net_profit_fitness,1_day,rep_1
train,4,86986,125287,125287,130699,93,10,2074,3.0,10,24,2,447.0,12,447.0,580.0,133.0,4.360902255639098,57.0,0.4166666666666667,37.25,19.0,3,rolling,net_profit_fitness,1_day,rep_1
test,4,86986,125287,125287,130699,93,10,2074,3.0,10,24,2,-1000.0,0,0.0,0.0,0.0,inf,0.0,0.0,0.0,0.0,0,rolling,net_profit_fitness,1_day,rep_1
train,4,86986,125287,125287,130699,94,10,1971,3.0,10,24,2,447.0,12,447.0,580.0,133.0,4.360902255639098,57.0,0.4166666666666667,37.25,19.0,3,rolling,net_profit_fitness,1_day,rep_1
test,4,86986,125287,125287,130699,94,10,1971,3.0,10,24,2,-1000.0,0,0.0,0.0,0.0,inf,0.0,0.0,0.0,0.0,0,rolling,net_profit_fitness,1_day,rep_1
train,4,86986,125287,125287,130699,95,11,2140,3.75,10,24,2,447.0,12,447.0,580.0,133.0,4.360902255639098,57.0,0.4166666666666667,37.25,19.0,3,rolling,net_profit_fitness,1_day,rep_1
test,4,86986,125287,125287,130699,95,11,2140,3.75,10,24,2,-1000.0,0,0.0,0.0,0.0,inf,0.0,0.0,0.0,0.0,0,rolling,net_profit_fitness,1_day,rep_1
train,4,86986,125287,125287,130699,96,11,2292,3.0,10,24,2,447.0,12,447.0,580.0,133.0,4.360902255639098,57.0,0.4166666666666667,37.25,19.0,3,rolling,net_profit_fitness,1_day,rep_1
test,4,86986,125287,125287,130699,96,11,2292,3.0,10,24,2,-1000.0,0,0.0,0.0,0.0,inf,0.0,0.0,0.0,0.0,0,rolling,net_profit_fitness,1_day,rep_1
train,4,86986,125287,125287,130699,97,10,2074,3.5,10,24,2,447.0,12,447.0,580.0,133.0,4.360902255639098,57.0,0.4166666666666667,37.25,19.0,3,rolling,net_profit_fitness,1_day,rep_1
test,4,86986,125287,125287,130699,97,10,2074,3.5,10,24,2,-1000.0,0,0.0,0.0,0.0,inf,0.0,0.0,0.0,0.0,0,rolling,net_profit_fitness,1_day,rep_1
train,4,86986,125287,125287,130699,98,10,2084,3.0,10,24,2,447.0,12,447.0,580.0,133.0,4.360902255639098,57.0,0.4166666666666667,37.25,19.0,3,rolling,net_profit_fitness,1_day,rep_1
test,4,86986,125287,125287,130699,98,10,2084,3.0,10,24,2,-1000.0,0,0.0,0.0,0.0,inf,0.0,0.0,0.0,0.0,0,rolling,net_profit_fitness,1_day,rep_1
train,4,86986,125287,125287,130699,99,11,2084,3.5,10,24,2,447.0,12,447.0,580.0,133.0,4.360902255639098,57.0,0.4166666666666667,37.25,19.0,3,rolling,net_profit_fitness,1_day,rep_1
test,4,86986,125287,125287,130699,99,11,2084,3.5,10,24,2,-1000.0,0,0.0,0.0,0.0,inf,0.0,0.0,0.0,0.0,0,rolling,net_profit_fitness,1_day,rep_1
train,4,86986,125287,125287,130699,100,10,1928,3.5,10,24,2,447.0,12,447.0,580.0,133.0,4.360902255639098,57.0,0.4166666666666667,37.25,19.0,3,rolling,net_profit_fitness,1_day,rep_1
test,4,86986,125287,125287,130699,100,10,1928,3.5,10,24,2,-1000.0,0,0.0,0.0,0.0,inf,0.0,0.0,0.0,0.0,0,rolling,net_profit_fitness,1_day,rep_1
train,1,0,22406,22406,53560,0,10,1628,5.5,9,5,9,21.0,1,21.0,21.0,0.0,inf,0.0,1.0,21.0,0.0,0,rolling,net_profit_fitness,1_day,rep_2
test,1,0,22406,22406,53560,0,10,1628,5.5,9,5,9,-45.0,5,-45.0,63.0,108.0,0.5833333333333334,87.0,0.6,-9.0,54.0,1,rolling,net_profit_fitness,1_day,rep_2
train,1,0,22406,22406,53560,1,6,2061,9.25,6,4,30,32.0,2,32.0,32.0,0.0,inf,0.0,1.0,16.0,0.0,0,rolling,net_profit_fitness,1_day,rep_2
test,1,0,22406,22406,53560,1,6,2061,9.25,6,4,30,-715.0,10,-715.0,80.0,795.0,0.10062893081761,763.0,0.5,-71.5,159.0,3,rolling,net_profit_fitness,1_day,rep_2
train,1,0,22406,22406,53560,2,10,1715,5.75,8,17,26,81.0,1,81.0,81.0,0.0,inf,0.0,1.0,81.0,0.0,0,rolling,net_profit_fitness,1_day,rep_2
test,1,0,22406,22406,53560,2,10,1715,5.75,8,17,26,-614.0,6,-614.0,81.0,695.0,0.116546762589928,614.0,0.1666666666666666,-102.33333333333331,139.0,4,rolling,net_profit_fitness,1_day,rep_2
train,1,0,22406,22406,53560,3,9,596,9.25,6,4,30,32.0,2,32.0,32.0,0.0,inf,0.0,1.0,16.0,0.0,0,rolling,net_profit_fitness,1_day,rep_2
test,1,0,22406,22406,53560,3,9,596,9.25,6,4,30,-413.0,7,-413.0,64.0,477.0,0.1341719077568134,461.0,0.5714285714285714,-59.0,159.0,2,rolling,net_profit_fitness,1_day,rep_2
train,1,0,22406,22406,53560,4,8,3211,6.5,8,29,23,141.0,1,141.0,141.0,0.0,inf,0.0,1.0,141.0,0.0,0,rolling,net_profit_fitness,1_day,rep_2
test,1,0,22406,22406,53560,4,8,3211,6.5,8,29,23,-620.0,5,-620.0,0.0,620.0,0.0,620.0,0.0,-124.0,124.0,5,rolling,net_profit_fitness,1_day,rep_2
train,1,0,22406,22406,53560,5,8,2644,7.5,8,29,23,141.0,1,141.0,141.0,0.0,inf,0.0,1.0,141.0,0.0,0,rolling,net_profit_fitness,1_day,rep_2
test,1,0,22406,22406,53560,5,8,2644,7.5,8,29,23,-372.0,3,-372.0,0.0,372.0,0.0,372.0,0.0,-124.0,124.0,3,rolling,net_profit_fitness,1_day,rep_2
train,1,0,22406,22406,53560,6,8,3211,6.75,8,29,23,141.0,1,141.0,141.0,0.0,inf,0.0,1.0,141.0,0.0,0,rolling,net_profit_fitness,1_day,rep_2
test,1,0,22406,22406,53560,6,8,3211,6.75,8,29,23,-620.0,5,-620.0,0.0,620.0,0.0,620.0,0.0,-124.0,124.0,5,rolling,net_profit_fitness,1_day,rep_2
train,1,0,22406,22406,53560,7,8,2413,6.75,8,29,23,141.0,1,141.0,141.0,0.0,inf,0.0,1.0,141.0,0.0,0,rolling,net_profit_fitness,1_day,rep_2
test,1,0,22406,22406,53560,7,8,2413,6.75,8,29,23,-620.0,5,-620.0,0.0,620.0,0.0,620.0,0.0,-124.0,124.0,5,rolling,net_profit_fitness,1_day,rep_2
train,1,0,22406,22406,53560,8,9,275,7.5,8,29,23,141.0,1,141.0,141.0,0.0,inf,0.0,1.0,141.0,0.0,0,rolling,net_profit_fitness,1_day,rep_2
test,1,0,22406,22406,53560,8,9,275,7.5,8,29,23,-124.0,1,-124.0,0.0,124.0,0.0,124.0,0.0,-124.0,124.0,1,rolling,net_profit_fitness,1_day,rep_2
train,1,0,22406,22406,53560,9,9,3211,7.5,8,29,23,141.0,1,141.0,141.0,0.0,inf,0.0,1.0,141.0,0.0,0,rolling,net_profit_fitness,1_day,rep_2
test,1,0,22406,22406,53560,9,9,3211,7.5,8,29,23,-372.0,3,-372.0,0.0,372.0,0.0,372.0,0.0,-124.0,124.0,3,rolling,net_profit_fitness,1_day,rep_2
train,1,0,22406,22406,53560,10,8,2413,6.75,8,30,23,146.0,1,146.0,146.0,0.0,inf,0.0,1.0,146.0,0.0,0,rolling,net_profit_fitness,1_day,rep_2
test,1,0,22406,22406,53560,10,8,2413,6.75,8,30,23,-620.0,5,-620.0,0.0,620.0,0.0,620.0,0.0,-124.0,124.0,5,rolling,net_profit_fitness,1_day,rep_2
train,1,0,22406,22406,53560,11,8,2413,7.5,8,30,23,146.0,1,146.0,146.0,0.0,inf,0.0,1.0,146.0,0.0,0,rolling,net_profit_fitness,1_day,rep_2
test,1,0,22406,22406,53560,11,8,2413,7.5,8,30,23,-372.0,3,-372.0,0.0,372.0,0.0,372.0,0.0,-124.0,124.0,3,rolling,net_profit_fitness,1_day,rep_2
train,1,0,22406,22406,53560,12,9,3211,5.75,8,30,23,146.0,1,146.0,146.0,0.0,inf,0.0,1.0,146.0,0.0,0,rolling,net_profit_fitness,1_day,rep_2
test,1,0,22406,22406,53560,12,9,3211,5.75,8,30,23,-598.0,7,-598.0,146.0,744.0,0.1962365591397849,598.0,0.1428571428571428,-85.42857142857143,124.0,4,rolling,net_profit_fitness,1_day,rep_2
train,1,0,22406,22406,53560,13,9,3211,5.75,8,30,23,146.0,1,146.0,146.0,0.0,inf,0.0,1.0,146.0,0.0,0,rolling,net_profit_fitness,1_day,rep_2
test,1,0,22406,22406,53560,13,9,3211,5.75,8,30,23,-598.0,7,-598.0,146.0,744.0,0.1962365591397849,598.0,0.1428571428571428,-85.42857142857143,124.0,4,rolling,net_profit_fitness,1_day,rep_2
train,1,0,22406,22406,53560,14,9,3211,6.75,8,30,22,146.0,1,146.0,146.0,0.0,inf,0.0,1.0,146.0,0.0,0,rolling,net_profit_fitness,1_day,rep_2
test,1,0,22406,22406,53560,14,9,3211,6.75,8,30,22,-595.0,5,-595.0,0.0,595.0,0.0,595.0,0.0,-119.0,119.0,5,rolling,net_profit_fitness,1_day,rep_2
train,1,0,22406,22406,53560,15,9,3211,7.5,8,30,23,146.0,1,146.0,146.0,0.0,inf,0.0,1.0,146.0,0.0,0,rolling,net_profit_fitness,1_day,rep_2
test,1,0,22406,22406,53560,15,9,3211,7.5,8,30,23,-372.0,3,-372.0,0.0,372.0,0.0,372.0,0.0,-124.0,124.0,3,rolling,net_profit_fitness,1_day,rep_2
train,1,0,22406,22406,53560,16,9,1544,6.75,8,30,23,146.0,1,146.0,146.0,0.0,inf,0.0,1.0,146.0,0.0,0,rolling,net_profit_fitness,1_day,rep_2
test,1,0,22406,22406,53560,16,9,1544,6.75,8,30,23,-620.0,5,-620.0,0.0,620.0,0.0,620.0,0.0,-124.0,124.0,5,rolling,net_profit_fitness,1_day,rep_2
train,1,0,22406,22406,53560,17,8,1404,6.75,8,30,22,146.0,1,146.0,146.0,0.0,inf,0.0,1.0,146.0,0.0,0,rolling,net_profit_fitness,1_day,rep_2
test,1,0,22406,22406,53560,17,8,1404,6.75,8,30,22,-595.0,5,-595.0,0.0,595.0,0.0,595.0,0.0,-119.0,119.0,5,rolling,net_profit_fitness,1_day,rep_2
train,1,0,22406,22406,53560,18,8,3211,7.75,8,30,22,146.0,1,146.0,146.0,0.0,inf,0.0,1.0,146.0,0.0,0,rolling,net_profit_fitness,1_day,rep_2
test,1,0,22406,22406,53560,18,8,3211,7.75,8,30,22,-357.0,3,-357.0,0.0,357.0,0.0,357.0,0.0,-119.0,119.0,3,rolling,net_profit_fitness,1_day,rep_2
train,1,0,22406,22406,53560,19,8,3435,7.75,8,30,23,146.0,1,146.0,146.0,0.0,inf,0.0,1.0,146.0,0.0,0,rolling,net_profit_fitness,1_day,rep_2
test,1,0,22406,22406,53560,19,8,3435,7.75,8,30,23,-372.0,3,-372.0,0.0,372.0,0.0,372.0,0.0,-124.0,124.0,3,rolling,net_profit_fitness,1_day,rep_2
train,1,0,22406,22406,53560,20,9,3211,6.75,8,30,23,146.0,1,146.0,146.0,0.0,inf,0.0,1.0,146.0,0.0,0,rolling,net_profit_fitness,1_day,rep_2
test,1,0,22406,22406,53560,20,9,3211,6.75,8,30,23,-620.0,5,-620.0,0.0,620.0,0.0,620.0,0.0,-124.0,124.0,5,rolling,net_profit_fitness,1_day,rep_2
train,1,0,22406,22406,53560,21,8,2413,7.75,8,30,23,146.0,1,146.0,146.0,0.0,inf,0.0,1.0,146.0,0.0,0,rolling,net_profit_fitness,1_day,rep_2
test,1,0,22406,22406,53560,21,8,2413,7.75,8,30,23,-372.0,3,-372.0,0.0,372.0,0.0,372.0,0.0,-124.0,124.0,3,rolling,net_profit_fitness,1_day,rep_2
train,1,0,22406,22406,53560,22,9,2747,7.25,8,30,25,146.0,1,146.0,146.0,0.0,inf,0.0,1.0,146.0,0.0,0,rolling,net_profit_fitness,1_day,rep_2
test,1,0,22406,22406,53560,22,9,2747,7.25,8,30,25,-402.0,3,-402.0,0.0,402.0,0.0,402.0,0.0,-134.0,134.0,3,rolling,net_profit_fitness,1_day,rep_2
train,1,0,22406,22406,53560,23,8,3211,7.5,8,30,23,146.0,1,146.0,146.0,0.0,inf,0.0,1.0,146.0,0.0,0,rolling,net_profit_fitness,1_day,rep_2
test,1,0,22406,22406,53560,23,8,3211,7.5,8,30,23,-372.0,3,-372.0,0.0,372.0,0.0,372.0,0.0,-124.0,124.0,3,rolling,net_profit_fitness,1_day,rep_2
train,1,0,22406,22406,53560,24,9,3211,7.5,8,30,26,146.0,1,146.0,146.0,0.0,inf,0.0,1.0,146.0,0.0,0,rolling,net_profit_fitness,1_day,rep_2
test,1,0,22406,22406,53560,24,9,3211,7.5,8,30,26,-417.0,3,-417.0,0.0,417.0,0.0,417.0,0.0,-139.0,139.0,3,rolling,net_profit_fitness,1_day,rep_2
train,1,0,22406,22406,53560,25,8,2986,7.5,8,30,23,146.0,1,146.0,146.0,0.0,inf,0.0,1.0,146.0,0.0,0,rolling,net_profit_fitness,1_day,rep_2
test,1,0,22406,22406,53560,25,8,2986,7.5,8,30,23,-372.0,3,-372.0,0.0,372.0,0.0,372.0,0.0,-124.0,124.0,3,rolling,net_profit_fitness,1_day,rep_2
train,1,0,22406,22406,53560,26,8,3435,7.25,8,30,23,146.0,1,146.0,146.0,0.0,inf,0.0,1.0,146.0,0.0,0,rolling,net_profit_fitness,1_day,rep_2
test,1,0,22406,22406,53560,26,8,3435,7.25,8,30,23,-372.0,3,-372.0,0.0,372.0,0.0,372.0,0.0,-124.0,124.0,3,rolling,net_profit_fitness,1_day,rep_2
train,1,0,22406,22406,53560,27,8,2509,6.75,8,30,23,146.0,1,146.0,146.0,0.0,inf,0.0,1.0,146.0,0.0,0,rolling,net_profit_fitness,1_day,rep_2
test,1,0,22406,22406,53560,27,8,2509,6.75,8,30,23,-620.0,5,-620.0,0.0,620.0,0.0,620.0,0.0,-124.0,124.0,5,rolling,net_profit_fitness,1_day,rep_2
train,1,0,22406,22406,53560,28,8,2509,7.5,8,30,26,146.0,1,146.0,146.0,0.0,inf,0.0,1.0,146.0,0.0,0,rolling,net_profit_fitness,1_day,rep_2
test,1,0,22406,22406,53560,28,8,2509,7.5,8,30,26,-417.0,3,-417.0,0.0,417.0,0.0,417.0,0.0,-139.0,139.0,3,rolling,net_profit_fitness,1_day,rep_2
train,1,0,22406,22406,53560,29,8,3284,7.0,8,30,23,146.0,1,146.0,146.0,0.0,inf,0.0,1.0,146.0,0.0,0,rolling,net_profit_fitness,1_day,rep_2
test,1,0,22406,22406,53560,29,8,3284,7.0,8,30,23,-372.0,3,-372.0,0.0,372.0,0.0,372.0,0.0,-124.0,124.0,3,rolling,net_profit_fitness,1_day,rep_2
train,1,0,22406,22406,53560,30,8,3195,7.0,8,30,23,146.0,1,146.0,146.0,0.0,inf,0.0,1.0,146.0,0.0,0,rolling,net_profit_fitness,1_day,rep_2
test,1,0,22406,22406,53560,30,8,3195,7.0,8,30,23,-372.0,3,-372.0,0.0,372.0,0.0,372.0,0.0,-124.0,124.0,3,rolling,net_profit_fitness,1_day,rep_2
train,1,0,22406,22406,53560,31,8,2449,6.75,8,30,22,146.0,1,146.0,146.0,0.0,inf,0.0,1.0,146.0,0.0,0,rolling,net_profit_fitness,1_day,rep_2
test,1,0,22406,22406,53560,31,8,2449,6.75,8,30,22,-595.0,5,-595.0,0.0,595.0,0.0,595.0,0.0,-119.0,119.0,5,rolling,net_profit_fitness,1_day,rep_2
train,1,0,22406,22406,53560,32,9,3114,7.0,8,30,22,146.0,1,146.0,146.0,0.0,inf,0.0,1.0,146.0,0.0,0,rolling,net_profit_fitness,1_day,rep_2
test,1,0,22406,22406,53560,32,9,3114,7.0,8,30,22,-357.0,3,-357.0,0.0,357.0,0.0,357.0,0.0,-119.0,119.0,3,rolling,net_profit_fitness,1_day,rep_2
train,1,0,22406,22406,53560,33,9,3195,7.75,8,30,22,146.0,1,146.0,146.0,0.0,inf,0.0,1.0,146.0,0.0,0,rolling,net_profit_fitness,1_day,rep_2
test,1,0,22406,22406,53560,33,9,3195,7.75,8,30,22,-357.0,3,-357.0,0.0,357.0,0.0,357.0,0.0,-119.0,119.0,3,rolling,net_profit_fitness,1_day,rep_2
train,1,0,22406,22406,53560,34,10,2509,7.25,8,30,23,146.0,1,146.0,146.0,0.0,inf,0.0,1.0,146.0,0.0,0,rolling,net_profit_fitness,1_day,rep_2
test,1,0,22406,22406,53560,34,10,2509,7.25,8,30,23,-372.0,3,-372.0,0.0,372.0,0.0,372.0,0.0,-124.0,124.0,3,rolling,net_profit_fitness,1_day,rep_2
train,1,0,22406,22406,53560,35,8,2509,7.25,8,30,23,146.0,1,146.0,146.0,0.0,inf,0.0,1.0,146.0,0.0,0,rolling,net_profit_fitness,1_day,rep_2
test,1,0,22406,22406,53560,35,8,2509,7.25,8,30,23,-372.0,3,-372.0,0.0,372.0,0.0,372.0,0.0,-124.0,124.0,3,rolling,net_profit_fitness,1_day,rep_2
train,1,0,22406,22406,53560,36,9,3195,7.5,8,30,24,146.0,1,146.0,146.0,0.0,inf,0.0,1.0,146.0,0.0,0,rolling,net_profit_fitness,1_day,rep_2
test,1,0,22406,22406,53560,36,9,3195,7.5,8,30,24,-387.0,3,-387.0,0.0,387.0,0.0,387.0,0.0,-129.0,129.0,3,rolling,net_profit_fitness,1_day,rep_2
train,1,0,22406,22406,53560,37,8,2509,7.0,8,30,22,146.0,1,146.0,146.0,0.0,inf,0.0,1.0,146.0,0.0,0,rolling,net_profit_fitness,1_day,rep_2
test,1,0,22406,22406,53560,37,8,2509,7.0,8,30,22,-357.0,3,-357.0,0.0,357.0,0.0,357.0,0.0,-119.0,119.0,3,rolling,net_profit_fitness,1_day,rep_2
train,1,0,22406,22406,53560,38,9,2509,7.75,8,30,23,146.0,1,146.0,146.0,0.0,inf,0.0,1.0,146.0,0.0,0,rolling,net_profit_fitness,1_day,rep_2
test,1,0,22406,22406,53560,38,9,2509,7.75,8,30,23,-372.0,3,-372.0,0.0,372.0,0.0,372.0,0.0,-124.0,124.0,3,rolling,net_profit_fitness,1_day,rep_2
train,1,0,22406,22406,53560,39,8,250,7.0,8,30,24,146.0,1,146.0,146.0,0.0,inf,0.0,1.0,146.0,0.0,0,rolling,net_profit_fitness,1_day,rep_2
test,1,0,22406,22406,53560,39,8,250,7.0,8,30,24,-129.0,1,-129.0,0.0,129.0,0.0,129.0,0.0,-129.0,129.0,1,rolling,net_profit_fitness,1_day,rep_2
train,1,0,22406,22406,53560,40,8,2509,7.75,8,30,23,146.0,1,146.0,146.0,0.0,inf,0.0,1.0,146.0,0.0,0,rolling,net_profit_fitness,1_day,rep_2
test,1,0,22406,22406,53560,40,8,2509,7.75,8,30,23,-372.0,3,-372.0,0.0,372.0,0.0,372.0,0.0,-124.0,124.0,3,rolling,net_profit_fitness,1_day,rep_2
train,1,0,22406,22406,53560,41,8,278,7.0,8,30,22,146.0,1,146.0,146.0,0.0,inf,0.0,1.0,146.0,0.0,0,rolling,net_profit_fitness,1_day,rep_2
test,1,0,22406,22406,53560,41,8,278,7.0,8,30,22,-119.0,1,-119.0,0.0,119.0,0.0,119.0,0.0,-119.0,119.0,1,rolling,net_profit_fitness,1_day,rep_2
train,1,0,22406,22406,53560,42,9,2509,7.0,8,30,22,146.0,1,146.0,146.0,0.0,inf,0.0,1.0,146.0,0.0,0,rolling,net_profit_fitness,1_day,rep_2
test,1,0,22406,22406,53560,42,9,2509,7.0,8,30,22,-357.0,3,-357.0,0.0,357.0,0.0,357.0,0.0,-119.0,119.0,3,rolling,net_profit_fitness,1_day,rep_2
train,1,0,22406,22406,53560,43,8,2333,7.5,8,30,22,146.0,1,146.0,146.0,0.0,inf,0.0,1.0,146.0,0.0,0,rolling,net_profit_fitness,1_day,rep_2
test,1,0,22406,22406,53560,43,8,2333,7.5,8,30,22,-357.0,3,-357.0,0.0,357.0,0.0,357.0,0.0,-119.0,119.0,3,rolling,net_profit_fitness,1_day,rep_2
train,1,0,22406,22406,53560,44,9,3195,7.25,8,30,22,146.0,1,146.0,146.0,0.0,inf,0.0,1.0,146.0,0.0,0,rolling,net_profit_fitness,1_day,rep_2
test,1,0,22406,22406,53560,44,9,3195,7.25,8,30,22,-357.0,3,-357.0,0.0,357.0,0.0,357.0,0.0,-119.0,119.0,3,rolling,net_profit_fitness,1_day,rep_2
train,1,0,22406,22406,53560,45,8,2333,6.75,8,30,23,146.0,1,146.0,146.0,0.0,inf,0.0,1.0,146.0,0.0,0,rolling,net_profit_fitness,1_day,rep_2
test,1,0,22406,22406,53560,45,8,2333,6.75,8,30,23,-620.0,5,-620.0,0.0,620.0,0.0,620.0,0.0,-124.0,124.0,5,rolling,net_profit_fitness,1_day,rep_2
train,1,0,22406,22406,53560,46,8,2509,7.75,8,30,22,146.0,1,146.0,146.0,0.0,inf,0.0,1.0,146.0,0.0,0,rolling,net_profit_fitness,1_day,rep_2
test,1,0,22406,22406,53560,46,8,2509,7.75,8,30,22,-357.0,3,-357.0,0.0,357.0,0.0,357.0,0.0,-119.0,119.0,3,rolling,net_profit_fitness,1_day,rep_2
train,1,0,22406,22406,53560,47,9,2483,6.75,8,30,22,146.0,1,146.0,146.0,0.0,inf,0.0,1.0,146.0,0.0,0,rolling,net_profit_fitness,1_day,rep_2
test,1,0,22406,22406,53560,47,9,2483,6.75,8,30,22,-595.0,5,-595.0,0.0,595.0,0.0,595.0,0.0,-119.0,119.0,5,rolling,net_profit_fitness,1_day,rep_2
train,1,0,22406,22406,53560,48,8,2634,7.75,8,30,22,146.0,1,146.0,146.0,0.0,inf,0.0,1.0,146.0,0.0,0,rolling,net_profit_fitness,1_day,rep_2
test,1,0,22406,22406,53560,48,8,2634,7.75,8,30,22,-357.0,3,-357.0,0.0,357.0,0.0,357.0,0.0,-119.0,119.0,3,rolling,net_profit_fitness,1_day,rep_2
train,1,0,22406,22406,53560,49,8,2308,7.25,8,30,22,146.0,1,146.0,146.0,0.0,inf,0.0,1.0,146.0,0.0,0,rolling,net_profit_fitness,1_day,rep_2
test,1,0,22406,22406,53560,49,8,2308,7.25,8,30,22,-357.0,3,-357.0,0.0,357.0,0.0,357.0,0.0,-119.0,119.0,3,rolling,net_profit_fitness,1_day,rep_2
train,1,0,22406,22406,53560,50,8,2709,7.25,8,30,22,146.0,1,146.0,146.0,0.0,inf,0.0,1.0,146.0,0.0,0,rolling,net_profit_fitness,1_day,rep_2
test,1,0,22406,22406,53560,50,8,2709,7.25,8,30,22,-357.0,3,-357.0,0.0,357.0,0.0,357.0,0.0,-119.0,119.0,3,rolling,net_profit_fitness,1_day,rep_2
train,1,0,22406,22406,53560,51,9,2483,7.25,8,30,22,146.0,1,146.0,146.0,0.0,inf,0.0,1.0,146.0,0.0,0,rolling,net_profit_fitness,1_day,rep_2
test,1,0,22406,22406,53560,51,9,2483,7.25,8,30,22,-357.0,3,-357.0,0.0,357.0,0.0,357.0,0.0,-119.0,119.0,3,rolling,net_profit_fitness,1_day,rep_2
train,1,0,22406,22406,53560,52,8,2509,7.0,8,30,22,146.0,1,146.0,146.0,0.0,inf,0.0,1.0,146.0,0.0,0,rolling,net_profit_fitness,1_day,rep_2
test,1,0,22406,22406,53560,52,8,2509,7.0,8,30,22,-357.0,3,-357.0,0.0,357.0,0.0,357.0,0.0,-119.0,119.0,3,rolling,net_profit_fitness,1_day,rep_2
train,1,0,22406,22406,53560,53,10,2817,7.25,8,30,22,146.0,1,146.0,146.0,0.0,inf,0.0,1.0,146.0,0.0,0,rolling,net_profit_fitness,1_day,rep_2
test,1,0,22406,22406,53560,53,10,2817,7.25,8,30,22,-357.0,3,-357.0,0.0,357.0,0.0,357.0,0.0,-119.0,119.0,3,rolling,net_profit_fitness,1_day,rep_2
train,1,0,22406,22406,53560,54,8,2509,7.0,8,30,25,146.0,1,146.0,146.0,0.0,inf,0.0,1.0,146.0,0.0,0,rolling,net_profit_fitness,1_day,rep_2
test,1,0,22406,22406,53560,54,8,2509,7.0,8,30,25,-402.0,3,-402.0,0.0,402.0,0.0,402.0,0.0,-134.0,134.0,3,rolling,net_profit_fitness,1_day,rep_2
train,1,0,22406,22406,53560,55,8,2383,7.0,8,30,22,146.0,1,146.0,146.0,0.0,inf,0.0,1.0,146.0,0.0,0,rolling,net_profit_fitness,1_day,rep_2
test,1,0,22406,22406,53560,55,8,2383,7.0,8,30,22,-357.0,3,-357.0,0.0,357.0,0.0,357.0,0.0,-119.0,119.0,3,rolling,net_profit_fitness,1_day,rep_2
train,1,0,22406,22406,53560,56,8,250,7.0,8,30,22,146.0,1,146.0,146.0,0.0,inf,0.0,1.0,146.0,0.0,0,rolling,net_profit_fitness,1_day,rep_2
test,1,0,22406,22406,53560,56,8,250,7.0,8,30,22,-119.0,1,-119.0,0.0,119.0,0.0,119.0,0.0,-119.0,119.0,1,rolling,net_profit_fitness,1_day,rep_2
train,1,0,22406,22406,53560,57,8,3178,7.5,8,30,22,146.0,1,146.0,146.0,0.0,inf,0.0,1.0,146.0,0.0,0,rolling,net_profit_fitness,1_day,rep_2
test,1,0,22406,22406,53560,57,8,3178,7.5,8,30,22,-357.0,3,-357.0,0.0,357.0,0.0,357.0,0.0,-119.0,119.0,3,rolling,net_profit_fitness,1_day,rep_2
train,1,0,22406,22406,53560,58,8,250,7.5,8,30,22,146.0,1,146.0,146.0,0.0,inf,0.0,1.0,146.0,0.0,0,rolling,net_profit_fitness,1_day,rep_2
test,1,0,22406,22406,53560,58,8,250,7.5,8,30,22,-119.0,1,-119.0,0.0,119.0,0.0,119.0,0.0,-119.0,119.0,1,rolling,net_profit_fitness,1_day,rep_2
train,1,0,22406,22406,53560,59,10,250,7.0,8,30,25,146.0,1,146.0,146.0,0.0,inf,0.0,1.0,146.0,0.0,0,rolling,net_profit_fitness,1_day,rep_2
test,1,0,22406,22406,53560,59,10,250,7.0,8,30,25,-134.0,1,-134.0,0.0,134.0,0.0,134.0,0.0,-134.0,134.0,1,rolling,net_profit_fitness,1_day,rep_2
train,1,0,22406,22406,53560,60,8,2709,7.25,8,30,23,146.0,1,146.0,146.0,0.0,inf,0.0,1.0,146.0,0.0,0,rolling,net_profit_fitness,1_day,rep_2
test,1,0,22406,22406,53560,60,8,2709,7.25,8,30,23,-372.0,3,-372.0,0.0,372.0,0.0,372.0,0.0,-124.0,124.0,3,rolling,net_profit_fitness,1_day,rep_2
train,1,0,22406,22406,53560,61,8,2383,7.25,8,30,22,146.0,1,146.0,146.0,0.0,inf,0.0,1.0,146.0,0.0,0,rolling,net_profit_fitness,1_day,rep_2
test,1,0,22406,22406,53560,61,8,2383,7.25,8,30,22,-357.0,3,-357.0,0.0,357.0,0.0,357.0,0.0,-119.0,119.0,3,rolling,net_profit_fitness,1_day,rep_2
train,1,0,22406,22406,53560,62,8,2922,7.0,8,30,22,146.0,1,146.0,146.0,0.0,inf,0.0,1.0,146.0,0.0,0,rolling,net_profit_fitness,1_day,rep_2
test,1,0,22406,22406,53560,62,8,2922,7.0,8,30,22,-357.0,3,-357.0,0.0,357.0,0.0,357.0,0.0,-119.0,119.0,3,rolling,net_profit_fitness,1_day,rep_2
train,1,0,22406,22406,53560,63,10,3418,7.0,8,30,24,146.0,1,146.0,146.0,0.0,inf,0.0,1.0,146.0,0.0,0,rolling,net_profit_fitness,1_day,rep_2
test,1,0,22406,22406,53560,63,10,3418,7.0,8,30,24,-387.0,3,-387.0,0.0,387.0,0.0,387.0,0.0,-129.0,129.0,3,rolling,net_profit_fitness,1_day,rep_2
train,1,0,22406,22406,53560,64,8,2483,7.25,8,30,22,146.0,1,146.0,146.0,0.0,inf,0.0,1.0,146.0,0.0,0,rolling,net_profit_fitness,1_day,rep_2
test,1,0,22406,22406,53560,64,8,2483,7.25,8,30,22,-357.0,3,-357.0,0.0,357.0,0.0,357.0,0.0,-119.0,119.0,3,rolling,net_profit_fitness,1_day,rep_2
train,1,0,22406,22406,53560,65,8,2509,7.5,8,30,25,146.0,1,146.0,146.0,0.0,inf,0.0,1.0,146.0,0.0,0,rolling,net_profit_fitness,1_day,rep_2
test,1,0,22406,22406,53560,65,8,2509,7.5,8,30,25,-402.0,3,-402.0,0.0,402.0,0.0,402.0,0.0,-134.0,134.0,3,rolling,net_profit_fitness,1_day,rep_2
train,1,0,22406,22406,53560,66,8,2922,6.5,8,30,22,146.0,1,146.0,146.0,0.0,inf,0.0,1.0,146.0,0.0,0,rolling,net_profit_fitness,1_day,rep_2
test,1,0,22406,22406,53560,66,8,2922,6.5,8,30,22,-595.0,5,-595.0,0.0,595.0,0.0,595.0,0.0,-119.0,119.0,5,rolling,net_profit_fitness,1_day,rep_2
train,1,0,22406,22406,53560,67,10,2383,7.5,8,30,24,146.0,1,146.0,146.0,0.0,inf,0.0,1.0,146.0,0.0,0,rolling,net_profit_fitness,1_day,rep_2
test,1,0,22406,22406,53560,67,10,2383,7.5,8,30,24,-387.0,3,-387.0,0.0,387.0,0.0,387.0,0.0,-129.0,129.0,3,rolling,net_profit_fitness,1_day,rep_2
train,1,0,22406,22406,53560,68,8,3009,7.5,8,30,22,146.0,1,146.0,146.0,0.0,inf,0.0,1.0,146.0,0.0,0,rolling,net_profit_fitness,1_day,rep_2
test,1,0,22406,22406,53560,68,8,3009,7.5,8,30,22,-357.0,3,-357.0,0.0,357.0,0.0,357.0,0.0,-119.0,119.0,3,rolling,net_profit_fitness,1_day,rep_2
train,1,0,22406,22406,53560,69,10,278,6.75,8,30,24,146.0,1,146.0,146.0,0.0,inf,0.0,1.0,146.0,0.0,0,rolling,net_profit_fitness,1_day,rep_2
test,1,0,22406,22406,53560,69,10,278,6.75,8,30,24,-129.0,1,-129.0,0.0,129.0,0.0,129.0,0.0,-129.0,129.0,1,rolling,net_profit_fitness,1_day,rep_2
train,1,0,22406,22406,53560,70,8,2759,7.5,8,30,22,146.0,1,146.0,146.0,0.0,inf,0.0,1.0,146.0,0.0,0,rolling,net_profit_fitness,1_day,rep_2
test,1,0,22406,22406,53560,70,8,2759,7.5,8,30,22,-357.0,3,-357.0,0.0,357.0,0.0,357.0,0.0,-119.0,119.0,3,rolling,net_profit_fitness,1_day,rep_2
train,1,0,22406,22406,53560,71,8,2483,6.5,8,30,23,146.0,1,146.0,146.0,0.0,inf,0.0,1.0,146.0,0.0,0,rolling,net_profit_fitness,1_day,rep_2
test,1,0,22406,22406,53560,71,8,2483,6.5,8,30,23,-620.0,5,-620.0,0.0,620.0,0.0,620.0,0.0,-124.0,124.0,5,rolling,net_profit_fitness,1_day,rep_2
train,1,0,22406,22406,53560,72,8,2922,7.25,8,30,24,146.0,1,146.0,146.0,0.0,inf,0.0,1.0,146.0,0.0,0,rolling,net_profit_fitness,1_day,rep_2
test,1,0,22406,22406,53560,72,8,2922,7.25,8,30,24,-387.0,3,-387.0,0.0,387.0,0.0,387.0,0.0,-129.0,129.0,3,rolling,net_profit_fitness,1_day,rep_2
train,1,0,22406,22406,53560,73,8,250,7.0,8,30,23,146.0,1,146.0,146.0,0.0,inf,0.0,1.0,146.0,0.0,0,rolling,net_profit_fitness,1_day,rep_2
test,1,0,22406,22406,53560,73,8,250,7.0,8,30,23,-124.0,1,-124.0,0.0,124.0,0.0,124.0,0.0,-124.0,124.0,1,rolling,net_profit_fitness,1_day,rep_2
train,1,0,22406,22406,53560,74,8,230,7.0,8,30,23,146.0,1,146.0,146.0,0.0,inf,0.0,1.0,146.0,0.0,0,rolling,net_profit_fitness,1_day,rep_2
test,1,0,22406,22406,53560,74,8,230,7.0,8,30,23,-124.0,1,-124.0,0.0,124.0,0.0,124.0,0.0,-124.0,124.0,1,rolling,net_profit_fitness,1_day,rep_2
train,1,0,22406,22406,53560,75,10,2502,7.25,8,30,23,146.0,1,146.0,146.0,0.0,inf,0.0,1.0,146.0,0.0,0,rolling,net_profit_fitness,1_day,rep_2
test,1,0,22406,22406,53560,75,10,2502,7.25,8,30,23,-372.0,3,-372.0,0.0,372.0,0.0,372.0,0.0,-124.0,124.0,3,rolling,net_profit_fitness,1_day,rep_2
train,1,0,22406,22406,53560,76,10,2383,6.5,8,30,22,146.0,1,146.0,146.0,0.0,inf,0.0,1.0,146.0,0.0,0,rolling,net_profit_fitness,1_day,rep_2
test,1,0,22406,22406,53560,76,10,2383,6.5,8,30,22,-595.0,5,-595.0,0.0,595.0,0.0,595.0,0.0,-119.0,119.0,5,rolling,net_profit_fitness,1_day,rep_2
train,1,0,22406,22406,53560,77,8,2922,7.5,8,30,22,146.0,1,146.0,146.0,0.0,inf,0.0,1.0,146.0,0.0,0,rolling,net_profit_fitness,1_day,rep_2
test,1,0,22406,22406,53560,77,8,2922,7.5,8,30,22,-357.0,3,-357.0,0.0,357.0,0.0,357.0,0.0,-119.0,119.0,3,rolling,net_profit_fitness,1_day,rep_2
train,1,0,22406,22406,53560,78,8,2383,7.5,8,30,22,146.0,1,146.0,146.0,0.0,inf,0.0,1.0,146.0,0.0,0,rolling,net_profit_fitness,1_day,rep_2
test,1,0,22406,22406,53560,78,8,2383,7.5,8,30,22,-357.0,3,-357.0,0.0,357.0,0.0,357.0,0.0,-119.0,119.0,3,rolling,net_profit_fitness,1_day,rep_2
train,1,0,22406,22406,53560,79,8,3009,7.25,8,30,23,146.0,1,146.0,146.0,0.0,inf,0.0,1.0,146.0,0.0,0,rolling,net_profit_fitness,1_day,rep_2
test,1,0,22406,22406,53560,79,8,3009,7.25,8,30,23,-372.0,3,-372.0,0.0,372.0,0.0,372.0,0.0,-124.0,124.0,3,rolling,net_profit_fitness,1_day,rep_2
train,1,0,22406,22406,53560,80,8,2438,6.75,8,30,24,146.0,1,146.0,146.0,0.0,inf,0.0,1.0,146.0,0.0,0,rolling,net_profit_fitness,1_day,rep_2
test,1,0,22406,22406,53560,80,8,2438,6.75,8,30,24,-645.0,5,-645.0,0.0,645.0,0.0,645.0,0.0,-129.0,129.0,5,rolling,net_profit_fitness,1_day,rep_2
train,1,0,22406,22406,53560,81,8,2483,6.75,8,30,24,146.0,1,146.0,146.0,0.0,inf,0.0,1.0,146.0,0.0,0,rolling,net_profit_fitness,1_day,rep_2
test,1,0,22406,22406,53560,81,8,2483,6.75,8,30,24,-645.0,5,-645.0,0.0,645.0,0.0,645.0,0.0,-129.0,129.0,5,rolling,net_profit_fitness,1_day,rep_2
train,1,0,22406,22406,53560,82,8,250,7.5,8,30,22,146.0,1,146.0,146.0,0.0,inf,0.0,1.0,146.0,0.0,0,rolling,net_profit_fitness,1_day,rep_2
test,1,0,22406,22406,53560,82,8,250,7.5,8,30,22,-119.0,1,-119.0,0.0,119.0,0.0,119.0,0.0,-119.0,119.0,1,rolling,net_profit_fitness,1_day,rep_2
train,1,0,22406,22406,53560,83,8,2922,7.75,8,30,25,146.0,1,146.0,146.0,0.0,inf,0.0,1.0,146.0,0.0,0,rolling,net_profit_fitness,1_day,rep_2
test,1,0,22406,22406,53560,83,8,2922,7.75,8,30,25,-402.0,3,-402.0,0.0,402.0,0.0,402.0,0.0,-134.0,134.0,3,rolling,net_profit_fitness,1_day,rep_2
train,1,0,22406,22406,53560,84,10,2922,6.75,8,30,24,146.0,1,146.0,146.0,0.0,inf,0.0,1.0,146.0,0.0,0,rolling,net_profit_fitness,1_day,rep_2
test,1,0,22406,22406,53560,84,10,2922,6.75,8,30,24,-645.0,5,-645.0,0.0,645.0,0.0,645.0,0.0,-129.0,129.0,5,rolling,net_profit_fitness,1_day,rep_2
train,1,0,22406,22406,53560,85,10,3009,7.25,8,30,24,146.0,1,146.0,146.0,0.0,inf,0.0,1.0,146.0,0.0,0,rolling,net_profit_fitness,1_day,rep_2
test,1,0,22406,22406,53560,85,10,3009,7.25,8,30,24,-387.0,3,-387.0,0.0,387.0,0.0,387.0,0.0,-129.0,129.0,3,rolling,net_profit_fitness,1_day,rep_2
train,1,0,22406,22406,53560,86,10,278,7.0,8,30,22,146.0,1,146.0,146.0,0.0,inf,0.0,1.0,146.0,0.0,0,rolling,net_profit_fitness,1_day,rep_2
test,1,0,22406,22406,53560,86,10,278,7.0,8,30,22,-119.0,1,-119.0,0.0,119.0,0.0,119.0,0.0,-119.0,119.0,1,rolling,net_profit_fitness,1_day,rep_2
train,1,0,22406,22406,53560,87,10,2532,6.75,8,30,24,146.0,1,146.0,146.0,0.0,inf,0.0,1.0,146.0,0.0,0,rolling,net_profit_fitness,1_day,rep_2
test,1,0,22406,22406,53560,87,10,2532,6.75,8,30,24,-645.0,5,-645.0,0.0,645.0,0.0,645.0,0.0,-129.0,129.0,5,rolling,net_profit_fitness,1_day,rep_2
train,1,0,22406,22406,53560,88,10,278,6.75,8,30,22,146.0,1,146.0,146.0,0.0,inf,0.0,1.0,146.0,0.0,0,rolling,net_profit_fitness,1_day,rep_2
test,1,0,22406,22406,53560,88,10,278,6.75,8,30,22,-119.0,1,-119.0,0.0,119.0,0.0,119.0,0.0,-119.0,119.0,1,rolling,net_profit_fitness,1_day,rep_2
train,1,0,22406,22406,53560,89,8,2532,7.75,8,30,22,146.0,1,146.0,146.0,0.0,inf,0.0,1.0,146.0,0.0,0,rolling,net_profit_fitness,1_day,rep_2
test,1,0,22406,22406,53560,89,8,2532,7.75,8,30,22,-357.0,3,-357.0,0.0,357.0,0.0,357.0,0.0,-119.0,119.0,3,rolling,net_profit_fitness,1_day,rep_2
train,1,0,22406,22406,53560,90,9,2922,7.75,8,30,23,146.0,1,146.0,146.0,0.0,inf,0.0,1.0,146.0,0.0,0,rolling,net_profit_fitness,1_day,rep_2
test,1,0,22406,22406,53560,90,9,2922,7.75,8,30,23,-372.0,3,-372.0,0.0,372.0,0.0,372.0,0.0,-124.0,124.0,3,rolling,net_profit_fitness,1_day,rep_2
train,1,0,22406,22406,53560,91,8,235,7.5,8,30,22,146.0,1,146.0,146.0,0.0,inf,0.0,1.0,146.0,0.0,0,rolling,net_profit_fitness,1_day,rep_2
test,1,0,22406,22406,53560,91,8,235,7.5,8,30,22,-119.0,1,-119.0,0.0,119.0,0.0,119.0,0.0,-119.0,119.0,1,rolling,net_profit_fitness,1_day,rep_2
train,1,0,22406,22406,53560,92,8,216,6.75,8,30,22,146.0,1,146.0,146.0,0.0,inf,0.0,1.0,146.0,0.0,0,rolling,net_profit_fitness,1_day,rep_2
test,1,0,22406,22406,53560,92,8,216,6.75,8,30,22,-119.0,1,-119.0,0.0,119.0,0.0,119.0,0.0,-119.0,119.0,1,rolling,net_profit_fitness,1_day,rep_2
train,1,0,22406,22406,53560,93,9,2483,7.75,8,30,22,146.0,1,146.0,146.0,0.0,inf,0.0,1.0,146.0,0.0,0,rolling,net_profit_fitness,1_day,rep_2
test,1,0,22406,22406,53560,93,9,2483,7.75,8,30,22,-357.0,3,-357.0,0.0,357.0,0.0,357.0,0.0,-119.0,119.0,3,rolling,net_profit_fitness,1_day,rep_2
train,1,0,22406,22406,53560,94,8,2922,7.75,8,30,26,146.0,1,146.0,146.0,0.0,inf,0.0,1.0,146.0,0.0,0,rolling,net_profit_fitness,1_day,rep_2
test,1,0,22406,22406,53560,94,8,2922,7.75,8,30,26,-417.0,3,-417.0,0.0,417.0,0.0,417.0,0.0,-139.0,139.0,3,rolling,net_profit_fitness,1_day,rep_2
train,1,0,22406,22406,53560,95,8,2532,7.75,8,30,25,146.0,1,146.0,146.0,0.0,inf,0.0,1.0,146.0,0.0,0,rolling,net_profit_fitness,1_day,rep_2
test,1,0,22406,22406,53560,95,8,2532,7.75,8,30,25,-402.0,3,-402.0,0.0,402.0,0.0,402.0,0.0,-134.0,134.0,3,rolling,net_profit_fitness,1_day,rep_2
train,1,0,22406,22406,53560,96,10,278,7.5,8,30,22,146.0,1,146.0,146.0,0.0,inf,0.0,1.0,146.0,0.0,0,rolling,net_profit_fitness,1_day,rep_2
test,1,0,22406,22406,53560,96,10,278,7.5,8,30,22,-119.0,1,-119.0,0.0,119.0,0.0,119.0,0.0,-119.0,119.0,1,rolling,net_profit_fitness,1_day,rep_2
train,1,0,22406,22406,53560,97,8,278,7.75,8,30,22,146.0,1,146.0,146.0,0.0,inf,0.0,1.0,146.0,0.0,0,rolling,net_profit_fitness,1_day,rep_2
test,1,0,22406,22406,53560,97,8,278,7.75,8,30,22,-119.0,1,-119.0,0.0,119.0,0.0,119.0,0.0,-119.0,119.0,1,rolling,net_profit_fitness,1_day,rep_2
train,1,0,22406,22406,53560,98,10,2532,7.5,8,30,22,146.0,1,146.0,146.0,0.0,inf,0.0,1.0,146.0,0.0,0,rolling,net_profit_fitness,1_day,rep_2
test,1,0,22406,22406,53560,98,10,2532,7.5,8,30,22,-357.0,3,-357.0,0.0,357.0,0.0,357.0,0.0,-119.0,119.0,3,rolling,net_profit_fitness,1_day,rep_2
train,1,0,22406,22406,53560,99,8,278,6.75,8,30,24,146.0,1,146.0,146.0,0.0,inf,0.0,1.0,146.0,0.0,0,rolling,net_profit_fitness,1_day,rep_2
test,1,0,22406,22406,53560,99,8,278,6.75,8,30,24,-129.0,1,-129.0,0.0,129.0,0.0,129.0,0.0,-129.0,129.0,1,rolling,net_profit_fitness,1_day,rep_2
train,1,0,22406,22406,53560,100,8,2532,7.75,8,30,22,146.0,1,146.0,146.0,0.0,inf,0.0,1.0,146.0,0.0,0,rolling,net_profit_fitness,1_day,rep_2
test,1,0,22406,22406,53560,100,8,2532,7.75,8,30,22,-357.0,3,-357.0,0.0,357.0,0.0,357.0,0.0,-119.0,119.0,3,rolling,net_profit_fitness,1_day,rep_2
train,2,22406,53560,53560,86986,0,13,3909,5.5,11,15,30,71.0,1,71.0,71.0,0.0,inf,0.0,1.0,71.0,0.0,0,rolling,net_profit_fitness,1_day,rep_2
test,2,22406,53560,53560,86986,0,13,3909,5.5,11,15,30,-88.0,2,-88.0,71.0,159.0,0.4465408805031446,159.0,0.5,-44.0,159.0,1,rolling,net_profit_fitness,1_day,rep_2
train,2,22406,53560,53560,86986,1,9,692,7.5,4,9,2,72.0,12,72.0,205.0,133.0,1.5413533834586466,95.0,0.4166666666666667,6.0,19.0,5,rolling,net_profit_fitness,1_day,rep_2
test,2,22406,53560,53560,86986,1,9,692,7.5,4,9,2,-64.0,16,-64.0,164.0,228.0,0.7192982456140351,228.0,0.25,-4.0,19.0,12,rolling,net_profit_fitness,1_day,rep_2
train,2,22406,53560,53560,86986,2,9,692,7.5,4,10,3,110.0,10,110.0,230.0,120.0,1.9166666666666667,96.0,0.5,11.0,24.0,4,rolling,net_profit_fitness,1_day,rep_2
test,2,22406,53560,53560,86986,2,9,692,7.5,4,10,3,-150.0,15,-150.0,138.0,288.0,0.4791666666666667,288.0,0.2,-10.0,24.0,12,rolling,net_profit_fitness,1_day,rep_2
train,2,22406,53560,53560,86986,3,7,692,7.25,3,25,2,180.0,20,180.0,484.0,304.0,1.5921052631578947,114.0,0.2,9.0,19.0,6,rolling,net_profit_fitness,1_day,rep_2
test,2,22406,53560,53560,86986,3,7,692,7.25,3,25,2,-264.0,36,-264.0,363.0,627.0,0.5789473684210527,487.0,0.0833333333333333,-7.333333333333333,19.0,24,rolling,net_profit_fitness,1_day,rep_2
train,2,22406,53560,53560,86986,4,7,692,7.5,5,12,5,132.0,12,132.0,336.0,204.0,1.6470588235294117,102.0,0.5,11.0,34.0,3,rolling,net_profit_fitness,1_day,rep_2
test,2,22406,53560,53560,86986,4,7,692,7.5,5,12,5,-184.0,16,-184.0,224.0,408.0,0.5490196078431373,374.0,0.25,-11.5,34.0,11,rolling,net_profit_fitness,1_day,rep_2
train,2,22406,53560,53560,86986,5,7,692,7.25,3,22,2,245.0,20,245.0,530.0,285.0,1.8596491228070176,114.0,0.25,12.25,19.0,6,rolling,net_profit_fitness,1_day,rep_2
test,2,22406,53560,53560,86986,5,7,692,7.25,3,22,2,-309.0,36,-309.0,318.0,627.0,0.507177033492823,502.0,0.0833333333333333,-8.583333333333334,19.0,24,rolling,net_profit_fitness,1_day,rep_2
train,2,22406,53560,53560,86986,6,7,692,7.25,3,22,2,245.0,20,245.0,530.0,285.0,1.8596491228070176,114.0,0.25,12.25,19.0,6,rolling,net_profit_fitness,1_day,rep_2
test,2,22406,53560,53560,86986,6,7,692,7.25,3,22,2,-309.0,36,-309.0,318.0,627.0,0.507177033492823,502.0,0.0833333333333333,-8.583333333333334,19.0,24,rolling,net_profit_fitness,1_day,rep_2
train,2,22406,53560,53560,86986,7,7,692,7.25,4,16,2,266.0,16,266.0,456.0,190.0,2.4,95.0,0.375,16.625,19.0,5,rolling,net_profit_fitness,1_day,rep_2
test,2,22406,53560,53560,86986,7,7,692,7.25,4,16,2,-152.0,23,-152.0,228.0,380.0,0.6,323.0,0.1304347826086956,-6.608695652173913,19.0,17,rolling,net_profit_fitness,1_day,rep_2
train,2,22406,53560,53560,86986,8,7,692,7.5,3,22,2,245.0,20,245.0,530.0,285.0,1.8596491228070176,114.0,0.25,12.25,19.0,6,rolling,net_profit_fitness,1_day,rep_2
test,2,22406,53560,53560,86986,8,7,692,7.5,3,22,2,-309.0,36,-309.0,318.0,627.0,0.507177033492823,502.0,0.0833333333333333,-8.583333333333334,19.0,24,rolling,net_profit_fitness,1_day,rep_2
train,2,22406,53560,53560,86986,9,7,692,7.5,3,20,2,291.0,21,291.0,576.0,285.0,2.0210526315789474,114.0,0.2857142857142857,13.857142857142858,19.0,6,rolling,net_profit_fitness,1_day,rep_2
test,2,22406,53560,53560,86986,9,7,692,7.5,3,20,2,-339.0,36,-339.0,288.0,627.0,0.4593301435406698,512.0,0.0833333333333333,-9.416666666666666,19.0,24,rolling,net_profit_fitness,1_day,rep_2
train,2,22406,53560,53560,86986,10,7,692,7.25,3,20,2,291.0,21,291.0,576.0,285.0,2.0210526315789474,114.0,0.2857142857142857,13.857142857142858,19.0,6,rolling,net_profit_fitness,1_day,rep_2
test,2,22406,53560,53560,86986,10,7,692,7.25,3,20,2,-339.0,36,-339.0,288.0,627.0,0.4593301435406698,512.0,0.0833333333333333,-9.416666666666666,19.0,24,rolling,net_profit_fitness,1_day,rep_2
train,2,22406,53560,53560,86986,11,7,692,7.25,3,20,2,291.0,21,291.0,576.0,285.0,2.0210526315789474,114.0,0.2857142857142857,13.857142857142858,19.0,6,rolling,net_profit_fitness,1_day,rep_2
test,2,22406,53560,53560,86986,11,7,692,7.25,3,20,2,-339.0,36,-339.0,288.0,627.0,0.4593301435406698,512.0,0.0833333333333333,-9.416666666666666,19.0,24,rolling,net_profit_fitness,1_day,rep_2
train,2,22406,53560,53560,86986,12,7,692,7.25,3,20,2,291.0,21,291.0,576.0,285.0,2.0210526315789474,114.0,0.2857142857142857,13.857142857142858,19.0,6,rolling,net_profit_fitness,1_day,rep_2
test,2,22406,53560,53560,86986,12,7,692,7.25,3,20,2,-339.0,36,-339.0,288.0,627.0,0.4593301435406698,512.0,0.0833333333333333,-9.416666666666666,19.0,24,rolling,net_profit_fitness,1_day,rep_2
train,2,22406,53560,53560,86986,13,7,692,7.25,4,20,2,309.0,14,309.0,480.0,171.0,2.807017543859649,95.0,0.3571428571428571,22.071428571428573,19.0,5,rolling,net_profit_fitness,1_day,rep_2
test,2,22406,53560,53560,86986,13,7,692,7.25,4,20,2,-207.0,23,-207.0,192.0,399.0,0.4812030075187969,380.0,0.0869565217391304,-9.0,19.0,20,rolling,net_profit_fitness,1_day,rep_2
train,2,22406,53560,53560,86986,14,7,643,7.25,3,20,2,310.0,20,310.0,576.0,266.0,2.1654135338345863,95.0,0.3,15.5,19.0,5,rolling,net_profit_fitness,1_day,rep_2
test,2,22406,53560,53560,86986,14,7,643,7.25,3,20,2,-339.0,36,-339.0,288.0,627.0,0.4593301435406698,512.0,0.0833333333333333,-9.416666666666666,19.0,24,rolling,net_profit_fitness,1_day,rep_2
train,2,22406,53560,53560,86986,15,7,643,7.25,3,20,2,310.0,20,310.0,576.0,266.0,2.1654135338345863,95.0,0.3,15.5,19.0,5,rolling,net_profit_fitness,1_day,rep_2
test,2,22406,53560,53560,86986,15,7,643,7.25,3,20,2,-339.0,36,-339.0,288.0,627.0,0.4593301435406698,512.0,0.0833333333333333,-9.416666666666666,19.0,24,rolling,net_profit_fitness,1_day,rep_2
train,2,22406,53560,53560,86986,16,7,692,7.5,3,18,2,317.0,22,317.0,602.0,285.0,2.112280701754386,57.0,0.3181818181818182,14.409090909090908,19.0,3,rolling,net_profit_fitness,1_day,rep_2
test,2,22406,53560,53560,86986,16,7,692,7.5,3,18,2,-369.0,36,-369.0,258.0,627.0,0.4114832535885167,522.0,0.0833333333333333,-10.25,19.0,24,rolling,net_profit_fitness,1_day,rep_2
train,2,22406,53560,53560,86986,17,7,692,7.25,4,19,2,356.0,16,356.0,546.0,190.0,2.873684210526316,95.0,0.375,22.25,19.0,5,rolling,net_profit_fitness,1_day,rep_2
test,2,22406,53560,53560,86986,17,7,692,7.25,4,19,2,-217.0,23,-217.0,182.0,399.0,0.4561403508771929,380.0,0.0869565217391304,-9.434782608695652,19.0,20,rolling,net_profit_fitness,1_day,rep_2
train,2,22406,53560,53560,86986,18,7,692,7.25,4,19,2,356.0,16,356.0,546.0,190.0,2.873684210526316,95.0,0.375,22.25,19.0,5,rolling,net_profit_fitness,1_day,rep_2
test,2,22406,53560,53560,86986,18,7,692,7.25,4,19,2,-217.0,23,-217.0,182.0,399.0,0.4561403508771929,380.0,0.0869565217391304,-9.434782608695652,19.0,20,rolling,net_profit_fitness,1_day,rep_2
train,2,22406,53560,53560,86986,19,7,585,7.25,3,19,2,371.0,21,371.0,637.0,266.0,2.3947368421052637,57.0,0.3333333333333333,17.666666666666668,19.0,3,rolling,net_profit_fitness,1_day,rep_2
test,2,22406,53560,53560,86986,19,7,585,7.25,3,19,2,-316.0,34,-316.0,273.0,589.0,0.4634974533106961,479.0,0.088235294117647,-9.294117647058824,19.0,23,rolling,net_profit_fitness,1_day,rep_2
train,2,22406,53560,53560,86986,20,7,585,7.0,3,19,2,371.0,21,371.0,637.0,266.0,2.3947368421052637,57.0,0.3333333333333333,17.666666666666668,19.0,3,rolling,net_profit_fitness,1_day,rep_2
test,2,22406,53560,53560,86986,20,7,585,7.0,3,19,2,-316.0,34,-316.0,273.0,589.0,0.4634974533106961,479.0,0.088235294117647,-9.294117647058824,19.0,23,rolling,net_profit_fitness,1_day,rep_2
train,2,22406,53560,53560,86986,21,7,643,7.25,4,19,2,375.0,15,375.0,546.0,171.0,3.192982456140351,76.0,0.4,25.0,19.0,4,rolling,net_profit_fitness,1_day,rep_2
test,2,22406,53560,53560,86986,21,7,643,7.25,4,19,2,-217.0,23,-217.0,182.0,399.0,0.4561403508771929,380.0,0.0869565217391304,-9.434782608695652,19.0,20,rolling,net_profit_fitness,1_day,rep_2
train,2,22406,53560,53560,86986,22,7,643,7.25,4,19,2,375.0,15,375.0,546.0,171.0,3.192982456140351,76.0,0.4,25.0,19.0,4,rolling,net_profit_fitness,1_day,rep_2
test,2,22406,53560,53560,86986,22,7,643,7.25,4,19,2,-217.0,23,-217.0,182.0,399.0,0.4561403508771929,380.0,0.0869565217391304,-9.434782608695652,19.0,20,rolling,net_profit_fitness,1_day,rep_2
train,2,22406,53560,53560,86986,23,7,585,7.25,4,19,2,375.0,15,375.0,546.0,171.0,3.192982456140351,76.0,0.4,25.0,19.0,4,rolling,net_profit_fitness,1_day,rep_2
test,2,22406,53560,53560,86986,23,7,585,7.25,4,19,2,-198.0,22,-198.0,182.0,380.0,0.4789473684210526,361.0,0.0909090909090909,-9.0,19.0,19,rolling,net_profit_fitness,1_day,rep_2
train,2,22406,53560,53560,86986,24,7,643,7.5,4,19,2,375.0,15,375.0,546.0,171.0,3.192982456140351,76.0,0.4,25.0,19.0,4,rolling,net_profit_fitness,1_day,rep_2
test,2,22406,53560,53560,86986,24,7,643,7.5,4,19,2,-217.0,23,-217.0,182.0,399.0,0.4561403508771929,380.0,0.0869565217391304,-9.434782608695652,19.0,20,rolling,net_profit_fitness,1_day,rep_2
train,2,22406,53560,53560,86986,25,7,643,7.5,4,19,2,375.0,15,375.0,546.0,171.0,3.192982456140351,76.0,0.4,25.0,19.0,4,rolling,net_profit_fitness,1_day,rep_2
test,2,22406,53560,53560,86986,25,7,643,7.5,4,19,2,-217.0,23,-217.0,182.0,399.0,0.4561403508771929,380.0,0.0869565217391304,-9.434782608695652,19.0,20,rolling,net_profit_fitness,1_day,rep_2
train,2,22406,53560,53560,86986,26,7,585,7.5,4,19,2,375.0,15,375.0,546.0,171.0,3.192982456140351,76.0,0.4,25.0,19.0,4,rolling,net_profit_fitness,1_day,rep_2
test,2,22406,53560,53560,86986,26,7,585,7.5,4,19,2,-198.0,22,-198.0,182.0,380.0,0.4789473684210526,361.0,0.0909090909090909,-9.0,19.0,19,rolling,net_profit_fitness,1_day,rep_2
train,2,22406,53560,53560,86986,27,7,643,7.25,4,19,2,375.0,15,375.0,546.0,171.0,3.192982456140351,76.0,0.4,25.0,19.0,4,rolling,net_profit_fitness,1_day,rep_2
test,2,22406,53560,53560,86986,27,7,643,7.25,4,19,2,-217.0,23,-217.0,182.0,399.0,0.4561403508771929,380.0,0.0869565217391304,-9.434782608695652,19.0,20,rolling,net_profit_fitness,1_day,rep_2
train,2,22406,53560,53560,86986,28,7,643,7.25,4,19,2,375.0,15,375.0,546.0,171.0,3.192982456140351,76.0,0.4,25.0,19.0,4,rolling,net_profit_fitness,1_day,rep_2
test,2,22406,53560,53560,86986,28,7,643,7.25,4,19,2,-217.0,23,-217.0,182.0,399.0,0.4561403508771929,380.0,0.0869565217391304,-9.434782608695652,19.0,20,rolling,net_profit_fitness,1_day,rep_2
train,2,22406,53560,53560,86986,29,7,617,7.25,4,19,2,375.0,15,375.0,546.0,171.0,3.192982456140351,76.0,0.4,25.0,19.0,4,rolling,net_profit_fitness,1_day,rep_2
test,2,22406,53560,53560,86986,29,7,617,7.25,4,19,2,-217.0,23,-217.0,182.0,399.0,0.4561403508771929,380.0,0.0869565217391304,-9.434782608695652,19.0,20,rolling,net_profit_fitness,1_day,rep_2
train,2,22406,53560,53560,86986,30,7,643,7.5,4,19,2,375.0,15,375.0,546.0,171.0,3.192982456140351,76.0,0.4,25.0,19.0,4,rolling,net_profit_fitness,1_day,rep_2
test,2,22406,53560,53560,86986,30,7,643,7.5,4,19,2,-217.0,23,-217.0,182.0,399.0,0.4561403508771929,380.0,0.0869565217391304,-9.434782608695652,19.0,20,rolling,net_profit_fitness,1_day,rep_2
train,2,22406,53560,53560,86986,31,7,643,7.5,4,19,2,375.0,15,375.0,546.0,171.0,3.192982456140351,76.0,0.4,25.0,19.0,4,rolling,net_profit_fitness,1_day,rep_2
test,2,22406,53560,53560,86986,31,7,643,7.5,4,19,2,-217.0,23,-217.0,182.0,399.0,0.4561403508771929,380.0,0.0869565217391304,-9.434782608695652,19.0,20,rolling,net_profit_fitness,1_day,rep_2
train,2,22406,53560,53560,86986,32,7,643,7.75,4,19,2,375.0,15,375.0,546.0,171.0,3.192982456140351,76.0,0.4,25.0,19.0,4,rolling,net_profit_fitness,1_day,rep_2
test,2,22406,53560,53560,86986,32,7,643,7.75,4,19,2,-217.0,23,-217.0,182.0,399.0,0.4561403508771929,380.0,0.0869565217391304,-9.434782608695652,19.0,20,rolling,net_profit_fitness,1_day,rep_2
train,2,22406,53560,53560,86986,33,7,585,7.75,4,19,2,375.0,15,375.0,546.0,171.0,3.192982456140351,76.0,0.4,25.0,19.0,4,rolling,net_profit_fitness,1_day,rep_2
test,2,22406,53560,53560,86986,33,7,585,7.75,4,19,2,-198.0,22,-198.0,182.0,380.0,0.4789473684210526,361.0,0.0909090909090909,-9.0,19.0,19,rolling,net_profit_fitness,1_day,rep_2
train,2,22406,53560,53560,86986,34,7,643,7.5,4,19,2,375.0,15,375.0,546.0,171.0,3.192982456140351,76.0,0.4,25.0,19.0,4,rolling,net_profit_fitness,1_day,rep_2
test,2,22406,53560,53560,86986,34,7,643,7.5,4,19,2,-217.0,23,-217.0,182.0,399.0,0.4561403508771929,380.0,0.0869565217391304,-9.434782608695652,19.0,20,rolling,net_profit_fitness,1_day,rep_2
train,2,22406,53560,53560,86986,35,7,643,7.5,4,19,2,375.0,15,375.0,546.0,171.0,3.192982456140351,76.0,0.4,25.0,19.0,4,rolling,net_profit_fitness,1_day,rep_2
test,2,22406,53560,53560,86986,35,7,643,7.5,4,19,2,-217.0,23,-217.0,182.0,399.0,0.4561403508771929,380.0,0.0869565217391304,-9.434782608695652,19.0,20,rolling,net_profit_fitness,1_day,rep_2
train,2,22406,53560,53560,86986,36,7,643,7.5,4,19,2,375.0,15,375.0,546.0,171.0,3.192982456140351,76.0,0.4,25.0,19.0,4,rolling,net_profit_fitness,1_day,rep_2
test,2,22406,53560,53560,86986,36,7,643,7.5,4,19,2,-217.0,23,-217.0,182.0,399.0,0.4561403508771929,380.0,0.0869565217391304,-9.434782608695652,19.0,20,rolling,net_profit_fitness,1_day,rep_2
train,2,22406,53560,53560,86986,37,7,585,7.25,4,19,2,375.0,15,375.0,546.0,171.0,3.192982456140351,76.0,0.4,25.0,19.0,4,rolling,net_profit_fitness,1_day,rep_2
test,2,22406,53560,53560,86986,37,7,585,7.25,4,19,2,-198.0,22,-198.0,182.0,380.0,0.4789473684210526,361.0,0.0909090909090909,-9.0,19.0,19,rolling,net_profit_fitness,1_day,rep_2
train,2,22406,53560,53560,86986,38,7,610,7.5,4,19,2,375.0,15,375.0,546.0,171.0,3.192982456140351,76.0,0.4,25.0,19.0,4,rolling,net_profit_fitness,1_day,rep_2
test,2,22406,53560,53560,86986,38,7,610,7.5,4,19,2,-217.0,23,-217.0,182.0,399.0,0.4561403508771929,380.0,0.0869565217391304,-9.434782608695652,19.0,20,rolling,net_profit_fitness,1_day,rep_2
train,2,22406,53560,53560,86986,39,7,643,7.5,4,19,2,375.0,15,375.0,546.0,171.0,3.192982456140351,76.0,0.4,25.0,19.0,4,rolling,net_profit_fitness,1_day,rep_2
test,2,22406,53560,53560,86986,39,7,643,7.5,4,19,2,-217.0,23,-217.0,182.0,399.0,0.4561403508771929,380.0,0.0869565217391304,-9.434782608695652,19.0,20,rolling,net_profit_fitness,1_day,rep_2
train,2,22406,53560,53560,86986,40,7,643,7.25,4,19,2,375.0,15,375.0,546.0,171.0,3.192982456140351,76.0,0.4,25.0,19.0,4,rolling,net_profit_fitness,1_day,rep_2
test,2,22406,53560,53560,86986,40,7,643,7.25,4,19,2,-217.0,23,-217.0,182.0,399.0,0.4561403508771929,380.0,0.0869565217391304,-9.434782608695652,19.0,20,rolling,net_profit_fitness,1_day,rep_2
train,2,22406,53560,53560,86986,41,7,643,7.25,4,19,2,375.0,15,375.0,546.0,171.0,3.192982456140351,76.0,0.4,25.0,19.0,4,rolling,net_profit_fitness,1_day,rep_2
test,2,22406,53560,53560,86986,41,7,643,7.25,4,19,2,-217.0,23,-217.0,182.0,399.0,0.4561403508771929,380.0,0.0869565217391304,-9.434782608695652,19.0,20,rolling,net_profit_fitness,1_day,rep_2
train,2,22406,53560,53560,86986,42,7,585,7.75,4,19,2,375.0,15,375.0,546.0,171.0,3.192982456140351,76.0,0.4,25.0,19.0,4,rolling,net_profit_fitness,1_day,rep_2
test,2,22406,53560,53560,86986,42,7,585,7.75,4,19,2,-198.0,22,-198.0,182.0,380.0,0.4789473684210526,361.0,0.0909090909090909,-9.0,19.0,19,rolling,net_profit_fitness,1_day,rep_2
train,2,22406,53560,53560,86986,43,7,643,7.5,4,19,2,375.0,15,375.0,546.0,171.0,3.192982456140351,76.0,0.4,25.0,19.0,4,rolling,net_profit_fitness,1_day,rep_2
test,2,22406,53560,53560,86986,43,7,643,7.5,4,19,2,-217.0,23,-217.0,182.0,399.0,0.4561403508771929,380.0,0.0869565217391304,-9.434782608695652,19.0,20,rolling,net_profit_fitness,1_day,rep_2
train,2,22406,53560,53560,86986,44,7,596,7.75,4,19,2,375.0,15,375.0,546.0,171.0,3.192982456140351,76.0,0.4,25.0,19.0,4,rolling,net_profit_fitness,1_day,rep_2
test,2,22406,53560,53560,86986,44,7,596,7.75,4,19,2,-198.0,22,-198.0,182.0,380.0,0.4789473684210526,361.0,0.0909090909090909,-9.0,19.0,19,rolling,net_profit_fitness,1_day,rep_2
train,2,22406,53560,53560,86986,45,7,610,7.5,4,19,2,375.0,15,375.0,546.0,171.0,3.192982456140351,76.0,0.4,25.0,19.0,4,rolling,net_profit_fitness,1_day,rep_2
test,2,22406,53560,53560,86986,45,7,610,7.5,4,19,2,-217.0,23,-217.0,182.0,399.0,0.4561403508771929,380.0,0.0869565217391304,-9.434782608695652,19.0,20,rolling,net_profit_fitness,1_day,rep_2
train,2,22406,53560,53560,86986,46,7,643,7.5,4,19,2,375.0,15,375.0,546.0,171.0,3.192982456140351,76.0,0.4,25.0,19.0,4,rolling,net_profit_fitness,1_day,rep_2
test,2,22406,53560,53560,86986,46,7,643,7.5,4,19,2,-217.0,23,-217.0,182.0,399.0,0.4561403508771929,380.0,0.0869565217391304,-9.434782608695652,19.0,20,rolling,net_profit_fitness,1_day,rep_2
train,2,22406,53560,53560,86986,47,7,604,7.75,4,19,2,375.0,15,375.0,546.0,171.0,3.192982456140351,76.0,0.4,25.0,19.0,4,rolling,net_profit_fitness,1_day,rep_2
test,2,22406,53560,53560,86986,47,7,604,7.75,4,19,2,-217.0,23,-217.0,182.0,399.0,0.4561403508771929,380.0,0.0869565217391304,-9.434782608695652,19.0,20,rolling,net_profit_fitness,1_day,rep_2
train,2,22406,53560,53560,86986,48,7,585,7.5,4,19,2,375.0,15,375.0,546.0,171.0,3.192982456140351,76.0,0.4,25.0,19.0,4,rolling,net_profit_fitness,1_day,rep_2
test,2,22406,53560,53560,86986,48,7,585,7.5,4,19,2,-198.0,22,-198.0,182.0,380.0,0.4789473684210526,361.0,0.0909090909090909,-9.0,19.0,19,rolling,net_profit_fitness,1_day,rep_2
train,2,22406,53560,53560,86986,49,7,643,7.75,4,19,2,375.0,15,375.0,546.0,171.0,3.192982456140351,76.0,0.4,25.0,19.0,4,rolling,net_profit_fitness,1_day,rep_2
test,2,22406,53560,53560,86986,49,7,643,7.75,4,19,2,-217.0,23,-217.0,182.0,399.0,0.4561403508771929,380.0,0.0869565217391304,-9.434782608695652,19.0,20,rolling,net_profit_fitness,1_day,rep_2
train,2,22406,53560,53560,86986,50,7,585,7.5,4,19,2,375.0,15,375.0,546.0,171.0,3.192982456140351,76.0,0.4,25.0,19.0,4,rolling,net_profit_fitness,1_day,rep_2
test,2,22406,53560,53560,86986,50,7,585,7.5,4,19,2,-198.0,22,-198.0,182.0,380.0,0.4789473684210526,361.0,0.0909090909090909,-9.0,19.0,19,rolling,net_profit_fitness,1_day,rep_2
train,2,22406,53560,53560,86986,51,7,585,7.75,4,19,2,375.0,15,375.0,546.0,171.0,3.192982456140351,76.0,0.4,25.0,19.0,4,rolling,net_profit_fitness,1_day,rep_2
test,2,22406,53560,53560,86986,51,7,585,7.75,4,19,2,-198.0,22,-198.0,182.0,380.0,0.4789473684210526,361.0,0.0909090909090909,-9.0,19.0,19,rolling,net_profit_fitness,1_day,rep_2
train,2,22406,53560,53560,86986,52,7,646,7.5,4,19,2,375.0,15,375.0,546.0,171.0,3.192982456140351,76.0,0.4,25.0,19.0,4,rolling,net_profit_fitness,1_day,rep_2
test,2,22406,53560,53560,86986,52,7,646,7.5,4,19,2,-217.0,23,-217.0,182.0,399.0,0.4561403508771929,380.0,0.0869565217391304,-9.434782608695652,19.0,20,rolling,net_profit_fitness,1_day,rep_2
train,2,22406,53560,53560,86986,53,7,643,7.25,4,19,2,375.0,15,375.0,546.0,171.0,3.192982456140351,76.0,0.4,25.0,19.0,4,rolling,net_profit_fitness,1_day,rep_2
test,2,22406,53560,53560,86986,53,7,643,7.25,4,19,2,-217.0,23,-217.0,182.0,399.0,0.4561403508771929,380.0,0.0869565217391304,-9.434782608695652,19.0,20,rolling,net_profit_fitness,1_day,rep_2
train,2,22406,53560,53560,86986,54,7,610,7.75,4,19,2,375.0,15,375.0,546.0,171.0,3.192982456140351,76.0,0.4,25.0,19.0,4,rolling,net_profit_fitness,1_day,rep_2
test,2,22406,53560,53560,86986,54,7,610,7.75,4,19,2,-217.0,23,-217.0,182.0,399.0,0.4561403508771929,380.0,0.0869565217391304,-9.434782608695652,19.0,20,rolling,net_profit_fitness,1_day,rep_2
train,2,22406,53560,53560,86986,55,7,585,7.25,4,19,2,375.0,15,375.0,546.0,171.0,3.192982456140351,76.0,0.4,25.0,19.0,4,rolling,net_profit_fitness,1_day,rep_2
test,2,22406,53560,53560,86986,55,7,585,7.25,4,19,2,-198.0,22,-198.0,182.0,380.0,0.4789473684210526,361.0,0.0909090909090909,-9.0,19.0,19,rolling,net_profit_fitness,1_day,rep_2
train,2,22406,53560,53560,86986,56,7,610,7.75,4,19,2,375.0,15,375.0,546.0,171.0,3.192982456140351,76.0,0.4,25.0,19.0,4,rolling,net_profit_fitness,1_day,rep_2
test,2,22406,53560,53560,86986,56,7,610,7.75,4,19,2,-217.0,23,-217.0,182.0,399.0,0.4561403508771929,380.0,0.0869565217391304,-9.434782608695652,19.0,20,rolling,net_profit_fitness,1_day,rep_2
train,2,22406,53560,53560,86986,57,7,643,7.5,4,19,2,375.0,15,375.0,546.0,171.0,3.192982456140351,76.0,0.4,25.0,19.0,4,rolling,net_profit_fitness,1_day,rep_2
test,2,22406,53560,53560,86986,57,7,643,7.5,4,19,2,-217.0,23,-217.0,182.0,399.0,0.4561403508771929,380.0,0.0869565217391304,-9.434782608695652,19.0,20,rolling,net_profit_fitness,1_day,rep_2
train,2,22406,53560,53560,86986,58,7,585,7.75,4,19,2,375.0,15,375.0,546.0,171.0,3.192982456140351,76.0,0.4,25.0,19.0,4,rolling,net_profit_fitness,1_day,rep_2
test,2,22406,53560,53560,86986,58,7,585,7.75,4,19,2,-198.0,22,-198.0,182.0,380.0,0.4789473684210526,361.0,0.0909090909090909,-9.0,19.0,19,rolling,net_profit_fitness,1_day,rep_2
train,2,22406,53560,53560,86986,59,7,596,7.0,4,19,2,375.0,15,375.0,546.0,171.0,3.192982456140351,76.0,0.4,25.0,19.0,4,rolling,net_profit_fitness,1_day,rep_2
test,2,22406,53560,53560,86986,59,7,596,7.0,4,19,2,-198.0,22,-198.0,182.0,380.0,0.4789473684210526,361.0,0.0909090909090909,-9.0,19.0,19,rolling,net_profit_fitness,1_day,rep_2
train,2,22406,53560,53560,86986,60,7,610,7.5,4,19,2,375.0,15,375.0,546.0,171.0,3.192982456140351,76.0,0.4,25.0,19.0,4,rolling,net_profit_fitness,1_day,rep_2
test,2,22406,53560,53560,86986,60,7,610,7.5,4,19,2,-217.0,23,-217.0,182.0,399.0,0.4561403508771929,380.0,0.0869565217391304,-9.434782608695652,19.0,20,rolling,net_profit_fitness,1_day,rep_2
train,2,22406,53560,53560,86986,61,7,631,7.75,4,19,2,375.0,15,375.0,546.0,171.0,3.192982456140351,76.0,0.4,25.0,19.0,4,rolling,net_profit_fitness,1_day,rep_2
test,2,22406,53560,53560,86986,61,7,631,7.75,4,19,2,-217.0,23,-217.0,182.0,399.0,0.4561403508771929,380.0,0.0869565217391304,-9.434782608695652,19.0,20,rolling,net_profit_fitness,1_day,rep_2
train,2,22406,53560,53560,86986,62,7,610,7.25,4,19,2,375.0,15,375.0,546.0,171.0,3.192982456140351,76.0,0.4,25.0,19.0,4,rolling,net_profit_fitness,1_day,rep_2
test,2,22406,53560,53560,86986,62,7,610,7.25,4,19,2,-217.0,23,-217.0,182.0,399.0,0.4561403508771929,380.0,0.0869565217391304,-9.434782608695652,19.0,20,rolling,net_profit_fitness,1_day,rep_2
train,2,22406,53560,53560,86986,63,7,573,7.5,4,19,2,375.0,15,375.0,546.0,171.0,3.192982456140351,76.0,0.4,25.0,19.0,4,rolling,net_profit_fitness,1_day,rep_2
test,2,22406,53560,53560,86986,63,7,573,7.5,4,19,2,-198.0,22,-198.0,182.0,380.0,0.4789473684210526,361.0,0.0909090909090909,-9.0,19.0,19,rolling,net_profit_fitness,1_day,rep_2
train,2,22406,53560,53560,86986,64,7,610,7.75,4,19,2,375.0,15,375.0,546.0,171.0,3.192982456140351,76.0,0.4,25.0,19.0,4,rolling,net_profit_fitness,1_day,rep_2
test,2,22406,53560,53560,86986,64,7,610,7.75,4,19,2,-217.0,23,-217.0,182.0,399.0,0.4561403508771929,380.0,0.0869565217391304,-9.434782608695652,19.0,20,rolling,net_profit_fitness,1_day,rep_2
train,2,22406,53560,53560,86986,65,7,625,7.0,4,19,2,375.0,15,375.0,546.0,171.0,3.192982456140351,76.0,0.4,25.0,19.0,4,rolling,net_profit_fitness,1_day,rep_2
test,2,22406,53560,53560,86986,65,7,625,7.0,4,19,2,-217.0,23,-217.0,182.0,399.0,0.4561403508771929,380.0,0.0869565217391304,-9.434782608695652,19.0,20,rolling,net_profit_fitness,1_day,rep_2
train,2,22406,53560,53560,86986,66,7,596,7.5,4,19,2,375.0,15,375.0,546.0,171.0,3.192982456140351,76.0,0.4,25.0,19.0,4,rolling,net_profit_fitness,1_day,rep_2
test,2,22406,53560,53560,86986,66,7,596,7.5,4,19,2,-198.0,22,-198.0,182.0,380.0,0.4789473684210526,361.0,0.0909090909090909,-9.0,19.0,19,rolling,net_profit_fitness,1_day,rep_2
train,2,22406,53560,53560,86986,67,7,610,7.75,4,19,2,375.0,15,375.0,546.0,171.0,3.192982456140351,76.0,0.4,25.0,19.0,4,rolling,net_profit_fitness,1_day,rep_2
test,2,22406,53560,53560,86986,67,7,610,7.75,4,19,2,-217.0,23,-217.0,182.0,399.0,0.4561403508771929,380.0,0.0869565217391304,-9.434782608695652,19.0,20,rolling,net_profit_fitness,1_day,rep_2
train,2,22406,53560,53560,86986,68,7,610,7.75,4,19,2,375.0,15,375.0,546.0,171.0,3.192982456140351,76.0,0.4,25.0,19.0,4,rolling,net_profit_fitness,1_day,rep_2
test,2,22406,53560,53560,86986,68,7,610,7.75,4,19,2,-217.0,23,-217.0,182.0,399.0,0.4561403508771929,380.0,0.0869565217391304,-9.434782608695652,19.0,20,rolling,net_profit_fitness,1_day,rep_2
train,2,22406,53560,53560,86986,69,7,596,7.75,4,19,2,375.0,15,375.0,546.0,171.0,3.192982456140351,76.0,0.4,25.0,19.0,4,rolling,net_profit_fitness,1_day,rep_2
test,2,22406,53560,53560,86986,69,7,596,7.75,4,19,2,-198.0,22,-198.0,182.0,380.0,0.4789473684210526,361.0,0.0909090909090909,-9.0,19.0,19,rolling,net_profit_fitness,1_day,rep_2
train,2,22406,53560,53560,86986,70,7,596,7.75,4,19,2,375.0,15,375.0,546.0,171.0,3.192982456140351,76.0,0.4,25.0,19.0,4,rolling,net_profit_fitness,1_day,rep_2
test,2,22406,53560,53560,86986,70,7,596,7.75,4,19,2,-198.0,22,-198.0,182.0,380.0,0.4789473684210526,361.0,0.0909090909090909,-9.0,19.0,19,rolling,net_profit_fitness,1_day,rep_2
train,2,22406,53560,53560,86986,71,7,616,7.5,4,19,2,375.0,15,375.0,546.0,171.0,3.192982456140351,76.0,0.4,25.0,19.0,4,rolling,net_profit_fitness,1_day,rep_2
test,2,22406,53560,53560,86986,71,7,616,7.5,4,19,2,-217.0,23,-217.0,182.0,399.0,0.4561403508771929,380.0,0.0869565217391304,-9.434782608695652,19.0,20,rolling,net_profit_fitness,1_day,rep_2
train,2,22406,53560,53560,86986,72,7,596,7.0,4,19,2,375.0,15,375.0,546.0,171.0,3.192982456140351,76.0,0.4,25.0,19.0,4,rolling,net_profit_fitness,1_day,rep_2
test,2,22406,53560,53560,86986,72,7,596,7.0,4,19,2,-198.0,22,-198.0,182.0,380.0,0.4789473684210526,361.0,0.0909090909090909,-9.0,19.0,19,rolling,net_profit_fitness,1_day,rep_2
train,2,22406,53560,53560,86986,73,7,622,7.75,4,19,2,375.0,15,375.0,546.0,171.0,3.192982456140351,76.0,0.4,25.0,19.0,4,rolling,net_profit_fitness,1_day,rep_2
test,2,22406,53560,53560,86986,73,7,622,7.75,4,19,2,-217.0,23,-217.0,182.0,399.0,0.4561403508771929,380.0,0.0869565217391304,-9.434782608695652,19.0,20,rolling,net_profit_fitness,1_day,rep_2
train,2,22406,53560,53560,86986,74,7,591,7.5,4,19,2,375.0,15,375.0,546.0,171.0,3.192982456140351,76.0,0.4,25.0,19.0,4,rolling,net_profit_fitness,1_day,rep_2
test,2,22406,53560,53560,86986,74,7,591,7.5,4,19,2,-198.0,22,-198.0,182.0,380.0,0.4789473684210526,361.0,0.0909090909090909,-9.0,19.0,19,rolling,net_profit_fitness,1_day,rep_2
train,2,22406,53560,53560,86986,75,7,631,7.75,4,19,2,375.0,15,375.0,546.0,171.0,3.192982456140351,76.0,0.4,25.0,19.0,4,rolling,net_profit_fitness,1_day,rep_2
test,2,22406,53560,53560,86986,75,7,631,7.75,4,19,2,-217.0,23,-217.0,182.0,399.0,0.4561403508771929,380.0,0.0869565217391304,-9.434782608695652,19.0,20,rolling,net_profit_fitness,1_day,rep_2
train,2,22406,53560,53560,86986,76,7,596,7.5,4,19,2,375.0,15,375.0,546.0,171.0,3.192982456140351,76.0,0.4,25.0,19.0,4,rolling,net_profit_fitness,1_day,rep_2
test,2,22406,53560,53560,86986,76,7,596,7.5,4,19,2,-198.0,22,-198.0,182.0,380.0,0.4789473684210526,361.0,0.0909090909090909,-9.0,19.0,19,rolling,net_profit_fitness,1_day,rep_2
train,2,22406,53560,53560,86986,77,7,596,7.25,4,19,2,375.0,15,375.0,546.0,171.0,3.192982456140351,76.0,0.4,25.0,19.0,4,rolling,net_profit_fitness,1_day,rep_2
test,2,22406,53560,53560,86986,77,7,596,7.25,4,19,2,-198.0,22,-198.0,182.0,380.0,0.4789473684210526,361.0,0.0909090909090909,-9.0,19.0,19,rolling,net_profit_fitness,1_day,rep_2
train,2,22406,53560,53560,86986,78,7,596,7.0,4,19,2,375.0,15,375.0,546.0,171.0,3.192982456140351,76.0,0.4,25.0,19.0,4,rolling,net_profit_fitness,1_day,rep_2
test,2,22406,53560,53560,86986,78,7,596,7.0,4,19,2,-198.0,22,-198.0,182.0,380.0,0.4789473684210526,361.0,0.0909090909090909,-9.0,19.0,19,rolling,net_profit_fitness,1_day,rep_2
train,2,22406,53560,53560,86986,79,7,610,7.25,4,19,2,375.0,15,375.0,546.0,171.0,3.192982456140351,76.0,0.4,25.0,19.0,4,rolling,net_profit_fitness,1_day,rep_2
test,2,22406,53560,53560,86986,79,7,610,7.25,4,19,2,-217.0,23,-217.0,182.0,399.0,0.4561403508771929,380.0,0.0869565217391304,-9.434782608695652,19.0,20,rolling,net_profit_fitness,1_day,rep_2
train,2,22406,53560,53560,86986,80,7,603,7.75,4,19,2,375.0,15,375.0,546.0,171.0,3.192982456140351,76.0,0.4,25.0,19.0,4,rolling,net_profit_fitness,1_day,rep_2
test,2,22406,53560,53560,86986,80,7,603,7.75,4,19,2,-217.0,23,-217.0,182.0,399.0,0.4561403508771929,380.0,0.0869565217391304,-9.434782608695652,19.0,20,rolling,net_profit_fitness,1_day,rep_2
train,2,22406,53560,53560,86986,81,7,610,7.75,4,19,2,375.0,15,375.0,546.0,171.0,3.192982456140351,76.0,0.4,25.0,19.0,4,rolling,net_profit_fitness,1_day,rep_2
test,2,22406,53560,53560,86986,81,7,610,7.75,4,19,2,-217.0,23,-217.0,182.0,399.0,0.4561403508771929,380.0,0.0869565217391304,-9.434782608695652,19.0,20,rolling,net_profit_fitness,1_day,rep_2
train,2,22406,53560,53560,86986,82,7,596,7.75,4,19,2,375.0,15,375.0,546.0,171.0,3.192982456140351,76.0,0.4,25.0,19.0,4,rolling,net_profit_fitness,1_day,rep_2
test,2,22406,53560,53560,86986,82,7,596,7.75,4,19,2,-198.0,22,-198.0,182.0,380.0,0.4789473684210526,361.0,0.0909090909090909,-9.0,19.0,19,rolling,net_profit_fitness,1_day,rep_2
train,2,22406,53560,53560,86986,83,7,610,7.75,4,19,2,375.0,15,375.0,546.0,171.0,3.192982456140351,76.0,0.4,25.0,19.0,4,rolling,net_profit_fitness,1_day,rep_2
test,2,22406,53560,53560,86986,83,7,610,7.75,4,19,2,-217.0,23,-217.0,182.0,399.0,0.4561403508771929,380.0,0.0869565217391304,-9.434782608695652,19.0,20,rolling,net_profit_fitness,1_day,rep_2
train,2,22406,53560,53560,86986,84,7,610,7.5,4,19,2,375.0,15,375.0,546.0,171.0,3.192982456140351,76.0,0.4,25.0,19.0,4,rolling,net_profit_fitness,1_day,rep_2
test,2,22406,53560,53560,86986,84,7,610,7.5,4,19,2,-217.0,23,-217.0,182.0,399.0,0.4561403508771929,380.0,0.0869565217391304,-9.434782608695652,19.0,20,rolling,net_profit_fitness,1_day,rep_2
train,2,22406,53560,53560,86986,85,7,610,7.0,4,19,2,375.0,15,375.0,546.0,171.0,3.192982456140351,76.0,0.4,25.0,19.0,4,rolling,net_profit_fitness,1_day,rep_2
test,2,22406,53560,53560,86986,85,7,610,7.0,4,19,2,-217.0,23,-217.0,182.0,399.0,0.4561403508771929,380.0,0.0869565217391304,-9.434782608695652,19.0,20,rolling,net_profit_fitness,1_day,rep_2
train,2,22406,53560,53560,86986,86,7,610,7.75,4,19,2,375.0,15,375.0,546.0,171.0,3.192982456140351,76.0,0.4,25.0,19.0,4,rolling,net_profit_fitness,1_day,rep_2
test,2,22406,53560,53560,86986,86,7,610,7.75,4,19,2,-217.0,23,-217.0,182.0,399.0,0.4561403508771929,380.0,0.0869565217391304,-9.434782608695652,19.0,20,rolling,net_profit_fitness,1_day,rep_2
train,2,22406,53560,53560,86986,87,7,610,7.25,4,19,2,375.0,15,375.0,546.0,171.0,3.192982456140351,76.0,0.4,25.0,19.0,4,rolling,net_profit_fitness,1_day,rep_2
test,2,22406,53560,53560,86986,87,7,610,7.25,4,19,2,-217.0,23,-217.0,182.0,399.0,0.4561403508771929,380.0,0.0869565217391304,-9.434782608695652,19.0,20,rolling,net_profit_fitness,1_day,rep_2
train,2,22406,53560,53560,86986,88,7,596,7.25,4,19,2,375.0,15,375.0,546.0,171.0,3.192982456140351,76.0,0.4,25.0,19.0,4,rolling,net_profit_fitness,1_day,rep_2
test,2,22406,53560,53560,86986,88,7,596,7.25,4,19,2,-198.0,22,-198.0,182.0,380.0,0.4789473684210526,361.0,0.0909090909090909,-9.0,19.0,19,rolling,net_profit_fitness,1_day,rep_2
train,2,22406,53560,53560,86986,89,7,610,7.25,4,19,2,375.0,15,375.0,546.0,171.0,3.192982456140351,76.0,0.4,25.0,19.0,4,rolling,net_profit_fitness,1_day,rep_2
test,2,22406,53560,53560,86986,89,7,610,7.25,4,19,2,-217.0,23,-217.0,182.0,399.0,0.4561403508771929,380.0,0.0869565217391304,-9.434782608695652,19.0,20,rolling,net_profit_fitness,1_day,rep_2
train,2,22406,53560,53560,86986,90,7,610,7.75,4,19,2,375.0,15,375.0,546.0,171.0,3.192982456140351,76.0,0.4,25.0,19.0,4,rolling,net_profit_fitness,1_day,rep_2
test,2,22406,53560,53560,86986,90,7,610,7.75,4,19,2,-217.0,23,-217.0,182.0,399.0,0.4561403508771929,380.0,0.0869565217391304,-9.434782608695652,19.0,20,rolling,net_profit_fitness,1_day,rep_2
train,2,22406,53560,53560,86986,91,7,610,7.75,4,19,2,375.0,15,375.0,546.0,171.0,3.192982456140351,76.0,0.4,25.0,19.0,4,rolling,net_profit_fitness,1_day,rep_2
test,2,22406,53560,53560,86986,91,7,610,7.75,4,19,2,-217.0,23,-217.0,182.0,399.0,0.4561403508771929,380.0,0.0869565217391304,-9.434782608695652,19.0,20,rolling,net_profit_fitness,1_day,rep_2
train,2,22406,53560,53560,86986,92,7,610,7.75,4,19,2,375.0,15,375.0,546.0,171.0,3.192982456140351,76.0,0.4,25.0,19.0,4,rolling,net_profit_fitness,1_day,rep_2
test,2,22406,53560,53560,86986,92,7,610,7.75,4,19,2,-217.0,23,-217.0,182.0,399.0,0.4561403508771929,380.0,0.0869565217391304,-9.434782608695652,19.0,20,rolling,net_profit_fitness,1_day,rep_2
train,2,22406,53560,53560,86986,93,7,563,7.5,4,19,2,375.0,15,375.0,546.0,171.0,3.192982456140351,76.0,0.4,25.0,19.0,4,rolling,net_profit_fitness,1_day,rep_2
test,2,22406,53560,53560,86986,93,7,563,7.5,4,19,2,-198.0,22,-198.0,182.0,380.0,0.4789473684210526,361.0,0.0909090909090909,-9.0,19.0,19,rolling,net_profit_fitness,1_day,rep_2
train,2,22406,53560,53560,86986,94,7,610,7.25,4,19,2,375.0,15,375.0,546.0,171.0,3.192982456140351,76.0,0.4,25.0,19.0,4,rolling,net_profit_fitness,1_day,rep_2
test,2,22406,53560,53560,86986,94,7,610,7.25,4,19,2,-217.0,23,-217.0,182.0,399.0,0.4561403508771929,380.0,0.0869565217391304,-9.434782608695652,19.0,20,rolling,net_profit_fitness,1_day,rep_2
train,2,22406,53560,53560,86986,95,7,610,7.25,4,19,2,375.0,15,375.0,546.0,171.0,3.192982456140351,76.0,0.4,25.0,19.0,4,rolling,net_profit_fitness,1_day,rep_2
test,2,22406,53560,53560,86986,95,7,610,7.25,4,19,2,-217.0,23,-217.0,182.0,399.0,0.4561403508771929,380.0,0.0869565217391304,-9.434782608695652,19.0,20,rolling,net_profit_fitness,1_day,rep_2
train,2,22406,53560,53560,86986,96,7,610,7.75,4,19,2,375.0,15,375.0,546.0,171.0,3.192982456140351,76.0,0.4,25.0,19.0,4,rolling,net_profit_fitness,1_day,rep_2
test,2,22406,53560,53560,86986,96,7,610,7.75,4,19,2,-217.0,23,-217.0,182.0,399.0,0.4561403508771929,380.0,0.0869565217391304,-9.434782608695652,19.0,20,rolling,net_profit_fitness,1_day,rep_2
train,2,22406,53560,53560,86986,97,7,563,7.25,4,19,2,375.0,15,375.0,546.0,171.0,3.192982456140351,76.0,0.4,25.0,19.0,4,rolling,net_profit_fitness,1_day,rep_2
test,2,22406,53560,53560,86986,97,7,563,7.25,4,19,2,-198.0,22,-198.0,182.0,380.0,0.4789473684210526,361.0,0.0909090909090909,-9.0,19.0,19,rolling,net_profit_fitness,1_day,rep_2
train,2,22406,53560,53560,86986,98,7,591,7.75,4,19,2,375.0,15,375.0,546.0,171.0,3.192982456140351,76.0,0.4,25.0,19.0,4,rolling,net_profit_fitness,1_day,rep_2
test,2,22406,53560,53560,86986,98,7,591,7.75,4,19,2,-198.0,22,-198.0,182.0,380.0,0.4789473684210526,361.0,0.0909090909090909,-9.0,19.0,19,rolling,net_profit_fitness,1_day,rep_2
train,2,22406,53560,53560,86986,99,7,610,7.75,4,19,2,375.0,15,375.0,546.0,171.0,3.192982456140351,76.0,0.4,25.0,19.0,4,rolling,net_profit_fitness,1_day,rep_2
test,2,22406,53560,53560,86986,99,7,610,7.75,4,19,2,-217.0,23,-217.0,182.0,399.0,0.4561403508771929,380.0,0.0869565217391304,-9.434782608695652,19.0,20,rolling,net_profit_fitness,1_day,rep_2
train,2,22406,53560,53560,86986,100,7,616,7.75,4,19,2,375.0,15,375.0,546.0,171.0,3.192982456140351,76.0,0.4,25.0,19.0,4,rolling,net_profit_fitness,1_day,rep_2
test,2,22406,53560,53560,86986,100,7,616,7.75,4,19,2,-217.0,23,-217.0,182.0,399.0,0.4561403508771929,380.0,0.0869565217391304,-9.434782608695652,19.0,20,rolling,net_profit_fitness,1_day,rep_2
train,3,53560,86986,86986,125287,0,14,776,4.0,12,13,4,93.0,3,93.0,122.0,29.0,4.206896551724138,29.0,0.6666666666666666,31.0,29.0,1,rolling,net_profit_fitness,1_day,rep_2
test,3,53560,86986,86986,125287,0,14,776,4.0,12,13,4,-87.0,3,-87.0,0.0,87.0,0.0,87.0,0.0,-29.0,29.0,3,rolling,net_profit_fitness,1_day,rep_2
train,3,53560,86986,86986,125287,1,15,2309,7.25,2,18,2,172.0,2,172.0,172.0,0.0,inf,0.0,1.0,86.0,0.0,0,rolling,net_profit_fitness,1_day,rep_2
test,3,53560,86986,86986,125287,1,15,2309,7.25,2,18,2,163.0,8,163.0,258.0,95.0,2.7157894736842105,76.0,0.375,20.375,19.0,4,rolling,net_profit_fitness,1_day,rep_2
train,3,53560,86986,86986,125287,2,12,2912,3.25,5,26,7,208.0,3,208.0,252.0,44.0,5.727272727272728,44.0,0.6666666666666666,69.33333333333333,44.0,1,rolling,net_profit_fitness,1_day,rep_2
test,3,53560,86986,86986,125287,2,12,2912,3.25,5,26,7,108.0,13,108.0,504.0,396.0,1.2727272727272727,264.0,0.3076923076923077,8.307692307692308,44.0,6,rolling,net_profit_fitness,1_day,rep_2
train,3,53560,86986,86986,125287,3,12,1042,5.5,5,26,6,252.0,2,252.0,252.0,0.0,inf,0.0,1.0,126.0,0.0,0,rolling,net_profit_fitness,1_day,rep_2
test,3,53560,86986,86986,125287,3,12,1042,5.5,5,26,6,-60.0,10,-60.0,252.0,312.0,0.8076923076923077,234.0,0.2,-6.0,39.0,6,rolling,net_profit_fitness,1_day,rep_2
train,3,53560,86986,86986,125287,4,12,1042,5.5,6,26,20,252.0,2,252.0,252.0,0.0,inf,0.0,1.0,126.0,0.0,0,rolling,net_profit_fitness,1_day,rep_2
test,3,53560,86986,86986,125287,4,12,1042,5.5,6,26,20,-511.0,9,-511.0,252.0,763.0,0.3302752293577982,637.0,0.2222222222222222,-56.77777777777778,109.0,5,rolling,net_profit_fitness,1_day,rep_2
train,3,53560,86986,86986,125287,5,12,590,5.5,6,26,6,252.0,2,252.0,252.0,0.0,inf,0.0,1.0,126.0,0.0,0,rolling,net_profit_fitness,1_day,rep_2
test,3,53560,86986,86986,125287,5,12,590,5.5,6,26,6,-21.0,9,-21.0,252.0,273.0,0.9230769230769232,195.0,0.2222222222222222,-2.333333333333333,39.0,5,rolling,net_profit_fitness,1_day,rep_2
train,3,53560,86986,86986,125287,6,12,2309,5.5,6,26,2,252.0,2,252.0,252.0,0.0,inf,0.0,1.0,126.0,0.0,0,rolling,net_profit_fitness,1_day,rep_2
test,3,53560,86986,86986,125287,6,12,2309,5.5,6,26,2,352.0,12,352.0,504.0,152.0,3.3157894736842106,95.0,0.3333333333333333,29.33333333333333,19.0,5,rolling,net_profit_fitness,1_day,rep_2
train,3,53560,86986,86986,125287,7,12,1245,5.5,5,26,2,252.0,2,252.0,252.0,0.0,inf,0.0,1.0,126.0,0.0,0,rolling,net_profit_fitness,1_day,rep_2
test,3,53560,86986,86986,125287,7,12,1245,5.5,5,26,2,100.0,10,100.0,252.0,152.0,1.6578947368421053,114.0,0.2,10.0,19.0,6,rolling,net_profit_fitness,1_day,rep_2
train,3,53560,86986,86986,125287,8,12,2096,3.75,5,27,2,262.0,2,262.0,262.0,0.0,inf,0.0,1.0,131.0,0.0,0,rolling,net_profit_fitness,1_day,rep_2
test,3,53560,86986,86986,125287,8,12,2096,3.75,5,27,2,222.0,12,222.0,393.0,171.0,2.298245614035088,114.0,0.25,18.5,19.0,6,rolling,net_profit_fitness,1_day,rep_2
train,3,53560,86986,86986,125287,9,12,2096,3.75,5,27,2,262.0,2,262.0,262.0,0.0,inf,0.0,1.0,131.0,0.0,0,rolling,net_profit_fitness,1_day,rep_2
test,3,53560,86986,86986,125287,9,12,2096,3.75,5,27,2,222.0,12,222.0,393.0,171.0,2.298245614035088,114.0,0.25,18.5,19.0,6,rolling,net_profit_fitness,1_day,rep_2
train,3,53560,86986,86986,125287,10,12,2096,6.5,5,27,6,262.0,2,262.0,262.0,0.0,inf,0.0,1.0,131.0,0.0,0,rolling,net_profit_fitness,1_day,rep_2
test,3,53560,86986,86986,125287,10,12,2096,6.5,5,27,6,42.0,12,42.0,393.0,351.0,1.1196581196581197,234.0,0.25,3.5,39.0,6,rolling,net_profit_fitness,1_day,rep_2
train,3,53560,86986,86986,125287,11,12,2096,4.25,5,27,2,262.0,2,262.0,262.0,0.0,inf,0.0,1.0,131.0,0.0,0,rolling,net_profit_fitness,1_day,rep_2
test,3,53560,86986,86986,125287,11,12,2096,4.25,5,27,2,222.0,12,222.0,393.0,171.0,2.298245614035088,114.0,0.25,18.5,19.0,6,rolling,net_profit_fitness,1_day,rep_2
train,3,53560,86986,86986,125287,12,12,2096,3.75,5,27,2,262.0,2,262.0,262.0,0.0,inf,0.0,1.0,131.0,0.0,0,rolling,net_profit_fitness,1_day,rep_2
test,3,53560,86986,86986,125287,12,12,2096,3.75,5,27,2,222.0,12,222.0,393.0,171.0,2.298245614035088,114.0,0.25,18.5,19.0,6,rolling,net_profit_fitness,1_day,rep_2
train,3,53560,86986,86986,125287,13,12,2096,6.5,5,27,2,262.0,2,262.0,262.0,0.0,inf,0.0,1.0,131.0,0.0,0,rolling,net_profit_fitness,1_day,rep_2
test,3,53560,86986,86986,125287,13,12,2096,6.5,5,27,2,222.0,12,222.0,393.0,171.0,2.298245614035088,114.0,0.25,18.5,19.0,6,rolling,net_profit_fitness,1_day,rep_2
train,3,53560,86986,86986,125287,14,12,2096,3.75,5,27,2,262.0,2,262.0,262.0,0.0,inf,0.0,1.0,131.0,0.0,0,rolling,net_profit_fitness,1_day,rep_2
test,3,53560,86986,86986,125287,14,12,2096,3.75,5,27,2,222.0,12,222.0,393.0,171.0,2.298245614035088,114.0,0.25,18.5,19.0,6,rolling,net_profit_fitness,1_day,rep_2
train,3,53560,86986,86986,125287,15,12,2096,3.75,5,27,2,262.0,2,262.0,262.0,0.0,inf,0.0,1.0,131.0,0.0,0,rolling,net_profit_fitness,1_day,rep_2
test,3,53560,86986,86986,125287,15,12,2096,3.75,5,27,2,222.0,12,222.0,393.0,171.0,2.298245614035088,114.0,0.25,18.5,19.0,6,rolling,net_profit_fitness,1_day,rep_2
train,3,53560,86986,86986,125287,16,12,2242,6.25,5,27,2,262.0,2,262.0,262.0,0.0,inf,0.0,1.0,131.0,0.0,0,rolling,net_profit_fitness,1_day,rep_2
test,3,53560,86986,86986,125287,16,12,2242,6.25,5,27,2,222.0,12,222.0,393.0,171.0,2.298245614035088,114.0,0.25,18.5,19.0,6,rolling,net_profit_fitness,1_day,rep_2
train,3,53560,86986,86986,125287,17,12,2516,6.5,5,27,2,262.0,2,262.0,262.0,0.0,inf,0.0,1.0,131.0,0.0,0,rolling,net_profit_fitness,1_day,rep_2
test,3,53560,86986,86986,125287,17,12,2516,6.5,5,27,2,222.0,12,222.0,393.0,171.0,2.298245614035088,114.0,0.25,18.5,19.0,6,rolling,net_profit_fitness,1_day,rep_2
train,3,53560,86986,86986,125287,18,12,2096,6.5,5,27,4,262.0,2,262.0,262.0,0.0,inf,0.0,1.0,131.0,0.0,0,rolling,net_profit_fitness,1_day,rep_2
test,3,53560,86986,86986,125287,18,12,2096,6.5,5,27,4,132.0,12,132.0,393.0,261.0,1.5057471264367817,174.0,0.25,11.0,29.0,6,rolling,net_profit_fitness,1_day,rep_2
train,3,53560,86986,86986,125287,19,12,2516,6.5,5,27,4,262.0,2,262.0,262.0,0.0,inf,0.0,1.0,131.0,0.0,0,rolling,net_profit_fitness,1_day,rep_2
test,3,53560,86986,86986,125287,19,12,2516,6.5,5,27,4,132.0,12,132.0,393.0,261.0,1.5057471264367817,174.0,0.25,11.0,29.0,6,rolling,net_profit_fitness,1_day,rep_2
train,3,53560,86986,86986,125287,20,12,2516,5.5,5,27,2,262.0,2,262.0,262.0,0.0,inf,0.0,1.0,131.0,0.0,0,rolling,net_profit_fitness,1_day,rep_2
test,3,53560,86986,86986,125287,20,12,2516,5.5,5,27,2,222.0,12,222.0,393.0,171.0,2.298245614035088,114.0,0.25,18.5,19.0,6,rolling,net_profit_fitness,1_day,rep_2
train,3,53560,86986,86986,125287,21,12,2085,6.75,5,27,2,262.0,2,262.0,262.0,0.0,inf,0.0,1.0,131.0,0.0,0,rolling,net_profit_fitness,1_day,rep_2
test,3,53560,86986,86986,125287,21,12,2085,6.75,5,27,2,222.0,12,222.0,393.0,171.0,2.298245614035088,114.0,0.25,18.5,19.0,6,rolling,net_profit_fitness,1_day,rep_2
train,3,53560,86986,86986,125287,22,12,2096,5.75,5,27,2,262.0,2,262.0,262.0,0.0,inf,0.0,1.0,131.0,0.0,0,rolling,net_profit_fitness,1_day,rep_2
test,3,53560,86986,86986,125287,22,12,2096,5.75,5,27,2,222.0,12,222.0,393.0,171.0,2.298245614035088,114.0,0.25,18.5,19.0,6,rolling,net_profit_fitness,1_day,rep_2
train,3,53560,86986,86986,125287,23,12,2096,3.75,5,27,4,262.0,2,262.0,262.0,0.0,inf,0.0,1.0,131.0,0.0,0,rolling,net_profit_fitness,1_day,rep_2
test,3,53560,86986,86986,125287,23,12,2096,3.75,5,27,4,132.0,12,132.0,393.0,261.0,1.5057471264367817,174.0,0.25,11.0,29.0,6,rolling,net_profit_fitness,1_day,rep_2
train,3,53560,86986,86986,125287,24,12,2516,3.75,5,27,3,262.0,2,262.0,262.0,0.0,inf,0.0,1.0,131.0,0.0,0,rolling,net_profit_fitness,1_day,rep_2
test,3,53560,86986,86986,125287,24,12,2516,3.75,5,27,3,177.0,12,177.0,393.0,216.0,1.8194444444444444,144.0,0.25,14.75,24.0,6,rolling,net_profit_fitness,1_day,rep_2
train,3,53560,86986,86986,125287,25,12,2516,6.5,4,27,2,262.0,2,262.0,262.0,0.0,inf,0.0,1.0,131.0,0.0,0,rolling,net_profit_fitness,1_day,rep_2
test,3,53560,86986,86986,125287,25,12,2516,6.5,4,27,2,222.0,12,222.0,393.0,171.0,2.298245614035088,114.0,0.25,18.5,19.0,6,rolling,net_profit_fitness,1_day,rep_2
train,3,53560,86986,86986,125287,26,12,2096,3.0,5,27,2,262.0,2,262.0,262.0,0.0,inf,0.0,1.0,131.0,0.0,0,rolling,net_profit_fitness,1_day,rep_2
test,3,53560,86986,86986,125287,26,12,2096,3.0,5,27,2,222.0,12,222.0,393.0,171.0,2.298245614035088,114.0,0.25,18.5,19.0,6,rolling,net_profit_fitness,1_day,rep_2
train,3,53560,86986,86986,125287,27,12,2096,3.75,5,27,5,262.0,2,262.0,262.0,0.0,inf,0.0,1.0,131.0,0.0,0,rolling,net_profit_fitness,1_day,rep_2
test,3,53560,86986,86986,125287,27,12,2096,3.75,5,27,5,87.0,12,87.0,393.0,306.0,1.2843137254901962,204.0,0.25,7.25,34.0,6,rolling,net_profit_fitness,1_day,rep_2
train,3,53560,86986,86986,125287,28,12,2516,5.75,5,27,4,262.0,2,262.0,262.0,0.0,inf,0.0,1.0,131.0,0.0,0,rolling,net_profit_fitness,1_day,rep_2
test,3,53560,86986,86986,125287,28,12,2516,5.75,5,27,4,132.0,12,132.0,393.0,261.0,1.5057471264367817,174.0,0.25,11.0,29.0,6,rolling,net_profit_fitness,1_day,rep_2
train,3,53560,86986,86986,125287,29,12,2096,6.5,5,27,2,262.0,2,262.0,262.0,0.0,inf,0.0,1.0,131.0,0.0,0,rolling,net_profit_fitness,1_day,rep_2
test,3,53560,86986,86986,125287,29,12,2096,6.5,5,27,2,222.0,12,222.0,393.0,171.0,2.298245614035088,114.0,0.25,18.5,19.0,6,rolling,net_profit_fitness,1_day,rep_2
train,3,53560,86986,86986,125287,30,12,2096,6.5,5,27,2,262.0,2,262.0,262.0,0.0,inf,0.0,1.0,131.0,0.0,0,rolling,net_profit_fitness,1_day,rep_2
test,3,53560,86986,86986,125287,30,12,2096,6.5,5,27,2,222.0,12,222.0,393.0,171.0,2.298245614035088,114.0,0.25,18.5,19.0,6,rolling,net_profit_fitness,1_day,rep_2
train,3,53560,86986,86986,125287,31,12,2289,6.5,5,27,2,262.0,2,262.0,262.0,0.0,inf,0.0,1.0,131.0,0.0,0,rolling,net_profit_fitness,1_day,rep_2
test,3,53560,86986,86986,125287,31,12,2289,6.5,5,27,2,222.0,12,222.0,393.0,171.0,2.298245614035088,114.0,0.25,18.5,19.0,6,rolling,net_profit_fitness,1_day,rep_2
train,3,53560,86986,86986,125287,32,12,2116,3.75,5,27,4,262.0,2,262.0,262.0,0.0,inf,0.0,1.0,131.0,0.0,0,rolling,net_profit_fitness,1_day,rep_2
test,3,53560,86986,86986,125287,32,12,2116,3.75,5,27,4,132.0,12,132.0,393.0,261.0,1.5057471264367817,174.0,0.25,11.0,29.0,6,rolling,net_profit_fitness,1_day,rep_2
train,3,53560,86986,86986,125287,33,12,2490,6.75,4,27,2,262.0,2,262.0,262.0,0.0,inf,0.0,1.0,131.0,0.0,0,rolling,net_profit_fitness,1_day,rep_2
test,3,53560,86986,86986,125287,33,12,2490,6.75,4,27,2,222.0,12,222.0,393.0,171.0,2.298245614035088,114.0,0.25,18.5,19.0,6,rolling,net_profit_fitness,1_day,rep_2
train,3,53560,86986,86986,125287,34,12,2012,3.75,5,27,2,262.0,2,262.0,262.0,0.0,inf,0.0,1.0,131.0,0.0,0,rolling,net_profit_fitness,1_day,rep_2
test,3,53560,86986,86986,125287,34,12,2012,3.75,5,27,2,222.0,12,222.0,393.0,171.0,2.298245614035088,114.0,0.25,18.5,19.0,6,rolling,net_profit_fitness,1_day,rep_2
train,3,53560,86986,86986,125287,35,12,2101,6.5,5,27,4,262.0,2,262.0,262.0,0.0,inf,0.0,1.0,131.0,0.0,0,rolling,net_profit_fitness,1_day,rep_2
test,3,53560,86986,86986,125287,35,12,2101,6.5,5,27,4,132.0,12,132.0,393.0,261.0,1.5057471264367817,174.0,0.25,11.0,29.0,6,rolling,net_profit_fitness,1_day,rep_2
train,3,53560,86986,86986,125287,36,12,2101,3.0,5,27,4,262.0,2,262.0,262.0,0.0,inf,0.0,1.0,131.0,0.0,0,rolling,net_profit_fitness,1_day,rep_2
test,3,53560,86986,86986,125287,36,12,2101,3.0,5,27,4,132.0,12,132.0,393.0,261.0,1.5057471264367817,174.0,0.25,11.0,29.0,6,rolling,net_profit_fitness,1_day,rep_2
train,3,53560,86986,86986,125287,37,12,2033,6.5,5,27,2,262.0,2,262.0,262.0,0.0,inf,0.0,1.0,131.0,0.0,0,rolling,net_profit_fitness,1_day,rep_2
test,3,53560,86986,86986,125287,37,12,2033,6.5,5,27,2,222.0,12,222.0,393.0,171.0,2.298245614035088,114.0,0.25,18.5,19.0,6,rolling,net_profit_fitness,1_day,rep_2
train,3,53560,86986,86986,125287,38,12,2289,5.5,4,27,2,262.0,2,262.0,262.0,0.0,inf,0.0,1.0,131.0,0.0,0,rolling,net_profit_fitness,1_day,rep_2
test,3,53560,86986,86986,125287,38,12,2289,5.5,4,27,2,222.0,12,222.0,393.0,171.0,2.298245614035088,114.0,0.25,18.5,19.0,6,rolling,net_profit_fitness,1_day,rep_2
train,3,53560,86986,86986,125287,39,12,2380,6.5,5,27,3,262.0,2,262.0,262.0,0.0,inf,0.0,1.0,131.0,0.0,0,rolling,net_profit_fitness,1_day,rep_2
test,3,53560,86986,86986,125287,39,12,2380,6.5,5,27,3,177.0,12,177.0,393.0,216.0,1.8194444444444444,144.0,0.25,14.75,24.0,6,rolling,net_profit_fitness,1_day,rep_2
train,3,53560,86986,86986,125287,40,12,2314,6.75,5,27,2,262.0,2,262.0,262.0,0.0,inf,0.0,1.0,131.0,0.0,0,rolling,net_profit_fitness,1_day,rep_2
test,3,53560,86986,86986,125287,40,12,2314,6.75,5,27,2,222.0,12,222.0,393.0,171.0,2.298245614035088,114.0,0.25,18.5,19.0,6,rolling,net_profit_fitness,1_day,rep_2
train,3,53560,86986,86986,125287,41,12,2114,3.75,5,27,2,262.0,2,262.0,262.0,0.0,inf,0.0,1.0,131.0,0.0,0,rolling,net_profit_fitness,1_day,rep_2
test,3,53560,86986,86986,125287,41,12,2114,3.75,5,27,2,222.0,12,222.0,393.0,171.0,2.298245614035088,114.0,0.25,18.5,19.0,6,rolling,net_profit_fitness,1_day,rep_2
train,3,53560,86986,86986,125287,42,12,2158,5.75,5,27,2,262.0,2,262.0,262.0,0.0,inf,0.0,1.0,131.0,0.0,0,rolling,net_profit_fitness,1_day,rep_2
test,3,53560,86986,86986,125287,42,12,2158,5.75,5,27,2,222.0,12,222.0,393.0,171.0,2.298245614035088,114.0,0.25,18.5,19.0,6,rolling,net_profit_fitness,1_day,rep_2
train,3,53560,86986,86986,125287,43,12,2158,5.5,4,27,4,262.0,2,262.0,262.0,0.0,inf,0.0,1.0,131.0,0.0,0,rolling,net_profit_fitness,1_day,rep_2
test,3,53560,86986,86986,125287,43,12,2158,5.5,4,27,4,132.0,12,132.0,393.0,261.0,1.5057471264367817,174.0,0.25,11.0,29.0,6,rolling,net_profit_fitness,1_day,rep_2
train,3,53560,86986,86986,125287,44,12,2114,5.75,5,27,2,262.0,2,262.0,262.0,0.0,inf,0.0,1.0,131.0,0.0,0,rolling,net_profit_fitness,1_day,rep_2
test,3,53560,86986,86986,125287,44,12,2114,5.75,5,27,2,222.0,12,222.0,393.0,171.0,2.298245614035088,114.0,0.25,18.5,19.0,6,rolling,net_profit_fitness,1_day,rep_2
train,3,53560,86986,86986,125287,45,12,1970,5.75,3,27,3,262.0,2,262.0,262.0,0.0,inf,0.0,1.0,131.0,0.0,0,rolling,net_profit_fitness,1_day,rep_2
test,3,53560,86986,86986,125287,45,12,1970,5.75,3,27,3,177.0,12,177.0,393.0,216.0,1.8194444444444444,144.0,0.25,14.75,24.0,6,rolling,net_profit_fitness,1_day,rep_2
train,3,53560,86986,86986,125287,46,12,2092,6.25,5,27,2,262.0,2,262.0,262.0,0.0,inf,0.0,1.0,131.0,0.0,0,rolling,net_profit_fitness,1_day,rep_2
test,3,53560,86986,86986,125287,46,12,2092,6.25,5,27,2,222.0,12,222.0,393.0,171.0,2.298245614035088,114.0,0.25,18.5,19.0,6,rolling,net_profit_fitness,1_day,rep_2
train,3,53560,86986,86986,125287,47,12,2516,5.5,5,27,2,262.0,2,262.0,262.0,0.0,inf,0.0,1.0,131.0,0.0,0,rolling,net_profit_fitness,1_day,rep_2
test,3,53560,86986,86986,125287,47,12,2516,5.5,5,27,2,222.0,12,222.0,393.0,171.0,2.298245614035088,114.0,0.25,18.5,19.0,6,rolling,net_profit_fitness,1_day,rep_2
train,3,53560,86986,86986,125287,48,12,1970,6.0,5,27,2,262.0,2,262.0,262.0,0.0,inf,0.0,1.0,131.0,0.0,0,rolling,net_profit_fitness,1_day,rep_2
test,3,53560,86986,86986,125287,48,12,1970,6.0,5,27,2,222.0,12,222.0,393.0,171.0,2.298245614035088,114.0,0.25,18.5,19.0,6,rolling,net_profit_fitness,1_day,rep_2
train,3,53560,86986,86986,125287,49,12,2075,5.75,5,27,2,262.0,2,262.0,262.0,0.0,inf,0.0,1.0,131.0,0.0,0,rolling,net_profit_fitness,1_day,rep_2
test,3,53560,86986,86986,125287,49,12,2075,5.75,5,27,2,222.0,12,222.0,393.0,171.0,2.298245614035088,114.0,0.25,18.5,19.0,6,rolling,net_profit_fitness,1_day,rep_2
train,3,53560,86986,86986,125287,50,12,2075,6.5,5,27,2,262.0,2,262.0,262.0,0.0,inf,0.0,1.0,131.0,0.0,0,rolling,net_profit_fitness,1_day,rep_2
test,3,53560,86986,86986,125287,50,12,2075,6.5,5,27,2,222.0,12,222.0,393.0,171.0,2.298245614035088,114.0,0.25,18.5,19.0,6,rolling,net_profit_fitness,1_day,rep_2
train,3,53560,86986,86986,125287,51,12,2101,6.25,5,27,2,262.0,2,262.0,262.0,0.0,inf,0.0,1.0,131.0,0.0,0,rolling,net_profit_fitness,1_day,rep_2
test,3,53560,86986,86986,125287,51,12,2101,6.25,5,27,2,222.0,12,222.0,393.0,171.0,2.298245614035088,114.0,0.25,18.5,19.0,6,rolling,net_profit_fitness,1_day,rep_2
train,3,53560,86986,86986,125287,52,12,2380,5.5,5,27,3,262.0,2,262.0,262.0,0.0,inf,0.0,1.0,131.0,0.0,0,rolling,net_profit_fitness,1_day,rep_2
test,3,53560,86986,86986,125287,52,12,2380,5.5,5,27,3,177.0,12,177.0,393.0,216.0,1.8194444444444444,144.0,0.25,14.75,24.0,6,rolling,net_profit_fitness,1_day,rep_2
train,3,53560,86986,86986,125287,53,12,1995,5.75,5,27,4,262.0,2,262.0,262.0,0.0,inf,0.0,1.0,131.0,0.0,0,rolling,net_profit_fitness,1_day,rep_2
test,3,53560,86986,86986,125287,53,12,1995,5.75,5,27,4,132.0,12,132.0,393.0,261.0,1.5057471264367817,174.0,0.25,11.0,29.0,6,rolling,net_profit_fitness,1_day,rep_2
train,3,53560,86986,86986,125287,54,12,2158,6.75,5,27,3,262.0,2,262.0,262.0,0.0,inf,0.0,1.0,131.0,0.0,0,rolling,net_profit_fitness,1_day,rep_2
test,3,53560,86986,86986,125287,54,12,2158,6.75,5,27,3,177.0,12,177.0,393.0,216.0,1.8194444444444444,144.0,0.25,14.75,24.0,6,rolling,net_profit_fitness,1_day,rep_2
train,3,53560,86986,86986,125287,55,12,1970,6.0,5,27,2,262.0,2,262.0,262.0,0.0,inf,0.0,1.0,131.0,0.0,0,rolling,net_profit_fitness,1_day,rep_2
test,3,53560,86986,86986,125287,55,12,1970,6.0,5,27,2,222.0,12,222.0,393.0,171.0,2.298245614035088,114.0,0.25,18.5,19.0,6,rolling,net_profit_fitness,1_day,rep_2
train,3,53560,86986,86986,125287,56,12,2075,5.5,6,27,2,262.0,2,262.0,262.0,0.0,inf,0.0,1.0,131.0,0.0,0,rolling,net_profit_fitness,1_day,rep_2
test,3,53560,86986,86986,125287,56,12,2075,5.5,6,27,2,241.0,11,241.0,393.0,152.0,2.585526315789474,95.0,0.2727272727272727,21.90909090909091,19.0,5,rolling,net_profit_fitness,1_day,rep_2
train,3,53560,86986,86986,125287,57,12,2075,6.5,5,27,2,262.0,2,262.0,262.0,0.0,inf,0.0,1.0,131.0,0.0,0,rolling,net_profit_fitness,1_day,rep_2
test,3,53560,86986,86986,125287,57,12,2075,6.5,5,27,2,222.0,12,222.0,393.0,171.0,2.298245614035088,114.0,0.25,18.5,19.0,6,rolling,net_profit_fitness,1_day,rep_2
train,3,53560,86986,86986,125287,58,12,2082,6.5,4,27,2,262.0,2,262.0,262.0,0.0,inf,0.0,1.0,131.0,0.0,0,rolling,net_profit_fitness,1_day,rep_2
test,3,53560,86986,86986,125287,58,12,2082,6.5,4,27,2,222.0,12,222.0,393.0,171.0,2.298245614035088,114.0,0.25,18.5,19.0,6,rolling,net_profit_fitness,1_day,rep_2
train,3,53560,86986,86986,125287,59,12,1911,6.5,5,27,3,262.0,2,262.0,262.0,0.0,inf,0.0,1.0,131.0,0.0,0,rolling,net_profit_fitness,1_day,rep_2
test,3,53560,86986,86986,125287,59,12,1911,6.5,5,27,3,177.0,12,177.0,393.0,216.0,1.8194444444444444,144.0,0.25,14.75,24.0,6,rolling,net_profit_fitness,1_day,rep_2
train,3,53560,86986,86986,125287,60,12,2101,6.5,4,27,4,262.0,2,262.0,262.0,0.0,inf,0.0,1.0,131.0,0.0,0,rolling,net_profit_fitness,1_day,rep_2
test,3,53560,86986,86986,125287,60,12,2101,6.5,4,27,4,132.0,12,132.0,393.0,261.0,1.5057471264367817,174.0,0.25,11.0,29.0,6,rolling,net_profit_fitness,1_day,rep_2
train,3,53560,86986,86986,125287,61,12,2058,5.75,5,27,4,262.0,2,262.0,262.0,0.0,inf,0.0,1.0,131.0,0.0,0,rolling,net_profit_fitness,1_day,rep_2
test,3,53560,86986,86986,125287,61,12,2058,5.75,5,27,4,132.0,12,132.0,393.0,261.0,1.5057471264367817,174.0,0.25,11.0,29.0,6,rolling,net_profit_fitness,1_day,rep_2
train,3,53560,86986,86986,125287,62,12,2101,6.25,5,27,3,262.0,2,262.0,262.0,0.0,inf,0.0,1.0,131.0,0.0,0,rolling,net_profit_fitness,1_day,rep_2
test,3,53560,86986,86986,125287,62,12,2101,6.25,5,27,3,177.0,12,177.0,393.0,216.0,1.8194444444444444,144.0,0.25,14.75,24.0,6,rolling,net_profit_fitness,1_day,rep_2
train,3,53560,86986,86986,125287,63,12,2101,5.25,5,27,4,262.0,2,262.0,262.0,0.0,inf,0.0,1.0,131.0,0.0,0,rolling,net_profit_fitness,1_day,rep_2
test,3,53560,86986,86986,125287,63,12,2101,5.25,5,27,4,132.0,12,132.0,393.0,261.0,1.5057471264367817,174.0,0.25,11.0,29.0,6,rolling,net_profit_fitness,1_day,rep_2
train,3,53560,86986,86986,125287,64,12,1963,6.25,4,27,3,262.0,2,262.0,262.0,0.0,inf,0.0,1.0,131.0,0.0,0,rolling,net_profit_fitness,1_day,rep_2
test,3,53560,86986,86986,125287,64,12,1963,6.25,4,27,3,177.0,12,177.0,393.0,216.0,1.8194444444444444,144.0,0.25,14.75,24.0,6,rolling,net_profit_fitness,1_day,rep_2
train,3,53560,86986,86986,125287,65,12,2101,5.5,5,27,3,262.0,2,262.0,262.0,0.0,inf,0.0,1.0,131.0,0.0,0,rolling,net_profit_fitness,1_day,rep_2
test,3,53560,86986,86986,125287,65,12,2101,5.5,5,27,3,177.0,12,177.0,393.0,216.0,1.8194444444444444,144.0,0.25,14.75,24.0,6,rolling,net_profit_fitness,1_day,rep_2
train,3,53560,86986,86986,125287,66,12,2158,3.25,5,27,3,262.0,2,262.0,262.0,0.0,inf,0.0,1.0,131.0,0.0,0,rolling,net_profit_fitness,1_day,rep_2
test,3,53560,86986,86986,125287,66,12,2158,3.25,5,27,3,177.0,12,177.0,393.0,216.0,1.8194444444444444,144.0,0.25,14.75,24.0,6,rolling,net_profit_fitness,1_day,rep_2
train,3,53560,86986,86986,125287,67,12,1963,5.75,6,27,3,262.0,2,262.0,262.0,0.0,inf,0.0,1.0,131.0,0.0,0,rolling,net_profit_fitness,1_day,rep_2
test,3,53560,86986,86986,125287,67,12,1963,5.75,6,27,3,201.0,11,201.0,393.0,192.0,2.046875,120.0,0.2727272727272727,18.272727272727277,24.0,5,rolling,net_profit_fitness,1_day,rep_2
train,3,53560,86986,86986,125287,68,12,2096,5.0,4,27,4,262.0,2,262.0,262.0,0.0,inf,0.0,1.0,131.0,0.0,0,rolling,net_profit_fitness,1_day,rep_2
test,3,53560,86986,86986,125287,68,12,2096,5.0,4,27,4,132.0,12,132.0,393.0,261.0,1.5057471264367817,174.0,0.25,11.0,29.0,6,rolling,net_profit_fitness,1_day,rep_2
train,3,53560,86986,86986,125287,69,12,2158,5.5,5,27,2,262.0,2,262.0,262.0,0.0,inf,0.0,1.0,131.0,0.0,0,rolling,net_profit_fitness,1_day,rep_2
test,3,53560,86986,86986,125287,69,12,2158,5.5,5,27,2,222.0,12,222.0,393.0,171.0,2.298245614035088,114.0,0.25,18.5,19.0,6,rolling,net_profit_fitness,1_day,rep_2
train,3,53560,86986,86986,125287,70,12,2158,3.0,4,27,4,262.0,2,262.0,262.0,0.0,inf,0.0,1.0,131.0,0.0,0,rolling,net_profit_fitness,1_day,rep_2
test,3,53560,86986,86986,125287,70,12,2158,3.0,4,27,4,103.0,13,103.0,393.0,290.0,1.3551724137931034,174.0,0.2307692307692307,7.923076923076923,29.0,6,rolling,net_profit_fitness,1_day,rep_2
train,3,53560,86986,86986,125287,71,12,2158,5.0,5,27,4,262.0,2,262.0,262.0,0.0,inf,0.0,1.0,131.0,0.0,0,rolling,net_profit_fitness,1_day,rep_2
test,3,53560,86986,86986,125287,71,12,2158,5.0,5,27,4,132.0,12,132.0,393.0,261.0,1.5057471264367817,174.0,0.25,11.0,29.0,6,rolling,net_profit_fitness,1_day,rep_2
train,3,53560,86986,86986,125287,72,12,2082,5.5,6,27,5,262.0,2,262.0,262.0,0.0,inf,0.0,1.0,131.0,0.0,0,rolling,net_profit_fitness,1_day,rep_2
test,3,53560,86986,86986,125287,72,12,2082,5.5,6,27,5,121.0,11,121.0,393.0,272.0,1.4448529411764706,170.0,0.2727272727272727,11.0,34.0,5,rolling,net_profit_fitness,1_day,rep_2
train,3,53560,86986,86986,125287,73,12,2016,6.0,5,27,3,262.0,2,262.0,262.0,0.0,inf,0.0,1.0,131.0,0.0,0,rolling,net_profit_fitness,1_day,rep_2
test,3,53560,86986,86986,125287,73,12,2016,6.0,5,27,3,177.0,12,177.0,393.0,216.0,1.8194444444444444,144.0,0.25,14.75,24.0,6,rolling,net_profit_fitness,1_day,rep_2
train,3,53560,86986,86986,125287,74,12,2305,5.0,6,27,3,262.0,2,262.0,262.0,0.0,inf,0.0,1.0,131.0,0.0,0,rolling,net_profit_fitness,1_day,rep_2
test,3,53560,86986,86986,125287,74,12,2305,5.0,6,27,3,201.0,11,201.0,393.0,192.0,2.046875,120.0,0.2727272727272727,18.272727272727277,24.0,5,rolling,net_profit_fitness,1_day,rep_2
train,3,53560,86986,86986,125287,75,12,2101,3.5,5,27,3,262.0,2,262.0,262.0,0.0,inf,0.0,1.0,131.0,0.0,0,rolling,net_profit_fitness,1_day,rep_2
test,3,53560,86986,86986,125287,75,12,2101,3.5,5,27,3,177.0,12,177.0,393.0,216.0,1.8194444444444444,144.0,0.25,14.75,24.0,6,rolling,net_profit_fitness,1_day,rep_2
train,3,53560,86986,86986,125287,76,12,2096,5.5,4,27,4,262.0,2,262.0,262.0,0.0,inf,0.0,1.0,131.0,0.0,0,rolling,net_profit_fitness,1_day,rep_2
test,3,53560,86986,86986,125287,76,12,2096,5.5,4,27,4,132.0,12,132.0,393.0,261.0,1.5057471264367817,174.0,0.25,11.0,29.0,6,rolling,net_profit_fitness,1_day,rep_2
train,3,53560,86986,86986,125287,77,12,2139,5.75,4,27,3,262.0,2,262.0,262.0,0.0,inf,0.0,1.0,131.0,0.0,0,rolling,net_profit_fitness,1_day,rep_2
test,3,53560,86986,86986,125287,77,12,2139,5.75,4,27,3,177.0,12,177.0,393.0,216.0,1.8194444444444444,144.0,0.25,14.75,24.0,6,rolling,net_profit_fitness,1_day,rep_2
train,3,53560,86986,86986,125287,78,12,1864,5.0,4,27,2,262.0,2,262.0,262.0,0.0,inf,0.0,1.0,131.0,0.0,0,rolling,net_profit_fitness,1_day,rep_2
test,3,53560,86986,86986,125287,78,12,1864,5.0,4,27,2,222.0,12,222.0,393.0,171.0,2.298245614035088,114.0,0.25,18.5,19.0,6,rolling,net_profit_fitness,1_day,rep_2
train,3,53560,86986,86986,125287,79,12,1963,5.0,4,27,2,262.0,2,262.0,262.0,0.0,inf,0.0,1.0,131.0,0.0,0,rolling,net_profit_fitness,1_day,rep_2
test,3,53560,86986,86986,125287,79,12,1963,5.0,4,27,2,222.0,12,222.0,393.0,171.0,2.298245614035088,114.0,0.25,18.5,19.0,6,rolling,net_profit_fitness,1_day,rep_2
train,3,53560,86986,86986,125287,80,12,2101,5.5,4,27,2,262.0,2,262.0,262.0,0.0,inf,0.0,1.0,131.0,0.0,0,rolling,net_profit_fitness,1_day,rep_2
test,3,53560,86986,86986,125287,80,12,2101,5.5,4,27,2,222.0,12,222.0,393.0,171.0,2.298245614035088,114.0,0.25,18.5,19.0,6,rolling,net_profit_fitness,1_day,rep_2
train,3,53560,86986,86986,125287,81,12,2158,5.25,5,27,4,262.0,2,262.0,262.0,0.0,inf,0.0,1.0,131.0,0.0,0,rolling,net_profit_fitness,1_day,rep_2
test,3,53560,86986,86986,125287,81,12,2158,5.25,5,27,4,132.0,12,132.0,393.0,261.0,1.5057471264367817,174.0,0.25,11.0,29.0,6,rolling,net_profit_fitness,1_day,rep_2
train,3,53560,86986,86986,125287,82,12,2201,5.75,4,27,4,262.0,2,262.0,262.0,0.0,inf,0.0,1.0,131.0,0.0,0,rolling,net_profit_fitness,1_day,rep_2
test,3,53560,86986,86986,125287,82,12,2201,5.75,4,27,4,132.0,12,132.0,393.0,261.0,1.5057471264367817,174.0,0.25,11.0,29.0,6,rolling,net_profit_fitness,1_day,rep_2
train,3,53560,86986,86986,125287,83,12,2158,6.75,4,27,5,262.0,2,262.0,262.0,0.0,inf,0.0,1.0,131.0,0.0,0,rolling,net_profit_fitness,1_day,rep_2
test,3,53560,86986,86986,125287,83,12,2158,6.75,4,27,5,87.0,12,87.0,393.0,306.0,1.2843137254901962,204.0,0.25,7.25,34.0,6,rolling,net_profit_fitness,1_day,rep_2
train,3,53560,86986,86986,125287,84,12,2201,4.75,5,27,3,262.0,2,262.0,262.0,0.0,inf,0.0,1.0,131.0,0.0,0,rolling,net_profit_fitness,1_day,rep_2
test,3,53560,86986,86986,125287,84,12,2201,4.75,5,27,3,177.0,12,177.0,393.0,216.0,1.8194444444444444,144.0,0.25,14.75,24.0,6,rolling,net_profit_fitness,1_day,rep_2
train,3,53560,86986,86986,125287,85,12,2096,5.75,4,27,3,262.0,2,262.0,262.0,0.0,inf,0.0,1.0,131.0,0.0,0,rolling,net_profit_fitness,1_day,rep_2
test,3,53560,86986,86986,125287,85,12,2096,5.75,4,27,3,177.0,12,177.0,393.0,216.0,1.8194444444444444,144.0,0.25,14.75,24.0,6,rolling,net_profit_fitness,1_day,rep_2
train,3,53560,86986,86986,125287,86,12,1953,4.75,5,27,3,262.0,2,262.0,262.0,0.0,inf,0.0,1.0,131.0,0.0,0,rolling,net_profit_fitness,1_day,rep_2
test,3,53560,86986,86986,125287,86,12,1953,4.75,5,27,3,177.0,12,177.0,393.0,216.0,1.8194444444444444,144.0,0.25,14.75,24.0,6,rolling,net_profit_fitness,1_day,rep_2
train,3,53560,86986,86986,125287,87,12,1963,6.0,5,27,2,262.0,2,262.0,262.0,0.0,inf,0.0,1.0,131.0,0.0,0,rolling,net_profit_fitness,1_day,rep_2
test,3,53560,86986,86986,125287,87,12,1963,6.0,5,27,2,222.0,12,222.0,393.0,171.0,2.298245614035088,114.0,0.25,18.5,19.0,6,rolling,net_profit_fitness,1_day,rep_2
train,3,53560,86986,86986,125287,88,12,2201,4.75,5,27,3,262.0,2,262.0,262.0,0.0,inf,0.0,1.0,131.0,0.0,0,rolling,net_profit_fitness,1_day,rep_2
test,3,53560,86986,86986,125287,88,12,2201,4.75,5,27,3,177.0,12,177.0,393.0,216.0,1.8194444444444444,144.0,0.25,14.75,24.0,6,rolling,net_profit_fitness,1_day,rep_2
train,3,53560,86986,86986,125287,89,12,2158,5.75,5,27,3,262.0,2,262.0,262.0,0.0,inf,0.0,1.0,131.0,0.0,0,rolling,net_profit_fitness,1_day,rep_2
test,3,53560,86986,86986,125287,89,12,2158,5.75,5,27,3,177.0,12,177.0,393.0,216.0,1.8194444444444444,144.0,0.25,14.75,24.0,6,rolling,net_profit_fitness,1_day,rep_2
train,3,53560,86986,86986,125287,90,12,1963,4.75,5,27,2,262.0,2,262.0,262.0,0.0,inf,0.0,1.0,131.0,0.0,0,rolling,net_profit_fitness,1_day,rep_2
test,3,53560,86986,86986,125287,90,12,1963,4.75,5,27,2,222.0,12,222.0,393.0,171.0,2.298245614035088,114.0,0.25,18.5,19.0,6,rolling,net_profit_fitness,1_day,rep_2
train,3,53560,86986,86986,125287,91,12,2201,4.75,5,27,2,262.0,2,262.0,262.0,0.0,inf,0.0,1.0,131.0,0.0,0,rolling,net_profit_fitness,1_day,rep_2
test,3,53560,86986,86986,125287,91,12,2201,4.75,5,27,2,222.0,12,222.0,393.0,171.0,2.298245614035088,114.0,0.25,18.5,19.0,6,rolling,net_profit_fitness,1_day,rep_2
train,3,53560,86986,86986,125287,92,12,2158,5.75,4,27,2,262.0,2,262.0,262.0,0.0,inf,0.0,1.0,131.0,0.0,0,rolling,net_profit_fitness,1_day,rep_2
test,3,53560,86986,86986,125287,92,12,2158,5.75,4,27,2,222.0,12,222.0,393.0,171.0,2.298245614035088,114.0,0.25,18.5,19.0,6,rolling,net_profit_fitness,1_day,rep_2
train,3,53560,86986,86986,125287,93,12,2101,6.0,5,27,2,262.0,2,262.0,262.0,0.0,inf,0.0,1.0,131.0,0.0,0,rolling,net_profit_fitness,1_day,rep_2
test,3,53560,86986,86986,125287,93,12,2101,6.0,5,27,2,222.0,12,222.0,393.0,171.0,2.298245614035088,114.0,0.25,18.5,19.0,6,rolling,net_profit_fitness,1_day,rep_2
train,3,53560,86986,86986,125287,94,12,2070,5.5,2,27,2,262.0,2,262.0,262.0,0.0,inf,0.0,1.0,131.0,0.0,0,rolling,net_profit_fitness,1_day,rep_2
test,3,53560,86986,86986,125287,94,12,2070,5.5,2,27,2,222.0,12,222.0,393.0,171.0,2.298245614035088,114.0,0.25,18.5,19.0,6,rolling,net_profit_fitness,1_day,rep_2
train,3,53560,86986,86986,125287,95,12,2185,4.75,5,27,3,262.0,2,262.0,262.0,0.0,inf,0.0,1.0,131.0,0.0,0,rolling,net_profit_fitness,1_day,rep_2
test,3,53560,86986,86986,125287,95,12,2185,4.75,5,27,3,177.0,12,177.0,393.0,216.0,1.8194444444444444,144.0,0.25,14.75,24.0,6,rolling,net_profit_fitness,1_day,rep_2
train,3,53560,86986,86986,125287,96,12,2158,5.75,4,27,2,262.0,2,262.0,262.0,0.0,inf,0.0,1.0,131.0,0.0,0,rolling,net_profit_fitness,1_day,rep_2
test,3,53560,86986,86986,125287,96,12,2158,5.75,4,27,2,222.0,12,222.0,393.0,171.0,2.298245614035088,114.0,0.25,18.5,19.0,6,rolling,net_profit_fitness,1_day,rep_2
train,3,53560,86986,86986,125287,97,12,1988,5.5,2,27,3,262.0,2,262.0,262.0,0.0,inf,0.0,1.0,131.0,0.0,0,rolling,net_profit_fitness,1_day,rep_2
test,3,53560,86986,86986,125287,97,12,1988,5.5,2,27,3,177.0,12,177.0,393.0,216.0,1.8194444444444444,144.0,0.25,14.75,24.0,6,rolling,net_profit_fitness,1_day,rep_2
train,3,53560,86986,86986,125287,98,12,2185,5.5,5,27,2,262.0,2,262.0,262.0,0.0,inf,0.0,1.0,131.0,0.0,0,rolling,net_profit_fitness,1_day,rep_2
test,3,53560,86986,86986,125287,98,12,2185,5.5,5,27,2,222.0,12,222.0,393.0,171.0,2.298245614035088,114.0,0.25,18.5,19.0,6,rolling,net_profit_fitness,1_day,rep_2
train,3,53560,86986,86986,125287,99,12,2201,4.75,5,27,3,262.0,2,262.0,262.0,0.0,inf,0.0,1.0,131.0,0.0,0,rolling,net_profit_fitness,1_day,rep_2
test,3,53560,86986,86986,125287,99,12,2201,4.75,5,27,3,177.0,12,177.0,393.0,216.0,1.8194444444444444,144.0,0.25,14.75,24.0,6,rolling,net_profit_fitness,1_day,rep_2
train,3,53560,86986,86986,125287,100,12,2158,4.5,4,27,3,262.0,2,262.0,262.0,0.0,inf,0.0,1.0,131.0,0.0,0,rolling,net_profit_fitness,1_day,rep_2
test,3,53560,86986,86986,125287,100,12,2158,4.5,4,27,3,177.0,12,177.0,393.0,216.0,1.8194444444444444,144.0,0.25,14.75,24.0,6,rolling,net_profit_fitness,1_day,rep_2
train,4,86986,125287,125287,130699,0,7,748,7.75,3,13,3,264.0,74,264.0,1464.0,1200.0,1.22,264.0,0.3243243243243243,3.5675675675675675,24.0,11,rolling,net_profit_fitness,1_day,rep_2
test,4,86986,125287,125287,130699,0,7,748,7.75,3,13,3,-72.0,3,-72.0,0.0,72.0,0.0,72.0,0.0,-24.0,24.0,3,rolling,net_profit_fitness,1_day,rep_2
train,4,86986,125287,125287,130699,1,7,2596,6.0,3,15,3,424.0,109,424.0,2272.0,1848.0,1.229437229437229,508.0,0.2935779816513761,3.889908256880734,24.0,16,rolling,net_profit_fitness,1_day,rep_2
test,4,86986,125287,125287,130699,1,7,2596,6.0,3,15,3,-72.0,3,-72.0,0.0,72.0,0.0,72.0,0.0,-24.0,24.0,3,rolling,net_profit_fitness,1_day,rep_2
train,4,86986,125287,125287,130699,2,12,1938,3.75,8,15,2,364.0,14,364.0,497.0,133.0,3.736842105263158,76.0,0.5,26.0,19.0,4,rolling,net_profit_fitness,1_day,rep_2
test,4,86986,125287,125287,130699,2,12,1938,3.75,8,15,2,-1000.0,0,0.0,0.0,0.0,inf,0.0,0.0,0.0,0.0,0,rolling,net_profit_fitness,1_day,rep_2
train,4,86986,125287,125287,130699,3,12,1938,3.75,8,15,2,364.0,14,364.0,497.0,133.0,3.736842105263158,76.0,0.5,26.0,19.0,4,rolling,net_profit_fitness,1_day,rep_2
test,4,86986,125287,125287,130699,3,12,1938,3.75,8,15,2,-1000.0,0,0.0,0.0,0.0,inf,0.0,0.0,0.0,0.0,0,rolling,net_profit_fitness,1_day,rep_2
train,4,86986,125287,125287,130699,4,12,2924,3.75,8,15,2,364.0,14,364.0,497.0,133.0,3.736842105263158,76.0,0.5,26.0,19.0,4,rolling,net_profit_fitness,1_day,rep_2
test,4,86986,125287,125287,130699,4,12,2924,3.75,8,15,2,-1000.0,0,0.0,0.0,0.0,inf,0.0,0.0,0.0,0.0,0,rolling,net_profit_fitness,1_day,rep_2
train,4,86986,125287,125287,130699,5,12,2924,3.75,10,15,2,383.0,13,383.0,497.0,114.0,4.359649122807017,57.0,0.5384615384615384,29.46153846153846,19.0,3,rolling,net_profit_fitness,1_day,rep_2
test,4,86986,125287,125287,130699,5,12,2924,3.75,10,15,2,-1000.0,0,0.0,0.0,0.0,inf,0.0,0.0,0.0,0.0,0,rolling,net_profit_fitness,1_day,rep_2
train,4,86986,125287,125287,130699,6,12,2333,3.75,3,15,2,416.0,16,416.0,568.0,152.0,3.736842105263158,95.0,0.5,26.0,19.0,5,rolling,net_profit_fitness,1_day,rep_2
test,4,86986,125287,125287,130699,6,12,2333,3.75,3,15,2,-1000.0,0,0.0,0.0,0.0,inf,0.0,0.0,0.0,0.0,0,rolling,net_profit_fitness,1_day,rep_2
train,4,86986,125287,125287,130699,7,12,1938,3.75,4,15,2,416.0,16,416.0,568.0,152.0,3.736842105263158,95.0,0.5,26.0,19.0,5,rolling,net_profit_fitness,1_day,rep_2
test,4,86986,125287,125287,130699,7,12,1938,3.75,4,15,2,-1000.0,0,0.0,0.0,0.0,inf,0.0,0.0,0.0,0.0,0,rolling,net_profit_fitness,1_day,rep_2
train,4,86986,125287,125287,130699,8,12,2924,3.75,4,15,2,416.0,16,416.0,568.0,152.0,3.736842105263158,95.0,0.5,26.0,19.0,5,rolling,net_profit_fitness,1_day,rep_2
test,4,86986,125287,125287,130699,8,12,2924,3.75,4,15,2,-1000.0,0,0.0,0.0,0.0,inf,0.0,0.0,0.0,0.0,0,rolling,net_profit_fitness,1_day,rep_2
train,4,86986,125287,125287,130699,9,12,2924,3.75,3,15,2,416.0,16,416.0,568.0,152.0,3.736842105263158,95.0,0.5,26.0,19.0,5,rolling,net_profit_fitness,1_day,rep_2
test,4,86986,125287,125287,130699,9,12,2924,3.75,3,15,2,-1000.0,0,0.0,0.0,0.0,inf,0.0,0.0,0.0,0.0,0,rolling,net_profit_fitness,1_day,rep_2
train,4,86986,125287,125287,130699,10,12,2362,3.75,4,15,2,416.0,16,416.0,568.0,152.0,3.736842105263158,95.0,0.5,26.0,19.0,5,rolling,net_profit_fitness,1_day,rep_2
test,4,86986,125287,125287,130699,10,12,2362,3.75,4,15,2,-1000.0,0,0.0,0.0,0.0,inf,0.0,0.0,0.0,0.0,0,rolling,net_profit_fitness,1_day,rep_2
train,4,86986,125287,125287,130699,11,12,2924,3.75,4,15,2,416.0,16,416.0,568.0,152.0,3.736842105263158,95.0,0.5,26.0,19.0,5,rolling,net_profit_fitness,1_day,rep_2
test,4,86986,125287,125287,130699,11,12,2924,3.75,4,15,2,-1000.0,0,0.0,0.0,0.0,inf,0.0,0.0,0.0,0.0,0,rolling,net_profit_fitness,1_day,rep_2
train,4,86986,125287,125287,130699,12,12,2140,3.75,3,15,2,416.0,16,416.0,568.0,152.0,3.736842105263158,95.0,0.5,26.0,19.0,5,rolling,net_profit_fitness,1_day,rep_2
test,4,86986,125287,125287,130699,12,12,2140,3.75,3,15,2,-1000.0,0,0.0,0.0,0.0,inf,0.0,0.0,0.0,0.0,0,rolling,net_profit_fitness,1_day,rep_2
train,4,86986,125287,125287,130699,13,12,2924,3.75,4,15,2,416.0,16,416.0,568.0,152.0,3.736842105263158,95.0,0.5,26.0,19.0,5,rolling,net_profit_fitness,1_day,rep_2
test,4,86986,125287,125287,130699,13,12,2924,3.75,4,15,2,-1000.0,0,0.0,0.0,0.0,inf,0.0,0.0,0.0,0.0,0,rolling,net_profit_fitness,1_day,rep_2
train,4,86986,125287,125287,130699,14,12,3011,3.75,4,15,2,416.0,16,416.0,568.0,152.0,3.736842105263158,95.0,0.5,26.0,19.0,5,rolling,net_profit_fitness,1_day,rep_2
test,4,86986,125287,125287,130699,14,12,3011,3.75,4,15,2,-1000.0,0,0.0,0.0,0.0,inf,0.0,0.0,0.0,0.0,0,rolling,net_profit_fitness,1_day,rep_2
train,4,86986,125287,125287,130699,15,12,2924,3.5,4,15,2,416.0,16,416.0,568.0,152.0,3.736842105263158,95.0,0.5,26.0,19.0,5,rolling,net_profit_fitness,1_day,rep_2
test,4,86986,125287,125287,130699,15,12,2924,3.5,4,15,2,-1000.0,0,0.0,0.0,0.0,inf,0.0,0.0,0.0,0.0,0,rolling,net_profit_fitness,1_day,rep_2
train,4,86986,125287,125287,130699,16,12,2054,3.75,4,15,2,416.0,16,416.0,568.0,152.0,3.736842105263158,95.0,0.5,26.0,19.0,5,rolling,net_profit_fitness,1_day,rep_2
test,4,86986,125287,125287,130699,16,12,2054,3.75,4,15,2,-1000.0,0,0.0,0.0,0.0,inf,0.0,0.0,0.0,0.0,0,rolling,net_profit_fitness,1_day,rep_2
train,4,86986,125287,125287,130699,17,12,2356,3.5,4,15,2,416.0,16,416.0,568.0,152.0,3.736842105263158,95.0,0.5,26.0,19.0,5,rolling,net_profit_fitness,1_day,rep_2
test,4,86986,125287,125287,130699,17,12,2356,3.5,4,15,2,-1000.0,0,0.0,0.0,0.0,inf,0.0,0.0,0.0,0.0,0,rolling,net_profit_fitness,1_day,rep_2
train,4,86986,125287,125287,130699,18,12,2924,3.5,4,15,2,416.0,16,416.0,568.0,152.0,3.736842105263158,95.0,0.5,26.0,19.0,5,rolling,net_profit_fitness,1_day,rep_2
test,4,86986,125287,125287,130699,18,12,2924,3.5,4,15,2,-1000.0,0,0.0,0.0,0.0,inf,0.0,0.0,0.0,0.0,0,rolling,net_profit_fitness,1_day,rep_2
train,4,86986,125287,125287,130699,19,12,2924,3.75,4,15,2,416.0,16,416.0,568.0,152.0,3.736842105263158,95.0,0.5,26.0,19.0,5,rolling,net_profit_fitness,1_day,rep_2
test,4,86986,125287,125287,130699,19,12,2924,3.75,4,15,2,-1000.0,0,0.0,0.0,0.0,inf,0.0,0.0,0.0,0.0,0,rolling,net_profit_fitness,1_day,rep_2
train,4,86986,125287,125287,130699,20,12,2140,3.75,3,15,2,416.0,16,416.0,568.0,152.0,3.736842105263158,95.0,0.5,26.0,19.0,5,rolling,net_profit_fitness,1_day,rep_2
test,4,86986,125287,125287,130699,20,12,2140,3.75,3,15,2,-1000.0,0,0.0,0.0,0.0,inf,0.0,0.0,0.0,0.0,0,rolling,net_profit_fitness,1_day,rep_2
train,4,86986,125287,125287,130699,21,12,2836,3.5,3,15,2,416.0,16,416.0,568.0,152.0,3.736842105263158,95.0,0.5,26.0,19.0,5,rolling,net_profit_fitness,1_day,rep_2
test,4,86986,125287,125287,130699,21,12,2836,3.5,3,15,2,-1000.0,0,0.0,0.0,0.0,inf,0.0,0.0,0.0,0.0,0,rolling,net_profit_fitness,1_day,rep_2
train,4,86986,125287,125287,130699,22,12,2140,3.75,4,15,2,416.0,16,416.0,568.0,152.0,3.736842105263158,95.0,0.5,26.0,19.0,5,rolling,net_profit_fitness,1_day,rep_2
test,4,86986,125287,125287,130699,22,12,2140,3.75,4,15,2,-1000.0,0,0.0,0.0,0.0,inf,0.0,0.0,0.0,0.0,0,rolling,net_profit_fitness,1_day,rep_2
train,4,86986,125287,125287,130699,23,12,3059,3.75,4,15,2,416.0,16,416.0,568.0,152.0,3.736842105263158,95.0,0.5,26.0,19.0,5,rolling,net_profit_fitness,1_day,rep_2
test,4,86986,125287,125287,130699,23,12,3059,3.75,4,15,2,-1000.0,0,0.0,0.0,0.0,inf,0.0,0.0,0.0,0.0,0,rolling,net_profit_fitness,1_day,rep_2
train,4,86986,125287,125287,130699,24,12,2924,3.25,4,15,2,416.0,16,416.0,568.0,152.0,3.736842105263158,95.0,0.5,26.0,19.0,5,rolling,net_profit_fitness,1_day,rep_2
test,4,86986,125287,125287,130699,24,12,2924,3.25,4,15,2,-1000.0,0,0.0,0.0,0.0,inf,0.0,0.0,0.0,0.0,0,rolling,net_profit_fitness,1_day,rep_2
train,4,86986,125287,125287,130699,25,12,2836,3.25,4,15,2,416.0,16,416.0,568.0,152.0,3.736842105263158,95.0,0.5,26.0,19.0,5,rolling,net_profit_fitness,1_day,rep_2
test,4,86986,125287,125287,130699,25,12,2836,3.25,4,15,2,-1000.0,0,0.0,0.0,0.0,inf,0.0,0.0,0.0,0.0,0,rolling,net_profit_fitness,1_day,rep_2
train,4,86986,125287,125287,130699,26,12,4000,3.5,4,15,2,416.0,16,416.0,568.0,152.0,3.736842105263158,95.0,0.5,26.0,19.0,5,rolling,net_profit_fitness,1_day,rep_2
test,4,86986,125287,125287,130699,26,12,4000,3.5,4,15,2,-1000.0,0,0.0,0.0,0.0,inf,0.0,0.0,0.0,0.0,0,rolling,net_profit_fitness,1_day,rep_2
train,4,86986,125287,125287,130699,27,12,2924,3.75,4,15,2,416.0,16,416.0,568.0,152.0,3.736842105263158,95.0,0.5,26.0,19.0,5,rolling,net_profit_fitness,1_day,rep_2
test,4,86986,125287,125287,130699,27,12,2924,3.75,4,15,2,-1000.0,0,0.0,0.0,0.0,inf,0.0,0.0,0.0,0.0,0,rolling,net_profit_fitness,1_day,rep_2
train,4,86986,125287,125287,130699,28,12,2836,3.75,4,15,2,416.0,16,416.0,568.0,152.0,3.736842105263158,95.0,0.5,26.0,19.0,5,rolling,net_profit_fitness,1_day,rep_2
test,4,86986,125287,125287,130699,28,12,2836,3.75,4,15,2,-1000.0,0,0.0,0.0,0.0,inf,0.0,0.0,0.0,0.0,0,rolling,net_profit_fitness,1_day,rep_2
train,4,86986,125287,125287,130699,29,12,3059,3.75,4,15,2,416.0,16,416.0,568.0,152.0,3.736842105263158,95.0,0.5,26.0,19.0,5,rolling,net_profit_fitness,1_day,rep_2
test,4,86986,125287,125287,130699,29,12,3059,3.75,4,15,2,-1000.0,0,0.0,0.0,0.0,inf,0.0,0.0,0.0,0.0,0,rolling,net_profit_fitness,1_day,rep_2
train,4,86986,125287,125287,130699,30,12,2924,3.75,3,15,2,416.0,16,416.0,568.0,152.0,3.736842105263158,95.0,0.5,26.0,19.0,5,rolling,net_profit_fitness,1_day,rep_2
test,4,86986,125287,125287,130699,30,12,2924,3.75,3,15,2,-1000.0,0,0.0,0.0,0.0,inf,0.0,0.0,0.0,0.0,0,rolling,net_profit_fitness,1_day,rep_2
train,4,86986,125287,125287,130699,31,12,3099,3.25,3,15,2,416.0,16,416.0,568.0,152.0,3.736842105263158,95.0,0.5,26.0,19.0,5,rolling,net_profit_fitness,1_day,rep_2
test,4,86986,125287,125287,130699,31,12,3099,3.25,3,15,2,-1000.0,0,0.0,0.0,0.0,inf,0.0,0.0,0.0,0.0,0,rolling,net_profit_fitness,1_day,rep_2
train,4,86986,125287,125287,130699,32,12,2836,3.75,3,15,2,416.0,16,416.0,568.0,152.0,3.736842105263158,95.0,0.5,26.0,19.0,5,rolling,net_profit_fitness,1_day,rep_2
test,4,86986,125287,125287,130699,32,12,2836,3.75,3,15,2,-1000.0,0,0.0,0.0,0.0,inf,0.0,0.0,0.0,0.0,0,rolling,net_profit_fitness,1_day,rep_2
train,4,86986,125287,125287,130699,33,12,2924,3.75,3,15,2,416.0,16,416.0,568.0,152.0,3.736842105263158,95.0,0.5,26.0,19.0,5,rolling,net_profit_fitness,1_day,rep_2
test,4,86986,125287,125287,130699,33,12,2924,3.75,3,15,2,-1000.0,0,0.0,0.0,0.0,inf,0.0,0.0,0.0,0.0,0,rolling,net_profit_fitness,1_day,rep_2
train,4,86986,125287,125287,130699,34,12,2924,3.5,4,15,2,416.0,16,416.0,568.0,152.0,3.736842105263158,95.0,0.5,26.0,19.0,5,rolling,net_profit_fitness,1_day,rep_2
test,4,86986,125287,125287,130699,34,12,2924,3.5,4,15,2,-1000.0,0,0.0,0.0,0.0,inf,0.0,0.0,0.0,0.0,0,rolling,net_profit_fitness,1_day,rep_2
train,4,86986,125287,125287,130699,35,12,2836,3.75,2,15,2,416.0,16,416.0,568.0,152.0,3.736842105263158,95.0,0.5,26.0,19.0,5,rolling,net_profit_fitness,1_day,rep_2
test,4,86986,125287,125287,130699,35,12,2836,3.75,2,15,2,-1000.0,0,0.0,0.0,0.0,inf,0.0,0.0,0.0,0.0,0,rolling,net_profit_fitness,1_day,rep_2
train,4,86986,125287,125287,130699,36,12,3680,3.25,4,15,2,416.0,16,416.0,568.0,152.0,3.736842105263158,95.0,0.5,26.0,19.0,5,rolling,net_profit_fitness,1_day,rep_2
test,4,86986,125287,125287,130699,36,12,3680,3.25,4,15,2,-1000.0,0,0.0,0.0,0.0,inf,0.0,0.0,0.0,0.0,0,rolling,net_profit_fitness,1_day,rep_2
train,4,86986,125287,125287,130699,37,12,2140,3.25,2,15,2,416.0,16,416.0,568.0,152.0,3.736842105263158,95.0,0.5,26.0,19.0,5,rolling,net_profit_fitness,1_day,rep_2
test,4,86986,125287,125287,130699,37,12,2140,3.25,2,15,2,-1000.0,0,0.0,0.0,0.0,inf,0.0,0.0,0.0,0.0,0,rolling,net_profit_fitness,1_day,rep_2
train,4,86986,125287,125287,130699,38,12,3099,3.5,2,15,2,416.0,16,416.0,568.0,152.0,3.736842105263158,95.0,0.5,26.0,19.0,5,rolling,net_profit_fitness,1_day,rep_2
test,4,86986,125287,125287,130699,38,12,3099,3.5,2,15,2,-1000.0,0,0.0,0.0,0.0,inf,0.0,0.0,0.0,0.0,0,rolling,net_profit_fitness,1_day,rep_2
train,4,86986,125287,125287,130699,39,12,2924,3.25,4,15,2,416.0,16,416.0,568.0,152.0,3.736842105263158,95.0,0.5,26.0,19.0,5,rolling,net_profit_fitness,1_day,rep_2
test,4,86986,125287,125287,130699,39,12,2924,3.25,4,15,2,-1000.0,0,0.0,0.0,0.0,inf,0.0,0.0,0.0,0.0,0,rolling,net_profit_fitness,1_day,rep_2
train,4,86986,125287,125287,130699,40,12,2748,3.5,2,15,2,416.0,16,416.0,568.0,152.0,3.736842105263158,95.0,0.5,26.0,19.0,5,rolling,net_profit_fitness,1_day,rep_2
test,4,86986,125287,125287,130699,40,12,2748,3.5,2,15,2,-1000.0,0,0.0,0.0,0.0,inf,0.0,0.0,0.0,0.0,0,rolling,net_profit_fitness,1_day,rep_2
train,4,86986,125287,125287,130699,41,12,2283,3.5,2,15,2,416.0,16,416.0,568.0,152.0,3.736842105263158,95.0,0.5,26.0,19.0,5,rolling,net_profit_fitness,1_day,rep_2
test,4,86986,125287,125287,130699,41,12,2283,3.5,2,15,2,-1000.0,0,0.0,0.0,0.0,inf,0.0,0.0,0.0,0.0,0,rolling,net_profit_fitness,1_day,rep_2
train,4,86986,125287,125287,130699,42,12,2802,3.75,3,15,2,416.0,16,416.0,568.0,152.0,3.736842105263158,95.0,0.5,26.0,19.0,5,rolling,net_profit_fitness,1_day,rep_2
test,4,86986,125287,125287,130699,42,12,2802,3.75,3,15,2,-1000.0,0,0.0,0.0,0.0,inf,0.0,0.0,0.0,0.0,0,rolling,net_profit_fitness,1_day,rep_2
train,4,86986,125287,125287,130699,43,12,2283,3.5,4,15,2,416.0,16,416.0,568.0,152.0,3.736842105263158,95.0,0.5,26.0,19.0,5,rolling,net_profit_fitness,1_day,rep_2
test,4,86986,125287,125287,130699,43,12,2283,3.5,4,15,2,-1000.0,0,0.0,0.0,0.0,inf,0.0,0.0,0.0,0.0,0,rolling,net_profit_fitness,1_day,rep_2
train,4,86986,125287,125287,130699,44,12,2836,3.25,3,15,2,416.0,16,416.0,568.0,152.0,3.736842105263158,95.0,0.5,26.0,19.0,5,rolling,net_profit_fitness,1_day,rep_2
test,4,86986,125287,125287,130699,44,12,2836,3.25,3,15,2,-1000.0,0,0.0,0.0,0.0,inf,0.0,0.0,0.0,0.0,0,rolling,net_profit_fitness,1_day,rep_2
train,4,86986,125287,125287,130699,45,12,2351,3.5,3,15,2,416.0,16,416.0,568.0,152.0,3.736842105263158,95.0,0.5,26.0,19.0,5,rolling,net_profit_fitness,1_day,rep_2
test,4,86986,125287,125287,130699,45,12,2351,3.5,3,15,2,-1000.0,0,0.0,0.0,0.0,inf,0.0,0.0,0.0,0.0,0,rolling,net_profit_fitness,1_day,rep_2
train,4,86986,125287,125287,130699,46,12,2719,3.25,4,15,2,416.0,16,416.0,568.0,152.0,3.736842105263158,95.0,0.5,26.0,19.0,5,rolling,net_profit_fitness,1_day,rep_2
test,4,86986,125287,125287,130699,46,12,2719,3.25,4,15,2,-1000.0,0,0.0,0.0,0.0,inf,0.0,0.0,0.0,0.0,0,rolling,net_profit_fitness,1_day,rep_2
train,4,86986,125287,125287,130699,47,12,2354,3.25,3,15,2,416.0,16,416.0,568.0,152.0,3.736842105263158,95.0,0.5,26.0,19.0,5,rolling,net_profit_fitness,1_day,rep_2
test,4,86986,125287,125287,130699,47,12,2354,3.25,3,15,2,-1000.0,0,0.0,0.0,0.0,inf,0.0,0.0,0.0,0.0,0,rolling,net_profit_fitness,1_day,rep_2
train,4,86986,125287,125287,130699,48,12,2773,3.5,4,15,2,416.0,16,416.0,568.0,152.0,3.736842105263158,95.0,0.5,26.0,19.0,5,rolling,net_profit_fitness,1_day,rep_2
test,4,86986,125287,125287,130699,48,12,2773,3.5,4,15,2,-1000.0,0,0.0,0.0,0.0,inf,0.0,0.0,0.0,0.0,0,rolling,net_profit_fitness,1_day,rep_2
train,4,86986,125287,125287,130699,49,12,3680,3.75,4,15,2,416.0,16,416.0,568.0,152.0,3.736842105263158,95.0,0.5,26.0,19.0,5,rolling,net_profit_fitness,1_day,rep_2
test,4,86986,125287,125287,130699,49,12,3680,3.75,4,15,2,-1000.0,0,0.0,0.0,0.0,inf,0.0,0.0,0.0,0.0,0,rolling,net_profit_fitness,1_day,rep_2
train,4,86986,125287,125287,130699,50,12,2802,3.5,4,15,2,416.0,16,416.0,568.0,152.0,3.736842105263158,95.0,0.5,26.0,19.0,5,rolling,net_profit_fitness,1_day,rep_2
test,4,86986,125287,125287,130699,50,12,2802,3.5,4,15,2,-1000.0,0,0.0,0.0,0.0,inf,0.0,0.0,0.0,0.0,0,rolling,net_profit_fitness,1_day,rep_2
train,4,86986,125287,125287,130699,51,12,2802,3.25,3,15,2,416.0,16,416.0,568.0,152.0,3.736842105263158,95.0,0.5,26.0,19.0,5,rolling,net_profit_fitness,1_day,rep_2
test,4,86986,125287,125287,130699,51,12,2802,3.25,3,15,2,-1000.0,0,0.0,0.0,0.0,inf,0.0,0.0,0.0,0.0,0,rolling,net_profit_fitness,1_day,rep_2
train,4,86986,125287,125287,130699,52,12,2802,3.75,3,15,2,416.0,16,416.0,568.0,152.0,3.736842105263158,95.0,0.5,26.0,19.0,5,rolling,net_profit_fitness,1_day,rep_2
test,4,86986,125287,125287,130699,52,12,2802,3.75,3,15,2,-1000.0,0,0.0,0.0,0.0,inf,0.0,0.0,0.0,0.0,0,rolling,net_profit_fitness,1_day,rep_2
train,4,86986,125287,125287,130699,53,12,2802,3.5,3,15,2,416.0,16,416.0,568.0,152.0,3.736842105263158,95.0,0.5,26.0,19.0,5,rolling,net_profit_fitness,1_day,rep_2
test,4,86986,125287,125287,130699,53,12,2802,3.5,3,15,2,-1000.0,0,0.0,0.0,0.0,inf,0.0,0.0,0.0,0.0,0,rolling,net_profit_fitness,1_day,rep_2
train,4,86986,125287,125287,130699,54,12,3680,3.25,3,15,2,416.0,16,416.0,568.0,152.0,3.736842105263158,95.0,0.5,26.0,19.0,5,rolling,net_profit_fitness,1_day,rep_2
test,4,86986,125287,125287,130699,54,12,3680,3.25,3,15,2,-1000.0,0,0.0,0.0,0.0,inf,0.0,0.0,0.0,0.0,0,rolling,net_profit_fitness,1_day,rep_2
train,4,86986,125287,125287,130699,55,12,2748,3.0,3,15,2,416.0,16,416.0,568.0,152.0,3.736842105263158,95.0,0.5,26.0,19.0,5,rolling,net_profit_fitness,1_day,rep_2
test,4,86986,125287,125287,130699,55,12,2748,3.0,3,15,2,-1000.0,0,0.0,0.0,0.0,inf,0.0,0.0,0.0,0.0,0,rolling,net_profit_fitness,1_day,rep_2
train,4,86986,125287,125287,130699,56,12,2802,3.5,2,15,2,416.0,16,416.0,568.0,152.0,3.736842105263158,95.0,0.5,26.0,19.0,5,rolling,net_profit_fitness,1_day,rep_2
test,4,86986,125287,125287,130699,56,12,2802,3.5,2,15,2,-1000.0,0,0.0,0.0,0.0,inf,0.0,0.0,0.0,0.0,0,rolling,net_profit_fitness,1_day,rep_2
train,4,86986,125287,125287,130699,57,12,3157,3.0,4,15,2,416.0,16,416.0,568.0,152.0,3.736842105263158,95.0,0.5,26.0,19.0,5,rolling,net_profit_fitness,1_day,rep_2
test,4,86986,125287,125287,130699,57,12,3157,3.0,4,15,2,-1000.0,0,0.0,0.0,0.0,inf,0.0,0.0,0.0,0.0,0,rolling,net_profit_fitness,1_day,rep_2
train,4,86986,125287,125287,130699,58,12,3157,3.0,4,15,2,416.0,16,416.0,568.0,152.0,3.736842105263158,95.0,0.5,26.0,19.0,5,rolling,net_profit_fitness,1_day,rep_2
test,4,86986,125287,125287,130699,58,12,3157,3.0,4,15,2,-1000.0,0,0.0,0.0,0.0,inf,0.0,0.0,0.0,0.0,0,rolling,net_profit_fitness,1_day,rep_2
train,4,86986,125287,125287,130699,59,12,2802,3.25,3,15,2,416.0,16,416.0,568.0,152.0,3.736842105263158,95.0,0.5,26.0,19.0,5,rolling,net_profit_fitness,1_day,rep_2
test,4,86986,125287,125287,130699,59,12,2802,3.25,3,15,2,-1000.0,0,0.0,0.0,0.0,inf,0.0,0.0,0.0,0.0,0,rolling,net_profit_fitness,1_day,rep_2
train,4,86986,125287,125287,130699,60,12,2720,3.0,2,15,2,416.0,16,416.0,568.0,152.0,3.736842105263158,95.0,0.5,26.0,19.0,5,rolling,net_profit_fitness,1_day,rep_2
test,4,86986,125287,125287,130699,60,12,2720,3.0,2,15,2,-1000.0,0,0.0,0.0,0.0,inf,0.0,0.0,0.0,0.0,0,rolling,net_profit_fitness,1_day,rep_2
train,4,86986,125287,125287,130699,61,12,3680,3.75,3,15,2,416.0,16,416.0,568.0,152.0,3.736842105263158,95.0,0.5,26.0,19.0,5,rolling,net_profit_fitness,1_day,rep_2
test,4,86986,125287,125287,130699,61,12,3680,3.75,3,15,2,-1000.0,0,0.0,0.0,0.0,inf,0.0,0.0,0.0,0.0,0,rolling,net_profit_fitness,1_day,rep_2
train,4,86986,125287,125287,130699,62,12,3157,3.25,4,15,2,416.0,16,416.0,568.0,152.0,3.736842105263158,95.0,0.5,26.0,19.0,5,rolling,net_profit_fitness,1_day,rep_2
test,4,86986,125287,125287,130699,62,12,3157,3.25,4,15,2,-1000.0,0,0.0,0.0,0.0,inf,0.0,0.0,0.0,0.0,0,rolling,net_profit_fitness,1_day,rep_2
train,4,86986,125287,125287,130699,63,12,3680,3.0,3,15,2,416.0,16,416.0,568.0,152.0,3.736842105263158,95.0,0.5,26.0,19.0,5,rolling,net_profit_fitness,1_day,rep_2
test,4,86986,125287,125287,130699,63,12,3680,3.0,3,15,2,-1000.0,0,0.0,0.0,0.0,inf,0.0,0.0,0.0,0.0,0,rolling,net_profit_fitness,1_day,rep_2
train,4,86986,125287,125287,130699,64,12,2802,3.25,3,15,2,416.0,16,416.0,568.0,152.0,3.736842105263158,95.0,0.5,26.0,19.0,5,rolling,net_profit_fitness,1_day,rep_2
test,4,86986,125287,125287,130699,64,12,2802,3.25,3,15,2,-1000.0,0,0.0,0.0,0.0,inf,0.0,0.0,0.0,0.0,0,rolling,net_profit_fitness,1_day,rep_2
train,4,86986,125287,125287,130699,65,12,3680,3.0,3,15,2,416.0,16,416.0,568.0,152.0,3.736842105263158,95.0,0.5,26.0,19.0,5,rolling,net_profit_fitness,1_day,rep_2
test,4,86986,125287,125287,130699,65,12,3680,3.0,3,15,2,-1000.0,0,0.0,0.0,0.0,inf,0.0,0.0,0.0,0.0,0,rolling,net_profit_fitness,1_day,rep_2
train,4,86986,125287,125287,130699,66,12,3974,3.25,3,15,2,416.0,16,416.0,568.0,152.0,3.736842105263158,95.0,0.5,26.0,19.0,5,rolling,net_profit_fitness,1_day,rep_2
test,4,86986,125287,125287,130699,66,12,3974,3.25,3,15,2,-1000.0,0,0.0,0.0,0.0,inf,0.0,0.0,0.0,0.0,0,rolling,net_profit_fitness,1_day,rep_2
train,4,86986,125287,125287,130699,67,12,3680,3.25,4,15,2,416.0,16,416.0,568.0,152.0,3.736842105263158,95.0,0.5,26.0,19.0,5,rolling,net_profit_fitness,1_day,rep_2
test,4,86986,125287,125287,130699,67,12,3680,3.25,4,15,2,-1000.0,0,0.0,0.0,0.0,inf,0.0,0.0,0.0,0.0,0,rolling,net_profit_fitness,1_day,rep_2
train,4,86986,125287,125287,130699,68,12,3880,3.0,4,15,2,416.0,16,416.0,568.0,152.0,3.736842105263158,95.0,0.5,26.0,19.0,5,rolling,net_profit_fitness,1_day,rep_2
test,4,86986,125287,125287,130699,68,12,3880,3.0,4,15,2,-1000.0,0,0.0,0.0,0.0,inf,0.0,0.0,0.0,0.0,0,rolling,net_profit_fitness,1_day,rep_2
train,4,86986,125287,125287,130699,69,12,3054,3.75,3,15,2,416.0,16,416.0,568.0,152.0,3.736842105263158,95.0,0.5,26.0,19.0,5,rolling,net_profit_fitness,1_day,rep_2
test,4,86986,125287,125287,130699,69,12,3054,3.75,3,15,2,-1000.0,0,0.0,0.0,0.0,inf,0.0,0.0,0.0,0.0,0,rolling,net_profit_fitness,1_day,rep_2
train,4,86986,125287,125287,130699,70,12,3157,3.5,4,15,2,416.0,16,416.0,568.0,152.0,3.736842105263158,95.0,0.5,26.0,19.0,5,rolling,net_profit_fitness,1_day,rep_2
test,4,86986,125287,125287,130699,70,12,3157,3.5,4,15,2,-1000.0,0,0.0,0.0,0.0,inf,0.0,0.0,0.0,0.0,0,rolling,net_profit_fitness,1_day,rep_2
train,4,86986,125287,125287,130699,71,12,3680,3.0,3,15,2,416.0,16,416.0,568.0,152.0,3.736842105263158,95.0,0.5,26.0,19.0,5,rolling,net_profit_fitness,1_day,rep_2
test,4,86986,125287,125287,130699,71,12,3680,3.0,3,15,2,-1000.0,0,0.0,0.0,0.0,inf,0.0,0.0,0.0,0.0,0,rolling,net_profit_fitness,1_day,rep_2
train,4,86986,125287,125287,130699,72,12,2719,3.25,4,15,2,416.0,16,416.0,568.0,152.0,3.736842105263158,95.0,0.5,26.0,19.0,5,rolling,net_profit_fitness,1_day,rep_2
test,4,86986,125287,125287,130699,72,12,2719,3.25,4,15,2,-1000.0,0,0.0,0.0,0.0,inf,0.0,0.0,0.0,0.0,0,rolling,net_profit_fitness,1_day,rep_2
train,4,86986,125287,125287,130699,73,12,3176,3.25,4,15,2,416.0,16,416.0,568.0,152.0,3.736842105263158,95.0,0.5,26.0,19.0,5,rolling,net_profit_fitness,1_day,rep_2
test,4,86986,125287,125287,130699,73,12,3176,3.25,4,15,2,-1000.0,0,0.0,0.0,0.0,inf,0.0,0.0,0.0,0.0,0,rolling,net_profit_fitness,1_day,rep_2
train,4,86986,125287,125287,130699,74,12,3716,3.0,3,15,2,416.0,16,416.0,568.0,152.0,3.736842105263158,95.0,0.5,26.0,19.0,5,rolling,net_profit_fitness,1_day,rep_2
test,4,86986,125287,125287,130699,74,12,3716,3.0,3,15,2,-1000.0,0,0.0,0.0,0.0,inf,0.0,0.0,0.0,0.0,0,rolling,net_profit_fitness,1_day,rep_2
train,4,86986,125287,125287,130699,75,12,3680,3.0,3,15,2,416.0,16,416.0,568.0,152.0,3.736842105263158,95.0,0.5,26.0,19.0,5,rolling,net_profit_fitness,1_day,rep_2
test,4,86986,125287,125287,130699,75,12,3680,3.0,3,15,2,-1000.0,0,0.0,0.0,0.0,inf,0.0,0.0,0.0,0.0,0,rolling,net_profit_fitness,1_day,rep_2
train,4,86986,125287,125287,130699,76,12,3176,3.0,3,15,2,416.0,16,416.0,568.0,152.0,3.736842105263158,95.0,0.5,26.0,19.0,5,rolling,net_profit_fitness,1_day,rep_2
test,4,86986,125287,125287,130699,76,12,3176,3.0,3,15,2,-1000.0,0,0.0,0.0,0.0,inf,0.0,0.0,0.0,0.0,0,rolling,net_profit_fitness,1_day,rep_2
train,4,86986,125287,125287,130699,77,12,3157,3.0,3,15,2,416.0,16,416.0,568.0,152.0,3.736842105263158,95.0,0.5,26.0,19.0,5,rolling,net_profit_fitness,1_day,rep_2
test,4,86986,125287,125287,130699,77,12,3157,3.0,3,15,2,-1000.0,0,0.0,0.0,0.0,inf,0.0,0.0,0.0,0.0,0,rolling,net_profit_fitness,1_day,rep_2
train,4,86986,125287,125287,130699,78,12,2841,3.25,3,15,2,416.0,16,416.0,568.0,152.0,3.736842105263158,95.0,0.5,26.0,19.0,5,rolling,net_profit_fitness,1_day,rep_2
test,4,86986,125287,125287,130699,78,12,2841,3.25,3,15,2,-1000.0,0,0.0,0.0,0.0,inf,0.0,0.0,0.0,0.0,0,rolling,net_profit_fitness,1_day,rep_2
train,4,86986,125287,125287,130699,79,12,2447,3.25,3,15,2,416.0,16,416.0,568.0,152.0,3.736842105263158,95.0,0.5,26.0,19.0,5,rolling,net_profit_fitness,1_day,rep_2
test,4,86986,125287,125287,130699,79,12,2447,3.25,3,15,2,-1000.0,0,0.0,0.0,0.0,inf,0.0,0.0,0.0,0.0,0,rolling,net_profit_fitness,1_day,rep_2
train,4,86986,125287,125287,130699,80,12,3680,3.5,4,15,2,416.0,16,416.0,568.0,152.0,3.736842105263158,95.0,0.5,26.0,19.0,5,rolling,net_profit_fitness,1_day,rep_2
test,4,86986,125287,125287,130699,80,12,3680,3.5,4,15,2,-1000.0,0,0.0,0.0,0.0,inf,0.0,0.0,0.0,0.0,0,rolling,net_profit_fitness,1_day,rep_2
train,4,86986,125287,125287,130699,81,12,3334,3.0,3,15,2,416.0,16,416.0,568.0,152.0,3.736842105263158,95.0,0.5,26.0,19.0,5,rolling,net_profit_fitness,1_day,rep_2
test,4,86986,125287,125287,130699,81,12,3334,3.0,3,15,2,-1000.0,0,0.0,0.0,0.0,inf,0.0,0.0,0.0,0.0,0,rolling,net_profit_fitness,1_day,rep_2
train,4,86986,125287,125287,130699,82,12,2447,3.0,3,15,2,416.0,16,416.0,568.0,152.0,3.736842105263158,95.0,0.5,26.0,19.0,5,rolling,net_profit_fitness,1_day,rep_2
test,4,86986,125287,125287,130699,82,12,2447,3.0,3,15,2,-1000.0,0,0.0,0.0,0.0,inf,0.0,0.0,0.0,0.0,0,rolling,net_profit_fitness,1_day,rep_2
train,4,86986,125287,125287,130699,83,12,2841,3.0,4,15,2,416.0,16,416.0,568.0,152.0,3.736842105263158,95.0,0.5,26.0,19.0,5,rolling,net_profit_fitness,1_day,rep_2
test,4,86986,125287,125287,130699,83,12,2841,3.0,4,15,2,-1000.0,0,0.0,0.0,0.0,inf,0.0,0.0,0.0,0.0,0,rolling,net_profit_fitness,1_day,rep_2
train,4,86986,125287,125287,130699,84,12,3680,3.0,3,15,2,416.0,16,416.0,568.0,152.0,3.736842105263158,95.0,0.5,26.0,19.0,5,rolling,net_profit_fitness,1_day,rep_2
test,4,86986,125287,125287,130699,84,12,3680,3.0,3,15,2,-1000.0,0,0.0,0.0,0.0,inf,0.0,0.0,0.0,0.0,0,rolling,net_profit_fitness,1_day,rep_2
train,4,86986,125287,125287,130699,85,12,3176,3.5,3,15,2,416.0,16,416.0,568.0,152.0,3.736842105263158,95.0,0.5,26.0,19.0,5,rolling,net_profit_fitness,1_day,rep_2
test,4,86986,125287,125287,130699,85,12,3176,3.5,3,15,2,-1000.0,0,0.0,0.0,0.0,inf,0.0,0.0,0.0,0.0,0,rolling,net_profit_fitness,1_day,rep_2
train,4,86986,125287,125287,130699,86,12,2841,3.0,4,15,2,416.0,16,416.0,568.0,152.0,3.736842105263158,95.0,0.5,26.0,19.0,5,rolling,net_profit_fitness,1_day,rep_2
test,4,86986,125287,125287,130699,86,12,2841,3.0,4,15,2,-1000.0,0,0.0,0.0,0.0,inf,0.0,0.0,0.0,0.0,0,rolling,net_profit_fitness,1_day,rep_2
train,4,86986,125287,125287,130699,87,12,3900,3.0,3,15,2,416.0,16,416.0,568.0,152.0,3.736842105263158,95.0,0.5,26.0,19.0,5,rolling,net_profit_fitness,1_day,rep_2
test,4,86986,125287,125287,130699,87,12,3900,3.0,3,15,2,-1000.0,0,0.0,0.0,0.0,inf,0.0,0.0,0.0,0.0,0,rolling,net_profit_fitness,1_day,rep_2
train,4,86986,125287,125287,130699,88,12,2841,3.75,3,15,2,416.0,16,416.0,568.0,152.0,3.736842105263158,95.0,0.5,26.0,19.0,5,rolling,net_profit_fitness,1_day,rep_2
test,4,86986,125287,125287,130699,88,12,2841,3.75,3,15,2,-1000.0,0,0.0,0.0,0.0,inf,0.0,0.0,0.0,0.0,0,rolling,net_profit_fitness,1_day,rep_2
train,4,86986,125287,125287,130699,89,12,2593,3.0,3,15,2,416.0,16,416.0,568.0,152.0,3.736842105263158,95.0,0.5,26.0,19.0,5,rolling,net_profit_fitness,1_day,rep_2
test,4,86986,125287,125287,130699,89,12,2593,3.0,3,15,2,-1000.0,0,0.0,0.0,0.0,inf,0.0,0.0,0.0,0.0,0,rolling,net_profit_fitness,1_day,rep_2
train,4,86986,125287,125287,130699,90,12,2447,3.0,3,15,2,416.0,16,416.0,568.0,152.0,3.736842105263158,95.0,0.5,26.0,19.0,5,rolling,net_profit_fitness,1_day,rep_2
test,4,86986,125287,125287,130699,90,12,2447,3.0,3,15,2,-1000.0,0,0.0,0.0,0.0,inf,0.0,0.0,0.0,0.0,0,rolling,net_profit_fitness,1_day,rep_2
train,4,86986,125287,125287,130699,91,12,2970,3.75,3,15,2,416.0,16,416.0,568.0,152.0,3.736842105263158,95.0,0.5,26.0,19.0,5,rolling,net_profit_fitness,1_day,rep_2
test,4,86986,125287,125287,130699,91,12,2970,3.75,3,15,2,-1000.0,0,0.0,0.0,0.0,inf,0.0,0.0,0.0,0.0,0,rolling,net_profit_fitness,1_day,rep_2
train,4,86986,125287,125287,130699,92,12,3680,3.0,3,15,2,416.0,16,416.0,568.0,152.0,3.736842105263158,95.0,0.5,26.0,19.0,5,rolling,net_profit_fitness,1_day,rep_2
test,4,86986,125287,125287,130699,92,12,3680,3.0,3,15,2,-1000.0,0,0.0,0.0,0.0,inf,0.0,0.0,0.0,0.0,0,rolling,net_profit_fitness,1_day,rep_2
train,4,86986,125287,125287,130699,93,12,3790,3.0,3,15,2,416.0,16,416.0,568.0,152.0,3.736842105263158,95.0,0.5,26.0,19.0,5,rolling,net_profit_fitness,1_day,rep_2
test,4,86986,125287,125287,130699,93,12,3790,3.0,3,15,2,-1000.0,0,0.0,0.0,0.0,inf,0.0,0.0,0.0,0.0,0,rolling,net_profit_fitness,1_day,rep_2
train,4,86986,125287,125287,130699,94,12,2841,3.75,3,15,2,416.0,16,416.0,568.0,152.0,3.736842105263158,95.0,0.5,26.0,19.0,5,rolling,net_profit_fitness,1_day,rep_2
test,4,86986,125287,125287,130699,94,12,2841,3.75,3,15,2,-1000.0,0,0.0,0.0,0.0,inf,0.0,0.0,0.0,0.0,0,rolling,net_profit_fitness,1_day,rep_2
train,4,86986,125287,125287,130699,95,12,3643,3.75,3,15,2,416.0,16,416.0,568.0,152.0,3.736842105263158,95.0,0.5,26.0,19.0,5,rolling,net_profit_fitness,1_day,rep_2
test,4,86986,125287,125287,130699,95,12,3643,3.75,3,15,2,-1000.0,0,0.0,0.0,0.0,inf,0.0,0.0,0.0,0.0,0,rolling,net_profit_fitness,1_day,rep_2
train,4,86986,125287,125287,130699,96,12,2593,3.0,3,15,2,416.0,16,416.0,568.0,152.0,3.736842105263158,95.0,0.5,26.0,19.0,5,rolling,net_profit_fitness,1_day,rep_2
test,4,86986,125287,125287,130699,96,12,2593,3.0,3,15,2,-1000.0,0,0.0,0.0,0.0,inf,0.0,0.0,0.0,0.0,0,rolling,net_profit_fitness,1_day,rep_2
train,4,86986,125287,125287,130699,97,12,3148,3.0,3,15,2,416.0,16,416.0,568.0,152.0,3.736842105263158,95.0,0.5,26.0,19.0,5,rolling,net_profit_fitness,1_day,rep_2
test,4,86986,125287,125287,130699,97,12,3148,3.0,3,15,2,-1000.0,0,0.0,0.0,0.0,inf,0.0,0.0,0.0,0.0,0,rolling,net_profit_fitness,1_day,rep_2
train,4,86986,125287,125287,130699,98,12,3680,3.75,2,15,2,416.0,16,416.0,568.0,152.0,3.736842105263158,95.0,0.5,26.0,19.0,5,rolling,net_profit_fitness,1_day,rep_2
test,4,86986,125287,125287,130699,98,12,3680,3.75,2,15,2,-1000.0,0,0.0,0.0,0.0,inf,0.0,0.0,0.0,0.0,0,rolling,net_profit_fitness,1_day,rep_2
train,4,86986,125287,125287,130699,99,12,2851,3.0,3,15,2,416.0,16,416.0,568.0,152.0,3.736842105263158,95.0,0.5,26.0,19.0,5,rolling,net_profit_fitness,1_day,rep_2
test,4,86986,125287,125287,130699,99,12,2851,3.0,3,15,2,-1000.0,0,0.0,0.0,0.0,inf,0.0,0.0,0.0,0.0,0,rolling,net_profit_fitness,1_day,rep_2
train,4,86986,125287,125287,130699,100,12,3024,3.25,3,15,2,416.0,16,416.0,568.0,152.0,3.736842105263158,95.0,0.5,26.0,19.0,5,rolling,net_profit_fitness,1_day,rep_2
test,4,86986,125287,125287,130699,100,12,3024,3.25,3,15,2,-1000.0,0,0.0,0.0,0.0,inf,0.0,0.0,0.0,0.0,0,rolling,net_profit_fitness,1_day,rep_2
train,1,0,22406,22406,53560,0,7,1521,8.5,5,11,2,64.0,4,64.0,102.0,38.0,2.6842105263157894,19.0,0.5,16.0,19.0,1,rolling,net_profit_fitness,1_day,rep_3
test,1,0,22406,22406,53560,0,7,1521,8.5,5,11,2,-18.0,12,-18.0,153.0,171.0,0.8947368421052632,114.0,0.25,-1.5,19.0,6,rolling,net_profit_fitness,1_day,rep_3
train,1,0,22406,22406,53560,1,7,1521,8.5,4,11,2,26.0,6,26.0,102.0,76.0,1.3421052631578947,57.0,0.3333333333333333,4.333333333333333,19.0,3,rolling,net_profit_fitness,1_day,rep_3
test,1,0,22406,22406,53560,1,7,1521,8.5,4,11,2,46.0,16,46.0,255.0,209.0,1.2200956937799043,114.0,0.3125,2.875,19.0,6,rolling,net_profit_fitness,1_day,rep_3
train,1,0,22406,22406,53560,2,6,333,6.25,4,11,2,52.0,12,52.0,204.0,152.0,1.3421052631578947,133.0,0.3333333333333333,4.333333333333333,19.0,7,rolling,net_profit_fitness,1_day,rep_3
test,1,0,22406,22406,53560,2,6,333,6.25,4,11,2,-227.0,23,-227.0,153.0,380.0,0.4026315789473684,323.0,0.1304347826086956,-9.869565217391305,19.0,17,rolling,net_profit_fitness,1_day,rep_3
train,1,0,22406,22406,53560,3,5,1761,9.0,5,10,2,92.0,2,92.0,92.0,0.0,inf,0.0,1.0,46.0,0.0,0,rolling,net_profit_fitness,1_day,rep_3
test,1,0,22406,22406,53560,3,5,1761,9.0,5,10,2,5.0,10,5.0,138.0,133.0,1.037593984962406,87.0,0.3,0.5,19.0,4,rolling,net_profit_fitness,1_day,rep_3
train,1,0,22406,22406,53560,4,8,1795,9.0,4,11,2,83.0,3,83.0,102.0,19.0,5.368421052631579,19.0,0.6666666666666666,27.666666666666668,19.0,1,rolling,net_profit_fitness,1_day,rep_3
test,1,0,22406,22406,53560,4,8,1795,9.0,4,11,2,14.0,14,14.0,204.0,190.0,1.0736842105263158,76.0,0.2857142857142857,1.0,19.0,4,rolling,net_profit_fitness,1_day,rep_3
train,1,0,22406,22406,53560,5,7,333,7.75,4,11,2,109.0,9,109.0,204.0,95.0,2.147368421052632,95.0,0.4444444444444444,12.11111111111111,19.0,5,rolling,net_profit_fitness,1_day,rep_3
test,1,0,22406,22406,53560,5,7,333,7.75,4,11,2,39.0,9,39.0,153.0,114.0,1.3421052631578947,76.0,0.3333333333333333,4.333333333333333,19.0,4,rolling,net_profit_fitness,1_day,rep_3
train,1,0,22406,22406,53560,6,7,333,6.25,4,11,2,109.0,9,109.0,204.0,95.0,2.147368421052632,95.0,0.4444444444444444,12.11111111111111,19.0,5,rolling,net_profit_fitness,1_day,rep_3
test,1,0,22406,22406,53560,6,7,333,6.25,4,11,2,-75.0,15,-75.0,153.0,228.0,0.6710526315789473,177.0,0.2,-5.0,19.0,9,rolling,net_profit_fitness,1_day,rep_3
train,1,0,22406,22406,53560,7,7,333,6.25,4,11,2,109.0,9,109.0,204.0,95.0,2.147368421052632,95.0,0.4444444444444444,12.11111111111111,19.0,5,rolling,net_profit_fitness,1_day,rep_3
test,1,0,22406,22406,53560,7,7,333,6.25,4,11,2,-75.0,15,-75.0,153.0,228.0,0.6710526315789473,177.0,0.2,-5.0,19.0,9,rolling,net_profit_fitness,1_day,rep_3
train,1,0,22406,22406,53560,8,7,333,7.75,4,11,2,109.0,9,109.0,204.0,95.0,2.147368421052632,95.0,0.4444444444444444,12.11111111111111,19.0,5,rolling,net_profit_fitness,1_day,rep_3
test,1,0,22406,22406,53560,8,7,333,7.75,4,11,2,39.0,9,39.0,153.0,114.0,1.3421052631578947,76.0,0.3333333333333333,4.333333333333333,19.0,4,rolling,net_profit_fitness,1_day,rep_3
train,1,0,22406,22406,53560,9,7,333,7.75,4,11,2,109.0,9,109.0,204.0,95.0,2.147368421052632,95.0,0.4444444444444444,12.11111111111111,19.0,5,rolling,net_profit_fitness,1_day,rep_3
test,1,0,22406,22406,53560,9,7,333,7.75,4,11,2,39.0,9,39.0,153.0,114.0,1.3421052631578947,76.0,0.3333333333333333,4.333333333333333,19.0,4,rolling,net_profit_fitness,1_day,rep_3
train,1,0,22406,22406,53560,10,6,962,9.0,4,15,2,104.0,4,104.0,142.0,38.0,3.736842105263158,38.0,0.5,26.0,19.0,2,rolling,net_profit_fitness,1_day,rep_3
test,1,0,22406,22406,53560,10,6,962,9.0,4,15,2,56.0,16,56.0,284.0,228.0,1.2456140350877194,152.0,0.25,3.5,19.0,8,rolling,net_profit_fitness,1_day,rep_3
train,1,0,22406,22406,53560,11,6,894,9.0,4,16,2,114.0,4,114.0,152.0,38.0,4.0,38.0,0.5,28.5,19.0,2,rolling,net_profit_fitness,1_day,rep_3
test,1,0,22406,22406,53560,11,6,894,9.0,4,16,2,114.0,14,114.0,304.0,190.0,1.6,133.0,0.2857142857142857,8.142857142857142,19.0,7,rolling,net_profit_fitness,1_day,rep_3
train,1,0,22406,22406,53560,12,6,894,9.0,4,16,2,114.0,4,114.0,152.0,38.0,4.0,38.0,0.5,28.5,19.0,2,rolling,net_profit_fitness,1_day,rep_3
test,1,0,22406,22406,53560,12,6,894,9.0,4,16,2,114.0,14,114.0,304.0,190.0,1.6,133.0,0.2857142857142857,8.142857142857142,19.0,7,rolling,net_profit_fitness,1_day,rep_3
train,1,0,22406,22406,53560,13,6,333,9.0,4,16,2,114.0,4,114.0,152.0,38.0,4.0,38.0,0.5,28.5,19.0,2,rolling,net_profit_fitness,1_day,rep_3
test,1,0,22406,22406,53560,13,6,333,9.0,4,16,2,-114.0,6,-114.0,0.0,114.0,0.0,114.0,0.0,-19.0,19.0,6,rolling,net_profit_fitness,1_day,rep_3
train,1,0,22406,22406,53560,14,7,894,8.5,4,16,2,114.0,4,114.0,152.0,38.0,4.0,38.0,0.5,28.5,19.0,2,rolling,net_profit_fitness,1_day,rep_3
test,1,0,22406,22406,53560,14,7,894,8.5,4,16,2,0.0,15,0.0,228.0,228.0,1.0,171.0,0.2,0.0,19.0,9,rolling,net_profit_fitness,1_day,rep_3
train,1,0,22406,22406,53560,15,6,894,9.0,4,16,2,114.0,4,114.0,152.0,38.0,4.0,38.0,0.5,28.5,19.0,2,rolling,net_profit_fitness,1_day,rep_3
test,1,0,22406,22406,53560,15,6,894,9.0,4,16,2,114.0,14,114.0,304.0,190.0,1.6,133.0,0.2857142857142857,8.142857142857142,19.0,7,rolling,net_profit_fitness,1_day,rep_3
train,1,0,22406,22406,53560,16,6,894,8.25,4,16,2,114.0,4,114.0,152.0,38.0,4.0,38.0,0.5,28.5,19.0,2,rolling,net_profit_fitness,1_day,rep_3
test,1,0,22406,22406,53560,16,6,894,8.25,4,16,2,19.0,19,19.0,304.0,285.0,1.0666666666666669,171.0,0.2105263157894736,1.0,19.0,9,rolling,net_profit_fitness,1_day,rep_3
train,1,0,22406,22406,53560,17,6,352,8.5,4,16,2,114.0,4,114.0,152.0,38.0,4.0,38.0,0.5,28.5,19.0,2,rolling,net_profit_fitness,1_day,rep_3
test,1,0,22406,22406,53560,17,6,352,8.5,4,16,2,-209.0,11,-209.0,0.0,209.0,0.0,209.0,0.0,-19.0,19.0,11,rolling,net_profit_fitness,1_day,rep_3
train,1,0,22406,22406,53560,18,7,333,8.25,4,16,2,114.0,4,114.0,152.0,38.0,4.0,38.0,0.5,28.5,19.0,2,rolling,net_profit_fitness,1_day,rep_3
test,1,0,22406,22406,53560,18,7,333,8.25,4,16,2,-133.0,7,-133.0,0.0,133.0,0.0,133.0,0.0,-19.0,19.0,7,rolling,net_profit_fitness,1_day,rep_3
train,1,0,22406,22406,53560,19,6,894,9.0,4,16,2,114.0,4,114.0,152.0,38.0,4.0,38.0,0.5,28.5,19.0,2,rolling,net_profit_fitness,1_day,rep_3
test,1,0,22406,22406,53560,19,6,894,9.0,4,16,2,114.0,14,114.0,304.0,190.0,1.6,133.0,0.2857142857142857,8.142857142857142,19.0,7,rolling,net_profit_fitness,1_day,rep_3
train,1,0,22406,22406,53560,20,6,333,9.0,4,16,2,114.0,4,114.0,152.0,38.0,4.0,38.0,0.5,28.5,19.0,2,rolling,net_profit_fitness,1_day,rep_3
test,1,0,22406,22406,53560,20,6,333,9.0,4,16,2,-114.0,6,-114.0,0.0,114.0,0.0,114.0,0.0,-19.0,19.0,6,rolling,net_profit_fitness,1_day,rep_3
train,1,0,22406,22406,53560,21,6,894,8.5,4,16,2,114.0,4,114.0,152.0,38.0,4.0,38.0,0.5,28.5,19.0,2,rolling,net_profit_fitness,1_day,rep_3
test,1,0,22406,22406,53560,21,6,894,8.5,4,16,2,19.0,19,19.0,304.0,285.0,1.0666666666666669,171.0,0.2105263157894736,1.0,19.0,9,rolling,net_profit_fitness,1_day,rep_3
train,1,0,22406,22406,53560,22,6,894,9.0,4,16,2,114.0,4,114.0,152.0,38.0,4.0,38.0,0.5,28.5,19.0,2,rolling,net_profit_fitness,1_day,rep_3
test,1,0,22406,22406,53560,22,6,894,9.0,4,16,2,114.0,14,114.0,304.0,190.0,1.6,133.0,0.2857142857142857,8.142857142857142,19.0,7,rolling,net_profit_fitness,1_day,rep_3
train,1,0,22406,22406,53560,23,4,310,8.5,4,16,2,114.0,4,114.0,152.0,38.0,4.0,38.0,0.5,28.5,19.0,2,rolling,net_profit_fitness,1_day,rep_3
test,1,0,22406,22406,53560,23,4,310,8.5,4,16,2,-304.0,16,-304.0,0.0,304.0,0.0,304.0,0.0,-19.0,19.0,16,rolling,net_profit_fitness,1_day,rep_3
train,1,0,22406,22406,53560,24,6,1000,9.0,4,16,2,114.0,4,114.0,152.0,38.0,4.0,38.0,0.5,28.5,19.0,2,rolling,net_profit_fitness,1_day,rep_3
test,1,0,22406,22406,53560,24,6,1000,9.0,4,16,2,76.0,16,76.0,304.0,228.0,1.3333333333333333,152.0,0.25,4.75,19.0,8,rolling,net_profit_fitness,1_day,rep_3
train,1,0,22406,22406,53560,25,4,306,8.5,4,16,2,114.0,4,114.0,152.0,38.0,4.0,38.0,0.5,28.5,19.0,2,rolling,net_profit_fitness,1_day,rep_3
test,1,0,22406,22406,53560,25,4,306,8.5,4,16,2,-304.0,16,-304.0,0.0,304.0,0.0,304.0,0.0,-19.0,19.0,16,rolling,net_profit_fitness,1_day,rep_3
train,1,0,22406,22406,53560,26,6,352,9.0,4,16,2,114.0,4,114.0,152.0,38.0,4.0,38.0,0.5,28.5,19.0,2,rolling,net_profit_fitness,1_day,rep_3
test,1,0,22406,22406,53560,26,6,352,9.0,4,16,2,-114.0,6,-114.0,0.0,114.0,0.0,114.0,0.0,-19.0,19.0,6,rolling,net_profit_fitness,1_day,rep_3
train,1,0,22406,22406,53560,27,6,297,9.0,4,16,2,114.0,4,114.0,152.0,38.0,4.0,38.0,0.5,28.5,19.0,2,rolling,net_profit_fitness,1_day,rep_3
test,1,0,22406,22406,53560,27,6,297,9.0,4,16,2,-95.0,5,-95.0,0.0,95.0,0.0,95.0,0.0,-19.0,19.0,5,rolling,net_profit_fitness,1_day,rep_3
train,1,0,22406,22406,53560,28,7,297,8.75,3,16,2,114.0,9,114.0,228.0,114.0,2.0,114.0,0.3333333333333333,12.666666666666666,19.0,6,rolling,net_profit_fitness,1_day,rep_3
test,1,0,22406,22406,53560,28,7,297,8.75,3,16,2,-76.0,9,-76.0,76.0,152.0,0.5,152.0,0.1111111111111111,-8.444444444444445,19.0,8,rolling,net_profit_fitness,1_day,rep_3
train,1,0,22406,22406,53560,29,6,297,8.75,3,18,2,144.0,9,144.0,258.0,114.0,2.263157894736842,114.0,0.3333333333333333,16.0,19.0,6,rolling,net_profit_fitness,1_day,rep_3
test,1,0,22406,22406,53560,29,6,297,8.75,3,18,2,-180.0,15,-180.0,86.0,266.0,0.3233082706766917,266.0,0.0666666666666666,-12.0,19.0,14,rolling,net_profit_fitness,1_day,rep_3
train,1,0,22406,22406,53560,30,6,297,8.75,3,18,2,144.0,9,144.0,258.0,114.0,2.263157894736842,114.0,0.3333333333333333,16.0,19.0,6,rolling,net_profit_fitness,1_day,rep_3
test,1,0,22406,22406,53560,30,6,297,8.75,3,18,2,-180.0,15,-180.0,86.0,266.0,0.3233082706766917,266.0,0.0666666666666666,-12.0,19.0,14,rolling,net_profit_fitness,1_day,rep_3
train,1,0,22406,22406,53560,31,6,284,8.75,4,16,2,114.0,4,114.0,152.0,38.0,4.0,38.0,0.5,28.5,19.0,2,rolling,net_profit_fitness,1_day,rep_3
test,1,0,22406,22406,53560,31,6,284,8.75,4,16,2,-190.0,10,-190.0,0.0,190.0,0.0,190.0,0.0,-19.0,19.0,10,rolling,net_profit_fitness,1_day,rep_3
train,1,0,22406,22406,53560,32,6,894,9.0,4,16,2,114.0,4,114.0,152.0,38.0,4.0,38.0,0.5,28.5,19.0,2,rolling,net_profit_fitness,1_day,rep_3
test,1,0,22406,22406,53560,32,6,894,9.0,4,16,2,114.0,14,114.0,304.0,190.0,1.6,133.0,0.2857142857142857,8.142857142857142,19.0,7,rolling,net_profit_fitness,1_day,rep_3
train,1,0,22406,22406,53560,33,7,894,8.75,4,16,2,114.0,4,114.0,152.0,38.0,4.0,38.0,0.5,28.5,19.0,2,rolling,net_profit_fitness,1_day,rep_3
test,1,0,22406,22406,53560,33,7,894,8.75,4,16,2,0.0,15,0.0,228.0,228.0,1.0,171.0,0.2,0.0,19.0,9,rolling,net_profit_fitness,1_day,rep_3
train,1,0,22406,22406,53560,34,6,297,9.0,4,16,2,114.0,4,114.0,152.0,38.0,4.0,38.0,0.5,28.5,19.0,2,rolling,net_profit_fitness,1_day,rep_3
test,1,0,22406,22406,53560,34,6,297,9.0,4,16,2,-95.0,5,-95.0,0.0,95.0,0.0,95.0,0.0,-19.0,19.0,5,rolling,net_profit_fitness,1_day,rep_3
train,1,0,22406,22406,53560,35,7,894,9.0,4,16,2,114.0,4,114.0,152.0,38.0,4.0,38.0,0.5,28.5,19.0,2,rolling,net_profit_fitness,1_day,rep_3
test,1,0,22406,22406,53560,35,7,894,9.0,4,16,2,38.0,13,38.0,228.0,190.0,1.2,133.0,0.2307692307692307,2.923076923076923,19.0,7,rolling,net_profit_fitness,1_day,rep_3
train,1,0,22406,22406,53560,36,7,894,8.75,4,16,2,114.0,4,114.0,152.0,38.0,4.0,38.0,0.5,28.5,19.0,2,rolling,net_profit_fitness,1_day,rep_3
test,1,0,22406,22406,53560,36,7,894,8.75,4,16,2,0.0,15,0.0,228.0,228.0,1.0,171.0,0.2,0.0,19.0,9,rolling,net_profit_fitness,1_day,rep_3
train,1,0,22406,22406,53560,37,7,297,9.0,4,16,2,114.0,4,114.0,152.0,38.0,4.0,38.0,0.5,28.5,19.0,2,rolling,net_profit_fitness,1_day,rep_3
test,1,0,22406,22406,53560,37,7,297,9.0,4,16,2,-76.0,4,-76.0,0.0,76.0,0.0,76.0,0.0,-19.0,19.0,4,rolling,net_profit_fitness,1_day,rep_3
train,1,0,22406,22406,53560,38,6,267,8.75,4,16,2,114.0,4,114.0,152.0,38.0,4.0,38.0,0.5,28.5,19.0,2,rolling,net_profit_fitness,1_day,rep_3
test,1,0,22406,22406,53560,38,6,267,8.75,4,16,2,-190.0,10,-190.0,0.0,190.0,0.0,190.0,0.0,-19.0,19.0,10,rolling,net_profit_fitness,1_day,rep_3
train,1,0,22406,22406,53560,39,7,308,8.75,4,16,2,114.0,4,114.0,152.0,38.0,4.0,38.0,0.5,28.5,19.0,2,rolling,net_profit_fitness,1_day,rep_3
test,1,0,22406,22406,53560,39,7,308,8.75,4,16,2,-114.0,6,-114.0,0.0,114.0,0.0,114.0,0.0,-19.0,19.0,6,rolling,net_profit_fitness,1_day,rep_3
train,1,0,22406,22406,53560,40,7,894,8.75,4,16,2,114.0,4,114.0,152.0,38.0,4.0,38.0,0.5,28.5,19.0,2,rolling,net_profit_fitness,1_day,rep_3
test,1,0,22406,22406,53560,40,7,894,8.75,4,16,2,0.0,15,0.0,228.0,228.0,1.0,171.0,0.2,0.0,19.0,9,rolling,net_profit_fitness,1_day,rep_3
train,1,0,22406,22406,53560,41,7,894,8.5,4,16,2,114.0,4,114.0,152.0,38.0,4.0,38.0,0.5,28.5,19.0,2,rolling,net_profit_fitness,1_day,rep_3
test,1,0,22406,22406,53560,41,7,894,8.5,4,16,2,0.0,15,0.0,228.0,228.0,1.0,171.0,0.2,0.0,19.0,9,rolling,net_profit_fitness,1_day,rep_3
train,1,0,22406,22406,53560,42,4,297,8.75,4,16,2,114.0,4,114.0,152.0,38.0,4.0,38.0,0.5,28.5,19.0,2,rolling,net_profit_fitness,1_day,rep_3
test,1,0,22406,22406,53560,42,4,297,8.75,4,16,2,-304.0,16,-304.0,0.0,304.0,0.0,304.0,0.0,-19.0,19.0,16,rolling,net_profit_fitness,1_day,rep_3
train,1,0,22406,22406,53560,43,7,309,8.5,4,16,2,114.0,4,114.0,152.0,38.0,4.0,38.0,0.5,28.5,19.0,2,rolling,net_profit_fitness,1_day,rep_3
test,1,0,22406,22406,53560,43,7,309,8.5,4,16,2,-114.0,6,-114.0,0.0,114.0,0.0,114.0,0.0,-19.0,19.0,6,rolling,net_profit_fitness,1_day,rep_3
train,1,0,22406,22406,53560,44,6,338,9.25,4,16,2,114.0,4,114.0,152.0,38.0,4.0,38.0,0.5,28.5,19.0,2,rolling,net_profit_fitness,1_day,rep_3
test,1,0,22406,22406,53560,44,6,338,9.25,4,16,2,-114.0,6,-114.0,0.0,114.0,0.0,114.0,0.0,-19.0,19.0,6,rolling,net_profit_fitness,1_day,rep_3
train,1,0,22406,22406,53560,45,7,299,8.75,4,16,2,114.0,4,114.0,152.0,38.0,4.0,38.0,0.5,28.5,19.0,2,rolling,net_profit_fitness,1_day,rep_3
test,1,0,22406,22406,53560,45,7,299,8.75,4,16,2,-114.0,6,-114.0,0.0,114.0,0.0,114.0,0.0,-19.0,19.0,6,rolling,net_profit_fitness,1_day,rep_3
train,1,0,22406,22406,53560,46,7,894,8.5,4,16,2,114.0,4,114.0,152.0,38.0,4.0,38.0,0.5,28.5,19.0,2,rolling,net_profit_fitness,1_day,rep_3
test,1,0,22406,22406,53560,46,7,894,8.5,4,16,2,0.0,15,0.0,228.0,228.0,1.0,171.0,0.2,0.0,19.0,9,rolling,net_profit_fitness,1_day,rep_3
train,1,0,22406,22406,53560,47,6,297,8.75,4,16,2,114.0,4,114.0,152.0,38.0,4.0,38.0,0.5,28.5,19.0,2,rolling,net_profit_fitness,1_day,rep_3
test,1,0,22406,22406,53560,47,6,297,8.75,4,16,2,-190.0,10,-190.0,0.0,190.0,0.0,190.0,0.0,-19.0,19.0,10,rolling,net_profit_fitness,1_day,rep_3
train,1,0,22406,22406,53560,48,7,376,8.75,4,16,2,114.0,4,114.0,152.0,38.0,4.0,38.0,0.5,28.5,19.0,2,rolling,net_profit_fitness,1_day,rep_3
test,1,0,22406,22406,53560,48,7,376,8.75,4,16,2,-133.0,7,-133.0,0.0,133.0,0.0,133.0,0.0,-19.0,19.0,7,rolling,net_profit_fitness,1_day,rep_3
train,1,0,22406,22406,53560,49,6,297,9.0,4,16,2,114.0,4,114.0,152.0,38.0,4.0,38.0,0.5,28.5,19.0,2,rolling,net_profit_fitness,1_day,rep_3
test,1,0,22406,22406,53560,49,6,297,9.0,4,16,2,-95.0,5,-95.0,0.0,95.0,0.0,95.0,0.0,-19.0,19.0,5,rolling,net_profit_fitness,1_day,rep_3
train,1,0,22406,22406,53560,50,6,376,9.25,4,16,2,114.0,4,114.0,152.0,38.0,4.0,38.0,0.5,28.5,19.0,2,rolling,net_profit_fitness,1_day,rep_3
test,1,0,22406,22406,53560,50,6,376,9.25,4,16,2,-114.0,6,-114.0,0.0,114.0,0.0,114.0,0.0,-19.0,19.0,6,rolling,net_profit_fitness,1_day,rep_3
train,1,0,22406,22406,53560,51,6,297,8.75,4,16,2,114.0,4,114.0,152.0,38.0,4.0,38.0,0.5,28.5,19.0,2,rolling,net_profit_fitness,1_day,rep_3
test,1,0,22406,22406,53560,51,6,297,8.75,4,16,2,-190.0,10,-190.0,0.0,190.0,0.0,190.0,0.0,-19.0,19.0,10,rolling,net_profit_fitness,1_day,rep_3
train,1,0,22406,22406,53560,52,6,894,8.75,4,16,2,114.0,4,114.0,152.0,38.0,4.0,38.0,0.5,28.5,19.0,2,rolling,net_profit_fitness,1_day,rep_3
test,1,0,22406,22406,53560,52,6,894,8.75,4,16,2,19.0,19,19.0,304.0,285.0,1.0666666666666669,171.0,0.2105263157894736,1.0,19.0,9,rolling,net_profit_fitness,1_day,rep_3
train,1,0,22406,22406,53560,53,7,894,8.5,4,16,2,114.0,4,114.0,152.0,38.0,4.0,38.0,0.5,28.5,19.0,2,rolling,net_profit_fitness,1_day,rep_3
test,1,0,22406,22406,53560,53,7,894,8.5,4,16,2,0.0,15,0.0,228.0,228.0,1.0,171.0,0.2,0.0,19.0,9,rolling,net_profit_fitness,1_day,rep_3
train,1,0,22406,22406,53560,54,6,352,9.0,4,16,2,114.0,4,114.0,152.0,38.0,4.0,38.0,0.5,28.5,19.0,2,rolling,net_profit_fitness,1_day,rep_3
test,1,0,22406,22406,53560,54,6,352,9.0,4,16,2,-114.0,6,-114.0,0.0,114.0,0.0,114.0,0.0,-19.0,19.0,6,rolling,net_profit_fitness,1_day,rep_3
train,1,0,22406,22406,53560,55,6,894,9.25,4,16,2,114.0,4,114.0,152.0,38.0,4.0,38.0,0.5,28.5,19.0,2,rolling,net_profit_fitness,1_day,rep_3
test,1,0,22406,22406,53560,55,6,894,9.25,4,16,2,114.0,14,114.0,304.0,190.0,1.6,133.0,0.2857142857142857,8.142857142857142,19.0,7,rolling,net_profit_fitness,1_day,rep_3
train,1,0,22406,22406,53560,56,7,297,8.75,4,16,2,114.0,4,114.0,152.0,38.0,4.0,38.0,0.5,28.5,19.0,2,rolling,net_profit_fitness,1_day,rep_3
test,1,0,22406,22406,53560,56,7,297,8.75,4,16,2,-114.0,6,-114.0,0.0,114.0,0.0,114.0,0.0,-19.0,19.0,6,rolling,net_profit_fitness,1_day,rep_3
train,1,0,22406,22406,53560,57,5,297,8.75,4,16,2,114.0,4,114.0,152.0,38.0,4.0,38.0,0.5,28.5,19.0,2,rolling,net_profit_fitness,1_day,rep_3
test,1,0,22406,22406,53560,57,5,297,8.75,4,16,2,-304.0,16,-304.0,0.0,304.0,0.0,304.0,0.0,-19.0,19.0,16,rolling,net_profit_fitness,1_day,rep_3
train,1,0,22406,22406,53560,58,7,297,9.0,4,16,2,114.0,4,114.0,152.0,38.0,4.0,38.0,0.5,28.5,19.0,2,rolling,net_profit_fitness,1_day,rep_3
test,1,0,22406,22406,53560,58,7,297,9.0,4,16,2,-76.0,4,-76.0,0.0,76.0,0.0,76.0,0.0,-19.0,19.0,4,rolling,net_profit_fitness,1_day,rep_3
train,1,0,22406,22406,53560,59,6,352,9.0,4,16,2,114.0,4,114.0,152.0,38.0,4.0,38.0,0.5,28.5,19.0,2,rolling,net_profit_fitness,1_day,rep_3
test,1,0,22406,22406,53560,59,6,352,9.0,4,16,2,-114.0,6,-114.0,0.0,114.0,0.0,114.0,0.0,-19.0,19.0,6,rolling,net_profit_fitness,1_day,rep_3
train,1,0,22406,22406,53560,60,6,352,8.5,4,16,2,114.0,4,114.0,152.0,38.0,4.0,38.0,0.5,28.5,19.0,2,rolling,net_profit_fitness,1_day,rep_3
test,1,0,22406,22406,53560,60,6,352,8.5,4,16,2,-209.0,11,-209.0,0.0,209.0,0.0,209.0,0.0,-19.0,19.0,11,rolling,net_profit_fitness,1_day,rep_3
train,1,0,22406,22406,53560,61,6,894,9.25,4,16,2,114.0,4,114.0,152.0,38.0,4.0,38.0,0.5,28.5,19.0,2,rolling,net_profit_fitness,1_day,rep_3
test,1,0,22406,22406,53560,61,6,894,9.25,4,16,2,114.0,14,114.0,304.0,190.0,1.6,133.0,0.2857142857142857,8.142857142857142,19.0,7,rolling,net_profit_fitness,1_day,rep_3
train,1,0,22406,22406,53560,62,7,352,9.25,4,16,2,114.0,4,114.0,152.0,38.0,4.0,38.0,0.5,28.5,19.0,2,rolling,net_profit_fitness,1_day,rep_3
test,1,0,22406,22406,53560,62,7,352,9.25,4,16,2,-95.0,5,-95.0,0.0,95.0,0.0,95.0,0.0,-19.0,19.0,5,rolling,net_profit_fitness,1_day,rep_3
train,1,0,22406,22406,53560,63,7,313,9.0,4,16,2,114.0,4,114.0,152.0,38.0,4.0,38.0,0.5,28.5,19.0,2,rolling,net_profit_fitness,1_day,rep_3
test,1,0,22406,22406,53560,63,7,313,9.0,4,16,2,-76.0,4,-76.0,0.0,76.0,0.0,76.0,0.0,-19.0,19.0,4,rolling,net_profit_fitness,1_day,rep_3
train,1,0,22406,22406,53560,64,6,299,9.0,4,16,2,114.0,4,114.0,152.0,38.0,4.0,38.0,0.5,28.5,19.0,2,rolling,net_profit_fitness,1_day,rep_3
test,1,0,22406,22406,53560,64,6,299,9.0,4,16,2,-95.0,5,-95.0,0.0,95.0,0.0,95.0,0.0,-19.0,19.0,5,rolling,net_profit_fitness,1_day,rep_3
train,1,0,22406,22406,53560,65,6,297,9.0,4,16,2,114.0,4,114.0,152.0,38.0,4.0,38.0,0.5,28.5,19.0,2,rolling,net_profit_fitness,1_day,rep_3
test,1,0,22406,22406,53560,65,6,297,9.0,4,16,2,-95.0,5,-95.0,0.0,95.0,0.0,95.0,0.0,-19.0,19.0,5,rolling,net_profit_fitness,1_day,rep_3
train,1,0,22406,22406,53560,66,7,849,8.75,4,16,2,114.0,4,114.0,152.0,38.0,4.0,38.0,0.5,28.5,19.0,2,rolling,net_profit_fitness,1_day,rep_3
test,1,0,22406,22406,53560,66,7,849,8.75,4,16,2,19.0,14,19.0,228.0,209.0,1.0909090909090908,152.0,0.2142857142857142,1.3571428571428572,19.0,8,rolling,net_profit_fitness,1_day,rep_3
train,1,0,22406,22406,53560,67,7,299,9.0,4,16,2,114.0,4,114.0,152.0,38.0,4.0,38.0,0.5,28.5,19.0,2,rolling,net_profit_fitness,1_day,rep_3
test,1,0,22406,22406,53560,67,7,299,9.0,4,16,2,-76.0,4,-76.0,0.0,76.0,0.0,76.0,0.0,-19.0,19.0,4,rolling,net_profit_fitness,1_day,rep_3
train,1,0,22406,22406,53560,68,6,313,9.5,4,16,2,114.0,4,114.0,152.0,38.0,4.0,38.0,0.5,28.5,19.0,2,rolling,net_profit_fitness,1_day,rep_3
test,1,0,22406,22406,53560,68,6,313,9.5,4,16,2,-95.0,5,-95.0,0.0,95.0,0.0,95.0,0.0,-19.0,19.0,5,rolling,net_profit_fitness,1_day,rep_3
train,1,0,22406,22406,53560,69,6,313,9.0,4,16,2,114.0,4,114.0,152.0,38.0,4.0,38.0,0.5,28.5,19.0,2,rolling,net_profit_fitness,1_day,rep_3
test,1,0,22406,22406,53560,69,6,313,9.0,4,16,2,-95.0,5,-95.0,0.0,95.0,0.0,95.0,0.0,-19.0,19.0,5,rolling,net_profit_fitness,1_day,rep_3
train,1,0,22406,22406,53560,70,6,297,9.5,4,16,2,114.0,4,114.0,152.0,38.0,4.0,38.0,0.5,28.5,19.0,2,rolling,net_profit_fitness,1_day,rep_3
test,1,0,22406,22406,53560,70,6,297,9.5,4,16,2,-95.0,5,-95.0,0.0,95.0,0.0,95.0,0.0,-19.0,19.0,5,rolling,net_profit_fitness,1_day,rep_3
train,1,0,22406,22406,53560,71,6,290,9.25,4,16,2,114.0,4,114.0,152.0,38.0,4.0,38.0,0.5,28.5,19.0,2,rolling,net_profit_fitness,1_day,rep_3
test,1,0,22406,22406,53560,71,6,290,9.25,4,16,2,-95.0,5,-95.0,0.0,95.0,0.0,95.0,0.0,-19.0,19.0,5,rolling,net_profit_fitness,1_day,rep_3
train,1,0,22406,22406,53560,72,6,302,9.0,4,16,2,114.0,4,114.0,152.0,38.0,4.0,38.0,0.5,28.5,19.0,2,rolling,net_profit_fitness,1_day,rep_3
test,1,0,22406,22406,53560,72,6,302,9.0,4,16,2,-95.0,5,-95.0,0.0,95.0,0.0,95.0,0.0,-19.0,19.0,5,rolling,net_profit_fitness,1_day,rep_3
train,1,0,22406,22406,53560,73,6,831,9.5,4,16,2,114.0,4,114.0,152.0,38.0,4.0,38.0,0.5,28.5,19.0,2,rolling,net_profit_fitness,1_day,rep_3
test,1,0,22406,22406,53560,73,6,831,9.5,4,16,2,114.0,14,114.0,304.0,190.0,1.6,133.0,0.2857142857142857,8.142857142857142,19.0,7,rolling,net_profit_fitness,1_day,rep_3
train,1,0,22406,22406,53560,74,6,299,9.25,4,16,2,114.0,4,114.0,152.0,38.0,4.0,38.0,0.5,28.5,19.0,2,rolling,net_profit_fitness,1_day,rep_3
test,1,0,22406,22406,53560,74,6,299,9.25,4,16,2,-95.0,5,-95.0,0.0,95.0,0.0,95.0,0.0,-19.0,19.0,5,rolling,net_profit_fitness,1_day,rep_3
train,1,0,22406,22406,53560,75,6,319,9.5,4,16,2,114.0,4,114.0,152.0,38.0,4.0,38.0,0.5,28.5,19.0,2,rolling,net_profit_fitness,1_day,rep_3
test,1,0,22406,22406,53560,75,6,319,9.5,4,16,2,-95.0,5,-95.0,0.0,95.0,0.0,95.0,0.0,-19.0,19.0,5,rolling,net_profit_fitness,1_day,rep_3
train,1,0,22406,22406,53560,76,7,290,9.5,4,16,2,114.0,4,114.0,152.0,38.0,4.0,38.0,0.5,28.5,19.0,2,rolling,net_profit_fitness,1_day,rep_3
test,1,0,22406,22406,53560,76,7,290,9.5,4,16,2,-76.0,4,-76.0,0.0,76.0,0.0,76.0,0.0,-19.0,19.0,4,rolling,net_profit_fitness,1_day,rep_3
train,1,0,22406,22406,53560,77,7,831,9.5,4,16,2,114.0,4,114.0,152.0,38.0,4.0,38.0,0.5,28.5,19.0,2,rolling,net_profit_fitness,1_day,rep_3
test,1,0,22406,22406,53560,77,7,831,9.5,4,16,2,57.0,12,57.0,228.0,171.0,1.3333333333333333,114.0,0.25,4.75,19.0,6,rolling,net_profit_fitness,1_day,rep_3
train,1,0,22406,22406,53560,78,6,297,9.0,4,16,2,114.0,4,114.0,152.0,38.0,4.0,38.0,0.5,28.5,19.0,2,rolling,net_profit_fitness,1_day,rep_3
test,1,0,22406,22406,53560,78,6,297,9.0,4,16,2,-95.0,5,-95.0,0.0,95.0,0.0,95.0,0.0,-19.0,19.0,5,rolling,net_profit_fitness,1_day,rep_3
train,1,0,22406,22406,53560,79,7,831,9.25,4,16,2,114.0,4,114.0,152.0,38.0,4.0,38.0,0.5,28.5,19.0,2,rolling,net_profit_fitness,1_day,rep_3
test,1,0,22406,22406,53560,79,7,831,9.25,4,16,2,57.0,12,57.0,228.0,171.0,1.3333333333333333,114.0,0.25,4.75,19.0,6,rolling,net_profit_fitness,1_day,rep_3
train,1,0,22406,22406,53560,80,6,299,9.25,4,16,2,114.0,4,114.0,152.0,38.0,4.0,38.0,0.5,28.5,19.0,2,rolling,net_profit_fitness,1_day,rep_3
test,1,0,22406,22406,53560,80,6,299,9.25,4,16,2,-95.0,5,-95.0,0.0,95.0,0.0,95.0,0.0,-19.0,19.0,5,rolling,net_profit_fitness,1_day,rep_3
train,1,0,22406,22406,53560,81,6,348,9.5,4,16,2,114.0,4,114.0,152.0,38.0,4.0,38.0,0.5,28.5,19.0,2,rolling,net_profit_fitness,1_day,rep_3
test,1,0,22406,22406,53560,81,6,348,9.5,4,16,2,-114.0,6,-114.0,0.0,114.0,0.0,114.0,0.0,-19.0,19.0,6,rolling,net_profit_fitness,1_day,rep_3
train,1,0,22406,22406,53560,82,6,849,9.25,4,16,2,114.0,4,114.0,152.0,38.0,4.0,38.0,0.5,28.5,19.0,2,rolling,net_profit_fitness,1_day,rep_3
test,1,0,22406,22406,53560,82,6,849,9.25,4,16,2,114.0,14,114.0,304.0,190.0,1.6,133.0,0.2857142857142857,8.142857142857142,19.0,7,rolling,net_profit_fitness,1_day,rep_3
train,1,0,22406,22406,53560,83,7,313,8.75,4,16,2,114.0,4,114.0,152.0,38.0,4.0,38.0,0.5,28.5,19.0,2,rolling,net_profit_fitness,1_day,rep_3
test,1,0,22406,22406,53560,83,7,313,8.75,4,16,2,-114.0,6,-114.0,0.0,114.0,0.0,114.0,0.0,-19.0,19.0,6,rolling,net_profit_fitness,1_day,rep_3
train,1,0,22406,22406,53560,84,7,305,9.5,4,16,2,114.0,4,114.0,152.0,38.0,4.0,38.0,0.5,28.5,19.0,2,rolling,net_profit_fitness,1_day,rep_3
test,1,0,22406,22406,53560,84,7,305,9.5,4,16,2,-76.0,4,-76.0,0.0,76.0,0.0,76.0,0.0,-19.0,19.0,4,rolling,net_profit_fitness,1_day,rep_3
train,1,0,22406,22406,53560,85,6,304,9.5,4,16,2,114.0,4,114.0,152.0,38.0,4.0,38.0,0.5,28.5,19.0,2,rolling,net_profit_fitness,1_day,rep_3
test,1,0,22406,22406,53560,85,6,304,9.5,4,16,2,-95.0,5,-95.0,0.0,95.0,0.0,95.0,0.0,-19.0,19.0,5,rolling,net_profit_fitness,1_day,rep_3
train,1,0,22406,22406,53560,86,3,302,9.0,3,16,2,133.0,8,133.0,228.0,95.0,2.4,38.0,0.375,16.625,19.0,2,rolling,net_profit_fitness,1_day,rep_3
test,1,0,22406,22406,53560,86,3,302,9.0,3,16,2,-475.0,25,-475.0,0.0,475.0,0.0,475.0,0.0,-19.0,19.0,25,rolling,net_profit_fitness,1_day,rep_3
train,1,0,22406,22406,53560,87,6,319,9.0,2,16,2,152.0,12,152.0,304.0,152.0,2.0,114.0,0.3333333333333333,12.666666666666666,19.0,6,rolling,net_profit_fitness,1_day,rep_3
test,1,0,22406,22406,53560,87,6,319,9.0,2,16,2,-361.0,19,-361.0,0.0,361.0,0.0,361.0,0.0,-19.0,19.0,19,rolling,net_profit_fitness,1_day,rep_3
train,1,0,22406,22406,53560,88,6,292,9.0,2,16,2,171.0,11,171.0,304.0,133.0,2.2857142857142856,95.0,0.3636363636363636,15.545454545454543,19.0,5,rolling,net_profit_fitness,1_day,rep_3
test,1,0,22406,22406,53560,88,6,292,9.0,2,16,2,-361.0,19,-361.0,0.0,361.0,0.0,361.0,0.0,-19.0,19.0,19,rolling,net_profit_fitness,1_day,rep_3
train,1,0,22406,22406,53560,89,6,292,9.75,2,16,2,171.0,11,171.0,304.0,133.0,2.2857142857142856,95.0,0.3636363636363636,15.545454545454543,19.0,5,rolling,net_profit_fitness,1_day,rep_3
test,1,0,22406,22406,53560,89,6,292,9.75,2,16,2,-361.0,19,-361.0,0.0,361.0,0.0,361.0,0.0,-19.0,19.0,19,rolling,net_profit_fitness,1_day,rep_3
train,1,0,22406,22406,53560,90,6,304,9.25,2,17,2,172.0,12,172.0,324.0,152.0,2.131578947368421,114.0,0.3333333333333333,14.333333333333334,19.0,6,rolling,net_profit_fitness,1_day,rep_3
test,1,0,22406,22406,53560,90,6,304,9.25,2,17,2,-361.0,19,-361.0,0.0,361.0,0.0,361.0,0.0,-19.0,19.0,19,rolling,net_profit_fitness,1_day,rep_3
train,1,0,22406,22406,53560,91,6,304,9.0,2,17,2,172.0,12,172.0,324.0,152.0,2.131578947368421,114.0,0.3333333333333333,14.333333333333334,19.0,6,rolling,net_profit_fitness,1_day,rep_3
test,1,0,22406,22406,53560,91,6,304,9.0,2,17,2,-361.0,19,-361.0,0.0,361.0,0.0,361.0,0.0,-19.0,19.0,19,rolling,net_profit_fitness,1_day,rep_3
train,1,0,22406,22406,53560,92,6,294,9.0,2,17,2,191.0,11,191.0,324.0,133.0,2.43609022556391,95.0,0.3636363636363636,17.363636363636363,19.0,5,rolling,net_profit_fitness,1_day,rep_3
test,1,0,22406,22406,53560,92,6,294,9.0,2,17,2,-361.0,19,-361.0,0.0,361.0,0.0,361.0,0.0,-19.0,19.0,19,rolling,net_profit_fitness,1_day,rep_3
train,1,0,22406,22406,53560,93,6,319,9.0,2,19,2,212.0,12,212.0,364.0,152.0,2.3947368421052637,114.0,0.3333333333333333,17.666666666666668,19.0,6,rolling,net_profit_fitness,1_day,rep_3
test,1,0,22406,22406,53560,93,6,319,9.0,2,19,2,-361.0,19,-361.0,0.0,361.0,0.0,361.0,0.0,-19.0,19.0,19,rolling,net_profit_fitness,1_day,rep_3
train,1,0,22406,22406,53560,94,6,290,9.0,2,19,2,231.0,11,231.0,364.0,133.0,2.736842105263158,95.0,0.3636363636363636,21.0,19.0,5,rolling,net_profit_fitness,1_day,rep_3
test,1,0,22406,22406,53560,94,6,290,9.0,2,19,2,-361.0,19,-361.0,0.0,361.0,0.0,361.0,0.0,-19.0,19.0,19,rolling,net_profit_fitness,1_day,rep_3
train,1,0,22406,22406,53560,95,6,299,9.0,2,20,2,251.0,11,251.0,384.0,133.0,2.887218045112782,95.0,0.3636363636363636,22.818181818181817,19.0,5,rolling,net_profit_fitness,1_day,rep_3
test,1,0,22406,22406,53560,95,6,299,9.0,2,20,2,-361.0,19,-361.0,0.0,361.0,0.0,361.0,0.0,-19.0,19.0,19,rolling,net_profit_fitness,1_day,rep_3
train,1,0,22406,22406,53560,96,6,290,9.25,2,20,2,251.0,11,251.0,384.0,133.0,2.887218045112782,95.0,0.3636363636363636,22.818181818181817,19.0,5,rolling,net_profit_fitness,1_day,rep_3
test,1,0,22406,22406,53560,96,6,290,9.25,2,20,2,-361.0,19,-361.0,0.0,361.0,0.0,361.0,0.0,-19.0,19.0,19,rolling,net_profit_fitness,1_day,rep_3
train,1,0,22406,22406,53560,97,6,302,9.0,2,20,2,251.0,11,251.0,384.0,133.0,2.887218045112782,95.0,0.3636363636363636,22.818181818181817,19.0,5,rolling,net_profit_fitness,1_day,rep_3
test,1,0,22406,22406,53560,97,6,302,9.0,2,20,2,-361.0,19,-361.0,0.0,361.0,0.0,361.0,0.0,-19.0,19.0,19,rolling,net_profit_fitness,1_day,rep_3
train,1,0,22406,22406,53560,98,6,290,9.75,2,21,2,271.0,11,271.0,404.0,133.0,3.037593984962406,95.0,0.3636363636363636,24.63636363636364,19.0,5,rolling,net_profit_fitness,1_day,rep_3
test,1,0,22406,22406,53560,98,6,290,9.75,2,21,2,-361.0,19,-361.0,0.0,361.0,0.0,361.0,0.0,-19.0,19.0,19,rolling,net_profit_fitness,1_day,rep_3
train,1,0,22406,22406,53560,99,6,290,9.75,2,21,2,271.0,11,271.0,404.0,133.0,3.037593984962406,95.0,0.3636363636363636,24.63636363636364,19.0,5,rolling,net_profit_fitness,1_day,rep_3
test,1,0,22406,22406,53560,99,6,290,9.75,2,21,2,-361.0,19,-361.0,0.0,361.0,0.0,361.0,0.0,-19.0,19.0,19,rolling,net_profit_fitness,1_day,rep_3
train,1,0,22406,22406,53560,100,6,290,9.75,2,21,2,271.0,11,271.0,404.0,133.0,3.037593984962406,95.0,0.3636363636363636,24.63636363636364,19.0,5,rolling,net_profit_fitness,1_day,rep_3
test,1,0,22406,22406,53560,100,6,290,9.75,2,21,2,-361.0,19,-361.0,0.0,361.0,0.0,361.0,0.0,-19.0,19.0,19,rolling,net_profit_fitness,1_day,rep_3
train,2,22406,53560,53560,86986,0,14,2657,4.5,3,22,29,106.0,1,106.0,106.0,0.0,inf,0.0,1.0,106.0,0.0,0,rolling,net_profit_fitness,1_day,rep_3
test,2,22406,53560,53560,86986,0,14,2657,4.5,3,22,29,-48.0,2,-48.0,106.0,154.0,0.6883116883116883,154.0,0.5,-24.0,154.0,1,rolling,net_profit_fitness,1_day,rep_3
train,2,22406,53560,53560,86986,1,7,617,6.25,5,27,3,177.0,12,177.0,393.0,216.0,1.8194444444444444,96.0,0.25,14.75,24.0,4,rolling,net_profit_fitness,1_day,rep_3
test,2,22406,53560,53560,86986,1,7,617,6.25,5,27,3,-98.0,17,-98.0,262.0,360.0,0.7277777777777777,336.0,0.1176470588235294,-5.764705882352941,24.0,14,rolling,net_profit_fitness,1_day,rep_3
train,2,22406,53560,53560,86986,2,7,617,6.25,5,27,3,177.0,12,177.0,393.0,216.0,1.8194444444444444,96.0,0.25,14.75,24.0,4,rolling,net_profit_fitness,1_day,rep_3
test,2,22406,53560,53560,86986,2,7,617,6.25,5,27,3,-98.0,17,-98.0,262.0,360.0,0.7277777777777777,336.0,0.1176470588235294,-5.764705882352941,24.0,14,rolling,net_profit_fitness,1_day,rep_3
train,2,22406,53560,53560,86986,3,7,2817,7.75,5,30,3,198.0,13,198.0,438.0,240.0,1.825,120.0,0.2307692307692307,15.23076923076923,24.0,5,rolling,net_profit_fitness,1_day,rep_3
test,2,22406,53560,53560,86986,3,7,2817,7.75,5,30,3,-286.0,19,-286.0,146.0,432.0,0.3379629629629629,408.0,0.0526315789473684,-15.052631578947368,24.0,17,rolling,net_profit_fitness,1_day,rep_3
train,2,22406,53560,53560,86986,4,7,2817,7.75,5,20,3,168.0,13,168.0,384.0,216.0,1.7777777777777777,72.0,0.3076923076923077,12.923076923076923,24.0,3,rolling,net_profit_fitness,1_day,rep_3
test,2,22406,53560,53560,86986,4,7,2817,7.75,5,20,3,-240.0,20,-240.0,192.0,432.0,0.4444444444444444,408.0,0.1,-12.0,24.0,17,rolling,net_profit_fitness,1_day,rep_3
train,2,22406,53560,53560,86986,5,14,2817,5.25,7,22,19,106.0,1,106.0,106.0,0.0,inf,0.0,1.0,106.0,0.0,0,rolling,net_profit_fitness,1_day,rep_3
test,2,22406,53560,53560,86986,5,14,2817,5.25,7,22,19,2.0,2,2.0,106.0,104.0,1.0192307692307692,104.0,0.5,1.0,104.0,1,rolling,net_profit_fitness,1_day,rep_3
train,2,22406,53560,53560,86986,6,14,3577,5.25,8,22,3,106.0,1,106.0,106.0,0.0,inf,0.0,1.0,106.0,0.0,0,rolling,net_profit_fitness,1_day,rep_3
test,2,22406,53560,53560,86986,6,14,3577,5.25,8,22,3,82.0,2,82.0,106.0,24.0,4.416666666666667,24.0,0.5,41.0,24.0,1,rolling,net_profit_fitness,1_day,rep_3
train,2,22406,53560,53560,86986,7,14,3577,5.25,8,22,3,106.0,1,106.0,106.0,0.0,inf,0.0,1.0,106.0,0.0,0,rolling,net_profit_fitness,1_day,rep_3
test,2,22406,53560,53560,86986,7,14,3577,5.25,8,22,3,82.0,2,82.0,106.0,24.0,4.416666666666667,24.0,0.5,41.0,24.0,1,rolling,net_profit_fitness,1_day,rep_3
train,2,22406,53560,53560,86986,8,14,2399,4.5,7,22,6,106.0,1,106.0,106.0,0.0,inf,0.0,1.0,106.0,0.0,0,rolling,net_profit_fitness,1_day,rep_3
test,2,22406,53560,53560,86986,8,14,2399,4.5,7,22,6,67.0,2,67.0,106.0,39.0,2.717948717948718,39.0,0.5,33.5,39.0,1,rolling,net_profit_fitness,1_day,rep_3
train,2,22406,53560,53560,86986,9,14,1127,7.75,8,22,19,106.0,1,106.0,106.0,0.0,inf,0.0,1.0,106.0,0.0,0,rolling,net_profit_fitness,1_day,rep_3
test,2,22406,53560,53560,86986,9,14,1127,7.75,8,22,19,2.0,2,2.0,106.0,104.0,1.0192307692307692,104.0,0.5,1.0,104.0,1,rolling,net_profit_fitness,1_day,rep_3
train,2,22406,53560,53560,86986,10,14,2805,4.5,6,22,30,106.0,1,106.0,106.0,0.0,inf,0.0,1.0,106.0,0.0,0,rolling,net_profit_fitness,1_day,rep_3
test,2,22406,53560,53560,86986,10,14,2805,4.5,6,22,30,-53.0,2,-53.0,106.0,159.0,0.6666666666666666,159.0,0.5,-26.5,159.0,1,rolling,net_profit_fitness,1_day,rep_3
train,2,22406,53560,53560,86986,11,14,2540,4.5,5,22,11,106.0,1,106.0,106.0,0.0,inf,0.0,1.0,106.0,0.0,0,rolling,net_profit_fitness,1_day,rep_3
test,2,22406,53560,53560,86986,11,14,2540,4.5,5,22,11,42.0,2,42.0,106.0,64.0,1.65625,64.0,0.5,21.0,64.0,1,rolling,net_profit_fitness,1_day,rep_3
train,2,22406,53560,53560,86986,12,14,1127,7.75,7,22,3,106.0,1,106.0,106.0,0.0,inf,0.0,1.0,106.0,0.0,0,rolling,net_profit_fitness,1_day,rep_3
test,2,22406,53560,53560,86986,12,14,1127,7.75,7,22,3,82.0,2,82.0,106.0,24.0,4.416666666666667,24.0,0.5,41.0,24.0,1,rolling,net_profit_fitness,1_day,rep_3
train,2,22406,53560,53560,86986,13,14,2817,6.5,8,22,6,106.0,1,106.0,106.0,0.0,inf,0.0,1.0,106.0,0.0,0,rolling,net_profit_fitness,1_day,rep_3
test,2,22406,53560,53560,86986,13,14,2817,6.5,8,22,6,67.0,2,67.0,106.0,39.0,2.717948717948718,39.0,0.5,33.5,39.0,1,rolling,net_profit_fitness,1_day,rep_3
train,2,22406,53560,53560,86986,14,14,1127,7.75,7,22,7,106.0,1,106.0,106.0,0.0,inf,0.0,1.0,106.0,0.0,0,rolling,net_profit_fitness,1_day,rep_3
test,2,22406,53560,53560,86986,14,14,1127,7.75,7,22,7,62.0,2,62.0,106.0,44.0,2.409090909090909,44.0,0.5,31.0,44.0,1,rolling,net_profit_fitness,1_day,rep_3
train,2,22406,53560,53560,86986,15,14,2444,4.5,5,22,30,106.0,1,106.0,106.0,0.0,inf,0.0,1.0,106.0,0.0,0,rolling,net_profit_fitness,1_day,rep_3
test,2,22406,53560,53560,86986,15,14,2444,4.5,5,22,30,-53.0,2,-53.0,106.0,159.0,0.6666666666666666,159.0,0.5,-26.5,159.0,1,rolling,net_profit_fitness,1_day,rep_3
train,2,22406,53560,53560,86986,16,14,2968,7.75,6,22,11,106.0,1,106.0,106.0,0.0,inf,0.0,1.0,106.0,0.0,0,rolling,net_profit_fitness,1_day,rep_3
test,2,22406,53560,53560,86986,16,14,2968,7.75,6,22,11,42.0,2,42.0,106.0,64.0,1.65625,64.0,0.5,21.0,64.0,1,rolling,net_profit_fitness,1_day,rep_3
train,2,22406,53560,53560,86986,17,14,1127,7.75,6,22,11,106.0,1,106.0,106.0,0.0,inf,0.0,1.0,106.0,0.0,0,rolling,net_profit_fitness,1_day,rep_3
test,2,22406,53560,53560,86986,17,14,1127,7.75,6,22,11,42.0,2,42.0,106.0,64.0,1.65625,64.0,0.5,21.0,64.0,1,rolling,net_profit_fitness,1_day,rep_3
train,2,22406,53560,53560,86986,18,14,2647,8.25,5,22,8,106.0,1,106.0,106.0,0.0,inf,0.0,1.0,106.0,0.0,0,rolling,net_profit_fitness,1_day,rep_3
test,2,22406,53560,53560,86986,18,14,2647,8.25,5,22,8,57.0,2,57.0,106.0,49.0,2.163265306122449,49.0,0.5,28.5,49.0,1,rolling,net_profit_fitness,1_day,rep_3
train,2,22406,53560,53560,86986,19,14,2619,7.75,4,22,3,106.0,1,106.0,106.0,0.0,inf,0.0,1.0,106.0,0.0,0,rolling,net_profit_fitness,1_day,rep_3
test,2,22406,53560,53560,86986,19,14,2619,7.75,4,22,3,82.0,2,82.0,106.0,24.0,4.416666666666667,24.0,0.5,41.0,24.0,1,rolling,net_profit_fitness,1_day,rep_3
train,2,22406,53560,53560,86986,20,14,3158,10.0,4,22,2,106.0,1,106.0,106.0,0.0,inf,0.0,1.0,106.0,0.0,0,rolling,net_profit_fitness,1_day,rep_3
test,2,22406,53560,53560,86986,20,14,3158,10.0,4,22,2,87.0,2,87.0,106.0,19.0,5.578947368421052,19.0,0.5,43.5,19.0,1,rolling,net_profit_fitness,1_day,rep_3
train,2,22406,53560,53560,86986,21,14,3306,7.75,5,22,10,106.0,1,106.0,106.0,0.0,inf,0.0,1.0,106.0,0.0,0,rolling,net_profit_fitness,1_day,rep_3
test,2,22406,53560,53560,86986,21,14,3306,7.75,5,22,10,47.0,2,47.0,106.0,59.0,1.7966101694915255,59.0,0.5,23.5,59.0,1,rolling,net_profit_fitness,1_day,rep_3
train,2,22406,53560,53560,86986,22,14,3158,10.0,3,22,30,106.0,1,106.0,106.0,0.0,inf,0.0,1.0,106.0,0.0,0,rolling,net_profit_fitness,1_day,rep_3
test,2,22406,53560,53560,86986,22,14,3158,10.0,3,22,30,-53.0,2,-53.0,106.0,159.0,0.6666666666666666,159.0,0.5,-26.5,159.0,1,rolling,net_profit_fitness,1_day,rep_3
train,2,22406,53560,53560,86986,23,14,3158,10.0,3,22,6,106.0,1,106.0,106.0,0.0,inf,0.0,1.0,106.0,0.0,0,rolling,net_profit_fitness,1_day,rep_3
test,2,22406,53560,53560,86986,23,14,3158,10.0,3,22,6,67.0,2,67.0,106.0,39.0,2.717948717948718,39.0,0.5,33.5,39.0,1,rolling,net_profit_fitness,1_day,rep_3
train,2,22406,53560,53560,86986,24,14,2647,7.75,3,22,2,106.0,1,106.0,106.0,0.0,inf,0.0,1.0,106.0,0.0,0,rolling,net_profit_fitness,1_day,rep_3
test,2,22406,53560,53560,86986,24,14,2647,7.75,3,22,2,87.0,2,87.0,106.0,19.0,5.578947368421052,19.0,0.5,43.5,19.0,1,rolling,net_profit_fitness,1_day,rep_3
train,2,22406,53560,53560,86986,25,14,617,10.0,5,22,4,106.0,1,106.0,106.0,0.0,inf,0.0,1.0,106.0,0.0,0,rolling,net_profit_fitness,1_day,rep_3
test,2,22406,53560,53560,86986,25,14,617,10.0,5,22,4,77.0,2,77.0,106.0,29.0,3.655172413793104,29.0,0.5,38.5,29.0,1,rolling,net_profit_fitness,1_day,rep_3
train,2,22406,53560,53560,86986,26,14,916,4.5,8,22,2,106.0,1,106.0,106.0,0.0,inf,0.0,1.0,106.0,0.0,0,rolling,net_profit_fitness,1_day,rep_3
test,2,22406,53560,53560,86986,26,14,916,4.5,8,22,2,87.0,2,87.0,106.0,19.0,5.578947368421052,19.0,0.5,43.5,19.0,1,rolling,net_profit_fitness,1_day,rep_3
train,2,22406,53560,53560,86986,27,14,617,7.75,7,22,7,106.0,1,106.0,106.0,0.0,inf,0.0,1.0,106.0,0.0,0,rolling,net_profit_fitness,1_day,rep_3
test,2,22406,53560,53560,86986,27,14,617,7.75,7,22,7,62.0,2,62.0,106.0,44.0,2.409090909090909,44.0,0.5,31.0,44.0,1,rolling,net_profit_fitness,1_day,rep_3
train,2,22406,53560,53560,86986,28,14,3306,4.5,2,22,19,106.0,1,106.0,106.0,0.0,inf,0.0,1.0,106.0,0.0,0,rolling,net_profit_fitness,1_day,rep_3
test,2,22406,53560,53560,86986,28,14,3306,4.5,2,22,19,2.0,2,2.0,106.0,104.0,1.0192307692307692,104.0,0.5,1.0,104.0,1,rolling,net_profit_fitness,1_day,rep_3
train,2,22406,53560,53560,86986,29,14,3140,4.75,6,22,19,106.0,1,106.0,106.0,0.0,inf,0.0,1.0,106.0,0.0,0,rolling,net_profit_fitness,1_day,rep_3
test,2,22406,53560,53560,86986,29,14,3140,4.75,6,22,19,2.0,2,2.0,106.0,104.0,1.0192307692307692,104.0,0.5,1.0,104.0,1,rolling,net_profit_fitness,1_day,rep_3
train,2,22406,53560,53560,86986,30,14,2647,6.5,7,22,4,106.0,1,106.0,106.0,0.0,inf,0.0,1.0,106.0,0.0,0,rolling,net_profit_fitness,1_day,rep_3
test,2,22406,53560,53560,86986,30,14,2647,6.5,7,22,4,77.0,2,77.0,106.0,29.0,3.655172413793104,29.0,0.5,38.5,29.0,1,rolling,net_profit_fitness,1_day,rep_3
train,2,22406,53560,53560,86986,31,14,2671,8.0,8,22,21,106.0,1,106.0,106.0,0.0,inf,0.0,1.0,106.0,0.0,0,rolling,net_profit_fitness,1_day,rep_3
test,2,22406,53560,53560,86986,31,14,2671,8.0,8,22,21,-8.0,2,-8.0,106.0,114.0,0.9298245614035088,114.0,0.5,-4.0,114.0,1,rolling,net_profit_fitness,1_day,rep_3
train,2,22406,53560,53560,86986,32,14,3306,7.75,2,22,7,106.0,1,106.0,106.0,0.0,inf,0.0,1.0,106.0,0.0,0,rolling,net_profit_fitness,1_day,rep_3
test,2,22406,53560,53560,86986,32,14,3306,7.75,2,22,7,62.0,2,62.0,106.0,44.0,2.409090909090909,44.0,0.5,31.0,44.0,1,rolling,net_profit_fitness,1_day,rep_3
train,2,22406,53560,53560,86986,33,14,2619,8.0,7,22,3,106.0,1,106.0,106.0,0.0,inf,0.0,1.0,106.0,0.0,0,rolling,net_profit_fitness,1_day,rep_3
test,2,22406,53560,53560,86986,33,14,2619,8.0,7,22,3,82.0,2,82.0,106.0,24.0,4.416666666666667,24.0,0.5,41.0,24.0,1,rolling,net_profit_fitness,1_day,rep_3
train,2,22406,53560,53560,86986,34,14,3339,8.25,7,22,10,106.0,1,106.0,106.0,0.0,inf,0.0,1.0,106.0,0.0,0,rolling,net_profit_fitness,1_day,rep_3
test,2,22406,53560,53560,86986,34,14,3339,8.25,7,22,10,47.0,2,47.0,106.0,59.0,1.7966101694915255,59.0,0.5,23.5,59.0,1,rolling,net_profit_fitness,1_day,rep_3
train,2,22406,53560,53560,86986,35,14,2995,8.25,8,22,21,106.0,1,106.0,106.0,0.0,inf,0.0,1.0,106.0,0.0,0,rolling,net_profit_fitness,1_day,rep_3
test,2,22406,53560,53560,86986,35,14,2995,8.25,8,22,21,-8.0,2,-8.0,106.0,114.0,0.9298245614035088,114.0,0.5,-4.0,114.0,1,rolling,net_profit_fitness,1_day,rep_3
train,2,22406,53560,53560,86986,36,14,2729,8.0,4,22,7,106.0,1,106.0,106.0,0.0,inf,0.0,1.0,106.0,0.0,0,rolling,net_profit_fitness,1_day,rep_3
test,2,22406,53560,53560,86986,36,14,2729,8.0,4,22,7,62.0,2,62.0,106.0,44.0,2.409090909090909,44.0,0.5,31.0,44.0,1,rolling,net_profit_fitness,1_day,rep_3
train,2,22406,53560,53560,86986,37,14,3270,8.0,7,22,6,106.0,1,106.0,106.0,0.0,inf,0.0,1.0,106.0,0.0,0,rolling,net_profit_fitness,1_day,rep_3
test,2,22406,53560,53560,86986,37,14,3270,8.0,7,22,6,67.0,2,67.0,106.0,39.0,2.717948717948718,39.0,0.5,33.5,39.0,1,rolling,net_profit_fitness,1_day,rep_3
train,2,22406,53560,53560,86986,38,14,634,4.25,7,22,30,106.0,1,106.0,106.0,0.0,inf,0.0,1.0,106.0,0.0,0,rolling,net_profit_fitness,1_day,rep_3
test,2,22406,53560,53560,86986,38,14,634,4.25,7,22,30,-53.0,2,-53.0,106.0,159.0,0.6666666666666666,159.0,0.5,-26.5,159.0,1,rolling,net_profit_fitness,1_day,rep_3
train,2,22406,53560,53560,86986,39,14,3205,4.0,4,22,6,106.0,1,106.0,106.0,0.0,inf,0.0,1.0,106.0,0.0,0,rolling,net_profit_fitness,1_day,rep_3
test,2,22406,53560,53560,86986,39,14,3205,4.0,4,22,6,67.0,2,67.0,106.0,39.0,2.717948717948718,39.0,0.5,33.5,39.0,1,rolling,net_profit_fitness,1_day,rep_3
train,2,22406,53560,53560,86986,40,14,2729,6.0,4,22,19,106.0,1,106.0,106.0,0.0,inf,0.0,1.0,106.0,0.0,0,rolling,net_profit_fitness,1_day,rep_3
test,2,22406,53560,53560,86986,40,14,2729,6.0,4,22,19,2.0,2,2.0,106.0,104.0,1.0192307692307692,104.0,0.5,1.0,104.0,1,rolling,net_profit_fitness,1_day,rep_3
train,2,22406,53560,53560,86986,41,14,3001,6.25,7,22,20,106.0,1,106.0,106.0,0.0,inf,0.0,1.0,106.0,0.0,0,rolling,net_profit_fitness,1_day,rep_3
test,2,22406,53560,53560,86986,41,14,3001,6.25,7,22,20,-3.0,2,-3.0,106.0,109.0,0.9724770642201837,109.0,0.5,-1.5,109.0,1,rolling,net_profit_fitness,1_day,rep_3
train,2,22406,53560,53560,86986,42,14,2647,6.25,8,22,19,106.0,1,106.0,106.0,0.0,inf,0.0,1.0,106.0,0.0,0,rolling,net_profit_fitness,1_day,rep_3
test,2,22406,53560,53560,86986,42,14,2647,6.25,8,22,19,2.0,2,2.0,106.0,104.0,1.0192307692307692,104.0,0.5,1.0,104.0,1,rolling,net_profit_fitness,1_day,rep_3
train,2,22406,53560,53560,86986,43,14,2729,3.75,3,22,19,106.0,1,106.0,106.0,0.0,inf,0.0,1.0,106.0,0.0,0,rolling,net_profit_fitness,1_day,rep_3
test,2,22406,53560,53560,86986,43,14,2729,3.75,3,22,19,2.0,2,2.0,106.0,104.0,1.0192307692307692,104.0,0.5,1.0,104.0,1,rolling,net_profit_fitness,1_day,rep_3
train,2,22406,53560,53560,86986,44,14,2760,6.25,8,22,30,106.0,1,106.0,106.0,0.0,inf,0.0,1.0,106.0,0.0,0,rolling,net_profit_fitness,1_day,rep_3
test,2,22406,53560,53560,86986,44,14,2760,6.25,8,22,30,-53.0,2,-53.0,106.0,159.0,0.6666666666666666,159.0,0.5,-26.5,159.0,1,rolling,net_profit_fitness,1_day,rep_3
train,2,22406,53560,53560,86986,45,14,2815,8.0,4,22,30,106.0,1,106.0,106.0,0.0,inf,0.0,1.0,106.0,0.0,0,rolling,net_profit_fitness,1_day,rep_3
test,2,22406,53560,53560,86986,45,14,2815,8.0,4,22,30,-53.0,2,-53.0,106.0,159.0,0.6666666666666666,159.0,0.5,-26.5,159.0,1,rolling,net_profit_fitness,1_day,rep_3
train,2,22406,53560,53560,86986,46,14,2488,8.0,4,22,11,106.0,1,106.0,106.0,0.0,inf,0.0,1.0,106.0,0.0,0,rolling,net_profit_fitness,1_day,rep_3
test,2,22406,53560,53560,86986,46,14,2488,8.0,4,22,11,42.0,2,42.0,106.0,64.0,1.65625,64.0,0.5,21.0,64.0,1,rolling,net_profit_fitness,1_day,rep_3
train,2,22406,53560,53560,86986,47,14,3206,6.25,8,22,11,106.0,1,106.0,106.0,0.0,inf,0.0,1.0,106.0,0.0,0,rolling,net_profit_fitness,1_day,rep_3
test,2,22406,53560,53560,86986,47,14,3206,6.25,8,22,11,42.0,2,42.0,106.0,64.0,1.65625,64.0,0.5,21.0,64.0,1,rolling,net_profit_fitness,1_day,rep_3
train,2,22406,53560,53560,86986,48,14,2995,8.0,8,22,22,106.0,1,106.0,106.0,0.0,inf,0.0,1.0,106.0,0.0,0,rolling,net_profit_fitness,1_day,rep_3
test,2,22406,53560,53560,86986,48,14,2995,8.0,8,22,22,-13.0,2,-13.0,106.0,119.0,0.8907563025210085,119.0,0.5,-6.5,119.0,1,rolling,net_profit_fitness,1_day,rep_3
train,2,22406,53560,53560,86986,49,14,2980,8.0,8,22,11,106.0,1,106.0,106.0,0.0,inf,0.0,1.0,106.0,0.0,0,rolling,net_profit_fitness,1_day,rep_3
test,2,22406,53560,53560,86986,49,14,2980,8.0,8,22,11,42.0,2,42.0,106.0,64.0,1.65625,64.0,0.5,21.0,64.0,1,rolling,net_profit_fitness,1_day,rep_3
train,2,22406,53560,53560,86986,50,14,2995,3.75,9,22,5,106.0,1,106.0,106.0,0.0,inf,0.0,1.0,106.0,0.0,0,rolling,net_profit_fitness,1_day,rep_3
test,2,22406,53560,53560,86986,50,14,2995,3.75,9,22,5,72.0,2,72.0,106.0,34.0,3.117647058823529,34.0,0.5,36.0,34.0,1,rolling,net_profit_fitness,1_day,rep_3
train,2,22406,53560,53560,86986,51,14,3306,6.5,8,22,5,106.0,1,106.0,106.0,0.0,inf,0.0,1.0,106.0,0.0,0,rolling,net_profit_fitness,1_day,rep_3
test,2,22406,53560,53560,86986,51,14,3306,6.5,8,22,5,72.0,2,72.0,106.0,34.0,3.117647058823529,34.0,0.5,36.0,34.0,1,rolling,net_profit_fitness,1_day,rep_3
train,2,22406,53560,53560,86986,52,14,2724,6.5,8,22,30,106.0,1,106.0,106.0,0.0,inf,0.0,1.0,106.0,0.0,0,rolling,net_profit_fitness,1_day,rep_3
test,2,22406,53560,53560,86986,52,14,2724,6.5,8,22,30,-53.0,2,-53.0,106.0,159.0,0.6666666666666666,159.0,0.5,-26.5,159.0,1,rolling,net_profit_fitness,1_day,rep_3
train,2,22406,53560,53560,86986,53,14,2888,6.5,8,22,21,106.0,1,106.0,106.0,0.0,inf,0.0,1.0,106.0,0.0,0,rolling,net_profit_fitness,1_day,rep_3
test,2,22406,53560,53560,86986,53,14,2888,6.5,8,22,21,-8.0,2,-8.0,106.0,114.0,0.9298245614035088,114.0,0.5,-4.0,114.0,1,rolling,net_profit_fitness,1_day,rep_3
train,2,22406,53560,53560,86986,54,14,2888,4.25,2,22,4,106.0,1,106.0,106.0,0.0,inf,0.0,1.0,106.0,0.0,0,rolling,net_profit_fitness,1_day,rep_3
test,2,22406,53560,53560,86986,54,14,2888,4.25,2,22,4,77.0,2,77.0,106.0,29.0,3.655172413793104,29.0,0.5,38.5,29.0,1,rolling,net_profit_fitness,1_day,rep_3
train,2,22406,53560,53560,86986,55,14,3001,6.25,7,22,12,106.0,1,106.0,106.0,0.0,inf,0.0,1.0,106.0,0.0,0,rolling,net_profit_fitness,1_day,rep_3
test,2,22406,53560,53560,86986,55,14,3001,6.25,7,22,12,37.0,2,37.0,106.0,69.0,1.536231884057971,69.0,0.5,18.5,69.0,1,rolling,net_profit_fitness,1_day,rep_3
train,2,22406,53560,53560,86986,56,14,2488,4.0,9,22,29,106.0,1,106.0,106.0,0.0,inf,0.0,1.0,106.0,0.0,0,rolling,net_profit_fitness,1_day,rep_3
test,2,22406,53560,53560,86986,56,14,2488,4.0,9,22,29,-48.0,2,-48.0,106.0,154.0,0.6883116883116883,154.0,0.5,-24.0,154.0,1,rolling,net_profit_fitness,1_day,rep_3
train,2,22406,53560,53560,86986,57,14,2639,8.25,5,22,22,106.0,1,106.0,106.0,0.0,inf,0.0,1.0,106.0,0.0,0,rolling,net_profit_fitness,1_day,rep_3
test,2,22406,53560,53560,86986,57,14,2639,8.25,5,22,22,-13.0,2,-13.0,106.0,119.0,0.8907563025210085,119.0,0.5,-6.5,119.0,1,rolling,net_profit_fitness,1_day,rep_3
train,2,22406,53560,53560,86986,58,14,2639,6.75,2,22,10,106.0,1,106.0,106.0,0.0,inf,0.0,1.0,106.0,0.0,0,rolling,net_profit_fitness,1_day,rep_3
test,2,22406,53560,53560,86986,58,14,2639,6.75,2,22,10,47.0,2,47.0,106.0,59.0,1.7966101694915255,59.0,0.5,23.5,59.0,1,rolling,net_profit_fitness,1_day,rep_3
train,2,22406,53560,53560,86986,59,14,3001,3.75,2,22,7,106.0,1,106.0,106.0,0.0,inf,0.0,1.0,106.0,0.0,0,rolling,net_profit_fitness,1_day,rep_3
test,2,22406,53560,53560,86986,59,14,3001,3.75,2,22,7,62.0,2,62.0,106.0,44.0,2.409090909090909,44.0,0.5,31.0,44.0,1,rolling,net_profit_fitness,1_day,rep_3
train,2,22406,53560,53560,86986,60,14,3206,8.0,9,22,19,106.0,1,106.0,106.0,0.0,inf,0.0,1.0,106.0,0.0,0,rolling,net_profit_fitness,1_day,rep_3
test,2,22406,53560,53560,86986,60,14,3206,8.0,9,22,19,-104.0,1,-104.0,0.0,104.0,0.0,104.0,0.0,-104.0,104.0,1,rolling,net_profit_fitness,1_day,rep_3
train,2,22406,53560,53560,86986,61,14,2639,8.25,7,22,18,106.0,1,106.0,106.0,0.0,inf,0.0,1.0,106.0,0.0,0,rolling,net_profit_fitness,1_day,rep_3
test,2,22406,53560,53560,86986,61,14,2639,8.25,7,22,18,7.0,2,7.0,106.0,99.0,1.0707070707070707,99.0,0.5,3.5,99.0,1,rolling,net_profit_fitness,1_day,rep_3
train,2,22406,53560,53560,86986,62,14,2639,3.75,9,22,7,106.0,1,106.0,106.0,0.0,inf,0.0,1.0,106.0,0.0,0,rolling,net_profit_fitness,1_day,rep_3
test,2,22406,53560,53560,86986,62,14,2639,3.75,9,22,7,62.0,2,62.0,106.0,44.0,2.409090909090909,44.0,0.5,31.0,44.0,1,rolling,net_profit_fitness,1_day,rep_3
train,2,22406,53560,53560,86986,63,14,2880,8.25,2,22,22,106.0,1,106.0,106.0,0.0,inf,0.0,1.0,106.0,0.0,0,rolling,net_profit_fitness,1_day,rep_3
test,2,22406,53560,53560,86986,63,14,2880,8.25,2,22,22,-13.0,2,-13.0,106.0,119.0,0.8907563025210085,119.0,0.5,-6.5,119.0,1,rolling,net_profit_fitness,1_day,rep_3
train,2,22406,53560,53560,86986,64,14,2850,6.5,7,22,30,106.0,1,106.0,106.0,0.0,inf,0.0,1.0,106.0,0.0,0,rolling,net_profit_fitness,1_day,rep_3
test,2,22406,53560,53560,86986,64,14,2850,6.5,7,22,30,-53.0,2,-53.0,106.0,159.0,0.6666666666666666,159.0,0.5,-26.5,159.0,1,rolling,net_profit_fitness,1_day,rep_3
train,2,22406,53560,53560,86986,65,14,3181,8.25,3,22,20,106.0,1,106.0,106.0,0.0,inf,0.0,1.0,106.0,0.0,0,rolling,net_profit_fitness,1_day,rep_3
test,2,22406,53560,53560,86986,65,14,3181,8.25,3,22,20,-3.0,2,-3.0,106.0,109.0,0.9724770642201837,109.0,0.5,-1.5,109.0,1,rolling,net_profit_fitness,1_day,rep_3
train,2,22406,53560,53560,86986,66,14,2880,8.25,3,22,22,106.0,1,106.0,106.0,0.0,inf,0.0,1.0,106.0,0.0,0,rolling,net_profit_fitness,1_day,rep_3
test,2,22406,53560,53560,86986,66,14,2880,8.25,3,22,22,-13.0,2,-13.0,106.0,119.0,0.8907563025210085,119.0,0.5,-6.5,119.0,1,rolling,net_profit_fitness,1_day,rep_3
train,2,22406,53560,53560,86986,67,14,2822,8.25,7,22,12,106.0,1,106.0,106.0,0.0,inf,0.0,1.0,106.0,0.0,0,rolling,net_profit_fitness,1_day,rep_3
test,2,22406,53560,53560,86986,67,14,2822,8.25,7,22,12,37.0,2,37.0,106.0,69.0,1.536231884057971,69.0,0.5,18.5,69.0,1,rolling,net_profit_fitness,1_day,rep_3
train,2,22406,53560,53560,86986,68,14,3206,8.25,3,22,29,106.0,1,106.0,106.0,0.0,inf,0.0,1.0,106.0,0.0,0,rolling,net_profit_fitness,1_day,rep_3
test,2,22406,53560,53560,86986,68,14,3206,8.25,3,22,29,-48.0,2,-48.0,106.0,154.0,0.6883116883116883,154.0,0.5,-24.0,154.0,1,rolling,net_profit_fitness,1_day,rep_3
train,2,22406,53560,53560,86986,69,14,2729,6.25,1,22,22,106.0,1,106.0,106.0,0.0,inf,0.0,1.0,106.0,0.0,0,rolling,net_profit_fitness,1_day,rep_3
test,2,22406,53560,53560,86986,69,14,2729,6.25,1,22,22,-13.0,2,-13.0,106.0,119.0,0.8907563025210085,119.0,0.5,-6.5,119.0,1,rolling,net_profit_fitness,1_day,rep_3
train,2,22406,53560,53560,86986,70,14,2729,8.75,8,22,8,106.0,1,106.0,106.0,0.0,inf,0.0,1.0,106.0,0.0,0,rolling,net_profit_fitness,1_day,rep_3
test,2,22406,53560,53560,86986,70,14,2729,8.75,8,22,8,57.0,2,57.0,106.0,49.0,2.163265306122449,49.0,0.5,28.5,49.0,1,rolling,net_profit_fitness,1_day,rep_3
train,2,22406,53560,53560,86986,71,14,2619,8.25,1,22,21,106.0,1,106.0,106.0,0.0,inf,0.0,1.0,106.0,0.0,0,rolling,net_profit_fitness,1_day,rep_3
test,2,22406,53560,53560,86986,71,14,2619,8.25,1,22,21,-8.0,2,-8.0,106.0,114.0,0.9298245614035088,114.0,0.5,-4.0,114.0,1,rolling,net_profit_fitness,1_day,rep_3
train,2,22406,53560,53560,86986,72,14,2729,8.25,3,22,21,106.0,1,106.0,106.0,0.0,inf,0.0,1.0,106.0,0.0,0,rolling,net_profit_fitness,1_day,rep_3
test,2,22406,53560,53560,86986,72,14,2729,8.25,3,22,21,-8.0,2,-8.0,106.0,114.0,0.9298245614035088,114.0,0.5,-4.0,114.0,1,rolling,net_profit_fitness,1_day,rep_3
train,2,22406,53560,53560,86986,73,14,2850,8.75,2,22,21,106.0,1,106.0,106.0,0.0,inf,0.0,1.0,106.0,0.0,0,rolling,net_profit_fitness,1_day,rep_3
test,2,22406,53560,53560,86986,73,14,2850,8.75,2,22,21,-8.0,2,-8.0,106.0,114.0,0.9298245614035088,114.0,0.5,-4.0,114.0,1,rolling,net_profit_fitness,1_day,rep_3
train,2,22406,53560,53560,86986,74,14,2850,6.25,8,22,10,106.0,1,106.0,106.0,0.0,inf,0.0,1.0,106.0,0.0,0,rolling,net_profit_fitness,1_day,rep_3
test,2,22406,53560,53560,86986,74,14,2850,6.25,8,22,10,47.0,2,47.0,106.0,59.0,1.7966101694915255,59.0,0.5,23.5,59.0,1,rolling,net_profit_fitness,1_day,rep_3
train,2,22406,53560,53560,86986,75,14,2619,6.5,8,22,19,106.0,1,106.0,106.0,0.0,inf,0.0,1.0,106.0,0.0,0,rolling,net_profit_fitness,1_day,rep_3
test,2,22406,53560,53560,86986,75,14,2619,6.5,8,22,19,2.0,2,2.0,106.0,104.0,1.0192307692307692,104.0,0.5,1.0,104.0,1,rolling,net_profit_fitness,1_day,rep_3
train,2,22406,53560,53560,86986,76,14,2619,4.0,4,22,20,106.0,1,106.0,106.0,0.0,inf,0.0,1.0,106.0,0.0,0,rolling,net_profit_fitness,1_day,rep_3
test,2,22406,53560,53560,86986,76,14,2619,4.0,4,22,20,-3.0,2,-3.0,106.0,109.0,0.9724770642201837,109.0,0.5,-1.5,109.0,1,rolling,net_profit_fitness,1_day,rep_3
train,2,22406,53560,53560,86986,77,14,2619,6.25,5,22,21,106.0,1,106.0,106.0,0.0,inf,0.0,1.0,106.0,0.0,0,rolling,net_profit_fitness,1_day,rep_3
test,2,22406,53560,53560,86986,77,14,2619,6.25,5,22,21,-8.0,2,-8.0,106.0,114.0,0.9298245614035088,114.0,0.5,-4.0,114.0,1,rolling,net_profit_fitness,1_day,rep_3
train,2,22406,53560,53560,86986,78,14,2435,6.5,2,22,22,106.0,1,106.0,106.0,0.0,inf,0.0,1.0,106.0,0.0,0,rolling,net_profit_fitness,1_day,rep_3
test,2,22406,53560,53560,86986,78,14,2435,6.5,2,22,22,-13.0,2,-13.0,106.0,119.0,0.8907563025210085,119.0,0.5,-6.5,119.0,1,rolling,net_profit_fitness,1_day,rep_3
train,2,22406,53560,53560,86986,79,14,2619,8.25,2,22,10,106.0,1,106.0,106.0,0.0,inf,0.0,1.0,106.0,0.0,0,rolling,net_profit_fitness,1_day,rep_3
test,2,22406,53560,53560,86986,79,14,2619,8.25,2,22,10,47.0,2,47.0,106.0,59.0,1.7966101694915255,59.0,0.5,23.5,59.0,1,rolling,net_profit_fitness,1_day,rep_3
train,2,22406,53560,53560,86986,80,14,2383,6.25,5,22,22,106.0,1,106.0,106.0,0.0,inf,0.0,1.0,106.0,0.0,0,rolling,net_profit_fitness,1_day,rep_3
test,2,22406,53560,53560,86986,80,14,2383,6.25,5,22,22,-13.0,2,-13.0,106.0,119.0,0.8907563025210085,119.0,0.5,-6.5,119.0,1,rolling,net_profit_fitness,1_day,rep_3
train,2,22406,53560,53560,86986,81,14,2885,3.25,2,22,9,106.0,1,106.0,106.0,0.0,inf,0.0,1.0,106.0,0.0,0,rolling,net_profit_fitness,1_day,rep_3
test,2,22406,53560,53560,86986,81,14,2885,3.25,2,22,9,52.0,2,52.0,106.0,54.0,1.962962962962963,54.0,0.5,26.0,54.0,1,rolling,net_profit_fitness,1_day,rep_3
train,2,22406,53560,53560,86986,82,14,2435,6.25,7,22,19,106.0,1,106.0,106.0,0.0,inf,0.0,1.0,106.0,0.0,0,rolling,net_profit_fitness,1_day,rep_3
test,2,22406,53560,53560,86986,82,14,2435,6.25,7,22,19,2.0,2,2.0,106.0,104.0,1.0192307692307692,104.0,0.5,1.0,104.0,1,rolling,net_profit_fitness,1_day,rep_3
train,2,22406,53560,53560,86986,83,14,3063,8.25,6,22,10,106.0,1,106.0,106.0,0.0,inf,0.0,1.0,106.0,0.0,0,rolling,net_profit_fitness,1_day,rep_3
test,2,22406,53560,53560,86986,83,14,3063,8.25,6,22,10,47.0,2,47.0,106.0,59.0,1.7966101694915255,59.0,0.5,23.5,59.0,1,rolling,net_profit_fitness,1_day,rep_3
train,2,22406,53560,53560,86986,84,14,2619,6.5,1,22,22,106.0,1,106.0,106.0,0.0,inf,0.0,1.0,106.0,0.0,0,rolling,net_profit_fitness,1_day,rep_3
test,2,22406,53560,53560,86986,84,14,2619,6.5,1,22,22,-13.0,2,-13.0,106.0,119.0,0.8907563025210085,119.0,0.5,-6.5,119.0,1,rolling,net_profit_fitness,1_day,rep_3
train,2,22406,53560,53560,86986,85,14,2619,8.25,2,22,24,106.0,1,106.0,106.0,0.0,inf,0.0,1.0,106.0,0.0,0,rolling,net_profit_fitness,1_day,rep_3
test,2,22406,53560,53560,86986,85,14,2619,8.25,2,22,24,-23.0,2,-23.0,106.0,129.0,0.8217054263565892,129.0,0.5,-11.5,129.0,1,rolling,net_profit_fitness,1_day,rep_3
train,2,22406,53560,53560,86986,86,14,2850,3.25,1,22,18,106.0,1,106.0,106.0,0.0,inf,0.0,1.0,106.0,0.0,0,rolling,net_profit_fitness,1_day,rep_3
test,2,22406,53560,53560,86986,86,14,2850,3.25,1,22,18,7.0,2,7.0,106.0,99.0,1.0707070707070707,99.0,0.5,3.5,99.0,1,rolling,net_profit_fitness,1_day,rep_3
train,2,22406,53560,53560,86986,87,14,2619,6.25,1,22,21,106.0,1,106.0,106.0,0.0,inf,0.0,1.0,106.0,0.0,0,rolling,net_profit_fitness,1_day,rep_3
test,2,22406,53560,53560,86986,87,14,2619,6.25,1,22,21,-8.0,2,-8.0,106.0,114.0,0.9298245614035088,114.0,0.5,-4.0,114.0,1,rolling,net_profit_fitness,1_day,rep_3
train,2,22406,53560,53560,86986,88,14,3206,3.75,9,22,18,106.0,1,106.0,106.0,0.0,inf,0.0,1.0,106.0,0.0,0,rolling,net_profit_fitness,1_day,rep_3
test,2,22406,53560,53560,86986,88,14,3206,3.75,9,22,18,7.0,2,7.0,106.0,99.0,1.0707070707070707,99.0,0.5,3.5,99.0,1,rolling,net_profit_fitness,1_day,rep_3
train,2,22406,53560,53560,86986,89,14,2654,8.25,3,22,21,106.0,1,106.0,106.0,0.0,inf,0.0,1.0,106.0,0.0,0,rolling,net_profit_fitness,1_day,rep_3
test,2,22406,53560,53560,86986,89,14,2654,8.25,3,22,21,-8.0,2,-8.0,106.0,114.0,0.9298245614035088,114.0,0.5,-4.0,114.0,1,rolling,net_profit_fitness,1_day,rep_3
train,2,22406,53560,53560,86986,90,14,2729,8.5,9,22,21,106.0,1,106.0,106.0,0.0,inf,0.0,1.0,106.0,0.0,0,rolling,net_profit_fitness,1_day,rep_3
test,2,22406,53560,53560,86986,90,14,2729,8.5,9,22,21,-114.0,1,-114.0,0.0,114.0,0.0,114.0,0.0,-114.0,114.0,1,rolling,net_profit_fitness,1_day,rep_3
train,2,22406,53560,53560,86986,91,14,2597,6.0,9,22,19,106.0,1,106.0,106.0,0.0,inf,0.0,1.0,106.0,0.0,0,rolling,net_profit_fitness,1_day,rep_3
test,2,22406,53560,53560,86986,91,14,2597,6.0,9,22,19,2.0,2,2.0,106.0,104.0,1.0192307692307692,104.0,0.5,1.0,104.0,1,rolling,net_profit_fitness,1_day,rep_3
train,2,22406,53560,53560,86986,92,14,2619,8.25,7,22,9,106.0,1,106.0,106.0,0.0,inf,0.0,1.0,106.0,0.0,0,rolling,net_profit_fitness,1_day,rep_3
test,2,22406,53560,53560,86986,92,14,2619,8.25,7,22,9,52.0,2,52.0,106.0,54.0,1.962962962962963,54.0,0.5,26.0,54.0,1,rolling,net_profit_fitness,1_day,rep_3
train,2,22406,53560,53560,86986,93,14,2435,8.5,8,22,21,106.0,1,106.0,106.0,0.0,inf,0.0,1.0,106.0,0.0,0,rolling,net_profit_fitness,1_day,rep_3
test,2,22406,53560,53560,86986,93,14,2435,8.5,8,22,21,-8.0,2,-8.0,106.0,114.0,0.9298245614035088,114.0,0.5,-4.0,114.0,1,rolling,net_profit_fitness,1_day,rep_3
train,2,22406,53560,53560,86986,94,14,2619,3.25,1,22,9,106.0,1,106.0,106.0,0.0,inf,0.0,1.0,106.0,0.0,0,rolling,net_profit_fitness,1_day,rep_3
test,2,22406,53560,53560,86986,94,14,2619,3.25,1,22,9,52.0,2,52.0,106.0,54.0,1.962962962962963,54.0,0.5,26.0,54.0,1,rolling,net_profit_fitness,1_day,rep_3
train,2,22406,53560,53560,86986,95,14,2865,3.0,3,22,24,106.0,1,106.0,106.0,0.0,inf,0.0,1.0,106.0,0.0,0,rolling,net_profit_fitness,1_day,rep_3
test,2,22406,53560,53560,86986,95,14,2865,3.0,3,22,24,-23.0,2,-23.0,106.0,129.0,0.8217054263565892,129.0,0.5,-11.5,129.0,1,rolling,net_profit_fitness,1_day,rep_3
train,2,22406,53560,53560,86986,96,14,2729,3.25,3,22,22,106.0,1,106.0,106.0,0.0,inf,0.0,1.0,106.0,0.0,0,rolling,net_profit_fitness,1_day,rep_3
test,2,22406,53560,53560,86986,96,14,2729,3.25,3,22,22,-13.0,2,-13.0,106.0,119.0,0.8907563025210085,119.0,0.5,-6.5,119.0,1,rolling,net_profit_fitness,1_day,rep_3
train,2,22406,53560,53560,86986,97,14,2729,3.5,1,22,20,106.0,1,106.0,106.0,0.0,inf,0.0,1.0,106.0,0.0,0,rolling,net_profit_fitness,1_day,rep_3
test,2,22406,53560,53560,86986,97,14,2729,3.5,1,22,20,-3.0,2,-3.0,106.0,109.0,0.9724770642201837,109.0,0.5,-1.5,109.0,1,rolling,net_profit_fitness,1_day,rep_3
train,2,22406,53560,53560,86986,98,14,3078,6.5,8,22,9,106.0,1,106.0,106.0,0.0,inf,0.0,1.0,106.0,0.0,0,rolling,net_profit_fitness,1_day,rep_3
test,2,22406,53560,53560,86986,98,14,3078,6.5,8,22,9,52.0,2,52.0,106.0,54.0,1.962962962962963,54.0,0.5,26.0,54.0,1,rolling,net_profit_fitness,1_day,rep_3
train,2,22406,53560,53560,86986,99,14,3045,8.25,1,22,12,106.0,1,106.0,106.0,0.0,inf,0.0,1.0,106.0,0.0,0,rolling,net_profit_fitness,1_day,rep_3
test,2,22406,53560,53560,86986,99,14,3045,8.25,1,22,12,37.0,2,37.0,106.0,69.0,1.536231884057971,69.0,0.5,18.5,69.0,1,rolling,net_profit_fitness,1_day,rep_3
train,2,22406,53560,53560,86986,100,14,2619,8.0,1,22,8,106.0,1,106.0,106.0,0.0,inf,0.0,1.0,106.0,0.0,0,rolling,net_profit_fitness,1_day,rep_3
test,2,22406,53560,53560,86986,100,14,2619,8.0,1,22,8,57.0,2,57.0,106.0,49.0,2.163265306122449,49.0,0.5,28.5,49.0,1,rolling,net_profit_fitness,1_day,rep_3
train,3,53560,86986,86986,125287,0,12,1045,5.75,6,26,20,252.0,2,252.0,252.0,0.0,inf,0.0,1.0,126.0,0.0,0,rolling,net_profit_fitness,1_day,rep_3
test,3,53560,86986,86986,125287,0,12,1045,5.75,6,26,20,-511.0,9,-511.0,252.0,763.0,0.3302752293577982,637.0,0.2222222222222222,-56.77777777777778,109.0,5,rolling,net_profit_fitness,1_day,rep_3
train,3,53560,86986,86986,125287,1,12,2366,5.75,6,26,20,252.0,2,252.0,252.0,0.0,inf,0.0,1.0,126.0,0.0,0,rolling,net_profit_fitness,1_day,rep_3
test,3,53560,86986,86986,125287,1,12,2366,5.75,6,26,20,-368.0,12,-368.0,504.0,872.0,0.5779816513761468,637.0,0.3333333333333333,-30.666666666666668,109.0,5,rolling,net_profit_fitness,1_day,rep_3
train,3,53560,86986,86986,125287,2,12,2677,5.25,6,26,2,252.0,2,252.0,252.0,0.0,inf,0.0,1.0,126.0,0.0,0,rolling,net_profit_fitness,1_day,rep_3
test,3,53560,86986,86986,125287,2,12,2677,5.25,6,26,2,352.0,12,352.0,504.0,152.0,3.3157894736842106,95.0,0.3333333333333333,29.33333333333333,19.0,5,rolling,net_profit_fitness,1_day,rep_3
train,3,53560,86986,86986,125287,3,10,334,4.5,8,25,24,355.0,5,355.0,484.0,129.0,3.751937984496124,129.0,0.8,71.0,129.0,1,rolling,net_profit_fitness,1_day,rep_3
test,3,53560,86986,86986,125287,3,10,334,4.5,8,25,24,-919.0,11,-919.0,242.0,1161.0,0.2084409991386735,919.0,0.1818181818181818,-83.54545454545455,129.0,4,rolling,net_profit_fitness,1_day,rep_3
train,3,53560,86986,86986,125287,4,12,1211,7.5,4,26,2,252.0,2,252.0,252.0,0.0,inf,0.0,1.0,126.0,0.0,0,rolling,net_profit_fitness,1_day,rep_3
test,3,53560,86986,86986,125287,4,12,1211,7.5,4,26,2,100.0,10,100.0,252.0,152.0,1.6578947368421053,114.0,0.2,10.0,19.0,6,rolling,net_profit_fitness,1_day,rep_3
train,3,53560,86986,86986,125287,5,10,334,4.0,8,25,7,275.0,5,275.0,363.0,88.0,4.125,88.0,0.6,55.0,44.0,2,rolling,net_profit_fitness,1_day,rep_3
test,3,53560,86986,86986,125287,5,10,334,4.0,8,25,7,-154.0,11,-154.0,242.0,396.0,0.6111111111111112,187.0,0.1818181818181818,-14.0,44.0,4,rolling,net_profit_fitness,1_day,rep_3
train,3,53560,86986,86986,125287,6,10,334,4.0,8,26,7,290.0,5,290.0,378.0,88.0,4.295454545454546,88.0,0.6,58.0,44.0,2,rolling,net_profit_fitness,1_day,rep_3
test,3,53560,86986,86986,125287,6,10,334,4.0,8,26,7,-144.0,11,-144.0,252.0,396.0,0.6363636363636364,182.0,0.1818181818181818,-13.090909090909092,44.0,4,rolling,net_profit_fitness,1_day,rep_3
train,3,53560,86986,86986,125287,7,10,334,4.0,8,26,7,290.0,5,290.0,378.0,88.0,4.295454545454546,88.0,0.6,58.0,44.0,2,rolling,net_profit_fitness,1_day,rep_3
test,3,53560,86986,86986,125287,7,10,334,4.0,8,26,7,-144.0,11,-144.0,252.0,396.0,0.6363636363636364,182.0,0.1818181818181818,-13.090909090909092,44.0,4,rolling,net_profit_fitness,1_day,rep_3
train,3,53560,86986,86986,125287,8,12,721,5.25,4,27,7,262.0,2,262.0,262.0,0.0,inf,0.0,1.0,131.0,0.0,0,rolling,net_profit_fitness,1_day,rep_3
test,3,53560,86986,86986,125287,8,12,721,5.25,4,27,7,-90.0,10,-90.0,262.0,352.0,0.7443181818181818,264.0,0.2,-9.0,44.0,6,rolling,net_profit_fitness,1_day,rep_3
train,3,53560,86986,86986,125287,9,12,1203,4.25,8,27,2,262.0,2,262.0,262.0,0.0,inf,0.0,1.0,131.0,0.0,0,rolling,net_profit_fitness,1_day,rep_3
test,3,53560,86986,86986,125287,9,12,1203,4.25,8,27,2,-2.0,8,-2.0,131.0,133.0,0.9849624060150376,133.0,0.125,-0.25,19.0,7,rolling,net_profit_fitness,1_day,rep_3
train,3,53560,86986,86986,125287,10,12,2399,5.25,4,27,7,262.0,2,262.0,262.0,0.0,inf,0.0,1.0,131.0,0.0,0,rolling,net_profit_fitness,1_day,rep_3
test,3,53560,86986,86986,125287,10,12,2399,5.25,4,27,7,-3.0,12,-3.0,393.0,396.0,0.9924242424242424,264.0,0.25,-0.25,44.0,6,rolling,net_profit_fitness,1_day,rep_3
train,3,53560,86986,86986,125287,11,12,721,4.25,6,27,26,262.0,2,262.0,262.0,0.0,inf,0.0,1.0,131.0,0.0,0,rolling,net_profit_fitness,1_day,rep_3
test,3,53560,86986,86986,125287,11,12,721,4.25,6,27,26,-850.0,10,-850.0,262.0,1112.0,0.2356115107913669,981.0,0.2,-85.0,139.0,6,rolling,net_profit_fitness,1_day,rep_3
train,3,53560,86986,86986,125287,12,12,1203,4.0,8,27,2,262.0,2,262.0,262.0,0.0,inf,0.0,1.0,131.0,0.0,0,rolling,net_profit_fitness,1_day,rep_3
test,3,53560,86986,86986,125287,12,12,1203,4.0,8,27,2,-2.0,8,-2.0,131.0,133.0,0.9849624060150376,133.0,0.125,-0.25,19.0,7,rolling,net_profit_fitness,1_day,rep_3
train,3,53560,86986,86986,125287,13,12,2366,5.75,3,27,4,262.0,2,262.0,262.0,0.0,inf,0.0,1.0,131.0,0.0,0,rolling,net_profit_fitness,1_day,rep_3
test,3,53560,86986,86986,125287,13,12,2366,5.75,3,27,4,132.0,12,132.0,393.0,261.0,1.5057471264367817,174.0,0.25,11.0,29.0,6,rolling,net_profit_fitness,1_day,rep_3
train,3,53560,86986,86986,125287,14,12,1190,4.0,3,27,2,262.0,2,262.0,262.0,0.0,inf,0.0,1.0,131.0,0.0,0,rolling,net_profit_fitness,1_day,rep_3
test,3,53560,86986,86986,125287,14,12,1190,4.0,3,27,2,110.0,10,110.0,262.0,152.0,1.7236842105263157,114.0,0.2,11.0,19.0,6,rolling,net_profit_fitness,1_day,rep_3
train,3,53560,86986,86986,125287,15,12,1203,7.25,3,27,26,262.0,2,262.0,262.0,0.0,inf,0.0,1.0,131.0,0.0,0,rolling,net_profit_fitness,1_day,rep_3
test,3,53560,86986,86986,125287,15,12,1203,7.25,3,27,26,-850.0,10,-850.0,262.0,1112.0,0.2356115107913669,981.0,0.2,-85.0,139.0,6,rolling,net_profit_fitness,1_day,rep_3
train,3,53560,86986,86986,125287,16,12,2366,5.25,2,27,26,262.0,2,262.0,262.0,0.0,inf,0.0,1.0,131.0,0.0,0,rolling,net_profit_fitness,1_day,rep_3
test,3,53560,86986,86986,125287,16,12,2366,5.25,2,27,26,-858.0,12,-858.0,393.0,1251.0,0.3141486810551558,989.0,0.25,-71.5,139.0,6,rolling,net_profit_fitness,1_day,rep_3
train,3,53560,86986,86986,125287,17,12,2183,5.75,3,27,7,262.0,2,262.0,262.0,0.0,inf,0.0,1.0,131.0,0.0,0,rolling,net_profit_fitness,1_day,rep_3
test,3,53560,86986,86986,125287,17,12,2183,5.75,3,27,7,-3.0,12,-3.0,393.0,396.0,0.9924242424242424,264.0,0.25,-0.25,44.0,6,rolling,net_profit_fitness,1_day,rep_3
train,3,53560,86986,86986,125287,18,12,2399,4.0,3,27,26,262.0,2,262.0,262.0,0.0,inf,0.0,1.0,131.0,0.0,0,rolling,net_profit_fitness,1_day,rep_3
test,3,53560,86986,86986,125287,18,12,2399,4.0,3,27,26,-858.0,12,-858.0,393.0,1251.0,0.3141486810551558,989.0,0.25,-71.5,139.0,6,rolling,net_profit_fitness,1_day,rep_3
train,3,53560,86986,86986,125287,19,12,2183,5.25,2,27,2,262.0,2,262.0,262.0,0.0,inf,0.0,1.0,131.0,0.0,0,rolling,net_profit_fitness,1_day,rep_3
test,3,53560,86986,86986,125287,19,12,2183,5.25,2,27,2,222.0,12,222.0,393.0,171.0,2.298245614035088,114.0,0.25,18.5,19.0,6,rolling,net_profit_fitness,1_day,rep_3
train,3,53560,86986,86986,125287,20,12,2129,4.0,2,27,2,262.0,2,262.0,262.0,0.0,inf,0.0,1.0,131.0,0.0,0,rolling,net_profit_fitness,1_day,rep_3
test,3,53560,86986,86986,125287,20,12,2129,4.0,2,27,2,222.0,12,222.0,393.0,171.0,2.298245614035088,114.0,0.25,18.5,19.0,6,rolling,net_profit_fitness,1_day,rep_3
train,3,53560,86986,86986,125287,21,12,2399,5.75,4,27,7,262.0,2,262.0,262.0,0.0,inf,0.0,1.0,131.0,0.0,0,rolling,net_profit_fitness,1_day,rep_3
test,3,53560,86986,86986,125287,21,12,2399,5.75,4,27,7,-3.0,12,-3.0,393.0,396.0,0.9924242424242424,264.0,0.25,-0.25,44.0,6,rolling,net_profit_fitness,1_day,rep_3
train,3,53560,86986,86986,125287,22,12,2375,4.0,7,27,7,262.0,2,262.0,262.0,0.0,inf,0.0,1.0,131.0,0.0,0,rolling,net_profit_fitness,1_day,rep_3
test,3,53560,86986,86986,125287,22,12,2375,4.0,7,27,7,41.0,11,41.0,393.0,352.0,1.1164772727272727,220.0,0.2727272727272727,3.727272727272727,44.0,5,rolling,net_profit_fitness,1_day,rep_3
train,3,53560,86986,86986,125287,23,12,721,4.25,4,27,2,262.0,2,262.0,262.0,0.0,inf,0.0,1.0,131.0,0.0,0,rolling,net_profit_fitness,1_day,rep_3
test,3,53560,86986,86986,125287,23,12,721,4.25,4,27,2,110.0,10,110.0,262.0,152.0,1.7236842105263157,114.0,0.2,11.0,19.0,6,rolling,net_profit_fitness,1_day,rep_3
train,3,53560,86986,86986,125287,24,12,2129,4.5,3,27,2,262.0,2,262.0,262.0,0.0,inf,0.0,1.0,131.0,0.0,0,rolling,net_profit_fitness,1_day,rep_3
test,3,53560,86986,86986,125287,24,12,2129,4.5,3,27,2,222.0,12,222.0,393.0,171.0,2.298245614035088,114.0,0.25,18.5,19.0,6,rolling,net_profit_fitness,1_day,rep_3
train,3,53560,86986,86986,125287,25,12,2129,4.25,6,27,2,262.0,2,262.0,262.0,0.0,inf,0.0,1.0,131.0,0.0,0,rolling,net_profit_fitness,1_day,rep_3
test,3,53560,86986,86986,125287,25,12,2129,4.25,6,27,2,222.0,12,222.0,393.0,171.0,2.298245614035088,114.0,0.25,18.5,19.0,6,rolling,net_profit_fitness,1_day,rep_3
train,3,53560,86986,86986,125287,26,12,2129,5.5,4,27,26,262.0,2,262.0,262.0,0.0,inf,0.0,1.0,131.0,0.0,0,rolling,net_profit_fitness,1_day,rep_3
test,3,53560,86986,86986,125287,26,12,2129,5.5,4,27,26,-858.0,12,-858.0,393.0,1251.0,0.3141486810551558,989.0,0.25,-71.5,139.0,6,rolling,net_profit_fitness,1_day,rep_3
train,3,53560,86986,86986,125287,27,12,2183,4.5,2,27,2,262.0,2,262.0,262.0,0.0,inf,0.0,1.0,131.0,0.0,0,rolling,net_profit_fitness,1_day,rep_3
test,3,53560,86986,86986,125287,27,12,2183,4.5,2,27,2,222.0,12,222.0,393.0,171.0,2.298245614035088,114.0,0.25,18.5,19.0,6,rolling,net_profit_fitness,1_day,rep_3
train,3,53560,86986,86986,125287,28,12,2255,5.25,1,27,2,262.0,2,262.0,262.0,0.0,inf,0.0,1.0,131.0,0.0,0,rolling,net_profit_fitness,1_day,rep_3
test,3,53560,86986,86986,125287,28,12,2255,5.25,1,27,2,222.0,12,222.0,393.0,171.0,2.298245614035088,114.0,0.25,18.5,19.0,6,rolling,net_profit_fitness,1_day,rep_3
train,3,53560,86986,86986,125287,29,12,1203,5.0,2,27,24,262.0,2,262.0,262.0,0.0,inf,0.0,1.0,131.0,0.0,0,rolling,net_profit_fitness,1_day,rep_3
test,3,53560,86986,86986,125287,29,12,1203,5.0,2,27,24,-770.0,10,-770.0,262.0,1032.0,0.253875968992248,901.0,0.2,-77.0,129.0,6,rolling,net_profit_fitness,1_day,rep_3
train,3,53560,86986,86986,125287,30,12,778,5.0,7,27,2,262.0,2,262.0,262.0,0.0,inf,0.0,1.0,131.0,0.0,0,rolling,net_profit_fitness,1_day,rep_3
test,3,53560,86986,86986,125287,30,12,778,5.0,7,27,2,-2.0,8,-2.0,131.0,133.0,0.9849624060150376,95.0,0.125,-0.25,19.0,5,rolling,net_profit_fitness,1_day,rep_3
train,3,53560,86986,86986,125287,31,12,2183,5.0,2,27,2,262.0,2,262.0,262.0,0.0,inf,0.0,1.0,131.0,0.0,0,rolling,net_profit_fitness,1_day,rep_3
test,3,53560,86986,86986,125287,31,12,2183,5.0,2,27,2,222.0,12,222.0,393.0,171.0,2.298245614035088,114.0,0.25,18.5,19.0,6,rolling,net_profit_fitness,1_day,rep_3
train,3,53560,86986,86986,125287,32,12,2255,5.25,2,27,2,262.0,2,262.0,262.0,0.0,inf,0.0,1.0,131.0,0.0,0,rolling,net_profit_fitness,1_day,rep_3
test,3,53560,86986,86986,125287,32,12,2255,5.25,2,27,2,222.0,12,222.0,393.0,171.0,2.298245614035088,114.0,0.25,18.5,19.0,6,rolling,net_profit_fitness,1_day,rep_3
train,3,53560,86986,86986,125287,33,12,1762,4.25,4,27,19,262.0,2,262.0,262.0,0.0,inf,0.0,1.0,131.0,0.0,0,rolling,net_profit_fitness,1_day,rep_3
test,3,53560,86986,86986,125287,33,12,1762,4.25,4,27,19,-543.0,12,-543.0,393.0,936.0,0.4198717948717949,701.0,0.25,-45.25,104.0,6,rolling,net_profit_fitness,1_day,rep_3
train,3,53560,86986,86986,125287,34,12,2470,4.25,2,27,26,262.0,2,262.0,262.0,0.0,inf,0.0,1.0,131.0,0.0,0,rolling,net_profit_fitness,1_day,rep_3
test,3,53560,86986,86986,125287,34,12,2470,4.25,2,27,26,-858.0,12,-858.0,393.0,1251.0,0.3141486810551558,989.0,0.25,-71.5,139.0,6,rolling,net_profit_fitness,1_day,rep_3
train,3,53560,86986,86986,125287,35,12,1916,4.25,1,27,27,262.0,2,262.0,262.0,0.0,inf,0.0,1.0,131.0,0.0,0,rolling,net_profit_fitness,1_day,rep_3
test,3,53560,86986,86986,125287,35,12,1916,4.25,1,27,27,-903.0,12,-903.0,393.0,1296.0,0.3032407407407407,1034.0,0.25,-75.25,144.0,6,rolling,net_profit_fitness,1_day,rep_3
train,3,53560,86986,86986,125287,36,12,2129,4.0,6,27,26,262.0,2,262.0,262.0,0.0,inf,0.0,1.0,131.0,0.0,0,rolling,net_profit_fitness,1_day,rep_3
test,3,53560,86986,86986,125287,36,12,2129,4.0,6,27,26,-858.0,12,-858.0,393.0,1251.0,0.3141486810551558,989.0,0.25,-71.5,139.0,6,rolling,net_profit_fitness,1_day,rep_3
train,3,53560,86986,86986,125287,37,12,2519,5.0,3,27,19,262.0,2,262.0,262.0,0.0,inf,0.0,1.0,131.0,0.0,0,rolling,net_profit_fitness,1_day,rep_3
test,3,53560,86986,86986,125287,37,12,2519,5.0,3,27,19,-543.0,12,-543.0,393.0,936.0,0.4198717948717949,701.0,0.25,-45.25,104.0,6,rolling,net_profit_fitness,1_day,rep_3
train,3,53560,86986,86986,125287,38,12,721,4.5,3,27,26,262.0,2,262.0,262.0,0.0,inf,0.0,1.0,131.0,0.0,0,rolling,net_profit_fitness,1_day,rep_3
test,3,53560,86986,86986,125287,38,12,721,4.5,3,27,26,-850.0,10,-850.0,262.0,1112.0,0.2356115107913669,981.0,0.2,-85.0,139.0,6,rolling,net_profit_fitness,1_day,rep_3
train,3,53560,86986,86986,125287,39,12,721,4.25,2,27,26,262.0,2,262.0,262.0,0.0,inf,0.0,1.0,131.0,0.0,0,rolling,net_profit_fitness,1_day,rep_3
test,3,53560,86986,86986,125287,39,12,721,4.25,2,27,26,-850.0,10,-850.0,262.0,1112.0,0.2356115107913669,981.0,0.2,-85.0,139.0,6,rolling,net_profit_fitness,1_day,rep_3
train,3,53560,86986,86986,125287,40,12,721,5.0,3,27,24,262.0,2,262.0,262.0,0.0,inf,0.0,1.0,131.0,0.0,0,rolling,net_profit_fitness,1_day,rep_3
test,3,53560,86986,86986,125287,40,12,721,5.0,3,27,24,-770.0,10,-770.0,262.0,1032.0,0.253875968992248,901.0,0.2,-77.0,129.0,6,rolling,net_profit_fitness,1_day,rep_3
train,3,53560,86986,86986,125287,41,12,2129,4.0,3,27,26,262.0,2,262.0,262.0,0.0,inf,0.0,1.0,131.0,0.0,0,rolling,net_profit_fitness,1_day,rep_3
test,3,53560,86986,86986,125287,41,12,2129,4.0,3,27,26,-858.0,12,-858.0,393.0,1251.0,0.3141486810551558,989.0,0.25,-71.5,139.0,6,rolling,net_profit_fitness,1_day,rep_3
train,3,53560,86986,86986,125287,42,12,2129,4.25,3,27,8,262.0,2,262.0,262.0,0.0,inf,0.0,1.0,131.0,0.0,0,rolling,net_profit_fitness,1_day,rep_3
test,3,53560,86986,86986,125287,42,12,2129,4.25,3,27,8,-48.0,12,-48.0,393.0,441.0,0.891156462585034,294.0,0.25,-4.0,49.0,6,rolling,net_profit_fitness,1_day,rep_3
train,3,53560,86986,86986,125287,43,12,1603,4.5,3,27,28,262.0,2,262.0,262.0,0.0,inf,0.0,1.0,131.0,0.0,0,rolling,net_profit_fitness,1_day,rep_3
test,3,53560,86986,86986,125287,43,12,1603,4.5,3,27,28,-948.0,12,-948.0,393.0,1341.0,0.2930648769574944,1079.0,0.25,-79.0,149.0,6,rolling,net_profit_fitness,1_day,rep_3
train,3,53560,86986,86986,125287,44,12,721,4.25,3,27,24,262.0,2,262.0,262.0,0.0,inf,0.0,1.0,131.0,0.0,0,rolling,net_profit_fitness,1_day,rep_3
test,3,53560,86986,86986,125287,44,12,721,4.25,3,27,24,-770.0,10,-770.0,262.0,1032.0,0.253875968992248,901.0,0.2,-77.0,129.0,6,rolling,net_profit_fitness,1_day,rep_3
train,3,53560,86986,86986,125287,45,12,721,5.25,3,27,3,262.0,2,262.0,262.0,0.0,inf,0.0,1.0,131.0,0.0,0,rolling,net_profit_fitness,1_day,rep_3
test,3,53560,86986,86986,125287,45,12,721,5.25,3,27,3,70.0,10,70.0,262.0,192.0,1.3645833333333333,144.0,0.2,7.0,24.0,6,rolling,net_profit_fitness,1_day,rep_3
train,3,53560,86986,86986,125287,46,12,684,5.25,3,27,3,262.0,2,262.0,262.0,0.0,inf,0.0,1.0,131.0,0.0,0,rolling,net_profit_fitness,1_day,rep_3
test,3,53560,86986,86986,125287,46,12,684,5.25,3,27,3,70.0,10,70.0,262.0,192.0,1.3645833333333333,144.0,0.2,7.0,24.0,6,rolling,net_profit_fitness,1_day,rep_3
train,3,53560,86986,86986,125287,47,12,2129,5.25,2,27,26,262.0,2,262.0,262.0,0.0,inf,0.0,1.0,131.0,0.0,0,rolling,net_profit_fitness,1_day,rep_3
test,3,53560,86986,86986,125287,47,12,2129,5.25,2,27,26,-858.0,12,-858.0,393.0,1251.0,0.3141486810551558,989.0,0.25,-71.5,139.0,6,rolling,net_profit_fitness,1_day,rep_3
train,3,53560,86986,86986,125287,48,12,721,4.25,2,27,26,262.0,2,262.0,262.0,0.0,inf,0.0,1.0,131.0,0.0,0,rolling,net_profit_fitness,1_day,rep_3
test,3,53560,86986,86986,125287,48,12,721,4.25,2,27,26,-850.0,10,-850.0,262.0,1112.0,0.2356115107913669,981.0,0.2,-85.0,139.0,6,rolling,net_profit_fitness,1_day,rep_3
train,3,53560,86986,86986,125287,49,12,715,4.25,2,27,27,262.0,2,262.0,262.0,0.0,inf,0.0,1.0,131.0,0.0,0,rolling,net_profit_fitness,1_day,rep_3
test,3,53560,86986,86986,125287,49,12,715,4.25,2,27,27,-890.0,10,-890.0,262.0,1152.0,0.2274305555555555,1021.0,0.2,-89.0,144.0,6,rolling,net_profit_fitness,1_day,rep_3
train,3,53560,86986,86986,125287,50,12,715,4.5,2,27,7,262.0,2,262.0,262.0,0.0,inf,0.0,1.0,131.0,0.0,0,rolling,net_profit_fitness,1_day,rep_3
test,3,53560,86986,86986,125287,50,12,715,4.5,2,27,7,-90.0,10,-90.0,262.0,352.0,0.7443181818181818,264.0,0.2,-9.0,44.0,6,rolling,net_profit_fitness,1_day,rep_3
train,3,53560,86986,86986,125287,51,12,721,4.75,3,27,3,262.0,2,262.0,262.0,0.0,inf,0.0,1.0,131.0,0.0,0,rolling,net_profit_fitness,1_day,rep_3
test,3,53560,86986,86986,125287,51,12,721,4.75,3,27,3,70.0,10,70.0,262.0,192.0,1.3645833333333333,144.0,0.2,7.0,24.0,6,rolling,net_profit_fitness,1_day,rep_3
train,3,53560,86986,86986,125287,52,12,2278,4.25,1,27,26,262.0,2,262.0,262.0,0.0,inf,0.0,1.0,131.0,0.0,0,rolling,net_profit_fitness,1_day,rep_3
test,3,53560,86986,86986,125287,52,12,2278,4.25,1,27,26,-858.0,12,-858.0,393.0,1251.0,0.3141486810551558,989.0,0.25,-71.5,139.0,6,rolling,net_profit_fitness,1_day,rep_3
train,3,53560,86986,86986,125287,53,12,2278,4.25,1,27,26,262.0,2,262.0,262.0,0.0,inf,0.0,1.0,131.0,0.0,0,rolling,net_profit_fitness,1_day,rep_3
test,3,53560,86986,86986,125287,53,12,2278,4.25,1,27,26,-858.0,12,-858.0,393.0,1251.0,0.3141486810551558,989.0,0.25,-71.5,139.0,6,rolling,net_profit_fitness,1_day,rep_3
train,3,53560,86986,86986,125287,54,12,721,4.25,4,27,7,262.0,2,262.0,262.0,0.0,inf,0.0,1.0,131.0,0.0,0,rolling,net_profit_fitness,1_day,rep_3
test,3,53560,86986,86986,125287,54,12,721,4.25,4,27,7,-90.0,10,-90.0,262.0,352.0,0.7443181818181818,264.0,0.2,-9.0,44.0,6,rolling,net_profit_fitness,1_day,rep_3
train,3,53560,86986,86986,125287,55,12,670,4.25,2,27,26,262.0,2,262.0,262.0,0.0,inf,0.0,1.0,131.0,0.0,0,rolling,net_profit_fitness,1_day,rep_3
test,3,53560,86986,86986,125287,55,12,670,4.25,2,27,26,-850.0,10,-850.0,262.0,1112.0,0.2356115107913669,981.0,0.2,-85.0,139.0,6,rolling,net_profit_fitness,1_day,rep_3
train,3,53560,86986,86986,125287,56,12,2129,4.25,4,27,25,262.0,2,262.0,262.0,0.0,inf,0.0,1.0,131.0,0.0,0,rolling,net_profit_fitness,1_day,rep_3
test,3,53560,86986,86986,125287,56,12,2129,4.25,4,27,25,-813.0,12,-813.0,393.0,1206.0,0.3258706467661691,944.0,0.25,-67.75,134.0,6,rolling,net_profit_fitness,1_day,rep_3
train,3,53560,86986,86986,125287,57,12,2129,5.25,2,27,10,262.0,2,262.0,262.0,0.0,inf,0.0,1.0,131.0,0.0,0,rolling,net_profit_fitness,1_day,rep_3
test,3,53560,86986,86986,125287,57,12,2129,5.25,2,27,10,-138.0,12,-138.0,393.0,531.0,0.7401129943502824,354.0,0.25,-11.5,59.0,6,rolling,net_profit_fitness,1_day,rep_3
train,3,53560,86986,86986,125287,58,12,1720,4.5,2,27,22,262.0,2,262.0,262.0,0.0,inf,0.0,1.0,131.0,0.0,0,rolling,net_profit_fitness,1_day,rep_3
test,3,53560,86986,86986,125287,58,12,1720,4.5,2,27,22,-678.0,12,-678.0,393.0,1071.0,0.3669467787114845,821.0,0.25,-56.5,119.0,6,rolling,net_profit_fitness,1_day,rep_3
train,3,53560,86986,86986,125287,59,12,735,4.25,2,27,5,262.0,2,262.0,262.0,0.0,inf,0.0,1.0,131.0,0.0,0,rolling,net_profit_fitness,1_day,rep_3
test,3,53560,86986,86986,125287,59,12,735,4.25,2,27,5,-10.0,10,-10.0,262.0,272.0,0.9632352941176472,204.0,0.2,-1.0,34.0,6,rolling,net_profit_fitness,1_day,rep_3
train,3,53560,86986,86986,125287,60,12,1979,5.0,2,27,26,262.0,2,262.0,262.0,0.0,inf,0.0,1.0,131.0,0.0,0,rolling,net_profit_fitness,1_day,rep_3
test,3,53560,86986,86986,125287,60,12,1979,5.0,2,27,26,-858.0,12,-858.0,393.0,1251.0,0.3141486810551558,989.0,0.25,-71.5,139.0,6,rolling,net_profit_fitness,1_day,rep_3
train,3,53560,86986,86986,125287,61,12,2129,4.25,4,27,26,262.0,2,262.0,262.0,0.0,inf,0.0,1.0,131.0,0.0,0,rolling,net_profit_fitness,1_day,rep_3
test,3,53560,86986,86986,125287,61,12,2129,4.25,4,27,26,-858.0,12,-858.0,393.0,1251.0,0.3141486810551558,989.0,0.25,-71.5,139.0,6,rolling,net_profit_fitness,1_day,rep_3
train,3,53560,86986,86986,125287,62,12,2129,4.25,1,27,27,262.0,2,262.0,262.0,0.0,inf,0.0,1.0,131.0,0.0,0,rolling,net_profit_fitness,1_day,rep_3
test,3,53560,86986,86986,125287,62,12,2129,4.25,1,27,27,-903.0,12,-903.0,393.0,1296.0,0.3032407407407407,1034.0,0.25,-75.25,144.0,6,rolling,net_profit_fitness,1_day,rep_3
train,3,53560,86986,86986,125287,63,12,656,4.25,4,27,26,262.0,2,262.0,262.0,0.0,inf,0.0,1.0,131.0,0.0,0,rolling,net_profit_fitness,1_day,rep_3
test,3,53560,86986,86986,125287,63,12,656,4.25,4,27,26,-850.0,10,-850.0,262.0,1112.0,0.2356115107913669,981.0,0.2,-85.0,139.0,6,rolling,net_profit_fitness,1_day,rep_3
train,3,53560,86986,86986,125287,64,12,757,4.25,3,27,26,262.0,2,262.0,262.0,0.0,inf,0.0,1.0,131.0,0.0,0,rolling,net_profit_fitness,1_day,rep_3
test,3,53560,86986,86986,125287,64,12,757,4.25,3,27,26,-850.0,10,-850.0,262.0,1112.0,0.2356115107913669,981.0,0.2,-85.0,139.0,6,rolling,net_profit_fitness,1_day,rep_3
train,3,53560,86986,86986,125287,65,12,721,4.5,3,27,6,262.0,2,262.0,262.0,0.0,inf,0.0,1.0,131.0,0.0,0,rolling,net_profit_fitness,1_day,rep_3
test,3,53560,86986,86986,125287,65,12,721,4.5,3,27,6,-50.0,10,-50.0,262.0,312.0,0.8397435897435898,234.0,0.2,-5.0,39.0,6,rolling,net_profit_fitness,1_day,rep_3
train,3,53560,86986,86986,125287,66,12,2129,4.0,3,27,29,262.0,2,262.0,262.0,0.0,inf,0.0,1.0,131.0,0.0,0,rolling,net_profit_fitness,1_day,rep_3
test,3,53560,86986,86986,125287,66,12,2129,4.0,3,27,29,-993.0,12,-993.0,393.0,1386.0,0.2835497835497835,1124.0,0.25,-82.75,154.0,6,rolling,net_profit_fitness,1_day,rep_3
train,3,53560,86986,86986,125287,67,12,721,4.0,3,27,27,262.0,2,262.0,262.0,0.0,inf,0.0,1.0,131.0,0.0,0,rolling,net_profit_fitness,1_day,rep_3
test,3,53560,86986,86986,125287,67,12,721,4.0,3,27,27,-890.0,10,-890.0,262.0,1152.0,0.2274305555555555,1021.0,0.2,-89.0,144.0,6,rolling,net_profit_fitness,1_day,rep_3
train,3,53560,86986,86986,125287,68,12,2129,4.0,3,27,26,262.0,2,262.0,262.0,0.0,inf,0.0,1.0,131.0,0.0,0,rolling,net_profit_fitness,1_day,rep_3
test,3,53560,86986,86986,125287,68,12,2129,4.0,3,27,26,-858.0,12,-858.0,393.0,1251.0,0.3141486810551558,989.0,0.25,-71.5,139.0,6,rolling,net_profit_fitness,1_day,rep_3
train,3,53560,86986,86986,125287,69,12,735,4.25,3,27,27,262.0,2,262.0,262.0,0.0,inf,0.0,1.0,131.0,0.0,0,rolling,net_profit_fitness,1_day,rep_3
test,3,53560,86986,86986,125287,69,12,735,4.25,3,27,27,-890.0,10,-890.0,262.0,1152.0,0.2274305555555555,1021.0,0.2,-89.0,144.0,6,rolling,net_profit_fitness,1_day,rep_3
train,3,53560,86986,86986,125287,70,12,2129,4.25,3,27,26,262.0,2,262.0,262.0,0.0,inf,0.0,1.0,131.0,0.0,0,rolling,net_profit_fitness,1_day,rep_3
test,3,53560,86986,86986,125287,70,12,2129,4.25,3,27,26,-858.0,12,-858.0,393.0,1251.0,0.3141486810551558,989.0,0.25,-71.5,139.0,6,rolling,net_profit_fitness,1_day,rep_3
train,3,53560,86986,86986,125287,71,12,596,4.25,3,27,8,262.0,2,262.0,262.0,0.0,inf,0.0,1.0,131.0,0.0,0,rolling,net_profit_fitness,1_day,rep_3
test,3,53560,86986,86986,125287,71,12,596,4.25,3,27,8,-130.0,10,-130.0,262.0,392.0,0.6683673469387755,294.0,0.2,-13.0,49.0,6,rolling,net_profit_fitness,1_day,rep_3
train,3,53560,86986,86986,125287,72,12,2129,4.25,2,27,4,262.0,2,262.0,262.0,0.0,inf,0.0,1.0,131.0,0.0,0,rolling,net_profit_fitness,1_day,rep_3
test,3,53560,86986,86986,125287,72,12,2129,4.25,2,27,4,132.0,12,132.0,393.0,261.0,1.5057471264367817,174.0,0.25,11.0,29.0,6,rolling,net_profit_fitness,1_day,rep_3
train,3,53560,86986,86986,125287,73,12,692,4.0,3,27,20,262.0,2,262.0,262.0,0.0,inf,0.0,1.0,131.0,0.0,0,rolling,net_profit_fitness,1_day,rep_3
test,3,53560,86986,86986,125287,73,12,692,4.0,3,27,20,-610.0,10,-610.0,262.0,872.0,0.3004587155963302,741.0,0.2,-61.0,109.0,6,rolling,net_profit_fitness,1_day,rep_3
train,3,53560,86986,86986,125287,74,12,2129,3.75,2,27,28,262.0,2,262.0,262.0,0.0,inf,0.0,1.0,131.0,0.0,0,rolling,net_profit_fitness,1_day,rep_3
test,3,53560,86986,86986,125287,74,12,2129,3.75,2,27,28,-817.0,13,-817.0,524.0,1341.0,0.3907531692766592,1061.0,0.3076923076923077,-62.84615384615385,149.0,6,rolling,net_profit_fitness,1_day,rep_3
train,3,53560,86986,86986,125287,75,12,721,4.0,2,27,28,262.0,2,262.0,262.0,0.0,inf,0.0,1.0,131.0,0.0,0,rolling,net_profit_fitness,1_day,rep_3
test,3,53560,86986,86986,125287,75,12,721,4.0,2,27,28,-930.0,10,-930.0,262.0,1192.0,0.2197986577181208,1061.0,0.2,-93.0,149.0,6,rolling,net_profit_fitness,1_day,rep_3
train,3,53560,86986,86986,125287,76,12,2129,4.25,3,27,26,262.0,2,262.0,262.0,0.0,inf,0.0,1.0,131.0,0.0,0,rolling,net_profit_fitness,1_day,rep_3
test,3,53560,86986,86986,125287,76,12,2129,4.25,3,27,26,-858.0,12,-858.0,393.0,1251.0,0.3141486810551558,989.0,0.25,-71.5,139.0,6,rolling,net_profit_fitness,1_day,rep_3
train,3,53560,86986,86986,125287,77,12,2278,5.25,6,27,24,262.0,2,262.0,262.0,0.0,inf,0.0,1.0,131.0,0.0,0,rolling,net_profit_fitness,1_day,rep_3
test,3,53560,86986,86986,125287,77,12,2278,5.25,6,27,24,-639.0,11,-639.0,393.0,1032.0,0.3808139534883721,772.0,0.2727272727272727,-58.09090909090909,129.0,5,rolling,net_profit_fitness,1_day,rep_3
train,3,53560,86986,86986,125287,78,12,699,4.25,3,27,26,262.0,2,262.0,262.0,0.0,inf,0.0,1.0,131.0,0.0,0,rolling,net_profit_fitness,1_day,rep_3
test,3,53560,86986,86986,125287,78,12,699,4.25,3,27,26,-850.0,10,-850.0,262.0,1112.0,0.2356115107913669,981.0,0.2,-85.0,139.0,6,rolling,net_profit_fitness,1_day,rep_3
train,3,53560,86986,86986,125287,79,12,2129,4.0,3,27,28,262.0,2,262.0,262.0,0.0,inf,0.0,1.0,131.0,0.0,0,rolling,net_profit_fitness,1_day,rep_3
test,3,53560,86986,86986,125287,79,12,2129,4.0,3,27,28,-948.0,12,-948.0,393.0,1341.0,0.2930648769574944,1079.0,0.25,-79.0,149.0,6,rolling,net_profit_fitness,1_day,rep_3
train,3,53560,86986,86986,125287,80,12,2129,4.25,3,27,26,262.0,2,262.0,262.0,0.0,inf,0.0,1.0,131.0,0.0,0,rolling,net_profit_fitness,1_day,rep_3
test,3,53560,86986,86986,125287,80,12,2129,4.25,3,27,26,-858.0,12,-858.0,393.0,1251.0,0.3141486810551558,989.0,0.25,-71.5,139.0,6,rolling,net_profit_fitness,1_day,rep_3
train,3,53560,86986,86986,125287,81,12,2129,5.0,6,27,26,262.0,2,262.0,262.0,0.0,inf,0.0,1.0,131.0,0.0,0,rolling,net_profit_fitness,1_day,rep_3
test,3,53560,86986,86986,125287,81,12,2129,5.0,6,27,26,-719.0,11,-719.0,393.0,1112.0,0.3534172661870504,850.0,0.2727272727272727,-65.36363636363636,139.0,5,rolling,net_profit_fitness,1_day,rep_3
train,3,53560,86986,86986,125287,82,12,2171,4.25,3,27,26,262.0,2,262.0,262.0,0.0,inf,0.0,1.0,131.0,0.0,0,rolling,net_profit_fitness,1_day,rep_3
test,3,53560,86986,86986,125287,82,12,2171,4.25,3,27,26,-858.0,12,-858.0,393.0,1251.0,0.3141486810551558,989.0,0.25,-71.5,139.0,6,rolling,net_profit_fitness,1_day,rep_3
train,3,53560,86986,86986,125287,83,12,2129,5.5,3,27,28,262.0,2,262.0,262.0,0.0,inf,0.0,1.0,131.0,0.0,0,rolling,net_profit_fitness,1_day,rep_3
test,3,53560,86986,86986,125287,83,12,2129,5.5,3,27,28,-948.0,12,-948.0,393.0,1341.0,0.2930648769574944,1079.0,0.25,-79.0,149.0,6,rolling,net_profit_fitness,1_day,rep_3
train,3,53560,86986,86986,125287,84,12,2483,4.25,3,27,28,262.0,2,262.0,262.0,0.0,inf,0.0,1.0,131.0,0.0,0,rolling,net_profit_fitness,1_day,rep_3
test,3,53560,86986,86986,125287,84,12,2483,4.25,3,27,28,-948.0,12,-948.0,393.0,1341.0,0.2930648769574944,1079.0,0.25,-79.0,149.0,6,rolling,net_profit_fitness,1_day,rep_3
train,3,53560,86986,86986,125287,85,12,2278,4.5,4,27,27,262.0,2,262.0,262.0,0.0,inf,0.0,1.0,131.0,0.0,0,rolling,net_profit_fitness,1_day,rep_3
test,3,53560,86986,86986,125287,85,12,2278,4.5,4,27,27,-903.0,12,-903.0,393.0,1296.0,0.3032407407407407,1034.0,0.25,-75.25,144.0,6,rolling,net_profit_fitness,1_day,rep_3
train,3,53560,86986,86986,125287,86,12,699,4.0,2,27,29,262.0,2,262.0,262.0,0.0,inf,0.0,1.0,131.0,0.0,0,rolling,net_profit_fitness,1_day,rep_3
test,3,53560,86986,86986,125287,86,12,699,4.0,2,27,29,-970.0,10,-970.0,262.0,1232.0,0.2126623376623376,1101.0,0.2,-97.0,154.0,6,rolling,net_profit_fitness,1_day,rep_3
train,3,53560,86986,86986,125287,87,12,692,4.0,3,27,28,262.0,2,262.0,262.0,0.0,inf,0.0,1.0,131.0,0.0,0,rolling,net_profit_fitness,1_day,rep_3
test,3,53560,86986,86986,125287,87,12,692,4.0,3,27,28,-930.0,10,-930.0,262.0,1192.0,0.2197986577181208,1061.0,0.2,-93.0,149.0,6,rolling,net_profit_fitness,1_day,rep_3
train,3,53560,86986,86986,125287,88,12,607,4.5,7,27,29,262.0,2,262.0,262.0,0.0,inf,0.0,1.0,131.0,0.0,0,rolling,net_profit_fitness,1_day,rep_3
test,3,53560,86986,86986,125287,88,12,607,4.5,7,27,29,-816.0,9,-816.0,262.0,1078.0,0.2430426716141001,947.0,0.2222222222222222,-90.66666666666669,154.0,5,rolling,net_profit_fitness,1_day,rep_3
train,3,53560,86986,86986,125287,89,12,793,4.5,3,27,26,262.0,2,262.0,262.0,0.0,inf,0.0,1.0,131.0,0.0,0,rolling,net_profit_fitness,1_day,rep_3
test,3,53560,86986,86986,125287,89,12,793,4.5,3,27,26,-850.0,10,-850.0,262.0,1112.0,0.2356115107913669,981.0,0.2,-85.0,139.0,6,rolling,net_profit_fitness,1_day,rep_3
train,3,53560,86986,86986,125287,90,12,793,4.0,4,27,28,262.0,2,262.0,262.0,0.0,inf,0.0,1.0,131.0,0.0,0,rolling,net_profit_fitness,1_day,rep_3
test,3,53560,86986,86986,125287,90,12,793,4.0,4,27,28,-930.0,10,-930.0,262.0,1192.0,0.2197986577181208,1061.0,0.2,-93.0,149.0,6,rolling,net_profit_fitness,1_day,rep_3
train,3,53560,86986,86986,125287,91,12,2320,4.0,2,27,28,262.0,2,262.0,262.0,0.0,inf,0.0,1.0,131.0,0.0,0,rolling,net_profit_fitness,1_day,rep_3
test,3,53560,86986,86986,125287,91,12,2320,4.0,2,27,28,-948.0,12,-948.0,393.0,1341.0,0.2930648769574944,1079.0,0.25,-79.0,149.0,6,rolling,net_profit_fitness,1_day,rep_3
train,3,53560,86986,86986,125287,92,12,721,4.0,4,27,29,262.0,2,262.0,262.0,0.0,inf,0.0,1.0,131.0,0.0,0,rolling,net_profit_fitness,1_day,rep_3
test,3,53560,86986,86986,125287,92,12,721,4.0,4,27,29,-970.0,10,-970.0,262.0,1232.0,0.2126623376623376,1101.0,0.2,-97.0,154.0,6,rolling,net_profit_fitness,1_day,rep_3
train,3,53560,86986,86986,125287,93,12,2278,4.25,3,27,28,262.0,2,262.0,262.0,0.0,inf,0.0,1.0,131.0,0.0,0,rolling,net_profit_fitness,1_day,rep_3
test,3,53560,86986,86986,125287,93,12,2278,4.25,3,27,28,-948.0,12,-948.0,393.0,1341.0,0.2930648769574944,1079.0,0.25,-79.0,149.0,6,rolling,net_profit_fitness,1_day,rep_3
train,3,53560,86986,86986,125287,94,12,692,4.25,3,27,26,262.0,2,262.0,262.0,0.0,inf,0.0,1.0,131.0,0.0,0,rolling,net_profit_fitness,1_day,rep_3
test,3,53560,86986,86986,125287,94,12,692,4.25,3,27,26,-850.0,10,-850.0,262.0,1112.0,0.2356115107913669,981.0,0.2,-85.0,139.0,6,rolling,net_profit_fitness,1_day,rep_3
train,3,53560,86986,86986,125287,95,12,2065,4.25,3,27,28,262.0,2,262.0,262.0,0.0,inf,0.0,1.0,131.0,0.0,0,rolling,net_profit_fitness,1_day,rep_3
test,3,53560,86986,86986,125287,95,12,2065,4.25,3,27,28,-948.0,12,-948.0,393.0,1341.0,0.2930648769574944,1079.0,0.25,-79.0,149.0,6,rolling,net_profit_fitness,1_day,rep_3
train,3,53560,86986,86986,125287,96,12,793,3.75,3,27,26,262.0,2,262.0,262.0,0.0,inf,0.0,1.0,131.0,0.0,0,rolling,net_profit_fitness,1_day,rep_3
test,3,53560,86986,86986,125287,96,12,793,3.75,3,27,26,-719.0,11,-719.0,393.0,1112.0,0.3534172661870504,981.0,0.2727272727272727,-65.36363636363636,139.0,6,rolling,net_profit_fitness,1_day,rep_3
train,3,53560,86986,86986,125287,97,12,2129,4.5,4,27,26,262.0,2,262.0,262.0,0.0,inf,0.0,1.0,131.0,0.0,0,rolling,net_profit_fitness,1_day,rep_3
test,3,53560,86986,86986,125287,97,12,2129,4.5,4,27,26,-858.0,12,-858.0,393.0,1251.0,0.3141486810551558,989.0,0.25,-71.5,139.0,6,rolling,net_profit_fitness,1_day,rep_3
train,3,53560,86986,86986,125287,98,12,721,4.25,5,27,26,262.0,2,262.0,262.0,0.0,inf,0.0,1.0,131.0,0.0,0,rolling,net_profit_fitness,1_day,rep_3
test,3,53560,86986,86986,125287,98,12,721,4.25,5,27,26,-850.0,10,-850.0,262.0,1112.0,0.2356115107913669,981.0,0.2,-85.0,139.0,6,rolling,net_profit_fitness,1_day,rep_3
train,3,53560,86986,86986,125287,99,12,757,4.0,3,27,26,262.0,2,262.0,262.0,0.0,inf,0.0,1.0,131.0,0.0,0,rolling,net_profit_fitness,1_day,rep_3
test,3,53560,86986,86986,125287,99,12,757,4.0,3,27,26,-850.0,10,-850.0,262.0,1112.0,0.2356115107913669,981.0,0.2,-85.0,139.0,6,rolling,net_profit_fitness,1_day,rep_3
train,3,53560,86986,86986,125287,100,12,692,4.25,3,27,26,262.0,2,262.0,262.0,0.0,inf,0.0,1.0,131.0,0.0,0,rolling,net_profit_fitness,1_day,rep_3
test,3,53560,86986,86986,125287,100,12,692,4.25,3,27,26,-850.0,10,-850.0,262.0,1112.0,0.2356115107913669,981.0,0.2,-85.0,139.0,6,rolling,net_profit_fitness,1_day,rep_3
train,4,86986,125287,125287,130699,0,12,1299,9.5,3,18,2,278.0,13,278.0,430.0,152.0,2.8289473684210527,76.0,0.3846153846153846,21.384615384615383,19.0,4,rolling,net_profit_fitness,1_day,rep_3
test,4,86986,125287,125287,130699,0,12,1299,9.5,3,18,2,-1000.0,0,0.0,0.0,0.0,inf,0.0,0.0,0.0,0.0,0,rolling,net_profit_fitness,1_day,rep_3
train,4,86986,125287,125287,130699,1,6,3165,7.75,6,14,2,300.0,20,300.0,528.0,228.0,2.3157894736842106,95.0,0.4,15.0,19.0,5,rolling,net_profit_fitness,1_day,rep_3
test,4,86986,125287,125287,130699,1,6,3165,7.75,6,14,2,-1000.0,0,0.0,0.0,0.0,inf,0.0,0.0,0.0,0.0,0,rolling,net_profit_fitness,1_day,rep_3
train,4,86986,125287,125287,130699,2,13,2959,7.75,5,14,3,294.0,14,294.0,462.0,168.0,2.75,72.0,0.5,21.0,24.0,3,rolling,net_profit_fitness,1_day,rep_3
test,4,86986,125287,125287,130699,2,13,2959,7.75,5,14,3,-1000.0,0,0.0,0.0,0.0,inf,0.0,0.0,0.0,0.0,0,rolling,net_profit_fitness,1_day,rep_3
train,4,86986,125287,125287,130699,3,12,2322,4.25,7,15,2,364.0,14,364.0,497.0,133.0,3.736842105263158,76.0,0.5,26.0,19.0,4,rolling,net_profit_fitness,1_day,rep_3
test,4,86986,125287,125287,130699,3,12,2322,4.25,7,15,2,-1000.0,0,0.0,0.0,0.0,inf,0.0,0.0,0.0,0.0,0,rolling,net_profit_fitness,1_day,rep_3
train,4,86986,125287,125287,130699,4,12,1291,9.25,3,26,2,352.0,12,352.0,504.0,152.0,3.3157894736842106,95.0,0.3333333333333333,29.33333333333333,19.0,5,rolling,net_profit_fitness,1_day,rep_3
test,4,86986,125287,125287,130699,4,12,1291,9.25,3,26,2,-1000.0,0,0.0,0.0,0.0,inf,0.0,0.0,0.0,0.0,0,rolling,net_profit_fitness,1_day,rep_3
train,4,86986,125287,125287,130699,5,11,3747,4.75,8,23,2,365.0,15,365.0,555.0,190.0,2.921052631578948,95.0,0.3333333333333333,24.33333333333333,19.0,5,rolling,net_profit_fitness,1_day,rep_3
test,4,86986,125287,125287,130699,5,11,3747,4.75,8,23,2,-1000.0,0,0.0,0.0,0.0,inf,0.0,0.0,0.0,0.0,0,rolling,net_profit_fitness,1_day,rep_3
train,4,86986,125287,125287,130699,6,11,3165,4.25,7,25,2,377.0,17,377.0,605.0,228.0,2.6535087719298245,114.0,0.2941176470588235,22.176470588235293,19.0,6,rolling,net_profit_fitness,1_day,rep_3
test,4,86986,125287,125287,130699,6,11,3165,4.25,7,25,2,-1000.0,0,0.0,0.0,0.0,inf,0.0,0.0,0.0,0.0,0,rolling,net_profit_fitness,1_day,rep_3
train,4,86986,125287,125287,130699,7,10,1518,7.75,5,26,2,383.0,18,383.0,630.0,247.0,2.5506072874493926,133.0,0.2777777777777778,21.27777777777778,19.0,7,rolling,net_profit_fitness,1_day,rep_3
test,4,86986,125287,125287,130699,7,10,1518,7.75,5,26,2,-19.0,1,-19.0,0.0,19.0,0.0,19.0,0.0,-19.0,19.0,1,rolling,net_profit_fitness,1_day,rep_3
train,4,86986,125287,125287,130699,8,11,3724,4.25,8,24,2,390.0,15,390.0,580.0,190.0,3.0526315789473686,95.0,0.3333333333333333,26.0,19.0,5,rolling,net_profit_fitness,1_day,rep_3
test,4,86986,125287,125287,130699,8,11,3724,4.25,8,24,2,-1000.0,0,0.0,0.0,0.0,inf,0.0,0.0,0.0,0.0,0,rolling,net_profit_fitness,1_day,rep_3
train,4,86986,125287,125287,130699,9,11,3863,7.75,5,25,2,434.0,14,434.0,605.0,171.0,3.538011695906433,76.0,0.3571428571428571,31.0,19.0,4,rolling,net_profit_fitness,1_day,rep_3
test,4,86986,125287,125287,130699,9,11,3863,7.75,5,25,2,-1000.0,0,0.0,0.0,0.0,inf,0.0,0.0,0.0,0.0,0,rolling,net_profit_fitness,1_day,rep_3
train,4,86986,125287,125287,130699,10,11,1518,7.75,5,25,2,434.0,14,434.0,605.0,171.0,3.538011695906433,76.0,0.3571428571428571,31.0,19.0,4,rolling,net_profit_fitness,1_day,rep_3
test,4,86986,125287,125287,130699,10,11,1518,7.75,5,25,2,-1000.0,0,0.0,0.0,0.0,inf,0.0,0.0,0.0,0.0,0,rolling,net_profit_fitness,1_day,rep_3
train,4,86986,125287,125287,130699,11,11,1457,7.75,5,25,2,434.0,14,434.0,605.0,171.0,3.538011695906433,76.0,0.3571428571428571,31.0,19.0,4,rolling,net_profit_fitness,1_day,rep_3
test,4,86986,125287,125287,130699,11,11,1457,7.75,5,25,2,-1000.0,0,0.0,0.0,0.0,inf,0.0,0.0,0.0,0.0,0,rolling,net_profit_fitness,1_day,rep_3
train,4,86986,125287,125287,130699,12,11,1518,7.75,5,25,2,434.0,14,434.0,605.0,171.0,3.538011695906433,76.0,0.3571428571428571,31.0,19.0,4,rolling,net_profit_fitness,1_day,rep_3
test,4,86986,125287,125287,130699,12,11,1518,7.75,5,25,2,-1000.0,0,0.0,0.0,0.0,inf,0.0,0.0,0.0,0.0,0,rolling,net_profit_fitness,1_day,rep_3
train,4,86986,125287,125287,130699,13,11,3165,7.5,5,25,2,434.0,14,434.0,605.0,171.0,3.538011695906433,76.0,0.3571428571428571,31.0,19.0,4,rolling,net_profit_fitness,1_day,rep_3
test,4,86986,125287,125287,130699,13,11,3165,7.5,5,25,2,-1000.0,0,0.0,0.0,0.0,inf,0.0,0.0,0.0,0.0,0,rolling,net_profit_fitness,1_day,rep_3
train,4,86986,125287,125287,130699,14,11,3165,7.75,5,25,2,434.0,14,434.0,605.0,171.0,3.538011695906433,76.0,0.3571428571428571,31.0,19.0,4,rolling,net_profit_fitness,1_day,rep_3
test,4,86986,125287,125287,130699,14,11,3165,7.75,5,25,2,-1000.0,0,0.0,0.0,0.0,inf,0.0,0.0,0.0,0.0,0,rolling,net_profit_fitness,1_day,rep_3
train,4,86986,125287,125287,130699,15,11,3165,7.5,5,25,2,434.0,14,434.0,605.0,171.0,3.538011695906433,76.0,0.3571428571428571,31.0,19.0,4,rolling,net_profit_fitness,1_day,rep_3
test,4,86986,125287,125287,130699,15,11,3165,7.5,5,25,2,-1000.0,0,0.0,0.0,0.0,inf,0.0,0.0,0.0,0.0,0,rolling,net_profit_fitness,1_day,rep_3
train,4,86986,125287,125287,130699,16,11,1457,7.75,5,25,2,434.0,14,434.0,605.0,171.0,3.538011695906433,76.0,0.3571428571428571,31.0,19.0,4,rolling,net_profit_fitness,1_day,rep_3
test,4,86986,125287,125287,130699,16,11,1457,7.75,5,25,2,-1000.0,0,0.0,0.0,0.0,inf,0.0,0.0,0.0,0.0,0,rolling,net_profit_fitness,1_day,rep_3
train,4,86986,125287,125287,130699,17,11,1518,7.75,5,25,2,434.0,14,434.0,605.0,171.0,3.538011695906433,76.0,0.3571428571428571,31.0,19.0,4,rolling,net_profit_fitness,1_day,rep_3
test,4,86986,125287,125287,130699,17,11,1518,7.75,5,25,2,-1000.0,0,0.0,0.0,0.0,inf,0.0,0.0,0.0,0.0,0,rolling,net_profit_fitness,1_day,rep_3
train,4,86986,125287,125287,130699,18,11,3165,7.75,5,25,2,434.0,14,434.0,605.0,171.0,3.538011695906433,76.0,0.3571428571428571,31.0,19.0,4,rolling,net_profit_fitness,1_day,rep_3
test,4,86986,125287,125287,130699,18,11,3165,7.75,5,25,2,-1000.0,0,0.0,0.0,0.0,inf,0.0,0.0,0.0,0.0,0,rolling,net_profit_fitness,1_day,rep_3
train,4,86986,125287,125287,130699,19,11,3165,7.75,5,25,2,434.0,14,434.0,605.0,171.0,3.538011695906433,76.0,0.3571428571428571,31.0,19.0,4,rolling,net_profit_fitness,1_day,rep_3
test,4,86986,125287,125287,130699,19,11,3165,7.75,5,25,2,-1000.0,0,0.0,0.0,0.0,inf,0.0,0.0,0.0,0.0,0,rolling,net_profit_fitness,1_day,rep_3
train,4,86986,125287,125287,130699,20,11,1518,7.75,5,25,2,434.0,14,434.0,605.0,171.0,3.538011695906433,76.0,0.3571428571428571,31.0,19.0,4,rolling,net_profit_fitness,1_day,rep_3
test,4,86986,125287,125287,130699,20,11,1518,7.75,5,25,2,-1000.0,0,0.0,0.0,0.0,inf,0.0,0.0,0.0,0.0,0,rolling,net_profit_fitness,1_day,rep_3
train,4,86986,125287,125287,130699,21,11,3165,7.75,5,25,2,434.0,14,434.0,605.0,171.0,3.538011695906433,76.0,0.3571428571428571,31.0,19.0,4,rolling,net_profit_fitness,1_day,rep_3
test,4,86986,125287,125287,130699,21,11,3165,7.75,5,25,2,-1000.0,0,0.0,0.0,0.0,inf,0.0,0.0,0.0,0.0,0,rolling,net_profit_fitness,1_day,rep_3
train,4,86986,125287,125287,130699,22,11,3165,7.75,5,25,2,434.0,14,434.0,605.0,171.0,3.538011695906433,76.0,0.3571428571428571,31.0,19.0,4,rolling,net_profit_fitness,1_day,rep_3
test,4,86986,125287,125287,130699,22,11,3165,7.75,5,25,2,-1000.0,0,0.0,0.0,0.0,inf,0.0,0.0,0.0,0.0,0,rolling,net_profit_fitness,1_day,rep_3
train,4,86986,125287,125287,130699,23,11,1457,7.75,5,25,2,434.0,14,434.0,605.0,171.0,3.538011695906433,76.0,0.3571428571428571,31.0,19.0,4,rolling,net_profit_fitness,1_day,rep_3
test,4,86986,125287,125287,130699,23,11,1457,7.75,5,25,2,-1000.0,0,0.0,0.0,0.0,inf,0.0,0.0,0.0,0.0,0,rolling,net_profit_fitness,1_day,rep_3
train,4,86986,125287,125287,130699,24,11,1457,7.75,5,25,2,434.0,14,434.0,605.0,171.0,3.538011695906433,76.0,0.3571428571428571,31.0,19.0,4,rolling,net_profit_fitness,1_day,rep_3
test,4,86986,125287,125287,130699,24,11,1457,7.75,5,25,2,-1000.0,0,0.0,0.0,0.0,inf,0.0,0.0,0.0,0.0,0,rolling,net_profit_fitness,1_day,rep_3
train,4,86986,125287,125287,130699,25,11,3133,7.5,5,25,2,434.0,14,434.0,605.0,171.0,3.538011695906433,76.0,0.3571428571428571,31.0,19.0,4,rolling,net_profit_fitness,1_day,rep_3
test,4,86986,125287,125287,130699,25,11,3133,7.5,5,25,2,-1000.0,0,0.0,0.0,0.0,inf,0.0,0.0,0.0,0.0,0,rolling,net_profit_fitness,1_day,rep_3
train,4,86986,125287,125287,130699,26,11,1457,7.5,5,25,2,434.0,14,434.0,605.0,171.0,3.538011695906433,76.0,0.3571428571428571,31.0,19.0,4,rolling,net_profit_fitness,1_day,rep_3
test,4,86986,125287,125287,130699,26,11,1457,7.5,5,25,2,-1000.0,0,0.0,0.0,0.0,inf,0.0,0.0,0.0,0.0,0,rolling,net_profit_fitness,1_day,rep_3
train,4,86986,125287,125287,130699,27,11,2880,7.75,5,25,2,434.0,14,434.0,605.0,171.0,3.538011695906433,76.0,0.3571428571428571,31.0,19.0,4,rolling,net_profit_fitness,1_day,rep_3
test,4,86986,125287,125287,130699,27,11,2880,7.75,5,25,2,-1000.0,0,0.0,0.0,0.0,inf,0.0,0.0,0.0,0.0,0,rolling,net_profit_fitness,1_day,rep_3
train,4,86986,125287,125287,130699,28,11,3386,7.5,5,25,2,434.0,14,434.0,605.0,171.0,3.538011695906433,76.0,0.3571428571428571,31.0,19.0,4,rolling,net_profit_fitness,1_day,rep_3
test,4,86986,125287,125287,130699,28,11,3386,7.5,5,25,2,-1000.0,0,0.0,0.0,0.0,inf,0.0,0.0,0.0,0.0,0,rolling,net_profit_fitness,1_day,rep_3
train,4,86986,125287,125287,130699,29,11,3165,7.75,5,25,2,434.0,14,434.0,605.0,171.0,3.538011695906433,76.0,0.3571428571428571,31.0,19.0,4,rolling,net_profit_fitness,1_day,rep_3
test,4,86986,125287,125287,130699,29,11,3165,7.75,5,25,2,-1000.0,0,0.0,0.0,0.0,inf,0.0,0.0,0.0,0.0,0,rolling,net_profit_fitness,1_day,rep_3
train,4,86986,125287,125287,130699,30,11,1486,7.75,5,25,2,434.0,14,434.0,605.0,171.0,3.538011695906433,76.0,0.3571428571428571,31.0,19.0,4,rolling,net_profit_fitness,1_day,rep_3
test,4,86986,125287,125287,130699,30,11,1486,7.75,5,25,2,-1000.0,0,0.0,0.0,0.0,inf,0.0,0.0,0.0,0.0,0,rolling,net_profit_fitness,1_day,rep_3
train,4,86986,125287,125287,130699,31,11,3133,7.5,5,25,2,434.0,14,434.0,605.0,171.0,3.538011695906433,76.0,0.3571428571428571,31.0,19.0,4,rolling,net_profit_fitness,1_day,rep_3
test,4,86986,125287,125287,130699,31,11,3133,7.5,5,25,2,-1000.0,0,0.0,0.0,0.0,inf,0.0,0.0,0.0,0.0,0,rolling,net_profit_fitness,1_day,rep_3
train,4,86986,125287,125287,130699,32,11,2908,7.75,5,25,2,434.0,14,434.0,605.0,171.0,3.538011695906433,76.0,0.3571428571428571,31.0,19.0,4,rolling,net_profit_fitness,1_day,rep_3
test,4,86986,125287,125287,130699,32,11,2908,7.75,5,25,2,-1000.0,0,0.0,0.0,0.0,inf,0.0,0.0,0.0,0.0,0,rolling,net_profit_fitness,1_day,rep_3
train,4,86986,125287,125287,130699,33,11,2908,7.75,5,25,2,434.0,14,434.0,605.0,171.0,3.538011695906433,76.0,0.3571428571428571,31.0,19.0,4,rolling,net_profit_fitness,1_day,rep_3
test,4,86986,125287,125287,130699,33,11,2908,7.75,5,25,2,-1000.0,0,0.0,0.0,0.0,inf,0.0,0.0,0.0,0.0,0,rolling,net_profit_fitness,1_day,rep_3
train,4,86986,125287,125287,130699,34,11,1457,7.5,5,25,2,434.0,14,434.0,605.0,171.0,3.538011695906433,76.0,0.3571428571428571,31.0,19.0,4,rolling,net_profit_fitness,1_day,rep_3
test,4,86986,125287,125287,130699,34,11,1457,7.5,5,25,2,-1000.0,0,0.0,0.0,0.0,inf,0.0,0.0,0.0,0.0,0,rolling,net_profit_fitness,1_day,rep_3
train,4,86986,125287,125287,130699,35,11,3623,7.25,5,25,2,434.0,14,434.0,605.0,171.0,3.538011695906433,76.0,0.3571428571428571,31.0,19.0,4,rolling,net_profit_fitness,1_day,rep_3
test,4,86986,125287,125287,130699,35,11,3623,7.25,5,25,2,-1000.0,0,0.0,0.0,0.0,inf,0.0,0.0,0.0,0.0,0,rolling,net_profit_fitness,1_day,rep_3
train,4,86986,125287,125287,130699,36,11,3386,7.75,5,25,2,434.0,14,434.0,605.0,171.0,3.538011695906433,76.0,0.3571428571428571,31.0,19.0,4,rolling,net_profit_fitness,1_day,rep_3
test,4,86986,125287,125287,130699,36,11,3386,7.75,5,25,2,-1000.0,0,0.0,0.0,0.0,inf,0.0,0.0,0.0,0.0,0,rolling,net_profit_fitness,1_day,rep_3
train,4,86986,125287,125287,130699,37,11,3165,7.75,5,25,2,434.0,14,434.0,605.0,171.0,3.538011695906433,76.0,0.3571428571428571,31.0,19.0,4,rolling,net_profit_fitness,1_day,rep_3
test,4,86986,125287,125287,130699,37,11,3165,7.75,5,25,2,-1000.0,0,0.0,0.0,0.0,inf,0.0,0.0,0.0,0.0,0,rolling,net_profit_fitness,1_day,rep_3
train,4,86986,125287,125287,130699,38,11,1486,7.75,5,25,2,434.0,14,434.0,605.0,171.0,3.538011695906433,76.0,0.3571428571428571,31.0,19.0,4,rolling,net_profit_fitness,1_day,rep_3
test,4,86986,125287,125287,130699,38,11,1486,7.75,5,25,2,-1000.0,0,0.0,0.0,0.0,inf,0.0,0.0,0.0,0.0,0,rolling,net_profit_fitness,1_day,rep_3
train,4,86986,125287,125287,130699,39,11,1585,7.75,5,25,2,434.0,14,434.0,605.0,171.0,3.538011695906433,76.0,0.3571428571428571,31.0,19.0,4,rolling,net_profit_fitness,1_day,rep_3
test,4,86986,125287,125287,130699,39,11,1585,7.75,5,25,2,-1000.0,0,0.0,0.0,0.0,inf,0.0,0.0,0.0,0.0,0,rolling,net_profit_fitness,1_day,rep_3
train,4,86986,125287,125287,130699,40,11,1486,7.75,5,25,2,434.0,14,434.0,605.0,171.0,3.538011695906433,76.0,0.3571428571428571,31.0,19.0,4,rolling,net_profit_fitness,1_day,rep_3
test,4,86986,125287,125287,130699,40,11,1486,7.75,5,25,2,-1000.0,0,0.0,0.0,0.0,inf,0.0,0.0,0.0,0.0,0,rolling,net_profit_fitness,1_day,rep_3
train,4,86986,125287,125287,130699,41,11,3386,7.75,5,25,2,434.0,14,434.0,605.0,171.0,3.538011695906433,76.0,0.3571428571428571,31.0,19.0,4,rolling,net_profit_fitness,1_day,rep_3
test,4,86986,125287,125287,130699,41,11,3386,7.75,5,25,2,-1000.0,0,0.0,0.0,0.0,inf,0.0,0.0,0.0,0.0,0,rolling,net_profit_fitness,1_day,rep_3
train,4,86986,125287,125287,130699,42,11,3133,7.75,5,25,2,434.0,14,434.0,605.0,171.0,3.538011695906433,76.0,0.3571428571428571,31.0,19.0,4,rolling,net_profit_fitness,1_day,rep_3
test,4,86986,125287,125287,130699,42,11,3133,7.75,5,25,2,-1000.0,0,0.0,0.0,0.0,inf,0.0,0.0,0.0,0.0,0,rolling,net_profit_fitness,1_day,rep_3
train,4,86986,125287,125287,130699,43,11,2880,7.75,5,25,2,434.0,14,434.0,605.0,171.0,3.538011695906433,76.0,0.3571428571428571,31.0,19.0,4,rolling,net_profit_fitness,1_day,rep_3
test,4,86986,125287,125287,130699,43,11,2880,7.75,5,25,2,-1000.0,0,0.0,0.0,0.0,inf,0.0,0.0,0.0,0.0,0,rolling,net_profit_fitness,1_day,rep_3
train,4,86986,125287,125287,130699,44,11,1548,7.5,5,25,2,434.0,14,434.0,605.0,171.0,3.538011695906433,76.0,0.3571428571428571,31.0,19.0,4,rolling,net_profit_fitness,1_day,rep_3
test,4,86986,125287,125287,130699,44,11,1548,7.5,5,25,2,-1000.0,0,0.0,0.0,0.0,inf,0.0,0.0,0.0,0.0,0,rolling,net_profit_fitness,1_day,rep_3
train,4,86986,125287,125287,130699,45,11,2848,7.75,5,25,2,434.0,14,434.0,605.0,171.0,3.538011695906433,76.0,0.3571428571428571,31.0,19.0,4,rolling,net_profit_fitness,1_day,rep_3
test,4,86986,125287,125287,130699,45,11,2848,7.75,5,25,2,-1000.0,0,0.0,0.0,0.0,inf,0.0,0.0,0.0,0.0,0,rolling,net_profit_fitness,1_day,rep_3
train,4,86986,125287,125287,130699,46,11,2880,7.75,5,25,2,434.0,14,434.0,605.0,171.0,3.538011695906433,76.0,0.3571428571428571,31.0,19.0,4,rolling,net_profit_fitness,1_day,rep_3
test,4,86986,125287,125287,130699,46,11,2880,7.75,5,25,2,-1000.0,0,0.0,0.0,0.0,inf,0.0,0.0,0.0,0.0,0,rolling,net_profit_fitness,1_day,rep_3
train,4,86986,125287,125287,130699,47,11,1634,7.75,5,25,2,434.0,14,434.0,605.0,171.0,3.538011695906433,76.0,0.3571428571428571,31.0,19.0,4,rolling,net_profit_fitness,1_day,rep_3
test,4,86986,125287,125287,130699,47,11,1634,7.75,5,25,2,-1000.0,0,0.0,0.0,0.0,inf,0.0,0.0,0.0,0.0,0,rolling,net_profit_fitness,1_day,rep_3
train,4,86986,125287,125287,130699,48,11,2880,7.75,5,25,2,434.0,14,434.0,605.0,171.0,3.538011695906433,76.0,0.3571428571428571,31.0,19.0,4,rolling,net_profit_fitness,1_day,rep_3
test,4,86986,125287,125287,130699,48,11,2880,7.75,5,25,2,-1000.0,0,0.0,0.0,0.0,inf,0.0,0.0,0.0,0.0,0,rolling,net_profit_fitness,1_day,rep_3
train,4,86986,125287,125287,130699,49,11,3386,7.75,5,25,2,434.0,14,434.0,605.0,171.0,3.538011695906433,76.0,0.3571428571428571,31.0,19.0,4,rolling,net_profit_fitness,1_day,rep_3
test,4,86986,125287,125287,130699,49,11,3386,7.75,5,25,2,-1000.0,0,0.0,0.0,0.0,inf,0.0,0.0,0.0,0.0,0,rolling,net_profit_fitness,1_day,rep_3
train,4,86986,125287,125287,130699,50,11,1601,7.75,5,25,2,434.0,14,434.0,605.0,171.0,3.538011695906433,76.0,0.3571428571428571,31.0,19.0,4,rolling,net_profit_fitness,1_day,rep_3
test,4,86986,125287,125287,130699,50,11,1601,7.75,5,25,2,-1000.0,0,0.0,0.0,0.0,inf,0.0,0.0,0.0,0.0,0,rolling,net_profit_fitness,1_day,rep_3
train,4,86986,125287,125287,130699,51,11,3386,7.75,5,25,2,434.0,14,434.0,605.0,171.0,3.538011695906433,76.0,0.3571428571428571,31.0,19.0,4,rolling,net_profit_fitness,1_day,rep_3
test,4,86986,125287,125287,130699,51,11,3386,7.75,5,25,2,-1000.0,0,0.0,0.0,0.0,inf,0.0,0.0,0.0,0.0,0,rolling,net_profit_fitness,1_day,rep_3
train,4,86986,125287,125287,130699,52,11,3386,7.75,5,25,2,434.0,14,434.0,605.0,171.0,3.538011695906433,76.0,0.3571428571428571,31.0,19.0,4,rolling,net_profit_fitness,1_day,rep_3
test,4,86986,125287,125287,130699,52,11,3386,7.75,5,25,2,-1000.0,0,0.0,0.0,0.0,inf,0.0,0.0,0.0,0.0,0,rolling,net_profit_fitness,1_day,rep_3
train,4,86986,125287,125287,130699,53,11,1819,7.75,5,25,2,434.0,14,434.0,605.0,171.0,3.538011695906433,76.0,0.3571428571428571,31.0,19.0,4,rolling,net_profit_fitness,1_day,rep_3
test,4,86986,125287,125287,130699,53,11,1819,7.75,5,25,2,-1000.0,0,0.0,0.0,0.0,inf,0.0,0.0,0.0,0.0,0,rolling,net_profit_fitness,1_day,rep_3
train,4,86986,125287,125287,130699,54,11,1520,7.75,5,25,2,434.0,14,434.0,605.0,171.0,3.538011695906433,76.0,0.3571428571428571,31.0,19.0,4,rolling,net_profit_fitness,1_day,rep_3
test,4,86986,125287,125287,130699,54,11,1520,7.75,5,25,2,-1000.0,0,0.0,0.0,0.0,inf,0.0,0.0,0.0,0.0,0,rolling,net_profit_fitness,1_day,rep_3
train,4,86986,125287,125287,130699,55,11,1431,7.75,5,25,2,434.0,14,434.0,605.0,171.0,3.538011695906433,76.0,0.3571428571428571,31.0,19.0,4,rolling,net_profit_fitness,1_day,rep_3
test,4,86986,125287,125287,130699,55,11,1431,7.75,5,25,2,-1000.0,0,0.0,0.0,0.0,inf,0.0,0.0,0.0,0.0,0,rolling,net_profit_fitness,1_day,rep_3
train,4,86986,125287,125287,130699,56,11,1601,7.5,5,25,2,434.0,14,434.0,605.0,171.0,3.538011695906433,76.0,0.3571428571428571,31.0,19.0,4,rolling,net_profit_fitness,1_day,rep_3
test,4,86986,125287,125287,130699,56,11,1601,7.5,5,25,2,-1000.0,0,0.0,0.0,0.0,inf,0.0,0.0,0.0,0.0,0,rolling,net_profit_fitness,1_day,rep_3
train,4,86986,125287,125287,130699,57,11,1548,7.75,5,25,2,434.0,14,434.0,605.0,171.0,3.538011695906433,76.0,0.3571428571428571,31.0,19.0,4,rolling,net_profit_fitness,1_day,rep_3
test,4,86986,125287,125287,130699,57,11,1548,7.75,5,25,2,-1000.0,0,0.0,0.0,0.0,inf,0.0,0.0,0.0,0.0,0,rolling,net_profit_fitness,1_day,rep_3
train,4,86986,125287,125287,130699,58,11,3386,7.75,5,25,2,434.0,14,434.0,605.0,171.0,3.538011695906433,76.0,0.3571428571428571,31.0,19.0,4,rolling,net_profit_fitness,1_day,rep_3
test,4,86986,125287,125287,130699,58,11,3386,7.75,5,25,2,-1000.0,0,0.0,0.0,0.0,inf,0.0,0.0,0.0,0.0,0,rolling,net_profit_fitness,1_day,rep_3
train,4,86986,125287,125287,130699,59,11,1574,7.75,5,25,2,434.0,14,434.0,605.0,171.0,3.538011695906433,76.0,0.3571428571428571,31.0,19.0,4,rolling,net_profit_fitness,1_day,rep_3
test,4,86986,125287,125287,130699,59,11,1574,7.75,5,25,2,-1000.0,0,0.0,0.0,0.0,inf,0.0,0.0,0.0,0.0,0,rolling,net_profit_fitness,1_day,rep_3
train,4,86986,125287,125287,130699,60,11,1548,7.75,5,25,2,434.0,14,434.0,605.0,171.0,3.538011695906433,76.0,0.3571428571428571,31.0,19.0,4,rolling,net_profit_fitness,1_day,rep_3
test,4,86986,125287,125287,130699,60,11,1548,7.75,5,25,2,-1000.0,0,0.0,0.0,0.0,inf,0.0,0.0,0.0,0.0,0,rolling,net_profit_fitness,1_day,rep_3
train,4,86986,125287,125287,130699,61,11,1368,7.75,5,25,2,434.0,14,434.0,605.0,171.0,3.538011695906433,76.0,0.3571428571428571,31.0,19.0,4,rolling,net_profit_fitness,1_day,rep_3
test,4,86986,125287,125287,130699,61,11,1368,7.75,5,25,2,-1000.0,0,0.0,0.0,0.0,inf,0.0,0.0,0.0,0.0,0,rolling,net_profit_fitness,1_day,rep_3
train,4,86986,125287,125287,130699,62,11,3386,7.75,5,25,2,434.0,14,434.0,605.0,171.0,3.538011695906433,76.0,0.3571428571428571,31.0,19.0,4,rolling,net_profit_fitness,1_day,rep_3
test,4,86986,125287,125287,130699,62,11,3386,7.75,5,25,2,-1000.0,0,0.0,0.0,0.0,inf,0.0,0.0,0.0,0.0,0,rolling,net_profit_fitness,1_day,rep_3
train,4,86986,125287,125287,130699,63,11,3386,7.75,5,25,2,434.0,14,434.0,605.0,171.0,3.538011695906433,76.0,0.3571428571428571,31.0,19.0,4,rolling,net_profit_fitness,1_day,rep_3
test,4,86986,125287,125287,130699,63,11,3386,7.75,5,25,2,-1000.0,0,0.0,0.0,0.0,inf,0.0,0.0,0.0,0.0,0,rolling,net_profit_fitness,1_day,rep_3
train,4,86986,125287,125287,130699,64,11,1548,7.5,5,25,2,434.0,14,434.0,605.0,171.0,3.538011695906433,76.0,0.3571428571428571,31.0,19.0,4,rolling,net_profit_fitness,1_day,rep_3
test,4,86986,125287,125287,130699,64,11,1548,7.5,5,25,2,-1000.0,0,0.0,0.0,0.0,inf,0.0,0.0,0.0,0.0,0,rolling,net_profit_fitness,1_day,rep_3
train,4,86986,125287,125287,130699,65,11,3165,7.75,5,25,2,434.0,14,434.0,605.0,171.0,3.538011695906433,76.0,0.3571428571428571,31.0,19.0,4,rolling,net_profit_fitness,1_day,rep_3
test,4,86986,125287,125287,130699,65,11,3165,7.75,5,25,2,-1000.0,0,0.0,0.0,0.0,inf,0.0,0.0,0.0,0.0,0,rolling,net_profit_fitness,1_day,rep_3
train,4,86986,125287,125287,130699,66,11,1637,7.5,5,25,2,434.0,14,434.0,605.0,171.0,3.538011695906433,76.0,0.3571428571428571,31.0,19.0,4,rolling,net_profit_fitness,1_day,rep_3
test,4,86986,125287,125287,130699,66,11,1637,7.5,5,25,2,-1000.0,0,0.0,0.0,0.0,inf,0.0,0.0,0.0,0.0,0,rolling,net_profit_fitness,1_day,rep_3
train,4,86986,125287,125287,130699,67,11,1574,7.75,5,25,2,434.0,14,434.0,605.0,171.0,3.538011695906433,76.0,0.3571428571428571,31.0,19.0,4,rolling,net_profit_fitness,1_day,rep_3
test,4,86986,125287,125287,130699,67,11,1574,7.75,5,25,2,-1000.0,0,0.0,0.0,0.0,inf,0.0,0.0,0.0,0.0,0,rolling,net_profit_fitness,1_day,rep_3
train,4,86986,125287,125287,130699,68,11,1633,7.5,5,25,2,434.0,14,434.0,605.0,171.0,3.538011695906433,76.0,0.3571428571428571,31.0,19.0,4,rolling,net_profit_fitness,1_day,rep_3
test,4,86986,125287,125287,130699,68,11,1633,7.5,5,25,2,-1000.0,0,0.0,0.0,0.0,inf,0.0,0.0,0.0,0.0,0,rolling,net_profit_fitness,1_day,rep_3
train,4,86986,125287,125287,130699,69,11,1601,7.75,5,25,2,434.0,14,434.0,605.0,171.0,3.538011695906433,76.0,0.3571428571428571,31.0,19.0,4,rolling,net_profit_fitness,1_day,rep_3
test,4,86986,125287,125287,130699,69,11,1601,7.75,5,25,2,-1000.0,0,0.0,0.0,0.0,inf,0.0,0.0,0.0,0.0,0,rolling,net_profit_fitness,1_day,rep_3
train,4,86986,125287,125287,130699,70,11,1516,7.75,5,25,2,434.0,14,434.0,605.0,171.0,3.538011695906433,76.0,0.3571428571428571,31.0,19.0,4,rolling,net_profit_fitness,1_day,rep_3
test,4,86986,125287,125287,130699,70,11,1516,7.75,5,25,2,-1000.0,0,0.0,0.0,0.0,inf,0.0,0.0,0.0,0.0,0,rolling,net_profit_fitness,1_day,rep_3
train,4,86986,125287,125287,130699,71,11,3165,7.75,5,25,2,434.0,14,434.0,605.0,171.0,3.538011695906433,76.0,0.3571428571428571,31.0,19.0,4,rolling,net_profit_fitness,1_day,rep_3
test,4,86986,125287,125287,130699,71,11,3165,7.75,5,25,2,-1000.0,0,0.0,0.0,0.0,inf,0.0,0.0,0.0,0.0,0,rolling,net_profit_fitness,1_day,rep_3
train,4,86986,125287,125287,130699,72,11,2966,7.75,5,25,2,434.0,14,434.0,605.0,171.0,3.538011695906433,76.0,0.3571428571428571,31.0,19.0,4,rolling,net_profit_fitness,1_day,rep_3
test,4,86986,125287,125287,130699,72,11,2966,7.75,5,25,2,-1000.0,0,0.0,0.0,0.0,inf,0.0,0.0,0.0,0.0,0,rolling,net_profit_fitness,1_day,rep_3
train,4,86986,125287,125287,130699,73,11,1601,7.75,5,25,2,434.0,14,434.0,605.0,171.0,3.538011695906433,76.0,0.3571428571428571,31.0,19.0,4,rolling,net_profit_fitness,1_day,rep_3
test,4,86986,125287,125287,130699,73,11,1601,7.75,5,25,2,-1000.0,0,0.0,0.0,0.0,inf,0.0,0.0,0.0,0.0,0,rolling,net_profit_fitness,1_day,rep_3
train,4,86986,125287,125287,130699,74,11,2791,7.75,5,25,2,434.0,14,434.0,605.0,171.0,3.538011695906433,76.0,0.3571428571428571,31.0,19.0,4,rolling,net_profit_fitness,1_day,rep_3
test,4,86986,125287,125287,130699,74,11,2791,7.75,5,25,2,-1000.0,0,0.0,0.0,0.0,inf,0.0,0.0,0.0,0.0,0,rolling,net_profit_fitness,1_day,rep_3
train,4,86986,125287,125287,130699,75,11,1601,7.75,5,25,2,434.0,14,434.0,605.0,171.0,3.538011695906433,76.0,0.3571428571428571,31.0,19.0,4,rolling,net_profit_fitness,1_day,rep_3
test,4,86986,125287,125287,130699,75,11,1601,7.75,5,25,2,-1000.0,0,0.0,0.0,0.0,inf,0.0,0.0,0.0,0.0,0,rolling,net_profit_fitness,1_day,rep_3
train,4,86986,125287,125287,130699,76,11,3386,7.75,5,25,2,434.0,14,434.0,605.0,171.0,3.538011695906433,76.0,0.3571428571428571,31.0,19.0,4,rolling,net_profit_fitness,1_day,rep_3
test,4,86986,125287,125287,130699,76,11,3386,7.75,5,25,2,-1000.0,0,0.0,0.0,0.0,inf,0.0,0.0,0.0,0.0,0,rolling,net_profit_fitness,1_day,rep_3
train,4,86986,125287,125287,130699,77,11,1601,7.5,5,25,2,434.0,14,434.0,605.0,171.0,3.538011695906433,76.0,0.3571428571428571,31.0,19.0,4,rolling,net_profit_fitness,1_day,rep_3
test,4,86986,125287,125287,130699,77,11,1601,7.5,5,25,2,-1000.0,0,0.0,0.0,0.0,inf,0.0,0.0,0.0,0.0,0,rolling,net_profit_fitness,1_day,rep_3
train,4,86986,125287,125287,130699,78,11,1601,7.75,5,25,2,434.0,14,434.0,605.0,171.0,3.538011695906433,76.0,0.3571428571428571,31.0,19.0,4,rolling,net_profit_fitness,1_day,rep_3
test,4,86986,125287,125287,130699,78,11,1601,7.75,5,25,2,-1000.0,0,0.0,0.0,0.0,inf,0.0,0.0,0.0,0.0,0,rolling,net_profit_fitness,1_day,rep_3
train,4,86986,125287,125287,130699,79,11,2736,7.75,5,25,2,434.0,14,434.0,605.0,171.0,3.538011695906433,76.0,0.3571428571428571,31.0,19.0,4,rolling,net_profit_fitness,1_day,rep_3
test,4,86986,125287,125287,130699,79,11,2736,7.75,5,25,2,-1000.0,0,0.0,0.0,0.0,inf,0.0,0.0,0.0,0.0,0,rolling,net_profit_fitness,1_day,rep_3
train,4,86986,125287,125287,130699,80,11,1601,7.5,5,25,2,434.0,14,434.0,605.0,171.0,3.538011695906433,76.0,0.3571428571428571,31.0,19.0,4,rolling,net_profit_fitness,1_day,rep_3
test,4,86986,125287,125287,130699,80,11,1601,7.5,5,25,2,-1000.0,0,0.0,0.0,0.0,inf,0.0,0.0,0.0,0.0,0,rolling,net_profit_fitness,1_day,rep_3
train,4,86986,125287,125287,130699,81,11,2898,7.75,5,25,2,434.0,14,434.0,605.0,171.0,3.538011695906433,76.0,0.3571428571428571,31.0,19.0,4,rolling,net_profit_fitness,1_day,rep_3
test,4,86986,125287,125287,130699,81,11,2898,7.75,5,25,2,-1000.0,0,0.0,0.0,0.0,inf,0.0,0.0,0.0,0.0,0,rolling,net_profit_fitness,1_day,rep_3
train,4,86986,125287,125287,130699,82,11,1399,7.75,5,25,2,434.0,14,434.0,605.0,171.0,3.538011695906433,76.0,0.3571428571428571,31.0,19.0,4,rolling,net_profit_fitness,1_day,rep_3
test,4,86986,125287,125287,130699,82,11,1399,7.75,5,25,2,-1000.0,0,0.0,0.0,0.0,inf,0.0,0.0,0.0,0.0,0,rolling,net_profit_fitness,1_day,rep_3
train,4,86986,125287,125287,130699,83,11,1601,7.25,5,25,2,434.0,14,434.0,605.0,171.0,3.538011695906433,76.0,0.3571428571428571,31.0,19.0,4,rolling,net_profit_fitness,1_day,rep_3
test,4,86986,125287,125287,130699,83,11,1601,7.25,5,25,2,-1000.0,0,0.0,0.0,0.0,inf,0.0,0.0,0.0,0.0,0,rolling,net_profit_fitness,1_day,rep_3
train,4,86986,125287,125287,130699,84,11,1428,7.5,5,25,2,434.0,14,434.0,605.0,171.0,3.538011695906433,76.0,0.3571428571428571,31.0,19.0,4,rolling,net_profit_fitness,1_day,rep_3
test,4,86986,125287,125287,130699,84,11,1428,7.5,5,25,2,-1000.0,0,0.0,0.0,0.0,inf,0.0,0.0,0.0,0.0,0,rolling,net_profit_fitness,1_day,rep_3
train,4,86986,125287,125287,130699,85,11,2791,7.75,5,25,2,434.0,14,434.0,605.0,171.0,3.538011695906433,76.0,0.3571428571428571,31.0,19.0,4,rolling,net_profit_fitness,1_day,rep_3
test,4,86986,125287,125287,130699,85,11,2791,7.75,5,25,2,-1000.0,0,0.0,0.0,0.0,inf,0.0,0.0,0.0,0.0,0,rolling,net_profit_fitness,1_day,rep_3
train,4,86986,125287,125287,130699,86,11,1601,7.75,5,25,2,434.0,14,434.0,605.0,171.0,3.538011695906433,76.0,0.3571428571428571,31.0,19.0,4,rolling,net_profit_fitness,1_day,rep_3
test,4,86986,125287,125287,130699,86,11,1601,7.75,5,25,2,-1000.0,0,0.0,0.0,0.0,inf,0.0,0.0,0.0,0.0,0,rolling,net_profit_fitness,1_day,rep_3
train,4,86986,125287,125287,130699,87,11,1601,7.75,5,25,2,434.0,14,434.0,605.0,171.0,3.538011695906433,76.0,0.3571428571428571,31.0,19.0,4,rolling,net_profit_fitness,1_day,rep_3
test,4,86986,125287,125287,130699,87,11,1601,7.75,5,25,2,-1000.0,0,0.0,0.0,0.0,inf,0.0,0.0,0.0,0.0,0,rolling,net_profit_fitness,1_day,rep_3
train,4,86986,125287,125287,130699,88,11,3092,7.5,5,25,2,434.0,14,434.0,605.0,171.0,3.538011695906433,76.0,0.3571428571428571,31.0,19.0,4,rolling,net_profit_fitness,1_day,rep_3
test,4,86986,125287,125287,130699,88,11,3092,7.5,5,25,2,-1000.0,0,0.0,0.0,0.0,inf,0.0,0.0,0.0,0.0,0,rolling,net_profit_fitness,1_day,rep_3
train,4,86986,125287,125287,130699,89,11,3449,7.75,5,25,2,434.0,14,434.0,605.0,171.0,3.538011695906433,76.0,0.3571428571428571,31.0,19.0,4,rolling,net_profit_fitness,1_day,rep_3
test,4,86986,125287,125287,130699,89,11,3449,7.75,5,25,2,-1000.0,0,0.0,0.0,0.0,inf,0.0,0.0,0.0,0.0,0,rolling,net_profit_fitness,1_day,rep_3
train,4,86986,125287,125287,130699,90,11,1428,7.5,5,25,2,434.0,14,434.0,605.0,171.0,3.538011695906433,76.0,0.3571428571428571,31.0,19.0,4,rolling,net_profit_fitness,1_day,rep_3
test,4,86986,125287,125287,130699,90,11,1428,7.5,5,25,2,-1000.0,0,0.0,0.0,0.0,inf,0.0,0.0,0.0,0.0,0,rolling,net_profit_fitness,1_day,rep_3
train,4,86986,125287,125287,130699,91,11,2955,7.75,5,25,2,434.0,14,434.0,605.0,171.0,3.538011695906433,76.0,0.3571428571428571,31.0,19.0,4,rolling,net_profit_fitness,1_day,rep_3
test,4,86986,125287,125287,130699,91,11,2955,7.75,5,25,2,-1000.0,0,0.0,0.0,0.0,inf,0.0,0.0,0.0,0.0,0,rolling,net_profit_fitness,1_day,rep_3
train,4,86986,125287,125287,130699,92,11,2955,7.75,5,25,2,434.0,14,434.0,605.0,171.0,3.538011695906433,76.0,0.3571428571428571,31.0,19.0,4,rolling,net_profit_fitness,1_day,rep_3
test,4,86986,125287,125287,130699,92,11,2955,7.75,5,25,2,-1000.0,0,0.0,0.0,0.0,inf,0.0,0.0,0.0,0.0,0,rolling,net_profit_fitness,1_day,rep_3
train,4,86986,125287,125287,130699,93,11,2898,7.5,5,25,2,434.0,14,434.0,605.0,171.0,3.538011695906433,76.0,0.3571428571428571,31.0,19.0,4,rolling,net_profit_fitness,1_day,rep_3
test,4,86986,125287,125287,130699,93,11,2898,7.5,5,25,2,-1000.0,0,0.0,0.0,0.0,inf,0.0,0.0,0.0,0.0,0,rolling,net_profit_fitness,1_day,rep_3
train,4,86986,125287,125287,130699,94,11,3084,7.75,5,25,2,434.0,14,434.0,605.0,171.0,3.538011695906433,76.0,0.3571428571428571,31.0,19.0,4,rolling,net_profit_fitness,1_day,rep_3
test,4,86986,125287,125287,130699,94,11,3084,7.75,5,25,2,-1000.0,0,0.0,0.0,0.0,inf,0.0,0.0,0.0,0.0,0,rolling,net_profit_fitness,1_day,rep_3
train,4,86986,125287,125287,130699,95,11,1428,7.75,5,25,2,434.0,14,434.0,605.0,171.0,3.538011695906433,76.0,0.3571428571428571,31.0,19.0,4,rolling,net_profit_fitness,1_day,rep_3
test,4,86986,125287,125287,130699,95,11,1428,7.75,5,25,2,-1000.0,0,0.0,0.0,0.0,inf,0.0,0.0,0.0,0.0,0,rolling,net_profit_fitness,1_day,rep_3
train,4,86986,125287,125287,130699,96,11,1409,7.5,5,25,2,434.0,14,434.0,605.0,171.0,3.538011695906433,76.0,0.3571428571428571,31.0,19.0,4,rolling,net_profit_fitness,1_day,rep_3
test,4,86986,125287,125287,130699,96,11,1409,7.5,5,25,2,-1000.0,0,0.0,0.0,0.0,inf,0.0,0.0,0.0,0.0,0,rolling,net_profit_fitness,1_day,rep_3
train,4,86986,125287,125287,130699,97,11,2955,7.5,5,25,2,434.0,14,434.0,605.0,171.0,3.538011695906433,76.0,0.3571428571428571,31.0,19.0,4,rolling,net_profit_fitness,1_day,rep_3
test,4,86986,125287,125287,130699,97,11,2955,7.5,5,25,2,-1000.0,0,0.0,0.0,0.0,inf,0.0,0.0,0.0,0.0,0,rolling,net_profit_fitness,1_day,rep_3
train,4,86986,125287,125287,130699,98,11,3191,7.75,5,25,2,434.0,14,434.0,605.0,171.0,3.538011695906433,76.0,0.3571428571428571,31.0,19.0,4,rolling,net_profit_fitness,1_day,rep_3
test,4,86986,125287,125287,130699,98,11,3191,7.75,5,25,2,-1000.0,0,0.0,0.0,0.0,inf,0.0,0.0,0.0,0.0,0,rolling,net_profit_fitness,1_day,rep_3
train,4,86986,125287,125287,130699,99,11,1470,7.75,5,25,2,434.0,14,434.0,605.0,171.0,3.538011695906433,76.0,0.3571428571428571,31.0,19.0,4,rolling,net_profit_fitness,1_day,rep_3
test,4,86986,125287,125287,130699,99,11,1470,7.75,5,25,2,-1000.0,0,0.0,0.0,0.0,inf,0.0,0.0,0.0,0.0,0,rolling,net_profit_fitness,1_day,rep_3
train,4,86986,125287,125287,130699,100,11,3084,7.75,5,25,2,434.0,14,434.0,605.0,171.0,3.538011695906433,76.0,0.3571428571428571,31.0,19.0,4,rolling,net_profit_fitness,1_day,rep_3
test,4,86986,125287,125287,130699,100,11,3084,7.75,5,25,2,-1000.0,0,0.0,0.0,0.0,inf,0.0,0.0,0.0,0.0,0,rolling,net_profit_fitness,1_day,rep_3
