generation,window_id,train_start,train_end,test_start,test_end,best_fitness,average_fitness,median_fitness,worst_fitness,std_fitness,fitness_range,patience_counter,walk_forward_type,fitness_function,train_size,repetition
0,1,0,22406,22406,53560,16.0,-1183.93,-1000.0,-11568.0,1667.0057367518675,11584.0,0,rolling,net_profit_fitness,1_day,rep_1
1,1,0,22406,22406,53560,47.0,-543.95,-172.5,-9935.0,1148.1357781863237,9982.0,0,rolling,net_profit_fitness,1_day,rep_1
2,1,0,22406,22406,53560,32.0,-240.98,-110.0,-1196.0,326.37287283291806,1228.0,1,rolling,net_profit_fitness,1_day,rep_1
3,1,0,22406,22406,53560,32.0,-207.33,-69.0,-1158.0,321.87518928110546,1190.0,2,rolling,net_profit_fitness,1_day,rep_1
4,1,0,22406,22406,53560,82.0,-183.55,-38.5,-1000.0,330.1581003278902,1082.0,0,rolling,net_profit_fitness,1_day,rep_1
5,1,0,22406,22406,53560,82.0,-112.74,-38.0,-1000.0,235.8094428417432,1082.0,1,rolling,net_profit_fitness,1_day,rep_1
6,1,0,22406,22406,53560,83.0,-106.53,-29.0,-1000.0,263.19384318579546,1083.0,0,rolling,net_profit_fitness,1_day,rep_1
7,1,0,22406,22406,53560,102.0,-132.31,-25.5,-1000.0,315.0303719524917,1102.0,0,rolling,net_profit_fitness,1_day,rep_1
8,1,0,22406,22406,53560,102.0,-100.39,-19.0,-1000.0,281.5467700709311,1102.0,1,rolling,net_profit_fitness,1_day,rep_1
9,1,0,22406,22406,53560,102.0,-44.98,-2.5,-1000.0,230.3846138591514,1102.0,2,rolling,net_profit_fitness,1_day,rep_1
10,1,0,22406,22406,53560,102.0,31.17,63.0,-603.0,84.86400945636555,705.0,3,rolling,net_profit_fitness,1_day,rep_1
11,1,0,22406,22406,53560,102.0,77.23,83.0,-38.0,25.472050438379583,140.0,4,rolling,net_profit_fitness,1_day,rep_1
12,1,0,22406,22406,53560,102.0,87.61,102.0,-38.0,27.02408017104207,140.0,5,rolling,net_profit_fitness,1_day,rep_1
13,1,0,22406,22406,53560,102.0,94.59,102.0,-38.0,27.282323059357527,140.0,6,rolling,net_profit_fitness,1_day,rep_1
14,1,0,22406,22406,53560,102.0,94.95,102.0,-48.0,27.70784631606628,150.0,7,rolling,net_profit_fitness,1_day,rep_1
15,1,0,22406,22406,53560,102.0,98.13,102.0,-48.0,20.715804243488726,150.0,8,rolling,net_profit_fitness,1_day,rep_1
16,1,0,22406,22406,53560,102.0,97.95,102.0,-38.0,20.48077442901321,140.0,9,rolling,net_profit_fitness,1_day,rep_1
17,1,0,22406,22406,53560,102.0,93.43,102.0,-38.0,28.477620133797146,140.0,10,rolling,net_profit_fitness,1_day,rep_1
18,1,0,22406,22406,53560,102.0,99.23,102.0,-38.0,16.129435416922902,140.0,11,rolling,net_profit_fitness,1_day,rep_1
19,1,0,22406,22406,53560,102.0,95.5,102.0,-48.0,28.61711714934602,150.0,12,rolling,net_profit_fitness,1_day,rep_1
20,1,0,22406,22406,53560,102.0,91.34,102.0,-58.0,35.10107195692537,160.0,13,rolling,net_profit_fitness,1_day,rep_1
21,1,0,22406,22406,53560,102.0,87.28,102.0,-58.0,40.43577773719854,160.0,14,rolling,net_profit_fitness,1_day,rep_1
22,1,0,22406,22406,53560,102.0,96.32,102.0,-48.0,23.416250939909403,150.0,15,rolling,net_profit_fitness,1_day,rep_1
23,1,0,22406,22406,53560,102.0,100.49,102.0,37.0,8.823173116197134,65.0,16,rolling,net_profit_fitness,1_day,rep_1
24,1,0,22406,22406,53560,102.0,97.95,102.0,-38.0,18.79413996355505,140.0,17,rolling,net_profit_fitness,1_day,rep_1
25,1,0,22406,22406,53560,102.0,96.11,102.0,-58.0,24.57924516597881,160.0,18,rolling,net_profit_fitness,1_day,rep_1
26,1,0,22406,22406,53560,102.0,94.1,102.0,-48.0,31.98152875986672,150.0,19,rolling,net_profit_fitness,1_day,rep_1
27,1,0,22406,22406,53560,102.0,96.22,102.0,-58.0,27.306927378016788,160.0,20,rolling,net_profit_fitness,1_day,rep_1
28,1,0,22406,22406,53560,102.0,89.52,102.0,-58.0,37.14141144927646,160.0,21,rolling,net_profit_fitness,1_day,rep_1
29,1,0,22406,22406,53560,102.0,98.9,102.0,-38.0,19.781380899801466,140.0,22,rolling,net_profit_fitness,1_day,rep_1
30,1,0,22406,22406,53560,102.0,94.15,102.0,-48.0,29.93743475984541,150.0,23,rolling,net_profit_fitness,1_day,rep_1
31,1,0,22406,22406,53560,102.0,95.54,102.0,-38.0,24.257215941911497,140.0,24,rolling,net_profit_fitness,1_day,rep_1
32,1,0,22406,22406,53560,102.0,98.21,102.0,-38.0,18.416777046152152,140.0,25,rolling,net_profit_fitness,1_day,rep_1
33,1,0,22406,22406,53560,102.0,93.88,102.0,-48.0,30.251564781299688,150.0,26,rolling,net_profit_fitness,1_day,rep_1
34,1,0,22406,22406,53560,102.0,96.14,102.0,-58.0,21.112981310037192,160.0,27,rolling,net_profit_fitness,1_day,rep_1
35,1,0,22406,22406,53560,102.0,95.58,102.0,-58.0,28.47511052115372,160.0,28,rolling,net_profit_fitness,1_day,rep_1
36,1,0,22406,22406,53560,102.0,96.46,102.0,-38.0,20.1095082792276,140.0,29,rolling,net_profit_fitness,1_day,rep_1
37,1,0,22406,22406,53560,102.0,97.01,102.0,-38.0,20.01539558954708,140.0,30,rolling,net_profit_fitness,1_day,rep_1
38,1,0,22406,22406,53560,102.0,90.23,102.0,-58.0,36.296994616384126,160.0,31,rolling,net_profit_fitness,1_day,rep_1
39,1,0,22406,22406,53560,102.0,95.69,102.0,-58.0,25.767685894616854,160.0,32,rolling,net_profit_fitness,1_day,rep_1
40,1,0,22406,22406,53560,102.0,98.53,102.0,26.0,13.78438217401099,76.0,33,rolling,net_profit_fitness,1_day,rep_1
41,1,0,22406,22406,53560,102.0,91.74,102.0,-38.0,32.73697443181784,140.0,34,rolling,net_profit_fitness,1_day,rep_1
42,1,0,22406,22406,53560,102.0,99.68,102.0,30.0,11.212258803414567,72.0,35,rolling,net_profit_fitness,1_day,rep_1
43,1,0,22406,22406,53560,102.0,94.12,102.0,-48.0,29.07575615456279,150.0,36,rolling,net_profit_fitness,1_day,rep_1
44,1,0,22406,22406,53560,102.0,97.75,102.0,-38.0,21.46614670930613,140.0,37,rolling,net_profit_fitness,1_day,rep_1
45,1,0,22406,22406,53560,102.0,94.5,102.0,-58.0,29.58927597162953,160.0,38,rolling,net_profit_fitness,1_day,rep_1
46,1,0,22406,22406,53560,102.0,96.79,102.0,-38.0,20.206157177424604,140.0,39,rolling,net_profit_fitness,1_day,rep_1
47,1,0,22406,22406,53560,102.0,96.35,102.0,-48.0,25.76011128340352,150.0,40,rolling,net_profit_fitness,1_day,rep_1
48,1,0,22406,22406,53560,102.0,87.96,102.0,-48.0,39.78703915659577,150.0,41,rolling,net_profit_fitness,1_day,rep_1
49,1,0,22406,22406,53560,102.0,95.29,102.0,-48.0,25.072539205717124,150.0,42,rolling,net_profit_fitness,1_day,rep_1
50,1,0,22406,22406,53560,102.0,98.38,102.0,-38.0,16.73246406048295,140.0,43,rolling,net_profit_fitness,1_day,rep_1
51,1,0,22406,22406,53560,102.0,93.0,102.0,-38.0,30.6663372841336,140.0,44,rolling,net_profit_fitness,1_day,rep_1
52,1,0,22406,22406,53560,102.0,97.41,102.0,-48.0,22.200689314987635,150.0,45,rolling,net_profit_fitness,1_day,rep_1
53,1,0,22406,22406,53560,102.0,92.39,102.0,-48.0,33.39687731123097,150.0,46,rolling,net_profit_fitness,1_day,rep_1
54,1,0,22406,22406,53560,102.0,93.19,102.0,-48.0,25.4799168290668,150.0,47,rolling,net_profit_fitness,1_day,rep_1
55,1,0,22406,22406,53560,102.0,92.66,102.0,-38.0,30.431316936752022,140.0,48,rolling,net_profit_fitness,1_day,rep_1
56,1,0,22406,22406,53560,102.0,93.3,102.0,-38.0,27.82430446914925,140.0,49,rolling,net_profit_fitness,1_day,rep_1
57,1,0,22406,22406,53560,102.0,93.34,102.0,-48.0,30.36419342620914,150.0,50,rolling,net_profit_fitness,1_day,rep_1
58,1,0,22406,22406,53560,102.0,95.75,102.0,-38.0,25.7738317686836,140.0,51,rolling,net_profit_fitness,1_day,rep_1
59,1,0,22406,22406,53560,102.0,95.09,102.0,-48.0,28.795375259989864,150.0,52,rolling,net_profit_fitness,1_day,rep_1
60,1,0,22406,22406,53560,102.0,98.46,102.0,-38.0,17.810687972692296,140.0,53,rolling,net_profit_fitness,1_day,rep_1
61,1,0,22406,22406,53560,102.0,95.64,102.0,-38.0,24.460035431972155,140.0,54,rolling,net_profit_fitness,1_day,rep_1
62,1,0,22406,22406,53560,102.0,94.75,102.0,-38.0,26.36165527213473,140.0,55,rolling,net_profit_fitness,1_day,rep_1
63,1,0,22406,22406,53560,102.0,95.03,102.0,-189.0,34.45255997584053,291.0,56,rolling,net_profit_fitness,1_day,rep_1
64,1,0,22406,22406,53560,102.0,93.7,102.0,-58.0,30.56257036099397,160.0,57,rolling,net_profit_fitness,1_day,rep_1
65,1,0,22406,22406,53560,102.0,98.69,102.0,-38.0,17.028019096284638,140.0,58,rolling,net_profit_fitness,1_day,rep_1
66,1,0,22406,22406,53560,102.0,94.88,102.0,-58.0,24.267565750910155,160.0,59,rolling,net_profit_fitness,1_day,rep_1
67,1,0,22406,22406,53560,102.0,95.48,102.0,-58.0,23.71909685370747,160.0,60,rolling,net_profit_fitness,1_day,rep_1
68,1,0,22406,22406,53560,102.0,97.18,102.0,-58.0,23.666615450222004,160.0,61,rolling,net_profit_fitness,1_day,rep_1
69,1,0,22406,22406,53560,102.0,94.01,102.0,-38.0,24.964821714410924,140.0,62,rolling,net_profit_fitness,1_day,rep_1
70,1,0,22406,22406,53560,102.0,95.37,102.0,-233.0,37.23787986673915,335.0,63,rolling,net_profit_fitness,1_day,rep_1
71,1,0,22406,22406,53560,102.0,94.19,102.0,-43.0,27.778959772831776,145.0,64,rolling,net_profit_fitness,1_day,rep_1
72,1,0,22406,22406,53560,102.0,94.14,102.0,-48.0,27.15426190110752,150.0,65,rolling,net_profit_fitness,1_day,rep_1
73,1,0,22406,22406,53560,102.0,89.79,102.0,-348.0,57.55038109027918,450.0,66,rolling,net_profit_fitness,1_day,rep_1
74,1,0,22406,22406,53560,102.0,94.53,102.0,-38.0,25.51230837826869,140.0,67,rolling,net_profit_fitness,1_day,rep_1
75,1,0,22406,22406,53560,102.0,97.79,102.0,-38.0,18.863836922385207,140.0,68,rolling,net_profit_fitness,1_day,rep_1
76,1,0,22406,22406,53560,102.0,96.68,102.0,-58.0,26.04265343585016,160.0,69,rolling,net_profit_fitness,1_day,rep_1
77,1,0,22406,22406,53560,102.0,96.54,102.0,-38.0,22.93751723639019,140.0,70,rolling,net_profit_fitness,1_day,rep_1
78,1,0,22406,22406,53560,102.0,95.65,102.0,-58.0,24.627477058412342,160.0,71,rolling,net_profit_fitness,1_day,rep_1
79,1,0,22406,22406,53560,102.0,97.48,102.0,6.0,17.018397650362346,96.0,72,rolling,net_profit_fitness,1_day,rep_1
80,1,0,22406,22406,53560,102.0,96.88,102.0,-48.0,21.290335456220127,150.0,73,rolling,net_profit_fitness,1_day,rep_1
81,1,0,22406,22406,53560,102.0,97.68,102.0,-14.0,18.699041189701184,116.0,74,rolling,net_profit_fitness,1_day,rep_1
82,1,0,22406,22406,53560,102.0,95.54,102.0,-48.0,24.683622346025555,150.0,75,rolling,net_profit_fitness,1_day,rep_1
83,1,0,22406,22406,53560,102.0,94.25,102.0,-68.0,28.38991676171971,170.0,76,rolling,net_profit_fitness,1_day,rep_1
84,1,0,22406,22406,53560,102.0,96.66,102.0,-48.0,20.06918337182959,150.0,77,rolling,net_profit_fitness,1_day,rep_1
85,1,0,22406,22406,53560,102.0,96.94,102.0,7.0,18.06599573840872,95.0,78,rolling,net_profit_fitness,1_day,rep_1
86,1,0,22406,22406,53560,102.0,95.56,102.0,-38.0,25.67407213119843,140.0,79,rolling,net_profit_fitness,1_day,rep_1
87,1,0,22406,22406,53560,102.0,98.39,102.0,-38.0,20.349916238380217,140.0,80,rolling,net_profit_fitness,1_day,rep_1
88,1,0,22406,22406,53560,102.0,91.69,102.0,-578.0,69.55888356513698,680.0,81,rolling,net_profit_fitness,1_day,rep_1
89,1,0,22406,22406,53560,102.0,93.73,102.0,-58.0,30.929654627129857,160.0,82,rolling,net_profit_fitness,1_day,rep_1
90,1,0,22406,22406,53560,102.0,94.84,102.0,-214.0,38.52448257375766,316.0,83,rolling,net_profit_fitness,1_day,rep_1
91,1,0,22406,22406,53560,102.0,98.44,102.0,7.0,14.53683583038606,95.0,84,rolling,net_profit_fitness,1_day,rep_1
92,1,0,22406,22406,53560,102.0,88.09,102.0,-348.0,54.629347017473634,450.0,85,rolling,net_profit_fitness,1_day,rep_1
93,1,0,22406,22406,53560,102.0,95.05,102.0,-38.0,25.05121017661884,140.0,86,rolling,net_profit_fitness,1_day,rep_1
94,1,0,22406,22406,53560,102.0,96.73,102.0,-58.0,21.117686110619854,160.0,87,rolling,net_profit_fitness,1_day,rep_1
95,1,0,22406,22406,53560,102.0,90.35,102.0,-58.0,31.91287856307886,160.0,88,rolling,net_profit_fitness,1_day,rep_1
96,1,0,22406,22406,53560,102.0,93.66,102.0,-58.0,29.475625951835617,160.0,89,rolling,net_profit_fitness,1_day,rep_1
97,1,0,22406,22406,53560,102.0,95.65,102.0,-58.0,26.100572771299465,160.0,90,rolling,net_profit_fitness,1_day,rep_1
98,1,0,22406,22406,53560,102.0,86.81,102.0,-233.0,52.49602101323701,335.0,91,rolling,net_profit_fitness,1_day,rep_1
99,1,0,22406,22406,53560,102.0,96.45,102.0,-58.0,27.292791441083207,160.0,92,rolling,net_profit_fitness,1_day,rep_1
100,1,0,22406,22406,53560,102.0,99.08,102.0,-38.0,16.796873205896077,140.0,93,rolling,net_profit_fitness,1_day,rep_1
0,2,22406,53560,53560,86986,82.0,-1243.76,-377.0,-20912.0,2689.5441359066594,20994.0,0,rolling,net_profit_fitness,1_day,rep_1
1,2,22406,53560,53560,86986,73.0,-238.34,-100.0,-1800.0,337.69220400605144,1873.0,1,rolling,net_profit_fitness,1_day,rep_1
2,2,22406,53560,53560,86986,92.0,-89.6,-39.0,-1392.0,210.34233760681417,1484.0,0,rolling,net_profit_fitness,1_day,rep_1
3,2,22406,53560,53560,86986,131.0,-37.14,7.5,-1000.0,170.27737442897174,1131.0,0,rolling,net_profit_fitness,1_day,rep_1
4,2,22406,53560,53560,86986,73.0,0.09,17.0,-504.0,73.82221272021783,577.0,1,rolling,net_profit_fitness,1_day,rep_1
5,2,22406,53560,53560,86986,101.0,24.46,34.5,-257.0,54.982167908138976,358.0,2,rolling,net_profit_fitness,1_day,rep_1
6,2,22406,53560,53560,86986,101.0,45.03,52.0,-307.0,49.07208776870817,408.0,3,rolling,net_profit_fitness,1_day,rep_1
7,2,22406,53560,53560,86986,101.0,61.45,71.0,-78.0,34.49765765727268,179.0,4,rolling,net_profit_fitness,1_day,rep_1
8,2,22406,53560,53560,86986,101.0,62.19,71.0,-39.0,40.75442468386876,140.0,5,rolling,net_profit_fitness,1_day,rep_1
9,2,22406,53560,53560,86986,101.0,67.67,77.0,-39.0,44.77464447518023,140.0,6,rolling,net_profit_fitness,1_day,rep_1
10,2,22406,53560,53560,86986,101.0,86.06,101.0,-24.0,32.093556419262164,125.0,7,rolling,net_profit_fitness,1_day,rep_1
11,2,22406,53560,53560,86986,106.0,96.28,101.0,-34.0,22.694759774276555,140.0,8,rolling,net_profit_fitness,1_day,rep_1
12,2,22406,53560,53560,86986,106.0,93.88,101.0,-34.0,29.291043896134063,140.0,9,rolling,net_profit_fitness,1_day,rep_1
13,2,22406,53560,53560,86986,106.0,98.62,101.0,-34.0,19.073372416894067,140.0,10,rolling,net_profit_fitness,1_day,rep_1
14,2,22406,53560,53560,86986,106.0,93.76,106.0,-39.0,35.23001475154303,145.0,11,rolling,net_profit_fitness,1_day,rep_1
15,2,22406,53560,53560,86986,106.0,100.53,106.0,-44.0,24.167118073109087,150.0,12,rolling,net_profit_fitness,1_day,rep_1
16,2,22406,53560,53560,86986,106.0,99.19,106.0,-34.0,28.063310459377277,140.0,13,rolling,net_profit_fitness,1_day,rep_1
17,2,22406,53560,53560,86986,106.0,92.11,106.0,-68.0,40.301112850263785,174.0,14,rolling,net_profit_fitness,1_day,rep_1
18,2,22406,53560,53560,86986,106.0,95.81,106.0,-44.0,35.93307331102862,150.0,15,rolling,net_profit_fitness,1_day,rep_1
19,2,22406,53560,53560,86986,106.0,98.51,106.0,-44.0,30.91222340038897,150.0,16,rolling,net_profit_fitness,1_day,rep_1
20,2,22406,53560,53560,86986,106.0,103.15,106.0,-39.0,20.053652781949477,145.0,17,rolling,net_profit_fitness,1_day,rep_1
21,2,22406,53560,53560,86986,106.0,95.66,106.0,-44.0,36.09673311276439,150.0,18,rolling,net_profit_fitness,1_day,rep_1
22,2,22406,53560,53560,86986,106.0,102.81,106.0,-39.0,19.48669320642197,145.0,19,rolling,net_profit_fitness,1_day,rep_1
23,2,22406,53560,53560,86986,106.0,98.38,106.0,-39.0,30.16177927929533,145.0,20,rolling,net_profit_fitness,1_day,rep_1
24,2,22406,53560,53560,86986,106.0,100.97,106.0,-49.0,21.93859888899292,155.0,21,rolling,net_profit_fitness,1_day,rep_1
25,2,22406,53560,53560,86986,106.0,98.8,106.0,-44.0,31.101982787811668,150.0,22,rolling,net_profit_fitness,1_day,rep_1
26,2,22406,53560,53560,86986,106.0,96.83,106.0,-44.0,31.52874430058573,150.0,23,rolling,net_profit_fitness,1_day,rep_1
27,2,22406,53560,53560,86986,106.0,99.08,106.0,-39.0,28.22338023552799,145.0,24,rolling,net_profit_fitness,1_day,rep_1
28,2,22406,53560,53560,86986,106.0,96.21,106.0,-34.0,34.71334124808588,140.0,25,rolling,net_profit_fitness,1_day,rep_1
29,2,22406,53560,53560,86986,106.0,97.39,106.0,-39.0,29.008844001494275,145.0,26,rolling,net_profit_fitness,1_day,rep_1
30,2,22406,53560,53560,86986,106.0,97.03,106.0,-39.0,31.29573985917785,145.0,27,rolling,net_profit_fitness,1_day,rep_1
31,2,22406,53560,53560,86986,106.0,96.06,106.0,-39.0,33.345397816723604,145.0,28,rolling,net_profit_fitness,1_day,rep_1
32,2,22406,53560,53560,86986,106.0,97.22,106.0,-34.0,29.939865656939,140.0,29,rolling,net_profit_fitness,1_day,rep_1
33,2,22406,53560,53560,86986,106.0,102.81,106.0,-39.0,19.808015416681062,145.0,30,rolling,net_profit_fitness,1_day,rep_1
34,2,22406,53560,53560,86986,106.0,101.41,106.0,-44.0,23.90938068726342,150.0,31,rolling,net_profit_fitness,1_day,rep_1
35,2,22406,53560,53560,86986,106.0,97.42,106.0,-44.0,31.95172494987911,150.0,32,rolling,net_profit_fitness,1_day,rep_1
36,2,22406,53560,53560,86986,106.0,97.02,106.0,-44.0,33.75909305115236,150.0,33,rolling,net_profit_fitness,1_day,rep_1
37,2,22406,53560,53560,86986,106.0,96.78,106.0,-39.0,32.95499839465812,145.0,34,rolling,net_profit_fitness,1_day,rep_1
38,2,22406,53560,53560,86986,106.0,101.9,106.0,-44.0,22.94459730425761,150.0,35,rolling,net_profit_fitness,1_day,rep_1
39,2,22406,53560,53560,86986,106.0,94.46,106.0,-44.0,35.246726332692475,150.0,36,rolling,net_profit_fitness,1_day,rep_1
40,2,22406,53560,53560,86986,106.0,100.16,106.0,-44.0,25.373859132436426,150.0,37,rolling,net_profit_fitness,1_day,rep_1
41,2,22406,53560,53560,86986,106.0,98.83,106.0,-44.0,26.334313368798146,150.0,38,rolling,net_profit_fitness,1_day,rep_1
42,2,22406,53560,53560,86986,106.0,99.33,106.0,-44.0,28.997406710938755,150.0,39,rolling,net_profit_fitness,1_day,rep_1
43,2,22406,53560,53560,86986,106.0,95.46,106.0,-44.0,34.54039356867243,150.0,40,rolling,net_profit_fitness,1_day,rep_1
44,2,22406,53560,53560,86986,106.0,95.7,106.0,-49.0,35.04585740443685,155.0,41,rolling,net_profit_fitness,1_day,rep_1
45,2,22406,53560,53560,86986,106.0,96.17,106.0,-49.0,36.45200386616058,155.0,42,rolling,net_profit_fitness,1_day,rep_1
46,2,22406,53560,53560,86986,106.0,98.12,106.0,-49.0,32.17260268670167,155.0,43,rolling,net_profit_fitness,1_day,rep_1
47,2,22406,53560,53560,86986,106.0,96.5,106.0,-44.0,33.833967750433494,150.0,44,rolling,net_profit_fitness,1_day,rep_1
48,2,22406,53560,53560,86986,106.0,92.39,106.0,-49.0,41.12162177951859,155.0,45,rolling,net_profit_fitness,1_day,rep_1
49,2,22406,53560,53560,86986,106.0,94.67,106.0,-54.0,39.0702695101526,160.0,46,rolling,net_profit_fitness,1_day,rep_1
50,2,22406,53560,53560,86986,106.0,93.2,106.0,-49.0,39.15625264516666,155.0,47,rolling,net_profit_fitness,1_day,rep_1
51,2,22406,53560,53560,86986,106.0,99.29,106.0,-54.0,26.55556210641904,160.0,48,rolling,net_profit_fitness,1_day,rep_1
52,2,22406,53560,53560,86986,106.0,100.2,106.0,-39.0,24.805913273518744,145.0,49,rolling,net_profit_fitness,1_day,rep_1
53,2,22406,53560,53560,86986,106.0,102.35,106.0,-39.0,19.055143264968773,145.0,50,rolling,net_profit_fitness,1_day,rep_1
54,2,22406,53560,53560,86986,106.0,98.29,106.0,-49.0,30.90006537863699,155.0,51,rolling,net_profit_fitness,1_day,rep_1
55,2,22406,53560,53560,86986,106.0,94.27,106.0,-54.0,39.32482059910147,160.0,52,rolling,net_profit_fitness,1_day,rep_1
56,2,22406,53560,53560,86986,106.0,87.1,106.0,-1000.0,114.50336327820332,1106.0,53,rolling,net_profit_fitness,1_day,rep_1
57,2,22406,53560,53560,86986,106.0,95.69,106.0,-49.0,36.36839981426878,155.0,54,rolling,net_profit_fitness,1_day,rep_1
58,2,22406,53560,53560,86986,106.0,96.18,106.0,-49.0,35.2819466239571,155.0,55,rolling,net_profit_fitness,1_day,rep_1
59,2,22406,53560,53560,86986,106.0,94.68,106.0,-54.0,37.35223547459368,160.0,56,rolling,net_profit_fitness,1_day,rep_1
60,2,22406,53560,53560,86986,106.0,100.85,106.0,-54.0,23.735654891561623,160.0,57,rolling,net_profit_fitness,1_day,rep_1
61,2,22406,53560,53560,86986,106.0,92.31,106.0,-54.0,42.101295596562,160.0,58,rolling,net_profit_fitness,1_day,rep_1
62,2,22406,53560,53560,86986,106.0,98.64,106.0,-49.0,29.59133097187196,155.0,59,rolling,net_profit_fitness,1_day,rep_1
63,2,22406,53560,53560,86986,106.0,96.06,106.0,-44.0,34.85984057405433,150.0,60,rolling,net_profit_fitness,1_day,rep_1
64,2,22406,53560,53560,86986,106.0,92.17,106.0,-54.0,40.14570809922125,160.0,61,rolling,net_profit_fitness,1_day,rep_1
65,2,22406,53560,53560,86986,106.0,95.78,106.0,-54.0,36.485109734290674,160.0,62,rolling,net_profit_fitness,1_day,rep_1
66,2,22406,53560,53560,86986,106.0,98.79,106.0,-49.0,29.322758079930704,155.0,63,rolling,net_profit_fitness,1_day,rep_1
67,2,22406,53560,53560,86986,106.0,101.36,106.0,-54.0,25.10845967945361,160.0,64,rolling,net_profit_fitness,1_day,rep_1
68,2,22406,53560,53560,86986,106.0,93.93,106.0,-39.0,35.125821461331455,145.0,65,rolling,net_profit_fitness,1_day,rep_1
69,2,22406,53560,53560,86986,106.0,100.25,106.0,-44.0,27.873949678993657,150.0,66,rolling,net_profit_fitness,1_day,rep_1
70,2,22406,53560,53560,86986,106.0,99.51,106.0,-39.0,28.70416680412779,145.0,67,rolling,net_profit_fitness,1_day,rep_1
71,2,22406,53560,53560,86986,106.0,101.79,106.0,-44.0,22.683725755294567,150.0,68,rolling,net_profit_fitness,1_day,rep_1
72,2,22406,53560,53560,86986,106.0,102.88,106.0,-56.0,21.966586195649725,162.0,69,rolling,net_profit_fitness,1_day,rep_1
73,2,22406,53560,53560,86986,106.0,99.32,106.0,-54.0,28.358056949293864,160.0,70,rolling,net_profit_fitness,1_day,rep_1
74,2,22406,53560,53560,86986,106.0,100.88,106.0,-49.0,24.2396619638396,155.0,71,rolling,net_profit_fitness,1_day,rep_1
75,2,22406,53560,53560,86986,106.0,102.53,106.0,-39.0,19.697436125013574,145.0,72,rolling,net_profit_fitness,1_day,rep_1
76,2,22406,53560,53560,86986,106.0,95.91,106.0,-44.0,36.028915155368296,150.0,73,rolling,net_profit_fitness,1_day,rep_1
77,2,22406,53560,53560,86986,106.0,94.69,106.0,-49.0,35.99738907479291,155.0,74,rolling,net_profit_fitness,1_day,rep_1
78,2,22406,53560,53560,86986,106.0,97.48,106.0,-49.0,32.96324246088897,155.0,75,rolling,net_profit_fitness,1_day,rep_1
79,2,22406,53560,53560,86986,106.0,99.05,106.0,-39.0,27.354527998490525,145.0,76,rolling,net_profit_fitness,1_day,rep_1
80,2,22406,53560,53560,86986,106.0,97.72,106.0,-49.0,32.527557857945936,155.0,77,rolling,net_profit_fitness,1_day,rep_1
81,2,22406,53560,53560,86986,106.0,102.26,106.0,-29.0,18.83024646196065,135.0,78,rolling,net_profit_fitness,1_day,rep_1
82,2,22406,53560,53560,86986,106.0,103.55,106.0,-19.0,14.019737169541742,125.0,79,rolling,net_profit_fitness,1_day,rep_1
83,2,22406,53560,53560,86986,106.0,100.69,106.0,-44.0,24.64769745633433,150.0,80,rolling,net_profit_fitness,1_day,rep_1
84,2,22406,53560,53560,86986,106.0,102.32,106.0,-49.0,21.184556982515694,155.0,81,rolling,net_profit_fitness,1_day,rep_1
85,2,22406,53560,53560,86986,106.0,101.69,106.0,-39.0,22.755927188805607,145.0,82,rolling,net_profit_fitness,1_day,rep_1
86,2,22406,53560,53560,86986,106.0,78.56,106.0,-1000.0,156.6344467190723,1106.0,83,rolling,net_profit_fitness,1_day,rep_1
87,2,22406,53560,53560,86986,106.0,99.95,106.0,-39.0,26.386549603917523,145.0,84,rolling,net_profit_fitness,1_day,rep_1
88,2,22406,53560,53560,86986,106.0,99.43,106.0,-39.0,25.448007998881,145.0,85,rolling,net_profit_fitness,1_day,rep_1
89,2,22406,53560,53560,86986,106.0,97.36,106.0,-39.0,30.182113908737406,145.0,86,rolling,net_profit_fitness,1_day,rep_1
90,2,22406,53560,53560,86986,106.0,99.26,106.0,-39.0,27.029583493616467,145.0,87,rolling,net_profit_fitness,1_day,rep_1
91,2,22406,53560,53560,86986,106.0,94.8,106.0,-39.0,34.07122664138297,145.0,88,rolling,net_profit_fitness,1_day,rep_1
92,2,22406,53560,53560,86986,106.0,90.55,106.0,-1000.0,112.28223592826474,1106.0,89,rolling,net_profit_fitness,1_day,rep_1
93,2,22406,53560,53560,86986,106.0,105.9,106.0,101.0,0.7035264706814485,5.0,90,rolling,net_profit_fitness,1_day,rep_1
94,2,22406,53560,53560,86986,106.0,86.42,106.0,-1000.0,114.60729435420733,1106.0,91,rolling,net_profit_fitness,1_day,rep_1
95,2,22406,53560,53560,86986,106.0,99.58,106.0,-39.0,27.215629793383528,145.0,92,rolling,net_profit_fitness,1_day,rep_1
96,2,22406,53560,53560,86986,106.0,92.71,106.0,-1000.0,111.28272257378656,1106.0,93,rolling,net_profit_fitness,1_day,rep_1
97,2,22406,53560,53560,86986,106.0,98.42,106.0,-44.0,30.317904834195808,150.0,94,rolling,net_profit_fitness,1_day,rep_1
98,2,22406,53560,53560,86986,106.0,98.81,106.0,-29.0,26.71310161661873,135.0,95,rolling,net_profit_fitness,1_day,rep_1
99,2,22406,53560,53560,86986,106.0,85.01,106.0,-1000.0,115.13922139319122,1106.0,96,rolling,net_profit_fitness,1_day,rep_1
100,2,22406,53560,53560,86986,106.0,93.96,106.0,-54.0,35.503569318357755,160.0,97,rolling,net_profit_fitness,1_day,rep_1
0,3,53560,86986,86986,125287,222.0,-1306.47,-255.5,-16336.0,3014.2253019321697,16558.0,0,rolling,net_profit_fitness,1_day,rep_1
1,3,53560,86986,86986,125287,222.0,-107.14,9.0,-1859.0,354.1190241039349,2081.0,1,rolling,net_profit_fitness,1_day,rep_1
2,3,53560,86986,86986,125287,222.0,-2.85,65.0,-1000.0,236.84540305755343,1222.0,2,rolling,net_profit_fitness,1_day,rep_1
3,3,53560,86986,86986,125287,222.0,79.8,100.5,-717.0,133.17073418902686,939.0,3,rolling,net_profit_fitness,1_day,rep_1
4,3,53560,86986,86986,125287,222.0,127.2,138.0,-1424.0,164.0284528163737,1646.0,4,rolling,net_profit_fitness,1_day,rep_1
5,3,53560,86986,86986,125287,222.0,156.37,183.0,-27.0,62.74602566994771,249.0,5,rolling,net_profit_fitness,1_day,rep_1
6,3,53560,86986,86986,125287,222.0,185.71,188.0,-66.0,52.55267583457323,288.0,6,rolling,net_profit_fitness,1_day,rep_1
7,3,53560,86986,86986,125287,222.0,202.93,222.0,-18.0,40.422079924894334,240.0,7,rolling,net_profit_fitness,1_day,rep_1
8,3,53560,86986,86986,125287,222.0,205.65,222.0,-33.0,51.20988205612292,255.0,8,rolling,net_profit_fitness,1_day,rep_1
9,3,53560,86986,86986,125287,222.0,203.53,222.0,-66.0,59.63905828169383,288.0,9,rolling,net_profit_fitness,1_day,rep_1
10,3,53560,86986,86986,125287,222.0,208.07,222.0,-33.0,48.17817415227008,255.0,10,rolling,net_profit_fitness,1_day,rep_1
11,3,53560,86986,86986,125287,222.0,213.79,222.0,78.0,30.44262528665086,144.0,11,rolling,net_profit_fitness,1_day,rep_1
12,3,53560,86986,86986,125287,222.0,209.32,222.0,-33.0,42.00237607516503,255.0,12,rolling,net_profit_fitness,1_day,rep_1
13,3,53560,86986,86986,125287,222.0,216.32,222.0,87.0,22.89628790874189,135.0,13,rolling,net_profit_fitness,1_day,rep_1
14,3,53560,86986,86986,125287,222.0,215.02,222.0,-28.0,37.50420313145251,250.0,14,rolling,net_profit_fitness,1_day,rep_1
15,3,53560,86986,86986,125287,222.0,215.17,222.0,-23.0,34.77083853060222,245.0,15,rolling,net_profit_fitness,1_day,rep_1
16,3,53560,86986,86986,125287,222.0,205.25,222.0,-33.0,50.436353531711205,255.0,16,rolling,net_profit_fitness,1_day,rep_1
17,3,53560,86986,86986,125287,222.0,206.11,222.0,-498.0,79.89094776852717,720.0,17,rolling,net_profit_fitness,1_day,rep_1
18,3,53560,86986,86986,125287,222.0,203.81,222.0,-33.0,60.62580958534729,255.0,18,rolling,net_profit_fitness,1_day,rep_1
19,3,53560,86986,86986,125287,222.0,221.03,222.0,164.0,6.956509922585484,58.0,19,rolling,net_profit_fitness,1_day,rep_1
20,3,53560,86986,86986,125287,222.0,205.62,222.0,-33.0,58.2897291574813,255.0,20,rolling,net_profit_fitness,1_day,rep_1
21,3,53560,86986,86986,125287,222.0,211.19,222.0,-66.0,45.89639078259517,288.0,21,rolling,net_profit_fitness,1_day,rep_1
22,3,53560,86986,86986,125287,222.0,205.58,222.0,-66.0,56.86066258403036,288.0,22,rolling,net_profit_fitness,1_day,rep_1
23,3,53560,86986,86986,125287,222.0,215.06,222.0,-43.0,35.84332348407215,265.0,23,rolling,net_profit_fitness,1_day,rep_1
24,3,53560,86986,86986,125287,222.0,216.46,222.0,-23.0,32.52611072335392,245.0,24,rolling,net_profit_fitness,1_day,rep_1
25,3,53560,86986,86986,125287,222.0,205.54,222.0,-33.0,56.3180757533996,255.0,25,rolling,net_profit_fitness,1_day,rep_1
26,3,53560,86986,86986,125287,222.0,214.78,222.0,-33.0,34.969706948163065,255.0,26,rolling,net_profit_fitness,1_day,rep_1
27,3,53560,86986,86986,125287,222.0,218.97,222.0,73.0,19.78646359039789,149.0,27,rolling,net_profit_fitness,1_day,rep_1
28,3,53560,86986,86986,125287,222.0,213.0,222.0,-210.0,52.49781140219278,432.0,28,rolling,net_profit_fitness,1_day,rep_1
29,3,53560,86986,86986,125287,222.0,212.41,222.0,-33.0,43.49900614213542,255.0,29,rolling,net_profit_fitness,1_day,rep_1
30,3,53560,86986,86986,125287,222.0,205.01,222.0,-43.0,59.73434370763454,265.0,30,rolling,net_profit_fitness,1_day,rep_1
31,3,53560,86986,86986,125287,222.0,213.64,222.0,-66.0,42.98308805316178,288.0,31,rolling,net_profit_fitness,1_day,rep_1
32,3,53560,86986,86986,125287,222.0,211.41,222.0,-33.0,44.20752141315943,255.0,32,rolling,net_profit_fitness,1_day,rep_1
33,3,53560,86986,86986,125287,222.0,213.71,222.0,-43.0,35.11605434451987,265.0,33,rolling,net_profit_fitness,1_day,rep_1
34,3,53560,86986,86986,125287,222.0,198.97,222.0,-548.0,90.24942485616565,770.0,34,rolling,net_profit_fitness,1_day,rep_1
35,3,53560,86986,86986,125287,222.0,217.46,222.0,-33.0,29.481177011438977,255.0,35,rolling,net_profit_fitness,1_day,rep_1
36,3,53560,86986,86986,125287,222.0,205.47,222.0,-43.0,52.54751673629797,265.0,36,rolling,net_profit_fitness,1_day,rep_1
37,3,53560,86986,86986,125287,222.0,203.18,222.0,-414.0,85.69482852753505,636.0,37,rolling,net_profit_fitness,1_day,rep_1
38,3,53560,86986,86986,125287,222.0,203.65,222.0,-48.0,57.38658115770356,270.0,38,rolling,net_profit_fitness,1_day,rep_1
39,3,53560,86986,86986,125287,222.0,209.68,222.0,-48.0,52.6539838967767,270.0,39,rolling,net_profit_fitness,1_day,rep_1
40,3,53560,86986,86986,125287,222.0,210.07,222.0,-38.0,48.09024660138289,260.0,40,rolling,net_profit_fitness,1_day,rep_1
41,3,53560,86986,86986,125287,222.0,215.36,222.0,-28.0,37.13707070033958,250.0,41,rolling,net_profit_fitness,1_day,rep_1
42,3,53560,86986,86986,125287,222.0,218.96,222.0,72.0,19.861093381358195,150.0,42,rolling,net_profit_fitness,1_day,rep_1
43,3,53560,86986,86986,125287,222.0,212.61,222.0,-66.0,41.2403389359927,288.0,43,rolling,net_profit_fitness,1_day,rep_1
44,3,53560,86986,86986,125287,222.0,209.53,222.0,-38.0,45.23283311842397,260.0,44,rolling,net_profit_fitness,1_day,rep_1
45,3,53560,86986,86986,125287,222.0,209.1,222.0,-48.0,49.41424568651915,270.0,45,rolling,net_profit_fitness,1_day,rep_1
46,3,53560,86986,86986,125287,222.0,213.0,222.0,-33.0,39.867710536652886,255.0,46,rolling,net_profit_fitness,1_day,rep_1
47,3,53560,86986,86986,125287,222.0,211.9,222.0,-76.0,45.83247933088676,298.0,47,rolling,net_profit_fitness,1_day,rep_1
48,3,53560,86986,86986,125287,222.0,202.81,222.0,-46.0,61.90636379878792,268.0,48,rolling,net_profit_fitness,1_day,rep_1
49,3,53560,86986,86986,125287,222.0,210.82,222.0,-23.0,42.05729137231448,245.0,49,rolling,net_profit_fitness,1_day,rep_1
50,3,53560,86986,86986,125287,222.0,211.57,222.0,72.0,35.59572525691332,150.0,50,rolling,net_profit_fitness,1_day,rep_1
51,3,53560,86986,86986,125287,222.0,212.89,222.0,-96.0,48.35702554119638,318.0,51,rolling,net_profit_fitness,1_day,rep_1
52,3,53560,86986,86986,125287,222.0,209.07,222.0,-66.0,53.446897085619554,288.0,52,rolling,net_profit_fitness,1_day,rep_1
53,3,53560,86986,86986,125287,222.0,215.36,222.0,-28.0,33.40553392732553,250.0,53,rolling,net_profit_fitness,1_day,rep_1
54,3,53560,86986,86986,125287,222.0,203.81,222.0,-38.0,63.3367933664106,260.0,54,rolling,net_profit_fitness,1_day,rep_1
55,3,53560,86986,86986,125287,222.0,206.77,222.0,-76.0,58.927425831708575,298.0,55,rolling,net_profit_fitness,1_day,rep_1
56,3,53560,86986,86986,125287,222.0,200.55,222.0,-38.0,62.46653649609671,260.0,56,rolling,net_profit_fitness,1_day,rep_1
57,3,53560,86986,86986,125287,222.0,219.31,222.0,-23.0,24.59313158611813,245.0,57,rolling,net_profit_fitness,1_day,rep_1
58,3,53560,86986,86986,125287,222.0,217.86,222.0,-36.0,27.8919343180067,258.0,58,rolling,net_profit_fitness,1_day,rep_1
59,3,53560,86986,86986,125287,222.0,209.38,222.0,-38.0,49.29928800682418,260.0,59,rolling,net_profit_fitness,1_day,rep_1
60,3,53560,86986,86986,125287,222.0,210.92,222.0,-46.0,45.76282289802455,268.0,60,rolling,net_profit_fitness,1_day,rep_1
61,3,53560,86986,86986,125287,222.0,211.77,222.0,-23.0,42.25245315931133,245.0,61,rolling,net_profit_fitness,1_day,rep_1
62,3,53560,86986,86986,125287,222.0,206.8,222.0,-38.0,54.964451321657975,260.0,62,rolling,net_profit_fitness,1_day,rep_1
63,3,53560,86986,86986,125287,222.0,211.73,222.0,-23.0,46.059657187196045,245.0,63,rolling,net_profit_fitness,1_day,rep_1
64,3,53560,86986,86986,125287,222.0,214.67,222.0,-23.0,37.60159436765812,245.0,64,rolling,net_profit_fitness,1_day,rep_1
65,3,53560,86986,86986,125287,222.0,216.91,222.0,-56.0,31.18083294965584,278.0,65,rolling,net_profit_fitness,1_day,rep_1
66,3,53560,86986,86986,125287,222.0,218.77,222.0,82.0,19.08611796541924,140.0,66,rolling,net_profit_fitness,1_day,rep_1
67,3,53560,86986,86986,125287,222.0,203.37,222.0,-86.0,59.72270180685994,308.0,67,rolling,net_profit_fitness,1_day,rep_1
68,3,53560,86986,86986,125287,222.0,213.18,222.0,-38.0,39.560816243072914,260.0,68,rolling,net_profit_fitness,1_day,rep_1
69,3,53560,86986,86986,125287,222.0,211.73,222.0,-36.0,46.38744496633815,258.0,69,rolling,net_profit_fitness,1_day,rep_1
70,3,53560,86986,86986,125287,222.0,210.14,222.0,-56.0,53.49332442067662,278.0,70,rolling,net_profit_fitness,1_day,rep_1
71,3,53560,86986,86986,125287,222.0,214.55,222.0,-33.0,42.58381515471944,255.0,71,rolling,net_profit_fitness,1_day,rep_1
72,3,53560,86986,86986,125287,222.0,215.8,222.0,-28.0,36.67437935412269,250.0,72,rolling,net_profit_fitness,1_day,rep_1
73,3,53560,86986,86986,125287,222.0,209.65,222.0,-33.0,47.99565952597519,255.0,73,rolling,net_profit_fitness,1_day,rep_1
74,3,53560,86986,86986,125287,222.0,201.94,222.0,-46.0,65.56095475112292,268.0,74,rolling,net_profit_fitness,1_day,rep_1
75,3,53560,86986,86986,125287,222.0,212.93,222.0,-46.0,45.40819465046085,268.0,75,rolling,net_profit_fitness,1_day,rep_1
76,3,53560,86986,86986,125287,222.0,215.17,222.0,-33.0,34.32054925274508,255.0,76,rolling,net_profit_fitness,1_day,rep_1
77,3,53560,86986,86986,125287,222.0,217.82,222.0,-18.0,27.833335147885983,240.0,77,rolling,net_profit_fitness,1_day,rep_1
78,3,53560,86986,86986,125287,222.0,208.45,222.0,-18.0,49.45610746567673,240.0,78,rolling,net_profit_fitness,1_day,rep_1
79,3,53560,86986,86986,125287,222.0,207.22,222.0,-28.0,55.42190428654969,250.0,79,rolling,net_profit_fitness,1_day,rep_1
80,3,53560,86986,86986,125287,222.0,209.53,222.0,-23.0,47.45257174965932,245.0,80,rolling,net_profit_fitness,1_day,rep_1
81,3,53560,86986,86986,125287,222.0,209.21,222.0,-46.0,52.4872846554768,268.0,81,rolling,net_profit_fitness,1_day,rep_1
82,3,53560,86986,86986,125287,222.0,198.41,222.0,-66.0,67.21247704635704,288.0,82,rolling,net_profit_fitness,1_day,rep_1
83,3,53560,86986,86986,125287,222.0,212.24,222.0,-23.0,41.93287565390741,245.0,83,rolling,net_profit_fitness,1_day,rep_1
84,3,53560,86986,86986,125287,222.0,212.93,222.0,-23.0,41.06615874341541,245.0,84,rolling,net_profit_fitness,1_day,rep_1
85,3,53560,86986,86986,125287,222.0,210.76,222.0,-33.0,50.192783899237504,255.0,85,rolling,net_profit_fitness,1_day,rep_1
86,3,53560,86986,86986,125287,222.0,200.81,222.0,-195.0,69.0780110900829,417.0,86,rolling,net_profit_fitness,1_day,rep_1
87,3,53560,86986,86986,125287,222.0,206.18,222.0,-38.0,57.93332635910269,260.0,87,rolling,net_profit_fitness,1_day,rep_1
88,3,53560,86986,86986,125287,222.0,213.88,222.0,-23.0,36.82123893031896,245.0,88,rolling,net_profit_fitness,1_day,rep_1
89,3,53560,86986,86986,125287,222.0,211.58,222.0,-33.0,43.31355725894887,255.0,89,rolling,net_profit_fitness,1_day,rep_1
90,3,53560,86986,86986,125287,222.0,206.51,222.0,-28.0,53.10719006277433,250.0,90,rolling,net_profit_fitness,1_day,rep_1
91,3,53560,86986,86986,125287,222.0,208.72,222.0,-56.0,51.59419746561829,278.0,91,rolling,net_profit_fitness,1_day,rep_1
92,3,53560,86986,86986,125287,222.0,209.99,222.0,-334.0,66.72626048553776,556.0,92,rolling,net_profit_fitness,1_day,rep_1
93,3,53560,86986,86986,125287,222.0,209.7,222.0,-28.0,48.83728911478204,250.0,93,rolling,net_profit_fitness,1_day,rep_1
94,3,53560,86986,86986,125287,222.0,209.19,222.0,-38.0,51.28504123568055,260.0,94,rolling,net_profit_fitness,1_day,rep_1
95,3,53560,86986,86986,125287,222.0,209.79,222.0,-33.0,46.0961434877631,255.0,95,rolling,net_profit_fitness,1_day,rep_1
96,3,53560,86986,86986,125287,222.0,216.72,222.0,-18.0,32.366924132171995,240.0,96,rolling,net_profit_fitness,1_day,rep_1
97,3,53560,86986,86986,125287,222.0,205.01,222.0,-314.0,72.28988990044307,536.0,97,rolling,net_profit_fitness,1_day,rep_1
98,3,53560,86986,86986,125287,222.0,216.56,222.0,63.0,26.92988276726406,159.0,98,rolling,net_profit_fitness,1_day,rep_1
99,3,53560,86986,86986,125287,222.0,218.12,222.0,72.0,22.42080563344068,150.0,99,rolling,net_profit_fitness,1_day,rep_1
100,3,53560,86986,86986,125287,222.0,206.93,222.0,-210.0,58.295529741814576,432.0,100,rolling,net_profit_fitness,1_day,rep_1
0,4,86986,125287,125287,130699,199.0,-2118.91,-881.0,-16837.0,3349.504730749478,17036.0,0,rolling,net_profit_fitness,1_day,rep_1
1,4,86986,125287,125287,130699,133.0,-227.99,-132.5,-1730.0,337.2629731089718,1863.0,1,rolling,net_profit_fitness,1_day,rep_1
2,4,86986,125287,125287,130699,197.0,-56.24,-19.0,-1000.0,195.83698229998245,1197.0,2,rolling,net_profit_fitness,1_day,rep_1
3,4,86986,125287,125287,130699,251.0,-1.52,22.0,-1000.0,176.0957315401673,1251.0,0,rolling,net_profit_fitness,1_day,rep_1
4,4,86986,125287,125287,130699,331.0,68.41,76.0,-1000.0,146.0601851182165,1331.0,0,rolling,net_profit_fitness,1_day,rep_1
5,4,86986,125287,125287,130699,347.0,118.93,108.0,-66.0,87.2433326444439,413.0,0,rolling,net_profit_fitness,1_day,rep_1
6,4,86986,125287,125287,130699,439.0,183.24,188.5,-168.0,101.5703090315653,607.0,0,rolling,net_profit_fitness,1_day,rep_1
7,4,86986,125287,125287,130699,383.0,238.88,242.0,49.0,74.89902697915537,334.0,1,rolling,net_profit_fitness,1_day,rep_1
8,4,86986,125287,125287,130699,383.0,271.47,277.5,46.0,78.00161290743684,337.0,2,rolling,net_profit_fitness,1_day,rep_1
9,4,86986,125287,125287,130699,426.0,307.07,328.0,85.0,70.21629713847337,341.0,3,rolling,net_profit_fitness,1_day,rep_1
10,4,86986,125287,125287,130699,439.0,339.2,345.0,118.0,52.497234174379095,321.0,4,rolling,net_profit_fitness,1_day,rep_1
11,4,86986,125287,125287,130699,426.0,343.37,364.0,78.0,63.88225516724128,348.0,5,rolling,net_profit_fitness,1_day,rep_1
12,4,86986,125287,125287,130699,432.0,359.94,383.0,189.0,45.35111505094044,243.0,6,rolling,net_profit_fitness,1_day,rep_1
13,4,86986,125287,125287,130699,426.0,369.19,383.0,252.0,33.734763114986336,174.0,7,rolling,net_profit_fitness,1_day,rep_1
14,4,86986,125287,125287,130699,426.0,365.18,383.0,189.0,43.3000758158293,237.0,8,rolling,net_profit_fitness,1_day,rep_1
15,4,86986,125287,125287,130699,426.0,359.77,383.0,189.0,54.257495874633385,237.0,9,rolling,net_profit_fitness,1_day,rep_1
16,4,86986,125287,125287,130699,422.0,348.54,383.0,150.0,55.846184861961376,272.0,10,rolling,net_profit_fitness,1_day,rep_1
17,4,86986,125287,125287,130699,422.0,353.52,383.0,185.0,55.583312661847046,237.0,11,rolling,net_profit_fitness,1_day,rep_1
18,4,86986,125287,125287,130699,422.0,371.2,397.0,89.0,55.2765316340936,333.0,12,rolling,net_profit_fitness,1_day,rep_1
19,4,86986,125287,125287,130699,447.0,388.74,397.0,79.0,49.98982118613971,368.0,0,rolling,net_profit_fitness,1_day,rep_1
20,4,86986,125287,125287,130699,447.0,408.56,422.0,200.0,32.315152651799295,247.0,1,rolling,net_profit_fitness,1_day,rep_1
21,4,86986,125287,125287,130699,422.0,407.08,422.0,89.0,52.83893575114029,333.0,2,rolling,net_profit_fitness,1_day,rep_1
22,4,86986,125287,125287,130699,422.0,414.54,422.0,251.0,28.12900296990293,171.0,3,rolling,net_profit_fitness,1_day,rep_1
23,4,86986,125287,125287,130699,447.0,411.25,422.0,251.0,35.09133105414377,196.0,4,rolling,net_profit_fitness,1_day,rep_1
24,4,86986,125287,125287,130699,447.0,413.34,422.0,196.0,39.81630040294776,251.0,5,rolling,net_profit_fitness,1_day,rep_1
25,4,86986,125287,125287,130699,447.0,412.06,422.0,181.0,48.596217169984776,266.0,6,rolling,net_profit_fitness,1_day,rep_1
26,4,86986,125287,125287,130699,447.0,427.22,422.0,311.0,22.168582737876157,136.0,7,rolling,net_profit_fitness,1_day,rep_1
27,4,86986,125287,125287,130699,447.0,430.75,447.0,99.0,48.64266219954029,348.0,8,rolling,net_profit_fitness,1_day,rep_1
28,4,86986,125287,125287,130699,447.0,434.16,447.0,215.0,44.5812661656137,232.0,9,rolling,net_profit_fitness,1_day,rep_1
29,4,86986,125287,125287,130699,447.0,431.81,447.0,196.0,46.90387656008442,251.0,10,rolling,net_profit_fitness,1_day,rep_1
30,4,86986,125287,125287,130699,447.0,436.12,447.0,215.0,41.75379496452261,232.0,11,rolling,net_profit_fitness,1_day,rep_1
31,4,86986,125287,125287,130699,447.0,440.1,447.0,99.0,38.928190818532016,348.0,12,rolling,net_profit_fitness,1_day,rep_1
32,4,86986,125287,125287,130699,447.0,428.25,447.0,99.0,62.34983981737664,348.0,13,rolling,net_profit_fitness,1_day,rep_1
33,4,86986,125287,125287,130699,447.0,423.48,447.0,99.0,69.69551092017507,348.0,14,rolling,net_profit_fitness,1_day,rep_1
34,4,86986,125287,125287,130699,447.0,442.93,447.0,276.0,22.120083200749512,171.0,15,rolling,net_profit_fitness,1_day,rep_1
35,4,86986,125287,125287,130699,447.0,428.91,447.0,207.0,50.107781810610994,240.0,16,rolling,net_profit_fitness,1_day,rep_1
36,4,86986,125287,125287,130699,447.0,430.5,447.0,196.0,51.76569200432724,251.0,17,rolling,net_profit_fitness,1_day,rep_1
37,4,86986,125287,125287,130699,447.0,434.36,447.0,207.0,46.7217250961434,240.0,18,rolling,net_profit_fitness,1_day,rep_1
38,4,86986,125287,125287,130699,447.0,435.07,447.0,215.0,39.68595278539812,232.0,19,rolling,net_profit_fitness,1_day,rep_1
39,4,86986,125287,125287,130699,447.0,433.41,447.0,99.0,52.483782006800666,348.0,20,rolling,net_profit_fitness,1_day,rep_1
40,4,86986,125287,125287,130699,447.0,430.99,447.0,207.0,49.09185268453412,240.0,21,rolling,net_profit_fitness,1_day,rep_1
41,4,86986,125287,125287,130699,447.0,431.59,447.0,99.0,52.4206172332138,348.0,22,rolling,net_profit_fitness,1_day,rep_1
42,4,86986,125287,125287,130699,447.0,433.23,447.0,196.0,48.52196316196315,251.0,23,rolling,net_profit_fitness,1_day,rep_1
43,4,86986,125287,125287,130699,447.0,433.36,447.0,207.0,48.31724288073524,240.0,24,rolling,net_profit_fitness,1_day,rep_1
44,4,86986,125287,125287,130699,447.0,432.59,447.0,196.0,52.112561738117336,251.0,25,rolling,net_profit_fitness,1_day,rep_1
45,4,86986,125287,125287,130699,447.0,431.41,447.0,276.0,42.58279991363706,171.0,26,rolling,net_profit_fitness,1_day,rep_1
46,4,86986,125287,125287,130699,447.0,430.01,447.0,99.0,59.15917494182944,348.0,27,rolling,net_profit_fitness,1_day,rep_1
47,4,86986,125287,125287,130699,447.0,429.87,447.0,196.0,51.496720499680585,251.0,28,rolling,net_profit_fitness,1_day,rep_1
48,4,86986,125287,125287,130699,447.0,428.58,447.0,196.0,51.696898291186606,251.0,29,rolling,net_profit_fitness,1_day,rep_1
49,4,86986,125287,125287,130699,447.0,431.66,447.0,196.0,45.86480352100292,251.0,30,rolling,net_profit_fitness,1_day,rep_1
50,4,86986,125287,125287,130699,447.0,427.59,447.0,196.0,58.84495893378797,251.0,31,rolling,net_profit_fitness,1_day,rep_1
51,4,86986,125287,125287,130699,447.0,432.53,447.0,196.0,48.935012563045845,251.0,32,rolling,net_profit_fitness,1_day,rep_1
52,4,86986,125287,125287,130699,447.0,436.76,447.0,297.0,32.752244120815526,150.0,33,rolling,net_profit_fitness,1_day,rep_1
53,4,86986,125287,125287,130699,447.0,436.02,447.0,196.0,41.42828292679563,251.0,34,rolling,net_profit_fitness,1_day,rep_1
54,4,86986,125287,125287,130699,447.0,432.77,447.0,276.0,41.75393406735478,171.0,35,rolling,net_profit_fitness,1_day,rep_1
55,4,86986,125287,125287,130699,447.0,437.87,447.0,207.0,32.152934735747095,240.0,36,rolling,net_profit_fitness,1_day,rep_1
56,4,86986,125287,125287,130699,447.0,438.68,447.0,295.0,27.506061774514983,152.0,37,rolling,net_profit_fitness,1_day,rep_1
57,4,86986,125287,125287,130699,447.0,431.4,447.0,207.0,50.65131346328104,240.0,38,rolling,net_profit_fitness,1_day,rep_1
58,4,86986,125287,125287,130699,447.0,435.33,447.0,196.0,40.53656660748703,251.0,39,rolling,net_profit_fitness,1_day,rep_1
59,4,86986,125287,125287,130699,447.0,437.35,447.0,276.0,33.63991586484632,171.0,40,rolling,net_profit_fitness,1_day,rep_1
60,4,86986,125287,125287,130699,447.0,429.34,447.0,207.0,47.481462624157786,240.0,41,rolling,net_profit_fitness,1_day,rep_1
61,4,86986,125287,125287,130699,447.0,434.34,447.0,196.0,44.92647641233711,251.0,42,rolling,net_profit_fitness,1_day,rep_1
62,4,86986,125287,125287,130699,447.0,431.32,447.0,196.0,49.72995357758021,251.0,43,rolling,net_profit_fitness,1_day,rep_1
63,4,86986,125287,125287,130699,447.0,439.62,447.0,207.0,34.10671902760925,240.0,44,rolling,net_profit_fitness,1_day,rep_1
64,4,86986,125287,125287,130699,447.0,431.05,447.0,196.0,54.59370130539074,251.0,45,rolling,net_profit_fitness,1_day,rep_1
65,4,86986,125287,125287,130699,447.0,437.46,447.0,207.0,39.59196429029048,240.0,46,rolling,net_profit_fitness,1_day,rep_1
66,4,86986,125287,125287,130699,447.0,433.0,447.0,207.0,45.04431039531962,240.0,47,rolling,net_profit_fitness,1_day,rep_1
67,4,86986,125287,125287,130699,447.0,432.85,447.0,196.0,50.28632663522607,251.0,48,rolling,net_profit_fitness,1_day,rep_1
68,4,86986,125287,125287,130699,447.0,443.5,447.0,207.0,24.76658713637869,240.0,49,rolling,net_profit_fitness,1_day,rep_1
69,4,86986,125287,125287,130699,447.0,436.31,447.0,196.0,38.90566030850015,251.0,50,rolling,net_profit_fitness,1_day,rep_1
70,4,86986,125287,125287,130699,447.0,435.23,447.0,207.0,42.81127364976604,240.0,51,rolling,net_profit_fitness,1_day,rep_1
71,4,86986,125287,125287,130699,447.0,434.65,447.0,196.0,41.9165537079025,251.0,52,rolling,net_profit_fitness,1_day,rep_1
72,4,86986,125287,125287,130699,447.0,436.61,447.0,99.0,47.35315312744349,348.0,53,rolling,net_profit_fitness,1_day,rep_1
73,4,86986,125287,125287,130699,447.0,439.02,447.0,207.0,32.117203294725826,240.0,54,rolling,net_profit_fitness,1_day,rep_1
74,4,86986,125287,125287,130699,447.0,443.2,447.0,207.0,25.811280910141253,240.0,55,rolling,net_profit_fitness,1_day,rep_1
75,4,86986,125287,125287,130699,447.0,436.04,447.0,196.0,39.48095564428321,251.0,56,rolling,net_profit_fitness,1_day,rep_1
76,4,86986,125287,125287,130699,447.0,433.35,447.0,207.0,46.24099693972653,240.0,57,rolling,net_profit_fitness,1_day,rep_1
77,4,86986,125287,125287,130699,447.0,437.39,447.0,295.0,28.921312612541,152.0,58,rolling,net_profit_fitness,1_day,rep_1
78,4,86986,125287,125287,130699,447.0,440.69,447.0,207.0,35.661057332908825,240.0,59,rolling,net_profit_fitness,1_day,rep_1
79,4,86986,125287,125287,130699,447.0,438.29,447.0,276.0,36.75012402920045,171.0,60,rolling,net_profit_fitness,1_day,rep_1
80,4,86986,125287,125287,130699,447.0,441.59,447.0,207.0,29.51701957251857,240.0,61,rolling,net_profit_fitness,1_day,rep_1
81,4,86986,125287,125287,130699,447.0,438.84,447.0,196.0,35.67805538932351,251.0,62,rolling,net_profit_fitness,1_day,rep_1
82,4,86986,125287,125287,130699,447.0,434.44,447.0,196.0,45.891025948721854,251.0,63,rolling,net_profit_fitness,1_day,rep_1
83,4,86986,125287,125287,130699,447.0,440.47,447.0,207.0,31.83780073364923,240.0,64,rolling,net_profit_fitness,1_day,rep_1
84,4,86986,125287,125287,130699,447.0,426.77,447.0,196.0,53.92191417487725,251.0,65,rolling,net_profit_fitness,1_day,rep_1
85,4,86986,125287,125287,130699,447.0,429.89,447.0,207.0,47.56917238733676,240.0,66,rolling,net_profit_fitness,1_day,rep_1
86,4,86986,125287,125287,130699,447.0,429.31,447.0,295.0,43.1185106374972,152.0,67,rolling,net_profit_fitness,1_day,rep_1
87,4,86986,125287,125287,130699,447.0,428.7,447.0,99.0,57.714991137660256,348.0,68,rolling,net_profit_fitness,1_day,rep_1
88,4,86986,125287,125287,130699,447.0,437.61,447.0,196.0,41.40875206372135,251.0,69,rolling,net_profit_fitness,1_day,rep_1
89,4,86986,125287,125287,130699,447.0,437.53,447.0,295.0,30.309999350149457,152.0,70,rolling,net_profit_fitness,1_day,rep_1
90,4,86986,125287,125287,130699,447.0,438.32,447.0,276.0,31.09024986010303,171.0,71,rolling,net_profit_fitness,1_day,rep_1
91,4,86986,125287,125287,130699,447.0,437.15,447.0,196.0,38.55662895487151,251.0,72,rolling,net_profit_fitness,1_day,rep_1
92,4,86986,125287,125287,130699,447.0,432.93,447.0,99.0,52.38922994415373,348.0,73,rolling,net_profit_fitness,1_day,rep_1
93,4,86986,125287,125287,130699,447.0,435.87,447.0,207.0,40.26369018700034,240.0,74,rolling,net_profit_fitness,1_day,rep_1
94,4,86986,125287,125287,130699,447.0,432.87,447.0,196.0,44.75176312761658,251.0,75,rolling,net_profit_fitness,1_day,rep_1
95,4,86986,125287,125287,130699,447.0,432.56,447.0,215.0,45.73536526981759,232.0,76,rolling,net_profit_fitness,1_day,rep_1
96,4,86986,125287,125287,130699,447.0,433.07,447.0,207.0,45.72806202503728,240.0,77,rolling,net_profit_fitness,1_day,rep_1
97,4,86986,125287,125287,130699,447.0,439.41,447.0,276.0,32.333519212211726,171.0,78,rolling,net_profit_fitness,1_day,rep_1
98,4,86986,125287,125287,130699,447.0,432.64,447.0,196.0,50.77073045276255,251.0,79,rolling,net_profit_fitness,1_day,rep_1
99,4,86986,125287,125287,130699,447.0,429.65,447.0,207.0,51.59503832538532,240.0,80,rolling,net_profit_fitness,1_day,rep_1
100,4,86986,125287,125287,130699,447.0,435.7,447.0,276.0,37.71008492499725,171.0,81,rolling,net_profit_fitness,1_day,rep_1
0,1,0,22406,22406,53560,21.0,-1194.78,-1000.0,-10920.0,1816.6465863777632,10941.0,0,rolling,net_profit_fitness,1_day,rep_2
1,1,0,22406,22406,53560,32.0,-463.64,-181.5,-5230.0,733.7305745023823,5262.0,0,rolling,net_profit_fitness,1_day,rep_2
2,1,0,22406,22406,53560,81.0,-242.09,-80.5,-2191.0,405.8530632998832,2272.0,0,rolling,net_profit_fitness,1_day,rep_2
3,1,0,22406,22406,53560,32.0,-272.8,-92.5,-1189.0,358.5459411556515,1221.0,1,rolling,net_profit_fitness,1_day,rep_2
4,1,0,22406,22406,53560,141.0,-205.14,-57.5,-1000.0,334.8192643770364,1141.0,0,rolling,net_profit_fitness,1_day,rep_2
5,1,0,22406,22406,53560,141.0,-185.57,-38.5,-1000.0,335.33602188813177,1141.0,1,rolling,net_profit_fitness,1_day,rep_2
6,1,0,22406,22406,53560,141.0,-166.47,-38.0,-1039.0,320.0848200402544,1180.0,2,rolling,net_profit_fitness,1_day,rep_2
7,1,0,22406,22406,53560,141.0,-108.58,-19.0,-1099.0,245.3568080007629,1240.0,3,rolling,net_profit_fitness,1_day,rep_2
8,1,0,22406,22406,53560,141.0,-87.95,-19.0,-1000.0,237.9346899186133,1141.0,4,rolling,net_profit_fitness,1_day,rep_2
9,1,0,22406,22406,53560,141.0,-74.19,-19.0,-1000.0,229.1165155041593,1141.0,5,rolling,net_profit_fitness,1_day,rep_2
10,1,0,22406,22406,53560,146.0,-99.77,-0.5,-1000.0,309.0247564532817,1146.0,0,rolling,net_profit_fitness,1_day,rep_2
11,1,0,22406,22406,53560,146.0,-84.44,22.0,-1000.0,310.32567838750737,1146.0,1,rolling,net_profit_fitness,1_day,rep_2
12,1,0,22406,22406,53560,146.0,-88.74,32.0,-1000.0,338.4513637977629,1146.0,2,rolling,net_profit_fitness,1_day,rep_2
13,1,0,22406,22406,53560,146.0,-39.05,42.0,-1000.0,322.01579028351887,1146.0,3,rolling,net_profit_fitness,1_day,rep_2
14,1,0,22406,22406,53560,146.0,11.85,141.0,-1000.0,295.0751102805364,1146.0,4,rolling,net_profit_fitness,1_day,rep_2
15,1,0,22406,22406,53560,146.0,112.38,146.0,-1000.0,164.0848991876283,1146.0,5,rolling,net_profit_fitness,1_day,rep_2
16,1,0,22406,22406,53560,146.0,133.1,146.0,-1000.0,115.0762154119406,1146.0,6,rolling,net_profit_fitness,1_day,rep_2
17,1,0,22406,22406,53560,146.0,100.06,146.0,-1000.0,225.6811382495581,1146.0,7,rolling,net_profit_fitness,1_day,rep_2
18,1,0,22406,22406,53560,146.0,130.82,146.0,-1000.0,116.18518655903418,1146.0,8,rolling,net_profit_fitness,1_day,rep_2
19,1,0,22406,22406,53560,146.0,122.92,146.0,-1000.0,123.41460712786494,1146.0,9,rolling,net_profit_fitness,1_day,rep_2
20,1,0,22406,22406,53560,146.0,128.15,146.0,-1000.0,120.21927566918812,1146.0,10,rolling,net_profit_fitness,1_day,rep_2
21,1,0,22406,22406,53560,146.0,134.57,146.0,-474.0,68.97902696918942,620.0,11,rolling,net_profit_fitness,1_day,rep_2
22,1,0,22406,22406,53560,146.0,128.24,146.0,-1000.0,117.15500566998983,1146.0,12,rolling,net_profit_fitness,1_day,rep_2
23,1,0,22406,22406,53560,146.0,135.83,146.0,-350.0,55.16477704353228,496.0,13,rolling,net_profit_fitness,1_day,rep_2
24,1,0,22406,22406,53560,146.0,111.48,146.0,-1000.0,168.57168723535318,1146.0,14,rolling,net_profit_fitness,1_day,rep_2
25,1,0,22406,22406,53560,146.0,128.24,146.0,-1000.0,121.06264510741552,1146.0,15,rolling,net_profit_fitness,1_day,rep_2
26,1,0,22406,22406,53560,146.0,125.49,146.0,-1000.0,119.4877530599397,1146.0,16,rolling,net_profit_fitness,1_day,rep_2
27,1,0,22406,22406,53560,146.0,136.93,146.0,-109.0,41.980816927484746,255.0,17,rolling,net_profit_fitness,1_day,rep_2
28,1,0,22406,22406,53560,146.0,130.07,146.0,-410.0,78.79615113914787,556.0,18,rolling,net_profit_fitness,1_day,rep_2
29,1,0,22406,22406,53560,146.0,129.34,146.0,-1000.0,119.79614165554564,1146.0,19,rolling,net_profit_fitness,1_day,rep_2
30,1,0,22406,22406,53560,146.0,117.87,146.0,-1000.0,162.46371187673782,1146.0,20,rolling,net_profit_fitness,1_day,rep_2
31,1,0,22406,22406,53560,146.0,129.46,146.0,-1000.0,118.19863609939658,1146.0,21,rolling,net_profit_fitness,1_day,rep_2
32,1,0,22406,22406,53560,146.0,111.93,146.0,-1000.0,168.1799934653947,1146.0,22,rolling,net_profit_fitness,1_day,rep_2
33,1,0,22406,22406,53560,146.0,137.45,146.0,-109.0,36.20016602450906,255.0,23,rolling,net_profit_fitness,1_day,rep_2
34,1,0,22406,22406,53560,146.0,123.03,146.0,-1000.0,161.24186331362114,1146.0,24,rolling,net_profit_fitness,1_day,rep_2
35,1,0,22406,22406,53560,146.0,132.06,146.0,-1000.0,115.62066328203528,1146.0,25,rolling,net_profit_fitness,1_day,rep_2
36,1,0,22406,22406,53560,146.0,134.75,146.0,-109.0,44.02349579279435,255.0,26,rolling,net_profit_fitness,1_day,rep_2
37,1,0,22406,22406,53560,146.0,122.62,146.0,-1000.0,127.38225143165738,1146.0,27,rolling,net_profit_fitness,1_day,rep_2
38,1,0,22406,22406,53560,146.0,119.26,146.0,-1000.0,162.0626902021423,1146.0,28,rolling,net_profit_fitness,1_day,rep_2
39,1,0,22406,22406,53560,146.0,125.74,146.0,-1000.0,119.52850300368958,1146.0,29,rolling,net_profit_fitness,1_day,rep_2
40,1,0,22406,22406,53560,146.0,122.02,146.0,-1000.0,124.57304700618045,1146.0,30,rolling,net_profit_fitness,1_day,rep_2
41,1,0,22406,22406,53560,146.0,127.03,146.0,-1000.0,119.09078575828296,1146.0,31,rolling,net_profit_fitness,1_day,rep_2
42,1,0,22406,22406,53560,146.0,114.94,146.0,-1000.0,166.5057295704805,1146.0,32,rolling,net_profit_fitness,1_day,rep_2
43,1,0,22406,22406,53560,146.0,125.54,146.0,-1000.0,119.66176405927575,1146.0,33,rolling,net_profit_fitness,1_day,rep_2
44,1,0,22406,22406,53560,146.0,93.79,146.0,-1000.0,226.84659948293185,1146.0,34,rolling,net_profit_fitness,1_day,rep_2
45,1,0,22406,22406,53560,146.0,133.16,146.0,-226.0,55.144020802830745,372.0,35,rolling,net_profit_fitness,1_day,rep_2
46,1,0,22406,22406,53560,146.0,104.61,146.0,-1000.0,179.3228506004596,1146.0,36,rolling,net_profit_fitness,1_day,rep_2
47,1,0,22406,22406,53560,146.0,108.01,146.0,-1000.0,174.56210697605363,1146.0,37,rolling,net_profit_fitness,1_day,rep_2
48,1,0,22406,22406,53560,146.0,131.84,146.0,-1000.0,117.24813711341284,1146.0,38,rolling,net_profit_fitness,1_day,rep_2
49,1,0,22406,22406,53560,146.0,112.97,146.0,-1000.0,167.96791751144417,1146.0,39,rolling,net_profit_fitness,1_day,rep_2
50,1,0,22406,22406,53560,146.0,84.05,146.0,-1000.0,231.6315593629877,1146.0,40,rolling,net_profit_fitness,1_day,rep_2
51,1,0,22406,22406,53560,146.0,107.75,146.0,-1000.0,196.97804702580692,1146.0,41,rolling,net_profit_fitness,1_day,rep_2
52,1,0,22406,22406,53560,146.0,96.7,146.0,-1000.0,204.0308206070244,1146.0,42,rolling,net_profit_fitness,1_day,rep_2
53,1,0,22406,22406,53560,146.0,145.95,146.0,141.0,0.5,5.0,43,rolling,net_profit_fitness,1_day,rep_2
54,1,0,22406,22406,53560,146.0,135.89,146.0,-114.0,43.277095208631664,260.0,44,rolling,net_profit_fitness,1_day,rep_2
55,1,0,22406,22406,53560,146.0,121.59,146.0,-1000.0,161.55301190805963,1146.0,45,rolling,net_profit_fitness,1_day,rep_2
56,1,0,22406,22406,53560,146.0,115.5,146.0,-1000.0,164.90214423019845,1146.0,46,rolling,net_profit_fitness,1_day,rep_2
57,1,0,22406,22406,53560,146.0,129.58,146.0,-1000.0,120.10577661277402,1146.0,47,rolling,net_profit_fitness,1_day,rep_2
58,1,0,22406,22406,53560,146.0,116.71,146.0,-1000.0,163.75470044915326,1146.0,48,rolling,net_profit_fitness,1_day,rep_2
59,1,0,22406,22406,53560,146.0,115.57,146.0,-1000.0,163.9386590752588,1146.0,49,rolling,net_profit_fitness,1_day,rep_2
60,1,0,22406,22406,53560,146.0,129.53,146.0,-1000.0,116.63328137042326,1146.0,50,rolling,net_profit_fitness,1_day,rep_2
61,1,0,22406,22406,53560,146.0,127.35,146.0,-1000.0,120.95957877311618,1146.0,51,rolling,net_profit_fitness,1_day,rep_2
62,1,0,22406,22406,53560,146.0,130.67,146.0,-1000.0,116.1211536423589,1146.0,52,rolling,net_profit_fitness,1_day,rep_2
63,1,0,22406,22406,53560,146.0,144.41,146.0,12.0,13.43829519610943,134.0,53,rolling,net_profit_fitness,1_day,rep_2
64,1,0,22406,22406,53560,146.0,142.23,146.0,12.0,21.29203151558362,134.0,54,rolling,net_profit_fitness,1_day,rep_2
65,1,0,22406,22406,53560,146.0,144.81,146.0,27.0,11.9,119.0,55,rolling,net_profit_fitness,1_day,rep_2
66,1,0,22406,22406,53560,146.0,135.89,146.0,-114.0,42.832512667530274,260.0,56,rolling,net_profit_fitness,1_day,rep_2
67,1,0,22406,22406,53560,146.0,118.18,146.0,-1000.0,126.964990004602,1146.0,57,rolling,net_profit_fitness,1_day,rep_2
68,1,0,22406,22406,53560,146.0,126.81,146.0,-1000.0,120.39863878890915,1146.0,58,rolling,net_profit_fitness,1_day,rep_2
69,1,0,22406,22406,53560,146.0,124.7,146.0,-1000.0,131.1885450160735,1146.0,59,rolling,net_profit_fitness,1_day,rep_2
70,1,0,22406,22406,53560,146.0,126.2,146.0,-449.0,82.3936106182213,595.0,60,rolling,net_profit_fitness,1_day,rep_2
71,1,0,22406,22406,53560,146.0,136.31,146.0,-449.0,65.42953569615285,595.0,61,rolling,net_profit_fitness,1_day,rep_2
72,1,0,22406,22406,53560,146.0,139.8,146.0,17.0,26.50824152385195,129.0,62,rolling,net_profit_fitness,1_day,rep_2
73,1,0,22406,22406,53560,146.0,131.96,146.0,-1000.0,115.66696533015325,1146.0,63,rolling,net_profit_fitness,1_day,rep_2
74,1,0,22406,22406,53560,146.0,125.9,146.0,-241.0,76.12303969047197,387.0,64,rolling,net_profit_fitness,1_day,rep_2
75,1,0,22406,22406,53560,146.0,129.33,146.0,-1000.0,116.66043749604094,1146.0,65,rolling,net_profit_fitness,1_day,rep_2
76,1,0,22406,22406,53560,146.0,139.41,146.0,-114.0,38.299483077979055,260.0,66,rolling,net_profit_fitness,1_day,rep_2
77,1,0,22406,22406,53560,146.0,133.2,146.0,-1000.0,115.0852999415054,1146.0,67,rolling,net_profit_fitness,1_day,rep_2
78,1,0,22406,22406,53560,146.0,128.37,146.0,-1000.0,118.53300737931116,1146.0,68,rolling,net_profit_fitness,1_day,rep_2
79,1,0,22406,22406,53560,146.0,142.13,146.0,27.0,20.42114916779497,119.0,69,rolling,net_profit_fitness,1_day,rep_2
80,1,0,22406,22406,53560,146.0,130.65,146.0,-1000.0,117.5965002399598,1146.0,70,rolling,net_profit_fitness,1_day,rep_2
81,1,0,22406,22406,53560,146.0,98.01,146.0,-1000.0,207.75809043552104,1146.0,71,rolling,net_profit_fitness,1_day,rep_2
82,1,0,22406,22406,53560,146.0,122.84,146.0,-1000.0,126.25145023669504,1146.0,72,rolling,net_profit_fitness,1_day,rep_2
83,1,0,22406,22406,53560,146.0,121.74,146.0,-1000.0,136.73897717471738,1146.0,73,rolling,net_profit_fitness,1_day,rep_2
84,1,0,22406,22406,53560,146.0,115.57,146.0,-1000.0,166.46195033427583,1146.0,74,rolling,net_profit_fitness,1_day,rep_2
85,1,0,22406,22406,53560,146.0,135.61,146.0,-114.0,39.63670755573154,260.0,75,rolling,net_profit_fitness,1_day,rep_2
86,1,0,22406,22406,53560,146.0,108.59,146.0,-1000.0,196.84979121916868,1146.0,76,rolling,net_profit_fitness,1_day,rep_2
87,1,0,22406,22406,53560,146.0,103.87,146.0,-1000.0,200.00326537738368,1146.0,77,rolling,net_profit_fitness,1_day,rep_2
88,1,0,22406,22406,53560,146.0,117.9,146.0,-1000.0,163.4848709523393,1146.0,78,rolling,net_profit_fitness,1_day,rep_2
89,1,0,22406,22406,53560,146.0,125.5,146.0,-1000.0,122.50652425421464,1146.0,79,rolling,net_profit_fitness,1_day,rep_2
90,1,0,22406,22406,53560,146.0,106.39,146.0,-1000.0,198.03835436091612,1146.0,80,rolling,net_profit_fitness,1_day,rep_2
91,1,0,22406,22406,53560,146.0,110.28,146.0,-1000.0,196.66466768372888,1146.0,81,rolling,net_profit_fitness,1_day,rep_2
92,1,0,22406,22406,53560,146.0,83.57,146.0,-1000.0,251.66770037917345,1146.0,82,rolling,net_profit_fitness,1_day,rep_2
93,1,0,22406,22406,53560,146.0,129.51,146.0,-1000.0,118.14863904883082,1146.0,83,rolling,net_profit_fitness,1_day,rep_2
94,1,0,22406,22406,53560,146.0,133.0,146.0,-1000.0,115.12364894084337,1146.0,84,rolling,net_profit_fitness,1_day,rep_2
95,1,0,22406,22406,53560,146.0,79.7,146.0,-1000.0,253.7874120303261,1146.0,85,rolling,net_profit_fitness,1_day,rep_2
96,1,0,22406,22406,53560,146.0,111.63,146.0,-1000.0,165.7760235981066,1146.0,86,rolling,net_profit_fitness,1_day,rep_2
97,1,0,22406,22406,53560,146.0,101.23,146.0,-1000.0,201.119335146318,1146.0,87,rolling,net_profit_fitness,1_day,rep_2
98,1,0,22406,22406,53560,146.0,135.96,146.0,-114.0,38.754060067522886,260.0,88,rolling,net_profit_fitness,1_day,rep_2
99,1,0,22406,22406,53560,146.0,86.25,146.0,-1000.0,233.81696091627143,1146.0,89,rolling,net_profit_fitness,1_day,rep_2
100,1,0,22406,22406,53560,146.0,121.5,146.0,-1000.0,126.5670661041893,1146.0,90,rolling,net_profit_fitness,1_day,rep_2
0,2,22406,53560,53560,86986,71.0,-1301.02,-399.5,-11104.0,2235.1118426358244,11175.0,0,rolling,net_profit_fitness,1_day,rep_2
1,2,22406,53560,53560,86986,72.0,-260.18,-128.5,-5408.0,575.3142203363411,5480.0,0,rolling,net_profit_fitness,1_day,rep_2
2,2,22406,53560,53560,86986,110.0,-109.22,-54.0,-1000.0,163.85917703622798,1110.0,0,rolling,net_profit_fitness,1_day,rep_2
3,2,22406,53560,53560,86986,180.0,-102.92,-28.5,-1152.0,256.5458464156676,1332.0,0,rolling,net_profit_fitness,1_day,rep_2
4,2,22406,53560,53560,86986,132.0,-32.69,2.0,-2532.0,267.0534957568607,2664.0,1,rolling,net_profit_fitness,1_day,rep_2
5,2,22406,53560,53560,86986,245.0,0.45,22.0,-824.0,122.27088448162624,1069.0,0,rolling,net_profit_fitness,1_day,rep_2
6,2,22406,53560,53560,86986,245.0,38.69,37.0,-159.0,44.66591926104671,404.0,1,rolling,net_profit_fitness,1_day,rep_2
7,2,22406,53560,53560,86986,266.0,17.21,57.5,-2818.0,302.9711889159286,3084.0,0,rolling,net_profit_fitness,1_day,rep_2
8,2,22406,53560,53560,86986,245.0,56.62,71.0,-271.0,78.31892581882198,516.0,1,rolling,net_profit_fitness,1_day,rep_2
9,2,22406,53560,53560,86986,291.0,67.55,76.0,-679.0,109.59829083309351,970.0,0,rolling,net_profit_fitness,1_day,rep_2
10,2,22406,53560,53560,86986,291.0,106.47,106.0,-135.0,79.48832008731239,426.0,1,rolling,net_profit_fitness,1_day,rep_2
11,2,22406,53560,53560,86986,291.0,121.97,106.0,-103.0,79.92186272487736,394.0,2,rolling,net_profit_fitness,1_day,rep_2
12,2,22406,53560,53560,86986,291.0,135.23,193.0,-1000.0,182.3443215901214,1291.0,3,rolling,net_profit_fitness,1_day,rep_2
13,2,22406,53560,53560,86986,309.0,209.6,245.0,-276.0,93.65960288257266,585.0,0,rolling,net_profit_fitness,1_day,rep_2
14,2,22406,53560,53560,86986,310.0,244.52,245.0,-54.0,65.24413824825626,364.0,0,rolling,net_profit_fitness,1_day,rep_2
15,2,22406,53560,53560,86986,310.0,251.98,291.0,-276.0,96.69372453079032,586.0,1,rolling,net_profit_fitness,1_day,rep_2
16,2,22406,53560,53560,86986,317.0,273.16,291.0,-240.0,75.49777172442599,557.0,0,rolling,net_profit_fitness,1_day,rep_2
17,2,22406,53560,53560,86986,356.0,275.87,291.0,-336.0,84.26481286319152,692.0,0,rolling,net_profit_fitness,1_day,rep_2
18,2,22406,53560,53560,86986,356.0,292.42,309.0,-205.0,61.675786385441626,561.0,1,rolling,net_profit_fitness,1_day,rep_2
19,2,22406,53560,53560,86986,371.0,303.43,309.0,41.0,56.85285899370036,330.0,0,rolling,net_profit_fitness,1_day,rep_2
20,2,22406,53560,53560,86986,371.0,319.99,326.0,39.0,61.271460062428886,332.0,1,rolling,net_profit_fitness,1_day,rep_2
21,2,22406,53560,53560,86986,375.0,327.03,356.0,-184.0,77.13617173478983,559.0,0,rolling,net_profit_fitness,1_day,rep_2
22,2,22406,53560,53560,86986,375.0,341.13,356.0,49.0,63.22249551697512,326.0,1,rolling,net_profit_fitness,1_day,rep_2
23,2,22406,53560,53560,86986,375.0,346.43,356.0,30.0,61.67563489250791,345.0,2,rolling,net_profit_fitness,1_day,rep_2
24,2,22406,53560,53560,86986,375.0,350.27,373.0,49.0,63.21310038754673,326.0,3,rolling,net_profit_fitness,1_day,rep_2
25,2,22406,53560,53560,86986,375.0,356.89,375.0,68.0,60.32385577661275,307.0,4,rolling,net_profit_fitness,1_day,rep_2
26,2,22406,53560,53560,86986,375.0,353.1,375.0,68.0,66.95717008851723,307.0,5,rolling,net_profit_fitness,1_day,rep_2
27,2,22406,53560,53560,86986,375.0,357.13,375.0,90.0,55.9602411168732,285.0,6,rolling,net_profit_fitness,1_day,rep_2
28,2,22406,53560,53560,86986,375.0,358.05,375.0,68.0,61.83872393393785,307.0,7,rolling,net_profit_fitness,1_day,rep_2
29,2,22406,53560,53560,86986,375.0,352.36,375.0,68.0,64.11188452520904,307.0,8,rolling,net_profit_fitness,1_day,rep_2
30,2,22406,53560,53560,86986,375.0,360.82,375.0,68.0,55.13589822182344,307.0,9,rolling,net_profit_fitness,1_day,rep_2
31,2,22406,53560,53560,86986,375.0,361.57,375.0,90.0,47.18569698542134,285.0,10,rolling,net_profit_fitness,1_day,rep_2
32,2,22406,53560,53560,86986,375.0,356.57,375.0,68.0,62.02903442027057,307.0,11,rolling,net_profit_fitness,1_day,rep_2
33,2,22406,53560,53560,86986,375.0,355.71,375.0,68.0,60.60107926498346,307.0,12,rolling,net_profit_fitness,1_day,rep_2
34,2,22406,53560,53560,86986,375.0,353.8,375.0,68.0,68.09426027814887,307.0,13,rolling,net_profit_fitness,1_day,rep_2
35,2,22406,53560,53560,86986,375.0,356.72,375.0,68.0,61.46577926132573,307.0,14,rolling,net_profit_fitness,1_day,rep_2
36,2,22406,53560,53560,86986,375.0,363.31,375.0,90.0,47.65441567508024,285.0,15,rolling,net_profit_fitness,1_day,rep_2
37,2,22406,53560,53560,86986,375.0,358.79,375.0,68.0,57.27221813145506,307.0,16,rolling,net_profit_fitness,1_day,rep_2
38,2,22406,53560,53560,86986,375.0,361.67,375.0,140.0,46.37551056104913,235.0,17,rolling,net_profit_fitness,1_day,rep_2
39,2,22406,53560,53560,86986,375.0,355.23,375.0,68.0,66.96250345295394,307.0,18,rolling,net_profit_fitness,1_day,rep_2
40,2,22406,53560,53560,86986,375.0,352.72,375.0,68.0,67.84356337125203,307.0,19,rolling,net_profit_fitness,1_day,rep_2
41,2,22406,53560,53560,86986,375.0,355.73,375.0,68.0,68.62868249213342,307.0,20,rolling,net_profit_fitness,1_day,rep_2
42,2,22406,53560,53560,86986,375.0,360.86,375.0,68.0,48.56839808897647,307.0,21,rolling,net_profit_fitness,1_day,rep_2
43,2,22406,53560,53560,86986,375.0,349.04,375.0,68.0,73.32120009818705,307.0,22,rolling,net_profit_fitness,1_day,rep_2
44,2,22406,53560,53560,86986,375.0,358.34,375.0,68.0,58.53708485251297,307.0,23,rolling,net_profit_fitness,1_day,rep_2
45,2,22406,53560,53560,86986,375.0,364.12,375.0,68.0,46.056899372384805,307.0,24,rolling,net_profit_fitness,1_day,rep_2
46,2,22406,53560,53560,86986,375.0,361.25,375.0,68.0,55.25375347184364,307.0,25,rolling,net_profit_fitness,1_day,rep_2
47,2,22406,53560,53560,86986,375.0,361.74,375.0,90.0,50.58917918394259,285.0,26,rolling,net_profit_fitness,1_day,rep_2
48,2,22406,53560,53560,86986,375.0,356.12,375.0,83.0,65.48132280554232,292.0,27,rolling,net_profit_fitness,1_day,rep_2
49,2,22406,53560,53560,86986,375.0,355.8,375.0,68.0,63.09620680461951,307.0,28,rolling,net_profit_fitness,1_day,rep_2
50,2,22406,53560,53560,86986,375.0,334.94,375.0,68.0,92.22138712047354,307.0,29,rolling,net_profit_fitness,1_day,rep_2
51,2,22406,53560,53560,86986,375.0,359.55,375.0,83.0,57.25459268773452,292.0,30,rolling,net_profit_fitness,1_day,rep_2
52,2,22406,53560,53560,86986,375.0,360.88,375.0,90.0,55.12506991681129,285.0,31,rolling,net_profit_fitness,1_day,rep_2
53,2,22406,53560,53560,86986,375.0,363.56,375.0,113.0,48.18049397837262,262.0,32,rolling,net_profit_fitness,1_day,rep_2
54,2,22406,53560,53560,86986,375.0,358.75,375.0,68.0,60.47912654358318,307.0,33,rolling,net_profit_fitness,1_day,rep_2
55,2,22406,53560,53560,86986,375.0,360.63,375.0,68.0,55.00645600309296,307.0,34,rolling,net_profit_fitness,1_day,rep_2
56,2,22406,53560,53560,86986,375.0,350.5,375.0,83.0,70.02705105020401,292.0,35,rolling,net_profit_fitness,1_day,rep_2
57,2,22406,53560,53560,86986,375.0,352.29,375.0,68.0,70.75941526387035,307.0,36,rolling,net_profit_fitness,1_day,rep_2
58,2,22406,53560,53560,86986,375.0,363.6,375.0,68.0,50.81398041937481,307.0,37,rolling,net_profit_fitness,1_day,rep_2
59,2,22406,53560,53560,86986,375.0,344.04,375.0,68.0,81.39154896194225,307.0,38,rolling,net_profit_fitness,1_day,rep_2
60,2,22406,53560,53560,86986,375.0,358.25,375.0,83.0,62.982020041316936,292.0,39,rolling,net_profit_fitness,1_day,rep_2
61,2,22406,53560,53560,86986,375.0,355.12,375.0,83.0,64.69903594741774,292.0,40,rolling,net_profit_fitness,1_day,rep_2
62,2,22406,53560,53560,86986,375.0,361.3,375.0,83.0,51.62089859463095,292.0,41,rolling,net_profit_fitness,1_day,rep_2
63,2,22406,53560,53560,86986,375.0,360.9,375.0,68.0,56.32311185732664,307.0,42,rolling,net_profit_fitness,1_day,rep_2
64,2,22406,53560,53560,86986,375.0,361.13,375.0,90.0,53.56571627072637,285.0,43,rolling,net_profit_fitness,1_day,rep_2
65,2,22406,53560,53560,86986,375.0,361.76,375.0,68.0,56.21497697556797,307.0,44,rolling,net_profit_fitness,1_day,rep_2
66,2,22406,53560,53560,86986,375.0,355.8,375.0,68.0,70.54850040284988,307.0,45,rolling,net_profit_fitness,1_day,rep_2
67,2,22406,53560,53560,86986,375.0,368.0,375.0,68.0,36.97091403858559,307.0,46,rolling,net_profit_fitness,1_day,rep_2
68,2,22406,53560,53560,86986,375.0,352.4,375.0,68.0,67.21832362014862,307.0,47,rolling,net_profit_fitness,1_day,rep_2
69,2,22406,53560,53560,86986,375.0,351.13,375.0,68.0,73.41684707438364,307.0,48,rolling,net_profit_fitness,1_day,rep_2
70,2,22406,53560,53560,86986,375.0,353.43,375.0,140.0,62.326649293229394,235.0,49,rolling,net_profit_fitness,1_day,rep_2
71,2,22406,53560,53560,86986,375.0,349.63,375.0,68.0,73.64406001679684,307.0,50,rolling,net_profit_fitness,1_day,rep_2
72,2,22406,53560,53560,86986,375.0,367.87,375.0,90.0,41.13580735155986,285.0,51,rolling,net_profit_fitness,1_day,rep_2
73,2,22406,53560,53560,86986,375.0,354.55,375.0,83.0,63.86196841705563,292.0,52,rolling,net_profit_fitness,1_day,rep_2
74,2,22406,53560,53560,86986,375.0,348.01,375.0,83.0,71.65947744067569,292.0,53,rolling,net_profit_fitness,1_day,rep_2
75,2,22406,53560,53560,86986,375.0,356.97,375.0,68.0,59.44821275698707,307.0,54,rolling,net_profit_fitness,1_day,rep_2
76,2,22406,53560,53560,86986,375.0,352.89,375.0,68.0,72.42661141047564,307.0,55,rolling,net_profit_fitness,1_day,rep_2
77,2,22406,53560,53560,86986,375.0,361.37,375.0,68.0,54.424195265552896,307.0,56,rolling,net_profit_fitness,1_day,rep_2
78,2,22406,53560,53560,86986,375.0,358.98,375.0,68.0,61.40575105498069,307.0,57,rolling,net_profit_fitness,1_day,rep_2
79,2,22406,53560,53560,86986,375.0,358.39,375.0,68.0,59.51740175033778,307.0,58,rolling,net_profit_fitness,1_day,rep_2
80,2,22406,53560,53560,86986,375.0,353.11,375.0,68.0,71.12769779726737,307.0,59,rolling,net_profit_fitness,1_day,rep_2
81,2,22406,53560,53560,86986,375.0,349.34,375.0,68.0,74.98164354484949,307.0,60,rolling,net_profit_fitness,1_day,rep_2
82,2,22406,53560,53560,86986,375.0,352.45,375.0,68.0,70.06755398336752,307.0,61,rolling,net_profit_fitness,1_day,rep_2
83,2,22406,53560,53560,86986,375.0,351.66,375.0,68.0,70.81847901287466,307.0,62,rolling,net_profit_fitness,1_day,rep_2
84,2,22406,53560,53560,86986,375.0,358.68,375.0,68.0,55.091637158905385,307.0,63,rolling,net_profit_fitness,1_day,rep_2
85,2,22406,53560,53560,86986,375.0,360.36,375.0,68.0,51.96473551721145,307.0,64,rolling,net_profit_fitness,1_day,rep_2
86,2,22406,53560,53560,86986,375.0,358.32,375.0,68.0,57.61293345256863,307.0,65,rolling,net_profit_fitness,1_day,rep_2
87,2,22406,53560,53560,86986,375.0,350.95,375.0,90.0,69.55941795517431,285.0,66,rolling,net_profit_fitness,1_day,rep_2
88,2,22406,53560,53560,86986,375.0,346.17,375.0,68.0,80.55941467593526,307.0,67,rolling,net_profit_fitness,1_day,rep_2
89,2,22406,53560,53560,86986,375.0,360.28,375.0,68.0,54.65559385272417,307.0,68,rolling,net_profit_fitness,1_day,rep_2
90,2,22406,53560,53560,86986,375.0,358.53,375.0,68.0,59.05577829048526,307.0,69,rolling,net_profit_fitness,1_day,rep_2
91,2,22406,53560,53560,86986,375.0,369.37,375.0,113.0,28.856193425153965,262.0,70,rolling,net_profit_fitness,1_day,rep_2
92,2,22406,53560,53560,86986,375.0,364.31,375.0,68.0,49.31156255910172,307.0,71,rolling,net_profit_fitness,1_day,rep_2
93,2,22406,53560,53560,86986,375.0,351.95,375.0,68.0,71.41094262977298,307.0,72,rolling,net_profit_fitness,1_day,rep_2
94,2,22406,53560,53560,86986,375.0,357.53,375.0,113.0,60.14770623769925,262.0,73,rolling,net_profit_fitness,1_day,rep_2
95,2,22406,53560,53560,86986,375.0,349.92,375.0,68.0,71.50922522954149,307.0,74,rolling,net_profit_fitness,1_day,rep_2
96,2,22406,53560,53560,86986,375.0,356.04,375.0,68.0,66.85804651527282,307.0,75,rolling,net_profit_fitness,1_day,rep_2
97,2,22406,53560,53560,86986,375.0,352.36,375.0,68.0,71.57570266592715,307.0,76,rolling,net_profit_fitness,1_day,rep_2
98,2,22406,53560,53560,86986,375.0,343.77,375.0,83.0,77.99674365127059,292.0,77,rolling,net_profit_fitness,1_day,rep_2
99,2,22406,53560,53560,86986,375.0,361.55,375.0,83.0,48.47291756613932,292.0,78,rolling,net_profit_fitness,1_day,rep_2
100,2,22406,53560,53560,86986,375.0,360.17,375.0,90.0,55.47573042932077,285.0,79,rolling,net_profit_fitness,1_day,rep_2
0,3,53560,86986,86986,125287,93.0,-1106.08,-220.5,-13922.0,1998.7492234349504,14015.0,0,rolling,net_profit_fitness,1_day,rep_2
1,3,53560,86986,86986,125287,172.0,-93.79,9.0,-1733.0,315.2986173150908,1905.0,0,rolling,net_profit_fitness,1_day,rep_2
2,3,53560,86986,86986,125287,208.0,-0.3,59.5,-1000.0,232.0486930788363,1208.0,0,rolling,net_profit_fitness,1_day,rep_2
3,3,53560,86986,86986,125287,252.0,49.56,94.5,-1000.0,226.62131097021432,1252.0,0,rolling,net_profit_fitness,1_day,rep_2
4,3,53560,86986,86986,125287,252.0,112.76,118.0,-1000.0,124.6756697445922,1252.0,1,rolling,net_profit_fitness,1_day,rep_2
5,3,53560,86986,86986,125287,252.0,148.63,153.0,17.0,48.57622459557346,235.0,2,rolling,net_profit_fitness,1_day,rep_2
6,3,53560,86986,86986,125287,252.0,164.52,163.0,17.0,51.19490978484861,235.0,3,rolling,net_profit_fitness,1_day,rep_2
7,3,53560,86986,86986,125287,252.0,176.91,164.0,72.0,57.9545441869677,180.0,4,rolling,net_profit_fitness,1_day,rep_2
8,3,53560,86986,86986,125287,262.0,204.32,227.5,97.0,51.72125757218674,165.0,0,rolling,net_profit_fitness,1_day,rep_2
9,3,53560,86986,86986,125287,262.0,234.16,252.0,72.0,43.005689076322135,190.0,1,rolling,net_profit_fitness,1_day,rep_2
10,3,53560,86986,86986,125287,262.0,246.61,252.0,43.0,30.96296092906732,219.0,2,rolling,net_profit_fitness,1_day,rep_2
11,3,53560,86986,86986,125287,262.0,250.75,252.0,107.0,29.647550872327933,155.0,3,rolling,net_profit_fitness,1_day,rep_2
12,3,53560,86986,86986,125287,262.0,254.45,262.0,107.0,29.733623792575028,155.0,4,rolling,net_profit_fitness,1_day,rep_2
13,3,53560,86986,86986,125287,262.0,258.57,262.0,112.0,18.1999306247984,150.0,5,rolling,net_profit_fitness,1_day,rep_2
14,3,53560,86986,86986,125287,262.0,251.68,262.0,53.0,39.196443870856605,209.0,6,rolling,net_profit_fitness,1_day,rep_2
15,3,53560,86986,86986,125287,262.0,252.02,262.0,72.0,37.28594936704737,190.0,7,rolling,net_profit_fitness,1_day,rep_2
16,3,53560,86986,86986,125287,262.0,253.38,262.0,102.0,33.43070021958435,160.0,8,rolling,net_profit_fitness,1_day,rep_2
17,3,53560,86986,86986,125287,262.0,252.95,262.0,112.0,34.44139364136701,150.0,9,rolling,net_profit_fitness,1_day,rep_2
18,3,53560,86986,86986,125287,262.0,255.82,262.0,102.0,28.27976397541271,160.0,10,rolling,net_profit_fitness,1_day,rep_2
19,3,53560,86986,86986,125287,262.0,257.4,262.0,112.0,25.718758629734552,150.0,11,rolling,net_profit_fitness,1_day,rep_2
20,3,53560,86986,86986,125287,262.0,251.98,262.0,92.0,37.95717416651391,170.0,12,rolling,net_profit_fitness,1_day,rep_2
21,3,53560,86986,86986,125287,262.0,248.09,262.0,-28.0,48.45514326767499,290.0,13,rolling,net_profit_fitness,1_day,rep_2
22,3,53560,86986,86986,125287,262.0,251.4,262.0,102.0,38.84233866191984,160.0,14,rolling,net_profit_fitness,1_day,rep_2
23,3,53560,86986,86986,125287,262.0,255.65,262.0,97.0,30.30030669578422,165.0,15,rolling,net_profit_fitness,1_day,rep_2
24,3,53560,86986,86986,125287,262.0,257.35,262.0,112.0,25.43813052974776,150.0,16,rolling,net_profit_fitness,1_day,rep_2
25,3,53560,86986,86986,125287,262.0,256.77,262.0,102.0,26.842923187546567,160.0,17,rolling,net_profit_fitness,1_day,rep_2
26,3,53560,86986,86986,125287,262.0,251.52,262.0,1.0,39.95893852039576,261.0,18,rolling,net_profit_fitness,1_day,rep_2
27,3,53560,86986,86986,125287,262.0,254.93,262.0,107.0,30.61994299620607,155.0,19,rolling,net_profit_fitness,1_day,rep_2
28,3,53560,86986,86986,125287,262.0,255.36,262.0,102.0,30.2259237186635,160.0,20,rolling,net_profit_fitness,1_day,rep_2
29,3,53560,86986,86986,125287,262.0,251.73,262.0,102.0,38.19430784181265,160.0,21,rolling,net_profit_fitness,1_day,rep_2
30,3,53560,86986,86986,125287,262.0,257.8,262.0,107.0,22.440493701693764,155.0,22,rolling,net_profit_fitness,1_day,rep_2
31,3,53560,86986,86986,125287,262.0,251.25,262.0,97.0,37.83093037356196,165.0,23,rolling,net_profit_fitness,1_day,rep_2
32,3,53560,86986,86986,125287,262.0,255.12,262.0,102.0,29.782131447150547,160.0,24,rolling,net_profit_fitness,1_day,rep_2
33,3,53560,86986,86986,125287,262.0,246.01,262.0,-57.0,52.56962578862014,319.0,25,rolling,net_profit_fitness,1_day,rep_2
34,3,53560,86986,86986,125287,262.0,248.11,262.0,88.0,42.83463504683984,174.0,26,rolling,net_profit_fitness,1_day,rep_2
35,3,53560,86986,86986,125287,262.0,258.8,262.0,112.0,20.49291575056112,150.0,27,rolling,net_profit_fitness,1_day,rep_2
36,3,53560,86986,86986,125287,262.0,257.27,262.0,112.0,25.09209501662291,150.0,28,rolling,net_profit_fitness,1_day,rep_2
37,3,53560,86986,86986,125287,262.0,255.54,262.0,112.0,28.068610024133164,150.0,29,rolling,net_profit_fitness,1_day,rep_2
38,3,53560,86986,86986,125287,262.0,256.96,262.0,88.0,27.71351273077428,174.0,30,rolling,net_profit_fitness,1_day,rep_2
39,3,53560,86986,86986,125287,262.0,249.38,262.0,72.0,40.40746505688315,190.0,31,rolling,net_profit_fitness,1_day,rep_2
40,3,53560,86986,86986,125287,262.0,252.65,262.0,1.0,39.86805890950952,261.0,32,rolling,net_profit_fitness,1_day,rep_2
41,3,53560,86986,86986,125287,262.0,253.78,262.0,91.0,34.77563875049674,171.0,33,rolling,net_profit_fitness,1_day,rep_2
42,3,53560,86986,86986,125287,262.0,255.25,262.0,102.0,29.91043026076085,160.0,34,rolling,net_profit_fitness,1_day,rep_2
43,3,53560,86986,86986,125287,262.0,256.85,262.0,72.0,27.974149322240887,190.0,35,rolling,net_profit_fitness,1_day,rep_2
44,3,53560,86986,86986,125287,262.0,257.07,262.0,112.0,25.24596377381317,150.0,36,rolling,net_profit_fitness,1_day,rep_2
45,3,53560,86986,86986,125287,262.0,254.51,262.0,53.0,34.446707485123405,209.0,37,rolling,net_profit_fitness,1_day,rep_2
46,3,53560,86986,86986,125287,262.0,253.69,262.0,107.0,31.08434111616752,155.0,38,rolling,net_profit_fitness,1_day,rep_2
47,3,53560,86986,86986,125287,262.0,255.58,262.0,72.0,28.864077146081588,190.0,39,rolling,net_profit_fitness,1_day,rep_2
48,3,53560,86986,86986,125287,262.0,248.35,262.0,72.0,43.08093745169865,190.0,40,rolling,net_profit_fitness,1_day,rep_2
49,3,53560,86986,86986,125287,262.0,253.23,262.0,72.0,35.1860437782891,190.0,41,rolling,net_profit_fitness,1_day,rep_2
50,3,53560,86986,86986,125287,262.0,258.74,262.0,91.0,22.963132507248535,171.0,42,rolling,net_profit_fitness,1_day,rep_2
51,3,53560,86986,86986,125287,262.0,255.75,262.0,107.0,29.81741576374926,155.0,43,rolling,net_profit_fitness,1_day,rep_2
52,3,53560,86986,86986,125287,262.0,257.3,262.0,-28.0,32.550039178241406,290.0,44,rolling,net_profit_fitness,1_day,rep_2
53,3,53560,86986,86986,125287,262.0,250.54,262.0,22.0,42.86257579801293,240.0,45,rolling,net_profit_fitness,1_day,rep_2
54,3,53560,86986,86986,125287,262.0,260.2,262.0,122.0,14.169251101158338,140.0,46,rolling,net_profit_fitness,1_day,rep_2
55,3,53560,86986,86986,125287,262.0,252.71,262.0,107.0,33.364620165496845,155.0,47,rolling,net_profit_fitness,1_day,rep_2
56,3,53560,86986,86986,125287,262.0,257.0,262.0,107.0,26.371472189745976,155.0,48,rolling,net_profit_fitness,1_day,rep_2
57,3,53560,86986,86986,125287,262.0,257.28,262.0,107.0,24.309901545076507,155.0,49,rolling,net_profit_fitness,1_day,rep_2
58,3,53560,86986,86986,125287,262.0,254.68,262.0,107.0,28.79144092794021,155.0,50,rolling,net_profit_fitness,1_day,rep_2
59,3,53560,86986,86986,125287,262.0,253.28,262.0,22.0,35.86227302141662,240.0,51,rolling,net_profit_fitness,1_day,rep_2
60,3,53560,86986,86986,125287,262.0,248.48,262.0,91.0,42.47648904055185,171.0,52,rolling,net_profit_fitness,1_day,rep_2
61,3,53560,86986,86986,125287,262.0,251.79,262.0,1.0,41.832589634823655,261.0,53,rolling,net_profit_fitness,1_day,rep_2
62,3,53560,86986,86986,125287,262.0,252.88,262.0,22.0,38.17907830477342,240.0,54,rolling,net_profit_fitness,1_day,rep_2
63,3,53560,86986,86986,125287,262.0,258.85,262.0,112.0,17.93161814485601,150.0,55,rolling,net_profit_fitness,1_day,rep_2
64,3,53560,86986,86986,125287,262.0,244.92,262.0,22.0,50.08289693754312,240.0,56,rolling,net_profit_fitness,1_day,rep_2
65,3,53560,86986,86986,125287,262.0,252.9,262.0,102.0,35.07812348850416,160.0,57,rolling,net_profit_fitness,1_day,rep_2
66,3,53560,86986,86986,125287,262.0,255.16,262.0,102.0,29.163322752035544,160.0,58,rolling,net_profit_fitness,1_day,rep_2
67,3,53560,86986,86986,125287,262.0,253.95,262.0,107.0,33.54399342579078,155.0,59,rolling,net_profit_fitness,1_day,rep_2
68,3,53560,86986,86986,125287,262.0,255.9,262.0,102.0,30.0553361705244,160.0,60,rolling,net_profit_fitness,1_day,rep_2
69,3,53560,86986,86986,125287,262.0,254.47,262.0,-86.0,43.121968199679166,348.0,61,rolling,net_profit_fitness,1_day,rep_2
70,3,53560,86986,86986,125287,262.0,257.25,262.0,112.0,24.958298553119896,150.0,62,rolling,net_profit_fitness,1_day,rep_2
71,3,53560,86986,86986,125287,262.0,260.35,262.0,117.0,14.61725492061151,145.0,63,rolling,net_profit_fitness,1_day,rep_2
72,3,53560,86986,86986,125287,262.0,250.84,262.0,22.0,43.31601518742429,240.0,64,rolling,net_profit_fitness,1_day,rep_2
73,3,53560,86986,86986,125287,262.0,256.34,262.0,1.0,33.5511730364411,261.0,65,rolling,net_profit_fitness,1_day,rep_2
74,3,53560,86986,86986,125287,262.0,250.91,262.0,72.0,38.75514824060818,190.0,66,rolling,net_profit_fitness,1_day,rep_2
75,3,53560,86986,86986,125287,262.0,253.74,262.0,1.0,36.553163165090616,261.0,67,rolling,net_profit_fitness,1_day,rep_2
76,3,53560,86986,86986,125287,262.0,255.55,262.0,102.0,30.312305398729716,160.0,68,rolling,net_profit_fitness,1_day,rep_2
77,3,53560,86986,86986,125287,262.0,251.19,262.0,1.0,42.49603546571174,261.0,69,rolling,net_profit_fitness,1_day,rep_2
78,3,53560,86986,86986,125287,262.0,252.0,262.0,22.0,40.23290778314275,240.0,70,rolling,net_profit_fitness,1_day,rep_2
79,3,53560,86986,86986,125287,262.0,244.55,262.0,34.0,50.551778635695136,228.0,71,rolling,net_profit_fitness,1_day,rep_2
80,3,53560,86986,86986,125287,262.0,255.6,262.0,72.0,31.253929045930864,190.0,72,rolling,net_profit_fitness,1_day,rep_2
81,3,53560,86986,86986,125287,262.0,254.25,262.0,22.0,36.531258235692185,240.0,73,rolling,net_profit_fitness,1_day,rep_2
82,3,53560,86986,86986,125287,262.0,244.91,262.0,-28.0,51.00467298852789,290.0,74,rolling,net_profit_fitness,1_day,rep_2
83,3,53560,86986,86986,125287,262.0,255.4,262.0,97.0,29.660367053315,165.0,75,rolling,net_profit_fitness,1_day,rep_2
84,3,53560,86986,86986,125287,262.0,255.26,262.0,102.0,29.29047143990204,160.0,76,rolling,net_profit_fitness,1_day,rep_2
85,3,53560,86986,86986,125287,262.0,239.19,262.0,-28.0,61.2117858526667,290.0,77,rolling,net_profit_fitness,1_day,rep_2
86,3,53560,86986,86986,125287,262.0,250.37,262.0,1.0,43.86495690690285,261.0,78,rolling,net_profit_fitness,1_day,rep_2
87,3,53560,86986,86986,125287,262.0,256.25,262.0,22.0,31.54582205124617,240.0,79,rolling,net_profit_fitness,1_day,rep_2
88,3,53560,86986,86986,125287,262.0,255.23,262.0,107.0,28.751057951549075,155.0,80,rolling,net_profit_fitness,1_day,rep_2
89,3,53560,86986,86986,125287,262.0,256.53,262.0,107.0,27.54737150378737,155.0,81,rolling,net_profit_fitness,1_day,rep_2
90,3,53560,86986,86986,125287,262.0,248.26,262.0,-28.0,45.97180075488086,290.0,82,rolling,net_profit_fitness,1_day,rep_2
91,3,53560,86986,86986,125287,262.0,253.27,262.0,72.0,35.880512985758884,190.0,83,rolling,net_profit_fitness,1_day,rep_2
92,3,53560,86986,86986,125287,262.0,246.24,262.0,46.0,47.95497046103972,216.0,84,rolling,net_profit_fitness,1_day,rep_2
93,3,53560,86986,86986,125287,262.0,255.75,262.0,107.0,29.330707527102103,155.0,85,rolling,net_profit_fitness,1_day,rep_2
94,3,53560,86986,86986,125287,262.0,254.05,262.0,107.0,33.11363203067018,155.0,86,rolling,net_profit_fitness,1_day,rep_2
95,3,53560,86986,86986,125287,262.0,253.9,262.0,72.0,35.21062167568018,190.0,87,rolling,net_profit_fitness,1_day,rep_2
96,3,53560,86986,86986,125287,262.0,256.44,262.0,46.0,30.044519155964725,216.0,88,rolling,net_profit_fitness,1_day,rep_2
97,3,53560,86986,86986,125287,262.0,253.18,262.0,92.0,33.918315424149846,170.0,89,rolling,net_profit_fitness,1_day,rep_2
98,3,53560,86986,86986,125287,262.0,252.1,262.0,-28.0,44.596847286313725,290.0,90,rolling,net_profit_fitness,1_day,rep_2
99,3,53560,86986,86986,125287,262.0,253.34,262.0,22.0,32.29229510629932,240.0,91,rolling,net_profit_fitness,1_day,rep_2
100,3,53560,86986,86986,125287,262.0,254.2,262.0,72.0,33.98098101448913,190.0,92,rolling,net_profit_fitness,1_day,rep_2
0,4,86986,125287,125287,130699,264.0,-2396.21,-527.0,-22608.0,4485.957966214849,22872.0,0,rolling,net_profit_fitness,1_day,rep_2
1,4,86986,125287,125287,130699,424.0,-246.9,-121.5,-1889.0,414.7471543244173,2313.0,0,rolling,net_profit_fitness,1_day,rep_2
2,4,86986,125287,125287,130699,364.0,-48.1,-3.5,-1606.0,254.8627874053809,1970.0,1,rolling,net_profit_fitness,1_day,rep_2
3,4,86986,125287,125287,130699,364.0,69.79,55.0,-350.0,121.07500763884954,714.0,2,rolling,net_profit_fitness,1_day,rep_2
4,4,86986,125287,125287,130699,364.0,132.89,137.5,-1000.0,154.39938340537373,1364.0,3,rolling,net_profit_fitness,1_day,rep_2
5,4,86986,125287,125287,130699,383.0,204.87,214.0,-48.0,99.6379967885766,431.0,4,rolling,net_profit_fitness,1_day,rep_2
6,4,86986,125287,125287,130699,416.0,258.52,254.0,-35.0,77.53610823873016,451.0,5,rolling,net_profit_fitness,1_day,rep_2
7,4,86986,125287,125287,130699,416.0,310.98,308.5,165.0,69.07673671762119,251.0,6,rolling,net_profit_fitness,1_day,rep_2
8,4,86986,125287,125287,130699,416.0,351.01,364.0,169.0,58.63334022430059,247.0,7,rolling,net_profit_fitness,1_day,rep_2
9,4,86986,125287,125287,130699,416.0,373.29,383.0,170.0,60.02681134966342,246.0,8,rolling,net_profit_fitness,1_day,rep_2
10,4,86986,125287,125287,130699,416.0,399.04,416.0,260.0,31.298794632613976,156.0,9,rolling,net_profit_fitness,1_day,rep_2
11,4,86986,125287,125287,130699,416.0,399.36,416.0,170.0,45.25539646374683,246.0,10,rolling,net_profit_fitness,1_day,rep_2
12,4,86986,125287,125287,130699,416.0,399.59,416.0,-50.0,62.98438077985861,466.0,11,rolling,net_profit_fitness,1_day,rep_2
13,4,86986,125287,125287,130699,416.0,399.45,416.0,-50.0,62.7463025591826,466.0,12,rolling,net_profit_fitness,1_day,rep_2
14,4,86986,125287,125287,130699,416.0,402.38,416.0,-50.0,55.470217689360574,466.0,13,rolling,net_profit_fitness,1_day,rep_2
15,4,86986,125287,125287,130699,416.0,408.43,416.0,-50.0,48.474976362380346,466.0,14,rolling,net_profit_fitness,1_day,rep_2
16,4,86986,125287,125287,130699,416.0,400.11,416.0,255.0,40.28807754062226,161.0,15,rolling,net_profit_fitness,1_day,rep_2
17,4,86986,125287,125287,130699,416.0,404.66,416.0,188.0,34.38734204513767,228.0,16,rolling,net_profit_fitness,1_day,rep_2
18,4,86986,125287,125287,130699,416.0,401.46,416.0,-50.0,56.53789647107272,466.0,17,rolling,net_profit_fitness,1_day,rep_2
19,4,86986,125287,125287,130699,416.0,403.19,416.0,170.0,41.918317637225776,246.0,18,rolling,net_profit_fitness,1_day,rep_2
20,4,86986,125287,125287,130699,416.0,396.15,416.0,-107.0,77.39252893757597,523.0,19,rolling,net_profit_fitness,1_day,rep_2
21,4,86986,125287,125287,130699,416.0,404.21,416.0,-164.0,63.96894685404913,580.0,20,rolling,net_profit_fitness,1_day,rep_2
22,4,86986,125287,125287,130699,416.0,398.35,416.0,-183.0,79.4740762002226,599.0,21,rolling,net_profit_fitness,1_day,rep_2
23,4,86986,125287,125287,130699,416.0,405.58,416.0,170.0,41.33435482608733,246.0,22,rolling,net_profit_fitness,1_day,rep_2
24,4,86986,125287,125287,130699,416.0,395.51,416.0,-126.0,69.71782882854038,542.0,23,rolling,net_profit_fitness,1_day,rep_2
25,4,86986,125287,125287,130699,416.0,393.3,416.0,-126.0,82.81798223706119,542.0,24,rolling,net_profit_fitness,1_day,rep_2
26,4,86986,125287,125287,130699,416.0,398.17,416.0,-126.0,64.64699091484022,542.0,25,rolling,net_profit_fitness,1_day,rep_2
27,4,86986,125287,125287,130699,416.0,400.08,416.0,-145.0,82.06079047470438,561.0,26,rolling,net_profit_fitness,1_day,rep_2
28,4,86986,125287,125287,130699,416.0,398.93,416.0,-31.0,58.209696682587065,447.0,27,rolling,net_profit_fitness,1_day,rep_2
29,4,86986,125287,125287,130699,416.0,405.65,416.0,170.0,39.82471061737393,246.0,28,rolling,net_profit_fitness,1_day,rep_2
30,4,86986,125287,125287,130699,416.0,385.68,416.0,-126.0,102.3503470211681,542.0,29,rolling,net_profit_fitness,1_day,rep_2
31,4,86986,125287,125287,130699,416.0,406.47,416.0,-50.0,51.35368644129758,466.0,30,rolling,net_profit_fitness,1_day,rep_2
32,4,86986,125287,125287,130699,416.0,407.85,416.0,215.0,31.85870795759415,201.0,31,rolling,net_profit_fitness,1_day,rep_2
33,4,86986,125287,125287,130699,416.0,403.38,416.0,-202.0,68.80829466090127,618.0,32,rolling,net_profit_fitness,1_day,rep_2
34,4,86986,125287,125287,130699,416.0,412.47,416.0,285.0,18.08981799663875,131.0,33,rolling,net_profit_fitness,1_day,rep_2
35,4,86986,125287,125287,130699,416.0,400.93,416.0,170.0,45.24506893161135,246.0,34,rolling,net_profit_fitness,1_day,rep_2
36,4,86986,125287,125287,130699,416.0,400.83,416.0,31.0,52.34521289603581,385.0,35,rolling,net_profit_fitness,1_day,rep_2
37,4,86986,125287,125287,130699,416.0,393.5,416.0,-126.0,71.30975254536231,542.0,36,rolling,net_profit_fitness,1_day,rep_2
38,4,86986,125287,125287,130699,416.0,397.02,416.0,-50.0,65.48775504326026,466.0,37,rolling,net_profit_fitness,1_day,rep_2
39,4,86986,125287,125287,130699,416.0,386.37,416.0,-126.0,81.90579153435175,542.0,38,rolling,net_profit_fitness,1_day,rep_2
40,4,86986,125287,125287,130699,416.0,406.94,416.0,170.0,37.7230256828196,246.0,39,rolling,net_profit_fitness,1_day,rep_2
41,4,86986,125287,125287,130699,416.0,406.09,416.0,215.0,35.55450929647506,201.0,40,rolling,net_profit_fitness,1_day,rep_2
42,4,86986,125287,125287,130699,416.0,404.01,416.0,-50.0,56.517360343544176,466.0,41,rolling,net_profit_fitness,1_day,rep_2
43,4,86986,125287,125287,130699,416.0,412.28,416.0,215.0,24.158182418753647,201.0,42,rolling,net_profit_fitness,1_day,rep_2
44,4,86986,125287,125287,130699,416.0,387.19,416.0,-126.0,93.29324842677632,542.0,43,rolling,net_profit_fitness,1_day,rep_2
45,4,86986,125287,125287,130699,416.0,404.76,416.0,255.0,36.41764474104343,161.0,44,rolling,net_profit_fitness,1_day,rep_2
46,4,86986,125287,125287,130699,416.0,399.54,416.0,170.0,54.85231227228403,246.0,45,rolling,net_profit_fitness,1_day,rep_2
47,4,86986,125287,125287,130699,416.0,401.04,416.0,170.0,48.04352403831553,246.0,46,rolling,net_profit_fitness,1_day,rep_2
48,4,86986,125287,125287,130699,416.0,385.37,416.0,-164.0,95.75396238867252,580.0,47,rolling,net_profit_fitness,1_day,rep_2
49,4,86986,125287,125287,130699,416.0,399.16,416.0,170.0,49.38361892552852,246.0,48,rolling,net_profit_fitness,1_day,rep_2
50,4,86986,125287,125287,130699,416.0,404.31,416.0,188.0,45.14257883907857,228.0,49,rolling,net_profit_fitness,1_day,rep_2
51,4,86986,125287,125287,130699,416.0,400.72,416.0,170.0,54.14628147878484,246.0,50,rolling,net_profit_fitness,1_day,rep_2
52,4,86986,125287,125287,130699,416.0,412.85,416.0,297.0,18.306247208772387,119.0,51,rolling,net_profit_fitness,1_day,rep_2
53,4,86986,125287,125287,130699,416.0,403.16,416.0,188.0,45.994448501197326,228.0,52,rolling,net_profit_fitness,1_day,rep_2
54,4,86986,125287,125287,130699,416.0,402.36,416.0,170.0,50.2676713990094,246.0,53,rolling,net_profit_fitness,1_day,rep_2
55,4,86986,125287,125287,130699,416.0,397.77,416.0,-164.0,72.04794349331674,580.0,54,rolling,net_profit_fitness,1_day,rep_2
56,4,86986,125287,125287,130699,416.0,392.75,416.0,170.0,64.0986258697005,246.0,55,rolling,net_profit_fitness,1_day,rep_2
57,4,86986,125287,125287,130699,416.0,404.04,416.0,169.0,46.19412704811482,247.0,56,rolling,net_profit_fitness,1_day,rep_2
58,4,86986,125287,125287,130699,416.0,406.88,416.0,-50.0,51.26368356375937,466.0,57,rolling,net_profit_fitness,1_day,rep_2
59,4,86986,125287,125287,130699,416.0,392.08,416.0,-126.0,84.6648389208587,542.0,58,rolling,net_profit_fitness,1_day,rep_2
60,4,86986,125287,125287,130699,416.0,413.21,416.0,255.0,19.864843825261254,161.0,59,rolling,net_profit_fitness,1_day,rep_2
61,4,86986,125287,125287,130699,416.0,402.93,416.0,215.0,38.56262255845495,201.0,60,rolling,net_profit_fitness,1_day,rep_2
62,4,86986,125287,125287,130699,416.0,399.2,416.0,-126.0,77.95686452951226,542.0,61,rolling,net_profit_fitness,1_day,rep_2
63,4,86986,125287,125287,130699,416.0,400.9,416.0,-126.0,75.20712141221144,542.0,62,rolling,net_profit_fitness,1_day,rep_2
64,4,86986,125287,125287,130699,416.0,403.67,416.0,188.0,46.69653914024858,228.0,63,rolling,net_profit_fitness,1_day,rep_2
65,4,86986,125287,125287,130699,416.0,393.11,416.0,-164.0,96.2132411769699,580.0,64,rolling,net_profit_fitness,1_day,rep_2
66,4,86986,125287,125287,130699,416.0,396.1,416.0,-69.0,69.66536173926485,485.0,65,rolling,net_profit_fitness,1_day,rep_2
67,4,86986,125287,125287,130699,416.0,400.26,416.0,-69.0,60.969874992209526,485.0,66,rolling,net_profit_fitness,1_day,rep_2
68,4,86986,125287,125287,130699,416.0,402.76,416.0,-69.0,70.02252451457274,485.0,67,rolling,net_profit_fitness,1_day,rep_2
69,4,86986,125287,125287,130699,416.0,401.47,416.0,170.0,45.15527755322838,246.0,68,rolling,net_profit_fitness,1_day,rep_2
70,4,86986,125287,125287,130699,416.0,400.03,416.0,-164.0,81.54275757620239,580.0,69,rolling,net_profit_fitness,1_day,rep_2
71,4,86986,125287,125287,130699,416.0,401.41,416.0,-164.0,77.44076850253118,580.0,70,rolling,net_profit_fitness,1_day,rep_2
72,4,86986,125287,125287,130699,416.0,389.68,416.0,-164.0,98.06418017983648,580.0,71,rolling,net_profit_fitness,1_day,rep_2
73,4,86986,125287,125287,130699,416.0,408.18,416.0,215.0,31.85395334074475,201.0,72,rolling,net_profit_fitness,1_day,rep_2
74,4,86986,125287,125287,130699,416.0,401.05,416.0,-69.0,62.42480324843692,485.0,73,rolling,net_profit_fitness,1_day,rep_2
75,4,86986,125287,125287,130699,416.0,391.11,416.0,-145.0,84.96141667387805,561.0,74,rolling,net_profit_fitness,1_day,rep_2
76,4,86986,125287,125287,130699,416.0,392.95,416.0,-145.0,84.38923467654467,561.0,75,rolling,net_profit_fitness,1_day,rep_2
77,4,86986,125287,125287,130699,416.0,409.01,416.0,170.0,32.25419712724582,246.0,76,rolling,net_profit_fitness,1_day,rep_2
78,4,86986,125287,125287,130699,416.0,406.49,416.0,170.0,40.221481521166965,246.0,77,rolling,net_profit_fitness,1_day,rep_2
79,4,86986,125287,125287,130699,416.0,411.8,416.0,285.0,21.330018681888134,131.0,78,rolling,net_profit_fitness,1_day,rep_2
80,4,86986,125287,125287,130699,416.0,408.12,416.0,188.0,30.954603450011675,228.0,79,rolling,net_profit_fitness,1_day,rep_2
81,4,86986,125287,125287,130699,416.0,410.99,416.0,255.0,23.31535887770033,161.0,80,rolling,net_profit_fitness,1_day,rep_2
82,4,86986,125287,125287,130699,416.0,401.33,416.0,-69.0,62.39756130303216,485.0,81,rolling,net_profit_fitness,1_day,rep_2
83,4,86986,125287,125287,130699,416.0,390.56,416.0,-164.0,92.94826626688742,580.0,82,rolling,net_profit_fitness,1_day,rep_2
84,4,86986,125287,125287,130699,416.0,405.47,416.0,170.0,43.23192212831961,246.0,83,rolling,net_profit_fitness,1_day,rep_2
85,4,86986,125287,125287,130699,416.0,392.14,416.0,-126.0,81.14322292257454,542.0,84,rolling,net_profit_fitness,1_day,rep_2
86,4,86986,125287,125287,130699,416.0,403.63,416.0,215.0,44.39325069276531,201.0,85,rolling,net_profit_fitness,1_day,rep_2
87,4,86986,125287,125287,130699,416.0,402.71,416.0,188.0,41.79973780788679,228.0,86,rolling,net_profit_fitness,1_day,rep_2
88,4,86986,125287,125287,130699,416.0,395.78,416.0,-145.0,87.25043254791336,561.0,87,rolling,net_profit_fitness,1_day,rep_2
89,4,86986,125287,125287,130699,416.0,395.75,416.0,169.0,60.494156158202,247.0,88,rolling,net_profit_fitness,1_day,rep_2
90,4,86986,125287,125287,130699,416.0,396.65,416.0,-126.0,71.21788661380913,542.0,89,rolling,net_profit_fitness,1_day,rep_2
91,4,86986,125287,125287,130699,416.0,401.44,416.0,-69.0,57.72440969596376,485.0,90,rolling,net_profit_fitness,1_day,rep_2
92,4,86986,125287,125287,130699,416.0,396.31,416.0,-69.0,62.87645333380679,485.0,91,rolling,net_profit_fitness,1_day,rep_2
93,4,86986,125287,125287,130699,416.0,404.38,416.0,215.0,40.57062180365681,201.0,92,rolling,net_profit_fitness,1_day,rep_2
94,4,86986,125287,125287,130699,416.0,387.43,416.0,-145.0,84.79985408316014,561.0,93,rolling,net_profit_fitness,1_day,rep_2
95,4,86986,125287,125287,130699,416.0,390.87,416.0,-221.0,101.4352214046686,637.0,94,rolling,net_profit_fitness,1_day,rep_2
96,4,86986,125287,125287,130699,416.0,408.93,416.0,170.0,36.25979630779561,246.0,95,rolling,net_profit_fitness,1_day,rep_2
97,4,86986,125287,125287,130699,416.0,403.85,416.0,170.0,43.3804813437583,246.0,96,rolling,net_profit_fitness,1_day,rep_2
98,4,86986,125287,125287,130699,416.0,392.41,416.0,-164.0,78.12125966803923,580.0,97,rolling,net_profit_fitness,1_day,rep_2
99,4,86986,125287,125287,130699,416.0,396.08,416.0,-164.0,73.28506400393334,580.0,98,rolling,net_profit_fitness,1_day,rep_2
100,4,86986,125287,125287,130699,416.0,400.05,416.0,-183.0,68.42386833244491,599.0,99,rolling,net_profit_fitness,1_day,rep_2
0,1,0,22406,22406,53560,64.0,-1197.53,-965.0,-17088.0,2080.6090913504395,17152.0,0,rolling,net_profit_fitness,1_day,rep_3
1,1,0,22406,22406,53560,26.0,-496.61,-353.5,-2702.0,489.1581491179359,2728.0,1,rolling,net_profit_fitness,1_day,rep_3
2,1,0,22406,22406,53560,52.0,-226.39,-91.0,-1751.0,324.5025375381322,1803.0,2,rolling,net_profit_fitness,1_day,rep_3
3,1,0,22406,22406,53560,92.0,-187.82,-53.0,-1452.0,334.80548792914783,1544.0,0,rolling,net_profit_fitness,1_day,rep_3
4,1,0,22406,22406,53560,83.0,-53.61,-23.0,-1000.0,162.43674106705308,1083.0,1,rolling,net_profit_fitness,1_day,rep_3
5,1,0,22406,22406,53560,109.0,-8.71,9.0,-1000.0,116.52894858611684,1109.0,0,rolling,net_profit_fitness,1_day,rep_3
6,1,0,22406,22406,53560,109.0,36.13,34.0,-46.0,37.557943113396014,155.0,1,rolling,net_profit_fitness,1_day,rep_3
7,1,0,22406,22406,53560,109.0,41.07,47.0,-220.0,53.249224398012586,329.0,2,rolling,net_profit_fitness,1_day,rep_3
8,1,0,22406,22406,53560,109.0,61.4,64.0,-58.0,35.38275560127269,167.0,3,rolling,net_profit_fitness,1_day,rep_3
9,1,0,22406,22406,53560,109.0,76.33,83.5,-38.0,28.71913978340908,147.0,4,rolling,net_profit_fitness,1_day,rep_3
10,1,0,22406,22406,53560,104.0,77.12,93.0,-48.0,33.241169557272706,152.0,5,rolling,net_profit_fitness,1_day,rep_3
11,1,0,22406,22406,53560,114.0,77.61,85.0,-38.0,30.135014367162512,152.0,0,rolling,net_profit_fitness,1_day,rep_3
12,1,0,22406,22406,53560,114.0,84.79,102.0,-38.0,30.86244980685765,152.0,1,rolling,net_profit_fitness,1_day,rep_3
13,1,0,22406,22406,53560,114.0,92.34,104.0,-38.0,25.72787663923388,152.0,2,rolling,net_profit_fitness,1_day,rep_3
14,1,0,22406,22406,53560,114.0,96.85,104.0,-38.0,26.533902460776098,152.0,3,rolling,net_profit_fitness,1_day,rep_3
15,1,0,22406,22406,53560,114.0,105.2,104.0,-38.0,18.081186159356164,152.0,4,rolling,net_profit_fitness,1_day,rep_3
16,1,0,22406,22406,53560,114.0,100.67,114.0,-57.0,36.02525909593563,171.0,5,rolling,net_profit_fitness,1_day,rep_3
17,1,0,22406,22406,53560,114.0,110.11,114.0,19.0,15.442885976161556,95.0,6,rolling,net_profit_fitness,1_day,rep_3
18,1,0,22406,22406,53560,114.0,106.78,114.0,-57.0,27.42577862765857,171.0,7,rolling,net_profit_fitness,1_day,rep_3
19,1,0,22406,22406,53560,114.0,106.17,114.0,-38.0,26.133323670375454,152.0,8,rolling,net_profit_fitness,1_day,rep_3
20,1,0,22406,22406,53560,114.0,103.01,114.0,-38.0,30.162018727820158,152.0,9,rolling,net_profit_fitness,1_day,rep_3
21,1,0,22406,22406,53560,114.0,106.9,114.0,-57.0,29.887499498329166,171.0,10,rolling,net_profit_fitness,1_day,rep_3
22,1,0,22406,22406,53560,114.0,104.63,114.0,-57.0,33.88502693676147,171.0,11,rolling,net_profit_fitness,1_day,rep_3
23,1,0,22406,22406,53560,114.0,104.54,114.0,-38.0,32.02947506168768,152.0,12,rolling,net_profit_fitness,1_day,rep_3
24,1,0,22406,22406,53560,114.0,108.92,114.0,-57.0,23.824984763686608,171.0,13,rolling,net_profit_fitness,1_day,rep_3
25,1,0,22406,22406,53560,114.0,111.69,114.0,29.0,9.762528857676667,85.0,14,rolling,net_profit_fitness,1_day,rep_3
26,1,0,22406,22406,53560,114.0,107.01,114.0,-57.0,25.60164727970338,171.0,15,rolling,net_profit_fitness,1_day,rep_3
27,1,0,22406,22406,53560,114.0,106.31,114.0,-57.0,26.65101624078652,171.0,16,rolling,net_profit_fitness,1_day,rep_3
28,1,0,22406,22406,53560,114.0,107.08,114.0,-38.0,23.07855710350623,152.0,17,rolling,net_profit_fitness,1_day,rep_3
29,1,0,22406,22406,53560,144.0,106.14,114.0,-57.0,30.14108910648805,201.0,0,rolling,net_profit_fitness,1_day,rep_3
30,1,0,22406,22406,53560,144.0,107.45,114.0,-57.0,28.67278828225096,201.0,1,rolling,net_profit_fitness,1_day,rep_3
31,1,0,22406,22406,53560,114.0,102.57,114.0,-171.0,41.012256113449205,285.0,2,rolling,net_profit_fitness,1_day,rep_3
32,1,0,22406,22406,53560,114.0,105.4,114.0,-38.0,28.41112315963449,152.0,3,rolling,net_profit_fitness,1_day,rep_3
33,1,0,22406,22406,53560,114.0,109.52,114.0,-38.0,19.833896095912028,152.0,4,rolling,net_profit_fitness,1_day,rep_3
34,1,0,22406,22406,53560,114.0,107.35,114.0,-57.0,27.285758671193776,171.0,5,rolling,net_profit_fitness,1_day,rep_3
35,1,0,22406,22406,53560,114.0,104.02,114.0,-57.0,32.05959728034302,171.0,6,rolling,net_profit_fitness,1_day,rep_3
36,1,0,22406,22406,53560,114.0,108.07,114.0,-57.0,24.10090530174409,171.0,7,rolling,net_profit_fitness,1_day,rep_3
37,1,0,22406,22406,53560,114.0,104.82,114.0,-57.0,32.951565312829324,171.0,8,rolling,net_profit_fitness,1_day,rep_3
38,1,0,22406,22406,53560,114.0,110.43,114.0,-38.0,19.39137317302087,152.0,9,rolling,net_profit_fitness,1_day,rep_3
39,1,0,22406,22406,53560,114.0,108.37,114.0,-38.0,23.59791764482021,152.0,10,rolling,net_profit_fitness,1_day,rep_3
40,1,0,22406,22406,53560,114.0,105.26,114.0,-38.0,30.26936978985105,152.0,11,rolling,net_profit_fitness,1_day,rep_3
41,1,0,22406,22406,53560,114.0,106.04,114.0,-57.0,28.006463900357364,171.0,12,rolling,net_profit_fitness,1_day,rep_3
42,1,0,22406,22406,53560,114.0,106.49,114.0,-57.0,33.49400519254728,171.0,13,rolling,net_profit_fitness,1_day,rep_3
43,1,0,22406,22406,53560,114.0,110.84,114.0,-57.0,18.877446326184582,171.0,14,rolling,net_profit_fitness,1_day,rep_3
44,1,0,22406,22406,53560,114.0,108.13,114.0,-57.0,25.56380609021633,171.0,15,rolling,net_profit_fitness,1_day,rep_3
45,1,0,22406,22406,53560,114.0,104.98,114.0,-57.0,32.879940770179395,171.0,16,rolling,net_profit_fitness,1_day,rep_3
46,1,0,22406,22406,53560,114.0,111.01,114.0,24.0,14.045017808907373,90.0,17,rolling,net_profit_fitness,1_day,rep_3
47,1,0,22406,22406,53560,114.0,111.35,114.0,24.0,12.199830268731551,90.0,18,rolling,net_profit_fitness,1_day,rep_3
48,1,0,22406,22406,53560,114.0,108.97,114.0,-57.0,26.39117353214973,171.0,19,rolling,net_profit_fitness,1_day,rep_3
49,1,0,22406,22406,53560,114.0,107.71,114.0,-38.0,21.921482936640352,152.0,20,rolling,net_profit_fitness,1_day,rep_3
50,1,0,22406,22406,53560,114.0,104.75,114.0,-57.0,32.20024938732712,171.0,21,rolling,net_profit_fitness,1_day,rep_3
51,1,0,22406,22406,53560,114.0,104.15,114.0,-57.0,34.65890793129378,171.0,22,rolling,net_profit_fitness,1_day,rep_3
52,1,0,22406,22406,53560,114.0,104.95,114.0,-57.0,29.570793330274693,171.0,23,rolling,net_profit_fitness,1_day,rep_3
53,1,0,22406,22406,53560,114.0,108.57,114.0,-57.0,25.33782057547869,171.0,24,rolling,net_profit_fitness,1_day,rep_3
54,1,0,22406,22406,53560,114.0,110.13,114.0,-38.0,19.57407840626336,152.0,25,rolling,net_profit_fitness,1_day,rep_3
55,1,0,22406,22406,53560,114.0,106.2,114.0,-57.0,29.66853926674217,171.0,26,rolling,net_profit_fitness,1_day,rep_3
56,1,0,22406,22406,53560,114.0,108.01,114.0,-57.0,28.39956430167992,171.0,27,rolling,net_profit_fitness,1_day,rep_3
57,1,0,22406,22406,53560,114.0,103.74,114.0,-38.0,30.73924875694613,152.0,28,rolling,net_profit_fitness,1_day,rep_3
58,1,0,22406,22406,53560,114.0,109.09,114.0,-38.0,21.745588197623125,152.0,29,rolling,net_profit_fitness,1_day,rep_3
59,1,0,22406,22406,53560,114.0,106.1,114.0,-38.0,29.471952083225837,152.0,30,rolling,net_profit_fitness,1_day,rep_3
60,1,0,22406,22406,53560,114.0,101.69,114.0,-57.0,37.91769262681228,171.0,31,rolling,net_profit_fitness,1_day,rep_3
61,1,0,22406,22406,53560,114.0,110.03,114.0,-38.0,18.35533390674991,152.0,32,rolling,net_profit_fitness,1_day,rep_3
62,1,0,22406,22406,53560,114.0,108.7,114.0,-38.0,23.34263883708926,152.0,33,rolling,net_profit_fitness,1_day,rep_3
63,1,0,22406,22406,53560,114.0,105.44,114.0,-57.0,32.58906056772531,171.0,34,rolling,net_profit_fitness,1_day,rep_3
64,1,0,22406,22406,53560,114.0,110.69,114.0,24.0,13.503231936365188,90.0,35,rolling,net_profit_fitness,1_day,rep_3
65,1,0,22406,22406,53560,114.0,109.91,114.0,-57.0,20.44608332254183,171.0,36,rolling,net_profit_fitness,1_day,rep_3
66,1,0,22406,22406,53560,114.0,108.05,114.0,-38.0,27.61436275388281,152.0,37,rolling,net_profit_fitness,1_day,rep_3
67,1,0,22406,22406,53560,114.0,106.43,114.0,-38.0,27.61102656329148,152.0,38,rolling,net_profit_fitness,1_day,rep_3
68,1,0,22406,22406,53560,114.0,108.08,114.0,-38.0,24.766660548961276,152.0,39,rolling,net_profit_fitness,1_day,rep_3
69,1,0,22406,22406,53560,114.0,106.66,114.0,-38.0,28.886129627357224,152.0,40,rolling,net_profit_fitness,1_day,rep_3
70,1,0,22406,22406,53560,114.0,109.56,114.0,-38.0,19.37212409415116,152.0,41,rolling,net_profit_fitness,1_day,rep_3
71,1,0,22406,22406,53560,114.0,108.1,114.0,-57.0,25.62294584030793,171.0,42,rolling,net_profit_fitness,1_day,rep_3
72,1,0,22406,22406,53560,114.0,106.19,114.0,-57.0,29.77073846391568,171.0,43,rolling,net_profit_fitness,1_day,rep_3
73,1,0,22406,22406,53560,114.0,103.08,114.0,-57.0,37.57220120022652,171.0,44,rolling,net_profit_fitness,1_day,rep_3
74,1,0,22406,22406,53560,114.0,108.71,114.0,-57.0,24.74365340523472,171.0,45,rolling,net_profit_fitness,1_day,rep_3
75,1,0,22406,22406,53560,114.0,102.2,114.0,-57.0,37.32656865119974,171.0,46,rolling,net_profit_fitness,1_day,rep_3
76,1,0,22406,22406,53560,114.0,109.97,114.0,-38.0,19.11710588383444,152.0,47,rolling,net_profit_fitness,1_day,rep_3
77,1,0,22406,22406,53560,114.0,103.64,114.0,-57.0,36.84297008174619,171.0,48,rolling,net_profit_fitness,1_day,rep_3
78,1,0,22406,22406,53560,114.0,108.11,114.0,-38.0,24.4523428469967,152.0,49,rolling,net_profit_fitness,1_day,rep_3
79,1,0,22406,22406,53560,114.0,111.5,114.0,-38.0,15.635042227462815,152.0,50,rolling,net_profit_fitness,1_day,rep_3
80,1,0,22406,22406,53560,114.0,106.86,114.0,-57.0,28.90388810306924,171.0,51,rolling,net_profit_fitness,1_day,rep_3
81,1,0,22406,22406,53560,114.0,107.63,114.0,-38.0,25.65255613703313,152.0,52,rolling,net_profit_fitness,1_day,rep_3
82,1,0,22406,22406,53560,114.0,106.04,114.0,-57.0,32.0476034812104,171.0,53,rolling,net_profit_fitness,1_day,rep_3
83,1,0,22406,22406,53560,114.0,109.97,114.0,-57.0,22.945017724635523,171.0,54,rolling,net_profit_fitness,1_day,rep_3
84,1,0,22406,22406,53560,114.0,112.12,114.0,24.0,9.882419856605072,90.0,55,rolling,net_profit_fitness,1_day,rep_3
85,1,0,22406,22406,53560,114.0,111.11,114.0,-57.0,17.560225373027397,171.0,56,rolling,net_profit_fitness,1_day,rep_3
86,1,0,22406,22406,53560,133.0,109.97,114.0,-38.0,21.75782919578907,171.0,57,rolling,net_profit_fitness,1_day,rep_3
87,1,0,22406,22406,53560,152.0,109.29,114.0,-57.0,22.40729273421418,209.0,0,rolling,net_profit_fitness,1_day,rep_3
88,1,0,22406,22406,53560,171.0,108.61,114.0,-57.0,31.370672465044336,228.0,0,rolling,net_profit_fitness,1_day,rep_3
89,1,0,22406,22406,53560,171.0,110.28,114.0,-57.0,32.922032167231144,228.0,1,rolling,net_profit_fitness,1_day,rep_3
90,1,0,22406,22406,53560,172.0,114.5,114.0,-76.0,34.87365362521852,248.0,0,rolling,net_profit_fitness,1_day,rep_3
91,1,0,22406,22406,53560,172.0,121.28,114.0,19.0,32.765182308621014,153.0,1,rolling,net_profit_fitness,1_day,rep_3
92,1,0,22406,22406,53560,191.0,132.14,152.0,-76.0,44.702161383128136,267.0,0,rolling,net_profit_fitness,1_day,rep_3
93,1,0,22406,22406,53560,212.0,149.0,152.0,-57.0,43.73612334042061,269.0,0,rolling,net_profit_fitness,1_day,rep_3
94,1,0,22406,22406,53560,231.0,167.26,171.0,-57.0,35.87847614524689,288.0,0,rolling,net_profit_fitness,1_day,rep_3
95,1,0,22406,22406,53560,251.0,183.49,191.0,-57.0,40.4273872067394,308.0,0,rolling,net_profit_fitness,1_day,rep_3
96,1,0,22406,22406,53560,251.0,199.26,194.5,-32.0,39.29341065894028,283.0,1,rolling,net_profit_fitness,1_day,rep_3
97,1,0,22406,22406,53560,251.0,207.61,231.0,-37.0,59.19730662041231,288.0,2,rolling,net_profit_fitness,1_day,rep_3
98,1,0,22406,22406,53560,271.0,226.03,231.0,37.0,36.47039895586556,234.0,0,rolling,net_profit_fitness,1_day,rep_3
99,1,0,22406,22406,53560,271.0,233.33,251.0,-18.0,42.112177034029656,289.0,1,rolling,net_profit_fitness,1_day,rep_3
100,1,0,22406,22406,53560,271.0,237.55,251.0,-34.0,48.47083367522904,305.0,2,rolling,net_profit_fitness,1_day,rep_3
0,2,22406,53560,53560,86986,106.0,-1186.73,-489.0,-9786.0,1874.5998406932808,9892.0,0,rolling,net_profit_fitness,1_day,rep_3
1,2,22406,53560,53560,86986,177.0,-218.85,-106.5,-2811.0,376.8944437334832,2988.0,0,rolling,net_profit_fitness,1_day,rep_3
2,2,22406,53560,53560,86986,177.0,-84.54,-26.0,-1063.0,212.68340486993972,1240.0,1,rolling,net_profit_fitness,1_day,rep_3
3,2,22406,53560,53560,86986,198.0,-39.64,-5.5,-1590.0,222.7861011568874,1788.0,0,rolling,net_profit_fitness,1_day,rep_3
4,2,22406,53560,53560,86986,168.0,12.58,23.5,-447.0,101.4351741037326,615.0,1,rolling,net_profit_fitness,1_day,rep_3
5,2,22406,53560,53560,86986,106.0,47.92,106.0,-911.0,131.5764309126721,1017.0,2,rolling,net_profit_fitness,1_day,rep_3
6,2,22406,53560,53560,86986,106.0,90.41,106.0,-159.0,44.44542562048269,265.0,3,rolling,net_profit_fitness,1_day,rep_3
7,2,22406,53560,53560,86986,106.0,92.11,106.0,-104.0,44.51214679299586,210.0,4,rolling,net_profit_fitness,1_day,rep_3
8,2,22406,53560,53560,86986,106.0,101.33,106.0,-102.0,25.021225333139007,208.0,5,rolling,net_profit_fitness,1_day,rep_3
9,2,22406,53560,53560,86986,106.0,93.26,106.0,-159.0,44.8847277799341,265.0,6,rolling,net_profit_fitness,1_day,rep_3
10,2,22406,53560,53560,86986,106.0,102.4,106.0,-39.0,19.68335193594687,145.0,7,rolling,net_profit_fitness,1_day,rep_3
11,2,22406,53560,53560,86986,106.0,86.42,106.0,-689.0,90.330837492078,795.0,8,rolling,net_profit_fitness,1_day,rep_3
12,2,22406,53560,53560,86986,106.0,96.19,106.0,-159.0,39.99765018350478,265.0,9,rolling,net_profit_fitness,1_day,rep_3
13,2,22406,53560,53560,86986,106.0,99.99,106.0,-50.0,29.163244820918823,156.0,10,rolling,net_profit_fitness,1_day,rep_3
14,2,22406,53560,53560,86986,106.0,100.87,106.0,-101.0,28.43658725918944,207.0,11,rolling,net_profit_fitness,1_day,rep_3
15,2,22406,53560,53560,86986,106.0,88.97,106.0,-212.0,62.74003683631547,318.0,12,rolling,net_profit_fitness,1_day,rep_3
16,2,22406,53560,53560,86986,106.0,103.91,106.0,-24.0,14.894982546163156,130.0,13,rolling,net_profit_fitness,1_day,rep_3
17,2,22406,53560,53560,86986,106.0,97.68,106.0,-159.0,39.43563481078114,265.0,14,rolling,net_profit_fitness,1_day,rep_3
18,2,22406,53560,53560,86986,106.0,86.56,106.0,-371.0,72.34015049567822,477.0,15,rolling,net_profit_fitness,1_day,rep_3
19,2,22406,53560,53560,86986,106.0,91.56,106.0,-310.0,58.15502097537636,416.0,16,rolling,net_profit_fitness,1_day,rep_3
20,2,22406,53560,53560,86986,106.0,99.95,106.0,-159.0,33.98168698733261,265.0,17,rolling,net_profit_fitness,1_day,rep_3
21,2,22406,53560,53560,86986,106.0,94.85,106.0,-104.0,41.24241589294775,210.0,18,rolling,net_profit_fitness,1_day,rep_3
22,2,22406,53560,53560,86986,106.0,94.52,106.0,-150.0,44.13305868265725,256.0,19,rolling,net_profit_fitness,1_day,rep_3
23,2,22406,53560,53560,86986,106.0,98.5,106.0,-159.0,37.782605157999,265.0,20,rolling,net_profit_fitness,1_day,rep_3
24,2,22406,53560,53560,86986,106.0,99.89,106.0,-29.0,25.55599714155153,135.0,21,rolling,net_profit_fitness,1_day,rep_3
25,2,22406,53560,53560,86986,106.0,96.3,106.0,-104.0,39.388123113754006,210.0,22,rolling,net_profit_fitness,1_day,rep_3
26,2,22406,53560,53560,86986,106.0,95.44,106.0,-159.0,47.6142581141151,265.0,23,rolling,net_profit_fitness,1_day,rep_3
27,2,22406,53560,53560,86986,106.0,95.8,106.0,-189.0,46.98979042345693,295.0,24,rolling,net_profit_fitness,1_day,rep_3
28,2,22406,53560,53560,86986,106.0,101.92,106.0,-39.0,23.11791469397661,145.0,25,rolling,net_profit_fitness,1_day,rep_3
29,2,22406,53560,53560,86986,106.0,102.67,106.0,-39.0,19.71978189483337,145.0,26,rolling,net_profit_fitness,1_day,rep_3
30,2,22406,53560,53560,86986,106.0,95.09,106.0,-154.0,44.53669353136883,260.0,27,rolling,net_profit_fitness,1_day,rep_3
31,2,22406,53560,53560,86986,106.0,101.97,106.0,-59.0,22.688694732991333,165.0,28,rolling,net_profit_fitness,1_day,rep_3
32,2,22406,53560,53560,86986,106.0,94.32,106.0,-236.0,50.12184749148415,342.0,29,rolling,net_profit_fitness,1_day,rep_3
33,2,22406,53560,53560,86986,106.0,92.83,106.0,-112.0,47.495466024972245,218.0,30,rolling,net_profit_fitness,1_day,rep_3
34,2,22406,53560,53560,86986,106.0,97.0,106.0,-206.0,42.685838495697936,312.0,31,rolling,net_profit_fitness,1_day,rep_3
35,2,22406,53560,53560,86986,106.0,84.95,106.0,-414.0,69.2570056260219,520.0,32,rolling,net_profit_fitness,1_day,rep_3
36,2,22406,53560,53560,86986,106.0,99.32,106.0,-159.0,34.703616671767946,265.0,33,rolling,net_profit_fitness,1_day,rep_3
37,2,22406,53560,53560,86986,106.0,91.56,106.0,-159.0,51.07200699982231,265.0,34,rolling,net_profit_fitness,1_day,rep_3
38,2,22406,53560,53560,86986,106.0,85.72,106.0,-310.0,66.18249638902138,416.0,35,rolling,net_profit_fitness,1_day,rep_3
39,2,22406,53560,53560,86986,106.0,98.52,106.0,-114.0,35.243017791192386,220.0,36,rolling,net_profit_fitness,1_day,rep_3
40,2,22406,53560,53560,86986,106.0,88.41,106.0,-109.0,52.842838261731885,215.0,37,rolling,net_profit_fitness,1_day,rep_3
41,2,22406,53560,53560,86986,106.0,87.92,106.0,-150.0,58.86788495256033,256.0,38,rolling,net_profit_fitness,1_day,rep_3
42,2,22406,53560,53560,86986,106.0,99.01,106.0,-104.0,30.58668588676049,210.0,39,rolling,net_profit_fitness,1_day,rep_3
43,2,22406,53560,53560,86986,106.0,95.97,106.0,-159.0,43.5410998223216,265.0,40,rolling,net_profit_fitness,1_day,rep_3
44,2,22406,53560,53560,86986,106.0,81.16,106.0,-766.0,120.03793339834476,872.0,41,rolling,net_profit_fitness,1_day,rep_3
45,2,22406,53560,53560,86986,106.0,96.51,106.0,-114.0,41.57930113443807,220.0,42,rolling,net_profit_fitness,1_day,rep_3
46,2,22406,53560,53560,86986,106.0,89.31,106.0,-389.0,68.67897727246613,495.0,43,rolling,net_profit_fitness,1_day,rep_3
47,2,22406,53560,53560,86986,106.0,92.15,106.0,-158.0,48.62895487798656,264.0,44,rolling,net_profit_fitness,1_day,rep_3
48,2,22406,53560,53560,86986,106.0,97.66,106.0,-159.0,39.19266577441563,265.0,45,rolling,net_profit_fitness,1_day,rep_3
49,2,22406,53560,53560,86986,106.0,91.49,106.0,-370.0,62.09742996357263,476.0,46,rolling,net_profit_fitness,1_day,rep_3
50,2,22406,53560,53560,86986,106.0,98.95,106.0,-114.0,34.93930523787001,220.0,47,rolling,net_profit_fitness,1_day,rep_3
51,2,22406,53560,53560,86986,106.0,93.32,106.0,-159.0,46.34148173389506,265.0,48,rolling,net_profit_fitness,1_day,rep_3
52,2,22406,53560,53560,86986,106.0,96.79,106.0,-212.0,42.39289415394371,318.0,49,rolling,net_profit_fitness,1_day,rep_3
53,2,22406,53560,53560,86986,106.0,91.89,106.0,-356.0,67.16223310429423,462.0,50,rolling,net_profit_fitness,1_day,rep_3
54,2,22406,53560,53560,86986,106.0,96.13,106.0,-154.0,45.83317465537271,260.0,51,rolling,net_profit_fitness,1_day,rep_3
55,2,22406,53560,53560,86986,106.0,82.89,106.0,-664.0,110.96517744797512,770.0,52,rolling,net_profit_fitness,1_day,rep_3
56,2,22406,53560,53560,86986,106.0,80.2,106.0,-406.0,96.61440593588222,512.0,53,rolling,net_profit_fitness,1_day,rep_3
57,2,22406,53560,53560,86986,106.0,85.31,106.0,-689.0,90.08084976813603,795.0,54,rolling,net_profit_fitness,1_day,rep_3
58,2,22406,53560,53560,86986,106.0,93.92,106.0,-159.0,49.708174642231896,265.0,55,rolling,net_profit_fitness,1_day,rep_3
59,2,22406,53560,53560,86986,106.0,90.77,106.0,-489.0,70.6772226249716,595.0,56,rolling,net_profit_fitness,1_day,rep_3
60,2,22406,53560,53560,86986,106.0,89.79,106.0,-251.0,56.321461004638095,357.0,57,rolling,net_profit_fitness,1_day,rep_3
61,2,22406,53560,53560,86986,106.0,99.45,106.0,-69.0,32.30766710140727,175.0,58,rolling,net_profit_fitness,1_day,rep_3
62,2,22406,53560,53560,86986,106.0,92.82,106.0,-159.0,49.67091297690829,265.0,59,rolling,net_profit_fitness,1_day,rep_3
63,2,22406,53560,53560,86986,106.0,94.33,106.0,-526.0,72.91063507521181,632.0,60,rolling,net_profit_fitness,1_day,rep_3
64,2,22406,53560,53560,86986,106.0,83.44,106.0,-866.0,115.80690302343288,972.0,61,rolling,net_profit_fitness,1_day,rep_3
65,2,22406,53560,53560,86986,106.0,98.95,106.0,-119.0,34.97542427234161,225.0,62,rolling,net_profit_fitness,1_day,rep_3
66,2,22406,53560,53560,86986,106.0,93.87,106.0,-119.0,46.49137098169483,225.0,63,rolling,net_profit_fitness,1_day,rep_3
67,2,22406,53560,53560,86986,106.0,97.74,106.0,-159.0,36.62411304817711,265.0,64,rolling,net_profit_fitness,1_day,rep_3
68,2,22406,53560,53560,86986,106.0,97.43,106.0,-132.0,40.17141427996437,238.0,65,rolling,net_profit_fitness,1_day,rep_3
69,2,22406,53560,53560,86986,106.0,101.5,106.0,-119.0,31.65869118066518,225.0,66,rolling,net_profit_fitness,1_day,rep_3
70,2,22406,53560,53560,86986,106.0,94.39,106.0,-370.0,57.99876261306326,476.0,67,rolling,net_profit_fitness,1_day,rep_3
71,2,22406,53560,53560,86986,106.0,93.69,106.0,-251.0,52.70571912309734,357.0,68,rolling,net_profit_fitness,1_day,rep_3
72,2,22406,53560,53560,86986,106.0,94.26,106.0,-122.0,44.9905983444757,228.0,69,rolling,net_profit_fitness,1_day,rep_3
73,2,22406,53560,53560,86986,106.0,91.05,106.0,-489.0,82.67770881775532,595.0,70,rolling,net_profit_fitness,1_day,rep_3
74,2,22406,53560,53560,86986,106.0,84.96,106.0,-692.0,93.9886002113925,798.0,71,rolling,net_profit_fitness,1_day,rep_3
75,2,22406,53560,53560,86986,106.0,85.97,106.0,-726.0,105.24953081783184,832.0,72,rolling,net_profit_fitness,1_day,rep_3
76,2,22406,53560,53560,86986,106.0,79.64,106.0,-846.0,128.4135931632275,952.0,73,rolling,net_profit_fitness,1_day,rep_3
77,2,22406,53560,53560,86986,106.0,99.05,106.0,-206.0,39.95840640496368,312.0,74,rolling,net_profit_fitness,1_day,rep_3
78,2,22406,53560,53560,86986,106.0,95.6,106.0,-114.0,42.03581926179269,220.0,75,rolling,net_profit_fitness,1_day,rep_3
79,2,22406,53560,53560,86986,106.0,92.93,106.0,-439.0,65.06659447959234,545.0,76,rolling,net_profit_fitness,1_day,rep_3
80,2,22406,53560,53560,86986,106.0,89.12,106.0,-692.0,97.97755669622312,798.0,77,rolling,net_profit_fitness,1_day,rep_3
81,2,22406,53560,53560,86986,106.0,83.12,106.0,-464.0,81.87700556569006,570.0,78,rolling,net_profit_fitness,1_day,rep_3
82,2,22406,53560,53560,86986,106.0,99.36,106.0,-130.0,33.61412641955008,236.0,79,rolling,net_profit_fitness,1_day,rep_3
83,2,22406,53560,53560,86986,106.0,93.83,106.0,-164.0,47.49844335567347,270.0,80,rolling,net_profit_fitness,1_day,rep_3
84,2,22406,53560,53560,86986,106.0,103.75,106.0,-114.0,22.00063130407348,220.0,81,rolling,net_profit_fitness,1_day,rep_3
85,2,22406,53560,53560,86986,106.0,94.07,106.0,-189.0,49.12430224142701,295.0,82,rolling,net_profit_fitness,1_day,rep_3
86,2,22406,53560,53560,86986,106.0,96.07,106.0,-119.0,40.389081182763725,225.0,83,rolling,net_profit_fitness,1_day,rep_3
87,2,22406,53560,53560,86986,106.0,96.11,106.0,-488.0,65.37999184256093,594.0,84,rolling,net_profit_fitness,1_day,rep_3
88,2,22406,53560,53560,86986,106.0,98.58,106.0,-167.0,40.81299555362981,273.0,85,rolling,net_profit_fitness,1_day,rep_3
89,2,22406,53560,53560,86986,106.0,94.82,106.0,-104.0,41.7804216872405,210.0,86,rolling,net_profit_fitness,1_day,rep_3
90,2,22406,53560,53560,86986,106.0,94.65,106.0,-164.0,46.6658820280357,270.0,87,rolling,net_profit_fitness,1_day,rep_3
91,2,22406,53560,53560,86986,106.0,96.02,106.0,-124.0,41.89355920699867,230.0,88,rolling,net_profit_fitness,1_day,rep_3
92,2,22406,53560,53560,86986,106.0,94.12,106.0,-489.0,66.92680760171947,595.0,89,rolling,net_profit_fitness,1_day,rep_3
93,2,22406,53560,53560,86986,106.0,97.79,106.0,-390.0,54.169635349883926,496.0,90,rolling,net_profit_fitness,1_day,rep_3
94,2,22406,53560,53560,86986,106.0,92.31,106.0,-122.0,47.90472341275467,228.0,91,rolling,net_profit_fitness,1_day,rep_3
95,2,22406,53560,53560,86986,106.0,98.88,106.0,-129.0,36.089193659458495,235.0,92,rolling,net_profit_fitness,1_day,rep_3
96,2,22406,53560,53560,86986,106.0,84.83,106.0,-608.0,103.87959765074568,714.0,93,rolling,net_profit_fitness,1_day,rep_3
97,2,22406,53560,53560,86986,106.0,86.33,106.0,-608.0,104.59446023146307,714.0,94,rolling,net_profit_fitness,1_day,rep_3
98,2,22406,53560,53560,86986,106.0,93.72,106.0,-119.0,46.50862415952681,225.0,95,rolling,net_profit_fitness,1_day,rep_3
99,2,22406,53560,53560,86986,106.0,92.48,106.0,-727.0,87.87680541128546,833.0,96,rolling,net_profit_fitness,1_day,rep_3
100,2,22406,53560,53560,86986,106.0,84.65,106.0,-727.0,107.39010121228044,833.0,97,rolling,net_profit_fitness,1_day,rep_3
0,3,53560,86986,86986,125287,252.0,-1392.9,-330.0,-16563.0,2868.2716630984123,16815.0,0,rolling,net_profit_fitness,1_day,rep_3
1,3,53560,86986,86986,125287,252.0,-166.51,17.5,-3456.0,542.5301275440188,3708.0,1,rolling,net_profit_fitness,1_day,rep_3
2,3,53560,86986,86986,125287,252.0,35.29,97.5,-1000.0,215.42320551590416,1252.0,2,rolling,net_profit_fitness,1_day,rep_3
3,3,53560,86986,86986,125287,355.0,103.5,117.5,-1000.0,175.25799164763825,1355.0,0,rolling,net_profit_fitness,1_day,rep_3
4,3,53560,86986,86986,125287,252.0,136.4,133.0,-394.0,85.66472111928249,646.0,1,rolling,net_profit_fitness,1_day,rep_3
5,3,53560,86986,86986,125287,275.0,155.03,140.0,-34.0,69.37752889193672,309.0,2,rolling,net_profit_fitness,1_day,rep_3
6,3,53560,86986,86986,125287,290.0,190.2,242.0,-3.0,74.27929820221877,293.0,3,rolling,net_profit_fitness,1_day,rep_3
7,3,53560,86986,86986,125287,290.0,212.72,252.0,-62.0,77.00558552481893,352.0,4,rolling,net_profit_fitness,1_day,rep_3
8,3,53560,86986,86986,125287,262.0,234.18,252.0,-26.0,55.191746564942925,288.0,5,rolling,net_profit_fitness,1_day,rep_3
9,3,53560,86986,86986,125287,262.0,251.94,252.0,112.0,21.573374910998627,150.0,6,rolling,net_profit_fitness,1_day,rep_3
10,3,53560,86986,86986,125287,262.0,243.99,262.0,72.0,46.94387256838928,190.0,7,rolling,net_profit_fitness,1_day,rep_3
11,3,53560,86986,86986,125287,262.0,245.22,262.0,22.0,49.0451410293197,240.0,8,rolling,net_profit_fitness,1_day,rep_3
12,3,53560,86986,86986,125287,262.0,258.45,262.0,87.0,22.998627539200434,175.0,9,rolling,net_profit_fitness,1_day,rep_3
13,3,53560,86986,86986,125287,262.0,241.38,262.0,-604.0,95.89628024932232,866.0,10,rolling,net_profit_fitness,1_day,rep_3
14,3,53560,86986,86986,125287,262.0,240.76,262.0,-8.0,61.09325873307351,270.0,11,rolling,net_profit_fitness,1_day,rep_3
15,3,53560,86986,86986,125287,262.0,255.44,262.0,97.0,28.802118328380296,165.0,12,rolling,net_profit_fitness,1_day,rep_3
16,3,53560,86986,86986,125287,262.0,253.28,262.0,22.0,38.95739190241544,240.0,13,rolling,net_profit_fitness,1_day,rep_3
17,3,53560,86986,86986,125287,262.0,238.92,262.0,-348.0,88.99809100211196,610.0,14,rolling,net_profit_fitness,1_day,rep_3
18,3,53560,86986,86986,125287,262.0,251.29,262.0,22.0,41.79007059099087,240.0,15,rolling,net_profit_fitness,1_day,rep_3
19,3,53560,86986,86986,125287,262.0,243.01,262.0,-735.0,106.33475775620455,997.0,16,rolling,net_profit_fitness,1_day,rep_3
20,3,53560,86986,86986,125287,262.0,259.3,262.0,-8.0,27.0,270.0,17,rolling,net_profit_fitness,1_day,rep_3
21,3,53560,86986,86986,125287,262.0,245.13,262.0,-16.0,56.43314718328317,278.0,18,rolling,net_profit_fitness,1_day,rep_3
22,3,53560,86986,86986,125287,262.0,257.31,262.0,112.0,25.19848279864356,150.0,19,rolling,net_profit_fitness,1_day,rep_3
23,3,53560,86986,86986,125287,262.0,257.4,262.0,-3.0,31.64417063778944,265.0,20,rolling,net_profit_fitness,1_day,rep_3
24,3,53560,86986,86986,125287,262.0,255.5,262.0,15.0,33.43937677636829,247.0,21,rolling,net_profit_fitness,1_day,rep_3
25,3,53560,86986,86986,125287,262.0,248.93,262.0,-668.0,95.14828989901535,930.0,22,rolling,net_profit_fitness,1_day,rep_3
26,3,53560,86986,86986,125287,262.0,255.43,262.0,-8.0,34.01314511191284,270.0,23,rolling,net_profit_fitness,1_day,rep_3
27,3,53560,86986,86986,125287,262.0,258.85,262.0,117.0,20.134083369533197,145.0,24,rolling,net_profit_fitness,1_day,rep_3
28,3,53560,86986,86986,125287,262.0,241.81,262.0,-596.0,116.35427396837244,858.0,25,rolling,net_profit_fitness,1_day,rep_3
29,3,53560,86986,86986,125287,262.0,253.64,262.0,-8.0,41.08491330172307,270.0,26,rolling,net_profit_fitness,1_day,rep_3
30,3,53560,86986,86986,125287,262.0,247.75,262.0,-588.0,91.0925131917874,850.0,27,rolling,net_profit_fitness,1_day,rep_3
31,3,53560,86986,86986,125287,262.0,245.84,262.0,-465.0,80.19014272277478,727.0,28,rolling,net_profit_fitness,1_day,rep_3
32,3,53560,86986,86986,125287,262.0,258.36,262.0,112.0,20.96534899747339,150.0,29,rolling,net_profit_fitness,1_day,rep_3
33,3,53560,86986,86986,125287,262.0,235.56,262.0,-835.0,125.93330927057536,1097.0,30,rolling,net_profit_fitness,1_day,rep_3
34,3,53560,86986,86986,125287,262.0,249.74,262.0,-8.0,50.18060714392895,270.0,31,rolling,net_profit_fitness,1_day,rep_3
35,3,53560,86986,86986,125287,262.0,241.14,262.0,-588.0,99.61136805839304,850.0,32,rolling,net_profit_fitness,1_day,rep_3
36,3,53560,86986,86986,125287,262.0,246.36,262.0,-155.0,65.42688416635146,417.0,33,rolling,net_profit_fitness,1_day,rep_3
37,3,53560,86986,86986,125287,262.0,254.14,262.0,-16.0,39.47893441604349,278.0,34,rolling,net_profit_fitness,1_day,rep_3
38,3,53560,86986,86986,125287,262.0,246.32,262.0,-866.0,116.08720859767452,1128.0,35,rolling,net_profit_fitness,1_day,rep_3
39,3,53560,86986,86986,125287,262.0,247.89,262.0,-250.0,66.74584616137531,512.0,36,rolling,net_profit_fitness,1_day,rep_3
40,3,53560,86986,86986,125287,262.0,251.63,262.0,-310.0,64.81171720351719,572.0,37,rolling,net_profit_fitness,1_day,rep_3
41,3,53560,86986,86986,125287,262.0,252.02,262.0,-13.0,46.940103678340265,275.0,38,rolling,net_profit_fitness,1_day,rep_3
42,3,53560,86986,86986,125287,262.0,248.13,262.0,-35.0,55.67957661948636,297.0,39,rolling,net_profit_fitness,1_day,rep_3
43,3,53560,86986,86986,125287,262.0,246.23,262.0,-8.0,58.34586099244312,270.0,40,rolling,net_profit_fitness,1_day,rep_3
44,3,53560,86986,86986,125287,262.0,249.83,262.0,-185.0,62.25542936040587,447.0,41,rolling,net_profit_fitness,1_day,rep_3
45,3,53560,86986,86986,125287,262.0,242.82,262.0,-294.0,85.11683948336172,556.0,42,rolling,net_profit_fitness,1_day,rep_3
46,3,53560,86986,86986,125287,262.0,254.65,262.0,-8.0,41.50243390696527,270.0,43,rolling,net_profit_fitness,1_day,rep_3
47,3,53560,86986,86986,125287,262.0,247.13,262.0,-250.0,69.68597021240677,512.0,44,rolling,net_profit_fitness,1_day,rep_3
48,3,53560,86986,86986,125287,262.0,253.5,262.0,-8.0,42.80859443588118,270.0,45,rolling,net_profit_fitness,1_day,rep_3
49,3,53560,86986,86986,125287,262.0,246.2,262.0,-596.0,98.27368504191328,858.0,46,rolling,net_profit_fitness,1_day,rep_3
50,3,53560,86986,86986,125287,262.0,241.85,262.0,-588.0,102.50502574523018,850.0,47,rolling,net_profit_fitness,1_day,rep_3
51,3,53560,86986,86986,125287,262.0,234.49,262.0,-666.0,110.6643386940249,928.0,48,rolling,net_profit_fitness,1_day,rep_3
52,3,53560,86986,86986,125287,262.0,244.63,262.0,-735.0,107.06305656391508,997.0,49,rolling,net_profit_fitness,1_day,rep_3
53,3,53560,86986,86986,125287,262.0,251.42,262.0,-8.0,51.60263480862115,270.0,50,rolling,net_profit_fitness,1_day,rep_3
54,3,53560,86986,86986,125287,262.0,259.15,262.0,-3.0,26.517147111050445,265.0,51,rolling,net_profit_fitness,1_day,rep_3
55,3,53560,86986,86986,125287,262.0,250.87,262.0,-16.0,52.85020856585663,278.0,52,rolling,net_profit_fitness,1_day,rep_3
56,3,53560,86986,86986,125287,262.0,248.88,262.0,-250.0,68.03746442700937,512.0,53,rolling,net_profit_fitness,1_day,rep_3
57,3,53560,86986,86986,125287,262.0,246.3,262.0,-310.0,80.0030933745374,572.0,54,rolling,net_profit_fitness,1_day,rep_3
58,3,53560,86986,86986,125287,262.0,234.59,262.0,-457.0,102.25755707916154,719.0,55,rolling,net_profit_fitness,1_day,rep_3
59,3,53560,86986,86986,125287,262.0,244.8,262.0,-155.0,70.02337272134731,417.0,56,rolling,net_profit_fitness,1_day,rep_3
60,3,53560,86986,86986,125287,262.0,253.75,262.0,-13.0,46.0257668281715,275.0,57,rolling,net_profit_fitness,1_day,rep_3
61,3,53560,86986,86986,125287,262.0,248.58,262.0,-250.0,68.01918624160169,512.0,58,rolling,net_profit_fitness,1_day,rep_3
62,3,53560,86986,86986,125287,262.0,250.62,262.0,-13.0,50.88147844240425,275.0,59,rolling,net_profit_fitness,1_day,rep_3
63,3,53560,86986,86986,125287,262.0,245.09,262.0,-171.0,75.74599966101486,433.0,60,rolling,net_profit_fitness,1_day,rep_3
64,3,53560,86986,86986,125287,262.0,241.97,262.0,-310.0,79.84624808551328,572.0,61,rolling,net_profit_fitness,1_day,rep_3
65,3,53560,86986,86986,125287,262.0,247.7,262.0,-566.0,100.14227253000976,828.0,62,rolling,net_profit_fitness,1_day,rep_3
66,3,53560,86986,86986,125287,262.0,256.5,262.0,-8.0,37.31858474911351,270.0,63,rolling,net_profit_fitness,1_day,rep_3
67,3,53560,86986,86986,125287,262.0,228.63,262.0,-417.0,116.69935948860432,679.0,64,rolling,net_profit_fitness,1_day,rep_3
68,3,53560,86986,86986,125287,262.0,248.25,262.0,-170.0,61.48225908193503,432.0,65,rolling,net_profit_fitness,1_day,rep_3
69,3,53560,86986,86986,125287,262.0,243.31,262.0,-14.0,65.44744132322955,276.0,66,rolling,net_profit_fitness,1_day,rep_3
70,3,53560,86986,86986,125287,262.0,242.85,262.0,-310.0,80.79596137021561,572.0,67,rolling,net_profit_fitness,1_day,rep_3
71,3,53560,86986,86986,125287,262.0,250.22,262.0,-16.0,52.55657461587023,278.0,68,rolling,net_profit_fitness,1_day,rep_3
72,3,53560,86986,86986,125287,262.0,245.21,262.0,-26.0,61.67744295686203,288.0,69,rolling,net_profit_fitness,1_day,rep_3
73,3,53560,86986,86986,125287,262.0,253.2,262.0,-18.0,44.50695099497029,280.0,70,rolling,net_profit_fitness,1_day,rep_3
74,3,53560,86986,86986,125287,262.0,250.22,262.0,-310.0,68.69748940467221,572.0,71,rolling,net_profit_fitness,1_day,rep_3
75,3,53560,86986,86986,125287,262.0,246.04,262.0,-214.0,70.97828946767861,476.0,72,rolling,net_profit_fitness,1_day,rep_3
76,3,53560,86986,86986,125287,262.0,250.67,262.0,-16.0,52.816827552658566,278.0,73,rolling,net_profit_fitness,1_day,rep_3
77,3,53560,86986,86986,125287,262.0,244.83,262.0,-185.0,75.5976931666649,447.0,74,rolling,net_profit_fitness,1_day,rep_3
78,3,53560,86986,86986,125287,262.0,236.15,262.0,-735.0,116.24950309440884,997.0,75,rolling,net_profit_fitness,1_day,rep_3
79,3,53560,86986,86986,125287,262.0,252.37,262.0,-171.0,56.73928591070358,433.0,76,rolling,net_profit_fitness,1_day,rep_3
80,3,53560,86986,86986,125287,262.0,244.15,262.0,-155.0,70.78854198786465,417.0,77,rolling,net_profit_fitness,1_day,rep_3
81,3,53560,86986,86986,125287,262.0,236.47,262.0,-400.0,101.49702239748493,662.0,78,rolling,net_profit_fitness,1_day,rep_3
82,3,53560,86986,86986,125287,262.0,239.5,262.0,-596.0,108.49666009848067,858.0,79,rolling,net_profit_fitness,1_day,rep_3
83,3,53560,86986,86986,125287,262.0,236.7,262.0,-506.0,109.4785159496851,768.0,80,rolling,net_profit_fitness,1_day,rep_3
84,3,53560,86986,86986,125287,262.0,239.42,262.0,-641.0,106.43670096884492,903.0,81,rolling,net_profit_fitness,1_day,rep_3
85,3,53560,86986,86986,125287,262.0,238.63,262.0,-708.0,119.751143897027,970.0,82,rolling,net_profit_fitness,1_day,rep_3
86,3,53560,86986,86986,125287,262.0,248.55,262.0,-250.0,69.34635294423686,512.0,83,rolling,net_profit_fitness,1_day,rep_3
87,3,53560,86986,86986,125287,262.0,239.01,262.0,-510.0,101.7765918395023,772.0,84,rolling,net_profit_fitness,1_day,rep_3
88,3,53560,86986,86986,125287,262.0,247.45,262.0,-310.0,74.09949290302093,572.0,85,rolling,net_profit_fitness,1_day,rep_3
89,3,53560,86986,86986,125287,262.0,226.36,262.0,-708.0,153.0421820771956,970.0,86,rolling,net_profit_fitness,1_day,rep_3
90,3,53560,86986,86986,125287,262.0,233.93,262.0,-708.0,120.07811052087148,970.0,87,rolling,net_profit_fitness,1_day,rep_3
91,3,53560,86986,86986,125287,262.0,246.97,262.0,-686.0,101.739363477506,948.0,88,rolling,net_profit_fitness,1_day,rep_3
92,3,53560,86986,86986,125287,262.0,250.95,262.0,-13.0,52.92120596135391,275.0,89,rolling,net_profit_fitness,1_day,rep_3
93,3,53560,86986,86986,125287,262.0,251.47,262.0,-221.0,61.45548688837205,483.0,90,rolling,net_profit_fitness,1_day,rep_3
94,3,53560,86986,86986,125287,262.0,239.28,262.0,-370.0,89.68261433037796,632.0,91,rolling,net_profit_fitness,1_day,rep_3
95,3,53560,86986,86986,125287,262.0,249.25,262.0,-708.0,100.80828639581472,970.0,92,rolling,net_profit_fitness,1_day,rep_3
96,3,53560,86986,86986,125287,262.0,253.6,262.0,-23.0,47.43884952699048,285.0,93,rolling,net_profit_fitness,1_day,rep_3
97,3,53560,86986,86986,125287,262.0,223.96,262.0,-596.0,139.4059488897751,858.0,94,rolling,net_profit_fitness,1_day,rep_3
98,3,53560,86986,86986,125287,262.0,236.23,262.0,-125.0,82.46576945201646,387.0,95,rolling,net_profit_fitness,1_day,rep_3
99,3,53560,86986,86986,125287,262.0,246.97,262.0,-628.0,97.776229269189,890.0,96,rolling,net_profit_fitness,1_day,rep_3
100,3,53560,86986,86986,125287,262.0,237.67,262.0,-596.0,108.97929142546285,858.0,97,rolling,net_profit_fitness,1_day,rep_3
0,4,86986,125287,125287,130699,278.0,-2194.1,-578.5,-28287.0,4032.1338774972,28565.0,0,rolling,net_profit_fitness,1_day,rep_3
1,4,86986,125287,125287,130699,300.0,-410.25,-110.5,-6071.0,927.370850547096,6371.0,0,rolling,net_profit_fitness,1_day,rep_3
2,4,86986,125287,125287,130699,294.0,-11.72,43.5,-1844.0,296.91198845598825,2138.0,1,rolling,net_profit_fitness,1_day,rep_3
3,4,86986,125287,125287,130699,364.0,83.48,123.0,-1416.0,243.0797134083942,1780.0,0,rolling,net_profit_fitness,1_day,rep_3
4,4,86986,125287,125287,130699,352.0,186.48,191.0,-82.0,84.34267285690242,434.0,1,rolling,net_profit_fitness,1_day,rep_3
5,4,86986,125287,125287,130699,365.0,215.32,228.0,-472.0,111.18025040810116,837.0,0,rolling,net_profit_fitness,1_day,rep_3
6,4,86986,125287,125287,130699,377.0,243.09,273.0,-654.0,120.46132662444496,1031.0,0,rolling,net_profit_fitness,1_day,rep_3
7,4,86986,125287,125287,130699,383.0,244.55,273.5,-243.0,102.95722118404028,626.0,0,rolling,net_profit_fitness,1_day,rep_3
8,4,86986,125287,125287,130699,390.0,268.58,287.5,-155.0,82.85159910796818,545.0,0,rolling,net_profit_fitness,1_day,rep_3
9,4,86986,125287,125287,130699,434.0,278.55,296.0,-132.0,89.70753546493137,566.0,0,rolling,net_profit_fitness,1_day,rep_3
10,4,86986,125287,125287,130699,434.0,302.06,313.0,-22.0,66.36306932094816,456.0,1,rolling,net_profit_fitness,1_day,rep_3
11,4,86986,125287,125287,130699,434.0,306.13,332.0,31.0,71.92359231374036,403.0,2,rolling,net_profit_fitness,1_day,rep_3
12,4,86986,125287,125287,130699,434.0,307.61,332.0,54.0,76.26692824176376,380.0,3,rolling,net_profit_fitness,1_day,rep_3
13,4,86986,125287,125287,130699,434.0,310.0,333.0,-22.0,80.38015735845319,456.0,4,rolling,net_profit_fitness,1_day,rep_3
14,4,86986,125287,125287,130699,434.0,316.08,342.0,50.0,81.80682839297201,384.0,5,rolling,net_profit_fitness,1_day,rep_3
15,4,86986,125287,125287,130699,434.0,324.58,345.0,45.0,87.44893805917124,389.0,6,rolling,net_profit_fitness,1_day,rep_3
16,4,86986,125287,125287,130699,434.0,339.36,351.0,81.0,82.16951190599033,353.0,7,rolling,net_profit_fitness,1_day,rep_3
17,4,86986,125287,125287,130699,434.0,378.57,383.0,128.0,66.59985364135949,306.0,8,rolling,net_profit_fitness,1_day,rep_3
18,4,86986,125287,125287,130699,434.0,395.8,434.0,211.0,64.74175584192129,223.0,9,rolling,net_profit_fitness,1_day,rep_3
19,4,86986,125287,125287,130699,434.0,410.13,434.0,192.0,54.76131034874084,242.0,10,rolling,net_profit_fitness,1_day,rep_3
20,4,86986,125287,125287,130699,434.0,412.7,434.0,192.0,53.21701330449225,242.0,11,rolling,net_profit_fitness,1_day,rep_3
21,4,86986,125287,125287,130699,434.0,416.17,434.0,192.0,50.9824796604013,242.0,12,rolling,net_profit_fitness,1_day,rep_3
22,4,86986,125287,125287,130699,434.0,415.97,434.0,192.0,51.51139032615343,242.0,13,rolling,net_profit_fitness,1_day,rep_3
23,4,86986,125287,125287,130699,434.0,427.07,434.0,211.0,30.32692406480293,223.0,14,rolling,net_profit_fitness,1_day,rep_3
24,4,86986,125287,125287,130699,434.0,414.46,434.0,192.0,58.13245412179175,242.0,15,rolling,net_profit_fitness,1_day,rep_3
25,4,86986,125287,125287,130699,434.0,421.98,434.0,282.0,31.645121857463867,152.0,16,rolling,net_profit_fitness,1_day,rep_3
26,4,86986,125287,125287,130699,434.0,421.11,434.0,211.0,46.83775887641996,223.0,17,rolling,net_profit_fitness,1_day,rep_3
27,4,86986,125287,125287,130699,434.0,417.1,434.0,211.0,48.14173098909368,223.0,18,rolling,net_profit_fitness,1_day,rep_3
28,4,86986,125287,125287,130699,434.0,415.62,434.0,192.0,53.96066281387888,242.0,19,rolling,net_profit_fitness,1_day,rep_3
29,4,86986,125287,125287,130699,434.0,419.01,434.0,211.0,40.73627797718323,223.0,20,rolling,net_profit_fitness,1_day,rep_3
30,4,86986,125287,125287,130699,434.0,414.73,434.0,192.0,54.02241491391618,242.0,21,rolling,net_profit_fitness,1_day,rep_3
31,4,86986,125287,125287,130699,434.0,423.18,434.0,282.0,32.55900005910017,152.0,22,rolling,net_profit_fitness,1_day,rep_3
32,4,86986,125287,125287,130699,434.0,416.61,434.0,192.0,51.926501087128095,242.0,23,rolling,net_profit_fitness,1_day,rep_3
33,4,86986,125287,125287,130699,434.0,414.7,434.0,192.0,49.60398729492979,242.0,24,rolling,net_profit_fitness,1_day,rep_3
34,4,86986,125287,125287,130699,434.0,412.65,434.0,192.0,54.14708270679562,242.0,25,rolling,net_profit_fitness,1_day,rep_3
35,4,86986,125287,125287,130699,434.0,416.32,434.0,192.0,57.64220535669882,242.0,26,rolling,net_profit_fitness,1_day,rep_3
36,4,86986,125287,125287,130699,434.0,420.03,434.0,211.0,43.42099641064135,223.0,27,rolling,net_profit_fitness,1_day,rep_3
37,4,86986,125287,125287,130699,434.0,418.5,434.0,192.0,47.62702314162973,242.0,28,rolling,net_profit_fitness,1_day,rep_3
38,4,86986,125287,125287,130699,434.0,411.46,434.0,211.0,53.28149374555462,223.0,29,rolling,net_profit_fitness,1_day,rep_3
39,4,86986,125287,125287,130699,434.0,421.65,434.0,211.0,37.33586977314405,223.0,30,rolling,net_profit_fitness,1_day,rep_3
40,4,86986,125287,125287,130699,434.0,413.97,434.0,192.0,57.47769967209857,242.0,31,rolling,net_profit_fitness,1_day,rep_3
41,4,86986,125287,125287,130699,434.0,422.47,434.0,192.0,42.43579939988253,242.0,32,rolling,net_profit_fitness,1_day,rep_3
42,4,86986,125287,125287,130699,434.0,416.84,434.0,192.0,52.395489049414095,242.0,33,rolling,net_profit_fitness,1_day,rep_3
43,4,86986,125287,125287,130699,434.0,422.97,434.0,211.0,34.77037372374489,223.0,34,rolling,net_profit_fitness,1_day,rep_3
44,4,86986,125287,125287,130699,434.0,411.19,434.0,192.0,59.5014124270011,242.0,35,rolling,net_profit_fitness,1_day,rep_3
45,4,86986,125287,125287,130699,434.0,422.73,434.0,192.0,43.127214918965805,242.0,36,rolling,net_profit_fitness,1_day,rep_3
46,4,86986,125287,125287,130699,434.0,415.47,434.0,192.0,58.95220714504867,242.0,37,rolling,net_profit_fitness,1_day,rep_3
47,4,86986,125287,125287,130699,434.0,415.59,434.0,192.0,53.43098919223381,242.0,38,rolling,net_profit_fitness,1_day,rep_3
48,4,86986,125287,125287,130699,434.0,415.37,434.0,192.0,52.10840584393232,242.0,39,rolling,net_profit_fitness,1_day,rep_3
49,4,86986,125287,125287,130699,434.0,415.42,434.0,192.0,53.78655534009903,242.0,40,rolling,net_profit_fitness,1_day,rep_3
50,4,86986,125287,125287,130699,434.0,420.92,434.0,192.0,48.76156791009191,242.0,41,rolling,net_profit_fitness,1_day,rep_3
51,4,86986,125287,125287,130699,434.0,419.08,434.0,192.0,50.01064129187149,242.0,42,rolling,net_profit_fitness,1_day,rep_3
52,4,86986,125287,125287,130699,434.0,416.98,434.0,192.0,49.50502066161644,242.0,43,rolling,net_profit_fitness,1_day,rep_3
53,4,86986,125287,125287,130699,434.0,408.12,434.0,211.0,55.55055573461208,223.0,44,rolling,net_profit_fitness,1_day,rep_3
54,4,86986,125287,125287,130699,434.0,422.94,434.0,192.0,35.821053568926175,242.0,45,rolling,net_profit_fitness,1_day,rep_3
55,4,86986,125287,125287,130699,434.0,402.08,434.0,192.0,68.43793619850844,242.0,46,rolling,net_profit_fitness,1_day,rep_3
56,4,86986,125287,125287,130699,434.0,421.94,434.0,211.0,39.87425183744467,223.0,47,rolling,net_profit_fitness,1_day,rep_3
57,4,86986,125287,125287,130699,434.0,408.69,434.0,192.0,58.46741214410197,242.0,48,rolling,net_profit_fitness,1_day,rep_3
58,4,86986,125287,125287,130699,434.0,424.22,434.0,211.0,37.63771480520006,223.0,49,rolling,net_profit_fitness,1_day,rep_3
59,4,86986,125287,125287,130699,434.0,417.0,434.0,192.0,50.36412864872632,242.0,50,rolling,net_profit_fitness,1_day,rep_3
60,4,86986,125287,125287,130699,434.0,425.93,434.0,211.0,34.860256378108794,223.0,51,rolling,net_profit_fitness,1_day,rep_3
61,4,86986,125287,125287,130699,434.0,417.13,434.0,192.0,51.04239770657687,242.0,52,rolling,net_profit_fitness,1_day,rep_3
62,4,86986,125287,125287,130699,434.0,418.86,434.0,192.0,48.17456053591234,242.0,53,rolling,net_profit_fitness,1_day,rep_3
63,4,86986,125287,125287,130699,434.0,413.68,434.0,211.0,54.009890601891456,223.0,54,rolling,net_profit_fitness,1_day,rep_3
64,4,86986,125287,125287,130699,434.0,418.46,434.0,192.0,49.74529468637555,242.0,55,rolling,net_profit_fitness,1_day,rep_3
65,4,86986,125287,125287,130699,434.0,418.39,434.0,192.0,50.61538373564969,242.0,56,rolling,net_profit_fitness,1_day,rep_3
66,4,86986,125287,125287,130699,434.0,409.52,434.0,192.0,54.4814823512716,242.0,57,rolling,net_profit_fitness,1_day,rep_3
67,4,86986,125287,125287,130699,434.0,415.6,434.0,211.0,53.8182500682068,223.0,58,rolling,net_profit_fitness,1_day,rep_3
68,4,86986,125287,125287,130699,434.0,422.11,434.0,192.0,44.18324903115993,242.0,59,rolling,net_profit_fitness,1_day,rep_3
69,4,86986,125287,125287,130699,434.0,409.02,434.0,192.0,60.5918586390394,242.0,60,rolling,net_profit_fitness,1_day,rep_3
70,4,86986,125287,125287,130699,434.0,406.31,434.0,192.0,68.97997001033171,242.0,61,rolling,net_profit_fitness,1_day,rep_3
71,4,86986,125287,125287,130699,434.0,424.86,434.0,211.0,32.99158754114219,223.0,62,rolling,net_profit_fitness,1_day,rep_3
72,4,86986,125287,125287,130699,434.0,421.18,434.0,192.0,41.60404506363012,242.0,63,rolling,net_profit_fitness,1_day,rep_3
73,4,86986,125287,125287,130699,434.0,420.35,434.0,192.0,48.880471612398594,242.0,64,rolling,net_profit_fitness,1_day,rep_3
74,4,86986,125287,125287,130699,434.0,423.64,434.0,211.0,40.70378832293604,223.0,65,rolling,net_profit_fitness,1_day,rep_3
75,4,86986,125287,125287,130699,434.0,421.79,434.0,211.0,42.9327157399585,223.0,66,rolling,net_profit_fitness,1_day,rep_3
76,4,86986,125287,125287,130699,434.0,417.3,434.0,192.0,51.92214451377264,242.0,67,rolling,net_profit_fitness,1_day,rep_3
77,4,86986,125287,125287,130699,434.0,408.12,434.0,192.0,55.42822823118636,242.0,68,rolling,net_profit_fitness,1_day,rep_3
78,4,86986,125287,125287,130699,434.0,421.06,434.0,211.0,42.15407525502203,223.0,69,rolling,net_profit_fitness,1_day,rep_3
79,4,86986,125287,125287,130699,434.0,419.02,434.0,192.0,43.269645506084544,242.0,70,rolling,net_profit_fitness,1_day,rep_3
80,4,86986,125287,125287,130699,434.0,418.84,434.0,192.0,47.51027958943903,242.0,71,rolling,net_profit_fitness,1_day,rep_3
81,4,86986,125287,125287,130699,434.0,417.63,434.0,192.0,48.0428375767319,242.0,72,rolling,net_profit_fitness,1_day,rep_3
82,4,86986,125287,125287,130699,434.0,427.38,434.0,334.0,22.287279517312747,100.0,73,rolling,net_profit_fitness,1_day,rep_3
83,4,86986,125287,125287,130699,434.0,408.09,434.0,192.0,61.63088150883091,242.0,74,rolling,net_profit_fitness,1_day,rep_3
84,4,86986,125287,125287,130699,434.0,409.74,434.0,192.0,59.96036064338546,242.0,75,rolling,net_profit_fitness,1_day,rep_3
85,4,86986,125287,125287,130699,434.0,413.08,434.0,192.0,60.36867874765336,242.0,76,rolling,net_profit_fitness,1_day,rep_3
86,4,86986,125287,125287,130699,434.0,419.64,434.0,192.0,43.161318259981286,242.0,77,rolling,net_profit_fitness,1_day,rep_3
87,4,86986,125287,125287,130699,434.0,417.88,434.0,192.0,47.784930636756144,242.0,78,rolling,net_profit_fitness,1_day,rep_3
88,4,86986,125287,125287,130699,434.0,421.37,434.0,192.0,45.41339966008787,242.0,79,rolling,net_profit_fitness,1_day,rep_3
89,4,86986,125287,125287,130699,434.0,426.81,434.0,211.0,29.49017812866864,223.0,80,rolling,net_profit_fitness,1_day,rep_3
90,4,86986,125287,125287,130699,434.0,417.28,434.0,211.0,49.95312550256237,223.0,81,rolling,net_profit_fitness,1_day,rep_3
91,4,86986,125287,125287,130699,434.0,409.32,434.0,211.0,55.81496848579874,223.0,82,rolling,net_profit_fitness,1_day,rep_3
92,4,86986,125287,125287,130699,434.0,420.42,434.0,211.0,45.28321204297784,223.0,83,rolling,net_profit_fitness,1_day,rep_3
93,4,86986,125287,125287,130699,434.0,419.97,434.0,192.0,47.56037205383269,242.0,84,rolling,net_profit_fitness,1_day,rep_3
94,4,86986,125287,125287,130699,434.0,420.43,434.0,192.0,42.82387113975031,242.0,85,rolling,net_profit_fitness,1_day,rep_3
95,4,86986,125287,125287,130699,434.0,428.61,434.0,339.0,20.57697791712914,95.0,86,rolling,net_profit_fitness,1_day,rep_3
96,4,86986,125287,125287,130699,434.0,416.43,434.0,211.0,45.16820527402841,223.0,87,rolling,net_profit_fitness,1_day,rep_3
97,4,86986,125287,125287,130699,434.0,416.3,434.0,211.0,43.76440599760532,223.0,88,rolling,net_profit_fitness,1_day,rep_3
98,4,86986,125287,125287,130699,434.0,418.26,434.0,211.0,46.09336594173161,223.0,89,rolling,net_profit_fitness,1_day,rep_3
99,4,86986,125287,125287,130699,434.0,422.7,434.0,211.0,40.21319447769613,223.0,90,rolling,net_profit_fitness,1_day,rep_3
100,4,86986,125287,125287,130699,434.0,423.96,434.0,192.0,38.16972198965663,242.0,91,rolling,net_profit_fitness,1_day,rep_3
