dataset_type,window_id,train_start,train_end,test_start,test_end,generation,min_impulse_candles,max_duration_ms,diagonal_imbalance_ratio_threshold,min_imbalance_count,take_profit_ticks,stop_loss_ticks,fitness,number_of_trades,net_profit,gross_profit,gross_loss,profit_factor,max_drawdown,win_rate,expectancy,biggest_loss,longest_losing_streak,walk_forward_type,fitness_function,train_size,repetition
train,1,0,22406,22406,53560,0,6,496,7.75,2,24,3,-4.6283352950392205,18,-12.0,348.0,360.0,0.9666666666666668,264.0,0.1666666666666666,-0.6666666666666666,24.0,11,rolling,losing_streak_fitness,1_day,rep_1
test,1,0,22406,22406,53560,0,6,496,7.75,2,24,3,-105.272823401573,39,-236.0,580.0,816.0,0.7107843137254902,340.0,0.1282051282051282,-6.051282051282051,24.0,14,rolling,losing_streak_fitness,1_day,rep_1
train,1,0,22406,22406,53560,1,6,448,5.0,2,9,2,130.28675638332888,23,163.0,410.0,247.0,1.6599190283400809,114.0,0.4347826086956521,7.086956521739131,19.0,6,rolling,losing_streak_fitness,1_day,rep_1
test,1,0,22406,22406,53560,1,6,448,5.0,2,9,2,-142.85424179911496,54,-486.0,369.0,855.0,0.431578947368421,549.0,0.1666666666666666,-9.0,19.0,25,rolling,losing_streak_fitness,1_day,rep_1
train,1,0,22406,22406,53560,2,6,448,5.0,3,19,2,53.60037313302959,17,117.0,364.0,247.0,1.4736842105263157,171.0,0.2352941176470588,6.882352941176471,19.0,9,rolling,losing_streak_fitness,1_day,rep_1
test,1,0,22406,22406,53560,2,6,448,5.0,3,19,2,-97.6,36,-244.0,364.0,608.0,0.5986842105263158,316.0,0.1111111111111111,-6.777777777777778,19.0,15,rolling,losing_streak_fitness,1_day,rep_1
train,1,0,22406,22406,53560,3,6,300,7.0,2,19,2,139.17427923290998,13,193.0,364.0,171.0,2.128654970760234,95.0,0.3076923076923077,14.846153846153848,19.0,5,rolling,losing_streak_fitness,1_day,rep_1
test,1,0,22406,22406,53560,3,6,300,7.0,2,19,2,-79.34782608695652,25,-365.0,91.0,456.0,0.1995614035087719,437.0,0.04,-14.6,19.0,23,rolling,losing_streak_fitness,1_day,rep_1
train,1,0,22406,22406,53560,4,6,448,8.75,1,9,2,185.0,25,185.0,451.0,266.0,1.6954887218045114,95.0,0.44,7.4,19.0,5,rolling,losing_streak_fitness,1_day,rep_1
test,1,0,22406,22406,53560,4,6,448,8.75,1,9,2,-195.6529932048064,54,-426.0,410.0,836.0,0.4904306220095694,489.0,0.1851851851851851,-7.888888888888889,19.0,16,rolling,losing_streak_fitness,1_day,rep_1
train,1,0,22406,22406,53560,5,6,281,6.25,3,9,2,251.7439175034821,15,195.0,328.0,133.0,2.4661654135338344,57.0,0.5333333333333333,13.0,19.0,3,rolling,losing_streak_fitness,1_day,rep_1
test,1,0,22406,22406,53560,5,6,281,6.25,3,9,2,-77.63157894736842,25,-295.0,123.0,418.0,0.2942583732057416,361.0,0.12,-11.8,19.0,19,rolling,losing_streak_fitness,1_day,rep_1
train,1,0,22406,22406,53560,6,6,300,6.25,2,9,2,571.050129148046,17,277.0,410.0,133.0,3.082706766917293,38.0,0.5882352941176471,16.294117647058822,19.0,2,rolling,losing_streak_fitness,1_day,rep_1
test,1,0,22406,22406,53560,6,6,300,6.25,2,9,2,-88.14664500099109,29,-311.0,164.0,475.0,0.3452631578947368,377.0,0.1379310344827586,-10.724137931034482,19.0,19,rolling,losing_streak_fitness,1_day,rep_1
train,1,0,22406,22406,53560,7,6,300,8.5,2,9,2,571.050129148046,17,277.0,410.0,133.0,3.082706766917293,38.0,0.5882352941176471,16.294117647058822,19.0,2,rolling,losing_streak_fitness,1_day,rep_1
test,1,0,22406,22406,53560,7,6,300,8.5,2,9,2,-75.11768544535079,24,-276.0,123.0,399.0,0.3082706766917293,342.0,0.125,-11.5,19.0,18,rolling,losing_streak_fitness,1_day,rep_1
train,1,0,22406,22406,53560,8,6,255,9.75,2,9,2,840.0934471831094,13,233.0,328.0,95.0,3.4526315789473685,19.0,0.6153846153846154,17.923076923076923,19.0,1,rolling,losing_streak_fitness,1_day,rep_1
test,1,0,22406,22406,53560,8,6,255,9.75,2,9,2,-82.00178637535893,19,-301.0,41.0,342.0,0.1198830409356725,304.0,0.0526315789473684,-15.842105263157896,19.0,16,rolling,losing_streak_fitness,1_day,rep_1
train,1,0,22406,22406,53560,9,6,300,8.75,2,9,2,571.050129148046,17,277.0,410.0,133.0,3.082706766917293,38.0,0.5882352941176471,16.294117647058822,19.0,2,rolling,losing_streak_fitness,1_day,rep_1
test,1,0,22406,22406,53560,9,6,300,8.75,2,9,2,-75.11768544535079,24,-276.0,123.0,399.0,0.3082706766917293,342.0,0.125,-11.5,19.0,18,rolling,losing_streak_fitness,1_day,rep_1
train,1,0,22406,22406,53560,10,6,300,7.5,2,9,2,571.050129148046,17,277.0,410.0,133.0,3.082706766917293,38.0,0.5882352941176471,16.294117647058822,19.0,2,rolling,losing_streak_fitness,1_day,rep_1
test,1,0,22406,22406,53560,10,6,300,7.5,2,9,2,-85.83993142565117,28,-292.0,164.0,456.0,0.3596491228070175,358.0,0.1428571428571428,-10.428571428571429,19.0,18,rolling,losing_streak_fitness,1_day,rep_1
train,1,0,22406,22406,53560,11,6,300,9.0,2,9,2,1025.21412397606,14,274.0,369.0,95.0,3.8842105263157896,19.0,0.6428571428571429,19.571428571428573,19.0,1,rolling,losing_streak_fitness,1_day,rep_1
test,1,0,22406,22406,53560,11,6,300,9.0,2,9,2,-84.18138268234503,20,-320.0,41.0,361.0,0.113573407202216,323.0,0.05,-16.0,19.0,17,rolling,losing_streak_fitness,1_day,rep_1
train,1,0,22406,22406,53560,12,6,300,9.0,2,9,2,1025.21412397606,14,274.0,369.0,95.0,3.8842105263157896,19.0,0.6428571428571429,19.571428571428573,19.0,1,rolling,losing_streak_fitness,1_day,rep_1
test,1,0,22406,22406,53560,12,6,300,9.0,2,9,2,-84.18138268234503,20,-320.0,41.0,361.0,0.113573407202216,323.0,0.05,-16.0,19.0,17,rolling,losing_streak_fitness,1_day,rep_1
train,1,0,22406,22406,53560,13,6,300,9.0,2,9,2,1025.21412397606,14,274.0,369.0,95.0,3.8842105263157896,19.0,0.6428571428571429,19.571428571428573,19.0,1,rolling,losing_streak_fitness,1_day,rep_1
test,1,0,22406,22406,53560,13,6,300,9.0,2,9,2,-84.18138268234503,20,-320.0,41.0,361.0,0.113573407202216,323.0,0.05,-16.0,19.0,17,rolling,losing_streak_fitness,1_day,rep_1
train,1,0,22406,22406,53560,14,6,300,9.0,2,9,2,1025.21412397606,14,274.0,369.0,95.0,3.8842105263157896,19.0,0.6428571428571429,19.571428571428573,19.0,1,rolling,losing_streak_fitness,1_day,rep_1
test,1,0,22406,22406,53560,14,6,300,9.0,2,9,2,-84.18138268234503,20,-320.0,41.0,361.0,0.113573407202216,323.0,0.05,-16.0,19.0,17,rolling,losing_streak_fitness,1_day,rep_1
train,1,0,22406,22406,53560,15,6,294,9.0,2,9,2,1025.21412397606,14,274.0,369.0,95.0,3.8842105263157896,19.0,0.6428571428571429,19.571428571428573,19.0,1,rolling,losing_streak_fitness,1_day,rep_1
test,1,0,22406,22406,53560,15,6,294,9.0,2,9,2,-84.18138268234503,20,-320.0,41.0,361.0,0.113573407202216,323.0,0.05,-16.0,19.0,17,rolling,losing_streak_fitness,1_day,rep_1
train,1,0,22406,22406,53560,16,6,300,9.0,2,9,2,1025.21412397606,14,274.0,369.0,95.0,3.8842105263157896,19.0,0.6428571428571429,19.571428571428573,19.0,1,rolling,losing_streak_fitness,1_day,rep_1
test,1,0,22406,22406,53560,16,6,300,9.0,2,9,2,-84.18138268234503,20,-320.0,41.0,361.0,0.113573407202216,323.0,0.05,-16.0,19.0,17,rolling,losing_streak_fitness,1_day,rep_1
train,1,0,22406,22406,53560,17,6,300,9.0,2,9,2,1025.21412397606,14,274.0,369.0,95.0,3.8842105263157896,19.0,0.6428571428571429,19.571428571428573,19.0,1,rolling,losing_streak_fitness,1_day,rep_1
test,1,0,22406,22406,53560,17,6,300,9.0,2,9,2,-84.18138268234503,20,-320.0,41.0,361.0,0.113573407202216,323.0,0.05,-16.0,19.0,17,rolling,losing_streak_fitness,1_day,rep_1
train,1,0,22406,22406,53560,18,6,300,9.0,2,9,2,1025.21412397606,14,274.0,369.0,95.0,3.8842105263157896,19.0,0.6428571428571429,19.571428571428573,19.0,1,rolling,losing_streak_fitness,1_day,rep_1
test,1,0,22406,22406,53560,18,6,300,9.0,2,9,2,-84.18138268234503,20,-320.0,41.0,361.0,0.113573407202216,323.0,0.05,-16.0,19.0,17,rolling,losing_streak_fitness,1_day,rep_1
train,1,0,22406,22406,53560,19,6,291,9.0,2,9,2,1025.21412397606,14,274.0,369.0,95.0,3.8842105263157896,19.0,0.6428571428571429,19.571428571428573,19.0,1,rolling,losing_streak_fitness,1_day,rep_1
test,1,0,22406,22406,53560,19,6,291,9.0,2,9,2,-84.18138268234503,20,-320.0,41.0,361.0,0.113573407202216,323.0,0.05,-16.0,19.0,17,rolling,losing_streak_fitness,1_day,rep_1
train,1,0,22406,22406,53560,20,6,300,9.0,2,9,2,1025.21412397606,14,274.0,369.0,95.0,3.8842105263157896,19.0,0.6428571428571429,19.571428571428573,19.0,1,rolling,losing_streak_fitness,1_day,rep_1
test,1,0,22406,22406,53560,20,6,300,9.0,2,9,2,-84.18138268234503,20,-320.0,41.0,361.0,0.113573407202216,323.0,0.05,-16.0,19.0,17,rolling,losing_streak_fitness,1_day,rep_1
train,1,0,22406,22406,53560,21,6,300,9.0,2,9,2,1025.21412397606,14,274.0,369.0,95.0,3.8842105263157896,19.0,0.6428571428571429,19.571428571428573,19.0,1,rolling,losing_streak_fitness,1_day,rep_1
test,1,0,22406,22406,53560,21,6,300,9.0,2,9,2,-84.18138268234503,20,-320.0,41.0,361.0,0.113573407202216,323.0,0.05,-16.0,19.0,17,rolling,losing_streak_fitness,1_day,rep_1
train,1,0,22406,22406,53560,22,6,300,9.0,2,9,2,1025.21412397606,14,274.0,369.0,95.0,3.8842105263157896,19.0,0.6428571428571429,19.571428571428573,19.0,1,rolling,losing_streak_fitness,1_day,rep_1
test,1,0,22406,22406,53560,22,6,300,9.0,2,9,2,-84.18138268234503,20,-320.0,41.0,361.0,0.113573407202216,323.0,0.05,-16.0,19.0,17,rolling,losing_streak_fitness,1_day,rep_1
train,1,0,22406,22406,53560,23,6,300,9.0,2,9,2,1025.21412397606,14,274.0,369.0,95.0,3.8842105263157896,19.0,0.6428571428571429,19.571428571428573,19.0,1,rolling,losing_streak_fitness,1_day,rep_1
test,1,0,22406,22406,53560,23,6,300,9.0,2,9,2,-84.18138268234503,20,-320.0,41.0,361.0,0.113573407202216,323.0,0.05,-16.0,19.0,17,rolling,losing_streak_fitness,1_day,rep_1
train,1,0,22406,22406,53560,24,6,300,9.0,2,9,2,1025.21412397606,14,274.0,369.0,95.0,3.8842105263157896,19.0,0.6428571428571429,19.571428571428573,19.0,1,rolling,losing_streak_fitness,1_day,rep_1
test,1,0,22406,22406,53560,24,6,300,9.0,2,9,2,-84.18138268234503,20,-320.0,41.0,361.0,0.113573407202216,323.0,0.05,-16.0,19.0,17,rolling,losing_streak_fitness,1_day,rep_1
train,1,0,22406,22406,53560,25,6,297,9.25,2,9,2,1025.21412397606,14,274.0,369.0,95.0,3.8842105263157896,19.0,0.6428571428571429,19.571428571428573,19.0,1,rolling,losing_streak_fitness,1_day,rep_1
test,1,0,22406,22406,53560,25,6,297,9.25,2,9,2,-84.18138268234503,20,-320.0,41.0,361.0,0.113573407202216,323.0,0.05,-16.0,19.0,17,rolling,losing_streak_fitness,1_day,rep_1
train,1,0,22406,22406,53560,26,6,300,9.0,2,9,2,1025.21412397606,14,274.0,369.0,95.0,3.8842105263157896,19.0,0.6428571428571429,19.571428571428573,19.0,1,rolling,losing_streak_fitness,1_day,rep_1
test,1,0,22406,22406,53560,26,6,300,9.0,2,9,2,-84.18138268234503,20,-320.0,41.0,361.0,0.113573407202216,323.0,0.05,-16.0,19.0,17,rolling,losing_streak_fitness,1_day,rep_1
train,1,0,22406,22406,53560,27,6,300,9.0,2,9,2,1025.21412397606,14,274.0,369.0,95.0,3.8842105263157896,19.0,0.6428571428571429,19.571428571428573,19.0,1,rolling,losing_streak_fitness,1_day,rep_1
test,1,0,22406,22406,53560,27,6,300,9.0,2,9,2,-84.18138268234503,20,-320.0,41.0,361.0,0.113573407202216,323.0,0.05,-16.0,19.0,17,rolling,losing_streak_fitness,1_day,rep_1
train,1,0,22406,22406,53560,28,6,294,9.25,2,9,2,1025.21412397606,14,274.0,369.0,95.0,3.8842105263157896,19.0,0.6428571428571429,19.571428571428573,19.0,1,rolling,losing_streak_fitness,1_day,rep_1
test,1,0,22406,22406,53560,28,6,294,9.25,2,9,2,-84.18138268234503,20,-320.0,41.0,361.0,0.113573407202216,323.0,0.05,-16.0,19.0,17,rolling,losing_streak_fitness,1_day,rep_1
train,1,0,22406,22406,53560,29,6,300,9.0,2,9,2,1025.21412397606,14,274.0,369.0,95.0,3.8842105263157896,19.0,0.6428571428571429,19.571428571428573,19.0,1,rolling,losing_streak_fitness,1_day,rep_1
test,1,0,22406,22406,53560,29,6,300,9.0,2,9,2,-84.18138268234503,20,-320.0,41.0,361.0,0.113573407202216,323.0,0.05,-16.0,19.0,17,rolling,losing_streak_fitness,1_day,rep_1
train,1,0,22406,22406,53560,30,6,291,9.0,2,9,2,1025.21412397606,14,274.0,369.0,95.0,3.8842105263157896,19.0,0.6428571428571429,19.571428571428573,19.0,1,rolling,losing_streak_fitness,1_day,rep_1
test,1,0,22406,22406,53560,30,6,291,9.0,2,9,2,-84.18138268234503,20,-320.0,41.0,361.0,0.113573407202216,323.0,0.05,-16.0,19.0,17,rolling,losing_streak_fitness,1_day,rep_1
train,1,0,22406,22406,53560,31,6,294,9.0,2,9,2,1025.21412397606,14,274.0,369.0,95.0,3.8842105263157896,19.0,0.6428571428571429,19.571428571428573,19.0,1,rolling,losing_streak_fitness,1_day,rep_1
test,1,0,22406,22406,53560,31,6,294,9.0,2,9,2,-84.18138268234503,20,-320.0,41.0,361.0,0.113573407202216,323.0,0.05,-16.0,19.0,17,rolling,losing_streak_fitness,1_day,rep_1
train,1,0,22406,22406,53560,32,6,300,9.0,2,9,2,1025.21412397606,14,274.0,369.0,95.0,3.8842105263157896,19.0,0.6428571428571429,19.571428571428573,19.0,1,rolling,losing_streak_fitness,1_day,rep_1
test,1,0,22406,22406,53560,32,6,300,9.0,2,9,2,-84.18138268234503,20,-320.0,41.0,361.0,0.113573407202216,323.0,0.05,-16.0,19.0,17,rolling,losing_streak_fitness,1_day,rep_1
train,1,0,22406,22406,53560,33,6,294,9.0,2,9,2,1025.21412397606,14,274.0,369.0,95.0,3.8842105263157896,19.0,0.6428571428571429,19.571428571428573,19.0,1,rolling,losing_streak_fitness,1_day,rep_1
test,1,0,22406,22406,53560,33,6,294,9.0,2,9,2,-84.18138268234503,20,-320.0,41.0,361.0,0.113573407202216,323.0,0.05,-16.0,19.0,17,rolling,losing_streak_fitness,1_day,rep_1
train,1,0,22406,22406,53560,34,6,291,9.0,2,9,2,1025.21412397606,14,274.0,369.0,95.0,3.8842105263157896,19.0,0.6428571428571429,19.571428571428573,19.0,1,rolling,losing_streak_fitness,1_day,rep_1
test,1,0,22406,22406,53560,34,6,291,9.0,2,9,2,-84.18138268234503,20,-320.0,41.0,361.0,0.113573407202216,323.0,0.05,-16.0,19.0,17,rolling,losing_streak_fitness,1_day,rep_1
train,1,0,22406,22406,53560,35,6,294,9.0,2,9,2,1025.21412397606,14,274.0,369.0,95.0,3.8842105263157896,19.0,0.6428571428571429,19.571428571428573,19.0,1,rolling,losing_streak_fitness,1_day,rep_1
test,1,0,22406,22406,53560,35,6,294,9.0,2,9,2,-84.18138268234503,20,-320.0,41.0,361.0,0.113573407202216,323.0,0.05,-16.0,19.0,17,rolling,losing_streak_fitness,1_day,rep_1
train,1,0,22406,22406,53560,36,6,294,9.25,2,9,2,1025.21412397606,14,274.0,369.0,95.0,3.8842105263157896,19.0,0.6428571428571429,19.571428571428573,19.0,1,rolling,losing_streak_fitness,1_day,rep_1
test,1,0,22406,22406,53560,36,6,294,9.25,2,9,2,-84.18138268234503,20,-320.0,41.0,361.0,0.113573407202216,323.0,0.05,-16.0,19.0,17,rolling,losing_streak_fitness,1_day,rep_1
train,1,0,22406,22406,53560,37,6,294,9.0,2,9,2,1025.21412397606,14,274.0,369.0,95.0,3.8842105263157896,19.0,0.6428571428571429,19.571428571428573,19.0,1,rolling,losing_streak_fitness,1_day,rep_1
test,1,0,22406,22406,53560,37,6,294,9.0,2,9,2,-84.18138268234503,20,-320.0,41.0,361.0,0.113573407202216,323.0,0.05,-16.0,19.0,17,rolling,losing_streak_fitness,1_day,rep_1
train,1,0,22406,22406,53560,38,6,294,9.25,2,9,2,1025.21412397606,14,274.0,369.0,95.0,3.8842105263157896,19.0,0.6428571428571429,19.571428571428573,19.0,1,rolling,losing_streak_fitness,1_day,rep_1
test,1,0,22406,22406,53560,38,6,294,9.25,2,9,2,-84.18138268234503,20,-320.0,41.0,361.0,0.113573407202216,323.0,0.05,-16.0,19.0,17,rolling,losing_streak_fitness,1_day,rep_1
train,1,0,22406,22406,53560,39,6,294,9.0,2,9,2,1025.21412397606,14,274.0,369.0,95.0,3.8842105263157896,19.0,0.6428571428571429,19.571428571428573,19.0,1,rolling,losing_streak_fitness,1_day,rep_1
test,1,0,22406,22406,53560,39,6,294,9.0,2,9,2,-84.18138268234503,20,-320.0,41.0,361.0,0.113573407202216,323.0,0.05,-16.0,19.0,17,rolling,losing_streak_fitness,1_day,rep_1
train,1,0,22406,22406,53560,40,6,300,9.0,2,9,2,1025.21412397606,14,274.0,369.0,95.0,3.8842105263157896,19.0,0.6428571428571429,19.571428571428573,19.0,1,rolling,losing_streak_fitness,1_day,rep_1
test,1,0,22406,22406,53560,40,6,300,9.0,2,9,2,-84.18138268234503,20,-320.0,41.0,361.0,0.113573407202216,323.0,0.05,-16.0,19.0,17,rolling,losing_streak_fitness,1_day,rep_1
train,1,0,22406,22406,53560,41,6,300,9.25,2,9,2,1025.21412397606,14,274.0,369.0,95.0,3.8842105263157896,19.0,0.6428571428571429,19.571428571428573,19.0,1,rolling,losing_streak_fitness,1_day,rep_1
test,1,0,22406,22406,53560,41,6,300,9.25,2,9,2,-84.18138268234503,20,-320.0,41.0,361.0,0.113573407202216,323.0,0.05,-16.0,19.0,17,rolling,losing_streak_fitness,1_day,rep_1
train,1,0,22406,22406,53560,42,6,294,9.25,2,9,2,1025.21412397606,14,274.0,369.0,95.0,3.8842105263157896,19.0,0.6428571428571429,19.571428571428573,19.0,1,rolling,losing_streak_fitness,1_day,rep_1
test,1,0,22406,22406,53560,42,6,294,9.25,2,9,2,-84.18138268234503,20,-320.0,41.0,361.0,0.113573407202216,323.0,0.05,-16.0,19.0,17,rolling,losing_streak_fitness,1_day,rep_1
train,1,0,22406,22406,53560,43,6,300,9.0,2,9,2,1025.21412397606,14,274.0,369.0,95.0,3.8842105263157896,19.0,0.6428571428571429,19.571428571428573,19.0,1,rolling,losing_streak_fitness,1_day,rep_1
test,1,0,22406,22406,53560,43,6,300,9.0,2,9,2,-84.18138268234503,20,-320.0,41.0,361.0,0.113573407202216,323.0,0.05,-16.0,19.0,17,rolling,losing_streak_fitness,1_day,rep_1
train,1,0,22406,22406,53560,44,6,300,9.0,2,9,2,1025.21412397606,14,274.0,369.0,95.0,3.8842105263157896,19.0,0.6428571428571429,19.571428571428573,19.0,1,rolling,losing_streak_fitness,1_day,rep_1
test,1,0,22406,22406,53560,44,6,300,9.0,2,9,2,-84.18138268234503,20,-320.0,41.0,361.0,0.113573407202216,323.0,0.05,-16.0,19.0,17,rolling,losing_streak_fitness,1_day,rep_1
train,1,0,22406,22406,53560,45,6,294,9.0,2,9,2,1025.21412397606,14,274.0,369.0,95.0,3.8842105263157896,19.0,0.6428571428571429,19.571428571428573,19.0,1,rolling,losing_streak_fitness,1_day,rep_1
test,1,0,22406,22406,53560,45,6,294,9.0,2,9,2,-84.18138268234503,20,-320.0,41.0,361.0,0.113573407202216,323.0,0.05,-16.0,19.0,17,rolling,losing_streak_fitness,1_day,rep_1
train,1,0,22406,22406,53560,46,6,300,9.0,2,9,2,1025.21412397606,14,274.0,369.0,95.0,3.8842105263157896,19.0,0.6428571428571429,19.571428571428573,19.0,1,rolling,losing_streak_fitness,1_day,rep_1
test,1,0,22406,22406,53560,46,6,300,9.0,2,9,2,-84.18138268234503,20,-320.0,41.0,361.0,0.113573407202216,323.0,0.05,-16.0,19.0,17,rolling,losing_streak_fitness,1_day,rep_1
train,1,0,22406,22406,53560,47,6,294,9.5,2,9,2,1025.21412397606,14,274.0,369.0,95.0,3.8842105263157896,19.0,0.6428571428571429,19.571428571428573,19.0,1,rolling,losing_streak_fitness,1_day,rep_1
test,1,0,22406,22406,53560,47,6,294,9.5,2,9,2,-84.18138268234503,20,-320.0,41.0,361.0,0.113573407202216,323.0,0.05,-16.0,19.0,17,rolling,losing_streak_fitness,1_day,rep_1
train,1,0,22406,22406,53560,48,6,300,9.5,2,9,2,1025.21412397606,14,274.0,369.0,95.0,3.8842105263157896,19.0,0.6428571428571429,19.571428571428573,19.0,1,rolling,losing_streak_fitness,1_day,rep_1
test,1,0,22406,22406,53560,48,6,300,9.5,2,9,2,-84.18138268234503,20,-320.0,41.0,361.0,0.113573407202216,323.0,0.05,-16.0,19.0,17,rolling,losing_streak_fitness,1_day,rep_1
train,1,0,22406,22406,53560,49,6,300,9.0,2,9,2,1025.21412397606,14,274.0,369.0,95.0,3.8842105263157896,19.0,0.6428571428571429,19.571428571428573,19.0,1,rolling,losing_streak_fitness,1_day,rep_1
test,1,0,22406,22406,53560,49,6,300,9.0,2,9,2,-84.18138268234503,20,-320.0,41.0,361.0,0.113573407202216,323.0,0.05,-16.0,19.0,17,rolling,losing_streak_fitness,1_day,rep_1
train,1,0,22406,22406,53560,50,6,294,9.5,2,9,2,1025.21412397606,14,274.0,369.0,95.0,3.8842105263157896,19.0,0.6428571428571429,19.571428571428573,19.0,1,rolling,losing_streak_fitness,1_day,rep_1
test,1,0,22406,22406,53560,50,6,294,9.5,2,9,2,-84.18138268234503,20,-320.0,41.0,361.0,0.113573407202216,323.0,0.05,-16.0,19.0,17,rolling,losing_streak_fitness,1_day,rep_1
train,1,0,22406,22406,53560,51,6,300,9.0,2,9,2,1025.21412397606,14,274.0,369.0,95.0,3.8842105263157896,19.0,0.6428571428571429,19.571428571428573,19.0,1,rolling,losing_streak_fitness,1_day,rep_1
test,1,0,22406,22406,53560,51,6,300,9.0,2,9,2,-84.18138268234503,20,-320.0,41.0,361.0,0.113573407202216,323.0,0.05,-16.0,19.0,17,rolling,losing_streak_fitness,1_day,rep_1
train,1,0,22406,22406,53560,52,6,294,9.0,2,9,2,1025.21412397606,14,274.0,369.0,95.0,3.8842105263157896,19.0,0.6428571428571429,19.571428571428573,19.0,1,rolling,losing_streak_fitness,1_day,rep_1
test,1,0,22406,22406,53560,52,6,294,9.0,2,9,2,-84.18138268234503,20,-320.0,41.0,361.0,0.113573407202216,323.0,0.05,-16.0,19.0,17,rolling,losing_streak_fitness,1_day,rep_1
train,1,0,22406,22406,53560,53,6,300,9.0,2,9,2,1025.21412397606,14,274.0,369.0,95.0,3.8842105263157896,19.0,0.6428571428571429,19.571428571428573,19.0,1,rolling,losing_streak_fitness,1_day,rep_1
test,1,0,22406,22406,53560,53,6,300,9.0,2,9,2,-84.18138268234503,20,-320.0,41.0,361.0,0.113573407202216,323.0,0.05,-16.0,19.0,17,rolling,losing_streak_fitness,1_day,rep_1
train,1,0,22406,22406,53560,54,6,300,9.25,2,9,2,1025.21412397606,14,274.0,369.0,95.0,3.8842105263157896,19.0,0.6428571428571429,19.571428571428573,19.0,1,rolling,losing_streak_fitness,1_day,rep_1
test,1,0,22406,22406,53560,54,6,300,9.25,2,9,2,-84.18138268234503,20,-320.0,41.0,361.0,0.113573407202216,323.0,0.05,-16.0,19.0,17,rolling,losing_streak_fitness,1_day,rep_1
train,1,0,22406,22406,53560,55,6,300,9.5,2,9,2,1025.21412397606,14,274.0,369.0,95.0,3.8842105263157896,19.0,0.6428571428571429,19.571428571428573,19.0,1,rolling,losing_streak_fitness,1_day,rep_1
test,1,0,22406,22406,53560,55,6,300,9.5,2,9,2,-84.18138268234503,20,-320.0,41.0,361.0,0.113573407202216,323.0,0.05,-16.0,19.0,17,rolling,losing_streak_fitness,1_day,rep_1
train,1,0,22406,22406,53560,56,6,294,9.5,2,9,2,1025.21412397606,14,274.0,369.0,95.0,3.8842105263157896,19.0,0.6428571428571429,19.571428571428573,19.0,1,rolling,losing_streak_fitness,1_day,rep_1
test,1,0,22406,22406,53560,56,6,294,9.5,2,9,2,-84.18138268234503,20,-320.0,41.0,361.0,0.113573407202216,323.0,0.05,-16.0,19.0,17,rolling,losing_streak_fitness,1_day,rep_1
train,1,0,22406,22406,53560,57,6,300,9.0,2,9,2,1025.21412397606,14,274.0,369.0,95.0,3.8842105263157896,19.0,0.6428571428571429,19.571428571428573,19.0,1,rolling,losing_streak_fitness,1_day,rep_1
test,1,0,22406,22406,53560,57,6,300,9.0,2,9,2,-84.18138268234503,20,-320.0,41.0,361.0,0.113573407202216,323.0,0.05,-16.0,19.0,17,rolling,losing_streak_fitness,1_day,rep_1
train,1,0,22406,22406,53560,58,6,300,9.25,2,9,2,1025.21412397606,14,274.0,369.0,95.0,3.8842105263157896,19.0,0.6428571428571429,19.571428571428573,19.0,1,rolling,losing_streak_fitness,1_day,rep_1
test,1,0,22406,22406,53560,58,6,300,9.25,2,9,2,-84.18138268234503,20,-320.0,41.0,361.0,0.113573407202216,323.0,0.05,-16.0,19.0,17,rolling,losing_streak_fitness,1_day,rep_1
train,1,0,22406,22406,53560,59,6,300,9.0,2,9,2,1025.21412397606,14,274.0,369.0,95.0,3.8842105263157896,19.0,0.6428571428571429,19.571428571428573,19.0,1,rolling,losing_streak_fitness,1_day,rep_1
test,1,0,22406,22406,53560,59,6,300,9.0,2,9,2,-84.18138268234503,20,-320.0,41.0,361.0,0.113573407202216,323.0,0.05,-16.0,19.0,17,rolling,losing_streak_fitness,1_day,rep_1
train,1,0,22406,22406,53560,60,6,294,9.25,2,9,2,1025.21412397606,14,274.0,369.0,95.0,3.8842105263157896,19.0,0.6428571428571429,19.571428571428573,19.0,1,rolling,losing_streak_fitness,1_day,rep_1
test,1,0,22406,22406,53560,60,6,294,9.25,2,9,2,-84.18138268234503,20,-320.0,41.0,361.0,0.113573407202216,323.0,0.05,-16.0,19.0,17,rolling,losing_streak_fitness,1_day,rep_1
train,1,0,22406,22406,53560,61,6,294,9.25,2,9,2,1025.21412397606,14,274.0,369.0,95.0,3.8842105263157896,19.0,0.6428571428571429,19.571428571428573,19.0,1,rolling,losing_streak_fitness,1_day,rep_1
test,1,0,22406,22406,53560,61,6,294,9.25,2,9,2,-84.18138268234503,20,-320.0,41.0,361.0,0.113573407202216,323.0,0.05,-16.0,19.0,17,rolling,losing_streak_fitness,1_day,rep_1
train,1,0,22406,22406,53560,62,6,294,9.0,2,9,2,1025.21412397606,14,274.0,369.0,95.0,3.8842105263157896,19.0,0.6428571428571429,19.571428571428573,19.0,1,rolling,losing_streak_fitness,1_day,rep_1
test,1,0,22406,22406,53560,62,6,294,9.0,2,9,2,-84.18138268234503,20,-320.0,41.0,361.0,0.113573407202216,323.0,0.05,-16.0,19.0,17,rolling,losing_streak_fitness,1_day,rep_1
train,1,0,22406,22406,53560,63,6,300,9.25,2,9,2,1025.21412397606,14,274.0,369.0,95.0,3.8842105263157896,19.0,0.6428571428571429,19.571428571428573,19.0,1,rolling,losing_streak_fitness,1_day,rep_1
test,1,0,22406,22406,53560,63,6,300,9.25,2,9,2,-84.18138268234503,20,-320.0,41.0,361.0,0.113573407202216,323.0,0.05,-16.0,19.0,17,rolling,losing_streak_fitness,1_day,rep_1
train,1,0,22406,22406,53560,64,6,294,9.25,2,9,2,1025.21412397606,14,274.0,369.0,95.0,3.8842105263157896,19.0,0.6428571428571429,19.571428571428573,19.0,1,rolling,losing_streak_fitness,1_day,rep_1
test,1,0,22406,22406,53560,64,6,294,9.25,2,9,2,-84.18138268234503,20,-320.0,41.0,361.0,0.113573407202216,323.0,0.05,-16.0,19.0,17,rolling,losing_streak_fitness,1_day,rep_1
train,1,0,22406,22406,53560,65,6,291,9.75,2,9,2,1025.21412397606,14,274.0,369.0,95.0,3.8842105263157896,19.0,0.6428571428571429,19.571428571428573,19.0,1,rolling,losing_streak_fitness,1_day,rep_1
test,1,0,22406,22406,53560,65,6,291,9.75,2,9,2,-84.18138268234503,20,-320.0,41.0,361.0,0.113573407202216,323.0,0.05,-16.0,19.0,17,rolling,losing_streak_fitness,1_day,rep_1
train,1,0,22406,22406,53560,66,6,300,9.0,2,9,2,1025.21412397606,14,274.0,369.0,95.0,3.8842105263157896,19.0,0.6428571428571429,19.571428571428573,19.0,1,rolling,losing_streak_fitness,1_day,rep_1
test,1,0,22406,22406,53560,66,6,300,9.0,2,9,2,-84.18138268234503,20,-320.0,41.0,361.0,0.113573407202216,323.0,0.05,-16.0,19.0,17,rolling,losing_streak_fitness,1_day,rep_1
train,1,0,22406,22406,53560,67,6,294,9.25,2,9,2,1025.21412397606,14,274.0,369.0,95.0,3.8842105263157896,19.0,0.6428571428571429,19.571428571428573,19.0,1,rolling,losing_streak_fitness,1_day,rep_1
test,1,0,22406,22406,53560,67,6,294,9.25,2,9,2,-84.18138268234503,20,-320.0,41.0,361.0,0.113573407202216,323.0,0.05,-16.0,19.0,17,rolling,losing_streak_fitness,1_day,rep_1
train,1,0,22406,22406,53560,68,6,300,9.0,2,9,2,1025.21412397606,14,274.0,369.0,95.0,3.8842105263157896,19.0,0.6428571428571429,19.571428571428573,19.0,1,rolling,losing_streak_fitness,1_day,rep_1
test,1,0,22406,22406,53560,68,6,300,9.0,2,9,2,-84.18138268234503,20,-320.0,41.0,361.0,0.113573407202216,323.0,0.05,-16.0,19.0,17,rolling,losing_streak_fitness,1_day,rep_1
train,1,0,22406,22406,53560,69,6,300,9.75,2,9,2,1025.21412397606,14,274.0,369.0,95.0,3.8842105263157896,19.0,0.6428571428571429,19.571428571428573,19.0,1,rolling,losing_streak_fitness,1_day,rep_1
test,1,0,22406,22406,53560,69,6,300,9.75,2,9,2,-84.18138268234503,20,-320.0,41.0,361.0,0.113573407202216,323.0,0.05,-16.0,19.0,17,rolling,losing_streak_fitness,1_day,rep_1
train,1,0,22406,22406,53560,70,6,300,9.25,2,9,2,1025.21412397606,14,274.0,369.0,95.0,3.8842105263157896,19.0,0.6428571428571429,19.571428571428573,19.0,1,rolling,losing_streak_fitness,1_day,rep_1
test,1,0,22406,22406,53560,70,6,300,9.25,2,9,2,-84.18138268234503,20,-320.0,41.0,361.0,0.113573407202216,323.0,0.05,-16.0,19.0,17,rolling,losing_streak_fitness,1_day,rep_1
train,1,0,22406,22406,53560,71,6,300,9.5,2,9,2,1025.21412397606,14,274.0,369.0,95.0,3.8842105263157896,19.0,0.6428571428571429,19.571428571428573,19.0,1,rolling,losing_streak_fitness,1_day,rep_1
test,1,0,22406,22406,53560,71,6,300,9.5,2,9,2,-84.18138268234503,20,-320.0,41.0,361.0,0.113573407202216,323.0,0.05,-16.0,19.0,17,rolling,losing_streak_fitness,1_day,rep_1
train,1,0,22406,22406,53560,72,6,300,9.0,2,9,2,1025.21412397606,14,274.0,369.0,95.0,3.8842105263157896,19.0,0.6428571428571429,19.571428571428573,19.0,1,rolling,losing_streak_fitness,1_day,rep_1
test,1,0,22406,22406,53560,72,6,300,9.0,2,9,2,-84.18138268234503,20,-320.0,41.0,361.0,0.113573407202216,323.0,0.05,-16.0,19.0,17,rolling,losing_streak_fitness,1_day,rep_1
train,1,0,22406,22406,53560,73,6,300,9.75,2,9,2,1025.21412397606,14,274.0,369.0,95.0,3.8842105263157896,19.0,0.6428571428571429,19.571428571428573,19.0,1,rolling,losing_streak_fitness,1_day,rep_1
test,1,0,22406,22406,53560,73,6,300,9.75,2,9,2,-84.18138268234503,20,-320.0,41.0,361.0,0.113573407202216,323.0,0.05,-16.0,19.0,17,rolling,losing_streak_fitness,1_day,rep_1
train,1,0,22406,22406,53560,74,6,294,9.25,2,9,2,1025.21412397606,14,274.0,369.0,95.0,3.8842105263157896,19.0,0.6428571428571429,19.571428571428573,19.0,1,rolling,losing_streak_fitness,1_day,rep_1
test,1,0,22406,22406,53560,74,6,294,9.25,2,9,2,-84.18138268234503,20,-320.0,41.0,361.0,0.113573407202216,323.0,0.05,-16.0,19.0,17,rolling,losing_streak_fitness,1_day,rep_1
train,1,0,22406,22406,53560,75,6,300,9.0,2,9,2,1025.21412397606,14,274.0,369.0,95.0,3.8842105263157896,19.0,0.6428571428571429,19.571428571428573,19.0,1,rolling,losing_streak_fitness,1_day,rep_1
test,1,0,22406,22406,53560,75,6,300,9.0,2,9,2,-84.18138268234503,20,-320.0,41.0,361.0,0.113573407202216,323.0,0.05,-16.0,19.0,17,rolling,losing_streak_fitness,1_day,rep_1
train,1,0,22406,22406,53560,76,6,300,9.25,2,9,2,1025.21412397606,14,274.0,369.0,95.0,3.8842105263157896,19.0,0.6428571428571429,19.571428571428573,19.0,1,rolling,losing_streak_fitness,1_day,rep_1
test,1,0,22406,22406,53560,76,6,300,9.25,2,9,2,-84.18138268234503,20,-320.0,41.0,361.0,0.113573407202216,323.0,0.05,-16.0,19.0,17,rolling,losing_streak_fitness,1_day,rep_1
train,1,0,22406,22406,53560,77,6,300,9.0,2,9,2,1025.21412397606,14,274.0,369.0,95.0,3.8842105263157896,19.0,0.6428571428571429,19.571428571428573,19.0,1,rolling,losing_streak_fitness,1_day,rep_1
test,1,0,22406,22406,53560,77,6,300,9.0,2,9,2,-84.18138268234503,20,-320.0,41.0,361.0,0.113573407202216,323.0,0.05,-16.0,19.0,17,rolling,losing_streak_fitness,1_day,rep_1
train,1,0,22406,22406,53560,78,6,300,9.0,2,9,2,1025.21412397606,14,274.0,369.0,95.0,3.8842105263157896,19.0,0.6428571428571429,19.571428571428573,19.0,1,rolling,losing_streak_fitness,1_day,rep_1
test,1,0,22406,22406,53560,78,6,300,9.0,2,9,2,-84.18138268234503,20,-320.0,41.0,361.0,0.113573407202216,323.0,0.05,-16.0,19.0,17,rolling,losing_streak_fitness,1_day,rep_1
train,1,0,22406,22406,53560,79,6,300,9.0,2,9,2,1025.21412397606,14,274.0,369.0,95.0,3.8842105263157896,19.0,0.6428571428571429,19.571428571428573,19.0,1,rolling,losing_streak_fitness,1_day,rep_1
test,1,0,22406,22406,53560,79,6,300,9.0,2,9,2,-84.18138268234503,20,-320.0,41.0,361.0,0.113573407202216,323.0,0.05,-16.0,19.0,17,rolling,losing_streak_fitness,1_day,rep_1
train,1,0,22406,22406,53560,80,6,300,9.25,2,9,2,1025.21412397606,14,274.0,369.0,95.0,3.8842105263157896,19.0,0.6428571428571429,19.571428571428573,19.0,1,rolling,losing_streak_fitness,1_day,rep_1
test,1,0,22406,22406,53560,80,6,300,9.25,2,9,2,-84.18138268234503,20,-320.0,41.0,361.0,0.113573407202216,323.0,0.05,-16.0,19.0,17,rolling,losing_streak_fitness,1_day,rep_1
train,1,0,22406,22406,53560,81,6,300,9.0,2,9,2,1025.21412397606,14,274.0,369.0,95.0,3.8842105263157896,19.0,0.6428571428571429,19.571428571428573,19.0,1,rolling,losing_streak_fitness,1_day,rep_1
test,1,0,22406,22406,53560,81,6,300,9.0,2,9,2,-84.18138268234503,20,-320.0,41.0,361.0,0.113573407202216,323.0,0.05,-16.0,19.0,17,rolling,losing_streak_fitness,1_day,rep_1
train,1,0,22406,22406,53560,82,6,294,9.0,2,9,2,1025.21412397606,14,274.0,369.0,95.0,3.8842105263157896,19.0,0.6428571428571429,19.571428571428573,19.0,1,rolling,losing_streak_fitness,1_day,rep_1
test,1,0,22406,22406,53560,82,6,294,9.0,2,9,2,-84.18138268234503,20,-320.0,41.0,361.0,0.113573407202216,323.0,0.05,-16.0,19.0,17,rolling,losing_streak_fitness,1_day,rep_1
train,1,0,22406,22406,53560,83,6,327,9.0,2,8,2,1026.3405867449655,15,265.0,360.0,95.0,3.789473684210526,19.0,0.6666666666666666,17.666666666666668,19.0,1,rolling,losing_streak_fitness,1_day,rep_1
test,1,0,22406,22406,53560,83,6,327,9.0,2,8,2,-74.16719920220798,22,-253.0,108.0,361.0,0.299168975069252,304.0,0.1363636363636363,-11.5,19.0,16,rolling,losing_streak_fitness,1_day,rep_1
train,1,0,22406,22406,53560,84,6,327,9.0,2,8,2,1026.3405867449655,15,265.0,360.0,95.0,3.789473684210526,19.0,0.6666666666666666,17.666666666666668,19.0,1,rolling,losing_streak_fitness,1_day,rep_1
test,1,0,22406,22406,53560,84,6,327,9.0,2,8,2,-74.16719920220798,22,-253.0,108.0,361.0,0.299168975069252,304.0,0.1363636363636363,-11.5,19.0,16,rolling,losing_streak_fitness,1_day,rep_1
train,1,0,22406,22406,53560,85,6,327,9.0,2,8,2,1026.3405867449655,15,265.0,360.0,95.0,3.789473684210526,19.0,0.6666666666666666,17.666666666666668,19.0,1,rolling,losing_streak_fitness,1_day,rep_1
test,1,0,22406,22406,53560,85,6,327,9.0,2,8,2,-74.16719920220798,22,-253.0,108.0,361.0,0.299168975069252,304.0,0.1363636363636363,-11.5,19.0,16,rolling,losing_streak_fitness,1_day,rep_1
train,1,0,22406,22406,53560,86,6,327,9.0,2,8,2,1026.3405867449655,15,265.0,360.0,95.0,3.789473684210526,19.0,0.6666666666666666,17.666666666666668,19.0,1,rolling,losing_streak_fitness,1_day,rep_1
test,1,0,22406,22406,53560,86,6,327,9.0,2,8,2,-74.16719920220798,22,-253.0,108.0,361.0,0.299168975069252,304.0,0.1363636363636363,-11.5,19.0,16,rolling,losing_streak_fitness,1_day,rep_1
train,1,0,22406,22406,53560,87,6,300,9.25,2,9,2,1025.21412397606,14,274.0,369.0,95.0,3.8842105263157896,19.0,0.6428571428571429,19.571428571428573,19.0,1,rolling,losing_streak_fitness,1_day,rep_1
test,1,0,22406,22406,53560,87,6,300,9.25,2,9,2,-84.18138268234503,20,-320.0,41.0,361.0,0.113573407202216,323.0,0.05,-16.0,19.0,17,rolling,losing_streak_fitness,1_day,rep_1
train,1,0,22406,22406,53560,88,6,300,9.5,2,9,2,1025.21412397606,14,274.0,369.0,95.0,3.8842105263157896,19.0,0.6428571428571429,19.571428571428573,19.0,1,rolling,losing_streak_fitness,1_day,rep_1
test,1,0,22406,22406,53560,88,6,300,9.5,2,9,2,-84.18138268234503,20,-320.0,41.0,361.0,0.113573407202216,323.0,0.05,-16.0,19.0,17,rolling,losing_streak_fitness,1_day,rep_1
train,1,0,22406,22406,53560,89,6,300,9.25,2,9,2,1025.21412397606,14,274.0,369.0,95.0,3.8842105263157896,19.0,0.6428571428571429,19.571428571428573,19.0,1,rolling,losing_streak_fitness,1_day,rep_1
test,1,0,22406,22406,53560,89,6,300,9.25,2,9,2,-84.18138268234503,20,-320.0,41.0,361.0,0.113573407202216,323.0,0.05,-16.0,19.0,17,rolling,losing_streak_fitness,1_day,rep_1
train,1,0,22406,22406,53560,90,6,300,9.25,2,9,2,1025.21412397606,14,274.0,369.0,95.0,3.8842105263157896,19.0,0.6428571428571429,19.571428571428573,19.0,1,rolling,losing_streak_fitness,1_day,rep_1
test,1,0,22406,22406,53560,90,6,300,9.25,2,9,2,-84.18138268234503,20,-320.0,41.0,361.0,0.113573407202216,323.0,0.05,-16.0,19.0,17,rolling,losing_streak_fitness,1_day,rep_1
train,1,0,22406,22406,53560,91,6,300,9.0,2,9,2,1025.21412397606,14,274.0,369.0,95.0,3.8842105263157896,19.0,0.6428571428571429,19.571428571428573,19.0,1,rolling,losing_streak_fitness,1_day,rep_1
test,1,0,22406,22406,53560,91,6,300,9.0,2,9,2,-84.18138268234503,20,-320.0,41.0,361.0,0.113573407202216,323.0,0.05,-16.0,19.0,17,rolling,losing_streak_fitness,1_day,rep_1
train,1,0,22406,22406,53560,92,6,300,9.0,2,9,2,1025.21412397606,14,274.0,369.0,95.0,3.8842105263157896,19.0,0.6428571428571429,19.571428571428573,19.0,1,rolling,losing_streak_fitness,1_day,rep_1
test,1,0,22406,22406,53560,92,6,300,9.0,2,9,2,-84.18138268234503,20,-320.0,41.0,361.0,0.113573407202216,323.0,0.05,-16.0,19.0,17,rolling,losing_streak_fitness,1_day,rep_1
train,1,0,22406,22406,53560,93,6,294,9.25,2,9,2,1025.21412397606,14,274.0,369.0,95.0,3.8842105263157896,19.0,0.6428571428571429,19.571428571428573,19.0,1,rolling,losing_streak_fitness,1_day,rep_1
test,1,0,22406,22406,53560,93,6,294,9.25,2,9,2,-84.18138268234503,20,-320.0,41.0,361.0,0.113573407202216,323.0,0.05,-16.0,19.0,17,rolling,losing_streak_fitness,1_day,rep_1
train,1,0,22406,22406,53560,94,6,300,9.0,2,9,2,1025.21412397606,14,274.0,369.0,95.0,3.8842105263157896,19.0,0.6428571428571429,19.571428571428573,19.0,1,rolling,losing_streak_fitness,1_day,rep_1
test,1,0,22406,22406,53560,94,6,300,9.0,2,9,2,-84.18138268234503,20,-320.0,41.0,361.0,0.113573407202216,323.0,0.05,-16.0,19.0,17,rolling,losing_streak_fitness,1_day,rep_1
train,1,0,22406,22406,53560,95,6,297,9.25,2,9,2,1025.21412397606,14,274.0,369.0,95.0,3.8842105263157896,19.0,0.6428571428571429,19.571428571428573,19.0,1,rolling,losing_streak_fitness,1_day,rep_1
test,1,0,22406,22406,53560,95,6,297,9.25,2,9,2,-84.18138268234503,20,-320.0,41.0,361.0,0.113573407202216,323.0,0.05,-16.0,19.0,17,rolling,losing_streak_fitness,1_day,rep_1
train,1,0,22406,22406,53560,96,6,300,9.25,2,9,2,1025.21412397606,14,274.0,369.0,95.0,3.8842105263157896,19.0,0.6428571428571429,19.571428571428573,19.0,1,rolling,losing_streak_fitness,1_day,rep_1
test,1,0,22406,22406,53560,96,6,300,9.25,2,9,2,-84.18138268234503,20,-320.0,41.0,361.0,0.113573407202216,323.0,0.05,-16.0,19.0,17,rolling,losing_streak_fitness,1_day,rep_1
train,1,0,22406,22406,53560,97,6,300,9.25,2,9,2,1025.21412397606,14,274.0,369.0,95.0,3.8842105263157896,19.0,0.6428571428571429,19.571428571428573,19.0,1,rolling,losing_streak_fitness,1_day,rep_1
test,1,0,22406,22406,53560,97,6,300,9.25,2,9,2,-84.18138268234503,20,-320.0,41.0,361.0,0.113573407202216,323.0,0.05,-16.0,19.0,17,rolling,losing_streak_fitness,1_day,rep_1
train,1,0,22406,22406,53560,98,6,300,9.25,2,9,2,1025.21412397606,14,274.0,369.0,95.0,3.8842105263157896,19.0,0.6428571428571429,19.571428571428573,19.0,1,rolling,losing_streak_fitness,1_day,rep_1
test,1,0,22406,22406,53560,98,6,300,9.25,2,9,2,-84.18138268234503,20,-320.0,41.0,361.0,0.113573407202216,323.0,0.05,-16.0,19.0,17,rolling,losing_streak_fitness,1_day,rep_1
train,1,0,22406,22406,53560,99,6,300,9.5,2,9,2,1025.21412397606,14,274.0,369.0,95.0,3.8842105263157896,19.0,0.6428571428571429,19.571428571428573,19.0,1,rolling,losing_streak_fitness,1_day,rep_1
test,1,0,22406,22406,53560,99,6,300,9.5,2,9,2,-84.18138268234503,20,-320.0,41.0,361.0,0.113573407202216,323.0,0.05,-16.0,19.0,17,rolling,losing_streak_fitness,1_day,rep_1
train,1,0,22406,22406,53560,100,6,300,9.0,2,9,2,1025.21412397606,14,274.0,369.0,95.0,3.8842105263157896,19.0,0.6428571428571429,19.571428571428573,19.0,1,rolling,losing_streak_fitness,1_day,rep_1
test,1,0,22406,22406,53560,100,6,300,9.0,2,9,2,-84.18138268234503,20,-320.0,41.0,361.0,0.113573407202216,323.0,0.05,-16.0,19.0,17,rolling,losing_streak_fitness,1_day,rep_1
train,2,22406,53560,53560,86986,0,10,1023,4.0,4,8,2,25.238858928247925,13,28.0,180.0,152.0,1.1842105263157894,97.0,0.3846153846153846,2.1538461538461537,19.0,4,rolling,losing_streak_fitness,1_day,rep_1
test,2,22406,53560,53560,86986,0,10,1023,4.0,4,8,2,36.4828726939094,11,66.0,180.0,114.0,1.5789473684210529,114.0,0.4545454545454545,6.0,19.0,6,rolling,losing_streak_fitness,1_day,rep_1
train,2,22406,53560,53560,86986,1,11,3378,9.5,1,5,4,41.46383966783588,13,23.0,168.0,145.0,1.1586206896551725,95.0,0.6153846153846154,1.7692307692307692,29.0,2,rolling,losing_streak_fitness,1_day,rep_1
test,2,22406,53560,53560,86986,1,11,3378,9.5,1,5,4,-42.1637021355784,10,-40.0,105.0,145.0,0.7241379310344828,124.0,0.5,-4.0,29.0,3,rolling,losing_streak_fitness,1_day,rep_1
train,2,22406,53560,53560,86986,2,13,1023,4.0,1,8,2,16.770509831248425,5,15.0,72.0,57.0,1.263157894736842,38.0,0.4,3.0,19.0,2,rolling,losing_streak_fitness,1_day,rep_1
test,2,22406,53560,53560,86986,2,13,1023,4.0,1,8,2,-1000.0,4,144.0,144.0,0.0,inf,0.0,1.0,36.0,0.0,0,rolling,losing_streak_fitness,1_day,rep_1
train,2,22406,53560,53560,86986,3,10,2894,6.25,1,12,2,52.1749194749951,20,70.0,336.0,266.0,1.263157894736842,114.0,0.3,3.5,19.0,6,rolling,losing_streak_fitness,1_day,rep_1
test,2,22406,53560,53560,86986,3,10,2894,6.25,1,12,2,-33.09259735953042,18,-117.0,168.0,285.0,0.5894736842105263,285.0,0.1666666666666666,-6.5,19.0,15,rolling,losing_streak_fitness,1_day,rep_1
train,2,22406,53560,53560,86986,4,10,1043,5.5,1,12,2,75.45321398058535,11,91.0,224.0,133.0,1.6842105263157894,77.0,0.3636363636363636,8.272727272727273,19.0,4,rolling,losing_streak_fitness,1_day,rep_1
test,2,22406,53560,53560,86986,4,10,1043,5.5,1,12,2,-7.932212806020776,13,-22.0,168.0,190.0,0.8842105263157894,190.0,0.2307692307692307,-1.6923076923076923,19.0,10,rolling,losing_streak_fitness,1_day,rep_1
train,2,22406,53560,53560,86986,5,9,1023,4.0,6,8,2,58.09475019311125,15,45.0,216.0,171.0,1.263157894736842,80.0,0.4,3.0,19.0,3,rolling,losing_streak_fitness,1_day,rep_1
test,2,22406,53560,53560,86986,5,9,1023,4.0,6,8,2,-5.091168824543142,18,-12.0,216.0,228.0,0.9473684210526316,192.0,0.3333333333333333,-0.6666666666666666,19.0,10,rolling,losing_streak_fitness,1_day,rep_1
train,2,22406,53560,53560,86986,6,10,2534,4.0,1,9,2,102.87856919689348,24,84.0,369.0,285.0,1.2947368421052632,83.0,0.375,3.5,19.0,4,rolling,losing_streak_fitness,1_day,rep_1
test,2,22406,53560,53560,86986,6,10,2534,4.0,1,9,2,-32.52462512726967,20,-80.0,205.0,285.0,0.7192982456140351,244.0,0.25,-4.0,19.0,11,rolling,losing_streak_fitness,1_day,rep_1
train,2,22406,53560,53560,86986,7,10,2534,5.5,1,9,2,102.87856919689348,24,84.0,369.0,285.0,1.2947368421052632,83.0,0.375,3.5,19.0,4,rolling,losing_streak_fitness,1_day,rep_1
test,2,22406,53560,53560,86986,7,10,2534,5.5,1,9,2,-32.52462512726967,20,-80.0,205.0,285.0,0.7192982456140351,244.0,0.25,-4.0,19.0,11,rolling,losing_streak_fitness,1_day,rep_1
train,2,22406,53560,53560,86986,8,9,1023,3.75,7,8,2,79.82202425117741,14,64.0,216.0,152.0,1.4210526315789471,61.0,0.4285714285714285,4.571428571428571,19.0,3,rolling,losing_streak_fitness,1_day,rep_1
test,2,22406,53560,53560,86986,8,9,1023,3.75,7,8,2,-23.688077169749334,18,-67.0,180.0,247.0,0.728744939271255,228.0,0.2777777777777778,-3.7222222222222223,19.0,12,rolling,losing_streak_fitness,1_day,rep_1
train,2,22406,53560,53560,86986,9,9,1147,5.5,7,8,2,73.5,9,49.0,144.0,95.0,1.5157894736842106,38.0,0.4444444444444444,5.444444444444445,19.0,2,rolling,losing_streak_fitness,1_day,rep_1
test,2,22406,53560,53560,86986,9,9,1147,5.5,7,8,2,-10.816653826391969,13,-27.0,144.0,171.0,0.8421052631578947,171.0,0.3076923076923077,-2.076923076923077,19.0,9,rolling,losing_streak_fitness,1_day,rep_1
train,2,22406,53560,53560,86986,10,11,1023,4.0,4,6,2,103.23759005323596,8,73.0,130.0,57.0,2.280701754385965,38.0,0.625,9.125,19.0,2,rolling,losing_streak_fitness,1_day,rep_1
test,2,22406,53560,53560,86986,10,11,1023,4.0,4,6,2,80.83316151184486,6,66.0,104.0,38.0,2.736842105263158,38.0,0.6666666666666666,11.0,19.0,2,rolling,losing_streak_fitness,1_day,rep_1
train,2,22406,53560,53560,86986,11,9,950,3.75,4,10,2,101.6658128379447,15,105.0,276.0,171.0,1.6140350877192982,76.0,0.4,7.0,19.0,4,rolling,losing_streak_fitness,1_day,rep_1
test,2,22406,53560,53560,86986,11,9,950,3.75,4,10,2,-33.55451274335223,22,-93.0,230.0,323.0,0.7120743034055728,277.0,0.2272727272727272,-4.227272727272728,19.0,13,rolling,losing_streak_fitness,1_day,rep_1
train,2,22406,53560,53560,86986,12,9,912,4.0,7,8,2,134.39680055715613,10,85.0,180.0,95.0,1.894736842105263,38.0,0.5,8.5,19.0,2,rolling,losing_streak_fitness,1_day,rep_1
test,2,22406,53560,53560,86986,12,9,912,4.0,7,8,2,-11.6,16,-29.0,180.0,209.0,0.861244019138756,190.0,0.3125,-1.8125,19.0,10,rolling,losing_streak_fitness,1_day,rep_1
train,2,22406,53560,53560,86986,13,7,950,4.0,7,12,2,150.9064279611707,11,91.0,224.0,133.0,1.6842105263157894,38.0,0.3636363636363636,8.272727272727273,19.0,2,rolling,losing_streak_fitness,1_day,rep_1
test,2,22406,53560,53560,86986,13,7,950,4.0,7,12,2,40.57142857142857,16,71.0,280.0,209.0,1.3397129186602872,133.0,0.3125,4.4375,19.0,7,rolling,losing_streak_fitness,1_day,rep_1
train,2,22406,53560,53560,86986,14,9,912,3.75,7,8,2,200.65579981650168,11,121.0,216.0,95.0,2.273684210526316,38.0,0.5454545454545454,11.0,19.0,2,rolling,losing_streak_fitness,1_day,rep_1
test,2,22406,53560,53560,86986,14,9,912,3.75,7,8,2,-23.688077169749334,18,-67.0,180.0,247.0,0.728744939271255,228.0,0.2777777777777778,-3.7222222222222223,19.0,12,rolling,losing_streak_fitness,1_day,rep_1
train,2,22406,53560,53560,86986,15,9,912,3.75,7,8,2,200.65579981650168,11,121.0,216.0,95.0,2.273684210526316,38.0,0.5454545454545454,11.0,19.0,2,rolling,losing_streak_fitness,1_day,rep_1
test,2,22406,53560,53560,86986,15,9,912,3.75,7,8,2,-23.688077169749334,18,-67.0,180.0,247.0,0.728744939271255,228.0,0.2777777777777778,-3.7222222222222223,19.0,12,rolling,losing_streak_fitness,1_day,rep_1
train,2,22406,53560,53560,86986,16,9,796,3.75,7,8,2,200.65579981650168,11,121.0,216.0,95.0,2.273684210526316,38.0,0.5454545454545454,11.0,19.0,2,rolling,losing_streak_fitness,1_day,rep_1
test,2,22406,53560,53560,86986,16,9,796,3.75,7,8,2,-23.688077169749334,18,-67.0,180.0,247.0,0.728744939271255,228.0,0.2777777777777778,-3.7222222222222223,19.0,12,rolling,losing_streak_fitness,1_day,rep_1
train,2,22406,53560,53560,86986,17,9,839,3.75,7,8,2,200.65579981650168,11,121.0,216.0,95.0,2.273684210526316,38.0,0.5454545454545454,11.0,19.0,2,rolling,losing_streak_fitness,1_day,rep_1
test,2,22406,53560,53560,86986,17,9,839,3.75,7,8,2,-23.688077169749334,18,-67.0,180.0,247.0,0.728744939271255,228.0,0.2777777777777778,-3.7222222222222223,19.0,12,rolling,losing_streak_fitness,1_day,rep_1
train,2,22406,53560,53560,86986,18,9,912,4.0,8,6,2,206.4751801064719,8,73.0,130.0,57.0,2.280701754385965,19.0,0.625,9.125,19.0,1,rolling,losing_streak_fitness,1_day,rep_1
test,2,22406,53560,53560,86986,18,9,912,4.0,8,6,2,-32.178253526255894,14,-86.0,104.0,190.0,0.5473684210526316,190.0,0.2857142857142857,-6.142857142857143,19.0,10,rolling,losing_streak_fitness,1_day,rep_1
train,2,22406,53560,53560,86986,19,9,883,3.5,8,8,2,200.65579981650168,11,121.0,216.0,95.0,2.273684210526316,38.0,0.5454545454545454,11.0,19.0,2,rolling,losing_streak_fitness,1_day,rep_1
test,2,22406,53560,53560,86986,19,9,883,3.5,8,8,2,-4.303314829119352,15,-10.0,180.0,190.0,0.9473684210526316,171.0,0.3333333333333333,-0.6666666666666666,19.0,9,rolling,losing_streak_fitness,1_day,rep_1
train,2,22406,53560,53560,86986,20,9,796,3.5,8,8,2,200.65579981650168,11,121.0,216.0,95.0,2.273684210526316,38.0,0.5454545454545454,11.0,19.0,2,rolling,losing_streak_fitness,1_day,rep_1
test,2,22406,53560,53560,86986,20,9,796,3.5,8,8,2,-4.303314829119352,15,-10.0,180.0,190.0,0.9473684210526316,171.0,0.3333333333333333,-0.6666666666666666,19.0,9,rolling,losing_streak_fitness,1_day,rep_1
train,2,22406,53560,53560,86986,21,9,912,3.5,7,8,2,200.65579981650168,11,121.0,216.0,95.0,2.273684210526316,38.0,0.5454545454545454,11.0,19.0,2,rolling,losing_streak_fitness,1_day,rep_1
test,2,22406,53560,53560,86986,21,9,912,3.5,7,8,2,-23.688077169749334,18,-67.0,180.0,247.0,0.728744939271255,228.0,0.2777777777777778,-3.7222222222222223,19.0,12,rolling,losing_streak_fitness,1_day,rep_1
train,2,22406,53560,53560,86986,22,9,796,3.75,8,8,2,200.65579981650168,11,121.0,216.0,95.0,2.273684210526316,38.0,0.5454545454545454,11.0,19.0,2,rolling,losing_streak_fitness,1_day,rep_1
test,2,22406,53560,53560,86986,22,9,796,3.75,8,8,2,-4.303314829119352,15,-10.0,180.0,190.0,0.9473684210526316,171.0,0.3333333333333333,-0.6666666666666666,19.0,9,rolling,losing_streak_fitness,1_day,rep_1
train,2,22406,53560,53560,86986,23,9,796,3.75,7,8,2,200.65579981650168,11,121.0,216.0,95.0,2.273684210526316,38.0,0.5454545454545454,11.0,19.0,2,rolling,losing_streak_fitness,1_day,rep_1
test,2,22406,53560,53560,86986,23,9,796,3.75,7,8,2,-23.688077169749334,18,-67.0,180.0,247.0,0.728744939271255,228.0,0.2777777777777778,-3.7222222222222223,19.0,12,rolling,losing_streak_fitness,1_day,rep_1
train,2,22406,53560,53560,86986,24,9,875,3.75,7,8,2,200.65579981650168,11,121.0,216.0,95.0,2.273684210526316,38.0,0.5454545454545454,11.0,19.0,2,rolling,losing_streak_fitness,1_day,rep_1
test,2,22406,53560,53560,86986,24,9,875,3.75,7,8,2,-23.688077169749334,18,-67.0,180.0,247.0,0.728744939271255,228.0,0.2777777777777778,-3.7222222222222223,19.0,12,rolling,losing_streak_fitness,1_day,rep_1
train,2,22406,53560,53560,86986,25,9,839,3.5,7,8,2,200.65579981650168,11,121.0,216.0,95.0,2.273684210526316,38.0,0.5454545454545454,11.0,19.0,2,rolling,losing_streak_fitness,1_day,rep_1
test,2,22406,53560,53560,86986,25,9,839,3.5,7,8,2,-23.688077169749334,18,-67.0,180.0,247.0,0.728744939271255,228.0,0.2777777777777778,-3.7222222222222223,19.0,12,rolling,losing_streak_fitness,1_day,rep_1
train,2,22406,53560,53560,86986,26,9,839,3.75,8,8,2,200.65579981650168,11,121.0,216.0,95.0,2.273684210526316,38.0,0.5454545454545454,11.0,19.0,2,rolling,losing_streak_fitness,1_day,rep_1
test,2,22406,53560,53560,86986,26,9,839,3.75,8,8,2,-4.303314829119352,15,-10.0,180.0,190.0,0.9473684210526316,171.0,0.3333333333333333,-0.6666666666666666,19.0,9,rolling,losing_streak_fitness,1_day,rep_1
train,2,22406,53560,53560,86986,27,9,912,3.75,8,8,2,200.65579981650168,11,121.0,216.0,95.0,2.273684210526316,38.0,0.5454545454545454,11.0,19.0,2,rolling,losing_streak_fitness,1_day,rep_1
test,2,22406,53560,53560,86986,27,9,912,3.75,8,8,2,-4.303314829119352,15,-10.0,180.0,190.0,0.9473684210526316,171.0,0.3333333333333333,-0.6666666666666666,19.0,9,rolling,losing_streak_fitness,1_day,rep_1
train,2,22406,53560,53560,86986,28,9,796,3.75,7,8,2,200.65579981650168,11,121.0,216.0,95.0,2.273684210526316,38.0,0.5454545454545454,11.0,19.0,2,rolling,losing_streak_fitness,1_day,rep_1
test,2,22406,53560,53560,86986,28,9,796,3.75,7,8,2,-23.688077169749334,18,-67.0,180.0,247.0,0.728744939271255,228.0,0.2777777777777778,-3.7222222222222223,19.0,12,rolling,losing_streak_fitness,1_day,rep_1
train,2,22406,53560,53560,86986,29,9,796,3.5,7,8,2,200.65579981650168,11,121.0,216.0,95.0,2.273684210526316,38.0,0.5454545454545454,11.0,19.0,2,rolling,losing_streak_fitness,1_day,rep_1
test,2,22406,53560,53560,86986,29,9,796,3.5,7,8,2,-23.688077169749334,18,-67.0,180.0,247.0,0.728744939271255,228.0,0.2777777777777778,-3.7222222222222223,19.0,12,rolling,losing_streak_fitness,1_day,rep_1
train,2,22406,53560,53560,86986,30,9,796,3.75,7,8,2,200.65579981650168,11,121.0,216.0,95.0,2.273684210526316,38.0,0.5454545454545454,11.0,19.0,2,rolling,losing_streak_fitness,1_day,rep_1
test,2,22406,53560,53560,86986,30,9,796,3.75,7,8,2,-23.688077169749334,18,-67.0,180.0,247.0,0.728744939271255,228.0,0.2777777777777778,-3.7222222222222223,19.0,12,rolling,losing_streak_fitness,1_day,rep_1
train,2,22406,53560,53560,86986,31,9,912,3.75,7,8,2,200.65579981650168,11,121.0,216.0,95.0,2.273684210526316,38.0,0.5454545454545454,11.0,19.0,2,rolling,losing_streak_fitness,1_day,rep_1
test,2,22406,53560,53560,86986,31,9,912,3.75,7,8,2,-23.688077169749334,18,-67.0,180.0,247.0,0.728744939271255,228.0,0.2777777777777778,-3.7222222222222223,19.0,12,rolling,losing_streak_fitness,1_day,rep_1
train,2,22406,53560,53560,86986,32,9,756,3.25,7,8,2,200.65579981650168,11,121.0,216.0,95.0,2.273684210526316,38.0,0.5454545454545454,11.0,19.0,2,rolling,losing_streak_fitness,1_day,rep_1
test,2,22406,53560,53560,86986,32,9,756,3.25,7,8,2,-17.991733639058882,17,-48.0,180.0,228.0,0.7894736842105263,209.0,0.2941176470588235,-2.823529411764706,19.0,11,rolling,losing_streak_fitness,1_day,rep_1
train,2,22406,53560,53560,86986,33,9,756,3.0,8,8,2,200.65579981650168,11,121.0,216.0,95.0,2.273684210526316,38.0,0.5454545454545454,11.0,19.0,2,rolling,losing_streak_fitness,1_day,rep_1
test,2,22406,53560,53560,86986,33,9,756,3.0,8,8,2,-4.303314829119352,15,-10.0,180.0,190.0,0.9473684210526316,171.0,0.3333333333333333,-0.6666666666666666,19.0,9,rolling,losing_streak_fitness,1_day,rep_1
train,2,22406,53560,53560,86986,34,9,756,3.75,8,8,2,200.65579981650168,11,121.0,216.0,95.0,2.273684210526316,38.0,0.5454545454545454,11.0,19.0,2,rolling,losing_streak_fitness,1_day,rep_1
test,2,22406,53560,53560,86986,34,9,756,3.75,8,8,2,-4.303314829119352,15,-10.0,180.0,190.0,0.9473684210526316,171.0,0.3333333333333333,-0.6666666666666666,19.0,9,rolling,losing_streak_fitness,1_day,rep_1
train,2,22406,53560,53560,86986,35,9,796,3.5,7,8,2,200.65579981650168,11,121.0,216.0,95.0,2.273684210526316,38.0,0.5454545454545454,11.0,19.0,2,rolling,losing_streak_fitness,1_day,rep_1
test,2,22406,53560,53560,86986,35,9,796,3.5,7,8,2,-23.688077169749334,18,-67.0,180.0,247.0,0.728744939271255,228.0,0.2777777777777778,-3.7222222222222223,19.0,12,rolling,losing_streak_fitness,1_day,rep_1
train,2,22406,53560,53560,86986,36,9,853,3.0,7,8,2,200.65579981650168,11,121.0,216.0,95.0,2.273684210526316,38.0,0.5454545454545454,11.0,19.0,2,rolling,losing_streak_fitness,1_day,rep_1
test,2,22406,53560,53560,86986,36,9,853,3.0,7,8,2,-23.688077169749334,18,-67.0,180.0,247.0,0.728744939271255,228.0,0.2777777777777778,-3.7222222222222223,19.0,12,rolling,losing_streak_fitness,1_day,rep_1
train,2,22406,53560,53560,86986,37,9,796,3.5,8,8,2,200.65579981650168,11,121.0,216.0,95.0,2.273684210526316,38.0,0.5454545454545454,11.0,19.0,2,rolling,losing_streak_fitness,1_day,rep_1
test,2,22406,53560,53560,86986,37,9,796,3.5,8,8,2,-4.303314829119352,15,-10.0,180.0,190.0,0.9473684210526316,171.0,0.3333333333333333,-0.6666666666666666,19.0,9,rolling,losing_streak_fitness,1_day,rep_1
train,2,22406,53560,53560,86986,38,9,756,3.5,8,8,2,200.65579981650168,11,121.0,216.0,95.0,2.273684210526316,38.0,0.5454545454545454,11.0,19.0,2,rolling,losing_streak_fitness,1_day,rep_1
test,2,22406,53560,53560,86986,38,9,756,3.5,8,8,2,-4.303314829119352,15,-10.0,180.0,190.0,0.9473684210526316,171.0,0.3333333333333333,-0.6666666666666666,19.0,9,rolling,losing_streak_fitness,1_day,rep_1
train,2,22406,53560,53560,86986,39,9,827,3.25,8,8,2,200.65579981650168,11,121.0,216.0,95.0,2.273684210526316,38.0,0.5454545454545454,11.0,19.0,2,rolling,losing_streak_fitness,1_day,rep_1
test,2,22406,53560,53560,86986,39,9,827,3.25,8,8,2,-4.303314829119352,15,-10.0,180.0,190.0,0.9473684210526316,171.0,0.3333333333333333,-0.6666666666666666,19.0,9,rolling,losing_streak_fitness,1_day,rep_1
train,2,22406,53560,53560,86986,40,9,855,3.25,7,8,2,200.65579981650168,11,121.0,216.0,95.0,2.273684210526316,38.0,0.5454545454545454,11.0,19.0,2,rolling,losing_streak_fitness,1_day,rep_1
test,2,22406,53560,53560,86986,40,9,855,3.25,7,8,2,-23.688077169749334,18,-67.0,180.0,247.0,0.728744939271255,228.0,0.2777777777777778,-3.7222222222222223,19.0,12,rolling,losing_streak_fitness,1_day,rep_1
train,2,22406,53560,53560,86986,41,9,796,3.25,7,8,2,200.65579981650168,11,121.0,216.0,95.0,2.273684210526316,38.0,0.5454545454545454,11.0,19.0,2,rolling,losing_streak_fitness,1_day,rep_1
test,2,22406,53560,53560,86986,41,9,796,3.25,7,8,2,-23.688077169749334,18,-67.0,180.0,247.0,0.728744939271255,228.0,0.2777777777777778,-3.7222222222222223,19.0,12,rolling,losing_streak_fitness,1_day,rep_1
train,2,22406,53560,53560,86986,42,9,820,3.25,7,8,2,200.65579981650168,11,121.0,216.0,95.0,2.273684210526316,38.0,0.5454545454545454,11.0,19.0,2,rolling,losing_streak_fitness,1_day,rep_1
test,2,22406,53560,53560,86986,42,9,820,3.25,7,8,2,-23.688077169749334,18,-67.0,180.0,247.0,0.728744939271255,228.0,0.2777777777777778,-3.7222222222222223,19.0,12,rolling,losing_streak_fitness,1_day,rep_1
train,2,22406,53560,53560,86986,43,9,827,3.5,8,8,2,200.65579981650168,11,121.0,216.0,95.0,2.273684210526316,38.0,0.5454545454545454,11.0,19.0,2,rolling,losing_streak_fitness,1_day,rep_1
test,2,22406,53560,53560,86986,43,9,827,3.5,8,8,2,-4.303314829119352,15,-10.0,180.0,190.0,0.9473684210526316,171.0,0.3333333333333333,-0.6666666666666666,19.0,9,rolling,losing_streak_fitness,1_day,rep_1
train,2,22406,53560,53560,86986,44,9,740,3.5,7,8,2,200.65579981650168,11,121.0,216.0,95.0,2.273684210526316,38.0,0.5454545454545454,11.0,19.0,2,rolling,losing_streak_fitness,1_day,rep_1
test,2,22406,53560,53560,86986,44,9,740,3.5,7,8,2,-11.6,16,-29.0,180.0,209.0,0.861244019138756,190.0,0.3125,-1.8125,19.0,10,rolling,losing_streak_fitness,1_day,rep_1
train,2,22406,53560,53560,86986,45,9,760,3.5,7,8,2,200.65579981650168,11,121.0,216.0,95.0,2.273684210526316,38.0,0.5454545454545454,11.0,19.0,2,rolling,losing_streak_fitness,1_day,rep_1
test,2,22406,53560,53560,86986,45,9,760,3.5,7,8,2,-17.991733639058882,17,-48.0,180.0,228.0,0.7894736842105263,209.0,0.2941176470588235,-2.823529411764706,19.0,11,rolling,losing_streak_fitness,1_day,rep_1
train,2,22406,53560,53560,86986,46,9,855,3.25,7,8,2,200.65579981650168,11,121.0,216.0,95.0,2.273684210526316,38.0,0.5454545454545454,11.0,19.0,2,rolling,losing_streak_fitness,1_day,rep_1
test,2,22406,53560,53560,86986,46,9,855,3.25,7,8,2,-23.688077169749334,18,-67.0,180.0,247.0,0.728744939271255,228.0,0.2777777777777778,-3.7222222222222223,19.0,12,rolling,losing_streak_fitness,1_day,rep_1
train,2,22406,53560,53560,86986,47,9,796,3.25,7,8,2,200.65579981650168,11,121.0,216.0,95.0,2.273684210526316,38.0,0.5454545454545454,11.0,19.0,2,rolling,losing_streak_fitness,1_day,rep_1
test,2,22406,53560,53560,86986,47,9,796,3.25,7,8,2,-23.688077169749334,18,-67.0,180.0,247.0,0.728744939271255,228.0,0.2777777777777778,-3.7222222222222223,19.0,12,rolling,losing_streak_fitness,1_day,rep_1
train,2,22406,53560,53560,86986,48,9,811,3.25,7,8,2,200.65579981650168,11,121.0,216.0,95.0,2.273684210526316,38.0,0.5454545454545454,11.0,19.0,2,rolling,losing_streak_fitness,1_day,rep_1
test,2,22406,53560,53560,86986,48,9,811,3.25,7,8,2,-23.688077169749334,18,-67.0,180.0,247.0,0.728744939271255,228.0,0.2777777777777778,-3.7222222222222223,19.0,12,rolling,losing_streak_fitness,1_day,rep_1
train,2,22406,53560,53560,86986,49,9,803,3.75,7,8,2,200.65579981650168,11,121.0,216.0,95.0,2.273684210526316,38.0,0.5454545454545454,11.0,19.0,2,rolling,losing_streak_fitness,1_day,rep_1
test,2,22406,53560,53560,86986,49,9,803,3.75,7,8,2,-23.688077169749334,18,-67.0,180.0,247.0,0.728744939271255,228.0,0.2777777777777778,-3.7222222222222223,19.0,12,rolling,losing_streak_fitness,1_day,rep_1
train,2,22406,53560,53560,86986,50,9,820,3.25,7,8,2,200.65579981650168,11,121.0,216.0,95.0,2.273684210526316,38.0,0.5454545454545454,11.0,19.0,2,rolling,losing_streak_fitness,1_day,rep_1
test,2,22406,53560,53560,86986,50,9,820,3.25,7,8,2,-23.688077169749334,18,-67.0,180.0,247.0,0.728744939271255,228.0,0.2777777777777778,-3.7222222222222223,19.0,12,rolling,losing_streak_fitness,1_day,rep_1
train,2,22406,53560,53560,86986,51,9,796,3.5,7,8,2,200.65579981650168,11,121.0,216.0,95.0,2.273684210526316,38.0,0.5454545454545454,11.0,19.0,2,rolling,losing_streak_fitness,1_day,rep_1
test,2,22406,53560,53560,86986,51,9,796,3.5,7,8,2,-23.688077169749334,18,-67.0,180.0,247.0,0.728744939271255,228.0,0.2777777777777778,-3.7222222222222223,19.0,12,rolling,losing_streak_fitness,1_day,rep_1
train,2,22406,53560,53560,86986,52,9,796,3.75,8,8,2,200.65579981650168,11,121.0,216.0,95.0,2.273684210526316,38.0,0.5454545454545454,11.0,19.0,2,rolling,losing_streak_fitness,1_day,rep_1
test,2,22406,53560,53560,86986,52,9,796,3.75,8,8,2,-4.303314829119352,15,-10.0,180.0,190.0,0.9473684210526316,171.0,0.3333333333333333,-0.6666666666666666,19.0,9,rolling,losing_streak_fitness,1_day,rep_1
train,2,22406,53560,53560,86986,53,9,788,3.0,7,8,2,200.65579981650168,11,121.0,216.0,95.0,2.273684210526316,38.0,0.5454545454545454,11.0,19.0,2,rolling,losing_streak_fitness,1_day,rep_1
test,2,22406,53560,53560,86986,53,9,788,3.0,7,8,2,-23.688077169749334,18,-67.0,180.0,247.0,0.728744939271255,228.0,0.2777777777777778,-3.7222222222222223,19.0,12,rolling,losing_streak_fitness,1_day,rep_1
train,2,22406,53560,53560,86986,54,9,912,3.0,8,8,2,200.65579981650168,11,121.0,216.0,95.0,2.273684210526316,38.0,0.5454545454545454,11.0,19.0,2,rolling,losing_streak_fitness,1_day,rep_1
test,2,22406,53560,53560,86986,54,9,912,3.0,8,8,2,-4.303314829119352,15,-10.0,180.0,190.0,0.9473684210526316,171.0,0.3333333333333333,-0.6666666666666666,19.0,9,rolling,losing_streak_fitness,1_day,rep_1
train,2,22406,53560,53560,86986,55,9,912,3.75,7,8,2,200.65579981650168,11,121.0,216.0,95.0,2.273684210526316,38.0,0.5454545454545454,11.0,19.0,2,rolling,losing_streak_fitness,1_day,rep_1
test,2,22406,53560,53560,86986,55,9,912,3.75,7,8,2,-23.688077169749334,18,-67.0,180.0,247.0,0.728744939271255,228.0,0.2777777777777778,-3.7222222222222223,19.0,12,rolling,losing_streak_fitness,1_day,rep_1
train,2,22406,53560,53560,86986,56,9,855,3.75,8,8,2,200.65579981650168,11,121.0,216.0,95.0,2.273684210526316,38.0,0.5454545454545454,11.0,19.0,2,rolling,losing_streak_fitness,1_day,rep_1
test,2,22406,53560,53560,86986,56,9,855,3.75,8,8,2,-4.303314829119352,15,-10.0,180.0,190.0,0.9473684210526316,171.0,0.3333333333333333,-0.6666666666666666,19.0,9,rolling,losing_streak_fitness,1_day,rep_1
train,2,22406,53560,53560,86986,57,9,796,3.5,8,8,2,200.65579981650168,11,121.0,216.0,95.0,2.273684210526316,38.0,0.5454545454545454,11.0,19.0,2,rolling,losing_streak_fitness,1_day,rep_1
test,2,22406,53560,53560,86986,57,9,796,3.5,8,8,2,-4.303314829119352,15,-10.0,180.0,190.0,0.9473684210526316,171.0,0.3333333333333333,-0.6666666666666666,19.0,9,rolling,losing_streak_fitness,1_day,rep_1
train,2,22406,53560,53560,86986,58,9,788,3.75,8,8,2,200.65579981650168,11,121.0,216.0,95.0,2.273684210526316,38.0,0.5454545454545454,11.0,19.0,2,rolling,losing_streak_fitness,1_day,rep_1
test,2,22406,53560,53560,86986,58,9,788,3.75,8,8,2,-4.303314829119352,15,-10.0,180.0,190.0,0.9473684210526316,171.0,0.3333333333333333,-0.6666666666666666,19.0,9,rolling,losing_streak_fitness,1_day,rep_1
train,2,22406,53560,53560,86986,59,9,740,3.5,8,8,2,200.65579981650168,11,121.0,216.0,95.0,2.273684210526316,38.0,0.5454545454545454,11.0,19.0,2,rolling,losing_streak_fitness,1_day,rep_1
test,2,22406,53560,53560,86986,59,9,740,3.5,8,8,2,-4.303314829119352,15,-10.0,180.0,190.0,0.9473684210526316,171.0,0.3333333333333333,-0.6666666666666666,19.0,9,rolling,losing_streak_fitness,1_day,rep_1
train,2,22406,53560,53560,86986,60,9,740,3.0,7,8,2,200.65579981650168,11,121.0,216.0,95.0,2.273684210526316,38.0,0.5454545454545454,11.0,19.0,2,rolling,losing_streak_fitness,1_day,rep_1
test,2,22406,53560,53560,86986,60,9,740,3.0,7,8,2,-11.6,16,-29.0,180.0,209.0,0.861244019138756,190.0,0.3125,-1.8125,19.0,10,rolling,losing_streak_fitness,1_day,rep_1
train,2,22406,53560,53560,86986,61,9,788,3.0,7,8,2,200.65579981650168,11,121.0,216.0,95.0,2.273684210526316,38.0,0.5454545454545454,11.0,19.0,2,rolling,losing_streak_fitness,1_day,rep_1
test,2,22406,53560,53560,86986,61,9,788,3.0,7,8,2,-23.688077169749334,18,-67.0,180.0,247.0,0.728744939271255,228.0,0.2777777777777778,-3.7222222222222223,19.0,12,rolling,losing_streak_fitness,1_day,rep_1
train,2,22406,53560,53560,86986,62,9,912,3.75,7,8,2,200.65579981650168,11,121.0,216.0,95.0,2.273684210526316,38.0,0.5454545454545454,11.0,19.0,2,rolling,losing_streak_fitness,1_day,rep_1
test,2,22406,53560,53560,86986,62,9,912,3.75,7,8,2,-23.688077169749334,18,-67.0,180.0,247.0,0.728744939271255,228.0,0.2777777777777778,-3.7222222222222223,19.0,12,rolling,losing_streak_fitness,1_day,rep_1
train,2,22406,53560,53560,86986,63,9,788,3.0,7,8,2,200.65579981650168,11,121.0,216.0,95.0,2.273684210526316,38.0,0.5454545454545454,11.0,19.0,2,rolling,losing_streak_fitness,1_day,rep_1
test,2,22406,53560,53560,86986,63,9,788,3.0,7,8,2,-23.688077169749334,18,-67.0,180.0,247.0,0.728744939271255,228.0,0.2777777777777778,-3.7222222222222223,19.0,12,rolling,losing_streak_fitness,1_day,rep_1
train,2,22406,53560,53560,86986,64,9,811,3.5,8,8,2,200.65579981650168,11,121.0,216.0,95.0,2.273684210526316,38.0,0.5454545454545454,11.0,19.0,2,rolling,losing_streak_fitness,1_day,rep_1
test,2,22406,53560,53560,86986,64,9,811,3.5,8,8,2,-4.303314829119352,15,-10.0,180.0,190.0,0.9473684210526316,171.0,0.3333333333333333,-0.6666666666666666,19.0,9,rolling,losing_streak_fitness,1_day,rep_1
train,2,22406,53560,53560,86986,65,9,912,3.0,8,8,2,200.65579981650168,11,121.0,216.0,95.0,2.273684210526316,38.0,0.5454545454545454,11.0,19.0,2,rolling,losing_streak_fitness,1_day,rep_1
test,2,22406,53560,53560,86986,65,9,912,3.0,8,8,2,-4.303314829119352,15,-10.0,180.0,190.0,0.9473684210526316,171.0,0.3333333333333333,-0.6666666666666666,19.0,9,rolling,losing_streak_fitness,1_day,rep_1
train,2,22406,53560,53560,86986,66,9,788,3.5,8,8,2,200.65579981650168,11,121.0,216.0,95.0,2.273684210526316,38.0,0.5454545454545454,11.0,19.0,2,rolling,losing_streak_fitness,1_day,rep_1
test,2,22406,53560,53560,86986,66,9,788,3.5,8,8,2,-4.303314829119352,15,-10.0,180.0,190.0,0.9473684210526316,171.0,0.3333333333333333,-0.6666666666666666,19.0,9,rolling,losing_streak_fitness,1_day,rep_1
train,2,22406,53560,53560,86986,67,9,912,3.5,7,8,2,200.65579981650168,11,121.0,216.0,95.0,2.273684210526316,38.0,0.5454545454545454,11.0,19.0,2,rolling,losing_streak_fitness,1_day,rep_1
test,2,22406,53560,53560,86986,67,9,912,3.5,7,8,2,-23.688077169749334,18,-67.0,180.0,247.0,0.728744939271255,228.0,0.2777777777777778,-3.7222222222222223,19.0,12,rolling,losing_streak_fitness,1_day,rep_1
train,2,22406,53560,53560,86986,68,9,776,3.75,7,8,2,200.65579981650168,11,121.0,216.0,95.0,2.273684210526316,38.0,0.5454545454545454,11.0,19.0,2,rolling,losing_streak_fitness,1_day,rep_1
test,2,22406,53560,53560,86986,68,9,776,3.75,7,8,2,-23.688077169749334,18,-67.0,180.0,247.0,0.728744939271255,228.0,0.2777777777777778,-3.7222222222222223,19.0,12,rolling,losing_streak_fitness,1_day,rep_1
train,2,22406,53560,53560,86986,69,9,855,3.5,7,8,2,200.65579981650168,11,121.0,216.0,95.0,2.273684210526316,38.0,0.5454545454545454,11.0,19.0,2,rolling,losing_streak_fitness,1_day,rep_1
test,2,22406,53560,53560,86986,69,9,855,3.5,7,8,2,-23.688077169749334,18,-67.0,180.0,247.0,0.728744939271255,228.0,0.2777777777777778,-3.7222222222222223,19.0,12,rolling,losing_streak_fitness,1_day,rep_1
train,2,22406,53560,53560,86986,70,9,726,3.25,7,8,2,200.65579981650168,11,121.0,216.0,95.0,2.273684210526316,38.0,0.5454545454545454,11.0,19.0,2,rolling,losing_streak_fitness,1_day,rep_1
test,2,22406,53560,53560,86986,70,9,726,3.25,7,8,2,-11.6,16,-29.0,180.0,209.0,0.861244019138756,190.0,0.3125,-1.8125,19.0,10,rolling,losing_streak_fitness,1_day,rep_1
train,2,22406,53560,53560,86986,71,9,726,3.75,8,8,2,200.65579981650168,11,121.0,216.0,95.0,2.273684210526316,38.0,0.5454545454545454,11.0,19.0,2,rolling,losing_streak_fitness,1_day,rep_1
test,2,22406,53560,53560,86986,71,9,726,3.75,8,8,2,-4.303314829119352,15,-10.0,180.0,190.0,0.9473684210526316,171.0,0.3333333333333333,-0.6666666666666666,19.0,9,rolling,losing_streak_fitness,1_day,rep_1
train,2,22406,53560,53560,86986,72,9,855,3.75,7,8,2,200.65579981650168,11,121.0,216.0,95.0,2.273684210526316,38.0,0.5454545454545454,11.0,19.0,2,rolling,losing_streak_fitness,1_day,rep_1
test,2,22406,53560,53560,86986,72,9,855,3.75,7,8,2,-23.688077169749334,18,-67.0,180.0,247.0,0.728744939271255,228.0,0.2777777777777778,-3.7222222222222223,19.0,12,rolling,losing_streak_fitness,1_day,rep_1
train,2,22406,53560,53560,86986,73,9,855,3.25,8,8,2,200.65579981650168,11,121.0,216.0,95.0,2.273684210526316,38.0,0.5454545454545454,11.0,19.0,2,rolling,losing_streak_fitness,1_day,rep_1
test,2,22406,53560,53560,86986,73,9,855,3.25,8,8,2,-4.303314829119352,15,-10.0,180.0,190.0,0.9473684210526316,171.0,0.3333333333333333,-0.6666666666666666,19.0,9,rolling,losing_streak_fitness,1_day,rep_1
train,2,22406,53560,53560,86986,74,9,788,3.25,8,8,2,200.65579981650168,11,121.0,216.0,95.0,2.273684210526316,38.0,0.5454545454545454,11.0,19.0,2,rolling,losing_streak_fitness,1_day,rep_1
test,2,22406,53560,53560,86986,74,9,788,3.25,8,8,2,-4.303314829119352,15,-10.0,180.0,190.0,0.9473684210526316,171.0,0.3333333333333333,-0.6666666666666666,19.0,9,rolling,losing_streak_fitness,1_day,rep_1
train,2,22406,53560,53560,86986,75,9,855,3.5,8,8,2,200.65579981650168,11,121.0,216.0,95.0,2.273684210526316,38.0,0.5454545454545454,11.0,19.0,2,rolling,losing_streak_fitness,1_day,rep_1
test,2,22406,53560,53560,86986,75,9,855,3.5,8,8,2,-4.303314829119352,15,-10.0,180.0,190.0,0.9473684210526316,171.0,0.3333333333333333,-0.6666666666666666,19.0,9,rolling,losing_streak_fitness,1_day,rep_1
train,2,22406,53560,53560,86986,76,9,855,3.5,8,8,2,200.65579981650168,11,121.0,216.0,95.0,2.273684210526316,38.0,0.5454545454545454,11.0,19.0,2,rolling,losing_streak_fitness,1_day,rep_1
test,2,22406,53560,53560,86986,76,9,855,3.5,8,8,2,-4.303314829119352,15,-10.0,180.0,190.0,0.9473684210526316,171.0,0.3333333333333333,-0.6666666666666666,19.0,9,rolling,losing_streak_fitness,1_day,rep_1
train,2,22406,53560,53560,86986,77,9,855,3.75,8,8,2,200.65579981650168,11,121.0,216.0,95.0,2.273684210526316,38.0,0.5454545454545454,11.0,19.0,2,rolling,losing_streak_fitness,1_day,rep_1
test,2,22406,53560,53560,86986,77,9,855,3.75,8,8,2,-4.303314829119352,15,-10.0,180.0,190.0,0.9473684210526316,171.0,0.3333333333333333,-0.6666666666666666,19.0,9,rolling,losing_streak_fitness,1_day,rep_1
train,2,22406,53560,53560,86986,78,9,912,3.75,7,8,2,200.65579981650168,11,121.0,216.0,95.0,2.273684210526316,38.0,0.5454545454545454,11.0,19.0,2,rolling,losing_streak_fitness,1_day,rep_1
test,2,22406,53560,53560,86986,78,9,912,3.75,7,8,2,-23.688077169749334,18,-67.0,180.0,247.0,0.728744939271255,228.0,0.2777777777777778,-3.7222222222222223,19.0,12,rolling,losing_streak_fitness,1_day,rep_1
train,2,22406,53560,53560,86986,79,9,855,3.75,8,8,2,200.65579981650168,11,121.0,216.0,95.0,2.273684210526316,38.0,0.5454545454545454,11.0,19.0,2,rolling,losing_streak_fitness,1_day,rep_1
test,2,22406,53560,53560,86986,79,9,855,3.75,8,8,2,-4.303314829119352,15,-10.0,180.0,190.0,0.9473684210526316,171.0,0.3333333333333333,-0.6666666666666666,19.0,9,rolling,losing_streak_fitness,1_day,rep_1
train,2,22406,53560,53560,86986,80,9,912,3.5,8,8,2,200.65579981650168,11,121.0,216.0,95.0,2.273684210526316,38.0,0.5454545454545454,11.0,19.0,2,rolling,losing_streak_fitness,1_day,rep_1
test,2,22406,53560,53560,86986,80,9,912,3.5,8,8,2,-4.303314829119352,15,-10.0,180.0,190.0,0.9473684210526316,171.0,0.3333333333333333,-0.6666666666666666,19.0,9,rolling,losing_streak_fitness,1_day,rep_1
train,2,22406,53560,53560,86986,81,9,764,3.5,8,8,2,200.65579981650168,11,121.0,216.0,95.0,2.273684210526316,38.0,0.5454545454545454,11.0,19.0,2,rolling,losing_streak_fitness,1_day,rep_1
test,2,22406,53560,53560,86986,81,9,764,3.5,8,8,2,-4.303314829119352,15,-10.0,180.0,190.0,0.9473684210526316,171.0,0.3333333333333333,-0.6666666666666666,19.0,9,rolling,losing_streak_fitness,1_day,rep_1
train,2,22406,53560,53560,86986,82,9,772,3.25,8,8,2,200.65579981650168,11,121.0,216.0,95.0,2.273684210526316,38.0,0.5454545454545454,11.0,19.0,2,rolling,losing_streak_fitness,1_day,rep_1
test,2,22406,53560,53560,86986,82,9,772,3.25,8,8,2,-4.303314829119352,15,-10.0,180.0,190.0,0.9473684210526316,171.0,0.3333333333333333,-0.6666666666666666,19.0,9,rolling,losing_streak_fitness,1_day,rep_1
train,2,22406,53560,53560,86986,83,9,711,3.5,8,8,2,200.65579981650168,11,121.0,216.0,95.0,2.273684210526316,38.0,0.5454545454545454,11.0,19.0,2,rolling,losing_streak_fitness,1_day,rep_1
test,2,22406,53560,53560,86986,83,9,711,3.5,8,8,2,-4.303314829119352,15,-10.0,180.0,190.0,0.9473684210526316,171.0,0.3333333333333333,-0.6666666666666666,19.0,9,rolling,losing_streak_fitness,1_day,rep_1
train,2,22406,53560,53560,86986,84,9,788,3.5,7,8,2,200.65579981650168,11,121.0,216.0,95.0,2.273684210526316,38.0,0.5454545454545454,11.0,19.0,2,rolling,losing_streak_fitness,1_day,rep_1
test,2,22406,53560,53560,86986,84,9,788,3.5,7,8,2,-23.688077169749334,18,-67.0,180.0,247.0,0.728744939271255,228.0,0.2777777777777778,-3.7222222222222223,19.0,12,rolling,losing_streak_fitness,1_day,rep_1
train,2,22406,53560,53560,86986,85,9,764,3.0,8,8,2,200.65579981650168,11,121.0,216.0,95.0,2.273684210526316,38.0,0.5454545454545454,11.0,19.0,2,rolling,losing_streak_fitness,1_day,rep_1
test,2,22406,53560,53560,86986,85,9,764,3.0,8,8,2,-4.303314829119352,15,-10.0,180.0,190.0,0.9473684210526316,171.0,0.3333333333333333,-0.6666666666666666,19.0,9,rolling,losing_streak_fitness,1_day,rep_1
train,2,22406,53560,53560,86986,86,9,711,3.5,8,8,2,200.65579981650168,11,121.0,216.0,95.0,2.273684210526316,38.0,0.5454545454545454,11.0,19.0,2,rolling,losing_streak_fitness,1_day,rep_1
test,2,22406,53560,53560,86986,86,9,711,3.5,8,8,2,-4.303314829119352,15,-10.0,180.0,190.0,0.9473684210526316,171.0,0.3333333333333333,-0.6666666666666666,19.0,9,rolling,losing_streak_fitness,1_day,rep_1
train,2,22406,53560,53560,86986,87,9,764,3.25,8,8,2,200.65579981650168,11,121.0,216.0,95.0,2.273684210526316,38.0,0.5454545454545454,11.0,19.0,2,rolling,losing_streak_fitness,1_day,rep_1
test,2,22406,53560,53560,86986,87,9,764,3.25,8,8,2,-4.303314829119352,15,-10.0,180.0,190.0,0.9473684210526316,171.0,0.3333333333333333,-0.6666666666666666,19.0,9,rolling,losing_streak_fitness,1_day,rep_1
train,2,22406,53560,53560,86986,88,9,912,3.25,8,8,2,200.65579981650168,11,121.0,216.0,95.0,2.273684210526316,38.0,0.5454545454545454,11.0,19.0,2,rolling,losing_streak_fitness,1_day,rep_1
test,2,22406,53560,53560,86986,88,9,912,3.25,8,8,2,-4.303314829119352,15,-10.0,180.0,190.0,0.9473684210526316,171.0,0.3333333333333333,-0.6666666666666666,19.0,9,rolling,losing_streak_fitness,1_day,rep_1
train,2,22406,53560,53560,86986,89,9,793,3.25,8,8,2,200.65579981650168,11,121.0,216.0,95.0,2.273684210526316,38.0,0.5454545454545454,11.0,19.0,2,rolling,losing_streak_fitness,1_day,rep_1
test,2,22406,53560,53560,86986,89,9,793,3.25,8,8,2,-4.303314829119352,15,-10.0,180.0,190.0,0.9473684210526316,171.0,0.3333333333333333,-0.6666666666666666,19.0,9,rolling,losing_streak_fitness,1_day,rep_1
train,2,22406,53560,53560,86986,90,9,855,3.75,8,8,2,200.65579981650168,11,121.0,216.0,95.0,2.273684210526316,38.0,0.5454545454545454,11.0,19.0,2,rolling,losing_streak_fitness,1_day,rep_1
test,2,22406,53560,53560,86986,90,9,855,3.75,8,8,2,-4.303314829119352,15,-10.0,180.0,190.0,0.9473684210526316,171.0,0.3333333333333333,-0.6666666666666666,19.0,9,rolling,losing_streak_fitness,1_day,rep_1
train,2,22406,53560,53560,86986,91,9,855,3.5,7,8,2,200.65579981650168,11,121.0,216.0,95.0,2.273684210526316,38.0,0.5454545454545454,11.0,19.0,2,rolling,losing_streak_fitness,1_day,rep_1
test,2,22406,53560,53560,86986,91,9,855,3.5,7,8,2,-23.688077169749334,18,-67.0,180.0,247.0,0.728744939271255,228.0,0.2777777777777778,-3.7222222222222223,19.0,12,rolling,losing_streak_fitness,1_day,rep_1
train,2,22406,53560,53560,86986,92,9,827,3.5,8,8,2,200.65579981650168,11,121.0,216.0,95.0,2.273684210526316,38.0,0.5454545454545454,11.0,19.0,2,rolling,losing_streak_fitness,1_day,rep_1
test,2,22406,53560,53560,86986,92,9,827,3.5,8,8,2,-4.303314829119352,15,-10.0,180.0,190.0,0.9473684210526316,171.0,0.3333333333333333,-0.6666666666666666,19.0,9,rolling,losing_streak_fitness,1_day,rep_1
train,2,22406,53560,53560,86986,93,9,711,3.0,7,8,2,200.65579981650168,11,121.0,216.0,95.0,2.273684210526316,38.0,0.5454545454545454,11.0,19.0,2,rolling,losing_streak_fitness,1_day,rep_1
test,2,22406,53560,53560,86986,93,9,711,3.0,7,8,2,-11.6,16,-29.0,180.0,209.0,0.861244019138756,190.0,0.3125,-1.8125,19.0,10,rolling,losing_streak_fitness,1_day,rep_1
train,2,22406,53560,53560,86986,94,9,772,3.75,8,8,2,200.65579981650168,11,121.0,216.0,95.0,2.273684210526316,38.0,0.5454545454545454,11.0,19.0,2,rolling,losing_streak_fitness,1_day,rep_1
test,2,22406,53560,53560,86986,94,9,772,3.75,8,8,2,-4.303314829119352,15,-10.0,180.0,190.0,0.9473684210526316,171.0,0.3333333333333333,-0.6666666666666666,19.0,9,rolling,losing_streak_fitness,1_day,rep_1
train,2,22406,53560,53560,86986,95,9,711,3.25,8,8,2,200.65579981650168,11,121.0,216.0,95.0,2.273684210526316,38.0,0.5454545454545454,11.0,19.0,2,rolling,losing_streak_fitness,1_day,rep_1
test,2,22406,53560,53560,86986,95,9,711,3.25,8,8,2,-4.303314829119352,15,-10.0,180.0,190.0,0.9473684210526316,171.0,0.3333333333333333,-0.6666666666666666,19.0,9,rolling,losing_streak_fitness,1_day,rep_1
train,2,22406,53560,53560,86986,96,9,802,3.75,8,8,2,200.65579981650168,11,121.0,216.0,95.0,2.273684210526316,38.0,0.5454545454545454,11.0,19.0,2,rolling,losing_streak_fitness,1_day,rep_1
test,2,22406,53560,53560,86986,96,9,802,3.75,8,8,2,-4.303314829119352,15,-10.0,180.0,190.0,0.9473684210526316,171.0,0.3333333333333333,-0.6666666666666666,19.0,9,rolling,losing_streak_fitness,1_day,rep_1
train,2,22406,53560,53560,86986,97,9,711,3.0,8,8,2,200.65579981650168,11,121.0,216.0,95.0,2.273684210526316,38.0,0.5454545454545454,11.0,19.0,2,rolling,losing_streak_fitness,1_day,rep_1
test,2,22406,53560,53560,86986,97,9,711,3.0,8,8,2,-4.303314829119352,15,-10.0,180.0,190.0,0.9473684210526316,171.0,0.3333333333333333,-0.6666666666666666,19.0,9,rolling,losing_streak_fitness,1_day,rep_1
train,2,22406,53560,53560,86986,98,9,711,3.0,8,8,2,200.65579981650168,11,121.0,216.0,95.0,2.273684210526316,38.0,0.5454545454545454,11.0,19.0,2,rolling,losing_streak_fitness,1_day,rep_1
test,2,22406,53560,53560,86986,98,9,711,3.0,8,8,2,-4.303314829119352,15,-10.0,180.0,190.0,0.9473684210526316,171.0,0.3333333333333333,-0.6666666666666666,19.0,9,rolling,losing_streak_fitness,1_day,rep_1
train,2,22406,53560,53560,86986,99,9,647,3.5,8,8,2,442.7188724235732,10,140.0,216.0,76.0,2.8421052631578947,19.0,0.6,14.0,19.0,1,rolling,losing_streak_fitness,1_day,rep_1
test,2,22406,53560,53560,86986,99,9,647,3.5,8,8,2,-4.303314829119352,15,-10.0,180.0,190.0,0.9473684210526316,171.0,0.3333333333333333,-0.6666666666666666,19.0,9,rolling,losing_streak_fitness,1_day,rep_1
train,2,22406,53560,53560,86986,100,9,647,3.0,8,8,2,442.7188724235732,10,140.0,216.0,76.0,2.8421052631578947,19.0,0.6,14.0,19.0,1,rolling,losing_streak_fitness,1_day,rep_1
test,2,22406,53560,53560,86986,100,9,647,3.0,8,8,2,-4.303314829119352,15,-10.0,180.0,190.0,0.9473684210526316,171.0,0.3333333333333333,-0.6666666666666666,19.0,9,rolling,losing_streak_fitness,1_day,rep_1
train,3,53560,86986,86986,125287,0,10,491,3.0,8,26,19,725.0489638638206,6,296.0,504.0,208.0,2.423076923076923,104.0,0.6666666666666666,49.333333333333336,104.0,1,rolling,losing_streak_fitness,1_day,rep_1
test,3,53560,86986,86986,125287,0,10,491,3.0,8,26,19,-700.6930051741633,19,-1286.0,378.0,1664.0,0.2271634615384615,1286.0,0.1578947368421052,-67.6842105263158,104.0,8,rolling,losing_streak_fitness,1_day,rep_1
train,3,53560,86986,86986,125287,1,12,2332,5.5,1,7,4,212.42645786248,5,95.0,124.0,29.0,4.275862068965517,29.0,0.8,19.0,29.0,1,rolling,losing_streak_fitness,1_day,rep_1
test,3,53560,86986,86986,125287,1,12,2332,5.5,1,7,4,119.2569587999888,20,80.0,341.0,261.0,1.3065134099616855,143.0,0.55,4.0,29.0,3,rolling,losing_streak_fitness,1_day,rep_1
train,3,53560,86986,86986,125287,2,12,2332,5.5,1,7,4,212.42645786248,5,95.0,124.0,29.0,4.275862068965517,29.0,0.8,19.0,29.0,1,rolling,losing_streak_fitness,1_day,rep_1
test,3,53560,86986,86986,125287,2,12,2332,5.5,1,7,4,119.2569587999888,20,80.0,341.0,261.0,1.3065134099616855,143.0,0.55,4.0,29.0,3,rolling,losing_streak_fitness,1_day,rep_1
train,3,53560,86986,86986,125287,3,13,3573,5.5,3,7,4,212.42645786248,5,95.0,124.0,29.0,4.275862068965517,29.0,0.8,19.0,29.0,1,rolling,losing_streak_fitness,1_day,rep_1
test,3,53560,86986,86986,125287,3,13,3573,5.5,3,7,4,110.3086578651014,18,78.0,310.0,232.0,1.3362068965517242,114.0,0.5555555555555556,4.333333333333333,29.0,3,rolling,losing_streak_fitness,1_day,rep_1
train,3,53560,86986,86986,125287,4,13,1069,3.5,7,7,2,234.78713763747797,5,105.0,124.0,19.0,6.526315789473684,19.0,0.8,21.0,19.0,1,rolling,losing_streak_fitness,1_day,rep_1
test,3,53560,86986,86986,125287,4,13,1069,3.5,7,7,2,124.70765814495915,12,72.0,186.0,114.0,1.631578947368421,45.0,0.5,6.0,19.0,2,rolling,losing_streak_fitness,1_day,rep_1
train,3,53560,86986,86986,125287,5,12,2332,4.75,8,9,4,301.8691769624716,5,135.0,164.0,29.0,5.655172413793103,29.0,0.8,27.0,29.0,1,rolling,losing_streak_fitness,1_day,rep_1
test,3,53560,86986,86986,125287,5,12,2332,4.75,8,9,4,236.0,16,236.0,410.0,174.0,2.35632183908046,116.0,0.625,14.75,29.0,4,rolling,losing_streak_fitness,1_day,rep_1
train,3,53560,86986,86986,125287,6,12,2332,4.75,8,9,4,301.8691769624716,5,135.0,164.0,29.0,5.655172413793103,29.0,0.8,27.0,29.0,1,rolling,losing_streak_fitness,1_day,rep_1
test,3,53560,86986,86986,125287,6,12,2332,4.75,8,9,4,236.0,16,236.0,410.0,174.0,2.35632183908046,116.0,0.625,14.75,29.0,4,rolling,losing_streak_fitness,1_day,rep_1
train,3,53560,86986,86986,125287,7,12,2332,4.75,8,9,4,301.8691769624716,5,135.0,164.0,29.0,5.655172413793103,29.0,0.8,27.0,29.0,1,rolling,losing_streak_fitness,1_day,rep_1
test,3,53560,86986,86986,125287,7,12,2332,4.75,8,9,4,236.0,16,236.0,410.0,174.0,2.35632183908046,116.0,0.625,14.75,29.0,4,rolling,losing_streak_fitness,1_day,rep_1
train,3,53560,86986,86986,125287,8,12,401,4.75,1,9,2,324.2298567374695,5,145.0,164.0,19.0,8.631578947368421,19.0,0.8,29.0,19.0,1,rolling,losing_streak_fitness,1_day,rep_1
test,3,53560,86986,86986,125287,8,12,401,4.75,1,9,2,166.93678111455512,11,151.0,246.0,95.0,2.5894736842105264,57.0,0.5454545454545454,13.727272727272728,19.0,3,rolling,losing_streak_fitness,1_day,rep_1
train,3,53560,86986,86986,125287,9,12,401,5.5,1,9,2,324.2298567374695,5,145.0,164.0,19.0,8.631578947368421,19.0,0.8,29.0,19.0,1,rolling,losing_streak_fitness,1_day,rep_1
test,3,53560,86986,86986,125287,9,12,401,5.5,1,9,2,166.93678111455512,11,151.0,246.0,95.0,2.5894736842105264,57.0,0.5454545454545454,13.727272727272728,19.0,3,rolling,losing_streak_fitness,1_day,rep_1
train,3,53560,86986,86986,125287,10,12,2332,5.75,2,9,4,301.8691769624716,5,135.0,164.0,29.0,5.655172413793103,29.0,0.8,27.0,29.0,1,rolling,losing_streak_fitness,1_day,rep_1
test,3,53560,86986,86986,125287,10,12,2332,5.75,2,9,4,283.23527714997334,20,190.0,451.0,261.0,1.7279693486590038,133.0,0.55,9.5,29.0,3,rolling,losing_streak_fitness,1_day,rep_1
train,3,53560,86986,86986,125287,11,12,2332,5.25,2,9,2,324.2298567374695,5,145.0,164.0,19.0,8.631578947368421,19.0,0.8,29.0,19.0,1,rolling,losing_streak_fitness,1_day,rep_1
test,3,53560,86986,86986,125287,11,12,2332,5.25,2,9,2,417.3993557999608,20,280.0,451.0,171.0,2.6374269005847952,73.0,0.55,14.0,19.0,3,rolling,losing_streak_fitness,1_day,rep_1
train,3,53560,86986,86986,125287,12,12,2332,4.75,2,9,2,324.2298567374695,5,145.0,164.0,19.0,8.631578947368421,19.0,0.8,29.0,19.0,1,rolling,losing_streak_fitness,1_day,rep_1
test,3,53560,86986,86986,125287,12,12,2332,4.75,2,9,2,417.3993557999608,20,280.0,451.0,171.0,2.6374269005847952,73.0,0.55,14.0,19.0,3,rolling,losing_streak_fitness,1_day,rep_1
train,3,53560,86986,86986,125287,13,12,1069,4.75,2,9,2,324.2298567374695,5,145.0,164.0,19.0,8.631578947368421,19.0,0.8,29.0,19.0,1,rolling,losing_streak_fitness,1_day,rep_1
test,3,53560,86986,86986,125287,13,12,1069,4.75,2,9,2,174.28425057933376,15,135.0,287.0,152.0,1.888157894736842,73.0,0.4666666666666667,9.0,19.0,3,rolling,losing_streak_fitness,1_day,rep_1
train,3,53560,86986,86986,125287,14,12,2332,5.75,2,9,2,324.2298567374695,5,145.0,164.0,19.0,8.631578947368421,19.0,0.8,29.0,19.0,1,rolling,losing_streak_fitness,1_day,rep_1
test,3,53560,86986,86986,125287,14,12,2332,5.75,2,9,2,417.3993557999608,20,280.0,451.0,171.0,2.6374269005847952,73.0,0.55,14.0,19.0,3,rolling,losing_streak_fitness,1_day,rep_1
train,3,53560,86986,86986,125287,15,12,2332,5.25,1,9,2,324.2298567374695,5,145.0,164.0,19.0,8.631578947368421,19.0,0.8,29.0,19.0,1,rolling,losing_streak_fitness,1_day,rep_1
test,3,53560,86986,86986,125287,15,12,2332,5.25,1,9,2,417.3993557999608,20,280.0,451.0,171.0,2.6374269005847952,73.0,0.55,14.0,19.0,3,rolling,losing_streak_fitness,1_day,rep_1
train,3,53560,86986,86986,125287,16,12,2332,6.0,2,9,2,324.2298567374695,5,145.0,164.0,19.0,8.631578947368421,19.0,0.8,29.0,19.0,1,rolling,losing_streak_fitness,1_day,rep_1
test,3,53560,86986,86986,125287,16,12,2332,6.0,2,9,2,417.3993557999608,20,280.0,451.0,171.0,2.6374269005847952,73.0,0.55,14.0,19.0,3,rolling,losing_streak_fitness,1_day,rep_1
train,3,53560,86986,86986,125287,17,12,2565,5.5,1,9,2,324.2298567374695,5,145.0,164.0,19.0,8.631578947368421,19.0,0.8,29.0,19.0,1,rolling,losing_streak_fitness,1_day,rep_1
test,3,53560,86986,86986,125287,17,12,2565,5.5,1,9,2,417.3993557999608,20,280.0,451.0,171.0,2.6374269005847952,73.0,0.55,14.0,19.0,3,rolling,losing_streak_fitness,1_day,rep_1
train,3,53560,86986,86986,125287,18,12,1069,5.75,1,9,2,324.2298567374695,5,145.0,164.0,19.0,8.631578947368421,19.0,0.8,29.0,19.0,1,rolling,losing_streak_fitness,1_day,rep_1
test,3,53560,86986,86986,125287,18,12,1069,5.75,1,9,2,174.28425057933376,15,135.0,287.0,152.0,1.888157894736842,73.0,0.4666666666666667,9.0,19.0,3,rolling,losing_streak_fitness,1_day,rep_1
train,3,53560,86986,86986,125287,19,12,2285,5.75,1,9,2,324.2298567374695,5,145.0,164.0,19.0,8.631578947368421,19.0,0.8,29.0,19.0,1,rolling,losing_streak_fitness,1_day,rep_1
test,3,53560,86986,86986,125287,19,12,2285,5.75,1,9,2,417.3993557999608,20,280.0,451.0,171.0,2.6374269005847952,73.0,0.55,14.0,19.0,3,rolling,losing_streak_fitness,1_day,rep_1
train,3,53560,86986,86986,125287,20,12,1642,4.75,1,9,2,324.2298567374695,5,145.0,164.0,19.0,8.631578947368421,19.0,0.8,29.0,19.0,1,rolling,losing_streak_fitness,1_day,rep_1
test,3,53560,86986,86986,125287,20,12,1642,4.75,1,9,2,417.3993557999608,20,280.0,451.0,171.0,2.6374269005847952,73.0,0.55,14.0,19.0,3,rolling,losing_streak_fitness,1_day,rep_1
train,3,53560,86986,86986,125287,21,12,2332,6.0,1,9,2,324.2298567374695,5,145.0,164.0,19.0,8.631578947368421,19.0,0.8,29.0,19.0,1,rolling,losing_streak_fitness,1_day,rep_1
test,3,53560,86986,86986,125287,21,12,2332,6.0,1,9,2,417.3993557999608,20,280.0,451.0,171.0,2.6374269005847952,73.0,0.55,14.0,19.0,3,rolling,losing_streak_fitness,1_day,rep_1
train,3,53560,86986,86986,125287,22,12,2332,6.0,1,9,2,324.2298567374695,5,145.0,164.0,19.0,8.631578947368421,19.0,0.8,29.0,19.0,1,rolling,losing_streak_fitness,1_day,rep_1
test,3,53560,86986,86986,125287,22,12,2332,6.0,1,9,2,417.3993557999608,20,280.0,451.0,171.0,2.6374269005847952,73.0,0.55,14.0,19.0,3,rolling,losing_streak_fitness,1_day,rep_1
train,3,53560,86986,86986,125287,23,12,2332,5.75,1,9,2,324.2298567374695,5,145.0,164.0,19.0,8.631578947368421,19.0,0.8,29.0,19.0,1,rolling,losing_streak_fitness,1_day,rep_1
test,3,53560,86986,86986,125287,23,12,2332,5.75,1,9,2,417.3993557999608,20,280.0,451.0,171.0,2.6374269005847952,73.0,0.55,14.0,19.0,3,rolling,losing_streak_fitness,1_day,rep_1
train,3,53560,86986,86986,125287,24,12,1642,5.5,3,9,2,324.2298567374695,5,145.0,164.0,19.0,8.631578947368421,19.0,0.8,29.0,19.0,1,rolling,losing_streak_fitness,1_day,rep_1
test,3,53560,86986,86986,125287,24,12,1642,5.5,3,9,2,417.3993557999608,20,280.0,451.0,171.0,2.6374269005847952,73.0,0.55,14.0,19.0,3,rolling,losing_streak_fitness,1_day,rep_1
train,3,53560,86986,86986,125287,25,12,1094,4.75,1,9,2,324.2298567374695,5,145.0,164.0,19.0,8.631578947368421,19.0,0.8,29.0,19.0,1,rolling,losing_streak_fitness,1_day,rep_1
test,3,53560,86986,86986,125287,25,12,1094,4.75,1,9,2,174.28425057933376,15,135.0,287.0,152.0,1.888157894736842,73.0,0.4666666666666667,9.0,19.0,3,rolling,losing_streak_fitness,1_day,rep_1
train,3,53560,86986,86986,125287,26,12,1642,5.75,3,9,2,324.2298567374695,5,145.0,164.0,19.0,8.631578947368421,19.0,0.8,29.0,19.0,1,rolling,losing_streak_fitness,1_day,rep_1
test,3,53560,86986,86986,125287,26,12,1642,5.75,3,9,2,417.3993557999608,20,280.0,451.0,171.0,2.6374269005847952,73.0,0.55,14.0,19.0,3,rolling,losing_streak_fitness,1_day,rep_1
train,3,53560,86986,86986,125287,27,12,2496,5.75,1,9,2,324.2298567374695,5,145.0,164.0,19.0,8.631578947368421,19.0,0.8,29.0,19.0,1,rolling,losing_streak_fitness,1_day,rep_1
test,3,53560,86986,86986,125287,27,12,2496,5.75,1,9,2,417.3993557999608,20,280.0,451.0,171.0,2.6374269005847952,73.0,0.55,14.0,19.0,3,rolling,losing_streak_fitness,1_day,rep_1
train,3,53560,86986,86986,125287,28,12,1069,5.0,1,9,2,324.2298567374695,5,145.0,164.0,19.0,8.631578947368421,19.0,0.8,29.0,19.0,1,rolling,losing_streak_fitness,1_day,rep_1
test,3,53560,86986,86986,125287,28,12,1069,5.0,1,9,2,174.28425057933376,15,135.0,287.0,152.0,1.888157894736842,73.0,0.4666666666666667,9.0,19.0,3,rolling,losing_streak_fitness,1_day,rep_1
train,3,53560,86986,86986,125287,29,12,1069,5.5,1,9,2,324.2298567374695,5,145.0,164.0,19.0,8.631578947368421,19.0,0.8,29.0,19.0,1,rolling,losing_streak_fitness,1_day,rep_1
test,3,53560,86986,86986,125287,29,12,1069,5.5,1,9,2,174.28425057933376,15,135.0,287.0,152.0,1.888157894736842,73.0,0.4666666666666667,9.0,19.0,3,rolling,losing_streak_fitness,1_day,rep_1
train,3,53560,86986,86986,125287,30,12,2546,5.5,1,9,2,324.2298567374695,5,145.0,164.0,19.0,8.631578947368421,19.0,0.8,29.0,19.0,1,rolling,losing_streak_fitness,1_day,rep_1
test,3,53560,86986,86986,125287,30,12,2546,5.5,1,9,2,417.3993557999608,20,280.0,451.0,171.0,2.6374269005847952,73.0,0.55,14.0,19.0,3,rolling,losing_streak_fitness,1_day,rep_1
train,3,53560,86986,86986,125287,31,12,1165,5.5,1,9,2,324.2298567374695,5,145.0,164.0,19.0,8.631578947368421,19.0,0.8,29.0,19.0,1,rolling,losing_streak_fitness,1_day,rep_1
test,3,53560,86986,86986,125287,31,12,1165,5.5,1,9,2,174.28425057933376,15,135.0,287.0,152.0,1.888157894736842,73.0,0.4666666666666667,9.0,19.0,3,rolling,losing_streak_fitness,1_day,rep_1
train,3,53560,86986,86986,125287,32,12,1069,5.5,1,9,2,324.2298567374695,5,145.0,164.0,19.0,8.631578947368421,19.0,0.8,29.0,19.0,1,rolling,losing_streak_fitness,1_day,rep_1
test,3,53560,86986,86986,125287,32,12,1069,5.5,1,9,2,174.28425057933376,15,135.0,287.0,152.0,1.888157894736842,73.0,0.4666666666666667,9.0,19.0,3,rolling,losing_streak_fitness,1_day,rep_1
train,3,53560,86986,86986,125287,33,12,2103,5.75,1,9,2,324.2298567374695,5,145.0,164.0,19.0,8.631578947368421,19.0,0.8,29.0,19.0,1,rolling,losing_streak_fitness,1_day,rep_1
test,3,53560,86986,86986,125287,33,12,2103,5.75,1,9,2,417.3993557999608,20,280.0,451.0,171.0,2.6374269005847952,73.0,0.55,14.0,19.0,3,rolling,losing_streak_fitness,1_day,rep_1
train,3,53560,86986,86986,125287,34,12,1069,5.75,1,9,2,324.2298567374695,5,145.0,164.0,19.0,8.631578947368421,19.0,0.8,29.0,19.0,1,rolling,losing_streak_fitness,1_day,rep_1
test,3,53560,86986,86986,125287,34,12,1069,5.75,1,9,2,174.28425057933376,15,135.0,287.0,152.0,1.888157894736842,73.0,0.4666666666666667,9.0,19.0,3,rolling,losing_streak_fitness,1_day,rep_1
train,3,53560,86986,86986,125287,35,12,2285,4.75,1,9,2,324.2298567374695,5,145.0,164.0,19.0,8.631578947368421,19.0,0.8,29.0,19.0,1,rolling,losing_streak_fitness,1_day,rep_1
test,3,53560,86986,86986,125287,35,12,2285,4.75,1,9,2,417.3993557999608,20,280.0,451.0,171.0,2.6374269005847952,73.0,0.55,14.0,19.0,3,rolling,losing_streak_fitness,1_day,rep_1
train,3,53560,86986,86986,125287,36,12,2265,4.75,3,9,2,324.2298567374695,5,145.0,164.0,19.0,8.631578947368421,19.0,0.8,29.0,19.0,1,rolling,losing_streak_fitness,1_day,rep_1
test,3,53560,86986,86986,125287,36,12,2265,4.75,3,9,2,417.3993557999608,20,280.0,451.0,171.0,2.6374269005847952,73.0,0.55,14.0,19.0,3,rolling,losing_streak_fitness,1_day,rep_1
train,3,53560,86986,86986,125287,37,12,2425,4.75,1,9,2,324.2298567374695,5,145.0,164.0,19.0,8.631578947368421,19.0,0.8,29.0,19.0,1,rolling,losing_streak_fitness,1_day,rep_1
test,3,53560,86986,86986,125287,37,12,2425,4.75,1,9,2,417.3993557999608,20,280.0,451.0,171.0,2.6374269005847952,73.0,0.55,14.0,19.0,3,rolling,losing_streak_fitness,1_day,rep_1
train,3,53560,86986,86986,125287,38,12,2546,4.75,1,9,2,324.2298567374695,5,145.0,164.0,19.0,8.631578947368421,19.0,0.8,29.0,19.0,1,rolling,losing_streak_fitness,1_day,rep_1
test,3,53560,86986,86986,125287,38,12,2546,4.75,1,9,2,417.3993557999608,20,280.0,451.0,171.0,2.6374269005847952,73.0,0.55,14.0,19.0,3,rolling,losing_streak_fitness,1_day,rep_1
train,3,53560,86986,86986,125287,39,12,972,5.5,1,9,2,324.2298567374695,5,145.0,164.0,19.0,8.631578947368421,19.0,0.8,29.0,19.0,1,rolling,losing_streak_fitness,1_day,rep_1
test,3,53560,86986,86986,125287,39,12,972,5.5,1,9,2,174.28425057933376,15,135.0,287.0,152.0,1.888157894736842,73.0,0.4666666666666667,9.0,19.0,3,rolling,losing_streak_fitness,1_day,rep_1
train,3,53560,86986,86986,125287,40,12,2546,5.75,4,9,2,324.2298567374695,5,145.0,164.0,19.0,8.631578947368421,19.0,0.8,29.0,19.0,1,rolling,losing_streak_fitness,1_day,rep_1
test,3,53560,86986,86986,125287,40,12,2546,5.75,4,9,2,417.3993557999608,20,280.0,451.0,171.0,2.6374269005847952,73.0,0.55,14.0,19.0,3,rolling,losing_streak_fitness,1_day,rep_1
train,3,53560,86986,86986,125287,41,12,1026,6.0,4,9,2,324.2298567374695,5,145.0,164.0,19.0,8.631578947368421,19.0,0.8,29.0,19.0,1,rolling,losing_streak_fitness,1_day,rep_1
test,3,53560,86986,86986,125287,41,12,1026,6.0,4,9,2,174.28425057933376,15,135.0,287.0,152.0,1.888157894736842,73.0,0.4666666666666667,9.0,19.0,3,rolling,losing_streak_fitness,1_day,rep_1
train,3,53560,86986,86986,125287,42,12,2546,5.75,1,9,2,324.2298567374695,5,145.0,164.0,19.0,8.631578947368421,19.0,0.8,29.0,19.0,1,rolling,losing_streak_fitness,1_day,rep_1
test,3,53560,86986,86986,125287,42,12,2546,5.75,1,9,2,417.3993557999608,20,280.0,451.0,171.0,2.6374269005847952,73.0,0.55,14.0,19.0,3,rolling,losing_streak_fitness,1_day,rep_1
train,3,53560,86986,86986,125287,43,12,2546,5.5,1,9,2,324.2298567374695,5,145.0,164.0,19.0,8.631578947368421,19.0,0.8,29.0,19.0,1,rolling,losing_streak_fitness,1_day,rep_1
test,3,53560,86986,86986,125287,43,12,2546,5.5,1,9,2,417.3993557999608,20,280.0,451.0,171.0,2.6374269005847952,73.0,0.55,14.0,19.0,3,rolling,losing_streak_fitness,1_day,rep_1
train,3,53560,86986,86986,125287,44,12,1069,5.5,1,9,2,324.2298567374695,5,145.0,164.0,19.0,8.631578947368421,19.0,0.8,29.0,19.0,1,rolling,losing_streak_fitness,1_day,rep_1
test,3,53560,86986,86986,125287,44,12,1069,5.5,1,9,2,174.28425057933376,15,135.0,287.0,152.0,1.888157894736842,73.0,0.4666666666666667,9.0,19.0,3,rolling,losing_streak_fitness,1_day,rep_1
train,3,53560,86986,86986,125287,45,12,1069,5.75,1,9,2,324.2298567374695,5,145.0,164.0,19.0,8.631578947368421,19.0,0.8,29.0,19.0,1,rolling,losing_streak_fitness,1_day,rep_1
test,3,53560,86986,86986,125287,45,12,1069,5.75,1,9,2,174.28425057933376,15,135.0,287.0,152.0,1.888157894736842,73.0,0.4666666666666667,9.0,19.0,3,rolling,losing_streak_fitness,1_day,rep_1
train,3,53560,86986,86986,125287,46,12,1026,5.25,1,9,2,324.2298567374695,5,145.0,164.0,19.0,8.631578947368421,19.0,0.8,29.0,19.0,1,rolling,losing_streak_fitness,1_day,rep_1
test,3,53560,86986,86986,125287,46,12,1026,5.25,1,9,2,174.28425057933376,15,135.0,287.0,152.0,1.888157894736842,73.0,0.4666666666666667,9.0,19.0,3,rolling,losing_streak_fitness,1_day,rep_1
train,3,53560,86986,86986,125287,47,12,1069,5.5,1,9,2,324.2298567374695,5,145.0,164.0,19.0,8.631578947368421,19.0,0.8,29.0,19.0,1,rolling,losing_streak_fitness,1_day,rep_1
test,3,53560,86986,86986,125287,47,12,1069,5.5,1,9,2,174.28425057933376,15,135.0,287.0,152.0,1.888157894736842,73.0,0.4666666666666667,9.0,19.0,3,rolling,losing_streak_fitness,1_day,rep_1
train,3,53560,86986,86986,125287,48,12,981,5.5,5,9,2,324.2298567374695,5,145.0,164.0,19.0,8.631578947368421,19.0,0.8,29.0,19.0,1,rolling,losing_streak_fitness,1_day,rep_1
test,3,53560,86986,86986,125287,48,12,981,5.5,5,9,2,174.28425057933376,15,135.0,287.0,152.0,1.888157894736842,73.0,0.4666666666666667,9.0,19.0,3,rolling,losing_streak_fitness,1_day,rep_1
train,3,53560,86986,86986,125287,49,12,2425,5.5,1,9,2,324.2298567374695,5,145.0,164.0,19.0,8.631578947368421,19.0,0.8,29.0,19.0,1,rolling,losing_streak_fitness,1_day,rep_1
test,3,53560,86986,86986,125287,49,12,2425,5.5,1,9,2,417.3993557999608,20,280.0,451.0,171.0,2.6374269005847952,73.0,0.55,14.0,19.0,3,rolling,losing_streak_fitness,1_day,rep_1
train,3,53560,86986,86986,125287,50,12,2546,4.75,5,9,2,324.2298567374695,5,145.0,164.0,19.0,8.631578947368421,19.0,0.8,29.0,19.0,1,rolling,losing_streak_fitness,1_day,rep_1
test,3,53560,86986,86986,125287,50,12,2546,4.75,5,9,2,417.3993557999608,20,280.0,451.0,171.0,2.6374269005847952,73.0,0.55,14.0,19.0,3,rolling,losing_streak_fitness,1_day,rep_1
train,3,53560,86986,86986,125287,51,12,2332,6.0,1,9,2,324.2298567374695,5,145.0,164.0,19.0,8.631578947368421,19.0,0.8,29.0,19.0,1,rolling,losing_streak_fitness,1_day,rep_1
test,3,53560,86986,86986,125287,51,12,2332,6.0,1,9,2,417.3993557999608,20,280.0,451.0,171.0,2.6374269005847952,73.0,0.55,14.0,19.0,3,rolling,losing_streak_fitness,1_day,rep_1
train,3,53560,86986,86986,125287,52,12,2546,5.75,4,9,2,324.2298567374695,5,145.0,164.0,19.0,8.631578947368421,19.0,0.8,29.0,19.0,1,rolling,losing_streak_fitness,1_day,rep_1
test,3,53560,86986,86986,125287,52,12,2546,5.75,4,9,2,417.3993557999608,20,280.0,451.0,171.0,2.6374269005847952,73.0,0.55,14.0,19.0,3,rolling,losing_streak_fitness,1_day,rep_1
train,3,53560,86986,86986,125287,53,12,1069,5.5,2,9,2,324.2298567374695,5,145.0,164.0,19.0,8.631578947368421,19.0,0.8,29.0,19.0,1,rolling,losing_streak_fitness,1_day,rep_1
test,3,53560,86986,86986,125287,53,12,1069,5.5,2,9,2,174.28425057933376,15,135.0,287.0,152.0,1.888157894736842,73.0,0.4666666666666667,9.0,19.0,3,rolling,losing_streak_fitness,1_day,rep_1
train,3,53560,86986,86986,125287,54,12,2425,6.0,4,9,2,324.2298567374695,5,145.0,164.0,19.0,8.631578947368421,19.0,0.8,29.0,19.0,1,rolling,losing_streak_fitness,1_day,rep_1
test,3,53560,86986,86986,125287,54,12,2425,6.0,4,9,2,417.3993557999608,20,280.0,451.0,171.0,2.6374269005847952,73.0,0.55,14.0,19.0,3,rolling,losing_streak_fitness,1_day,rep_1
train,3,53560,86986,86986,125287,55,12,2206,4.5,1,9,2,324.2298567374695,5,145.0,164.0,19.0,8.631578947368421,19.0,0.8,29.0,19.0,1,rolling,losing_streak_fitness,1_day,rep_1
test,3,53560,86986,86986,125287,55,12,2206,4.5,1,9,2,417.3993557999608,20,280.0,451.0,171.0,2.6374269005847952,73.0,0.55,14.0,19.0,3,rolling,losing_streak_fitness,1_day,rep_1
train,3,53560,86986,86986,125287,56,12,2546,5.5,6,9,2,324.2298567374695,5,145.0,164.0,19.0,8.631578947368421,19.0,0.8,29.0,19.0,1,rolling,losing_streak_fitness,1_day,rep_1
test,3,53560,86986,86986,125287,56,12,2546,5.5,6,9,2,218.9202594553551,18,258.0,410.0,152.0,2.6973684210526314,95.0,0.5555555555555556,14.333333333333334,19.0,5,rolling,losing_streak_fitness,1_day,rep_1
train,3,53560,86986,86986,125287,57,12,2332,5.75,5,9,2,324.2298567374695,5,145.0,164.0,19.0,8.631578947368421,19.0,0.8,29.0,19.0,1,rolling,losing_streak_fitness,1_day,rep_1
test,3,53560,86986,86986,125287,57,12,2332,5.75,5,9,2,417.3993557999608,20,280.0,451.0,171.0,2.6374269005847952,73.0,0.55,14.0,19.0,3,rolling,losing_streak_fitness,1_day,rep_1
train,3,53560,86986,86986,125287,58,12,2182,5.75,5,9,2,324.2298567374695,5,145.0,164.0,19.0,8.631578947368421,19.0,0.8,29.0,19.0,1,rolling,losing_streak_fitness,1_day,rep_1
test,3,53560,86986,86986,125287,58,12,2182,5.75,5,9,2,417.3993557999608,20,280.0,451.0,171.0,2.6374269005847952,73.0,0.55,14.0,19.0,3,rolling,losing_streak_fitness,1_day,rep_1
train,3,53560,86986,86986,125287,59,12,1175,5.75,3,9,2,324.2298567374695,5,145.0,164.0,19.0,8.631578947368421,19.0,0.8,29.0,19.0,1,rolling,losing_streak_fitness,1_day,rep_1
test,3,53560,86986,86986,125287,59,12,1175,5.75,3,9,2,174.28425057933376,15,135.0,287.0,152.0,1.888157894736842,73.0,0.4666666666666667,9.0,19.0,3,rolling,losing_streak_fitness,1_day,rep_1
train,3,53560,86986,86986,125287,60,12,2332,5.75,5,9,2,324.2298567374695,5,145.0,164.0,19.0,8.631578947368421,19.0,0.8,29.0,19.0,1,rolling,losing_streak_fitness,1_day,rep_1
test,3,53560,86986,86986,125287,60,12,2332,5.75,5,9,2,417.3993557999608,20,280.0,451.0,171.0,2.6374269005847952,73.0,0.55,14.0,19.0,3,rolling,losing_streak_fitness,1_day,rep_1
train,3,53560,86986,86986,125287,61,12,1111,5.25,6,9,2,324.2298567374695,5,145.0,164.0,19.0,8.631578947368421,19.0,0.8,29.0,19.0,1,rolling,losing_streak_fitness,1_day,rep_1
test,3,53560,86986,86986,125287,61,12,1111,5.25,6,9,2,81.48545882548616,13,113.0,246.0,133.0,1.849624060150376,95.0,0.4615384615384615,8.692307692307692,19.0,5,rolling,losing_streak_fitness,1_day,rep_1
train,3,53560,86986,86986,125287,62,12,2343,5.75,1,9,2,324.2298567374695,5,145.0,164.0,19.0,8.631578947368421,19.0,0.8,29.0,19.0,1,rolling,losing_streak_fitness,1_day,rep_1
test,3,53560,86986,86986,125287,62,12,2343,5.75,1,9,2,417.3993557999608,20,280.0,451.0,171.0,2.6374269005847952,73.0,0.55,14.0,19.0,3,rolling,losing_streak_fitness,1_day,rep_1
train,3,53560,86986,86986,125287,63,12,1036,5.75,6,9,2,324.2298567374695,5,145.0,164.0,19.0,8.631578947368421,19.0,0.8,29.0,19.0,1,rolling,losing_streak_fitness,1_day,rep_1
test,3,53560,86986,86986,125287,63,12,1036,5.75,6,9,2,81.48545882548616,13,113.0,246.0,133.0,1.849624060150376,95.0,0.4615384615384615,8.692307692307692,19.0,5,rolling,losing_streak_fitness,1_day,rep_1
train,3,53560,86986,86986,125287,64,12,1069,5.75,1,9,2,324.2298567374695,5,145.0,164.0,19.0,8.631578947368421,19.0,0.8,29.0,19.0,1,rolling,losing_streak_fitness,1_day,rep_1
test,3,53560,86986,86986,125287,64,12,1069,5.75,1,9,2,174.28425057933376,15,135.0,287.0,152.0,1.888157894736842,73.0,0.4666666666666667,9.0,19.0,3,rolling,losing_streak_fitness,1_day,rep_1
train,3,53560,86986,86986,125287,65,12,1098,5.75,1,9,2,324.2298567374695,5,145.0,164.0,19.0,8.631578947368421,19.0,0.8,29.0,19.0,1,rolling,losing_streak_fitness,1_day,rep_1
test,3,53560,86986,86986,125287,65,12,1098,5.75,1,9,2,174.28425057933376,15,135.0,287.0,152.0,1.888157894736842,73.0,0.4666666666666667,9.0,19.0,3,rolling,losing_streak_fitness,1_day,rep_1
train,3,53560,86986,86986,125287,66,12,1036,5.5,5,9,2,324.2298567374695,5,145.0,164.0,19.0,8.631578947368421,19.0,0.8,29.0,19.0,1,rolling,losing_streak_fitness,1_day,rep_1
test,3,53560,86986,86986,125287,66,12,1036,5.5,5,9,2,174.28425057933376,15,135.0,287.0,152.0,1.888157894736842,73.0,0.4666666666666667,9.0,19.0,3,rolling,losing_streak_fitness,1_day,rep_1
train,3,53560,86986,86986,125287,67,12,1036,5.25,4,9,2,324.2298567374695,5,145.0,164.0,19.0,8.631578947368421,19.0,0.8,29.0,19.0,1,rolling,losing_streak_fitness,1_day,rep_1
test,3,53560,86986,86986,125287,67,12,1036,5.25,4,9,2,174.28425057933376,15,135.0,287.0,152.0,1.888157894736842,73.0,0.4666666666666667,9.0,19.0,3,rolling,losing_streak_fitness,1_day,rep_1
train,3,53560,86986,86986,125287,68,12,2262,5.75,4,9,2,324.2298567374695,5,145.0,164.0,19.0,8.631578947368421,19.0,0.8,29.0,19.0,1,rolling,losing_streak_fitness,1_day,rep_1
test,3,53560,86986,86986,125287,68,12,2262,5.75,4,9,2,417.3993557999608,20,280.0,451.0,171.0,2.6374269005847952,73.0,0.55,14.0,19.0,3,rolling,losing_streak_fitness,1_day,rep_1
train,3,53560,86986,86986,125287,69,12,1069,5.75,6,9,2,324.2298567374695,5,145.0,164.0,19.0,8.631578947368421,19.0,0.8,29.0,19.0,1,rolling,losing_streak_fitness,1_day,rep_1
test,3,53560,86986,86986,125287,69,12,1069,5.75,6,9,2,81.48545882548616,13,113.0,246.0,133.0,1.849624060150376,95.0,0.4615384615384615,8.692307692307692,19.0,5,rolling,losing_streak_fitness,1_day,rep_1
train,3,53560,86986,86986,125287,70,12,2507,5.75,6,9,2,324.2298567374695,5,145.0,164.0,19.0,8.631578947368421,19.0,0.8,29.0,19.0,1,rolling,losing_streak_fitness,1_day,rep_1
test,3,53560,86986,86986,125287,70,12,2507,5.75,6,9,2,218.9202594553551,18,258.0,410.0,152.0,2.6973684210526314,95.0,0.5555555555555556,14.333333333333334,19.0,5,rolling,losing_streak_fitness,1_day,rep_1
train,3,53560,86986,86986,125287,71,12,2507,5.75,1,9,2,324.2298567374695,5,145.0,164.0,19.0,8.631578947368421,19.0,0.8,29.0,19.0,1,rolling,losing_streak_fitness,1_day,rep_1
test,3,53560,86986,86986,125287,71,12,2507,5.75,1,9,2,417.3993557999608,20,280.0,451.0,171.0,2.6374269005847952,73.0,0.55,14.0,19.0,3,rolling,losing_streak_fitness,1_day,rep_1
train,3,53560,86986,86986,125287,72,12,1047,5.25,1,9,2,324.2298567374695,5,145.0,164.0,19.0,8.631578947368421,19.0,0.8,29.0,19.0,1,rolling,losing_streak_fitness,1_day,rep_1
test,3,53560,86986,86986,125287,72,12,1047,5.25,1,9,2,174.28425057933376,15,135.0,287.0,152.0,1.888157894736842,73.0,0.4666666666666667,9.0,19.0,3,rolling,losing_streak_fitness,1_day,rep_1
train,3,53560,86986,86986,125287,73,12,1031,5.25,1,9,2,324.2298567374695,5,145.0,164.0,19.0,8.631578947368421,19.0,0.8,29.0,19.0,1,rolling,losing_streak_fitness,1_day,rep_1
test,3,53560,86986,86986,125287,73,12,1031,5.25,1,9,2,174.28425057933376,15,135.0,287.0,152.0,1.888157894736842,73.0,0.4666666666666667,9.0,19.0,3,rolling,losing_streak_fitness,1_day,rep_1
train,3,53560,86986,86986,125287,74,12,2285,5.25,3,9,2,324.2298567374695,5,145.0,164.0,19.0,8.631578947368421,19.0,0.8,29.0,19.0,1,rolling,losing_streak_fitness,1_day,rep_1
test,3,53560,86986,86986,125287,74,12,2285,5.25,3,9,2,417.3993557999608,20,280.0,451.0,171.0,2.6374269005847952,73.0,0.55,14.0,19.0,3,rolling,losing_streak_fitness,1_day,rep_1
train,3,53560,86986,86986,125287,75,12,2285,5.75,2,9,2,324.2298567374695,5,145.0,164.0,19.0,8.631578947368421,19.0,0.8,29.0,19.0,1,rolling,losing_streak_fitness,1_day,rep_1
test,3,53560,86986,86986,125287,75,12,2285,5.75,2,9,2,417.3993557999608,20,280.0,451.0,171.0,2.6374269005847952,73.0,0.55,14.0,19.0,3,rolling,losing_streak_fitness,1_day,rep_1
train,3,53560,86986,86986,125287,76,12,1069,5.75,3,9,2,324.2298567374695,5,145.0,164.0,19.0,8.631578947368421,19.0,0.8,29.0,19.0,1,rolling,losing_streak_fitness,1_day,rep_1
test,3,53560,86986,86986,125287,76,12,1069,5.75,3,9,2,174.28425057933376,15,135.0,287.0,152.0,1.888157894736842,73.0,0.4666666666666667,9.0,19.0,3,rolling,losing_streak_fitness,1_day,rep_1
train,3,53560,86986,86986,125287,77,12,2262,4.75,1,9,2,324.2298567374695,5,145.0,164.0,19.0,8.631578947368421,19.0,0.8,29.0,19.0,1,rolling,losing_streak_fitness,1_day,rep_1
test,3,53560,86986,86986,125287,77,12,2262,4.75,1,9,2,417.3993557999608,20,280.0,451.0,171.0,2.6374269005847952,73.0,0.55,14.0,19.0,3,rolling,losing_streak_fitness,1_day,rep_1
train,3,53560,86986,86986,125287,78,12,2285,5.75,5,9,2,324.2298567374695,5,145.0,164.0,19.0,8.631578947368421,19.0,0.8,29.0,19.0,1,rolling,losing_streak_fitness,1_day,rep_1
test,3,53560,86986,86986,125287,78,12,2285,5.75,5,9,2,417.3993557999608,20,280.0,451.0,171.0,2.6374269005847952,73.0,0.55,14.0,19.0,3,rolling,losing_streak_fitness,1_day,rep_1
train,3,53560,86986,86986,125287,79,12,1069,5.25,5,9,2,324.2298567374695,5,145.0,164.0,19.0,8.631578947368421,19.0,0.8,29.0,19.0,1,rolling,losing_streak_fitness,1_day,rep_1
test,3,53560,86986,86986,125287,79,12,1069,5.25,5,9,2,174.28425057933376,15,135.0,287.0,152.0,1.888157894736842,73.0,0.4666666666666667,9.0,19.0,3,rolling,losing_streak_fitness,1_day,rep_1
train,3,53560,86986,86986,125287,80,12,2153,6.0,3,9,2,324.2298567374695,5,145.0,164.0,19.0,8.631578947368421,19.0,0.8,29.0,19.0,1,rolling,losing_streak_fitness,1_day,rep_1
test,3,53560,86986,86986,125287,80,12,2153,6.0,3,9,2,417.3993557999608,20,280.0,451.0,171.0,2.6374269005847952,73.0,0.55,14.0,19.0,3,rolling,losing_streak_fitness,1_day,rep_1
train,3,53560,86986,86986,125287,81,12,1069,5.75,6,9,2,324.2298567374695,5,145.0,164.0,19.0,8.631578947368421,19.0,0.8,29.0,19.0,1,rolling,losing_streak_fitness,1_day,rep_1
test,3,53560,86986,86986,125287,81,12,1069,5.75,6,9,2,81.48545882548616,13,113.0,246.0,133.0,1.849624060150376,95.0,0.4615384615384615,8.692307692307692,19.0,5,rolling,losing_streak_fitness,1_day,rep_1
train,3,53560,86986,86986,125287,82,12,2285,5.5,3,9,2,324.2298567374695,5,145.0,164.0,19.0,8.631578947368421,19.0,0.8,29.0,19.0,1,rolling,losing_streak_fitness,1_day,rep_1
test,3,53560,86986,86986,125287,82,12,2285,5.5,3,9,2,417.3993557999608,20,280.0,451.0,171.0,2.6374269005847952,73.0,0.55,14.0,19.0,3,rolling,losing_streak_fitness,1_day,rep_1
train,3,53560,86986,86986,125287,83,12,2332,5.5,5,9,2,324.2298567374695,5,145.0,164.0,19.0,8.631578947368421,19.0,0.8,29.0,19.0,1,rolling,losing_streak_fitness,1_day,rep_1
test,3,53560,86986,86986,125287,83,12,2332,5.5,5,9,2,417.3993557999608,20,280.0,451.0,171.0,2.6374269005847952,73.0,0.55,14.0,19.0,3,rolling,losing_streak_fitness,1_day,rep_1
train,3,53560,86986,86986,125287,84,12,2285,4.75,5,9,2,324.2298567374695,5,145.0,164.0,19.0,8.631578947368421,19.0,0.8,29.0,19.0,1,rolling,losing_streak_fitness,1_day,rep_1
test,3,53560,86986,86986,125287,84,12,2285,4.75,5,9,2,417.3993557999608,20,280.0,451.0,171.0,2.6374269005847952,73.0,0.55,14.0,19.0,3,rolling,losing_streak_fitness,1_day,rep_1
train,3,53560,86986,86986,125287,85,12,1004,5.5,5,9,2,324.2298567374695,5,145.0,164.0,19.0,8.631578947368421,19.0,0.8,29.0,19.0,1,rolling,losing_streak_fitness,1_day,rep_1
test,3,53560,86986,86986,125287,85,12,1004,5.5,5,9,2,174.28425057933376,15,135.0,287.0,152.0,1.888157894736842,73.0,0.4666666666666667,9.0,19.0,3,rolling,losing_streak_fitness,1_day,rep_1
train,3,53560,86986,86986,125287,86,12,2147,5.25,5,9,2,324.2298567374695,5,145.0,164.0,19.0,8.631578947368421,19.0,0.8,29.0,19.0,1,rolling,losing_streak_fitness,1_day,rep_1
test,3,53560,86986,86986,125287,86,12,2147,5.25,5,9,2,417.3993557999608,20,280.0,451.0,171.0,2.6374269005847952,73.0,0.55,14.0,19.0,3,rolling,losing_streak_fitness,1_day,rep_1
train,3,53560,86986,86986,125287,87,12,2285,4.75,3,9,2,324.2298567374695,5,145.0,164.0,19.0,8.631578947368421,19.0,0.8,29.0,19.0,1,rolling,losing_streak_fitness,1_day,rep_1
test,3,53560,86986,86986,125287,87,12,2285,4.75,3,9,2,417.3993557999608,20,280.0,451.0,171.0,2.6374269005847952,73.0,0.55,14.0,19.0,3,rolling,losing_streak_fitness,1_day,rep_1
train,3,53560,86986,86986,125287,88,12,2132,5.75,3,9,2,324.2298567374695,5,145.0,164.0,19.0,8.631578947368421,19.0,0.8,29.0,19.0,1,rolling,losing_streak_fitness,1_day,rep_1
test,3,53560,86986,86986,125287,88,12,2132,5.75,3,9,2,417.3993557999608,20,280.0,451.0,171.0,2.6374269005847952,73.0,0.55,14.0,19.0,3,rolling,losing_streak_fitness,1_day,rep_1
train,3,53560,86986,86986,125287,89,12,1025,5.75,5,9,2,324.2298567374695,5,145.0,164.0,19.0,8.631578947368421,19.0,0.8,29.0,19.0,1,rolling,losing_streak_fitness,1_day,rep_1
test,3,53560,86986,86986,125287,89,12,1025,5.75,5,9,2,174.28425057933376,15,135.0,287.0,152.0,1.888157894736842,73.0,0.4666666666666667,9.0,19.0,3,rolling,losing_streak_fitness,1_day,rep_1
train,3,53560,86986,86986,125287,90,12,1143,6.25,5,9,2,324.2298567374695,5,145.0,164.0,19.0,8.631578947368421,19.0,0.8,29.0,19.0,1,rolling,losing_streak_fitness,1_day,rep_1
test,3,53560,86986,86986,125287,90,12,1143,6.25,5,9,2,58.61929905945842,14,94.0,246.0,152.0,1.618421052631579,114.0,0.4285714285714285,6.714285714285714,19.0,6,rolling,losing_streak_fitness,1_day,rep_1
train,3,53560,86986,86986,125287,91,12,2262,5.75,2,9,2,324.2298567374695,5,145.0,164.0,19.0,8.631578947368421,19.0,0.8,29.0,19.0,1,rolling,losing_streak_fitness,1_day,rep_1
test,3,53560,86986,86986,125287,91,12,2262,5.75,2,9,2,417.3993557999608,20,280.0,451.0,171.0,2.6374269005847952,73.0,0.55,14.0,19.0,3,rolling,losing_streak_fitness,1_day,rep_1
train,3,53560,86986,86986,125287,92,12,2285,6.0,2,9,2,324.2298567374695,5,145.0,164.0,19.0,8.631578947368421,19.0,0.8,29.0,19.0,1,rolling,losing_streak_fitness,1_day,rep_1
test,3,53560,86986,86986,125287,92,12,2285,6.0,2,9,2,417.3993557999608,20,280.0,451.0,171.0,2.6374269005847952,73.0,0.55,14.0,19.0,3,rolling,losing_streak_fitness,1_day,rep_1
train,3,53560,86986,86986,125287,93,12,2260,5.75,6,9,2,324.2298567374695,5,145.0,164.0,19.0,8.631578947368421,19.0,0.8,29.0,19.0,1,rolling,losing_streak_fitness,1_day,rep_1
test,3,53560,86986,86986,125287,93,12,2260,5.75,6,9,2,218.9202594553551,18,258.0,410.0,152.0,2.6973684210526314,95.0,0.5555555555555556,14.333333333333334,19.0,5,rolling,losing_streak_fitness,1_day,rep_1
train,3,53560,86986,86986,125287,94,12,2442,5.75,4,9,2,324.2298567374695,5,145.0,164.0,19.0,8.631578947368421,19.0,0.8,29.0,19.0,1,rolling,losing_streak_fitness,1_day,rep_1
test,3,53560,86986,86986,125287,94,12,2442,5.75,4,9,2,417.3993557999608,20,280.0,451.0,171.0,2.6374269005847952,73.0,0.55,14.0,19.0,3,rolling,losing_streak_fitness,1_day,rep_1
train,3,53560,86986,86986,125287,95,12,1069,5.75,5,9,2,324.2298567374695,5,145.0,164.0,19.0,8.631578947368421,19.0,0.8,29.0,19.0,1,rolling,losing_streak_fitness,1_day,rep_1
test,3,53560,86986,86986,125287,95,12,1069,5.75,5,9,2,174.28425057933376,15,135.0,287.0,152.0,1.888157894736842,73.0,0.4666666666666667,9.0,19.0,3,rolling,losing_streak_fitness,1_day,rep_1
train,3,53560,86986,86986,125287,96,12,1025,6.0,2,9,2,324.2298567374695,5,145.0,164.0,19.0,8.631578947368421,19.0,0.8,29.0,19.0,1,rolling,losing_streak_fitness,1_day,rep_1
test,3,53560,86986,86986,125287,96,12,1025,6.0,2,9,2,174.28425057933376,15,135.0,287.0,152.0,1.888157894736842,73.0,0.4666666666666667,9.0,19.0,3,rolling,losing_streak_fitness,1_day,rep_1
train,3,53560,86986,86986,125287,97,12,2566,6.0,5,9,2,324.2298567374695,5,145.0,164.0,19.0,8.631578947368421,19.0,0.8,29.0,19.0,1,rolling,losing_streak_fitness,1_day,rep_1
test,3,53560,86986,86986,125287,97,12,2566,6.0,5,9,2,173.62947458437017,19,239.0,410.0,171.0,2.3976608187134505,114.0,0.5263157894736842,12.578947368421051,19.0,6,rolling,losing_streak_fitness,1_day,rep_1
train,3,53560,86986,86986,125287,98,12,1069,6.25,5,9,2,324.2298567374695,5,145.0,164.0,19.0,8.631578947368421,19.0,0.8,29.0,19.0,1,rolling,losing_streak_fitness,1_day,rep_1
test,3,53560,86986,86986,125287,98,12,1069,6.25,5,9,2,58.61929905945842,14,94.0,246.0,152.0,1.618421052631579,114.0,0.4285714285714285,6.714285714285714,19.0,6,rolling,losing_streak_fitness,1_day,rep_1
train,3,53560,86986,86986,125287,99,12,2566,5.75,2,9,2,324.2298567374695,5,145.0,164.0,19.0,8.631578947368421,19.0,0.8,29.0,19.0,1,rolling,losing_streak_fitness,1_day,rep_1
test,3,53560,86986,86986,125287,99,12,2566,5.75,2,9,2,417.3993557999608,20,280.0,451.0,171.0,2.6374269005847952,73.0,0.55,14.0,19.0,3,rolling,losing_streak_fitness,1_day,rep_1
train,3,53560,86986,86986,125287,100,12,1282,5.75,4,9,2,324.2298567374695,5,145.0,164.0,19.0,8.631578947368421,19.0,0.8,29.0,19.0,1,rolling,losing_streak_fitness,1_day,rep_1
test,3,53560,86986,86986,125287,100,12,1282,5.75,4,9,2,417.3993557999608,20,280.0,451.0,171.0,2.6374269005847952,73.0,0.55,14.0,19.0,3,rolling,losing_streak_fitness,1_day,rep_1
train,4,86986,125287,125287,130699,0,7,3247,7.0,4,17,3,399.2668280736581,54,489.0,1377.0,888.0,1.5506756756756757,216.0,0.3148148148148148,9.055555555555555,24.0,9,rolling,losing_streak_fitness,1_day,rep_1
test,4,86986,125287,125287,130699,0,7,3247,7.0,4,17,3,-1000.0,1,-24.0,0.0,24.0,0.0,24.0,0.0,-24.0,24.0,1,rolling,losing_streak_fitness,1_day,rep_1
train,4,86986,125287,125287,130699,1,14,1297,4.75,1,15,2,283.5,9,189.0,284.0,95.0,2.9894736842105263,38.0,0.4444444444444444,21.0,19.0,2,rolling,losing_streak_fitness,1_day,rep_1
test,4,86986,125287,125287,130699,1,14,1297,4.75,1,15,2,-1000.0,0,0.0,0.0,0.0,inf,0.0,0.0,0.0,0.0,0,rolling,losing_streak_fitness,1_day,rep_1
train,4,86986,125287,125287,130699,2,15,1480,9.75,5,10,4,404.4650788387052,8,143.0,230.0,87.0,2.6436781609195403,29.0,0.625,17.875,29.0,1,rolling,losing_streak_fitness,1_day,rep_1
test,4,86986,125287,125287,130699,2,15,1480,9.75,5,10,4,-1000.0,0,0.0,0.0,0.0,inf,0.0,0.0,0.0,0.0,0,rolling,losing_streak_fitness,1_day,rep_1
train,4,86986,125287,125287,130699,3,14,2437,4.75,6,10,2,815.8896984274284,11,246.0,322.0,76.0,4.2368421052631575,19.0,0.6363636363636364,22.363636363636363,19.0,1,rolling,losing_streak_fitness,1_day,rep_1
test,4,86986,125287,125287,130699,3,14,2437,4.75,6,10,2,-1000.0,0,0.0,0.0,0.0,inf,0.0,0.0,0.0,0.0,0,rolling,losing_streak_fitness,1_day,rep_1
train,4,86986,125287,125287,130699,4,14,2437,4.5,6,10,2,815.8896984274284,11,246.0,322.0,76.0,4.2368421052631575,19.0,0.6363636363636364,22.363636363636363,19.0,1,rolling,losing_streak_fitness,1_day,rep_1
test,4,86986,125287,125287,130699,4,14,2437,4.5,6,10,2,-1000.0,0,0.0,0.0,0.0,inf,0.0,0.0,0.0,0.0,0,rolling,losing_streak_fitness,1_day,rep_1
train,4,86986,125287,125287,130699,5,14,1297,4.5,8,19,2,403.5,9,269.0,364.0,95.0,3.831578947368421,38.0,0.4444444444444444,29.88888888888889,19.0,2,rolling,losing_streak_fitness,1_day,rep_1
test,4,86986,125287,125287,130699,5,14,1297,4.5,8,19,2,-1000.0,0,0.0,0.0,0.0,inf,0.0,0.0,0.0,0.0,0,rolling,losing_streak_fitness,1_day,rep_1
train,4,86986,125287,125287,130699,6,14,1480,4.5,8,10,3,749.5572026203204,11,226.0,322.0,96.0,3.3541666666666665,24.0,0.6363636363636364,20.545454545454547,24.0,1,rolling,losing_streak_fitness,1_day,rep_1
test,4,86986,125287,125287,130699,6,14,1480,4.5,8,10,3,-1000.0,0,0.0,0.0,0.0,inf,0.0,0.0,0.0,0.0,0,rolling,losing_streak_fitness,1_day,rep_1
train,4,86986,125287,125287,130699,7,14,1480,4.5,6,10,2,815.8896984274284,11,246.0,322.0,76.0,4.2368421052631575,19.0,0.6363636363636364,22.363636363636363,19.0,1,rolling,losing_streak_fitness,1_day,rep_1
test,4,86986,125287,125287,130699,7,14,1480,4.5,6,10,2,-1000.0,0,0.0,0.0,0.0,inf,0.0,0.0,0.0,0.0,0,rolling,losing_streak_fitness,1_day,rep_1
train,4,86986,125287,125287,130699,8,14,3933,4.5,8,10,2,815.8896984274284,11,246.0,322.0,76.0,4.2368421052631575,19.0,0.6363636363636364,22.363636363636363,19.0,1,rolling,losing_streak_fitness,1_day,rep_1
test,4,86986,125287,125287,130699,8,14,3933,4.5,8,10,2,-1000.0,0,0.0,0.0,0.0,inf,0.0,0.0,0.0,0.0,0,rolling,losing_streak_fitness,1_day,rep_1
train,4,86986,125287,125287,130699,9,14,1480,3.0,6,10,2,815.8896984274284,11,246.0,322.0,76.0,4.2368421052631575,19.0,0.6363636363636364,22.363636363636363,19.0,1,rolling,losing_streak_fitness,1_day,rep_1
test,4,86986,125287,125287,130699,9,14,1480,3.0,6,10,2,-1000.0,0,0.0,0.0,0.0,inf,0.0,0.0,0.0,0.0,0,rolling,losing_streak_fitness,1_day,rep_1
train,4,86986,125287,125287,130699,10,14,3247,3.25,8,10,2,815.8896984274284,11,246.0,322.0,76.0,4.2368421052631575,19.0,0.6363636363636364,22.363636363636363,19.0,1,rolling,losing_streak_fitness,1_day,rep_1
test,4,86986,125287,125287,130699,10,14,3247,3.25,8,10,2,-1000.0,0,0.0,0.0,0.0,inf,0.0,0.0,0.0,0.0,0,rolling,losing_streak_fitness,1_day,rep_1
train,4,86986,125287,125287,130699,11,14,1764,4.5,8,10,2,815.8896984274284,11,246.0,322.0,76.0,4.2368421052631575,19.0,0.6363636363636364,22.363636363636363,19.0,1,rolling,losing_streak_fitness,1_day,rep_1
test,4,86986,125287,125287,130699,11,14,1764,4.5,8,10,2,-1000.0,0,0.0,0.0,0.0,inf,0.0,0.0,0.0,0.0,0,rolling,losing_streak_fitness,1_day,rep_1
train,4,86986,125287,125287,130699,12,14,1297,3.25,8,10,2,815.8896984274284,11,246.0,322.0,76.0,4.2368421052631575,19.0,0.6363636363636364,22.363636363636363,19.0,1,rolling,losing_streak_fitness,1_day,rep_1
test,4,86986,125287,125287,130699,12,14,1297,3.25,8,10,2,-1000.0,0,0.0,0.0,0.0,inf,0.0,0.0,0.0,0.0,0,rolling,losing_streak_fitness,1_day,rep_1
train,4,86986,125287,125287,130699,13,14,2437,4.75,8,10,2,815.8896984274284,11,246.0,322.0,76.0,4.2368421052631575,19.0,0.6363636363636364,22.363636363636363,19.0,1,rolling,losing_streak_fitness,1_day,rep_1
test,4,86986,125287,125287,130699,13,14,2437,4.75,8,10,2,-1000.0,0,0.0,0.0,0.0,inf,0.0,0.0,0.0,0.0,0,rolling,losing_streak_fitness,1_day,rep_1
train,4,86986,125287,125287,130699,14,14,1728,4.5,7,10,2,815.8896984274284,11,246.0,322.0,76.0,4.2368421052631575,19.0,0.6363636363636364,22.363636363636363,19.0,1,rolling,losing_streak_fitness,1_day,rep_1
test,4,86986,125287,125287,130699,14,14,1728,4.5,7,10,2,-1000.0,0,0.0,0.0,0.0,inf,0.0,0.0,0.0,0.0,0,rolling,losing_streak_fitness,1_day,rep_1
train,4,86986,125287,125287,130699,15,14,1764,3.0,6,10,2,815.8896984274284,11,246.0,322.0,76.0,4.2368421052631575,19.0,0.6363636363636364,22.363636363636363,19.0,1,rolling,losing_streak_fitness,1_day,rep_1
test,4,86986,125287,125287,130699,15,14,1764,3.0,6,10,2,-1000.0,0,0.0,0.0,0.0,inf,0.0,0.0,0.0,0.0,0,rolling,losing_streak_fitness,1_day,rep_1
train,4,86986,125287,125287,130699,16,14,1297,4.5,7,10,2,815.8896984274284,11,246.0,322.0,76.0,4.2368421052631575,19.0,0.6363636363636364,22.363636363636363,19.0,1,rolling,losing_streak_fitness,1_day,rep_1
test,4,86986,125287,125287,130699,16,14,1297,4.5,7,10,2,-1000.0,0,0.0,0.0,0.0,inf,0.0,0.0,0.0,0.0,0,rolling,losing_streak_fitness,1_day,rep_1
train,4,86986,125287,125287,130699,17,14,1728,4.5,8,10,2,815.8896984274284,11,246.0,322.0,76.0,4.2368421052631575,19.0,0.6363636363636364,22.363636363636363,19.0,1,rolling,losing_streak_fitness,1_day,rep_1
test,4,86986,125287,125287,130699,17,14,1728,4.5,8,10,2,-1000.0,0,0.0,0.0,0.0,inf,0.0,0.0,0.0,0.0,0,rolling,losing_streak_fitness,1_day,rep_1
train,4,86986,125287,125287,130699,18,14,1764,3.25,5,10,2,815.8896984274284,11,246.0,322.0,76.0,4.2368421052631575,19.0,0.6363636363636364,22.363636363636363,19.0,1,rolling,losing_streak_fitness,1_day,rep_1
test,4,86986,125287,125287,130699,18,14,1764,3.25,5,10,2,-1000.0,0,0.0,0.0,0.0,inf,0.0,0.0,0.0,0.0,0,rolling,losing_streak_fitness,1_day,rep_1
train,4,86986,125287,125287,130699,19,14,1728,4.25,8,10,2,815.8896984274284,11,246.0,322.0,76.0,4.2368421052631575,19.0,0.6363636363636364,22.363636363636363,19.0,1,rolling,losing_streak_fitness,1_day,rep_1
test,4,86986,125287,125287,130699,19,14,1728,4.25,8,10,2,-1000.0,0,0.0,0.0,0.0,inf,0.0,0.0,0.0,0.0,0,rolling,losing_streak_fitness,1_day,rep_1
train,4,86986,125287,125287,130699,20,14,2700,3.25,5,10,2,815.8896984274284,11,246.0,322.0,76.0,4.2368421052631575,19.0,0.6363636363636364,22.363636363636363,19.0,1,rolling,losing_streak_fitness,1_day,rep_1
test,4,86986,125287,125287,130699,20,14,2700,3.25,5,10,2,-1000.0,0,0.0,0.0,0.0,inf,0.0,0.0,0.0,0.0,0,rolling,losing_streak_fitness,1_day,rep_1
train,4,86986,125287,125287,130699,21,14,2754,4.5,5,10,2,815.8896984274284,11,246.0,322.0,76.0,4.2368421052631575,19.0,0.6363636363636364,22.363636363636363,19.0,1,rolling,losing_streak_fitness,1_day,rep_1
test,4,86986,125287,125287,130699,21,14,2754,4.5,5,10,2,-1000.0,0,0.0,0.0,0.0,inf,0.0,0.0,0.0,0.0,0,rolling,losing_streak_fitness,1_day,rep_1
train,4,86986,125287,125287,130699,22,14,1900,4.5,7,10,2,815.8896984274284,11,246.0,322.0,76.0,4.2368421052631575,19.0,0.6363636363636364,22.363636363636363,19.0,1,rolling,losing_streak_fitness,1_day,rep_1
test,4,86986,125287,125287,130699,22,14,1900,4.5,7,10,2,-1000.0,0,0.0,0.0,0.0,inf,0.0,0.0,0.0,0.0,0,rolling,losing_streak_fitness,1_day,rep_1
train,4,86986,125287,125287,130699,23,14,1728,4.75,6,10,2,815.8896984274284,11,246.0,322.0,76.0,4.2368421052631575,19.0,0.6363636363636364,22.363636363636363,19.0,1,rolling,losing_streak_fitness,1_day,rep_1
test,4,86986,125287,125287,130699,23,14,1728,4.75,6,10,2,-1000.0,0,0.0,0.0,0.0,inf,0.0,0.0,0.0,0.0,0,rolling,losing_streak_fitness,1_day,rep_1
train,4,86986,125287,125287,130699,24,14,1814,4.5,8,10,2,815.8896984274284,11,246.0,322.0,76.0,4.2368421052631575,19.0,0.6363636363636364,22.363636363636363,19.0,1,rolling,losing_streak_fitness,1_day,rep_1
test,4,86986,125287,125287,130699,24,14,1814,4.5,8,10,2,-1000.0,0,0.0,0.0,0.0,inf,0.0,0.0,0.0,0.0,0,rolling,losing_streak_fitness,1_day,rep_1
train,4,86986,125287,125287,130699,25,14,2513,4.5,8,10,2,815.8896984274284,11,246.0,322.0,76.0,4.2368421052631575,19.0,0.6363636363636364,22.363636363636363,19.0,1,rolling,losing_streak_fitness,1_day,rep_1
test,4,86986,125287,125287,130699,25,14,2513,4.5,8,10,2,-1000.0,0,0.0,0.0,0.0,inf,0.0,0.0,0.0,0.0,0,rolling,losing_streak_fitness,1_day,rep_1
train,4,86986,125287,125287,130699,26,14,1728,3.75,7,10,2,815.8896984274284,11,246.0,322.0,76.0,4.2368421052631575,19.0,0.6363636363636364,22.363636363636363,19.0,1,rolling,losing_streak_fitness,1_day,rep_1
test,4,86986,125287,125287,130699,26,14,1728,3.75,7,10,2,-1000.0,0,0.0,0.0,0.0,inf,0.0,0.0,0.0,0.0,0,rolling,losing_streak_fitness,1_day,rep_1
train,4,86986,125287,125287,130699,27,14,1728,4.5,8,10,2,815.8896984274284,11,246.0,322.0,76.0,4.2368421052631575,19.0,0.6363636363636364,22.363636363636363,19.0,1,rolling,losing_streak_fitness,1_day,rep_1
test,4,86986,125287,125287,130699,27,14,1728,4.5,8,10,2,-1000.0,0,0.0,0.0,0.0,inf,0.0,0.0,0.0,0.0,0,rolling,losing_streak_fitness,1_day,rep_1
train,4,86986,125287,125287,130699,28,14,3182,3.25,5,10,2,815.8896984274284,11,246.0,322.0,76.0,4.2368421052631575,19.0,0.6363636363636364,22.363636363636363,19.0,1,rolling,losing_streak_fitness,1_day,rep_1
test,4,86986,125287,125287,130699,28,14,3182,3.25,5,10,2,-1000.0,0,0.0,0.0,0.0,inf,0.0,0.0,0.0,0.0,0,rolling,losing_streak_fitness,1_day,rep_1
train,4,86986,125287,125287,130699,29,14,2754,3.5,8,10,2,815.8896984274284,11,246.0,322.0,76.0,4.2368421052631575,19.0,0.6363636363636364,22.363636363636363,19.0,1,rolling,losing_streak_fitness,1_day,rep_1
test,4,86986,125287,125287,130699,29,14,2754,3.5,8,10,2,-1000.0,0,0.0,0.0,0.0,inf,0.0,0.0,0.0,0.0,0,rolling,losing_streak_fitness,1_day,rep_1
train,4,86986,125287,125287,130699,30,14,1881,4.25,7,10,2,815.8896984274284,11,246.0,322.0,76.0,4.2368421052631575,19.0,0.6363636363636364,22.363636363636363,19.0,1,rolling,losing_streak_fitness,1_day,rep_1
test,4,86986,125287,125287,130699,30,14,1881,4.25,7,10,2,-1000.0,0,0.0,0.0,0.0,inf,0.0,0.0,0.0,0.0,0,rolling,losing_streak_fitness,1_day,rep_1
train,4,86986,125287,125287,130699,31,14,2462,4.5,8,10,2,815.8896984274284,11,246.0,322.0,76.0,4.2368421052631575,19.0,0.6363636363636364,22.363636363636363,19.0,1,rolling,losing_streak_fitness,1_day,rep_1
test,4,86986,125287,125287,130699,31,14,2462,4.5,8,10,2,-1000.0,0,0.0,0.0,0.0,inf,0.0,0.0,0.0,0.0,0,rolling,losing_streak_fitness,1_day,rep_1
train,4,86986,125287,125287,130699,32,14,1728,4.5,5,10,2,815.8896984274284,11,246.0,322.0,76.0,4.2368421052631575,19.0,0.6363636363636364,22.363636363636363,19.0,1,rolling,losing_streak_fitness,1_day,rep_1
test,4,86986,125287,125287,130699,32,14,1728,4.5,5,10,2,-1000.0,0,0.0,0.0,0.0,inf,0.0,0.0,0.0,0.0,0,rolling,losing_streak_fitness,1_day,rep_1
train,4,86986,125287,125287,130699,33,14,1728,4.5,8,10,2,815.8896984274284,11,246.0,322.0,76.0,4.2368421052631575,19.0,0.6363636363636364,22.363636363636363,19.0,1,rolling,losing_streak_fitness,1_day,rep_1
test,4,86986,125287,125287,130699,33,14,1728,4.5,8,10,2,-1000.0,0,0.0,0.0,0.0,inf,0.0,0.0,0.0,0.0,0,rolling,losing_streak_fitness,1_day,rep_1
train,4,86986,125287,125287,130699,34,14,1728,4.5,8,10,2,815.8896984274284,11,246.0,322.0,76.0,4.2368421052631575,19.0,0.6363636363636364,22.363636363636363,19.0,1,rolling,losing_streak_fitness,1_day,rep_1
test,4,86986,125287,125287,130699,34,14,1728,4.5,8,10,2,-1000.0,0,0.0,0.0,0.0,inf,0.0,0.0,0.0,0.0,0,rolling,losing_streak_fitness,1_day,rep_1
train,4,86986,125287,125287,130699,35,14,2462,4.75,8,10,2,815.8896984274284,11,246.0,322.0,76.0,4.2368421052631575,19.0,0.6363636363636364,22.363636363636363,19.0,1,rolling,losing_streak_fitness,1_day,rep_1
test,4,86986,125287,125287,130699,35,14,2462,4.75,8,10,2,-1000.0,0,0.0,0.0,0.0,inf,0.0,0.0,0.0,0.0,0,rolling,losing_streak_fitness,1_day,rep_1
train,4,86986,125287,125287,130699,36,14,2700,4.5,8,10,2,815.8896984274284,11,246.0,322.0,76.0,4.2368421052631575,19.0,0.6363636363636364,22.363636363636363,19.0,1,rolling,losing_streak_fitness,1_day,rep_1
test,4,86986,125287,125287,130699,36,14,2700,4.5,8,10,2,-1000.0,0,0.0,0.0,0.0,inf,0.0,0.0,0.0,0.0,0,rolling,losing_streak_fitness,1_day,rep_1
train,4,86986,125287,125287,130699,37,14,2754,4.75,5,10,2,815.8896984274284,11,246.0,322.0,76.0,4.2368421052631575,19.0,0.6363636363636364,22.363636363636363,19.0,1,rolling,losing_streak_fitness,1_day,rep_1
test,4,86986,125287,125287,130699,37,14,2754,4.75,5,10,2,-1000.0,0,0.0,0.0,0.0,inf,0.0,0.0,0.0,0.0,0,rolling,losing_streak_fitness,1_day,rep_1
train,4,86986,125287,125287,130699,38,14,2754,4.5,8,10,2,815.8896984274284,11,246.0,322.0,76.0,4.2368421052631575,19.0,0.6363636363636364,22.363636363636363,19.0,1,rolling,losing_streak_fitness,1_day,rep_1
test,4,86986,125287,125287,130699,38,14,2754,4.5,8,10,2,-1000.0,0,0.0,0.0,0.0,inf,0.0,0.0,0.0,0.0,0,rolling,losing_streak_fitness,1_day,rep_1
train,4,86986,125287,125287,130699,39,14,2565,3.75,8,10,2,815.8896984274284,11,246.0,322.0,76.0,4.2368421052631575,19.0,0.6363636363636364,22.363636363636363,19.0,1,rolling,losing_streak_fitness,1_day,rep_1
test,4,86986,125287,125287,130699,39,14,2565,3.75,8,10,2,-1000.0,0,0.0,0.0,0.0,inf,0.0,0.0,0.0,0.0,0,rolling,losing_streak_fitness,1_day,rep_1
train,4,86986,125287,125287,130699,40,14,2842,4.75,8,10,2,815.8896984274284,11,246.0,322.0,76.0,4.2368421052631575,19.0,0.6363636363636364,22.363636363636363,19.0,1,rolling,losing_streak_fitness,1_day,rep_1
test,4,86986,125287,125287,130699,40,14,2842,4.75,8,10,2,-1000.0,0,0.0,0.0,0.0,inf,0.0,0.0,0.0,0.0,0,rolling,losing_streak_fitness,1_day,rep_1
train,4,86986,125287,125287,130699,41,14,2842,3.75,8,10,2,815.8896984274284,11,246.0,322.0,76.0,4.2368421052631575,19.0,0.6363636363636364,22.363636363636363,19.0,1,rolling,losing_streak_fitness,1_day,rep_1
test,4,86986,125287,125287,130699,41,14,2842,3.75,8,10,2,-1000.0,0,0.0,0.0,0.0,inf,0.0,0.0,0.0,0.0,0,rolling,losing_streak_fitness,1_day,rep_1
train,4,86986,125287,125287,130699,42,14,2754,4.75,5,10,2,815.8896984274284,11,246.0,322.0,76.0,4.2368421052631575,19.0,0.6363636363636364,22.363636363636363,19.0,1,rolling,losing_streak_fitness,1_day,rep_1
test,4,86986,125287,125287,130699,42,14,2754,4.75,5,10,2,-1000.0,0,0.0,0.0,0.0,inf,0.0,0.0,0.0,0.0,0,rolling,losing_streak_fitness,1_day,rep_1
train,4,86986,125287,125287,130699,43,14,2754,4.5,8,10,2,815.8896984274284,11,246.0,322.0,76.0,4.2368421052631575,19.0,0.6363636363636364,22.363636363636363,19.0,1,rolling,losing_streak_fitness,1_day,rep_1
test,4,86986,125287,125287,130699,43,14,2754,4.5,8,10,2,-1000.0,0,0.0,0.0,0.0,inf,0.0,0.0,0.0,0.0,0,rolling,losing_streak_fitness,1_day,rep_1
train,4,86986,125287,125287,130699,44,14,2754,4.75,5,10,2,815.8896984274284,11,246.0,322.0,76.0,4.2368421052631575,19.0,0.6363636363636364,22.363636363636363,19.0,1,rolling,losing_streak_fitness,1_day,rep_1
test,4,86986,125287,125287,130699,44,14,2754,4.75,5,10,2,-1000.0,0,0.0,0.0,0.0,inf,0.0,0.0,0.0,0.0,0,rolling,losing_streak_fitness,1_day,rep_1
train,4,86986,125287,125287,130699,45,14,2754,4.75,8,10,2,815.8896984274284,11,246.0,322.0,76.0,4.2368421052631575,19.0,0.6363636363636364,22.363636363636363,19.0,1,rolling,losing_streak_fitness,1_day,rep_1
test,4,86986,125287,125287,130699,45,14,2754,4.75,8,10,2,-1000.0,0,0.0,0.0,0.0,inf,0.0,0.0,0.0,0.0,0,rolling,losing_streak_fitness,1_day,rep_1
train,4,86986,125287,125287,130699,46,14,2616,3.0,7,10,2,815.8896984274284,11,246.0,322.0,76.0,4.2368421052631575,19.0,0.6363636363636364,22.363636363636363,19.0,1,rolling,losing_streak_fitness,1_day,rep_1
test,4,86986,125287,125287,130699,46,14,2616,3.0,7,10,2,-1000.0,0,0.0,0.0,0.0,inf,0.0,0.0,0.0,0.0,0,rolling,losing_streak_fitness,1_day,rep_1
train,4,86986,125287,125287,130699,47,14,2898,4.75,8,10,2,815.8896984274284,11,246.0,322.0,76.0,4.2368421052631575,19.0,0.6363636363636364,22.363636363636363,19.0,1,rolling,losing_streak_fitness,1_day,rep_1
test,4,86986,125287,125287,130699,47,14,2898,4.75,8,10,2,-1000.0,0,0.0,0.0,0.0,inf,0.0,0.0,0.0,0.0,0,rolling,losing_streak_fitness,1_day,rep_1
train,4,86986,125287,125287,130699,48,14,2671,4.5,5,10,2,815.8896984274284,11,246.0,322.0,76.0,4.2368421052631575,19.0,0.6363636363636364,22.363636363636363,19.0,1,rolling,losing_streak_fitness,1_day,rep_1
test,4,86986,125287,125287,130699,48,14,2671,4.5,5,10,2,-1000.0,0,0.0,0.0,0.0,inf,0.0,0.0,0.0,0.0,0,rolling,losing_streak_fitness,1_day,rep_1
train,4,86986,125287,125287,130699,49,14,2754,4.5,8,10,2,815.8896984274284,11,246.0,322.0,76.0,4.2368421052631575,19.0,0.6363636363636364,22.363636363636363,19.0,1,rolling,losing_streak_fitness,1_day,rep_1
test,4,86986,125287,125287,130699,49,14,2754,4.5,8,10,2,-1000.0,0,0.0,0.0,0.0,inf,0.0,0.0,0.0,0.0,0,rolling,losing_streak_fitness,1_day,rep_1
train,4,86986,125287,125287,130699,50,14,2693,4.5,5,10,2,815.8896984274284,11,246.0,322.0,76.0,4.2368421052631575,19.0,0.6363636363636364,22.363636363636363,19.0,1,rolling,losing_streak_fitness,1_day,rep_1
test,4,86986,125287,125287,130699,50,14,2693,4.5,5,10,2,-1000.0,0,0.0,0.0,0.0,inf,0.0,0.0,0.0,0.0,0,rolling,losing_streak_fitness,1_day,rep_1
train,4,86986,125287,125287,130699,51,14,2809,3.0,6,10,2,815.8896984274284,11,246.0,322.0,76.0,4.2368421052631575,19.0,0.6363636363636364,22.363636363636363,19.0,1,rolling,losing_streak_fitness,1_day,rep_1
test,4,86986,125287,125287,130699,51,14,2809,3.0,6,10,2,-1000.0,0,0.0,0.0,0.0,inf,0.0,0.0,0.0,0.0,0,rolling,losing_streak_fitness,1_day,rep_1
train,4,86986,125287,125287,130699,52,14,2754,4.25,8,10,2,815.8896984274284,11,246.0,322.0,76.0,4.2368421052631575,19.0,0.6363636363636364,22.363636363636363,19.0,1,rolling,losing_streak_fitness,1_day,rep_1
test,4,86986,125287,125287,130699,52,14,2754,4.25,8,10,2,-1000.0,0,0.0,0.0,0.0,inf,0.0,0.0,0.0,0.0,0,rolling,losing_streak_fitness,1_day,rep_1
train,4,86986,125287,125287,130699,53,14,2754,3.0,5,10,2,815.8896984274284,11,246.0,322.0,76.0,4.2368421052631575,19.0,0.6363636363636364,22.363636363636363,19.0,1,rolling,losing_streak_fitness,1_day,rep_1
test,4,86986,125287,125287,130699,53,14,2754,3.0,5,10,2,-1000.0,0,0.0,0.0,0.0,inf,0.0,0.0,0.0,0.0,0,rolling,losing_streak_fitness,1_day,rep_1
train,4,86986,125287,125287,130699,54,14,2754,4.25,8,10,2,815.8896984274284,11,246.0,322.0,76.0,4.2368421052631575,19.0,0.6363636363636364,22.363636363636363,19.0,1,rolling,losing_streak_fitness,1_day,rep_1
test,4,86986,125287,125287,130699,54,14,2754,4.25,8,10,2,-1000.0,0,0.0,0.0,0.0,inf,0.0,0.0,0.0,0.0,0,rolling,losing_streak_fitness,1_day,rep_1
train,4,86986,125287,125287,130699,55,14,2754,4.5,8,10,2,815.8896984274284,11,246.0,322.0,76.0,4.2368421052631575,19.0,0.6363636363636364,22.363636363636363,19.0,1,rolling,losing_streak_fitness,1_day,rep_1
test,4,86986,125287,125287,130699,55,14,2754,4.5,8,10,2,-1000.0,0,0.0,0.0,0.0,inf,0.0,0.0,0.0,0.0,0,rolling,losing_streak_fitness,1_day,rep_1
train,4,86986,125287,125287,130699,56,14,2877,3.0,8,10,2,815.8896984274284,11,246.0,322.0,76.0,4.2368421052631575,19.0,0.6363636363636364,22.363636363636363,19.0,1,rolling,losing_streak_fitness,1_day,rep_1
test,4,86986,125287,125287,130699,56,14,2877,3.0,8,10,2,-1000.0,0,0.0,0.0,0.0,inf,0.0,0.0,0.0,0.0,0,rolling,losing_streak_fitness,1_day,rep_1
train,4,86986,125287,125287,130699,57,14,2754,3.25,5,10,2,815.8896984274284,11,246.0,322.0,76.0,4.2368421052631575,19.0,0.6363636363636364,22.363636363636363,19.0,1,rolling,losing_streak_fitness,1_day,rep_1
test,4,86986,125287,125287,130699,57,14,2754,3.25,5,10,2,-1000.0,0,0.0,0.0,0.0,inf,0.0,0.0,0.0,0.0,0,rolling,losing_streak_fitness,1_day,rep_1
train,4,86986,125287,125287,130699,58,14,2754,4.5,6,10,2,815.8896984274284,11,246.0,322.0,76.0,4.2368421052631575,19.0,0.6363636363636364,22.363636363636363,19.0,1,rolling,losing_streak_fitness,1_day,rep_1
test,4,86986,125287,125287,130699,58,14,2754,4.5,6,10,2,-1000.0,0,0.0,0.0,0.0,inf,0.0,0.0,0.0,0.0,0,rolling,losing_streak_fitness,1_day,rep_1
train,4,86986,125287,125287,130699,59,14,2877,3.0,7,10,2,815.8896984274284,11,246.0,322.0,76.0,4.2368421052631575,19.0,0.6363636363636364,22.363636363636363,19.0,1,rolling,losing_streak_fitness,1_day,rep_1
test,4,86986,125287,125287,130699,59,14,2877,3.0,7,10,2,-1000.0,0,0.0,0.0,0.0,inf,0.0,0.0,0.0,0.0,0,rolling,losing_streak_fitness,1_day,rep_1
train,4,86986,125287,125287,130699,60,14,2877,3.0,8,10,2,815.8896984274284,11,246.0,322.0,76.0,4.2368421052631575,19.0,0.6363636363636364,22.363636363636363,19.0,1,rolling,losing_streak_fitness,1_day,rep_1
test,4,86986,125287,125287,130699,60,14,2877,3.0,8,10,2,-1000.0,0,0.0,0.0,0.0,inf,0.0,0.0,0.0,0.0,0,rolling,losing_streak_fitness,1_day,rep_1
train,4,86986,125287,125287,130699,61,14,2772,4.5,7,10,2,815.8896984274284,11,246.0,322.0,76.0,4.2368421052631575,19.0,0.6363636363636364,22.363636363636363,19.0,1,rolling,losing_streak_fitness,1_day,rep_1
test,4,86986,125287,125287,130699,61,14,2772,4.5,7,10,2,-1000.0,0,0.0,0.0,0.0,inf,0.0,0.0,0.0,0.0,0,rolling,losing_streak_fitness,1_day,rep_1
train,4,86986,125287,125287,130699,62,14,1728,4.5,5,10,2,815.8896984274284,11,246.0,322.0,76.0,4.2368421052631575,19.0,0.6363636363636364,22.363636363636363,19.0,1,rolling,losing_streak_fitness,1_day,rep_1
test,4,86986,125287,125287,130699,62,14,1728,4.5,5,10,2,-1000.0,0,0.0,0.0,0.0,inf,0.0,0.0,0.0,0.0,0,rolling,losing_streak_fitness,1_day,rep_1
train,4,86986,125287,125287,130699,63,14,2754,4.75,5,10,2,815.8896984274284,11,246.0,322.0,76.0,4.2368421052631575,19.0,0.6363636363636364,22.363636363636363,19.0,1,rolling,losing_streak_fitness,1_day,rep_1
test,4,86986,125287,125287,130699,63,14,2754,4.75,5,10,2,-1000.0,0,0.0,0.0,0.0,inf,0.0,0.0,0.0,0.0,0,rolling,losing_streak_fitness,1_day,rep_1
train,4,86986,125287,125287,130699,64,14,2726,4.25,5,10,2,815.8896984274284,11,246.0,322.0,76.0,4.2368421052631575,19.0,0.6363636363636364,22.363636363636363,19.0,1,rolling,losing_streak_fitness,1_day,rep_1
test,4,86986,125287,125287,130699,64,14,2726,4.25,5,10,2,-1000.0,0,0.0,0.0,0.0,inf,0.0,0.0,0.0,0.0,0,rolling,losing_streak_fitness,1_day,rep_1
train,4,86986,125287,125287,130699,65,14,2754,3.25,5,10,2,815.8896984274284,11,246.0,322.0,76.0,4.2368421052631575,19.0,0.6363636363636364,22.363636363636363,19.0,1,rolling,losing_streak_fitness,1_day,rep_1
test,4,86986,125287,125287,130699,65,14,2754,3.25,5,10,2,-1000.0,0,0.0,0.0,0.0,inf,0.0,0.0,0.0,0.0,0,rolling,losing_streak_fitness,1_day,rep_1
train,4,86986,125287,125287,130699,66,14,2754,4.5,8,10,2,815.8896984274284,11,246.0,322.0,76.0,4.2368421052631575,19.0,0.6363636363636364,22.363636363636363,19.0,1,rolling,losing_streak_fitness,1_day,rep_1
test,4,86986,125287,125287,130699,66,14,2754,4.5,8,10,2,-1000.0,0,0.0,0.0,0.0,inf,0.0,0.0,0.0,0.0,0,rolling,losing_streak_fitness,1_day,rep_1
train,4,86986,125287,125287,130699,67,14,2772,4.5,7,10,2,815.8896984274284,11,246.0,322.0,76.0,4.2368421052631575,19.0,0.6363636363636364,22.363636363636363,19.0,1,rolling,losing_streak_fitness,1_day,rep_1
test,4,86986,125287,125287,130699,67,14,2772,4.5,7,10,2,-1000.0,0,0.0,0.0,0.0,inf,0.0,0.0,0.0,0.0,0,rolling,losing_streak_fitness,1_day,rep_1
train,4,86986,125287,125287,130699,68,14,2754,4.5,7,10,2,815.8896984274284,11,246.0,322.0,76.0,4.2368421052631575,19.0,0.6363636363636364,22.363636363636363,19.0,1,rolling,losing_streak_fitness,1_day,rep_1
test,4,86986,125287,125287,130699,68,14,2754,4.5,7,10,2,-1000.0,0,0.0,0.0,0.0,inf,0.0,0.0,0.0,0.0,0,rolling,losing_streak_fitness,1_day,rep_1
train,4,86986,125287,125287,130699,69,14,2761,3.25,8,10,2,815.8896984274284,11,246.0,322.0,76.0,4.2368421052631575,19.0,0.6363636363636364,22.363636363636363,19.0,1,rolling,losing_streak_fitness,1_day,rep_1
test,4,86986,125287,125287,130699,69,14,2761,3.25,8,10,2,-1000.0,0,0.0,0.0,0.0,inf,0.0,0.0,0.0,0.0,0,rolling,losing_streak_fitness,1_day,rep_1
train,4,86986,125287,125287,130699,70,14,2754,3.0,8,10,2,815.8896984274284,11,246.0,322.0,76.0,4.2368421052631575,19.0,0.6363636363636364,22.363636363636363,19.0,1,rolling,losing_streak_fitness,1_day,rep_1
test,4,86986,125287,125287,130699,70,14,2754,3.0,8,10,2,-1000.0,0,0.0,0.0,0.0,inf,0.0,0.0,0.0,0.0,0,rolling,losing_streak_fitness,1_day,rep_1
train,4,86986,125287,125287,130699,71,14,2754,4.75,5,10,2,815.8896984274284,11,246.0,322.0,76.0,4.2368421052631575,19.0,0.6363636363636364,22.363636363636363,19.0,1,rolling,losing_streak_fitness,1_day,rep_1
test,4,86986,125287,125287,130699,71,14,2754,4.75,5,10,2,-1000.0,0,0.0,0.0,0.0,inf,0.0,0.0,0.0,0.0,0,rolling,losing_streak_fitness,1_day,rep_1
train,4,86986,125287,125287,130699,72,14,2754,3.0,9,10,2,815.8896984274284,11,246.0,322.0,76.0,4.2368421052631575,19.0,0.6363636363636364,22.363636363636363,19.0,1,rolling,losing_streak_fitness,1_day,rep_1
test,4,86986,125287,125287,130699,72,14,2754,3.0,9,10,2,-1000.0,0,0.0,0.0,0.0,inf,0.0,0.0,0.0,0.0,0,rolling,losing_streak_fitness,1_day,rep_1
train,4,86986,125287,125287,130699,73,14,2547,4.5,8,10,2,815.8896984274284,11,246.0,322.0,76.0,4.2368421052631575,19.0,0.6363636363636364,22.363636363636363,19.0,1,rolling,losing_streak_fitness,1_day,rep_1
test,4,86986,125287,125287,130699,73,14,2547,4.5,8,10,2,-1000.0,0,0.0,0.0,0.0,inf,0.0,0.0,0.0,0.0,0,rolling,losing_streak_fitness,1_day,rep_1
train,4,86986,125287,125287,130699,74,14,2761,3.25,6,10,2,815.8896984274284,11,246.0,322.0,76.0,4.2368421052631575,19.0,0.6363636363636364,22.363636363636363,19.0,1,rolling,losing_streak_fitness,1_day,rep_1
test,4,86986,125287,125287,130699,74,14,2761,3.25,6,10,2,-1000.0,0,0.0,0.0,0.0,inf,0.0,0.0,0.0,0.0,0,rolling,losing_streak_fitness,1_day,rep_1
train,4,86986,125287,125287,130699,75,14,2754,3.25,8,10,2,815.8896984274284,11,246.0,322.0,76.0,4.2368421052631575,19.0,0.6363636363636364,22.363636363636363,19.0,1,rolling,losing_streak_fitness,1_day,rep_1
test,4,86986,125287,125287,130699,75,14,2754,3.25,8,10,2,-1000.0,0,0.0,0.0,0.0,inf,0.0,0.0,0.0,0.0,0,rolling,losing_streak_fitness,1_day,rep_1
train,4,86986,125287,125287,130699,76,14,2916,4.5,4,10,2,815.8896984274284,11,246.0,322.0,76.0,4.2368421052631575,19.0,0.6363636363636364,22.363636363636363,19.0,1,rolling,losing_streak_fitness,1_day,rep_1
test,4,86986,125287,125287,130699,76,14,2916,4.5,4,10,2,-1000.0,0,0.0,0.0,0.0,inf,0.0,0.0,0.0,0.0,0,rolling,losing_streak_fitness,1_day,rep_1
train,4,86986,125287,125287,130699,77,14,3072,3.25,7,10,2,815.8896984274284,11,246.0,322.0,76.0,4.2368421052631575,19.0,0.6363636363636364,22.363636363636363,19.0,1,rolling,losing_streak_fitness,1_day,rep_1
test,4,86986,125287,125287,130699,77,14,3072,3.25,7,10,2,-1000.0,0,0.0,0.0,0.0,inf,0.0,0.0,0.0,0.0,0,rolling,losing_streak_fitness,1_day,rep_1
train,4,86986,125287,125287,130699,78,14,2547,4.25,6,10,2,815.8896984274284,11,246.0,322.0,76.0,4.2368421052631575,19.0,0.6363636363636364,22.363636363636363,19.0,1,rolling,losing_streak_fitness,1_day,rep_1
test,4,86986,125287,125287,130699,78,14,2547,4.25,6,10,2,-1000.0,0,0.0,0.0,0.0,inf,0.0,0.0,0.0,0.0,0,rolling,losing_streak_fitness,1_day,rep_1
train,4,86986,125287,125287,130699,79,14,2919,4.5,7,10,2,815.8896984274284,11,246.0,322.0,76.0,4.2368421052631575,19.0,0.6363636363636364,22.363636363636363,19.0,1,rolling,losing_streak_fitness,1_day,rep_1
test,4,86986,125287,125287,130699,79,14,2919,4.5,7,10,2,-1000.0,0,0.0,0.0,0.0,inf,0.0,0.0,0.0,0.0,0,rolling,losing_streak_fitness,1_day,rep_1
train,4,86986,125287,125287,130699,80,14,2761,3.25,6,10,2,815.8896984274284,11,246.0,322.0,76.0,4.2368421052631575,19.0,0.6363636363636364,22.363636363636363,19.0,1,rolling,losing_streak_fitness,1_day,rep_1
test,4,86986,125287,125287,130699,80,14,2761,3.25,6,10,2,-1000.0,0,0.0,0.0,0.0,inf,0.0,0.0,0.0,0.0,0,rolling,losing_streak_fitness,1_day,rep_1
train,4,86986,125287,125287,130699,81,14,3072,3.25,8,10,2,815.8896984274284,11,246.0,322.0,76.0,4.2368421052631575,19.0,0.6363636363636364,22.363636363636363,19.0,1,rolling,losing_streak_fitness,1_day,rep_1
test,4,86986,125287,125287,130699,81,14,3072,3.25,8,10,2,-1000.0,0,0.0,0.0,0.0,inf,0.0,0.0,0.0,0.0,0,rolling,losing_streak_fitness,1_day,rep_1
train,4,86986,125287,125287,130699,82,14,3072,4.5,8,10,2,815.8896984274284,11,246.0,322.0,76.0,4.2368421052631575,19.0,0.6363636363636364,22.363636363636363,19.0,1,rolling,losing_streak_fitness,1_day,rep_1
test,4,86986,125287,125287,130699,82,14,3072,4.5,8,10,2,-1000.0,0,0.0,0.0,0.0,inf,0.0,0.0,0.0,0.0,0,rolling,losing_streak_fitness,1_day,rep_1
train,4,86986,125287,125287,130699,83,14,2547,4.25,7,10,2,815.8896984274284,11,246.0,322.0,76.0,4.2368421052631575,19.0,0.6363636363636364,22.363636363636363,19.0,1,rolling,losing_streak_fitness,1_day,rep_1
test,4,86986,125287,125287,130699,83,14,2547,4.25,7,10,2,-1000.0,0,0.0,0.0,0.0,inf,0.0,0.0,0.0,0.0,0,rolling,losing_streak_fitness,1_day,rep_1
train,4,86986,125287,125287,130699,84,14,2889,3.25,8,10,2,815.8896984274284,11,246.0,322.0,76.0,4.2368421052631575,19.0,0.6363636363636364,22.363636363636363,19.0,1,rolling,losing_streak_fitness,1_day,rep_1
test,4,86986,125287,125287,130699,84,14,2889,3.25,8,10,2,-1000.0,0,0.0,0.0,0.0,inf,0.0,0.0,0.0,0.0,0,rolling,losing_streak_fitness,1_day,rep_1
train,4,86986,125287,125287,130699,85,14,2754,3.25,7,10,2,815.8896984274284,11,246.0,322.0,76.0,4.2368421052631575,19.0,0.6363636363636364,22.363636363636363,19.0,1,rolling,losing_streak_fitness,1_day,rep_1
test,4,86986,125287,125287,130699,85,14,2754,3.25,7,10,2,-1000.0,0,0.0,0.0,0.0,inf,0.0,0.0,0.0,0.0,0,rolling,losing_streak_fitness,1_day,rep_1
train,4,86986,125287,125287,130699,86,14,3071,3.25,8,10,2,815.8896984274284,11,246.0,322.0,76.0,4.2368421052631575,19.0,0.6363636363636364,22.363636363636363,19.0,1,rolling,losing_streak_fitness,1_day,rep_1
test,4,86986,125287,125287,130699,86,14,3071,3.25,8,10,2,-1000.0,0,0.0,0.0,0.0,inf,0.0,0.0,0.0,0.0,0,rolling,losing_streak_fitness,1_day,rep_1
train,4,86986,125287,125287,130699,87,14,2547,3.25,8,10,2,815.8896984274284,11,246.0,322.0,76.0,4.2368421052631575,19.0,0.6363636363636364,22.363636363636363,19.0,1,rolling,losing_streak_fitness,1_day,rep_1
test,4,86986,125287,125287,130699,87,14,2547,3.25,8,10,2,-1000.0,0,0.0,0.0,0.0,inf,0.0,0.0,0.0,0.0,0,rolling,losing_streak_fitness,1_day,rep_1
train,4,86986,125287,125287,130699,88,14,2547,3.25,8,10,2,815.8896984274284,11,246.0,322.0,76.0,4.2368421052631575,19.0,0.6363636363636364,22.363636363636363,19.0,1,rolling,losing_streak_fitness,1_day,rep_1
test,4,86986,125287,125287,130699,88,14,2547,3.25,8,10,2,-1000.0,0,0.0,0.0,0.0,inf,0.0,0.0,0.0,0.0,0,rolling,losing_streak_fitness,1_day,rep_1
train,4,86986,125287,125287,130699,89,14,2754,3.25,7,10,2,815.8896984274284,11,246.0,322.0,76.0,4.2368421052631575,19.0,0.6363636363636364,22.363636363636363,19.0,1,rolling,losing_streak_fitness,1_day,rep_1
test,4,86986,125287,125287,130699,89,14,2754,3.25,7,10,2,-1000.0,0,0.0,0.0,0.0,inf,0.0,0.0,0.0,0.0,0,rolling,losing_streak_fitness,1_day,rep_1
train,4,86986,125287,125287,130699,90,14,2650,4.25,6,10,2,815.8896984274284,11,246.0,322.0,76.0,4.2368421052631575,19.0,0.6363636363636364,22.363636363636363,19.0,1,rolling,losing_streak_fitness,1_day,rep_1
test,4,86986,125287,125287,130699,90,14,2650,4.25,6,10,2,-1000.0,0,0.0,0.0,0.0,inf,0.0,0.0,0.0,0.0,0,rolling,losing_streak_fitness,1_day,rep_1
train,4,86986,125287,125287,130699,91,14,3165,3.25,7,10,2,815.8896984274284,11,246.0,322.0,76.0,4.2368421052631575,19.0,0.6363636363636364,22.363636363636363,19.0,1,rolling,losing_streak_fitness,1_day,rep_1
test,4,86986,125287,125287,130699,91,14,3165,3.25,7,10,2,-1000.0,0,0.0,0.0,0.0,inf,0.0,0.0,0.0,0.0,0,rolling,losing_streak_fitness,1_day,rep_1
train,4,86986,125287,125287,130699,92,14,2650,3.0,6,10,2,815.8896984274284,11,246.0,322.0,76.0,4.2368421052631575,19.0,0.6363636363636364,22.363636363636363,19.0,1,rolling,losing_streak_fitness,1_day,rep_1
test,4,86986,125287,125287,130699,92,14,2650,3.0,6,10,2,-1000.0,0,0.0,0.0,0.0,inf,0.0,0.0,0.0,0.0,0,rolling,losing_streak_fitness,1_day,rep_1
train,4,86986,125287,125287,130699,93,14,2261,3.25,8,10,2,815.8896984274284,11,246.0,322.0,76.0,4.2368421052631575,19.0,0.6363636363636364,22.363636363636363,19.0,1,rolling,losing_streak_fitness,1_day,rep_1
test,4,86986,125287,125287,130699,93,14,2261,3.25,8,10,2,-1000.0,0,0.0,0.0,0.0,inf,0.0,0.0,0.0,0.0,0,rolling,losing_streak_fitness,1_day,rep_1
train,4,86986,125287,125287,130699,94,14,2547,4.25,7,10,2,815.8896984274284,11,246.0,322.0,76.0,4.2368421052631575,19.0,0.6363636363636364,22.363636363636363,19.0,1,rolling,losing_streak_fitness,1_day,rep_1
test,4,86986,125287,125287,130699,94,14,2547,4.25,7,10,2,-1000.0,0,0.0,0.0,0.0,inf,0.0,0.0,0.0,0.0,0,rolling,losing_streak_fitness,1_day,rep_1
train,4,86986,125287,125287,130699,95,14,2958,4.25,7,10,2,815.8896984274284,11,246.0,322.0,76.0,4.2368421052631575,19.0,0.6363636363636364,22.363636363636363,19.0,1,rolling,losing_streak_fitness,1_day,rep_1
test,4,86986,125287,125287,130699,95,14,2958,4.25,7,10,2,-1000.0,0,0.0,0.0,0.0,inf,0.0,0.0,0.0,0.0,0,rolling,losing_streak_fitness,1_day,rep_1
train,4,86986,125287,125287,130699,96,14,2671,4.25,7,10,2,815.8896984274284,11,246.0,322.0,76.0,4.2368421052631575,19.0,0.6363636363636364,22.363636363636363,19.0,1,rolling,losing_streak_fitness,1_day,rep_1
test,4,86986,125287,125287,130699,96,14,2671,4.25,7,10,2,-1000.0,0,0.0,0.0,0.0,inf,0.0,0.0,0.0,0.0,0,rolling,losing_streak_fitness,1_day,rep_1
train,4,86986,125287,125287,130699,97,14,2750,3.25,6,10,2,815.8896984274284,11,246.0,322.0,76.0,4.2368421052631575,19.0,0.6363636363636364,22.363636363636363,19.0,1,rolling,losing_streak_fitness,1_day,rep_1
test,4,86986,125287,125287,130699,97,14,2750,3.25,6,10,2,-1000.0,0,0.0,0.0,0.0,inf,0.0,0.0,0.0,0.0,0,rolling,losing_streak_fitness,1_day,rep_1
train,4,86986,125287,125287,130699,98,14,2547,3.0,7,10,2,815.8896984274284,11,246.0,322.0,76.0,4.2368421052631575,19.0,0.6363636363636364,22.363636363636363,19.0,1,rolling,losing_streak_fitness,1_day,rep_1
test,4,86986,125287,125287,130699,98,14,2547,3.0,7,10,2,-1000.0,0,0.0,0.0,0.0,inf,0.0,0.0,0.0,0.0,0,rolling,losing_streak_fitness,1_day,rep_1
train,4,86986,125287,125287,130699,99,14,2547,3.0,8,10,2,815.8896984274284,11,246.0,322.0,76.0,4.2368421052631575,19.0,0.6363636363636364,22.363636363636363,19.0,1,rolling,losing_streak_fitness,1_day,rep_1
test,4,86986,125287,125287,130699,99,14,2547,3.0,8,10,2,-1000.0,0,0.0,0.0,0.0,inf,0.0,0.0,0.0,0.0,0,rolling,losing_streak_fitness,1_day,rep_1
train,4,86986,125287,125287,130699,100,14,2547,4.0,6,10,2,815.8896984274284,11,246.0,322.0,76.0,4.2368421052631575,19.0,0.6363636363636364,22.363636363636363,19.0,1,rolling,losing_streak_fitness,1_day,rep_1
test,4,86986,125287,125287,130699,100,14,2547,4.0,6,10,2,-1000.0,0,0.0,0.0,0.0,inf,0.0,0.0,0.0,0.0,0,rolling,losing_streak_fitness,1_day,rep_1
train,1,0,22406,22406,53560,0,5,863,5.25,5,14,8,-107.23753488815792,11,-194.0,198.0,392.0,0.5051020408163265,294.0,0.2727272727272727,-17.636363636363637,49.0,6,rolling,losing_streak_fitness,1_day,rep_2
test,1,0,22406,22406,53560,0,5,863,5.25,5,14,8,-350.0,25,-420.0,462.0,882.0,0.5238095238095238,520.0,0.28,-16.8,49.0,6,rolling,losing_streak_fitness,1_day,rep_2
train,1,0,22406,22406,53560,1,7,3360,4.25,7,19,8,-58.696784409369485,5,-105.0,91.0,196.0,0.4642857142857143,196.0,0.2,-21.0,49.0,4,rolling,losing_streak_fitness,1_day,rep_2
test,1,0,22406,22406,53560,1,7,3360,4.25,7,19,8,-165.41666141897556,11,-399.0,91.0,490.0,0.1857142857142857,399.0,0.0909090909090909,-36.27272727272727,49.0,8,rolling,losing_streak_fitness,1_day,rep_2
train,1,0,22406,22406,53560,2,8,881,7.0,5,14,4,-27.95084971874737,5,-50.0,66.0,116.0,0.5689655172413793,116.0,0.2,-10.0,29.0,4,rolling,losing_streak_fitness,1_day,rep_2
test,1,0,22406,22406,53560,2,8,881,7.0,5,14,4,146.64696837416494,12,127.0,330.0,203.0,1.625615763546798,87.0,0.4166666666666667,10.583333333333334,29.0,3,rolling,losing_streak_fitness,1_day,rep_2
train,1,0,22406,22406,53560,3,8,658,9.0,1,14,2,4.8074017006186525,13,8.0,198.0,190.0,1.0421052631578946,124.0,0.2307692307692307,0.6153846153846154,19.0,6,rolling,losing_streak_fitness,1_day,rep_2
test,1,0,22406,22406,53560,3,8,658,9.0,1,14,2,-1.0606601717798212,18,-2.0,264.0,266.0,0.9924812030075189,162.0,0.2222222222222222,-0.1111111111111111,19.0,8,rolling,losing_streak_fitness,1_day,rep_2
train,1,0,22406,22406,53560,4,9,872,9.0,1,14,4,19.595917942265423,6,16.0,132.0,116.0,1.137931034482759,58.0,0.3333333333333333,2.6666666666666665,29.0,2,rolling,losing_streak_fitness,1_day,rep_2
test,1,0,22406,22406,53560,4,9,872,9.0,1,14,4,-31.17691453623979,12,-63.0,198.0,261.0,0.7586206896551724,203.0,0.25,-5.25,29.0,7,rolling,losing_streak_fitness,1_day,rep_2
train,1,0,22406,22406,53560,5,8,881,6.75,5,14,4,9.797958971132712,6,16.0,132.0,116.0,1.137931034482759,116.0,0.3333333333333333,2.6666666666666665,29.0,4,rolling,losing_streak_fitness,1_day,rep_2
test,1,0,22406,22406,53560,5,8,881,6.75,5,14,4,146.64696837416494,12,127.0,330.0,203.0,1.625615763546798,87.0,0.4166666666666667,10.583333333333334,29.0,3,rolling,losing_streak_fitness,1_day,rep_2
train,1,0,22406,22406,53560,6,5,528,7.0,4,7,4,124.70765814495915,12,72.0,217.0,145.0,1.4965517241379311,85.0,0.5833333333333334,6.0,29.0,2,rolling,losing_streak_fitness,1_day,rep_2
test,1,0,22406,22406,53560,6,5,528,7.0,4,7,4,-166.6352334304128,31,-419.0,248.0,667.0,0.3718140929535232,512.0,0.2580645161290322,-13.516129032258064,29.0,14,rolling,losing_streak_fitness,1_day,rep_2
train,1,0,22406,22406,53560,7,9,528,7.0,1,14,4,100.62305898749054,5,45.0,132.0,87.0,1.5172413793103448,29.0,0.4,9.0,29.0,1,rolling,losing_streak_fitness,1_day,rep_2
test,1,0,22406,22406,53560,7,9,528,7.0,1,14,4,18.0,9,24.0,198.0,174.0,1.137931034482759,116.0,0.3333333333333333,2.6666666666666665,29.0,4,rolling,losing_streak_fitness,1_day,rep_2
train,1,0,22406,22406,53560,8,9,644,9.0,1,14,2,167.70509831248424,5,75.0,132.0,57.0,2.3157894736842106,19.0,0.4,15.0,19.0,1,rolling,losing_streak_fitness,1_day,rep_2
test,1,0,22406,22406,53560,8,9,644,9.0,1,14,2,25.427456726058065,11,46.0,198.0,152.0,1.3026315789473684,114.0,0.2727272727272727,4.181818181818182,19.0,6,rolling,losing_streak_fitness,1_day,rep_2
train,1,0,22406,22406,53560,9,9,644,7.0,1,14,2,68.58571279792898,6,56.0,132.0,76.0,1.736842105263158,38.0,0.3333333333333333,9.333333333333334,19.0,2,rolling,losing_streak_fitness,1_day,rep_2
test,1,0,22406,22406,53560,9,9,644,7.0,1,14,2,25.427456726058065,11,46.0,198.0,152.0,1.3026315789473684,114.0,0.2727272727272727,4.181818181818182,19.0,6,rolling,losing_streak_fitness,1_day,rep_2
train,1,0,22406,22406,53560,10,9,528,7.0,1,14,4,100.62305898749054,5,45.0,132.0,87.0,1.5172413793103448,29.0,0.4,9.0,29.0,1,rolling,losing_streak_fitness,1_day,rep_2
test,1,0,22406,22406,53560,10,9,528,7.0,1,14,4,18.0,9,24.0,198.0,174.0,1.137931034482759,116.0,0.3333333333333333,2.6666666666666665,29.0,4,rolling,losing_streak_fitness,1_day,rep_2
train,1,0,22406,22406,53560,11,9,528,6.5,1,14,4,100.62305898749054,5,45.0,132.0,87.0,1.5172413793103448,29.0,0.4,9.0,29.0,1,rolling,losing_streak_fitness,1_day,rep_2
test,1,0,22406,22406,53560,11,9,528,6.5,1,14,4,18.0,9,24.0,198.0,174.0,1.137931034482759,116.0,0.3333333333333333,2.6666666666666665,29.0,4,rolling,losing_streak_fitness,1_day,rep_2
train,1,0,22406,22406,53560,12,9,528,6.75,1,14,2,167.70509831248424,5,75.0,132.0,57.0,2.3157894736842106,19.0,0.4,15.0,19.0,1,rolling,losing_streak_fitness,1_day,rep_2
test,1,0,22406,22406,53560,12,9,528,6.75,1,14,2,63.0,9,84.0,198.0,114.0,1.736842105263158,76.0,0.3333333333333333,9.333333333333334,19.0,4,rolling,losing_streak_fitness,1_day,rep_2
train,1,0,22406,22406,53560,13,8,222,6.75,5,15,2,40.41658075592243,6,66.0,142.0,76.0,1.868421052631579,76.0,0.3333333333333333,11.0,19.0,4,rolling,losing_streak_fitness,1_day,rep_2
test,1,0,22406,22406,53560,13,8,222,6.75,5,15,2,-1000.0,3,-57.0,0.0,57.0,0.0,57.0,0.0,-19.0,19.0,3,rolling,losing_streak_fitness,1_day,rep_2
train,1,0,22406,22406,53560,14,8,881,6.75,5,15,2,40.41658075592243,6,66.0,142.0,76.0,1.868421052631579,76.0,0.3333333333333333,11.0,19.0,4,rolling,losing_streak_fitness,1_day,rep_2
test,1,0,22406,22406,53560,14,8,881,6.75,5,15,2,50.59644256269407,10,80.0,213.0,133.0,1.6015037593984962,95.0,0.3,8.0,19.0,5,rolling,losing_streak_fitness,1_day,rep_2
train,1,0,22406,22406,53560,15,8,222,6.75,5,15,2,40.41658075592243,6,66.0,142.0,76.0,1.868421052631579,76.0,0.3333333333333333,11.0,19.0,4,rolling,losing_streak_fitness,1_day,rep_2
test,1,0,22406,22406,53560,15,8,222,6.75,5,15,2,-1000.0,3,-57.0,0.0,57.0,0.0,57.0,0.0,-19.0,19.0,3,rolling,losing_streak_fitness,1_day,rep_2
train,1,0,22406,22406,53560,16,8,222,6.75,5,15,2,40.41658075592243,6,66.0,142.0,76.0,1.868421052631579,76.0,0.3333333333333333,11.0,19.0,4,rolling,losing_streak_fitness,1_day,rep_2
test,1,0,22406,22406,53560,16,8,222,6.75,5,15,2,-1000.0,3,-57.0,0.0,57.0,0.0,57.0,0.0,-19.0,19.0,3,rolling,losing_streak_fitness,1_day,rep_2
train,1,0,22406,22406,53560,17,8,528,6.75,5,15,2,40.41658075592243,6,66.0,142.0,76.0,1.868421052631579,76.0,0.3333333333333333,11.0,19.0,4,rolling,losing_streak_fitness,1_day,rep_2
test,1,0,22406,22406,53560,17,8,528,6.75,5,15,2,53.88877434122991,6,66.0,142.0,76.0,1.868421052631579,57.0,0.3333333333333333,11.0,19.0,3,rolling,losing_streak_fitness,1_day,rep_2
train,1,0,22406,22406,53560,18,8,881,6.75,5,15,2,40.41658075592243,6,66.0,142.0,76.0,1.868421052631579,76.0,0.3333333333333333,11.0,19.0,4,rolling,losing_streak_fitness,1_day,rep_2
test,1,0,22406,22406,53560,18,8,881,6.75,5,15,2,50.59644256269407,10,80.0,213.0,133.0,1.6015037593984962,95.0,0.3,8.0,19.0,5,rolling,losing_streak_fitness,1_day,rep_2
train,1,0,22406,22406,53560,19,8,580,6.75,5,15,2,40.41658075592243,6,66.0,142.0,76.0,1.868421052631579,76.0,0.3333333333333333,11.0,19.0,4,rolling,losing_streak_fitness,1_day,rep_2
test,1,0,22406,22406,53560,19,8,580,6.75,5,15,2,111.25146690668348,8,118.0,213.0,95.0,2.2421052631578946,57.0,0.375,14.75,19.0,3,rolling,losing_streak_fitness,1_day,rep_2
train,1,0,22406,22406,53560,20,8,916,6.75,5,15,2,40.41658075592243,6,66.0,142.0,76.0,1.868421052631579,76.0,0.3333333333333333,11.0,19.0,4,rolling,losing_streak_fitness,1_day,rep_2
test,1,0,22406,22406,53560,20,8,916,6.75,5,15,2,33.71901870194657,11,61.0,213.0,152.0,1.4013157894736843,114.0,0.2727272727272727,5.545454545454546,19.0,6,rolling,losing_streak_fitness,1_day,rep_2
train,1,0,22406,22406,53560,21,8,881,6.75,5,15,2,40.41658075592243,6,66.0,142.0,76.0,1.868421052631579,76.0,0.3333333333333333,11.0,19.0,4,rolling,losing_streak_fitness,1_day,rep_2
test,1,0,22406,22406,53560,21,8,881,6.75,5,15,2,50.59644256269407,10,80.0,213.0,133.0,1.6015037593984962,95.0,0.3,8.0,19.0,5,rolling,losing_streak_fitness,1_day,rep_2
train,1,0,22406,22406,53560,22,8,199,6.75,5,15,2,40.41658075592243,6,66.0,142.0,76.0,1.868421052631579,76.0,0.3333333333333333,11.0,19.0,4,rolling,losing_streak_fitness,1_day,rep_2
test,1,0,22406,22406,53560,22,8,199,6.75,5,15,2,-1000.0,3,-57.0,0.0,57.0,0.0,57.0,0.0,-19.0,19.0,3,rolling,losing_streak_fitness,1_day,rep_2
train,1,0,22406,22406,53560,23,8,528,6.5,5,15,2,40.41658075592243,6,66.0,142.0,76.0,1.868421052631579,76.0,0.3333333333333333,11.0,19.0,4,rolling,losing_streak_fitness,1_day,rep_2
test,1,0,22406,22406,53560,23,8,528,6.5,5,15,2,53.88877434122991,6,66.0,142.0,76.0,1.868421052631579,57.0,0.3333333333333333,11.0,19.0,3,rolling,losing_streak_fitness,1_day,rep_2
train,1,0,22406,22406,53560,24,8,222,6.75,5,15,2,40.41658075592243,6,66.0,142.0,76.0,1.868421052631579,76.0,0.3333333333333333,11.0,19.0,4,rolling,losing_streak_fitness,1_day,rep_2
test,1,0,22406,22406,53560,24,8,222,6.75,5,15,2,-1000.0,3,-57.0,0.0,57.0,0.0,57.0,0.0,-19.0,19.0,3,rolling,losing_streak_fitness,1_day,rep_2
train,1,0,22406,22406,53560,25,8,575,6.5,5,15,2,40.41658075592243,6,66.0,142.0,76.0,1.868421052631579,76.0,0.3333333333333333,11.0,19.0,4,rolling,losing_streak_fitness,1_day,rep_2
test,1,0,22406,22406,53560,25,8,575,6.5,5,15,2,111.25146690668348,8,118.0,213.0,95.0,2.2421052631578946,57.0,0.375,14.75,19.0,3,rolling,losing_streak_fitness,1_day,rep_2
train,1,0,22406,22406,53560,26,8,554,6.75,5,15,2,40.41658075592243,6,66.0,142.0,76.0,1.868421052631579,76.0,0.3333333333333333,11.0,19.0,4,rolling,losing_streak_fitness,1_day,rep_2
test,1,0,22406,22406,53560,26,8,554,6.75,5,15,2,181.23396480792445,7,137.0,213.0,76.0,2.8026315789473686,38.0,0.4285714285714285,19.571428571428573,19.0,2,rolling,losing_streak_fitness,1_day,rep_2
train,1,0,22406,22406,53560,27,8,961,6.5,5,15,2,40.41658075592243,6,66.0,142.0,76.0,1.868421052631579,76.0,0.3333333333333333,11.0,19.0,4,rolling,losing_streak_fitness,1_day,rep_2
test,1,0,22406,22406,53560,27,8,961,6.5,5,15,2,11.846811333667391,13,23.0,213.0,190.0,1.1210526315789473,133.0,0.2307692307692307,1.7692307692307692,19.0,7,rolling,losing_streak_fitness,1_day,rep_2
train,1,0,22406,22406,53560,28,8,222,6.5,5,15,2,40.41658075592243,6,66.0,142.0,76.0,1.868421052631579,76.0,0.3333333333333333,11.0,19.0,4,rolling,losing_streak_fitness,1_day,rep_2
test,1,0,22406,22406,53560,28,8,222,6.5,5,15,2,-1000.0,3,-57.0,0.0,57.0,0.0,57.0,0.0,-19.0,19.0,3,rolling,losing_streak_fitness,1_day,rep_2
train,1,0,22406,22406,53560,29,8,170,6.75,5,15,2,63.355259362494046,5,85.0,142.0,57.0,2.491228070175439,57.0,0.4,17.0,19.0,3,rolling,losing_streak_fitness,1_day,rep_2
test,1,0,22406,22406,53560,29,8,170,6.75,5,15,2,-1000.0,3,-57.0,0.0,57.0,0.0,57.0,0.0,-19.0,19.0,3,rolling,losing_streak_fitness,1_day,rep_2
train,1,0,22406,22406,53560,30,8,170,6.75,5,15,2,63.355259362494046,5,85.0,142.0,57.0,2.491228070175439,57.0,0.4,17.0,19.0,3,rolling,losing_streak_fitness,1_day,rep_2
test,1,0,22406,22406,53560,30,8,170,6.75,5,15,2,-1000.0,3,-57.0,0.0,57.0,0.0,57.0,0.0,-19.0,19.0,3,rolling,losing_streak_fitness,1_day,rep_2
train,1,0,22406,22406,53560,31,8,170,6.5,5,15,2,63.355259362494046,5,85.0,142.0,57.0,2.491228070175439,57.0,0.4,17.0,19.0,3,rolling,losing_streak_fitness,1_day,rep_2
test,1,0,22406,22406,53560,31,8,170,6.5,5,15,2,-1000.0,3,-57.0,0.0,57.0,0.0,57.0,0.0,-19.0,19.0,3,rolling,losing_streak_fitness,1_day,rep_2
train,1,0,22406,22406,53560,32,8,170,6.75,5,15,2,63.355259362494046,5,85.0,142.0,57.0,2.491228070175439,57.0,0.4,17.0,19.0,3,rolling,losing_streak_fitness,1_day,rep_2
test,1,0,22406,22406,53560,32,8,170,6.75,5,15,2,-1000.0,3,-57.0,0.0,57.0,0.0,57.0,0.0,-19.0,19.0,3,rolling,losing_streak_fitness,1_day,rep_2
train,1,0,22406,22406,53560,33,8,170,6.5,5,15,2,63.355259362494046,5,85.0,142.0,57.0,2.491228070175439,57.0,0.4,17.0,19.0,3,rolling,losing_streak_fitness,1_day,rep_2
test,1,0,22406,22406,53560,33,8,170,6.5,5,15,2,-1000.0,3,-57.0,0.0,57.0,0.0,57.0,0.0,-19.0,19.0,3,rolling,losing_streak_fitness,1_day,rep_2
train,1,0,22406,22406,53560,34,8,170,6.5,5,15,2,63.355259362494046,5,85.0,142.0,57.0,2.491228070175439,57.0,0.4,17.0,19.0,3,rolling,losing_streak_fitness,1_day,rep_2
test,1,0,22406,22406,53560,34,8,170,6.5,5,15,2,-1000.0,3,-57.0,0.0,57.0,0.0,57.0,0.0,-19.0,19.0,3,rolling,losing_streak_fitness,1_day,rep_2
train,1,0,22406,22406,53560,35,8,170,6.5,5,15,2,63.355259362494046,5,85.0,142.0,57.0,2.491228070175439,57.0,0.4,17.0,19.0,3,rolling,losing_streak_fitness,1_day,rep_2
test,1,0,22406,22406,53560,35,8,170,6.5,5,15,2,-1000.0,3,-57.0,0.0,57.0,0.0,57.0,0.0,-19.0,19.0,3,rolling,losing_streak_fitness,1_day,rep_2
train,1,0,22406,22406,53560,36,8,175,6.75,5,15,2,63.355259362494046,5,85.0,142.0,57.0,2.491228070175439,57.0,0.4,17.0,19.0,3,rolling,losing_streak_fitness,1_day,rep_2
test,1,0,22406,22406,53560,36,8,175,6.75,5,15,2,-1000.0,3,-57.0,0.0,57.0,0.0,57.0,0.0,-19.0,19.0,3,rolling,losing_streak_fitness,1_day,rep_2
train,1,0,22406,22406,53560,37,8,170,6.75,5,15,2,63.355259362494046,5,85.0,142.0,57.0,2.491228070175439,57.0,0.4,17.0,19.0,3,rolling,losing_streak_fitness,1_day,rep_2
test,1,0,22406,22406,53560,37,8,170,6.75,5,15,2,-1000.0,3,-57.0,0.0,57.0,0.0,57.0,0.0,-19.0,19.0,3,rolling,losing_streak_fitness,1_day,rep_2
train,1,0,22406,22406,53560,38,8,170,6.25,5,15,2,63.355259362494046,5,85.0,142.0,57.0,2.491228070175439,57.0,0.4,17.0,19.0,3,rolling,losing_streak_fitness,1_day,rep_2
test,1,0,22406,22406,53560,38,8,170,6.25,5,15,2,-1000.0,3,-57.0,0.0,57.0,0.0,57.0,0.0,-19.0,19.0,3,rolling,losing_streak_fitness,1_day,rep_2
train,1,0,22406,22406,53560,39,8,170,6.5,5,15,2,63.355259362494046,5,85.0,142.0,57.0,2.491228070175439,57.0,0.4,17.0,19.0,3,rolling,losing_streak_fitness,1_day,rep_2
test,1,0,22406,22406,53560,39,8,170,6.5,5,15,2,-1000.0,3,-57.0,0.0,57.0,0.0,57.0,0.0,-19.0,19.0,3,rolling,losing_streak_fitness,1_day,rep_2
train,1,0,22406,22406,53560,40,8,170,6.25,5,15,2,63.355259362494046,5,85.0,142.0,57.0,2.491228070175439,57.0,0.4,17.0,19.0,3,rolling,losing_streak_fitness,1_day,rep_2
test,1,0,22406,22406,53560,40,8,170,6.25,5,15,2,-1000.0,3,-57.0,0.0,57.0,0.0,57.0,0.0,-19.0,19.0,3,rolling,losing_streak_fitness,1_day,rep_2
train,1,0,22406,22406,53560,41,8,145,6.75,5,15,2,63.355259362494046,5,85.0,142.0,57.0,2.491228070175439,57.0,0.4,17.0,19.0,3,rolling,losing_streak_fitness,1_day,rep_2
test,1,0,22406,22406,53560,41,8,145,6.75,5,15,2,-1000.0,3,-57.0,0.0,57.0,0.0,57.0,0.0,-19.0,19.0,3,rolling,losing_streak_fitness,1_day,rep_2
train,1,0,22406,22406,53560,42,8,170,6.75,5,15,2,63.355259362494046,5,85.0,142.0,57.0,2.491228070175439,57.0,0.4,17.0,19.0,3,rolling,losing_streak_fitness,1_day,rep_2
test,1,0,22406,22406,53560,42,8,170,6.75,5,15,2,-1000.0,3,-57.0,0.0,57.0,0.0,57.0,0.0,-19.0,19.0,3,rolling,losing_streak_fitness,1_day,rep_2
train,1,0,22406,22406,53560,43,8,170,6.5,5,15,2,63.355259362494046,5,85.0,142.0,57.0,2.491228070175439,57.0,0.4,17.0,19.0,3,rolling,losing_streak_fitness,1_day,rep_2
test,1,0,22406,22406,53560,43,8,170,6.5,5,15,2,-1000.0,3,-57.0,0.0,57.0,0.0,57.0,0.0,-19.0,19.0,3,rolling,losing_streak_fitness,1_day,rep_2
train,1,0,22406,22406,53560,44,8,170,6.25,5,15,2,63.355259362494046,5,85.0,142.0,57.0,2.491228070175439,57.0,0.4,17.0,19.0,3,rolling,losing_streak_fitness,1_day,rep_2
test,1,0,22406,22406,53560,44,8,170,6.25,5,15,2,-1000.0,3,-57.0,0.0,57.0,0.0,57.0,0.0,-19.0,19.0,3,rolling,losing_streak_fitness,1_day,rep_2
train,1,0,22406,22406,53560,45,8,170,6.25,5,15,2,63.355259362494046,5,85.0,142.0,57.0,2.491228070175439,57.0,0.4,17.0,19.0,3,rolling,losing_streak_fitness,1_day,rep_2
test,1,0,22406,22406,53560,45,8,170,6.25,5,15,2,-1000.0,3,-57.0,0.0,57.0,0.0,57.0,0.0,-19.0,19.0,3,rolling,losing_streak_fitness,1_day,rep_2
train,1,0,22406,22406,53560,46,8,145,6.25,5,15,2,63.355259362494046,5,85.0,142.0,57.0,2.491228070175439,57.0,0.4,17.0,19.0,3,rolling,losing_streak_fitness,1_day,rep_2
test,1,0,22406,22406,53560,46,8,145,6.25,5,15,2,-1000.0,3,-57.0,0.0,57.0,0.0,57.0,0.0,-19.0,19.0,3,rolling,losing_streak_fitness,1_day,rep_2
train,1,0,22406,22406,53560,47,8,185,6.25,5,15,2,63.355259362494046,5,85.0,142.0,57.0,2.491228070175439,57.0,0.4,17.0,19.0,3,rolling,losing_streak_fitness,1_day,rep_2
test,1,0,22406,22406,53560,47,8,185,6.25,5,15,2,-1000.0,3,-57.0,0.0,57.0,0.0,57.0,0.0,-19.0,19.0,3,rolling,losing_streak_fitness,1_day,rep_2
train,1,0,22406,22406,53560,48,8,145,6.5,5,15,2,63.355259362494046,5,85.0,142.0,57.0,2.491228070175439,57.0,0.4,17.0,19.0,3,rolling,losing_streak_fitness,1_day,rep_2
test,1,0,22406,22406,53560,48,8,145,6.5,5,15,2,-1000.0,3,-57.0,0.0,57.0,0.0,57.0,0.0,-19.0,19.0,3,rolling,losing_streak_fitness,1_day,rep_2
train,1,0,22406,22406,53560,49,8,145,6.25,5,15,2,63.355259362494046,5,85.0,142.0,57.0,2.491228070175439,57.0,0.4,17.0,19.0,3,rolling,losing_streak_fitness,1_day,rep_2
test,1,0,22406,22406,53560,49,8,145,6.25,5,15,2,-1000.0,3,-57.0,0.0,57.0,0.0,57.0,0.0,-19.0,19.0,3,rolling,losing_streak_fitness,1_day,rep_2
train,1,0,22406,22406,53560,50,8,158,6.25,5,15,2,63.355259362494046,5,85.0,142.0,57.0,2.491228070175439,57.0,0.4,17.0,19.0,3,rolling,losing_streak_fitness,1_day,rep_2
test,1,0,22406,22406,53560,50,8,158,6.25,5,15,2,-1000.0,3,-57.0,0.0,57.0,0.0,57.0,0.0,-19.0,19.0,3,rolling,losing_streak_fitness,1_day,rep_2
train,1,0,22406,22406,53560,51,8,175,6.0,5,15,2,63.355259362494046,5,85.0,142.0,57.0,2.491228070175439,57.0,0.4,17.0,19.0,3,rolling,losing_streak_fitness,1_day,rep_2
test,1,0,22406,22406,53560,51,8,175,6.0,5,15,2,-1000.0,3,-57.0,0.0,57.0,0.0,57.0,0.0,-19.0,19.0,3,rolling,losing_streak_fitness,1_day,rep_2
train,1,0,22406,22406,53560,52,8,167,6.25,5,15,2,63.355259362494046,5,85.0,142.0,57.0,2.491228070175439,57.0,0.4,17.0,19.0,3,rolling,losing_streak_fitness,1_day,rep_2
test,1,0,22406,22406,53560,52,8,167,6.25,5,15,2,-1000.0,3,-57.0,0.0,57.0,0.0,57.0,0.0,-19.0,19.0,3,rolling,losing_streak_fitness,1_day,rep_2
train,1,0,22406,22406,53560,53,8,170,6.75,5,15,2,63.355259362494046,5,85.0,142.0,57.0,2.491228070175439,57.0,0.4,17.0,19.0,3,rolling,losing_streak_fitness,1_day,rep_2
test,1,0,22406,22406,53560,53,8,170,6.75,5,15,2,-1000.0,3,-57.0,0.0,57.0,0.0,57.0,0.0,-19.0,19.0,3,rolling,losing_streak_fitness,1_day,rep_2
train,1,0,22406,22406,53560,54,8,170,6.5,5,15,2,63.355259362494046,5,85.0,142.0,57.0,2.491228070175439,57.0,0.4,17.0,19.0,3,rolling,losing_streak_fitness,1_day,rep_2
test,1,0,22406,22406,53560,54,8,170,6.5,5,15,2,-1000.0,3,-57.0,0.0,57.0,0.0,57.0,0.0,-19.0,19.0,3,rolling,losing_streak_fitness,1_day,rep_2
train,1,0,22406,22406,53560,55,8,167,6.25,5,15,2,63.355259362494046,5,85.0,142.0,57.0,2.491228070175439,57.0,0.4,17.0,19.0,3,rolling,losing_streak_fitness,1_day,rep_2
test,1,0,22406,22406,53560,55,8,167,6.25,5,15,2,-1000.0,3,-57.0,0.0,57.0,0.0,57.0,0.0,-19.0,19.0,3,rolling,losing_streak_fitness,1_day,rep_2
train,1,0,22406,22406,53560,56,8,170,6.5,5,15,2,63.355259362494046,5,85.0,142.0,57.0,2.491228070175439,57.0,0.4,17.0,19.0,3,rolling,losing_streak_fitness,1_day,rep_2
test,1,0,22406,22406,53560,56,8,170,6.5,5,15,2,-1000.0,3,-57.0,0.0,57.0,0.0,57.0,0.0,-19.0,19.0,3,rolling,losing_streak_fitness,1_day,rep_2
train,1,0,22406,22406,53560,57,8,167,6.25,5,15,2,63.355259362494046,5,85.0,142.0,57.0,2.491228070175439,57.0,0.4,17.0,19.0,3,rolling,losing_streak_fitness,1_day,rep_2
test,1,0,22406,22406,53560,57,8,167,6.25,5,15,2,-1000.0,3,-57.0,0.0,57.0,0.0,57.0,0.0,-19.0,19.0,3,rolling,losing_streak_fitness,1_day,rep_2
train,1,0,22406,22406,53560,58,8,170,6.25,5,15,2,63.355259362494046,5,85.0,142.0,57.0,2.491228070175439,57.0,0.4,17.0,19.0,3,rolling,losing_streak_fitness,1_day,rep_2
test,1,0,22406,22406,53560,58,8,170,6.25,5,15,2,-1000.0,3,-57.0,0.0,57.0,0.0,57.0,0.0,-19.0,19.0,3,rolling,losing_streak_fitness,1_day,rep_2
train,1,0,22406,22406,53560,59,8,170,6.5,5,15,2,63.355259362494046,5,85.0,142.0,57.0,2.491228070175439,57.0,0.4,17.0,19.0,3,rolling,losing_streak_fitness,1_day,rep_2
test,1,0,22406,22406,53560,59,8,170,6.5,5,15,2,-1000.0,3,-57.0,0.0,57.0,0.0,57.0,0.0,-19.0,19.0,3,rolling,losing_streak_fitness,1_day,rep_2
train,1,0,22406,22406,53560,60,8,170,6.25,5,15,2,63.355259362494046,5,85.0,142.0,57.0,2.491228070175439,57.0,0.4,17.0,19.0,3,rolling,losing_streak_fitness,1_day,rep_2
test,1,0,22406,22406,53560,60,8,170,6.25,5,15,2,-1000.0,3,-57.0,0.0,57.0,0.0,57.0,0.0,-19.0,19.0,3,rolling,losing_streak_fitness,1_day,rep_2
train,1,0,22406,22406,53560,61,8,170,6.75,5,15,2,63.355259362494046,5,85.0,142.0,57.0,2.491228070175439,57.0,0.4,17.0,19.0,3,rolling,losing_streak_fitness,1_day,rep_2
test,1,0,22406,22406,53560,61,8,170,6.75,5,15,2,-1000.0,3,-57.0,0.0,57.0,0.0,57.0,0.0,-19.0,19.0,3,rolling,losing_streak_fitness,1_day,rep_2
train,1,0,22406,22406,53560,62,8,170,6.25,5,15,2,63.355259362494046,5,85.0,142.0,57.0,2.491228070175439,57.0,0.4,17.0,19.0,3,rolling,losing_streak_fitness,1_day,rep_2
test,1,0,22406,22406,53560,62,8,170,6.25,5,15,2,-1000.0,3,-57.0,0.0,57.0,0.0,57.0,0.0,-19.0,19.0,3,rolling,losing_streak_fitness,1_day,rep_2
train,1,0,22406,22406,53560,63,8,170,6.5,5,15,2,63.355259362494046,5,85.0,142.0,57.0,2.491228070175439,57.0,0.4,17.0,19.0,3,rolling,losing_streak_fitness,1_day,rep_2
test,1,0,22406,22406,53560,63,8,170,6.5,5,15,2,-1000.0,3,-57.0,0.0,57.0,0.0,57.0,0.0,-19.0,19.0,3,rolling,losing_streak_fitness,1_day,rep_2
train,1,0,22406,22406,53560,64,8,140,6.5,5,15,2,63.355259362494046,5,85.0,142.0,57.0,2.491228070175439,57.0,0.4,17.0,19.0,3,rolling,losing_streak_fitness,1_day,rep_2
test,1,0,22406,22406,53560,64,8,140,6.5,5,15,2,-1000.0,3,-57.0,0.0,57.0,0.0,57.0,0.0,-19.0,19.0,3,rolling,losing_streak_fitness,1_day,rep_2
train,1,0,22406,22406,53560,65,8,170,6.5,5,15,2,63.355259362494046,5,85.0,142.0,57.0,2.491228070175439,57.0,0.4,17.0,19.0,3,rolling,losing_streak_fitness,1_day,rep_2
test,1,0,22406,22406,53560,65,8,170,6.5,5,15,2,-1000.0,3,-57.0,0.0,57.0,0.0,57.0,0.0,-19.0,19.0,3,rolling,losing_streak_fitness,1_day,rep_2
train,1,0,22406,22406,53560,66,8,170,6.75,5,15,2,63.355259362494046,5,85.0,142.0,57.0,2.491228070175439,57.0,0.4,17.0,19.0,3,rolling,losing_streak_fitness,1_day,rep_2
test,1,0,22406,22406,53560,66,8,170,6.75,5,15,2,-1000.0,3,-57.0,0.0,57.0,0.0,57.0,0.0,-19.0,19.0,3,rolling,losing_streak_fitness,1_day,rep_2
train,1,0,22406,22406,53560,67,8,147,6.25,5,15,2,63.355259362494046,5,85.0,142.0,57.0,2.491228070175439,57.0,0.4,17.0,19.0,3,rolling,losing_streak_fitness,1_day,rep_2
test,1,0,22406,22406,53560,67,8,147,6.25,5,15,2,-1000.0,3,-57.0,0.0,57.0,0.0,57.0,0.0,-19.0,19.0,3,rolling,losing_streak_fitness,1_day,rep_2
train,1,0,22406,22406,53560,68,8,185,6.25,5,15,2,63.355259362494046,5,85.0,142.0,57.0,2.491228070175439,57.0,0.4,17.0,19.0,3,rolling,losing_streak_fitness,1_day,rep_2
test,1,0,22406,22406,53560,68,8,185,6.25,5,15,2,-1000.0,3,-57.0,0.0,57.0,0.0,57.0,0.0,-19.0,19.0,3,rolling,losing_streak_fitness,1_day,rep_2
train,1,0,22406,22406,53560,69,8,154,6.75,5,15,2,63.355259362494046,5,85.0,142.0,57.0,2.491228070175439,57.0,0.4,17.0,19.0,3,rolling,losing_streak_fitness,1_day,rep_2
test,1,0,22406,22406,53560,69,8,154,6.75,5,15,2,-1000.0,3,-57.0,0.0,57.0,0.0,57.0,0.0,-19.0,19.0,3,rolling,losing_streak_fitness,1_day,rep_2
train,1,0,22406,22406,53560,70,8,167,6.75,5,15,2,63.355259362494046,5,85.0,142.0,57.0,2.491228070175439,57.0,0.4,17.0,19.0,3,rolling,losing_streak_fitness,1_day,rep_2
test,1,0,22406,22406,53560,70,8,167,6.75,5,15,2,-1000.0,3,-57.0,0.0,57.0,0.0,57.0,0.0,-19.0,19.0,3,rolling,losing_streak_fitness,1_day,rep_2
train,1,0,22406,22406,53560,71,8,170,6.0,5,15,2,63.355259362494046,5,85.0,142.0,57.0,2.491228070175439,57.0,0.4,17.0,19.0,3,rolling,losing_streak_fitness,1_day,rep_2
test,1,0,22406,22406,53560,71,8,170,6.0,5,15,2,-1000.0,3,-57.0,0.0,57.0,0.0,57.0,0.0,-19.0,19.0,3,rolling,losing_streak_fitness,1_day,rep_2
train,1,0,22406,22406,53560,72,8,180,6.0,5,15,2,63.355259362494046,5,85.0,142.0,57.0,2.491228070175439,57.0,0.4,17.0,19.0,3,rolling,losing_streak_fitness,1_day,rep_2
test,1,0,22406,22406,53560,72,8,180,6.0,5,15,2,-1000.0,3,-57.0,0.0,57.0,0.0,57.0,0.0,-19.0,19.0,3,rolling,losing_streak_fitness,1_day,rep_2
train,1,0,22406,22406,53560,73,8,167,6.25,5,15,2,63.355259362494046,5,85.0,142.0,57.0,2.491228070175439,57.0,0.4,17.0,19.0,3,rolling,losing_streak_fitness,1_day,rep_2
test,1,0,22406,22406,53560,73,8,167,6.25,5,15,2,-1000.0,3,-57.0,0.0,57.0,0.0,57.0,0.0,-19.0,19.0,3,rolling,losing_streak_fitness,1_day,rep_2
train,1,0,22406,22406,53560,74,8,185,6.0,5,15,2,63.355259362494046,5,85.0,142.0,57.0,2.491228070175439,57.0,0.4,17.0,19.0,3,rolling,losing_streak_fitness,1_day,rep_2
test,1,0,22406,22406,53560,74,8,185,6.0,5,15,2,-1000.0,3,-57.0,0.0,57.0,0.0,57.0,0.0,-19.0,19.0,3,rolling,losing_streak_fitness,1_day,rep_2
train,1,0,22406,22406,53560,75,8,162,6.0,5,15,2,63.355259362494046,5,85.0,142.0,57.0,2.491228070175439,57.0,0.4,17.0,19.0,3,rolling,losing_streak_fitness,1_day,rep_2
test,1,0,22406,22406,53560,75,8,162,6.0,5,15,2,-1000.0,3,-57.0,0.0,57.0,0.0,57.0,0.0,-19.0,19.0,3,rolling,losing_streak_fitness,1_day,rep_2
train,1,0,22406,22406,53560,76,8,170,6.75,5,15,2,63.355259362494046,5,85.0,142.0,57.0,2.491228070175439,57.0,0.4,17.0,19.0,3,rolling,losing_streak_fitness,1_day,rep_2
test,1,0,22406,22406,53560,76,8,170,6.75,5,15,2,-1000.0,3,-57.0,0.0,57.0,0.0,57.0,0.0,-19.0,19.0,3,rolling,losing_streak_fitness,1_day,rep_2
train,1,0,22406,22406,53560,77,8,167,6.25,5,15,2,63.355259362494046,5,85.0,142.0,57.0,2.491228070175439,57.0,0.4,17.0,19.0,3,rolling,losing_streak_fitness,1_day,rep_2
test,1,0,22406,22406,53560,77,8,167,6.25,5,15,2,-1000.0,3,-57.0,0.0,57.0,0.0,57.0,0.0,-19.0,19.0,3,rolling,losing_streak_fitness,1_day,rep_2
train,1,0,22406,22406,53560,78,8,151,6.0,5,15,2,63.355259362494046,5,85.0,142.0,57.0,2.491228070175439,57.0,0.4,17.0,19.0,3,rolling,losing_streak_fitness,1_day,rep_2
test,1,0,22406,22406,53560,78,8,151,6.0,5,15,2,-1000.0,3,-57.0,0.0,57.0,0.0,57.0,0.0,-19.0,19.0,3,rolling,losing_streak_fitness,1_day,rep_2
train,1,0,22406,22406,53560,79,8,159,6.75,5,15,2,63.355259362494046,5,85.0,142.0,57.0,2.491228070175439,57.0,0.4,17.0,19.0,3,rolling,losing_streak_fitness,1_day,rep_2
test,1,0,22406,22406,53560,79,8,159,6.75,5,15,2,-1000.0,3,-57.0,0.0,57.0,0.0,57.0,0.0,-19.0,19.0,3,rolling,losing_streak_fitness,1_day,rep_2
train,1,0,22406,22406,53560,80,8,185,6.5,5,15,2,63.355259362494046,5,85.0,142.0,57.0,2.491228070175439,57.0,0.4,17.0,19.0,3,rolling,losing_streak_fitness,1_day,rep_2
test,1,0,22406,22406,53560,80,8,185,6.5,5,15,2,-1000.0,3,-57.0,0.0,57.0,0.0,57.0,0.0,-19.0,19.0,3,rolling,losing_streak_fitness,1_day,rep_2
train,1,0,22406,22406,53560,81,8,176,6.5,5,15,2,63.355259362494046,5,85.0,142.0,57.0,2.491228070175439,57.0,0.4,17.0,19.0,3,rolling,losing_streak_fitness,1_day,rep_2
test,1,0,22406,22406,53560,81,8,176,6.5,5,15,2,-1000.0,3,-57.0,0.0,57.0,0.0,57.0,0.0,-19.0,19.0,3,rolling,losing_streak_fitness,1_day,rep_2
train,1,0,22406,22406,53560,82,8,158,6.0,5,15,2,63.355259362494046,5,85.0,142.0,57.0,2.491228070175439,57.0,0.4,17.0,19.0,3,rolling,losing_streak_fitness,1_day,rep_2
test,1,0,22406,22406,53560,82,8,158,6.0,5,15,2,-1000.0,3,-57.0,0.0,57.0,0.0,57.0,0.0,-19.0,19.0,3,rolling,losing_streak_fitness,1_day,rep_2
train,1,0,22406,22406,53560,83,8,145,6.75,5,15,2,63.355259362494046,5,85.0,142.0,57.0,2.491228070175439,57.0,0.4,17.0,19.0,3,rolling,losing_streak_fitness,1_day,rep_2
test,1,0,22406,22406,53560,83,8,145,6.75,5,15,2,-1000.0,3,-57.0,0.0,57.0,0.0,57.0,0.0,-19.0,19.0,3,rolling,losing_streak_fitness,1_day,rep_2
train,1,0,22406,22406,53560,84,8,162,6.0,5,15,2,63.355259362494046,5,85.0,142.0,57.0,2.491228070175439,57.0,0.4,17.0,19.0,3,rolling,losing_streak_fitness,1_day,rep_2
test,1,0,22406,22406,53560,84,8,162,6.0,5,15,2,-1000.0,3,-57.0,0.0,57.0,0.0,57.0,0.0,-19.0,19.0,3,rolling,losing_streak_fitness,1_day,rep_2
train,1,0,22406,22406,53560,85,8,158,6.25,5,15,2,63.355259362494046,5,85.0,142.0,57.0,2.491228070175439,57.0,0.4,17.0,19.0,3,rolling,losing_streak_fitness,1_day,rep_2
test,1,0,22406,22406,53560,85,8,158,6.25,5,15,2,-1000.0,3,-57.0,0.0,57.0,0.0,57.0,0.0,-19.0,19.0,3,rolling,losing_streak_fitness,1_day,rep_2
train,1,0,22406,22406,53560,86,8,145,6.75,5,15,2,63.355259362494046,5,85.0,142.0,57.0,2.491228070175439,57.0,0.4,17.0,19.0,3,rolling,losing_streak_fitness,1_day,rep_2
test,1,0,22406,22406,53560,86,8,145,6.75,5,15,2,-1000.0,3,-57.0,0.0,57.0,0.0,57.0,0.0,-19.0,19.0,3,rolling,losing_streak_fitness,1_day,rep_2
train,1,0,22406,22406,53560,87,8,145,5.75,5,15,2,63.355259362494046,5,85.0,142.0,57.0,2.491228070175439,57.0,0.4,17.0,19.0,3,rolling,losing_streak_fitness,1_day,rep_2
test,1,0,22406,22406,53560,87,8,145,5.75,5,15,2,-1000.0,3,-57.0,0.0,57.0,0.0,57.0,0.0,-19.0,19.0,3,rolling,losing_streak_fitness,1_day,rep_2
train,1,0,22406,22406,53560,88,8,158,5.75,5,15,2,63.355259362494046,5,85.0,142.0,57.0,2.491228070175439,57.0,0.4,17.0,19.0,3,rolling,losing_streak_fitness,1_day,rep_2
test,1,0,22406,22406,53560,88,8,158,5.75,5,15,2,-1000.0,3,-57.0,0.0,57.0,0.0,57.0,0.0,-19.0,19.0,3,rolling,losing_streak_fitness,1_day,rep_2
train,1,0,22406,22406,53560,89,8,187,6.0,5,15,2,63.355259362494046,5,85.0,142.0,57.0,2.491228070175439,57.0,0.4,17.0,19.0,3,rolling,losing_streak_fitness,1_day,rep_2
test,1,0,22406,22406,53560,89,8,187,6.0,5,15,2,-1000.0,3,-57.0,0.0,57.0,0.0,57.0,0.0,-19.0,19.0,3,rolling,losing_streak_fitness,1_day,rep_2
train,1,0,22406,22406,53560,90,8,167,6.0,5,15,2,63.355259362494046,5,85.0,142.0,57.0,2.491228070175439,57.0,0.4,17.0,19.0,3,rolling,losing_streak_fitness,1_day,rep_2
test,1,0,22406,22406,53560,90,8,167,6.0,5,15,2,-1000.0,3,-57.0,0.0,57.0,0.0,57.0,0.0,-19.0,19.0,3,rolling,losing_streak_fitness,1_day,rep_2
train,1,0,22406,22406,53560,91,8,158,6.75,5,15,2,63.355259362494046,5,85.0,142.0,57.0,2.491228070175439,57.0,0.4,17.0,19.0,3,rolling,losing_streak_fitness,1_day,rep_2
test,1,0,22406,22406,53560,91,8,158,6.75,5,15,2,-1000.0,3,-57.0,0.0,57.0,0.0,57.0,0.0,-19.0,19.0,3,rolling,losing_streak_fitness,1_day,rep_2
train,1,0,22406,22406,53560,92,8,185,6.0,5,15,2,63.355259362494046,5,85.0,142.0,57.0,2.491228070175439,57.0,0.4,17.0,19.0,3,rolling,losing_streak_fitness,1_day,rep_2
test,1,0,22406,22406,53560,92,8,185,6.0,5,15,2,-1000.0,3,-57.0,0.0,57.0,0.0,57.0,0.0,-19.0,19.0,3,rolling,losing_streak_fitness,1_day,rep_2
train,1,0,22406,22406,53560,93,8,167,6.75,5,15,2,63.355259362494046,5,85.0,142.0,57.0,2.491228070175439,57.0,0.4,17.0,19.0,3,rolling,losing_streak_fitness,1_day,rep_2
test,1,0,22406,22406,53560,93,8,167,6.75,5,15,2,-1000.0,3,-57.0,0.0,57.0,0.0,57.0,0.0,-19.0,19.0,3,rolling,losing_streak_fitness,1_day,rep_2
train,1,0,22406,22406,53560,94,8,145,5.75,5,15,2,63.355259362494046,5,85.0,142.0,57.0,2.491228070175439,57.0,0.4,17.0,19.0,3,rolling,losing_streak_fitness,1_day,rep_2
test,1,0,22406,22406,53560,94,8,145,5.75,5,15,2,-1000.0,3,-57.0,0.0,57.0,0.0,57.0,0.0,-19.0,19.0,3,rolling,losing_streak_fitness,1_day,rep_2
train,1,0,22406,22406,53560,95,8,134,6.5,5,15,2,63.355259362494046,5,85.0,142.0,57.0,2.491228070175439,57.0,0.4,17.0,19.0,3,rolling,losing_streak_fitness,1_day,rep_2
test,1,0,22406,22406,53560,95,8,134,6.5,5,15,2,-1000.0,3,-57.0,0.0,57.0,0.0,57.0,0.0,-19.0,19.0,3,rolling,losing_streak_fitness,1_day,rep_2
train,1,0,22406,22406,53560,96,8,180,6.75,5,15,2,63.355259362494046,5,85.0,142.0,57.0,2.491228070175439,57.0,0.4,17.0,19.0,3,rolling,losing_streak_fitness,1_day,rep_2
test,1,0,22406,22406,53560,96,8,180,6.75,5,15,2,-1000.0,3,-57.0,0.0,57.0,0.0,57.0,0.0,-19.0,19.0,3,rolling,losing_streak_fitness,1_day,rep_2
train,1,0,22406,22406,53560,97,8,169,6.0,5,15,2,63.355259362494046,5,85.0,142.0,57.0,2.491228070175439,57.0,0.4,17.0,19.0,3,rolling,losing_streak_fitness,1_day,rep_2
test,1,0,22406,22406,53560,97,8,169,6.0,5,15,2,-1000.0,3,-57.0,0.0,57.0,0.0,57.0,0.0,-19.0,19.0,3,rolling,losing_streak_fitness,1_day,rep_2
train,1,0,22406,22406,53560,98,8,151,6.75,5,15,2,63.355259362494046,5,85.0,142.0,57.0,2.491228070175439,57.0,0.4,17.0,19.0,3,rolling,losing_streak_fitness,1_day,rep_2
test,1,0,22406,22406,53560,98,8,151,6.75,5,15,2,-1000.0,3,-57.0,0.0,57.0,0.0,57.0,0.0,-19.0,19.0,3,rolling,losing_streak_fitness,1_day,rep_2
train,1,0,22406,22406,53560,99,8,151,6.5,5,15,2,63.355259362494046,5,85.0,142.0,57.0,2.491228070175439,57.0,0.4,17.0,19.0,3,rolling,losing_streak_fitness,1_day,rep_2
test,1,0,22406,22406,53560,99,8,151,6.5,5,15,2,-1000.0,3,-57.0,0.0,57.0,0.0,57.0,0.0,-19.0,19.0,3,rolling,losing_streak_fitness,1_day,rep_2
train,1,0,22406,22406,53560,100,8,145,6.75,5,15,2,63.355259362494046,5,85.0,142.0,57.0,2.491228070175439,57.0,0.4,17.0,19.0,3,rolling,losing_streak_fitness,1_day,rep_2
test,1,0,22406,22406,53560,100,8,145,6.75,5,15,2,-1000.0,3,-57.0,0.0,57.0,0.0,57.0,0.0,-19.0,19.0,3,rolling,losing_streak_fitness,1_day,rep_2
train,2,22406,53560,53560,86986,0,13,1907,6.25,4,22,3,11.180339887498947,5,10.0,106.0,96.0,1.1041666666666667,48.0,0.2,2.0,24.0,2,rolling,losing_streak_fitness,1_day,rep_2
test,2,22406,53560,53560,86986,0,13,1907,6.25,4,22,3,-1000.0,3,188.0,212.0,24.0,8.833333333333334,24.0,0.6666666666666666,62.66666666666666,24.0,1,rolling,losing_streak_fitness,1_day,rep_2
train,2,22406,53560,53560,86986,1,13,3437,6.25,4,22,3,11.180339887498947,5,10.0,106.0,96.0,1.1041666666666667,48.0,0.2,2.0,24.0,2,rolling,losing_streak_fitness,1_day,rep_2
test,2,22406,53560,53560,86986,1,13,3437,6.25,4,22,3,-1000.0,3,188.0,212.0,24.0,8.833333333333334,24.0,0.6666666666666666,62.66666666666666,24.0,1,rolling,losing_streak_fitness,1_day,rep_2
train,2,22406,53560,53560,86986,2,8,2632,8.0,5,15,2,50.59644256269407,10,80.0,213.0,133.0,1.6015037593984962,95.0,0.3,8.0,19.0,5,rolling,losing_streak_fitness,1_day,rep_2
test,2,22406,53560,53560,86986,2,8,2632,8.0,5,15,2,-35.42857142857143,16,-124.0,142.0,266.0,0.5338345864661654,266.0,0.125,-7.75,19.0,14,rolling,losing_streak_fitness,1_day,rep_2
train,2,22406,53560,53560,86986,3,8,1198,7.25,3,20,4,46.079788831715696,19,74.0,480.0,406.0,1.1822660098522169,223.0,0.2631578947368421,3.8947368421052633,29.0,7,rolling,losing_streak_fitness,1_day,rep_2
test,2,22406,53560,53560,86986,3,8,1198,7.25,3,20,4,-145.3624113167449,33,-582.0,288.0,870.0,0.3310344827586207,745.0,0.0909090909090909,-17.636363636363637,29.0,23,rolling,losing_streak_fitness,1_day,rep_2
train,2,22406,53560,53560,86986,4,6,1367,7.0,5,23,5,97.28309205612248,14,104.0,444.0,340.0,1.3058823529411765,136.0,0.2857142857142857,7.428571428571429,34.0,4,rolling,losing_streak_fitness,1_day,rep_2
test,2,22406,53560,53560,86986,4,6,1367,7.0,5,23,5,-96.98550149378,19,-356.0,222.0,578.0,0.3840830449826989,544.0,0.1052631578947368,-18.73684210526316,34.0,16,rolling,losing_streak_fitness,1_day,rep_2
train,2,22406,53560,53560,86986,5,6,1070,7.25,5,23,5,97.28309205612248,14,104.0,444.0,340.0,1.3058823529411765,136.0,0.2857142857142857,7.428571428571429,34.0,4,rolling,losing_streak_fitness,1_day,rep_2
test,2,22406,53560,53560,86986,5,6,1070,7.25,5,23,5,-96.98550149378,19,-356.0,222.0,578.0,0.3840830449826989,544.0,0.1052631578947368,-18.73684210526316,34.0,16,rolling,losing_streak_fitness,1_day,rep_2
train,2,22406,53560,53560,86986,6,8,2469,9.5,5,15,5,67.90761698399116,7,77.0,213.0,136.0,1.5661764705882353,102.0,0.4285714285714285,11.0,34.0,3,rolling,losing_streak_fitness,1_day,rep_2
test,2,22406,53560,53560,86986,6,8,2469,9.5,5,15,5,-76.04435417342232,13,-232.0,142.0,374.0,0.3796791443850267,374.0,0.1538461538461538,-17.846153846153847,34.0,11,rolling,losing_streak_fitness,1_day,rep_2
train,2,22406,53560,53560,86986,7,8,1493,7.25,5,28,5,70.66767294881018,12,102.0,408.0,306.0,1.3333333333333333,170.0,0.25,8.5,34.0,5,rolling,losing_streak_fitness,1_day,rep_2
test,2,22406,53560,53560,86986,7,8,1493,7.25,5,28,5,-112.14847301680037,17,-408.0,136.0,544.0,0.25,510.0,0.0588235294117647,-24.0,34.0,15,rolling,losing_streak_fitness,1_day,rep_2
train,2,22406,53560,53560,86986,8,8,1493,9.5,5,15,5,67.90761698399116,7,77.0,213.0,136.0,1.5661764705882353,102.0,0.4285714285714285,11.0,34.0,3,rolling,losing_streak_fitness,1_day,rep_2
test,2,22406,53560,53560,86986,8,8,1493,9.5,5,15,5,-68.58921197972754,12,-198.0,142.0,340.0,0.4176470588235294,340.0,0.1666666666666666,-16.5,34.0,10,rolling,losing_streak_fitness,1_day,rep_2
train,2,22406,53560,53560,86986,9,8,1645,9.5,6,15,2,80.83316151184486,6,66.0,142.0,76.0,1.868421052631579,38.0,0.3333333333333333,11.0,19.0,2,rolling,losing_streak_fitness,1_day,rep_2
test,2,22406,53560,53560,86986,9,8,1645,9.5,6,15,2,3.857142857142857,9,9.0,142.0,133.0,1.0676691729323309,133.0,0.2222222222222222,1.0,19.0,7,rolling,losing_streak_fitness,1_day,rep_2
train,2,22406,53560,53560,86986,10,8,1645,9.5,6,15,2,80.83316151184486,6,66.0,142.0,76.0,1.868421052631579,38.0,0.3333333333333333,11.0,19.0,2,rolling,losing_streak_fitness,1_day,rep_2
test,2,22406,53560,53560,86986,10,8,1645,9.5,6,15,2,3.857142857142857,9,9.0,142.0,133.0,1.0676691729323309,133.0,0.2222222222222222,1.0,19.0,7,rolling,losing_streak_fitness,1_day,rep_2
train,2,22406,53560,53560,86986,11,8,1493,9.5,6,15,2,80.83316151184486,6,66.0,142.0,76.0,1.868421052631579,38.0,0.3333333333333333,11.0,19.0,2,rolling,losing_streak_fitness,1_day,rep_2
test,2,22406,53560,53560,86986,11,8,1493,9.5,6,15,2,3.857142857142857,9,9.0,142.0,133.0,1.0676691729323309,133.0,0.2222222222222222,1.0,19.0,7,rolling,losing_streak_fitness,1_day,rep_2
train,2,22406,53560,53560,86986,12,8,1645,9.5,6,15,2,80.83316151184486,6,66.0,142.0,76.0,1.868421052631579,38.0,0.3333333333333333,11.0,19.0,2,rolling,losing_streak_fitness,1_day,rep_2
test,2,22406,53560,53560,86986,12,8,1645,9.5,6,15,2,3.857142857142857,9,9.0,142.0,133.0,1.0676691729323309,133.0,0.2222222222222222,1.0,19.0,7,rolling,losing_streak_fitness,1_day,rep_2
train,2,22406,53560,53560,86986,13,12,1493,9.5,4,30,2,52.1749194749951,5,70.0,146.0,76.0,1.9210526315789476,57.0,0.2,14.0,19.0,3,rolling,losing_streak_fitness,1_day,rep_2
test,2,22406,53560,53560,86986,13,12,1493,9.5,4,30,2,-1000.0,2,127.0,146.0,19.0,7.684210526315789,19.0,0.5,63.5,19.0,1,rolling,losing_streak_fitness,1_day,rep_2
train,2,22406,53560,53560,86986,14,12,1206,6.5,3,30,2,52.1749194749951,5,70.0,146.0,76.0,1.9210526315789476,57.0,0.2,14.0,19.0,3,rolling,losing_streak_fitness,1_day,rep_2
test,2,22406,53560,53560,86986,14,12,1206,6.5,3,30,2,-1000.0,2,127.0,146.0,19.0,7.684210526315789,19.0,0.5,63.5,19.0,1,rolling,losing_streak_fitness,1_day,rep_2
train,2,22406,53560,53560,86986,15,12,1206,6.5,3,30,2,52.1749194749951,5,70.0,146.0,76.0,1.9210526315789476,57.0,0.2,14.0,19.0,3,rolling,losing_streak_fitness,1_day,rep_2
test,2,22406,53560,53560,86986,15,12,1206,6.5,3,30,2,-1000.0,2,127.0,146.0,19.0,7.684210526315789,19.0,0.5,63.5,19.0,1,rolling,losing_streak_fitness,1_day,rep_2
train,2,22406,53560,53560,86986,16,12,1645,7.5,5,30,2,52.1749194749951,5,70.0,146.0,76.0,1.9210526315789476,57.0,0.2,14.0,19.0,3,rolling,losing_streak_fitness,1_day,rep_2
test,2,22406,53560,53560,86986,16,12,1645,7.5,5,30,2,-1000.0,2,127.0,146.0,19.0,7.684210526315789,19.0,0.5,63.5,19.0,1,rolling,losing_streak_fitness,1_day,rep_2
train,2,22406,53560,53560,86986,17,12,1645,6.75,3,30,2,52.1749194749951,5,70.0,146.0,76.0,1.9210526315789476,57.0,0.2,14.0,19.0,3,rolling,losing_streak_fitness,1_day,rep_2
test,2,22406,53560,53560,86986,17,12,1645,6.75,3,30,2,-1000.0,2,127.0,146.0,19.0,7.684210526315789,19.0,0.5,63.5,19.0,1,rolling,losing_streak_fitness,1_day,rep_2
train,2,22406,53560,53560,86986,18,12,1493,7.5,5,30,2,52.1749194749951,5,70.0,146.0,76.0,1.9210526315789476,57.0,0.2,14.0,19.0,3,rolling,losing_streak_fitness,1_day,rep_2
test,2,22406,53560,53560,86986,18,12,1493,7.5,5,30,2,-1000.0,2,127.0,146.0,19.0,7.684210526315789,19.0,0.5,63.5,19.0,1,rolling,losing_streak_fitness,1_day,rep_2
train,2,22406,53560,53560,86986,19,12,1480,6.25,4,30,2,52.1749194749951,5,70.0,146.0,76.0,1.9210526315789476,57.0,0.2,14.0,19.0,3,rolling,losing_streak_fitness,1_day,rep_2
test,2,22406,53560,53560,86986,19,12,1480,6.25,4,30,2,-1000.0,2,127.0,146.0,19.0,7.684210526315789,19.0,0.5,63.5,19.0,1,rolling,losing_streak_fitness,1_day,rep_2
train,2,22406,53560,53560,86986,20,12,1367,7.0,2,30,2,52.1749194749951,5,70.0,146.0,76.0,1.9210526315789476,57.0,0.2,14.0,19.0,3,rolling,losing_streak_fitness,1_day,rep_2
test,2,22406,53560,53560,86986,20,12,1367,7.0,2,30,2,-1000.0,2,127.0,146.0,19.0,7.684210526315789,19.0,0.5,63.5,19.0,1,rolling,losing_streak_fitness,1_day,rep_2
train,2,22406,53560,53560,86986,21,12,1090,6.75,4,30,2,52.1749194749951,5,70.0,146.0,76.0,1.9210526315789476,57.0,0.2,14.0,19.0,3,rolling,losing_streak_fitness,1_day,rep_2
test,2,22406,53560,53560,86986,21,12,1090,6.75,4,30,2,-1000.0,2,127.0,146.0,19.0,7.684210526315789,19.0,0.5,63.5,19.0,1,rolling,losing_streak_fitness,1_day,rep_2
train,2,22406,53560,53560,86986,22,12,1493,6.25,5,30,2,52.1749194749951,5,70.0,146.0,76.0,1.9210526315789476,57.0,0.2,14.0,19.0,3,rolling,losing_streak_fitness,1_day,rep_2
test,2,22406,53560,53560,86986,22,12,1493,6.25,5,30,2,-1000.0,2,127.0,146.0,19.0,7.684210526315789,19.0,0.5,63.5,19.0,1,rolling,losing_streak_fitness,1_day,rep_2
train,2,22406,53560,53560,86986,23,12,1358,7.75,5,30,2,52.1749194749951,5,70.0,146.0,76.0,1.9210526315789476,57.0,0.2,14.0,19.0,3,rolling,losing_streak_fitness,1_day,rep_2
test,2,22406,53560,53560,86986,23,12,1358,7.75,5,30,2,-1000.0,2,127.0,146.0,19.0,7.684210526315789,19.0,0.5,63.5,19.0,1,rolling,losing_streak_fitness,1_day,rep_2
train,2,22406,53560,53560,86986,24,12,1480,6.25,2,30,2,52.1749194749951,5,70.0,146.0,76.0,1.9210526315789476,57.0,0.2,14.0,19.0,3,rolling,losing_streak_fitness,1_day,rep_2
test,2,22406,53560,53560,86986,24,12,1480,6.25,2,30,2,-1000.0,2,127.0,146.0,19.0,7.684210526315789,19.0,0.5,63.5,19.0,1,rolling,losing_streak_fitness,1_day,rep_2
train,2,22406,53560,53560,86986,25,12,1645,7.5,2,30,2,52.1749194749951,5,70.0,146.0,76.0,1.9210526315789476,57.0,0.2,14.0,19.0,3,rolling,losing_streak_fitness,1_day,rep_2
test,2,22406,53560,53560,86986,25,12,1645,7.5,2,30,2,-1000.0,2,127.0,146.0,19.0,7.684210526315789,19.0,0.5,63.5,19.0,1,rolling,losing_streak_fitness,1_day,rep_2
train,2,22406,53560,53560,86986,26,12,1198,7.5,2,30,2,52.1749194749951,5,70.0,146.0,76.0,1.9210526315789476,57.0,0.2,14.0,19.0,3,rolling,losing_streak_fitness,1_day,rep_2
test,2,22406,53560,53560,86986,26,12,1198,7.5,2,30,2,-1000.0,2,127.0,146.0,19.0,7.684210526315789,19.0,0.5,63.5,19.0,1,rolling,losing_streak_fitness,1_day,rep_2
train,2,22406,53560,53560,86986,27,12,1198,6.25,2,30,2,52.1749194749951,5,70.0,146.0,76.0,1.9210526315789476,57.0,0.2,14.0,19.0,3,rolling,losing_streak_fitness,1_day,rep_2
test,2,22406,53560,53560,86986,27,12,1198,6.25,2,30,2,-1000.0,2,127.0,146.0,19.0,7.684210526315789,19.0,0.5,63.5,19.0,1,rolling,losing_streak_fitness,1_day,rep_2
train,2,22406,53560,53560,86986,28,12,1496,7.5,3,30,2,52.1749194749951,5,70.0,146.0,76.0,1.9210526315789476,57.0,0.2,14.0,19.0,3,rolling,losing_streak_fitness,1_day,rep_2
test,2,22406,53560,53560,86986,28,12,1496,7.5,3,30,2,-1000.0,2,127.0,146.0,19.0,7.684210526315789,19.0,0.5,63.5,19.0,1,rolling,losing_streak_fitness,1_day,rep_2
train,2,22406,53560,53560,86986,29,12,1540,7.0,3,30,2,52.1749194749951,5,70.0,146.0,76.0,1.9210526315789476,57.0,0.2,14.0,19.0,3,rolling,losing_streak_fitness,1_day,rep_2
test,2,22406,53560,53560,86986,29,12,1540,7.0,3,30,2,-1000.0,2,127.0,146.0,19.0,7.684210526315789,19.0,0.5,63.5,19.0,1,rolling,losing_streak_fitness,1_day,rep_2
train,2,22406,53560,53560,86986,30,12,1645,7.5,5,30,2,52.1749194749951,5,70.0,146.0,76.0,1.9210526315789476,57.0,0.2,14.0,19.0,3,rolling,losing_streak_fitness,1_day,rep_2
test,2,22406,53560,53560,86986,30,12,1645,7.5,5,30,2,-1000.0,2,127.0,146.0,19.0,7.684210526315789,19.0,0.5,63.5,19.0,1,rolling,losing_streak_fitness,1_day,rep_2
train,2,22406,53560,53560,86986,31,12,1645,6.25,4,30,2,52.1749194749951,5,70.0,146.0,76.0,1.9210526315789476,57.0,0.2,14.0,19.0,3,rolling,losing_streak_fitness,1_day,rep_2
test,2,22406,53560,53560,86986,31,12,1645,6.25,4,30,2,-1000.0,2,127.0,146.0,19.0,7.684210526315789,19.0,0.5,63.5,19.0,1,rolling,losing_streak_fitness,1_day,rep_2
train,2,22406,53560,53560,86986,32,12,1557,7.0,5,30,2,52.1749194749951,5,70.0,146.0,76.0,1.9210526315789476,57.0,0.2,14.0,19.0,3,rolling,losing_streak_fitness,1_day,rep_2
test,2,22406,53560,53560,86986,32,12,1557,7.0,5,30,2,-1000.0,2,127.0,146.0,19.0,7.684210526315789,19.0,0.5,63.5,19.0,1,rolling,losing_streak_fitness,1_day,rep_2
train,2,22406,53560,53560,86986,33,12,1557,7.5,2,30,2,52.1749194749951,5,70.0,146.0,76.0,1.9210526315789476,57.0,0.2,14.0,19.0,3,rolling,losing_streak_fitness,1_day,rep_2
test,2,22406,53560,53560,86986,33,12,1557,7.5,2,30,2,-1000.0,2,127.0,146.0,19.0,7.684210526315789,19.0,0.5,63.5,19.0,1,rolling,losing_streak_fitness,1_day,rep_2
train,2,22406,53560,53560,86986,34,12,1376,6.0,4,30,2,52.1749194749951,5,70.0,146.0,76.0,1.9210526315789476,57.0,0.2,14.0,19.0,3,rolling,losing_streak_fitness,1_day,rep_2
test,2,22406,53560,53560,86986,34,12,1376,6.0,4,30,2,-1000.0,2,127.0,146.0,19.0,7.684210526315789,19.0,0.5,63.5,19.0,1,rolling,losing_streak_fitness,1_day,rep_2
train,2,22406,53560,53560,86986,35,12,1645,6.5,5,30,2,52.1749194749951,5,70.0,146.0,76.0,1.9210526315789476,57.0,0.2,14.0,19.0,3,rolling,losing_streak_fitness,1_day,rep_2
test,2,22406,53560,53560,86986,35,12,1645,6.5,5,30,2,-1000.0,2,127.0,146.0,19.0,7.684210526315789,19.0,0.5,63.5,19.0,1,rolling,losing_streak_fitness,1_day,rep_2
train,2,22406,53560,53560,86986,36,12,1557,7.0,2,30,2,52.1749194749951,5,70.0,146.0,76.0,1.9210526315789476,57.0,0.2,14.0,19.0,3,rolling,losing_streak_fitness,1_day,rep_2
test,2,22406,53560,53560,86986,36,12,1557,7.0,2,30,2,-1000.0,2,127.0,146.0,19.0,7.684210526315789,19.0,0.5,63.5,19.0,1,rolling,losing_streak_fitness,1_day,rep_2
train,2,22406,53560,53560,86986,37,12,1388,6.0,2,30,2,52.1749194749951,5,70.0,146.0,76.0,1.9210526315789476,57.0,0.2,14.0,19.0,3,rolling,losing_streak_fitness,1_day,rep_2
test,2,22406,53560,53560,86986,37,12,1388,6.0,2,30,2,-1000.0,2,127.0,146.0,19.0,7.684210526315789,19.0,0.5,63.5,19.0,1,rolling,losing_streak_fitness,1_day,rep_2
train,2,22406,53560,53560,86986,38,12,1466,6.25,2,30,2,52.1749194749951,5,70.0,146.0,76.0,1.9210526315789476,57.0,0.2,14.0,19.0,3,rolling,losing_streak_fitness,1_day,rep_2
test,2,22406,53560,53560,86986,38,12,1466,6.25,2,30,2,-1000.0,2,127.0,146.0,19.0,7.684210526315789,19.0,0.5,63.5,19.0,1,rolling,losing_streak_fitness,1_day,rep_2
train,2,22406,53560,53560,86986,39,12,1198,7.5,2,30,2,52.1749194749951,5,70.0,146.0,76.0,1.9210526315789476,57.0,0.2,14.0,19.0,3,rolling,losing_streak_fitness,1_day,rep_2
test,2,22406,53560,53560,86986,39,12,1198,7.5,2,30,2,-1000.0,2,127.0,146.0,19.0,7.684210526315789,19.0,0.5,63.5,19.0,1,rolling,losing_streak_fitness,1_day,rep_2
train,2,22406,53560,53560,86986,40,12,1484,7.75,2,30,2,52.1749194749951,5,70.0,146.0,76.0,1.9210526315789476,57.0,0.2,14.0,19.0,3,rolling,losing_streak_fitness,1_day,rep_2
test,2,22406,53560,53560,86986,40,12,1484,7.75,2,30,2,-1000.0,2,127.0,146.0,19.0,7.684210526315789,19.0,0.5,63.5,19.0,1,rolling,losing_streak_fitness,1_day,rep_2
train,2,22406,53560,53560,86986,41,12,1496,6.0,4,30,2,52.1749194749951,5,70.0,146.0,76.0,1.9210526315789476,57.0,0.2,14.0,19.0,3,rolling,losing_streak_fitness,1_day,rep_2
test,2,22406,53560,53560,86986,41,12,1496,6.0,4,30,2,-1000.0,2,127.0,146.0,19.0,7.684210526315789,19.0,0.5,63.5,19.0,1,rolling,losing_streak_fitness,1_day,rep_2
train,2,22406,53560,53560,86986,42,12,1557,6.0,2,30,2,52.1749194749951,5,70.0,146.0,76.0,1.9210526315789476,57.0,0.2,14.0,19.0,3,rolling,losing_streak_fitness,1_day,rep_2
test,2,22406,53560,53560,86986,42,12,1557,6.0,2,30,2,-1000.0,2,127.0,146.0,19.0,7.684210526315789,19.0,0.5,63.5,19.0,1,rolling,losing_streak_fitness,1_day,rep_2
train,2,22406,53560,53560,86986,43,12,1552,7.5,2,30,2,52.1749194749951,5,70.0,146.0,76.0,1.9210526315789476,57.0,0.2,14.0,19.0,3,rolling,losing_streak_fitness,1_day,rep_2
test,2,22406,53560,53560,86986,43,12,1552,7.5,2,30,2,-1000.0,2,127.0,146.0,19.0,7.684210526315789,19.0,0.5,63.5,19.0,1,rolling,losing_streak_fitness,1_day,rep_2
train,2,22406,53560,53560,86986,44,12,1421,7.0,6,30,2,52.1749194749951,5,70.0,146.0,76.0,1.9210526315789476,57.0,0.2,14.0,19.0,3,rolling,losing_streak_fitness,1_day,rep_2
test,2,22406,53560,53560,86986,44,12,1421,7.0,6,30,2,-1000.0,2,127.0,146.0,19.0,7.684210526315789,19.0,0.5,63.5,19.0,1,rolling,losing_streak_fitness,1_day,rep_2
train,2,22406,53560,53560,86986,45,12,1510,6.25,3,30,2,52.1749194749951,5,70.0,146.0,76.0,1.9210526315789476,57.0,0.2,14.0,19.0,3,rolling,losing_streak_fitness,1_day,rep_2
test,2,22406,53560,53560,86986,45,12,1510,6.25,3,30,2,-1000.0,2,127.0,146.0,19.0,7.684210526315789,19.0,0.5,63.5,19.0,1,rolling,losing_streak_fitness,1_day,rep_2
train,2,22406,53560,53560,86986,46,12,1496,6.0,2,30,2,52.1749194749951,5,70.0,146.0,76.0,1.9210526315789476,57.0,0.2,14.0,19.0,3,rolling,losing_streak_fitness,1_day,rep_2
test,2,22406,53560,53560,86986,46,12,1496,6.0,2,30,2,-1000.0,2,127.0,146.0,19.0,7.684210526315789,19.0,0.5,63.5,19.0,1,rolling,losing_streak_fitness,1_day,rep_2
train,2,22406,53560,53560,86986,47,12,1557,6.0,4,30,2,52.1749194749951,5,70.0,146.0,76.0,1.9210526315789476,57.0,0.2,14.0,19.0,3,rolling,losing_streak_fitness,1_day,rep_2
test,2,22406,53560,53560,86986,47,12,1557,6.0,4,30,2,-1000.0,2,127.0,146.0,19.0,7.684210526315789,19.0,0.5,63.5,19.0,1,rolling,losing_streak_fitness,1_day,rep_2
train,2,22406,53560,53560,86986,48,12,1557,7.25,4,30,2,52.1749194749951,5,70.0,146.0,76.0,1.9210526315789476,57.0,0.2,14.0,19.0,3,rolling,losing_streak_fitness,1_day,rep_2
test,2,22406,53560,53560,86986,48,12,1557,7.25,4,30,2,-1000.0,2,127.0,146.0,19.0,7.684210526315789,19.0,0.5,63.5,19.0,1,rolling,losing_streak_fitness,1_day,rep_2
train,2,22406,53560,53560,86986,49,12,1557,7.75,4,30,2,52.1749194749951,5,70.0,146.0,76.0,1.9210526315789476,57.0,0.2,14.0,19.0,3,rolling,losing_streak_fitness,1_day,rep_2
test,2,22406,53560,53560,86986,49,12,1557,7.75,4,30,2,-1000.0,2,127.0,146.0,19.0,7.684210526315789,19.0,0.5,63.5,19.0,1,rolling,losing_streak_fitness,1_day,rep_2
train,2,22406,53560,53560,86986,50,12,1471,6.0,2,30,2,52.1749194749951,5,70.0,146.0,76.0,1.9210526315789476,57.0,0.2,14.0,19.0,3,rolling,losing_streak_fitness,1_day,rep_2
test,2,22406,53560,53560,86986,50,12,1471,6.0,2,30,2,-1000.0,2,127.0,146.0,19.0,7.684210526315789,19.0,0.5,63.5,19.0,1,rolling,losing_streak_fitness,1_day,rep_2
train,2,22406,53560,53560,86986,51,12,1665,6.0,3,30,2,52.1749194749951,5,70.0,146.0,76.0,1.9210526315789476,57.0,0.2,14.0,19.0,3,rolling,losing_streak_fitness,1_day,rep_2
test,2,22406,53560,53560,86986,51,12,1665,6.0,3,30,2,-1000.0,2,127.0,146.0,19.0,7.684210526315789,19.0,0.5,63.5,19.0,1,rolling,losing_streak_fitness,1_day,rep_2
train,2,22406,53560,53560,86986,52,12,1552,7.5,2,30,2,52.1749194749951,5,70.0,146.0,76.0,1.9210526315789476,57.0,0.2,14.0,19.0,3,rolling,losing_streak_fitness,1_day,rep_2
test,2,22406,53560,53560,86986,52,12,1552,7.5,2,30,2,-1000.0,2,127.0,146.0,19.0,7.684210526315789,19.0,0.5,63.5,19.0,1,rolling,losing_streak_fitness,1_day,rep_2
train,2,22406,53560,53560,86986,53,12,1449,7.5,4,30,2,52.1749194749951,5,70.0,146.0,76.0,1.9210526315789476,57.0,0.2,14.0,19.0,3,rolling,losing_streak_fitness,1_day,rep_2
test,2,22406,53560,53560,86986,53,12,1449,7.5,4,30,2,-1000.0,2,127.0,146.0,19.0,7.684210526315789,19.0,0.5,63.5,19.0,1,rolling,losing_streak_fitness,1_day,rep_2
train,2,22406,53560,53560,86986,54,12,1665,7.0,4,30,2,52.1749194749951,5,70.0,146.0,76.0,1.9210526315789476,57.0,0.2,14.0,19.0,3,rolling,losing_streak_fitness,1_day,rep_2
test,2,22406,53560,53560,86986,54,12,1665,7.0,4,30,2,-1000.0,2,127.0,146.0,19.0,7.684210526315789,19.0,0.5,63.5,19.0,1,rolling,losing_streak_fitness,1_day,rep_2
train,2,22406,53560,53560,86986,55,12,1552,7.5,4,30,2,52.1749194749951,5,70.0,146.0,76.0,1.9210526315789476,57.0,0.2,14.0,19.0,3,rolling,losing_streak_fitness,1_day,rep_2
test,2,22406,53560,53560,86986,55,12,1552,7.5,4,30,2,-1000.0,2,127.0,146.0,19.0,7.684210526315789,19.0,0.5,63.5,19.0,1,rolling,losing_streak_fitness,1_day,rep_2
train,2,22406,53560,53560,86986,56,12,1198,7.0,2,30,2,52.1749194749951,5,70.0,146.0,76.0,1.9210526315789476,57.0,0.2,14.0,19.0,3,rolling,losing_streak_fitness,1_day,rep_2
test,2,22406,53560,53560,86986,56,12,1198,7.0,2,30,2,-1000.0,2,127.0,146.0,19.0,7.684210526315789,19.0,0.5,63.5,19.0,1,rolling,losing_streak_fitness,1_day,rep_2
train,2,22406,53560,53560,86986,57,12,1496,7.75,3,30,2,52.1749194749951,5,70.0,146.0,76.0,1.9210526315789476,57.0,0.2,14.0,19.0,3,rolling,losing_streak_fitness,1_day,rep_2
test,2,22406,53560,53560,86986,57,12,1496,7.75,3,30,2,-1000.0,2,127.0,146.0,19.0,7.684210526315789,19.0,0.5,63.5,19.0,1,rolling,losing_streak_fitness,1_day,rep_2
train,2,22406,53560,53560,86986,58,12,1449,6.75,2,30,2,52.1749194749951,5,70.0,146.0,76.0,1.9210526315789476,57.0,0.2,14.0,19.0,3,rolling,losing_streak_fitness,1_day,rep_2
test,2,22406,53560,53560,86986,58,12,1449,6.75,2,30,2,-1000.0,2,127.0,146.0,19.0,7.684210526315789,19.0,0.5,63.5,19.0,1,rolling,losing_streak_fitness,1_day,rep_2
train,2,22406,53560,53560,86986,59,12,1224,7.25,2,30,2,52.1749194749951,5,70.0,146.0,76.0,1.9210526315789476,57.0,0.2,14.0,19.0,3,rolling,losing_streak_fitness,1_day,rep_2
test,2,22406,53560,53560,86986,59,12,1224,7.25,2,30,2,-1000.0,2,127.0,146.0,19.0,7.684210526315789,19.0,0.5,63.5,19.0,1,rolling,losing_streak_fitness,1_day,rep_2
train,2,22406,53560,53560,86986,60,12,1496,7.0,3,30,2,52.1749194749951,5,70.0,146.0,76.0,1.9210526315789476,57.0,0.2,14.0,19.0,3,rolling,losing_streak_fitness,1_day,rep_2
test,2,22406,53560,53560,86986,60,12,1496,7.0,3,30,2,-1000.0,2,127.0,146.0,19.0,7.684210526315789,19.0,0.5,63.5,19.0,1,rolling,losing_streak_fitness,1_day,rep_2
train,2,22406,53560,53560,86986,61,12,1570,7.75,2,30,2,52.1749194749951,5,70.0,146.0,76.0,1.9210526315789476,57.0,0.2,14.0,19.0,3,rolling,losing_streak_fitness,1_day,rep_2
test,2,22406,53560,53560,86986,61,12,1570,7.75,2,30,2,-1000.0,2,127.0,146.0,19.0,7.684210526315789,19.0,0.5,63.5,19.0,1,rolling,losing_streak_fitness,1_day,rep_2
train,2,22406,53560,53560,86986,62,12,1603,7.25,4,30,2,52.1749194749951,5,70.0,146.0,76.0,1.9210526315789476,57.0,0.2,14.0,19.0,3,rolling,losing_streak_fitness,1_day,rep_2
test,2,22406,53560,53560,86986,62,12,1603,7.25,4,30,2,-1000.0,2,127.0,146.0,19.0,7.684210526315789,19.0,0.5,63.5,19.0,1,rolling,losing_streak_fitness,1_day,rep_2
train,2,22406,53560,53560,86986,63,12,1449,6.25,4,30,2,52.1749194749951,5,70.0,146.0,76.0,1.9210526315789476,57.0,0.2,14.0,19.0,3,rolling,losing_streak_fitness,1_day,rep_2
test,2,22406,53560,53560,86986,63,12,1449,6.25,4,30,2,-1000.0,2,127.0,146.0,19.0,7.684210526315789,19.0,0.5,63.5,19.0,1,rolling,losing_streak_fitness,1_day,rep_2
train,2,22406,53560,53560,86986,64,12,1603,7.0,3,30,2,52.1749194749951,5,70.0,146.0,76.0,1.9210526315789476,57.0,0.2,14.0,19.0,3,rolling,losing_streak_fitness,1_day,rep_2
test,2,22406,53560,53560,86986,64,12,1603,7.0,3,30,2,-1000.0,2,127.0,146.0,19.0,7.684210526315789,19.0,0.5,63.5,19.0,1,rolling,losing_streak_fitness,1_day,rep_2
train,2,22406,53560,53560,86986,65,12,1449,7.25,3,30,2,52.1749194749951,5,70.0,146.0,76.0,1.9210526315789476,57.0,0.2,14.0,19.0,3,rolling,losing_streak_fitness,1_day,rep_2
test,2,22406,53560,53560,86986,65,12,1449,7.25,3,30,2,-1000.0,2,127.0,146.0,19.0,7.684210526315789,19.0,0.5,63.5,19.0,1,rolling,losing_streak_fitness,1_day,rep_2
train,2,22406,53560,53560,86986,66,12,1496,6.25,4,30,2,52.1749194749951,5,70.0,146.0,76.0,1.9210526315789476,57.0,0.2,14.0,19.0,3,rolling,losing_streak_fitness,1_day,rep_2
test,2,22406,53560,53560,86986,66,12,1496,6.25,4,30,2,-1000.0,2,127.0,146.0,19.0,7.684210526315789,19.0,0.5,63.5,19.0,1,rolling,losing_streak_fitness,1_day,rep_2
train,2,22406,53560,53560,86986,67,12,1449,6.25,3,30,2,52.1749194749951,5,70.0,146.0,76.0,1.9210526315789476,57.0,0.2,14.0,19.0,3,rolling,losing_streak_fitness,1_day,rep_2
test,2,22406,53560,53560,86986,67,12,1449,6.25,3,30,2,-1000.0,2,127.0,146.0,19.0,7.684210526315789,19.0,0.5,63.5,19.0,1,rolling,losing_streak_fitness,1_day,rep_2
train,2,22406,53560,53560,86986,68,12,1449,7.25,4,30,2,52.1749194749951,5,70.0,146.0,76.0,1.9210526315789476,57.0,0.2,14.0,19.0,3,rolling,losing_streak_fitness,1_day,rep_2
test,2,22406,53560,53560,86986,68,12,1449,7.25,4,30,2,-1000.0,2,127.0,146.0,19.0,7.684210526315789,19.0,0.5,63.5,19.0,1,rolling,losing_streak_fitness,1_day,rep_2
train,2,22406,53560,53560,86986,69,12,1449,6.75,2,30,2,52.1749194749951,5,70.0,146.0,76.0,1.9210526315789476,57.0,0.2,14.0,19.0,3,rolling,losing_streak_fitness,1_day,rep_2
test,2,22406,53560,53560,86986,69,12,1449,6.75,2,30,2,-1000.0,2,127.0,146.0,19.0,7.684210526315789,19.0,0.5,63.5,19.0,1,rolling,losing_streak_fitness,1_day,rep_2
train,2,22406,53560,53560,86986,70,12,1538,6.25,5,30,2,52.1749194749951,5,70.0,146.0,76.0,1.9210526315789476,57.0,0.2,14.0,19.0,3,rolling,losing_streak_fitness,1_day,rep_2
test,2,22406,53560,53560,86986,70,12,1538,6.25,5,30,2,-1000.0,2,127.0,146.0,19.0,7.684210526315789,19.0,0.5,63.5,19.0,1,rolling,losing_streak_fitness,1_day,rep_2
train,2,22406,53560,53560,86986,71,12,1650,7.25,4,30,2,52.1749194749951,5,70.0,146.0,76.0,1.9210526315789476,57.0,0.2,14.0,19.0,3,rolling,losing_streak_fitness,1_day,rep_2
test,2,22406,53560,53560,86986,71,12,1650,7.25,4,30,2,-1000.0,2,127.0,146.0,19.0,7.684210526315789,19.0,0.5,63.5,19.0,1,rolling,losing_streak_fitness,1_day,rep_2
train,2,22406,53560,53560,86986,72,12,1449,7.0,3,30,2,52.1749194749951,5,70.0,146.0,76.0,1.9210526315789476,57.0,0.2,14.0,19.0,3,rolling,losing_streak_fitness,1_day,rep_2
test,2,22406,53560,53560,86986,72,12,1449,7.0,3,30,2,-1000.0,2,127.0,146.0,19.0,7.684210526315789,19.0,0.5,63.5,19.0,1,rolling,losing_streak_fitness,1_day,rep_2
train,2,22406,53560,53560,86986,73,12,1449,6.0,3,30,2,52.1749194749951,5,70.0,146.0,76.0,1.9210526315789476,57.0,0.2,14.0,19.0,3,rolling,losing_streak_fitness,1_day,rep_2
test,2,22406,53560,53560,86986,73,12,1449,6.0,3,30,2,-1000.0,2,127.0,146.0,19.0,7.684210526315789,19.0,0.5,63.5,19.0,1,rolling,losing_streak_fitness,1_day,rep_2
train,2,22406,53560,53560,86986,74,12,1449,7.5,4,30,2,52.1749194749951,5,70.0,146.0,76.0,1.9210526315789476,57.0,0.2,14.0,19.0,3,rolling,losing_streak_fitness,1_day,rep_2
test,2,22406,53560,53560,86986,74,12,1449,7.5,4,30,2,-1000.0,2,127.0,146.0,19.0,7.684210526315789,19.0,0.5,63.5,19.0,1,rolling,losing_streak_fitness,1_day,rep_2
train,2,22406,53560,53560,86986,75,12,1449,7.5,4,30,2,52.1749194749951,5,70.0,146.0,76.0,1.9210526315789476,57.0,0.2,14.0,19.0,3,rolling,losing_streak_fitness,1_day,rep_2
test,2,22406,53560,53560,86986,75,12,1449,7.5,4,30,2,-1000.0,2,127.0,146.0,19.0,7.684210526315789,19.0,0.5,63.5,19.0,1,rolling,losing_streak_fitness,1_day,rep_2
train,2,22406,53560,53560,86986,76,12,1449,7.25,2,30,2,52.1749194749951,5,70.0,146.0,76.0,1.9210526315789476,57.0,0.2,14.0,19.0,3,rolling,losing_streak_fitness,1_day,rep_2
test,2,22406,53560,53560,86986,76,12,1449,7.25,2,30,2,-1000.0,2,127.0,146.0,19.0,7.684210526315789,19.0,0.5,63.5,19.0,1,rolling,losing_streak_fitness,1_day,rep_2
train,2,22406,53560,53560,86986,77,12,1445,6.25,4,30,2,52.1749194749951,5,70.0,146.0,76.0,1.9210526315789476,57.0,0.2,14.0,19.0,3,rolling,losing_streak_fitness,1_day,rep_2
test,2,22406,53560,53560,86986,77,12,1445,6.25,4,30,2,-1000.0,2,127.0,146.0,19.0,7.684210526315789,19.0,0.5,63.5,19.0,1,rolling,losing_streak_fitness,1_day,rep_2
train,2,22406,53560,53560,86986,78,12,1449,6.25,4,30,2,52.1749194749951,5,70.0,146.0,76.0,1.9210526315789476,57.0,0.2,14.0,19.0,3,rolling,losing_streak_fitness,1_day,rep_2
test,2,22406,53560,53560,86986,78,12,1449,6.25,4,30,2,-1000.0,2,127.0,146.0,19.0,7.684210526315789,19.0,0.5,63.5,19.0,1,rolling,losing_streak_fitness,1_day,rep_2
train,2,22406,53560,53560,86986,79,12,1334,7.25,3,30,2,52.1749194749951,5,70.0,146.0,76.0,1.9210526315789476,57.0,0.2,14.0,19.0,3,rolling,losing_streak_fitness,1_day,rep_2
test,2,22406,53560,53560,86986,79,12,1334,7.25,3,30,2,-1000.0,2,127.0,146.0,19.0,7.684210526315789,19.0,0.5,63.5,19.0,1,rolling,losing_streak_fitness,1_day,rep_2
train,2,22406,53560,53560,86986,80,12,1496,6.75,4,30,2,52.1749194749951,5,70.0,146.0,76.0,1.9210526315789476,57.0,0.2,14.0,19.0,3,rolling,losing_streak_fitness,1_day,rep_2
test,2,22406,53560,53560,86986,80,12,1496,6.75,4,30,2,-1000.0,2,127.0,146.0,19.0,7.684210526315789,19.0,0.5,63.5,19.0,1,rolling,losing_streak_fitness,1_day,rep_2
train,2,22406,53560,53560,86986,81,12,1449,6.25,3,30,2,52.1749194749951,5,70.0,146.0,76.0,1.9210526315789476,57.0,0.2,14.0,19.0,3,rolling,losing_streak_fitness,1_day,rep_2
test,2,22406,53560,53560,86986,81,12,1449,6.25,3,30,2,-1000.0,2,127.0,146.0,19.0,7.684210526315789,19.0,0.5,63.5,19.0,1,rolling,losing_streak_fitness,1_day,rep_2
train,2,22406,53560,53560,86986,82,12,1362,6.25,4,30,2,52.1749194749951,5,70.0,146.0,76.0,1.9210526315789476,57.0,0.2,14.0,19.0,3,rolling,losing_streak_fitness,1_day,rep_2
test,2,22406,53560,53560,86986,82,12,1362,6.25,4,30,2,-1000.0,2,127.0,146.0,19.0,7.684210526315789,19.0,0.5,63.5,19.0,1,rolling,losing_streak_fitness,1_day,rep_2
train,2,22406,53560,53560,86986,83,12,1449,6.25,4,30,2,52.1749194749951,5,70.0,146.0,76.0,1.9210526315789476,57.0,0.2,14.0,19.0,3,rolling,losing_streak_fitness,1_day,rep_2
test,2,22406,53560,53560,86986,83,12,1449,6.25,4,30,2,-1000.0,2,127.0,146.0,19.0,7.684210526315789,19.0,0.5,63.5,19.0,1,rolling,losing_streak_fitness,1_day,rep_2
train,2,22406,53560,53560,86986,84,12,1362,7.25,2,30,2,52.1749194749951,5,70.0,146.0,76.0,1.9210526315789476,57.0,0.2,14.0,19.0,3,rolling,losing_streak_fitness,1_day,rep_2
test,2,22406,53560,53560,86986,84,12,1362,7.25,2,30,2,-1000.0,2,127.0,146.0,19.0,7.684210526315789,19.0,0.5,63.5,19.0,1,rolling,losing_streak_fitness,1_day,rep_2
train,2,22406,53560,53560,86986,85,12,1449,7.25,3,30,2,52.1749194749951,5,70.0,146.0,76.0,1.9210526315789476,57.0,0.2,14.0,19.0,3,rolling,losing_streak_fitness,1_day,rep_2
test,2,22406,53560,53560,86986,85,12,1449,7.25,3,30,2,-1000.0,2,127.0,146.0,19.0,7.684210526315789,19.0,0.5,63.5,19.0,1,rolling,losing_streak_fitness,1_day,rep_2
train,2,22406,53560,53560,86986,86,12,1420,6.25,3,30,2,52.1749194749951,5,70.0,146.0,76.0,1.9210526315789476,57.0,0.2,14.0,19.0,3,rolling,losing_streak_fitness,1_day,rep_2
test,2,22406,53560,53560,86986,86,12,1420,6.25,3,30,2,-1000.0,2,127.0,146.0,19.0,7.684210526315789,19.0,0.5,63.5,19.0,1,rolling,losing_streak_fitness,1_day,rep_2
train,2,22406,53560,53560,86986,87,12,1449,6.25,3,30,2,52.1749194749951,5,70.0,146.0,76.0,1.9210526315789476,57.0,0.2,14.0,19.0,3,rolling,losing_streak_fitness,1_day,rep_2
test,2,22406,53560,53560,86986,87,12,1449,6.25,3,30,2,-1000.0,2,127.0,146.0,19.0,7.684210526315789,19.0,0.5,63.5,19.0,1,rolling,losing_streak_fitness,1_day,rep_2
train,2,22406,53560,53560,86986,88,12,1449,6.5,3,30,2,52.1749194749951,5,70.0,146.0,76.0,1.9210526315789476,57.0,0.2,14.0,19.0,3,rolling,losing_streak_fitness,1_day,rep_2
test,2,22406,53560,53560,86986,88,12,1449,6.5,3,30,2,-1000.0,2,127.0,146.0,19.0,7.684210526315789,19.0,0.5,63.5,19.0,1,rolling,losing_streak_fitness,1_day,rep_2
train,2,22406,53560,53560,86986,89,12,1391,7.0,4,30,2,52.1749194749951,5,70.0,146.0,76.0,1.9210526315789476,57.0,0.2,14.0,19.0,3,rolling,losing_streak_fitness,1_day,rep_2
test,2,22406,53560,53560,86986,89,12,1391,7.0,4,30,2,-1000.0,2,127.0,146.0,19.0,7.684210526315789,19.0,0.5,63.5,19.0,1,rolling,losing_streak_fitness,1_day,rep_2
train,2,22406,53560,53560,86986,90,12,1449,6.5,2,30,2,52.1749194749951,5,70.0,146.0,76.0,1.9210526315789476,57.0,0.2,14.0,19.0,3,rolling,losing_streak_fitness,1_day,rep_2
test,2,22406,53560,53560,86986,90,12,1449,6.5,2,30,2,-1000.0,2,127.0,146.0,19.0,7.684210526315789,19.0,0.5,63.5,19.0,1,rolling,losing_streak_fitness,1_day,rep_2
train,2,22406,53560,53560,86986,91,12,1449,6.25,3,30,2,52.1749194749951,5,70.0,146.0,76.0,1.9210526315789476,57.0,0.2,14.0,19.0,3,rolling,losing_streak_fitness,1_day,rep_2
test,2,22406,53560,53560,86986,91,12,1449,6.25,3,30,2,-1000.0,2,127.0,146.0,19.0,7.684210526315789,19.0,0.5,63.5,19.0,1,rolling,losing_streak_fitness,1_day,rep_2
train,2,22406,53560,53560,86986,92,12,1449,6.5,4,30,2,52.1749194749951,5,70.0,146.0,76.0,1.9210526315789476,57.0,0.2,14.0,19.0,3,rolling,losing_streak_fitness,1_day,rep_2
test,2,22406,53560,53560,86986,92,12,1449,6.5,4,30,2,-1000.0,2,127.0,146.0,19.0,7.684210526315789,19.0,0.5,63.5,19.0,1,rolling,losing_streak_fitness,1_day,rep_2
train,2,22406,53560,53560,86986,93,12,1334,6.0,3,30,2,52.1749194749951,5,70.0,146.0,76.0,1.9210526315789476,57.0,0.2,14.0,19.0,3,rolling,losing_streak_fitness,1_day,rep_2
test,2,22406,53560,53560,86986,93,12,1334,6.0,3,30,2,-1000.0,2,127.0,146.0,19.0,7.684210526315789,19.0,0.5,63.5,19.0,1,rolling,losing_streak_fitness,1_day,rep_2
train,2,22406,53560,53560,86986,94,12,1449,6.5,2,30,2,52.1749194749951,5,70.0,146.0,76.0,1.9210526315789476,57.0,0.2,14.0,19.0,3,rolling,losing_streak_fitness,1_day,rep_2
test,2,22406,53560,53560,86986,94,12,1449,6.5,2,30,2,-1000.0,2,127.0,146.0,19.0,7.684210526315789,19.0,0.5,63.5,19.0,1,rolling,losing_streak_fitness,1_day,rep_2
train,2,22406,53560,53560,86986,95,12,1376,7.0,4,30,2,52.1749194749951,5,70.0,146.0,76.0,1.9210526315789476,57.0,0.2,14.0,19.0,3,rolling,losing_streak_fitness,1_day,rep_2
test,2,22406,53560,53560,86986,95,12,1376,7.0,4,30,2,-1000.0,2,127.0,146.0,19.0,7.684210526315789,19.0,0.5,63.5,19.0,1,rolling,losing_streak_fitness,1_day,rep_2
train,2,22406,53560,53560,86986,96,12,1376,6.0,3,30,2,52.1749194749951,5,70.0,146.0,76.0,1.9210526315789476,57.0,0.2,14.0,19.0,3,rolling,losing_streak_fitness,1_day,rep_2
test,2,22406,53560,53560,86986,96,12,1376,6.0,3,30,2,-1000.0,2,127.0,146.0,19.0,7.684210526315789,19.0,0.5,63.5,19.0,1,rolling,losing_streak_fitness,1_day,rep_2
train,2,22406,53560,53560,86986,97,12,1376,6.5,3,30,2,52.1749194749951,5,70.0,146.0,76.0,1.9210526315789476,57.0,0.2,14.0,19.0,3,rolling,losing_streak_fitness,1_day,rep_2
test,2,22406,53560,53560,86986,97,12,1376,6.5,3,30,2,-1000.0,2,127.0,146.0,19.0,7.684210526315789,19.0,0.5,63.5,19.0,1,rolling,losing_streak_fitness,1_day,rep_2
train,2,22406,53560,53560,86986,98,12,1334,6.0,3,30,2,52.1749194749951,5,70.0,146.0,76.0,1.9210526315789476,57.0,0.2,14.0,19.0,3,rolling,losing_streak_fitness,1_day,rep_2
test,2,22406,53560,53560,86986,98,12,1334,6.0,3,30,2,-1000.0,2,127.0,146.0,19.0,7.684210526315789,19.0,0.5,63.5,19.0,1,rolling,losing_streak_fitness,1_day,rep_2
train,2,22406,53560,53560,86986,99,12,1334,6.0,3,30,2,52.1749194749951,5,70.0,146.0,76.0,1.9210526315789476,57.0,0.2,14.0,19.0,3,rolling,losing_streak_fitness,1_day,rep_2
test,2,22406,53560,53560,86986,99,12,1334,6.0,3,30,2,-1000.0,2,127.0,146.0,19.0,7.684210526315789,19.0,0.5,63.5,19.0,1,rolling,losing_streak_fitness,1_day,rep_2
train,2,22406,53560,53560,86986,100,12,1391,6.25,3,30,2,52.1749194749951,5,70.0,146.0,76.0,1.9210526315789476,57.0,0.2,14.0,19.0,3,rolling,losing_streak_fitness,1_day,rep_2
test,2,22406,53560,53560,86986,100,12,1391,6.25,3,30,2,-1000.0,2,127.0,146.0,19.0,7.684210526315789,19.0,0.5,63.5,19.0,1,rolling,losing_streak_fitness,1_day,rep_2
train,3,53560,86986,86986,125287,0,12,2716,7.0,5,2,18,88.18163074019441,6,36.0,36.0,0.0,inf,0.0,1.0,6.0,0.0,0,rolling,losing_streak_fitness,1_day,rep_2
test,3,53560,86986,86986,125287,0,12,2716,7.0,5,2,18,-1150.0,25,-690.0,102.0,792.0,0.1287878787878787,726.0,0.68,-27.6,99.0,3,rolling,losing_streak_fitness,1_day,rep_2
train,3,53560,86986,86986,125287,1,12,2680,3.25,8,9,10,234.78713763747797,5,105.0,164.0,59.0,2.7796610169491527,59.0,0.8,21.0,59.0,1,rolling,losing_streak_fitness,1_day,rep_2
test,3,53560,86986,86986,125287,1,12,2680,3.25,8,9,10,-30.51229260478472,19,-21.0,451.0,472.0,0.9555084745762712,272.0,0.5789473684210527,-1.105263157894737,59.0,3,rolling,losing_streak_fitness,1_day,rep_2
train,3,53560,86986,86986,125287,2,11,536,8.5,3,13,7,106.21322893124,5,95.0,183.0,88.0,2.0795454545454546,88.0,0.6,19.0,44.0,2,rolling,losing_streak_fitness,1_day,rep_2
test,3,53560,86986,86986,125287,2,11,536,8.5,3,13,7,-141.59813293260612,18,-267.0,305.0,572.0,0.5332167832167832,352.0,0.2777777777777778,-14.833333333333334,44.0,8,rolling,losing_streak_fitness,1_day,rep_2
train,3,53560,86986,86986,125287,3,11,251,4.75,3,9,10,234.78713763747797,5,105.0,164.0,59.0,2.7796610169491527,59.0,0.8,21.0,59.0,1,rolling,losing_streak_fitness,1_day,rep_2
test,3,53560,86986,86986,125287,3,11,251,4.75,3,9,10,-275.95006341727844,15,-285.0,246.0,531.0,0.4632768361581921,285.0,0.4,-19.0,59.0,4,rolling,losing_streak_fitness,1_day,rep_2
train,3,53560,86986,86986,125287,4,12,590,4.0,1,9,4,301.8691769624716,5,135.0,164.0,29.0,5.655172413793103,29.0,0.8,27.0,29.0,1,rolling,losing_streak_fitness,1_day,rep_2
test,3,53560,86986,86986,125287,4,12,590,4.0,1,9,4,71.00469468046931,15,55.0,287.0,232.0,1.237068965517241,133.0,0.4666666666666667,3.6666666666666665,29.0,3,rolling,losing_streak_fitness,1_day,rep_2
train,3,53560,86986,86986,125287,5,12,503,4.0,5,9,4,301.8691769624716,5,135.0,164.0,29.0,5.655172413793103,29.0,0.8,27.0,29.0,1,rolling,losing_streak_fitness,1_day,rep_2
test,3,53560,86986,86986,125287,5,12,503,4.0,5,9,4,71.00469468046931,15,55.0,287.0,232.0,1.237068965517241,133.0,0.4666666666666667,3.6666666666666665,29.0,3,rolling,losing_streak_fitness,1_day,rep_2
train,3,53560,86986,86986,125287,6,12,1878,4.0,5,9,4,301.8691769624716,5,135.0,164.0,29.0,5.655172413793103,29.0,0.8,27.0,29.0,1,rolling,losing_streak_fitness,1_day,rep_2
test,3,53560,86986,86986,125287,6,12,1878,4.0,5,9,4,283.23527714997334,20,190.0,451.0,261.0,1.7279693486590038,133.0,0.55,9.5,29.0,3,rolling,losing_streak_fitness,1_day,rep_2
train,3,53560,86986,86986,125287,7,12,1878,5.25,7,9,4,301.8691769624716,5,135.0,164.0,29.0,5.655172413793103,29.0,0.8,27.0,29.0,1,rolling,losing_streak_fitness,1_day,rep_2
test,3,53560,86986,86986,125287,7,12,1878,5.25,7,9,4,112.9730941419239,17,137.0,369.0,232.0,1.5905172413793105,145.0,0.5294117647058824,8.058823529411764,29.0,5,rolling,losing_streak_fitness,1_day,rep_2
train,3,53560,86986,86986,125287,8,12,1878,5.0,6,9,3,313.0495168499706,5,140.0,164.0,24.0,6.833333333333333,24.0,0.8,28.0,24.0,1,rolling,losing_streak_fitness,1_day,rep_2
test,3,53560,86986,86986,125287,8,12,1878,5.0,6,9,3,184.97913395840084,18,218.0,410.0,192.0,2.1354166666666665,120.0,0.5555555555555556,12.11111111111111,24.0,5,rolling,losing_streak_fitness,1_day,rep_2
train,3,53560,86986,86986,125287,9,12,536,5.0,6,9,3,313.0495168499706,5,140.0,164.0,24.0,6.833333333333333,24.0,0.8,28.0,24.0,1,rolling,losing_streak_fitness,1_day,rep_2
test,3,53560,86986,86986,125287,9,12,536,5.0,6,9,3,56.24659989723823,13,78.0,246.0,168.0,1.4642857142857142,120.0,0.4615384615384615,6.0,24.0,5,rolling,losing_streak_fitness,1_day,rep_2
train,3,53560,86986,86986,125287,10,12,246,5.0,2,9,3,313.0495168499706,5,140.0,164.0,24.0,6.833333333333333,24.0,0.8,28.0,24.0,1,rolling,losing_streak_fitness,1_day,rep_2
test,3,53560,86986,86986,125287,10,12,246,5.0,2,9,3,64.11101482758032,8,68.0,164.0,96.0,1.7083333333333333,72.0,0.5,8.5,24.0,3,rolling,losing_streak_fitness,1_day,rep_2
train,3,53560,86986,86986,125287,11,12,414,5.25,2,9,2,324.2298567374695,5,145.0,164.0,19.0,8.631578947368421,19.0,0.8,29.0,19.0,1,rolling,losing_streak_fitness,1_day,rep_2
test,3,53560,86986,86986,125287,11,12,414,5.25,2,9,2,166.93678111455512,11,151.0,246.0,95.0,2.5894736842105264,57.0,0.5454545454545454,13.727272727272728,19.0,3,rolling,losing_streak_fitness,1_day,rep_2
train,3,53560,86986,86986,125287,12,12,1878,3.25,8,9,2,324.2298567374695,5,145.0,164.0,19.0,8.631578947368421,19.0,0.8,29.0,19.0,1,rolling,losing_streak_fitness,1_day,rep_2
test,3,53560,86986,86986,125287,12,12,1878,3.25,8,9,2,434.4369280395538,19,299.0,451.0,152.0,2.9671052631578947,57.0,0.5789473684210527,15.736842105263158,19.0,3,rolling,losing_streak_fitness,1_day,rep_2
train,3,53560,86986,86986,125287,13,12,246,4.0,7,9,2,324.2298567374695,5,145.0,164.0,19.0,8.631578947368421,19.0,0.8,29.0,19.0,1,rolling,losing_streak_fitness,1_day,rep_2
test,3,53560,86986,86986,125287,13,12,246,4.0,7,9,2,141.5476951419556,7,107.0,164.0,57.0,2.8771929824561404,38.0,0.5714285714285714,15.285714285714286,19.0,2,rolling,losing_streak_fitness,1_day,rep_2
train,3,53560,86986,86986,125287,14,12,536,3.5,6,9,2,324.2298567374695,5,145.0,164.0,19.0,8.631578947368421,19.0,0.8,29.0,19.0,1,rolling,losing_streak_fitness,1_day,rep_2
test,3,53560,86986,86986,125287,14,12,536,3.5,6,9,2,174.28425057933376,15,135.0,287.0,152.0,1.888157894736842,73.0,0.4666666666666667,9.0,19.0,3,rolling,losing_streak_fitness,1_day,rep_2
train,3,53560,86986,86986,125287,15,12,414,4.0,7,9,2,324.2298567374695,5,145.0,164.0,19.0,8.631578947368421,19.0,0.8,29.0,19.0,1,rolling,losing_streak_fitness,1_day,rep_2
test,3,53560,86986,86986,125287,15,12,414,4.0,7,9,2,268.79360111431225,10,170.0,246.0,76.0,3.236842105263158,38.0,0.6,17.0,19.0,2,rolling,losing_streak_fitness,1_day,rep_2
train,3,53560,86986,86986,125287,16,12,414,4.0,7,9,2,324.2298567374695,5,145.0,164.0,19.0,8.631578947368421,19.0,0.8,29.0,19.0,1,rolling,losing_streak_fitness,1_day,rep_2
test,3,53560,86986,86986,125287,16,12,414,4.0,7,9,2,268.79360111431225,10,170.0,246.0,76.0,3.236842105263158,38.0,0.6,17.0,19.0,2,rolling,losing_streak_fitness,1_day,rep_2
train,3,53560,86986,86986,125287,17,12,536,4.25,5,9,2,324.2298567374695,5,145.0,164.0,19.0,8.631578947368421,19.0,0.8,29.0,19.0,1,rolling,losing_streak_fitness,1_day,rep_2
test,3,53560,86986,86986,125287,17,12,536,4.25,5,9,2,174.28425057933376,15,135.0,287.0,152.0,1.888157894736842,73.0,0.4666666666666667,9.0,19.0,3,rolling,losing_streak_fitness,1_day,rep_2
train,3,53560,86986,86986,125287,18,12,246,4.0,6,9,2,324.2298567374695,5,145.0,164.0,19.0,8.631578947368421,19.0,0.8,29.0,19.0,1,rolling,losing_streak_fitness,1_day,rep_2
test,3,53560,86986,86986,125287,18,12,246,4.0,6,9,2,82.96719565922159,8,88.0,164.0,76.0,2.1578947368421053,57.0,0.5,11.0,19.0,3,rolling,losing_streak_fitness,1_day,rep_2
train,3,53560,86986,86986,125287,19,12,1840,4.0,7,9,2,324.2298567374695,5,145.0,164.0,19.0,8.631578947368421,19.0,0.8,29.0,19.0,1,rolling,losing_streak_fitness,1_day,rep_2
test,3,53560,86986,86986,125287,19,12,1840,4.0,7,9,2,434.4369280395538,19,299.0,451.0,152.0,2.9671052631578947,57.0,0.5789473684210527,15.736842105263158,19.0,3,rolling,losing_streak_fitness,1_day,rep_2
train,3,53560,86986,86986,125287,20,12,268,5.25,6,9,2,324.2298567374695,5,145.0,164.0,19.0,8.631578947368421,19.0,0.8,29.0,19.0,1,rolling,losing_streak_fitness,1_day,rep_2
test,3,53560,86986,86986,125287,20,12,268,5.25,6,9,2,141.5476951419556,7,107.0,164.0,57.0,2.8771929824561404,38.0,0.5714285714285714,15.285714285714286,19.0,2,rolling,losing_streak_fitness,1_day,rep_2
train,3,53560,86986,86986,125287,21,12,250,4.0,7,9,2,324.2298567374695,5,145.0,164.0,19.0,8.631578947368421,19.0,0.8,29.0,19.0,1,rolling,losing_streak_fitness,1_day,rep_2
test,3,53560,86986,86986,125287,21,12,250,4.0,7,9,2,141.5476951419556,7,107.0,164.0,57.0,2.8771929824561404,38.0,0.5714285714285714,15.285714285714286,19.0,2,rolling,losing_streak_fitness,1_day,rep_2
train,3,53560,86986,86986,125287,22,12,414,5.25,6,9,2,324.2298567374695,5,145.0,164.0,19.0,8.631578947368421,19.0,0.8,29.0,19.0,1,rolling,losing_streak_fitness,1_day,rep_2
test,3,53560,86986,86986,125287,22,12,414,5.25,6,9,2,268.79360111431225,10,170.0,246.0,76.0,3.236842105263158,38.0,0.6,17.0,19.0,2,rolling,losing_streak_fitness,1_day,rep_2
train,3,53560,86986,86986,125287,23,12,536,5.25,4,9,2,324.2298567374695,5,145.0,164.0,19.0,8.631578947368421,19.0,0.8,29.0,19.0,1,rolling,losing_streak_fitness,1_day,rep_2
test,3,53560,86986,86986,125287,23,12,536,5.25,4,9,2,174.28425057933376,15,135.0,287.0,152.0,1.888157894736842,73.0,0.4666666666666667,9.0,19.0,3,rolling,losing_streak_fitness,1_day,rep_2
train,3,53560,86986,86986,125287,24,12,1878,5.25,7,9,2,324.2298567374695,5,145.0,164.0,19.0,8.631578947368421,19.0,0.8,29.0,19.0,1,rolling,losing_streak_fitness,1_day,rep_2
test,3,53560,86986,86986,125287,24,12,1878,5.25,7,9,2,178.94278415180648,17,217.0,369.0,152.0,2.4276315789473686,95.0,0.5294117647058824,12.764705882352942,19.0,5,rolling,losing_streak_fitness,1_day,rep_2
train,3,53560,86986,86986,125287,25,12,536,4.0,7,9,2,324.2298567374695,5,145.0,164.0,19.0,8.631578947368421,19.0,0.8,29.0,19.0,1,rolling,losing_streak_fitness,1_day,rep_2
test,3,53560,86986,86986,125287,25,12,536,4.0,7,9,2,192.0717458543957,14,154.0,287.0,133.0,2.1578947368421053,57.0,0.5,11.0,19.0,3,rolling,losing_streak_fitness,1_day,rep_2
train,3,53560,86986,86986,125287,26,12,236,5.0,5,9,2,324.2298567374695,5,145.0,164.0,19.0,8.631578947368421,19.0,0.8,29.0,19.0,1,rolling,losing_streak_fitness,1_day,rep_2
test,3,53560,86986,86986,125287,26,12,236,5.0,5,9,2,82.96719565922159,8,88.0,164.0,76.0,2.1578947368421053,57.0,0.5,11.0,19.0,3,rolling,losing_streak_fitness,1_day,rep_2
train,3,53560,86986,86986,125287,27,12,503,5.25,7,9,2,324.2298567374695,5,145.0,164.0,19.0,8.631578947368421,19.0,0.8,29.0,19.0,1,rolling,losing_streak_fitness,1_day,rep_2
test,3,53560,86986,86986,125287,27,12,503,5.25,7,9,2,49.88306325798367,12,72.0,205.0,133.0,1.5413533834586466,95.0,0.4166666666666667,6.0,19.0,5,rolling,losing_streak_fitness,1_day,rep_2
train,3,53560,86986,86986,125287,28,12,414,4.0,6,9,2,324.2298567374695,5,145.0,164.0,19.0,8.631578947368421,19.0,0.8,29.0,19.0,1,rolling,losing_streak_fitness,1_day,rep_2
test,3,53560,86986,86986,125287,28,12,414,4.0,6,9,2,166.93678111455512,11,151.0,246.0,95.0,2.5894736842105264,57.0,0.5454545454545454,13.727272727272728,19.0,3,rolling,losing_streak_fitness,1_day,rep_2
train,3,53560,86986,86986,125287,29,12,1878,5.25,5,9,2,324.2298567374695,5,145.0,164.0,19.0,8.631578947368421,19.0,0.8,29.0,19.0,1,rolling,losing_streak_fitness,1_day,rep_2
test,3,53560,86986,86986,125287,29,12,1878,5.25,5,9,2,417.3993557999608,20,280.0,451.0,171.0,2.6374269005847952,73.0,0.55,14.0,19.0,3,rolling,losing_streak_fitness,1_day,rep_2
train,3,53560,86986,86986,125287,30,12,1878,5.25,6,9,2,324.2298567374695,5,145.0,164.0,19.0,8.631578947368421,19.0,0.8,29.0,19.0,1,rolling,losing_streak_fitness,1_day,rep_2
test,3,53560,86986,86986,125287,30,12,1878,5.25,6,9,2,218.9202594553551,18,258.0,410.0,152.0,2.6973684210526314,95.0,0.5555555555555556,14.333333333333334,19.0,5,rolling,losing_streak_fitness,1_day,rep_2
train,3,53560,86986,86986,125287,31,12,503,4.0,6,9,2,324.2298567374695,5,145.0,164.0,19.0,8.631578947368421,19.0,0.8,29.0,19.0,1,rolling,losing_streak_fitness,1_day,rep_2
test,3,53560,86986,86986,125287,31,12,503,4.0,6,9,2,174.28425057933376,15,135.0,287.0,152.0,1.888157894736842,73.0,0.4666666666666667,9.0,19.0,3,rolling,losing_streak_fitness,1_day,rep_2
train,3,53560,86986,86986,125287,32,12,250,3.75,6,9,2,324.2298567374695,5,145.0,164.0,19.0,8.631578947368421,19.0,0.8,29.0,19.0,1,rolling,losing_streak_fitness,1_day,rep_2
test,3,53560,86986,86986,125287,32,12,250,3.75,6,9,2,82.96719565922159,8,88.0,164.0,76.0,2.1578947368421053,57.0,0.5,11.0,19.0,3,rolling,losing_streak_fitness,1_day,rep_2
train,3,53560,86986,86986,125287,33,12,422,5.25,6,9,2,324.2298567374695,5,145.0,164.0,19.0,8.631578947368421,19.0,0.8,29.0,19.0,1,rolling,losing_streak_fitness,1_day,rep_2
test,3,53560,86986,86986,125287,33,12,422,5.25,6,9,2,268.79360111431225,10,170.0,246.0,76.0,3.236842105263158,38.0,0.6,17.0,19.0,2,rolling,losing_streak_fitness,1_day,rep_2
train,3,53560,86986,86986,125287,34,12,1878,5.5,2,9,2,324.2298567374695,5,145.0,164.0,19.0,8.631578947368421,19.0,0.8,29.0,19.0,1,rolling,losing_streak_fitness,1_day,rep_2
test,3,53560,86986,86986,125287,34,12,1878,5.5,2,9,2,417.3993557999608,20,280.0,451.0,171.0,2.6374269005847952,73.0,0.55,14.0,19.0,3,rolling,losing_streak_fitness,1_day,rep_2
train,3,53560,86986,86986,125287,35,12,567,4.0,6,9,2,324.2298567374695,5,145.0,164.0,19.0,8.631578947368421,19.0,0.8,29.0,19.0,1,rolling,losing_streak_fitness,1_day,rep_2
test,3,53560,86986,86986,125287,35,12,567,4.0,6,9,2,174.28425057933376,15,135.0,287.0,152.0,1.888157894736842,73.0,0.4666666666666667,9.0,19.0,3,rolling,losing_streak_fitness,1_day,rep_2
train,3,53560,86986,86986,125287,36,12,530,5.5,3,9,2,324.2298567374695,5,145.0,164.0,19.0,8.631578947368421,19.0,0.8,29.0,19.0,1,rolling,losing_streak_fitness,1_day,rep_2
test,3,53560,86986,86986,125287,36,12,530,5.5,3,9,2,174.28425057933376,15,135.0,287.0,152.0,1.888157894736842,73.0,0.4666666666666667,9.0,19.0,3,rolling,losing_streak_fitness,1_day,rep_2
train,3,53560,86986,86986,125287,37,12,265,5.25,6,9,2,324.2298567374695,5,145.0,164.0,19.0,8.631578947368421,19.0,0.8,29.0,19.0,1,rolling,losing_streak_fitness,1_day,rep_2
test,3,53560,86986,86986,125287,37,12,265,5.25,6,9,2,141.5476951419556,7,107.0,164.0,57.0,2.8771929824561404,38.0,0.5714285714285714,15.285714285714286,19.0,2,rolling,losing_streak_fitness,1_day,rep_2
train,3,53560,86986,86986,125287,38,12,1915,5.25,5,9,2,324.2298567374695,5,145.0,164.0,19.0,8.631578947368421,19.0,0.8,29.0,19.0,1,rolling,losing_streak_fitness,1_day,rep_2
test,3,53560,86986,86986,125287,38,12,1915,5.25,5,9,2,417.3993557999608,20,280.0,451.0,171.0,2.6374269005847952,73.0,0.55,14.0,19.0,3,rolling,losing_streak_fitness,1_day,rep_2
train,3,53560,86986,86986,125287,39,12,530,5.5,3,9,2,324.2298567374695,5,145.0,164.0,19.0,8.631578947368421,19.0,0.8,29.0,19.0,1,rolling,losing_streak_fitness,1_day,rep_2
test,3,53560,86986,86986,125287,39,12,530,5.5,3,9,2,174.28425057933376,15,135.0,287.0,152.0,1.888157894736842,73.0,0.4666666666666667,9.0,19.0,3,rolling,losing_streak_fitness,1_day,rep_2
train,3,53560,86986,86986,125287,40,12,437,5.25,7,9,2,324.2298567374695,5,145.0,164.0,19.0,8.631578947368421,19.0,0.8,29.0,19.0,1,rolling,losing_streak_fitness,1_day,rep_2
test,3,53560,86986,86986,125287,40,12,437,5.25,7,9,2,115.95018087284058,10,110.0,205.0,95.0,2.1578947368421053,57.0,0.5,11.0,19.0,3,rolling,losing_streak_fitness,1_day,rep_2
train,3,53560,86986,86986,125287,41,12,437,5.0,4,9,2,324.2298567374695,5,145.0,164.0,19.0,8.631578947368421,19.0,0.8,29.0,19.0,1,rolling,losing_streak_fitness,1_day,rep_2
test,3,53560,86986,86986,125287,41,12,437,5.0,4,9,2,114.31535329954588,12,132.0,246.0,114.0,2.1578947368421053,76.0,0.5,11.0,19.0,4,rolling,losing_streak_fitness,1_day,rep_2
train,3,53560,86986,86986,125287,42,12,297,5.25,3,9,2,324.2298567374695,5,145.0,164.0,19.0,8.631578947368421,19.0,0.8,29.0,19.0,1,rolling,losing_streak_fitness,1_day,rep_2
test,3,53560,86986,86986,125287,42,12,297,5.25,3,9,2,82.96719565922159,8,88.0,164.0,76.0,2.1578947368421053,57.0,0.5,11.0,19.0,3,rolling,losing_streak_fitness,1_day,rep_2
train,3,53560,86986,86986,125287,43,12,530,4.25,7,9,2,324.2298567374695,5,145.0,164.0,19.0,8.631578947368421,19.0,0.8,29.0,19.0,1,rolling,losing_streak_fitness,1_day,rep_2
test,3,53560,86986,86986,125287,43,12,530,4.25,7,9,2,192.0717458543957,14,154.0,287.0,133.0,2.1578947368421053,57.0,0.5,11.0,19.0,3,rolling,losing_streak_fitness,1_day,rep_2
train,3,53560,86986,86986,125287,44,12,530,5.25,5,9,2,324.2298567374695,5,145.0,164.0,19.0,8.631578947368421,19.0,0.8,29.0,19.0,1,rolling,losing_streak_fitness,1_day,rep_2
test,3,53560,86986,86986,125287,44,12,530,5.25,5,9,2,174.28425057933376,15,135.0,287.0,152.0,1.888157894736842,73.0,0.4666666666666667,9.0,19.0,3,rolling,losing_streak_fitness,1_day,rep_2
train,3,53560,86986,86986,125287,45,12,364,4.0,7,9,2,324.2298567374695,5,145.0,164.0,19.0,8.631578947368421,19.0,0.8,29.0,19.0,1,rolling,losing_streak_fitness,1_day,rep_2
test,3,53560,86986,86986,125287,45,12,364,4.0,7,9,2,268.79360111431225,10,170.0,246.0,76.0,3.236842105263158,38.0,0.6,17.0,19.0,2,rolling,losing_streak_fitness,1_day,rep_2
train,3,53560,86986,86986,125287,46,12,503,3.75,4,9,2,324.2298567374695,5,145.0,164.0,19.0,8.631578947368421,19.0,0.8,29.0,19.0,1,rolling,losing_streak_fitness,1_day,rep_2
test,3,53560,86986,86986,125287,46,12,503,3.75,4,9,2,234.66666666666663,16,176.0,328.0,152.0,2.1578947368421053,73.0,0.5,11.0,19.0,3,rolling,losing_streak_fitness,1_day,rep_2
train,3,53560,86986,86986,125287,47,12,1878,5.0,7,9,2,324.2298567374695,5,145.0,164.0,19.0,8.631578947368421,19.0,0.8,29.0,19.0,1,rolling,losing_streak_fitness,1_day,rep_2
test,3,53560,86986,86986,125287,47,12,1878,5.0,7,9,2,178.94278415180648,17,217.0,369.0,152.0,2.4276315789473686,95.0,0.5294117647058824,12.764705882352942,19.0,5,rolling,losing_streak_fitness,1_day,rep_2
train,3,53560,86986,86986,125287,48,12,1878,4.0,4,9,2,324.2298567374695,5,145.0,164.0,19.0,8.631578947368421,19.0,0.8,29.0,19.0,1,rolling,losing_streak_fitness,1_day,rep_2
test,3,53560,86986,86986,125287,48,12,1878,4.0,4,9,2,417.3993557999608,20,280.0,451.0,171.0,2.6374269005847952,73.0,0.55,14.0,19.0,3,rolling,losing_streak_fitness,1_day,rep_2
train,3,53560,86986,86986,125287,49,12,437,3.75,3,9,2,324.2298567374695,5,145.0,164.0,19.0,8.631578947368421,19.0,0.8,29.0,19.0,1,rolling,losing_streak_fitness,1_day,rep_2
test,3,53560,86986,86986,125287,49,12,437,3.75,3,9,2,114.31535329954588,12,132.0,246.0,114.0,2.1578947368421053,76.0,0.5,11.0,19.0,4,rolling,losing_streak_fitness,1_day,rep_2
train,3,53560,86986,86986,125287,50,12,530,4.25,7,9,2,324.2298567374695,5,145.0,164.0,19.0,8.631578947368421,19.0,0.8,29.0,19.0,1,rolling,losing_streak_fitness,1_day,rep_2
test,3,53560,86986,86986,125287,50,12,530,4.25,7,9,2,192.0717458543957,14,154.0,287.0,133.0,2.1578947368421053,57.0,0.5,11.0,19.0,3,rolling,losing_streak_fitness,1_day,rep_2
train,3,53560,86986,86986,125287,51,12,1934,4.0,7,9,2,324.2298567374695,5,145.0,164.0,19.0,8.631578947368421,19.0,0.8,29.0,19.0,1,rolling,losing_streak_fitness,1_day,rep_2
test,3,53560,86986,86986,125287,51,12,1934,4.0,7,9,2,434.4369280395538,19,299.0,451.0,152.0,2.9671052631578947,57.0,0.5789473684210527,15.736842105263158,19.0,3,rolling,losing_streak_fitness,1_day,rep_2
train,3,53560,86986,86986,125287,52,12,413,4.0,4,9,2,324.2298567374695,5,145.0,164.0,19.0,8.631578947368421,19.0,0.8,29.0,19.0,1,rolling,losing_streak_fitness,1_day,rep_2
test,3,53560,86986,86986,125287,52,12,413,4.0,4,9,2,166.93678111455512,11,151.0,246.0,95.0,2.5894736842105264,57.0,0.5454545454545454,13.727272727272728,19.0,3,rolling,losing_streak_fitness,1_day,rep_2
train,3,53560,86986,86986,125287,53,12,437,4.25,7,9,2,324.2298567374695,5,145.0,164.0,19.0,8.631578947368421,19.0,0.8,29.0,19.0,1,rolling,losing_streak_fitness,1_day,rep_2
test,3,53560,86986,86986,125287,53,12,437,4.25,7,9,2,166.93678111455512,11,151.0,246.0,95.0,2.5894736842105264,57.0,0.5454545454545454,13.727272727272728,19.0,3,rolling,losing_streak_fitness,1_day,rep_2
train,3,53560,86986,86986,125287,54,12,1878,4.0,3,9,2,324.2298567374695,5,145.0,164.0,19.0,8.631578947368421,19.0,0.8,29.0,19.0,1,rolling,losing_streak_fitness,1_day,rep_2
test,3,53560,86986,86986,125287,54,12,1878,4.0,3,9,2,417.3993557999608,20,280.0,451.0,171.0,2.6374269005847952,73.0,0.55,14.0,19.0,3,rolling,losing_streak_fitness,1_day,rep_2
train,3,53560,86986,86986,125287,55,12,1971,4.25,7,9,2,324.2298567374695,5,145.0,164.0,19.0,8.631578947368421,19.0,0.8,29.0,19.0,1,rolling,losing_streak_fitness,1_day,rep_2
test,3,53560,86986,86986,125287,55,12,1971,4.25,7,9,2,434.4369280395538,19,299.0,451.0,152.0,2.9671052631578947,57.0,0.5789473684210527,15.736842105263158,19.0,3,rolling,losing_streak_fitness,1_day,rep_2
train,3,53560,86986,86986,125287,56,12,364,4.0,5,9,2,324.2298567374695,5,145.0,164.0,19.0,8.631578947368421,19.0,0.8,29.0,19.0,1,rolling,losing_streak_fitness,1_day,rep_2
test,3,53560,86986,86986,125287,56,12,364,4.0,5,9,2,166.93678111455512,11,151.0,246.0,95.0,2.5894736842105264,57.0,0.5454545454545454,13.727272727272728,19.0,3,rolling,losing_streak_fitness,1_day,rep_2
train,3,53560,86986,86986,125287,57,12,567,4.0,2,9,2,324.2298567374695,5,145.0,164.0,19.0,8.631578947368421,19.0,0.8,29.0,19.0,1,rolling,losing_streak_fitness,1_day,rep_2
test,3,53560,86986,86986,125287,57,12,567,4.0,2,9,2,174.28425057933376,15,135.0,287.0,152.0,1.888157894736842,73.0,0.4666666666666667,9.0,19.0,3,rolling,losing_streak_fitness,1_day,rep_2
train,3,53560,86986,86986,125287,58,12,1657,4.0,2,9,2,324.2298567374695,5,145.0,164.0,19.0,8.631578947368421,19.0,0.8,29.0,19.0,1,rolling,losing_streak_fitness,1_day,rep_2
test,3,53560,86986,86986,125287,58,12,1657,4.0,2,9,2,417.3993557999608,20,280.0,451.0,171.0,2.6374269005847952,73.0,0.55,14.0,19.0,3,rolling,losing_streak_fitness,1_day,rep_2
train,3,53560,86986,86986,125287,59,12,393,4.0,7,9,2,324.2298567374695,5,145.0,164.0,19.0,8.631578947368421,19.0,0.8,29.0,19.0,1,rolling,losing_streak_fitness,1_day,rep_2
test,3,53560,86986,86986,125287,59,12,393,4.0,7,9,2,268.79360111431225,10,170.0,246.0,76.0,3.236842105263158,38.0,0.6,17.0,19.0,2,rolling,losing_streak_fitness,1_day,rep_2
train,3,53560,86986,86986,125287,60,12,413,4.0,7,9,2,324.2298567374695,5,145.0,164.0,19.0,8.631578947368421,19.0,0.8,29.0,19.0,1,rolling,losing_streak_fitness,1_day,rep_2
test,3,53560,86986,86986,125287,60,12,413,4.0,7,9,2,268.79360111431225,10,170.0,246.0,76.0,3.236842105263158,38.0,0.6,17.0,19.0,2,rolling,losing_streak_fitness,1_day,rep_2
train,3,53560,86986,86986,125287,61,12,530,3.5,6,9,2,324.2298567374695,5,145.0,164.0,19.0,8.631578947368421,19.0,0.8,29.0,19.0,1,rolling,losing_streak_fitness,1_day,rep_2
test,3,53560,86986,86986,125287,61,12,530,3.5,6,9,2,174.28425057933376,15,135.0,287.0,152.0,1.888157894736842,73.0,0.4666666666666667,9.0,19.0,3,rolling,losing_streak_fitness,1_day,rep_2
train,3,53560,86986,86986,125287,62,12,530,3.5,6,9,2,324.2298567374695,5,145.0,164.0,19.0,8.631578947368421,19.0,0.8,29.0,19.0,1,rolling,losing_streak_fitness,1_day,rep_2
test,3,53560,86986,86986,125287,62,12,530,3.5,6,9,2,174.28425057933376,15,135.0,287.0,152.0,1.888157894736842,73.0,0.4666666666666667,9.0,19.0,3,rolling,losing_streak_fitness,1_day,rep_2
train,3,53560,86986,86986,125287,63,12,413,4.0,8,9,2,324.2298567374695,5,145.0,164.0,19.0,8.631578947368421,19.0,0.8,29.0,19.0,1,rolling,losing_streak_fitness,1_day,rep_2
test,3,53560,86986,86986,125287,63,12,413,4.0,8,9,2,283.5,9,189.0,246.0,57.0,4.315789473684211,38.0,0.6666666666666666,21.0,19.0,2,rolling,losing_streak_fitness,1_day,rep_2
train,3,53560,86986,86986,125287,64,12,530,5.25,4,9,2,324.2298567374695,5,145.0,164.0,19.0,8.631578947368421,19.0,0.8,29.0,19.0,1,rolling,losing_streak_fitness,1_day,rep_2
test,3,53560,86986,86986,125287,64,12,530,5.25,4,9,2,174.28425057933376,15,135.0,287.0,152.0,1.888157894736842,73.0,0.4666666666666667,9.0,19.0,3,rolling,losing_streak_fitness,1_day,rep_2
train,3,53560,86986,86986,125287,65,12,375,4.25,7,9,2,324.2298567374695,5,145.0,164.0,19.0,8.631578947368421,19.0,0.8,29.0,19.0,1,rolling,losing_streak_fitness,1_day,rep_2
test,3,53560,86986,86986,125287,65,12,375,4.25,7,9,2,268.79360111431225,10,170.0,246.0,76.0,3.236842105263158,38.0,0.6,17.0,19.0,2,rolling,losing_streak_fitness,1_day,rep_2
train,3,53560,86986,86986,125287,66,12,389,4.5,3,9,2,324.2298567374695,5,145.0,164.0,19.0,8.631578947368421,19.0,0.8,29.0,19.0,1,rolling,losing_streak_fitness,1_day,rep_2
test,3,53560,86986,86986,125287,66,12,389,4.5,3,9,2,166.93678111455512,11,151.0,246.0,95.0,2.5894736842105264,57.0,0.5454545454545454,13.727272727272728,19.0,3,rolling,losing_streak_fitness,1_day,rep_2
train,3,53560,86986,86986,125287,67,12,540,3.75,7,9,2,324.2298567374695,5,145.0,164.0,19.0,8.631578947368421,19.0,0.8,29.0,19.0,1,rolling,losing_streak_fitness,1_day,rep_2
test,3,53560,86986,86986,125287,67,12,540,3.75,7,9,2,192.0717458543957,14,154.0,287.0,133.0,2.1578947368421053,57.0,0.5,11.0,19.0,3,rolling,losing_streak_fitness,1_day,rep_2
train,3,53560,86986,86986,125287,68,12,530,4.5,8,9,2,324.2298567374695,5,145.0,164.0,19.0,8.631578947368421,19.0,0.8,29.0,19.0,1,rolling,losing_streak_fitness,1_day,rep_2
test,3,53560,86986,86986,125287,68,12,530,4.5,8,9,2,125.20258583591634,11,151.0,246.0,95.0,2.5894736842105264,76.0,0.5454545454545454,13.727272727272728,19.0,4,rolling,losing_streak_fitness,1_day,rep_2
train,3,53560,86986,86986,125287,69,12,389,4.0,3,9,2,324.2298567374695,5,145.0,164.0,19.0,8.631578947368421,19.0,0.8,29.0,19.0,1,rolling,losing_streak_fitness,1_day,rep_2
test,3,53560,86986,86986,125287,69,12,389,4.0,3,9,2,166.93678111455512,11,151.0,246.0,95.0,2.5894736842105264,57.0,0.5454545454545454,13.727272727272728,19.0,3,rolling,losing_streak_fitness,1_day,rep_2
train,3,53560,86986,86986,125287,70,11,413,4.5,3,9,2,324.2298567374695,5,145.0,164.0,19.0,8.631578947368421,19.0,0.8,29.0,19.0,1,rolling,losing_streak_fitness,1_day,rep_2
test,3,53560,86986,86986,125287,70,11,413,4.5,3,9,2,146.37110370561533,18,138.0,328.0,190.0,1.7263157894736842,76.0,0.4444444444444444,7.666666666666667,19.0,4,rolling,losing_streak_fitness,1_day,rep_2
train,3,53560,86986,86986,125287,71,12,561,3.75,7,9,2,324.2298567374695,5,145.0,164.0,19.0,8.631578947368421,19.0,0.8,29.0,19.0,1,rolling,losing_streak_fitness,1_day,rep_2
test,3,53560,86986,86986,125287,71,12,561,3.75,7,9,2,192.0717458543957,14,154.0,287.0,133.0,2.1578947368421053,57.0,0.5,11.0,19.0,3,rolling,losing_streak_fitness,1_day,rep_2
train,3,53560,86986,86986,125287,72,12,413,4.0,8,9,2,324.2298567374695,5,145.0,164.0,19.0,8.631578947368421,19.0,0.8,29.0,19.0,1,rolling,losing_streak_fitness,1_day,rep_2
test,3,53560,86986,86986,125287,72,12,413,4.0,8,9,2,283.5,9,189.0,246.0,57.0,4.315789473684211,38.0,0.6666666666666666,21.0,19.0,2,rolling,losing_streak_fitness,1_day,rep_2
train,3,53560,86986,86986,125287,73,12,413,4.25,8,9,2,324.2298567374695,5,145.0,164.0,19.0,8.631578947368421,19.0,0.8,29.0,19.0,1,rolling,losing_streak_fitness,1_day,rep_2
test,3,53560,86986,86986,125287,73,12,413,4.25,8,9,2,283.5,9,189.0,246.0,57.0,4.315789473684211,38.0,0.6666666666666666,21.0,19.0,2,rolling,losing_streak_fitness,1_day,rep_2
train,3,53560,86986,86986,125287,74,12,364,3.75,3,9,2,324.2298567374695,5,145.0,164.0,19.0,8.631578947368421,19.0,0.8,29.0,19.0,1,rolling,losing_streak_fitness,1_day,rep_2
test,3,53560,86986,86986,125287,74,12,364,3.75,3,9,2,166.93678111455512,11,151.0,246.0,95.0,2.5894736842105264,57.0,0.5454545454545454,13.727272727272728,19.0,3,rolling,losing_streak_fitness,1_day,rep_2
train,3,53560,86986,86986,125287,75,12,463,4.0,7,9,2,324.2298567374695,5,145.0,164.0,19.0,8.631578947368421,19.0,0.8,29.0,19.0,1,rolling,losing_streak_fitness,1_day,rep_2
test,3,53560,86986,86986,125287,75,12,463,4.0,7,9,2,114.31535329954588,12,132.0,246.0,114.0,2.1578947368421053,76.0,0.5,11.0,19.0,4,rolling,losing_streak_fitness,1_day,rep_2
train,3,53560,86986,86986,125287,76,12,408,4.0,7,9,2,324.2298567374695,5,145.0,164.0,19.0,8.631578947368421,19.0,0.8,29.0,19.0,1,rolling,losing_streak_fitness,1_day,rep_2
test,3,53560,86986,86986,125287,76,12,408,4.0,7,9,2,268.79360111431225,10,170.0,246.0,76.0,3.236842105263158,38.0,0.6,17.0,19.0,2,rolling,losing_streak_fitness,1_day,rep_2
train,3,53560,86986,86986,125287,77,12,463,4.0,7,9,2,324.2298567374695,5,145.0,164.0,19.0,8.631578947368421,19.0,0.8,29.0,19.0,1,rolling,losing_streak_fitness,1_day,rep_2
test,3,53560,86986,86986,125287,77,12,463,4.0,7,9,2,114.31535329954588,12,132.0,246.0,114.0,2.1578947368421053,76.0,0.5,11.0,19.0,4,rolling,losing_streak_fitness,1_day,rep_2
train,3,53560,86986,86986,125287,78,12,413,3.75,8,9,2,324.2298567374695,5,145.0,164.0,19.0,8.631578947368421,19.0,0.8,29.0,19.0,1,rolling,losing_streak_fitness,1_day,rep_2
test,3,53560,86986,86986,125287,78,12,413,3.75,8,9,2,268.79360111431225,10,170.0,246.0,76.0,3.236842105263158,38.0,0.6,17.0,19.0,2,rolling,losing_streak_fitness,1_day,rep_2
train,3,53560,86986,86986,125287,79,12,400,4.0,6,9,2,324.2298567374695,5,145.0,164.0,19.0,8.631578947368421,19.0,0.8,29.0,19.0,1,rolling,losing_streak_fitness,1_day,rep_2
test,3,53560,86986,86986,125287,79,12,400,4.0,6,9,2,166.93678111455512,11,151.0,246.0,95.0,2.5894736842105264,57.0,0.5454545454545454,13.727272727272728,19.0,3,rolling,losing_streak_fitness,1_day,rep_2
train,3,53560,86986,86986,125287,80,12,408,3.75,2,9,2,324.2298567374695,5,145.0,164.0,19.0,8.631578947368421,19.0,0.8,29.0,19.0,1,rolling,losing_streak_fitness,1_day,rep_2
test,3,53560,86986,86986,125287,80,12,408,3.75,2,9,2,166.93678111455512,11,151.0,246.0,95.0,2.5894736842105264,57.0,0.5454545454545454,13.727272727272728,19.0,3,rolling,losing_streak_fitness,1_day,rep_2
train,3,53560,86986,86986,125287,81,12,413,3.75,2,9,2,324.2298567374695,5,145.0,164.0,19.0,8.631578947368421,19.0,0.8,29.0,19.0,1,rolling,losing_streak_fitness,1_day,rep_2
test,3,53560,86986,86986,125287,81,12,413,3.75,2,9,2,166.93678111455512,11,151.0,246.0,95.0,2.5894736842105264,57.0,0.5454545454545454,13.727272727272728,19.0,3,rolling,losing_streak_fitness,1_day,rep_2
train,3,53560,86986,86986,125287,82,12,389,4.0,7,9,2,324.2298567374695,5,145.0,164.0,19.0,8.631578947368421,19.0,0.8,29.0,19.0,1,rolling,losing_streak_fitness,1_day,rep_2
test,3,53560,86986,86986,125287,82,12,389,4.0,7,9,2,268.79360111431225,10,170.0,246.0,76.0,3.236842105263158,38.0,0.6,17.0,19.0,2,rolling,losing_streak_fitness,1_day,rep_2
train,3,53560,86986,86986,125287,83,12,463,3.75,8,9,2,324.2298567374695,5,145.0,164.0,19.0,8.631578947368421,19.0,0.8,29.0,19.0,1,rolling,losing_streak_fitness,1_day,rep_2
test,3,53560,86986,86986,125287,83,12,463,3.75,8,9,2,114.31535329954588,12,132.0,246.0,114.0,2.1578947368421053,76.0,0.5,11.0,19.0,4,rolling,losing_streak_fitness,1_day,rep_2
train,3,53560,86986,86986,125287,84,12,389,4.0,6,9,2,324.2298567374695,5,145.0,164.0,19.0,8.631578947368421,19.0,0.8,29.0,19.0,1,rolling,losing_streak_fitness,1_day,rep_2
test,3,53560,86986,86986,125287,84,12,389,4.0,6,9,2,166.93678111455512,11,151.0,246.0,95.0,2.5894736842105264,57.0,0.5454545454545454,13.727272727272728,19.0,3,rolling,losing_streak_fitness,1_day,rep_2
train,3,53560,86986,86986,125287,85,12,393,3.75,8,9,2,324.2298567374695,5,145.0,164.0,19.0,8.631578947368421,19.0,0.8,29.0,19.0,1,rolling,losing_streak_fitness,1_day,rep_2
test,3,53560,86986,86986,125287,85,12,393,3.75,8,9,2,268.79360111431225,10,170.0,246.0,76.0,3.236842105263158,38.0,0.6,17.0,19.0,2,rolling,losing_streak_fitness,1_day,rep_2
train,3,53560,86986,86986,125287,86,12,530,3.75,1,9,2,324.2298567374695,5,145.0,164.0,19.0,8.631578947368421,19.0,0.8,29.0,19.0,1,rolling,losing_streak_fitness,1_day,rep_2
test,3,53560,86986,86986,125287,86,12,530,3.75,1,9,2,234.66666666666663,16,176.0,328.0,152.0,2.1578947368421053,73.0,0.5,11.0,19.0,3,rolling,losing_streak_fitness,1_day,rep_2
train,3,53560,86986,86986,125287,87,12,361,3.75,3,9,2,324.2298567374695,5,145.0,164.0,19.0,8.631578947368421,19.0,0.8,29.0,19.0,1,rolling,losing_streak_fitness,1_day,rep_2
test,3,53560,86986,86986,125287,87,12,361,3.75,3,9,2,166.93678111455512,11,151.0,246.0,95.0,2.5894736842105264,57.0,0.5454545454545454,13.727272727272728,19.0,3,rolling,losing_streak_fitness,1_day,rep_2
train,3,53560,86986,86986,125287,88,12,389,3.75,2,9,2,324.2298567374695,5,145.0,164.0,19.0,8.631578947368421,19.0,0.8,29.0,19.0,1,rolling,losing_streak_fitness,1_day,rep_2
test,3,53560,86986,86986,125287,88,12,389,3.75,2,9,2,166.93678111455512,11,151.0,246.0,95.0,2.5894736842105264,57.0,0.5454545454545454,13.727272727272728,19.0,3,rolling,losing_streak_fitness,1_day,rep_2
train,3,53560,86986,86986,125287,89,12,361,4.0,8,9,2,324.2298567374695,5,145.0,164.0,19.0,8.631578947368421,19.0,0.8,29.0,19.0,1,rolling,losing_streak_fitness,1_day,rep_2
test,3,53560,86986,86986,125287,89,12,361,4.0,8,9,2,283.5,9,189.0,246.0,57.0,4.315789473684211,38.0,0.6666666666666666,21.0,19.0,2,rolling,losing_streak_fitness,1_day,rep_2
train,3,53560,86986,86986,125287,90,12,371,4.0,2,9,2,324.2298567374695,5,145.0,164.0,19.0,8.631578947368421,19.0,0.8,29.0,19.0,1,rolling,losing_streak_fitness,1_day,rep_2
test,3,53560,86986,86986,125287,90,12,371,4.0,2,9,2,166.93678111455512,11,151.0,246.0,95.0,2.5894736842105264,57.0,0.5454545454545454,13.727272727272728,19.0,3,rolling,losing_streak_fitness,1_day,rep_2
train,3,53560,86986,86986,125287,91,12,385,4.25,2,9,2,324.2298567374695,5,145.0,164.0,19.0,8.631578947368421,19.0,0.8,29.0,19.0,1,rolling,losing_streak_fitness,1_day,rep_2
test,3,53560,86986,86986,125287,91,12,385,4.25,2,9,2,166.93678111455512,11,151.0,246.0,95.0,2.5894736842105264,57.0,0.5454545454545454,13.727272727272728,19.0,3,rolling,losing_streak_fitness,1_day,rep_2
train,3,53560,86986,86986,125287,92,12,361,4.0,8,9,2,324.2298567374695,5,145.0,164.0,19.0,8.631578947368421,19.0,0.8,29.0,19.0,1,rolling,losing_streak_fitness,1_day,rep_2
test,3,53560,86986,86986,125287,92,12,361,4.0,8,9,2,283.5,9,189.0,246.0,57.0,4.315789473684211,38.0,0.6666666666666666,21.0,19.0,2,rolling,losing_streak_fitness,1_day,rep_2
train,3,53560,86986,86986,125287,93,12,361,3.75,2,9,2,324.2298567374695,5,145.0,164.0,19.0,8.631578947368421,19.0,0.8,29.0,19.0,1,rolling,losing_streak_fitness,1_day,rep_2
test,3,53560,86986,86986,125287,93,12,361,3.75,2,9,2,166.93678111455512,11,151.0,246.0,95.0,2.5894736842105264,57.0,0.5454545454545454,13.727272727272728,19.0,3,rolling,losing_streak_fitness,1_day,rep_2
train,3,53560,86986,86986,125287,94,12,530,4.25,7,9,2,324.2298567374695,5,145.0,164.0,19.0,8.631578947368421,19.0,0.8,29.0,19.0,1,rolling,losing_streak_fitness,1_day,rep_2
test,3,53560,86986,86986,125287,94,12,530,4.25,7,9,2,192.0717458543957,14,154.0,287.0,133.0,2.1578947368421053,57.0,0.5,11.0,19.0,3,rolling,losing_streak_fitness,1_day,rep_2
train,3,53560,86986,86986,125287,95,12,361,4.0,2,9,2,324.2298567374695,5,145.0,164.0,19.0,8.631578947368421,19.0,0.8,29.0,19.0,1,rolling,losing_streak_fitness,1_day,rep_2
test,3,53560,86986,86986,125287,95,12,361,4.0,2,9,2,166.93678111455512,11,151.0,246.0,95.0,2.5894736842105264,57.0,0.5454545454545454,13.727272727272728,19.0,3,rolling,losing_streak_fitness,1_day,rep_2
train,3,53560,86986,86986,125287,96,12,361,4.25,7,9,2,324.2298567374695,5,145.0,164.0,19.0,8.631578947368421,19.0,0.8,29.0,19.0,1,rolling,losing_streak_fitness,1_day,rep_2
test,3,53560,86986,86986,125287,96,12,361,4.25,7,9,2,268.79360111431225,10,170.0,246.0,76.0,3.236842105263158,38.0,0.6,17.0,19.0,2,rolling,losing_streak_fitness,1_day,rep_2
train,3,53560,86986,86986,125287,97,12,361,4.0,3,9,2,324.2298567374695,5,145.0,164.0,19.0,8.631578947368421,19.0,0.8,29.0,19.0,1,rolling,losing_streak_fitness,1_day,rep_2
test,3,53560,86986,86986,125287,97,12,361,4.0,3,9,2,166.93678111455512,11,151.0,246.0,95.0,2.5894736842105264,57.0,0.5454545454545454,13.727272727272728,19.0,3,rolling,losing_streak_fitness,1_day,rep_2
train,3,53560,86986,86986,125287,98,12,389,4.25,2,9,2,324.2298567374695,5,145.0,164.0,19.0,8.631578947368421,19.0,0.8,29.0,19.0,1,rolling,losing_streak_fitness,1_day,rep_2
test,3,53560,86986,86986,125287,98,12,389,4.25,2,9,2,166.93678111455512,11,151.0,246.0,95.0,2.5894736842105264,57.0,0.5454545454545454,13.727272727272728,19.0,3,rolling,losing_streak_fitness,1_day,rep_2
train,3,53560,86986,86986,125287,99,12,389,3.5,1,9,2,324.2298567374695,5,145.0,164.0,19.0,8.631578947368421,19.0,0.8,29.0,19.0,1,rolling,losing_streak_fitness,1_day,rep_2
test,3,53560,86986,86986,125287,99,12,389,3.5,1,9,2,166.93678111455512,11,151.0,246.0,95.0,2.5894736842105264,57.0,0.5454545454545454,13.727272727272728,19.0,3,rolling,losing_streak_fitness,1_day,rep_2
train,3,53560,86986,86986,125287,100,12,389,3.75,2,9,2,324.2298567374695,5,145.0,164.0,19.0,8.631578947368421,19.0,0.8,29.0,19.0,1,rolling,losing_streak_fitness,1_day,rep_2
test,3,53560,86986,86986,125287,100,12,389,3.75,2,9,2,166.93678111455512,11,151.0,246.0,95.0,2.5894736842105264,57.0,0.5454545454545454,13.727272727272728,19.0,3,rolling,losing_streak_fitness,1_day,rep_2
train,4,86986,125287,125287,130699,0,12,2050,3.75,7,12,4,432.0,16,216.0,448.0,232.0,1.9310344827586208,60.0,0.5,13.5,29.0,2,rolling,losing_streak_fitness,1_day,rep_2
test,4,86986,125287,125287,130699,0,12,2050,3.75,7,12,4,-1000.0,0,0.0,0.0,0.0,inf,0.0,0.0,0.0,0.0,0,rolling,losing_streak_fitness,1_day,rep_2
train,4,86986,125287,125287,130699,1,13,2226,7.5,7,12,2,399.6532872378257,11,241.0,336.0,95.0,3.536842105263158,38.0,0.5454545454545454,21.90909090909091,19.0,2,rolling,losing_streak_fitness,1_day,rep_2
test,4,86986,125287,125287,130699,1,13,2226,7.5,7,12,2,-1000.0,0,0.0,0.0,0.0,inf,0.0,0.0,0.0,0.0,0,rolling,losing_streak_fitness,1_day,rep_2
train,4,86986,125287,125287,130699,2,13,2697,5.25,9,4,5,348.5685011586675,15,90.0,192.0,102.0,1.8823529411764703,52.0,0.8,6.0,34.0,1,rolling,losing_streak_fitness,1_day,rep_2
test,4,86986,125287,125287,130699,2,13,2697,5.25,9,4,5,-1000.0,0,0.0,0.0,0.0,inf,0.0,0.0,0.0,0.0,0,rolling,losing_streak_fitness,1_day,rep_2
train,4,86986,125287,125287,130699,3,13,2697,5.25,9,4,2,522.8527517380013,15,135.0,192.0,57.0,3.3684210526315788,22.0,0.8,9.0,19.0,1,rolling,losing_streak_fitness,1_day,rep_2
test,4,86986,125287,125287,130699,3,13,2697,5.25,9,4,2,-1000.0,0,0.0,0.0,0.0,inf,0.0,0.0,0.0,0.0,0,rolling,losing_streak_fitness,1_day,rep_2
train,4,86986,125287,125287,130699,4,15,2165,9.0,2,4,2,371.3717813727909,13,103.0,160.0,57.0,2.807017543859649,19.0,0.7692307692307693,7.923076923076923,19.0,1,rolling,losing_streak_fitness,1_day,rep_2
test,4,86986,125287,125287,130699,4,15,2165,9.0,2,4,2,-1000.0,0,0.0,0.0,0.0,inf,0.0,0.0,0.0,0.0,0,rolling,losing_streak_fitness,1_day,rep_2
train,4,86986,125287,125287,130699,5,12,1851,9.0,5,14,4,416.2364111896027,11,251.0,396.0,145.0,2.731034482758621,58.0,0.5454545454545454,22.818181818181817,29.0,2,rolling,losing_streak_fitness,1_day,rep_2
test,4,86986,125287,125287,130699,5,12,1851,9.0,5,14,4,-1000.0,0,0.0,0.0,0.0,inf,0.0,0.0,0.0,0.0,0,rolling,losing_streak_fitness,1_day,rep_2
train,4,86986,125287,125287,130699,6,12,1667,3.75,1,12,2,456.2314227572572,19,314.0,504.0,190.0,2.652631578947368,57.0,0.4736842105263157,16.526315789473685,19.0,3,rolling,losing_streak_fitness,1_day,rep_2
test,4,86986,125287,125287,130699,6,12,1667,3.75,1,12,2,-1000.0,0,0.0,0.0,0.0,inf,0.0,0.0,0.0,0.0,0,rolling,losing_streak_fitness,1_day,rep_2
train,4,86986,125287,125287,130699,7,12,3054,3.25,7,12,2,592.0,16,296.0,448.0,152.0,2.9473684210526314,38.0,0.5,18.5,19.0,2,rolling,losing_streak_fitness,1_day,rep_2
test,4,86986,125287,125287,130699,7,12,3054,3.25,7,12,2,-1000.0,0,0.0,0.0,0.0,inf,0.0,0.0,0.0,0.0,0,rolling,losing_streak_fitness,1_day,rep_2
train,4,86986,125287,125287,130699,8,12,1851,3.75,7,12,2,592.0,16,296.0,448.0,152.0,2.9473684210526314,38.0,0.5,18.5,19.0,2,rolling,losing_streak_fitness,1_day,rep_2
test,4,86986,125287,125287,130699,8,12,1851,3.75,7,12,2,-1000.0,0,0.0,0.0,0.0,inf,0.0,0.0,0.0,0.0,0,rolling,losing_streak_fitness,1_day,rep_2
train,4,86986,125287,125287,130699,9,12,1841,3.25,7,12,2,592.0,16,296.0,448.0,152.0,2.9473684210526314,38.0,0.5,18.5,19.0,2,rolling,losing_streak_fitness,1_day,rep_2
test,4,86986,125287,125287,130699,9,12,1841,3.25,7,12,2,-1000.0,0,0.0,0.0,0.0,inf,0.0,0.0,0.0,0.0,0,rolling,losing_streak_fitness,1_day,rep_2
train,4,86986,125287,125287,130699,10,12,2697,3.75,7,12,2,592.0,16,296.0,448.0,152.0,2.9473684210526314,38.0,0.5,18.5,19.0,2,rolling,losing_streak_fitness,1_day,rep_2
test,4,86986,125287,125287,130699,10,12,2697,3.75,7,12,2,-1000.0,0,0.0,0.0,0.0,inf,0.0,0.0,0.0,0.0,0,rolling,losing_streak_fitness,1_day,rep_2
train,4,86986,125287,125287,130699,11,12,1841,4.0,7,12,2,592.0,16,296.0,448.0,152.0,2.9473684210526314,38.0,0.5,18.5,19.0,2,rolling,losing_streak_fitness,1_day,rep_2
test,4,86986,125287,125287,130699,11,12,1841,4.0,7,12,2,-1000.0,0,0.0,0.0,0.0,inf,0.0,0.0,0.0,0.0,0,rolling,losing_streak_fitness,1_day,rep_2
train,4,86986,125287,125287,130699,12,12,2943,3.25,7,12,2,592.0,16,296.0,448.0,152.0,2.9473684210526314,38.0,0.5,18.5,19.0,2,rolling,losing_streak_fitness,1_day,rep_2
test,4,86986,125287,125287,130699,12,12,2943,3.25,7,12,2,-1000.0,0,0.0,0.0,0.0,inf,0.0,0.0,0.0,0.0,0,rolling,losing_streak_fitness,1_day,rep_2
train,4,86986,125287,125287,130699,13,12,3054,3.25,7,12,2,592.0,16,296.0,448.0,152.0,2.9473684210526314,38.0,0.5,18.5,19.0,2,rolling,losing_streak_fitness,1_day,rep_2
test,4,86986,125287,125287,130699,13,12,3054,3.25,7,12,2,-1000.0,0,0.0,0.0,0.0,inf,0.0,0.0,0.0,0.0,0,rolling,losing_streak_fitness,1_day,rep_2
train,4,86986,125287,125287,130699,14,12,1851,4.0,7,12,2,592.0,16,296.0,448.0,152.0,2.9473684210526314,38.0,0.5,18.5,19.0,2,rolling,losing_streak_fitness,1_day,rep_2
test,4,86986,125287,125287,130699,14,12,1851,4.0,7,12,2,-1000.0,0,0.0,0.0,0.0,inf,0.0,0.0,0.0,0.0,0,rolling,losing_streak_fitness,1_day,rep_2
train,4,86986,125287,125287,130699,15,12,3054,3.75,7,12,2,592.0,16,296.0,448.0,152.0,2.9473684210526314,38.0,0.5,18.5,19.0,2,rolling,losing_streak_fitness,1_day,rep_2
test,4,86986,125287,125287,130699,15,12,3054,3.75,7,12,2,-1000.0,0,0.0,0.0,0.0,inf,0.0,0.0,0.0,0.0,0,rolling,losing_streak_fitness,1_day,rep_2
train,4,86986,125287,125287,130699,16,12,1841,3.25,7,12,2,592.0,16,296.0,448.0,152.0,2.9473684210526314,38.0,0.5,18.5,19.0,2,rolling,losing_streak_fitness,1_day,rep_2
test,4,86986,125287,125287,130699,16,12,1841,3.25,7,12,2,-1000.0,0,0.0,0.0,0.0,inf,0.0,0.0,0.0,0.0,0,rolling,losing_streak_fitness,1_day,rep_2
train,4,86986,125287,125287,130699,17,12,1841,3.75,7,12,2,592.0,16,296.0,448.0,152.0,2.9473684210526314,38.0,0.5,18.5,19.0,2,rolling,losing_streak_fitness,1_day,rep_2
test,4,86986,125287,125287,130699,17,12,1841,3.75,7,12,2,-1000.0,0,0.0,0.0,0.0,inf,0.0,0.0,0.0,0.0,0,rolling,losing_streak_fitness,1_day,rep_2
train,4,86986,125287,125287,130699,18,12,1841,3.0,7,12,2,592.0,16,296.0,448.0,152.0,2.9473684210526314,38.0,0.5,18.5,19.0,2,rolling,losing_streak_fitness,1_day,rep_2
test,4,86986,125287,125287,130699,18,12,1841,3.0,7,12,2,-1000.0,0,0.0,0.0,0.0,inf,0.0,0.0,0.0,0.0,0,rolling,losing_streak_fitness,1_day,rep_2
train,4,86986,125287,125287,130699,19,12,2943,3.0,7,12,2,592.0,16,296.0,448.0,152.0,2.9473684210526314,38.0,0.5,18.5,19.0,2,rolling,losing_streak_fitness,1_day,rep_2
test,4,86986,125287,125287,130699,19,12,2943,3.0,7,12,2,-1000.0,0,0.0,0.0,0.0,inf,0.0,0.0,0.0,0.0,0,rolling,losing_streak_fitness,1_day,rep_2
train,4,86986,125287,125287,130699,20,12,1859,3.5,7,12,2,592.0,16,296.0,448.0,152.0,2.9473684210526314,38.0,0.5,18.5,19.0,2,rolling,losing_streak_fitness,1_day,rep_2
test,4,86986,125287,125287,130699,20,12,1859,3.5,7,12,2,-1000.0,0,0.0,0.0,0.0,inf,0.0,0.0,0.0,0.0,0,rolling,losing_streak_fitness,1_day,rep_2
train,4,86986,125287,125287,130699,21,12,1851,4.0,7,12,2,592.0,16,296.0,448.0,152.0,2.9473684210526314,38.0,0.5,18.5,19.0,2,rolling,losing_streak_fitness,1_day,rep_2
test,4,86986,125287,125287,130699,21,12,1851,4.0,7,12,2,-1000.0,0,0.0,0.0,0.0,inf,0.0,0.0,0.0,0.0,0,rolling,losing_streak_fitness,1_day,rep_2
train,4,86986,125287,125287,130699,22,12,1841,3.75,7,12,2,592.0,16,296.0,448.0,152.0,2.9473684210526314,38.0,0.5,18.5,19.0,2,rolling,losing_streak_fitness,1_day,rep_2
test,4,86986,125287,125287,130699,22,12,1841,3.75,7,12,2,-1000.0,0,0.0,0.0,0.0,inf,0.0,0.0,0.0,0.0,0,rolling,losing_streak_fitness,1_day,rep_2
train,4,86986,125287,125287,130699,23,12,1851,3.5,7,12,2,592.0,16,296.0,448.0,152.0,2.9473684210526314,38.0,0.5,18.5,19.0,2,rolling,losing_streak_fitness,1_day,rep_2
test,4,86986,125287,125287,130699,23,12,1851,3.5,7,12,2,-1000.0,0,0.0,0.0,0.0,inf,0.0,0.0,0.0,0.0,0,rolling,losing_streak_fitness,1_day,rep_2
train,4,86986,125287,125287,130699,24,12,1776,3.75,7,12,2,592.0,16,296.0,448.0,152.0,2.9473684210526314,38.0,0.5,18.5,19.0,2,rolling,losing_streak_fitness,1_day,rep_2
test,4,86986,125287,125287,130699,24,12,1776,3.75,7,12,2,-1000.0,0,0.0,0.0,0.0,inf,0.0,0.0,0.0,0.0,0,rolling,losing_streak_fitness,1_day,rep_2
train,4,86986,125287,125287,130699,25,12,1906,3.75,7,12,2,592.0,16,296.0,448.0,152.0,2.9473684210526314,38.0,0.5,18.5,19.0,2,rolling,losing_streak_fitness,1_day,rep_2
test,4,86986,125287,125287,130699,25,12,1906,3.75,7,12,2,-1000.0,0,0.0,0.0,0.0,inf,0.0,0.0,0.0,0.0,0,rolling,losing_streak_fitness,1_day,rep_2
train,4,86986,125287,125287,130699,26,12,1665,4.0,7,12,2,592.0,16,296.0,448.0,152.0,2.9473684210526314,38.0,0.5,18.5,19.0,2,rolling,losing_streak_fitness,1_day,rep_2
test,4,86986,125287,125287,130699,26,12,1665,4.0,7,12,2,-1000.0,0,0.0,0.0,0.0,inf,0.0,0.0,0.0,0.0,0,rolling,losing_streak_fitness,1_day,rep_2
train,4,86986,125287,125287,130699,27,12,1851,4.25,7,12,2,592.0,16,296.0,448.0,152.0,2.9473684210526314,38.0,0.5,18.5,19.0,2,rolling,losing_streak_fitness,1_day,rep_2
test,4,86986,125287,125287,130699,27,12,1851,4.25,7,12,2,-1000.0,0,0.0,0.0,0.0,inf,0.0,0.0,0.0,0.0,0,rolling,losing_streak_fitness,1_day,rep_2
train,4,86986,125287,125287,130699,28,12,1851,3.75,7,12,2,592.0,16,296.0,448.0,152.0,2.9473684210526314,38.0,0.5,18.5,19.0,2,rolling,losing_streak_fitness,1_day,rep_2
test,4,86986,125287,125287,130699,28,12,1851,3.75,7,12,2,-1000.0,0,0.0,0.0,0.0,inf,0.0,0.0,0.0,0.0,0,rolling,losing_streak_fitness,1_day,rep_2
train,4,86986,125287,125287,130699,29,12,2165,3.25,7,12,2,592.0,16,296.0,448.0,152.0,2.9473684210526314,38.0,0.5,18.5,19.0,2,rolling,losing_streak_fitness,1_day,rep_2
test,4,86986,125287,125287,130699,29,12,2165,3.25,7,12,2,-1000.0,0,0.0,0.0,0.0,inf,0.0,0.0,0.0,0.0,0,rolling,losing_streak_fitness,1_day,rep_2
train,4,86986,125287,125287,130699,30,12,2007,3.25,8,12,2,592.0,16,296.0,448.0,152.0,2.9473684210526314,38.0,0.5,18.5,19.0,2,rolling,losing_streak_fitness,1_day,rep_2
test,4,86986,125287,125287,130699,30,12,2007,3.25,8,12,2,-1000.0,0,0.0,0.0,0.0,inf,0.0,0.0,0.0,0.0,0,rolling,losing_streak_fitness,1_day,rep_2
train,4,86986,125287,125287,130699,31,12,2039,3.25,7,12,2,592.0,16,296.0,448.0,152.0,2.9473684210526314,38.0,0.5,18.5,19.0,2,rolling,losing_streak_fitness,1_day,rep_2
test,4,86986,125287,125287,130699,31,12,2039,3.25,7,12,2,-1000.0,0,0.0,0.0,0.0,inf,0.0,0.0,0.0,0.0,0,rolling,losing_streak_fitness,1_day,rep_2
train,4,86986,125287,125287,130699,32,12,1841,3.75,7,12,2,592.0,16,296.0,448.0,152.0,2.9473684210526314,38.0,0.5,18.5,19.0,2,rolling,losing_streak_fitness,1_day,rep_2
test,4,86986,125287,125287,130699,32,12,1841,3.75,7,12,2,-1000.0,0,0.0,0.0,0.0,inf,0.0,0.0,0.0,0.0,0,rolling,losing_streak_fitness,1_day,rep_2
train,4,86986,125287,125287,130699,33,12,1906,3.25,7,12,2,592.0,16,296.0,448.0,152.0,2.9473684210526314,38.0,0.5,18.5,19.0,2,rolling,losing_streak_fitness,1_day,rep_2
test,4,86986,125287,125287,130699,33,12,1906,3.25,7,12,2,-1000.0,0,0.0,0.0,0.0,inf,0.0,0.0,0.0,0.0,0,rolling,losing_streak_fitness,1_day,rep_2
train,4,86986,125287,125287,130699,34,12,1896,3.0,8,12,2,592.0,16,296.0,448.0,152.0,2.9473684210526314,38.0,0.5,18.5,19.0,2,rolling,losing_streak_fitness,1_day,rep_2
test,4,86986,125287,125287,130699,34,12,1896,3.0,8,12,2,-1000.0,0,0.0,0.0,0.0,inf,0.0,0.0,0.0,0.0,0,rolling,losing_streak_fitness,1_day,rep_2
train,4,86986,125287,125287,130699,35,12,2007,3.75,8,12,2,592.0,16,296.0,448.0,152.0,2.9473684210526314,38.0,0.5,18.5,19.0,2,rolling,losing_streak_fitness,1_day,rep_2
test,4,86986,125287,125287,130699,35,12,2007,3.75,8,12,2,-1000.0,0,0.0,0.0,0.0,inf,0.0,0.0,0.0,0.0,0,rolling,losing_streak_fitness,1_day,rep_2
train,4,86986,125287,125287,130699,36,12,1841,3.0,7,12,2,592.0,16,296.0,448.0,152.0,2.9473684210526314,38.0,0.5,18.5,19.0,2,rolling,losing_streak_fitness,1_day,rep_2
test,4,86986,125287,125287,130699,36,12,1841,3.0,7,12,2,-1000.0,0,0.0,0.0,0.0,inf,0.0,0.0,0.0,0.0,0,rolling,losing_streak_fitness,1_day,rep_2
train,4,86986,125287,125287,130699,37,12,2007,3.75,8,12,2,592.0,16,296.0,448.0,152.0,2.9473684210526314,38.0,0.5,18.5,19.0,2,rolling,losing_streak_fitness,1_day,rep_2
test,4,86986,125287,125287,130699,37,12,2007,3.75,8,12,2,-1000.0,0,0.0,0.0,0.0,inf,0.0,0.0,0.0,0.0,0,rolling,losing_streak_fitness,1_day,rep_2
train,4,86986,125287,125287,130699,38,12,1548,3.25,7,12,2,592.0,16,296.0,448.0,152.0,2.9473684210526314,38.0,0.5,18.5,19.0,2,rolling,losing_streak_fitness,1_day,rep_2
test,4,86986,125287,125287,130699,38,12,1548,3.25,7,12,2,-1000.0,0,0.0,0.0,0.0,inf,0.0,0.0,0.0,0.0,0,rolling,losing_streak_fitness,1_day,rep_2
train,4,86986,125287,125287,130699,39,12,1739,3.0,8,12,2,592.0,16,296.0,448.0,152.0,2.9473684210526314,38.0,0.5,18.5,19.0,2,rolling,losing_streak_fitness,1_day,rep_2
test,4,86986,125287,125287,130699,39,12,1739,3.0,8,12,2,-1000.0,0,0.0,0.0,0.0,inf,0.0,0.0,0.0,0.0,0,rolling,losing_streak_fitness,1_day,rep_2
train,4,86986,125287,125287,130699,40,12,1841,3.5,7,12,2,592.0,16,296.0,448.0,152.0,2.9473684210526314,38.0,0.5,18.5,19.0,2,rolling,losing_streak_fitness,1_day,rep_2
test,4,86986,125287,125287,130699,40,12,1841,3.5,7,12,2,-1000.0,0,0.0,0.0,0.0,inf,0.0,0.0,0.0,0.0,0,rolling,losing_streak_fitness,1_day,rep_2
train,4,86986,125287,125287,130699,41,12,1841,3.25,7,12,2,592.0,16,296.0,448.0,152.0,2.9473684210526314,38.0,0.5,18.5,19.0,2,rolling,losing_streak_fitness,1_day,rep_2
test,4,86986,125287,125287,130699,41,12,1841,3.25,7,12,2,-1000.0,0,0.0,0.0,0.0,inf,0.0,0.0,0.0,0.0,0,rolling,losing_streak_fitness,1_day,rep_2
train,4,86986,125287,125287,130699,42,12,2039,3.0,7,12,2,592.0,16,296.0,448.0,152.0,2.9473684210526314,38.0,0.5,18.5,19.0,2,rolling,losing_streak_fitness,1_day,rep_2
test,4,86986,125287,125287,130699,42,12,2039,3.0,7,12,2,-1000.0,0,0.0,0.0,0.0,inf,0.0,0.0,0.0,0.0,0,rolling,losing_streak_fitness,1_day,rep_2
train,4,86986,125287,125287,130699,43,12,1625,3.5,7,12,2,592.0,16,296.0,448.0,152.0,2.9473684210526314,38.0,0.5,18.5,19.0,2,rolling,losing_streak_fitness,1_day,rep_2
test,4,86986,125287,125287,130699,43,12,1625,3.5,7,12,2,-1000.0,0,0.0,0.0,0.0,inf,0.0,0.0,0.0,0.0,0,rolling,losing_streak_fitness,1_day,rep_2
train,4,86986,125287,125287,130699,44,12,1675,3.75,7,12,2,592.0,16,296.0,448.0,152.0,2.9473684210526314,38.0,0.5,18.5,19.0,2,rolling,losing_streak_fitness,1_day,rep_2
test,4,86986,125287,125287,130699,44,12,1675,3.75,7,12,2,-1000.0,0,0.0,0.0,0.0,inf,0.0,0.0,0.0,0.0,0,rolling,losing_streak_fitness,1_day,rep_2
train,4,86986,125287,125287,130699,45,12,1933,3.5,7,12,2,592.0,16,296.0,448.0,152.0,2.9473684210526314,38.0,0.5,18.5,19.0,2,rolling,losing_streak_fitness,1_day,rep_2
test,4,86986,125287,125287,130699,45,12,1933,3.5,7,12,2,-1000.0,0,0.0,0.0,0.0,inf,0.0,0.0,0.0,0.0,0,rolling,losing_streak_fitness,1_day,rep_2
train,4,86986,125287,125287,130699,46,12,2186,3.0,7,12,2,592.0,16,296.0,448.0,152.0,2.9473684210526314,38.0,0.5,18.5,19.0,2,rolling,losing_streak_fitness,1_day,rep_2
test,4,86986,125287,125287,130699,46,12,2186,3.0,7,12,2,-1000.0,0,0.0,0.0,0.0,inf,0.0,0.0,0.0,0.0,0,rolling,losing_streak_fitness,1_day,rep_2
train,4,86986,125287,125287,130699,47,12,2039,3.25,7,12,2,592.0,16,296.0,448.0,152.0,2.9473684210526314,38.0,0.5,18.5,19.0,2,rolling,losing_streak_fitness,1_day,rep_2
test,4,86986,125287,125287,130699,47,12,2039,3.25,7,12,2,-1000.0,0,0.0,0.0,0.0,inf,0.0,0.0,0.0,0.0,0,rolling,losing_streak_fitness,1_day,rep_2
train,4,86986,125287,125287,130699,48,12,1625,3.25,7,12,2,592.0,16,296.0,448.0,152.0,2.9473684210526314,38.0,0.5,18.5,19.0,2,rolling,losing_streak_fitness,1_day,rep_2
test,4,86986,125287,125287,130699,48,12,1625,3.25,7,12,2,-1000.0,0,0.0,0.0,0.0,inf,0.0,0.0,0.0,0.0,0,rolling,losing_streak_fitness,1_day,rep_2
train,4,86986,125287,125287,130699,49,12,1914,3.25,7,12,2,592.0,16,296.0,448.0,152.0,2.9473684210526314,38.0,0.5,18.5,19.0,2,rolling,losing_streak_fitness,1_day,rep_2
test,4,86986,125287,125287,130699,49,12,1914,3.25,7,12,2,-1000.0,0,0.0,0.0,0.0,inf,0.0,0.0,0.0,0.0,0,rolling,losing_streak_fitness,1_day,rep_2
train,4,86986,125287,125287,130699,50,12,1739,3.25,7,12,2,592.0,16,296.0,448.0,152.0,2.9473684210526314,38.0,0.5,18.5,19.0,2,rolling,losing_streak_fitness,1_day,rep_2
test,4,86986,125287,125287,130699,50,12,1739,3.25,7,12,2,-1000.0,0,0.0,0.0,0.0,inf,0.0,0.0,0.0,0.0,0,rolling,losing_streak_fitness,1_day,rep_2
train,4,86986,125287,125287,130699,51,12,2186,3.25,7,12,2,592.0,16,296.0,448.0,152.0,2.9473684210526314,38.0,0.5,18.5,19.0,2,rolling,losing_streak_fitness,1_day,rep_2
test,4,86986,125287,125287,130699,51,12,2186,3.25,7,12,2,-1000.0,0,0.0,0.0,0.0,inf,0.0,0.0,0.0,0.0,0,rolling,losing_streak_fitness,1_day,rep_2
train,4,86986,125287,125287,130699,52,12,1989,3.5,7,12,2,592.0,16,296.0,448.0,152.0,2.9473684210526314,38.0,0.5,18.5,19.0,2,rolling,losing_streak_fitness,1_day,rep_2
test,4,86986,125287,125287,130699,52,12,1989,3.5,7,12,2,-1000.0,0,0.0,0.0,0.0,inf,0.0,0.0,0.0,0.0,0,rolling,losing_streak_fitness,1_day,rep_2
train,4,86986,125287,125287,130699,53,12,1971,3.25,8,12,2,592.0,16,296.0,448.0,152.0,2.9473684210526314,38.0,0.5,18.5,19.0,2,rolling,losing_streak_fitness,1_day,rep_2
test,4,86986,125287,125287,130699,53,12,1971,3.25,8,12,2,-1000.0,0,0.0,0.0,0.0,inf,0.0,0.0,0.0,0.0,0,rolling,losing_streak_fitness,1_day,rep_2
train,4,86986,125287,125287,130699,54,12,2404,3.25,7,12,2,592.0,16,296.0,448.0,152.0,2.9473684210526314,38.0,0.5,18.5,19.0,2,rolling,losing_streak_fitness,1_day,rep_2
test,4,86986,125287,125287,130699,54,12,2404,3.25,7,12,2,-1000.0,0,0.0,0.0,0.0,inf,0.0,0.0,0.0,0.0,0,rolling,losing_streak_fitness,1_day,rep_2
train,4,86986,125287,125287,130699,55,12,1914,3.0,7,12,2,592.0,16,296.0,448.0,152.0,2.9473684210526314,38.0,0.5,18.5,19.0,2,rolling,losing_streak_fitness,1_day,rep_2
test,4,86986,125287,125287,130699,55,12,1914,3.0,7,12,2,-1000.0,0,0.0,0.0,0.0,inf,0.0,0.0,0.0,0.0,0,rolling,losing_streak_fitness,1_day,rep_2
train,4,86986,125287,125287,130699,56,12,2039,3.5,8,12,2,592.0,16,296.0,448.0,152.0,2.9473684210526314,38.0,0.5,18.5,19.0,2,rolling,losing_streak_fitness,1_day,rep_2
test,4,86986,125287,125287,130699,56,12,2039,3.5,8,12,2,-1000.0,0,0.0,0.0,0.0,inf,0.0,0.0,0.0,0.0,0,rolling,losing_streak_fitness,1_day,rep_2
train,4,86986,125287,125287,130699,57,12,2120,3.25,7,12,2,592.0,16,296.0,448.0,152.0,2.9473684210526314,38.0,0.5,18.5,19.0,2,rolling,losing_streak_fitness,1_day,rep_2
test,4,86986,125287,125287,130699,57,12,2120,3.25,7,12,2,-1000.0,0,0.0,0.0,0.0,inf,0.0,0.0,0.0,0.0,0,rolling,losing_streak_fitness,1_day,rep_2
train,4,86986,125287,125287,130699,58,12,1916,3.5,7,12,2,592.0,16,296.0,448.0,152.0,2.9473684210526314,38.0,0.5,18.5,19.0,2,rolling,losing_streak_fitness,1_day,rep_2
test,4,86986,125287,125287,130699,58,12,1916,3.5,7,12,2,-1000.0,0,0.0,0.0,0.0,inf,0.0,0.0,0.0,0.0,0,rolling,losing_streak_fitness,1_day,rep_2
train,4,86986,125287,125287,130699,59,12,2404,3.25,8,12,2,592.0,16,296.0,448.0,152.0,2.9473684210526314,38.0,0.5,18.5,19.0,2,rolling,losing_streak_fitness,1_day,rep_2
test,4,86986,125287,125287,130699,59,12,2404,3.25,8,12,2,-1000.0,0,0.0,0.0,0.0,inf,0.0,0.0,0.0,0.0,0,rolling,losing_streak_fitness,1_day,rep_2
train,4,86986,125287,125287,130699,60,12,1914,3.25,8,12,2,592.0,16,296.0,448.0,152.0,2.9473684210526314,38.0,0.5,18.5,19.0,2,rolling,losing_streak_fitness,1_day,rep_2
test,4,86986,125287,125287,130699,60,12,1914,3.25,8,12,2,-1000.0,0,0.0,0.0,0.0,inf,0.0,0.0,0.0,0.0,0,rolling,losing_streak_fitness,1_day,rep_2
train,4,86986,125287,125287,130699,61,12,1914,3.25,8,12,2,592.0,16,296.0,448.0,152.0,2.9473684210526314,38.0,0.5,18.5,19.0,2,rolling,losing_streak_fitness,1_day,rep_2
test,4,86986,125287,125287,130699,61,12,1914,3.25,8,12,2,-1000.0,0,0.0,0.0,0.0,inf,0.0,0.0,0.0,0.0,0,rolling,losing_streak_fitness,1_day,rep_2
train,4,86986,125287,125287,130699,62,12,1914,3.25,8,12,2,592.0,16,296.0,448.0,152.0,2.9473684210526314,38.0,0.5,18.5,19.0,2,rolling,losing_streak_fitness,1_day,rep_2
test,4,86986,125287,125287,130699,62,12,1914,3.25,8,12,2,-1000.0,0,0.0,0.0,0.0,inf,0.0,0.0,0.0,0.0,0,rolling,losing_streak_fitness,1_day,rep_2
train,4,86986,125287,125287,130699,63,12,2100,3.0,7,12,2,592.0,16,296.0,448.0,152.0,2.9473684210526314,38.0,0.5,18.5,19.0,2,rolling,losing_streak_fitness,1_day,rep_2
test,4,86986,125287,125287,130699,63,12,2100,3.0,7,12,2,-1000.0,0,0.0,0.0,0.0,inf,0.0,0.0,0.0,0.0,0,rolling,losing_streak_fitness,1_day,rep_2
train,4,86986,125287,125287,130699,64,12,1989,3.5,7,12,2,592.0,16,296.0,448.0,152.0,2.9473684210526314,38.0,0.5,18.5,19.0,2,rolling,losing_streak_fitness,1_day,rep_2
test,4,86986,125287,125287,130699,64,12,1989,3.5,7,12,2,-1000.0,0,0.0,0.0,0.0,inf,0.0,0.0,0.0,0.0,0,rolling,losing_streak_fitness,1_day,rep_2
train,4,86986,125287,125287,130699,65,12,2331,3.25,7,12,2,592.0,16,296.0,448.0,152.0,2.9473684210526314,38.0,0.5,18.5,19.0,2,rolling,losing_streak_fitness,1_day,rep_2
test,4,86986,125287,125287,130699,65,12,2331,3.25,7,12,2,-1000.0,0,0.0,0.0,0.0,inf,0.0,0.0,0.0,0.0,0,rolling,losing_streak_fitness,1_day,rep_2
train,4,86986,125287,125287,130699,66,12,2039,3.0,7,12,2,592.0,16,296.0,448.0,152.0,2.9473684210526314,38.0,0.5,18.5,19.0,2,rolling,losing_streak_fitness,1_day,rep_2
test,4,86986,125287,125287,130699,66,12,2039,3.0,7,12,2,-1000.0,0,0.0,0.0,0.0,inf,0.0,0.0,0.0,0.0,0,rolling,losing_streak_fitness,1_day,rep_2
train,4,86986,125287,125287,130699,67,12,1914,3.0,7,12,2,592.0,16,296.0,448.0,152.0,2.9473684210526314,38.0,0.5,18.5,19.0,2,rolling,losing_streak_fitness,1_day,rep_2
test,4,86986,125287,125287,130699,67,12,1914,3.0,7,12,2,-1000.0,0,0.0,0.0,0.0,inf,0.0,0.0,0.0,0.0,0,rolling,losing_streak_fitness,1_day,rep_2
train,4,86986,125287,125287,130699,68,12,2039,3.5,7,12,2,592.0,16,296.0,448.0,152.0,2.9473684210526314,38.0,0.5,18.5,19.0,2,rolling,losing_streak_fitness,1_day,rep_2
test,4,86986,125287,125287,130699,68,12,2039,3.5,7,12,2,-1000.0,0,0.0,0.0,0.0,inf,0.0,0.0,0.0,0.0,0,rolling,losing_streak_fitness,1_day,rep_2
train,4,86986,125287,125287,130699,69,12,1989,3.75,7,12,2,592.0,16,296.0,448.0,152.0,2.9473684210526314,38.0,0.5,18.5,19.0,2,rolling,losing_streak_fitness,1_day,rep_2
test,4,86986,125287,125287,130699,69,12,1989,3.75,7,12,2,-1000.0,0,0.0,0.0,0.0,inf,0.0,0.0,0.0,0.0,0,rolling,losing_streak_fitness,1_day,rep_2
train,4,86986,125287,125287,130699,70,12,1933,3.0,7,12,2,592.0,16,296.0,448.0,152.0,2.9473684210526314,38.0,0.5,18.5,19.0,2,rolling,losing_streak_fitness,1_day,rep_2
test,4,86986,125287,125287,130699,70,12,1933,3.0,7,12,2,-1000.0,0,0.0,0.0,0.0,inf,0.0,0.0,0.0,0.0,0,rolling,losing_streak_fitness,1_day,rep_2
train,4,86986,125287,125287,130699,71,12,2331,3.0,7,12,2,592.0,16,296.0,448.0,152.0,2.9473684210526314,38.0,0.5,18.5,19.0,2,rolling,losing_streak_fitness,1_day,rep_2
test,4,86986,125287,125287,130699,71,12,2331,3.0,7,12,2,-1000.0,0,0.0,0.0,0.0,inf,0.0,0.0,0.0,0.0,0,rolling,losing_streak_fitness,1_day,rep_2
train,4,86986,125287,125287,130699,72,12,2331,3.25,8,12,2,592.0,16,296.0,448.0,152.0,2.9473684210526314,38.0,0.5,18.5,19.0,2,rolling,losing_streak_fitness,1_day,rep_2
test,4,86986,125287,125287,130699,72,12,2331,3.25,8,12,2,-1000.0,0,0.0,0.0,0.0,inf,0.0,0.0,0.0,0.0,0,rolling,losing_streak_fitness,1_day,rep_2
train,4,86986,125287,125287,130699,73,12,1952,3.75,8,12,2,592.0,16,296.0,448.0,152.0,2.9473684210526314,38.0,0.5,18.5,19.0,2,rolling,losing_streak_fitness,1_day,rep_2
test,4,86986,125287,125287,130699,73,12,1952,3.75,8,12,2,-1000.0,0,0.0,0.0,0.0,inf,0.0,0.0,0.0,0.0,0,rolling,losing_streak_fitness,1_day,rep_2
train,4,86986,125287,125287,130699,74,12,2331,3.0,8,12,2,592.0,16,296.0,448.0,152.0,2.9473684210526314,38.0,0.5,18.5,19.0,2,rolling,losing_streak_fitness,1_day,rep_2
test,4,86986,125287,125287,130699,74,12,2331,3.0,8,12,2,-1000.0,0,0.0,0.0,0.0,inf,0.0,0.0,0.0,0.0,0,rolling,losing_streak_fitness,1_day,rep_2
train,4,86986,125287,125287,130699,75,12,2331,3.5,8,12,2,592.0,16,296.0,448.0,152.0,2.9473684210526314,38.0,0.5,18.5,19.0,2,rolling,losing_streak_fitness,1_day,rep_2
test,4,86986,125287,125287,130699,75,12,2331,3.5,8,12,2,-1000.0,0,0.0,0.0,0.0,inf,0.0,0.0,0.0,0.0,0,rolling,losing_streak_fitness,1_day,rep_2
train,4,86986,125287,125287,130699,76,12,2039,3.75,8,12,2,592.0,16,296.0,448.0,152.0,2.9473684210526314,38.0,0.5,18.5,19.0,2,rolling,losing_streak_fitness,1_day,rep_2
test,4,86986,125287,125287,130699,76,12,2039,3.75,8,12,2,-1000.0,0,0.0,0.0,0.0,inf,0.0,0.0,0.0,0.0,0,rolling,losing_streak_fitness,1_day,rep_2
train,4,86986,125287,125287,130699,77,12,2331,3.25,8,12,2,592.0,16,296.0,448.0,152.0,2.9473684210526314,38.0,0.5,18.5,19.0,2,rolling,losing_streak_fitness,1_day,rep_2
test,4,86986,125287,125287,130699,77,12,2331,3.25,8,12,2,-1000.0,0,0.0,0.0,0.0,inf,0.0,0.0,0.0,0.0,0,rolling,losing_streak_fitness,1_day,rep_2
train,4,86986,125287,125287,130699,78,12,2331,3.75,7,12,2,592.0,16,296.0,448.0,152.0,2.9473684210526314,38.0,0.5,18.5,19.0,2,rolling,losing_streak_fitness,1_day,rep_2
test,4,86986,125287,125287,130699,78,12,2331,3.75,7,12,2,-1000.0,0,0.0,0.0,0.0,inf,0.0,0.0,0.0,0.0,0,rolling,losing_streak_fitness,1_day,rep_2
train,4,86986,125287,125287,130699,79,12,1933,3.25,7,12,2,592.0,16,296.0,448.0,152.0,2.9473684210526314,38.0,0.5,18.5,19.0,2,rolling,losing_streak_fitness,1_day,rep_2
test,4,86986,125287,125287,130699,79,12,1933,3.25,7,12,2,-1000.0,0,0.0,0.0,0.0,inf,0.0,0.0,0.0,0.0,0,rolling,losing_streak_fitness,1_day,rep_2
train,4,86986,125287,125287,130699,80,12,2331,3.25,7,12,2,592.0,16,296.0,448.0,152.0,2.9473684210526314,38.0,0.5,18.5,19.0,2,rolling,losing_streak_fitness,1_day,rep_2
test,4,86986,125287,125287,130699,80,12,2331,3.25,7,12,2,-1000.0,0,0.0,0.0,0.0,inf,0.0,0.0,0.0,0.0,0,rolling,losing_streak_fitness,1_day,rep_2
train,4,86986,125287,125287,130699,81,12,2331,3.25,8,12,2,592.0,16,296.0,448.0,152.0,2.9473684210526314,38.0,0.5,18.5,19.0,2,rolling,losing_streak_fitness,1_day,rep_2
test,4,86986,125287,125287,130699,81,12,2331,3.25,8,12,2,-1000.0,0,0.0,0.0,0.0,inf,0.0,0.0,0.0,0.0,0,rolling,losing_streak_fitness,1_day,rep_2
train,4,86986,125287,125287,130699,82,12,1933,3.0,7,12,2,592.0,16,296.0,448.0,152.0,2.9473684210526314,38.0,0.5,18.5,19.0,2,rolling,losing_streak_fitness,1_day,rep_2
test,4,86986,125287,125287,130699,82,12,1933,3.0,7,12,2,-1000.0,0,0.0,0.0,0.0,inf,0.0,0.0,0.0,0.0,0,rolling,losing_streak_fitness,1_day,rep_2
train,4,86986,125287,125287,130699,83,12,2331,3.75,7,12,2,592.0,16,296.0,448.0,152.0,2.9473684210526314,38.0,0.5,18.5,19.0,2,rolling,losing_streak_fitness,1_day,rep_2
test,4,86986,125287,125287,130699,83,12,2331,3.75,7,12,2,-1000.0,0,0.0,0.0,0.0,inf,0.0,0.0,0.0,0.0,0,rolling,losing_streak_fitness,1_day,rep_2
train,4,86986,125287,125287,130699,84,12,2284,3.0,8,12,2,592.0,16,296.0,448.0,152.0,2.9473684210526314,38.0,0.5,18.5,19.0,2,rolling,losing_streak_fitness,1_day,rep_2
test,4,86986,125287,125287,130699,84,12,2284,3.0,8,12,2,-1000.0,0,0.0,0.0,0.0,inf,0.0,0.0,0.0,0.0,0,rolling,losing_streak_fitness,1_day,rep_2
train,4,86986,125287,125287,130699,85,12,1794,3.25,8,12,2,592.0,16,296.0,448.0,152.0,2.9473684210526314,38.0,0.5,18.5,19.0,2,rolling,losing_streak_fitness,1_day,rep_2
test,4,86986,125287,125287,130699,85,12,1794,3.25,8,12,2,-1000.0,0,0.0,0.0,0.0,inf,0.0,0.0,0.0,0.0,0,rolling,losing_streak_fitness,1_day,rep_2
train,4,86986,125287,125287,130699,86,12,2331,3.0,8,12,2,592.0,16,296.0,448.0,152.0,2.9473684210526314,38.0,0.5,18.5,19.0,2,rolling,losing_streak_fitness,1_day,rep_2
test,4,86986,125287,125287,130699,86,12,2331,3.0,8,12,2,-1000.0,0,0.0,0.0,0.0,inf,0.0,0.0,0.0,0.0,0,rolling,losing_streak_fitness,1_day,rep_2
train,4,86986,125287,125287,130699,87,12,1896,3.25,7,12,2,592.0,16,296.0,448.0,152.0,2.9473684210526314,38.0,0.5,18.5,19.0,2,rolling,losing_streak_fitness,1_day,rep_2
test,4,86986,125287,125287,130699,87,12,1896,3.25,7,12,2,-1000.0,0,0.0,0.0,0.0,inf,0.0,0.0,0.0,0.0,0,rolling,losing_streak_fitness,1_day,rep_2
train,4,86986,125287,125287,130699,88,12,2331,3.0,8,12,2,592.0,16,296.0,448.0,152.0,2.9473684210526314,38.0,0.5,18.5,19.0,2,rolling,losing_streak_fitness,1_day,rep_2
test,4,86986,125287,125287,130699,88,12,2331,3.0,8,12,2,-1000.0,0,0.0,0.0,0.0,inf,0.0,0.0,0.0,0.0,0,rolling,losing_streak_fitness,1_day,rep_2
train,4,86986,125287,125287,130699,89,12,2331,3.0,8,12,2,592.0,16,296.0,448.0,152.0,2.9473684210526314,38.0,0.5,18.5,19.0,2,rolling,losing_streak_fitness,1_day,rep_2
test,4,86986,125287,125287,130699,89,12,2331,3.0,8,12,2,-1000.0,0,0.0,0.0,0.0,inf,0.0,0.0,0.0,0.0,0,rolling,losing_streak_fitness,1_day,rep_2
train,4,86986,125287,125287,130699,90,12,1809,3.0,7,12,2,592.0,16,296.0,448.0,152.0,2.9473684210526314,38.0,0.5,18.5,19.0,2,rolling,losing_streak_fitness,1_day,rep_2
test,4,86986,125287,125287,130699,90,12,1809,3.0,7,12,2,-1000.0,0,0.0,0.0,0.0,inf,0.0,0.0,0.0,0.0,0,rolling,losing_streak_fitness,1_day,rep_2
train,4,86986,125287,125287,130699,91,12,1809,3.25,8,12,2,592.0,16,296.0,448.0,152.0,2.9473684210526314,38.0,0.5,18.5,19.0,2,rolling,losing_streak_fitness,1_day,rep_2
test,4,86986,125287,125287,130699,91,12,1809,3.25,8,12,2,-1000.0,0,0.0,0.0,0.0,inf,0.0,0.0,0.0,0.0,0,rolling,losing_streak_fitness,1_day,rep_2
train,4,86986,125287,125287,130699,92,12,2284,3.25,8,12,2,592.0,16,296.0,448.0,152.0,2.9473684210526314,38.0,0.5,18.5,19.0,2,rolling,losing_streak_fitness,1_day,rep_2
test,4,86986,125287,125287,130699,92,12,2284,3.25,8,12,2,-1000.0,0,0.0,0.0,0.0,inf,0.0,0.0,0.0,0.0,0,rolling,losing_streak_fitness,1_day,rep_2
train,4,86986,125287,125287,130699,93,12,2284,3.75,8,12,2,592.0,16,296.0,448.0,152.0,2.9473684210526314,38.0,0.5,18.5,19.0,2,rolling,losing_streak_fitness,1_day,rep_2
test,4,86986,125287,125287,130699,93,12,2284,3.75,8,12,2,-1000.0,0,0.0,0.0,0.0,inf,0.0,0.0,0.0,0.0,0,rolling,losing_streak_fitness,1_day,rep_2
train,4,86986,125287,125287,130699,94,12,1794,3.0,8,12,2,592.0,16,296.0,448.0,152.0,2.9473684210526314,38.0,0.5,18.5,19.0,2,rolling,losing_streak_fitness,1_day,rep_2
test,4,86986,125287,125287,130699,94,12,1794,3.0,8,12,2,-1000.0,0,0.0,0.0,0.0,inf,0.0,0.0,0.0,0.0,0,rolling,losing_streak_fitness,1_day,rep_2
train,4,86986,125287,125287,130699,95,12,1916,3.0,8,12,2,592.0,16,296.0,448.0,152.0,2.9473684210526314,38.0,0.5,18.5,19.0,2,rolling,losing_streak_fitness,1_day,rep_2
test,4,86986,125287,125287,130699,95,12,1916,3.0,8,12,2,-1000.0,0,0.0,0.0,0.0,inf,0.0,0.0,0.0,0.0,0,rolling,losing_streak_fitness,1_day,rep_2
train,4,86986,125287,125287,130699,96,12,1794,3.25,8,12,2,592.0,16,296.0,448.0,152.0,2.9473684210526314,38.0,0.5,18.5,19.0,2,rolling,losing_streak_fitness,1_day,rep_2
test,4,86986,125287,125287,130699,96,12,1794,3.25,8,12,2,-1000.0,0,0.0,0.0,0.0,inf,0.0,0.0,0.0,0.0,0,rolling,losing_streak_fitness,1_day,rep_2
train,4,86986,125287,125287,130699,97,12,1794,3.25,8,12,2,592.0,16,296.0,448.0,152.0,2.9473684210526314,38.0,0.5,18.5,19.0,2,rolling,losing_streak_fitness,1_day,rep_2
test,4,86986,125287,125287,130699,97,12,1794,3.25,8,12,2,-1000.0,0,0.0,0.0,0.0,inf,0.0,0.0,0.0,0.0,0,rolling,losing_streak_fitness,1_day,rep_2
train,4,86986,125287,125287,130699,98,12,1668,3.0,8,12,2,592.0,16,296.0,448.0,152.0,2.9473684210526314,38.0,0.5,18.5,19.0,2,rolling,losing_streak_fitness,1_day,rep_2
test,4,86986,125287,125287,130699,98,12,1668,3.0,8,12,2,-1000.0,0,0.0,0.0,0.0,inf,0.0,0.0,0.0,0.0,0,rolling,losing_streak_fitness,1_day,rep_2
train,4,86986,125287,125287,130699,99,12,2284,3.25,8,12,2,592.0,16,296.0,448.0,152.0,2.9473684210526314,38.0,0.5,18.5,19.0,2,rolling,losing_streak_fitness,1_day,rep_2
test,4,86986,125287,125287,130699,99,12,2284,3.25,8,12,2,-1000.0,0,0.0,0.0,0.0,inf,0.0,0.0,0.0,0.0,0,rolling,losing_streak_fitness,1_day,rep_2
train,4,86986,125287,125287,130699,100,12,1668,3.0,8,12,2,592.0,16,296.0,448.0,152.0,2.9473684210526314,38.0,0.5,18.5,19.0,2,rolling,losing_streak_fitness,1_day,rep_2
test,4,86986,125287,125287,130699,100,12,1668,3.0,8,12,2,-1000.0,0,0.0,0.0,0.0,inf,0.0,0.0,0.0,0.0,0,rolling,losing_streak_fitness,1_day,rep_2
train,1,0,22406,22406,53560,0,7,1563,8.75,4,4,4,-49.0260701622673,8,-52.0,64.0,116.0,0.5517241379310345,87.0,0.5,-6.5,29.0,3,rolling,losing_streak_fitness,1_day,rep_3
test,1,0,22406,22406,53560,0,7,1563,8.75,4,4,4,-206.2207555024469,23,-172.0,176.0,348.0,0.5057471264367817,239.0,0.4782608695652174,-7.478260869565218,29.0,4,rolling,losing_streak_fitness,1_day,rep_3
train,1,0,22406,22406,53560,1,6,855,7.25,4,25,3,31.714285714285715,9,74.0,242.0,168.0,1.4404761904761905,168.0,0.2222222222222222,8.222222222222221,24.0,7,rolling,losing_streak_fitness,1_day,rep_3
test,1,0,22406,22406,53560,1,6,855,7.25,4,25,3,-12.5,25,-20.0,484.0,504.0,0.9603174603174603,192.0,0.16,-0.8,24.0,8,rolling,losing_streak_fitness,1_day,rep_3
train,1,0,22406,22406,53560,2,9,1563,8.75,2,15,4,-33.54101966249684,5,-45.0,71.0,116.0,0.6120689655172413,87.0,0.2,-9.0,29.0,3,rolling,losing_streak_fitness,1_day,rep_3
test,1,0,22406,22406,53560,2,9,1563,8.75,2,15,4,-73.94316626122182,18,-122.0,284.0,406.0,0.6995073891625616,277.0,0.2222222222222222,-6.777777777777778,29.0,7,rolling,losing_streak_fitness,1_day,rep_3
train,1,0,22406,22406,53560,3,7,2035,9.25,4,12,4,27.95084971874737,5,25.0,112.0,87.0,1.2873563218390804,58.0,0.4,5.0,29.0,2,rolling,losing_streak_fitness,1_day,rep_3
test,1,0,22406,22406,53560,3,7,2035,9.25,4,12,4,-73.58668357794093,15,-95.0,224.0,319.0,0.7021943573667712,149.0,0.2666666666666666,-6.333333333333333,29.0,5,rolling,losing_streak_fitness,1_day,rep_3
train,1,0,22406,22406,53560,4,7,1563,8.75,4,15,4,21.22891110412088,6,26.0,142.0,116.0,1.2241379310344829,87.0,0.3333333333333333,4.333333333333333,29.0,3,rolling,losing_streak_fitness,1_day,rep_3
test,1,0,22406,22406,53560,4,7,1563,8.75,4,15,4,-51.2,16,-64.0,284.0,348.0,0.8160919540229885,190.0,0.25,-4.0,29.0,5,rolling,losing_streak_fitness,1_day,rep_3
train,1,0,22406,22406,53560,5,7,1563,9.5,4,15,4,61.49186938124422,5,55.0,142.0,87.0,1.632183908045977,58.0,0.4,11.0,29.0,2,rolling,losing_streak_fitness,1_day,rep_3
test,1,0,22406,22406,53560,5,7,1563,9.5,4,15,4,-49.57696037475472,14,-106.0,213.0,319.0,0.6677115987460815,232.0,0.2142857142857142,-7.571428571428571,29.0,8,rolling,losing_streak_fitness,1_day,rep_3
train,1,0,22406,22406,53560,6,7,1563,9.25,4,15,4,61.49186938124422,5,55.0,142.0,87.0,1.632183908045977,58.0,0.4,11.0,29.0,2,rolling,losing_streak_fitness,1_day,rep_3
test,1,0,22406,22406,53560,6,7,1563,9.25,4,15,4,-49.57696037475472,14,-106.0,213.0,319.0,0.6677115987460815,232.0,0.2142857142857142,-7.571428571428571,29.0,8,rolling,losing_streak_fitness,1_day,rep_3
train,1,0,22406,22406,53560,7,7,1563,8.75,4,15,2,53.88877434122991,6,66.0,142.0,76.0,1.868421052631579,57.0,0.3333333333333333,11.0,19.0,3,rolling,losing_streak_fitness,1_day,rep_3
test,1,0,22406,22406,53560,7,7,1563,8.75,4,15,2,-13.6,16,-34.0,213.0,247.0,0.8623481781376519,190.0,0.1875,-2.125,19.0,10,rolling,losing_streak_fitness,1_day,rep_3
train,1,0,22406,22406,53560,8,7,1563,9.25,4,15,4,61.49186938124422,5,55.0,142.0,87.0,1.632183908045977,58.0,0.4,11.0,29.0,2,rolling,losing_streak_fitness,1_day,rep_3
test,1,0,22406,22406,53560,8,7,1563,9.25,4,15,4,-49.57696037475472,14,-106.0,213.0,319.0,0.6677115987460815,232.0,0.2142857142857142,-7.571428571428571,29.0,8,rolling,losing_streak_fitness,1_day,rep_3
train,1,0,22406,22406,53560,9,7,1563,9.0,4,15,2,95.03288904374106,5,85.0,142.0,57.0,2.491228070175439,38.0,0.4,17.0,19.0,2,rolling,losing_streak_fitness,1_day,rep_3
test,1,0,22406,22406,53560,9,7,1563,9.0,4,15,2,1.8708286933869709,14,4.0,213.0,209.0,1.0191387559808611,152.0,0.2142857142857142,0.2857142857142857,19.0,8,rolling,losing_streak_fitness,1_day,rep_3
train,1,0,22406,22406,53560,10,7,1563,9.0,4,15,2,95.03288904374106,5,85.0,142.0,57.0,2.491228070175439,38.0,0.4,17.0,19.0,2,rolling,losing_streak_fitness,1_day,rep_3
test,1,0,22406,22406,53560,10,7,1563,9.0,4,15,2,1.8708286933869709,14,4.0,213.0,209.0,1.0191387559808611,152.0,0.2142857142857142,0.2857142857142857,19.0,8,rolling,losing_streak_fitness,1_day,rep_3
train,1,0,22406,22406,53560,11,7,1563,9.0,4,15,2,95.03288904374106,5,85.0,142.0,57.0,2.491228070175439,38.0,0.4,17.0,19.0,2,rolling,losing_streak_fitness,1_day,rep_3
test,1,0,22406,22406,53560,11,7,1563,9.0,4,15,2,1.8708286933869709,14,4.0,213.0,209.0,1.0191387559808611,152.0,0.2142857142857142,0.2857142857142857,19.0,8,rolling,losing_streak_fitness,1_day,rep_3
train,1,0,22406,22406,53560,12,6,1563,9.0,4,15,2,95.03288904374106,5,85.0,142.0,57.0,2.491228070175439,38.0,0.4,17.0,19.0,2,rolling,losing_streak_fitness,1_day,rep_3
test,1,0,22406,22406,53560,12,6,1563,9.0,4,15,2,28.0,16,56.0,284.0,228.0,1.2456140350877194,152.0,0.25,3.5,19.0,8,rolling,losing_streak_fitness,1_day,rep_3
train,1,0,22406,22406,53560,13,7,1563,9.0,4,15,2,95.03288904374106,5,85.0,142.0,57.0,2.491228070175439,38.0,0.4,17.0,19.0,2,rolling,losing_streak_fitness,1_day,rep_3
test,1,0,22406,22406,53560,13,7,1563,9.0,4,15,2,1.8708286933869709,14,4.0,213.0,209.0,1.0191387559808611,152.0,0.2142857142857142,0.2857142857142857,19.0,8,rolling,losing_streak_fitness,1_day,rep_3
train,1,0,22406,22406,53560,14,7,1563,9.0,4,16,2,106.21322893124,5,95.0,152.0,57.0,2.6666666666666665,38.0,0.4,19.0,19.0,2,rolling,losing_streak_fitness,1_day,rep_3
test,1,0,22406,22406,53560,14,7,1563,9.0,4,16,2,8.88643629358811,14,19.0,228.0,209.0,1.0909090909090908,152.0,0.2142857142857142,1.3571428571428572,19.0,8,rolling,losing_streak_fitness,1_day,rep_3
train,1,0,22406,22406,53560,15,7,1563,9.0,4,16,2,106.21322893124,5,95.0,152.0,57.0,2.6666666666666665,38.0,0.4,19.0,19.0,2,rolling,losing_streak_fitness,1_day,rep_3
test,1,0,22406,22406,53560,15,7,1563,9.0,4,16,2,8.88643629358811,14,19.0,228.0,209.0,1.0909090909090908,152.0,0.2142857142857142,1.3571428571428572,19.0,8,rolling,losing_streak_fitness,1_day,rep_3
train,1,0,22406,22406,53560,16,7,1453,9.0,4,16,2,106.21322893124,5,95.0,152.0,57.0,2.6666666666666665,38.0,0.4,19.0,19.0,2,rolling,losing_streak_fitness,1_day,rep_3
test,1,0,22406,22406,53560,16,7,1453,9.0,4,16,2,8.88643629358811,14,19.0,228.0,209.0,1.0909090909090908,152.0,0.2142857142857142,1.3571428571428572,19.0,8,rolling,losing_streak_fitness,1_day,rep_3
train,1,0,22406,22406,53560,17,7,1594,9.0,4,16,2,106.21322893124,5,95.0,152.0,57.0,2.6666666666666665,38.0,0.4,19.0,19.0,2,rolling,losing_streak_fitness,1_day,rep_3
test,1,0,22406,22406,53560,17,7,1594,9.0,4,16,2,8.88643629358811,14,19.0,228.0,209.0,1.0909090909090908,152.0,0.2142857142857142,1.3571428571428572,19.0,8,rolling,losing_streak_fitness,1_day,rep_3
train,1,0,22406,22406,53560,18,7,1563,9.0,4,16,2,106.21322893124,5,95.0,152.0,57.0,2.6666666666666665,38.0,0.4,19.0,19.0,2,rolling,losing_streak_fitness,1_day,rep_3
test,1,0,22406,22406,53560,18,7,1563,9.0,4,16,2,8.88643629358811,14,19.0,228.0,209.0,1.0909090909090908,152.0,0.2142857142857142,1.3571428571428572,19.0,8,rolling,losing_streak_fitness,1_day,rep_3
train,1,0,22406,22406,53560,19,7,1594,9.0,4,16,2,106.21322893124,5,95.0,152.0,57.0,2.6666666666666665,38.0,0.4,19.0,19.0,2,rolling,losing_streak_fitness,1_day,rep_3
test,1,0,22406,22406,53560,19,7,1594,9.0,4,16,2,8.88643629358811,14,19.0,228.0,209.0,1.0909090909090908,152.0,0.2142857142857142,1.3571428571428572,19.0,8,rolling,losing_streak_fitness,1_day,rep_3
train,1,0,22406,22406,53560,20,7,1469,9.0,4,16,2,106.21322893124,5,95.0,152.0,57.0,2.6666666666666665,38.0,0.4,19.0,19.0,2,rolling,losing_streak_fitness,1_day,rep_3
test,1,0,22406,22406,53560,20,7,1469,9.0,4,16,2,8.88643629358811,14,19.0,228.0,209.0,1.0909090909090908,152.0,0.2142857142857142,1.3571428571428572,19.0,8,rolling,losing_streak_fitness,1_day,rep_3
train,1,0,22406,22406,53560,21,7,1609,9.25,4,16,2,106.21322893124,5,95.0,152.0,57.0,2.6666666666666665,38.0,0.4,19.0,19.0,2,rolling,losing_streak_fitness,1_day,rep_3
test,1,0,22406,22406,53560,21,7,1609,9.25,4,16,2,8.88643629358811,14,19.0,228.0,209.0,1.0909090909090908,152.0,0.2142857142857142,1.3571428571428572,19.0,8,rolling,losing_streak_fitness,1_day,rep_3
train,1,0,22406,22406,53560,22,7,1753,9.0,4,16,2,106.21322893124,5,95.0,152.0,57.0,2.6666666666666665,38.0,0.4,19.0,19.0,2,rolling,losing_streak_fitness,1_day,rep_3
test,1,0,22406,22406,53560,22,7,1753,9.0,4,16,2,0.0,15,0.0,228.0,228.0,1.0,152.0,0.2,0.0,19.0,8,rolling,losing_streak_fitness,1_day,rep_3
train,1,0,22406,22406,53560,23,7,1563,9.0,4,16,2,106.21322893124,5,95.0,152.0,57.0,2.6666666666666665,38.0,0.4,19.0,19.0,2,rolling,losing_streak_fitness,1_day,rep_3
test,1,0,22406,22406,53560,23,7,1563,9.0,4,16,2,8.88643629358811,14,19.0,228.0,209.0,1.0909090909090908,152.0,0.2142857142857142,1.3571428571428572,19.0,8,rolling,losing_streak_fitness,1_day,rep_3
train,1,0,22406,22406,53560,24,7,1563,9.0,4,16,2,106.21322893124,5,95.0,152.0,57.0,2.6666666666666665,38.0,0.4,19.0,19.0,2,rolling,losing_streak_fitness,1_day,rep_3
test,1,0,22406,22406,53560,24,7,1563,9.0,4,16,2,8.88643629358811,14,19.0,228.0,209.0,1.0909090909090908,152.0,0.2142857142857142,1.3571428571428572,19.0,8,rolling,losing_streak_fitness,1_day,rep_3
train,1,0,22406,22406,53560,25,7,1563,9.25,4,16,2,106.21322893124,5,95.0,152.0,57.0,2.6666666666666665,38.0,0.4,19.0,19.0,2,rolling,losing_streak_fitness,1_day,rep_3
test,1,0,22406,22406,53560,25,7,1563,9.25,4,16,2,8.88643629358811,14,19.0,228.0,209.0,1.0909090909090908,152.0,0.2142857142857142,1.3571428571428572,19.0,8,rolling,losing_streak_fitness,1_day,rep_3
train,1,0,22406,22406,53560,26,7,1563,9.0,4,16,2,106.21322893124,5,95.0,152.0,57.0,2.6666666666666665,38.0,0.4,19.0,19.0,2,rolling,losing_streak_fitness,1_day,rep_3
test,1,0,22406,22406,53560,26,7,1563,9.0,4,16,2,8.88643629358811,14,19.0,228.0,209.0,1.0909090909090908,152.0,0.2142857142857142,1.3571428571428572,19.0,8,rolling,losing_streak_fitness,1_day,rep_3
train,1,0,22406,22406,53560,27,7,1578,9.25,4,16,2,106.21322893124,5,95.0,152.0,57.0,2.6666666666666665,38.0,0.4,19.0,19.0,2,rolling,losing_streak_fitness,1_day,rep_3
test,1,0,22406,22406,53560,27,7,1578,9.25,4,16,2,8.88643629358811,14,19.0,228.0,209.0,1.0909090909090908,152.0,0.2142857142857142,1.3571428571428572,19.0,8,rolling,losing_streak_fitness,1_day,rep_3
train,1,0,22406,22406,53560,28,6,1563,9.0,4,16,2,106.21322893124,5,95.0,152.0,57.0,2.6666666666666665,38.0,0.4,19.0,19.0,2,rolling,losing_streak_fitness,1_day,rep_3
test,1,0,22406,22406,53560,28,6,1563,9.0,4,16,2,38.0,16,76.0,304.0,228.0,1.3333333333333333,152.0,0.25,4.75,19.0,8,rolling,losing_streak_fitness,1_day,rep_3
train,1,0,22406,22406,53560,29,6,1656,9.25,4,16,2,106.21322893124,5,95.0,152.0,57.0,2.6666666666666665,38.0,0.4,19.0,19.0,2,rolling,losing_streak_fitness,1_day,rep_3
test,1,0,22406,22406,53560,29,6,1656,9.25,4,16,2,38.0,16,76.0,304.0,228.0,1.3333333333333333,152.0,0.25,4.75,19.0,8,rolling,losing_streak_fitness,1_day,rep_3
train,1,0,22406,22406,53560,30,7,1563,9.0,4,16,2,106.21322893124,5,95.0,152.0,57.0,2.6666666666666665,38.0,0.4,19.0,19.0,2,rolling,losing_streak_fitness,1_day,rep_3
test,1,0,22406,22406,53560,30,7,1563,9.0,4,16,2,8.88643629358811,14,19.0,228.0,209.0,1.0909090909090908,152.0,0.2142857142857142,1.3571428571428572,19.0,8,rolling,losing_streak_fitness,1_day,rep_3
train,1,0,22406,22406,53560,31,6,1609,9.0,4,16,2,106.21322893124,5,95.0,152.0,57.0,2.6666666666666665,38.0,0.4,19.0,19.0,2,rolling,losing_streak_fitness,1_day,rep_3
test,1,0,22406,22406,53560,31,6,1609,9.0,4,16,2,38.0,16,76.0,304.0,228.0,1.3333333333333333,152.0,0.25,4.75,19.0,8,rolling,losing_streak_fitness,1_day,rep_3
train,1,0,22406,22406,53560,32,7,1563,9.75,4,16,2,106.21322893124,5,95.0,152.0,57.0,2.6666666666666665,38.0,0.4,19.0,19.0,2,rolling,losing_streak_fitness,1_day,rep_3
test,1,0,22406,22406,53560,32,7,1563,9.75,4,16,2,8.88643629358811,14,19.0,228.0,209.0,1.0909090909090908,152.0,0.2142857142857142,1.3571428571428572,19.0,8,rolling,losing_streak_fitness,1_day,rep_3
train,1,0,22406,22406,53560,33,7,1563,9.25,4,16,2,106.21322893124,5,95.0,152.0,57.0,2.6666666666666665,38.0,0.4,19.0,19.0,2,rolling,losing_streak_fitness,1_day,rep_3
test,1,0,22406,22406,53560,33,7,1563,9.25,4,16,2,8.88643629358811,14,19.0,228.0,209.0,1.0909090909090908,152.0,0.2142857142857142,1.3571428571428572,19.0,8,rolling,losing_streak_fitness,1_day,rep_3
train,1,0,22406,22406,53560,34,6,1563,9.0,4,16,2,106.21322893124,5,95.0,152.0,57.0,2.6666666666666665,38.0,0.4,19.0,19.0,2,rolling,losing_streak_fitness,1_day,rep_3
test,1,0,22406,22406,53560,34,6,1563,9.0,4,16,2,38.0,16,76.0,304.0,228.0,1.3333333333333333,152.0,0.25,4.75,19.0,8,rolling,losing_streak_fitness,1_day,rep_3
train,1,0,22406,22406,53560,35,7,1563,9.0,4,16,2,106.21322893124,5,95.0,152.0,57.0,2.6666666666666665,38.0,0.4,19.0,19.0,2,rolling,losing_streak_fitness,1_day,rep_3
test,1,0,22406,22406,53560,35,7,1563,9.0,4,16,2,8.88643629358811,14,19.0,228.0,209.0,1.0909090909090908,152.0,0.2142857142857142,1.3571428571428572,19.0,8,rolling,losing_streak_fitness,1_day,rep_3
train,1,0,22406,22406,53560,36,7,1563,9.25,4,16,2,106.21322893124,5,95.0,152.0,57.0,2.6666666666666665,38.0,0.4,19.0,19.0,2,rolling,losing_streak_fitness,1_day,rep_3
test,1,0,22406,22406,53560,36,7,1563,9.25,4,16,2,8.88643629358811,14,19.0,228.0,209.0,1.0909090909090908,152.0,0.2142857142857142,1.3571428571428572,19.0,8,rolling,losing_streak_fitness,1_day,rep_3
train,1,0,22406,22406,53560,37,7,1500,9.0,4,16,2,106.21322893124,5,95.0,152.0,57.0,2.6666666666666665,38.0,0.4,19.0,19.0,2,rolling,losing_streak_fitness,1_day,rep_3
test,1,0,22406,22406,53560,37,7,1500,9.0,4,16,2,8.88643629358811,14,19.0,228.0,209.0,1.0909090909090908,152.0,0.2142857142857142,1.3571428571428572,19.0,8,rolling,losing_streak_fitness,1_day,rep_3
train,1,0,22406,22406,53560,38,6,1500,9.0,4,16,2,106.21322893124,5,95.0,152.0,57.0,2.6666666666666665,38.0,0.4,19.0,19.0,2,rolling,losing_streak_fitness,1_day,rep_3
test,1,0,22406,22406,53560,38,6,1500,9.0,4,16,2,38.0,16,76.0,304.0,228.0,1.3333333333333333,152.0,0.25,4.75,19.0,8,rolling,losing_streak_fitness,1_day,rep_3
train,1,0,22406,22406,53560,39,6,1594,9.0,4,16,2,106.21322893124,5,95.0,152.0,57.0,2.6666666666666665,38.0,0.4,19.0,19.0,2,rolling,losing_streak_fitness,1_day,rep_3
test,1,0,22406,22406,53560,39,6,1594,9.0,4,16,2,38.0,16,76.0,304.0,228.0,1.3333333333333333,152.0,0.25,4.75,19.0,8,rolling,losing_streak_fitness,1_day,rep_3
train,1,0,22406,22406,53560,40,6,1563,9.0,4,16,2,106.21322893124,5,95.0,152.0,57.0,2.6666666666666665,38.0,0.4,19.0,19.0,2,rolling,losing_streak_fitness,1_day,rep_3
test,1,0,22406,22406,53560,40,6,1563,9.0,4,16,2,38.0,16,76.0,304.0,228.0,1.3333333333333333,152.0,0.25,4.75,19.0,8,rolling,losing_streak_fitness,1_day,rep_3
train,1,0,22406,22406,53560,41,7,1500,9.0,4,16,2,106.21322893124,5,95.0,152.0,57.0,2.6666666666666665,38.0,0.4,19.0,19.0,2,rolling,losing_streak_fitness,1_day,rep_3
test,1,0,22406,22406,53560,41,7,1500,9.0,4,16,2,8.88643629358811,14,19.0,228.0,209.0,1.0909090909090908,152.0,0.2142857142857142,1.3571428571428572,19.0,8,rolling,losing_streak_fitness,1_day,rep_3
train,1,0,22406,22406,53560,42,7,1563,9.0,4,16,2,106.21322893124,5,95.0,152.0,57.0,2.6666666666666665,38.0,0.4,19.0,19.0,2,rolling,losing_streak_fitness,1_day,rep_3
test,1,0,22406,22406,53560,42,7,1563,9.0,4,16,2,8.88643629358811,14,19.0,228.0,209.0,1.0909090909090908,152.0,0.2142857142857142,1.3571428571428572,19.0,8,rolling,losing_streak_fitness,1_day,rep_3
train,1,0,22406,22406,53560,43,6,1547,9.0,4,16,2,106.21322893124,5,95.0,152.0,57.0,2.6666666666666665,38.0,0.4,19.0,19.0,2,rolling,losing_streak_fitness,1_day,rep_3
test,1,0,22406,22406,53560,43,6,1547,9.0,4,16,2,38.0,16,76.0,304.0,228.0,1.3333333333333333,152.0,0.25,4.75,19.0,8,rolling,losing_streak_fitness,1_day,rep_3
train,1,0,22406,22406,53560,44,7,1500,9.0,4,16,2,106.21322893124,5,95.0,152.0,57.0,2.6666666666666665,38.0,0.4,19.0,19.0,2,rolling,losing_streak_fitness,1_day,rep_3
test,1,0,22406,22406,53560,44,7,1500,9.0,4,16,2,8.88643629358811,14,19.0,228.0,209.0,1.0909090909090908,152.0,0.2142857142857142,1.3571428571428572,19.0,8,rolling,losing_streak_fitness,1_day,rep_3
train,1,0,22406,22406,53560,45,6,1500,9.25,4,16,2,106.21322893124,5,95.0,152.0,57.0,2.6666666666666665,38.0,0.4,19.0,19.0,2,rolling,losing_streak_fitness,1_day,rep_3
test,1,0,22406,22406,53560,45,6,1500,9.25,4,16,2,38.0,16,76.0,304.0,228.0,1.3333333333333333,152.0,0.25,4.75,19.0,8,rolling,losing_streak_fitness,1_day,rep_3
train,1,0,22406,22406,53560,46,7,1563,9.0,4,16,2,106.21322893124,5,95.0,152.0,57.0,2.6666666666666665,38.0,0.4,19.0,19.0,2,rolling,losing_streak_fitness,1_day,rep_3
test,1,0,22406,22406,53560,46,7,1563,9.0,4,16,2,8.88643629358811,14,19.0,228.0,209.0,1.0909090909090908,152.0,0.2142857142857142,1.3571428571428572,19.0,8,rolling,losing_streak_fitness,1_day,rep_3
train,1,0,22406,22406,53560,47,7,1563,9.0,4,16,2,106.21322893124,5,95.0,152.0,57.0,2.6666666666666665,38.0,0.4,19.0,19.0,2,rolling,losing_streak_fitness,1_day,rep_3
test,1,0,22406,22406,53560,47,7,1563,9.0,4,16,2,8.88643629358811,14,19.0,228.0,209.0,1.0909090909090908,152.0,0.2142857142857142,1.3571428571428572,19.0,8,rolling,losing_streak_fitness,1_day,rep_3
train,1,0,22406,22406,53560,48,6,1500,9.25,4,16,2,106.21322893124,5,95.0,152.0,57.0,2.6666666666666665,38.0,0.4,19.0,19.0,2,rolling,losing_streak_fitness,1_day,rep_3
test,1,0,22406,22406,53560,48,6,1500,9.25,4,16,2,38.0,16,76.0,304.0,228.0,1.3333333333333333,152.0,0.25,4.75,19.0,8,rolling,losing_streak_fitness,1_day,rep_3
train,1,0,22406,22406,53560,49,6,1594,9.25,4,16,2,106.21322893124,5,95.0,152.0,57.0,2.6666666666666665,38.0,0.4,19.0,19.0,2,rolling,losing_streak_fitness,1_day,rep_3
test,1,0,22406,22406,53560,49,6,1594,9.25,4,16,2,38.0,16,76.0,304.0,228.0,1.3333333333333333,152.0,0.25,4.75,19.0,8,rolling,losing_streak_fitness,1_day,rep_3
train,1,0,22406,22406,53560,50,7,1563,9.25,4,16,2,106.21322893124,5,95.0,152.0,57.0,2.6666666666666665,38.0,0.4,19.0,19.0,2,rolling,losing_streak_fitness,1_day,rep_3
test,1,0,22406,22406,53560,50,7,1563,9.25,4,16,2,8.88643629358811,14,19.0,228.0,209.0,1.0909090909090908,152.0,0.2142857142857142,1.3571428571428572,19.0,8,rolling,losing_streak_fitness,1_day,rep_3
train,1,0,22406,22406,53560,51,7,1563,9.25,4,16,2,106.21322893124,5,95.0,152.0,57.0,2.6666666666666665,38.0,0.4,19.0,19.0,2,rolling,losing_streak_fitness,1_day,rep_3
test,1,0,22406,22406,53560,51,7,1563,9.25,4,16,2,8.88643629358811,14,19.0,228.0,209.0,1.0909090909090908,152.0,0.2142857142857142,1.3571428571428572,19.0,8,rolling,losing_streak_fitness,1_day,rep_3
train,1,0,22406,22406,53560,52,6,1563,9.0,4,16,2,106.21322893124,5,95.0,152.0,57.0,2.6666666666666665,38.0,0.4,19.0,19.0,2,rolling,losing_streak_fitness,1_day,rep_3
test,1,0,22406,22406,53560,52,6,1563,9.0,4,16,2,38.0,16,76.0,304.0,228.0,1.3333333333333333,152.0,0.25,4.75,19.0,8,rolling,losing_streak_fitness,1_day,rep_3
train,1,0,22406,22406,53560,53,7,1609,9.25,4,16,2,106.21322893124,5,95.0,152.0,57.0,2.6666666666666665,38.0,0.4,19.0,19.0,2,rolling,losing_streak_fitness,1_day,rep_3
test,1,0,22406,22406,53560,53,7,1609,9.25,4,16,2,8.88643629358811,14,19.0,228.0,209.0,1.0909090909090908,152.0,0.2142857142857142,1.3571428571428572,19.0,8,rolling,losing_streak_fitness,1_day,rep_3
train,1,0,22406,22406,53560,54,6,1496,9.25,4,16,2,106.21322893124,5,95.0,152.0,57.0,2.6666666666666665,38.0,0.4,19.0,19.0,2,rolling,losing_streak_fitness,1_day,rep_3
test,1,0,22406,22406,53560,54,6,1496,9.25,4,16,2,38.0,16,76.0,304.0,228.0,1.3333333333333333,152.0,0.25,4.75,19.0,8,rolling,losing_streak_fitness,1_day,rep_3
train,1,0,22406,22406,53560,55,6,1500,9.25,4,16,2,106.21322893124,5,95.0,152.0,57.0,2.6666666666666665,38.0,0.4,19.0,19.0,2,rolling,losing_streak_fitness,1_day,rep_3
test,1,0,22406,22406,53560,55,6,1500,9.25,4,16,2,38.0,16,76.0,304.0,228.0,1.3333333333333333,152.0,0.25,4.75,19.0,8,rolling,losing_streak_fitness,1_day,rep_3
train,1,0,22406,22406,53560,56,7,1563,9.0,4,16,2,106.21322893124,5,95.0,152.0,57.0,2.6666666666666665,38.0,0.4,19.0,19.0,2,rolling,losing_streak_fitness,1_day,rep_3
test,1,0,22406,22406,53560,56,7,1563,9.0,4,16,2,8.88643629358811,14,19.0,228.0,209.0,1.0909090909090908,152.0,0.2142857142857142,1.3571428571428572,19.0,8,rolling,losing_streak_fitness,1_day,rep_3
train,1,0,22406,22406,53560,57,7,1563,9.5,4,16,2,106.21322893124,5,95.0,152.0,57.0,2.6666666666666665,38.0,0.4,19.0,19.0,2,rolling,losing_streak_fitness,1_day,rep_3
test,1,0,22406,22406,53560,57,7,1563,9.5,4,16,2,8.88643629358811,14,19.0,228.0,209.0,1.0909090909090908,152.0,0.2142857142857142,1.3571428571428572,19.0,8,rolling,losing_streak_fitness,1_day,rep_3
train,1,0,22406,22406,53560,58,6,1563,9.25,4,16,2,106.21322893124,5,95.0,152.0,57.0,2.6666666666666665,38.0,0.4,19.0,19.0,2,rolling,losing_streak_fitness,1_day,rep_3
test,1,0,22406,22406,53560,58,6,1563,9.25,4,16,2,38.0,16,76.0,304.0,228.0,1.3333333333333333,152.0,0.25,4.75,19.0,8,rolling,losing_streak_fitness,1_day,rep_3
train,1,0,22406,22406,53560,59,7,1705,9.0,4,16,2,106.21322893124,5,95.0,152.0,57.0,2.6666666666666665,38.0,0.4,19.0,19.0,2,rolling,losing_streak_fitness,1_day,rep_3
test,1,0,22406,22406,53560,59,7,1705,9.0,4,16,2,0.0,15,0.0,228.0,228.0,1.0,152.0,0.2,0.0,19.0,8,rolling,losing_streak_fitness,1_day,rep_3
train,1,0,22406,22406,53560,60,6,1512,9.25,4,16,2,106.21322893124,5,95.0,152.0,57.0,2.6666666666666665,38.0,0.4,19.0,19.0,2,rolling,losing_streak_fitness,1_day,rep_3
test,1,0,22406,22406,53560,60,6,1512,9.25,4,16,2,38.0,16,76.0,304.0,228.0,1.3333333333333333,152.0,0.25,4.75,19.0,8,rolling,losing_streak_fitness,1_day,rep_3
train,1,0,22406,22406,53560,61,6,1657,9.5,4,16,2,106.21322893124,5,95.0,152.0,57.0,2.6666666666666665,38.0,0.4,19.0,19.0,2,rolling,losing_streak_fitness,1_day,rep_3
test,1,0,22406,22406,53560,61,6,1657,9.5,4,16,2,38.0,16,76.0,304.0,228.0,1.3333333333333333,152.0,0.25,4.75,19.0,8,rolling,losing_streak_fitness,1_day,rep_3
train,1,0,22406,22406,53560,62,6,1563,9.0,4,16,2,106.21322893124,5,95.0,152.0,57.0,2.6666666666666665,38.0,0.4,19.0,19.0,2,rolling,losing_streak_fitness,1_day,rep_3
test,1,0,22406,22406,53560,62,6,1563,9.0,4,16,2,38.0,16,76.0,304.0,228.0,1.3333333333333333,152.0,0.25,4.75,19.0,8,rolling,losing_streak_fitness,1_day,rep_3
train,1,0,22406,22406,53560,63,7,1563,9.25,4,16,2,106.21322893124,5,95.0,152.0,57.0,2.6666666666666665,38.0,0.4,19.0,19.0,2,rolling,losing_streak_fitness,1_day,rep_3
test,1,0,22406,22406,53560,63,7,1563,9.25,4,16,2,8.88643629358811,14,19.0,228.0,209.0,1.0909090909090908,152.0,0.2142857142857142,1.3571428571428572,19.0,8,rolling,losing_streak_fitness,1_day,rep_3
train,1,0,22406,22406,53560,64,6,1563,9.25,4,16,2,106.21322893124,5,95.0,152.0,57.0,2.6666666666666665,38.0,0.4,19.0,19.0,2,rolling,losing_streak_fitness,1_day,rep_3
test,1,0,22406,22406,53560,64,6,1563,9.25,4,16,2,38.0,16,76.0,304.0,228.0,1.3333333333333333,152.0,0.25,4.75,19.0,8,rolling,losing_streak_fitness,1_day,rep_3
train,1,0,22406,22406,53560,65,7,1563,9.75,4,16,2,106.21322893124,5,95.0,152.0,57.0,2.6666666666666665,38.0,0.4,19.0,19.0,2,rolling,losing_streak_fitness,1_day,rep_3
test,1,0,22406,22406,53560,65,7,1563,9.75,4,16,2,8.88643629358811,14,19.0,228.0,209.0,1.0909090909090908,152.0,0.2142857142857142,1.3571428571428572,19.0,8,rolling,losing_streak_fitness,1_day,rep_3
train,1,0,22406,22406,53560,66,6,1563,9.0,4,16,2,106.21322893124,5,95.0,152.0,57.0,2.6666666666666665,38.0,0.4,19.0,19.0,2,rolling,losing_streak_fitness,1_day,rep_3
test,1,0,22406,22406,53560,66,6,1563,9.0,4,16,2,38.0,16,76.0,304.0,228.0,1.3333333333333333,152.0,0.25,4.75,19.0,8,rolling,losing_streak_fitness,1_day,rep_3
train,1,0,22406,22406,53560,67,6,1500,9.25,4,16,2,106.21322893124,5,95.0,152.0,57.0,2.6666666666666665,38.0,0.4,19.0,19.0,2,rolling,losing_streak_fitness,1_day,rep_3
test,1,0,22406,22406,53560,67,6,1500,9.25,4,16,2,38.0,16,76.0,304.0,228.0,1.3333333333333333,152.0,0.25,4.75,19.0,8,rolling,losing_streak_fitness,1_day,rep_3
train,1,0,22406,22406,53560,68,7,1666,9.0,4,16,2,106.21322893124,5,95.0,152.0,57.0,2.6666666666666665,38.0,0.4,19.0,19.0,2,rolling,losing_streak_fitness,1_day,rep_3
test,1,0,22406,22406,53560,68,7,1666,9.0,4,16,2,0.0,15,0.0,228.0,228.0,1.0,152.0,0.2,0.0,19.0,8,rolling,losing_streak_fitness,1_day,rep_3
train,1,0,22406,22406,53560,69,6,1657,9.25,4,16,2,106.21322893124,5,95.0,152.0,57.0,2.6666666666666665,38.0,0.4,19.0,19.0,2,rolling,losing_streak_fitness,1_day,rep_3
test,1,0,22406,22406,53560,69,6,1657,9.25,4,16,2,38.0,16,76.0,304.0,228.0,1.3333333333333333,152.0,0.25,4.75,19.0,8,rolling,losing_streak_fitness,1_day,rep_3
train,1,0,22406,22406,53560,70,7,1563,9.0,4,16,2,106.21322893124,5,95.0,152.0,57.0,2.6666666666666665,38.0,0.4,19.0,19.0,2,rolling,losing_streak_fitness,1_day,rep_3
test,1,0,22406,22406,53560,70,7,1563,9.0,4,16,2,8.88643629358811,14,19.0,228.0,209.0,1.0909090909090908,152.0,0.2142857142857142,1.3571428571428572,19.0,8,rolling,losing_streak_fitness,1_day,rep_3
train,1,0,22406,22406,53560,71,6,1563,9.5,4,16,2,106.21322893124,5,95.0,152.0,57.0,2.6666666666666665,38.0,0.4,19.0,19.0,2,rolling,losing_streak_fitness,1_day,rep_3
test,1,0,22406,22406,53560,71,6,1563,9.5,4,16,2,38.0,16,76.0,304.0,228.0,1.3333333333333333,152.0,0.25,4.75,19.0,8,rolling,losing_streak_fitness,1_day,rep_3
train,1,0,22406,22406,53560,72,6,1603,9.25,4,16,2,106.21322893124,5,95.0,152.0,57.0,2.6666666666666665,38.0,0.4,19.0,19.0,2,rolling,losing_streak_fitness,1_day,rep_3
test,1,0,22406,22406,53560,72,6,1603,9.25,4,16,2,38.0,16,76.0,304.0,228.0,1.3333333333333333,152.0,0.25,4.75,19.0,8,rolling,losing_streak_fitness,1_day,rep_3
train,1,0,22406,22406,53560,73,7,1466,9.25,4,16,2,106.21322893124,5,95.0,152.0,57.0,2.6666666666666665,38.0,0.4,19.0,19.0,2,rolling,losing_streak_fitness,1_day,rep_3
test,1,0,22406,22406,53560,73,7,1466,9.25,4,16,2,8.88643629358811,14,19.0,228.0,209.0,1.0909090909090908,152.0,0.2142857142857142,1.3571428571428572,19.0,8,rolling,losing_streak_fitness,1_day,rep_3
train,1,0,22406,22406,53560,74,7,1514,9.25,4,16,2,106.21322893124,5,95.0,152.0,57.0,2.6666666666666665,38.0,0.4,19.0,19.0,2,rolling,losing_streak_fitness,1_day,rep_3
test,1,0,22406,22406,53560,74,7,1514,9.25,4,16,2,8.88643629358811,14,19.0,228.0,209.0,1.0909090909090908,152.0,0.2142857142857142,1.3571428571428572,19.0,8,rolling,losing_streak_fitness,1_day,rep_3
train,1,0,22406,22406,53560,75,7,1466,9.25,4,16,2,106.21322893124,5,95.0,152.0,57.0,2.6666666666666665,38.0,0.4,19.0,19.0,2,rolling,losing_streak_fitness,1_day,rep_3
test,1,0,22406,22406,53560,75,7,1466,9.25,4,16,2,8.88643629358811,14,19.0,228.0,209.0,1.0909090909090908,152.0,0.2142857142857142,1.3571428571428572,19.0,8,rolling,losing_streak_fitness,1_day,rep_3
train,1,0,22406,22406,53560,76,7,1455,9.0,4,16,2,106.21322893124,5,95.0,152.0,57.0,2.6666666666666665,38.0,0.4,19.0,19.0,2,rolling,losing_streak_fitness,1_day,rep_3
test,1,0,22406,22406,53560,76,7,1455,9.0,4,16,2,8.88643629358811,14,19.0,228.0,209.0,1.0909090909090908,152.0,0.2142857142857142,1.3571428571428572,19.0,8,rolling,losing_streak_fitness,1_day,rep_3
train,1,0,22406,22406,53560,77,7,1594,9.0,4,16,2,106.21322893124,5,95.0,152.0,57.0,2.6666666666666665,38.0,0.4,19.0,19.0,2,rolling,losing_streak_fitness,1_day,rep_3
test,1,0,22406,22406,53560,77,7,1594,9.0,4,16,2,8.88643629358811,14,19.0,228.0,209.0,1.0909090909090908,152.0,0.2142857142857142,1.3571428571428572,19.0,8,rolling,losing_streak_fitness,1_day,rep_3
train,1,0,22406,22406,53560,78,7,1603,9.0,4,16,2,106.21322893124,5,95.0,152.0,57.0,2.6666666666666665,38.0,0.4,19.0,19.0,2,rolling,losing_streak_fitness,1_day,rep_3
test,1,0,22406,22406,53560,78,7,1603,9.0,4,16,2,8.88643629358811,14,19.0,228.0,209.0,1.0909090909090908,152.0,0.2142857142857142,1.3571428571428572,19.0,8,rolling,losing_streak_fitness,1_day,rep_3
train,1,0,22406,22406,53560,79,6,1512,9.5,4,16,2,106.21322893124,5,95.0,152.0,57.0,2.6666666666666665,38.0,0.4,19.0,19.0,2,rolling,losing_streak_fitness,1_day,rep_3
test,1,0,22406,22406,53560,79,6,1512,9.5,4,16,2,38.0,16,76.0,304.0,228.0,1.3333333333333333,152.0,0.25,4.75,19.0,8,rolling,losing_streak_fitness,1_day,rep_3
train,1,0,22406,22406,53560,80,6,1455,9.5,4,16,2,106.21322893124,5,95.0,152.0,57.0,2.6666666666666665,38.0,0.4,19.0,19.0,2,rolling,losing_streak_fitness,1_day,rep_3
test,1,0,22406,22406,53560,80,6,1455,9.5,4,16,2,38.0,16,76.0,304.0,228.0,1.3333333333333333,152.0,0.25,4.75,19.0,8,rolling,losing_streak_fitness,1_day,rep_3
train,1,0,22406,22406,53560,81,6,1500,9.5,4,16,2,106.21322893124,5,95.0,152.0,57.0,2.6666666666666665,38.0,0.4,19.0,19.0,2,rolling,losing_streak_fitness,1_day,rep_3
test,1,0,22406,22406,53560,81,6,1500,9.5,4,16,2,38.0,16,76.0,304.0,228.0,1.3333333333333333,152.0,0.25,4.75,19.0,8,rolling,losing_streak_fitness,1_day,rep_3
train,1,0,22406,22406,53560,82,7,1563,9.25,4,16,2,106.21322893124,5,95.0,152.0,57.0,2.6666666666666665,38.0,0.4,19.0,19.0,2,rolling,losing_streak_fitness,1_day,rep_3
test,1,0,22406,22406,53560,82,7,1563,9.25,4,16,2,8.88643629358811,14,19.0,228.0,209.0,1.0909090909090908,152.0,0.2142857142857142,1.3571428571428572,19.0,8,rolling,losing_streak_fitness,1_day,rep_3
train,1,0,22406,22406,53560,83,7,1512,9.0,4,16,2,106.21322893124,5,95.0,152.0,57.0,2.6666666666666665,38.0,0.4,19.0,19.0,2,rolling,losing_streak_fitness,1_day,rep_3
test,1,0,22406,22406,53560,83,7,1512,9.0,4,16,2,8.88643629358811,14,19.0,228.0,209.0,1.0909090909090908,152.0,0.2142857142857142,1.3571428571428572,19.0,8,rolling,losing_streak_fitness,1_day,rep_3
train,1,0,22406,22406,53560,84,6,1455,9.25,4,16,2,106.21322893124,5,95.0,152.0,57.0,2.6666666666666665,38.0,0.4,19.0,19.0,2,rolling,losing_streak_fitness,1_day,rep_3
test,1,0,22406,22406,53560,84,6,1455,9.25,4,16,2,38.0,16,76.0,304.0,228.0,1.3333333333333333,152.0,0.25,4.75,19.0,8,rolling,losing_streak_fitness,1_day,rep_3
train,1,0,22406,22406,53560,85,7,1455,9.25,4,16,2,106.21322893124,5,95.0,152.0,57.0,2.6666666666666665,38.0,0.4,19.0,19.0,2,rolling,losing_streak_fitness,1_day,rep_3
test,1,0,22406,22406,53560,85,7,1455,9.25,4,16,2,8.88643629358811,14,19.0,228.0,209.0,1.0909090909090908,152.0,0.2142857142857142,1.3571428571428572,19.0,8,rolling,losing_streak_fitness,1_day,rep_3
train,1,0,22406,22406,53560,86,6,1666,9.0,4,16,2,106.21322893124,5,95.0,152.0,57.0,2.6666666666666665,38.0,0.4,19.0,19.0,2,rolling,losing_streak_fitness,1_day,rep_3
test,1,0,22406,22406,53560,86,6,1666,9.0,4,16,2,29.37712758252583,17,57.0,304.0,247.0,1.2307692307692308,152.0,0.2352941176470588,3.3529411764705883,19.0,8,rolling,losing_streak_fitness,1_day,rep_3
train,1,0,22406,22406,53560,87,7,1594,9.0,4,16,2,106.21322893124,5,95.0,152.0,57.0,2.6666666666666665,38.0,0.4,19.0,19.0,2,rolling,losing_streak_fitness,1_day,rep_3
test,1,0,22406,22406,53560,87,7,1594,9.0,4,16,2,8.88643629358811,14,19.0,228.0,209.0,1.0909090909090908,152.0,0.2142857142857142,1.3571428571428572,19.0,8,rolling,losing_streak_fitness,1_day,rep_3
train,1,0,22406,22406,53560,88,6,1563,9.25,4,16,2,106.21322893124,5,95.0,152.0,57.0,2.6666666666666665,38.0,0.4,19.0,19.0,2,rolling,losing_streak_fitness,1_day,rep_3
test,1,0,22406,22406,53560,88,6,1563,9.25,4,16,2,38.0,16,76.0,304.0,228.0,1.3333333333333333,152.0,0.25,4.75,19.0,8,rolling,losing_streak_fitness,1_day,rep_3
train,1,0,22406,22406,53560,89,7,1455,9.5,4,16,2,106.21322893124,5,95.0,152.0,57.0,2.6666666666666665,38.0,0.4,19.0,19.0,2,rolling,losing_streak_fitness,1_day,rep_3
test,1,0,22406,22406,53560,89,7,1455,9.5,4,16,2,8.88643629358811,14,19.0,228.0,209.0,1.0909090909090908,152.0,0.2142857142857142,1.3571428571428572,19.0,8,rolling,losing_streak_fitness,1_day,rep_3
train,1,0,22406,22406,53560,90,7,1563,9.0,4,16,2,106.21322893124,5,95.0,152.0,57.0,2.6666666666666665,38.0,0.4,19.0,19.0,2,rolling,losing_streak_fitness,1_day,rep_3
test,1,0,22406,22406,53560,90,7,1563,9.0,4,16,2,8.88643629358811,14,19.0,228.0,209.0,1.0909090909090908,152.0,0.2142857142857142,1.3571428571428572,19.0,8,rolling,losing_streak_fitness,1_day,rep_3
train,1,0,22406,22406,53560,91,6,1511,9.5,4,16,2,106.21322893124,5,95.0,152.0,57.0,2.6666666666666665,38.0,0.4,19.0,19.0,2,rolling,losing_streak_fitness,1_day,rep_3
test,1,0,22406,22406,53560,91,6,1511,9.5,4,16,2,38.0,16,76.0,304.0,228.0,1.3333333333333333,152.0,0.25,4.75,19.0,8,rolling,losing_streak_fitness,1_day,rep_3
train,1,0,22406,22406,53560,92,7,1466,9.0,4,16,2,106.21322893124,5,95.0,152.0,57.0,2.6666666666666665,38.0,0.4,19.0,19.0,2,rolling,losing_streak_fitness,1_day,rep_3
test,1,0,22406,22406,53560,92,7,1466,9.0,4,16,2,8.88643629358811,14,19.0,228.0,209.0,1.0909090909090908,152.0,0.2142857142857142,1.3571428571428572,19.0,8,rolling,losing_streak_fitness,1_day,rep_3
train,1,0,22406,22406,53560,93,7,1652,9.5,4,16,2,106.21322893124,5,95.0,152.0,57.0,2.6666666666666665,38.0,0.4,19.0,19.0,2,rolling,losing_streak_fitness,1_day,rep_3
test,1,0,22406,22406,53560,93,7,1652,9.5,4,16,2,8.88643629358811,14,19.0,228.0,209.0,1.0909090909090908,152.0,0.2142857142857142,1.3571428571428572,19.0,8,rolling,losing_streak_fitness,1_day,rep_3
train,1,0,22406,22406,53560,94,6,1594,9.25,4,16,2,106.21322893124,5,95.0,152.0,57.0,2.6666666666666665,38.0,0.4,19.0,19.0,2,rolling,losing_streak_fitness,1_day,rep_3
test,1,0,22406,22406,53560,94,6,1594,9.25,4,16,2,38.0,16,76.0,304.0,228.0,1.3333333333333333,152.0,0.25,4.75,19.0,8,rolling,losing_streak_fitness,1_day,rep_3
train,1,0,22406,22406,53560,95,7,1563,9.75,4,16,2,106.21322893124,5,95.0,152.0,57.0,2.6666666666666665,38.0,0.4,19.0,19.0,2,rolling,losing_streak_fitness,1_day,rep_3
test,1,0,22406,22406,53560,95,7,1563,9.75,4,16,2,8.88643629358811,14,19.0,228.0,209.0,1.0909090909090908,152.0,0.2142857142857142,1.3571428571428572,19.0,8,rolling,losing_streak_fitness,1_day,rep_3
train,1,0,22406,22406,53560,96,7,1466,9.0,4,16,2,106.21322893124,5,95.0,152.0,57.0,2.6666666666666665,38.0,0.4,19.0,19.0,2,rolling,losing_streak_fitness,1_day,rep_3
test,1,0,22406,22406,53560,96,7,1466,9.0,4,16,2,8.88643629358811,14,19.0,228.0,209.0,1.0909090909090908,152.0,0.2142857142857142,1.3571428571428572,19.0,8,rolling,losing_streak_fitness,1_day,rep_3
train,1,0,22406,22406,53560,97,7,1516,9.0,4,16,2,106.21322893124,5,95.0,152.0,57.0,2.6666666666666665,38.0,0.4,19.0,19.0,2,rolling,losing_streak_fitness,1_day,rep_3
test,1,0,22406,22406,53560,97,7,1516,9.0,4,16,2,8.88643629358811,14,19.0,228.0,209.0,1.0909090909090908,152.0,0.2142857142857142,1.3571428571428572,19.0,8,rolling,losing_streak_fitness,1_day,rep_3
train,1,0,22406,22406,53560,98,7,1641,9.5,4,16,2,106.21322893124,5,95.0,152.0,57.0,2.6666666666666665,38.0,0.4,19.0,19.0,2,rolling,losing_streak_fitness,1_day,rep_3
test,1,0,22406,22406,53560,98,7,1641,9.5,4,16,2,8.88643629358811,14,19.0,228.0,209.0,1.0909090909090908,152.0,0.2142857142857142,1.3571428571428572,19.0,8,rolling,losing_streak_fitness,1_day,rep_3
train,1,0,22406,22406,53560,99,6,1594,9.25,4,16,2,106.21322893124,5,95.0,152.0,57.0,2.6666666666666665,38.0,0.4,19.0,19.0,2,rolling,losing_streak_fitness,1_day,rep_3
test,1,0,22406,22406,53560,99,6,1594,9.25,4,16,2,38.0,16,76.0,304.0,228.0,1.3333333333333333,152.0,0.25,4.75,19.0,8,rolling,losing_streak_fitness,1_day,rep_3
train,1,0,22406,22406,53560,100,6,1516,9.5,4,16,2,106.21322893124,5,95.0,152.0,57.0,2.6666666666666665,38.0,0.4,19.0,19.0,2,rolling,losing_streak_fitness,1_day,rep_3
test,1,0,22406,22406,53560,100,6,1516,9.5,4,16,2,38.0,16,76.0,304.0,228.0,1.3333333333333333,152.0,0.25,4.75,19.0,8,rolling,losing_streak_fitness,1_day,rep_3
train,2,22406,53560,53560,86986,0,7,3630,7.5,4,20,3,46.0399826238021,23,48.0,480.0,432.0,1.1111111111111112,120.0,0.217391304347826,2.0869565217391304,24.0,5,rolling,losing_streak_fitness,1_day,rep_3
test,2,22406,53560,53560,86986,0,7,3630,7.5,4,20,3,-101.11801061633837,30,-480.0,192.0,672.0,0.2857142857142857,624.0,0.0666666666666666,-16.0,24.0,26,rolling,losing_streak_fitness,1_day,rep_3
train,2,22406,53560,53560,86986,1,6,737,7.75,5,16,6,92.66471820493491,12,107.0,380.0,273.0,1.391941391941392,156.0,0.4166666666666667,8.916666666666666,39.0,4,rolling,losing_streak_fitness,1_day,rep_3
test,2,22406,53560,53560,86986,1,6,737,7.75,5,16,6,-119.02031572616312,17,-433.0,152.0,585.0,0.2598290598290598,585.0,0.1176470588235294,-25.47058823529412,39.0,15,rolling,losing_streak_fitness,1_day,rep_3
train,2,22406,53560,53560,86986,2,6,737,7.75,5,16,6,92.66471820493491,12,107.0,380.0,273.0,1.391941391941392,156.0,0.4166666666666667,8.916666666666666,39.0,4,rolling,losing_streak_fitness,1_day,rep_3
test,2,22406,53560,53560,86986,2,6,737,7.75,5,16,6,-119.02031572616312,17,-433.0,152.0,585.0,0.2598290598290598,585.0,0.1176470588235294,-25.47058823529412,39.0,15,rolling,losing_streak_fitness,1_day,rep_3
train,2,22406,53560,53560,86986,3,6,737,7.75,5,20,6,62.35382907247958,12,72.0,384.0,312.0,1.2307692307692308,156.0,0.3333333333333333,6.0,39.0,4,rolling,losing_streak_fitness,1_day,rep_3
test,2,22406,53560,53560,86986,3,6,737,7.75,5,20,6,-108.02536739118273,17,-393.0,192.0,585.0,0.3282051282051282,585.0,0.1176470588235294,-23.11764705882353,39.0,15,rolling,losing_streak_fitness,1_day,rep_3
train,2,22406,53560,53560,86986,4,7,3630,7.75,5,16,3,180.7392228230128,15,140.0,380.0,240.0,1.5833333333333333,72.0,0.3333333333333333,9.333333333333334,24.0,3,rolling,losing_streak_fitness,1_day,rep_3
test,2,22406,53560,53560,86986,4,7,3630,7.75,5,16,3,-73.65870984705191,20,-280.0,152.0,432.0,0.3518518518518518,408.0,0.1,-14.0,24.0,17,rolling,losing_streak_fitness,1_day,rep_3
train,2,22406,53560,53560,86986,5,7,737,7.75,5,8,3,269.3993318477238,14,144.0,288.0,144.0,2.0,48.0,0.5714285714285714,10.285714285714286,24.0,2,rolling,losing_streak_fitness,1_day,rep_3
test,2,22406,53560,53560,86986,5,7,737,7.75,5,8,3,16.492422502470642,17,12.0,252.0,240.0,1.05,132.0,0.4117647058823529,0.7058823529411765,24.0,3,rolling,losing_streak_fitness,1_day,rep_3
train,2,22406,53560,53560,86986,6,7,737,7.75,5,8,3,269.3993318477238,14,144.0,288.0,144.0,2.0,48.0,0.5714285714285714,10.285714285714286,24.0,2,rolling,losing_streak_fitness,1_day,rep_3
test,2,22406,53560,53560,86986,6,7,737,7.75,5,8,3,16.492422502470642,17,12.0,252.0,240.0,1.05,132.0,0.4117647058823529,0.7058823529411765,24.0,3,rolling,losing_streak_fitness,1_day,rep_3
train,2,22406,53560,53560,86986,7,7,737,7.75,5,16,3,260.90781684129144,11,236.0,380.0,144.0,2.638888888888889,72.0,0.4545454545454545,21.454545454545453,24.0,3,rolling,losing_streak_fitness,1_day,rep_3
test,2,22406,53560,53560,86986,7,7,737,7.75,5,16,3,-47.66748733793744,15,-160.0,152.0,312.0,0.4871794871794871,312.0,0.1333333333333333,-10.666666666666666,24.0,13,rolling,losing_streak_fitness,1_day,rep_3
train,2,22406,53560,53560,86986,8,7,737,5.25,5,16,3,263.8787600395303,17,192.0,456.0,264.0,1.7272727272727273,72.0,0.3529411764705882,11.294117647058824,24.0,3,rolling,losing_streak_fitness,1_day,rep_3
test,2,22406,53560,53560,86986,8,7,737,5.25,5,16,3,-85.90972005541632,27,-248.0,304.0,552.0,0.5507246376811594,428.0,0.1481481481481481,-9.185185185185183,24.0,15,rolling,losing_streak_fitness,1_day,rep_3
train,2,22406,53560,53560,86986,9,7,737,7.0,5,8,3,269.3993318477238,14,144.0,288.0,144.0,2.0,48.0,0.5714285714285714,10.285714285714286,24.0,2,rolling,losing_streak_fitness,1_day,rep_3
test,2,22406,53560,53560,86986,9,7,737,7.0,5,8,3,16.492422502470642,17,12.0,252.0,240.0,1.05,132.0,0.4117647058823529,0.7058823529411765,24.0,3,rolling,losing_streak_fitness,1_day,rep_3
train,2,22406,53560,53560,86986,10,7,737,7.75,5,8,3,269.3993318477238,14,144.0,288.0,144.0,2.0,48.0,0.5714285714285714,10.285714285714286,24.0,2,rolling,losing_streak_fitness,1_day,rep_3
test,2,22406,53560,53560,86986,10,7,737,7.75,5,8,3,16.492422502470642,17,12.0,252.0,240.0,1.05,132.0,0.4117647058823529,0.7058823529411765,24.0,3,rolling,losing_streak_fitness,1_day,rep_3
train,2,22406,53560,53560,86986,11,7,737,5.25,5,18,3,346.3408725518835,17,252.0,516.0,264.0,1.9545454545454544,72.0,0.3529411764705882,14.823529411764708,24.0,3,rolling,losing_streak_fitness,1_day,rep_3
test,2,22406,53560,53560,86986,11,7,737,5.25,5,18,3,-72.0533135948653,27,-208.0,344.0,552.0,0.6231884057971014,418.0,0.1481481481481481,-7.703703703703703,24.0,15,rolling,losing_streak_fitness,1_day,rep_3
train,2,22406,53560,53560,86986,12,7,737,5.25,5,18,3,346.3408725518835,17,252.0,516.0,264.0,1.9545454545454544,72.0,0.3529411764705882,14.823529411764708,24.0,3,rolling,losing_streak_fitness,1_day,rep_3
test,2,22406,53560,53560,86986,12,7,737,5.25,5,18,3,-72.0533135948653,27,-208.0,344.0,552.0,0.6231884057971014,418.0,0.1481481481481481,-7.703703703703703,24.0,15,rolling,losing_streak_fitness,1_day,rep_3
train,2,22406,53560,53560,86986,13,7,737,5.25,5,19,3,387.57192880806014,17,282.0,546.0,264.0,2.0681818181818183,72.0,0.3529411764705882,16.58823529411765,24.0,3,rolling,losing_streak_fitness,1_day,rep_3
test,2,22406,53560,53560,86986,13,7,737,5.25,5,19,3,-98.40213650500684,27,-303.0,273.0,576.0,0.4739583333333333,437.0,0.1111111111111111,-11.22222222222222,24.0,16,rolling,losing_streak_fitness,1_day,rep_3
train,2,22406,53560,53560,86986,14,7,737,5.25,5,19,3,387.57192880806014,17,282.0,546.0,264.0,2.0681818181818183,72.0,0.3529411764705882,16.58823529411765,24.0,3,rolling,losing_streak_fitness,1_day,rep_3
test,2,22406,53560,53560,86986,14,7,737,5.25,5,19,3,-98.40213650500684,27,-303.0,273.0,576.0,0.4739583333333333,437.0,0.1111111111111111,-11.22222222222222,24.0,16,rolling,losing_streak_fitness,1_day,rep_3
train,2,22406,53560,53560,86986,15,7,737,5.25,5,19,3,387.57192880806014,17,282.0,546.0,264.0,2.0681818181818183,72.0,0.3529411764705882,16.58823529411765,24.0,3,rolling,losing_streak_fitness,1_day,rep_3
test,2,22406,53560,53560,86986,15,7,737,5.25,5,19,3,-98.40213650500684,27,-303.0,273.0,576.0,0.4739583333333333,437.0,0.1111111111111111,-11.22222222222222,24.0,16,rolling,losing_streak_fitness,1_day,rep_3
train,2,22406,53560,53560,86986,16,7,737,5.25,5,19,3,387.57192880806014,17,282.0,546.0,264.0,2.0681818181818183,72.0,0.3529411764705882,16.58823529411765,24.0,3,rolling,losing_streak_fitness,1_day,rep_3
test,2,22406,53560,53560,86986,16,7,737,5.25,5,19,3,-98.40213650500684,27,-303.0,273.0,576.0,0.4739583333333333,437.0,0.1111111111111111,-11.22222222222222,24.0,16,rolling,losing_streak_fitness,1_day,rep_3
train,2,22406,53560,53560,86986,17,7,663,5.5,5,19,3,387.57192880806014,17,282.0,546.0,264.0,2.0681818181818183,72.0,0.3529411764705882,16.58823529411765,24.0,3,rolling,losing_streak_fitness,1_day,rep_3
test,2,22406,53560,53560,86986,17,7,663,5.5,5,19,3,-98.40213650500684,27,-303.0,273.0,576.0,0.4739583333333333,437.0,0.1111111111111111,-11.22222222222222,24.0,16,rolling,losing_streak_fitness,1_day,rep_3
train,2,22406,53560,53560,86986,18,7,737,5.25,5,19,3,387.57192880806014,17,282.0,546.0,264.0,2.0681818181818183,72.0,0.3529411764705882,16.58823529411765,24.0,3,rolling,losing_streak_fitness,1_day,rep_3
test,2,22406,53560,53560,86986,18,7,737,5.25,5,19,3,-98.40213650500684,27,-303.0,273.0,576.0,0.4739583333333333,437.0,0.1111111111111111,-11.22222222222222,24.0,16,rolling,losing_streak_fitness,1_day,rep_3
train,2,22406,53560,53560,86986,19,7,737,5.25,5,19,3,387.57192880806014,17,282.0,546.0,264.0,2.0681818181818183,72.0,0.3529411764705882,16.58823529411765,24.0,3,rolling,losing_streak_fitness,1_day,rep_3
test,2,22406,53560,53560,86986,19,7,737,5.25,5,19,3,-98.40213650500684,27,-303.0,273.0,576.0,0.4739583333333333,437.0,0.1111111111111111,-11.22222222222222,24.0,16,rolling,losing_streak_fitness,1_day,rep_3
train,2,22406,53560,53560,86986,20,7,737,5.25,5,19,3,387.57192880806014,17,282.0,546.0,264.0,2.0681818181818183,72.0,0.3529411764705882,16.58823529411765,24.0,3,rolling,losing_streak_fitness,1_day,rep_3
test,2,22406,53560,53560,86986,20,7,737,5.25,5,19,3,-98.40213650500684,27,-303.0,273.0,576.0,0.4739583333333333,437.0,0.1111111111111111,-11.22222222222222,24.0,16,rolling,losing_streak_fitness,1_day,rep_3
train,2,22406,53560,53560,86986,21,7,737,5.25,5,19,3,387.57192880806014,17,282.0,546.0,264.0,2.0681818181818183,72.0,0.3529411764705882,16.58823529411765,24.0,3,rolling,losing_streak_fitness,1_day,rep_3
test,2,22406,53560,53560,86986,21,7,737,5.25,5,19,3,-98.40213650500684,27,-303.0,273.0,576.0,0.4739583333333333,437.0,0.1111111111111111,-11.22222222222222,24.0,16,rolling,losing_streak_fitness,1_day,rep_3
train,2,22406,53560,53560,86986,22,7,795,5.25,5,19,3,387.57192880806014,17,282.0,546.0,264.0,2.0681818181818183,72.0,0.3529411764705882,16.58823529411765,24.0,3,rolling,losing_streak_fitness,1_day,rep_3
test,2,22406,53560,53560,86986,22,7,795,5.25,5,19,3,-114.1088661469096,30,-375.0,273.0,648.0,0.4212962962962963,485.0,0.1,-12.5,24.0,18,rolling,losing_streak_fitness,1_day,rep_3
train,2,22406,53560,53560,86986,23,7,603,5.25,5,19,3,408.0,16,306.0,546.0,240.0,2.275,72.0,0.375,19.125,24.0,3,rolling,losing_streak_fitness,1_day,rep_3
test,2,22406,53560,53560,86986,23,7,603,5.25,5,19,3,-98.40213650500684,27,-303.0,273.0,576.0,0.4739583333333333,437.0,0.1111111111111111,-11.22222222222222,24.0,16,rolling,losing_streak_fitness,1_day,rep_3
train,2,22406,53560,53560,86986,24,7,603,5.25,5,19,3,408.0,16,306.0,546.0,240.0,2.275,72.0,0.375,19.125,24.0,3,rolling,losing_streak_fitness,1_day,rep_3
test,2,22406,53560,53560,86986,24,7,603,5.25,5,19,3,-98.40213650500684,27,-303.0,273.0,576.0,0.4739583333333333,437.0,0.1111111111111111,-11.22222222222222,24.0,16,rolling,losing_streak_fitness,1_day,rep_3
train,2,22406,53560,53560,86986,25,7,603,5.5,5,19,3,408.0,16,306.0,546.0,240.0,2.275,72.0,0.375,19.125,24.0,3,rolling,losing_streak_fitness,1_day,rep_3
test,2,22406,53560,53560,86986,25,7,603,5.5,5,19,3,-98.40213650500684,27,-303.0,273.0,576.0,0.4739583333333333,437.0,0.1111111111111111,-11.22222222222222,24.0,16,rolling,losing_streak_fitness,1_day,rep_3
train,2,22406,53560,53560,86986,26,7,603,5.0,5,19,3,408.0,16,306.0,546.0,240.0,2.275,72.0,0.375,19.125,24.0,3,rolling,losing_streak_fitness,1_day,rep_3
test,2,22406,53560,53560,86986,26,7,603,5.0,5,19,3,-98.40213650500684,27,-303.0,273.0,576.0,0.4739583333333333,437.0,0.1111111111111111,-11.22222222222222,24.0,16,rolling,losing_streak_fitness,1_day,rep_3
train,2,22406,53560,53560,86986,27,7,603,5.25,5,19,3,408.0,16,306.0,546.0,240.0,2.275,72.0,0.375,19.125,24.0,3,rolling,losing_streak_fitness,1_day,rep_3
test,2,22406,53560,53560,86986,27,7,603,5.25,5,19,3,-98.40213650500684,27,-303.0,273.0,576.0,0.4739583333333333,437.0,0.1111111111111111,-11.22222222222222,24.0,16,rolling,losing_streak_fitness,1_day,rep_3
train,2,22406,53560,53560,86986,28,7,603,5.0,5,19,3,408.0,16,306.0,546.0,240.0,2.275,72.0,0.375,19.125,24.0,3,rolling,losing_streak_fitness,1_day,rep_3
test,2,22406,53560,53560,86986,28,7,603,5.0,5,19,3,-98.40213650500684,27,-303.0,273.0,576.0,0.4739583333333333,437.0,0.1111111111111111,-11.22222222222222,24.0,16,rolling,losing_streak_fitness,1_day,rep_3
train,2,22406,53560,53560,86986,29,7,603,5.25,5,19,3,408.0,16,306.0,546.0,240.0,2.275,72.0,0.375,19.125,24.0,3,rolling,losing_streak_fitness,1_day,rep_3
test,2,22406,53560,53560,86986,29,7,603,5.25,5,19,3,-98.40213650500684,27,-303.0,273.0,576.0,0.4739583333333333,437.0,0.1111111111111111,-11.22222222222222,24.0,16,rolling,losing_streak_fitness,1_day,rep_3
train,2,22406,53560,53560,86986,30,7,603,5.25,5,19,3,408.0,16,306.0,546.0,240.0,2.275,72.0,0.375,19.125,24.0,3,rolling,losing_streak_fitness,1_day,rep_3
test,2,22406,53560,53560,86986,30,7,603,5.25,5,19,3,-98.40213650500684,27,-303.0,273.0,576.0,0.4739583333333333,437.0,0.1111111111111111,-11.22222222222222,24.0,16,rolling,losing_streak_fitness,1_day,rep_3
train,2,22406,53560,53560,86986,31,7,603,5.0,5,19,3,408.0,16,306.0,546.0,240.0,2.275,72.0,0.375,19.125,24.0,3,rolling,losing_streak_fitness,1_day,rep_3
test,2,22406,53560,53560,86986,31,7,603,5.0,5,19,3,-98.40213650500684,27,-303.0,273.0,576.0,0.4739583333333333,437.0,0.1111111111111111,-11.22222222222222,24.0,16,rolling,losing_streak_fitness,1_day,rep_3
train,2,22406,53560,53560,86986,32,7,603,5.25,5,19,3,408.0,16,306.0,546.0,240.0,2.275,72.0,0.375,19.125,24.0,3,rolling,losing_streak_fitness,1_day,rep_3
test,2,22406,53560,53560,86986,32,7,603,5.25,5,19,3,-98.40213650500684,27,-303.0,273.0,576.0,0.4739583333333333,437.0,0.1111111111111111,-11.22222222222222,24.0,16,rolling,losing_streak_fitness,1_day,rep_3
train,2,22406,53560,53560,86986,33,7,603,5.25,5,19,3,408.0,16,306.0,546.0,240.0,2.275,72.0,0.375,19.125,24.0,3,rolling,losing_streak_fitness,1_day,rep_3
test,2,22406,53560,53560,86986,33,7,603,5.25,5,19,3,-98.40213650500684,27,-303.0,273.0,576.0,0.4739583333333333,437.0,0.1111111111111111,-11.22222222222222,24.0,16,rolling,losing_streak_fitness,1_day,rep_3
train,2,22406,53560,53560,86986,34,7,584,5.0,5,19,3,408.0,16,306.0,546.0,240.0,2.275,72.0,0.375,19.125,24.0,3,rolling,losing_streak_fitness,1_day,rep_3
test,2,22406,53560,53560,86986,34,7,584,5.0,5,19,3,-94.8417629528258,26,-279.0,273.0,552.0,0.4945652173913043,413.0,0.1153846153846153,-10.73076923076923,24.0,15,rolling,losing_streak_fitness,1_day,rep_3
train,2,22406,53560,53560,86986,35,7,603,5.25,5,19,3,408.0,16,306.0,546.0,240.0,2.275,72.0,0.375,19.125,24.0,3,rolling,losing_streak_fitness,1_day,rep_3
test,2,22406,53560,53560,86986,35,7,603,5.25,5,19,3,-98.40213650500684,27,-303.0,273.0,576.0,0.4739583333333333,437.0,0.1111111111111111,-11.22222222222222,24.0,16,rolling,losing_streak_fitness,1_day,rep_3
train,2,22406,53560,53560,86986,36,7,603,5.25,5,19,3,408.0,16,306.0,546.0,240.0,2.275,72.0,0.375,19.125,24.0,3,rolling,losing_streak_fitness,1_day,rep_3
test,2,22406,53560,53560,86986,36,7,603,5.25,5,19,3,-98.40213650500684,27,-303.0,273.0,576.0,0.4739583333333333,437.0,0.1111111111111111,-11.22222222222222,24.0,16,rolling,losing_streak_fitness,1_day,rep_3
train,2,22406,53560,53560,86986,37,7,603,5.0,5,19,3,408.0,16,306.0,546.0,240.0,2.275,72.0,0.375,19.125,24.0,3,rolling,losing_streak_fitness,1_day,rep_3
test,2,22406,53560,53560,86986,37,7,603,5.0,5,19,3,-98.40213650500684,27,-303.0,273.0,576.0,0.4739583333333333,437.0,0.1111111111111111,-11.22222222222222,24.0,16,rolling,losing_streak_fitness,1_day,rep_3
train,2,22406,53560,53560,86986,38,7,578,5.25,5,19,3,408.0,16,306.0,546.0,240.0,2.275,72.0,0.375,19.125,24.0,3,rolling,losing_streak_fitness,1_day,rep_3
test,2,22406,53560,53560,86986,38,7,578,5.25,5,19,3,-94.8417629528258,26,-279.0,273.0,552.0,0.4945652173913043,413.0,0.1153846153846153,-10.73076923076923,24.0,15,rolling,losing_streak_fitness,1_day,rep_3
train,2,22406,53560,53560,86986,39,7,603,5.0,5,19,3,408.0,16,306.0,546.0,240.0,2.275,72.0,0.375,19.125,24.0,3,rolling,losing_streak_fitness,1_day,rep_3
test,2,22406,53560,53560,86986,39,7,603,5.0,5,19,3,-98.40213650500684,27,-303.0,273.0,576.0,0.4739583333333333,437.0,0.1111111111111111,-11.22222222222222,24.0,16,rolling,losing_streak_fitness,1_day,rep_3
train,2,22406,53560,53560,86986,40,7,603,5.0,5,19,3,408.0,16,306.0,546.0,240.0,2.275,72.0,0.375,19.125,24.0,3,rolling,losing_streak_fitness,1_day,rep_3
test,2,22406,53560,53560,86986,40,7,603,5.0,5,19,3,-98.40213650500684,27,-303.0,273.0,576.0,0.4739583333333333,437.0,0.1111111111111111,-11.22222222222222,24.0,16,rolling,losing_streak_fitness,1_day,rep_3
train,2,22406,53560,53560,86986,41,7,603,5.25,5,19,3,408.0,16,306.0,546.0,240.0,2.275,72.0,0.375,19.125,24.0,3,rolling,losing_streak_fitness,1_day,rep_3
test,2,22406,53560,53560,86986,41,7,603,5.25,5,19,3,-98.40213650500684,27,-303.0,273.0,576.0,0.4739583333333333,437.0,0.1111111111111111,-11.22222222222222,24.0,16,rolling,losing_streak_fitness,1_day,rep_3
train,2,22406,53560,53560,86986,42,7,603,5.25,5,19,3,408.0,16,306.0,546.0,240.0,2.275,72.0,0.375,19.125,24.0,3,rolling,losing_streak_fitness,1_day,rep_3
test,2,22406,53560,53560,86986,42,7,603,5.25,5,19,3,-98.40213650500684,27,-303.0,273.0,576.0,0.4739583333333333,437.0,0.1111111111111111,-11.22222222222222,24.0,16,rolling,losing_streak_fitness,1_day,rep_3
train,2,22406,53560,53560,86986,43,7,603,5.25,5,19,3,408.0,16,306.0,546.0,240.0,2.275,72.0,0.375,19.125,24.0,3,rolling,losing_streak_fitness,1_day,rep_3
test,2,22406,53560,53560,86986,43,7,603,5.25,5,19,3,-98.40213650500684,27,-303.0,273.0,576.0,0.4739583333333333,437.0,0.1111111111111111,-11.22222222222222,24.0,16,rolling,losing_streak_fitness,1_day,rep_3
train,2,22406,53560,53560,86986,44,7,603,5.0,5,19,3,408.0,16,306.0,546.0,240.0,2.275,72.0,0.375,19.125,24.0,3,rolling,losing_streak_fitness,1_day,rep_3
test,2,22406,53560,53560,86986,44,7,603,5.0,5,19,3,-98.40213650500684,27,-303.0,273.0,576.0,0.4739583333333333,437.0,0.1111111111111111,-11.22222222222222,24.0,16,rolling,losing_streak_fitness,1_day,rep_3
train,2,22406,53560,53560,86986,45,7,596,5.25,5,19,3,408.0,16,306.0,546.0,240.0,2.275,72.0,0.375,19.125,24.0,3,rolling,losing_streak_fitness,1_day,rep_3
test,2,22406,53560,53560,86986,45,7,596,5.25,5,19,3,-94.8417629528258,26,-279.0,273.0,552.0,0.4945652173913043,413.0,0.1153846153846153,-10.73076923076923,24.0,15,rolling,losing_streak_fitness,1_day,rep_3
train,2,22406,53560,53560,86986,46,7,596,5.25,5,19,3,408.0,16,306.0,546.0,240.0,2.275,72.0,0.375,19.125,24.0,3,rolling,losing_streak_fitness,1_day,rep_3
test,2,22406,53560,53560,86986,46,7,596,5.25,5,19,3,-94.8417629528258,26,-279.0,273.0,552.0,0.4945652173913043,413.0,0.1153846153846153,-10.73076923076923,24.0,15,rolling,losing_streak_fitness,1_day,rep_3
train,2,22406,53560,53560,86986,47,7,621,5.0,5,19,3,408.0,16,306.0,546.0,240.0,2.275,72.0,0.375,19.125,24.0,3,rolling,losing_streak_fitness,1_day,rep_3
test,2,22406,53560,53560,86986,47,7,621,5.0,5,19,3,-98.40213650500684,27,-303.0,273.0,576.0,0.4739583333333333,437.0,0.1111111111111111,-11.22222222222222,24.0,16,rolling,losing_streak_fitness,1_day,rep_3
train,2,22406,53560,53560,86986,48,7,603,5.25,5,19,3,408.0,16,306.0,546.0,240.0,2.275,72.0,0.375,19.125,24.0,3,rolling,losing_streak_fitness,1_day,rep_3
test,2,22406,53560,53560,86986,48,7,603,5.25,5,19,3,-98.40213650500684,27,-303.0,273.0,576.0,0.4739583333333333,437.0,0.1111111111111111,-11.22222222222222,24.0,16,rolling,losing_streak_fitness,1_day,rep_3
train,2,22406,53560,53560,86986,49,7,578,5.25,5,19,3,408.0,16,306.0,546.0,240.0,2.275,72.0,0.375,19.125,24.0,3,rolling,losing_streak_fitness,1_day,rep_3
test,2,22406,53560,53560,86986,49,7,578,5.25,5,19,3,-94.8417629528258,26,-279.0,273.0,552.0,0.4945652173913043,413.0,0.1153846153846153,-10.73076923076923,24.0,15,rolling,losing_streak_fitness,1_day,rep_3
train,2,22406,53560,53560,86986,50,7,603,5.25,5,19,3,408.0,16,306.0,546.0,240.0,2.275,72.0,0.375,19.125,24.0,3,rolling,losing_streak_fitness,1_day,rep_3
test,2,22406,53560,53560,86986,50,7,603,5.25,5,19,3,-98.40213650500684,27,-303.0,273.0,576.0,0.4739583333333333,437.0,0.1111111111111111,-11.22222222222222,24.0,16,rolling,losing_streak_fitness,1_day,rep_3
train,2,22406,53560,53560,86986,51,7,603,5.25,5,19,3,408.0,16,306.0,546.0,240.0,2.275,72.0,0.375,19.125,24.0,3,rolling,losing_streak_fitness,1_day,rep_3
test,2,22406,53560,53560,86986,51,7,603,5.25,5,19,3,-98.40213650500684,27,-303.0,273.0,576.0,0.4739583333333333,437.0,0.1111111111111111,-11.22222222222222,24.0,16,rolling,losing_streak_fitness,1_day,rep_3
train,2,22406,53560,53560,86986,52,7,603,5.0,5,19,3,408.0,16,306.0,546.0,240.0,2.275,72.0,0.375,19.125,24.0,3,rolling,losing_streak_fitness,1_day,rep_3
test,2,22406,53560,53560,86986,52,7,603,5.0,5,19,3,-98.40213650500684,27,-303.0,273.0,576.0,0.4739583333333333,437.0,0.1111111111111111,-11.22222222222222,24.0,16,rolling,losing_streak_fitness,1_day,rep_3
train,2,22406,53560,53560,86986,53,7,603,5.25,5,19,3,408.0,16,306.0,546.0,240.0,2.275,72.0,0.375,19.125,24.0,3,rolling,losing_streak_fitness,1_day,rep_3
test,2,22406,53560,53560,86986,53,7,603,5.25,5,19,3,-98.40213650500684,27,-303.0,273.0,576.0,0.4739583333333333,437.0,0.1111111111111111,-11.22222222222222,24.0,16,rolling,losing_streak_fitness,1_day,rep_3
train,2,22406,53560,53560,86986,54,7,603,5.25,5,19,3,408.0,16,306.0,546.0,240.0,2.275,72.0,0.375,19.125,24.0,3,rolling,losing_streak_fitness,1_day,rep_3
test,2,22406,53560,53560,86986,54,7,603,5.25,5,19,3,-98.40213650500684,27,-303.0,273.0,576.0,0.4739583333333333,437.0,0.1111111111111111,-11.22222222222222,24.0,16,rolling,losing_streak_fitness,1_day,rep_3
train,2,22406,53560,53560,86986,55,7,603,5.0,5,19,3,408.0,16,306.0,546.0,240.0,2.275,72.0,0.375,19.125,24.0,3,rolling,losing_streak_fitness,1_day,rep_3
test,2,22406,53560,53560,86986,55,7,603,5.0,5,19,3,-98.40213650500684,27,-303.0,273.0,576.0,0.4739583333333333,437.0,0.1111111111111111,-11.22222222222222,24.0,16,rolling,losing_streak_fitness,1_day,rep_3
train,2,22406,53560,53560,86986,56,7,603,5.25,5,19,3,408.0,16,306.0,546.0,240.0,2.275,72.0,0.375,19.125,24.0,3,rolling,losing_streak_fitness,1_day,rep_3
test,2,22406,53560,53560,86986,56,7,603,5.25,5,19,3,-98.40213650500684,27,-303.0,273.0,576.0,0.4739583333333333,437.0,0.1111111111111111,-11.22222222222222,24.0,16,rolling,losing_streak_fitness,1_day,rep_3
train,2,22406,53560,53560,86986,57,7,603,5.5,5,19,3,408.0,16,306.0,546.0,240.0,2.275,72.0,0.375,19.125,24.0,3,rolling,losing_streak_fitness,1_day,rep_3
test,2,22406,53560,53560,86986,57,7,603,5.5,5,19,3,-98.40213650500684,27,-303.0,273.0,576.0,0.4739583333333333,437.0,0.1111111111111111,-11.22222222222222,24.0,16,rolling,losing_streak_fitness,1_day,rep_3
train,2,22406,53560,53560,86986,58,7,603,5.0,5,19,3,408.0,16,306.0,546.0,240.0,2.275,72.0,0.375,19.125,24.0,3,rolling,losing_streak_fitness,1_day,rep_3
test,2,22406,53560,53560,86986,58,7,603,5.0,5,19,3,-98.40213650500684,27,-303.0,273.0,576.0,0.4739583333333333,437.0,0.1111111111111111,-11.22222222222222,24.0,16,rolling,losing_streak_fitness,1_day,rep_3
train,2,22406,53560,53560,86986,59,7,603,5.25,5,19,3,408.0,16,306.0,546.0,240.0,2.275,72.0,0.375,19.125,24.0,3,rolling,losing_streak_fitness,1_day,rep_3
test,2,22406,53560,53560,86986,59,7,603,5.25,5,19,3,-98.40213650500684,27,-303.0,273.0,576.0,0.4739583333333333,437.0,0.1111111111111111,-11.22222222222222,24.0,16,rolling,losing_streak_fitness,1_day,rep_3
train,2,22406,53560,53560,86986,60,7,603,5.25,5,19,3,408.0,16,306.0,546.0,240.0,2.275,72.0,0.375,19.125,24.0,3,rolling,losing_streak_fitness,1_day,rep_3
test,2,22406,53560,53560,86986,60,7,603,5.25,5,19,3,-98.40213650500684,27,-303.0,273.0,576.0,0.4739583333333333,437.0,0.1111111111111111,-11.22222222222222,24.0,16,rolling,losing_streak_fitness,1_day,rep_3
train,2,22406,53560,53560,86986,61,7,603,5.0,5,19,3,408.0,16,306.0,546.0,240.0,2.275,72.0,0.375,19.125,24.0,3,rolling,losing_streak_fitness,1_day,rep_3
test,2,22406,53560,53560,86986,61,7,603,5.0,5,19,3,-98.40213650500684,27,-303.0,273.0,576.0,0.4739583333333333,437.0,0.1111111111111111,-11.22222222222222,24.0,16,rolling,losing_streak_fitness,1_day,rep_3
train,2,22406,53560,53560,86986,62,7,578,5.5,5,19,3,408.0,16,306.0,546.0,240.0,2.275,72.0,0.375,19.125,24.0,3,rolling,losing_streak_fitness,1_day,rep_3
test,2,22406,53560,53560,86986,62,7,578,5.5,5,19,3,-94.8417629528258,26,-279.0,273.0,552.0,0.4945652173913043,413.0,0.1153846153846153,-10.73076923076923,24.0,15,rolling,losing_streak_fitness,1_day,rep_3
train,2,22406,53560,53560,86986,63,7,603,5.25,5,19,3,408.0,16,306.0,546.0,240.0,2.275,72.0,0.375,19.125,24.0,3,rolling,losing_streak_fitness,1_day,rep_3
test,2,22406,53560,53560,86986,63,7,603,5.25,5,19,3,-98.40213650500684,27,-303.0,273.0,576.0,0.4739583333333333,437.0,0.1111111111111111,-11.22222222222222,24.0,16,rolling,losing_streak_fitness,1_day,rep_3
train,2,22406,53560,53560,86986,64,7,578,5.5,5,19,3,408.0,16,306.0,546.0,240.0,2.275,72.0,0.375,19.125,24.0,3,rolling,losing_streak_fitness,1_day,rep_3
test,2,22406,53560,53560,86986,64,7,578,5.5,5,19,3,-94.8417629528258,26,-279.0,273.0,552.0,0.4945652173913043,413.0,0.1153846153846153,-10.73076923076923,24.0,15,rolling,losing_streak_fitness,1_day,rep_3
train,2,22406,53560,53560,86986,65,7,639,5.0,5,19,3,408.0,16,306.0,546.0,240.0,2.275,72.0,0.375,19.125,24.0,3,rolling,losing_streak_fitness,1_day,rep_3
test,2,22406,53560,53560,86986,65,7,639,5.0,5,19,3,-98.40213650500684,27,-303.0,273.0,576.0,0.4739583333333333,437.0,0.1111111111111111,-11.22222222222222,24.0,16,rolling,losing_streak_fitness,1_day,rep_3
train,2,22406,53560,53560,86986,66,7,621,5.0,5,19,3,408.0,16,306.0,546.0,240.0,2.275,72.0,0.375,19.125,24.0,3,rolling,losing_streak_fitness,1_day,rep_3
test,2,22406,53560,53560,86986,66,7,621,5.0,5,19,3,-98.40213650500684,27,-303.0,273.0,576.0,0.4739583333333333,437.0,0.1111111111111111,-11.22222222222222,24.0,16,rolling,losing_streak_fitness,1_day,rep_3
train,2,22406,53560,53560,86986,67,7,639,5.5,5,19,3,408.0,16,306.0,546.0,240.0,2.275,72.0,0.375,19.125,24.0,3,rolling,losing_streak_fitness,1_day,rep_3
test,2,22406,53560,53560,86986,67,7,639,5.5,5,19,3,-98.40213650500684,27,-303.0,273.0,576.0,0.4739583333333333,437.0,0.1111111111111111,-11.22222222222222,24.0,16,rolling,losing_streak_fitness,1_day,rep_3
train,2,22406,53560,53560,86986,68,7,578,5.25,5,19,3,408.0,16,306.0,546.0,240.0,2.275,72.0,0.375,19.125,24.0,3,rolling,losing_streak_fitness,1_day,rep_3
test,2,22406,53560,53560,86986,68,7,578,5.25,5,19,3,-94.8417629528258,26,-279.0,273.0,552.0,0.4945652173913043,413.0,0.1153846153846153,-10.73076923076923,24.0,15,rolling,losing_streak_fitness,1_day,rep_3
train,2,22406,53560,53560,86986,69,7,603,5.0,5,19,3,408.0,16,306.0,546.0,240.0,2.275,72.0,0.375,19.125,24.0,3,rolling,losing_streak_fitness,1_day,rep_3
test,2,22406,53560,53560,86986,69,7,603,5.0,5,19,3,-98.40213650500684,27,-303.0,273.0,576.0,0.4739583333333333,437.0,0.1111111111111111,-11.22222222222222,24.0,16,rolling,losing_streak_fitness,1_day,rep_3
train,2,22406,53560,53560,86986,70,7,621,5.5,5,19,3,408.0,16,306.0,546.0,240.0,2.275,72.0,0.375,19.125,24.0,3,rolling,losing_streak_fitness,1_day,rep_3
test,2,22406,53560,53560,86986,70,7,621,5.5,5,19,3,-98.40213650500684,27,-303.0,273.0,576.0,0.4739583333333333,437.0,0.1111111111111111,-11.22222222222222,24.0,16,rolling,losing_streak_fitness,1_day,rep_3
train,2,22406,53560,53560,86986,71,7,603,5.25,5,19,3,408.0,16,306.0,546.0,240.0,2.275,72.0,0.375,19.125,24.0,3,rolling,losing_streak_fitness,1_day,rep_3
test,2,22406,53560,53560,86986,71,7,603,5.25,5,19,3,-98.40213650500684,27,-303.0,273.0,576.0,0.4739583333333333,437.0,0.1111111111111111,-11.22222222222222,24.0,16,rolling,losing_streak_fitness,1_day,rep_3
train,2,22406,53560,53560,86986,72,7,578,5.25,5,19,3,408.0,16,306.0,546.0,240.0,2.275,72.0,0.375,19.125,24.0,3,rolling,losing_streak_fitness,1_day,rep_3
test,2,22406,53560,53560,86986,72,7,578,5.25,5,19,3,-94.8417629528258,26,-279.0,273.0,552.0,0.4945652173913043,413.0,0.1153846153846153,-10.73076923076923,24.0,15,rolling,losing_streak_fitness,1_day,rep_3
train,2,22406,53560,53560,86986,73,7,621,5.0,5,19,3,408.0,16,306.0,546.0,240.0,2.275,72.0,0.375,19.125,24.0,3,rolling,losing_streak_fitness,1_day,rep_3
test,2,22406,53560,53560,86986,73,7,621,5.0,5,19,3,-98.40213650500684,27,-303.0,273.0,576.0,0.4739583333333333,437.0,0.1111111111111111,-11.22222222222222,24.0,16,rolling,losing_streak_fitness,1_day,rep_3
train,2,22406,53560,53560,86986,74,7,603,5.5,5,19,3,408.0,16,306.0,546.0,240.0,2.275,72.0,0.375,19.125,24.0,3,rolling,losing_streak_fitness,1_day,rep_3
test,2,22406,53560,53560,86986,74,7,603,5.5,5,19,3,-98.40213650500684,27,-303.0,273.0,576.0,0.4739583333333333,437.0,0.1111111111111111,-11.22222222222222,24.0,16,rolling,losing_streak_fitness,1_day,rep_3
train,2,22406,53560,53560,86986,75,7,603,5.0,5,19,3,408.0,16,306.0,546.0,240.0,2.275,72.0,0.375,19.125,24.0,3,rolling,losing_streak_fitness,1_day,rep_3
test,2,22406,53560,53560,86986,75,7,603,5.0,5,19,3,-98.40213650500684,27,-303.0,273.0,576.0,0.4739583333333333,437.0,0.1111111111111111,-11.22222222222222,24.0,16,rolling,losing_streak_fitness,1_day,rep_3
train,2,22406,53560,53560,86986,76,7,603,5.25,5,19,3,408.0,16,306.0,546.0,240.0,2.275,72.0,0.375,19.125,24.0,3,rolling,losing_streak_fitness,1_day,rep_3
test,2,22406,53560,53560,86986,76,7,603,5.25,5,19,3,-98.40213650500684,27,-303.0,273.0,576.0,0.4739583333333333,437.0,0.1111111111111111,-11.22222222222222,24.0,16,rolling,losing_streak_fitness,1_day,rep_3
train,2,22406,53560,53560,86986,77,7,578,5.25,5,19,3,408.0,16,306.0,546.0,240.0,2.275,72.0,0.375,19.125,24.0,3,rolling,losing_streak_fitness,1_day,rep_3
test,2,22406,53560,53560,86986,77,7,578,5.25,5,19,3,-94.8417629528258,26,-279.0,273.0,552.0,0.4945652173913043,413.0,0.1153846153846153,-10.73076923076923,24.0,15,rolling,losing_streak_fitness,1_day,rep_3
train,2,22406,53560,53560,86986,78,7,603,5.0,5,19,3,408.0,16,306.0,546.0,240.0,2.275,72.0,0.375,19.125,24.0,3,rolling,losing_streak_fitness,1_day,rep_3
test,2,22406,53560,53560,86986,78,7,603,5.0,5,19,3,-98.40213650500684,27,-303.0,273.0,576.0,0.4739583333333333,437.0,0.1111111111111111,-11.22222222222222,24.0,16,rolling,losing_streak_fitness,1_day,rep_3
train,2,22406,53560,53560,86986,79,7,603,5.0,5,19,3,408.0,16,306.0,546.0,240.0,2.275,72.0,0.375,19.125,24.0,3,rolling,losing_streak_fitness,1_day,rep_3
test,2,22406,53560,53560,86986,79,7,603,5.0,5,19,3,-98.40213650500684,27,-303.0,273.0,576.0,0.4739583333333333,437.0,0.1111111111111111,-11.22222222222222,24.0,16,rolling,losing_streak_fitness,1_day,rep_3
train,2,22406,53560,53560,86986,80,7,609,5.25,5,19,3,408.0,16,306.0,546.0,240.0,2.275,72.0,0.375,19.125,24.0,3,rolling,losing_streak_fitness,1_day,rep_3
test,2,22406,53560,53560,86986,80,7,609,5.25,5,19,3,-98.40213650500684,27,-303.0,273.0,576.0,0.4739583333333333,437.0,0.1111111111111111,-11.22222222222222,24.0,16,rolling,losing_streak_fitness,1_day,rep_3
train,2,22406,53560,53560,86986,81,7,603,5.0,5,19,3,408.0,16,306.0,546.0,240.0,2.275,72.0,0.375,19.125,24.0,3,rolling,losing_streak_fitness,1_day,rep_3
test,2,22406,53560,53560,86986,81,7,603,5.0,5,19,3,-98.40213650500684,27,-303.0,273.0,576.0,0.4739583333333333,437.0,0.1111111111111111,-11.22222222222222,24.0,16,rolling,losing_streak_fitness,1_day,rep_3
train,2,22406,53560,53560,86986,82,7,603,5.5,5,19,3,408.0,16,306.0,546.0,240.0,2.275,72.0,0.375,19.125,24.0,3,rolling,losing_streak_fitness,1_day,rep_3
test,2,22406,53560,53560,86986,82,7,603,5.5,5,19,3,-98.40213650500684,27,-303.0,273.0,576.0,0.4739583333333333,437.0,0.1111111111111111,-11.22222222222222,24.0,16,rolling,losing_streak_fitness,1_day,rep_3
train,2,22406,53560,53560,86986,83,7,603,5.25,5,19,3,408.0,16,306.0,546.0,240.0,2.275,72.0,0.375,19.125,24.0,3,rolling,losing_streak_fitness,1_day,rep_3
test,2,22406,53560,53560,86986,83,7,603,5.25,5,19,3,-98.40213650500684,27,-303.0,273.0,576.0,0.4739583333333333,437.0,0.1111111111111111,-11.22222222222222,24.0,16,rolling,losing_streak_fitness,1_day,rep_3
train,2,22406,53560,53560,86986,84,7,596,5.5,5,19,3,408.0,16,306.0,546.0,240.0,2.275,72.0,0.375,19.125,24.0,3,rolling,losing_streak_fitness,1_day,rep_3
test,2,22406,53560,53560,86986,84,7,596,5.5,5,19,3,-94.8417629528258,26,-279.0,273.0,552.0,0.4945652173913043,413.0,0.1153846153846153,-10.73076923076923,24.0,15,rolling,losing_streak_fitness,1_day,rep_3
train,2,22406,53560,53560,86986,85,7,603,5.25,5,19,3,408.0,16,306.0,546.0,240.0,2.275,72.0,0.375,19.125,24.0,3,rolling,losing_streak_fitness,1_day,rep_3
test,2,22406,53560,53560,86986,85,7,603,5.25,5,19,3,-98.40213650500684,27,-303.0,273.0,576.0,0.4739583333333333,437.0,0.1111111111111111,-11.22222222222222,24.0,16,rolling,losing_streak_fitness,1_day,rep_3
train,2,22406,53560,53560,86986,86,7,603,5.5,5,19,3,408.0,16,306.0,546.0,240.0,2.275,72.0,0.375,19.125,24.0,3,rolling,losing_streak_fitness,1_day,rep_3
test,2,22406,53560,53560,86986,86,7,603,5.5,5,19,3,-98.40213650500684,27,-303.0,273.0,576.0,0.4739583333333333,437.0,0.1111111111111111,-11.22222222222222,24.0,16,rolling,losing_streak_fitness,1_day,rep_3
train,2,22406,53560,53560,86986,87,7,615,5.5,5,19,3,408.0,16,306.0,546.0,240.0,2.275,72.0,0.375,19.125,24.0,3,rolling,losing_streak_fitness,1_day,rep_3
test,2,22406,53560,53560,86986,87,7,615,5.5,5,19,3,-98.40213650500684,27,-303.0,273.0,576.0,0.4739583333333333,437.0,0.1111111111111111,-11.22222222222222,24.0,16,rolling,losing_streak_fitness,1_day,rep_3
train,2,22406,53560,53560,86986,88,7,603,5.5,5,19,3,408.0,16,306.0,546.0,240.0,2.275,72.0,0.375,19.125,24.0,3,rolling,losing_streak_fitness,1_day,rep_3
test,2,22406,53560,53560,86986,88,7,603,5.5,5,19,3,-98.40213650500684,27,-303.0,273.0,576.0,0.4739583333333333,437.0,0.1111111111111111,-11.22222222222222,24.0,16,rolling,losing_streak_fitness,1_day,rep_3
train,2,22406,53560,53560,86986,89,7,603,5.5,5,19,3,408.0,16,306.0,546.0,240.0,2.275,72.0,0.375,19.125,24.0,3,rolling,losing_streak_fitness,1_day,rep_3
test,2,22406,53560,53560,86986,89,7,603,5.5,5,19,3,-98.40213650500684,27,-303.0,273.0,576.0,0.4739583333333333,437.0,0.1111111111111111,-11.22222222222222,24.0,16,rolling,losing_streak_fitness,1_day,rep_3
train,2,22406,53560,53560,86986,90,7,603,5.25,5,19,3,408.0,16,306.0,546.0,240.0,2.275,72.0,0.375,19.125,24.0,3,rolling,losing_streak_fitness,1_day,rep_3
test,2,22406,53560,53560,86986,90,7,603,5.25,5,19,3,-98.40213650500684,27,-303.0,273.0,576.0,0.4739583333333333,437.0,0.1111111111111111,-11.22222222222222,24.0,16,rolling,losing_streak_fitness,1_day,rep_3
train,2,22406,53560,53560,86986,91,7,603,5.5,5,19,3,408.0,16,306.0,546.0,240.0,2.275,72.0,0.375,19.125,24.0,3,rolling,losing_streak_fitness,1_day,rep_3
test,2,22406,53560,53560,86986,91,7,603,5.5,5,19,3,-98.40213650500684,27,-303.0,273.0,576.0,0.4739583333333333,437.0,0.1111111111111111,-11.22222222222222,24.0,16,rolling,losing_streak_fitness,1_day,rep_3
train,2,22406,53560,53560,86986,92,7,603,5.25,5,19,3,408.0,16,306.0,546.0,240.0,2.275,72.0,0.375,19.125,24.0,3,rolling,losing_streak_fitness,1_day,rep_3
test,2,22406,53560,53560,86986,92,7,603,5.25,5,19,3,-98.40213650500684,27,-303.0,273.0,576.0,0.4739583333333333,437.0,0.1111111111111111,-11.22222222222222,24.0,16,rolling,losing_streak_fitness,1_day,rep_3
train,2,22406,53560,53560,86986,93,7,615,5.25,5,19,3,408.0,16,306.0,546.0,240.0,2.275,72.0,0.375,19.125,24.0,3,rolling,losing_streak_fitness,1_day,rep_3
test,2,22406,53560,53560,86986,93,7,615,5.25,5,19,3,-98.40213650500684,27,-303.0,273.0,576.0,0.4739583333333333,437.0,0.1111111111111111,-11.22222222222222,24.0,16,rolling,losing_streak_fitness,1_day,rep_3
train,2,22406,53560,53560,86986,94,7,603,5.5,5,19,3,408.0,16,306.0,546.0,240.0,2.275,72.0,0.375,19.125,24.0,3,rolling,losing_streak_fitness,1_day,rep_3
test,2,22406,53560,53560,86986,94,7,603,5.5,5,19,3,-98.40213650500684,27,-303.0,273.0,576.0,0.4739583333333333,437.0,0.1111111111111111,-11.22222222222222,24.0,16,rolling,losing_streak_fitness,1_day,rep_3
train,2,22406,53560,53560,86986,95,7,645,5.0,5,19,3,408.0,16,306.0,546.0,240.0,2.275,72.0,0.375,19.125,24.0,3,rolling,losing_streak_fitness,1_day,rep_3
test,2,22406,53560,53560,86986,95,7,645,5.0,5,19,3,-98.40213650500684,27,-303.0,273.0,576.0,0.4739583333333333,437.0,0.1111111111111111,-11.22222222222222,24.0,16,rolling,losing_streak_fitness,1_day,rep_3
train,2,22406,53560,53560,86986,96,7,603,5.0,5,19,3,408.0,16,306.0,546.0,240.0,2.275,72.0,0.375,19.125,24.0,3,rolling,losing_streak_fitness,1_day,rep_3
test,2,22406,53560,53560,86986,96,7,603,5.0,5,19,3,-98.40213650500684,27,-303.0,273.0,576.0,0.4739583333333333,437.0,0.1111111111111111,-11.22222222222222,24.0,16,rolling,losing_streak_fitness,1_day,rep_3
train,2,22406,53560,53560,86986,97,7,565,5.5,5,19,3,408.0,16,306.0,546.0,240.0,2.275,72.0,0.375,19.125,24.0,3,rolling,losing_streak_fitness,1_day,rep_3
test,2,22406,53560,53560,86986,97,7,565,5.5,5,19,3,-94.8417629528258,26,-279.0,273.0,552.0,0.4945652173913043,413.0,0.1153846153846153,-10.73076923076923,24.0,15,rolling,losing_streak_fitness,1_day,rep_3
train,2,22406,53560,53560,86986,98,7,645,5.5,5,19,3,408.0,16,306.0,546.0,240.0,2.275,72.0,0.375,19.125,24.0,3,rolling,losing_streak_fitness,1_day,rep_3
test,2,22406,53560,53560,86986,98,7,645,5.5,5,19,3,-98.40213650500684,27,-303.0,273.0,576.0,0.4739583333333333,437.0,0.1111111111111111,-11.22222222222222,24.0,16,rolling,losing_streak_fitness,1_day,rep_3
train,2,22406,53560,53560,86986,99,7,603,5.5,5,19,3,408.0,16,306.0,546.0,240.0,2.275,72.0,0.375,19.125,24.0,3,rolling,losing_streak_fitness,1_day,rep_3
test,2,22406,53560,53560,86986,99,7,603,5.5,5,19,3,-98.40213650500684,27,-303.0,273.0,576.0,0.4739583333333333,437.0,0.1111111111111111,-11.22222222222222,24.0,16,rolling,losing_streak_fitness,1_day,rep_3
train,2,22406,53560,53560,86986,100,7,632,5.0,5,19,3,408.0,16,306.0,546.0,240.0,2.275,72.0,0.375,19.125,24.0,3,rolling,losing_streak_fitness,1_day,rep_3
test,2,22406,53560,53560,86986,100,7,632,5.0,5,19,3,-98.40213650500684,27,-303.0,273.0,576.0,0.4739583333333333,437.0,0.1111111111111111,-11.22222222222222,24.0,16,rolling,losing_streak_fitness,1_day,rep_3
train,3,53560,86986,86986,125287,0,13,2236,4.0,4,3,20,161.66632302368973,6,66.0,66.0,0.0,inf,0.0,1.0,11.0,0.0,0,rolling,losing_streak_fitness,1_day,rep_3
test,3,53560,86986,86986,125287,0,13,2236,4.0,4,3,20,-938.384368061522,23,-587.0,176.0,763.0,0.2306684141546527,653.0,0.6956521739130435,-25.52173913043478,109.0,3,rolling,losing_streak_fitness,1_day,rep_3
train,3,53560,86986,86986,125287,1,6,202,8.0,6,7,3,234.7594513539338,8,83.0,155.0,72.0,2.1527777777777777,24.0,0.625,10.375,24.0,1,rolling,losing_streak_fitness,1_day,rep_3
test,3,53560,86986,86986,125287,1,6,202,8.0,6,7,3,4.0,9,4.0,124.0,120.0,1.0333333333333334,89.0,0.4444444444444444,0.4444444444444444,24.0,3,rolling,losing_streak_fitness,1_day,rep_3
train,3,53560,86986,86986,125287,2,6,202,8.0,5,12,3,252.9822128134704,10,160.0,280.0,120.0,2.333333333333333,48.0,0.5,16.0,24.0,2,rolling,losing_streak_fitness,1_day,rep_3
test,3,53560,86986,86986,125287,2,6,202,8.0,5,12,3,79.82202425117741,14,64.0,280.0,216.0,1.2962962962962965,72.0,0.3571428571428571,4.571428571428571,24.0,3,rolling,losing_streak_fitness,1_day,rep_3
train,3,53560,86986,86986,125287,3,10,1216,9.5,3,16,7,227.5346127515548,7,172.0,304.0,132.0,2.303030303030303,88.0,0.5714285714285714,24.571428571428573,44.0,2,rolling,losing_streak_fitness,1_day,rep_3
test,3,53560,86986,86986,125287,3,10,1216,9.5,3,16,7,-226.0737342844881,21,-444.0,304.0,748.0,0.4064171122994652,444.0,0.1904761904761904,-21.142857142857142,44.0,9,rolling,losing_streak_fitness,1_day,rep_3
train,3,53560,86986,86986,125287,4,10,1216,9.5,3,16,7,227.5346127515548,7,172.0,304.0,132.0,2.303030303030303,88.0,0.5714285714285714,24.571428571428573,44.0,2,rolling,losing_streak_fitness,1_day,rep_3
test,3,53560,86986,86986,125287,4,10,1216,9.5,3,16,7,-226.0737342844881,21,-444.0,304.0,748.0,0.4064171122994652,444.0,0.1904761904761904,-21.142857142857142,44.0,9,rolling,losing_streak_fitness,1_day,rep_3
train,3,53560,86986,86986,125287,5,10,268,4.5,6,29,8,363.3610463437158,5,325.0,423.0,98.0,4.316326530612245,98.0,0.6,65.0,49.0,2,rolling,losing_streak_fitness,1_day,rep_3
test,3,53560,86986,86986,125287,5,10,268,4.5,6,29,8,-196.4155839862333,15,-355.0,282.0,637.0,0.4427001569858713,355.0,0.1333333333333333,-23.666666666666668,49.0,7,rolling,losing_streak_fitness,1_day,rep_3
train,3,53560,86986,86986,125287,6,13,1216,5.0,7,7,3,223.60679774997897,5,100.0,124.0,24.0,5.166666666666667,24.0,0.8,20.0,24.0,1,rolling,losing_streak_fitness,1_day,rep_3
test,3,53560,86986,86986,125287,6,13,1216,5.0,7,7,3,-29.18629815512752,11,-44.0,124.0,168.0,0.7380952380952381,120.0,0.3636363636363636,-4.0,24.0,5,rolling,losing_streak_fitness,1_day,rep_3
train,3,53560,86986,86986,125287,7,13,1564,4.0,6,7,2,234.78713763747797,5,105.0,124.0,19.0,6.526315789473684,19.0,0.8,21.0,19.0,1,rolling,losing_streak_fitness,1_day,rep_3
test,3,53560,86986,86986,125287,7,13,1564,4.0,6,7,2,223.445742854949,18,158.0,310.0,152.0,2.039473684210526,64.0,0.5555555555555556,8.777777777777779,19.0,3,rolling,losing_streak_fitness,1_day,rep_3
train,3,53560,86986,86986,125287,8,12,2123,5.0,6,9,3,313.0495168499706,5,140.0,164.0,24.0,6.833333333333333,24.0,0.8,28.0,24.0,1,rolling,losing_streak_fitness,1_day,rep_3
test,3,53560,86986,86986,125287,8,12,2123,5.0,6,9,3,184.97913395840084,18,218.0,410.0,192.0,2.1354166666666665,120.0,0.5555555555555556,12.11111111111111,24.0,5,rolling,losing_streak_fitness,1_day,rep_3
train,3,53560,86986,86986,125287,9,12,2123,5.0,6,9,2,324.2298567374695,5,145.0,164.0,19.0,8.631578947368421,19.0,0.8,29.0,19.0,1,rolling,losing_streak_fitness,1_day,rep_3
test,3,53560,86986,86986,125287,9,12,2123,5.0,6,9,2,218.9202594553551,18,258.0,410.0,152.0,2.6973684210526314,95.0,0.5555555555555556,14.333333333333334,19.0,5,rolling,losing_streak_fitness,1_day,rep_3
train,3,53560,86986,86986,125287,10,12,601,3.5,8,9,3,313.0495168499706,5,140.0,164.0,24.0,6.833333333333333,24.0,0.8,28.0,24.0,1,rolling,losing_streak_fitness,1_day,rep_3
test,3,53560,86986,86986,125287,10,12,601,3.5,8,9,3,148.419076342033,14,119.0,287.0,168.0,1.7083333333333333,79.0,0.5,8.5,24.0,3,rolling,losing_streak_fitness,1_day,rep_3
train,3,53560,86986,86986,125287,11,12,601,4.0,8,9,2,324.2298567374695,5,145.0,164.0,19.0,8.631578947368421,19.0,0.8,29.0,19.0,1,rolling,losing_streak_fitness,1_day,rep_3
test,3,53560,86986,86986,125287,11,12,601,4.0,8,9,2,125.20258583591634,11,151.0,246.0,95.0,2.5894736842105264,76.0,0.5454545454545454,13.727272727272728,19.0,4,rolling,losing_streak_fitness,1_day,rep_3
train,3,53560,86986,86986,125287,12,12,601,4.0,7,9,2,324.2298567374695,5,145.0,164.0,19.0,8.631578947368421,19.0,0.8,29.0,19.0,1,rolling,losing_streak_fitness,1_day,rep_3
test,3,53560,86986,86986,125287,12,12,601,4.0,7,9,2,192.0717458543957,14,154.0,287.0,133.0,2.1578947368421053,57.0,0.5,11.0,19.0,3,rolling,losing_streak_fitness,1_day,rep_3
train,3,53560,86986,86986,125287,13,12,319,3.5,7,9,2,324.2298567374695,5,145.0,164.0,19.0,8.631578947368421,19.0,0.8,29.0,19.0,1,rolling,losing_streak_fitness,1_day,rep_3
test,3,53560,86986,86986,125287,13,12,319,3.5,7,9,2,141.5476951419556,7,107.0,164.0,57.0,2.8771929824561404,38.0,0.5714285714285714,15.285714285714286,19.0,2,rolling,losing_streak_fitness,1_day,rep_3
train,3,53560,86986,86986,125287,14,12,601,3.75,7,9,2,324.2298567374695,5,145.0,164.0,19.0,8.631578947368421,19.0,0.8,29.0,19.0,1,rolling,losing_streak_fitness,1_day,rep_3
test,3,53560,86986,86986,125287,14,12,601,3.75,7,9,2,192.0717458543957,14,154.0,287.0,133.0,2.1578947368421053,57.0,0.5,11.0,19.0,3,rolling,losing_streak_fitness,1_day,rep_3
train,3,53560,86986,86986,125287,15,12,601,4.0,7,9,2,324.2298567374695,5,145.0,164.0,19.0,8.631578947368421,19.0,0.8,29.0,19.0,1,rolling,losing_streak_fitness,1_day,rep_3
test,3,53560,86986,86986,125287,15,12,601,4.0,7,9,2,192.0717458543957,14,154.0,287.0,133.0,2.1578947368421053,57.0,0.5,11.0,19.0,3,rolling,losing_streak_fitness,1_day,rep_3
train,3,53560,86986,86986,125287,16,12,1564,5.0,5,9,2,324.2298567374695,5,145.0,164.0,19.0,8.631578947368421,19.0,0.8,29.0,19.0,1,rolling,losing_streak_fitness,1_day,rep_3
test,3,53560,86986,86986,125287,16,12,1564,5.0,5,9,2,417.3993557999608,20,280.0,451.0,171.0,2.6374269005847952,73.0,0.55,14.0,19.0,3,rolling,losing_streak_fitness,1_day,rep_3
train,3,53560,86986,86986,125287,17,12,601,4.0,7,9,2,324.2298567374695,5,145.0,164.0,19.0,8.631578947368421,19.0,0.8,29.0,19.0,1,rolling,losing_streak_fitness,1_day,rep_3
test,3,53560,86986,86986,125287,17,12,601,4.0,7,9,2,192.0717458543957,14,154.0,287.0,133.0,2.1578947368421053,57.0,0.5,11.0,19.0,3,rolling,losing_streak_fitness,1_day,rep_3
train,3,53560,86986,86986,125287,18,12,319,5.0,6,9,2,324.2298567374695,5,145.0,164.0,19.0,8.631578947368421,19.0,0.8,29.0,19.0,1,rolling,losing_streak_fitness,1_day,rep_3
test,3,53560,86986,86986,125287,18,12,319,5.0,6,9,2,141.5476951419556,7,107.0,164.0,57.0,2.8771929824561404,38.0,0.5714285714285714,15.285714285714286,19.0,2,rolling,losing_streak_fitness,1_day,rep_3
train,3,53560,86986,86986,125287,19,12,1485,3.75,7,9,2,324.2298567374695,5,145.0,164.0,19.0,8.631578947368421,19.0,0.8,29.0,19.0,1,rolling,losing_streak_fitness,1_day,rep_3
test,3,53560,86986,86986,125287,19,12,1485,3.75,7,9,2,434.4369280395538,19,299.0,451.0,152.0,2.9671052631578947,57.0,0.5789473684210527,15.736842105263158,19.0,3,rolling,losing_streak_fitness,1_day,rep_3
train,3,53560,86986,86986,125287,20,12,601,3.75,7,9,2,324.2298567374695,5,145.0,164.0,19.0,8.631578947368421,19.0,0.8,29.0,19.0,1,rolling,losing_streak_fitness,1_day,rep_3
test,3,53560,86986,86986,125287,20,12,601,3.75,7,9,2,192.0717458543957,14,154.0,287.0,133.0,2.1578947368421053,57.0,0.5,11.0,19.0,3,rolling,losing_streak_fitness,1_day,rep_3
train,3,53560,86986,86986,125287,21,12,1823,3.25,7,9,2,324.2298567374695,5,145.0,164.0,19.0,8.631578947368421,19.0,0.8,29.0,19.0,1,rolling,losing_streak_fitness,1_day,rep_3
test,3,53560,86986,86986,125287,21,12,1823,3.25,7,9,2,434.4369280395538,19,299.0,451.0,152.0,2.9671052631578947,57.0,0.5789473684210527,15.736842105263158,19.0,3,rolling,losing_streak_fitness,1_day,rep_3
train,3,53560,86986,86986,125287,22,12,601,4.0,6,9,2,324.2298567374695,5,145.0,164.0,19.0,8.631578947368421,19.0,0.8,29.0,19.0,1,rolling,losing_streak_fitness,1_day,rep_3
test,3,53560,86986,86986,125287,22,12,601,4.0,6,9,2,174.28425057933376,15,135.0,287.0,152.0,1.888157894736842,73.0,0.4666666666666667,9.0,19.0,3,rolling,losing_streak_fitness,1_day,rep_3
train,3,53560,86986,86986,125287,23,12,619,4.25,7,9,2,324.2298567374695,5,145.0,164.0,19.0,8.631578947368421,19.0,0.8,29.0,19.0,1,rolling,losing_streak_fitness,1_day,rep_3
test,3,53560,86986,86986,125287,23,12,619,4.25,7,9,2,192.0717458543957,14,154.0,287.0,133.0,2.1578947368421053,57.0,0.5,11.0,19.0,3,rolling,losing_streak_fitness,1_day,rep_3
train,3,53560,86986,86986,125287,24,12,1657,3.75,8,9,2,324.2298567374695,5,145.0,164.0,19.0,8.631578947368421,19.0,0.8,29.0,19.0,1,rolling,losing_streak_fitness,1_day,rep_3
test,3,53560,86986,86986,125287,24,12,1657,3.75,8,9,2,434.4369280395538,19,299.0,451.0,152.0,2.9671052631578947,57.0,0.5789473684210527,15.736842105263158,19.0,3,rolling,losing_streak_fitness,1_day,rep_3
train,3,53560,86986,86986,125287,25,12,576,5.25,7,9,2,324.2298567374695,5,145.0,164.0,19.0,8.631578947368421,19.0,0.8,29.0,19.0,1,rolling,losing_streak_fitness,1_day,rep_3
test,3,53560,86986,86986,125287,25,12,576,5.25,7,9,2,49.88306325798367,12,72.0,205.0,133.0,1.5413533834586466,95.0,0.4166666666666667,6.0,19.0,5,rolling,losing_streak_fitness,1_day,rep_3
train,3,53560,86986,86986,125287,26,12,1564,3.25,6,9,2,324.2298567374695,5,145.0,164.0,19.0,8.631578947368421,19.0,0.8,29.0,19.0,1,rolling,losing_streak_fitness,1_day,rep_3
test,3,53560,86986,86986,125287,26,12,1564,3.25,6,9,2,417.3993557999608,20,280.0,451.0,171.0,2.6374269005847952,73.0,0.55,14.0,19.0,3,rolling,losing_streak_fitness,1_day,rep_3
train,3,53560,86986,86986,125287,27,12,601,5.75,6,9,2,324.2298567374695,5,145.0,164.0,19.0,8.631578947368421,19.0,0.8,29.0,19.0,1,rolling,losing_streak_fitness,1_day,rep_3
test,3,53560,86986,86986,125287,27,12,601,5.75,6,9,2,81.48545882548616,13,113.0,246.0,133.0,1.849624060150376,95.0,0.4615384615384615,8.692307692307692,19.0,5,rolling,losing_streak_fitness,1_day,rep_3
train,3,53560,86986,86986,125287,28,12,619,4.5,7,9,2,324.2298567374695,5,145.0,164.0,19.0,8.631578947368421,19.0,0.8,29.0,19.0,1,rolling,losing_streak_fitness,1_day,rep_3
test,3,53560,86986,86986,125287,28,12,619,4.5,7,9,2,81.48545882548616,13,113.0,246.0,133.0,1.849624060150376,95.0,0.4615384615384615,8.692307692307692,19.0,5,rolling,losing_streak_fitness,1_day,rep_3
train,3,53560,86986,86986,125287,29,12,601,4.75,6,9,2,324.2298567374695,5,145.0,164.0,19.0,8.631578947368421,19.0,0.8,29.0,19.0,1,rolling,losing_streak_fitness,1_day,rep_3
test,3,53560,86986,86986,125287,29,12,601,4.75,6,9,2,174.28425057933376,15,135.0,287.0,152.0,1.888157894736842,73.0,0.4666666666666667,9.0,19.0,3,rolling,losing_streak_fitness,1_day,rep_3
train,3,53560,86986,86986,125287,30,12,546,5.0,7,9,2,324.2298567374695,5,145.0,164.0,19.0,8.631578947368421,19.0,0.8,29.0,19.0,1,rolling,losing_streak_fitness,1_day,rep_3
test,3,53560,86986,86986,125287,30,12,546,5.0,7,9,2,49.88306325798367,12,72.0,205.0,133.0,1.5413533834586466,95.0,0.4166666666666667,6.0,19.0,5,rolling,losing_streak_fitness,1_day,rep_3
train,3,53560,86986,86986,125287,31,12,600,4.5,7,9,2,324.2298567374695,5,145.0,164.0,19.0,8.631578947368421,19.0,0.8,29.0,19.0,1,rolling,losing_streak_fitness,1_day,rep_3
test,3,53560,86986,86986,125287,31,12,600,4.5,7,9,2,81.48545882548616,13,113.0,246.0,133.0,1.849624060150376,95.0,0.4615384615384615,8.692307692307692,19.0,5,rolling,losing_streak_fitness,1_day,rep_3
train,3,53560,86986,86986,125287,32,12,601,5.0,7,9,2,324.2298567374695,5,145.0,164.0,19.0,8.631578947368421,19.0,0.8,29.0,19.0,1,rolling,losing_streak_fitness,1_day,rep_3
test,3,53560,86986,86986,125287,32,12,601,5.0,7,9,2,49.88306325798367,12,72.0,205.0,133.0,1.5413533834586466,95.0,0.4166666666666667,6.0,19.0,5,rolling,losing_streak_fitness,1_day,rep_3
train,3,53560,86986,86986,125287,33,12,523,4.5,5,9,2,324.2298567374695,5,145.0,164.0,19.0,8.631578947368421,19.0,0.8,29.0,19.0,1,rolling,losing_streak_fitness,1_day,rep_3
test,3,53560,86986,86986,125287,33,12,523,4.5,5,9,2,174.28425057933376,15,135.0,287.0,152.0,1.888157894736842,73.0,0.4666666666666667,9.0,19.0,3,rolling,losing_streak_fitness,1_day,rep_3
train,3,53560,86986,86986,125287,34,12,576,4.5,6,9,2,324.2298567374695,5,145.0,164.0,19.0,8.631578947368421,19.0,0.8,29.0,19.0,1,rolling,losing_streak_fitness,1_day,rep_3
test,3,53560,86986,86986,125287,34,12,576,4.5,6,9,2,174.28425057933376,15,135.0,287.0,152.0,1.888157894736842,73.0,0.4666666666666667,9.0,19.0,3,rolling,losing_streak_fitness,1_day,rep_3
train,3,53560,86986,86986,125287,35,12,601,5.25,6,9,2,324.2298567374695,5,145.0,164.0,19.0,8.631578947368421,19.0,0.8,29.0,19.0,1,rolling,losing_streak_fitness,1_day,rep_3
test,3,53560,86986,86986,125287,35,12,601,5.25,6,9,2,81.48545882548616,13,113.0,246.0,133.0,1.849624060150376,95.0,0.4615384615384615,8.692307692307692,19.0,5,rolling,losing_streak_fitness,1_day,rep_3
train,3,53560,86986,86986,125287,36,12,601,4.5,6,9,2,324.2298567374695,5,145.0,164.0,19.0,8.631578947368421,19.0,0.8,29.0,19.0,1,rolling,losing_streak_fitness,1_day,rep_3
test,3,53560,86986,86986,125287,36,12,601,4.5,6,9,2,174.28425057933376,15,135.0,287.0,152.0,1.888157894736842,73.0,0.4666666666666667,9.0,19.0,3,rolling,losing_streak_fitness,1_day,rep_3
train,3,53560,86986,86986,125287,37,12,601,5.0,6,9,2,324.2298567374695,5,145.0,164.0,19.0,8.631578947368421,19.0,0.8,29.0,19.0,1,rolling,losing_streak_fitness,1_day,rep_3
test,3,53560,86986,86986,125287,37,12,601,5.0,6,9,2,81.48545882548616,13,113.0,246.0,133.0,1.849624060150376,95.0,0.4615384615384615,8.692307692307692,19.0,5,rolling,losing_streak_fitness,1_day,rep_3
train,3,53560,86986,86986,125287,38,12,601,3.25,7,9,2,324.2298567374695,5,145.0,164.0,19.0,8.631578947368421,19.0,0.8,29.0,19.0,1,rolling,losing_streak_fitness,1_day,rep_3
test,3,53560,86986,86986,125287,38,12,601,3.25,7,9,2,192.0717458543957,14,154.0,287.0,133.0,2.1578947368421053,57.0,0.5,11.0,19.0,3,rolling,losing_streak_fitness,1_day,rep_3
train,3,53560,86986,86986,125287,39,12,601,5.5,5,9,2,324.2298567374695,5,145.0,164.0,19.0,8.631578947368421,19.0,0.8,29.0,19.0,1,rolling,losing_streak_fitness,1_day,rep_3
test,3,53560,86986,86986,125287,39,12,601,5.5,5,9,2,174.28425057933376,15,135.0,287.0,152.0,1.888157894736842,73.0,0.4666666666666667,9.0,19.0,3,rolling,losing_streak_fitness,1_day,rep_3
train,3,53560,86986,86986,125287,40,12,552,3.5,6,9,2,324.2298567374695,5,145.0,164.0,19.0,8.631578947368421,19.0,0.8,29.0,19.0,1,rolling,losing_streak_fitness,1_day,rep_3
test,3,53560,86986,86986,125287,40,12,552,3.5,6,9,2,174.28425057933376,15,135.0,287.0,152.0,1.888157894736842,73.0,0.4666666666666667,9.0,19.0,3,rolling,losing_streak_fitness,1_day,rep_3
train,3,53560,86986,86986,125287,41,12,546,5.5,6,9,2,324.2298567374695,5,145.0,164.0,19.0,8.631578947368421,19.0,0.8,29.0,19.0,1,rolling,losing_streak_fitness,1_day,rep_3
test,3,53560,86986,86986,125287,41,12,546,5.5,6,9,2,81.48545882548616,13,113.0,246.0,133.0,1.849624060150376,95.0,0.4615384615384615,8.692307692307692,19.0,5,rolling,losing_streak_fitness,1_day,rep_3
train,3,53560,86986,86986,125287,42,12,588,4.75,7,9,2,324.2298567374695,5,145.0,164.0,19.0,8.631578947368421,19.0,0.8,29.0,19.0,1,rolling,losing_streak_fitness,1_day,rep_3
test,3,53560,86986,86986,125287,42,12,588,4.75,7,9,2,81.48545882548616,13,113.0,246.0,133.0,1.849624060150376,95.0,0.4615384615384615,8.692307692307692,19.0,5,rolling,losing_streak_fitness,1_day,rep_3
train,3,53560,86986,86986,125287,43,12,588,5.5,5,9,2,324.2298567374695,5,145.0,164.0,19.0,8.631578947368421,19.0,0.8,29.0,19.0,1,rolling,losing_streak_fitness,1_day,rep_3
test,3,53560,86986,86986,125287,43,12,588,5.5,5,9,2,174.28425057933376,15,135.0,287.0,152.0,1.888157894736842,73.0,0.4666666666666667,9.0,19.0,3,rolling,losing_streak_fitness,1_day,rep_3
train,3,53560,86986,86986,125287,44,12,490,5.0,6,9,2,324.2298567374695,5,145.0,164.0,19.0,8.631578947368421,19.0,0.8,29.0,19.0,1,rolling,losing_streak_fitness,1_day,rep_3
test,3,53560,86986,86986,125287,44,12,490,5.0,6,9,2,81.48545882548616,13,113.0,246.0,133.0,1.849624060150376,95.0,0.4615384615384615,8.692307692307692,19.0,5,rolling,losing_streak_fitness,1_day,rep_3
train,3,53560,86986,86986,125287,45,12,619,5.0,4,9,2,324.2298567374695,5,145.0,164.0,19.0,8.631578947368421,19.0,0.8,29.0,19.0,1,rolling,losing_streak_fitness,1_day,rep_3
test,3,53560,86986,86986,125287,45,12,619,5.0,4,9,2,174.28425057933376,15,135.0,287.0,152.0,1.888157894736842,73.0,0.4666666666666667,9.0,19.0,3,rolling,losing_streak_fitness,1_day,rep_3
train,3,53560,86986,86986,125287,46,12,588,5.0,7,9,2,324.2298567374695,5,145.0,164.0,19.0,8.631578947368421,19.0,0.8,29.0,19.0,1,rolling,losing_streak_fitness,1_day,rep_3
test,3,53560,86986,86986,125287,46,12,588,5.0,7,9,2,49.88306325798367,12,72.0,205.0,133.0,1.5413533834586466,95.0,0.4166666666666667,6.0,19.0,5,rolling,losing_streak_fitness,1_day,rep_3
train,3,53560,86986,86986,125287,47,12,655,5.5,6,9,2,324.2298567374695,5,145.0,164.0,19.0,8.631578947368421,19.0,0.8,29.0,19.0,1,rolling,losing_streak_fitness,1_day,rep_3
test,3,53560,86986,86986,125287,47,12,655,5.5,6,9,2,81.48545882548616,13,113.0,246.0,133.0,1.849624060150376,95.0,0.4615384615384615,8.692307692307692,19.0,5,rolling,losing_streak_fitness,1_day,rep_3
train,3,53560,86986,86986,125287,48,12,582,3.5,4,9,2,324.2298567374695,5,145.0,164.0,19.0,8.631578947368421,19.0,0.8,29.0,19.0,1,rolling,losing_streak_fitness,1_day,rep_3
test,3,53560,86986,86986,125287,48,12,582,3.5,4,9,2,234.66666666666663,16,176.0,328.0,152.0,2.1578947368421053,73.0,0.5,11.0,19.0,3,rolling,losing_streak_fitness,1_day,rep_3
train,3,53560,86986,86986,125287,49,12,588,5.0,6,9,2,324.2298567374695,5,145.0,164.0,19.0,8.631578947368421,19.0,0.8,29.0,19.0,1,rolling,losing_streak_fitness,1_day,rep_3
test,3,53560,86986,86986,125287,49,12,588,5.0,6,9,2,81.48545882548616,13,113.0,246.0,133.0,1.849624060150376,95.0,0.4615384615384615,8.692307692307692,19.0,5,rolling,losing_streak_fitness,1_day,rep_3
train,3,53560,86986,86986,125287,50,12,601,4.75,4,9,2,324.2298567374695,5,145.0,164.0,19.0,8.631578947368421,19.0,0.8,29.0,19.0,1,rolling,losing_streak_fitness,1_day,rep_3
test,3,53560,86986,86986,125287,50,12,601,4.75,4,9,2,174.28425057933376,15,135.0,287.0,152.0,1.888157894736842,73.0,0.4666666666666667,9.0,19.0,3,rolling,losing_streak_fitness,1_day,rep_3
train,3,53560,86986,86986,125287,51,12,588,5.0,7,9,2,324.2298567374695,5,145.0,164.0,19.0,8.631578947368421,19.0,0.8,29.0,19.0,1,rolling,losing_streak_fitness,1_day,rep_3
test,3,53560,86986,86986,125287,51,12,588,5.0,7,9,2,49.88306325798367,12,72.0,205.0,133.0,1.5413533834586466,95.0,0.4166666666666667,6.0,19.0,5,rolling,losing_streak_fitness,1_day,rep_3
train,3,53560,86986,86986,125287,52,12,601,4.5,8,9,2,324.2298567374695,5,145.0,164.0,19.0,8.631578947368421,19.0,0.8,29.0,19.0,1,rolling,losing_streak_fitness,1_day,rep_3
test,3,53560,86986,86986,125287,52,12,601,4.5,8,9,2,125.20258583591634,11,151.0,246.0,95.0,2.5894736842105264,76.0,0.5454545454545454,13.727272727272728,19.0,4,rolling,losing_streak_fitness,1_day,rep_3
train,3,53560,86986,86986,125287,53,12,582,5.0,7,9,2,324.2298567374695,5,145.0,164.0,19.0,8.631578947368421,19.0,0.8,29.0,19.0,1,rolling,losing_streak_fitness,1_day,rep_3
test,3,53560,86986,86986,125287,53,12,582,5.0,7,9,2,49.88306325798367,12,72.0,205.0,133.0,1.5413533834586466,95.0,0.4166666666666667,6.0,19.0,5,rolling,losing_streak_fitness,1_day,rep_3
train,3,53560,86986,86986,125287,54,12,601,5.5,6,9,2,324.2298567374695,5,145.0,164.0,19.0,8.631578947368421,19.0,0.8,29.0,19.0,1,rolling,losing_streak_fitness,1_day,rep_3
test,3,53560,86986,86986,125287,54,12,601,5.5,6,9,2,81.48545882548616,13,113.0,246.0,133.0,1.849624060150376,95.0,0.4615384615384615,8.692307692307692,19.0,5,rolling,losing_streak_fitness,1_day,rep_3
train,3,53560,86986,86986,125287,55,12,607,3.75,4,9,2,324.2298567374695,5,145.0,164.0,19.0,8.631578947368421,19.0,0.8,29.0,19.0,1,rolling,losing_streak_fitness,1_day,rep_3
test,3,53560,86986,86986,125287,55,12,607,3.75,4,9,2,234.66666666666663,16,176.0,328.0,152.0,2.1578947368421053,73.0,0.5,11.0,19.0,3,rolling,losing_streak_fitness,1_day,rep_3
train,3,53560,86986,86986,125287,56,12,582,4.75,5,9,2,324.2298567374695,5,145.0,164.0,19.0,8.631578947368421,19.0,0.8,29.0,19.0,1,rolling,losing_streak_fitness,1_day,rep_3
test,3,53560,86986,86986,125287,56,12,582,4.75,5,9,2,174.28425057933376,15,135.0,287.0,152.0,1.888157894736842,73.0,0.4666666666666667,9.0,19.0,3,rolling,losing_streak_fitness,1_day,rep_3
train,3,53560,86986,86986,125287,57,12,619,5.5,4,9,2,324.2298567374695,5,145.0,164.0,19.0,8.631578947368421,19.0,0.8,29.0,19.0,1,rolling,losing_streak_fitness,1_day,rep_3
test,3,53560,86986,86986,125287,57,12,619,5.5,4,9,2,174.28425057933376,15,135.0,287.0,152.0,1.888157894736842,73.0,0.4666666666666667,9.0,19.0,3,rolling,losing_streak_fitness,1_day,rep_3
train,3,53560,86986,86986,125287,58,12,582,5.5,3,9,2,324.2298567374695,5,145.0,164.0,19.0,8.631578947368421,19.0,0.8,29.0,19.0,1,rolling,losing_streak_fitness,1_day,rep_3
test,3,53560,86986,86986,125287,58,12,582,5.5,3,9,2,174.28425057933376,15,135.0,287.0,152.0,1.888157894736842,73.0,0.4666666666666667,9.0,19.0,3,rolling,losing_streak_fitness,1_day,rep_3
train,3,53560,86986,86986,125287,59,12,535,4.5,5,9,2,324.2298567374695,5,145.0,164.0,19.0,8.631578947368421,19.0,0.8,29.0,19.0,1,rolling,losing_streak_fitness,1_day,rep_3
test,3,53560,86986,86986,125287,59,12,535,4.5,5,9,2,174.28425057933376,15,135.0,287.0,152.0,1.888157894736842,73.0,0.4666666666666667,9.0,19.0,3,rolling,losing_streak_fitness,1_day,rep_3
train,3,53560,86986,86986,125287,60,12,619,3.25,6,9,2,324.2298567374695,5,145.0,164.0,19.0,8.631578947368421,19.0,0.8,29.0,19.0,1,rolling,losing_streak_fitness,1_day,rep_3
test,3,53560,86986,86986,125287,60,12,619,3.25,6,9,2,174.28425057933376,15,135.0,287.0,152.0,1.888157894736842,73.0,0.4666666666666667,9.0,19.0,3,rolling,losing_streak_fitness,1_day,rep_3
train,3,53560,86986,86986,125287,61,12,582,3.75,4,9,2,324.2298567374695,5,145.0,164.0,19.0,8.631578947368421,19.0,0.8,29.0,19.0,1,rolling,losing_streak_fitness,1_day,rep_3
test,3,53560,86986,86986,125287,61,12,582,3.75,4,9,2,234.66666666666663,16,176.0,328.0,152.0,2.1578947368421053,73.0,0.5,11.0,19.0,3,rolling,losing_streak_fitness,1_day,rep_3
train,3,53560,86986,86986,125287,62,12,539,3.5,7,9,2,324.2298567374695,5,145.0,164.0,19.0,8.631578947368421,19.0,0.8,29.0,19.0,1,rolling,losing_streak_fitness,1_day,rep_3
test,3,53560,86986,86986,125287,62,12,539,3.5,7,9,2,192.0717458543957,14,154.0,287.0,133.0,2.1578947368421053,57.0,0.5,11.0,19.0,3,rolling,losing_streak_fitness,1_day,rep_3
train,3,53560,86986,86986,125287,63,12,535,5.5,7,9,2,324.2298567374695,5,145.0,164.0,19.0,8.631578947368421,19.0,0.8,29.0,19.0,1,rolling,losing_streak_fitness,1_day,rep_3
test,3,53560,86986,86986,125287,63,12,535,5.5,7,9,2,49.88306325798367,12,72.0,205.0,133.0,1.5413533834586466,95.0,0.4166666666666667,6.0,19.0,5,rolling,losing_streak_fitness,1_day,rep_3
train,3,53560,86986,86986,125287,64,12,601,3.75,6,9,2,324.2298567374695,5,145.0,164.0,19.0,8.631578947368421,19.0,0.8,29.0,19.0,1,rolling,losing_streak_fitness,1_day,rep_3
test,3,53560,86986,86986,125287,64,12,601,3.75,6,9,2,174.28425057933376,15,135.0,287.0,152.0,1.888157894736842,73.0,0.4666666666666667,9.0,19.0,3,rolling,losing_streak_fitness,1_day,rep_3
train,3,53560,86986,86986,125287,65,12,576,3.5,6,9,2,324.2298567374695,5,145.0,164.0,19.0,8.631578947368421,19.0,0.8,29.0,19.0,1,rolling,losing_streak_fitness,1_day,rep_3
test,3,53560,86986,86986,125287,65,12,576,3.5,6,9,2,174.28425057933376,15,135.0,287.0,152.0,1.888157894736842,73.0,0.4666666666666667,9.0,19.0,3,rolling,losing_streak_fitness,1_day,rep_3
train,3,53560,86986,86986,125287,66,12,576,5.25,7,9,2,324.2298567374695,5,145.0,164.0,19.0,8.631578947368421,19.0,0.8,29.0,19.0,1,rolling,losing_streak_fitness,1_day,rep_3
test,3,53560,86986,86986,125287,66,12,576,5.25,7,9,2,49.88306325798367,12,72.0,205.0,133.0,1.5413533834586466,95.0,0.4166666666666667,6.0,19.0,5,rolling,losing_streak_fitness,1_day,rep_3
train,3,53560,86986,86986,125287,67,12,576,5.0,6,9,2,324.2298567374695,5,145.0,164.0,19.0,8.631578947368421,19.0,0.8,29.0,19.0,1,rolling,losing_streak_fitness,1_day,rep_3
test,3,53560,86986,86986,125287,67,12,576,5.0,6,9,2,81.48545882548616,13,113.0,246.0,133.0,1.849624060150376,95.0,0.4615384615384615,8.692307692307692,19.0,5,rolling,losing_streak_fitness,1_day,rep_3
train,3,53560,86986,86986,125287,68,12,582,5.0,5,9,2,324.2298567374695,5,145.0,164.0,19.0,8.631578947368421,19.0,0.8,29.0,19.0,1,rolling,losing_streak_fitness,1_day,rep_3
test,3,53560,86986,86986,125287,68,12,582,5.0,5,9,2,174.28425057933376,15,135.0,287.0,152.0,1.888157894736842,73.0,0.4666666666666667,9.0,19.0,3,rolling,losing_streak_fitness,1_day,rep_3
train,3,53560,86986,86986,125287,69,12,601,4.75,3,9,2,324.2298567374695,5,145.0,164.0,19.0,8.631578947368421,19.0,0.8,29.0,19.0,1,rolling,losing_streak_fitness,1_day,rep_3
test,3,53560,86986,86986,125287,69,12,601,4.75,3,9,2,174.28425057933376,15,135.0,287.0,152.0,1.888157894736842,73.0,0.4666666666666667,9.0,19.0,3,rolling,losing_streak_fitness,1_day,rep_3
train,3,53560,86986,86986,125287,70,12,576,5.0,4,9,2,324.2298567374695,5,145.0,164.0,19.0,8.631578947368421,19.0,0.8,29.0,19.0,1,rolling,losing_streak_fitness,1_day,rep_3
test,3,53560,86986,86986,125287,70,12,576,5.0,4,9,2,174.28425057933376,15,135.0,287.0,152.0,1.888157894736842,73.0,0.4666666666666667,9.0,19.0,3,rolling,losing_streak_fitness,1_day,rep_3
train,3,53560,86986,86986,125287,71,12,564,3.25,7,9,2,324.2298567374695,5,145.0,164.0,19.0,8.631578947368421,19.0,0.8,29.0,19.0,1,rolling,losing_streak_fitness,1_day,rep_3
test,3,53560,86986,86986,125287,71,12,564,3.25,7,9,2,192.0717458543957,14,154.0,287.0,133.0,2.1578947368421053,57.0,0.5,11.0,19.0,3,rolling,losing_streak_fitness,1_day,rep_3
train,3,53560,86986,86986,125287,72,12,576,3.25,3,9,2,324.2298567374695,5,145.0,164.0,19.0,8.631578947368421,19.0,0.8,29.0,19.0,1,rolling,losing_streak_fitness,1_day,rep_3
test,3,53560,86986,86986,125287,72,12,576,3.25,3,9,2,234.66666666666663,16,176.0,328.0,152.0,2.1578947368421053,73.0,0.5,11.0,19.0,3,rolling,losing_streak_fitness,1_day,rep_3
train,3,53560,86986,86986,125287,73,12,605,5.0,3,9,2,324.2298567374695,5,145.0,164.0,19.0,8.631578947368421,19.0,0.8,29.0,19.0,1,rolling,losing_streak_fitness,1_day,rep_3
test,3,53560,86986,86986,125287,73,12,605,5.0,3,9,2,174.28425057933376,15,135.0,287.0,152.0,1.888157894736842,73.0,0.4666666666666667,9.0,19.0,3,rolling,losing_streak_fitness,1_day,rep_3
train,3,53560,86986,86986,125287,74,12,564,5.25,6,9,2,324.2298567374695,5,145.0,164.0,19.0,8.631578947368421,19.0,0.8,29.0,19.0,1,rolling,losing_streak_fitness,1_day,rep_3
test,3,53560,86986,86986,125287,74,12,564,5.25,6,9,2,81.48545882548616,13,113.0,246.0,133.0,1.849624060150376,95.0,0.4615384615384615,8.692307692307692,19.0,5,rolling,losing_streak_fitness,1_day,rep_3
train,3,53560,86986,86986,125287,75,12,564,4.75,5,9,2,324.2298567374695,5,145.0,164.0,19.0,8.631578947368421,19.0,0.8,29.0,19.0,1,rolling,losing_streak_fitness,1_day,rep_3
test,3,53560,86986,86986,125287,75,12,564,4.75,5,9,2,174.28425057933376,15,135.0,287.0,152.0,1.888157894736842,73.0,0.4666666666666667,9.0,19.0,3,rolling,losing_streak_fitness,1_day,rep_3
train,3,53560,86986,86986,125287,76,12,564,3.25,6,9,2,324.2298567374695,5,145.0,164.0,19.0,8.631578947368421,19.0,0.8,29.0,19.0,1,rolling,losing_streak_fitness,1_day,rep_3
test,3,53560,86986,86986,125287,76,12,564,3.25,6,9,2,174.28425057933376,15,135.0,287.0,152.0,1.888157894736842,73.0,0.4666666666666667,9.0,19.0,3,rolling,losing_streak_fitness,1_day,rep_3
train,3,53560,86986,86986,125287,77,12,637,5.0,7,9,2,324.2298567374695,5,145.0,164.0,19.0,8.631578947368421,19.0,0.8,29.0,19.0,1,rolling,losing_streak_fitness,1_day,rep_3
test,3,53560,86986,86986,125287,77,12,637,5.0,7,9,2,49.88306325798367,12,72.0,205.0,133.0,1.5413533834586466,95.0,0.4166666666666667,6.0,19.0,5,rolling,losing_streak_fitness,1_day,rep_3
train,3,53560,86986,86986,125287,78,12,550,5.25,6,9,2,324.2298567374695,5,145.0,164.0,19.0,8.631578947368421,19.0,0.8,29.0,19.0,1,rolling,losing_streak_fitness,1_day,rep_3
test,3,53560,86986,86986,125287,78,12,550,5.25,6,9,2,81.48545882548616,13,113.0,246.0,133.0,1.849624060150376,95.0,0.4615384615384615,8.692307692307692,19.0,5,rolling,losing_streak_fitness,1_day,rep_3
train,3,53560,86986,86986,125287,79,12,582,5.25,7,9,2,324.2298567374695,5,145.0,164.0,19.0,8.631578947368421,19.0,0.8,29.0,19.0,1,rolling,losing_streak_fitness,1_day,rep_3
test,3,53560,86986,86986,125287,79,12,582,5.25,7,9,2,49.88306325798367,12,72.0,205.0,133.0,1.5413533834586466,95.0,0.4166666666666667,6.0,19.0,5,rolling,losing_streak_fitness,1_day,rep_3
train,3,53560,86986,86986,125287,80,12,611,4.75,7,9,2,324.2298567374695,5,145.0,164.0,19.0,8.631578947368421,19.0,0.8,29.0,19.0,1,rolling,losing_streak_fitness,1_day,rep_3
test,3,53560,86986,86986,125287,80,12,611,4.75,7,9,2,81.48545882548616,13,113.0,246.0,133.0,1.849624060150376,95.0,0.4615384615384615,8.692307692307692,19.0,5,rolling,losing_streak_fitness,1_day,rep_3
train,3,53560,86986,86986,125287,81,12,616,3.25,7,9,2,324.2298567374695,5,145.0,164.0,19.0,8.631578947368421,19.0,0.8,29.0,19.0,1,rolling,losing_streak_fitness,1_day,rep_3
test,3,53560,86986,86986,125287,81,12,616,3.25,7,9,2,192.0717458543957,14,154.0,287.0,133.0,2.1578947368421053,57.0,0.5,11.0,19.0,3,rolling,losing_streak_fitness,1_day,rep_3
train,3,53560,86986,86986,125287,82,12,582,3.0,7,9,2,324.2298567374695,5,145.0,164.0,19.0,8.631578947368421,19.0,0.8,29.0,19.0,1,rolling,losing_streak_fitness,1_day,rep_3
test,3,53560,86986,86986,125287,82,12,582,3.0,7,9,2,192.0717458543957,14,154.0,287.0,133.0,2.1578947368421053,57.0,0.5,11.0,19.0,3,rolling,losing_streak_fitness,1_day,rep_3
train,3,53560,86986,86986,125287,83,12,582,5.75,4,9,2,324.2298567374695,5,145.0,164.0,19.0,8.631578947368421,19.0,0.8,29.0,19.0,1,rolling,losing_streak_fitness,1_day,rep_3
test,3,53560,86986,86986,125287,83,12,582,5.75,4,9,2,174.28425057933376,15,135.0,287.0,152.0,1.888157894736842,73.0,0.4666666666666667,9.0,19.0,3,rolling,losing_streak_fitness,1_day,rep_3
train,3,53560,86986,86986,125287,84,12,582,5.25,5,9,2,324.2298567374695,5,145.0,164.0,19.0,8.631578947368421,19.0,0.8,29.0,19.0,1,rolling,losing_streak_fitness,1_day,rep_3
test,3,53560,86986,86986,125287,84,12,582,5.25,5,9,2,174.28425057933376,15,135.0,287.0,152.0,1.888157894736842,73.0,0.4666666666666667,9.0,19.0,3,rolling,losing_streak_fitness,1_day,rep_3
train,3,53560,86986,86986,125287,85,12,556,3.5,7,9,2,324.2298567374695,5,145.0,164.0,19.0,8.631578947368421,19.0,0.8,29.0,19.0,1,rolling,losing_streak_fitness,1_day,rep_3
test,3,53560,86986,86986,125287,85,12,556,3.5,7,9,2,192.0717458543957,14,154.0,287.0,133.0,2.1578947368421053,57.0,0.5,11.0,19.0,3,rolling,losing_streak_fitness,1_day,rep_3
train,3,53560,86986,86986,125287,86,12,582,4.75,7,9,2,324.2298567374695,5,145.0,164.0,19.0,8.631578947368421,19.0,0.8,29.0,19.0,1,rolling,losing_streak_fitness,1_day,rep_3
test,3,53560,86986,86986,125287,86,12,582,4.75,7,9,2,81.48545882548616,13,113.0,246.0,133.0,1.849624060150376,95.0,0.4615384615384615,8.692307692307692,19.0,5,rolling,losing_streak_fitness,1_day,rep_3
train,3,53560,86986,86986,125287,87,12,582,5.25,7,9,2,324.2298567374695,5,145.0,164.0,19.0,8.631578947368421,19.0,0.8,29.0,19.0,1,rolling,losing_streak_fitness,1_day,rep_3
test,3,53560,86986,86986,125287,87,12,582,5.25,7,9,2,49.88306325798367,12,72.0,205.0,133.0,1.5413533834586466,95.0,0.4166666666666667,6.0,19.0,5,rolling,losing_streak_fitness,1_day,rep_3
train,3,53560,86986,86986,125287,88,12,556,3.25,5,9,2,324.2298567374695,5,145.0,164.0,19.0,8.631578947368421,19.0,0.8,29.0,19.0,1,rolling,losing_streak_fitness,1_day,rep_3
test,3,53560,86986,86986,125287,88,12,556,3.25,5,9,2,174.28425057933376,15,135.0,287.0,152.0,1.888157894736842,73.0,0.4666666666666667,9.0,19.0,3,rolling,losing_streak_fitness,1_day,rep_3
train,3,53560,86986,86986,125287,89,12,523,3.0,7,9,2,324.2298567374695,5,145.0,164.0,19.0,8.631578947368421,19.0,0.8,29.0,19.0,1,rolling,losing_streak_fitness,1_day,rep_3
test,3,53560,86986,86986,125287,89,12,523,3.0,7,9,2,192.0717458543957,14,154.0,287.0,133.0,2.1578947368421053,57.0,0.5,11.0,19.0,3,rolling,losing_streak_fitness,1_day,rep_3
train,3,53560,86986,86986,125287,90,12,523,5.25,6,9,2,324.2298567374695,5,145.0,164.0,19.0,8.631578947368421,19.0,0.8,29.0,19.0,1,rolling,losing_streak_fitness,1_day,rep_3
test,3,53560,86986,86986,125287,90,12,523,5.25,6,9,2,81.48545882548616,13,113.0,246.0,133.0,1.849624060150376,95.0,0.4615384615384615,8.692307692307692,19.0,5,rolling,losing_streak_fitness,1_day,rep_3
train,3,53560,86986,86986,125287,91,12,582,3.5,7,9,2,324.2298567374695,5,145.0,164.0,19.0,8.631578947368421,19.0,0.8,29.0,19.0,1,rolling,losing_streak_fitness,1_day,rep_3
test,3,53560,86986,86986,125287,91,12,582,3.5,7,9,2,192.0717458543957,14,154.0,287.0,133.0,2.1578947368421053,57.0,0.5,11.0,19.0,3,rolling,losing_streak_fitness,1_day,rep_3
train,3,53560,86986,86986,125287,92,12,634,3.25,6,9,2,324.2298567374695,5,145.0,164.0,19.0,8.631578947368421,19.0,0.8,29.0,19.0,1,rolling,losing_streak_fitness,1_day,rep_3
test,3,53560,86986,86986,125287,92,12,634,3.25,6,9,2,174.28425057933376,15,135.0,287.0,152.0,1.888157894736842,73.0,0.4666666666666667,9.0,19.0,3,rolling,losing_streak_fitness,1_day,rep_3
train,3,53560,86986,86986,125287,93,12,599,3.5,6,9,2,324.2298567374695,5,145.0,164.0,19.0,8.631578947368421,19.0,0.8,29.0,19.0,1,rolling,losing_streak_fitness,1_day,rep_3
test,3,53560,86986,86986,125287,93,12,599,3.5,6,9,2,174.28425057933376,15,135.0,287.0,152.0,1.888157894736842,73.0,0.4666666666666667,9.0,19.0,3,rolling,losing_streak_fitness,1_day,rep_3
train,3,53560,86986,86986,125287,94,12,582,3.25,2,9,2,324.2298567374695,5,145.0,164.0,19.0,8.631578947368421,19.0,0.8,29.0,19.0,1,rolling,losing_streak_fitness,1_day,rep_3
test,3,53560,86986,86986,125287,94,12,582,3.25,2,9,2,234.66666666666663,16,176.0,328.0,152.0,2.1578947368421053,73.0,0.5,11.0,19.0,3,rolling,losing_streak_fitness,1_day,rep_3
train,3,53560,86986,86986,125287,95,12,582,3.5,6,9,2,324.2298567374695,5,145.0,164.0,19.0,8.631578947368421,19.0,0.8,29.0,19.0,1,rolling,losing_streak_fitness,1_day,rep_3
test,3,53560,86986,86986,125287,95,12,582,3.5,6,9,2,174.28425057933376,15,135.0,287.0,152.0,1.888157894736842,73.0,0.4666666666666667,9.0,19.0,3,rolling,losing_streak_fitness,1_day,rep_3
train,3,53560,86986,86986,125287,96,12,640,3.25,5,9,2,324.2298567374695,5,145.0,164.0,19.0,8.631578947368421,19.0,0.8,29.0,19.0,1,rolling,losing_streak_fitness,1_day,rep_3
test,3,53560,86986,86986,125287,96,12,640,3.25,5,9,2,174.28425057933376,15,135.0,287.0,152.0,1.888157894736842,73.0,0.4666666666666667,9.0,19.0,3,rolling,losing_streak_fitness,1_day,rep_3
train,3,53560,86986,86986,125287,97,12,646,3.25,7,9,2,324.2298567374695,5,145.0,164.0,19.0,8.631578947368421,19.0,0.8,29.0,19.0,1,rolling,losing_streak_fitness,1_day,rep_3
test,3,53560,86986,86986,125287,97,12,646,3.25,7,9,2,192.0717458543957,14,154.0,287.0,133.0,2.1578947368421053,57.0,0.5,11.0,19.0,3,rolling,losing_streak_fitness,1_day,rep_3
train,3,53560,86986,86986,125287,98,12,634,5.25,5,9,2,324.2298567374695,5,145.0,164.0,19.0,8.631578947368421,19.0,0.8,29.0,19.0,1,rolling,losing_streak_fitness,1_day,rep_3
test,3,53560,86986,86986,125287,98,12,634,5.25,5,9,2,174.28425057933376,15,135.0,287.0,152.0,1.888157894736842,73.0,0.4666666666666667,9.0,19.0,3,rolling,losing_streak_fitness,1_day,rep_3
train,3,53560,86986,86986,125287,99,12,582,5.0,7,9,2,324.2298567374695,5,145.0,164.0,19.0,8.631578947368421,19.0,0.8,29.0,19.0,1,rolling,losing_streak_fitness,1_day,rep_3
test,3,53560,86986,86986,125287,99,12,582,5.0,7,9,2,49.88306325798367,12,72.0,205.0,133.0,1.5413533834586466,95.0,0.4166666666666667,6.0,19.0,5,rolling,losing_streak_fitness,1_day,rep_3
train,3,53560,86986,86986,125287,100,12,592,5.5,6,9,2,324.2298567374695,5,145.0,164.0,19.0,8.631578947368421,19.0,0.8,29.0,19.0,1,rolling,losing_streak_fitness,1_day,rep_3
test,3,53560,86986,86986,125287,100,12,592,5.5,6,9,2,81.48545882548616,13,113.0,246.0,133.0,1.849624060150376,95.0,0.4615384615384615,8.692307692307692,19.0,5,rolling,losing_streak_fitness,1_day,rep_3
train,4,86986,125287,125287,130699,0,13,2708,5.0,10,4,2,387.2983346207417,15,100.0,176.0,76.0,2.3157894736842106,22.0,0.7333333333333333,6.666666666666667,19.0,1,rolling,losing_streak_fitness,1_day,rep_3
test,4,86986,125287,125287,130699,0,13,2708,5.0,10,4,2,-1000.0,0,0.0,0.0,0.0,inf,0.0,0.0,0.0,0.0,0,rolling,losing_streak_fitness,1_day,rep_3
train,4,86986,125287,125287,130699,1,6,304,9.75,3,14,3,208.556646981102,46,246.0,990.0,744.0,1.3306451612903225,192.0,0.3260869565217391,5.3478260869565215,24.0,8,rolling,losing_streak_fitness,1_day,rep_3
test,4,86986,125287,125287,130699,1,6,304,9.75,3,14,3,-1000.0,1,-24.0,0.0,24.0,0.0,24.0,0.0,-24.0,24.0,1,rolling,losing_streak_fitness,1_day,rep_3
train,4,86986,125287,125287,130699,2,11,2402,4.5,8,23,3,243.99795081106728,15,315.0,555.0,240.0,2.3125,120.0,0.3333333333333333,21.0,24.0,5,rolling,losing_streak_fitness,1_day,rep_3
test,4,86986,125287,125287,130699,2,11,2402,4.5,8,23,3,-1000.0,0,0.0,0.0,0.0,inf,0.0,0.0,0.0,0.0,0,rolling,losing_streak_fitness,1_day,rep_3
train,4,86986,125287,125287,130699,3,11,2402,4.5,8,23,2,282.7277842731414,15,365.0,555.0,190.0,2.921052631578948,95.0,0.3333333333333333,24.33333333333333,19.0,5,rolling,losing_streak_fitness,1_day,rep_3
test,4,86986,125287,125287,130699,3,11,2402,4.5,8,23,2,-1000.0,0,0.0,0.0,0.0,inf,0.0,0.0,0.0,0.0,0,rolling,losing_streak_fitness,1_day,rep_3
train,4,86986,125287,125287,130699,4,11,1794,7.25,8,4,3,384.0,16,96.0,192.0,96.0,2.0,32.0,0.75,6.0,24.0,1,rolling,losing_streak_fitness,1_day,rep_3
test,4,86986,125287,125287,130699,4,11,1794,7.25,8,4,3,-1000.0,0,0.0,0.0,0.0,inf,0.0,0.0,0.0,0.0,0,rolling,losing_streak_fitness,1_day,rep_3
train,4,86986,125287,125287,130699,5,13,2527,9.0,5,4,4,484.0,16,121.0,208.0,87.0,2.3908045977011496,29.0,0.8125,7.5625,29.0,1,rolling,losing_streak_fitness,1_day,rep_3
test,4,86986,125287,125287,130699,5,13,2527,9.0,5,4,4,-1000.0,0,0.0,0.0,0.0,inf,0.0,0.0,0.0,0.0,0,rolling,losing_streak_fitness,1_day,rep_3
train,4,86986,125287,125287,130699,6,13,409,4.5,8,15,2,600.585547611662,7,227.0,284.0,57.0,4.982456140350878,19.0,0.5714285714285714,32.42857142857143,19.0,1,rolling,losing_streak_fitness,1_day,rep_3
test,4,86986,125287,125287,130699,6,13,409,4.5,8,15,2,-1000.0,0,0.0,0.0,0.0,inf,0.0,0.0,0.0,0.0,0,rolling,losing_streak_fitness,1_day,rep_3
train,4,86986,125287,125287,130699,7,12,384,7.0,5,15,2,600.585547611662,7,227.0,284.0,57.0,4.982456140350878,19.0,0.5714285714285714,32.42857142857143,19.0,1,rolling,losing_streak_fitness,1_day,rep_3
test,4,86986,125287,125287,130699,7,12,384,7.0,5,15,2,-1000.0,0,0.0,0.0,0.0,inf,0.0,0.0,0.0,0.0,0,rolling,losing_streak_fitness,1_day,rep_3
train,4,86986,125287,125287,130699,8,12,384,7.0,5,15,2,600.585547611662,7,227.0,284.0,57.0,4.982456140350878,19.0,0.5714285714285714,32.42857142857143,19.0,1,rolling,losing_streak_fitness,1_day,rep_3
test,4,86986,125287,125287,130699,8,12,384,7.0,5,15,2,-1000.0,0,0.0,0.0,0.0,inf,0.0,0.0,0.0,0.0,0,rolling,losing_streak_fitness,1_day,rep_3
train,4,86986,125287,125287,130699,9,13,384,4.5,8,15,2,600.585547611662,7,227.0,284.0,57.0,4.982456140350878,19.0,0.5714285714285714,32.42857142857143,19.0,1,rolling,losing_streak_fitness,1_day,rep_3
test,4,86986,125287,125287,130699,9,13,384,4.5,8,15,2,-1000.0,0,0.0,0.0,0.0,inf,0.0,0.0,0.0,0.0,0,rolling,losing_streak_fitness,1_day,rep_3
train,4,86986,125287,125287,130699,10,12,418,7.0,5,15,2,600.585547611662,7,227.0,284.0,57.0,4.982456140350878,19.0,0.5714285714285714,32.42857142857143,19.0,1,rolling,losing_streak_fitness,1_day,rep_3
test,4,86986,125287,125287,130699,10,12,418,7.0,5,15,2,-1000.0,0,0.0,0.0,0.0,inf,0.0,0.0,0.0,0.0,0,rolling,losing_streak_fitness,1_day,rep_3
train,4,86986,125287,125287,130699,11,12,409,4.5,8,15,2,600.585547611662,7,227.0,284.0,57.0,4.982456140350878,19.0,0.5714285714285714,32.42857142857143,19.0,1,rolling,losing_streak_fitness,1_day,rep_3
test,4,86986,125287,125287,130699,11,12,409,4.5,8,15,2,-1000.0,0,0.0,0.0,0.0,inf,0.0,0.0,0.0,0.0,0,rolling,losing_streak_fitness,1_day,rep_3
train,4,86986,125287,125287,130699,12,12,384,7.0,5,15,2,600.585547611662,7,227.0,284.0,57.0,4.982456140350878,19.0,0.5714285714285714,32.42857142857143,19.0,1,rolling,losing_streak_fitness,1_day,rep_3
test,4,86986,125287,125287,130699,12,12,384,7.0,5,15,2,-1000.0,0,0.0,0.0,0.0,inf,0.0,0.0,0.0,0.0,0,rolling,losing_streak_fitness,1_day,rep_3
train,4,86986,125287,125287,130699,13,12,384,4.5,8,15,2,600.585547611662,7,227.0,284.0,57.0,4.982456140350878,19.0,0.5714285714285714,32.42857142857143,19.0,1,rolling,losing_streak_fitness,1_day,rep_3
test,4,86986,125287,125287,130699,13,12,384,4.5,8,15,2,-1000.0,0,0.0,0.0,0.0,inf,0.0,0.0,0.0,0.0,0,rolling,losing_streak_fitness,1_day,rep_3
train,4,86986,125287,125287,130699,14,12,384,3.25,8,15,2,600.585547611662,7,227.0,284.0,57.0,4.982456140350878,19.0,0.5714285714285714,32.42857142857143,19.0,1,rolling,losing_streak_fitness,1_day,rep_3
test,4,86986,125287,125287,130699,14,12,384,3.25,8,15,2,-1000.0,0,0.0,0.0,0.0,inf,0.0,0.0,0.0,0.0,0,rolling,losing_streak_fitness,1_day,rep_3
train,4,86986,125287,125287,130699,15,12,417,4.5,8,15,2,600.585547611662,7,227.0,284.0,57.0,4.982456140350878,19.0,0.5714285714285714,32.42857142857143,19.0,1,rolling,losing_streak_fitness,1_day,rep_3
test,4,86986,125287,125287,130699,15,12,417,4.5,8,15,2,-1000.0,0,0.0,0.0,0.0,inf,0.0,0.0,0.0,0.0,0,rolling,losing_streak_fitness,1_day,rep_3
train,4,86986,125287,125287,130699,16,12,409,4.5,8,15,2,600.585547611662,7,227.0,284.0,57.0,4.982456140350878,19.0,0.5714285714285714,32.42857142857143,19.0,1,rolling,losing_streak_fitness,1_day,rep_3
test,4,86986,125287,125287,130699,16,12,409,4.5,8,15,2,-1000.0,0,0.0,0.0,0.0,inf,0.0,0.0,0.0,0.0,0,rolling,losing_streak_fitness,1_day,rep_3
train,4,86986,125287,125287,130699,17,12,417,4.5,8,15,2,600.585547611662,7,227.0,284.0,57.0,4.982456140350878,19.0,0.5714285714285714,32.42857142857143,19.0,1,rolling,losing_streak_fitness,1_day,rep_3
test,4,86986,125287,125287,130699,17,12,417,4.5,8,15,2,-1000.0,0,0.0,0.0,0.0,inf,0.0,0.0,0.0,0.0,0,rolling,losing_streak_fitness,1_day,rep_3
train,4,86986,125287,125287,130699,18,12,414,3.5,8,15,2,600.585547611662,7,227.0,284.0,57.0,4.982456140350878,19.0,0.5714285714285714,32.42857142857143,19.0,1,rolling,losing_streak_fitness,1_day,rep_3
test,4,86986,125287,125287,130699,18,12,414,3.5,8,15,2,-1000.0,0,0.0,0.0,0.0,inf,0.0,0.0,0.0,0.0,0,rolling,losing_streak_fitness,1_day,rep_3
train,4,86986,125287,125287,130699,19,12,409,3.5,8,15,2,600.585547611662,7,227.0,284.0,57.0,4.982456140350878,19.0,0.5714285714285714,32.42857142857143,19.0,1,rolling,losing_streak_fitness,1_day,rep_3
test,4,86986,125287,125287,130699,19,12,409,3.5,8,15,2,-1000.0,0,0.0,0.0,0.0,inf,0.0,0.0,0.0,0.0,0,rolling,losing_streak_fitness,1_day,rep_3
train,4,86986,125287,125287,130699,20,12,409,3.5,8,15,2,600.585547611662,7,227.0,284.0,57.0,4.982456140350878,19.0,0.5714285714285714,32.42857142857143,19.0,1,rolling,losing_streak_fitness,1_day,rep_3
test,4,86986,125287,125287,130699,20,12,409,3.5,8,15,2,-1000.0,0,0.0,0.0,0.0,inf,0.0,0.0,0.0,0.0,0,rolling,losing_streak_fitness,1_day,rep_3
train,4,86986,125287,125287,130699,21,12,403,4.5,7,15,2,600.585547611662,7,227.0,284.0,57.0,4.982456140350878,19.0,0.5714285714285714,32.42857142857143,19.0,1,rolling,losing_streak_fitness,1_day,rep_3
test,4,86986,125287,125287,130699,21,12,403,4.5,7,15,2,-1000.0,0,0.0,0.0,0.0,inf,0.0,0.0,0.0,0.0,0,rolling,losing_streak_fitness,1_day,rep_3
train,4,86986,125287,125287,130699,22,12,384,4.75,7,15,2,600.585547611662,7,227.0,284.0,57.0,4.982456140350878,19.0,0.5714285714285714,32.42857142857143,19.0,1,rolling,losing_streak_fitness,1_day,rep_3
test,4,86986,125287,125287,130699,22,12,384,4.75,7,15,2,-1000.0,0,0.0,0.0,0.0,inf,0.0,0.0,0.0,0.0,0,rolling,losing_streak_fitness,1_day,rep_3
train,4,86986,125287,125287,130699,23,12,384,3.5,8,15,2,600.585547611662,7,227.0,284.0,57.0,4.982456140350878,19.0,0.5714285714285714,32.42857142857143,19.0,1,rolling,losing_streak_fitness,1_day,rep_3
test,4,86986,125287,125287,130699,23,12,384,3.5,8,15,2,-1000.0,0,0.0,0.0,0.0,inf,0.0,0.0,0.0,0.0,0,rolling,losing_streak_fitness,1_day,rep_3
train,4,86986,125287,125287,130699,24,12,384,4.5,7,15,2,600.585547611662,7,227.0,284.0,57.0,4.982456140350878,19.0,0.5714285714285714,32.42857142857143,19.0,1,rolling,losing_streak_fitness,1_day,rep_3
test,4,86986,125287,125287,130699,24,12,384,4.5,7,15,2,-1000.0,0,0.0,0.0,0.0,inf,0.0,0.0,0.0,0.0,0,rolling,losing_streak_fitness,1_day,rep_3
train,4,86986,125287,125287,130699,25,12,384,4.75,8,15,2,600.585547611662,7,227.0,284.0,57.0,4.982456140350878,19.0,0.5714285714285714,32.42857142857143,19.0,1,rolling,losing_streak_fitness,1_day,rep_3
test,4,86986,125287,125287,130699,25,12,384,4.75,8,15,2,-1000.0,0,0.0,0.0,0.0,inf,0.0,0.0,0.0,0.0,0,rolling,losing_streak_fitness,1_day,rep_3
train,4,86986,125287,125287,130699,26,12,384,4.5,8,15,2,600.585547611662,7,227.0,284.0,57.0,4.982456140350878,19.0,0.5714285714285714,32.42857142857143,19.0,1,rolling,losing_streak_fitness,1_day,rep_3
test,4,86986,125287,125287,130699,26,12,384,4.5,8,15,2,-1000.0,0,0.0,0.0,0.0,inf,0.0,0.0,0.0,0.0,0,rolling,losing_streak_fitness,1_day,rep_3
train,4,86986,125287,125287,130699,27,12,384,4.25,7,15,2,600.585547611662,7,227.0,284.0,57.0,4.982456140350878,19.0,0.5714285714285714,32.42857142857143,19.0,1,rolling,losing_streak_fitness,1_day,rep_3
test,4,86986,125287,125287,130699,27,12,384,4.25,7,15,2,-1000.0,0,0.0,0.0,0.0,inf,0.0,0.0,0.0,0.0,0,rolling,losing_streak_fitness,1_day,rep_3
train,4,86986,125287,125287,130699,28,12,390,4.5,8,15,2,600.585547611662,7,227.0,284.0,57.0,4.982456140350878,19.0,0.5714285714285714,32.42857142857143,19.0,1,rolling,losing_streak_fitness,1_day,rep_3
test,4,86986,125287,125287,130699,28,12,390,4.5,8,15,2,-1000.0,0,0.0,0.0,0.0,inf,0.0,0.0,0.0,0.0,0,rolling,losing_streak_fitness,1_day,rep_3
train,4,86986,125287,125287,130699,29,12,385,4.25,7,15,2,600.585547611662,7,227.0,284.0,57.0,4.982456140350878,19.0,0.5714285714285714,32.42857142857143,19.0,1,rolling,losing_streak_fitness,1_day,rep_3
test,4,86986,125287,125287,130699,29,12,385,4.25,7,15,2,-1000.0,0,0.0,0.0,0.0,inf,0.0,0.0,0.0,0.0,0,rolling,losing_streak_fitness,1_day,rep_3
train,4,86986,125287,125287,130699,30,12,384,4.75,7,15,2,600.585547611662,7,227.0,284.0,57.0,4.982456140350878,19.0,0.5714285714285714,32.42857142857143,19.0,1,rolling,losing_streak_fitness,1_day,rep_3
test,4,86986,125287,125287,130699,30,12,384,4.75,7,15,2,-1000.0,0,0.0,0.0,0.0,inf,0.0,0.0,0.0,0.0,0,rolling,losing_streak_fitness,1_day,rep_3
train,4,86986,125287,125287,130699,31,12,384,4.5,8,15,2,600.585547611662,7,227.0,284.0,57.0,4.982456140350878,19.0,0.5714285714285714,32.42857142857143,19.0,1,rolling,losing_streak_fitness,1_day,rep_3
test,4,86986,125287,125287,130699,31,12,384,4.5,8,15,2,-1000.0,0,0.0,0.0,0.0,inf,0.0,0.0,0.0,0.0,0,rolling,losing_streak_fitness,1_day,rep_3
train,4,86986,125287,125287,130699,32,12,388,4.5,8,15,2,600.585547611662,7,227.0,284.0,57.0,4.982456140350878,19.0,0.5714285714285714,32.42857142857143,19.0,1,rolling,losing_streak_fitness,1_day,rep_3
test,4,86986,125287,125287,130699,32,12,388,4.5,8,15,2,-1000.0,0,0.0,0.0,0.0,inf,0.0,0.0,0.0,0.0,0,rolling,losing_streak_fitness,1_day,rep_3
train,4,86986,125287,125287,130699,33,12,384,4.75,7,15,2,600.585547611662,7,227.0,284.0,57.0,4.982456140350878,19.0,0.5714285714285714,32.42857142857143,19.0,1,rolling,losing_streak_fitness,1_day,rep_3
test,4,86986,125287,125287,130699,33,12,384,4.75,7,15,2,-1000.0,0,0.0,0.0,0.0,inf,0.0,0.0,0.0,0.0,0,rolling,losing_streak_fitness,1_day,rep_3
train,4,86986,125287,125287,130699,34,12,418,4.75,8,15,2,600.585547611662,7,227.0,284.0,57.0,4.982456140350878,19.0,0.5714285714285714,32.42857142857143,19.0,1,rolling,losing_streak_fitness,1_day,rep_3
test,4,86986,125287,125287,130699,34,12,418,4.75,8,15,2,-1000.0,0,0.0,0.0,0.0,inf,0.0,0.0,0.0,0.0,0,rolling,losing_streak_fitness,1_day,rep_3
train,4,86986,125287,125287,130699,35,12,384,3.5,8,15,2,600.585547611662,7,227.0,284.0,57.0,4.982456140350878,19.0,0.5714285714285714,32.42857142857143,19.0,1,rolling,losing_streak_fitness,1_day,rep_3
test,4,86986,125287,125287,130699,35,12,384,3.5,8,15,2,-1000.0,0,0.0,0.0,0.0,inf,0.0,0.0,0.0,0.0,0,rolling,losing_streak_fitness,1_day,rep_3
train,4,86986,125287,125287,130699,36,12,380,4.75,8,15,2,600.585547611662,7,227.0,284.0,57.0,4.982456140350878,19.0,0.5714285714285714,32.42857142857143,19.0,1,rolling,losing_streak_fitness,1_day,rep_3
test,4,86986,125287,125287,130699,36,12,380,4.75,8,15,2,-1000.0,0,0.0,0.0,0.0,inf,0.0,0.0,0.0,0.0,0,rolling,losing_streak_fitness,1_day,rep_3
train,4,86986,125287,125287,130699,37,13,375,4.25,8,15,2,600.585547611662,7,227.0,284.0,57.0,4.982456140350878,19.0,0.5714285714285714,32.42857142857143,19.0,1,rolling,losing_streak_fitness,1_day,rep_3
test,4,86986,125287,125287,130699,37,13,375,4.25,8,15,2,-1000.0,0,0.0,0.0,0.0,inf,0.0,0.0,0.0,0.0,0,rolling,losing_streak_fitness,1_day,rep_3
train,4,86986,125287,125287,130699,38,12,384,4.5,8,15,2,600.585547611662,7,227.0,284.0,57.0,4.982456140350878,19.0,0.5714285714285714,32.42857142857143,19.0,1,rolling,losing_streak_fitness,1_day,rep_3
test,4,86986,125287,125287,130699,38,12,384,4.5,8,15,2,-1000.0,0,0.0,0.0,0.0,inf,0.0,0.0,0.0,0.0,0,rolling,losing_streak_fitness,1_day,rep_3
train,4,86986,125287,125287,130699,39,12,403,4.25,8,15,2,600.585547611662,7,227.0,284.0,57.0,4.982456140350878,19.0,0.5714285714285714,32.42857142857143,19.0,1,rolling,losing_streak_fitness,1_day,rep_3
test,4,86986,125287,125287,130699,39,12,403,4.25,8,15,2,-1000.0,0,0.0,0.0,0.0,inf,0.0,0.0,0.0,0.0,0,rolling,losing_streak_fitness,1_day,rep_3
train,4,86986,125287,125287,130699,40,13,384,3.0,7,15,2,600.585547611662,7,227.0,284.0,57.0,4.982456140350878,19.0,0.5714285714285714,32.42857142857143,19.0,1,rolling,losing_streak_fitness,1_day,rep_3
test,4,86986,125287,125287,130699,40,13,384,3.0,7,15,2,-1000.0,0,0.0,0.0,0.0,inf,0.0,0.0,0.0,0.0,0,rolling,losing_streak_fitness,1_day,rep_3
train,4,86986,125287,125287,130699,41,12,384,4.25,8,15,2,600.585547611662,7,227.0,284.0,57.0,4.982456140350878,19.0,0.5714285714285714,32.42857142857143,19.0,1,rolling,losing_streak_fitness,1_day,rep_3
test,4,86986,125287,125287,130699,41,12,384,4.25,8,15,2,-1000.0,0,0.0,0.0,0.0,inf,0.0,0.0,0.0,0.0,0,rolling,losing_streak_fitness,1_day,rep_3
train,4,86986,125287,125287,130699,42,13,406,4.75,8,15,2,600.585547611662,7,227.0,284.0,57.0,4.982456140350878,19.0,0.5714285714285714,32.42857142857143,19.0,1,rolling,losing_streak_fitness,1_day,rep_3
test,4,86986,125287,125287,130699,42,13,406,4.75,8,15,2,-1000.0,0,0.0,0.0,0.0,inf,0.0,0.0,0.0,0.0,0,rolling,losing_streak_fitness,1_day,rep_3
train,4,86986,125287,125287,130699,43,12,384,4.5,7,15,2,600.585547611662,7,227.0,284.0,57.0,4.982456140350878,19.0,0.5714285714285714,32.42857142857143,19.0,1,rolling,losing_streak_fitness,1_day,rep_3
test,4,86986,125287,125287,130699,43,12,384,4.5,7,15,2,-1000.0,0,0.0,0.0,0.0,inf,0.0,0.0,0.0,0.0,0,rolling,losing_streak_fitness,1_day,rep_3
train,4,86986,125287,125287,130699,44,13,387,4.25,8,15,2,600.585547611662,7,227.0,284.0,57.0,4.982456140350878,19.0,0.5714285714285714,32.42857142857143,19.0,1,rolling,losing_streak_fitness,1_day,rep_3
test,4,86986,125287,125287,130699,44,13,387,4.25,8,15,2,-1000.0,0,0.0,0.0,0.0,inf,0.0,0.0,0.0,0.0,0,rolling,losing_streak_fitness,1_day,rep_3
train,4,86986,125287,125287,130699,45,12,395,4.5,8,15,2,600.585547611662,7,227.0,284.0,57.0,4.982456140350878,19.0,0.5714285714285714,32.42857142857143,19.0,1,rolling,losing_streak_fitness,1_day,rep_3
test,4,86986,125287,125287,130699,45,12,395,4.5,8,15,2,-1000.0,0,0.0,0.0,0.0,inf,0.0,0.0,0.0,0.0,0,rolling,losing_streak_fitness,1_day,rep_3
train,4,86986,125287,125287,130699,46,13,384,4.5,7,15,2,600.585547611662,7,227.0,284.0,57.0,4.982456140350878,19.0,0.5714285714285714,32.42857142857143,19.0,1,rolling,losing_streak_fitness,1_day,rep_3
test,4,86986,125287,125287,130699,46,13,384,4.5,7,15,2,-1000.0,0,0.0,0.0,0.0,inf,0.0,0.0,0.0,0.0,0,rolling,losing_streak_fitness,1_day,rep_3
train,4,86986,125287,125287,130699,47,12,384,4.25,8,15,2,600.585547611662,7,227.0,284.0,57.0,4.982456140350878,19.0,0.5714285714285714,32.42857142857143,19.0,1,rolling,losing_streak_fitness,1_day,rep_3
test,4,86986,125287,125287,130699,47,12,384,4.25,8,15,2,-1000.0,0,0.0,0.0,0.0,inf,0.0,0.0,0.0,0.0,0,rolling,losing_streak_fitness,1_day,rep_3
train,4,86986,125287,125287,130699,48,13,384,4.5,8,15,2,600.585547611662,7,227.0,284.0,57.0,4.982456140350878,19.0,0.5714285714285714,32.42857142857143,19.0,1,rolling,losing_streak_fitness,1_day,rep_3
test,4,86986,125287,125287,130699,48,13,384,4.5,8,15,2,-1000.0,0,0.0,0.0,0.0,inf,0.0,0.0,0.0,0.0,0,rolling,losing_streak_fitness,1_day,rep_3
train,4,86986,125287,125287,130699,49,12,384,4.0,8,15,2,600.585547611662,7,227.0,284.0,57.0,4.982456140350878,19.0,0.5714285714285714,32.42857142857143,19.0,1,rolling,losing_streak_fitness,1_day,rep_3
test,4,86986,125287,125287,130699,49,12,384,4.0,8,15,2,-1000.0,0,0.0,0.0,0.0,inf,0.0,0.0,0.0,0.0,0,rolling,losing_streak_fitness,1_day,rep_3
train,4,86986,125287,125287,130699,50,12,387,4.75,8,15,2,600.585547611662,7,227.0,284.0,57.0,4.982456140350878,19.0,0.5714285714285714,32.42857142857143,19.0,1,rolling,losing_streak_fitness,1_day,rep_3
test,4,86986,125287,125287,130699,50,12,387,4.75,8,15,2,-1000.0,0,0.0,0.0,0.0,inf,0.0,0.0,0.0,0.0,0,rolling,losing_streak_fitness,1_day,rep_3
train,4,86986,125287,125287,130699,51,12,353,3.0,8,15,2,600.585547611662,7,227.0,284.0,57.0,4.982456140350878,19.0,0.5714285714285714,32.42857142857143,19.0,1,rolling,losing_streak_fitness,1_day,rep_3
test,4,86986,125287,125287,130699,51,12,353,3.0,8,15,2,-1000.0,0,0.0,0.0,0.0,inf,0.0,0.0,0.0,0.0,0,rolling,losing_streak_fitness,1_day,rep_3
train,4,86986,125287,125287,130699,52,13,384,4.75,8,15,2,600.585547611662,7,227.0,284.0,57.0,4.982456140350878,19.0,0.5714285714285714,32.42857142857143,19.0,1,rolling,losing_streak_fitness,1_day,rep_3
test,4,86986,125287,125287,130699,52,13,384,4.75,8,15,2,-1000.0,0,0.0,0.0,0.0,inf,0.0,0.0,0.0,0.0,0,rolling,losing_streak_fitness,1_day,rep_3
train,4,86986,125287,125287,130699,53,12,403,4.75,8,15,2,600.585547611662,7,227.0,284.0,57.0,4.982456140350878,19.0,0.5714285714285714,32.42857142857143,19.0,1,rolling,losing_streak_fitness,1_day,rep_3
test,4,86986,125287,125287,130699,53,12,403,4.75,8,15,2,-1000.0,0,0.0,0.0,0.0,inf,0.0,0.0,0.0,0.0,0,rolling,losing_streak_fitness,1_day,rep_3
train,4,86986,125287,125287,130699,54,13,403,4.0,8,15,2,600.585547611662,7,227.0,284.0,57.0,4.982456140350878,19.0,0.5714285714285714,32.42857142857143,19.0,1,rolling,losing_streak_fitness,1_day,rep_3
test,4,86986,125287,125287,130699,54,13,403,4.0,8,15,2,-1000.0,0,0.0,0.0,0.0,inf,0.0,0.0,0.0,0.0,0,rolling,losing_streak_fitness,1_day,rep_3
train,4,86986,125287,125287,130699,55,13,403,3.0,8,15,2,600.585547611662,7,227.0,284.0,57.0,4.982456140350878,19.0,0.5714285714285714,32.42857142857143,19.0,1,rolling,losing_streak_fitness,1_day,rep_3
test,4,86986,125287,125287,130699,55,13,403,3.0,8,15,2,-1000.0,0,0.0,0.0,0.0,inf,0.0,0.0,0.0,0.0,0,rolling,losing_streak_fitness,1_day,rep_3
train,4,86986,125287,125287,130699,56,12,403,4.25,8,15,2,600.585547611662,7,227.0,284.0,57.0,4.982456140350878,19.0,0.5714285714285714,32.42857142857143,19.0,1,rolling,losing_streak_fitness,1_day,rep_3
test,4,86986,125287,125287,130699,56,12,403,4.25,8,15,2,-1000.0,0,0.0,0.0,0.0,inf,0.0,0.0,0.0,0.0,0,rolling,losing_streak_fitness,1_day,rep_3
train,4,86986,125287,125287,130699,57,12,406,4.75,7,15,2,600.585547611662,7,227.0,284.0,57.0,4.982456140350878,19.0,0.5714285714285714,32.42857142857143,19.0,1,rolling,losing_streak_fitness,1_day,rep_3
test,4,86986,125287,125287,130699,57,12,406,4.75,7,15,2,-1000.0,0,0.0,0.0,0.0,inf,0.0,0.0,0.0,0.0,0,rolling,losing_streak_fitness,1_day,rep_3
train,4,86986,125287,125287,130699,58,13,411,4.75,8,15,2,600.585547611662,7,227.0,284.0,57.0,4.982456140350878,19.0,0.5714285714285714,32.42857142857143,19.0,1,rolling,losing_streak_fitness,1_day,rep_3
test,4,86986,125287,125287,130699,58,13,411,4.75,8,15,2,-1000.0,0,0.0,0.0,0.0,inf,0.0,0.0,0.0,0.0,0,rolling,losing_streak_fitness,1_day,rep_3
train,4,86986,125287,125287,130699,59,13,393,3.0,8,15,2,600.585547611662,7,227.0,284.0,57.0,4.982456140350878,19.0,0.5714285714285714,32.42857142857143,19.0,1,rolling,losing_streak_fitness,1_day,rep_3
test,4,86986,125287,125287,130699,59,13,393,3.0,8,15,2,-1000.0,0,0.0,0.0,0.0,inf,0.0,0.0,0.0,0.0,0,rolling,losing_streak_fitness,1_day,rep_3
train,4,86986,125287,125287,130699,60,13,403,3.0,8,15,2,600.585547611662,7,227.0,284.0,57.0,4.982456140350878,19.0,0.5714285714285714,32.42857142857143,19.0,1,rolling,losing_streak_fitness,1_day,rep_3
test,4,86986,125287,125287,130699,60,13,403,3.0,8,15,2,-1000.0,0,0.0,0.0,0.0,inf,0.0,0.0,0.0,0.0,0,rolling,losing_streak_fitness,1_day,rep_3
train,4,86986,125287,125287,130699,61,13,403,3.0,8,15,2,600.585547611662,7,227.0,284.0,57.0,4.982456140350878,19.0,0.5714285714285714,32.42857142857143,19.0,1,rolling,losing_streak_fitness,1_day,rep_3
test,4,86986,125287,125287,130699,61,13,403,3.0,8,15,2,-1000.0,0,0.0,0.0,0.0,inf,0.0,0.0,0.0,0.0,0,rolling,losing_streak_fitness,1_day,rep_3
train,4,86986,125287,125287,130699,62,13,397,3.0,7,15,2,600.585547611662,7,227.0,284.0,57.0,4.982456140350878,19.0,0.5714285714285714,32.42857142857143,19.0,1,rolling,losing_streak_fitness,1_day,rep_3
test,4,86986,125287,125287,130699,62,13,397,3.0,7,15,2,-1000.0,0,0.0,0.0,0.0,inf,0.0,0.0,0.0,0.0,0,rolling,losing_streak_fitness,1_day,rep_3
train,4,86986,125287,125287,130699,63,13,427,4.75,8,15,2,600.585547611662,7,227.0,284.0,57.0,4.982456140350878,19.0,0.5714285714285714,32.42857142857143,19.0,1,rolling,losing_streak_fitness,1_day,rep_3
test,4,86986,125287,125287,130699,63,13,427,4.75,8,15,2,-1000.0,0,0.0,0.0,0.0,inf,0.0,0.0,0.0,0.0,0,rolling,losing_streak_fitness,1_day,rep_3
train,4,86986,125287,125287,130699,64,12,403,4.75,8,15,2,600.585547611662,7,227.0,284.0,57.0,4.982456140350878,19.0,0.5714285714285714,32.42857142857143,19.0,1,rolling,losing_streak_fitness,1_day,rep_3
test,4,86986,125287,125287,130699,64,12,403,4.75,8,15,2,-1000.0,0,0.0,0.0,0.0,inf,0.0,0.0,0.0,0.0,0,rolling,losing_streak_fitness,1_day,rep_3
train,4,86986,125287,125287,130699,65,12,388,4.25,7,15,2,600.585547611662,7,227.0,284.0,57.0,4.982456140350878,19.0,0.5714285714285714,32.42857142857143,19.0,1,rolling,losing_streak_fitness,1_day,rep_3
test,4,86986,125287,125287,130699,65,12,388,4.25,7,15,2,-1000.0,0,0.0,0.0,0.0,inf,0.0,0.0,0.0,0.0,0,rolling,losing_streak_fitness,1_day,rep_3
train,4,86986,125287,125287,130699,66,13,427,4.25,8,15,2,600.585547611662,7,227.0,284.0,57.0,4.982456140350878,19.0,0.5714285714285714,32.42857142857143,19.0,1,rolling,losing_streak_fitness,1_day,rep_3
test,4,86986,125287,125287,130699,66,13,427,4.25,8,15,2,-1000.0,0,0.0,0.0,0.0,inf,0.0,0.0,0.0,0.0,0,rolling,losing_streak_fitness,1_day,rep_3
train,4,86986,125287,125287,130699,67,12,384,4.5,7,15,2,600.585547611662,7,227.0,284.0,57.0,4.982456140350878,19.0,0.5714285714285714,32.42857142857143,19.0,1,rolling,losing_streak_fitness,1_day,rep_3
test,4,86986,125287,125287,130699,67,12,384,4.5,7,15,2,-1000.0,0,0.0,0.0,0.0,inf,0.0,0.0,0.0,0.0,0,rolling,losing_streak_fitness,1_day,rep_3
train,4,86986,125287,125287,130699,68,13,388,4.5,7,15,2,600.585547611662,7,227.0,284.0,57.0,4.982456140350878,19.0,0.5714285714285714,32.42857142857143,19.0,1,rolling,losing_streak_fitness,1_day,rep_3
test,4,86986,125287,125287,130699,68,13,388,4.5,7,15,2,-1000.0,0,0.0,0.0,0.0,inf,0.0,0.0,0.0,0.0,0,rolling,losing_streak_fitness,1_day,rep_3
train,4,86986,125287,125287,130699,69,13,384,3.0,7,15,2,600.585547611662,7,227.0,284.0,57.0,4.982456140350878,19.0,0.5714285714285714,32.42857142857143,19.0,1,rolling,losing_streak_fitness,1_day,rep_3
test,4,86986,125287,125287,130699,69,13,384,3.0,7,15,2,-1000.0,0,0.0,0.0,0.0,inf,0.0,0.0,0.0,0.0,0,rolling,losing_streak_fitness,1_day,rep_3
train,4,86986,125287,125287,130699,70,13,427,3.0,8,15,2,600.585547611662,7,227.0,284.0,57.0,4.982456140350878,19.0,0.5714285714285714,32.42857142857143,19.0,1,rolling,losing_streak_fitness,1_day,rep_3
test,4,86986,125287,125287,130699,70,13,427,3.0,8,15,2,-1000.0,0,0.0,0.0,0.0,inf,0.0,0.0,0.0,0.0,0,rolling,losing_streak_fitness,1_day,rep_3
train,4,86986,125287,125287,130699,71,12,427,4.25,7,15,2,600.585547611662,7,227.0,284.0,57.0,4.982456140350878,19.0,0.5714285714285714,32.42857142857143,19.0,1,rolling,losing_streak_fitness,1_day,rep_3
test,4,86986,125287,125287,130699,71,12,427,4.25,7,15,2,-1000.0,0,0.0,0.0,0.0,inf,0.0,0.0,0.0,0.0,0,rolling,losing_streak_fitness,1_day,rep_3
train,4,86986,125287,125287,130699,72,13,406,4.0,7,15,2,600.585547611662,7,227.0,284.0,57.0,4.982456140350878,19.0,0.5714285714285714,32.42857142857143,19.0,1,rolling,losing_streak_fitness,1_day,rep_3
test,4,86986,125287,125287,130699,72,13,406,4.0,7,15,2,-1000.0,0,0.0,0.0,0.0,inf,0.0,0.0,0.0,0.0,0,rolling,losing_streak_fitness,1_day,rep_3
train,4,86986,125287,125287,130699,73,12,427,4.75,7,15,2,600.585547611662,7,227.0,284.0,57.0,4.982456140350878,19.0,0.5714285714285714,32.42857142857143,19.0,1,rolling,losing_streak_fitness,1_day,rep_3
test,4,86986,125287,125287,130699,73,12,427,4.75,7,15,2,-1000.0,0,0.0,0.0,0.0,inf,0.0,0.0,0.0,0.0,0,rolling,losing_streak_fitness,1_day,rep_3
train,4,86986,125287,125287,130699,74,13,427,4.0,7,15,2,600.585547611662,7,227.0,284.0,57.0,4.982456140350878,19.0,0.5714285714285714,32.42857142857143,19.0,1,rolling,losing_streak_fitness,1_day,rep_3
test,4,86986,125287,125287,130699,74,13,427,4.0,7,15,2,-1000.0,0,0.0,0.0,0.0,inf,0.0,0.0,0.0,0.0,0,rolling,losing_streak_fitness,1_day,rep_3
train,4,86986,125287,125287,130699,75,13,388,3.0,8,15,2,600.585547611662,7,227.0,284.0,57.0,4.982456140350878,19.0,0.5714285714285714,32.42857142857143,19.0,1,rolling,losing_streak_fitness,1_day,rep_3
test,4,86986,125287,125287,130699,75,13,388,3.0,8,15,2,-1000.0,0,0.0,0.0,0.0,inf,0.0,0.0,0.0,0.0,0,rolling,losing_streak_fitness,1_day,rep_3
train,4,86986,125287,125287,130699,76,13,388,3.25,7,15,2,600.585547611662,7,227.0,284.0,57.0,4.982456140350878,19.0,0.5714285714285714,32.42857142857143,19.0,1,rolling,losing_streak_fitness,1_day,rep_3
test,4,86986,125287,125287,130699,76,13,388,3.25,7,15,2,-1000.0,0,0.0,0.0,0.0,inf,0.0,0.0,0.0,0.0,0,rolling,losing_streak_fitness,1_day,rep_3
train,4,86986,125287,125287,130699,77,13,427,4.75,7,15,2,600.585547611662,7,227.0,284.0,57.0,4.982456140350878,19.0,0.5714285714285714,32.42857142857143,19.0,1,rolling,losing_streak_fitness,1_day,rep_3
test,4,86986,125287,125287,130699,77,13,427,4.75,7,15,2,-1000.0,0,0.0,0.0,0.0,inf,0.0,0.0,0.0,0.0,0,rolling,losing_streak_fitness,1_day,rep_3
train,4,86986,125287,125287,130699,78,12,427,4.0,7,15,2,600.585547611662,7,227.0,284.0,57.0,4.982456140350878,19.0,0.5714285714285714,32.42857142857143,19.0,1,rolling,losing_streak_fitness,1_day,rep_3
test,4,86986,125287,125287,130699,78,12,427,4.0,7,15,2,-1000.0,0,0.0,0.0,0.0,inf,0.0,0.0,0.0,0.0,0,rolling,losing_streak_fitness,1_day,rep_3
train,4,86986,125287,125287,130699,79,13,427,4.25,7,15,2,600.585547611662,7,227.0,284.0,57.0,4.982456140350878,19.0,0.5714285714285714,32.42857142857143,19.0,1,rolling,losing_streak_fitness,1_day,rep_3
test,4,86986,125287,125287,130699,79,13,427,4.25,7,15,2,-1000.0,0,0.0,0.0,0.0,inf,0.0,0.0,0.0,0.0,0,rolling,losing_streak_fitness,1_day,rep_3
train,4,86986,125287,125287,130699,80,12,390,3.0,7,15,2,600.585547611662,7,227.0,284.0,57.0,4.982456140350878,19.0,0.5714285714285714,32.42857142857143,19.0,1,rolling,losing_streak_fitness,1_day,rep_3
test,4,86986,125287,125287,130699,80,12,390,3.0,7,15,2,-1000.0,0,0.0,0.0,0.0,inf,0.0,0.0,0.0,0.0,0,rolling,losing_streak_fitness,1_day,rep_3
train,4,86986,125287,125287,130699,81,13,403,4.0,8,15,2,600.585547611662,7,227.0,284.0,57.0,4.982456140350878,19.0,0.5714285714285714,32.42857142857143,19.0,1,rolling,losing_streak_fitness,1_day,rep_3
test,4,86986,125287,125287,130699,81,13,403,4.0,8,15,2,-1000.0,0,0.0,0.0,0.0,inf,0.0,0.0,0.0,0.0,0,rolling,losing_streak_fitness,1_day,rep_3
train,4,86986,125287,125287,130699,82,13,364,4.5,7,15,2,600.585547611662,7,227.0,284.0,57.0,4.982456140350878,19.0,0.5714285714285714,32.42857142857143,19.0,1,rolling,losing_streak_fitness,1_day,rep_3
test,4,86986,125287,125287,130699,82,13,364,4.5,7,15,2,-1000.0,0,0.0,0.0,0.0,inf,0.0,0.0,0.0,0.0,0,rolling,losing_streak_fitness,1_day,rep_3
train,4,86986,125287,125287,130699,83,12,388,4.5,7,15,2,600.585547611662,7,227.0,284.0,57.0,4.982456140350878,19.0,0.5714285714285714,32.42857142857143,19.0,1,rolling,losing_streak_fitness,1_day,rep_3
test,4,86986,125287,125287,130699,83,12,388,4.5,7,15,2,-1000.0,0,0.0,0.0,0.0,inf,0.0,0.0,0.0,0.0,0,rolling,losing_streak_fitness,1_day,rep_3
train,4,86986,125287,125287,130699,84,12,427,3.0,8,15,2,600.585547611662,7,227.0,284.0,57.0,4.982456140350878,19.0,0.5714285714285714,32.42857142857143,19.0,1,rolling,losing_streak_fitness,1_day,rep_3
test,4,86986,125287,125287,130699,84,12,427,3.0,8,15,2,-1000.0,0,0.0,0.0,0.0,inf,0.0,0.0,0.0,0.0,0,rolling,losing_streak_fitness,1_day,rep_3
train,4,86986,125287,125287,130699,85,12,427,4.75,7,15,2,600.585547611662,7,227.0,284.0,57.0,4.982456140350878,19.0,0.5714285714285714,32.42857142857143,19.0,1,rolling,losing_streak_fitness,1_day,rep_3
test,4,86986,125287,125287,130699,85,12,427,4.75,7,15,2,-1000.0,0,0.0,0.0,0.0,inf,0.0,0.0,0.0,0.0,0,rolling,losing_streak_fitness,1_day,rep_3
train,4,86986,125287,125287,130699,86,12,427,4.5,7,15,2,600.585547611662,7,227.0,284.0,57.0,4.982456140350878,19.0,0.5714285714285714,32.42857142857143,19.0,1,rolling,losing_streak_fitness,1_day,rep_3
test,4,86986,125287,125287,130699,86,12,427,4.5,7,15,2,-1000.0,0,0.0,0.0,0.0,inf,0.0,0.0,0.0,0.0,0,rolling,losing_streak_fitness,1_day,rep_3
train,4,86986,125287,125287,130699,87,12,427,4.5,8,15,2,600.585547611662,7,227.0,284.0,57.0,4.982456140350878,19.0,0.5714285714285714,32.42857142857143,19.0,1,rolling,losing_streak_fitness,1_day,rep_3
test,4,86986,125287,125287,130699,87,12,427,4.5,8,15,2,-1000.0,0,0.0,0.0,0.0,inf,0.0,0.0,0.0,0.0,0,rolling,losing_streak_fitness,1_day,rep_3
train,4,86986,125287,125287,130699,88,12,403,4.75,7,15,2,600.585547611662,7,227.0,284.0,57.0,4.982456140350878,19.0,0.5714285714285714,32.42857142857143,19.0,1,rolling,losing_streak_fitness,1_day,rep_3
test,4,86986,125287,125287,130699,88,12,403,4.75,7,15,2,-1000.0,0,0.0,0.0,0.0,inf,0.0,0.0,0.0,0.0,0,rolling,losing_streak_fitness,1_day,rep_3
train,4,86986,125287,125287,130699,89,12,427,4.0,8,15,2,600.585547611662,7,227.0,284.0,57.0,4.982456140350878,19.0,0.5714285714285714,32.42857142857143,19.0,1,rolling,losing_streak_fitness,1_day,rep_3
test,4,86986,125287,125287,130699,89,12,427,4.0,8,15,2,-1000.0,0,0.0,0.0,0.0,inf,0.0,0.0,0.0,0.0,0,rolling,losing_streak_fitness,1_day,rep_3
train,4,86986,125287,125287,130699,90,12,372,4.25,7,15,2,600.585547611662,7,227.0,284.0,57.0,4.982456140350878,19.0,0.5714285714285714,32.42857142857143,19.0,1,rolling,losing_streak_fitness,1_day,rep_3
test,4,86986,125287,125287,130699,90,12,372,4.25,7,15,2,-1000.0,0,0.0,0.0,0.0,inf,0.0,0.0,0.0,0.0,0,rolling,losing_streak_fitness,1_day,rep_3
train,4,86986,125287,125287,130699,91,12,386,4.25,7,15,2,600.585547611662,7,227.0,284.0,57.0,4.982456140350878,19.0,0.5714285714285714,32.42857142857143,19.0,1,rolling,losing_streak_fitness,1_day,rep_3
test,4,86986,125287,125287,130699,91,12,386,4.25,7,15,2,-1000.0,0,0.0,0.0,0.0,inf,0.0,0.0,0.0,0.0,0,rolling,losing_streak_fitness,1_day,rep_3
train,4,86986,125287,125287,130699,92,12,403,3.5,7,15,2,600.585547611662,7,227.0,284.0,57.0,4.982456140350878,19.0,0.5714285714285714,32.42857142857143,19.0,1,rolling,losing_streak_fitness,1_day,rep_3
test,4,86986,125287,125287,130699,92,12,403,3.5,7,15,2,-1000.0,0,0.0,0.0,0.0,inf,0.0,0.0,0.0,0.0,0,rolling,losing_streak_fitness,1_day,rep_3
train,4,86986,125287,125287,130699,93,12,427,3.5,8,15,2,600.585547611662,7,227.0,284.0,57.0,4.982456140350878,19.0,0.5714285714285714,32.42857142857143,19.0,1,rolling,losing_streak_fitness,1_day,rep_3
test,4,86986,125287,125287,130699,93,12,427,3.5,8,15,2,-1000.0,0,0.0,0.0,0.0,inf,0.0,0.0,0.0,0.0,0,rolling,losing_streak_fitness,1_day,rep_3
train,4,86986,125287,125287,130699,94,12,427,3.5,8,15,2,600.585547611662,7,227.0,284.0,57.0,4.982456140350878,19.0,0.5714285714285714,32.42857142857143,19.0,1,rolling,losing_streak_fitness,1_day,rep_3
test,4,86986,125287,125287,130699,94,12,427,3.5,8,15,2,-1000.0,0,0.0,0.0,0.0,inf,0.0,0.0,0.0,0.0,0,rolling,losing_streak_fitness,1_day,rep_3
train,4,86986,125287,125287,130699,95,12,424,4.75,7,15,2,600.585547611662,7,227.0,284.0,57.0,4.982456140350878,19.0,0.5714285714285714,32.42857142857143,19.0,1,rolling,losing_streak_fitness,1_day,rep_3
test,4,86986,125287,125287,130699,95,12,424,4.75,7,15,2,-1000.0,0,0.0,0.0,0.0,inf,0.0,0.0,0.0,0.0,0,rolling,losing_streak_fitness,1_day,rep_3
train,4,86986,125287,125287,130699,96,12,427,3.75,7,15,2,600.585547611662,7,227.0,284.0,57.0,4.982456140350878,19.0,0.5714285714285714,32.42857142857143,19.0,1,rolling,losing_streak_fitness,1_day,rep_3
test,4,86986,125287,125287,130699,96,12,427,3.75,7,15,2,-1000.0,0,0.0,0.0,0.0,inf,0.0,0.0,0.0,0.0,0,rolling,losing_streak_fitness,1_day,rep_3
train,4,86986,125287,125287,130699,97,12,403,4.75,7,15,2,600.585547611662,7,227.0,284.0,57.0,4.982456140350878,19.0,0.5714285714285714,32.42857142857143,19.0,1,rolling,losing_streak_fitness,1_day,rep_3
test,4,86986,125287,125287,130699,97,12,403,4.75,7,15,2,-1000.0,0,0.0,0.0,0.0,inf,0.0,0.0,0.0,0.0,0,rolling,losing_streak_fitness,1_day,rep_3
train,4,86986,125287,125287,130699,98,12,403,4.25,8,15,2,600.585547611662,7,227.0,284.0,57.0,4.982456140350878,19.0,0.5714285714285714,32.42857142857143,19.0,1,rolling,losing_streak_fitness,1_day,rep_3
test,4,86986,125287,125287,130699,98,12,403,4.25,8,15,2,-1000.0,0,0.0,0.0,0.0,inf,0.0,0.0,0.0,0.0,0,rolling,losing_streak_fitness,1_day,rep_3
train,4,86986,125287,125287,130699,99,12,411,4.25,7,15,2,600.585547611662,7,227.0,284.0,57.0,4.982456140350878,19.0,0.5714285714285714,32.42857142857143,19.0,1,rolling,losing_streak_fitness,1_day,rep_3
test,4,86986,125287,125287,130699,99,12,411,4.25,7,15,2,-1000.0,0,0.0,0.0,0.0,inf,0.0,0.0,0.0,0.0,0,rolling,losing_streak_fitness,1_day,rep_3
train,4,86986,125287,125287,130699,100,12,403,4.0,8,15,2,600.585547611662,7,227.0,284.0,57.0,4.982456140350878,19.0,0.5714285714285714,32.42857142857143,19.0,1,rolling,losing_streak_fitness,1_day,rep_3
test,4,86986,125287,125287,130699,100,12,403,4.0,8,15,2,-1000.0,0,0.0,0.0,0.0,inf,0.0,0.0,0.0,0.0,0,rolling,losing_streak_fitness,1_day,rep_3
