generation,window_id,train_start,train_end,test_start,test_end,best_fitness,average_fitness,median_fitness,worst_fitness,std_fitness,fitness_range,patience_counter,walk_forward_type,fitness_function,train_size,repetition
0,1,0,22406,22406,53560,-4.6283352950392205,-1802.698280376756,-1000.0,-30577.955526162965,3959.665034312915,30573.327190867927,0,rolling,losing_streak_fitness,1_day,rep_1
1,1,0,22406,22406,53560,130.28675638332888,-816.8070313157681,-1000.0,-7364.965173033746,914.6158973264676,7495.251929417075,0,rolling,losing_streak_fitness,1_day,rep_1
2,1,0,22406,22406,53560,53.60037313302959,-739.8036442249155,-285.18030885406074,-13427.209762270044,1521.899868606097,13480.810135403071,1,rolling,losing_streak_fitness,1_day,rep_1
3,1,0,22406,22406,53560,139.17427923290998,-185.5277641128176,-78.66132600180791,-1000.0,274.33164443243265,1139.17427923291,0,rolling,losing_streak_fitness,1_day,rep_1
4,1,0,22406,22406,53560,185.0,-118.41230679516272,-53.26871084938658,-1179.4293111501004,263.8502243850519,1364.4293111501004,0,rolling,losing_streak_fitness,1_day,rep_1
5,1,0,22406,22406,53560,251.7439175034821,-70.66225266570595,-12.701705922171763,-1000.0,265.0546856457032,1251.7439175034822,0,rolling,losing_streak_fitness,1_day,rep_1
6,1,0,22406,22406,53560,571.050129148046,31.502045292486404,38.62990915244727,-1000.0,138.91585945089443,1571.050129148046,0,rolling,losing_streak_fitness,1_day,rep_1
7,1,0,22406,22406,53560,571.050129148046,102.17681580430956,75.12860095271904,-53.711660745130565,100.61948590635372,624.7617898931766,1,rolling,losing_streak_fitness,1_day,rep_1
8,1,0,22406,22406,53560,840.0934471831094,181.6416880426333,150.49226631335404,-67.88225099390857,159.01490362326842,907.975698177018,0,rolling,losing_streak_fitness,1_day,rep_1
9,1,0,22406,22406,53560,571.050129148046,258.8343542630663,242.5893406379859,-15.084944665313015,168.83966991068542,586.1350738133591,1,rolling,losing_streak_fitness,1_day,rep_1
10,1,0,22406,22406,53560,571.050129148046,390.8418693802651,467.97248850760445,-3.605551275463989,189.04275749469727,574.65568042351,2,rolling,losing_streak_fitness,1_day,rep_1
11,1,0,22406,22406,53560,1025.21412397606,495.8022756815509,571.050129148046,-3.605551275463989,165.1207817161164,1028.819675251524,0,rolling,losing_streak_fitness,1_day,rep_1
12,1,0,22406,22406,53560,1025.21412397606,525.4245928672113,571.050129148046,-283.35996541501765,161.10002361680722,1308.5740893910777,1,rolling,losing_streak_fitness,1_day,rep_1
13,1,0,22406,22406,53560,1025.21412397606,540.2213501361646,571.050129148046,-3.605551275463989,151.406590428279,1028.819675251524,2,rolling,losing_streak_fitness,1_day,rep_1
14,1,0,22406,22406,53560,1025.21412397606,560.7341973024708,571.050129148046,-283.35996541501765,217.6530927175156,1308.5740893910777,3,rolling,losing_streak_fitness,1_day,rep_1
15,1,0,22406,22406,53560,1025.21412397606,676.0429007600895,571.050129148046,-3.605551275463989,262.5062588344666,1028.819675251524,4,rolling,losing_streak_fitness,1_day,rep_1
16,1,0,22406,22406,53560,1025.21412397606,808.1611524649895,1025.21412397606,-16.165807537309522,316.6870769814628,1041.3799315133697,5,rolling,losing_streak_fitness,1_day,rep_1
17,1,0,22406,22406,53560,1025.21412397606,930.176539339516,1025.21412397606,15.839191898578663,256.89621915139094,1009.3749320774812,6,rolling,losing_streak_fitness,1_day,rep_1
18,1,0,22406,22406,53560,1025.21412397606,949.238352299513,1025.21412397606,6.92820323027551,213.7632753836116,1018.2859207457844,7,rolling,losing_streak_fitness,1_day,rep_1
19,1,0,22406,22406,53560,1025.21412397606,967.172369908408,1025.21412397606,6.92820323027551,216.3058527410918,1018.2859207457844,8,rolling,losing_streak_fitness,1_day,rep_1
20,1,0,22406,22406,53560,1025.21412397606,948.9893956858448,1025.21412397606,62.17515581001789,207.12999748806465,963.038968166042,9,rolling,losing_streak_fitness,1_day,rep_1
21,1,0,22406,22406,53560,1025.21412397606,948.668497541444,1025.21412397606,15.839191898578663,208.88727077390368,1009.3749320774812,10,rolling,losing_streak_fitness,1_day,rep_1
22,1,0,22406,22406,53560,1025.21412397606,942.0054266053764,1025.21412397606,15.839191898578663,243.9475511728948,1009.3749320774812,11,rolling,losing_streak_fitness,1_day,rep_1
23,1,0,22406,22406,53560,1025.21412397606,930.8857045258484,1025.21412397606,15.839191898578663,262.0250799728144,1009.3749320774812,12,rolling,losing_streak_fitness,1_day,rep_1
24,1,0,22406,22406,53560,1025.21412397606,953.0218350002692,1025.21412397606,62.17515581001789,208.0131584870408,963.038968166042,13,rolling,losing_streak_fitness,1_day,rep_1
25,1,0,22406,22406,53560,1025.21412397606,925.8455368852148,1025.21412397606,6.92820323027551,272.4333699092799,1018.2859207457844,14,rolling,losing_streak_fitness,1_day,rep_1
26,1,0,22406,22406,53560,1025.21412397606,925.2001924042374,1025.21412397606,44.15155716393251,243.9580792771693,981.0625668121274,15,rolling,losing_streak_fitness,1_day,rep_1
27,1,0,22406,22406,53560,1025.21412397606,939.2378032101848,1025.21412397606,6.92820323027551,236.80090926171573,1018.2859207457844,16,rolling,losing_streak_fitness,1_day,rep_1
28,1,0,22406,22406,53560,1025.21412397606,926.429988106749,1025.21412397606,6.92820323027551,250.9299835672437,1018.2859207457844,17,rolling,losing_streak_fitness,1_day,rep_1
29,1,0,22406,22406,53560,1025.21412397606,947.7627168886776,1025.21412397606,6.92820323027551,244.43098998374435,1018.2859207457844,18,rolling,losing_streak_fitness,1_day,rep_1
30,1,0,22406,22406,53560,1025.21412397606,965.553491461606,1025.21412397606,44.15155716393251,184.01053940582636,981.0625668121274,19,rolling,losing_streak_fitness,1_day,rep_1
31,1,0,22406,22406,53560,1025.21412397606,950.0834832472588,1025.21412397606,6.92820323027551,226.72775727720807,1018.2859207457844,20,rolling,losing_streak_fitness,1_day,rep_1
32,1,0,22406,22406,53560,1025.21412397606,903.8412318757375,1025.21412397606,6.92820323027551,292.95779246851697,1018.2859207457844,21,rolling,losing_streak_fitness,1_day,rep_1
33,1,0,22406,22406,53560,1025.21412397606,935.8717194718334,1025.21412397606,15.839191898578663,232.01836938081556,1009.3749320774812,22,rolling,losing_streak_fitness,1_day,rep_1
34,1,0,22406,22406,53560,1025.21412397606,943.4974869036788,1025.21412397606,44.15155716393251,232.7626605968434,981.0625668121274,23,rolling,losing_streak_fitness,1_day,rep_1
35,1,0,22406,22406,53560,1025.21412397606,915.1792041563594,1025.21412397606,6.92820323027551,280.1652693252516,1018.2859207457844,24,rolling,losing_streak_fitness,1_day,rep_1
36,1,0,22406,22406,53560,1025.21412397606,926.7433720286596,1025.21412397606,6.92820323027551,249.45290911230703,1018.2859207457844,25,rolling,losing_streak_fitness,1_day,rep_1
37,1,0,22406,22406,53560,1025.21412397606,934.5892268882192,1025.21412397606,15.839191898578663,248.59596400113784,1009.3749320774812,26,rolling,losing_streak_fitness,1_day,rep_1
38,1,0,22406,22406,53560,1025.21412397606,957.2999684337768,1025.21412397606,15.839191898578663,212.00704042218192,1009.3749320774812,27,rolling,losing_streak_fitness,1_day,rep_1
39,1,0,22406,22406,53560,1025.21412397606,939.2852804598624,1025.21412397606,6.92820323027551,227.5060907974419,1018.2859207457844,28,rolling,losing_streak_fitness,1_day,rep_1
40,1,0,22406,22406,53560,1025.21412397606,936.9073519200516,1025.21412397606,62.17515581001789,253.19693366094907,963.038968166042,29,rolling,losing_streak_fitness,1_day,rep_1
41,1,0,22406,22406,53560,1025.21412397606,924.8750902661264,1025.21412397606,6.92820323027551,241.49875547125168,1018.2859207457844,30,rolling,losing_streak_fitness,1_day,rep_1
42,1,0,22406,22406,53560,1025.21412397606,940.89839202541,1025.21412397606,6.92820323027551,221.15009008259875,1018.2859207457844,31,rolling,losing_streak_fitness,1_day,rep_1
43,1,0,22406,22406,53560,1025.21412397606,947.1978017713976,1025.21412397606,6.92820323027551,220.1461691750598,1018.2859207457844,32,rolling,losing_streak_fitness,1_day,rep_1
44,1,0,22406,22406,53560,1025.21412397606,954.0870813624524,1025.21412397606,6.92820323027551,226.9489436136417,1018.2859207457844,33,rolling,losing_streak_fitness,1_day,rep_1
45,1,0,22406,22406,53560,1025.21412397606,926.2465725425128,1025.21412397606,44.15155716393251,241.83720665662565,981.0625668121274,34,rolling,losing_streak_fitness,1_day,rep_1
46,1,0,22406,22406,53560,1025.21412397606,956.7998625103552,1025.21412397606,6.92820323027551,200.4063465500465,1018.2859207457844,35,rolling,losing_streak_fitness,1_day,rep_1
47,1,0,22406,22406,53560,1025.21412397606,918.8062970796168,1025.21412397606,6.92820323027551,260.8812515706145,1018.2859207457844,36,rolling,losing_streak_fitness,1_day,rep_1
48,1,0,22406,22406,53560,1025.21412397606,941.7022117604488,1025.21412397606,6.92820323027551,249.6655572364296,1018.2859207457844,37,rolling,losing_streak_fitness,1_day,rep_1
49,1,0,22406,22406,53560,1025.21412397606,918.158269607768,1025.21412397606,15.839191898578663,262.6675085566918,1009.3749320774812,38,rolling,losing_streak_fitness,1_day,rep_1
50,1,0,22406,22406,53560,1025.21412397606,923.7121610779722,1025.21412397606,6.92820323027551,257.59619273540983,1018.2859207457844,39,rolling,losing_streak_fitness,1_day,rep_1
51,1,0,22406,22406,53560,1025.21412397606,947.5578579607296,1025.21412397606,6.92820323027551,211.3194898961536,1018.2859207457844,40,rolling,losing_streak_fitness,1_day,rep_1
52,1,0,22406,22406,53560,1025.21412397606,922.7671391140564,1025.21412397606,6.92820323027551,264.1049094645715,1018.2859207457844,41,rolling,losing_streak_fitness,1_day,rep_1
53,1,0,22406,22406,53560,1025.21412397606,929.2477689622802,1025.21412397606,15.839191898578663,261.514770723737,1009.3749320774812,42,rolling,losing_streak_fitness,1_day,rep_1
54,1,0,22406,22406,53560,1025.21412397606,947.1688651793258,1025.21412397606,44.15155716393251,226.9871812780419,981.0625668121274,43,rolling,losing_streak_fitness,1_day,rep_1
55,1,0,22406,22406,53560,1025.21412397606,949.538730886919,1025.21412397606,6.92820323027551,214.38362497455097,1018.2859207457844,44,rolling,losing_streak_fitness,1_day,rep_1
56,1,0,22406,22406,53560,1025.21412397606,931.3776937101136,1025.21412397606,15.839191898578663,239.91264268568935,1009.3749320774812,45,rolling,losing_streak_fitness,1_day,rep_1
57,1,0,22406,22406,53560,1025.21412397606,932.3613162456228,1025.21412397606,44.15155716393251,230.1473003695732,981.0625668121274,46,rolling,losing_streak_fitness,1_day,rep_1
58,1,0,22406,22406,53560,1025.21412397606,940.0234745416142,1025.21412397606,6.92820323027551,241.19065389431657,1018.2859207457844,47,rolling,losing_streak_fitness,1_day,rep_1
59,1,0,22406,22406,53560,1025.21412397606,966.649238431722,1025.21412397606,15.839191898578663,186.5510173792172,1009.3749320774812,48,rolling,losing_streak_fitness,1_day,rep_1
60,1,0,22406,22406,53560,1025.21412397606,949.7304457892084,1025.21412397606,44.15155716393251,228.84636578357996,981.0625668121274,49,rolling,losing_streak_fitness,1_day,rep_1
61,1,0,22406,22406,53560,1025.21412397606,941.023521663308,1025.21412397606,6.92820323027551,238.51837699224143,1018.2859207457844,50,rolling,losing_streak_fitness,1_day,rep_1
62,1,0,22406,22406,53560,1025.21412397606,929.590796469259,1025.21412397606,6.92820323027551,247.3267090913266,1018.2859207457844,51,rolling,losing_streak_fitness,1_day,rep_1
63,1,0,22406,22406,53560,1025.21412397606,940.2205550232154,1025.21412397606,6.92820323027551,247.66633806788093,1018.2859207457844,52,rolling,losing_streak_fitness,1_day,rep_1
64,1,0,22406,22406,53560,1025.21412397606,908.1741478343888,1025.21412397606,6.92820323027551,268.9725776084493,1018.2859207457844,53,rolling,losing_streak_fitness,1_day,rep_1
65,1,0,22406,22406,53560,1025.21412397606,904.085978861396,1025.21412397606,15.839191898578663,285.78247241852625,1009.3749320774812,54,rolling,losing_streak_fitness,1_day,rep_1
66,1,0,22406,22406,53560,1025.21412397606,951.6842391346042,1025.21412397606,15.839191898578663,236.4822100913364,1009.3749320774812,55,rolling,losing_streak_fitness,1_day,rep_1
67,1,0,22406,22406,53560,1025.21412397606,903.6401095751048,1025.21412397606,6.92820323027551,291.3612944544135,1018.2859207457844,56,rolling,losing_streak_fitness,1_day,rep_1
68,1,0,22406,22406,53560,1025.21412397606,942.1679432120844,1025.21412397606,6.92820323027551,247.58509032863407,1018.2859207457844,57,rolling,losing_streak_fitness,1_day,rep_1
69,1,0,22406,22406,53560,1025.21412397606,922.2154958217736,1025.21412397606,15.839191898578663,269.5367122652965,1009.3749320774812,58,rolling,losing_streak_fitness,1_day,rep_1
70,1,0,22406,22406,53560,1025.21412397606,919.0250158405142,1025.21412397606,6.92820323027551,264.5747213761228,1018.2859207457844,59,rolling,losing_streak_fitness,1_day,rep_1
71,1,0,22406,22406,53560,1025.21412397606,891.5206491514132,1025.21412397606,6.92820323027551,295.0825916512135,1018.2859207457844,60,rolling,losing_streak_fitness,1_day,rep_1
72,1,0,22406,22406,53560,1025.21412397606,962.0621587534856,1025.21412397606,15.839191898578663,198.3723404971645,1009.3749320774812,61,rolling,losing_streak_fitness,1_day,rep_1
73,1,0,22406,22406,53560,1025.21412397606,949.7986830452668,1025.21412397606,6.92820323027551,235.3249508882987,1018.2859207457844,62,rolling,losing_streak_fitness,1_day,rep_1
74,1,0,22406,22406,53560,1025.21412397606,911.0341056555142,1025.21412397606,6.92820323027551,286.17932418038,1018.2859207457844,63,rolling,losing_streak_fitness,1_day,rep_1
75,1,0,22406,22406,53560,1025.21412397606,941.0566942445564,1025.21412397606,6.92820323027551,230.12617848200563,1018.2859207457844,64,rolling,losing_streak_fitness,1_day,rep_1
76,1,0,22406,22406,53560,1025.21412397606,900.3638934162891,1025.21412397606,15.839191898578663,286.8854627629403,1009.3749320774812,65,rolling,losing_streak_fitness,1_day,rep_1
77,1,0,22406,22406,53560,1025.21412397606,905.1525893204046,1025.21412397606,6.92820323027551,278.3583727560544,1018.2859207457844,66,rolling,losing_streak_fitness,1_day,rep_1
78,1,0,22406,22406,53560,1025.21412397606,914.2173246164476,1025.21412397606,15.839191898578663,269.59797879967715,1009.3749320774812,67,rolling,losing_streak_fitness,1_day,rep_1
79,1,0,22406,22406,53560,1025.21412397606,865.8555009978145,1025.21412397606,6.92820323027551,319.6835589618695,1018.2859207457844,68,rolling,losing_streak_fitness,1_day,rep_1
80,1,0,22406,22406,53560,1025.21412397606,932.3870828587134,1025.21412397606,6.92820323027551,239.36453132572456,1018.2859207457844,69,rolling,losing_streak_fitness,1_day,rep_1
81,1,0,22406,22406,53560,1025.21412397606,930.2683108580992,1025.21412397606,62.85984409780222,232.86471202021733,962.3542798782576,70,rolling,losing_streak_fitness,1_day,rep_1
82,1,0,22406,22406,53560,1025.21412397606,953.300839140118,1025.21412397606,15.839191898578663,205.3603743502539,1009.3749320774812,71,rolling,losing_streak_fitness,1_day,rep_1
83,1,0,22406,22406,53560,1026.3405867449655,939.7051568995812,1025.21412397606,6.92820323027551,235.66782139644852,1019.41238351469,0,rolling,losing_streak_fitness,1_day,rep_1
84,1,0,22406,22406,53560,1026.3405867449655,903.9056074193576,1025.21412397606,6.92820323027551,298.75872875264923,1019.41238351469,1,rolling,losing_streak_fitness,1_day,rep_1
85,1,0,22406,22406,53560,1026.3405867449655,899.838538841549,1025.21412397606,6.92820323027551,281.66736144188087,1019.41238351469,2,rolling,losing_streak_fitness,1_day,rep_1
86,1,0,22406,22406,53560,1026.3405867449655,909.2494542136031,1025.21412397606,15.839191898578663,285.4311284763724,1010.5013948463868,3,rolling,losing_streak_fitness,1_day,rep_1
87,1,0,22406,22406,53560,1025.21412397606,941.2326296176476,1025.21412397606,15.839191898578663,243.3216774772625,1009.3749320774812,4,rolling,losing_streak_fitness,1_day,rep_1
88,1,0,22406,22406,53560,1025.21412397606,952.1695520550984,1025.21412397606,44.15155716393251,225.1730891222082,981.0625668121274,5,rolling,losing_streak_fitness,1_day,rep_1
89,1,0,22406,22406,53560,1025.21412397606,940.5230522119756,1025.21412397606,15.839191898578663,216.04626108113445,1009.3749320774812,6,rolling,losing_streak_fitness,1_day,rep_1
90,1,0,22406,22406,53560,1025.21412397606,943.4542283544844,1025.21412397606,44.15155716393251,222.96529444129789,981.0625668121274,7,rolling,losing_streak_fitness,1_day,rep_1
91,1,0,22406,22406,53560,1025.21412397606,945.1427817962672,1025.21412397606,6.92820323027551,236.7367523592112,1018.2859207457844,8,rolling,losing_streak_fitness,1_day,rep_1
92,1,0,22406,22406,53560,1025.21412397606,924.7021916160334,1025.21412397606,15.839191898578663,266.2930258221513,1009.3749320774812,9,rolling,losing_streak_fitness,1_day,rep_1
93,1,0,22406,22406,53560,1025.21412397606,958.6491257086424,1025.21412397606,15.839191898578663,213.5270443994202,1009.3749320774812,10,rolling,losing_streak_fitness,1_day,rep_1
94,1,0,22406,22406,53560,1025.21412397606,976.3925681889444,1025.21412397606,15.839191898578663,178.925144851119,1009.3749320774812,11,rolling,losing_streak_fitness,1_day,rep_1
95,1,0,22406,22406,53560,1025.21412397606,960.2669614551448,1025.21412397606,44.15155716393251,201.03245645462857,981.0625668121274,12,rolling,losing_streak_fitness,1_day,rep_1
96,1,0,22406,22406,53560,1025.21412397606,913.594353607438,1025.21412397606,6.92820323027551,273.15469269817726,1018.2859207457844,13,rolling,losing_streak_fitness,1_day,rep_1
97,1,0,22406,22406,53560,1025.21412397606,900.0293487353421,1025.21412397606,15.839191898578663,275.50685139702153,1009.3749320774812,14,rolling,losing_streak_fitness,1_day,rep_1
98,1,0,22406,22406,53560,1025.21412397606,966.47935483643,1025.21412397606,6.92820323027551,205.2094077035825,1018.2859207457844,15,rolling,losing_streak_fitness,1_day,rep_1
99,1,0,22406,22406,53560,1025.21412397606,936.1271762402592,1025.21412397606,6.92820323027551,261.6766684142079,1018.2859207457844,16,rolling,losing_streak_fitness,1_day,rep_1
100,1,0,22406,22406,53560,1025.21412397606,909.25043477367,1025.21412397606,6.92820323027551,281.4279006181759,1018.2859207457844,17,rolling,losing_streak_fitness,1_day,rep_1
0,2,22406,53560,53560,86986,25.238858928247925,-3671.171282548631,-1000.0,-121756.58561426746,13696.127263049422,121781.82447319572,0,rolling,losing_streak_fitness,1_day,rep_1
1,2,22406,53560,53560,86986,41.46383966783588,-671.6241624857576,-690.9001475963402,-4509.510616463831,608.7654968061586,4550.974456131667,0,rolling,losing_streak_fitness,1_day,rep_1
2,2,22406,53560,53560,86986,16.770509831248425,-408.3955994285072,-212.42645786248005,-3960.243012853752,520.9727803883795,3977.0135226850007,1,rolling,losing_streak_fitness,1_day,rep_1
3,2,22406,53560,53560,86986,52.1749194749951,-247.5976463293421,-73.93475613694177,-1810.043369646153,377.7639673957022,1862.218289121148,0,rolling,losing_streak_fitness,1_day,rep_1
4,2,22406,53560,53560,86986,75.45321398058535,-92.95342785886469,-29.70198948242075,-1000.0,236.1782764700855,1075.4532139805854,0,rolling,losing_streak_fitness,1_day,rep_1
5,2,22406,53560,53560,86986,58.09475019311125,-93.16369794068416,-17.836681084902096,-1000.0,270.2580174731032,1058.0947501931112,1,rolling,losing_streak_fitness,1_day,rep_1
6,2,22406,53560,53560,86986,102.87856919689348,-130.02394350215846,-3.9593856245439074,-1000.0,339.10461339993213,1102.8785691968935,0,rolling,losing_streak_fitness,1_day,rep_1
7,2,22406,53560,53560,86986,102.87856919689348,-94.96960422923055,-1.5874507866387544,-1000.0,304.4873071381324,1102.8785691968935,1,rolling,losing_streak_fitness,1_day,rep_1
8,2,22406,53560,53560,86986,79.82202425117741,-51.96392154011944,5.938459911664722,-1000.0,242.26479126131957,1079.8220242511777,2,rolling,losing_streak_fitness,1_day,rep_1
9,2,22406,53560,53560,86986,73.5,-130.82324944743235,6.261173937932362,-1000.0,353.4998034634282,1073.5,3,rolling,losing_streak_fitness,1_day,rep_1
10,2,22406,53560,53560,86986,103.23759005323596,-105.41269486579334,8.484524510728704,-1000.0,334.4279040814118,1103.237590053236,0,rolling,losing_streak_fitness,1_day,rep_1
11,2,22406,53560,53560,86986,101.6658128379447,-130.06593718182478,16.770509831248425,-1000.0,368.9975042959304,1101.6658128379447,1,rolling,losing_streak_fitness,1_day,rep_1
12,2,22406,53560,53560,86986,134.39680055715613,17.6303807993133,39.13118960624632,-1000.0,151.42116554482757,1134.3968005571562,0,rolling,losing_streak_fitness,1_day,rep_1
13,2,22406,53560,53560,86986,150.9064279611707,42.05253331797496,73.5,-1000.0,111.97336327266989,1150.9064279611707,0,rolling,losing_streak_fitness,1_day,rep_1
14,2,22406,53560,53560,86986,200.65579981650168,64.84579786319547,73.5,-65.96969000988257,45.92523629658329,266.62548982638424,0,rolling,losing_streak_fitness,1_day,rep_1
15,2,22406,53560,53560,86986,200.65579981650168,80.97147989671707,73.5,-118.79393923934,54.77506492352125,319.4497390558417,1,rolling,losing_streak_fitness,1_day,rep_1
16,2,22406,53560,53560,86986,200.65579981650168,105.56305862191606,119.73303637676612,-224.6735131251568,61.53595197494524,425.3293129416585,2,rolling,losing_streak_fitness,1_day,rep_1
17,2,22406,53560,53560,86986,200.65579981650168,122.5846519046618,134.39680055715613,-23.758787847868,57.09883736633928,224.4145876643697,3,rolling,losing_streak_fitness,1_day,rep_1
18,2,22406,53560,53560,86986,206.4751801064719,156.77655229518336,176.66918237202546,22.62741699796952,49.66161743470749,183.8477631085024,0,rolling,losing_streak_fitness,1_day,rep_1
19,2,22406,53560,53560,86986,200.65579981650168,181.51724342268687,200.65579981650168,-3.265986323710904,38.94502072666943,203.9217861402126,1,rolling,losing_streak_fitness,1_day,rep_1
20,2,22406,53560,53560,86986,200.65579981650168,188.43238856343575,200.65579981650168,-3.265986323710904,35.51207799865715,203.9217861402126,2,rolling,losing_streak_fitness,1_day,rep_1
21,2,22406,53560,53560,86986,200.65579981650168,185.53426205208845,200.65579981650168,-3.265986323710904,47.478598100222335,203.9217861402126,3,rolling,losing_streak_fitness,1_day,rep_1
22,2,22406,53560,53560,86986,200.65579981650168,196.20099319657697,200.65579981650168,99.75358528783704,16.777827674316086,100.90221452866464,4,rolling,losing_streak_fitness,1_day,rep_1
23,2,22406,53560,53560,86986,200.65579981650168,193.1752904382697,200.65579981650168,36.75,29.681861772346505,163.90579981650168,5,rolling,losing_streak_fitness,1_day,rep_1
24,2,22406,53560,53560,86986,200.65579981650168,191.0452270043178,200.65579981650168,-15.213070038621396,33.26359059112838,215.86886985512308,6,rolling,losing_streak_fitness,1_day,rep_1
25,2,22406,53560,53560,86986,200.65579981650168,184.08580918274876,200.65579981650168,-15.213070038621396,49.71451674709874,215.86886985512308,7,rolling,losing_streak_fitness,1_day,rep_1
26,2,22406,53560,53560,86986,200.65579981650168,192.5712813717784,200.65579981650168,-15.213070038621396,29.854169862698228,215.86886985512308,8,rolling,losing_streak_fitness,1_day,rep_1
27,2,22406,53560,53560,86986,200.65579981650168,190.7066930138139,200.65579981650168,-15.213070038621396,32.850134411000035,215.86886985512308,9,rolling,losing_streak_fitness,1_day,rep_1
28,2,22406,53560,53560,86986,200.65579981650168,190.9760180911585,200.65579981650168,-15.213070038621396,33.93021615108359,215.86886985512308,10,rolling,losing_streak_fitness,1_day,rep_1
29,2,22406,53560,53560,86986,200.65579981650168,191.8599641480726,200.65579981650168,-3.265986323710904,32.801065882022385,203.9217861402126,11,rolling,losing_streak_fitness,1_day,rep_1
30,2,22406,53560,53560,86986,200.65579981650168,187.39712193204727,200.65579981650168,-3.265986323710904,34.39189250156506,203.9217861402126,12,rolling,losing_streak_fitness,1_day,rep_1
31,2,22406,53560,53560,86986,200.65579981650168,193.32702403471504,200.65579981650168,-15.213070038621396,31.32236693959489,215.86886985512308,13,rolling,losing_streak_fitness,1_day,rep_1
32,2,22406,53560,53560,86986,200.65579981650168,197.25337682156672,200.65579981650168,-15.213070038621396,23.36263760467329,215.86886985512308,14,rolling,losing_streak_fitness,1_day,rep_1
33,2,22406,53560,53560,86986,200.65579981650168,191.3487375336452,200.65579981650168,-3.265986323710904,36.08889106352892,203.9217861402126,15,rolling,losing_streak_fitness,1_day,rep_1
34,2,22406,53560,53560,86986,200.65579981650168,191.5369265782617,200.65579981650168,-15.213070038621396,37.76887883539404,215.86886985512308,16,rolling,losing_streak_fitness,1_day,rep_1
35,2,22406,53560,53560,86986,200.65579981650168,187.09518858553997,200.65579981650168,-15.213070038621396,44.036102260247056,215.86886985512308,17,rolling,losing_streak_fitness,1_day,rep_1
36,2,22406,53560,53560,86986,200.65579981650168,186.96120067432813,200.65579981650168,36.75,34.70185056004829,163.90579981650168,18,rolling,losing_streak_fitness,1_day,rep_1
37,2,22406,53560,53560,86986,200.65579981650168,191.9319417678568,200.65579981650168,-15.213070038621396,37.38581859304265,215.86886985512308,19,rolling,losing_streak_fitness,1_day,rep_1
38,2,22406,53560,53560,86986,200.65579981650168,188.25996621966272,200.65579981650168,-3.265986323710904,35.73448086117545,203.9217861402126,20,rolling,losing_streak_fitness,1_day,rep_1
39,2,22406,53560,53560,86986,200.65579981650168,191.35056854390493,200.65579981650168,-15.213070038621396,33.75431844395441,215.86886985512308,21,rolling,losing_streak_fitness,1_day,rep_1
40,2,22406,53560,53560,86986,200.65579981650168,196.0762519982344,200.65579981650168,99.75358528783704,18.709136154206146,100.90221452866464,22,rolling,losing_streak_fitness,1_day,rep_1
41,2,22406,53560,53560,86986,200.65579981650168,183.5923942572378,200.65579981650168,-15.213070038621396,45.96221007035509,215.86886985512308,23,rolling,losing_streak_fitness,1_day,rep_1
42,2,22406,53560,53560,86986,200.65579981650168,191.475246320538,200.65579981650168,-15.213070038621396,34.990196909003984,215.86886985512308,24,rolling,losing_streak_fitness,1_day,rep_1
43,2,22406,53560,53560,86986,200.65579981650168,189.8311035117012,200.65579981650168,75.45321398058535,30.197834654473624,125.20258583591634,25,rolling,losing_streak_fitness,1_day,rep_1
44,2,22406,53560,53560,86986,200.65579981650168,191.06698583512127,200.65579981650168,-3.265986323710904,36.083484676990885,203.9217861402126,26,rolling,losing_streak_fitness,1_day,rep_1
45,2,22406,53560,53560,86986,200.65579981650168,192.13427622127037,200.65579981650168,36.75,28.84016210829509,163.90579981650168,27,rolling,losing_streak_fitness,1_day,rep_1
46,2,22406,53560,53560,86986,200.65579981650168,187.9592193976114,200.65579981650168,-3.265986323710904,42.67698882264146,203.9217861402126,28,rolling,losing_streak_fitness,1_day,rep_1
47,2,22406,53560,53560,86986,200.65579981650168,192.8324522776056,200.65579981650168,-15.213070038621396,31.647805853067627,215.86886985512308,29,rolling,losing_streak_fitness,1_day,rep_1
48,2,22406,53560,53560,86986,200.65579981650168,188.58343889915452,200.65579981650168,36.75,34.201477555388315,163.90579981650168,30,rolling,losing_streak_fitness,1_day,rep_1
49,2,22406,53560,53560,86986,200.65579981650168,188.46599282014296,200.65579981650168,-3.265986323710904,38.55183801956461,203.9217861402126,31,rolling,losing_streak_fitness,1_day,rep_1
50,2,22406,53560,53560,86986,200.65579981650168,189.84068453058435,200.65579981650168,-3.265986323710904,38.95921199085629,203.9217861402126,32,rolling,losing_streak_fitness,1_day,rep_1
51,2,22406,53560,53560,86986,200.65579981650168,185.7409636254848,200.65579981650168,-15.213070038621396,44.15908931669751,215.86886985512308,33,rolling,losing_streak_fitness,1_day,rep_1
52,2,22406,53560,53560,86986,200.65579981650168,194.13434414534612,200.65579981650168,-15.213070038621396,27.626222282642896,215.86886985512308,34,rolling,losing_streak_fitness,1_day,rep_1
53,2,22406,53560,53560,86986,200.65579981650168,192.1328907333202,200.65579981650168,-15.213070038621396,34.09564978969386,215.86886985512308,35,rolling,losing_streak_fitness,1_day,rep_1
54,2,22406,53560,53560,86986,200.65579981650168,191.3435082061405,200.65579981650168,36.75,31.509237740643904,163.90579981650168,36,rolling,losing_streak_fitness,1_day,rep_1
55,2,22406,53560,53560,86986,200.65579981650168,188.312784500326,200.65579981650168,-3.265986323710904,36.59725101082194,203.9217861402126,37,rolling,losing_streak_fitness,1_day,rep_1
56,2,22406,53560,53560,86986,200.65579981650168,193.58850642822404,200.65579981650168,-15.213070038621396,30.89160429711917,215.86886985512308,38,rolling,losing_streak_fitness,1_day,rep_1
57,2,22406,53560,53560,86986,200.65579981650168,187.6009858574536,200.65579981650168,-15.213070038621396,39.839599760398094,215.86886985512308,39,rolling,losing_streak_fitness,1_day,rep_1
58,2,22406,53560,53560,86986,200.65579981650168,187.2519399795893,200.65579981650168,-15.213070038621396,42.3856610629085,215.86886985512308,40,rolling,losing_streak_fitness,1_day,rep_1
59,2,22406,53560,53560,86986,200.65579981650168,186.68002606258065,200.65579981650168,-3.265986323710904,36.13623088768976,203.9217861402126,41,rolling,losing_streak_fitness,1_day,rep_1
60,2,22406,53560,53560,86986,200.65579981650168,194.02745799104432,200.65579981650168,36.75,25.94008146820056,163.90579981650168,42,rolling,losing_streak_fitness,1_day,rep_1
61,2,22406,53560,53560,86986,200.65579981650168,191.09354845971427,200.65579981650168,-3.265986323710904,35.357917815730794,203.9217861402126,43,rolling,losing_streak_fitness,1_day,rep_1
62,2,22406,53560,53560,86986,200.65579981650168,192.6824978753731,200.65579981650168,-15.213070038621396,32.848673735302334,215.86886985512308,44,rolling,losing_streak_fitness,1_day,rep_1
63,2,22406,53560,53560,86986,200.65579981650168,192.1258013078805,200.65579981650168,-15.213070038621396,33.589696193551234,215.86886985512308,45,rolling,losing_streak_fitness,1_day,rep_1
64,2,22406,53560,53560,86986,200.65579981650168,193.35623569157823,200.65579981650168,75.45321398058535,24.41679898527474,125.20258583591634,46,rolling,losing_streak_fitness,1_day,rep_1
65,2,22406,53560,53560,86986,200.65579981650168,190.62989027172128,200.65579981650168,-15.213070038621396,33.47146889620803,215.86886985512308,47,rolling,losing_streak_fitness,1_day,rep_1
66,2,22406,53560,53560,86986,200.65579981650168,189.5893402876048,200.65579981650168,36.75,34.85726719327813,163.90579981650168,48,rolling,losing_streak_fitness,1_day,rep_1
67,2,22406,53560,53560,86986,200.65579981650168,189.85639006958,200.65579981650168,-15.213070038621396,42.84668836034445,215.86886985512308,49,rolling,losing_streak_fitness,1_day,rep_1
68,2,22406,53560,53560,86986,200.65579981650168,192.1914439936384,200.65579981650168,59.86651818838306,28.44753120238441,140.78928162811863,50,rolling,losing_streak_fitness,1_day,rep_1
69,2,22406,53560,53560,86986,200.65579981650168,187.77601388623916,200.65579981650168,-3.265986323710904,38.54742128258149,203.9217861402126,51,rolling,losing_streak_fitness,1_day,rep_1
70,2,22406,53560,53560,86986,200.65579981650168,189.8521239957049,200.65579981650168,-15.213070038621396,36.94250261301286,215.86886985512308,52,rolling,losing_streak_fitness,1_day,rep_1
71,2,22406,53560,53560,86986,200.65579981650168,186.96145980090247,200.65579981650168,-15.213070038621396,43.383022136042655,215.86886985512308,53,rolling,losing_streak_fitness,1_day,rep_1
72,2,22406,53560,53560,86986,200.65579981650168,195.24211349191603,200.65579981650168,-3.265986323710904,26.97888889281264,203.9217861402126,54,rolling,losing_streak_fitness,1_day,rep_1
73,2,22406,53560,53560,86986,200.65579981650168,186.9321629504847,200.65579981650168,-15.213070038621396,44.4947040214595,215.86886985512308,55,rolling,losing_streak_fitness,1_day,rep_1
74,2,22406,53560,53560,86986,200.65579981650168,183.08633853677304,200.65579981650168,-15.213070038621396,45.23523442305622,215.86886985512308,56,rolling,losing_streak_fitness,1_day,rep_1
75,2,22406,53560,53560,86986,200.65579981650168,190.9640983566127,200.65579981650168,-15.213070038621396,36.33306999504848,215.86886985512308,57,rolling,losing_streak_fitness,1_day,rep_1
76,2,22406,53560,53560,86986,200.65579981650168,193.83016368885157,200.65579981650168,36.75,26.231934993204675,163.90579981650168,58,rolling,losing_streak_fitness,1_day,rep_1
77,2,22406,53560,53560,86986,200.65579981650168,188.13346010566292,200.65579981650168,-15.213070038621396,46.03754941968333,215.86886985512308,59,rolling,losing_streak_fitness,1_day,rep_1
78,2,22406,53560,53560,86986,200.65579981650168,191.4227665559448,200.65579981650168,-3.265986323710904,32.79783669163661,203.9217861402126,60,rolling,losing_streak_fitness,1_day,rep_1
79,2,22406,53560,53560,86986,200.65579981650168,195.4055419094203,200.65579981650168,-3.265986323710904,27.905671928622805,203.9217861402126,61,rolling,losing_streak_fitness,1_day,rep_1
80,2,22406,53560,53560,86986,200.65579981650168,186.68801616414856,200.65579981650168,-15.213070038621396,41.89462183962642,215.86886985512308,62,rolling,losing_streak_fitness,1_day,rep_1
81,2,22406,53560,53560,86986,200.65579981650168,195.26777894956567,200.65579981650168,-15.213070038621396,25.237835935964945,215.86886985512308,63,rolling,losing_streak_fitness,1_day,rep_1
82,2,22406,53560,53560,86986,200.65579981650168,189.4361246333432,200.65579981650168,-15.213070038621396,43.32983138543587,215.86886985512308,64,rolling,losing_streak_fitness,1_day,rep_1
83,2,22406,53560,53560,86986,200.65579981650168,191.34867489011,200.65579981650168,-15.213070038621396,36.19333344836181,215.86886985512308,65,rolling,losing_streak_fitness,1_day,rep_1
84,2,22406,53560,53560,86986,200.65579981650168,182.89823745043915,200.65579981650168,-15.213070038621396,49.78976932434922,215.86886985512308,66,rolling,losing_streak_fitness,1_day,rep_1
85,2,22406,53560,53560,86986,200.65579981650168,188.67715591196156,200.65579981650168,-15.213070038621396,39.34724210193021,215.86886985512308,67,rolling,losing_streak_fitness,1_day,rep_1
86,2,22406,53560,53560,86986,200.65579981650168,194.70963466353697,200.65579981650168,-15.213070038621396,25.664601337443028,215.86886985512308,68,rolling,losing_streak_fitness,1_day,rep_1
87,2,22406,53560,53560,86986,200.65579981650168,187.83660909305257,200.65579981650168,-15.213070038621396,45.26577836884026,215.86886985512308,69,rolling,losing_streak_fitness,1_day,rep_1
88,2,22406,53560,53560,86986,200.65579981650168,191.441229256572,200.65579981650168,-15.213070038621396,38.2550856218655,215.86886985512308,70,rolling,losing_streak_fitness,1_day,rep_1
89,2,22406,53560,53560,86986,200.65579981650168,189.1922742418949,200.65579981650168,-15.213070038621396,39.46913660856693,215.86886985512308,71,rolling,losing_streak_fitness,1_day,rep_1
90,2,22406,53560,53560,86986,200.65579981650168,191.69481233561064,200.65579981650168,-3.265986323710904,34.030907400971586,203.9217861402126,72,rolling,losing_streak_fitness,1_day,rep_1
91,2,22406,53560,53560,86986,200.65579981650168,188.74504867723624,200.65579981650168,-15.213070038621396,36.67905269594688,215.86886985512308,73,rolling,losing_streak_fitness,1_day,rep_1
92,2,22406,53560,53560,86986,200.65579981650168,191.9648216888104,200.65579981650168,-15.213070038621396,37.830317714324266,215.86886985512308,74,rolling,losing_streak_fitness,1_day,rep_1
93,2,22406,53560,53560,86986,200.65579981650168,186.2591125937245,200.65579981650168,-15.213070038621396,47.04819973653902,215.86886985512308,75,rolling,losing_streak_fitness,1_day,rep_1
94,2,22406,53560,53560,86986,200.65579981650168,183.7290847610321,200.65579981650168,-15.213070038621396,49.43238428660045,215.86886985512308,76,rolling,losing_streak_fitness,1_day,rep_1
95,2,22406,53560,53560,86986,200.65579981650168,179.75151300126694,200.65579981650168,-15.213070038621396,58.90002364123396,215.86886985512308,77,rolling,losing_streak_fitness,1_day,rep_1
96,2,22406,53560,53560,86986,200.65579981650168,186.49018011428416,200.65579981650168,-15.213070038621396,43.4121015694886,215.86886985512308,78,rolling,losing_streak_fitness,1_day,rep_1
97,2,22406,53560,53560,86986,200.65579981650168,181.5352568505306,200.65579981650168,-15.213070038621396,55.184152789266456,215.86886985512308,79,rolling,losing_streak_fitness,1_day,rep_1
98,2,22406,53560,53560,86986,200.65579981650168,185.64727448537596,200.65579981650168,-15.213070038621396,44.907541923261135,215.86886985512308,80,rolling,losing_streak_fitness,1_day,rep_1
99,2,22406,53560,53560,86986,442.7188724235732,189.40475711505977,200.65579981650168,-3.265986323710904,46.36955226900514,445.984858747284,0,rolling,losing_streak_fitness,1_day,rep_1
100,2,22406,53560,53560,86986,442.7188724235732,201.30053954679263,200.65579981650168,18.0,58.55204010543442,424.7188724235732,1,rolling,losing_streak_fitness,1_day,rep_1
0,3,53560,86986,86986,125287,725.0489638638206,-4811.266988684854,-1000.0,-149673.43299971442,17171.596968593036,150398.48196357823,0,rolling,losing_streak_fitness,1_day,rep_1
1,3,53560,86986,86986,125287,212.42645786248,-1065.6345369952455,-537.2874788429135,-18986.492906508272,2775.982111159357,19198.91936437075,1,rolling,losing_streak_fitness,1_day,rep_1
2,3,53560,86986,86986,125287,212.42645786248,-496.5947440349932,-330.0775808935657,-2607.935198581437,545.0121536194657,2820.361656443917,2,rolling,losing_streak_fitness,1_day,rep_1
3,3,53560,86986,86986,125287,212.42645786248,-432.84135645923647,-151.7824917266789,-7424.566968292944,936.9738485835215,7636.993426155424,3,rolling,losing_streak_fitness,1_day,rep_1
4,3,53560,86986,86986,125287,234.78713763747797,-225.03555225048524,-39.06209916061171,-1702.2361835806917,434.4374113060844,1937.0233212181697,4,rolling,losing_streak_fitness,1_day,rep_1
5,3,53560,86986,86986,125287,301.8691769624716,-56.44938032789124,69.17679093750084,-1000.0,350.19521503723774,1301.8691769624716,5,rolling,losing_streak_fitness,1_day,rep_1
6,3,53560,86986,86986,125287,301.8691769624716,85.60077709695862,161.66632302368973,-1000.0,265.0414294892224,1301.8691769624716,6,rolling,losing_streak_fitness,1_day,rep_1
7,3,53560,86986,86986,125287,301.8691769624716,173.5228017425973,212.42645786248,-1000.0,176.85840731437418,1301.8691769624716,7,rolling,losing_streak_fitness,1_day,rep_1
8,3,53560,86986,86986,125287,324.2298567374695,126.9152053833488,234.78713763747797,-1000.0,335.1441497295248,1324.2298567374696,8,rolling,losing_streak_fitness,1_day,rep_1
9,3,53560,86986,86986,125287,324.2298567374695,142.57415883736851,234.78713763747797,-1000.0,318.3857748052941,1324.2298567374696,9,rolling,losing_streak_fitness,1_day,rep_1
10,3,53560,86986,86986,125287,301.8691769624716,109.02463232869992,234.78713763747797,-1000.0,374.9993980348815,1301.8691769624716,10,rolling,losing_streak_fitness,1_day,rep_1
11,3,53560,86986,86986,125287,324.2298567374695,102.12045422676832,234.78713763747797,-1000.0,411.0853155542013,1324.2298567374696,11,rolling,losing_streak_fitness,1_day,rep_1
12,3,53560,86986,86986,125287,324.2298567374695,125.32592986264504,279.5084971874737,-1000.0,400.33786854855913,1324.2298567374696,12,rolling,losing_streak_fitness,1_day,rep_1
13,3,53560,86986,86986,125287,324.2298567374695,244.33711946889147,279.5084971874737,-1000.0,225.07697818913476,1324.2298567374696,13,rolling,losing_streak_fitness,1_day,rep_1
14,3,53560,86986,86986,125287,324.2298567374695,254.91921406005676,301.8691769624716,-1000.0,228.12438982026305,1324.2298567374696,14,rolling,losing_streak_fitness,1_day,rep_1
15,3,53560,86986,86986,125287,324.2298567374695,239.15747855346703,324.2298567374695,-1000.0,290.9209232110896,1324.2298567374696,15,rolling,losing_streak_fitness,1_day,rep_1
16,3,53560,86986,86986,125287,324.2298567374695,267.98805783674266,324.2298567374695,-1000.0,234.74710892173556,1324.2298567374696,16,rolling,losing_streak_fitness,1_day,rep_1
17,3,53560,86986,86986,125287,324.2298567374695,249.9020649461223,324.2298567374695,-1000.0,291.9966382705927,1324.2298567374696,17,rolling,losing_streak_fitness,1_day,rep_1
18,3,53560,86986,86986,125287,324.2298567374695,252.55451766254075,324.2298567374695,-1000.0,290.911857955694,1324.2298567374696,18,rolling,losing_streak_fitness,1_day,rep_1
19,3,53560,86986,86986,125287,324.2298567374695,293.51125075228987,324.2298567374695,-1000.0,188.78490267124812,1324.2298567374696,19,rolling,losing_streak_fitness,1_day,rep_1
20,3,53560,86986,86986,125287,324.2298567374695,282.20431376891764,324.2298567374695,-1000.0,227.79082436445668,1324.2298567374696,20,rolling,losing_streak_fitness,1_day,rep_1
21,3,53560,86986,86986,125287,324.2298567374695,274.44639370612475,324.2298567374695,-1000.0,231.37246622335903,1324.2298567374696,21,rolling,losing_streak_fitness,1_day,rep_1
22,3,53560,86986,86986,125287,324.2298567374695,268.3537740972213,324.2298567374695,-1000.0,260.5816181641137,1324.2298567374696,22,rolling,losing_streak_fitness,1_day,rep_1
23,3,53560,86986,86986,125287,324.2298567374695,299.2555929714561,324.2298567374695,-1000.0,142.98973386094335,1324.2298567374696,23,rolling,losing_streak_fitness,1_day,rep_1
24,3,53560,86986,86986,125287,324.2298567374695,256.56491971522155,324.2298567374695,-1000.0,289.9006133622351,1324.2298567374696,24,rolling,losing_streak_fitness,1_day,rep_1
25,3,53560,86986,86986,125287,324.2298567374695,276.81655418090645,324.2298567374695,-1000.0,229.57922664692703,1324.2298567374696,25,rolling,losing_streak_fitness,1_day,rep_1
26,3,53560,86986,86986,125287,324.2298567374695,302.56988795149647,324.2298567374695,-1000.0,141.19329084999725,1324.2298567374696,26,rolling,losing_streak_fitness,1_day,rep_1
27,3,53560,86986,86986,125287,324.2298567374695,293.5753202488461,324.2298567374695,-1000.0,188.0842303808787,1324.2298567374696,27,rolling,losing_streak_fitness,1_day,rep_1
28,3,53560,86986,86986,125287,324.2298567374695,263.3740788026416,324.2298567374695,-1000.0,262.7342401274042,1324.2298567374696,28,rolling,losing_streak_fitness,1_day,rep_1
29,3,53560,86986,86986,125287,324.2298567374695,266.9266334298386,324.2298567374695,-1000.0,262.36536144959405,1324.2298567374696,29,rolling,losing_streak_fitness,1_day,rep_1
30,3,53560,86986,86986,125287,324.2298567374695,250.7170968547352,324.2298567374695,-1000.0,291.5941100136975,1324.2298567374696,30,rolling,losing_streak_fitness,1_day,rep_1
31,3,53560,86986,86986,125287,324.2298567374695,242.18251811280047,324.2298567374695,-1000.0,315.9114086283666,1324.2298567374696,31,rolling,losing_streak_fitness,1_day,rep_1
32,3,53560,86986,86986,125287,324.2298567374695,297.14834094456967,324.2298567374695,-1000.0,143.36891667003695,1324.2298567374696,32,rolling,losing_streak_fitness,1_day,rep_1
33,3,53560,86986,86986,125287,324.2298567374695,247.4887555610332,324.2298567374695,-1000.0,292.3881019025369,1324.2298567374696,33,rolling,losing_streak_fitness,1_day,rep_1
34,3,53560,86986,86986,125287,324.2298567374695,271.3531578554076,324.2298567374695,-1000.0,231.92217948537447,1324.2298567374696,34,rolling,losing_streak_fitness,1_day,rep_1
35,3,53560,86986,86986,125287,324.2298567374695,277.7651393170725,324.2298567374695,-1000.0,229.49495225664631,1324.2298567374696,35,rolling,losing_streak_fitness,1_day,rep_1
36,3,53560,86986,86986,125287,324.2298567374695,279.34379703560904,324.2298567374695,-1000.0,229.16053781080456,1324.2298567374696,36,rolling,losing_streak_fitness,1_day,rep_1
37,3,53560,86986,86986,125287,324.2298567374695,256.4531163163465,324.2298567374695,-1000.0,289.8807646407775,1324.2298567374696,37,rolling,losing_streak_fitness,1_day,rep_1
38,3,53560,86986,86986,125287,324.2298567374695,286.4072908790852,324.2298567374695,-1000.0,192.5551308760201,1324.2298567374696,38,rolling,losing_streak_fitness,1_day,rep_1
39,3,53560,86986,86986,125287,324.2298567374695,271.6990619773747,324.2298567374695,-1000.0,231.79128866054845,1324.2298567374696,39,rolling,losing_streak_fitness,1_day,rep_1
40,3,53560,86986,86986,125287,324.2298567374695,302.2683512252388,324.2298567374695,-1000.0,136.7074730194719,1324.2298567374696,40,rolling,losing_streak_fitness,1_day,rep_1
41,3,53560,86986,86986,125287,324.2298567374695,283.9439440409709,324.2298567374695,-1000.0,226.98248195311055,1324.2298567374696,41,rolling,losing_streak_fitness,1_day,rep_1
42,3,53560,86986,86986,125287,324.2298567374695,294.1820711455398,324.2298567374695,-1000.0,188.8003205155879,1324.2298567374696,42,rolling,losing_streak_fitness,1_day,rep_1
43,3,53560,86986,86986,125287,324.2298567374695,303.3730219456518,324.2298567374695,-1000.0,137.78012078964122,1324.2298567374696,43,rolling,losing_streak_fitness,1_day,rep_1
44,3,53560,86986,86986,125287,324.2298567374695,277.4612090097052,324.2298567374695,-1000.0,229.76343662539267,1324.2298567374696,44,rolling,losing_streak_fitness,1_day,rep_1
45,3,53560,86986,86986,125287,324.2298567374695,235.1372166390075,324.2298567374695,-1000.0,317.90736097802414,1324.2298567374696,45,rolling,losing_streak_fitness,1_day,rep_1
46,3,53560,86986,86986,125287,324.2298567374695,294.70449878679943,324.2298567374695,-1000.0,186.9171706442134,1324.2298567374696,46,rolling,losing_streak_fitness,1_day,rep_1
47,3,53560,86986,86986,125287,324.2298567374695,212.4159847723293,324.2298567374695,-1000.0,361.4114015749909,1324.2298567374696,47,rolling,losing_streak_fitness,1_day,rep_1
48,3,53560,86986,86986,125287,324.2298567374695,293.06403715678994,324.2298567374695,-1000.0,188.87135947427436,1324.2298567374696,48,rolling,losing_streak_fitness,1_day,rep_1
49,3,53560,86986,86986,125287,324.2298567374695,302.97346732383585,324.2298567374695,-1000.0,140.27286399232784,1324.2298567374696,49,rolling,losing_streak_fitness,1_day,rep_1
50,3,53560,86986,86986,125287,324.2298567374695,224.81365773240336,324.2298567374695,-1000.0,340.0386754731734,1324.2298567374696,50,rolling,losing_streak_fitness,1_day,rep_1
51,3,53560,86986,86986,125287,324.2298567374695,306.9027939359478,324.2298567374695,-1000.0,135.9346436630021,1324.2298567374696,51,rolling,losing_streak_fitness,1_day,rep_1
52,3,53560,86986,86986,125287,324.2298567374695,241.7353045173004,324.2298567374695,-1000.0,315.90567661103995,1324.2298567374696,52,rolling,losing_streak_fitness,1_day,rep_1
53,3,53560,86986,86986,125287,324.2298567374695,281.9314828612212,324.2298567374695,-1000.0,226.8907959894373,1324.2298567374696,53,rolling,losing_streak_fitness,1_day,rep_1
54,3,53560,86986,86986,125287,324.2298567374695,281.4357028399154,324.2298567374695,-1000.0,228.01883930452087,1324.2298567374696,54,rolling,losing_streak_fitness,1_day,rep_1
55,3,53560,86986,86986,125287,324.2298567374695,278.8310110702907,324.2298567374695,-1000.0,229.26733737140452,1324.2298567374696,55,rolling,losing_streak_fitness,1_day,rep_1
56,3,53560,86986,86986,125287,324.2298567374695,243.54622794559685,324.2298567374695,-1000.0,315.89456886732046,1324.2298567374696,56,rolling,losing_streak_fitness,1_day,rep_1
57,3,53560,86986,86986,125287,324.2298567374695,251.45185584490252,324.2298567374695,-1000.0,290.86317758163085,1324.2298567374696,57,rolling,losing_streak_fitness,1_day,rep_1
58,3,53560,86986,86986,125287,324.2298567374695,263.54962304401806,324.2298567374695,-1000.0,262.7108795918344,1324.2298567374696,58,rolling,losing_streak_fitness,1_day,rep_1
59,3,53560,86986,86986,125287,324.2298567374695,276.1841879507676,324.2298567374695,-1000.0,230.39768150395813,1324.2298567374696,59,rolling,losing_streak_fitness,1_day,rep_1
60,3,53560,86986,86986,125287,324.2298567374695,284.7828555300644,324.2298567374695,-1000.0,193.386108774159,1324.2298567374696,60,rolling,losing_streak_fitness,1_day,rep_1
61,3,53560,86986,86986,125287,324.2298567374695,226.77544472416884,324.2298567374695,-1000.0,339.27573698244794,1324.2298567374696,61,rolling,losing_streak_fitness,1_day,rep_1
62,3,53560,86986,86986,125287,324.2298567374695,306.80226598591497,324.2298567374695,-1000.0,134.92829964974706,1324.2298567374696,62,rolling,losing_streak_fitness,1_day,rep_1
63,3,53560,86986,86986,125287,324.2298567374695,266.6168812394486,324.2298567374695,-1000.0,261.95305431469575,1324.2298567374696,63,rolling,losing_streak_fitness,1_day,rep_1
64,3,53560,86986,86986,125287,324.2298567374695,305.1031459564936,324.2298567374695,-1000.0,135.62492965115095,1324.2298567374696,64,rolling,losing_streak_fitness,1_day,rep_1
65,3,53560,86986,86986,125287,324.2298567374695,254.86579968580017,324.2298567374695,-1000.0,289.9805185907135,1324.2298567374696,65,rolling,losing_streak_fitness,1_day,rep_1
66,3,53560,86986,86986,125287,324.2298567374695,251.9308681384636,324.2298567374695,-1000.0,291.1017148781948,1324.2298567374696,66,rolling,losing_streak_fitness,1_day,rep_1
67,3,53560,86986,86986,125287,324.2298567374695,276.68011821251787,324.2298567374695,-1000.0,229.5710804867765,1324.2298567374696,67,rolling,losing_streak_fitness,1_day,rep_1
68,3,53560,86986,86986,125287,324.2298567374695,271.15726947308866,324.2298567374695,-1000.0,232.63726545539137,1324.2298567374696,68,rolling,losing_streak_fitness,1_day,rep_1
69,3,53560,86986,86986,125287,324.2298567374695,291.8627769860003,324.2298567374695,-1000.0,189.3516842915305,1324.2298567374696,69,rolling,losing_streak_fitness,1_day,rep_1
70,3,53560,86986,86986,125287,324.2298567374695,241.37782527437903,324.2298567374695,-1000.0,316.11279387319115,1324.2298567374696,70,rolling,losing_streak_fitness,1_day,rep_1
71,3,53560,86986,86986,125287,324.2298567374695,292.8670779789938,324.2298567374695,-1000.0,188.2521536921787,1324.2298567374696,71,rolling,losing_streak_fitness,1_day,rep_1
72,3,53560,86986,86986,125287,324.2298567374695,273.8127338739646,324.2298567374695,-1000.0,230.61247856108156,1324.2298567374696,72,rolling,losing_streak_fitness,1_day,rep_1
73,3,53560,86986,86986,125287,324.2298567374695,253.7536270918596,324.2298567374695,-1000.0,291.3205049683024,1324.2298567374696,73,rolling,losing_streak_fitness,1_day,rep_1
74,3,53560,86986,86986,125287,324.2298567374695,269.9190216814713,324.2298567374695,-1000.0,260.62032009608834,1324.2298567374696,74,rolling,losing_streak_fitness,1_day,rep_1
75,3,53560,86986,86986,125287,324.2298567374695,291.277262612116,324.2298567374695,-1000.0,190.25842769470103,1324.2298567374696,75,rolling,losing_streak_fitness,1_day,rep_1
76,3,53560,86986,86986,125287,324.2298567374695,258.4073243799092,324.2298567374695,-1000.0,263.7025843914726,1324.2298567374696,76,rolling,losing_streak_fitness,1_day,rep_1
77,3,53560,86986,86986,125287,324.2298567374695,283.720337243221,324.2298567374695,-1000.0,226.9534064996852,1324.2298567374696,77,rolling,losing_streak_fitness,1_day,rep_1
78,3,53560,86986,86986,125287,324.2298567374695,241.86917696247176,324.2298567374695,-1000.0,315.6471646650856,1324.2298567374696,78,rolling,losing_streak_fitness,1_day,rep_1
79,3,53560,86986,86986,125287,324.2298567374695,252.74094120514084,324.2298567374695,-1000.0,291.260338371091,1324.2298567374696,79,rolling,losing_streak_fitness,1_day,rep_1
80,3,53560,86986,86986,125287,324.2298567374695,307.8349939552992,324.2298567374695,-1000.0,133.51126951465704,1324.2298567374696,80,rolling,losing_streak_fitness,1_day,rep_1
81,3,53560,86986,86986,125287,324.2298567374695,294.3285783475424,324.2298567374695,-1000.0,187.3283341986176,1324.2298567374696,81,rolling,losing_streak_fitness,1_day,rep_1
82,3,53560,86986,86986,125287,324.2298567374695,283.496730445471,324.2298567374695,-1000.0,227.0353592954907,1324.2298567374696,82,rolling,losing_streak_fitness,1_day,rep_1
83,3,53560,86986,86986,125287,324.2298567374695,239.35938996433865,324.2298567374695,-1000.0,316.8505065689577,1324.2298567374696,83,rolling,losing_streak_fitness,1_day,rep_1
84,3,53560,86986,86986,125287,324.2298567374695,284.1959767296012,324.2298567374695,-1000.0,193.7899734005592,1324.2298567374696,84,rolling,losing_streak_fitness,1_day,rep_1
85,3,53560,86986,86986,125287,324.2298567374695,241.3101599680969,324.2298567374695,-1000.0,315.53330947789385,1324.2298567374696,85,rolling,losing_streak_fitness,1_day,rep_1
86,3,53560,86986,86986,125287,324.2298567374695,272.108366584021,324.2298567374695,-1000.0,232.12747460948293,1324.2298567374696,86,rolling,losing_streak_fitness,1_day,rep_1
87,3,53560,86986,86986,125287,324.2298567374695,295.7327984229707,324.2298567374695,-1000.0,186.22271866338608,1324.2298567374696,87,rolling,losing_streak_fitness,1_day,rep_1
88,3,53560,86986,86986,125287,324.2298567374695,251.76924672760745,324.2298567374695,-1000.0,291.9553021840274,1324.2298567374696,88,rolling,losing_streak_fitness,1_day,rep_1
89,3,53560,86986,86986,125287,324.2298567374695,254.7134860442932,324.2298567374695,-1000.0,290.25648324472894,1324.2298567374696,89,rolling,losing_streak_fitness,1_day,rep_1
90,3,53560,86986,86986,125287,324.2298567374695,237.438208934245,324.2298567374695,-1000.0,316.0739379969614,1324.2298567374696,90,rolling,losing_streak_fitness,1_day,rep_1
91,3,53560,86986,86986,125287,324.2298567374695,267.63438727816566,324.2298567374695,-1000.0,261.5185930123374,1324.2298567374696,91,rolling,losing_streak_fitness,1_day,rep_1
92,3,53560,86986,86986,125287,324.2298567374695,289.11498652719064,324.2298567374695,-1000.0,189.3827889504933,1324.2298567374696,92,rolling,losing_streak_fitness,1_day,rep_1
93,3,53560,86986,86986,125287,324.2298567374695,268.0675880105429,324.2298567374695,-1000.0,261.2036359438565,1324.2298567374696,93,rolling,losing_streak_fitness,1_day,rep_1
94,3,53560,86986,86986,125287,324.2298567374695,281.37246586684614,324.2298567374695,-1000.0,227.0157415714227,1324.2298567374696,94,rolling,losing_streak_fitness,1_day,rep_1
95,3,53560,86986,86986,125287,324.2298567374695,249.47532644131337,324.2298567374695,-1000.0,292.09680767840604,1324.2298567374696,95,rolling,losing_streak_fitness,1_day,rep_1
96,3,53560,86986,86986,125287,324.2298567374695,308.61761774742416,324.2298567374695,-1000.0,133.35532400436145,1324.2298567374696,96,rolling,losing_streak_fitness,1_day,rep_1
97,3,53560,86986,86986,125287,324.2298567374695,269.36000468709625,324.2298567374695,-1000.0,260.71761471212386,1324.2298567374696,97,rolling,losing_streak_fitness,1_day,rep_1
98,3,53560,86986,86986,125287,324.2298567374695,296.06073921045737,324.2298567374695,-1000.0,144.6554241172251,1324.2298567374696,98,rolling,losing_streak_fitness,1_day,rep_1
99,3,53560,86986,86986,125287,324.2298567374695,258.5852835366327,324.2298567374695,-1000.0,264.28128942029923,1324.2298567374696,99,rolling,losing_streak_fitness,1_day,rep_1
100,3,53560,86986,86986,125287,324.2298567374695,292.90967027450915,324.2298567374695,-1000.0,188.6294365816348,1324.2298567374696,100,rolling,losing_streak_fitness,1_day,rep_1
0,4,86986,125287,125287,130699,399.2668280736581,-5469.232001670704,-1000.0,-87745.32214454512,13494.341753690367,88144.58897261877,0,rolling,losing_streak_fitness,1_day,rep_1
1,4,86986,125287,125287,130699,283.5,-548.0127970119352,-293.33355226958946,-6074.795844763473,889.6318660928282,6358.295844763473,1,rolling,losing_streak_fitness,1_day,rep_1
2,4,86986,125287,125287,130699,404.4650788387052,-185.3764425325409,1.411067365901115,-2104.760659100879,429.04673931278944,2509.225737939584,0,rolling,losing_streak_fitness,1_day,rep_1
3,4,86986,125287,125287,130699,815.8896984274284,20.968939026385705,78.64839427474018,-1000.0,330.0699663433109,1815.8896984274284,0,rolling,losing_streak_fitness,1_day,rep_1
4,4,86986,125287,125287,130699,815.8896984274284,90.9087485512108,133.44530184882456,-1000.0,268.00123072486946,1815.8896984274284,1,rolling,losing_streak_fitness,1_day,rep_1
5,4,86986,125287,125287,130699,403.5,130.8902824646109,143.30547791344196,-1300.9801623068852,221.83079659870236,1704.4801623068852,2,rolling,losing_streak_fitness,1_day,rep_1
6,4,86986,125287,125287,130699,749.5572026203204,205.28287328414208,192.43902628598903,-333.3841028003585,144.8463079757937,1082.9413054206789,3,rolling,losing_streak_fitness,1_day,rep_1
7,4,86986,125287,125287,130699,815.8896984274284,273.4011111929589,268.98509829588863,-324.7595264191645,170.7131000873844,1140.649224846593,4,rolling,losing_streak_fitness,1_day,rep_1
8,4,86986,125287,125287,130699,815.8896984274284,310.473451512013,309.75,-148.33904483386098,192.90825947570704,964.2287432612892,5,rolling,losing_streak_fitness,1_day,rep_1
9,4,86986,125287,125287,130699,815.8896984274284,410.5972091138764,366.0,32.41967771213311,206.72804081144704,783.4700207152953,6,rolling,losing_streak_fitness,1_day,rep_1
10,4,86986,125287,125287,130699,815.8896984274284,491.9262901718532,403.5,-7.824607964359516,226.57163542416595,823.7143063917879,7,rolling,losing_streak_fitness,1_day,rep_1
11,4,86986,125287,125287,130699,815.8896984274284,625.4717983428784,815.8896984274284,95.4,230.7413513753322,720.4896984274284,8,rolling,losing_streak_fitness,1_day,rep_1
12,4,86986,125287,125287,130699,815.8896984274284,732.1082993691674,815.8896984274284,115.95018087284058,192.60483522916692,699.9395175545878,9,rolling,losing_streak_fitness,1_day,rep_1
13,4,86986,125287,125287,130699,815.8896984274284,748.4320860567648,815.8896984274284,168.6548085423136,166.99494036115345,647.2348898851147,10,rolling,losing_streak_fitness,1_day,rep_1
14,4,86986,125287,125287,130699,815.8896984274284,784.33181749112,815.8896984274284,115.95018087284058,118.11381480588982,699.9395175545878,11,rolling,losing_streak_fitness,1_day,rep_1
15,4,86986,125287,125287,130699,815.8896984274284,767.4657031743093,815.8896984274284,164.60179221381523,148.34031972366614,651.2879062136132,12,rolling,losing_streak_fitness,1_day,rep_1
16,4,86986,125287,125287,130699,815.8896984274284,750.0351973870436,815.8896984274284,115.95018087284058,176.05613778114918,699.9395175545878,13,rolling,losing_streak_fitness,1_day,rep_1
17,4,86986,125287,125287,130699,815.8896984274284,762.8721064748123,815.8896984274284,164.60179221381523,166.23258960138318,651.2879062136132,14,rolling,losing_streak_fitness,1_day,rep_1
18,4,86986,125287,125287,130699,815.8896984274284,716.1178588646852,815.8896984274284,115.95018087284058,212.32339815106383,699.9395175545878,15,rolling,losing_streak_fitness,1_day,rep_1
19,4,86986,125287,125287,130699,815.8896984274284,750.1748016300521,815.8896984274284,168.6548085423136,173.66225040553482,647.2348898851147,16,rolling,losing_streak_fitness,1_day,rep_1
20,4,86986,125287,125287,130699,815.8896984274284,795.7793969177236,815.8896984274284,115.95018087284058,109.35237401508608,699.9395175545878,17,rolling,losing_streak_fitness,1_day,rep_1
21,4,86986,125287,125287,130699,815.8896984274284,804.7330697534377,815.8896984274284,316.227766016838,70.23975136578392,499.6619324105904,18,rolling,losing_streak_fitness,1_day,rep_1
22,4,86986,125287,125287,130699,815.8896984274284,768.0431166501711,815.8896984274284,115.95018087284058,156.32606384590892,699.9395175545878,19,rolling,losing_streak_fitness,1_day,rep_1
23,4,86986,125287,125287,130699,815.8896984274284,772.5008101486211,815.8896984274284,115.95018087284058,150.05035252050342,699.9395175545878,20,rolling,losing_streak_fitness,1_day,rep_1
24,4,86986,125287,125287,130699,815.8896984274284,726.2889193236233,815.8896984274284,115.95018087284058,209.99061654240256,699.9395175545878,21,rolling,losing_streak_fitness,1_day,rep_1
25,4,86986,125287,125287,130699,815.8896984274284,717.1205891077703,815.8896984274284,115.95018087284058,225.91316222972048,699.9395175545878,22,rolling,losing_streak_fitness,1_day,rep_1
26,4,86986,125287,125287,130699,815.8896984274284,780.7977334800335,815.8896984274284,216.0,128.78076034404356,599.8896984274284,23,rolling,losing_streak_fitness,1_day,rep_1
27,4,86986,125287,125287,130699,815.8896984274284,771.9676658293569,815.8896984274284,115.95018087284058,155.21451656750455,699.9395175545878,24,rolling,losing_streak_fitness,1_day,rep_1
28,4,86986,125287,125287,130699,815.8896984274284,785.7247682437334,815.8896984274284,115.95018087284058,122.80839561327296,699.9395175545878,25,rolling,losing_streak_fitness,1_day,rep_1
29,4,86986,125287,125287,130699,815.8896984274284,762.2234178080498,815.8896984274284,168.6548085423136,171.60809765646607,647.2348898851147,26,rolling,losing_streak_fitness,1_day,rep_1
30,4,86986,125287,125287,130699,815.8896984274284,724.724273904863,815.8896984274284,115.95018087284058,212.76511590820337,699.9395175545878,27,rolling,losing_streak_fitness,1_day,rep_1
31,4,86986,125287,125287,130699,815.8896984274284,755.5976644542749,815.8896984274284,115.95018087284058,173.3364332930496,699.9395175545878,28,rolling,losing_streak_fitness,1_day,rep_1
32,4,86986,125287,125287,130699,815.8896984274284,718.6508308364911,815.8896984274284,115.95018087284058,221.20605926531016,699.9395175545878,29,rolling,losing_streak_fitness,1_day,rep_1
33,4,86986,125287,125287,130699,815.8896984274284,731.5685921464413,815.8896984274284,115.95018087284058,203.08369083744415,699.9395175545878,30,rolling,losing_streak_fitness,1_day,rep_1
34,4,86986,125287,125287,130699,815.8896984274284,736.9274130297302,815.8896984274284,115.95018087284058,189.85775992631832,699.9395175545878,31,rolling,losing_streak_fitness,1_day,rep_1
35,4,86986,125287,125287,130699,815.8896984274284,771.0508637229283,815.8896984274284,216.3746750430835,148.6264487390218,599.5150233843449,32,rolling,losing_streak_fitness,1_day,rep_1
36,4,86986,125287,125287,130699,815.8896984274284,772.1201888293972,815.8896984274284,115.95018087284058,154.19167638380776,699.9395175545878,33,rolling,losing_streak_fitness,1_day,rep_1
37,4,86986,125287,125287,130699,815.8896984274284,764.789820561737,815.8896984274284,168.6548085423136,163.86293949206308,647.2348898851147,34,rolling,losing_streak_fitness,1_day,rep_1
38,4,86986,125287,125287,130699,815.8896984274284,793.4454039856769,815.8896984274284,216.0,105.01226909562398,599.8896984274284,35,rolling,losing_streak_fitness,1_day,rep_1
39,4,86986,125287,125287,130699,815.8896984274284,767.0428959010196,815.8896984274284,115.95018087284058,158.9063784363074,699.9395175545878,36,rolling,losing_streak_fitness,1_day,rep_1
40,4,86986,125287,125287,130699,815.8896984274284,745.1674562343006,815.8896984274284,168.6548085423136,193.94744261394013,647.2348898851147,37,rolling,losing_streak_fitness,1_day,rep_1
41,4,86986,125287,125287,130699,815.8896984274284,769.6697206744449,815.8896984274284,115.95018087284058,152.78743392525618,699.9395175545878,38,rolling,losing_streak_fitness,1_day,rep_1
42,4,86986,125287,125287,130699,815.8896984274284,737.3698877446141,815.8896984274284,115.95018087284058,193.4886473634148,699.9395175545878,39,rolling,losing_streak_fitness,1_day,rep_1
43,4,86986,125287,125287,130699,815.8896984274284,786.2597690614272,815.8896984274284,115.95018087284058,128.2642127904059,699.9395175545878,40,rolling,losing_streak_fitness,1_day,rep_1
44,4,86986,125287,125287,130699,815.8896984274284,771.5281393054163,815.8896984274284,216.0,149.48577770910026,599.8896984274284,41,rolling,losing_streak_fitness,1_day,rep_1
45,4,86986,125287,125287,130699,815.8896984274284,764.9750769738095,815.8896984274284,115.95018087284058,164.47000278458702,699.9395175545878,42,rolling,losing_streak_fitness,1_day,rep_1
46,4,86986,125287,125287,130699,815.8896984274284,759.5730879753437,815.8896984274284,115.95018087284058,176.76953926685204,699.9395175545878,43,rolling,losing_streak_fitness,1_day,rep_1
47,4,86986,125287,125287,130699,815.8896984274284,770.2527226979555,815.8896984274284,115.95018087284058,156.83608705543074,699.9395175545878,44,rolling,losing_streak_fitness,1_day,rep_1
48,4,86986,125287,125287,130699,815.8896984274284,764.5343946721363,815.8896984274284,115.95018087284058,164.26712709067695,699.9395175545878,45,rolling,losing_streak_fitness,1_day,rep_1
49,4,86986,125287,125287,130699,815.8896984274284,743.4451176414009,815.8896984274284,154.0,193.99724890052545,661.8896984274284,46,rolling,losing_streak_fitness,1_day,rep_1
50,4,86986,125287,125287,130699,815.8896984274284,773.4456853349792,815.8896984274284,216.0,142.9229213639849,599.8896984274284,47,rolling,losing_streak_fitness,1_day,rep_1
51,4,86986,125287,125287,130699,815.8896984274284,764.0821451040663,815.8896984274284,115.95018087284058,163.9593199794948,699.9395175545878,48,rolling,losing_streak_fitness,1_day,rep_1
52,4,86986,125287,125287,130699,815.8896984274284,761.8307911178563,815.8896984274284,115.95018087284058,177.16381002560968,699.9395175545878,49,rolling,losing_streak_fitness,1_day,rep_1
53,4,86986,125287,125287,130699,815.8896984274284,792.1450177028976,815.8896984274284,115.95018087284058,118.1486386955866,699.9395175545878,50,rolling,losing_streak_fitness,1_day,rep_1
54,4,86986,125287,125287,130699,815.8896984274284,757.2152842916602,815.8896984274284,115.95018087284058,177.05659801853113,699.9395175545878,51,rolling,losing_streak_fitness,1_day,rep_1
55,4,86986,125287,125287,130699,815.8896984274284,749.1251856918815,815.8896984274284,115.95018087284058,185.71895529142265,699.9395175545878,52,rolling,losing_streak_fitness,1_day,rep_1
56,4,86986,125287,125287,130699,815.8896984274284,782.7158212607033,815.8896984274284,231.0,132.10777910930932,584.8896984274284,53,rolling,losing_streak_fitness,1_day,rep_1
57,4,86986,125287,125287,130699,815.8896984274284,770.3053803328906,815.8896984274284,115.95018087284058,160.37223702252646,699.9395175545878,54,rolling,losing_streak_fitness,1_day,rep_1
58,4,86986,125287,125287,130699,815.8896984274284,753.887609546566,815.8896984274284,120.8,175.12021432956303,695.0896984274284,55,rolling,losing_streak_fitness,1_day,rep_1
59,4,86986,125287,125287,130699,815.8896984274284,784.4983088187815,815.8896984274284,231.0,125.21590832416508,584.8896984274284,56,rolling,losing_streak_fitness,1_day,rep_1
60,4,86986,125287,125287,130699,815.8896984274284,764.5612408168049,815.8896984274284,115.95018087284058,163.43317273138362,699.9395175545878,57,rolling,losing_streak_fitness,1_day,rep_1
61,4,86986,125287,125287,130699,815.8896984274284,767.1268401542366,815.8896984274284,115.95018087284058,156.64299467796533,699.9395175545878,58,rolling,losing_streak_fitness,1_day,rep_1
62,4,86986,125287,125287,130699,815.8896984274284,763.9850654193517,815.8896984274284,115.95018087284058,160.05623981625342,699.9395175545878,59,rolling,losing_streak_fitness,1_day,rep_1
63,4,86986,125287,125287,130699,815.8896984274284,760.383798576311,815.8896984274284,120.8,175.2185607964502,695.0896984274284,60,rolling,losing_streak_fitness,1_day,rep_1
64,4,86986,125287,125287,130699,815.8896984274284,790.8317318540829,815.8896984274284,115.95018087284058,115.9031894747498,699.9395175545878,61,rolling,losing_streak_fitness,1_day,rep_1
65,4,86986,125287,125287,130699,815.8896984274284,790.272769337496,815.8896984274284,168.6548085423136,117.63292044430202,647.2348898851147,62,rolling,losing_streak_fitness,1_day,rep_1
66,4,86986,125287,125287,130699,815.8896984274284,763.5912366478246,815.8896984274284,115.95018087284058,166.93488176844292,699.9395175545878,63,rolling,losing_streak_fitness,1_day,rep_1
67,4,86986,125287,125287,130699,815.8896984274284,761.0755487021696,815.8896984274284,115.95018087284058,163.21301570985744,699.9395175545878,64,rolling,losing_streak_fitness,1_day,rep_1
68,4,86986,125287,125287,130699,815.8896984274284,772.386089816308,815.8896984274284,120.8,149.00349856333793,695.0896984274284,65,rolling,losing_streak_fitness,1_day,rep_1
69,4,86986,125287,125287,130699,815.8896984274284,784.5534259318207,815.8896984274284,115.95018087284058,133.00820490956048,699.9395175545878,66,rolling,losing_streak_fitness,1_day,rep_1
70,4,86986,125287,125287,130699,815.8896984274284,794.7723774940619,815.8896984274284,231.0,99.46766375950368,584.8896984274284,67,rolling,losing_streak_fitness,1_day,rep_1
71,4,86986,125287,125287,130699,815.8896984274284,773.8427543194854,815.8896984274284,168.6548085423136,145.98702888319264,647.2348898851147,68,rolling,losing_streak_fitness,1_day,rep_1
72,4,86986,125287,125287,130699,815.8896984274284,765.5291280745705,815.8896984274284,115.95018087284058,167.93067624156654,699.9395175545878,69,rolling,losing_streak_fitness,1_day,rep_1
73,4,86986,125287,125287,130699,815.8896984274284,748.4085604852324,815.8896984274284,142.3024947075771,183.1796057757048,673.5872037198512,70,rolling,losing_streak_fitness,1_day,rep_1
74,4,86986,125287,125287,130699,815.8896984274284,781.9234282144507,815.8896984274284,115.95018087284058,135.19915857204978,699.9395175545878,71,rolling,losing_streak_fitness,1_day,rep_1
75,4,86986,125287,125287,130699,815.8896984274284,783.3166691614684,815.8896984274284,168.6548085423136,126.66188291694884,647.2348898851147,72,rolling,losing_streak_fitness,1_day,rep_1
76,4,86986,125287,125287,130699,815.8896984274284,772.6633018245841,815.8896984274284,115.95018087284058,159.48841083249292,699.9395175545878,73,rolling,losing_streak_fitness,1_day,rep_1
77,4,86986,125287,125287,130699,815.8896984274284,789.40319808457,815.8896984274284,162.45036164933583,116.99435389058284,653.4393367780925,74,rolling,losing_streak_fitness,1_day,rep_1
78,4,86986,125287,125287,130699,815.8896984274284,769.4538549507228,815.8896984274284,115.95018087284058,155.43105259720411,699.9395175545878,75,rolling,losing_streak_fitness,1_day,rep_1
79,4,86986,125287,125287,130699,815.8896984274284,771.4832547598542,815.8896984274284,164.60179221381523,145.93507316937482,651.2879062136132,76,rolling,losing_streak_fitness,1_day,rep_1
80,4,86986,125287,125287,130699,815.8896984274284,751.509330967662,815.8896984274284,164.60179221381523,179.60867932780826,651.2879062136132,77,rolling,losing_streak_fitness,1_day,rep_1
81,4,86986,125287,125287,130699,815.8896984274284,774.3644936472868,815.8896984274284,231.0,140.81311842863244,584.8896984274284,78,rolling,losing_streak_fitness,1_day,rep_1
82,4,86986,125287,125287,130699,815.8896984274284,757.3600396435329,815.8896984274284,164.60179221381523,169.68899744571272,651.2879062136132,79,rolling,losing_streak_fitness,1_day,rep_1
83,4,86986,125287,125287,130699,815.8896984274284,787.2833590195312,815.8896984274284,168.6548085423136,125.80346647505048,647.2348898851147,80,rolling,losing_streak_fitness,1_day,rep_1
84,4,86986,125287,125287,130699,815.8896984274284,752.8378608860221,815.8896984274284,115.95018087284058,184.84663599393335,699.9395175545878,81,rolling,losing_streak_fitness,1_day,rep_1
85,4,86986,125287,125287,130699,815.8896984274284,782.4516069098593,815.8896984274284,216.0,128.23798246087094,599.8896984274284,82,rolling,losing_streak_fitness,1_day,rep_1
86,4,86986,125287,125287,130699,815.8896984274284,777.1865591027185,815.8896984274284,115.95018087284058,152.16168845441206,699.9395175545878,83,rolling,losing_streak_fitness,1_day,rep_1
87,4,86986,125287,125287,130699,815.8896984274284,789.3187972430018,815.8896984274284,115.95018087284058,122.19560516863864,699.9395175545878,84,rolling,losing_streak_fitness,1_day,rep_1
88,4,86986,125287,125287,130699,815.8896984274284,787.7158751430939,815.8896984274284,115.95018087284058,118.3021490792162,699.9395175545878,85,rolling,losing_streak_fitness,1_day,rep_1
89,4,86986,125287,125287,130699,815.8896984274284,759.8936448856809,815.8896984274284,120.8,165.73629337187722,695.0896984274284,86,rolling,losing_streak_fitness,1_day,rep_1
90,4,86986,125287,125287,130699,815.8896984274284,754.3301079921761,815.8896984274284,115.95018087284058,180.66986314484367,699.9395175545878,87,rolling,losing_streak_fitness,1_day,rep_1
91,4,86986,125287,125287,130699,815.8896984274284,751.543701790806,815.8896984274284,115.95018087284058,189.311850777485,699.9395175545878,88,rolling,losing_streak_fitness,1_day,rep_1
92,4,86986,125287,125287,130699,815.8896984274284,778.5166368712395,815.8896984274284,164.60179221381523,137.02362127388304,651.2879062136132,89,rolling,losing_streak_fitness,1_day,rep_1
93,4,86986,125287,125287,130699,815.8896984274284,788.6519175954289,815.8896984274284,168.6548085423136,117.80594091404332,647.2348898851147,90,rolling,losing_streak_fitness,1_day,rep_1
94,4,86986,125287,125287,130699,815.8896984274284,797.0636017121304,815.8896984274284,231.0,100.65148804735564,584.8896984274284,91,rolling,losing_streak_fitness,1_day,rep_1
95,4,86986,125287,125287,130699,815.8896984274284,775.3825081178504,815.8896984274284,115.95018087284058,146.94717304519722,699.9395175545878,92,rolling,losing_streak_fitness,1_day,rep_1
96,4,86986,125287,125287,130699,815.8896984274284,779.2561953797925,815.8896984274284,115.95018087284058,147.07260747602433,699.9395175545878,93,rolling,losing_streak_fitness,1_day,rep_1
97,4,86986,125287,125287,130699,815.8896984274284,766.9796716530284,815.8896984274284,120.8,159.48268187512292,695.0896984274284,94,rolling,losing_streak_fitness,1_day,rep_1
98,4,86986,125287,125287,130699,815.8896984274284,765.1001638145598,815.8896984274284,115.95018087284058,159.67807961937424,699.9395175545878,95,rolling,losing_streak_fitness,1_day,rep_1
99,4,86986,125287,125287,130699,815.8896984274284,751.5167585418018,815.8896984274284,115.95018087284058,179.08038943026702,699.9395175545878,96,rolling,losing_streak_fitness,1_day,rep_1
100,4,86986,125287,125287,130699,815.8896984274284,766.4729033125636,815.8896984274284,115.95018087284058,159.50763059704846,699.9395175545878,97,rolling,losing_streak_fitness,1_day,rep_1
0,1,0,22406,22406,53560,-107.23753488815792,-1873.6802704067493,-1000.0,-21267.081130139093,3453.9712852030734,21159.84359525093,0,rolling,losing_streak_fitness,1_day,rep_2
1,1,0,22406,22406,53560,-58.696784409369485,-1549.184798838365,-1000.0,-50513.86559043852,5247.126064147496,50455.16880602915,0,rolling,losing_streak_fitness,1_day,rep_2
2,1,0,22406,22406,53560,-27.95084971874737,-698.2230467561271,-537.0126586066058,-6399.410983637478,744.5722635641825,6371.460133918731,0,rolling,losing_streak_fitness,1_day,rep_2
3,1,0,22406,22406,53560,4.8074017006186525,-779.7394366583349,-406.7844449566979,-10124.39579541526,1391.240724794469,10129.20319711588,0,rolling,losing_streak_fitness,1_day,rep_2
4,1,0,22406,22406,53560,19.595917942265423,-561.2421811111337,-194.12206211556685,-9727.54141805626,1153.8104116070892,9747.137335998526,0,rolling,losing_streak_fitness,1_day,rep_2
5,1,0,22406,22406,53560,9.797958971132712,-379.95791395821135,-109.56733089748973,-4979.307137643515,650.1205533967038,4989.105096614648,1,rolling,losing_streak_fitness,1_day,rep_2
6,1,0,22406,22406,53560,124.70765814495915,-214.71409809518747,-55.37005768508881,-2425.609690124765,420.98809051999496,2550.3173482697243,0,rolling,losing_streak_fitness,1_day,rep_2
7,1,0,22406,22406,53560,100.62305898749054,-59.3812263978225,-27.95084971874737,-1000.0,173.76719450697018,1100.6230589874906,1,rolling,losing_streak_fitness,1_day,rep_2
8,1,0,22406,22406,53560,167.70509831248424,-110.57471485610168,-26.553307232810003,-1000.0,285.72311160717084,1167.7050983124843,0,rolling,losing_streak_fitness,1_day,rep_2
9,1,0,22406,22406,53560,68.58571279792898,-106.25602886336318,-12.373983021018516,-1000.0,288.0328893340673,1068.5857127979289,1,rolling,losing_streak_fitness,1_day,rep_2
10,1,0,22406,22406,53560,100.62305898749054,-66.95749903185325,-2.7950849718747373,-1000.0,226.61949787096364,1100.6230589874906,2,rolling,losing_streak_fitness,1_day,rep_2
11,1,0,22406,22406,53560,100.62305898749054,-71.21297682255772,3.0867098629086893,-1000.0,258.4434461595311,1100.6230589874906,3,rolling,losing_streak_fitness,1_day,rep_2
12,1,0,22406,22406,53560,167.70509831248424,-42.13511061151533,8.485281374238571,-1000.0,222.94029938011676,1167.7050983124843,4,rolling,losing_streak_fitness,1_day,rep_2
13,1,0,22406,22406,53560,40.41658075592243,-13.608417617200034,26.51959718300685,-1000.0,176.25428397950577,1040.4165807559225,5,rolling,losing_streak_fitness,1_day,rep_2
14,1,0,22406,22406,53560,40.41658075592243,29.76877817567792,34.29285639896449,-8.385254915624213,12.667419319999912,48.80183567154664,6,rolling,losing_streak_fitness,1_day,rep_2
15,1,0,22406,22406,53560,40.41658075592243,4.070949066718839,40.41658075592243,-1000.0,177.9011947674695,1040.4165807559225,7,rolling,losing_streak_fitness,1_day,rep_2
16,1,0,22406,22406,53560,40.41658075592243,26.217024522650316,40.41658075592243,-1000.0,104.53508604553038,1040.4165807559225,8,rolling,losing_streak_fitness,1_day,rep_2
17,1,0,22406,22406,53560,40.41658075592243,37.05416360039852,40.41658075592243,-46.54030511288038,11.939178138427897,86.95688586880281,9,rolling,losing_streak_fitness,1_day,rep_2
18,1,0,22406,22406,53560,40.41658075592243,36.65137736640584,40.41658075592243,-46.54030511288038,12.774274264124209,86.95688586880281,10,rolling,losing_streak_fitness,1_day,rep_2
19,1,0,22406,22406,53560,40.41658075592243,12.49927697235484,40.41658075592243,-1000.0,146.35909501140952,1040.4165807559225,11,rolling,losing_streak_fitness,1_day,rep_2
20,1,0,22406,22406,53560,40.41658075592243,17.27194990518295,40.41658075592243,-1000.0,146.32152898641428,1040.4165807559225,12,rolling,losing_streak_fitness,1_day,rep_2
21,1,0,22406,22406,53560,40.41658075592243,37.20402802101626,40.41658075592243,-46.54030511288038,13.125967832855318,86.95688586880281,13,rolling,losing_streak_fitness,1_day,rep_2
22,1,0,22406,22406,53560,40.41658075592243,22.683717183803942,40.41658075592243,-1000.0,104.95112774336282,1040.4165807559225,14,rolling,losing_streak_fitness,1_day,rep_2
23,1,0,22406,22406,53560,40.41658075592243,6.238624384027354,40.41658075592243,-1000.0,178.26513016323798,1040.4165807559225,15,rolling,losing_streak_fitness,1_day,rep_2
24,1,0,22406,22406,53560,40.41658075592243,7.144435570582521,40.41658075592243,-1000.0,178.17803862955884,1040.4165807559225,16,rolling,losing_streak_fitness,1_day,rep_2
25,1,0,22406,22406,53560,40.41658075592243,36.69569800142321,40.41658075592243,-46.54030511288038,12.87846913673553,86.95688586880281,17,rolling,losing_streak_fitness,1_day,rep_2
26,1,0,22406,22406,53560,40.41658075592243,6.25923830184176,40.41658075592243,-1000.0,178.27425778902426,1040.4165807559225,18,rolling,losing_streak_fitness,1_day,rep_2
27,1,0,22406,22406,53560,40.41658075592243,17.100795412845507,40.41658075592243,-1000.0,146.33138144247562,1040.4165807559225,19,rolling,losing_streak_fitness,1_day,rep_2
28,1,0,22406,22406,53560,40.41658075592243,17.92124897631428,40.41658075592243,-1000.0,146.3044713645968,1040.4165807559225,20,rolling,losing_streak_fitness,1_day,rep_2
29,1,0,22406,22406,53560,63.355259362494046,38.98064069066797,40.41658075592243,-2.7950849718747373,6.608831515185929,66.15034433436878,21,rolling,losing_streak_fitness,1_day,rep_2
30,1,0,22406,22406,53560,63.355259362494046,18.59093418697346,40.41658075592243,-1000.0,146.57636732576495,1063.355259362494,22,rolling,losing_streak_fitness,1_day,rep_2
31,1,0,22406,22406,53560,63.355259362494046,30.444264581552584,40.41658075592243,-1000.0,104.943315580603,1063.355259362494,23,rolling,losing_streak_fitness,1_day,rep_2
32,1,0,22406,22406,53560,63.355259362494046,23.304085951392704,40.41658075592243,-1000.0,147.83401178171405,1063.355259362494,24,rolling,losing_streak_fitness,1_day,rep_2
33,1,0,22406,22406,53560,63.355259362494046,33.3842274055071,63.355259362494046,-1000.0,149.00709289825227,1063.355259362494,25,rolling,losing_streak_fitness,1_day,rep_2
34,1,0,22406,22406,53560,63.355259362494046,47.457677690140535,63.355259362494046,-1000.0,107.2345959413451,1063.355259362494,26,rolling,losing_streak_fitness,1_day,rep_2
35,1,0,22406,22406,53560,63.355259362494046,6.14934048662899,63.355259362494046,-1000.0,232.71961991456143,1063.355259362494,27,rolling,losing_streak_fitness,1_day,rep_2
36,1,0,22406,22406,53560,63.355259362494046,18.82273565460652,63.355259362494046,-1000.0,209.17591273708587,1063.355259362494,28,rolling,losing_streak_fitness,1_day,rep_2
37,1,0,22406,22406,53560,63.355259362494046,-1.6874535635119547,63.355259362494046,-1000.0,253.5355281408435,1063.355259362494,29,rolling,losing_streak_fitness,1_day,rep_2
38,1,0,22406,22406,53560,63.355259362494046,17.924961320388082,63.355259362494046,-1000.0,209.23333997265496,1063.355259362494,30,rolling,losing_streak_fitness,1_day,rep_2
39,1,0,22406,22406,53560,63.355259362494046,7.987936943006605,63.355259362494046,-1000.0,232.69724403536787,1063.355259362494,31,rolling,losing_streak_fitness,1_day,rep_2
40,1,0,22406,22406,53560,63.355259362494046,6.143560498313252,63.355259362494046,-1000.0,232.7187529080227,1063.355259362494,32,rolling,losing_streak_fitness,1_day,rep_2
41,1,0,22406,22406,53560,63.355259362494046,39.9374225001379,63.355259362494046,-1000.0,149.8442890105991,1063.355259362494,33,rolling,losing_streak_fitness,1_day,rep_2
42,1,0,22406,22406,53560,63.355259362494046,-12.209202758261902,63.355259362494046,-1000.0,272.4032995592787,1063.355259362494,34,rolling,losing_streak_fitness,1_day,rep_2
43,1,0,22406,22406,53560,63.355259362494046,3.984615989794026,63.355259362494046,-1000.0,232.3302333311836,1063.355259362494,35,rolling,losing_streak_fitness,1_day,rep_2
44,1,0,22406,22406,53560,63.355259362494046,19.573871635422183,63.355259362494046,-1000.0,209.22410695139124,1063.355259362494,36,rolling,losing_streak_fitness,1_day,rep_2
45,1,0,22406,22406,53560,63.355259362494046,17.73040948885015,63.355259362494046,-1000.0,209.06042366343905,1063.355259362494,37,rolling,losing_streak_fitness,1_day,rep_2
46,1,0,22406,22406,53560,63.355259362494046,6.368081594184544,63.355259362494046,-1000.0,232.4355220759157,1063.355259362494,38,rolling,losing_streak_fitness,1_day,rep_2
47,1,0,22406,22406,53560,63.355259362494046,15.401551649031845,63.355259362494046,-1000.0,209.1430298692688,1063.355259362494,39,rolling,losing_streak_fitness,1_day,rep_2
48,1,0,22406,22406,53560,63.355259362494046,-2.436156699230405,63.355259362494046,-1000.0,253.6056564549613,1063.355259362494,40,rolling,losing_streak_fitness,1_day,rep_2
49,1,0,22406,22406,53560,63.355259362494046,19.41902044860647,63.355259362494046,-1000.0,209.19999527979743,1063.355259362494,41,rolling,losing_streak_fitness,1_day,rep_2
50,1,0,22406,22406,53560,63.355259362494046,37.665760294622366,63.355259362494046,-1000.0,150.13602493567333,1063.355259362494,42,rolling,losing_streak_fitness,1_day,rep_2
51,1,0,22406,22406,53560,63.355259362494046,19.27572923842222,63.355259362494046,-1000.0,209.2420079372872,1063.355259362494,43,rolling,losing_streak_fitness,1_day,rep_2
52,1,0,22406,22406,53560,63.355259362494046,19.39331262561295,63.355259362494046,-1000.0,209.2633450171085,1063.355259362494,44,rolling,losing_streak_fitness,1_day,rep_2
53,1,0,22406,22406,53560,63.355259362494046,40.04922589901288,63.355259362494046,-1000.0,149.75373182574145,1063.355259362494,45,rolling,losing_streak_fitness,1_day,rep_2
54,1,0,22406,22406,53560,63.355259362494046,7.934088451922344,63.355259362494046,-1000.0,232.6075767352608,1063.355259362494,46,rolling,losing_streak_fitness,1_day,rep_2
55,1,0,22406,22406,53560,63.355259362494046,-1.9168403495776705,63.355259362494046,-1000.0,253.54290385925097,1063.355259362494,47,rolling,losing_streak_fitness,1_day,rep_2
56,1,0,22406,22406,53560,63.355259362494046,60.23556489713773,63.355259362494046,-42.485291572496,13.11081361460224,105.84055093499003,48,rolling,losing_streak_fitness,1_day,rep_2
57,1,0,22406,22406,53560,63.355259362494046,28.082400376934384,63.355259362494046,-1000.0,182.20619666585785,1063.355259362494,49,rolling,losing_streak_fitness,1_day,rep_2
58,1,0,22406,22406,53560,63.355259362494046,-24.00383712857747,63.355259362494046,-1000.0,289.3727275443528,1063.355259362494,50,rolling,losing_streak_fitness,1_day,rep_2
59,1,0,22406,22406,53560,63.355259362494046,29.983817431297147,63.355259362494046,-1000.0,182.11903682046872,1063.355259362494,51,rolling,losing_streak_fitness,1_day,rep_2
60,1,0,22406,22406,53560,63.355259362494046,30.250472016987864,63.355259362494046,-1000.0,182.15398466264375,1063.355259362494,52,rolling,losing_streak_fitness,1_day,rep_2
61,1,0,22406,22406,53560,63.355259362494046,38.5760089035936,63.355259362494046,-1000.0,149.50606811539572,1063.355259362494,53,rolling,losing_streak_fitness,1_day,rep_2
62,1,0,22406,22406,53560,63.355259362494046,36.34404734280028,63.355259362494046,-1000.0,150.0898279496331,1063.355259362494,54,rolling,losing_streak_fitness,1_day,rep_2
63,1,0,22406,22406,53560,63.355259362494046,28.18005592944732,63.355259362494046,-1000.0,182.20773378910417,1063.355259362494,55,rolling,losing_streak_fitness,1_day,rep_2
64,1,0,22406,22406,53560,63.355259362494046,57.04970269057789,63.355259362494046,-42.485291572496,18.191270233560623,105.84055093499003,56,rolling,losing_streak_fitness,1_day,rep_2
65,1,0,22406,22406,53560,63.355259362494046,39.08373986686085,63.355259362494046,-1000.0,149.6928548257342,1063.355259362494,57,rolling,losing_streak_fitness,1_day,rep_2
66,1,0,22406,22406,53560,63.355259362494046,27.516689096122388,63.355259362494046,-1000.0,182.545792846748,1063.355259362494,58,rolling,losing_streak_fitness,1_day,rep_2
67,1,0,22406,22406,53560,63.355259362494046,28.185835917763058,63.355259362494046,-1000.0,182.2804963123166,1063.355259362494,59,rolling,losing_streak_fitness,1_day,rep_2
68,1,0,22406,22406,53560,63.355259362494046,7.38587216069092,63.355259362494046,-1000.0,232.57399653530337,1063.355259362494,60,rolling,losing_streak_fitness,1_day,rep_2
69,1,0,22406,22406,53560,63.355259362494046,38.39210275056583,63.355259362494046,-1000.0,149.79014239401278,1063.355259362494,61,rolling,losing_streak_fitness,1_day,rep_2
70,1,0,22406,22406,53560,63.355259362494046,40.25883987503418,63.355259362494046,-1000.0,149.48692171933686,1063.355259362494,62,rolling,losing_streak_fitness,1_day,rep_2
71,1,0,22406,22406,53560,63.355259362494046,49.47286893969067,63.355259362494046,-1000.0,106.8360356475942,1063.355259362494,63,rolling,losing_streak_fitness,1_day,rep_2
72,1,0,22406,22406,53560,63.355259362494046,38.44671051513804,63.355259362494046,-1000.0,149.7859055939512,1063.355259362494,64,rolling,losing_streak_fitness,1_day,rep_2
73,1,0,22406,22406,53560,63.355259362494046,18.36396208247509,63.355259362494046,-1000.0,209.10214347330148,1063.355259362494,65,rolling,losing_streak_fitness,1_day,rep_2
74,1,0,22406,22406,53560,63.355259362494046,7.164698208038154,63.355259362494046,-1000.0,232.729059749978,1063.355259362494,66,rolling,losing_streak_fitness,1_day,rep_2
75,1,0,22406,22406,53560,63.355259362494046,-43.6626469436368,63.355259362494046,-1000.0,320.40872280141906,1063.355259362494,67,rolling,losing_streak_fitness,1_day,rep_2
76,1,0,22406,22406,53560,63.355259362494046,6.574193402353948,63.355259362494046,-1000.0,232.73020531457905,1063.355259362494,68,rolling,losing_streak_fitness,1_day,rep_2
77,1,0,22406,22406,53560,63.355259362494046,37.98550409790939,63.355259362494046,-1000.0,149.44642269196817,1063.355259362494,69,rolling,losing_streak_fitness,1_day,rep_2
78,1,0,22406,22406,53560,63.355259362494046,39.550751682159245,63.355259362494046,-1000.0,149.41271014961222,1063.355259362494,70,rolling,losing_streak_fitness,1_day,rep_2
79,1,0,22406,22406,53560,63.355259362494046,7.689794546006633,63.355259362494046,-1000.0,232.63985777903156,1063.355259362494,71,rolling,losing_streak_fitness,1_day,rep_2
80,1,0,22406,22406,53560,63.355259362494046,9.430580425237943,63.355259362494046,-1000.0,232.7794911765461,1063.355259362494,72,rolling,losing_streak_fitness,1_day,rep_2
81,1,0,22406,22406,53560,63.355259362494046,-1.7793291277091532,63.355259362494046,-1000.0,253.51880081580077,1063.355259362494,73,rolling,losing_streak_fitness,1_day,rep_2
82,1,0,22406,22406,53560,63.355259362494046,7.81072507641588,63.355259362494046,-1000.0,232.5304267080085,1063.355259362494,74,rolling,losing_streak_fitness,1_day,rep_2
83,1,0,22406,22406,53560,63.355259362494046,17.744402310578838,63.355259362494046,-1000.0,209.2664465294688,1063.355259362494,75,rolling,losing_streak_fitness,1_day,rep_2
84,1,0,22406,22406,53560,63.355259362494046,39.90350184373143,63.355259362494046,-1000.0,149.53255067392908,1063.355259362494,76,rolling,losing_streak_fitness,1_day,rep_2
85,1,0,22406,22406,53560,63.355259362494046,12.72013346601335,63.355259362494046,-1000.0,209.22564381525,1063.355259362494,77,rolling,losing_streak_fitness,1_day,rep_2
86,1,0,22406,22406,53560,63.355259362494046,49.99461813444061,63.355259362494046,-1000.0,106.72063997392816,1063.355259362494,78,rolling,losing_streak_fitness,1_day,rep_2
87,1,0,22406,22406,53560,63.355259362494046,-4.225770354718192,63.355259362494046,-1000.0,253.33072960388492,1063.355259362494,79,rolling,losing_streak_fitness,1_day,rep_2
88,1,0,22406,22406,53560,63.355259362494046,40.192517109197134,63.355259362494046,-1000.0,149.77051248596217,1063.355259362494,80,rolling,losing_streak_fitness,1_day,rep_2
89,1,0,22406,22406,53560,63.355259362494046,7.764330145256625,63.355259362494046,-1000.0,232.65424185046948,1063.355259362494,81,rolling,losing_streak_fitness,1_day,rep_2
90,1,0,22406,22406,53560,63.355259362494046,27.36370129928791,63.355259362494046,-1000.0,182.25648353256315,1063.355259362494,82,rolling,losing_streak_fitness,1_day,rep_2
91,1,0,22406,22406,53560,63.355259362494046,-2.8518824834211056,63.355259362494046,-1000.0,253.50600306718707,1063.355259362494,83,rolling,losing_streak_fitness,1_day,rep_2
92,1,0,22406,22406,53560,63.355259362494046,28.15210507972857,63.355259362494046,-1000.0,182.2908311776815,1063.355259362494,84,rolling,losing_streak_fitness,1_day,rep_2
93,1,0,22406,22406,53560,63.355259362494046,38.77409769672204,63.355259362494046,-1000.0,149.74673802969,1063.355259362494,85,rolling,losing_streak_fitness,1_day,rep_2
94,1,0,22406,22406,53560,63.355259362494046,-2.8261746604275864,63.355259362494046,-1000.0,253.46484705055065,1063.355259362494,86,rolling,losing_streak_fitness,1_day,rep_2
95,1,0,22406,22406,53560,63.355259362494046,-3.760302496149711,63.355259362494046,-1000.0,253.1839518654006,1063.355259362494,87,rolling,losing_streak_fitness,1_day,rep_2
96,1,0,22406,22406,53560,63.355259362494046,5.840552411118849,63.355259362494046,-1000.0,232.3168845598713,1063.355259362494,88,rolling,losing_streak_fitness,1_day,rep_2
97,1,0,22406,22406,53560,63.355259362494046,28.75527397853756,63.355259362494046,-1000.0,182.1411972533928,1063.355259362494,89,rolling,losing_streak_fitness,1_day,rep_2
98,1,0,22406,22406,53560,63.355259362494046,39.9979652776592,63.355259362494046,-1000.0,149.4577065809379,1063.355259362494,90,rolling,losing_streak_fitness,1_day,rep_2
99,1,0,22406,22406,53560,63.355259362494046,49.972257454665616,63.355259362494046,-1000.0,106.54706381935364,1063.355259362494,91,rolling,losing_streak_fitness,1_day,rep_2
100,1,0,22406,22406,53560,63.355259362494046,27.87613354413161,63.355259362494046,-1000.0,182.2490281489648,1063.355259362494,92,rolling,losing_streak_fitness,1_day,rep_2
0,2,22406,53560,53560,86986,11.180339887498947,-3978.376091021271,-1000.0,-114660.3963886398,13626.655109357866,114671.5767285273,0,rolling,losing_streak_fitness,1_day,rep_2
1,2,22406,53560,53560,86986,11.180339887498947,-1022.4478133115769,-493.1642915596221,-39008.251731204255,3905.491569908951,39019.43207109175,1,rolling,losing_streak_fitness,1_day,rep_2
2,2,22406,53560,53560,86986,50.59644256269407,-384.8405183026461,-207.95605304967685,-3053.6578241746174,470.2209214364782,3104.254266737312,0,rolling,losing_streak_fitness,1_day,rep_2
3,2,22406,53560,53560,86986,46.079788831715696,-178.47362489183448,-87.48461720764669,-1877.6274627542305,303.72371642127104,1923.707251585946,1,rolling,losing_streak_fitness,1_day,rep_2
4,2,22406,53560,53560,86986,97.28309205612248,-88.84880786623529,-32.61183689421492,-1000.0,204.52160131858247,1097.2830920561223,0,rolling,losing_streak_fitness,1_day,rep_2
5,2,22406,53560,53560,86986,97.28309205612248,-81.0952155077533,-14.802029153348832,-1000.0,256.1442637518355,1097.2830920561223,1,rolling,losing_streak_fitness,1_day,rep_2
6,2,22406,53560,53560,86986,67.90761698399116,-33.53968555870831,0.0,-1000.0,178.67213759374957,1067.9076169839911,2,rolling,losing_streak_fitness,1_day,rep_2
7,2,22406,53560,53560,86986,70.66767294881018,-43.162352662426784,14.9071198499986,-1000.0,216.0277572296044,1070.6676729488102,3,rolling,losing_streak_fitness,1_day,rep_2
8,2,22406,53560,53560,86986,67.90761698399116,-63.907400380617794,25.311394008759507,-1000.0,278.888881298287,1067.9076169839911,4,rolling,losing_streak_fitness,1_day,rep_2
9,2,22406,53560,53560,86986,80.83316151184486,-93.7368694214618,33.54101966249684,-1000.0,336.9245503858268,1080.8331615118448,5,rolling,losing_streak_fitness,1_day,rep_2
10,2,22406,53560,53560,86986,80.83316151184486,-20.968914405916323,37.26779962499649,-1000.0,227.7476094467424,1080.8331615118448,6,rolling,losing_streak_fitness,1_day,rep_2
11,2,22406,53560,53560,86986,80.83316151184486,-46.19572823623356,44.7213595499958,-1000.0,283.4754167287543,1080.8331615118448,7,rolling,losing_streak_fitness,1_day,rep_2
12,2,22406,53560,53560,86986,80.83316151184486,-42.42152728461111,44.7213595499958,-1000.0,284.431931408354,1080.8331615118448,8,rolling,losing_streak_fitness,1_day,rep_2
13,2,22406,53560,53560,86986,52.1749194749951,-8.096852239945392,48.44813951249545,-1000.0,229.0506178557758,1052.174919474995,9,rolling,losing_streak_fitness,1_day,rep_2
14,2,22406,53560,53560,86986,52.1749194749951,-36.88628985357215,48.44813951249545,-1000.0,285.5844227038665,1052.174919474995,10,rolling,losing_streak_fitness,1_day,rep_2
15,2,22406,53560,53560,86986,52.1749194749951,-34.34403502840252,48.44813951249545,-1000.0,286.2143278213865,1052.174919474995,11,rolling,losing_streak_fitness,1_day,rep_2
16,2,22406,53560,53560,86986,52.1749194749951,29.25166514291909,52.1749194749951,-1000.0,147.85354833045295,1052.174919474995,12,rolling,losing_streak_fitness,1_day,rep_2
17,2,22406,53560,53560,86986,52.1749194749951,-12.78068781503743,52.1749194749951,-1000.0,250.79164134932,1052.174919474995,13,rolling,losing_streak_fitness,1_day,rep_2
18,2,22406,53560,53560,86986,52.1749194749951,-1.4082466893106915,52.1749194749951,-1000.0,230.33817218611003,1052.174919474995,14,rolling,losing_streak_fitness,1_day,rep_2
19,2,22406,53560,53560,86986,52.1749194749951,9.133127450950273,52.1749194749951,-1000.0,207.08062635920368,1052.174919474995,15,rolling,losing_streak_fitness,1_day,rep_2
20,2,22406,53560,53560,86986,52.1749194749951,41.0026067724033,52.1749194749951,-1000.0,105.25202554937208,1052.174919474995,16,rolling,losing_streak_fitness,1_day,rep_2
21,2,22406,53560,53560,86986,52.1749194749951,8.929777538608413,52.1749194749951,-1000.0,207.0410208404654,1052.174919474995,17,rolling,losing_streak_fitness,1_day,rep_2
22,2,22406,53560,53560,86986,52.1749194749951,49.5845970777336,52.1749194749951,-2.571428571428572,9.230572134451434,54.74634804642367,18,rolling,losing_streak_fitness,1_day,rep_2
23,2,22406,53560,53560,86986,52.1749194749951,-3.0111843633217408,52.1749194749951,-1000.0,230.05957023445333,1052.174919474995,19,rolling,losing_streak_fitness,1_day,rep_2
24,2,22406,53560,53560,86986,52.1749194749951,-1.687755186498199,52.1749194749951,-1000.0,230.2815277305312,1052.174919474995,20,rolling,losing_streak_fitness,1_day,rep_2
25,2,22406,53560,53560,86986,52.1749194749951,-1.8394859113268456,52.1749194749951,-1000.0,230.25475404554996,1052.174919474995,21,rolling,losing_streak_fitness,1_day,rep_2
26,2,22406,53560,53560,86986,52.1749194749951,29.91575124307517,52.1749194749951,-1000.0,147.97528542017048,1052.174919474995,22,rolling,losing_streak_fitness,1_day,rep_2
27,2,22406,53560,53560,86986,52.1749194749951,17.892375262713088,52.1749194749951,-1000.0,180.17577765991243,1052.174919474995,23,rolling,losing_streak_fitness,1_day,rep_2
28,2,22406,53560,53560,86986,52.1749194749951,40.90781428774516,52.1749194749951,-1000.0,105.20220313002594,1052.174919474995,24,rolling,losing_streak_fitness,1_day,rep_2
29,2,22406,53560,53560,86986,52.1749194749951,19.105194962719818,52.1749194749951,-1000.0,180.24249102258216,1052.174919474995,25,rolling,losing_streak_fitness,1_day,rep_2
30,2,22406,53560,53560,86986,52.1749194749951,9.176484590778523,52.1749194749951,-1000.0,207.09204186039503,1052.174919474995,26,rolling,losing_streak_fitness,1_day,rep_2
31,2,22406,53560,53560,86986,52.1749194749951,50.37776432367719,52.1749194749951,-2.571428571428572,7.730492684574571,54.74634804642367,27,rolling,losing_streak_fitness,1_day,rep_2
32,2,22406,53560,53560,86986,52.1749194749951,30.288429239325136,52.1749194749951,-1000.0,147.9802415140464,1052.174919474995,28,rolling,losing_streak_fitness,1_day,rep_2
33,2,22406,53560,53560,86986,52.1749194749951,8.436592771986046,52.1749194749951,-1000.0,207.01442284362517,1052.174919474995,29,rolling,losing_streak_fitness,1_day,rep_2
34,2,22406,53560,53560,86986,52.1749194749951,19.8078012733042,52.1749194749951,-1000.0,180.34152479279405,1052.174919474995,30,rolling,losing_streak_fitness,1_day,rep_2
35,2,22406,53560,53560,86986,52.1749194749951,39.68407301372486,52.1749194749951,-1000.0,105.4031670575054,1052.174919474995,31,rolling,losing_streak_fitness,1_day,rep_2
36,2,22406,53560,53560,86986,52.1749194749951,51.392295682870206,52.1749194749951,22.3606797749979,3.9031125166488168,29.8142396999972,32,rolling,losing_streak_fitness,1_day,rep_2
37,2,22406,53560,53560,86986,52.1749194749951,9.543073246825234,52.1749194749951,-1000.0,207.13138841839373,1052.174919474995,33,rolling,losing_streak_fitness,1_day,rep_2
38,2,22406,53560,53560,86986,52.1749194749951,-1.4708574278564104,52.1749194749951,-1000.0,230.28134824536207,1052.174919474995,34,rolling,losing_streak_fitness,1_day,rep_2
39,2,22406,53560,53560,86986,52.1749194749951,50.51010720172093,52.1749194749951,6.128258770283413,6.874681376034403,46.04666070471168,35,rolling,losing_streak_fitness,1_day,rep_2
40,2,22406,53560,53560,86986,52.1749194749951,39.7895577346788,52.1749194749951,-1000.0,105.30119326474728,1052.174919474995,36,rolling,losing_streak_fitness,1_day,rep_2
41,2,22406,53560,53560,86986,52.1749194749951,51.02223849131572,52.1749194749951,-2.571428571428572,6.2495181951984335,54.74634804642367,37,rolling,losing_streak_fitness,1_day,rep_2
42,2,22406,53560,53560,86986,52.1749194749951,39.43389065264567,52.1749194749951,-1000.0,105.3100072006942,1052.174919474995,38,rolling,losing_streak_fitness,1_day,rep_2
43,2,22406,53560,53560,86986,52.1749194749951,19.46345836746397,52.1749194749951,-1000.0,180.298663152608,1052.174919474995,39,rolling,losing_streak_fitness,1_day,rep_2
44,2,22406,53560,53560,86986,52.1749194749951,39.58382312876065,52.1749194749951,-1000.0,105.4814618340747,1052.174919474995,40,rolling,losing_streak_fitness,1_day,rep_2
45,2,22406,53560,53560,86986,52.1749194749951,51.876777077995165,52.1749194749951,22.3606797749979,2.98142396999972,29.8142396999972,41,rolling,losing_streak_fitness,1_day,rep_2
46,2,22406,53560,53560,86986,52.1749194749951,40.155160812617865,52.1749194749951,-1000.0,105.28289715492748,1052.174919474995,42,rolling,losing_streak_fitness,1_day,rep_2
47,2,22406,53560,53560,86986,52.1749194749951,40.741732175028325,52.1749194749951,-1000.0,105.236389420116,1052.174919474995,43,rolling,losing_streak_fitness,1_day,rep_2
48,2,22406,53560,53560,86986,52.1749194749951,41.30074916940329,52.1749194749951,-1000.0,105.2409121574933,1052.174919474995,44,rolling,losing_streak_fitness,1_day,rep_2
49,2,22406,53560,53560,86986,52.1749194749951,8.477106542802321,52.1749194749951,-1000.0,207.03487250351705,1052.174919474995,45,rolling,losing_streak_fitness,1_day,rep_2
50,2,22406,53560,53560,86986,52.1749194749951,40.74719634873578,52.1749194749951,-1000.0,105.29759695085647,1052.174919474995,46,rolling,losing_streak_fitness,1_day,rep_2
51,2,22406,53560,53560,86986,52.1749194749951,29.68953041403102,52.1749194749951,-1000.0,148.00198726036732,1052.174919474995,47,rolling,losing_streak_fitness,1_day,rep_2
52,2,22406,53560,53560,86986,52.1749194749951,50.94913160014974,52.1749194749951,-9.882117688026186,6.973418064903908,62.057037163021285,48,rolling,losing_streak_fitness,1_day,rep_2
53,2,22406,53560,53560,86986,52.1749194749951,39.82418967084914,52.1749194749951,-1000.0,105.3074425067654,1052.174919474995,49,rolling,losing_streak_fitness,1_day,rep_2
54,2,22406,53560,53560,86986,52.1749194749951,19.442594024143123,52.1749194749951,-1000.0,180.25990585130376,1052.174919474995,50,rolling,losing_streak_fitness,1_day,rep_2
55,2,22406,53560,53560,86986,52.1749194749951,50.43204303751904,52.1749194749951,-2.571428571428572,7.891769054529028,54.74634804642367,51,rolling,losing_streak_fitness,1_day,rep_2
56,2,22406,53560,53560,86986,52.1749194749951,51.07628786743978,52.1749194749951,31.23099422048552,4.410226346169874,20.943925254509583,52,rolling,losing_streak_fitness,1_day,rep_2
57,2,22406,53560,53560,86986,52.1749194749951,29.947561642394035,52.1749194749951,-1000.0,148.03330062507018,1052.174919474995,53,rolling,losing_streak_fitness,1_day,rep_2
58,2,22406,53560,53560,86986,52.1749194749951,49.19350905179802,52.1749194749951,-2.571428571428572,11.1762530472985,54.74634804642367,54,rolling,losing_streak_fitness,1_day,rep_2
59,2,22406,53560,53560,86986,52.1749194749951,50.82173194798585,52.1749194749951,-2.571428571428572,6.806141251272189,54.74634804642367,55,rolling,losing_streak_fitness,1_day,rep_2
60,2,22406,53560,53560,86986,52.1749194749951,40.17884669279021,52.1749194749951,-1000.0,105.24240097807112,1052.174919474995,56,rolling,losing_streak_fitness,1_day,rep_2
61,2,22406,53560,53560,86986,52.1749194749951,27.99383129144489,52.1749194749951,-1000.0,147.98403706007912,1052.174919474995,57,rolling,losing_streak_fitness,1_day,rep_2
62,2,22406,53560,53560,86986,52.1749194749951,18.120254137559066,52.1749194749951,-1000.0,180.23634454827,1052.174919474995,58,rolling,losing_streak_fitness,1_day,rep_2
63,2,22406,53560,53560,86986,52.1749194749951,19.824204729608347,52.1749194749951,-1000.0,180.30607370396464,1052.174919474995,59,rolling,losing_streak_fitness,1_day,rep_2
64,2,22406,53560,53560,86986,52.1749194749951,38.84631600354452,52.1749194749951,-1000.0,105.38226264194064,1052.174919474995,60,rolling,losing_streak_fitness,1_day,rep_2
65,2,22406,53560,53560,86986,52.1749194749951,30.796010888870192,52.1749194749951,-1000.0,148.02883717452,1052.174919474995,61,rolling,losing_streak_fitness,1_day,rep_2
66,2,22406,53560,53560,86986,52.1749194749951,40.45775732323327,52.1749194749951,-1000.0,105.23522228385492,1052.174919474995,62,rolling,losing_streak_fitness,1_day,rep_2
67,2,22406,53560,53560,86986,52.1749194749951,51.0141602863141,52.1749194749951,-2.571428571428572,6.6637110837381135,54.74634804642367,63,rolling,losing_streak_fitness,1_day,rep_2
68,2,22406,53560,53560,86986,52.1749194749951,39.23401604921293,52.1749194749951,-1000.0,105.39757524834413,1052.174919474995,64,rolling,losing_streak_fitness,1_day,rep_2
69,2,22406,53560,53560,86986,52.1749194749951,29.689530414031,52.1749194749951,-1000.0,147.995351777414,1052.174919474995,65,rolling,losing_streak_fitness,1_day,rep_2
70,2,22406,53560,53560,86986,52.1749194749951,50.66435320676644,52.1749194749951,16.93280839081338,6.378477922891329,35.242111084181715,66,rolling,losing_streak_fitness,1_day,rep_2
71,2,22406,53560,53560,86986,52.1749194749951,40.678750089689125,52.1749194749951,-1000.0,105.32060695522554,1052.174919474995,67,rolling,losing_streak_fitness,1_day,rep_2
72,2,22406,53560,53560,86986,52.1749194749951,31.13142108549516,52.1749194749951,-1000.0,148.0465815275561,1052.174919474995,68,rolling,losing_streak_fitness,1_day,rep_2
73,2,22406,53560,53560,86986,52.1749194749951,40.558243319316645,52.1749194749951,-1000.0,105.38873063450448,1052.174919474995,69,rolling,losing_streak_fitness,1_day,rep_2
74,2,22406,53560,53560,86986,52.1749194749951,29.32009838897236,52.1749194749951,-1000.0,148.001630855284,1052.174919474995,70,rolling,losing_streak_fitness,1_day,rep_2
75,2,22406,53560,53560,86986,52.1749194749951,50.75328568893913,52.1749194749951,-2.571428571428572,7.25003059735169,54.74634804642367,71,rolling,losing_streak_fitness,1_day,rep_2
76,2,22406,53560,53560,86986,52.1749194749951,51.876777077995165,52.1749194749951,37.26779962499649,2.0975106832189767,14.907119849998608,72,rolling,losing_streak_fitness,1_day,rep_2
77,2,22406,53560,53560,86986,52.1749194749951,30.88471403332505,52.1749194749951,-1000.0,148.02638907731273,1052.174919474995,73,rolling,losing_streak_fitness,1_day,rep_2
78,2,22406,53560,53560,86986,52.1749194749951,50.32713252043551,52.1749194749951,-9.882117688026186,8.789336814337254,62.057037163021285,74,rolling,losing_streak_fitness,1_day,rep_2
79,2,22406,53560,53560,86986,52.1749194749951,29.038966906189238,52.1749194749951,-1000.0,147.9762643292906,1052.174919474995,75,rolling,losing_streak_fitness,1_day,rep_2
80,2,22406,53560,53560,86986,52.1749194749951,19.054563159478136,52.1749194749951,-1000.0,180.29147438832783,1052.174919474995,76,rolling,losing_streak_fitness,1_day,rep_2
81,2,22406,53560,53560,86986,52.1749194749951,29.9963761825284,52.1749194749951,-1000.0,147.95615100391382,1052.174919474995,77,rolling,losing_streak_fitness,1_day,rep_2
82,2,22406,53560,53560,86986,52.1749194749951,18.63448528402169,52.1749194749951,-1000.0,180.2507224964164,1052.174919474995,78,rolling,losing_streak_fitness,1_day,rep_2
83,2,22406,53560,53560,86986,52.1749194749951,50.1244077745895,52.1749194749951,-9.882117688026186,9.030421025442502,62.057037163021285,79,rolling,losing_streak_fitness,1_day,rep_2
84,2,22406,53560,53560,86986,52.1749194749951,40.369054178778384,52.1749194749951,-1000.0,105.24681588493158,1052.174919474995,80,rolling,losing_streak_fitness,1_day,rep_2
85,2,22406,53560,53560,86986,52.1749194749951,51.16868888512023,52.1749194749951,22.3606797749979,4.703766668896416,29.8142396999972,81,rolling,losing_streak_fitness,1_day,rep_2
86,2,22406,53560,53560,86986,52.1749194749951,29.92991878828005,52.1749194749951,-1000.0,147.9525878617469,1052.174919474995,82,rolling,losing_streak_fitness,1_day,rep_2
87,2,22406,53560,53560,86986,52.1749194749951,30.360121469563158,52.1749194749951,-1000.0,148.00610428124097,1052.174919474995,83,rolling,losing_streak_fitness,1_day,rep_2
88,2,22406,53560,53560,86986,52.1749194749951,30.20297206606156,52.1749194749951,-1000.0,147.99980810547754,1052.174919474995,84,rolling,losing_streak_fitness,1_day,rep_2
89,2,22406,53560,53560,86986,52.1749194749951,29.41750490492465,52.1749194749951,-1000.0,147.9704416582837,1052.174919474995,85,rolling,losing_streak_fitness,1_day,rep_2
90,2,22406,53560,53560,86986,52.1749194749951,50.43631511461502,52.1749194749951,-9.882117688026186,7.798616538460851,62.057037163021285,86,rolling,losing_streak_fitness,1_day,rep_2
91,2,22406,53560,53560,86986,52.1749194749951,20.348797293370243,52.1749194749951,-1000.0,180.35368296293893,1052.174919474995,87,rolling,losing_streak_fitness,1_day,rep_2
92,2,22406,53560,53560,86986,52.1749194749951,40.86770311910821,52.1749194749951,-1000.0,105.22919570180568,1052.174919474995,88,rolling,losing_streak_fitness,1_day,rep_2
93,2,22406,53560,53560,86986,52.1749194749951,29.990286842325137,52.1749194749951,-1000.0,147.9695262428205,1052.174919474995,89,rolling,losing_streak_fitness,1_day,rep_2
94,2,22406,53560,53560,86986,52.1749194749951,40.98234988699521,52.1749194749951,-1000.0,105.23557187064964,1052.174919474995,90,rolling,losing_streak_fitness,1_day,rep_2
95,2,22406,53560,53560,86986,52.1749194749951,29.25102696342978,52.1749194749951,-1000.0,148.035840424943,1052.174919474995,91,rolling,losing_streak_fitness,1_day,rep_2
96,2,22406,53560,53560,86986,52.1749194749951,51.23167774386082,52.1749194749951,-2.571428571428572,5.921916265369993,54.74634804642367,92,rolling,losing_streak_fitness,1_day,rep_2
97,2,22406,53560,53560,86986,52.1749194749951,30.406321978403376,52.1749194749951,-1000.0,148.01526639409164,1052.174919474995,93,rolling,losing_streak_fitness,1_day,rep_2
98,2,22406,53560,53560,86986,52.1749194749951,39.28141592841943,52.1749194749951,-1000.0,105.3895400886292,1052.174919474995,94,rolling,losing_streak_fitness,1_day,rep_2
99,2,22406,53560,53560,86986,52.1749194749951,29.933394097189115,52.1749194749951,-1000.0,148.02945348111362,1052.174919474995,95,rolling,losing_streak_fitness,1_day,rep_2
100,2,22406,53560,53560,86986,52.1749194749951,51.06843900015595,52.1749194749951,-2.571428571428572,6.3782383322520255,54.74634804642367,96,rolling,losing_streak_fitness,1_day,rep_2
0,3,53560,86986,86986,125287,88.18163074019441,-2717.6430379209046,-1000.0,-42913.218627364695,6604.138790436936,43001.40025810489,0,rolling,losing_streak_fitness,1_day,rep_2
1,3,53560,86986,86986,125287,234.78713763747797,-688.1437849360793,-620.1326471006022,-10014.552167276932,1066.255861700048,10249.33930491441,0,rolling,losing_streak_fitness,1_day,rep_2
2,3,53560,86986,86986,125287,106.21322893124,-412.20166568103946,-207.1822868876584,-4137.743708834562,584.8045981423226,4243.956937765803,1,rolling,losing_streak_fitness,1_day,rep_2
3,3,53560,86986,86986,125287,234.78713763747797,-312.47325105957145,-142.2382998138522,-1479.4918046410394,393.57776434407486,1714.2789422785172,2,rolling,losing_streak_fitness,1_day,rep_2
4,3,53560,86986,86986,125287,301.8691769624716,-177.94582604751838,-58.37250350904253,-1000.0,348.85122222845314,1301.8691769624716,0,rolling,losing_streak_fitness,1_day,rep_2
5,3,53560,86986,86986,125287,301.8691769624716,-240.7660163166264,-36.23443152276268,-1000.0,439.3796337251353,1301.8691769624716,1,rolling,losing_streak_fitness,1_day,rep_2
6,3,53560,86986,86986,125287,301.8691769624716,-207.50819257724493,-13.990922165869508,-1000.0,434.8291550062421,1301.8691769624716,2,rolling,losing_streak_fitness,1_day,rep_2
7,3,53560,86986,86986,125287,301.8691769624716,-191.5133183939001,11.180339887498947,-1000.0,461.5531376259444,1301.8691769624716,3,rolling,losing_streak_fitness,1_day,rep_2
8,3,53560,86986,86986,125287,313.0495168499706,-81.16566782195883,67.0820393249937,-1000.0,419.093909903309,1313.0495168499706,0,rolling,losing_streak_fitness,1_day,rep_2
9,3,53560,86986,86986,125287,313.0495168499706,-64.05835195759762,79.80845806946917,-1000.0,455.15565066023,1313.0495168499706,1,rolling,losing_streak_fitness,1_day,rep_2
10,3,53560,86986,86986,125287,313.0495168499706,61.92096361729541,234.78713763747797,-1000.0,405.3758102275714,1313.0495168499706,2,rolling,losing_streak_fitness,1_day,rep_2
11,3,53560,86986,86986,125287,324.2298567374695,188.8028157744729,279.5084971874737,-1000.0,306.2524652642567,1324.2298567374696,0,rolling,losing_streak_fitness,1_day,rep_2
12,3,53560,86986,86986,125287,324.2298567374695,172.8227917371023,290.6888370749727,-1000.0,353.9679172705825,1324.2298567374696,1,rolling,losing_streak_fitness,1_day,rep_2
13,3,53560,86986,86986,125287,324.2298567374695,157.2123199123499,301.8691769624716,-1000.0,410.14820685163687,1324.2298567374696,2,rolling,losing_streak_fitness,1_day,rep_2
14,3,53560,86986,86986,125287,324.2298567374695,229.15232943399096,313.0495168499706,-1000.0,313.2733518121885,1324.2298567374696,3,rolling,losing_streak_fitness,1_day,rep_2
15,3,53560,86986,86986,125287,324.2298567374695,274.35759168098946,313.0495168499706,-1000.0,226.6967292856396,1324.2298567374696,4,rolling,losing_streak_fitness,1_day,rep_2
16,3,53560,86986,86986,125287,324.2298567374695,223.7751941508796,324.2298567374695,-1000.0,338.35377230804903,1324.2298567374696,5,rolling,losing_streak_fitness,1_day,rep_2
17,3,53560,86986,86986,125287,324.2298567374695,280.6390661846677,324.2298567374695,-1000.0,227.6044821876201,1324.2298567374696,6,rolling,losing_streak_fitness,1_day,rep_2
18,3,53560,86986,86986,125287,324.2298567374695,229.9685191815971,324.2298567374695,-1000.0,339.29625651080505,1324.2298567374696,7,rolling,losing_streak_fitness,1_day,rep_2
19,3,53560,86986,86986,125287,324.2298567374695,254.50389210966583,324.2298567374695,-1000.0,290.4958994147761,1324.2298567374696,8,rolling,losing_streak_fitness,1_day,rep_2
20,3,53560,86986,86986,125287,324.2298567374695,253.92155448281915,324.2298567374695,-1000.0,290.6902072297345,1324.2298567374696,9,rolling,losing_streak_fitness,1_day,rep_2
21,3,53560,86986,86986,125287,324.2298567374695,275.7515767915918,324.2298567374695,-1000.0,229.6706520773868,1324.2298567374696,10,rolling,losing_streak_fitness,1_day,rep_2
22,3,53560,86986,86986,125287,324.2298567374695,257.6829537039714,324.2298567374695,-1000.0,289.99650880935314,1324.2298567374696,11,rolling,losing_streak_fitness,1_day,rep_2
23,3,53560,86986,86986,125287,324.2298567374695,276.04177165181096,324.2298567374695,-1000.0,229.10251694243027,1324.2298567374696,12,rolling,losing_streak_fitness,1_day,rep_2
24,3,53560,86986,86986,125287,324.2298567374695,254.64219288805023,324.2298567374695,-1000.0,289.95252763858645,1324.2298567374696,13,rolling,losing_streak_fitness,1_day,rep_2
25,3,53560,86986,86986,125287,324.2298567374695,294.1115552708832,324.2298567374695,-1000.0,187.85053727698133,1324.2298567374696,14,rolling,losing_streak_fitness,1_day,rep_2
26,3,53560,86986,86986,125287,324.2298567374695,304.8390289161116,324.2298567374695,-1000.0,136.40749345237518,1324.2298567374696,15,rolling,losing_streak_fitness,1_day,rep_2
27,3,53560,86986,86986,125287,324.2298567374695,278.59522818927235,324.2298567374695,-1000.0,228.714641302372,1324.2298567374696,16,rolling,losing_streak_fitness,1_day,rep_2
28,3,53560,86986,86986,125287,324.2298567374695,253.5954520555432,324.2298567374695,-1000.0,290.13170898770073,1324.2298567374696,17,rolling,losing_streak_fitness,1_day,rep_2
29,3,53560,86986,86986,125287,324.2298567374695,295.28558482747087,324.2298567374695,-1000.0,186.4580094443744,1324.2298567374696,18,rolling,losing_streak_fitness,1_day,rep_2
30,3,53560,86986,86986,125287,324.2298567374695,225.6924864344025,324.2298567374695,-1000.0,340.1356780560371,1324.2298567374696,19,rolling,losing_streak_fitness,1_day,rep_2
31,3,53560,86986,86986,125287,324.2298567374695,211.98633976887973,324.2298567374695,-1000.0,360.23010568497915,1324.2298567374696,20,rolling,losing_streak_fitness,1_day,rep_2
32,3,53560,86986,86986,125287,324.2298567374695,267.5225838792908,324.2298567374695,-1000.0,261.50137051719594,1324.2298567374696,21,rolling,losing_streak_fitness,1_day,rep_2
33,3,53560,86986,86986,125287,324.2298567374695,282.937713451096,324.2298567374695,-1000.0,226.9806210458713,1324.2298567374696,22,rolling,losing_streak_fitness,1_day,rep_2
34,3,53560,86986,86986,125287,324.2298567374695,267.7180294029551,324.2298567374695,-1000.0,261.9429425100931,1324.2298567374696,23,rolling,losing_streak_fitness,1_day,rep_2
35,3,53560,86986,86986,125287,324.2298567374695,237.32110653956167,324.2298567374695,-1000.0,316.6560376592112,1324.2298567374696,24,rolling,losing_streak_fitness,1_day,rep_2
36,3,53560,86986,86986,125287,324.2298567374695,281.2385934216747,324.2298567374695,-1000.0,227.3096796771921,1324.2298567374696,25,rolling,losing_streak_fitness,1_day,rep_2
37,3,53560,86986,86986,125287,324.2298567374695,303.95995455541754,324.2298567374695,-1000.0,136.97501580210346,1324.2298567374696,26,rolling,losing_streak_fitness,1_day,rep_2
38,3,53560,86986,86986,125287,324.2298567374695,249.249790046682,324.2298567374695,-1000.0,291.3652640768431,1324.2298567374696,27,rolling,losing_streak_fitness,1_day,rep_2
39,3,53560,86986,86986,125287,324.2298567374695,295.73279842297086,324.2298567374695,-1000.0,186.33117019647216,1324.2298567374696,28,rolling,losing_streak_fitness,1_day,rep_2
40,3,53560,86986,86986,125287,324.2298567374695,276.113484367726,324.2298567374695,-1000.0,228.91833530132408,1324.2298567374696,29,rolling,losing_streak_fitness,1_day,rep_2
41,3,53560,86986,86986,125287,324.2298567374695,295.73279842297075,324.2298567374695,-1000.0,186.32439382502076,1324.2298567374696,30,rolling,losing_streak_fitness,1_day,rep_2
42,3,53560,86986,86986,125287,324.2298567374695,289.49896314962143,324.2298567374695,-1000.0,187.951579067084,1324.2298567374696,31,rolling,losing_streak_fitness,1_day,rep_2
43,3,53560,86986,86986,125287,324.2298567374695,264.5543206389554,324.2298567374695,-1000.0,262.787232709181,1324.2298567374696,32,rolling,losing_streak_fitness,1_day,rep_2
44,3,53560,86986,86986,125287,324.2298567374695,266.614143825168,324.2298567374695,-1000.0,261.16182933415485,1324.2298567374696,33,rolling,losing_streak_fitness,1_day,rep_2
45,3,53560,86986,86986,125287,324.2298567374695,280.9651686119436,324.2298567374695,-1000.0,228.37650215968748,1324.2298567374696,34,rolling,losing_streak_fitness,1_day,rep_2
46,3,53560,86986,86986,125287,324.2298567374695,237.75029849839825,324.2298567374695,-1000.0,316.36130413804784,1324.2298567374696,35,rolling,losing_streak_fitness,1_day,rep_2
47,3,53560,86986,86986,125287,324.2298567374695,254.86579968580017,324.2298567374695,-1000.0,289.9761643818572,1324.2298567374696,36,rolling,losing_streak_fitness,1_day,rep_2
48,3,53560,86986,86986,125287,324.2298567374695,247.736666136664,324.2298567374695,-1000.0,292.3937651167888,1324.2298567374696,37,rolling,losing_streak_fitness,1_day,rep_2
49,3,53560,86986,86986,125287,324.2298567374695,286.7620156625692,324.2298567374695,-1000.0,191.58106129799432,1324.2298567374696,38,rolling,losing_streak_fitness,1_day,rep_2
50,3,53560,86986,86986,125287,324.2298567374695,296.62722561397067,324.2298567374695,-1000.0,186.2774324575811,1324.2298567374696,39,rolling,losing_streak_fitness,1_day,rep_2
51,3,53560,86986,86986,125287,324.2298567374695,275.8115944989926,324.2298567374695,-1000.0,230.7250901711616,1324.2298567374696,40,rolling,losing_streak_fitness,1_day,rep_2
52,3,53560,86986,86986,125287,324.2298567374695,250.98145251656948,324.2298567374695,-1000.0,291.43912256027784,1324.2298567374696,41,rolling,losing_streak_fitness,1_day,rep_2
53,3,53560,86986,86986,125287,324.2298567374695,279.9589380220688,324.2298567374695,-1000.0,228.30056713805104,1324.2298567374696,42,rolling,losing_streak_fitness,1_day,rep_2
54,3,53560,86986,86986,125287,324.2298567374695,277.036927081957,324.2298567374695,-1000.0,230.7263203300136,1324.2298567374696,43,rolling,losing_streak_fitness,1_day,rep_2
55,3,53560,86986,86986,125287,324.2298567374695,289.5524800449407,324.2298567374695,-1000.0,189.87885198482232,1324.2298567374696,44,rolling,losing_streak_fitness,1_day,rep_2
56,3,53560,86986,86986,125287,324.2298567374695,230.974749771472,324.2298567374695,-1000.0,339.43753976545713,1324.2298567374696,45,rolling,losing_streak_fitness,1_day,rep_2
57,3,53560,86986,86986,125287,324.2298567374695,283.2731236477209,324.2298567374695,-1000.0,227.00584564818524,1324.2298567374696,46,rolling,losing_streak_fitness,1_day,rep_2
58,3,53560,86986,86986,125287,324.2298567374695,239.5624735128699,324.2298567374695,-1000.0,316.3901205285595,1324.2298567374696,47,rolling,losing_streak_fitness,1_day,rep_2
59,3,53560,86986,86986,125287,324.2298567374695,269.91902168147124,324.2298567374695,-1000.0,260.7171960141728,1324.2298567374696,48,rolling,losing_streak_fitness,1_day,rep_2
60,3,53560,86986,86986,125287,324.2298567374695,276.9274849754965,324.2298567374695,-1000.0,227.9788352814511,1324.2298567374696,49,rolling,losing_streak_fitness,1_day,rep_2
61,3,53560,86986,86986,125287,324.2298567374695,263.6445406176497,324.2298567374695,-1000.0,262.5413551828741,1324.2298567374696,50,rolling,losing_streak_fitness,1_day,rep_2
62,3,53560,86986,86986,125287,324.2298567374695,308.84122454517416,324.2298567374695,-1000.0,133.36264079961887,1324.2298567374696,51,rolling,losing_streak_fitness,1_day,rep_2
63,3,53560,86986,86986,125287,324.2298567374695,297.0744392094707,324.2298567374695,-1000.0,186.29637940164164,1324.2298567374696,52,rolling,losing_streak_fitness,1_day,rep_2
64,3,53560,86986,86986,125287,324.2298567374695,276.3543195701587,324.2298567374695,-1000.0,228.6926776483084,1324.2298567374696,53,rolling,losing_streak_fitness,1_day,rep_2
65,3,53560,86986,86986,125287,324.2298567374695,305.5442673242044,324.2298567374695,-1000.0,135.8702145589575,1324.2298567374696,54,rolling,losing_streak_fitness,1_day,rep_2
66,3,53560,86986,86986,125287,324.2298567374695,305.9914809197044,324.2298567374695,-1000.0,135.8200716764917,1324.2298567374696,55,rolling,losing_streak_fitness,1_day,rep_2
67,3,53560,86986,86986,125287,324.2298567374695,291.01836238154016,324.2298567374695,-1000.0,190.4146160801114,1324.2298567374696,56,rolling,losing_streak_fitness,1_day,rep_2
68,3,53560,86986,86986,125287,324.2298567374695,294.69335423759594,324.2298567374695,-1000.0,188.0366839564248,1324.2298567374696,57,rolling,losing_streak_fitness,1_day,rep_2
69,3,53560,86986,86986,125287,324.2298567374695,291.45950309005684,324.2298567374695,-1000.0,190.62307566291145,1324.2298567374696,58,rolling,losing_streak_fitness,1_day,rep_2
70,3,53560,86986,86986,125287,324.2298567374695,266.7443884203787,324.2298567374695,-1000.0,261.0172625705755,1324.2298567374696,59,rolling,losing_streak_fitness,1_day,rep_2
71,3,53560,86986,86986,125287,324.2298567374695,264.341858390409,324.2298567374695,-1000.0,261.869597530434,1324.2298567374696,60,rolling,losing_streak_fitness,1_day,rep_2
72,3,53560,86986,86986,125287,324.2298567374695,256.22950951859644,324.2298567374695,-1000.0,289.83657612603736,1324.2298567374696,61,rolling,losing_streak_fitness,1_day,rep_2
73,3,53560,86986,86986,125287,324.2298567374695,263.2809691469391,324.2298567374695,-1000.0,263.05306523632936,1324.2298567374696,62,rolling,losing_streak_fitness,1_day,rep_2
74,3,53560,86986,86986,125287,324.2298567374695,244.32885173772164,324.2298567374695,-1000.0,315.9695871577084,1324.2298567374696,63,rolling,losing_streak_fitness,1_day,rep_2
75,3,53560,86986,86986,125287,324.2298567374695,292.41861279731853,324.2298567374695,-1000.0,188.208726099339,1324.2298567374696,64,rolling,losing_streak_fitness,1_day,rep_2
76,3,53560,86986,86986,125287,324.2298567374695,238.75652908827325,324.2298567374695,-1000.0,316.50778193022217,1324.2298567374696,65,rolling,losing_streak_fitness,1_day,rep_2
77,3,53560,86986,86986,125287,324.2298567374695,291.2564407159757,324.2298567374695,-1000.0,189.23132705046183,1324.2298567374696,66,rolling,losing_streak_fitness,1_day,rep_2
78,3,53560,86986,86986,125287,324.2298567374695,294.331315761823,324.2298567374695,-1000.0,188.55671001272415,1324.2298567374696,67,rolling,losing_streak_fitness,1_day,rep_2
79,3,53560,86986,86986,125287,324.2298567374695,225.10569038817613,324.2298567374695,-1000.0,339.54099699635015,1324.2298567374696,68,rolling,losing_streak_fitness,1_day,rep_2
80,3,53560,86986,86986,125287,324.2298567374695,292.7660681775732,324.2298567374695,-1000.0,188.6141626371627,1324.2298567374696,69,rolling,losing_streak_fitness,1_day,rep_2
81,3,53560,86986,86986,125287,324.2298567374695,296.6272256139708,324.2298567374695,-1000.0,186.39262629170176,1324.2298567374696,70,rolling,losing_streak_fitness,1_day,rep_2
82,3,53560,86986,86986,125287,324.2298567374695,237.91191990925432,324.2298567374695,-1000.0,315.53697755915124,1324.2298567374696,71,rolling,losing_streak_fitness,1_day,rep_2
83,3,53560,86986,86986,125287,324.2298567374695,306.3594807236279,324.2298567374695,-1000.0,134.38091709593613,1324.2298567374696,72,rolling,losing_streak_fitness,1_day,rep_2
84,3,53560,86986,86986,125287,324.2298567374695,304.11226819692456,324.2298567374695,-1000.0,136.13907005736073,1324.2298567374696,73,rolling,losing_streak_fitness,1_day,rep_2
85,3,53560,86986,86986,125287,324.2298567374695,305.8744942997765,324.2298567374695,-1000.0,136.73853888727427,1324.2298567374696,74,rolling,losing_streak_fitness,1_day,rep_2
86,3,53560,86986,86986,125287,324.2298567374695,279.73049058270493,324.2298567374695,-1000.0,228.50360823201183,1324.2298567374696,75,rolling,losing_streak_fitness,1_day,rep_2
87,3,53560,86986,86986,125287,324.2298567374695,277.7128461819021,324.2298567374695,-1000.0,228.98874099080277,1324.2298567374696,76,rolling,losing_streak_fitness,1_day,rep_2
88,3,53560,86986,86986,125287,324.2298567374695,289.9891730794385,324.2298567374695,-1000.0,190.4754661965928,1324.2298567374696,77,rolling,losing_streak_fitness,1_day,rep_2
89,3,53560,86986,86986,125287,324.2298567374695,236.85224135473743,324.2298567374695,-1000.0,317.1405477632799,1324.2298567374696,78,rolling,losing_streak_fitness,1_day,rep_2
90,3,53560,86986,86986,125287,324.2298567374695,279.9709832056984,324.2298567374695,-1000.0,228.55832437088588,1324.2298567374696,79,rolling,losing_streak_fitness,1_day,rep_2
91,3,53560,86986,86986,125287,324.2298567374695,306.9977115095794,324.2298567374695,-1000.0,135.72499853413564,1324.2298567374696,80,rolling,losing_streak_fitness,1_day,rep_2
92,3,53560,86986,86986,125287,324.2298567374695,270.03082508034623,324.2298567374695,-1000.0,260.7140612311969,1324.2298567374696,81,rolling,losing_streak_fitness,1_day,rep_2
93,3,53560,86986,86986,125287,324.2298567374695,296.8508324117207,324.2298567374695,-1000.0,186.4123898439753,1324.2298567374696,82,rolling,losing_streak_fitness,1_day,rep_2
94,3,53560,86986,86986,125287,324.2298567374695,266.5050778405737,324.2298567374695,-1000.0,261.8727493530537,1324.2298567374696,83,rolling,losing_streak_fitness,1_day,rep_2
95,3,53560,86986,86986,125287,324.2298567374695,241.53376676584688,324.2298567374695,-1000.0,315.6285848071676,1324.2298567374696,84,rolling,losing_streak_fitness,1_day,rep_2
96,3,53560,86986,86986,125287,324.2298567374695,293.58646479804946,324.2298567374695,-1000.0,186.93805403893165,1324.2298567374696,85,rolling,losing_streak_fitness,1_day,rep_2
97,3,53560,86986,86986,125287,324.2298567374695,309.6459173835956,324.2298567374695,-1000.0,132.66177791994463,1324.2298567374696,86,rolling,losing_streak_fitness,1_day,rep_2
98,3,53560,86986,86986,125287,324.2298567374695,257.4593469062216,324.2298567374695,-1000.0,289.9707137609111,1324.2298567374696,87,rolling,losing_streak_fitness,1_day,rep_2
99,3,53560,86986,86986,125287,324.2298567374695,295.5989259777993,324.2298567374695,-1000.0,186.84154405976784,1324.2298567374696,88,rolling,losing_streak_fitness,1_day,rep_2
100,3,53560,86986,86986,125287,324.2298567374695,291.3476996911819,324.2298567374695,-1000.0,190.6069392347518,1324.2298567374696,89,rolling,losing_streak_fitness,1_day,rep_2
0,4,86986,125287,125287,130699,432.0,-2879.667280966892,-572.0289051623156,-51994.11474027613,6863.1348484066575,52426.11474027613,0,rolling,losing_streak_fitness,1_day,rep_2
1,4,86986,125287,125287,130699,399.6532872378257,-533.5742024165162,-184.2855403495971,-10740.91181617544,1420.104976444276,11140.565103413264,1,rolling,losing_streak_fitness,1_day,rep_2
2,4,86986,125287,125287,130699,348.5685011586675,-122.1391723505079,-16.22015941479227,-4191.78884845122,505.01044450952736,4540.357349609887,2,rolling,losing_streak_fitness,1_day,rep_2
3,4,86986,125287,125287,130699,522.8527517380013,60.3209612838758,62.4266035179212,-1000.0,180.9150598051164,1522.8527517380012,0,rolling,losing_streak_fitness,1_day,rep_2
4,4,86986,125287,125287,130699,371.3717813727909,111.3191450848233,152.4204710660612,-1000.0,217.06031641669597,1371.3717813727908,1,rolling,losing_streak_fitness,1_day,rep_2
5,4,86986,125287,125287,130699,416.2364111896027,131.27340732284793,153.07150879701294,-1000.0,225.3670172174026,1416.236411189603,2,rolling,losing_streak_fitness,1_day,rep_2
6,4,86986,125287,125287,130699,456.2314227572572,197.60545679635877,215.877866353004,-1000.0,237.56792249813728,1456.2314227572572,3,rolling,losing_streak_fitness,1_day,rep_2
7,4,86986,125287,125287,130699,592.0,262.6172739296871,257.0069173301675,-52.88141870680517,127.26883755418646,644.8814187068052,0,rolling,losing_streak_fitness,1_day,rep_2
8,4,86986,125287,125287,130699,592.0,307.1428311138638,371.3717813727909,-31.176914536239792,125.35704784881426,623.1769145362398,1,rolling,losing_streak_fitness,1_day,rep_2
9,4,86986,125287,125287,130699,592.0,367.5580619020163,380.7000860986973,46.76537180435969,106.18902891916385,545.2346281956403,2,rolling,losing_streak_fitness,1_day,rep_2
10,4,86986,125287,125287,130699,592.0,397.52151487346384,424.56698745561897,-32.141217326661256,130.2346571369368,624.1412173266613,3,rolling,losing_streak_fitness,1_day,rep_2
11,4,86986,125287,125287,130699,592.0,452.03785227588713,456.2314227572572,-72.92352051121779,111.67761973431676,664.9235205112178,4,rolling,losing_streak_fitness,1_day,rep_2
12,4,86986,125287,125287,130699,592.0,514.7967201813094,592.0,176.8,99.16186425012457,415.2,5,rolling,losing_streak_fitness,1_day,rep_2
13,4,86986,125287,125287,130699,592.0,541.6408479016641,592.0,115.95018087284058,109.88083969968454,476.0498191271594,6,rolling,losing_streak_fitness,1_day,rep_2
14,4,86986,125287,125287,130699,592.0,564.0353832358121,592.0,115.95018087284058,95.2452841429578,476.0498191271594,7,rolling,losing_streak_fitness,1_day,rep_2
15,4,86986,125287,125287,130699,592.0,567.343110693849,592.0,211.58025447010093,81.12638565281875,380.4197455298991,8,rolling,losing_streak_fitness,1_day,rep_2
16,4,86986,125287,125287,130699,592.0,564.2133566699947,592.0,115.95018087284058,93.73171168049532,476.0498191271594,9,rolling,losing_streak_fitness,1_day,rep_2
17,4,86986,125287,125287,130699,592.0,552.8280659829522,592.0,115.95018087284058,115.25962960660756,476.0498191271594,10,rolling,losing_streak_fitness,1_day,rep_2
18,4,86986,125287,125287,130699,592.0,580.062850106982,592.0,232.379000772445,58.29142249283722,359.620999227555,11,rolling,losing_streak_fitness,1_day,rep_2
19,4,86986,125287,125287,130699,592.0,553.4790596023537,592.0,115.95018087284058,105.32045248065064,476.0498191271594,12,rolling,losing_streak_fitness,1_day,rep_2
20,4,86986,125287,125287,130699,592.0,572.2567953471552,592.0,115.95018087284058,81.95157586570772,476.0498191271594,13,rolling,losing_streak_fitness,1_day,rep_2
21,4,86986,125287,125287,130699,592.0,570.0820609602445,592.0,204.8,73.08981079747602,387.2,14,rolling,losing_streak_fitness,1_day,rep_2
22,4,86986,125287,125287,130699,592.0,552.1423809778754,592.0,115.95018087284058,109.96477126291106,476.0498191271594,15,rolling,losing_streak_fitness,1_day,rep_2
23,4,86986,125287,125287,130699,592.0,550.1298957922269,592.0,115.95018087284058,121.03988763532035,476.0498191271594,16,rolling,losing_streak_fitness,1_day,rep_2
24,4,86986,125287,125287,130699,592.0,562.9183253431994,592.0,204.8,90.87327922516516,387.2,17,rolling,losing_streak_fitness,1_day,rep_2
25,4,86986,125287,125287,130699,592.0,572.6552648040904,592.0,115.95018087284058,76.59375249568843,476.0498191271594,18,rolling,losing_streak_fitness,1_day,rep_2
26,4,86986,125287,125287,130699,592.0,572.3748414633029,592.0,211.58025447010093,78.32273365213149,380.4197455298991,19,rolling,losing_streak_fitness,1_day,rep_2
27,4,86986,125287,125287,130699,592.0,561.2374867777405,592.0,204.8,96.1287238598052,387.2,20,rolling,losing_streak_fitness,1_day,rep_2
28,4,86986,125287,125287,130699,592.0,561.5852848947476,592.0,115.95018087284058,99.4821352164201,476.0498191271594,21,rolling,losing_streak_fitness,1_day,rep_2
29,4,86986,125287,125287,130699,592.0,555.2598256220779,592.0,115.95018087284058,110.36444210275089,476.0498191271594,22,rolling,losing_streak_fitness,1_day,rep_2
30,4,86986,125287,125287,130699,592.0,556.5568334047701,592.0,115.95018087284058,107.22066001588462,476.0498191271594,23,rolling,losing_streak_fitness,1_day,rep_2
31,4,86986,125287,125287,130699,592.0,562.0897841270543,592.0,211.58025447010093,89.99431464294736,380.4197455298991,24,rolling,losing_streak_fitness,1_day,rep_2
32,4,86986,125287,125287,130699,592.0,547.495028756662,592.0,115.95018087284058,118.44292263381249,476.0498191271594,25,rolling,losing_streak_fitness,1_day,rep_2
33,4,86986,125287,125287,130699,592.0,561.3288726928888,592.0,115.95018087284058,96.0218724101032,476.0498191271594,26,rolling,losing_streak_fitness,1_day,rep_2
34,4,86986,125287,125287,130699,592.0,551.2223194266328,592.0,115.95018087284058,121.61780969164224,476.0498191271594,27,rolling,losing_streak_fitness,1_day,rep_2
35,4,86986,125287,125287,130699,592.0,564.9562184081815,592.0,204.8,94.4114254445508,387.2,28,rolling,losing_streak_fitness,1_day,rep_2
36,4,86986,125287,125287,130699,592.0,557.2233271069392,592.0,204.8,98.8006976515728,387.2,29,rolling,losing_streak_fitness,1_day,rep_2
37,4,86986,125287,125287,130699,592.0,548.4935499988824,592.0,115.95018087284058,117.45310000976288,476.0498191271594,30,rolling,losing_streak_fitness,1_day,rep_2
38,4,86986,125287,125287,130699,592.0,580.2327917296984,592.0,232.379000772445,50.03494751067008,359.620999227555,31,rolling,losing_streak_fitness,1_day,rep_2
39,4,86986,125287,125287,130699,592.0,568.9279427461619,592.0,115.95018087284058,86.87522951284673,476.0498191271594,32,rolling,losing_streak_fitness,1_day,rep_2
40,4,86986,125287,125287,130699,592.0,589.3625367391182,592.0,512.0,13.290092323651423,80.0,33,rolling,losing_streak_fitness,1_day,rep_2
41,4,86986,125287,125287,130699,592.0,571.7063834211369,592.0,211.58025447010093,81.95142409382503,380.4197455298991,34,rolling,losing_streak_fitness,1_day,rep_2
42,4,86986,125287,125287,130699,592.0,574.3897727612484,592.0,115.95018087284058,70.5869938115084,476.0498191271594,35,rolling,losing_streak_fitness,1_day,rep_2
43,4,86986,125287,125287,130699,592.0,569.3569814023052,592.0,204.8,82.68303408356091,387.2,36,rolling,losing_streak_fitness,1_day,rep_2
44,4,86986,125287,125287,130699,592.0,566.6565221936493,592.0,115.95018087284058,90.91074800029725,476.0498191271594,37,rolling,losing_streak_fitness,1_day,rep_2
45,4,86986,125287,125287,130699,592.0,553.755977417118,592.0,115.95018087284058,106.48236696401956,476.0498191271594,38,rolling,losing_streak_fitness,1_day,rep_2
46,4,86986,125287,125287,130699,592.0,555.3896035830576,592.0,115.95018087284058,112.11958046649514,476.0498191271594,39,rolling,losing_streak_fitness,1_day,rep_2
47,4,86986,125287,125287,130699,592.0,572.8767391449496,592.0,115.95018087284058,74.35887930516552,476.0498191271594,40,rolling,losing_streak_fitness,1_day,rep_2
48,4,86986,125287,125287,130699,592.0,569.7466133398667,592.0,115.95018087284058,86.7507827615323,476.0498191271594,41,rolling,losing_streak_fitness,1_day,rep_2
49,4,86986,125287,125287,130699,592.0,567.6675610469989,592.0,115.95018087284058,84.94383726822215,476.0498191271594,42,rolling,losing_streak_fitness,1_day,rep_2
50,4,86986,125287,125287,130699,592.0,568.0874668723736,592.0,204.8,86.19722546177141,387.2,43,rolling,losing_streak_fitness,1_day,rep_2
51,4,86986,125287,125287,130699,592.0,573.2010329218974,592.0,204.8,73.3364025473238,387.2,44,rolling,losing_streak_fitness,1_day,rep_2
52,4,86986,125287,125287,130699,592.0,569.2397508996539,592.0,115.95018087284058,86.03968291142962,476.0498191271594,45,rolling,losing_streak_fitness,1_day,rep_2
53,4,86986,125287,125287,130699,592.0,549.4914072474279,592.0,211.58025447010093,104.35909077439132,380.4197455298991,46,rolling,losing_streak_fitness,1_day,rep_2
54,4,86986,125287,125287,130699,592.0,555.1536469934853,592.0,115.95018087284058,110.10646048942203,476.0498191271594,47,rolling,losing_streak_fitness,1_day,rep_2
55,4,86986,125287,125287,130699,592.0,563.7553320862734,592.0,115.95018087284058,95.79141029950011,476.0498191271594,48,rolling,losing_streak_fitness,1_day,rep_2
56,4,86986,125287,125287,130699,592.0,572.7433510547235,592.0,115.95018087284058,81.14449154244964,476.0498191271594,49,rolling,losing_streak_fitness,1_day,rep_2
57,4,86986,125287,125287,130699,592.0,574.7036589367849,592.0,204.8,71.69945130787384,387.2,50,rolling,losing_streak_fitness,1_day,rep_2
58,4,86986,125287,125287,130699,592.0,564.9137894475006,592.0,115.95018087284058,91.309094914443,476.0498191271594,51,rolling,losing_streak_fitness,1_day,rep_2
59,4,86986,125287,125287,130699,592.0,574.9206690754767,592.0,204.8,66.61803525334888,387.2,52,rolling,losing_streak_fitness,1_day,rep_2
60,4,86986,125287,125287,130699,592.0,564.8868985916861,592.0,232.379000772445,88.1551383310317,359.620999227555,53,rolling,losing_streak_fitness,1_day,rep_2
61,4,86986,125287,125287,130699,592.0,551.8009707548465,592.0,204.8,110.0472586987644,387.2,54,rolling,losing_streak_fitness,1_day,rep_2
62,4,86986,125287,125287,130699,592.0,570.7657313249379,592.0,115.95018087284058,82.64421124086732,476.0498191271594,55,rolling,losing_streak_fitness,1_day,rep_2
63,4,86986,125287,125287,130699,592.0,565.836650929709,592.0,204.8,93.99173671753655,387.2,56,rolling,losing_streak_fitness,1_day,rep_2
64,4,86986,125287,125287,130699,592.0,558.8113868625071,592.0,204.8,101.93329726020592,387.2,57,rolling,losing_streak_fitness,1_day,rep_2
65,4,86986,125287,125287,130699,592.0,571.8895541252937,592.0,115.95018087284058,78.61821005795169,476.0498191271594,58,rolling,losing_streak_fitness,1_day,rep_2
66,4,86986,125287,125287,130699,592.0,578.2582308034144,592.0,115.95018087284058,63.081868112047474,476.0498191271594,59,rolling,losing_streak_fitness,1_day,rep_2
67,4,86986,125287,125287,130699,592.0,568.1488431852767,592.0,211.58025447010093,81.98502166206049,380.4197455298991,60,rolling,losing_streak_fitness,1_day,rep_2
68,4,86986,125287,125287,130699,592.0,551.8304579528539,592.0,115.95018087284058,116.77010739669232,476.0498191271594,61,rolling,losing_streak_fitness,1_day,rep_2
69,4,86986,125287,125287,130699,592.0,575.3611924356159,592.0,232.379000772445,61.11156609251698,359.620999227555,62,rolling,losing_streak_fitness,1_day,rep_2
70,4,86986,125287,125287,130699,592.0,567.1210637167143,592.0,115.95018087284058,89.85162847842368,476.0498191271594,63,rolling,losing_streak_fitness,1_day,rep_2
71,4,86986,125287,125287,130699,592.0,572.8517291747343,592.0,204.8,68.99367426448057,387.2,64,rolling,losing_streak_fitness,1_day,rep_2
72,4,86986,125287,125287,130699,592.0,579.902001721974,592.0,204.8,50.909207259559686,387.2,65,rolling,losing_streak_fitness,1_day,rep_2
73,4,86986,125287,125287,130699,592.0,564.2306737446273,592.0,115.95018087284058,90.87151105210484,476.0498191271594,66,rolling,losing_streak_fitness,1_day,rep_2
74,4,86986,125287,125287,130699,592.0,567.5575729030368,592.0,115.95018087284058,88.63840886395828,476.0498191271594,67,rolling,losing_streak_fitness,1_day,rep_2
75,4,86986,125287,125287,130699,592.0,565.1376562691398,592.0,115.95018087284058,95.4546881104461,476.0498191271594,68,rolling,losing_streak_fitness,1_day,rep_2
76,4,86986,125287,125287,130699,592.0,572.5828289263262,592.0,232.379000772445,76.5368282562102,359.620999227555,69,rolling,losing_streak_fitness,1_day,rep_2
77,4,86986,125287,125287,130699,592.0,560.2483637717481,592.0,115.95018087284058,97.25118397604568,476.0498191271594,70,rolling,losing_streak_fitness,1_day,rep_2
78,4,86986,125287,125287,130699,592.0,570.2080770402305,592.0,232.379000772445,80.58825344938784,359.620999227555,71,rolling,losing_streak_fitness,1_day,rep_2
79,4,86986,125287,125287,130699,592.0,561.7815925524255,592.0,204.8,92.78892583521748,387.2,72,rolling,losing_streak_fitness,1_day,rep_2
80,4,86986,125287,125287,130699,592.0,565.2248860908522,592.0,115.95018087284058,90.73362133387243,476.0498191271594,73,rolling,losing_streak_fitness,1_day,rep_2
81,4,86986,125287,125287,130699,592.0,558.8182801108009,592.0,204.8,99.443646824523,387.2,74,rolling,losing_streak_fitness,1_day,rep_2
82,4,86986,125287,125287,130699,592.0,557.1463700231734,592.0,204.8,101.60808481115622,387.2,75,rolling,losing_streak_fitness,1_day,rep_2
83,4,86986,125287,125287,130699,592.0,569.7334211079965,592.0,115.95018087284058,86.95305686879142,476.0498191271594,76,rolling,losing_streak_fitness,1_day,rep_2
84,4,86986,125287,125287,130699,592.0,553.424725461426,592.0,115.95018087284058,115.49138504084767,476.0498191271594,77,rolling,losing_streak_fitness,1_day,rep_2
85,4,86986,125287,125287,130699,592.0,568.7269949105502,592.0,232.379000772445,77.89388414660685,359.620999227555,78,rolling,losing_streak_fitness,1_day,rep_2
86,4,86986,125287,125287,130699,592.0,559.6422640262894,592.0,115.95018087284058,92.67338016285512,476.0498191271594,79,rolling,losing_streak_fitness,1_day,rep_2
87,4,86986,125287,125287,130699,592.0,551.265215103933,592.0,115.95018087284058,115.23895571928988,476.0498191271594,80,rolling,losing_streak_fitness,1_day,rep_2
88,4,86986,125287,125287,130699,592.0,565.1065744449623,592.0,115.95018087284058,86.37786329918838,476.0498191271594,81,rolling,losing_streak_fitness,1_day,rep_2
89,4,86986,125287,125287,130699,592.0,569.0190745317169,592.0,115.95018087284058,87.52139506841037,476.0498191271594,82,rolling,losing_streak_fitness,1_day,rep_2
90,4,86986,125287,125287,130699,592.0,553.381472841261,592.0,211.58025447010093,96.7525871416083,380.4197455298991,83,rolling,losing_streak_fitness,1_day,rep_2
91,4,86986,125287,125287,130699,592.0,561.4347210778968,592.0,115.95018087284058,98.93367009756588,476.0498191271594,84,rolling,losing_streak_fitness,1_day,rep_2
92,4,86986,125287,125287,130699,592.0,579.2512918164529,592.0,115.95018087284058,69.2763735536326,476.0498191271594,85,rolling,losing_streak_fitness,1_day,rep_2
93,4,86986,125287,125287,130699,592.0,566.9296673027205,592.0,204.8,85.21396084714775,387.2,86,rolling,losing_streak_fitness,1_day,rep_2
94,4,86986,125287,125287,130699,592.0,555.3978578256555,592.0,115.95018087284058,99.64142944445696,476.0498191271594,87,rolling,losing_streak_fitness,1_day,rep_2
95,4,86986,125287,125287,130699,592.0,574.9218485650563,592.0,204.8,74.3649312345119,387.2,88,rolling,losing_streak_fitness,1_day,rep_2
96,4,86986,125287,125287,130699,592.0,570.3620197039821,592.0,232.379000772445,78.08809005109659,359.620999227555,89,rolling,losing_streak_fitness,1_day,rep_2
97,4,86986,125287,125287,130699,592.0,571.6212872125543,592.0,204.8,76.33263054104518,387.2,90,rolling,losing_streak_fitness,1_day,rep_2
98,4,86986,125287,125287,130699,592.0,561.6489303892336,592.0,115.95018087284058,98.56088187733876,476.0498191271594,91,rolling,losing_streak_fitness,1_day,rep_2
99,4,86986,125287,125287,130699,592.0,558.8466757740891,592.0,115.95018087284058,103.62363188963664,476.0498191271594,92,rolling,losing_streak_fitness,1_day,rep_2
100,4,86986,125287,125287,130699,592.0,566.606580015449,592.0,204.8,83.87191523296195,387.2,93,rolling,losing_streak_fitness,1_day,rep_2
0,1,0,22406,22406,53560,-49.0260701622673,-1171.8537996663388,-1000.0,-13116.15749117604,1681.3256163176138,13067.131421013772,0,rolling,losing_streak_fitness,1_day,rep_3
1,1,0,22406,22406,53560,31.714285714285715,-807.8802530647555,-1000.0,-8126.509906799236,909.5878792259464,8158.224192513521,0,rolling,losing_streak_fitness,1_day,rep_3
2,1,0,22406,22406,53560,-33.54101966249684,-953.1410326619664,-354.3302399772715,-18467.631599338583,2234.705376983434,18434.090579676085,1,rolling,losing_streak_fitness,1_day,rep_3
3,1,0,22406,22406,53560,27.95084971874737,-321.01418575241763,-156.25547533358048,-1320.805057531201,352.0236487783013,1348.755907249949,2,rolling,losing_streak_fitness,1_day,rep_3
4,1,0,22406,22406,53560,21.22891110412088,-312.50286525487155,-119.18200119112606,-1546.6778376033365,383.1878461888592,1567.9067487074574,3,rolling,losing_streak_fitness,1_day,rep_3
5,1,0,22406,22406,53560,61.49186938124422,-241.84023893915105,-87.0,-1000.0,343.4351716780791,1061.4918693812442,0,rolling,losing_streak_fitness,1_day,rep_3
6,1,0,22406,22406,53560,61.49186938124422,-173.49692090673025,-54.80437938705264,-1000.0,315.5945805969989,1061.4918693812442,1,rolling,losing_streak_fitness,1_day,rep_3
7,1,0,22406,22406,53560,53.88877434122991,-226.87412317473533,-39.0045100027422,-1000.0,392.6795414763244,1053.88877434123,2,rolling,losing_streak_fitness,1_day,rep_3
8,1,0,22406,22406,53560,61.49186938124422,-174.2652081913106,-18.0,-1000.0,365.9113433412717,1061.4918693812442,3,rolling,losing_streak_fitness,1_day,rep_3
9,1,0,22406,22406,53560,95.03288904374106,-133.62537751900908,-10.220372719158462,-1000.0,337.7582012747405,1095.032889043741,0,rolling,losing_streak_fitness,1_day,rep_3
10,1,0,22406,22406,53560,95.03288904374106,-156.2600254653517,-4.997813320466096,-1000.0,371.2341637027593,1095.032889043741,1,rolling,losing_streak_fitness,1_day,rep_3
11,1,0,22406,22406,53560,95.03288904374106,-57.23298130907044,17.21325931647741,-1000.0,280.824376416335,1095.032889043741,2,rolling,losing_streak_fitness,1_day,rep_3
12,1,0,22406,22406,53560,95.03288904374106,-59.28632995632517,45.22258404097423,-1000.0,316.24073270601,1095.032889043741,3,rolling,losing_streak_fitness,1_day,rep_3
13,1,0,22406,22406,53560,95.03288904374106,-3.715474197126372,53.88877434122991,-1000.0,254.26326070144071,1095.032889043741,4,rolling,losing_streak_fitness,1_day,rep_3
14,1,0,22406,22406,53560,106.21322893124,35.34802417945752,72.67220926874317,-1000.0,213.2699856703236,1106.21322893124,0,rolling,losing_streak_fitness,1_day,rep_3
15,1,0,22406,22406,53560,106.21322893124,57.20506977457745,95.03288904374106,-1000.0,187.5614503981911,1106.21322893124,1,rolling,losing_streak_fitness,1_day,rep_3
16,1,0,22406,22406,53560,106.21322893124,43.93971009945288,95.03288904374106,-1000.0,215.60220550758908,1106.21322893124,2,rolling,losing_streak_fitness,1_day,rep_3
17,1,0,22406,22406,53560,106.21322893124,51.778944502970674,95.03288904374106,-1000.0,216.33390090225527,1106.21322893124,3,rolling,losing_streak_fitness,1_day,rep_3
18,1,0,22406,22406,53560,106.21322893124,65.2878223721772,106.21322893124,-1000.0,188.94085284903025,1106.21322893124,4,rolling,losing_streak_fitness,1_day,rep_3
19,1,0,22406,22406,53560,106.21322893124,11.22609746304319,106.21322893124,-1000.0,300.44563202927685,1106.21322893124,5,rolling,losing_streak_fitness,1_day,rep_3
20,1,0,22406,22406,53560,106.21322893124,76.10078272949058,106.21322893124,-1000.0,156.3710710508009,1106.21322893124,6,rolling,losing_streak_fitness,1_day,rep_3
21,1,0,22406,22406,53560,106.21322893124,58.0991971400088,106.21322893124,-1000.0,217.68266827121653,1106.21322893124,7,rolling,losing_streak_fitness,1_day,rep_3
22,1,0,22406,22406,53560,106.21322893124,59.765010707748345,106.21322893124,-1000.0,217.90207754652928,1106.21322893124,8,rolling,losing_streak_fitness,1_day,rep_3
23,1,0,22406,22406,53560,106.21322893124,79.58340152894874,106.21322893124,-1000.0,156.1405782282211,1106.21322893124,9,rolling,losing_streak_fitness,1_day,rep_3
24,1,0,22406,22406,53560,106.21322893124,70.036091143397,106.21322893124,-1000.0,189.7425463657729,1106.21322893124,10,rolling,losing_streak_fitness,1_day,rep_3
25,1,0,22406,22406,53560,106.21322893124,11.908012582933988,106.21322893124,-1000.0,300.6623889418723,1106.21322893124,11,rolling,losing_streak_fitness,1_day,rep_3
26,1,0,22406,22406,53560,106.21322893124,35.87141453530343,106.21322893124,-1000.0,263.6413218467228,1106.21322893124,12,rolling,losing_streak_fitness,1_day,rep_3
27,1,0,22406,22406,53560,106.21322893124,78.4705979941429,106.21322893124,-1000.0,156.16186821032105,1106.21322893124,13,rolling,losing_streak_fitness,1_day,rep_3
28,1,0,22406,22406,53560,106.21322893124,48.484890328378576,106.21322893124,-1000.0,242.06730025978808,1106.21322893124,14,rolling,losing_streak_fitness,1_day,rep_3
29,1,0,22406,22406,53560,106.21322893124,57.41127505867684,106.21322893124,-1000.0,217.65945738707825,1106.21322893124,15,rolling,losing_streak_fitness,1_day,rep_3
30,1,0,22406,22406,53560,106.21322893124,56.90292930979523,106.21322893124,-1000.0,217.84033459098333,1106.21322893124,16,rolling,losing_streak_fitness,1_day,rep_3
31,1,0,22406,22406,53560,106.21322893124,55.51278308474409,106.21322893124,-1000.0,217.7076154270402,1106.21322893124,17,rolling,losing_streak_fitness,1_day,rep_3
32,1,0,22406,22406,53560,106.21322893124,21.39838946839557,106.21322893124,-1000.0,282.81986982309485,1106.21322893124,18,rolling,losing_streak_fitness,1_day,rep_3
33,1,0,22406,22406,53560,106.21322893124,44.59602375171799,106.21322893124,-1000.0,241.88105339131545,1106.21322893124,19,rolling,losing_streak_fitness,1_day,rep_3
34,1,0,22406,22406,53560,106.21322893124,93.31195926818287,106.21322893124,-1000.0,110.99502866381198,1106.21322893124,20,rolling,losing_streak_fitness,1_day,rep_3
35,1,0,22406,22406,53560,106.21322893124,55.952600419357935,106.21322893124,-1000.0,217.68827827026985,1106.21322893124,21,rolling,losing_streak_fitness,1_day,rep_3
36,1,0,22406,22406,53560,106.21322893124,66.27307473484295,106.21322893124,-1000.0,189.85222708927267,1106.21322893124,22,rolling,losing_streak_fitness,1_day,rep_3
37,1,0,22406,22406,53560,106.21322893124,13.671868157805791,106.21322893124,-1000.0,300.8391529352469,1106.21322893124,23,rolling,losing_streak_fitness,1_day,rep_3
38,1,0,22406,22406,53560,106.21322893124,79.93463604799891,106.21322893124,-1000.0,156.038960814451,1106.21322893124,24,rolling,losing_streak_fitness,1_day,rep_3
39,1,0,22406,22406,53560,106.21322893124,0.7052369331195072,106.21322893124,-1000.0,317.07345121933844,1106.21322893124,25,rolling,losing_streak_fitness,1_day,rep_3
40,1,0,22406,22406,53560,106.21322893124,67.58217776458422,106.21322893124,-1000.0,189.68269756664083,1106.21322893124,26,rolling,losing_streak_fitness,1_day,rep_3
41,1,0,22406,22406,53560,106.21322893124,30.7537423716708,106.21322893124,-1000.0,262.9911383365847,1106.21322893124,27,rolling,losing_streak_fitness,1_day,rep_3
42,1,0,22406,22406,53560,106.21322893124,22.583562571968223,106.21322893124,-1000.0,282.87267826159194,1106.21322893124,28,rolling,losing_streak_fitness,1_day,rep_3
43,1,0,22406,22406,53560,106.21322893124,82.28250742437369,106.21322893124,-1000.0,155.8831818868503,1106.21322893124,29,rolling,losing_streak_fitness,1_day,rep_3
44,1,0,22406,22406,53560,106.21322893124,69.56387874076896,106.21322893124,-1000.0,189.51171558680167,1106.21322893124,30,rolling,losing_streak_fitness,1_day,rep_3
45,1,0,22406,22406,53560,106.21322893124,79.18366157134736,106.21322893124,-1000.0,156.31342359432475,1106.21322893124,31,rolling,losing_streak_fitness,1_day,rep_3
46,1,0,22406,22406,53560,106.21322893124,68.54360138166244,106.21322893124,-1000.0,189.6073436933716,1106.21322893124,32,rolling,losing_streak_fitness,1_day,rep_3
47,1,0,22406,22406,53560,106.21322893124,91.10398482914636,106.21322893124,-1000.0,111.49857972665524,1106.21322893124,33,rolling,losing_streak_fitness,1_day,rep_3
48,1,0,22406,22406,53560,106.21322893124,77.9128576948018,106.21322893124,-1000.0,156.44340326542198,1106.21322893124,34,rolling,losing_streak_fitness,1_day,rep_3
49,1,0,22406,22406,53560,106.21322893124,80.1712578143277,106.21322893124,-1000.0,156.34861676274392,1106.21322893124,35,rolling,losing_streak_fitness,1_day,rep_3
50,1,0,22406,22406,53560,106.21322893124,46.355007042061104,106.21322893124,-1000.0,242.1205446748936,1106.21322893124,36,rolling,losing_streak_fitness,1_day,rep_3
51,1,0,22406,22406,53560,106.21322893124,80.48330473889693,106.21322893124,-1000.0,156.13814229100697,1106.21322893124,37,rolling,losing_streak_fitness,1_day,rep_3
52,1,0,22406,22406,53560,106.21322893124,70.07158094274631,106.21322893124,-1000.0,189.63367655281985,1106.21322893124,38,rolling,losing_streak_fitness,1_day,rep_3
53,1,0,22406,22406,53560,106.21322893124,67.44509018109237,106.21322893124,-1000.0,190.0534957530215,1106.21322893124,39,rolling,losing_streak_fitness,1_day,rep_3
54,1,0,22406,22406,53560,106.21322893124,90.3454707322411,106.21322893124,-1000.0,111.8425240202547,1106.21322893124,40,rolling,losing_streak_fitness,1_day,rep_3
55,1,0,22406,22406,53560,106.21322893124,24.546629871881454,106.21322893124,-1000.0,282.9861093638016,1106.21322893124,41,rolling,losing_streak_fitness,1_day,rep_3
56,1,0,22406,22406,53560,106.21322893124,90.39294437013962,106.21322893124,-1000.0,112.1476884856881,1106.21322893124,42,rolling,losing_streak_fitness,1_day,rep_3
57,1,0,22406,22406,53560,106.21322893124,65.6358238990044,106.21322893124,-1000.0,189.91231575061803,1106.21322893124,43,rolling,losing_streak_fitness,1_day,rep_3
58,1,0,22406,22406,53560,106.21322893124,59.28895715062129,106.21322893124,-1000.0,217.73899672049143,1106.21322893124,44,rolling,losing_streak_fitness,1_day,rep_3
59,1,0,22406,22406,53560,106.21322893124,48.97972025052154,106.21322893124,-1000.0,241.9938474970905,1106.21322893124,45,rolling,losing_streak_fitness,1_day,rep_3
60,1,0,22406,22406,53560,106.21322893124,36.24601299703245,106.21322893124,-1000.0,263.6031519487685,1106.21322893124,46,rolling,losing_streak_fitness,1_day,rep_3
61,1,0,22406,22406,53560,106.21322893124,56.36816469938447,106.21322893124,-1000.0,217.65015738824297,1106.21322893124,47,rolling,losing_streak_fitness,1_day,rep_3
62,1,0,22406,22406,53560,106.21322893124,54.51025096062383,106.21322893124,-1000.0,217.7554027909672,1106.21322893124,48,rolling,losing_streak_fitness,1_day,rep_3
63,1,0,22406,22406,53560,106.21322893124,80.00814029367825,106.21322893124,-1000.0,156.12579099199428,1106.21322893124,49,rolling,losing_streak_fitness,1_day,rep_3
64,1,0,22406,22406,53560,106.21322893124,89.4035699033426,106.21322893124,-1000.0,112.17123261811862,1106.21322893124,50,rolling,losing_streak_fitness,1_day,rep_3
65,1,0,22406,22406,53560,106.21322893124,57.595192733163,106.21322893124,-1000.0,217.80135551212317,1106.21322893124,51,rolling,losing_streak_fitness,1_day,rep_3
66,1,0,22406,22406,53560,106.21322893124,67.06679325360874,106.21322893124,-1000.0,190.11052275069468,1106.21322893124,52,rolling,losing_streak_fitness,1_day,rep_3
67,1,0,22406,22406,53560,106.21322893124,87.62136535906512,106.21322893124,-1000.0,112.8218065985739,1106.21322893124,53,rolling,losing_streak_fitness,1_day,rep_3
68,1,0,22406,22406,53560,106.21322893124,91.908798074553,106.21322893124,-1000.0,111.31087750530524,1106.21322893124,54,rolling,losing_streak_fitness,1_day,rep_3
69,1,0,22406,22406,53560,106.21322893124,59.506945240678725,106.21322893124,-1000.0,217.770098696411,1106.21322893124,55,rolling,losing_streak_fitness,1_day,rep_3
70,1,0,22406,22406,53560,106.21322893124,68.1178308162803,106.21322893124,-1000.0,189.987263021094,1106.21322893124,56,rolling,losing_streak_fitness,1_day,rep_3
71,1,0,22406,22406,53560,106.21322893124,69.63841411647788,106.21322893124,-1000.0,189.81367657543908,1106.21322893124,57,rolling,losing_streak_fitness,1_day,rep_3
72,1,0,22406,22406,53560,106.21322893124,50.07641348819684,106.21322893124,-1000.0,217.85391900179485,1106.21322893124,58,rolling,losing_streak_fitness,1_day,rep_3
73,1,0,22406,22406,53560,106.21322893124,88.90504151544508,106.21322893124,-1000.0,112.69875926582368,1106.21322893124,59,rolling,losing_streak_fitness,1_day,rep_3
74,1,0,22406,22406,53560,106.21322893124,91.0637647633896,106.21322893124,-1000.0,111.86654716727696,1106.21322893124,60,rolling,losing_streak_fitness,1_day,rep_3
75,1,0,22406,22406,53560,106.21322893124,37.26821059807689,106.21322893124,-1000.0,263.7095121646886,1106.21322893124,61,rolling,losing_streak_fitness,1_day,rep_3
76,1,0,22406,22406,53560,106.21322893124,53.63470098822924,106.21322893124,-1000.0,217.7396099607983,1106.21322893124,62,rolling,losing_streak_fitness,1_day,rep_3
77,1,0,22406,22406,53560,106.21322893124,79.47632772585811,106.21322893124,-1000.0,155.91082408265504,1106.21322893124,63,rolling,losing_streak_fitness,1_day,rep_3
78,1,0,22406,22406,53560,106.21322893124,9.819237803658543,106.21322893124,-1000.0,300.38498578221515,1106.21322893124,64,rolling,losing_streak_fitness,1_day,rep_3
79,1,0,22406,22406,53560,106.21322893124,82.87430848454109,106.21322893124,-1000.0,113.96970827746397,1106.21322893124,65,rolling,losing_streak_fitness,1_day,rep_3
80,1,0,22406,22406,53560,106.21322893124,80.87564776498903,106.21322893124,-1000.0,156.17889827516092,1106.21322893124,66,rolling,losing_streak_fitness,1_day,rep_3
81,1,0,22406,22406,53560,106.21322893124,45.12516965443628,106.21322893124,-1000.0,241.85967280000943,1106.21322893124,67,rolling,losing_streak_fitness,1_day,rep_3
82,1,0,22406,22406,53560,106.21322893124,55.938553650126295,106.21322893124,-1000.0,217.69369999854345,1106.21322893124,68,rolling,losing_streak_fitness,1_day,rep_3
83,1,0,22406,22406,53560,106.21322893124,44.58019942929293,106.21322893124,-1000.0,241.7612184114504,1106.21322893124,69,rolling,losing_streak_fitness,1_day,rep_3
84,1,0,22406,22406,53560,106.21322893124,69.3643816382387,106.21322893124,-1000.0,189.77037156817167,1106.21322893124,70,rolling,losing_streak_fitness,1_day,rep_3
85,1,0,22406,22406,53560,106.21322893124,48.190445950051206,106.21322893124,-1000.0,242.05992422167523,1106.21322893124,71,rolling,losing_streak_fitness,1_day,rep_3
86,1,0,22406,22406,53560,106.21322893124,49.16961480211571,106.21322893124,-1000.0,242.1426326062105,1106.21322893124,72,rolling,losing_streak_fitness,1_day,rep_3
87,1,0,22406,22406,53560,106.21322893124,12.270484517369365,106.21322893124,-1000.0,300.7996397689883,1106.21322893124,73,rolling,losing_streak_fitness,1_day,rep_3
88,1,0,22406,22406,53560,106.21322893124,95.09071098511656,106.21322893124,-14.626206819470518,31.707086541876368,120.83943575071052,74,rolling,losing_streak_fitness,1_day,rep_3
89,1,0,22406,22406,53560,106.21322893124,45.89950807376668,106.21322893124,-1000.0,241.9429528134274,1106.21322893124,75,rolling,losing_streak_fitness,1_day,rep_3
90,1,0,22406,22406,53560,106.21322893124,54.40598584075634,106.21322893124,-1000.0,217.908059180836,1106.21322893124,76,rolling,losing_streak_fitness,1_day,rep_3
91,1,0,22406,22406,53560,106.21322893124,80.76192412417603,106.21322893124,-1000.0,156.0886582362301,1106.21322893124,77,rolling,losing_streak_fitness,1_day,rep_3
92,1,0,22406,22406,53560,106.21322893124,78.56223505793392,106.21322893124,-1000.0,156.4085919151395,1106.21322893124,78,rolling,losing_streak_fitness,1_day,rep_3
93,1,0,22406,22406,53560,106.21322893124,80.80392174312638,106.21322893124,-1000.0,156.11469923325677,1106.21322893124,79,rolling,losing_streak_fitness,1_day,rep_3
94,1,0,22406,22406,53560,106.21322893124,81.7122530146135,106.21322893124,-1000.0,155.88924173945668,1106.21322893124,80,rolling,losing_streak_fitness,1_day,rep_3
95,1,0,22406,22406,53560,106.21322893124,69.24509201393593,106.21322893124,-1000.0,189.84768544459064,1106.21322893124,81,rolling,losing_streak_fitness,1_day,rep_3
96,1,0,22406,22406,53560,106.21322893124,82.22468548299821,106.21322893124,-1000.0,155.78123775858896,1106.21322893124,82,rolling,losing_streak_fitness,1_day,rep_3
97,1,0,22406,22406,53560,106.21322893124,33.44737224814744,106.21322893124,-1000.0,263.48100730615056,1106.21322893124,83,rolling,losing_streak_fitness,1_day,rep_3
98,1,0,22406,22406,53560,106.21322893124,78.84825137472238,106.21322893124,-1000.0,156.27466446727334,1106.21322893124,84,rolling,losing_streak_fitness,1_day,rep_3
99,1,0,22406,22406,53560,106.21322893124,38.135433362522015,106.21322893124,-1000.0,263.8220998149326,1106.21322893124,85,rolling,losing_streak_fitness,1_day,rep_3
100,1,0,22406,22406,53560,106.21322893124,68.85756787754659,106.21322893124,-1000.0,189.9989802325308,1106.21322893124,86,rolling,losing_streak_fitness,1_day,rep_3
0,2,22406,53560,53560,86986,46.0399826238021,-2754.7462519633464,-1000.0,-47668.835804301954,7515.626378296011,47714.87578692575,0,rolling,losing_streak_fitness,1_day,rep_3
1,2,22406,53560,53560,86986,92.66471820493491,-712.5011540400733,-425.0,-10415.62209695929,1119.0253527539023,10508.286815164223,0,rolling,losing_streak_fitness,1_day,rep_3
2,2,22406,53560,53560,86986,92.66471820493491,-419.0859199932445,-186.1195165977636,-4979.346094680731,682.8872666235974,5072.0108128856655,1,rolling,losing_streak_fitness,1_day,rep_3
3,2,22406,53560,53560,86986,62.35382907247958,-203.26161920042395,-83.3196375025586,-2532.0518057708528,380.482197588264,2594.4056348433323,2,rolling,losing_streak_fitness,1_day,rep_3
4,2,22406,53560,53560,86986,180.7392228230128,-154.21052504102093,-44.3606797749979,-1000.0,295.0272844325082,1180.7392228230128,0,rolling,losing_streak_fitness,1_day,rep_3
5,2,22406,53560,53560,86986,269.3993318477238,-100.24880117823352,-30.46171332733897,-1120.4162491808888,266.3493668788616,1389.8155810286123,0,rolling,losing_streak_fitness,1_day,rep_3
6,2,22406,53560,53560,86986,269.3993318477238,-38.97036460416418,-2.449489742783178,-1000.0,209.00762878539985,1269.3993318477235,1,rolling,losing_streak_fitness,1_day,rep_3
7,2,22406,53560,53560,86986,260.90781684129144,-28.103560515283043,18.78279740156158,-1000.0,237.20117045895032,1260.9078168412914,2,rolling,losing_streak_fitness,1_day,rep_3
8,2,22406,53560,53560,86986,263.8787600395303,42.21650046142405,46.13205682241652,-1000.0,172.04895346502886,1263.8787600395303,3,rolling,losing_streak_fitness,1_day,rep_3
9,2,22406,53560,53560,86986,269.3993318477238,95.50107525777358,76.36753236814714,-44.0908153700972,87.40011152287535,313.490147217821,4,rolling,losing_streak_fitness,1_day,rep_3
10,2,22406,53560,53560,86986,269.3993318477238,143.0163078743167,142.06209518688962,-31.17691453623979,90.64092754484004,300.5762463839636,5,rolling,losing_streak_fitness,1_day,rep_3
11,2,22406,53560,53560,86986,346.3408725518835,187.06230330619647,222.6286145130495,-213.1390156681784,95.56807255591444,559.4798882200619,0,rolling,losing_streak_fitness,1_day,rep_3
12,2,22406,53560,53560,86986,346.3408725518835,204.40666122706304,260.90781684129144,-125.0,95.99289768090844,471.3408725518835,1,rolling,losing_streak_fitness,1_day,rep_3
13,2,22406,53560,53560,86986,387.57192880806014,234.11954639907847,263.8787600395303,46.97140087329736,74.7463234534651,340.6005279347628,0,rolling,losing_streak_fitness,1_day,rep_3
14,2,22406,53560,53560,86986,387.57192880806014,233.79472973718367,263.8787600395303,-36.66060555964672,89.56702443296294,424.2325343677069,1,rolling,losing_streak_fitness,1_day,rep_3
15,2,22406,53560,53560,86986,387.57192880806014,245.51102714005464,269.3993318477238,-65.72670690061993,104.35899823840846,453.2986357086801,2,rolling,losing_streak_fitness,1_day,rep_3
16,2,22406,53560,53560,86986,387.57192880806014,264.1937649787323,270.0749672983084,-20.84735582509109,95.7233353460674,408.4192846331512,3,rolling,losing_streak_fitness,1_day,rep_3
17,2,22406,53560,53560,86986,387.57192880806014,289.3007192526135,346.3408725518835,-116.41305768684198,103.57939858295263,503.9849864949021,4,rolling,losing_streak_fitness,1_day,rep_3
18,2,22406,53560,53560,86986,387.57192880806014,313.30602222816646,346.3408725518835,-20.84735582509109,97.23992586238973,408.4192846331512,5,rolling,losing_streak_fitness,1_day,rep_3
19,2,22406,53560,53560,86986,387.57192880806014,338.22184130263173,346.3408725518835,11.61895003862225,72.11285652407962,375.9529787694379,6,rolling,losing_streak_fitness,1_day,rep_3
20,2,22406,53560,53560,86986,387.57192880806014,360.6270278570755,387.57192880806014,-16.109320410297656,77.9967584214607,403.6812492183578,7,rolling,losing_streak_fitness,1_day,rep_3
21,2,22406,53560,53560,86986,387.57192880806014,358.74328751436786,387.57192880806014,-16.109320410297656,90.75652084253936,403.6812492183578,8,rolling,losing_streak_fitness,1_day,rep_3
22,2,22406,53560,53560,86986,387.57192880806014,352.25446285228185,387.57192880806014,-16.109320410297656,86.43881119451463,403.6812492183578,9,rolling,losing_streak_fitness,1_day,rep_3
23,2,22406,53560,53560,86986,408.0,351.8343708034642,387.57192880806014,-16.109320410297656,98.72215958704076,424.1093204102976,0,rolling,losing_streak_fitness,1_day,rep_3
24,2,22406,53560,53560,86986,408.0,361.40309820446623,387.57192880806014,-6.324555320336759,84.40918395873192,414.3245553203368,1,rolling,losing_streak_fitness,1_day,rep_3
25,2,22406,53560,53560,86986,408.0,353.8881691886483,387.57192880806014,-6.324555320336759,100.58242885495302,414.3245553203368,2,rolling,losing_streak_fitness,1_day,rep_3
26,2,22406,53560,53560,86986,408.0,363.6667112580502,387.57192880806014,-6.324555320336759,88.84837893495951,414.3245553203368,3,rolling,losing_streak_fitness,1_day,rep_3
27,2,22406,53560,53560,86986,408.0,360.4289519320186,387.57192880806014,10.5,102.6924432706832,397.5,4,rolling,losing_streak_fitness,1_day,rep_3
28,2,22406,53560,53560,86986,408.0,360.18703066540286,408.0,-5.2704627669473,98.69592289030842,413.2704627669473,5,rolling,losing_streak_fitness,1_day,rep_3
29,2,22406,53560,53560,86986,408.0,367.44452509253847,408.0,10.5,103.62821796149645,397.5,6,rolling,losing_streak_fitness,1_day,rep_3
30,2,22406,53560,53560,86986,408.0,354.10940618297974,408.0,-5.2704627669473,119.26191262036356,413.2704627669473,7,rolling,losing_streak_fitness,1_day,rep_3
31,2,22406,53560,53560,86986,408.0,375.9316127854431,408.0,10.5,88.03021795663582,397.5,8,rolling,losing_streak_fitness,1_day,rep_3
32,2,22406,53560,53560,86986,408.0,370.2655014940789,408.0,10.5,100.4935711100998,397.5,9,rolling,losing_streak_fitness,1_day,rep_3
33,2,22406,53560,53560,86986,408.0,381.7110557701124,408.0,10.5,79.74936276535952,397.5,10,rolling,losing_streak_fitness,1_day,rep_3
34,2,22406,53560,53560,86986,408.0,383.5940126642039,408.0,-5.2704627669473,85.17101765528385,413.2704627669473,11,rolling,losing_streak_fitness,1_day,rep_3
35,2,22406,53560,53560,86986,408.0,357.42443740171234,408.0,-5.2704627669473,113.77722591141428,413.2704627669473,12,rolling,losing_streak_fitness,1_day,rep_3
36,2,22406,53560,53560,86986,408.0,382.6254582035126,408.0,10.5,84.83119098322722,397.5,13,rolling,losing_streak_fitness,1_day,rep_3
37,2,22406,53560,53560,86986,408.0,383.3988201480567,408.0,-5.2704627669473,76.76753073143531,413.2704627669473,14,rolling,losing_streak_fitness,1_day,rep_3
38,2,22406,53560,53560,86986,408.0,368.416481790449,408.0,10.5,101.06889764619709,397.5,15,rolling,losing_streak_fitness,1_day,rep_3
39,2,22406,53560,53560,86986,408.0,357.6229824274677,408.0,-5.2704627669473,115.7127414962297,413.2704627669473,16,rolling,losing_streak_fitness,1_day,rep_3
40,2,22406,53560,53560,86986,408.0,368.7459651876957,408.0,-5.2704627669473,103.16874345595048,413.2704627669473,17,rolling,losing_streak_fitness,1_day,rep_3
41,2,22406,53560,53560,86986,408.0,383.0066333727639,408.0,-5.2704627669473,77.29990190975823,413.2704627669473,18,rolling,losing_streak_fitness,1_day,rep_3
42,2,22406,53560,53560,86986,408.0,367.4761473050768,408.0,-5.2704627669473,105.4252267622068,413.2704627669473,19,rolling,losing_streak_fitness,1_day,rep_3
43,2,22406,53560,53560,86986,408.0,376.9118315548883,408.0,-5.2704627669473,83.48100374349845,413.2704627669473,20,rolling,losing_streak_fitness,1_day,rep_3
44,2,22406,53560,53560,86986,408.0,365.28188878397833,408.0,-5.2704627669473,103.7822963336601,413.2704627669473,21,rolling,losing_streak_fitness,1_day,rep_3
45,2,22406,53560,53560,86986,408.0,371.3380321802013,408.0,-5.2704627669473,99.65592594334426,413.2704627669473,22,rolling,losing_streak_fitness,1_day,rep_3
46,2,22406,53560,53560,86986,408.0,378.2361965628386,408.0,-5.2704627669473,81.34383314346142,413.2704627669473,23,rolling,losing_streak_fitness,1_day,rep_3
47,2,22406,53560,53560,86986,408.0,372.2575340389707,408.0,29.184927616836735,97.58220896684315,378.8150723831633,24,rolling,losing_streak_fitness,1_day,rep_3
48,2,22406,53560,53560,86986,408.0,376.31425389419314,408.0,10.5,88.27908105877918,397.5,25,rolling,losing_streak_fitness,1_day,rep_3
49,2,22406,53560,53560,86986,408.0,383.40446672643486,408.0,36.74159011861686,78.6028310933397,371.2584098813832,26,rolling,losing_streak_fitness,1_day,rep_3
50,2,22406,53560,53560,86986,408.0,381.735407921796,408.0,10.5,80.65567487722869,397.5,27,rolling,losing_streak_fitness,1_day,rep_3
51,2,22406,53560,53560,86986,408.0,371.5804456553828,408.0,-5.2704627669473,104.13200320703874,413.2704627669473,28,rolling,losing_streak_fitness,1_day,rep_3
52,2,22406,53560,53560,86986,408.0,365.5096218915715,408.0,10.5,106.92993958679844,397.5,29,rolling,losing_streak_fitness,1_day,rep_3
53,2,22406,53560,53560,86986,408.0,388.563967146174,408.0,10.5,68.61352665820505,397.5,30,rolling,losing_streak_fitness,1_day,rep_3
54,2,22406,53560,53560,86986,408.0,362.75106022443526,408.0,-5.2704627669473,115.08203705627906,413.2704627669473,31,rolling,losing_streak_fitness,1_day,rep_3
55,2,22406,53560,53560,86986,408.0,367.66601165030914,408.0,-5.2704627669473,102.46308369698346,413.2704627669473,32,rolling,losing_streak_fitness,1_day,rep_3
56,2,22406,53560,53560,86986,408.0,371.7389370670377,408.0,10.5,106.4085858889636,397.5,33,rolling,losing_streak_fitness,1_day,rep_3
57,2,22406,53560,53560,86986,408.0,378.8588255892181,408.0,-5.2704627669473,81.27134674836161,413.2704627669473,34,rolling,losing_streak_fitness,1_day,rep_3
58,2,22406,53560,53560,86986,408.0,384.1961659344884,408.0,-5.2704627669473,75.6472635879498,413.2704627669473,35,rolling,losing_streak_fitness,1_day,rep_3
59,2,22406,53560,53560,86986,408.0,359.57635756617657,408.0,-5.2704627669473,119.79699286474356,413.2704627669473,36,rolling,losing_streak_fitness,1_day,rep_3
60,2,22406,53560,53560,86986,408.0,387.0049762003122,408.0,36.74159011861686,71.52841517084767,371.2584098813832,37,rolling,losing_streak_fitness,1_day,rep_3
61,2,22406,53560,53560,86986,408.0,371.9817763200181,408.0,29.184927616836735,91.0402351032682,378.8150723831633,38,rolling,losing_streak_fitness,1_day,rep_3
62,2,22406,53560,53560,86986,408.0,371.44061372237616,408.0,10.5,94.18948068319168,397.5,39,rolling,losing_streak_fitness,1_day,rep_3
63,2,22406,53560,53560,86986,408.0,379.9235248014793,408.0,-5.2704627669473,84.27164185448432,413.2704627669473,40,rolling,losing_streak_fitness,1_day,rep_3
64,2,22406,53560,53560,86986,408.0,357.5835756324099,408.0,-5.2704627669473,117.86064421710518,413.2704627669473,41,rolling,losing_streak_fitness,1_day,rep_3
65,2,22406,53560,53560,86986,408.0,379.7086009783272,408.0,10.5,88.91065869006896,397.5,42,rolling,losing_streak_fitness,1_day,rep_3
66,2,22406,53560,53560,86986,408.0,385.3780949814877,408.0,10.5,74.09895602163746,397.5,43,rolling,losing_streak_fitness,1_day,rep_3
67,2,22406,53560,53560,86986,408.0,345.485293254289,408.0,-5.2704627669473,134.24794347041603,413.2704627669473,44,rolling,losing_streak_fitness,1_day,rep_3
68,2,22406,53560,53560,86986,408.0,385.0439783653809,408.0,10.5,82.72070751205709,397.5,45,rolling,losing_streak_fitness,1_day,rep_3
69,2,22406,53560,53560,86986,408.0,375.2692892187313,408.0,29.184927616836735,96.1339655628475,378.8150723831633,46,rolling,losing_streak_fitness,1_day,rep_3
70,2,22406,53560,53560,86986,408.0,384.1763892598332,408.0,-5.2704627669473,83.59757091443517,413.2704627669473,47,rolling,losing_streak_fitness,1_day,rep_3
71,2,22406,53560,53560,86986,408.0,379.6740345845659,408.0,-5.2704627669473,84.74338676560633,413.2704627669473,48,rolling,losing_streak_fitness,1_day,rep_3
72,2,22406,53560,53560,86986,408.0,380.6435535384508,408.0,-5.2704627669473,80.10958998863002,413.2704627669473,49,rolling,losing_streak_fitness,1_day,rep_3
73,2,22406,53560,53560,86986,408.0,374.5294544079818,408.0,-5.2704627669473,99.14283095130315,413.2704627669473,50,rolling,losing_streak_fitness,1_day,rep_3
74,2,22406,53560,53560,86986,408.0,376.253562897569,408.0,10.5,93.54404864092292,397.5,51,rolling,losing_streak_fitness,1_day,rep_3
75,2,22406,53560,53560,86986,408.0,383.262466526393,408.0,10.5,78.07041504121885,397.5,52,rolling,losing_streak_fitness,1_day,rep_3
76,2,22406,53560,53560,86986,408.0,379.3859478255092,408.0,10.5,77.53766432650626,397.5,53,rolling,losing_streak_fitness,1_day,rep_3
77,2,22406,53560,53560,86986,408.0,376.497171722555,408.0,-5.2704627669473,87.22207161683723,413.2704627669473,54,rolling,losing_streak_fitness,1_day,rep_3
78,2,22406,53560,53560,86986,408.0,380.7455309209933,408.0,-5.2704627669473,87.82391258406436,413.2704627669473,55,rolling,losing_streak_fitness,1_day,rep_3
79,2,22406,53560,53560,86986,408.0,381.2940385325489,408.0,-5.2704627669473,80.16936905491745,413.2704627669473,56,rolling,losing_streak_fitness,1_day,rep_3
80,2,22406,53560,53560,86986,408.0,369.0524029020663,408.0,-5.2704627669473,103.50309593492544,413.2704627669473,57,rolling,losing_streak_fitness,1_day,rep_3
81,2,22406,53560,53560,86986,408.0,374.485147349912,408.0,-5.2704627669473,99.82885943491227,413.2704627669473,58,rolling,losing_streak_fitness,1_day,rep_3
82,2,22406,53560,53560,86986,408.0,364.52178699221935,408.0,-5.2704627669473,103.02868701282178,413.2704627669473,59,rolling,losing_streak_fitness,1_day,rep_3
83,2,22406,53560,53560,86986,408.0,378.7649756565626,408.0,-5.2704627669473,94.74692893989317,413.2704627669473,60,rolling,losing_streak_fitness,1_day,rep_3
84,2,22406,53560,53560,86986,408.0,374.9309443241694,408.0,-5.2704627669473,95.15302653561032,413.2704627669473,61,rolling,losing_streak_fitness,1_day,rep_3
85,2,22406,53560,53560,86986,408.0,372.37861229535446,408.0,10.5,101.2128739043676,397.5,62,rolling,losing_streak_fitness,1_day,rep_3
86,2,22406,53560,53560,86986,408.0,368.215636561073,408.0,10.5,99.03353319006176,397.5,63,rolling,losing_streak_fitness,1_day,rep_3
87,2,22406,53560,53560,86986,408.0,368.8756980010799,408.0,-5.2704627669473,98.89149132198489,413.2704627669473,64,rolling,losing_streak_fitness,1_day,rep_3
88,2,22406,53560,53560,86986,408.0,378.6197475290309,408.0,10.5,90.47811978834984,397.5,65,rolling,losing_streak_fitness,1_day,rep_3
89,2,22406,53560,53560,86986,408.0,369.2806667478624,408.0,-5.2704627669473,104.03267977892874,413.2704627669473,66,rolling,losing_streak_fitness,1_day,rep_3
90,2,22406,53560,53560,86986,408.0,371.819867538112,408.0,-5.2704627669473,95.03628943037752,413.2704627669473,67,rolling,losing_streak_fitness,1_day,rep_3
91,2,22406,53560,53560,86986,408.0,362.2370862623443,408.0,-5.2704627669473,110.38381967462384,413.2704627669473,68,rolling,losing_streak_fitness,1_day,rep_3
92,2,22406,53560,53560,86986,408.0,379.53033801989295,408.0,10.5,91.443814189288,397.5,69,rolling,losing_streak_fitness,1_day,rep_3
93,2,22406,53560,53560,86986,408.0,370.7712559056834,408.0,-5.2704627669473,105.80490613318402,413.2704627669473,70,rolling,losing_streak_fitness,1_day,rep_3
94,2,22406,53560,53560,86986,408.0,385.7851630035904,408.0,-5.2704627669473,82.63268876266815,413.2704627669473,71,rolling,losing_streak_fitness,1_day,rep_3
95,2,22406,53560,53560,86986,408.0,382.02396986149824,408.0,10.5,76.04997560257739,397.5,72,rolling,losing_streak_fitness,1_day,rep_3
96,2,22406,53560,53560,86986,408.0,357.7575468594554,408.0,10.5,117.24915327382004,397.5,73,rolling,losing_streak_fitness,1_day,rep_3
97,2,22406,53560,53560,86986,408.0,362.5382104134065,408.0,-5.2704627669473,113.27677482437836,413.2704627669473,74,rolling,losing_streak_fitness,1_day,rep_3
98,2,22406,53560,53560,86986,408.0,365.0201230716372,408.0,-5.2704627669473,109.77956992561474,413.2704627669473,75,rolling,losing_streak_fitness,1_day,rep_3
99,2,22406,53560,53560,86986,408.0,369.8297877670684,408.0,-5.2704627669473,105.653127536252,413.2704627669473,76,rolling,losing_streak_fitness,1_day,rep_3
100,2,22406,53560,53560,86986,408.0,386.0224895402418,408.0,-5.2704627669473,79.23035848141664,413.2704627669473,77,rolling,losing_streak_fitness,1_day,rep_3
0,3,53560,86986,86986,125287,161.66632302368973,-3273.71897301694,-1000.0,-31525.559986778982,6153.002193662568,31687.22630980267,0,rolling,losing_streak_fitness,1_day,rep_3
1,3,53560,86986,86986,125287,234.7594513539338,-729.0027985401208,-1000.0,-3720.265944556229,645.1100428671892,3955.0253959101633,0,rolling,losing_streak_fitness,1_day,rep_3
2,3,53560,86986,86986,125287,252.9822128134704,-437.4170175638402,-175.1130648092072,-2430.436258815126,577.4913063514032,2683.4184716285963,0,rolling,losing_streak_fitness,1_day,rep_3
3,3,53560,86986,86986,125287,227.5346127515548,-201.250998831912,-38.73239394294362,-1000.0,377.3937772762072,1227.5346127515547,1,rolling,losing_streak_fitness,1_day,rep_3
4,3,53560,86986,86986,125287,227.5346127515548,-207.01790527446545,-19.045894683899487,-1000.0,425.5725240645461,1227.5346127515547,2,rolling,losing_streak_fitness,1_day,rep_3
5,3,53560,86986,86986,125287,363.3610463437158,-86.9565688228713,27.646155962313607,-1000.0,369.7362342394448,1363.3610463437158,0,rolling,losing_streak_fitness,1_day,rep_3
6,3,53560,86986,86986,125287,223.60679774997897,-104.60103019000768,60.33977866125206,-1000.0,432.26879839016175,1223.606797749979,1,rolling,losing_streak_fitness,1_day,rep_3
7,3,53560,86986,86986,125287,234.78713763747797,-9.4419097441247,178.88543819998318,-1000.0,410.5407017453484,1234.7871376374778,2,rolling,losing_streak_fitness,1_day,rep_3
8,3,53560,86986,86986,125287,313.0495168499706,129.21850177337785,223.60679774997897,-1000.0,290.9003231121771,1313.0495168499706,3,rolling,losing_streak_fitness,1_day,rep_3
9,3,53560,86986,86986,125287,324.2298567374695,161.27416402747912,223.60679774997897,-1000.0,269.4067892157587,1324.2298567374696,4,rolling,losing_streak_fitness,1_day,rep_3
10,3,53560,86986,86986,125287,313.0495168499706,127.29863475372954,223.60679774997897,-1000.0,335.1720554880529,1313.0495168499706,5,rolling,losing_streak_fitness,1_day,rep_3
11,3,53560,86986,86986,125287,324.2298567374695,117.8902807182811,234.78713763747797,-1000.0,354.7382059646041,1324.2298567374696,6,rolling,losing_streak_fitness,1_day,rep_3
12,3,53560,86986,86986,125287,324.2298567374695,153.49499435110417,234.78713763747797,-1000.0,319.189372100282,1324.2298567374696,7,rolling,losing_streak_fitness,1_day,rep_3
13,3,53560,86986,86986,125287,324.2298567374695,102.75942055850096,234.78713763747797,-1000.0,411.05332973391,1324.2298567374696,8,rolling,losing_streak_fitness,1_day,rep_3
14,3,53560,86986,86986,125287,324.2298567374695,248.19174459077124,279.5084971874737,-1000.0,184.9681051320766,1324.2298567374696,9,rolling,losing_streak_fitness,1_day,rep_3
15,3,53560,86986,86986,125287,324.2298567374695,239.12358949072305,313.0495168499706,-1000.0,286.76603096289915,1324.2298567374696,10,rolling,losing_streak_fitness,1_day,rep_3
16,3,53560,86986,86986,125287,324.2298567374695,266.0059027208464,324.2298567374695,-1000.0,260.0643077380291,1324.2298567374696,11,rolling,losing_streak_fitness,1_day,rep_3
17,3,53560,86986,86986,125287,324.2298567374695,274.8725024308978,324.2298567374695,-1000.0,229.75301066782583,1324.2298567374696,12,rolling,losing_streak_fitness,1_day,rep_3
18,3,53560,86986,86986,125287,324.2298567374695,263.4522718410228,324.2298567374695,-1000.0,261.7597497171178,1324.2298567374696,13,rolling,losing_streak_fitness,1_day,rep_3
19,3,53560,86986,86986,125287,324.2298567374695,303.45507844456324,324.2298567374695,-1000.0,138.78287693147013,1324.2298567374696,14,rolling,losing_streak_fitness,1_day,rep_3
20,3,53560,86986,86986,125287,324.2298567374695,269.56154243854985,324.2298567374695,-1000.0,261.0071109332605,1324.2298567374696,15,rolling,losing_streak_fitness,1_day,rep_3
21,3,53560,86986,86986,125287,324.2298567374695,240.7862186727056,324.2298567374695,-1000.0,316.6912338863256,1324.2298567374696,16,rolling,losing_streak_fitness,1_day,rep_3
22,3,53560,86986,86986,125287,324.2298567374695,304.1258988378132,324.2298567374695,-1000.0,138.800788684228,1324.2298567374696,17,rolling,losing_streak_fitness,1_day,rep_3
23,3,53560,86986,86986,125287,324.2298567374695,294.54287737594336,324.2298567374695,-1000.0,188.2406256980053,1324.2298567374696,18,rolling,losing_streak_fitness,1_day,rep_3
24,3,53560,86986,86986,125287,324.2298567374695,211.21104271005373,324.2298567374695,-1000.0,361.5346739014746,1324.2298567374696,19,rolling,losing_streak_fitness,1_day,rep_3
25,3,53560,86986,86986,125287,324.2298567374695,232.37951360040316,324.2298567374695,-1000.0,316.9724529147557,1324.2298567374696,20,rolling,losing_streak_fitness,1_day,rep_3
26,3,53560,86986,86986,125287,324.2298567374695,226.79388592050435,324.2298567374695,-1000.0,339.22008485460435,1324.2298567374696,21,rolling,losing_streak_fitness,1_day,rep_3
27,3,53560,86986,86986,125287,324.2298567374695,290.3575851917629,324.2298567374695,-1000.0,189.6518265644845,1324.2298567374696,22,rolling,losing_streak_fitness,1_day,rep_3
28,3,53560,86986,86986,125287,324.2298567374695,249.43302940091144,324.2298567374695,-1000.0,290.24453960686367,1324.2298567374696,23,rolling,losing_streak_fitness,1_day,rep_3
29,3,53560,86986,86986,125287,324.2298567374695,250.9925970657729,324.2298567374695,-1000.0,290.7197627738715,1324.2298567374696,24,rolling,losing_streak_fitness,1_day,rep_3
30,3,53560,86986,86986,125287,324.2298567374695,289.5171842938464,324.2298567374695,-1000.0,189.66432122574733,1324.2298567374696,25,rolling,losing_streak_fitness,1_day,rep_3
31,3,53560,86986,86986,125287,324.2298567374695,264.2083982536384,324.2298567374695,-1000.0,262.4974011159304,1324.2298567374696,26,rolling,losing_streak_fitness,1_day,rep_3
32,3,53560,86986,86986,125287,324.2298567374695,263.8375000496289,324.2298567374695,-1000.0,260.929870928938,1324.2298567374696,27,rolling,losing_streak_fitness,1_day,rep_3
33,3,53560,86986,86986,125287,324.2298567374695,291.9770791212068,324.2298567374695,-1000.0,187.8104978398098,1324.2298567374696,28,rolling,losing_streak_fitness,1_day,rep_3
34,3,53560,86986,86986,125287,324.2298567374695,278.92746163885977,324.2298567374695,-1000.0,229.039300460107,1324.2298567374696,29,rolling,losing_streak_fitness,1_day,rep_3
35,3,53560,86986,86986,125287,324.2298567374695,297.7452596027206,324.2298567374695,-1000.0,186.3261514963024,1324.2298567374696,30,rolling,losing_streak_fitness,1_day,rep_3
36,3,53560,86986,86986,125287,324.2298567374695,304.5827937165407,324.2298567374695,-1000.0,138.28663198799163,1324.2298567374696,31,rolling,losing_streak_fitness,1_day,rep_3
37,3,53560,86986,86986,125287,324.2298567374695,257.7947571028464,324.2298567374695,-1000.0,290.0158707086799,1324.2298567374696,32,rolling,losing_streak_fitness,1_day,rep_3
38,3,53560,86986,86986,125287,324.2298567374695,240.03618448787915,324.2298567374695,-1000.0,315.8184975111544,1324.2298567374696,33,rolling,losing_streak_fitness,1_day,rep_3
39,3,53560,86986,86986,125287,324.2298567374695,266.96799521812864,324.2298567374695,-1000.0,261.0620684145096,1324.2298567374696,34,rolling,losing_streak_fitness,1_day,rep_3
40,3,53560,86986,86986,125287,324.2298567374695,277.6694629771493,324.2298567374695,-1000.0,229.55665808165244,1324.2298567374696,35,rolling,losing_streak_fitness,1_day,rep_3
41,3,53560,86986,86986,125287,324.2298567374695,264.32020165251333,324.2298567374695,-1000.0,262.4919343500051,1324.2298567374696,36,rolling,losing_streak_fitness,1_day,rep_3
42,3,53560,86986,86986,125287,324.2298567374695,277.41769490531374,324.2298567374695,-1000.0,230.0910826399061,1324.2298567374696,37,rolling,losing_streak_fitness,1_day,rep_3
43,3,53560,86986,86986,125287,324.2298567374695,256.11770611972145,324.2298567374695,-1000.0,289.8122356479881,1324.2298567374696,38,rolling,losing_streak_fitness,1_day,rep_3
44,3,53560,86986,86986,125287,324.2298567374695,318.11574549832926,324.2298567374695,14.687909785859627,33.74039052095291,309.5419469516099,39,rolling,losing_streak_fitness,1_day,rep_3
45,3,53560,86986,86986,125287,324.2298567374695,199.02963338614884,324.2298567374695,-1000.0,380.6208902564543,1324.2298567374696,40,rolling,losing_streak_fitness,1_day,rep_3
46,3,53560,86986,86986,125287,324.2298567374695,291.05006232290833,324.2298567374695,-1000.0,189.0403958988292,1324.2298567374696,41,rolling,losing_streak_fitness,1_day,rep_3
47,3,53560,86986,86986,125287,324.2298567374695,287.98723246069073,324.2298567374695,-1000.0,189.85622227873023,1324.2298567374696,42,rolling,losing_streak_fitness,1_day,rep_3
48,3,53560,86986,86986,125287,324.2298567374695,264.7319272406288,324.2298567374695,-1000.0,260.9777394807988,1324.2298567374696,43,rolling,losing_streak_fitness,1_day,rep_3
49,3,53560,86986,86986,125287,324.2298567374695,280.2323628317998,324.2298567374695,-1000.0,227.2957242988796,1324.2298567374696,44,rolling,losing_streak_fitness,1_day,rep_3
50,3,53560,86986,86986,125287,324.2298567374695,199.3883642152456,324.2298567374695,-1000.0,380.4567831621743,1324.2298567374696,45,rolling,losing_streak_fitness,1_day,rep_3
51,3,53560,86986,86986,125287,324.2298567374695,238.64472568939823,324.2298567374695,-1000.0,316.4952156995163,1324.2298567374696,46,rolling,losing_streak_fitness,1_day,rep_3
52,3,53560,86986,86986,125287,324.2298567374695,244.10524493997175,324.2298567374695,-1000.0,315.9403622805676,1324.2298567374696,47,rolling,losing_streak_fitness,1_day,rep_3
53,3,53560,86986,86986,125287,324.2298567374695,274.6962979245234,324.2298567374695,-1000.0,231.56675052889463,1324.2298567374696,48,rolling,losing_streak_fitness,1_day,rep_3
54,3,53560,86986,86986,125287,324.2298567374695,227.2520240130973,324.2298567374695,-1000.0,339.7078471214785,1324.2298567374696,49,rolling,losing_streak_fitness,1_day,rep_3
55,3,53560,86986,86986,125287,324.2298567374695,266.0514989808321,324.2298567374695,-1000.0,261.3601174625787,1324.2298567374696,50,rolling,losing_streak_fitness,1_day,rep_3
56,3,53560,86986,86986,125287,324.2298567374695,229.05202294430055,324.2298567374695,-1000.0,339.35033115896715,1324.2298567374696,51,rolling,losing_streak_fitness,1_day,rep_3
57,3,53560,86986,86986,125287,324.2298567374695,281.79761041604974,324.2298567374695,-1000.0,227.3630051812632,1324.2298567374696,52,rolling,losing_streak_fitness,1_day,rep_3
58,3,53560,86986,86986,125287,324.2298567374695,256.3192438711751,324.2298567374695,-1000.0,290.1690298431422,1324.2298567374696,53,rolling,losing_streak_fitness,1_day,rep_3
59,3,53560,86986,86986,125287,324.2298567374695,248.9328210463928,324.2298567374695,-1000.0,291.25281566399804,1324.2298567374696,54,rolling,losing_streak_fitness,1_day,rep_3
60,3,53560,86986,86986,125287,324.2298567374695,278.07488465767494,324.2298567374695,-1000.0,228.4657614704304,1324.2298567374696,55,rolling,losing_streak_fitness,1_day,rep_3
61,3,53560,86986,86986,125287,324.2298567374695,279.2040631956285,324.2298567374695,-1000.0,227.58919018694905,1324.2298567374696,56,rolling,losing_streak_fitness,1_day,rep_3
62,3,53560,86986,86986,125287,324.2298567374695,292.0952477843232,324.2298567374695,-1000.0,188.6672722493095,1324.2298567374696,57,rolling,losing_streak_fitness,1_day,rep_3
63,3,53560,86986,86986,125287,324.2298567374695,254.39651704400373,324.2298567374695,-1000.0,290.2149014195161,1324.2298567374696,58,rolling,losing_streak_fitness,1_day,rep_3
64,3,53560,86986,86986,125287,324.2298567374695,277.84035336283216,324.2298567374695,-1000.0,227.9113730884163,1324.2298567374696,59,rolling,losing_streak_fitness,1_day,rep_3
65,3,53560,86986,86986,125287,324.2298567374695,265.6152098824253,324.2298567374695,-1000.0,261.7710463095091,1324.2298567374696,60,rolling,losing_streak_fitness,1_day,rep_3
66,3,53560,86986,86986,125287,324.2298567374695,161.44907130894572,324.2298567374695,-1000.0,432.16613413460783,1324.2298567374696,61,rolling,losing_streak_fitness,1_day,rep_3
67,3,53560,86986,86986,125287,324.2298567374695,292.9507201037833,324.2298567374695,-1000.0,188.93687935770564,1324.2298567374696,62,rolling,losing_streak_fitness,1_day,rep_3
68,3,53560,86986,86986,125287,324.2298567374695,304.9680219251468,324.2298567374695,-1000.0,136.4349108420299,1324.2298567374696,63,rolling,losing_streak_fitness,1_day,rep_3
69,3,53560,86986,86986,125287,324.2298567374695,284.50296103534595,324.2298567374695,-1000.0,227.0347171470058,1324.2298567374696,64,rolling,losing_streak_fitness,1_day,rep_3
70,3,53560,86986,86986,125287,324.2298567374695,278.30963600462854,324.2298567374695,-1000.0,227.6749554970357,1324.2298567374696,65,rolling,losing_streak_fitness,1_day,rep_3
71,3,53560,86986,86986,125287,324.2298567374695,241.45703906595543,324.2298567374695,-1000.0,316.7494399514163,1324.2298567374696,66,rolling,losing_streak_fitness,1_day,rep_3
72,3,53560,86986,86986,125287,324.2298567374695,256.45311631634667,324.2298567374695,-1000.0,289.8764089335256,1324.2298567374696,67,rolling,losing_streak_fitness,1_day,rep_3
73,3,53560,86986,86986,125287,324.2298567374695,250.0029708923792,324.2298567374695,-1000.0,290.7095710359454,1324.2298567374696,68,rolling,losing_streak_fitness,1_day,rep_3
74,3,53560,86986,86986,125287,324.2298567374695,251.3998943206755,324.2298567374695,-1000.0,289.60306017056325,1324.2298567374696,69,rolling,losing_streak_fitness,1_day,rep_3
75,3,53560,86986,86986,125287,324.2298567374695,256.9003299118464,324.2298567374695,-1000.0,289.8814987618715,1324.2298567374696,70,rolling,losing_streak_fitness,1_day,rep_3
76,3,53560,86986,86986,125287,324.2298567374695,280.8533652130687,324.2298567374695,-1000.0,228.36337270426728,1324.2298567374696,71,rolling,losing_streak_fitness,1_day,rep_3
77,3,53560,86986,86986,125287,324.2298567374695,267.7506190102536,324.2298567374695,-1000.0,261.1786339035092,1324.2298567374696,72,rolling,losing_streak_fitness,1_day,rep_3
78,3,53560,86986,86986,125287,324.2298567374695,282.602303254471,324.2298567374695,-1000.0,226.93820231945992,1324.2298567374696,73,rolling,losing_streak_fitness,1_day,rep_3
79,3,53560,86986,86986,125287,324.2298567374695,291.5592613053022,324.2298567374695,-1000.0,190.2976109832951,1324.2298567374696,74,rolling,losing_streak_fitness,1_day,rep_3
80,3,53560,86986,86986,125287,324.2298567374695,252.10579041290916,324.2298567374695,-1000.0,290.8872144014648,1324.2298567374696,75,rolling,losing_streak_fitness,1_day,rep_3
81,3,53560,86986,86986,125287,324.2298567374695,240.70700488112905,324.2298567374695,-1000.0,315.9703953034819,1324.2298567374696,76,rolling,losing_streak_fitness,1_day,rep_3
82,3,53560,86986,86986,125287,324.2298567374695,307.78033530170427,324.2298567374695,-1000.0,135.6788861614426,1324.2298567374696,77,rolling,losing_streak_fitness,1_day,rep_3
83,3,53560,86986,86986,125287,324.2298567374695,293.832140642096,324.2298567374695,-1000.0,186.60692530396025,1324.2298567374696,78,rolling,losing_streak_fitness,1_day,rep_3
84,3,53560,86986,86986,125287,324.2298567374695,310.09313097909546,324.2298567374695,-1000.0,132.63453288155762,1324.2298567374696,79,rolling,losing_streak_fitness,1_day,rep_3
85,3,53560,86986,86986,125287,324.2298567374695,249.2934770363516,324.2298567374695,-1000.0,290.7839226092996,1324.2298567374696,80,rolling,losing_streak_fitness,1_day,rep_3
86,3,53560,86986,86986,125287,324.2298567374695,282.26689305784606,324.2298567374695,-1000.0,227.0065434990467,1324.2298567374696,81,rolling,losing_streak_fitness,1_day,rep_3
87,3,53560,86986,86986,125287,324.2298567374695,291.16670636339705,324.2298567374695,-1000.0,188.73792301970985,1324.2298567374696,82,rolling,losing_streak_fitness,1_day,rep_3
88,3,53560,86986,86986,125287,324.2298567374695,294.2074671793183,324.2298567374695,-1000.0,188.210366668765,1324.2298567374696,83,rolling,losing_streak_fitness,1_day,rep_3
89,3,53560,86986,86986,125287,324.2298567374695,194.8609456184496,324.2298567374695,-1000.0,380.3906836328013,1324.2298567374696,84,rolling,losing_streak_fitness,1_day,rep_3
90,3,53560,86986,86986,125287,324.2298567374695,289.5528923533415,324.2298567374695,-1000.0,190.1930889520175,1324.2298567374696,85,rolling,losing_streak_fitness,1_day,rep_3
91,3,53560,86986,86986,125287,324.2298567374695,290.26743853078347,324.2298567374695,-1000.0,189.1103880392627,1324.2298567374696,86,rolling,losing_streak_fitness,1_day,rep_3
92,3,53560,86986,86986,125287,324.2298567374695,290.5699165406708,324.2298567374695,-1000.0,190.49400967805943,1324.2298567374696,87,rolling,losing_streak_fitness,1_day,rep_3
93,3,53560,86986,86986,125287,324.2298567374695,237.36507028979213,324.2298567374695,-1000.0,317.07782286488987,1324.2298567374696,88,rolling,losing_streak_fitness,1_day,rep_3
94,3,53560,86986,86986,125287,324.2298567374695,281.3724658668462,324.2298567374695,-1000.0,226.92673461013564,1324.2298567374696,89,rolling,losing_streak_fitness,1_day,rep_3
95,3,53560,86986,86986,125287,324.2298567374695,262.26235079399527,324.2298567374695,-1000.0,262.9556905580579,1324.2298567374696,90,rolling,losing_streak_fitness,1_day,rep_3
96,3,53560,86986,86986,125287,324.2298567374695,293.33636062079023,324.2298567374695,-1000.0,187.7935400233324,1324.2298567374696,91,rolling,losing_streak_fitness,1_day,rep_3
97,3,53560,86986,86986,125287,324.2298567374695,264.5703058297728,324.2298567374695,-1000.0,261.9326725844979,1324.2298567374696,92,rolling,losing_streak_fitness,1_day,rep_3
98,3,53560,86986,86986,125287,324.2298567374695,218.291468198472,324.2298567374695,-1000.0,361.0644125524894,1324.2298567374696,93,rolling,losing_streak_fitness,1_day,rep_3
99,3,53560,86986,86986,125287,324.2298567374695,255.3130132813003,324.2298567374695,-1000.0,290.07079464900613,1324.2298567374696,94,rolling,losing_streak_fitness,1_day,rep_3
100,3,53560,86986,86986,125287,324.2298567374695,318.8763002441577,324.2298567374695,14.687909785859627,35.2401929840407,309.5419469516099,95,rolling,losing_streak_fitness,1_day,rep_3
0,4,86986,125287,125287,130699,387.2983346207417,-5196.030911014933,-1000.0,-219928.95535390795,22937.252945869437,220316.2536885287,0,rolling,losing_streak_fitness,1_day,rep_3
1,4,86986,125287,125287,130699,208.556646981102,-580.3366840378652,-302.1184874312182,-8389.345396686873,1061.0839778898292,8597.902043667975,1,rolling,losing_streak_fitness,1_day,rep_3
2,4,86986,125287,125287,130699,243.99795081106728,-920.5596838923296,-104.99445390550494,-29265.206748629,4115.4407768065785,29509.204699440063,2,rolling,losing_streak_fitness,1_day,rep_3
3,4,86986,125287,125287,130699,282.7277842731414,-75.70285626393127,21.88232052984173,-3249.443386181701,414.9401358083471,3532.1711704548425,3,rolling,losing_streak_fitness,1_day,rep_3
4,4,86986,125287,125287,130699,384.0,75.90242633302124,71.41857185058674,-1000.0,159.2399889266945,1384.0,4,rolling,losing_streak_fitness,1_day,rep_3
5,4,86986,125287,125287,130699,484.0,147.70732545714088,125.60370903499116,-113.49694073214287,113.31795109502296,597.4969407321429,0,rolling,losing_streak_fitness,1_day,rep_3
6,4,86986,125287,125287,130699,600.585547611662,205.20262384912365,203.02615420116467,-11.858541225631424,107.12781750383108,612.4440888372934,0,rolling,losing_streak_fitness,1_day,rep_3
7,4,86986,125287,125287,130699,600.585547611662,221.6201904013947,213.59461265719108,-64.50322989329035,123.394246014318,665.0887775049524,1,rolling,losing_streak_fitness,1_day,rep_3
8,4,86986,125287,125287,130699,600.585547611662,241.15442454362957,247.84667662179444,-1000.0,225.83475055867677,1600.5855476116622,2,rolling,losing_streak_fitness,1_day,rep_3
9,4,86986,125287,125287,130699,600.585547611662,203.4398092499019,250.0,-1000.0,336.6954415783206,1600.5855476116622,3,rolling,losing_streak_fitness,1_day,rep_3
10,4,86986,125287,125287,130699,600.585547611662,266.9397643984826,266.55400030722683,-1000.0,272.59460005548783,1600.5855476116622,4,rolling,losing_streak_fitness,1_day,rep_3
11,4,86986,125287,125287,130699,600.585547611662,307.6190313195537,294.1564209736038,-1000.0,250.9235524242235,1600.5855476116622,5,rolling,losing_streak_fitness,1_day,rep_3
12,4,86986,125287,125287,130699,600.585547611662,347.3251310566448,364.57517863152,-1000.0,324.1291970086801,1600.5855476116622,6,rolling,losing_streak_fitness,1_day,rep_3
13,4,86986,125287,125287,130699,600.585547611662,466.9130248078282,600.585547611662,-1000.0,253.2036908296297,1600.5855476116622,7,rolling,losing_streak_fitness,1_day,rep_3
14,4,86986,125287,125287,130699,600.585547611662,454.0791594481965,600.585547611662,-1000.0,391.1564884278566,1600.5855476116622,8,rolling,losing_streak_fitness,1_day,rep_3
15,4,86986,125287,125287,130699,600.585547611662,545.4950950578003,600.585547611662,-1000.0,196.12909292068855,1600.5855476116622,9,rolling,losing_streak_fitness,1_day,rep_3
16,4,86986,125287,125287,130699,600.585547611662,529.4560100320687,600.585547611662,-1000.0,210.89712998349503,1600.5855476116622,10,rolling,losing_streak_fitness,1_day,rep_3
17,4,86986,125287,125287,130699,600.585547611662,563.7911982497722,600.585547611662,-1000.0,181.78140601228924,1600.5855476116622,11,rolling,losing_streak_fitness,1_day,rep_3
18,4,86986,125287,125287,130699,600.585547611662,578.8605605053613,600.585547611662,59.08844594710919,96.76638646313748,541.4971016645528,12,rolling,losing_streak_fitness,1_day,rep_3
19,4,86986,125287,125287,130699,600.585547611662,585.8411985706598,600.585547611662,201.0770996409089,68.87356706088491,399.50844797075314,13,rolling,losing_streak_fitness,1_day,rep_3
20,4,86986,125287,125287,130699,600.585547611662,568.8048009640929,600.585547611662,53.88877434122991,114.94652814423053,546.6967732704321,14,rolling,losing_streak_fitness,1_day,rep_3
21,4,86986,125287,125287,130699,600.585547611662,568.8061672292039,600.585547611662,53.88877434122991,112.32661266261532,546.6967732704321,15,rolling,losing_streak_fitness,1_day,rep_3
22,4,86986,125287,125287,130699,600.585547611662,576.1091165503263,600.585547611662,53.88877434122991,97.14301353358866,546.6967732704321,16,rolling,losing_streak_fitness,1_day,rep_3
23,4,86986,125287,125287,130699,600.585547611662,558.1817626476375,600.585547611662,70.3431588713501,125.41449930594518,530.242388740312,17,rolling,losing_streak_fitness,1_day,rep_3
24,4,86986,125287,125287,130699,600.585547611662,573.7325254120196,600.585547611662,70.3431588713501,107.24573351852337,530.242388740312,18,rolling,losing_streak_fitness,1_day,rep_3
25,4,86986,125287,125287,130699,600.585547611662,545.3410776075643,600.585547611662,53.88877434122991,144.31117257591146,546.6967732704321,19,rolling,losing_streak_fitness,1_day,rep_3
26,4,86986,125287,125287,130699,600.585547611662,581.1052022519611,600.585547611662,116.8,86.49820576522347,483.785547611662,20,rolling,losing_streak_fitness,1_day,rep_3
27,4,86986,125287,125287,130699,600.585547611662,556.5627445163257,600.585547611662,70.3431588713501,129.54545833103464,530.242388740312,21,rolling,losing_streak_fitness,1_day,rep_3
28,4,86986,125287,125287,130699,600.585547611662,570.0845657291957,600.585547611662,53.88877434122991,105.45856823174633,546.6967732704321,22,rolling,losing_streak_fitness,1_day,rep_3
29,4,86986,125287,125287,130699,600.585547611662,534.3142589910669,600.585547611662,53.88877434122991,167.06004167720772,546.6967732704321,23,rolling,losing_streak_fitness,1_day,rep_3
30,4,86986,125287,125287,130699,600.585547611662,556.2215781970441,600.585547611662,53.88877434122991,134.9924208422036,546.6967732704321,24,rolling,losing_streak_fitness,1_day,rep_3
31,4,86986,125287,125287,130699,600.585547611662,584.9130705063961,600.585547611662,95.03288904374106,74.48711806993091,505.55265856792096,25,rolling,losing_streak_fitness,1_day,rep_3
32,4,86986,125287,125287,130699,600.585547611662,556.2926928183067,600.585547611662,53.88877434122991,132.10220806936857,546.6967732704321,26,rolling,losing_streak_fitness,1_day,rep_3
33,4,86986,125287,125287,130699,600.585547611662,569.946763291852,600.585547611662,50.26927491022722,99.88689766572972,550.3162727014349,27,rolling,losing_streak_fitness,1_day,rep_3
34,4,86986,125287,125287,130699,600.585547611662,576.0368089092565,600.585547611662,50.26927491022722,99.66140236695318,550.3162727014349,28,rolling,losing_streak_fitness,1_day,rep_3
35,4,86986,125287,125287,130699,600.585547611662,577.9852367079258,600.585547611662,50.26927491022722,93.08471295298214,550.3162727014349,29,rolling,losing_streak_fitness,1_day,rep_3
36,4,86986,125287,125287,130699,600.585547611662,548.8291545511569,600.585547611662,-1000.0,199.07878650401457,1600.5855476116622,30,rolling,losing_streak_fitness,1_day,rep_3
37,4,86986,125287,125287,130699,600.585547611662,547.9868258532631,600.585547611662,-1000.0,194.5676774345853,1600.5855476116622,31,rolling,losing_streak_fitness,1_day,rep_3
38,4,86986,125287,125287,130699,600.585547611662,536.5968147186999,600.585547611662,-1000.0,209.5190742112256,1600.5855476116622,32,rolling,losing_streak_fitness,1_day,rep_3
39,4,86986,125287,125287,130699,600.585547611662,557.9369114696024,600.585547611662,53.88877434122991,128.19659420277662,546.6967732704321,33,rolling,losing_streak_fitness,1_day,rep_3
40,4,86986,125287,125287,130699,600.585547611662,566.2216362125197,600.585547611662,95.03288904374106,106.11471814873008,505.55265856792096,34,rolling,losing_streak_fitness,1_day,rep_3
41,4,86986,125287,125287,130699,600.585547611662,554.8323116771476,600.585547611662,53.88877434122991,134.0507059661635,546.6967732704321,35,rolling,losing_streak_fitness,1_day,rep_3
42,4,86986,125287,125287,130699,600.585547611662,559.3586995903886,600.585547611662,-1000.0,190.39241823604144,1600.5855476116622,36,rolling,losing_streak_fitness,1_day,rep_3
43,4,86986,125287,125287,130699,600.585547611662,507.64523850092337,600.585547611662,-1000.0,263.33377569882936,1600.5855476116622,37,rolling,losing_streak_fitness,1_day,rep_3
44,4,86986,125287,125287,130699,600.585547611662,548.9908099967931,600.585547611662,-1000.0,190.67877376490583,1600.5855476116622,38,rolling,losing_streak_fitness,1_day,rep_3
45,4,86986,125287,125287,130699,600.585547611662,552.0517172105975,600.585547611662,95.03288904374106,140.06122948510722,505.55265856792096,39,rolling,losing_streak_fitness,1_day,rep_3
46,4,86986,125287,125287,130699,600.585547611662,563.6719126228658,600.585547611662,53.88877434122991,127.86774855361942,546.6967732704321,40,rolling,losing_streak_fitness,1_day,rep_3
47,4,86986,125287,125287,130699,600.585547611662,552.6336186777014,600.585547611662,50.26927491022722,138.27289826856813,550.3162727014349,41,rolling,losing_streak_fitness,1_day,rep_3
48,4,86986,125287,125287,130699,600.585547611662,567.5437068458825,600.585547611662,53.88877434122991,107.9858983897196,546.6967732704321,42,rolling,losing_streak_fitness,1_day,rep_3
49,4,86986,125287,125287,130699,600.585547611662,540.2526207476662,600.585547611662,-1000.0,200.54025851103108,1600.5855476116622,43,rolling,losing_streak_fitness,1_day,rep_3
50,4,86986,125287,125287,130699,600.585547611662,553.1568559699457,600.585547611662,-1000.0,193.5866198271339,1600.5855476116622,44,rolling,losing_streak_fitness,1_day,rep_3
51,4,86986,125287,125287,130699,600.585547611662,560.8036417739592,600.585547611662,95.03288904374106,126.31878657825436,505.55265856792096,45,rolling,losing_streak_fitness,1_day,rep_3
52,4,86986,125287,125287,130699,600.585547611662,556.3370989623716,600.585547611662,53.88877434122991,129.9265292961721,546.6967732704321,46,rolling,losing_streak_fitness,1_day,rep_3
53,4,86986,125287,125287,130699,600.585547611662,557.0308354681813,600.585547611662,59.08844594710919,130.01795828589724,541.4971016645528,47,rolling,losing_streak_fitness,1_day,rep_3
54,4,86986,125287,125287,130699,600.585547611662,537.3653135583454,600.585547611662,-1000.0,204.87352605670807,1600.5855476116622,48,rolling,losing_streak_fitness,1_day,rep_3
55,4,86986,125287,125287,130699,600.585547611662,574.8882178135613,600.585547611662,95.03288904374106,100.5802348041524,505.55265856792096,49,rolling,losing_streak_fitness,1_day,rep_3
56,4,86986,125287,125287,130699,600.585547611662,548.036441251852,600.585547611662,-1000.0,197.33892593200375,1600.5855476116622,50,rolling,losing_streak_fitness,1_day,rep_3
57,4,86986,125287,125287,130699,600.585547611662,545.5596552830561,600.585547611662,-1000.0,197.870828368076,1600.5855476116622,51,rolling,losing_streak_fitness,1_day,rep_3
58,4,86986,125287,125287,130699,600.585547611662,574.2362446560093,600.585547611662,50.26927491022722,100.91187936679133,550.3162727014349,52,rolling,losing_streak_fitness,1_day,rep_3
59,4,86986,125287,125287,130699,600.585547611662,564.3050865164063,600.585547611662,50.26927491022722,127.88281321314976,550.3162727014349,53,rolling,losing_streak_fitness,1_day,rep_3
60,4,86986,125287,125287,130699,600.585547611662,565.7563836341983,600.585547611662,50.26927491022722,122.2909732687948,550.3162727014349,54,rolling,losing_streak_fitness,1_day,rep_3
61,4,86986,125287,125287,130699,600.585547611662,575.6236043282383,600.585547611662,50.26927491022722,104.09550580064308,550.3162727014349,55,rolling,losing_streak_fitness,1_day,rep_3
62,4,86986,125287,125287,130699,600.585547611662,558.9093497057956,600.585547611662,50.26927491022722,125.44991278443116,550.3162727014349,56,rolling,losing_streak_fitness,1_day,rep_3
63,4,86986,125287,125287,130699,600.585547611662,517.3295401395534,600.585547611662,-1000.0,294.94838086133984,1600.5855476116622,57,rolling,losing_streak_fitness,1_day,rep_3
64,4,86986,125287,125287,130699,600.585547611662,547.0515091861034,600.585547611662,-1000.0,195.61162869033336,1600.5855476116622,58,rolling,losing_streak_fitness,1_day,rep_3
65,4,86986,125287,125287,130699,600.585547611662,578.1210894977557,600.585547611662,59.08844594710919,94.09195385459188,541.4971016645528,59,rolling,losing_streak_fitness,1_day,rep_3
66,4,86986,125287,125287,130699,600.585547611662,578.3228019624365,600.585547611662,166.93678111455512,84.4816973735565,433.6487664971069,60,rolling,losing_streak_fitness,1_day,rep_3
67,4,86986,125287,125287,130699,600.585547611662,552.6389622235449,600.585547611662,50.26927491022722,136.97329767234302,550.3162727014349,61,rolling,losing_streak_fitness,1_day,rep_3
68,4,86986,125287,125287,130699,600.585547611662,526.1753430894614,600.585547611662,50.26927491022722,168.47956685288332,550.3162727014349,62,rolling,losing_streak_fitness,1_day,rep_3
69,4,86986,125287,125287,130699,600.585547611662,544.1991359686746,600.585547611662,-1000.0,198.98751164454032,1600.5855476116622,63,rolling,losing_streak_fitness,1_day,rep_3
70,4,86986,125287,125287,130699,600.585547611662,548.7330638353034,600.585547611662,50.26927491022722,128.7231276415378,550.3162727014349,64,rolling,losing_streak_fitness,1_day,rep_3
71,4,86986,125287,125287,130699,600.585547611662,560.6329825232541,600.585547611662,53.88877434122991,121.93069118445752,546.6967732704321,65,rolling,losing_streak_fitness,1_day,rep_3
72,4,86986,125287,125287,130699,600.585547611662,556.6386287736648,600.585547611662,-1000.0,188.76439287414945,1600.5855476116622,66,rolling,losing_streak_fitness,1_day,rep_3
73,4,86986,125287,125287,130699,600.585547611662,571.7174835153266,600.585547611662,95.03288904374106,102.75932478960256,505.55265856792096,67,rolling,losing_streak_fitness,1_day,rep_3
74,4,86986,125287,125287,130699,600.585547611662,567.0806089835409,600.585547611662,59.08844594710919,114.25233396949204,541.4971016645528,68,rolling,losing_streak_fitness,1_day,rep_3
75,4,86986,125287,125287,130699,600.585547611662,545.3214109066372,600.585547611662,-1000.0,197.33147756576776,1600.5855476116622,69,rolling,losing_streak_fitness,1_day,rep_3
76,4,86986,125287,125287,130699,600.585547611662,594.0504008691654,600.585547611662,253.5,46.06718553389906,347.08554761166204,70,rolling,losing_streak_fitness,1_day,rep_3
77,4,86986,125287,125287,130699,600.585547611662,573.227277429533,600.585547611662,-1000.0,175.5728888631824,1600.5855476116622,71,rolling,losing_streak_fitness,1_day,rep_3
78,4,86986,125287,125287,130699,600.585547611662,529.800423462716,600.585547611662,-1000.0,284.4947717647071,1600.5855476116622,72,rolling,losing_streak_fitness,1_day,rep_3
79,4,86986,125287,125287,130699,600.585547611662,556.9359121061632,600.585547611662,70.3431588713501,127.39676512422808,530.242388740312,73,rolling,losing_streak_fitness,1_day,rep_3
80,4,86986,125287,125287,130699,600.585547611662,568.398408052434,600.585547611662,237.58787847868,95.48644582781137,362.9976691329821,74,rolling,losing_streak_fitness,1_day,rep_3
81,4,86986,125287,125287,130699,600.585547611662,526.7640778420697,600.585547611662,-1000.0,256.988681107492,1600.5855476116622,75,rolling,losing_streak_fitness,1_day,rep_3
82,4,86986,125287,125287,130699,600.585547611662,571.022410723793,600.585547611662,95.03288904374106,103.26226271097512,505.55265856792096,76,rolling,losing_streak_fitness,1_day,rep_3
83,4,86986,125287,125287,130699,600.585547611662,577.416493769995,600.585547611662,95.03288904374106,92.51051264391586,505.55265856792096,77,rolling,losing_streak_fitness,1_day,rep_3
84,4,86986,125287,125287,130699,600.585547611662,538.1730639222216,600.585547611662,-1000.0,244.31081963356587,1600.5855476116622,78,rolling,losing_streak_fitness,1_day,rep_3
85,4,86986,125287,125287,130699,600.585547611662,559.702379925166,600.585547611662,50.26927491022722,132.4964818180404,550.3162727014349,79,rolling,losing_streak_fitness,1_day,rep_3
86,4,86986,125287,125287,130699,600.585547611662,562.2076354612924,600.585547611662,53.88877434122991,118.52438537409176,546.6967732704321,80,rolling,losing_streak_fitness,1_day,rep_3
87,4,86986,125287,125287,130699,600.585547611662,571.9231448090848,600.585547611662,53.88877434122991,111.21505258740125,546.6967732704321,81,rolling,losing_streak_fitness,1_day,rep_3
88,4,86986,125287,125287,130699,600.585547611662,575.4841890584902,600.585547611662,76.36753236814712,89.96064315499892,524.2180152435149,82,rolling,losing_streak_fitness,1_day,rep_3
89,4,86986,125287,125287,130699,600.585547611662,581.3088772652964,600.585547611662,189.0,84.49938265605168,411.5855476116621,83,rolling,losing_streak_fitness,1_day,rep_3
90,4,86986,125287,125287,130699,600.585547611662,538.1815115039726,600.585547611662,53.88877434122991,152.72550109384375,546.6967732704321,84,rolling,losing_streak_fitness,1_day,rep_3
91,4,86986,125287,125287,130699,600.585547611662,571.8396369088546,600.585547611662,76.36753236814712,102.88051209412086,524.2180152435149,85,rolling,losing_streak_fitness,1_day,rep_3
92,4,86986,125287,125287,130699,600.585547611662,549.2234508915373,600.585547611662,-1000.0,194.660578699925,1600.5855476116622,86,rolling,losing_streak_fitness,1_day,rep_3
93,4,86986,125287,125287,130699,600.585547611662,589.1600223444683,600.585547611662,220.9202344738933,61.421199175428704,379.6653131377688,87,rolling,losing_streak_fitness,1_day,rep_3
94,4,86986,125287,125287,130699,600.585547611662,533.3343886353975,600.585547611662,-1000.0,211.7019116419018,1600.5855476116622,88,rolling,losing_streak_fitness,1_day,rep_3
95,4,86986,125287,125287,130699,600.585547611662,569.5654873956993,600.585547611662,50.26927491022722,107.679703951205,550.3162727014349,89,rolling,losing_streak_fitness,1_day,rep_3
96,4,86986,125287,125287,130699,600.585547611662,551.8054514568013,600.585547611662,-1000.0,191.0105997972504,1600.5855476116622,90,rolling,losing_streak_fitness,1_day,rep_3
97,4,86986,125287,125287,130699,600.585547611662,563.174324774639,600.585547611662,181.23396480792445,109.66391455803452,419.3515828037376,91,rolling,losing_streak_fitness,1_day,rep_3
98,4,86986,125287,125287,130699,600.585547611662,580.684728197363,600.585547611662,76.36753236814712,88.70081615305122,524.2180152435149,92,rolling,losing_streak_fitness,1_day,rep_3
99,4,86986,125287,125287,130699,600.585547611662,556.162810246952,600.585547611662,70.3431588713501,134.29434955137765,530.242388740312,93,rolling,losing_streak_fitness,1_day,rep_3
100,4,86986,125287,125287,130699,600.585547611662,567.15159439264,600.585547611662,39.13118960624632,116.09696438926372,561.4543580054158,94,rolling,losing_streak_fitness,1_day,rep_3
