dataset_type,window_id,train_start,train_end,test_start,test_end,generation,min_impulse_candles,max_duration_ms,diagonal_imbalance_ratio_threshold,min_imbalance_count,take_profit_ticks,stop_loss_ticks,fitness,number_of_trades,net_profit,gross_profit,gross_loss,profit_factor,max_drawdown,win_rate,expectancy,biggest_loss,longest_losing_streak,analysis_generation,selected_generation
test,1,0,22406,22406,53560,0,7,1521,8.5,5,11,2,-18.0,12,-18.0,153.0,171.0,0.8947368421052632,114.0,0.25,-1.5,19.0,6,0,0
train,1,0,22406,22406,53560,0,7,1521,8.5,5,11,2,64.0,4,64.0,102.0,38.0,2.6842105263157894,19.0,0.5,16.0,19.0,1,0,0
test,1,0,22406,22406,53560,0,7,1521,8.5,5,11,2,-18.0,12,-18.0,153.0,171.0,0.8947368421052632,114.0,0.25,-1.5,19.0,6,1,0
train,1,0,22406,22406,53560,0,7,1521,8.5,5,11,2,64.0,4,64.0,102.0,38.0,2.6842105263157894,19.0,0.5,16.0,19.0,1,1,0
test,1,0,22406,22406,53560,0,7,1521,8.5,5,11,2,-18.0,12,-18.0,153.0,171.0,0.8947368421052632,114.0,0.25,-1.5,19.0,6,2,0
train,1,0,22406,22406,53560,0,7,1521,8.5,5,11,2,64.0,4,64.0,102.0,38.0,2.6842105263157894,19.0,0.5,16.0,19.0,1,2,0
test,1,0,22406,22406,53560,3,5,1761,9.0,5,10,2,5.0,10,5.0,138.0,133.0,1.037593984962406,87.0,0.3,0.5,19.0,4,3,3
train,1,0,22406,22406,53560,3,5,1761,9.0,5,10,2,92.0,2,92.0,92.0,0.0,inf,0.0,1.0,46.0,0.0,0,3,3
test,1,0,22406,22406,53560,3,5,1761,9.0,5,10,2,5.0,10,5.0,138.0,133.0,1.037593984962406,87.0,0.3,0.5,19.0,4,4,3
train,1,0,22406,22406,53560,3,5,1761,9.0,5,10,2,92.0,2,92.0,92.0,0.0,inf,0.0,1.0,46.0,0.0,0,4,3
test,1,0,22406,22406,53560,5,7,333,7.75,4,11,2,39.0,9,39.0,153.0,114.0,1.3421052631578947,76.0,0.3333333333333333,4.333333333333333,19.0,4,5,5
train,1,0,22406,22406,53560,5,7,333,7.75,4,11,2,109.0,9,109.0,204.0,95.0,2.147368421052632,95.0,0.4444444444444444,12.11111111111111,19.0,5,5,5
test,1,0,22406,22406,53560,5,7,333,7.75,4,11,2,39.0,9,39.0,153.0,114.0,1.3421052631578947,76.0,0.3333333333333333,4.333333333333333,19.0,4,6,5
train,1,0,22406,22406,53560,5,7,333,7.75,4,11,2,109.0,9,109.0,204.0,95.0,2.147368421052632,95.0,0.4444444444444444,12.11111111111111,19.0,5,6,5
test,1,0,22406,22406,53560,5,7,333,7.75,4,11,2,39.0,9,39.0,153.0,114.0,1.3421052631578947,76.0,0.3333333333333333,4.333333333333333,19.0,4,7,5
train,1,0,22406,22406,53560,5,7,333,7.75,4,11,2,109.0,9,109.0,204.0,95.0,2.147368421052632,95.0,0.4444444444444444,12.11111111111111,19.0,5,7,5
test,1,0,22406,22406,53560,5,7,333,7.75,4,11,2,39.0,9,39.0,153.0,114.0,1.3421052631578947,76.0,0.3333333333333333,4.333333333333333,19.0,4,8,5
train,1,0,22406,22406,53560,5,7,333,7.75,4,11,2,109.0,9,109.0,204.0,95.0,2.147368421052632,95.0,0.4444444444444444,12.11111111111111,19.0,5,8,5
test,1,0,22406,22406,53560,5,7,333,7.75,4,11,2,39.0,9,39.0,153.0,114.0,1.3421052631578947,76.0,0.3333333333333333,4.333333333333333,19.0,4,9,5
train,1,0,22406,22406,53560,5,7,333,7.75,4,11,2,109.0,9,109.0,204.0,95.0,2.147368421052632,95.0,0.4444444444444444,12.11111111111111,19.0,5,9,5
test,1,0,22406,22406,53560,5,7,333,7.75,4,11,2,39.0,9,39.0,153.0,114.0,1.3421052631578947,76.0,0.3333333333333333,4.333333333333333,19.0,4,10,5
train,1,0,22406,22406,53560,5,7,333,7.75,4,11,2,109.0,9,109.0,204.0,95.0,2.147368421052632,95.0,0.4444444444444444,12.11111111111111,19.0,5,10,5
test,1,0,22406,22406,53560,11,6,894,9.0,4,16,2,114.0,14,114.0,304.0,190.0,1.6,133.0,0.2857142857142857,8.142857142857142,19.0,7,11,11
train,1,0,22406,22406,53560,11,6,894,9.0,4,16,2,114.0,4,114.0,152.0,38.0,4.0,38.0,0.5,28.5,19.0,2,11,11
test,1,0,22406,22406,53560,11,6,894,9.0,4,16,2,114.0,14,114.0,304.0,190.0,1.6,133.0,0.2857142857142857,8.142857142857142,19.0,7,12,11
train,1,0,22406,22406,53560,11,6,894,9.0,4,16,2,114.0,4,114.0,152.0,38.0,4.0,38.0,0.5,28.5,19.0,2,12,11
test,1,0,22406,22406,53560,11,6,894,9.0,4,16,2,114.0,14,114.0,304.0,190.0,1.6,133.0,0.2857142857142857,8.142857142857142,19.0,7,13,11
train,1,0,22406,22406,53560,11,6,894,9.0,4,16,2,114.0,4,114.0,152.0,38.0,4.0,38.0,0.5,28.5,19.0,2,13,11
test,1,0,22406,22406,53560,11,6,894,9.0,4,16,2,114.0,14,114.0,304.0,190.0,1.6,133.0,0.2857142857142857,8.142857142857142,19.0,7,14,11
train,1,0,22406,22406,53560,11,6,894,9.0,4,16,2,114.0,4,114.0,152.0,38.0,4.0,38.0,0.5,28.5,19.0,2,14,11
test,1,0,22406,22406,53560,11,6,894,9.0,4,16,2,114.0,14,114.0,304.0,190.0,1.6,133.0,0.2857142857142857,8.142857142857142,19.0,7,15,11
train,1,0,22406,22406,53560,11,6,894,9.0,4,16,2,114.0,4,114.0,152.0,38.0,4.0,38.0,0.5,28.5,19.0,2,15,11
test,1,0,22406,22406,53560,11,6,894,9.0,4,16,2,114.0,14,114.0,304.0,190.0,1.6,133.0,0.2857142857142857,8.142857142857142,19.0,7,16,11
train,1,0,22406,22406,53560,11,6,894,9.0,4,16,2,114.0,4,114.0,152.0,38.0,4.0,38.0,0.5,28.5,19.0,2,16,11
test,1,0,22406,22406,53560,11,6,894,9.0,4,16,2,114.0,14,114.0,304.0,190.0,1.6,133.0,0.2857142857142857,8.142857142857142,19.0,7,17,11
train,1,0,22406,22406,53560,11,6,894,9.0,4,16,2,114.0,4,114.0,152.0,38.0,4.0,38.0,0.5,28.5,19.0,2,17,11
test,1,0,22406,22406,53560,11,6,894,9.0,4,16,2,114.0,14,114.0,304.0,190.0,1.6,133.0,0.2857142857142857,8.142857142857142,19.0,7,18,11
train,1,0,22406,22406,53560,11,6,894,9.0,4,16,2,114.0,4,114.0,152.0,38.0,4.0,38.0,0.5,28.5,19.0,2,18,11
test,1,0,22406,22406,53560,11,6,894,9.0,4,16,2,114.0,14,114.0,304.0,190.0,1.6,133.0,0.2857142857142857,8.142857142857142,19.0,7,19,11
train,1,0,22406,22406,53560,11,6,894,9.0,4,16,2,114.0,4,114.0,152.0,38.0,4.0,38.0,0.5,28.5,19.0,2,19,11
test,1,0,22406,22406,53560,11,6,894,9.0,4,16,2,114.0,14,114.0,304.0,190.0,1.6,133.0,0.2857142857142857,8.142857142857142,19.0,7,20,11
train,1,0,22406,22406,53560,11,6,894,9.0,4,16,2,114.0,4,114.0,152.0,38.0,4.0,38.0,0.5,28.5,19.0,2,20,11
test,1,0,22406,22406,53560,11,6,894,9.0,4,16,2,114.0,14,114.0,304.0,190.0,1.6,133.0,0.2857142857142857,8.142857142857142,19.0,7,21,11
train,1,0,22406,22406,53560,11,6,894,9.0,4,16,2,114.0,4,114.0,152.0,38.0,4.0,38.0,0.5,28.5,19.0,2,21,11
test,1,0,22406,22406,53560,11,6,894,9.0,4,16,2,114.0,14,114.0,304.0,190.0,1.6,133.0,0.2857142857142857,8.142857142857142,19.0,7,22,11
train,1,0,22406,22406,53560,11,6,894,9.0,4,16,2,114.0,4,114.0,152.0,38.0,4.0,38.0,0.5,28.5,19.0,2,22,11
test,1,0,22406,22406,53560,11,6,894,9.0,4,16,2,114.0,14,114.0,304.0,190.0,1.6,133.0,0.2857142857142857,8.142857142857142,19.0,7,23,11
train,1,0,22406,22406,53560,11,6,894,9.0,4,16,2,114.0,4,114.0,152.0,38.0,4.0,38.0,0.5,28.5,19.0,2,23,11
test,1,0,22406,22406,53560,11,6,894,9.0,4,16,2,114.0,14,114.0,304.0,190.0,1.6,133.0,0.2857142857142857,8.142857142857142,19.0,7,24,11
train,1,0,22406,22406,53560,11,6,894,9.0,4,16,2,114.0,4,114.0,152.0,38.0,4.0,38.0,0.5,28.5,19.0,2,24,11
test,1,0,22406,22406,53560,11,6,894,9.0,4,16,2,114.0,14,114.0,304.0,190.0,1.6,133.0,0.2857142857142857,8.142857142857142,19.0,7,25,11
train,1,0,22406,22406,53560,11,6,894,9.0,4,16,2,114.0,4,114.0,152.0,38.0,4.0,38.0,0.5,28.5,19.0,2,25,11
test,1,0,22406,22406,53560,11,6,894,9.0,4,16,2,114.0,14,114.0,304.0,190.0,1.6,133.0,0.2857142857142857,8.142857142857142,19.0,7,26,11
train,1,0,22406,22406,53560,11,6,894,9.0,4,16,2,114.0,4,114.0,152.0,38.0,4.0,38.0,0.5,28.5,19.0,2,26,11
test,1,0,22406,22406,53560,11,6,894,9.0,4,16,2,114.0,14,114.0,304.0,190.0,1.6,133.0,0.2857142857142857,8.142857142857142,19.0,7,27,11
train,1,0,22406,22406,53560,11,6,894,9.0,4,16,2,114.0,4,114.0,152.0,38.0,4.0,38.0,0.5,28.5,19.0,2,27,11
test,1,0,22406,22406,53560,11,6,894,9.0,4,16,2,114.0,14,114.0,304.0,190.0,1.6,133.0,0.2857142857142857,8.142857142857142,19.0,7,28,11
train,1,0,22406,22406,53560,11,6,894,9.0,4,16,2,114.0,4,114.0,152.0,38.0,4.0,38.0,0.5,28.5,19.0,2,28,11
test,1,0,22406,22406,53560,29,6,297,8.75,3,18,2,-180.0,15,-180.0,86.0,266.0,0.3233082706766917,266.0,0.0666666666666666,-12.0,19.0,14,29,29
train,1,0,22406,22406,53560,29,6,297,8.75,3,18,2,144.0,9,144.0,258.0,114.0,2.263157894736842,114.0,0.3333333333333333,16.0,19.0,6,29,29
test,1,0,22406,22406,53560,29,6,297,8.75,3,18,2,-180.0,15,-180.0,86.0,266.0,0.3233082706766917,266.0,0.0666666666666666,-12.0,19.0,14,30,29
train,1,0,22406,22406,53560,29,6,297,8.75,3,18,2,144.0,9,144.0,258.0,114.0,2.263157894736842,114.0,0.3333333333333333,16.0,19.0,6,30,29
test,1,0,22406,22406,53560,29,6,297,8.75,3,18,2,-180.0,15,-180.0,86.0,266.0,0.3233082706766917,266.0,0.0666666666666666,-12.0,19.0,14,31,29
train,1,0,22406,22406,53560,29,6,297,8.75,3,18,2,144.0,9,144.0,258.0,114.0,2.263157894736842,114.0,0.3333333333333333,16.0,19.0,6,31,29
test,1,0,22406,22406,53560,29,6,297,8.75,3,18,2,-180.0,15,-180.0,86.0,266.0,0.3233082706766917,266.0,0.0666666666666666,-12.0,19.0,14,32,29
train,1,0,22406,22406,53560,29,6,297,8.75,3,18,2,144.0,9,144.0,258.0,114.0,2.263157894736842,114.0,0.3333333333333333,16.0,19.0,6,32,29
test,1,0,22406,22406,53560,29,6,297,8.75,3,18,2,-180.0,15,-180.0,86.0,266.0,0.3233082706766917,266.0,0.0666666666666666,-12.0,19.0,14,33,29
train,1,0,22406,22406,53560,29,6,297,8.75,3,18,2,144.0,9,144.0,258.0,114.0,2.263157894736842,114.0,0.3333333333333333,16.0,19.0,6,33,29
test,1,0,22406,22406,53560,29,6,297,8.75,3,18,2,-180.0,15,-180.0,86.0,266.0,0.3233082706766917,266.0,0.0666666666666666,-12.0,19.0,14,34,29
train,1,0,22406,22406,53560,29,6,297,8.75,3,18,2,144.0,9,144.0,258.0,114.0,2.263157894736842,114.0,0.3333333333333333,16.0,19.0,6,34,29
test,1,0,22406,22406,53560,29,6,297,8.75,3,18,2,-180.0,15,-180.0,86.0,266.0,0.3233082706766917,266.0,0.0666666666666666,-12.0,19.0,14,35,29
train,1,0,22406,22406,53560,29,6,297,8.75,3,18,2,144.0,9,144.0,258.0,114.0,2.263157894736842,114.0,0.3333333333333333,16.0,19.0,6,35,29
test,1,0,22406,22406,53560,29,6,297,8.75,3,18,2,-180.0,15,-180.0,86.0,266.0,0.3233082706766917,266.0,0.0666666666666666,-12.0,19.0,14,36,29
train,1,0,22406,22406,53560,29,6,297,8.75,3,18,2,144.0,9,144.0,258.0,114.0,2.263157894736842,114.0,0.3333333333333333,16.0,19.0,6,36,29
test,1,0,22406,22406,53560,29,6,297,8.75,3,18,2,-180.0,15,-180.0,86.0,266.0,0.3233082706766917,266.0,0.0666666666666666,-12.0,19.0,14,37,29
train,1,0,22406,22406,53560,29,6,297,8.75,3,18,2,144.0,9,144.0,258.0,114.0,2.263157894736842,114.0,0.3333333333333333,16.0,19.0,6,37,29
test,1,0,22406,22406,53560,29,6,297,8.75,3,18,2,-180.0,15,-180.0,86.0,266.0,0.3233082706766917,266.0,0.0666666666666666,-12.0,19.0,14,38,29
train,1,0,22406,22406,53560,29,6,297,8.75,3,18,2,144.0,9,144.0,258.0,114.0,2.263157894736842,114.0,0.3333333333333333,16.0,19.0,6,38,29
test,1,0,22406,22406,53560,29,6,297,8.75,3,18,2,-180.0,15,-180.0,86.0,266.0,0.3233082706766917,266.0,0.0666666666666666,-12.0,19.0,14,39,29
train,1,0,22406,22406,53560,29,6,297,8.75,3,18,2,144.0,9,144.0,258.0,114.0,2.263157894736842,114.0,0.3333333333333333,16.0,19.0,6,39,29
test,1,0,22406,22406,53560,29,6,297,8.75,3,18,2,-180.0,15,-180.0,86.0,266.0,0.3233082706766917,266.0,0.0666666666666666,-12.0,19.0,14,40,29
train,1,0,22406,22406,53560,29,6,297,8.75,3,18,2,144.0,9,144.0,258.0,114.0,2.263157894736842,114.0,0.3333333333333333,16.0,19.0,6,40,29
test,1,0,22406,22406,53560,29,6,297,8.75,3,18,2,-180.0,15,-180.0,86.0,266.0,0.3233082706766917,266.0,0.0666666666666666,-12.0,19.0,14,41,29
train,1,0,22406,22406,53560,29,6,297,8.75,3,18,2,144.0,9,144.0,258.0,114.0,2.263157894736842,114.0,0.3333333333333333,16.0,19.0,6,41,29
test,1,0,22406,22406,53560,29,6,297,8.75,3,18,2,-180.0,15,-180.0,86.0,266.0,0.3233082706766917,266.0,0.0666666666666666,-12.0,19.0,14,42,29
train,1,0,22406,22406,53560,29,6,297,8.75,3,18,2,144.0,9,144.0,258.0,114.0,2.263157894736842,114.0,0.3333333333333333,16.0,19.0,6,42,29
test,1,0,22406,22406,53560,29,6,297,8.75,3,18,2,-180.0,15,-180.0,86.0,266.0,0.3233082706766917,266.0,0.0666666666666666,-12.0,19.0,14,43,29
train,1,0,22406,22406,53560,29,6,297,8.75,3,18,2,144.0,9,144.0,258.0,114.0,2.263157894736842,114.0,0.3333333333333333,16.0,19.0,6,43,29
test,1,0,22406,22406,53560,29,6,297,8.75,3,18,2,-180.0,15,-180.0,86.0,266.0,0.3233082706766917,266.0,0.0666666666666666,-12.0,19.0,14,44,29
train,1,0,22406,22406,53560,29,6,297,8.75,3,18,2,144.0,9,144.0,258.0,114.0,2.263157894736842,114.0,0.3333333333333333,16.0,19.0,6,44,29
test,1,0,22406,22406,53560,29,6,297,8.75,3,18,2,-180.0,15,-180.0,86.0,266.0,0.3233082706766917,266.0,0.0666666666666666,-12.0,19.0,14,45,29
train,1,0,22406,22406,53560,29,6,297,8.75,3,18,2,144.0,9,144.0,258.0,114.0,2.263157894736842,114.0,0.3333333333333333,16.0,19.0,6,45,29
test,1,0,22406,22406,53560,29,6,297,8.75,3,18,2,-180.0,15,-180.0,86.0,266.0,0.3233082706766917,266.0,0.0666666666666666,-12.0,19.0,14,46,29
train,1,0,22406,22406,53560,29,6,297,8.75,3,18,2,144.0,9,144.0,258.0,114.0,2.263157894736842,114.0,0.3333333333333333,16.0,19.0,6,46,29
test,1,0,22406,22406,53560,29,6,297,8.75,3,18,2,-180.0,15,-180.0,86.0,266.0,0.3233082706766917,266.0,0.0666666666666666,-12.0,19.0,14,47,29
train,1,0,22406,22406,53560,29,6,297,8.75,3,18,2,144.0,9,144.0,258.0,114.0,2.263157894736842,114.0,0.3333333333333333,16.0,19.0,6,47,29
test,1,0,22406,22406,53560,29,6,297,8.75,3,18,2,-180.0,15,-180.0,86.0,266.0,0.3233082706766917,266.0,0.0666666666666666,-12.0,19.0,14,48,29
train,1,0,22406,22406,53560,29,6,297,8.75,3,18,2,144.0,9,144.0,258.0,114.0,2.263157894736842,114.0,0.3333333333333333,16.0,19.0,6,48,29
test,1,0,22406,22406,53560,29,6,297,8.75,3,18,2,-180.0,15,-180.0,86.0,266.0,0.3233082706766917,266.0,0.0666666666666666,-12.0,19.0,14,49,29
train,1,0,22406,22406,53560,29,6,297,8.75,3,18,2,144.0,9,144.0,258.0,114.0,2.263157894736842,114.0,0.3333333333333333,16.0,19.0,6,49,29
test,1,0,22406,22406,53560,29,6,297,8.75,3,18,2,-180.0,15,-180.0,86.0,266.0,0.3233082706766917,266.0,0.0666666666666666,-12.0,19.0,14,50,29
train,1,0,22406,22406,53560,29,6,297,8.75,3,18,2,144.0,9,144.0,258.0,114.0,2.263157894736842,114.0,0.3333333333333333,16.0,19.0,6,50,29
test,1,0,22406,22406,53560,29,6,297,8.75,3,18,2,-180.0,15,-180.0,86.0,266.0,0.3233082706766917,266.0,0.0666666666666666,-12.0,19.0,14,51,29
train,1,0,22406,22406,53560,29,6,297,8.75,3,18,2,144.0,9,144.0,258.0,114.0,2.263157894736842,114.0,0.3333333333333333,16.0,19.0,6,51,29
test,1,0,22406,22406,53560,29,6,297,8.75,3,18,2,-180.0,15,-180.0,86.0,266.0,0.3233082706766917,266.0,0.0666666666666666,-12.0,19.0,14,52,29
train,1,0,22406,22406,53560,29,6,297,8.75,3,18,2,144.0,9,144.0,258.0,114.0,2.263157894736842,114.0,0.3333333333333333,16.0,19.0,6,52,29
test,1,0,22406,22406,53560,29,6,297,8.75,3,18,2,-180.0,15,-180.0,86.0,266.0,0.3233082706766917,266.0,0.0666666666666666,-12.0,19.0,14,53,29
train,1,0,22406,22406,53560,29,6,297,8.75,3,18,2,144.0,9,144.0,258.0,114.0,2.263157894736842,114.0,0.3333333333333333,16.0,19.0,6,53,29
test,1,0,22406,22406,53560,29,6,297,8.75,3,18,2,-180.0,15,-180.0,86.0,266.0,0.3233082706766917,266.0,0.0666666666666666,-12.0,19.0,14,54,29
train,1,0,22406,22406,53560,29,6,297,8.75,3,18,2,144.0,9,144.0,258.0,114.0,2.263157894736842,114.0,0.3333333333333333,16.0,19.0,6,54,29
test,1,0,22406,22406,53560,29,6,297,8.75,3,18,2,-180.0,15,-180.0,86.0,266.0,0.3233082706766917,266.0,0.0666666666666666,-12.0,19.0,14,55,29
train,1,0,22406,22406,53560,29,6,297,8.75,3,18,2,144.0,9,144.0,258.0,114.0,2.263157894736842,114.0,0.3333333333333333,16.0,19.0,6,55,29
test,1,0,22406,22406,53560,29,6,297,8.75,3,18,2,-180.0,15,-180.0,86.0,266.0,0.3233082706766917,266.0,0.0666666666666666,-12.0,19.0,14,56,29
train,1,0,22406,22406,53560,29,6,297,8.75,3,18,2,144.0,9,144.0,258.0,114.0,2.263157894736842,114.0,0.3333333333333333,16.0,19.0,6,56,29
test,1,0,22406,22406,53560,29,6,297,8.75,3,18,2,-180.0,15,-180.0,86.0,266.0,0.3233082706766917,266.0,0.0666666666666666,-12.0,19.0,14,57,29
train,1,0,22406,22406,53560,29,6,297,8.75,3,18,2,144.0,9,144.0,258.0,114.0,2.263157894736842,114.0,0.3333333333333333,16.0,19.0,6,57,29
test,1,0,22406,22406,53560,29,6,297,8.75,3,18,2,-180.0,15,-180.0,86.0,266.0,0.3233082706766917,266.0,0.0666666666666666,-12.0,19.0,14,58,29
train,1,0,22406,22406,53560,29,6,297,8.75,3,18,2,144.0,9,144.0,258.0,114.0,2.263157894736842,114.0,0.3333333333333333,16.0,19.0,6,58,29
test,1,0,22406,22406,53560,29,6,297,8.75,3,18,2,-180.0,15,-180.0,86.0,266.0,0.3233082706766917,266.0,0.0666666666666666,-12.0,19.0,14,59,29
train,1,0,22406,22406,53560,29,6,297,8.75,3,18,2,144.0,9,144.0,258.0,114.0,2.263157894736842,114.0,0.3333333333333333,16.0,19.0,6,59,29
test,1,0,22406,22406,53560,29,6,297,8.75,3,18,2,-180.0,15,-180.0,86.0,266.0,0.3233082706766917,266.0,0.0666666666666666,-12.0,19.0,14,60,29
train,1,0,22406,22406,53560,29,6,297,8.75,3,18,2,144.0,9,144.0,258.0,114.0,2.263157894736842,114.0,0.3333333333333333,16.0,19.0,6,60,29
test,1,0,22406,22406,53560,29,6,297,8.75,3,18,2,-180.0,15,-180.0,86.0,266.0,0.3233082706766917,266.0,0.0666666666666666,-12.0,19.0,14,61,29
train,1,0,22406,22406,53560,29,6,297,8.75,3,18,2,144.0,9,144.0,258.0,114.0,2.263157894736842,114.0,0.3333333333333333,16.0,19.0,6,61,29
test,1,0,22406,22406,53560,29,6,297,8.75,3,18,2,-180.0,15,-180.0,86.0,266.0,0.3233082706766917,266.0,0.0666666666666666,-12.0,19.0,14,62,29
train,1,0,22406,22406,53560,29,6,297,8.75,3,18,2,144.0,9,144.0,258.0,114.0,2.263157894736842,114.0,0.3333333333333333,16.0,19.0,6,62,29
test,1,0,22406,22406,53560,29,6,297,8.75,3,18,2,-180.0,15,-180.0,86.0,266.0,0.3233082706766917,266.0,0.0666666666666666,-12.0,19.0,14,63,29
train,1,0,22406,22406,53560,29,6,297,8.75,3,18,2,144.0,9,144.0,258.0,114.0,2.263157894736842,114.0,0.3333333333333333,16.0,19.0,6,63,29
test,1,0,22406,22406,53560,29,6,297,8.75,3,18,2,-180.0,15,-180.0,86.0,266.0,0.3233082706766917,266.0,0.0666666666666666,-12.0,19.0,14,64,29
train,1,0,22406,22406,53560,29,6,297,8.75,3,18,2,144.0,9,144.0,258.0,114.0,2.263157894736842,114.0,0.3333333333333333,16.0,19.0,6,64,29
test,1,0,22406,22406,53560,29,6,297,8.75,3,18,2,-180.0,15,-180.0,86.0,266.0,0.3233082706766917,266.0,0.0666666666666666,-12.0,19.0,14,65,29
train,1,0,22406,22406,53560,29,6,297,8.75,3,18,2,144.0,9,144.0,258.0,114.0,2.263157894736842,114.0,0.3333333333333333,16.0,19.0,6,65,29
test,1,0,22406,22406,53560,29,6,297,8.75,3,18,2,-180.0,15,-180.0,86.0,266.0,0.3233082706766917,266.0,0.0666666666666666,-12.0,19.0,14,66,29
train,1,0,22406,22406,53560,29,6,297,8.75,3,18,2,144.0,9,144.0,258.0,114.0,2.263157894736842,114.0,0.3333333333333333,16.0,19.0,6,66,29
test,1,0,22406,22406,53560,29,6,297,8.75,3,18,2,-180.0,15,-180.0,86.0,266.0,0.3233082706766917,266.0,0.0666666666666666,-12.0,19.0,14,67,29
train,1,0,22406,22406,53560,29,6,297,8.75,3,18,2,144.0,9,144.0,258.0,114.0,2.263157894736842,114.0,0.3333333333333333,16.0,19.0,6,67,29
test,1,0,22406,22406,53560,29,6,297,8.75,3,18,2,-180.0,15,-180.0,86.0,266.0,0.3233082706766917,266.0,0.0666666666666666,-12.0,19.0,14,68,29
train,1,0,22406,22406,53560,29,6,297,8.75,3,18,2,144.0,9,144.0,258.0,114.0,2.263157894736842,114.0,0.3333333333333333,16.0,19.0,6,68,29
test,1,0,22406,22406,53560,29,6,297,8.75,3,18,2,-180.0,15,-180.0,86.0,266.0,0.3233082706766917,266.0,0.0666666666666666,-12.0,19.0,14,69,29
train,1,0,22406,22406,53560,29,6,297,8.75,3,18,2,144.0,9,144.0,258.0,114.0,2.263157894736842,114.0,0.3333333333333333,16.0,19.0,6,69,29
test,1,0,22406,22406,53560,29,6,297,8.75,3,18,2,-180.0,15,-180.0,86.0,266.0,0.3233082706766917,266.0,0.0666666666666666,-12.0,19.0,14,70,29
train,1,0,22406,22406,53560,29,6,297,8.75,3,18,2,144.0,9,144.0,258.0,114.0,2.263157894736842,114.0,0.3333333333333333,16.0,19.0,6,70,29
test,1,0,22406,22406,53560,29,6,297,8.75,3,18,2,-180.0,15,-180.0,86.0,266.0,0.3233082706766917,266.0,0.0666666666666666,-12.0,19.0,14,71,29
train,1,0,22406,22406,53560,29,6,297,8.75,3,18,2,144.0,9,144.0,258.0,114.0,2.263157894736842,114.0,0.3333333333333333,16.0,19.0,6,71,29
test,1,0,22406,22406,53560,29,6,297,8.75,3,18,2,-180.0,15,-180.0,86.0,266.0,0.3233082706766917,266.0,0.0666666666666666,-12.0,19.0,14,72,29
train,1,0,22406,22406,53560,29,6,297,8.75,3,18,2,144.0,9,144.0,258.0,114.0,2.263157894736842,114.0,0.3333333333333333,16.0,19.0,6,72,29
test,1,0,22406,22406,53560,29,6,297,8.75,3,18,2,-180.0,15,-180.0,86.0,266.0,0.3233082706766917,266.0,0.0666666666666666,-12.0,19.0,14,73,29
train,1,0,22406,22406,53560,29,6,297,8.75,3,18,2,144.0,9,144.0,258.0,114.0,2.263157894736842,114.0,0.3333333333333333,16.0,19.0,6,73,29
test,1,0,22406,22406,53560,29,6,297,8.75,3,18,2,-180.0,15,-180.0,86.0,266.0,0.3233082706766917,266.0,0.0666666666666666,-12.0,19.0,14,74,29
train,1,0,22406,22406,53560,29,6,297,8.75,3,18,2,144.0,9,144.0,258.0,114.0,2.263157894736842,114.0,0.3333333333333333,16.0,19.0,6,74,29
test,1,0,22406,22406,53560,29,6,297,8.75,3,18,2,-180.0,15,-180.0,86.0,266.0,0.3233082706766917,266.0,0.0666666666666666,-12.0,19.0,14,75,29
train,1,0,22406,22406,53560,29,6,297,8.75,3,18,2,144.0,9,144.0,258.0,114.0,2.263157894736842,114.0,0.3333333333333333,16.0,19.0,6,75,29
test,1,0,22406,22406,53560,29,6,297,8.75,3,18,2,-180.0,15,-180.0,86.0,266.0,0.3233082706766917,266.0,0.0666666666666666,-12.0,19.0,14,76,29
train,1,0,22406,22406,53560,29,6,297,8.75,3,18,2,144.0,9,144.0,258.0,114.0,2.263157894736842,114.0,0.3333333333333333,16.0,19.0,6,76,29
test,1,0,22406,22406,53560,29,6,297,8.75,3,18,2,-180.0,15,-180.0,86.0,266.0,0.3233082706766917,266.0,0.0666666666666666,-12.0,19.0,14,77,29
train,1,0,22406,22406,53560,29,6,297,8.75,3,18,2,144.0,9,144.0,258.0,114.0,2.263157894736842,114.0,0.3333333333333333,16.0,19.0,6,77,29
test,1,0,22406,22406,53560,29,6,297,8.75,3,18,2,-180.0,15,-180.0,86.0,266.0,0.3233082706766917,266.0,0.0666666666666666,-12.0,19.0,14,78,29
train,1,0,22406,22406,53560,29,6,297,8.75,3,18,2,144.0,9,144.0,258.0,114.0,2.263157894736842,114.0,0.3333333333333333,16.0,19.0,6,78,29
test,1,0,22406,22406,53560,29,6,297,8.75,3,18,2,-180.0,15,-180.0,86.0,266.0,0.3233082706766917,266.0,0.0666666666666666,-12.0,19.0,14,79,29
train,1,0,22406,22406,53560,29,6,297,8.75,3,18,2,144.0,9,144.0,258.0,114.0,2.263157894736842,114.0,0.3333333333333333,16.0,19.0,6,79,29
test,1,0,22406,22406,53560,29,6,297,8.75,3,18,2,-180.0,15,-180.0,86.0,266.0,0.3233082706766917,266.0,0.0666666666666666,-12.0,19.0,14,80,29
train,1,0,22406,22406,53560,29,6,297,8.75,3,18,2,144.0,9,144.0,258.0,114.0,2.263157894736842,114.0,0.3333333333333333,16.0,19.0,6,80,29
test,1,0,22406,22406,53560,29,6,297,8.75,3,18,2,-180.0,15,-180.0,86.0,266.0,0.3233082706766917,266.0,0.0666666666666666,-12.0,19.0,14,81,29
train,1,0,22406,22406,53560,29,6,297,8.75,3,18,2,144.0,9,144.0,258.0,114.0,2.263157894736842,114.0,0.3333333333333333,16.0,19.0,6,81,29
test,1,0,22406,22406,53560,29,6,297,8.75,3,18,2,-180.0,15,-180.0,86.0,266.0,0.3233082706766917,266.0,0.0666666666666666,-12.0,19.0,14,82,29
train,1,0,22406,22406,53560,29,6,297,8.75,3,18,2,144.0,9,144.0,258.0,114.0,2.263157894736842,114.0,0.3333333333333333,16.0,19.0,6,82,29
test,1,0,22406,22406,53560,29,6,297,8.75,3,18,2,-180.0,15,-180.0,86.0,266.0,0.3233082706766917,266.0,0.0666666666666666,-12.0,19.0,14,83,29
train,1,0,22406,22406,53560,29,6,297,8.75,3,18,2,144.0,9,144.0,258.0,114.0,2.263157894736842,114.0,0.3333333333333333,16.0,19.0,6,83,29
test,1,0,22406,22406,53560,29,6,297,8.75,3,18,2,-180.0,15,-180.0,86.0,266.0,0.3233082706766917,266.0,0.0666666666666666,-12.0,19.0,14,84,29
train,1,0,22406,22406,53560,29,6,297,8.75,3,18,2,144.0,9,144.0,258.0,114.0,2.263157894736842,114.0,0.3333333333333333,16.0,19.0,6,84,29
test,1,0,22406,22406,53560,29,6,297,8.75,3,18,2,-180.0,15,-180.0,86.0,266.0,0.3233082706766917,266.0,0.0666666666666666,-12.0,19.0,14,85,29
train,1,0,22406,22406,53560,29,6,297,8.75,3,18,2,144.0,9,144.0,258.0,114.0,2.263157894736842,114.0,0.3333333333333333,16.0,19.0,6,85,29
test,1,0,22406,22406,53560,29,6,297,8.75,3,18,2,-180.0,15,-180.0,86.0,266.0,0.3233082706766917,266.0,0.0666666666666666,-12.0,19.0,14,86,29
train,1,0,22406,22406,53560,29,6,297,8.75,3,18,2,144.0,9,144.0,258.0,114.0,2.263157894736842,114.0,0.3333333333333333,16.0,19.0,6,86,29
test,1,0,22406,22406,53560,87,6,319,9.0,2,16,2,-361.0,19,-361.0,0.0,361.0,0.0,361.0,0.0,-19.0,19.0,19,87,87
train,1,0,22406,22406,53560,87,6,319,9.0,2,16,2,152.0,12,152.0,304.0,152.0,2.0,114.0,0.3333333333333333,12.666666666666666,19.0,6,87,87
test,1,0,22406,22406,53560,88,6,292,9.0,2,16,2,-361.0,19,-361.0,0.0,361.0,0.0,361.0,0.0,-19.0,19.0,19,88,88
train,1,0,22406,22406,53560,88,6,292,9.0,2,16,2,171.0,11,171.0,304.0,133.0,2.2857142857142856,95.0,0.3636363636363636,15.545454545454543,19.0,5,88,88
test,1,0,22406,22406,53560,88,6,292,9.0,2,16,2,-361.0,19,-361.0,0.0,361.0,0.0,361.0,0.0,-19.0,19.0,19,89,88
train,1,0,22406,22406,53560,88,6,292,9.0,2,16,2,171.0,11,171.0,304.0,133.0,2.2857142857142856,95.0,0.3636363636363636,15.545454545454543,19.0,5,89,88
test,1,0,22406,22406,53560,90,6,304,9.25,2,17,2,-361.0,19,-361.0,0.0,361.0,0.0,361.0,0.0,-19.0,19.0,19,90,90
train,1,0,22406,22406,53560,90,6,304,9.25,2,17,2,172.0,12,172.0,324.0,152.0,2.131578947368421,114.0,0.3333333333333333,14.333333333333334,19.0,6,90,90
test,1,0,22406,22406,53560,90,6,304,9.25,2,17,2,-361.0,19,-361.0,0.0,361.0,0.0,361.0,0.0,-19.0,19.0,19,91,90
train,1,0,22406,22406,53560,90,6,304,9.25,2,17,2,172.0,12,172.0,324.0,152.0,2.131578947368421,114.0,0.3333333333333333,14.333333333333334,19.0,6,91,90
test,1,0,22406,22406,53560,92,6,294,9.0,2,17,2,-361.0,19,-361.0,0.0,361.0,0.0,361.0,0.0,-19.0,19.0,19,92,92
train,1,0,22406,22406,53560,92,6,294,9.0,2,17,2,191.0,11,191.0,324.0,133.0,2.43609022556391,95.0,0.3636363636363636,17.363636363636363,19.0,5,92,92
test,1,0,22406,22406,53560,93,6,319,9.0,2,19,2,-361.0,19,-361.0,0.0,361.0,0.0,361.0,0.0,-19.0,19.0,19,93,93
train,1,0,22406,22406,53560,93,6,319,9.0,2,19,2,212.0,12,212.0,364.0,152.0,2.3947368421052637,114.0,0.3333333333333333,17.666666666666668,19.0,6,93,93
test,1,0,22406,22406,53560,94,6,290,9.0,2,19,2,-361.0,19,-361.0,0.0,361.0,0.0,361.0,0.0,-19.0,19.0,19,94,94
train,1,0,22406,22406,53560,94,6,290,9.0,2,19,2,231.0,11,231.0,364.0,133.0,2.736842105263158,95.0,0.3636363636363636,21.0,19.0,5,94,94
test,1,0,22406,22406,53560,95,6,299,9.0,2,20,2,-361.0,19,-361.0,0.0,361.0,0.0,361.0,0.0,-19.0,19.0,19,95,95
train,1,0,22406,22406,53560,95,6,299,9.0,2,20,2,251.0,11,251.0,384.0,133.0,2.887218045112782,95.0,0.3636363636363636,22.818181818181817,19.0,5,95,95
test,1,0,22406,22406,53560,95,6,299,9.0,2,20,2,-361.0,19,-361.0,0.0,361.0,0.0,361.0,0.0,-19.0,19.0,19,96,95
train,1,0,22406,22406,53560,95,6,299,9.0,2,20,2,251.0,11,251.0,384.0,133.0,2.887218045112782,95.0,0.3636363636363636,22.818181818181817,19.0,5,96,95
test,1,0,22406,22406,53560,95,6,299,9.0,2,20,2,-361.0,19,-361.0,0.0,361.0,0.0,361.0,0.0,-19.0,19.0,19,97,95
train,1,0,22406,22406,53560,95,6,299,9.0,2,20,2,251.0,11,251.0,384.0,133.0,2.887218045112782,95.0,0.3636363636363636,22.818181818181817,19.0,5,97,95
test,1,0,22406,22406,53560,98,6,290,9.75,2,21,2,-361.0,19,-361.0,0.0,361.0,0.0,361.0,0.0,-19.0,19.0,19,98,98
train,1,0,22406,22406,53560,98,6,290,9.75,2,21,2,271.0,11,271.0,404.0,133.0,3.037593984962406,95.0,0.3636363636363636,24.63636363636364,19.0,5,98,98
test,1,0,22406,22406,53560,98,6,290,9.75,2,21,2,-361.0,19,-361.0,0.0,361.0,0.0,361.0,0.0,-19.0,19.0,19,99,98
train,1,0,22406,22406,53560,98,6,290,9.75,2,21,2,271.0,11,271.0,404.0,133.0,3.037593984962406,95.0,0.3636363636363636,24.63636363636364,19.0,5,99,98
test,1,0,22406,22406,53560,98,6,290,9.75,2,21,2,-361.0,19,-361.0,0.0,361.0,0.0,361.0,0.0,-19.0,19.0,19,100,98
train,1,0,22406,22406,53560,98,6,290,9.75,2,21,2,271.0,11,271.0,404.0,133.0,3.037593984962406,95.0,0.3636363636363636,24.63636363636364,19.0,5,100,98
test,2,22406,53560,53560,86986,0,14,2657,4.5,3,22,29,-48.0,2,-48.0,106.0,154.0,0.6883116883116883,154.0,0.5,-24.0,154.0,1,0,0
train,2,22406,53560,53560,86986,0,14,2657,4.5,3,22,29,106.0,1,106.0,106.0,0.0,inf,0.0,1.0,106.0,0.0,0,0,0
test,2,22406,53560,53560,86986,1,7,617,6.25,5,27,3,-98.0,17,-98.0,262.0,360.0,0.7277777777777777,336.0,0.1176470588235294,-5.764705882352941,24.0,14,1,1
train,2,22406,53560,53560,86986,1,7,617,6.25,5,27,3,177.0,12,177.0,393.0,216.0,1.8194444444444444,96.0,0.25,14.75,24.0,4,1,1
test,2,22406,53560,53560,86986,1,7,617,6.25,5,27,3,-98.0,17,-98.0,262.0,360.0,0.7277777777777777,336.0,0.1176470588235294,-5.764705882352941,24.0,14,2,1
train,2,22406,53560,53560,86986,1,7,617,6.25,5,27,3,177.0,12,177.0,393.0,216.0,1.8194444444444444,96.0,0.25,14.75,24.0,4,2,1
test,2,22406,53560,53560,86986,3,7,2817,7.75,5,30,3,-286.0,19,-286.0,146.0,432.0,0.3379629629629629,408.0,0.0526315789473684,-15.052631578947368,24.0,17,3,3
train,2,22406,53560,53560,86986,3,7,2817,7.75,5,30,3,198.0,13,198.0,438.0,240.0,1.825,120.0,0.2307692307692307,15.23076923076923,24.0,5,3,3
test,2,22406,53560,53560,86986,3,7,2817,7.75,5,30,3,-286.0,19,-286.0,146.0,432.0,0.3379629629629629,408.0,0.0526315789473684,-15.052631578947368,24.0,17,4,3
train,2,22406,53560,53560,86986,3,7,2817,7.75,5,30,3,198.0,13,198.0,438.0,240.0,1.825,120.0,0.2307692307692307,15.23076923076923,24.0,5,4,3
test,2,22406,53560,53560,86986,3,7,2817,7.75,5,30,3,-286.0,19,-286.0,146.0,432.0,0.3379629629629629,408.0,0.0526315789473684,-15.052631578947368,24.0,17,5,3
train,2,22406,53560,53560,86986,3,7,2817,7.75,5,30,3,198.0,13,198.0,438.0,240.0,1.825,120.0,0.2307692307692307,15.23076923076923,24.0,5,5,3
test,2,22406,53560,53560,86986,3,7,2817,7.75,5,30,3,-286.0,19,-286.0,146.0,432.0,0.3379629629629629,408.0,0.0526315789473684,-15.052631578947368,24.0,17,6,3
train,2,22406,53560,53560,86986,3,7,2817,7.75,5,30,3,198.0,13,198.0,438.0,240.0,1.825,120.0,0.2307692307692307,15.23076923076923,24.0,5,6,3
test,2,22406,53560,53560,86986,3,7,2817,7.75,5,30,3,-286.0,19,-286.0,146.0,432.0,0.3379629629629629,408.0,0.0526315789473684,-15.052631578947368,24.0,17,7,3
train,2,22406,53560,53560,86986,3,7,2817,7.75,5,30,3,198.0,13,198.0,438.0,240.0,1.825,120.0,0.2307692307692307,15.23076923076923,24.0,5,7,3
test,2,22406,53560,53560,86986,3,7,2817,7.75,5,30,3,-286.0,19,-286.0,146.0,432.0,0.3379629629629629,408.0,0.0526315789473684,-15.052631578947368,24.0,17,8,3
train,2,22406,53560,53560,86986,3,7,2817,7.75,5,30,3,198.0,13,198.0,438.0,240.0,1.825,120.0,0.2307692307692307,15.23076923076923,24.0,5,8,3
test,2,22406,53560,53560,86986,3,7,2817,7.75,5,30,3,-286.0,19,-286.0,146.0,432.0,0.3379629629629629,408.0,0.0526315789473684,-15.052631578947368,24.0,17,9,3
train,2,22406,53560,53560,86986,3,7,2817,7.75,5,30,3,198.0,13,198.0,438.0,240.0,1.825,120.0,0.2307692307692307,15.23076923076923,24.0,5,9,3
test,2,22406,53560,53560,86986,3,7,2817,7.75,5,30,3,-286.0,19,-286.0,146.0,432.0,0.3379629629629629,408.0,0.0526315789473684,-15.052631578947368,24.0,17,10,3
train,2,22406,53560,53560,86986,3,7,2817,7.75,5,30,3,198.0,13,198.0,438.0,240.0,1.825,120.0,0.2307692307692307,15.23076923076923,24.0,5,10,3
test,2,22406,53560,53560,86986,3,7,2817,7.75,5,30,3,-286.0,19,-286.0,146.0,432.0,0.3379629629629629,408.0,0.0526315789473684,-15.052631578947368,24.0,17,11,3
train,2,22406,53560,53560,86986,3,7,2817,7.75,5,30,3,198.0,13,198.0,438.0,240.0,1.825,120.0,0.2307692307692307,15.23076923076923,24.0,5,11,3
test,2,22406,53560,53560,86986,3,7,2817,7.75,5,30,3,-286.0,19,-286.0,146.0,432.0,0.3379629629629629,408.0,0.0526315789473684,-15.052631578947368,24.0,17,12,3
train,2,22406,53560,53560,86986,3,7,2817,7.75,5,30,3,198.0,13,198.0,438.0,240.0,1.825,120.0,0.2307692307692307,15.23076923076923,24.0,5,12,3
test,2,22406,53560,53560,86986,3,7,2817,7.75,5,30,3,-286.0,19,-286.0,146.0,432.0,0.3379629629629629,408.0,0.0526315789473684,-15.052631578947368,24.0,17,13,3
train,2,22406,53560,53560,86986,3,7,2817,7.75,5,30,3,198.0,13,198.0,438.0,240.0,1.825,120.0,0.2307692307692307,15.23076923076923,24.0,5,13,3
test,2,22406,53560,53560,86986,3,7,2817,7.75,5,30,3,-286.0,19,-286.0,146.0,432.0,0.3379629629629629,408.0,0.0526315789473684,-15.052631578947368,24.0,17,14,3
train,2,22406,53560,53560,86986,3,7,2817,7.75,5,30,3,198.0,13,198.0,438.0,240.0,1.825,120.0,0.2307692307692307,15.23076923076923,24.0,5,14,3
test,2,22406,53560,53560,86986,3,7,2817,7.75,5,30,3,-286.0,19,-286.0,146.0,432.0,0.3379629629629629,408.0,0.0526315789473684,-15.052631578947368,24.0,17,15,3
train,2,22406,53560,53560,86986,3,7,2817,7.75,5,30,3,198.0,13,198.0,438.0,240.0,1.825,120.0,0.2307692307692307,15.23076923076923,24.0,5,15,3
test,2,22406,53560,53560,86986,3,7,2817,7.75,5,30,3,-286.0,19,-286.0,146.0,432.0,0.3379629629629629,408.0,0.0526315789473684,-15.052631578947368,24.0,17,16,3
train,2,22406,53560,53560,86986,3,7,2817,7.75,5,30,3,198.0,13,198.0,438.0,240.0,1.825,120.0,0.2307692307692307,15.23076923076923,24.0,5,16,3
test,2,22406,53560,53560,86986,3,7,2817,7.75,5,30,3,-286.0,19,-286.0,146.0,432.0,0.3379629629629629,408.0,0.0526315789473684,-15.052631578947368,24.0,17,17,3
train,2,22406,53560,53560,86986,3,7,2817,7.75,5,30,3,198.0,13,198.0,438.0,240.0,1.825,120.0,0.2307692307692307,15.23076923076923,24.0,5,17,3
test,2,22406,53560,53560,86986,3,7,2817,7.75,5,30,3,-286.0,19,-286.0,146.0,432.0,0.3379629629629629,408.0,0.0526315789473684,-15.052631578947368,24.0,17,18,3
train,2,22406,53560,53560,86986,3,7,2817,7.75,5,30,3,198.0,13,198.0,438.0,240.0,1.825,120.0,0.2307692307692307,15.23076923076923,24.0,5,18,3
test,2,22406,53560,53560,86986,3,7,2817,7.75,5,30,3,-286.0,19,-286.0,146.0,432.0,0.3379629629629629,408.0,0.0526315789473684,-15.052631578947368,24.0,17,19,3
train,2,22406,53560,53560,86986,3,7,2817,7.75,5,30,3,198.0,13,198.0,438.0,240.0,1.825,120.0,0.2307692307692307,15.23076923076923,24.0,5,19,3
test,2,22406,53560,53560,86986,3,7,2817,7.75,5,30,3,-286.0,19,-286.0,146.0,432.0,0.3379629629629629,408.0,0.0526315789473684,-15.052631578947368,24.0,17,20,3
train,2,22406,53560,53560,86986,3,7,2817,7.75,5,30,3,198.0,13,198.0,438.0,240.0,1.825,120.0,0.2307692307692307,15.23076923076923,24.0,5,20,3
test,2,22406,53560,53560,86986,3,7,2817,7.75,5,30,3,-286.0,19,-286.0,146.0,432.0,0.3379629629629629,408.0,0.0526315789473684,-15.052631578947368,24.0,17,21,3
train,2,22406,53560,53560,86986,3,7,2817,7.75,5,30,3,198.0,13,198.0,438.0,240.0,1.825,120.0,0.2307692307692307,15.23076923076923,24.0,5,21,3
test,2,22406,53560,53560,86986,3,7,2817,7.75,5,30,3,-286.0,19,-286.0,146.0,432.0,0.3379629629629629,408.0,0.0526315789473684,-15.052631578947368,24.0,17,22,3
train,2,22406,53560,53560,86986,3,7,2817,7.75,5,30,3,198.0,13,198.0,438.0,240.0,1.825,120.0,0.2307692307692307,15.23076923076923,24.0,5,22,3
test,2,22406,53560,53560,86986,3,7,2817,7.75,5,30,3,-286.0,19,-286.0,146.0,432.0,0.3379629629629629,408.0,0.0526315789473684,-15.052631578947368,24.0,17,23,3
train,2,22406,53560,53560,86986,3,7,2817,7.75,5,30,3,198.0,13,198.0,438.0,240.0,1.825,120.0,0.2307692307692307,15.23076923076923,24.0,5,23,3
test,2,22406,53560,53560,86986,3,7,2817,7.75,5,30,3,-286.0,19,-286.0,146.0,432.0,0.3379629629629629,408.0,0.0526315789473684,-15.052631578947368,24.0,17,24,3
train,2,22406,53560,53560,86986,3,7,2817,7.75,5,30,3,198.0,13,198.0,438.0,240.0,1.825,120.0,0.2307692307692307,15.23076923076923,24.0,5,24,3
test,2,22406,53560,53560,86986,3,7,2817,7.75,5,30,3,-286.0,19,-286.0,146.0,432.0,0.3379629629629629,408.0,0.0526315789473684,-15.052631578947368,24.0,17,25,3
train,2,22406,53560,53560,86986,3,7,2817,7.75,5,30,3,198.0,13,198.0,438.0,240.0,1.825,120.0,0.2307692307692307,15.23076923076923,24.0,5,25,3
test,2,22406,53560,53560,86986,3,7,2817,7.75,5,30,3,-286.0,19,-286.0,146.0,432.0,0.3379629629629629,408.0,0.0526315789473684,-15.052631578947368,24.0,17,26,3
train,2,22406,53560,53560,86986,3,7,2817,7.75,5,30,3,198.0,13,198.0,438.0,240.0,1.825,120.0,0.2307692307692307,15.23076923076923,24.0,5,26,3
test,2,22406,53560,53560,86986,3,7,2817,7.75,5,30,3,-286.0,19,-286.0,146.0,432.0,0.3379629629629629,408.0,0.0526315789473684,-15.052631578947368,24.0,17,27,3
train,2,22406,53560,53560,86986,3,7,2817,7.75,5,30,3,198.0,13,198.0,438.0,240.0,1.825,120.0,0.2307692307692307,15.23076923076923,24.0,5,27,3
test,2,22406,53560,53560,86986,3,7,2817,7.75,5,30,3,-286.0,19,-286.0,146.0,432.0,0.3379629629629629,408.0,0.0526315789473684,-15.052631578947368,24.0,17,28,3
train,2,22406,53560,53560,86986,3,7,2817,7.75,5,30,3,198.0,13,198.0,438.0,240.0,1.825,120.0,0.2307692307692307,15.23076923076923,24.0,5,28,3
test,2,22406,53560,53560,86986,3,7,2817,7.75,5,30,3,-286.0,19,-286.0,146.0,432.0,0.3379629629629629,408.0,0.0526315789473684,-15.052631578947368,24.0,17,29,3
train,2,22406,53560,53560,86986,3,7,2817,7.75,5,30,3,198.0,13,198.0,438.0,240.0,1.825,120.0,0.2307692307692307,15.23076923076923,24.0,5,29,3
test,2,22406,53560,53560,86986,3,7,2817,7.75,5,30,3,-286.0,19,-286.0,146.0,432.0,0.3379629629629629,408.0,0.0526315789473684,-15.052631578947368,24.0,17,30,3
train,2,22406,53560,53560,86986,3,7,2817,7.75,5,30,3,198.0,13,198.0,438.0,240.0,1.825,120.0,0.2307692307692307,15.23076923076923,24.0,5,30,3
test,2,22406,53560,53560,86986,3,7,2817,7.75,5,30,3,-286.0,19,-286.0,146.0,432.0,0.3379629629629629,408.0,0.0526315789473684,-15.052631578947368,24.0,17,31,3
train,2,22406,53560,53560,86986,3,7,2817,7.75,5,30,3,198.0,13,198.0,438.0,240.0,1.825,120.0,0.2307692307692307,15.23076923076923,24.0,5,31,3
test,2,22406,53560,53560,86986,3,7,2817,7.75,5,30,3,-286.0,19,-286.0,146.0,432.0,0.3379629629629629,408.0,0.0526315789473684,-15.052631578947368,24.0,17,32,3
train,2,22406,53560,53560,86986,3,7,2817,7.75,5,30,3,198.0,13,198.0,438.0,240.0,1.825,120.0,0.2307692307692307,15.23076923076923,24.0,5,32,3
test,2,22406,53560,53560,86986,3,7,2817,7.75,5,30,3,-286.0,19,-286.0,146.0,432.0,0.3379629629629629,408.0,0.0526315789473684,-15.052631578947368,24.0,17,33,3
train,2,22406,53560,53560,86986,3,7,2817,7.75,5,30,3,198.0,13,198.0,438.0,240.0,1.825,120.0,0.2307692307692307,15.23076923076923,24.0,5,33,3
test,2,22406,53560,53560,86986,3,7,2817,7.75,5,30,3,-286.0,19,-286.0,146.0,432.0,0.3379629629629629,408.0,0.0526315789473684,-15.052631578947368,24.0,17,34,3
train,2,22406,53560,53560,86986,3,7,2817,7.75,5,30,3,198.0,13,198.0,438.0,240.0,1.825,120.0,0.2307692307692307,15.23076923076923,24.0,5,34,3
test,2,22406,53560,53560,86986,3,7,2817,7.75,5,30,3,-286.0,19,-286.0,146.0,432.0,0.3379629629629629,408.0,0.0526315789473684,-15.052631578947368,24.0,17,35,3
train,2,22406,53560,53560,86986,3,7,2817,7.75,5,30,3,198.0,13,198.0,438.0,240.0,1.825,120.0,0.2307692307692307,15.23076923076923,24.0,5,35,3
test,2,22406,53560,53560,86986,3,7,2817,7.75,5,30,3,-286.0,19,-286.0,146.0,432.0,0.3379629629629629,408.0,0.0526315789473684,-15.052631578947368,24.0,17,36,3
train,2,22406,53560,53560,86986,3,7,2817,7.75,5,30,3,198.0,13,198.0,438.0,240.0,1.825,120.0,0.2307692307692307,15.23076923076923,24.0,5,36,3
test,2,22406,53560,53560,86986,3,7,2817,7.75,5,30,3,-286.0,19,-286.0,146.0,432.0,0.3379629629629629,408.0,0.0526315789473684,-15.052631578947368,24.0,17,37,3
train,2,22406,53560,53560,86986,3,7,2817,7.75,5,30,3,198.0,13,198.0,438.0,240.0,1.825,120.0,0.2307692307692307,15.23076923076923,24.0,5,37,3
test,2,22406,53560,53560,86986,3,7,2817,7.75,5,30,3,-286.0,19,-286.0,146.0,432.0,0.3379629629629629,408.0,0.0526315789473684,-15.052631578947368,24.0,17,38,3
train,2,22406,53560,53560,86986,3,7,2817,7.75,5,30,3,198.0,13,198.0,438.0,240.0,1.825,120.0,0.2307692307692307,15.23076923076923,24.0,5,38,3
test,2,22406,53560,53560,86986,3,7,2817,7.75,5,30,3,-286.0,19,-286.0,146.0,432.0,0.3379629629629629,408.0,0.0526315789473684,-15.052631578947368,24.0,17,39,3
train,2,22406,53560,53560,86986,3,7,2817,7.75,5,30,3,198.0,13,198.0,438.0,240.0,1.825,120.0,0.2307692307692307,15.23076923076923,24.0,5,39,3
test,2,22406,53560,53560,86986,3,7,2817,7.75,5,30,3,-286.0,19,-286.0,146.0,432.0,0.3379629629629629,408.0,0.0526315789473684,-15.052631578947368,24.0,17,40,3
train,2,22406,53560,53560,86986,3,7,2817,7.75,5,30,3,198.0,13,198.0,438.0,240.0,1.825,120.0,0.2307692307692307,15.23076923076923,24.0,5,40,3
test,2,22406,53560,53560,86986,3,7,2817,7.75,5,30,3,-286.0,19,-286.0,146.0,432.0,0.3379629629629629,408.0,0.0526315789473684,-15.052631578947368,24.0,17,41,3
train,2,22406,53560,53560,86986,3,7,2817,7.75,5,30,3,198.0,13,198.0,438.0,240.0,1.825,120.0,0.2307692307692307,15.23076923076923,24.0,5,41,3
test,2,22406,53560,53560,86986,3,7,2817,7.75,5,30,3,-286.0,19,-286.0,146.0,432.0,0.3379629629629629,408.0,0.0526315789473684,-15.052631578947368,24.0,17,42,3
train,2,22406,53560,53560,86986,3,7,2817,7.75,5,30,3,198.0,13,198.0,438.0,240.0,1.825,120.0,0.2307692307692307,15.23076923076923,24.0,5,42,3
test,2,22406,53560,53560,86986,3,7,2817,7.75,5,30,3,-286.0,19,-286.0,146.0,432.0,0.3379629629629629,408.0,0.0526315789473684,-15.052631578947368,24.0,17,43,3
train,2,22406,53560,53560,86986,3,7,2817,7.75,5,30,3,198.0,13,198.0,438.0,240.0,1.825,120.0,0.2307692307692307,15.23076923076923,24.0,5,43,3
test,2,22406,53560,53560,86986,3,7,2817,7.75,5,30,3,-286.0,19,-286.0,146.0,432.0,0.3379629629629629,408.0,0.0526315789473684,-15.052631578947368,24.0,17,44,3
train,2,22406,53560,53560,86986,3,7,2817,7.75,5,30,3,198.0,13,198.0,438.0,240.0,1.825,120.0,0.2307692307692307,15.23076923076923,24.0,5,44,3
test,2,22406,53560,53560,86986,3,7,2817,7.75,5,30,3,-286.0,19,-286.0,146.0,432.0,0.3379629629629629,408.0,0.0526315789473684,-15.052631578947368,24.0,17,45,3
train,2,22406,53560,53560,86986,3,7,2817,7.75,5,30,3,198.0,13,198.0,438.0,240.0,1.825,120.0,0.2307692307692307,15.23076923076923,24.0,5,45,3
test,2,22406,53560,53560,86986,3,7,2817,7.75,5,30,3,-286.0,19,-286.0,146.0,432.0,0.3379629629629629,408.0,0.0526315789473684,-15.052631578947368,24.0,17,46,3
train,2,22406,53560,53560,86986,3,7,2817,7.75,5,30,3,198.0,13,198.0,438.0,240.0,1.825,120.0,0.2307692307692307,15.23076923076923,24.0,5,46,3
test,2,22406,53560,53560,86986,3,7,2817,7.75,5,30,3,-286.0,19,-286.0,146.0,432.0,0.3379629629629629,408.0,0.0526315789473684,-15.052631578947368,24.0,17,47,3
train,2,22406,53560,53560,86986,3,7,2817,7.75,5,30,3,198.0,13,198.0,438.0,240.0,1.825,120.0,0.2307692307692307,15.23076923076923,24.0,5,47,3
test,2,22406,53560,53560,86986,3,7,2817,7.75,5,30,3,-286.0,19,-286.0,146.0,432.0,0.3379629629629629,408.0,0.0526315789473684,-15.052631578947368,24.0,17,48,3
train,2,22406,53560,53560,86986,3,7,2817,7.75,5,30,3,198.0,13,198.0,438.0,240.0,1.825,120.0,0.2307692307692307,15.23076923076923,24.0,5,48,3
test,2,22406,53560,53560,86986,3,7,2817,7.75,5,30,3,-286.0,19,-286.0,146.0,432.0,0.3379629629629629,408.0,0.0526315789473684,-15.052631578947368,24.0,17,49,3
train,2,22406,53560,53560,86986,3,7,2817,7.75,5,30,3,198.0,13,198.0,438.0,240.0,1.825,120.0,0.2307692307692307,15.23076923076923,24.0,5,49,3
test,2,22406,53560,53560,86986,3,7,2817,7.75,5,30,3,-286.0,19,-286.0,146.0,432.0,0.3379629629629629,408.0,0.0526315789473684,-15.052631578947368,24.0,17,50,3
train,2,22406,53560,53560,86986,3,7,2817,7.75,5,30,3,198.0,13,198.0,438.0,240.0,1.825,120.0,0.2307692307692307,15.23076923076923,24.0,5,50,3
test,2,22406,53560,53560,86986,3,7,2817,7.75,5,30,3,-286.0,19,-286.0,146.0,432.0,0.3379629629629629,408.0,0.0526315789473684,-15.052631578947368,24.0,17,51,3
train,2,22406,53560,53560,86986,3,7,2817,7.75,5,30,3,198.0,13,198.0,438.0,240.0,1.825,120.0,0.2307692307692307,15.23076923076923,24.0,5,51,3
test,2,22406,53560,53560,86986,3,7,2817,7.75,5,30,3,-286.0,19,-286.0,146.0,432.0,0.3379629629629629,408.0,0.0526315789473684,-15.052631578947368,24.0,17,52,3
train,2,22406,53560,53560,86986,3,7,2817,7.75,5,30,3,198.0,13,198.0,438.0,240.0,1.825,120.0,0.2307692307692307,15.23076923076923,24.0,5,52,3
test,2,22406,53560,53560,86986,3,7,2817,7.75,5,30,3,-286.0,19,-286.0,146.0,432.0,0.3379629629629629,408.0,0.0526315789473684,-15.052631578947368,24.0,17,53,3
train,2,22406,53560,53560,86986,3,7,2817,7.75,5,30,3,198.0,13,198.0,438.0,240.0,1.825,120.0,0.2307692307692307,15.23076923076923,24.0,5,53,3
test,2,22406,53560,53560,86986,3,7,2817,7.75,5,30,3,-286.0,19,-286.0,146.0,432.0,0.3379629629629629,408.0,0.0526315789473684,-15.052631578947368,24.0,17,54,3
train,2,22406,53560,53560,86986,3,7,2817,7.75,5,30,3,198.0,13,198.0,438.0,240.0,1.825,120.0,0.2307692307692307,15.23076923076923,24.0,5,54,3
test,2,22406,53560,53560,86986,3,7,2817,7.75,5,30,3,-286.0,19,-286.0,146.0,432.0,0.3379629629629629,408.0,0.0526315789473684,-15.052631578947368,24.0,17,55,3
train,2,22406,53560,53560,86986,3,7,2817,7.75,5,30,3,198.0,13,198.0,438.0,240.0,1.825,120.0,0.2307692307692307,15.23076923076923,24.0,5,55,3
test,2,22406,53560,53560,86986,3,7,2817,7.75,5,30,3,-286.0,19,-286.0,146.0,432.0,0.3379629629629629,408.0,0.0526315789473684,-15.052631578947368,24.0,17,56,3
train,2,22406,53560,53560,86986,3,7,2817,7.75,5,30,3,198.0,13,198.0,438.0,240.0,1.825,120.0,0.2307692307692307,15.23076923076923,24.0,5,56,3
test,2,22406,53560,53560,86986,3,7,2817,7.75,5,30,3,-286.0,19,-286.0,146.0,432.0,0.3379629629629629,408.0,0.0526315789473684,-15.052631578947368,24.0,17,57,3
train,2,22406,53560,53560,86986,3,7,2817,7.75,5,30,3,198.0,13,198.0,438.0,240.0,1.825,120.0,0.2307692307692307,15.23076923076923,24.0,5,57,3
test,2,22406,53560,53560,86986,3,7,2817,7.75,5,30,3,-286.0,19,-286.0,146.0,432.0,0.3379629629629629,408.0,0.0526315789473684,-15.052631578947368,24.0,17,58,3
train,2,22406,53560,53560,86986,3,7,2817,7.75,5,30,3,198.0,13,198.0,438.0,240.0,1.825,120.0,0.2307692307692307,15.23076923076923,24.0,5,58,3
test,2,22406,53560,53560,86986,3,7,2817,7.75,5,30,3,-286.0,19,-286.0,146.0,432.0,0.3379629629629629,408.0,0.0526315789473684,-15.052631578947368,24.0,17,59,3
train,2,22406,53560,53560,86986,3,7,2817,7.75,5,30,3,198.0,13,198.0,438.0,240.0,1.825,120.0,0.2307692307692307,15.23076923076923,24.0,5,59,3
test,2,22406,53560,53560,86986,3,7,2817,7.75,5,30,3,-286.0,19,-286.0,146.0,432.0,0.3379629629629629,408.0,0.0526315789473684,-15.052631578947368,24.0,17,60,3
train,2,22406,53560,53560,86986,3,7,2817,7.75,5,30,3,198.0,13,198.0,438.0,240.0,1.825,120.0,0.2307692307692307,15.23076923076923,24.0,5,60,3
test,2,22406,53560,53560,86986,3,7,2817,7.75,5,30,3,-286.0,19,-286.0,146.0,432.0,0.3379629629629629,408.0,0.0526315789473684,-15.052631578947368,24.0,17,61,3
train,2,22406,53560,53560,86986,3,7,2817,7.75,5,30,3,198.0,13,198.0,438.0,240.0,1.825,120.0,0.2307692307692307,15.23076923076923,24.0,5,61,3
test,2,22406,53560,53560,86986,3,7,2817,7.75,5,30,3,-286.0,19,-286.0,146.0,432.0,0.3379629629629629,408.0,0.0526315789473684,-15.052631578947368,24.0,17,62,3
train,2,22406,53560,53560,86986,3,7,2817,7.75,5,30,3,198.0,13,198.0,438.0,240.0,1.825,120.0,0.2307692307692307,15.23076923076923,24.0,5,62,3
test,2,22406,53560,53560,86986,3,7,2817,7.75,5,30,3,-286.0,19,-286.0,146.0,432.0,0.3379629629629629,408.0,0.0526315789473684,-15.052631578947368,24.0,17,63,3
train,2,22406,53560,53560,86986,3,7,2817,7.75,5,30,3,198.0,13,198.0,438.0,240.0,1.825,120.0,0.2307692307692307,15.23076923076923,24.0,5,63,3
test,2,22406,53560,53560,86986,3,7,2817,7.75,5,30,3,-286.0,19,-286.0,146.0,432.0,0.3379629629629629,408.0,0.0526315789473684,-15.052631578947368,24.0,17,64,3
train,2,22406,53560,53560,86986,3,7,2817,7.75,5,30,3,198.0,13,198.0,438.0,240.0,1.825,120.0,0.2307692307692307,15.23076923076923,24.0,5,64,3
test,2,22406,53560,53560,86986,3,7,2817,7.75,5,30,3,-286.0,19,-286.0,146.0,432.0,0.3379629629629629,408.0,0.0526315789473684,-15.052631578947368,24.0,17,65,3
train,2,22406,53560,53560,86986,3,7,2817,7.75,5,30,3,198.0,13,198.0,438.0,240.0,1.825,120.0,0.2307692307692307,15.23076923076923,24.0,5,65,3
test,2,22406,53560,53560,86986,3,7,2817,7.75,5,30,3,-286.0,19,-286.0,146.0,432.0,0.3379629629629629,408.0,0.0526315789473684,-15.052631578947368,24.0,17,66,3
train,2,22406,53560,53560,86986,3,7,2817,7.75,5,30,3,198.0,13,198.0,438.0,240.0,1.825,120.0,0.2307692307692307,15.23076923076923,24.0,5,66,3
test,2,22406,53560,53560,86986,3,7,2817,7.75,5,30,3,-286.0,19,-286.0,146.0,432.0,0.3379629629629629,408.0,0.0526315789473684,-15.052631578947368,24.0,17,67,3
train,2,22406,53560,53560,86986,3,7,2817,7.75,5,30,3,198.0,13,198.0,438.0,240.0,1.825,120.0,0.2307692307692307,15.23076923076923,24.0,5,67,3
test,2,22406,53560,53560,86986,3,7,2817,7.75,5,30,3,-286.0,19,-286.0,146.0,432.0,0.3379629629629629,408.0,0.0526315789473684,-15.052631578947368,24.0,17,68,3
train,2,22406,53560,53560,86986,3,7,2817,7.75,5,30,3,198.0,13,198.0,438.0,240.0,1.825,120.0,0.2307692307692307,15.23076923076923,24.0,5,68,3
test,2,22406,53560,53560,86986,3,7,2817,7.75,5,30,3,-286.0,19,-286.0,146.0,432.0,0.3379629629629629,408.0,0.0526315789473684,-15.052631578947368,24.0,17,69,3
train,2,22406,53560,53560,86986,3,7,2817,7.75,5,30,3,198.0,13,198.0,438.0,240.0,1.825,120.0,0.2307692307692307,15.23076923076923,24.0,5,69,3
test,2,22406,53560,53560,86986,3,7,2817,7.75,5,30,3,-286.0,19,-286.0,146.0,432.0,0.3379629629629629,408.0,0.0526315789473684,-15.052631578947368,24.0,17,70,3
train,2,22406,53560,53560,86986,3,7,2817,7.75,5,30,3,198.0,13,198.0,438.0,240.0,1.825,120.0,0.2307692307692307,15.23076923076923,24.0,5,70,3
test,2,22406,53560,53560,86986,3,7,2817,7.75,5,30,3,-286.0,19,-286.0,146.0,432.0,0.3379629629629629,408.0,0.0526315789473684,-15.052631578947368,24.0,17,71,3
train,2,22406,53560,53560,86986,3,7,2817,7.75,5,30,3,198.0,13,198.0,438.0,240.0,1.825,120.0,0.2307692307692307,15.23076923076923,24.0,5,71,3
test,2,22406,53560,53560,86986,3,7,2817,7.75,5,30,3,-286.0,19,-286.0,146.0,432.0,0.3379629629629629,408.0,0.0526315789473684,-15.052631578947368,24.0,17,72,3
train,2,22406,53560,53560,86986,3,7,2817,7.75,5,30,3,198.0,13,198.0,438.0,240.0,1.825,120.0,0.2307692307692307,15.23076923076923,24.0,5,72,3
test,2,22406,53560,53560,86986,3,7,2817,7.75,5,30,3,-286.0,19,-286.0,146.0,432.0,0.3379629629629629,408.0,0.0526315789473684,-15.052631578947368,24.0,17,73,3
train,2,22406,53560,53560,86986,3,7,2817,7.75,5,30,3,198.0,13,198.0,438.0,240.0,1.825,120.0,0.2307692307692307,15.23076923076923,24.0,5,73,3
test,2,22406,53560,53560,86986,3,7,2817,7.75,5,30,3,-286.0,19,-286.0,146.0,432.0,0.3379629629629629,408.0,0.0526315789473684,-15.052631578947368,24.0,17,74,3
train,2,22406,53560,53560,86986,3,7,2817,7.75,5,30,3,198.0,13,198.0,438.0,240.0,1.825,120.0,0.2307692307692307,15.23076923076923,24.0,5,74,3
test,2,22406,53560,53560,86986,3,7,2817,7.75,5,30,3,-286.0,19,-286.0,146.0,432.0,0.3379629629629629,408.0,0.0526315789473684,-15.052631578947368,24.0,17,75,3
train,2,22406,53560,53560,86986,3,7,2817,7.75,5,30,3,198.0,13,198.0,438.0,240.0,1.825,120.0,0.2307692307692307,15.23076923076923,24.0,5,75,3
test,2,22406,53560,53560,86986,3,7,2817,7.75,5,30,3,-286.0,19,-286.0,146.0,432.0,0.3379629629629629,408.0,0.0526315789473684,-15.052631578947368,24.0,17,76,3
train,2,22406,53560,53560,86986,3,7,2817,7.75,5,30,3,198.0,13,198.0,438.0,240.0,1.825,120.0,0.2307692307692307,15.23076923076923,24.0,5,76,3
test,2,22406,53560,53560,86986,3,7,2817,7.75,5,30,3,-286.0,19,-286.0,146.0,432.0,0.3379629629629629,408.0,0.0526315789473684,-15.052631578947368,24.0,17,77,3
train,2,22406,53560,53560,86986,3,7,2817,7.75,5,30,3,198.0,13,198.0,438.0,240.0,1.825,120.0,0.2307692307692307,15.23076923076923,24.0,5,77,3
test,2,22406,53560,53560,86986,3,7,2817,7.75,5,30,3,-286.0,19,-286.0,146.0,432.0,0.3379629629629629,408.0,0.0526315789473684,-15.052631578947368,24.0,17,78,3
train,2,22406,53560,53560,86986,3,7,2817,7.75,5,30,3,198.0,13,198.0,438.0,240.0,1.825,120.0,0.2307692307692307,15.23076923076923,24.0,5,78,3
test,2,22406,53560,53560,86986,3,7,2817,7.75,5,30,3,-286.0,19,-286.0,146.0,432.0,0.3379629629629629,408.0,0.0526315789473684,-15.052631578947368,24.0,17,79,3
train,2,22406,53560,53560,86986,3,7,2817,7.75,5,30,3,198.0,13,198.0,438.0,240.0,1.825,120.0,0.2307692307692307,15.23076923076923,24.0,5,79,3
test,2,22406,53560,53560,86986,3,7,2817,7.75,5,30,3,-286.0,19,-286.0,146.0,432.0,0.3379629629629629,408.0,0.0526315789473684,-15.052631578947368,24.0,17,80,3
train,2,22406,53560,53560,86986,3,7,2817,7.75,5,30,3,198.0,13,198.0,438.0,240.0,1.825,120.0,0.2307692307692307,15.23076923076923,24.0,5,80,3
test,2,22406,53560,53560,86986,3,7,2817,7.75,5,30,3,-286.0,19,-286.0,146.0,432.0,0.3379629629629629,408.0,0.0526315789473684,-15.052631578947368,24.0,17,81,3
train,2,22406,53560,53560,86986,3,7,2817,7.75,5,30,3,198.0,13,198.0,438.0,240.0,1.825,120.0,0.2307692307692307,15.23076923076923,24.0,5,81,3
test,2,22406,53560,53560,86986,3,7,2817,7.75,5,30,3,-286.0,19,-286.0,146.0,432.0,0.3379629629629629,408.0,0.0526315789473684,-15.052631578947368,24.0,17,82,3
train,2,22406,53560,53560,86986,3,7,2817,7.75,5,30,3,198.0,13,198.0,438.0,240.0,1.825,120.0,0.2307692307692307,15.23076923076923,24.0,5,82,3
test,2,22406,53560,53560,86986,3,7,2817,7.75,5,30,3,-286.0,19,-286.0,146.0,432.0,0.3379629629629629,408.0,0.0526315789473684,-15.052631578947368,24.0,17,83,3
train,2,22406,53560,53560,86986,3,7,2817,7.75,5,30,3,198.0,13,198.0,438.0,240.0,1.825,120.0,0.2307692307692307,15.23076923076923,24.0,5,83,3
test,2,22406,53560,53560,86986,3,7,2817,7.75,5,30,3,-286.0,19,-286.0,146.0,432.0,0.3379629629629629,408.0,0.0526315789473684,-15.052631578947368,24.0,17,84,3
train,2,22406,53560,53560,86986,3,7,2817,7.75,5,30,3,198.0,13,198.0,438.0,240.0,1.825,120.0,0.2307692307692307,15.23076923076923,24.0,5,84,3
test,2,22406,53560,53560,86986,3,7,2817,7.75,5,30,3,-286.0,19,-286.0,146.0,432.0,0.3379629629629629,408.0,0.0526315789473684,-15.052631578947368,24.0,17,85,3
train,2,22406,53560,53560,86986,3,7,2817,7.75,5,30,3,198.0,13,198.0,438.0,240.0,1.825,120.0,0.2307692307692307,15.23076923076923,24.0,5,85,3
test,2,22406,53560,53560,86986,3,7,2817,7.75,5,30,3,-286.0,19,-286.0,146.0,432.0,0.3379629629629629,408.0,0.0526315789473684,-15.052631578947368,24.0,17,86,3
train,2,22406,53560,53560,86986,3,7,2817,7.75,5,30,3,198.0,13,198.0,438.0,240.0,1.825,120.0,0.2307692307692307,15.23076923076923,24.0,5,86,3
test,2,22406,53560,53560,86986,3,7,2817,7.75,5,30,3,-286.0,19,-286.0,146.0,432.0,0.3379629629629629,408.0,0.0526315789473684,-15.052631578947368,24.0,17,87,3
train,2,22406,53560,53560,86986,3,7,2817,7.75,5,30,3,198.0,13,198.0,438.0,240.0,1.825,120.0,0.2307692307692307,15.23076923076923,24.0,5,87,3
test,2,22406,53560,53560,86986,3,7,2817,7.75,5,30,3,-286.0,19,-286.0,146.0,432.0,0.3379629629629629,408.0,0.0526315789473684,-15.052631578947368,24.0,17,88,3
train,2,22406,53560,53560,86986,3,7,2817,7.75,5,30,3,198.0,13,198.0,438.0,240.0,1.825,120.0,0.2307692307692307,15.23076923076923,24.0,5,88,3
test,2,22406,53560,53560,86986,3,7,2817,7.75,5,30,3,-286.0,19,-286.0,146.0,432.0,0.3379629629629629,408.0,0.0526315789473684,-15.052631578947368,24.0,17,89,3
train,2,22406,53560,53560,86986,3,7,2817,7.75,5,30,3,198.0,13,198.0,438.0,240.0,1.825,120.0,0.2307692307692307,15.23076923076923,24.0,5,89,3
test,2,22406,53560,53560,86986,3,7,2817,7.75,5,30,3,-286.0,19,-286.0,146.0,432.0,0.3379629629629629,408.0,0.0526315789473684,-15.052631578947368,24.0,17,90,3
train,2,22406,53560,53560,86986,3,7,2817,7.75,5,30,3,198.0,13,198.0,438.0,240.0,1.825,120.0,0.2307692307692307,15.23076923076923,24.0,5,90,3
test,2,22406,53560,53560,86986,3,7,2817,7.75,5,30,3,-286.0,19,-286.0,146.0,432.0,0.3379629629629629,408.0,0.0526315789473684,-15.052631578947368,24.0,17,91,3
train,2,22406,53560,53560,86986,3,7,2817,7.75,5,30,3,198.0,13,198.0,438.0,240.0,1.825,120.0,0.2307692307692307,15.23076923076923,24.0,5,91,3
test,2,22406,53560,53560,86986,3,7,2817,7.75,5,30,3,-286.0,19,-286.0,146.0,432.0,0.3379629629629629,408.0,0.0526315789473684,-15.052631578947368,24.0,17,92,3
train,2,22406,53560,53560,86986,3,7,2817,7.75,5,30,3,198.0,13,198.0,438.0,240.0,1.825,120.0,0.2307692307692307,15.23076923076923,24.0,5,92,3
test,2,22406,53560,53560,86986,3,7,2817,7.75,5,30,3,-286.0,19,-286.0,146.0,432.0,0.3379629629629629,408.0,0.0526315789473684,-15.052631578947368,24.0,17,93,3
train,2,22406,53560,53560,86986,3,7,2817,7.75,5,30,3,198.0,13,198.0,438.0,240.0,1.825,120.0,0.2307692307692307,15.23076923076923,24.0,5,93,3
test,2,22406,53560,53560,86986,3,7,2817,7.75,5,30,3,-286.0,19,-286.0,146.0,432.0,0.3379629629629629,408.0,0.0526315789473684,-15.052631578947368,24.0,17,94,3
train,2,22406,53560,53560,86986,3,7,2817,7.75,5,30,3,198.0,13,198.0,438.0,240.0,1.825,120.0,0.2307692307692307,15.23076923076923,24.0,5,94,3
test,2,22406,53560,53560,86986,3,7,2817,7.75,5,30,3,-286.0,19,-286.0,146.0,432.0,0.3379629629629629,408.0,0.0526315789473684,-15.052631578947368,24.0,17,95,3
train,2,22406,53560,53560,86986,3,7,2817,7.75,5,30,3,198.0,13,198.0,438.0,240.0,1.825,120.0,0.2307692307692307,15.23076923076923,24.0,5,95,3
test,2,22406,53560,53560,86986,3,7,2817,7.75,5,30,3,-286.0,19,-286.0,146.0,432.0,0.3379629629629629,408.0,0.0526315789473684,-15.052631578947368,24.0,17,96,3
train,2,22406,53560,53560,86986,3,7,2817,7.75,5,30,3,198.0,13,198.0,438.0,240.0,1.825,120.0,0.2307692307692307,15.23076923076923,24.0,5,96,3
test,2,22406,53560,53560,86986,3,7,2817,7.75,5,30,3,-286.0,19,-286.0,146.0,432.0,0.3379629629629629,408.0,0.0526315789473684,-15.052631578947368,24.0,17,97,3
train,2,22406,53560,53560,86986,3,7,2817,7.75,5,30,3,198.0,13,198.0,438.0,240.0,1.825,120.0,0.2307692307692307,15.23076923076923,24.0,5,97,3
test,2,22406,53560,53560,86986,3,7,2817,7.75,5,30,3,-286.0,19,-286.0,146.0,432.0,0.3379629629629629,408.0,0.0526315789473684,-15.052631578947368,24.0,17,98,3
train,2,22406,53560,53560,86986,3,7,2817,7.75,5,30,3,198.0,13,198.0,438.0,240.0,1.825,120.0,0.2307692307692307,15.23076923076923,24.0,5,98,3
test,2,22406,53560,53560,86986,3,7,2817,7.75,5,30,3,-286.0,19,-286.0,146.0,432.0,0.3379629629629629,408.0,0.0526315789473684,-15.052631578947368,24.0,17,99,3
train,2,22406,53560,53560,86986,3,7,2817,7.75,5,30,3,198.0,13,198.0,438.0,240.0,1.825,120.0,0.2307692307692307,15.23076923076923,24.0,5,99,3
test,2,22406,53560,53560,86986,3,7,2817,7.75,5,30,3,-286.0,19,-286.0,146.0,432.0,0.3379629629629629,408.0,0.0526315789473684,-15.052631578947368,24.0,17,100,3
train,2,22406,53560,53560,86986,3,7,2817,7.75,5,30,3,198.0,13,198.0,438.0,240.0,1.825,120.0,0.2307692307692307,15.23076923076923,24.0,5,100,3
test,3,53560,86986,86986,125287,0,12,1045,5.75,6,26,20,-511.0,9,-511.0,252.0,763.0,0.3302752293577982,637.0,0.2222222222222222,-56.77777777777778,109.0,5,0,0
train,3,53560,86986,86986,125287,0,12,1045,5.75,6,26,20,252.0,2,252.0,252.0,0.0,inf,0.0,1.0,126.0,0.0,0,0,0
test,3,53560,86986,86986,125287,0,12,1045,5.75,6,26,20,-511.0,9,-511.0,252.0,763.0,0.3302752293577982,637.0,0.2222222222222222,-56.77777777777778,109.0,5,1,0
train,3,53560,86986,86986,125287,0,12,1045,5.75,6,26,20,252.0,2,252.0,252.0,0.0,inf,0.0,1.0,126.0,0.0,0,1,0
test,3,53560,86986,86986,125287,0,12,1045,5.75,6,26,20,-511.0,9,-511.0,252.0,763.0,0.3302752293577982,637.0,0.2222222222222222,-56.77777777777778,109.0,5,2,0
train,3,53560,86986,86986,125287,0,12,1045,5.75,6,26,20,252.0,2,252.0,252.0,0.0,inf,0.0,1.0,126.0,0.0,0,2,0
test,3,53560,86986,86986,125287,3,10,334,4.5,8,25,24,-919.0,11,-919.0,242.0,1161.0,0.2084409991386735,919.0,0.1818181818181818,-83.54545454545455,129.0,4,3,3
train,3,53560,86986,86986,125287,3,10,334,4.5,8,25,24,355.0,5,355.0,484.0,129.0,3.751937984496124,129.0,0.8,71.0,129.0,1,3,3
test,3,53560,86986,86986,125287,3,10,334,4.5,8,25,24,-919.0,11,-919.0,242.0,1161.0,0.2084409991386735,919.0,0.1818181818181818,-83.54545454545455,129.0,4,4,3
train,3,53560,86986,86986,125287,3,10,334,4.5,8,25,24,355.0,5,355.0,484.0,129.0,3.751937984496124,129.0,0.8,71.0,129.0,1,4,3
test,3,53560,86986,86986,125287,3,10,334,4.5,8,25,24,-919.0,11,-919.0,242.0,1161.0,0.2084409991386735,919.0,0.1818181818181818,-83.54545454545455,129.0,4,5,3
train,3,53560,86986,86986,125287,3,10,334,4.5,8,25,24,355.0,5,355.0,484.0,129.0,3.751937984496124,129.0,0.8,71.0,129.0,1,5,3
test,3,53560,86986,86986,125287,3,10,334,4.5,8,25,24,-919.0,11,-919.0,242.0,1161.0,0.2084409991386735,919.0,0.1818181818181818,-83.54545454545455,129.0,4,6,3
train,3,53560,86986,86986,125287,3,10,334,4.5,8,25,24,355.0,5,355.0,484.0,129.0,3.751937984496124,129.0,0.8,71.0,129.0,1,6,3
test,3,53560,86986,86986,125287,3,10,334,4.5,8,25,24,-919.0,11,-919.0,242.0,1161.0,0.2084409991386735,919.0,0.1818181818181818,-83.54545454545455,129.0,4,7,3
train,3,53560,86986,86986,125287,3,10,334,4.5,8,25,24,355.0,5,355.0,484.0,129.0,3.751937984496124,129.0,0.8,71.0,129.0,1,7,3
test,3,53560,86986,86986,125287,3,10,334,4.5,8,25,24,-919.0,11,-919.0,242.0,1161.0,0.2084409991386735,919.0,0.1818181818181818,-83.54545454545455,129.0,4,8,3
train,3,53560,86986,86986,125287,3,10,334,4.5,8,25,24,355.0,5,355.0,484.0,129.0,3.751937984496124,129.0,0.8,71.0,129.0,1,8,3
test,3,53560,86986,86986,125287,3,10,334,4.5,8,25,24,-919.0,11,-919.0,242.0,1161.0,0.2084409991386735,919.0,0.1818181818181818,-83.54545454545455,129.0,4,9,3
train,3,53560,86986,86986,125287,3,10,334,4.5,8,25,24,355.0,5,355.0,484.0,129.0,3.751937984496124,129.0,0.8,71.0,129.0,1,9,3
test,3,53560,86986,86986,125287,3,10,334,4.5,8,25,24,-919.0,11,-919.0,242.0,1161.0,0.2084409991386735,919.0,0.1818181818181818,-83.54545454545455,129.0,4,10,3
train,3,53560,86986,86986,125287,3,10,334,4.5,8,25,24,355.0,5,355.0,484.0,129.0,3.751937984496124,129.0,0.8,71.0,129.0,1,10,3
test,3,53560,86986,86986,125287,3,10,334,4.5,8,25,24,-919.0,11,-919.0,242.0,1161.0,0.2084409991386735,919.0,0.1818181818181818,-83.54545454545455,129.0,4,11,3
train,3,53560,86986,86986,125287,3,10,334,4.5,8,25,24,355.0,5,355.0,484.0,129.0,3.751937984496124,129.0,0.8,71.0,129.0,1,11,3
test,3,53560,86986,86986,125287,3,10,334,4.5,8,25,24,-919.0,11,-919.0,242.0,1161.0,0.2084409991386735,919.0,0.1818181818181818,-83.54545454545455,129.0,4,12,3
train,3,53560,86986,86986,125287,3,10,334,4.5,8,25,24,355.0,5,355.0,484.0,129.0,3.751937984496124,129.0,0.8,71.0,129.0,1,12,3
test,3,53560,86986,86986,125287,3,10,334,4.5,8,25,24,-919.0,11,-919.0,242.0,1161.0,0.2084409991386735,919.0,0.1818181818181818,-83.54545454545455,129.0,4,13,3
train,3,53560,86986,86986,125287,3,10,334,4.5,8,25,24,355.0,5,355.0,484.0,129.0,3.751937984496124,129.0,0.8,71.0,129.0,1,13,3
test,3,53560,86986,86986,125287,3,10,334,4.5,8,25,24,-919.0,11,-919.0,242.0,1161.0,0.2084409991386735,919.0,0.1818181818181818,-83.54545454545455,129.0,4,14,3
train,3,53560,86986,86986,125287,3,10,334,4.5,8,25,24,355.0,5,355.0,484.0,129.0,3.751937984496124,129.0,0.8,71.0,129.0,1,14,3
test,3,53560,86986,86986,125287,3,10,334,4.5,8,25,24,-919.0,11,-919.0,242.0,1161.0,0.2084409991386735,919.0,0.1818181818181818,-83.54545454545455,129.0,4,15,3
train,3,53560,86986,86986,125287,3,10,334,4.5,8,25,24,355.0,5,355.0,484.0,129.0,3.751937984496124,129.0,0.8,71.0,129.0,1,15,3
test,3,53560,86986,86986,125287,3,10,334,4.5,8,25,24,-919.0,11,-919.0,242.0,1161.0,0.2084409991386735,919.0,0.1818181818181818,-83.54545454545455,129.0,4,16,3
train,3,53560,86986,86986,125287,3,10,334,4.5,8,25,24,355.0,5,355.0,484.0,129.0,3.751937984496124,129.0,0.8,71.0,129.0,1,16,3
test,3,53560,86986,86986,125287,3,10,334,4.5,8,25,24,-919.0,11,-919.0,242.0,1161.0,0.2084409991386735,919.0,0.1818181818181818,-83.54545454545455,129.0,4,17,3
train,3,53560,86986,86986,125287,3,10,334,4.5,8,25,24,355.0,5,355.0,484.0,129.0,3.751937984496124,129.0,0.8,71.0,129.0,1,17,3
test,3,53560,86986,86986,125287,3,10,334,4.5,8,25,24,-919.0,11,-919.0,242.0,1161.0,0.2084409991386735,919.0,0.1818181818181818,-83.54545454545455,129.0,4,18,3
train,3,53560,86986,86986,125287,3,10,334,4.5,8,25,24,355.0,5,355.0,484.0,129.0,3.751937984496124,129.0,0.8,71.0,129.0,1,18,3
test,3,53560,86986,86986,125287,3,10,334,4.5,8,25,24,-919.0,11,-919.0,242.0,1161.0,0.2084409991386735,919.0,0.1818181818181818,-83.54545454545455,129.0,4,19,3
train,3,53560,86986,86986,125287,3,10,334,4.5,8,25,24,355.0,5,355.0,484.0,129.0,3.751937984496124,129.0,0.8,71.0,129.0,1,19,3
test,3,53560,86986,86986,125287,3,10,334,4.5,8,25,24,-919.0,11,-919.0,242.0,1161.0,0.2084409991386735,919.0,0.1818181818181818,-83.54545454545455,129.0,4,20,3
train,3,53560,86986,86986,125287,3,10,334,4.5,8,25,24,355.0,5,355.0,484.0,129.0,3.751937984496124,129.0,0.8,71.0,129.0,1,20,3
test,3,53560,86986,86986,125287,3,10,334,4.5,8,25,24,-919.0,11,-919.0,242.0,1161.0,0.2084409991386735,919.0,0.1818181818181818,-83.54545454545455,129.0,4,21,3
train,3,53560,86986,86986,125287,3,10,334,4.5,8,25,24,355.0,5,355.0,484.0,129.0,3.751937984496124,129.0,0.8,71.0,129.0,1,21,3
test,3,53560,86986,86986,125287,3,10,334,4.5,8,25,24,-919.0,11,-919.0,242.0,1161.0,0.2084409991386735,919.0,0.1818181818181818,-83.54545454545455,129.0,4,22,3
train,3,53560,86986,86986,125287,3,10,334,4.5,8,25,24,355.0,5,355.0,484.0,129.0,3.751937984496124,129.0,0.8,71.0,129.0,1,22,3
test,3,53560,86986,86986,125287,3,10,334,4.5,8,25,24,-919.0,11,-919.0,242.0,1161.0,0.2084409991386735,919.0,0.1818181818181818,-83.54545454545455,129.0,4,23,3
train,3,53560,86986,86986,125287,3,10,334,4.5,8,25,24,355.0,5,355.0,484.0,129.0,3.751937984496124,129.0,0.8,71.0,129.0,1,23,3
test,3,53560,86986,86986,125287,3,10,334,4.5,8,25,24,-919.0,11,-919.0,242.0,1161.0,0.2084409991386735,919.0,0.1818181818181818,-83.54545454545455,129.0,4,24,3
train,3,53560,86986,86986,125287,3,10,334,4.5,8,25,24,355.0,5,355.0,484.0,129.0,3.751937984496124,129.0,0.8,71.0,129.0,1,24,3
test,3,53560,86986,86986,125287,3,10,334,4.5,8,25,24,-919.0,11,-919.0,242.0,1161.0,0.2084409991386735,919.0,0.1818181818181818,-83.54545454545455,129.0,4,25,3
train,3,53560,86986,86986,125287,3,10,334,4.5,8,25,24,355.0,5,355.0,484.0,129.0,3.751937984496124,129.0,0.8,71.0,129.0,1,25,3
test,3,53560,86986,86986,125287,3,10,334,4.5,8,25,24,-919.0,11,-919.0,242.0,1161.0,0.2084409991386735,919.0,0.1818181818181818,-83.54545454545455,129.0,4,26,3
train,3,53560,86986,86986,125287,3,10,334,4.5,8,25,24,355.0,5,355.0,484.0,129.0,3.751937984496124,129.0,0.8,71.0,129.0,1,26,3
test,3,53560,86986,86986,125287,3,10,334,4.5,8,25,24,-919.0,11,-919.0,242.0,1161.0,0.2084409991386735,919.0,0.1818181818181818,-83.54545454545455,129.0,4,27,3
train,3,53560,86986,86986,125287,3,10,334,4.5,8,25,24,355.0,5,355.0,484.0,129.0,3.751937984496124,129.0,0.8,71.0,129.0,1,27,3
test,3,53560,86986,86986,125287,3,10,334,4.5,8,25,24,-919.0,11,-919.0,242.0,1161.0,0.2084409991386735,919.0,0.1818181818181818,-83.54545454545455,129.0,4,28,3
train,3,53560,86986,86986,125287,3,10,334,4.5,8,25,24,355.0,5,355.0,484.0,129.0,3.751937984496124,129.0,0.8,71.0,129.0,1,28,3
test,3,53560,86986,86986,125287,3,10,334,4.5,8,25,24,-919.0,11,-919.0,242.0,1161.0,0.2084409991386735,919.0,0.1818181818181818,-83.54545454545455,129.0,4,29,3
train,3,53560,86986,86986,125287,3,10,334,4.5,8,25,24,355.0,5,355.0,484.0,129.0,3.751937984496124,129.0,0.8,71.0,129.0,1,29,3
test,3,53560,86986,86986,125287,3,10,334,4.5,8,25,24,-919.0,11,-919.0,242.0,1161.0,0.2084409991386735,919.0,0.1818181818181818,-83.54545454545455,129.0,4,30,3
train,3,53560,86986,86986,125287,3,10,334,4.5,8,25,24,355.0,5,355.0,484.0,129.0,3.751937984496124,129.0,0.8,71.0,129.0,1,30,3
test,3,53560,86986,86986,125287,3,10,334,4.5,8,25,24,-919.0,11,-919.0,242.0,1161.0,0.2084409991386735,919.0,0.1818181818181818,-83.54545454545455,129.0,4,31,3
train,3,53560,86986,86986,125287,3,10,334,4.5,8,25,24,355.0,5,355.0,484.0,129.0,3.751937984496124,129.0,0.8,71.0,129.0,1,31,3
test,3,53560,86986,86986,125287,3,10,334,4.5,8,25,24,-919.0,11,-919.0,242.0,1161.0,0.2084409991386735,919.0,0.1818181818181818,-83.54545454545455,129.0,4,32,3
train,3,53560,86986,86986,125287,3,10,334,4.5,8,25,24,355.0,5,355.0,484.0,129.0,3.751937984496124,129.0,0.8,71.0,129.0,1,32,3
test,3,53560,86986,86986,125287,3,10,334,4.5,8,25,24,-919.0,11,-919.0,242.0,1161.0,0.2084409991386735,919.0,0.1818181818181818,-83.54545454545455,129.0,4,33,3
train,3,53560,86986,86986,125287,3,10,334,4.5,8,25,24,355.0,5,355.0,484.0,129.0,3.751937984496124,129.0,0.8,71.0,129.0,1,33,3
test,3,53560,86986,86986,125287,3,10,334,4.5,8,25,24,-919.0,11,-919.0,242.0,1161.0,0.2084409991386735,919.0,0.1818181818181818,-83.54545454545455,129.0,4,34,3
train,3,53560,86986,86986,125287,3,10,334,4.5,8,25,24,355.0,5,355.0,484.0,129.0,3.751937984496124,129.0,0.8,71.0,129.0,1,34,3
test,3,53560,86986,86986,125287,3,10,334,4.5,8,25,24,-919.0,11,-919.0,242.0,1161.0,0.2084409991386735,919.0,0.1818181818181818,-83.54545454545455,129.0,4,35,3
train,3,53560,86986,86986,125287,3,10,334,4.5,8,25,24,355.0,5,355.0,484.0,129.0,3.751937984496124,129.0,0.8,71.0,129.0,1,35,3
test,3,53560,86986,86986,125287,3,10,334,4.5,8,25,24,-919.0,11,-919.0,242.0,1161.0,0.2084409991386735,919.0,0.1818181818181818,-83.54545454545455,129.0,4,36,3
train,3,53560,86986,86986,125287,3,10,334,4.5,8,25,24,355.0,5,355.0,484.0,129.0,3.751937984496124,129.0,0.8,71.0,129.0,1,36,3
test,3,53560,86986,86986,125287,3,10,334,4.5,8,25,24,-919.0,11,-919.0,242.0,1161.0,0.2084409991386735,919.0,0.1818181818181818,-83.54545454545455,129.0,4,37,3
train,3,53560,86986,86986,125287,3,10,334,4.5,8,25,24,355.0,5,355.0,484.0,129.0,3.751937984496124,129.0,0.8,71.0,129.0,1,37,3
test,3,53560,86986,86986,125287,3,10,334,4.5,8,25,24,-919.0,11,-919.0,242.0,1161.0,0.2084409991386735,919.0,0.1818181818181818,-83.54545454545455,129.0,4,38,3
train,3,53560,86986,86986,125287,3,10,334,4.5,8,25,24,355.0,5,355.0,484.0,129.0,3.751937984496124,129.0,0.8,71.0,129.0,1,38,3
test,3,53560,86986,86986,125287,3,10,334,4.5,8,25,24,-919.0,11,-919.0,242.0,1161.0,0.2084409991386735,919.0,0.1818181818181818,-83.54545454545455,129.0,4,39,3
train,3,53560,86986,86986,125287,3,10,334,4.5,8,25,24,355.0,5,355.0,484.0,129.0,3.751937984496124,129.0,0.8,71.0,129.0,1,39,3
test,3,53560,86986,86986,125287,3,10,334,4.5,8,25,24,-919.0,11,-919.0,242.0,1161.0,0.2084409991386735,919.0,0.1818181818181818,-83.54545454545455,129.0,4,40,3
train,3,53560,86986,86986,125287,3,10,334,4.5,8,25,24,355.0,5,355.0,484.0,129.0,3.751937984496124,129.0,0.8,71.0,129.0,1,40,3
test,3,53560,86986,86986,125287,3,10,334,4.5,8,25,24,-919.0,11,-919.0,242.0,1161.0,0.2084409991386735,919.0,0.1818181818181818,-83.54545454545455,129.0,4,41,3
train,3,53560,86986,86986,125287,3,10,334,4.5,8,25,24,355.0,5,355.0,484.0,129.0,3.751937984496124,129.0,0.8,71.0,129.0,1,41,3
test,3,53560,86986,86986,125287,3,10,334,4.5,8,25,24,-919.0,11,-919.0,242.0,1161.0,0.2084409991386735,919.0,0.1818181818181818,-83.54545454545455,129.0,4,42,3
train,3,53560,86986,86986,125287,3,10,334,4.5,8,25,24,355.0,5,355.0,484.0,129.0,3.751937984496124,129.0,0.8,71.0,129.0,1,42,3
test,3,53560,86986,86986,125287,3,10,334,4.5,8,25,24,-919.0,11,-919.0,242.0,1161.0,0.2084409991386735,919.0,0.1818181818181818,-83.54545454545455,129.0,4,43,3
train,3,53560,86986,86986,125287,3,10,334,4.5,8,25,24,355.0,5,355.0,484.0,129.0,3.751937984496124,129.0,0.8,71.0,129.0,1,43,3
test,3,53560,86986,86986,125287,3,10,334,4.5,8,25,24,-919.0,11,-919.0,242.0,1161.0,0.2084409991386735,919.0,0.1818181818181818,-83.54545454545455,129.0,4,44,3
train,3,53560,86986,86986,125287,3,10,334,4.5,8,25,24,355.0,5,355.0,484.0,129.0,3.751937984496124,129.0,0.8,71.0,129.0,1,44,3
test,3,53560,86986,86986,125287,3,10,334,4.5,8,25,24,-919.0,11,-919.0,242.0,1161.0,0.2084409991386735,919.0,0.1818181818181818,-83.54545454545455,129.0,4,45,3
train,3,53560,86986,86986,125287,3,10,334,4.5,8,25,24,355.0,5,355.0,484.0,129.0,3.751937984496124,129.0,0.8,71.0,129.0,1,45,3
test,3,53560,86986,86986,125287,3,10,334,4.5,8,25,24,-919.0,11,-919.0,242.0,1161.0,0.2084409991386735,919.0,0.1818181818181818,-83.54545454545455,129.0,4,46,3
train,3,53560,86986,86986,125287,3,10,334,4.5,8,25,24,355.0,5,355.0,484.0,129.0,3.751937984496124,129.0,0.8,71.0,129.0,1,46,3
test,3,53560,86986,86986,125287,3,10,334,4.5,8,25,24,-919.0,11,-919.0,242.0,1161.0,0.2084409991386735,919.0,0.1818181818181818,-83.54545454545455,129.0,4,47,3
train,3,53560,86986,86986,125287,3,10,334,4.5,8,25,24,355.0,5,355.0,484.0,129.0,3.751937984496124,129.0,0.8,71.0,129.0,1,47,3
test,3,53560,86986,86986,125287,3,10,334,4.5,8,25,24,-919.0,11,-919.0,242.0,1161.0,0.2084409991386735,919.0,0.1818181818181818,-83.54545454545455,129.0,4,48,3
train,3,53560,86986,86986,125287,3,10,334,4.5,8,25,24,355.0,5,355.0,484.0,129.0,3.751937984496124,129.0,0.8,71.0,129.0,1,48,3
test,3,53560,86986,86986,125287,3,10,334,4.5,8,25,24,-919.0,11,-919.0,242.0,1161.0,0.2084409991386735,919.0,0.1818181818181818,-83.54545454545455,129.0,4,49,3
train,3,53560,86986,86986,125287,3,10,334,4.5,8,25,24,355.0,5,355.0,484.0,129.0,3.751937984496124,129.0,0.8,71.0,129.0,1,49,3
test,3,53560,86986,86986,125287,3,10,334,4.5,8,25,24,-919.0,11,-919.0,242.0,1161.0,0.2084409991386735,919.0,0.1818181818181818,-83.54545454545455,129.0,4,50,3
train,3,53560,86986,86986,125287,3,10,334,4.5,8,25,24,355.0,5,355.0,484.0,129.0,3.751937984496124,129.0,0.8,71.0,129.0,1,50,3
test,3,53560,86986,86986,125287,3,10,334,4.5,8,25,24,-919.0,11,-919.0,242.0,1161.0,0.2084409991386735,919.0,0.1818181818181818,-83.54545454545455,129.0,4,51,3
train,3,53560,86986,86986,125287,3,10,334,4.5,8,25,24,355.0,5,355.0,484.0,129.0,3.751937984496124,129.0,0.8,71.0,129.0,1,51,3
test,3,53560,86986,86986,125287,3,10,334,4.5,8,25,24,-919.0,11,-919.0,242.0,1161.0,0.2084409991386735,919.0,0.1818181818181818,-83.54545454545455,129.0,4,52,3
train,3,53560,86986,86986,125287,3,10,334,4.5,8,25,24,355.0,5,355.0,484.0,129.0,3.751937984496124,129.0,0.8,71.0,129.0,1,52,3
test,3,53560,86986,86986,125287,3,10,334,4.5,8,25,24,-919.0,11,-919.0,242.0,1161.0,0.2084409991386735,919.0,0.1818181818181818,-83.54545454545455,129.0,4,53,3
train,3,53560,86986,86986,125287,3,10,334,4.5,8,25,24,355.0,5,355.0,484.0,129.0,3.751937984496124,129.0,0.8,71.0,129.0,1,53,3
test,3,53560,86986,86986,125287,3,10,334,4.5,8,25,24,-919.0,11,-919.0,242.0,1161.0,0.2084409991386735,919.0,0.1818181818181818,-83.54545454545455,129.0,4,54,3
train,3,53560,86986,86986,125287,3,10,334,4.5,8,25,24,355.0,5,355.0,484.0,129.0,3.751937984496124,129.0,0.8,71.0,129.0,1,54,3
test,3,53560,86986,86986,125287,3,10,334,4.5,8,25,24,-919.0,11,-919.0,242.0,1161.0,0.2084409991386735,919.0,0.1818181818181818,-83.54545454545455,129.0,4,55,3
train,3,53560,86986,86986,125287,3,10,334,4.5,8,25,24,355.0,5,355.0,484.0,129.0,3.751937984496124,129.0,0.8,71.0,129.0,1,55,3
test,3,53560,86986,86986,125287,3,10,334,4.5,8,25,24,-919.0,11,-919.0,242.0,1161.0,0.2084409991386735,919.0,0.1818181818181818,-83.54545454545455,129.0,4,56,3
train,3,53560,86986,86986,125287,3,10,334,4.5,8,25,24,355.0,5,355.0,484.0,129.0,3.751937984496124,129.0,0.8,71.0,129.0,1,56,3
test,3,53560,86986,86986,125287,3,10,334,4.5,8,25,24,-919.0,11,-919.0,242.0,1161.0,0.2084409991386735,919.0,0.1818181818181818,-83.54545454545455,129.0,4,57,3
train,3,53560,86986,86986,125287,3,10,334,4.5,8,25,24,355.0,5,355.0,484.0,129.0,3.751937984496124,129.0,0.8,71.0,129.0,1,57,3
test,3,53560,86986,86986,125287,3,10,334,4.5,8,25,24,-919.0,11,-919.0,242.0,1161.0,0.2084409991386735,919.0,0.1818181818181818,-83.54545454545455,129.0,4,58,3
train,3,53560,86986,86986,125287,3,10,334,4.5,8,25,24,355.0,5,355.0,484.0,129.0,3.751937984496124,129.0,0.8,71.0,129.0,1,58,3
test,3,53560,86986,86986,125287,3,10,334,4.5,8,25,24,-919.0,11,-919.0,242.0,1161.0,0.2084409991386735,919.0,0.1818181818181818,-83.54545454545455,129.0,4,59,3
train,3,53560,86986,86986,125287,3,10,334,4.5,8,25,24,355.0,5,355.0,484.0,129.0,3.751937984496124,129.0,0.8,71.0,129.0,1,59,3
test,3,53560,86986,86986,125287,3,10,334,4.5,8,25,24,-919.0,11,-919.0,242.0,1161.0,0.2084409991386735,919.0,0.1818181818181818,-83.54545454545455,129.0,4,60,3
train,3,53560,86986,86986,125287,3,10,334,4.5,8,25,24,355.0,5,355.0,484.0,129.0,3.751937984496124,129.0,0.8,71.0,129.0,1,60,3
test,3,53560,86986,86986,125287,3,10,334,4.5,8,25,24,-919.0,11,-919.0,242.0,1161.0,0.2084409991386735,919.0,0.1818181818181818,-83.54545454545455,129.0,4,61,3
train,3,53560,86986,86986,125287,3,10,334,4.5,8,25,24,355.0,5,355.0,484.0,129.0,3.751937984496124,129.0,0.8,71.0,129.0,1,61,3
test,3,53560,86986,86986,125287,3,10,334,4.5,8,25,24,-919.0,11,-919.0,242.0,1161.0,0.2084409991386735,919.0,0.1818181818181818,-83.54545454545455,129.0,4,62,3
train,3,53560,86986,86986,125287,3,10,334,4.5,8,25,24,355.0,5,355.0,484.0,129.0,3.751937984496124,129.0,0.8,71.0,129.0,1,62,3
test,3,53560,86986,86986,125287,3,10,334,4.5,8,25,24,-919.0,11,-919.0,242.0,1161.0,0.2084409991386735,919.0,0.1818181818181818,-83.54545454545455,129.0,4,63,3
train,3,53560,86986,86986,125287,3,10,334,4.5,8,25,24,355.0,5,355.0,484.0,129.0,3.751937984496124,129.0,0.8,71.0,129.0,1,63,3
test,3,53560,86986,86986,125287,3,10,334,4.5,8,25,24,-919.0,11,-919.0,242.0,1161.0,0.2084409991386735,919.0,0.1818181818181818,-83.54545454545455,129.0,4,64,3
train,3,53560,86986,86986,125287,3,10,334,4.5,8,25,24,355.0,5,355.0,484.0,129.0,3.751937984496124,129.0,0.8,71.0,129.0,1,64,3
test,3,53560,86986,86986,125287,3,10,334,4.5,8,25,24,-919.0,11,-919.0,242.0,1161.0,0.2084409991386735,919.0,0.1818181818181818,-83.54545454545455,129.0,4,65,3
train,3,53560,86986,86986,125287,3,10,334,4.5,8,25,24,355.0,5,355.0,484.0,129.0,3.751937984496124,129.0,0.8,71.0,129.0,1,65,3
test,3,53560,86986,86986,125287,3,10,334,4.5,8,25,24,-919.0,11,-919.0,242.0,1161.0,0.2084409991386735,919.0,0.1818181818181818,-83.54545454545455,129.0,4,66,3
train,3,53560,86986,86986,125287,3,10,334,4.5,8,25,24,355.0,5,355.0,484.0,129.0,3.751937984496124,129.0,0.8,71.0,129.0,1,66,3
test,3,53560,86986,86986,125287,3,10,334,4.5,8,25,24,-919.0,11,-919.0,242.0,1161.0,0.2084409991386735,919.0,0.1818181818181818,-83.54545454545455,129.0,4,67,3
train,3,53560,86986,86986,125287,3,10,334,4.5,8,25,24,355.0,5,355.0,484.0,129.0,3.751937984496124,129.0,0.8,71.0,129.0,1,67,3
test,3,53560,86986,86986,125287,3,10,334,4.5,8,25,24,-919.0,11,-919.0,242.0,1161.0,0.2084409991386735,919.0,0.1818181818181818,-83.54545454545455,129.0,4,68,3
train,3,53560,86986,86986,125287,3,10,334,4.5,8,25,24,355.0,5,355.0,484.0,129.0,3.751937984496124,129.0,0.8,71.0,129.0,1,68,3
test,3,53560,86986,86986,125287,3,10,334,4.5,8,25,24,-919.0,11,-919.0,242.0,1161.0,0.2084409991386735,919.0,0.1818181818181818,-83.54545454545455,129.0,4,69,3
train,3,53560,86986,86986,125287,3,10,334,4.5,8,25,24,355.0,5,355.0,484.0,129.0,3.751937984496124,129.0,0.8,71.0,129.0,1,69,3
test,3,53560,86986,86986,125287,3,10,334,4.5,8,25,24,-919.0,11,-919.0,242.0,1161.0,0.2084409991386735,919.0,0.1818181818181818,-83.54545454545455,129.0,4,70,3
train,3,53560,86986,86986,125287,3,10,334,4.5,8,25,24,355.0,5,355.0,484.0,129.0,3.751937984496124,129.0,0.8,71.0,129.0,1,70,3
test,3,53560,86986,86986,125287,3,10,334,4.5,8,25,24,-919.0,11,-919.0,242.0,1161.0,0.2084409991386735,919.0,0.1818181818181818,-83.54545454545455,129.0,4,71,3
train,3,53560,86986,86986,125287,3,10,334,4.5,8,25,24,355.0,5,355.0,484.0,129.0,3.751937984496124,129.0,0.8,71.0,129.0,1,71,3
test,3,53560,86986,86986,125287,3,10,334,4.5,8,25,24,-919.0,11,-919.0,242.0,1161.0,0.2084409991386735,919.0,0.1818181818181818,-83.54545454545455,129.0,4,72,3
train,3,53560,86986,86986,125287,3,10,334,4.5,8,25,24,355.0,5,355.0,484.0,129.0,3.751937984496124,129.0,0.8,71.0,129.0,1,72,3
test,3,53560,86986,86986,125287,3,10,334,4.5,8,25,24,-919.0,11,-919.0,242.0,1161.0,0.2084409991386735,919.0,0.1818181818181818,-83.54545454545455,129.0,4,73,3
train,3,53560,86986,86986,125287,3,10,334,4.5,8,25,24,355.0,5,355.0,484.0,129.0,3.751937984496124,129.0,0.8,71.0,129.0,1,73,3
test,3,53560,86986,86986,125287,3,10,334,4.5,8,25,24,-919.0,11,-919.0,242.0,1161.0,0.2084409991386735,919.0,0.1818181818181818,-83.54545454545455,129.0,4,74,3
train,3,53560,86986,86986,125287,3,10,334,4.5,8,25,24,355.0,5,355.0,484.0,129.0,3.751937984496124,129.0,0.8,71.0,129.0,1,74,3
test,3,53560,86986,86986,125287,3,10,334,4.5,8,25,24,-919.0,11,-919.0,242.0,1161.0,0.2084409991386735,919.0,0.1818181818181818,-83.54545454545455,129.0,4,75,3
train,3,53560,86986,86986,125287,3,10,334,4.5,8,25,24,355.0,5,355.0,484.0,129.0,3.751937984496124,129.0,0.8,71.0,129.0,1,75,3
test,3,53560,86986,86986,125287,3,10,334,4.5,8,25,24,-919.0,11,-919.0,242.0,1161.0,0.2084409991386735,919.0,0.1818181818181818,-83.54545454545455,129.0,4,76,3
train,3,53560,86986,86986,125287,3,10,334,4.5,8,25,24,355.0,5,355.0,484.0,129.0,3.751937984496124,129.0,0.8,71.0,129.0,1,76,3
test,3,53560,86986,86986,125287,3,10,334,4.5,8,25,24,-919.0,11,-919.0,242.0,1161.0,0.2084409991386735,919.0,0.1818181818181818,-83.54545454545455,129.0,4,77,3
train,3,53560,86986,86986,125287,3,10,334,4.5,8,25,24,355.0,5,355.0,484.0,129.0,3.751937984496124,129.0,0.8,71.0,129.0,1,77,3
test,3,53560,86986,86986,125287,3,10,334,4.5,8,25,24,-919.0,11,-919.0,242.0,1161.0,0.2084409991386735,919.0,0.1818181818181818,-83.54545454545455,129.0,4,78,3
train,3,53560,86986,86986,125287,3,10,334,4.5,8,25,24,355.0,5,355.0,484.0,129.0,3.751937984496124,129.0,0.8,71.0,129.0,1,78,3
test,3,53560,86986,86986,125287,3,10,334,4.5,8,25,24,-919.0,11,-919.0,242.0,1161.0,0.2084409991386735,919.0,0.1818181818181818,-83.54545454545455,129.0,4,79,3
train,3,53560,86986,86986,125287,3,10,334,4.5,8,25,24,355.0,5,355.0,484.0,129.0,3.751937984496124,129.0,0.8,71.0,129.0,1,79,3
test,3,53560,86986,86986,125287,3,10,334,4.5,8,25,24,-919.0,11,-919.0,242.0,1161.0,0.2084409991386735,919.0,0.1818181818181818,-83.54545454545455,129.0,4,80,3
train,3,53560,86986,86986,125287,3,10,334,4.5,8,25,24,355.0,5,355.0,484.0,129.0,3.751937984496124,129.0,0.8,71.0,129.0,1,80,3
test,3,53560,86986,86986,125287,3,10,334,4.5,8,25,24,-919.0,11,-919.0,242.0,1161.0,0.2084409991386735,919.0,0.1818181818181818,-83.54545454545455,129.0,4,81,3
train,3,53560,86986,86986,125287,3,10,334,4.5,8,25,24,355.0,5,355.0,484.0,129.0,3.751937984496124,129.0,0.8,71.0,129.0,1,81,3
test,3,53560,86986,86986,125287,3,10,334,4.5,8,25,24,-919.0,11,-919.0,242.0,1161.0,0.2084409991386735,919.0,0.1818181818181818,-83.54545454545455,129.0,4,82,3
train,3,53560,86986,86986,125287,3,10,334,4.5,8,25,24,355.0,5,355.0,484.0,129.0,3.751937984496124,129.0,0.8,71.0,129.0,1,82,3
test,3,53560,86986,86986,125287,3,10,334,4.5,8,25,24,-919.0,11,-919.0,242.0,1161.0,0.2084409991386735,919.0,0.1818181818181818,-83.54545454545455,129.0,4,83,3
train,3,53560,86986,86986,125287,3,10,334,4.5,8,25,24,355.0,5,355.0,484.0,129.0,3.751937984496124,129.0,0.8,71.0,129.0,1,83,3
test,3,53560,86986,86986,125287,3,10,334,4.5,8,25,24,-919.0,11,-919.0,242.0,1161.0,0.2084409991386735,919.0,0.1818181818181818,-83.54545454545455,129.0,4,84,3
train,3,53560,86986,86986,125287,3,10,334,4.5,8,25,24,355.0,5,355.0,484.0,129.0,3.751937984496124,129.0,0.8,71.0,129.0,1,84,3
test,3,53560,86986,86986,125287,3,10,334,4.5,8,25,24,-919.0,11,-919.0,242.0,1161.0,0.2084409991386735,919.0,0.1818181818181818,-83.54545454545455,129.0,4,85,3
train,3,53560,86986,86986,125287,3,10,334,4.5,8,25,24,355.0,5,355.0,484.0,129.0,3.751937984496124,129.0,0.8,71.0,129.0,1,85,3
test,3,53560,86986,86986,125287,3,10,334,4.5,8,25,24,-919.0,11,-919.0,242.0,1161.0,0.2084409991386735,919.0,0.1818181818181818,-83.54545454545455,129.0,4,86,3
train,3,53560,86986,86986,125287,3,10,334,4.5,8,25,24,355.0,5,355.0,484.0,129.0,3.751937984496124,129.0,0.8,71.0,129.0,1,86,3
test,3,53560,86986,86986,125287,3,10,334,4.5,8,25,24,-919.0,11,-919.0,242.0,1161.0,0.2084409991386735,919.0,0.1818181818181818,-83.54545454545455,129.0,4,87,3
train,3,53560,86986,86986,125287,3,10,334,4.5,8,25,24,355.0,5,355.0,484.0,129.0,3.751937984496124,129.0,0.8,71.0,129.0,1,87,3
test,3,53560,86986,86986,125287,3,10,334,4.5,8,25,24,-919.0,11,-919.0,242.0,1161.0,0.2084409991386735,919.0,0.1818181818181818,-83.54545454545455,129.0,4,88,3
train,3,53560,86986,86986,125287,3,10,334,4.5,8,25,24,355.0,5,355.0,484.0,129.0,3.751937984496124,129.0,0.8,71.0,129.0,1,88,3
test,3,53560,86986,86986,125287,3,10,334,4.5,8,25,24,-919.0,11,-919.0,242.0,1161.0,0.2084409991386735,919.0,0.1818181818181818,-83.54545454545455,129.0,4,89,3
train,3,53560,86986,86986,125287,3,10,334,4.5,8,25,24,355.0,5,355.0,484.0,129.0,3.751937984496124,129.0,0.8,71.0,129.0,1,89,3
test,3,53560,86986,86986,125287,3,10,334,4.5,8,25,24,-919.0,11,-919.0,242.0,1161.0,0.2084409991386735,919.0,0.1818181818181818,-83.54545454545455,129.0,4,90,3
train,3,53560,86986,86986,125287,3,10,334,4.5,8,25,24,355.0,5,355.0,484.0,129.0,3.751937984496124,129.0,0.8,71.0,129.0,1,90,3
test,3,53560,86986,86986,125287,3,10,334,4.5,8,25,24,-919.0,11,-919.0,242.0,1161.0,0.2084409991386735,919.0,0.1818181818181818,-83.54545454545455,129.0,4,91,3
train,3,53560,86986,86986,125287,3,10,334,4.5,8,25,24,355.0,5,355.0,484.0,129.0,3.751937984496124,129.0,0.8,71.0,129.0,1,91,3
test,3,53560,86986,86986,125287,3,10,334,4.5,8,25,24,-919.0,11,-919.0,242.0,1161.0,0.2084409991386735,919.0,0.1818181818181818,-83.54545454545455,129.0,4,92,3
train,3,53560,86986,86986,125287,3,10,334,4.5,8,25,24,355.0,5,355.0,484.0,129.0,3.751937984496124,129.0,0.8,71.0,129.0,1,92,3
test,3,53560,86986,86986,125287,3,10,334,4.5,8,25,24,-919.0,11,-919.0,242.0,1161.0,0.2084409991386735,919.0,0.1818181818181818,-83.54545454545455,129.0,4,93,3
train,3,53560,86986,86986,125287,3,10,334,4.5,8,25,24,355.0,5,355.0,484.0,129.0,3.751937984496124,129.0,0.8,71.0,129.0,1,93,3
test,3,53560,86986,86986,125287,3,10,334,4.5,8,25,24,-919.0,11,-919.0,242.0,1161.0,0.2084409991386735,919.0,0.1818181818181818,-83.54545454545455,129.0,4,94,3
train,3,53560,86986,86986,125287,3,10,334,4.5,8,25,24,355.0,5,355.0,484.0,129.0,3.751937984496124,129.0,0.8,71.0,129.0,1,94,3
test,3,53560,86986,86986,125287,3,10,334,4.5,8,25,24,-919.0,11,-919.0,242.0,1161.0,0.2084409991386735,919.0,0.1818181818181818,-83.54545454545455,129.0,4,95,3
train,3,53560,86986,86986,125287,3,10,334,4.5,8,25,24,355.0,5,355.0,484.0,129.0,3.751937984496124,129.0,0.8,71.0,129.0,1,95,3
test,3,53560,86986,86986,125287,3,10,334,4.5,8,25,24,-919.0,11,-919.0,242.0,1161.0,0.2084409991386735,919.0,0.1818181818181818,-83.54545454545455,129.0,4,96,3
train,3,53560,86986,86986,125287,3,10,334,4.5,8,25,24,355.0,5,355.0,484.0,129.0,3.751937984496124,129.0,0.8,71.0,129.0,1,96,3
test,3,53560,86986,86986,125287,3,10,334,4.5,8,25,24,-919.0,11,-919.0,242.0,1161.0,0.2084409991386735,919.0,0.1818181818181818,-83.54545454545455,129.0,4,97,3
train,3,53560,86986,86986,125287,3,10,334,4.5,8,25,24,355.0,5,355.0,484.0,129.0,3.751937984496124,129.0,0.8,71.0,129.0,1,97,3
test,3,53560,86986,86986,125287,3,10,334,4.5,8,25,24,-919.0,11,-919.0,242.0,1161.0,0.2084409991386735,919.0,0.1818181818181818,-83.54545454545455,129.0,4,98,3
train,3,53560,86986,86986,125287,3,10,334,4.5,8,25,24,355.0,5,355.0,484.0,129.0,3.751937984496124,129.0,0.8,71.0,129.0,1,98,3
test,3,53560,86986,86986,125287,3,10,334,4.5,8,25,24,-919.0,11,-919.0,242.0,1161.0,0.2084409991386735,919.0,0.1818181818181818,-83.54545454545455,129.0,4,99,3
train,3,53560,86986,86986,125287,3,10,334,4.5,8,25,24,355.0,5,355.0,484.0,129.0,3.751937984496124,129.0,0.8,71.0,129.0,1,99,3
test,3,53560,86986,86986,125287,3,10,334,4.5,8,25,24,-919.0,11,-919.0,242.0,1161.0,0.2084409991386735,919.0,0.1818181818181818,-83.54545454545455,129.0,4,100,3
train,3,53560,86986,86986,125287,3,10,334,4.5,8,25,24,355.0,5,355.0,484.0,129.0,3.751937984496124,129.0,0.8,71.0,129.0,1,100,3
test,4,86986,125287,125287,130699,0,12,1299,9.5,3,18,2,-1000.0,0,0.0,0.0,0.0,inf,0.0,0.0,0.0,0.0,0,0,0
train,4,86986,125287,125287,130699,0,12,1299,9.5,3,18,2,278.0,13,278.0,430.0,152.0,2.8289473684210527,76.0,0.3846153846153846,21.384615384615383,19.0,4,0,0
test,4,86986,125287,125287,130699,1,6,3165,7.75,6,14,2,-1000.0,0,0.0,0.0,0.0,inf,0.0,0.0,0.0,0.0,0,1,1
train,4,86986,125287,125287,130699,1,6,3165,7.75,6,14,2,300.0,20,300.0,528.0,228.0,2.3157894736842106,95.0,0.4,15.0,19.0,5,1,1
test,4,86986,125287,125287,130699,1,6,3165,7.75,6,14,2,-1000.0,0,0.0,0.0,0.0,inf,0.0,0.0,0.0,0.0,0,2,1
train,4,86986,125287,125287,130699,1,6,3165,7.75,6,14,2,300.0,20,300.0,528.0,228.0,2.3157894736842106,95.0,0.4,15.0,19.0,5,2,1
test,4,86986,125287,125287,130699,3,12,2322,4.25,7,15,2,-1000.0,0,0.0,0.0,0.0,inf,0.0,0.0,0.0,0.0,0,3,3
train,4,86986,125287,125287,130699,3,12,2322,4.25,7,15,2,364.0,14,364.0,497.0,133.0,3.736842105263158,76.0,0.5,26.0,19.0,4,3,3
test,4,86986,125287,125287,130699,3,12,2322,4.25,7,15,2,-1000.0,0,0.0,0.0,0.0,inf,0.0,0.0,0.0,0.0,0,4,3
train,4,86986,125287,125287,130699,3,12,2322,4.25,7,15,2,364.0,14,364.0,497.0,133.0,3.736842105263158,76.0,0.5,26.0,19.0,4,4,3
test,4,86986,125287,125287,130699,5,11,3747,4.75,8,23,2,-1000.0,0,0.0,0.0,0.0,inf,0.0,0.0,0.0,0.0,0,5,5
train,4,86986,125287,125287,130699,5,11,3747,4.75,8,23,2,365.0,15,365.0,555.0,190.0,2.921052631578948,95.0,0.3333333333333333,24.33333333333333,19.0,5,5,5
test,4,86986,125287,125287,130699,6,11,3165,4.25,7,25,2,-1000.0,0,0.0,0.0,0.0,inf,0.0,0.0,0.0,0.0,0,6,6
train,4,86986,125287,125287,130699,6,11,3165,4.25,7,25,2,377.0,17,377.0,605.0,228.0,2.6535087719298245,114.0,0.2941176470588235,22.176470588235293,19.0,6,6,6
test,4,86986,125287,125287,130699,7,10,1518,7.75,5,26,2,-19.0,1,-19.0,0.0,19.0,0.0,19.0,0.0,-19.0,19.0,1,7,7
train,4,86986,125287,125287,130699,7,10,1518,7.75,5,26,2,383.0,18,383.0,630.0,247.0,2.5506072874493926,133.0,0.2777777777777778,21.27777777777778,19.0,7,7,7
test,4,86986,125287,125287,130699,8,11,3724,4.25,8,24,2,-1000.0,0,0.0,0.0,0.0,inf,0.0,0.0,0.0,0.0,0,8,8
train,4,86986,125287,125287,130699,8,11,3724,4.25,8,24,2,390.0,15,390.0,580.0,190.0,3.0526315789473686,95.0,0.3333333333333333,26.0,19.0,5,8,8
test,4,86986,125287,125287,130699,9,11,3863,7.75,5,25,2,-1000.0,0,0.0,0.0,0.0,inf,0.0,0.0,0.0,0.0,0,9,9
train,4,86986,125287,125287,130699,9,11,3863,7.75,5,25,2,434.0,14,434.0,605.0,171.0,3.538011695906433,76.0,0.3571428571428571,31.0,19.0,4,9,9
test,4,86986,125287,125287,130699,9,11,3863,7.75,5,25,2,-1000.0,0,0.0,0.0,0.0,inf,0.0,0.0,0.0,0.0,0,10,9
train,4,86986,125287,125287,130699,9,11,3863,7.75,5,25,2,434.0,14,434.0,605.0,171.0,3.538011695906433,76.0,0.3571428571428571,31.0,19.0,4,10,9
test,4,86986,125287,125287,130699,9,11,3863,7.75,5,25,2,-1000.0,0,0.0,0.0,0.0,inf,0.0,0.0,0.0,0.0,0,11,9
train,4,86986,125287,125287,130699,9,11,3863,7.75,5,25,2,434.0,14,434.0,605.0,171.0,3.538011695906433,76.0,0.3571428571428571,31.0,19.0,4,11,9
test,4,86986,125287,125287,130699,9,11,3863,7.75,5,25,2,-1000.0,0,0.0,0.0,0.0,inf,0.0,0.0,0.0,0.0,0,12,9
train,4,86986,125287,125287,130699,9,11,3863,7.75,5,25,2,434.0,14,434.0,605.0,171.0,3.538011695906433,76.0,0.3571428571428571,31.0,19.0,4,12,9
test,4,86986,125287,125287,130699,9,11,3863,7.75,5,25,2,-1000.0,0,0.0,0.0,0.0,inf,0.0,0.0,0.0,0.0,0,13,9
train,4,86986,125287,125287,130699,9,11,3863,7.75,5,25,2,434.0,14,434.0,605.0,171.0,3.538011695906433,76.0,0.3571428571428571,31.0,19.0,4,13,9
test,4,86986,125287,125287,130699,9,11,3863,7.75,5,25,2,-1000.0,0,0.0,0.0,0.0,inf,0.0,0.0,0.0,0.0,0,14,9
train,4,86986,125287,125287,130699,9,11,3863,7.75,5,25,2,434.0,14,434.0,605.0,171.0,3.538011695906433,76.0,0.3571428571428571,31.0,19.0,4,14,9
test,4,86986,125287,125287,130699,9,11,3863,7.75,5,25,2,-1000.0,0,0.0,0.0,0.0,inf,0.0,0.0,0.0,0.0,0,15,9
train,4,86986,125287,125287,130699,9,11,3863,7.75,5,25,2,434.0,14,434.0,605.0,171.0,3.538011695906433,76.0,0.3571428571428571,31.0,19.0,4,15,9
test,4,86986,125287,125287,130699,9,11,3863,7.75,5,25,2,-1000.0,0,0.0,0.0,0.0,inf,0.0,0.0,0.0,0.0,0,16,9
train,4,86986,125287,125287,130699,9,11,3863,7.75,5,25,2,434.0,14,434.0,605.0,171.0,3.538011695906433,76.0,0.3571428571428571,31.0,19.0,4,16,9
test,4,86986,125287,125287,130699,9,11,3863,7.75,5,25,2,-1000.0,0,0.0,0.0,0.0,inf,0.0,0.0,0.0,0.0,0,17,9
train,4,86986,125287,125287,130699,9,11,3863,7.75,5,25,2,434.0,14,434.0,605.0,171.0,3.538011695906433,76.0,0.3571428571428571,31.0,19.0,4,17,9
test,4,86986,125287,125287,130699,9,11,3863,7.75,5,25,2,-1000.0,0,0.0,0.0,0.0,inf,0.0,0.0,0.0,0.0,0,18,9
train,4,86986,125287,125287,130699,9,11,3863,7.75,5,25,2,434.0,14,434.0,605.0,171.0,3.538011695906433,76.0,0.3571428571428571,31.0,19.0,4,18,9
test,4,86986,125287,125287,130699,9,11,3863,7.75,5,25,2,-1000.0,0,0.0,0.0,0.0,inf,0.0,0.0,0.0,0.0,0,19,9
train,4,86986,125287,125287,130699,9,11,3863,7.75,5,25,2,434.0,14,434.0,605.0,171.0,3.538011695906433,76.0,0.3571428571428571,31.0,19.0,4,19,9
test,4,86986,125287,125287,130699,9,11,3863,7.75,5,25,2,-1000.0,0,0.0,0.0,0.0,inf,0.0,0.0,0.0,0.0,0,20,9
train,4,86986,125287,125287,130699,9,11,3863,7.75,5,25,2,434.0,14,434.0,605.0,171.0,3.538011695906433,76.0,0.3571428571428571,31.0,19.0,4,20,9
test,4,86986,125287,125287,130699,9,11,3863,7.75,5,25,2,-1000.0,0,0.0,0.0,0.0,inf,0.0,0.0,0.0,0.0,0,21,9
train,4,86986,125287,125287,130699,9,11,3863,7.75,5,25,2,434.0,14,434.0,605.0,171.0,3.538011695906433,76.0,0.3571428571428571,31.0,19.0,4,21,9
test,4,86986,125287,125287,130699,9,11,3863,7.75,5,25,2,-1000.0,0,0.0,0.0,0.0,inf,0.0,0.0,0.0,0.0,0,22,9
train,4,86986,125287,125287,130699,9,11,3863,7.75,5,25,2,434.0,14,434.0,605.0,171.0,3.538011695906433,76.0,0.3571428571428571,31.0,19.0,4,22,9
test,4,86986,125287,125287,130699,9,11,3863,7.75,5,25,2,-1000.0,0,0.0,0.0,0.0,inf,0.0,0.0,0.0,0.0,0,23,9
train,4,86986,125287,125287,130699,9,11,3863,7.75,5,25,2,434.0,14,434.0,605.0,171.0,3.538011695906433,76.0,0.3571428571428571,31.0,19.0,4,23,9
test,4,86986,125287,125287,130699,9,11,3863,7.75,5,25,2,-1000.0,0,0.0,0.0,0.0,inf,0.0,0.0,0.0,0.0,0,24,9
train,4,86986,125287,125287,130699,9,11,3863,7.75,5,25,2,434.0,14,434.0,605.0,171.0,3.538011695906433,76.0,0.3571428571428571,31.0,19.0,4,24,9
test,4,86986,125287,125287,130699,9,11,3863,7.75,5,25,2,-1000.0,0,0.0,0.0,0.0,inf,0.0,0.0,0.0,0.0,0,25,9
train,4,86986,125287,125287,130699,9,11,3863,7.75,5,25,2,434.0,14,434.0,605.0,171.0,3.538011695906433,76.0,0.3571428571428571,31.0,19.0,4,25,9
test,4,86986,125287,125287,130699,9,11,3863,7.75,5,25,2,-1000.0,0,0.0,0.0,0.0,inf,0.0,0.0,0.0,0.0,0,26,9
train,4,86986,125287,125287,130699,9,11,3863,7.75,5,25,2,434.0,14,434.0,605.0,171.0,3.538011695906433,76.0,0.3571428571428571,31.0,19.0,4,26,9
test,4,86986,125287,125287,130699,9,11,3863,7.75,5,25,2,-1000.0,0,0.0,0.0,0.0,inf,0.0,0.0,0.0,0.0,0,27,9
train,4,86986,125287,125287,130699,9,11,3863,7.75,5,25,2,434.0,14,434.0,605.0,171.0,3.538011695906433,76.0,0.3571428571428571,31.0,19.0,4,27,9
test,4,86986,125287,125287,130699,9,11,3863,7.75,5,25,2,-1000.0,0,0.0,0.0,0.0,inf,0.0,0.0,0.0,0.0,0,28,9
train,4,86986,125287,125287,130699,9,11,3863,7.75,5,25,2,434.0,14,434.0,605.0,171.0,3.538011695906433,76.0,0.3571428571428571,31.0,19.0,4,28,9
test,4,86986,125287,125287,130699,9,11,3863,7.75,5,25,2,-1000.0,0,0.0,0.0,0.0,inf,0.0,0.0,0.0,0.0,0,29,9
train,4,86986,125287,125287,130699,9,11,3863,7.75,5,25,2,434.0,14,434.0,605.0,171.0,3.538011695906433,76.0,0.3571428571428571,31.0,19.0,4,29,9
test,4,86986,125287,125287,130699,9,11,3863,7.75,5,25,2,-1000.0,0,0.0,0.0,0.0,inf,0.0,0.0,0.0,0.0,0,30,9
train,4,86986,125287,125287,130699,9,11,3863,7.75,5,25,2,434.0,14,434.0,605.0,171.0,3.538011695906433,76.0,0.3571428571428571,31.0,19.0,4,30,9
test,4,86986,125287,125287,130699,9,11,3863,7.75,5,25,2,-1000.0,0,0.0,0.0,0.0,inf,0.0,0.0,0.0,0.0,0,31,9
train,4,86986,125287,125287,130699,9,11,3863,7.75,5,25,2,434.0,14,434.0,605.0,171.0,3.538011695906433,76.0,0.3571428571428571,31.0,19.0,4,31,9
test,4,86986,125287,125287,130699,9,11,3863,7.75,5,25,2,-1000.0,0,0.0,0.0,0.0,inf,0.0,0.0,0.0,0.0,0,32,9
train,4,86986,125287,125287,130699,9,11,3863,7.75,5,25,2,434.0,14,434.0,605.0,171.0,3.538011695906433,76.0,0.3571428571428571,31.0,19.0,4,32,9
test,4,86986,125287,125287,130699,9,11,3863,7.75,5,25,2,-1000.0,0,0.0,0.0,0.0,inf,0.0,0.0,0.0,0.0,0,33,9
train,4,86986,125287,125287,130699,9,11,3863,7.75,5,25,2,434.0,14,434.0,605.0,171.0,3.538011695906433,76.0,0.3571428571428571,31.0,19.0,4,33,9
test,4,86986,125287,125287,130699,9,11,3863,7.75,5,25,2,-1000.0,0,0.0,0.0,0.0,inf,0.0,0.0,0.0,0.0,0,34,9
train,4,86986,125287,125287,130699,9,11,3863,7.75,5,25,2,434.0,14,434.0,605.0,171.0,3.538011695906433,76.0,0.3571428571428571,31.0,19.0,4,34,9
test,4,86986,125287,125287,130699,9,11,3863,7.75,5,25,2,-1000.0,0,0.0,0.0,0.0,inf,0.0,0.0,0.0,0.0,0,35,9
train,4,86986,125287,125287,130699,9,11,3863,7.75,5,25,2,434.0,14,434.0,605.0,171.0,3.538011695906433,76.0,0.3571428571428571,31.0,19.0,4,35,9
test,4,86986,125287,125287,130699,9,11,3863,7.75,5,25,2,-1000.0,0,0.0,0.0,0.0,inf,0.0,0.0,0.0,0.0,0,36,9
train,4,86986,125287,125287,130699,9,11,3863,7.75,5,25,2,434.0,14,434.0,605.0,171.0,3.538011695906433,76.0,0.3571428571428571,31.0,19.0,4,36,9
test,4,86986,125287,125287,130699,9,11,3863,7.75,5,25,2,-1000.0,0,0.0,0.0,0.0,inf,0.0,0.0,0.0,0.0,0,37,9
train,4,86986,125287,125287,130699,9,11,3863,7.75,5,25,2,434.0,14,434.0,605.0,171.0,3.538011695906433,76.0,0.3571428571428571,31.0,19.0,4,37,9
test,4,86986,125287,125287,130699,9,11,3863,7.75,5,25,2,-1000.0,0,0.0,0.0,0.0,inf,0.0,0.0,0.0,0.0,0,38,9
train,4,86986,125287,125287,130699,9,11,3863,7.75,5,25,2,434.0,14,434.0,605.0,171.0,3.538011695906433,76.0,0.3571428571428571,31.0,19.0,4,38,9
test,4,86986,125287,125287,130699,9,11,3863,7.75,5,25,2,-1000.0,0,0.0,0.0,0.0,inf,0.0,0.0,0.0,0.0,0,39,9
train,4,86986,125287,125287,130699,9,11,3863,7.75,5,25,2,434.0,14,434.0,605.0,171.0,3.538011695906433,76.0,0.3571428571428571,31.0,19.0,4,39,9
test,4,86986,125287,125287,130699,9,11,3863,7.75,5,25,2,-1000.0,0,0.0,0.0,0.0,inf,0.0,0.0,0.0,0.0,0,40,9
train,4,86986,125287,125287,130699,9,11,3863,7.75,5,25,2,434.0,14,434.0,605.0,171.0,3.538011695906433,76.0,0.3571428571428571,31.0,19.0,4,40,9
test,4,86986,125287,125287,130699,9,11,3863,7.75,5,25,2,-1000.0,0,0.0,0.0,0.0,inf,0.0,0.0,0.0,0.0,0,41,9
train,4,86986,125287,125287,130699,9,11,3863,7.75,5,25,2,434.0,14,434.0,605.0,171.0,3.538011695906433,76.0,0.3571428571428571,31.0,19.0,4,41,9
test,4,86986,125287,125287,130699,9,11,3863,7.75,5,25,2,-1000.0,0,0.0,0.0,0.0,inf,0.0,0.0,0.0,0.0,0,42,9
train,4,86986,125287,125287,130699,9,11,3863,7.75,5,25,2,434.0,14,434.0,605.0,171.0,3.538011695906433,76.0,0.3571428571428571,31.0,19.0,4,42,9
test,4,86986,125287,125287,130699,9,11,3863,7.75,5,25,2,-1000.0,0,0.0,0.0,0.0,inf,0.0,0.0,0.0,0.0,0,43,9
train,4,86986,125287,125287,130699,9,11,3863,7.75,5,25,2,434.0,14,434.0,605.0,171.0,3.538011695906433,76.0,0.3571428571428571,31.0,19.0,4,43,9
test,4,86986,125287,125287,130699,9,11,3863,7.75,5,25,2,-1000.0,0,0.0,0.0,0.0,inf,0.0,0.0,0.0,0.0,0,44,9
train,4,86986,125287,125287,130699,9,11,3863,7.75,5,25,2,434.0,14,434.0,605.0,171.0,3.538011695906433,76.0,0.3571428571428571,31.0,19.0,4,44,9
test,4,86986,125287,125287,130699,9,11,3863,7.75,5,25,2,-1000.0,0,0.0,0.0,0.0,inf,0.0,0.0,0.0,0.0,0,45,9
train,4,86986,125287,125287,130699,9,11,3863,7.75,5,25,2,434.0,14,434.0,605.0,171.0,3.538011695906433,76.0,0.3571428571428571,31.0,19.0,4,45,9
test,4,86986,125287,125287,130699,9,11,3863,7.75,5,25,2,-1000.0,0,0.0,0.0,0.0,inf,0.0,0.0,0.0,0.0,0,46,9
train,4,86986,125287,125287,130699,9,11,3863,7.75,5,25,2,434.0,14,434.0,605.0,171.0,3.538011695906433,76.0,0.3571428571428571,31.0,19.0,4,46,9
test,4,86986,125287,125287,130699,9,11,3863,7.75,5,25,2,-1000.0,0,0.0,0.0,0.0,inf,0.0,0.0,0.0,0.0,0,47,9
train,4,86986,125287,125287,130699,9,11,3863,7.75,5,25,2,434.0,14,434.0,605.0,171.0,3.538011695906433,76.0,0.3571428571428571,31.0,19.0,4,47,9
test,4,86986,125287,125287,130699,9,11,3863,7.75,5,25,2,-1000.0,0,0.0,0.0,0.0,inf,0.0,0.0,0.0,0.0,0,48,9
train,4,86986,125287,125287,130699,9,11,3863,7.75,5,25,2,434.0,14,434.0,605.0,171.0,3.538011695906433,76.0,0.3571428571428571,31.0,19.0,4,48,9
test,4,86986,125287,125287,130699,9,11,3863,7.75,5,25,2,-1000.0,0,0.0,0.0,0.0,inf,0.0,0.0,0.0,0.0,0,49,9
train,4,86986,125287,125287,130699,9,11,3863,7.75,5,25,2,434.0,14,434.0,605.0,171.0,3.538011695906433,76.0,0.3571428571428571,31.0,19.0,4,49,9
test,4,86986,125287,125287,130699,9,11,3863,7.75,5,25,2,-1000.0,0,0.0,0.0,0.0,inf,0.0,0.0,0.0,0.0,0,50,9
train,4,86986,125287,125287,130699,9,11,3863,7.75,5,25,2,434.0,14,434.0,605.0,171.0,3.538011695906433,76.0,0.3571428571428571,31.0,19.0,4,50,9
test,4,86986,125287,125287,130699,9,11,3863,7.75,5,25,2,-1000.0,0,0.0,0.0,0.0,inf,0.0,0.0,0.0,0.0,0,51,9
train,4,86986,125287,125287,130699,9,11,3863,7.75,5,25,2,434.0,14,434.0,605.0,171.0,3.538011695906433,76.0,0.3571428571428571,31.0,19.0,4,51,9
test,4,86986,125287,125287,130699,9,11,3863,7.75,5,25,2,-1000.0,0,0.0,0.0,0.0,inf,0.0,0.0,0.0,0.0,0,52,9
train,4,86986,125287,125287,130699,9,11,3863,7.75,5,25,2,434.0,14,434.0,605.0,171.0,3.538011695906433,76.0,0.3571428571428571,31.0,19.0,4,52,9
test,4,86986,125287,125287,130699,9,11,3863,7.75,5,25,2,-1000.0,0,0.0,0.0,0.0,inf,0.0,0.0,0.0,0.0,0,53,9
train,4,86986,125287,125287,130699,9,11,3863,7.75,5,25,2,434.0,14,434.0,605.0,171.0,3.538011695906433,76.0,0.3571428571428571,31.0,19.0,4,53,9
test,4,86986,125287,125287,130699,9,11,3863,7.75,5,25,2,-1000.0,0,0.0,0.0,0.0,inf,0.0,0.0,0.0,0.0,0,54,9
train,4,86986,125287,125287,130699,9,11,3863,7.75,5,25,2,434.0,14,434.0,605.0,171.0,3.538011695906433,76.0,0.3571428571428571,31.0,19.0,4,54,9
test,4,86986,125287,125287,130699,9,11,3863,7.75,5,25,2,-1000.0,0,0.0,0.0,0.0,inf,0.0,0.0,0.0,0.0,0,55,9
train,4,86986,125287,125287,130699,9,11,3863,7.75,5,25,2,434.0,14,434.0,605.0,171.0,3.538011695906433,76.0,0.3571428571428571,31.0,19.0,4,55,9
test,4,86986,125287,125287,130699,9,11,3863,7.75,5,25,2,-1000.0,0,0.0,0.0,0.0,inf,0.0,0.0,0.0,0.0,0,56,9
train,4,86986,125287,125287,130699,9,11,3863,7.75,5,25,2,434.0,14,434.0,605.0,171.0,3.538011695906433,76.0,0.3571428571428571,31.0,19.0,4,56,9
test,4,86986,125287,125287,130699,9,11,3863,7.75,5,25,2,-1000.0,0,0.0,0.0,0.0,inf,0.0,0.0,0.0,0.0,0,57,9
train,4,86986,125287,125287,130699,9,11,3863,7.75,5,25,2,434.0,14,434.0,605.0,171.0,3.538011695906433,76.0,0.3571428571428571,31.0,19.0,4,57,9
test,4,86986,125287,125287,130699,9,11,3863,7.75,5,25,2,-1000.0,0,0.0,0.0,0.0,inf,0.0,0.0,0.0,0.0,0,58,9
train,4,86986,125287,125287,130699,9,11,3863,7.75,5,25,2,434.0,14,434.0,605.0,171.0,3.538011695906433,76.0,0.3571428571428571,31.0,19.0,4,58,9
test,4,86986,125287,125287,130699,9,11,3863,7.75,5,25,2,-1000.0,0,0.0,0.0,0.0,inf,0.0,0.0,0.0,0.0,0,59,9
train,4,86986,125287,125287,130699,9,11,3863,7.75,5,25,2,434.0,14,434.0,605.0,171.0,3.538011695906433,76.0,0.3571428571428571,31.0,19.0,4,59,9
test,4,86986,125287,125287,130699,9,11,3863,7.75,5,25,2,-1000.0,0,0.0,0.0,0.0,inf,0.0,0.0,0.0,0.0,0,60,9
train,4,86986,125287,125287,130699,9,11,3863,7.75,5,25,2,434.0,14,434.0,605.0,171.0,3.538011695906433,76.0,0.3571428571428571,31.0,19.0,4,60,9
test,4,86986,125287,125287,130699,9,11,3863,7.75,5,25,2,-1000.0,0,0.0,0.0,0.0,inf,0.0,0.0,0.0,0.0,0,61,9
train,4,86986,125287,125287,130699,9,11,3863,7.75,5,25,2,434.0,14,434.0,605.0,171.0,3.538011695906433,76.0,0.3571428571428571,31.0,19.0,4,61,9
test,4,86986,125287,125287,130699,9,11,3863,7.75,5,25,2,-1000.0,0,0.0,0.0,0.0,inf,0.0,0.0,0.0,0.0,0,62,9
train,4,86986,125287,125287,130699,9,11,3863,7.75,5,25,2,434.0,14,434.0,605.0,171.0,3.538011695906433,76.0,0.3571428571428571,31.0,19.0,4,62,9
test,4,86986,125287,125287,130699,9,11,3863,7.75,5,25,2,-1000.0,0,0.0,0.0,0.0,inf,0.0,0.0,0.0,0.0,0,63,9
train,4,86986,125287,125287,130699,9,11,3863,7.75,5,25,2,434.0,14,434.0,605.0,171.0,3.538011695906433,76.0,0.3571428571428571,31.0,19.0,4,63,9
test,4,86986,125287,125287,130699,9,11,3863,7.75,5,25,2,-1000.0,0,0.0,0.0,0.0,inf,0.0,0.0,0.0,0.0,0,64,9
train,4,86986,125287,125287,130699,9,11,3863,7.75,5,25,2,434.0,14,434.0,605.0,171.0,3.538011695906433,76.0,0.3571428571428571,31.0,19.0,4,64,9
test,4,86986,125287,125287,130699,9,11,3863,7.75,5,25,2,-1000.0,0,0.0,0.0,0.0,inf,0.0,0.0,0.0,0.0,0,65,9
train,4,86986,125287,125287,130699,9,11,3863,7.75,5,25,2,434.0,14,434.0,605.0,171.0,3.538011695906433,76.0,0.3571428571428571,31.0,19.0,4,65,9
test,4,86986,125287,125287,130699,9,11,3863,7.75,5,25,2,-1000.0,0,0.0,0.0,0.0,inf,0.0,0.0,0.0,0.0,0,66,9
train,4,86986,125287,125287,130699,9,11,3863,7.75,5,25,2,434.0,14,434.0,605.0,171.0,3.538011695906433,76.0,0.3571428571428571,31.0,19.0,4,66,9
test,4,86986,125287,125287,130699,9,11,3863,7.75,5,25,2,-1000.0,0,0.0,0.0,0.0,inf,0.0,0.0,0.0,0.0,0,67,9
train,4,86986,125287,125287,130699,9,11,3863,7.75,5,25,2,434.0,14,434.0,605.0,171.0,3.538011695906433,76.0,0.3571428571428571,31.0,19.0,4,67,9
test,4,86986,125287,125287,130699,9,11,3863,7.75,5,25,2,-1000.0,0,0.0,0.0,0.0,inf,0.0,0.0,0.0,0.0,0,68,9
train,4,86986,125287,125287,130699,9,11,3863,7.75,5,25,2,434.0,14,434.0,605.0,171.0,3.538011695906433,76.0,0.3571428571428571,31.0,19.0,4,68,9
test,4,86986,125287,125287,130699,9,11,3863,7.75,5,25,2,-1000.0,0,0.0,0.0,0.0,inf,0.0,0.0,0.0,0.0,0,69,9
train,4,86986,125287,125287,130699,9,11,3863,7.75,5,25,2,434.0,14,434.0,605.0,171.0,3.538011695906433,76.0,0.3571428571428571,31.0,19.0,4,69,9
test,4,86986,125287,125287,130699,9,11,3863,7.75,5,25,2,-1000.0,0,0.0,0.0,0.0,inf,0.0,0.0,0.0,0.0,0,70,9
train,4,86986,125287,125287,130699,9,11,3863,7.75,5,25,2,434.0,14,434.0,605.0,171.0,3.538011695906433,76.0,0.3571428571428571,31.0,19.0,4,70,9
test,4,86986,125287,125287,130699,9,11,3863,7.75,5,25,2,-1000.0,0,0.0,0.0,0.0,inf,0.0,0.0,0.0,0.0,0,71,9
train,4,86986,125287,125287,130699,9,11,3863,7.75,5,25,2,434.0,14,434.0,605.0,171.0,3.538011695906433,76.0,0.3571428571428571,31.0,19.0,4,71,9
test,4,86986,125287,125287,130699,9,11,3863,7.75,5,25,2,-1000.0,0,0.0,0.0,0.0,inf,0.0,0.0,0.0,0.0,0,72,9
train,4,86986,125287,125287,130699,9,11,3863,7.75,5,25,2,434.0,14,434.0,605.0,171.0,3.538011695906433,76.0,0.3571428571428571,31.0,19.0,4,72,9
test,4,86986,125287,125287,130699,9,11,3863,7.75,5,25,2,-1000.0,0,0.0,0.0,0.0,inf,0.0,0.0,0.0,0.0,0,73,9
train,4,86986,125287,125287,130699,9,11,3863,7.75,5,25,2,434.0,14,434.0,605.0,171.0,3.538011695906433,76.0,0.3571428571428571,31.0,19.0,4,73,9
test,4,86986,125287,125287,130699,9,11,3863,7.75,5,25,2,-1000.0,0,0.0,0.0,0.0,inf,0.0,0.0,0.0,0.0,0,74,9
train,4,86986,125287,125287,130699,9,11,3863,7.75,5,25,2,434.0,14,434.0,605.0,171.0,3.538011695906433,76.0,0.3571428571428571,31.0,19.0,4,74,9
test,4,86986,125287,125287,130699,9,11,3863,7.75,5,25,2,-1000.0,0,0.0,0.0,0.0,inf,0.0,0.0,0.0,0.0,0,75,9
train,4,86986,125287,125287,130699,9,11,3863,7.75,5,25,2,434.0,14,434.0,605.0,171.0,3.538011695906433,76.0,0.3571428571428571,31.0,19.0,4,75,9
test,4,86986,125287,125287,130699,9,11,3863,7.75,5,25,2,-1000.0,0,0.0,0.0,0.0,inf,0.0,0.0,0.0,0.0,0,76,9
train,4,86986,125287,125287,130699,9,11,3863,7.75,5,25,2,434.0,14,434.0,605.0,171.0,3.538011695906433,76.0,0.3571428571428571,31.0,19.0,4,76,9
test,4,86986,125287,125287,130699,9,11,3863,7.75,5,25,2,-1000.0,0,0.0,0.0,0.0,inf,0.0,0.0,0.0,0.0,0,77,9
train,4,86986,125287,125287,130699,9,11,3863,7.75,5,25,2,434.0,14,434.0,605.0,171.0,3.538011695906433,76.0,0.3571428571428571,31.0,19.0,4,77,9
test,4,86986,125287,125287,130699,9,11,3863,7.75,5,25,2,-1000.0,0,0.0,0.0,0.0,inf,0.0,0.0,0.0,0.0,0,78,9
train,4,86986,125287,125287,130699,9,11,3863,7.75,5,25,2,434.0,14,434.0,605.0,171.0,3.538011695906433,76.0,0.3571428571428571,31.0,19.0,4,78,9
test,4,86986,125287,125287,130699,9,11,3863,7.75,5,25,2,-1000.0,0,0.0,0.0,0.0,inf,0.0,0.0,0.0,0.0,0,79,9
train,4,86986,125287,125287,130699,9,11,3863,7.75,5,25,2,434.0,14,434.0,605.0,171.0,3.538011695906433,76.0,0.3571428571428571,31.0,19.0,4,79,9
test,4,86986,125287,125287,130699,9,11,3863,7.75,5,25,2,-1000.0,0,0.0,0.0,0.0,inf,0.0,0.0,0.0,0.0,0,80,9
train,4,86986,125287,125287,130699,9,11,3863,7.75,5,25,2,434.0,14,434.0,605.0,171.0,3.538011695906433,76.0,0.3571428571428571,31.0,19.0,4,80,9
test,4,86986,125287,125287,130699,9,11,3863,7.75,5,25,2,-1000.0,0,0.0,0.0,0.0,inf,0.0,0.0,0.0,0.0,0,81,9
train,4,86986,125287,125287,130699,9,11,3863,7.75,5,25,2,434.0,14,434.0,605.0,171.0,3.538011695906433,76.0,0.3571428571428571,31.0,19.0,4,81,9
test,4,86986,125287,125287,130699,9,11,3863,7.75,5,25,2,-1000.0,0,0.0,0.0,0.0,inf,0.0,0.0,0.0,0.0,0,82,9
train,4,86986,125287,125287,130699,9,11,3863,7.75,5,25,2,434.0,14,434.0,605.0,171.0,3.538011695906433,76.0,0.3571428571428571,31.0,19.0,4,82,9
test,4,86986,125287,125287,130699,9,11,3863,7.75,5,25,2,-1000.0,0,0.0,0.0,0.0,inf,0.0,0.0,0.0,0.0,0,83,9
train,4,86986,125287,125287,130699,9,11,3863,7.75,5,25,2,434.0,14,434.0,605.0,171.0,3.538011695906433,76.0,0.3571428571428571,31.0,19.0,4,83,9
test,4,86986,125287,125287,130699,9,11,3863,7.75,5,25,2,-1000.0,0,0.0,0.0,0.0,inf,0.0,0.0,0.0,0.0,0,84,9
train,4,86986,125287,125287,130699,9,11,3863,7.75,5,25,2,434.0,14,434.0,605.0,171.0,3.538011695906433,76.0,0.3571428571428571,31.0,19.0,4,84,9
test,4,86986,125287,125287,130699,9,11,3863,7.75,5,25,2,-1000.0,0,0.0,0.0,0.0,inf,0.0,0.0,0.0,0.0,0,85,9
train,4,86986,125287,125287,130699,9,11,3863,7.75,5,25,2,434.0,14,434.0,605.0,171.0,3.538011695906433,76.0,0.3571428571428571,31.0,19.0,4,85,9
test,4,86986,125287,125287,130699,9,11,3863,7.75,5,25,2,-1000.0,0,0.0,0.0,0.0,inf,0.0,0.0,0.0,0.0,0,86,9
train,4,86986,125287,125287,130699,9,11,3863,7.75,5,25,2,434.0,14,434.0,605.0,171.0,3.538011695906433,76.0,0.3571428571428571,31.0,19.0,4,86,9
test,4,86986,125287,125287,130699,9,11,3863,7.75,5,25,2,-1000.0,0,0.0,0.0,0.0,inf,0.0,0.0,0.0,0.0,0,87,9
train,4,86986,125287,125287,130699,9,11,3863,7.75,5,25,2,434.0,14,434.0,605.0,171.0,3.538011695906433,76.0,0.3571428571428571,31.0,19.0,4,87,9
test,4,86986,125287,125287,130699,9,11,3863,7.75,5,25,2,-1000.0,0,0.0,0.0,0.0,inf,0.0,0.0,0.0,0.0,0,88,9
train,4,86986,125287,125287,130699,9,11,3863,7.75,5,25,2,434.0,14,434.0,605.0,171.0,3.538011695906433,76.0,0.3571428571428571,31.0,19.0,4,88,9
test,4,86986,125287,125287,130699,9,11,3863,7.75,5,25,2,-1000.0,0,0.0,0.0,0.0,inf,0.0,0.0,0.0,0.0,0,89,9
train,4,86986,125287,125287,130699,9,11,3863,7.75,5,25,2,434.0,14,434.0,605.0,171.0,3.538011695906433,76.0,0.3571428571428571,31.0,19.0,4,89,9
test,4,86986,125287,125287,130699,9,11,3863,7.75,5,25,2,-1000.0,0,0.0,0.0,0.0,inf,0.0,0.0,0.0,0.0,0,90,9
train,4,86986,125287,125287,130699,9,11,3863,7.75,5,25,2,434.0,14,434.0,605.0,171.0,3.538011695906433,76.0,0.3571428571428571,31.0,19.0,4,90,9
test,4,86986,125287,125287,130699,9,11,3863,7.75,5,25,2,-1000.0,0,0.0,0.0,0.0,inf,0.0,0.0,0.0,0.0,0,91,9
train,4,86986,125287,125287,130699,9,11,3863,7.75,5,25,2,434.0,14,434.0,605.0,171.0,3.538011695906433,76.0,0.3571428571428571,31.0,19.0,4,91,9
test,4,86986,125287,125287,130699,9,11,3863,7.75,5,25,2,-1000.0,0,0.0,0.0,0.0,inf,0.0,0.0,0.0,0.0,0,92,9
train,4,86986,125287,125287,130699,9,11,3863,7.75,5,25,2,434.0,14,434.0,605.0,171.0,3.538011695906433,76.0,0.3571428571428571,31.0,19.0,4,92,9
test,4,86986,125287,125287,130699,9,11,3863,7.75,5,25,2,-1000.0,0,0.0,0.0,0.0,inf,0.0,0.0,0.0,0.0,0,93,9
train,4,86986,125287,125287,130699,9,11,3863,7.75,5,25,2,434.0,14,434.0,605.0,171.0,3.538011695906433,76.0,0.3571428571428571,31.0,19.0,4,93,9
test,4,86986,125287,125287,130699,9,11,3863,7.75,5,25,2,-1000.0,0,0.0,0.0,0.0,inf,0.0,0.0,0.0,0.0,0,94,9
train,4,86986,125287,125287,130699,9,11,3863,7.75,5,25,2,434.0,14,434.0,605.0,171.0,3.538011695906433,76.0,0.3571428571428571,31.0,19.0,4,94,9
test,4,86986,125287,125287,130699,9,11,3863,7.75,5,25,2,-1000.0,0,0.0,0.0,0.0,inf,0.0,0.0,0.0,0.0,0,95,9
train,4,86986,125287,125287,130699,9,11,3863,7.75,5,25,2,434.0,14,434.0,605.0,171.0,3.538011695906433,76.0,0.3571428571428571,31.0,19.0,4,95,9
test,4,86986,125287,125287,130699,9,11,3863,7.75,5,25,2,-1000.0,0,0.0,0.0,0.0,inf,0.0,0.0,0.0,0.0,0,96,9
train,4,86986,125287,125287,130699,9,11,3863,7.75,5,25,2,434.0,14,434.0,605.0,171.0,3.538011695906433,76.0,0.3571428571428571,31.0,19.0,4,96,9
test,4,86986,125287,125287,130699,9,11,3863,7.75,5,25,2,-1000.0,0,0.0,0.0,0.0,inf,0.0,0.0,0.0,0.0,0,97,9
train,4,86986,125287,125287,130699,9,11,3863,7.75,5,25,2,434.0,14,434.0,605.0,171.0,3.538011695906433,76.0,0.3571428571428571,31.0,19.0,4,97,9
test,4,86986,125287,125287,130699,9,11,3863,7.75,5,25,2,-1000.0,0,0.0,0.0,0.0,inf,0.0,0.0,0.0,0.0,0,98,9
train,4,86986,125287,125287,130699,9,11,3863,7.75,5,25,2,434.0,14,434.0,605.0,171.0,3.538011695906433,76.0,0.3571428571428571,31.0,19.0,4,98,9
test,4,86986,125287,125287,130699,9,11,3863,7.75,5,25,2,-1000.0,0,0.0,0.0,0.0,inf,0.0,0.0,0.0,0.0,0,99,9
train,4,86986,125287,125287,130699,9,11,3863,7.75,5,25,2,434.0,14,434.0,605.0,171.0,3.538011695906433,76.0,0.3571428571428571,31.0,19.0,4,99,9
test,4,86986,125287,125287,130699,9,11,3863,7.75,5,25,2,-1000.0,0,0.0,0.0,0.0,inf,0.0,0.0,0.0,0.0,0,100,9
train,4,86986,125287,125287,130699,9,11,3863,7.75,5,25,2,434.0,14,434.0,605.0,171.0,3.538011695906433,76.0,0.3571428571428571,31.0,19.0,4,100,9
