dataset_type,window_id,train_start,train_end,test_start,test_end,generation,min_impulse_candles,max_duration_ms,diagonal_imbalance_ratio_threshold,min_imbalance_count,take_profit_ticks,stop_loss_ticks,fitness,number_of_trades,net_profit,gross_profit,gross_loss,profit_factor,max_drawdown,win_rate,expectancy,biggest_loss,longest_losing_streak,walk_forward_type,fitness_function,train_size,repetition,analysis_generation,selected_generation
test,1,0,86986,86986,125287,0,12,246,10.0,4,23,20,-981.0,3,-327.0,0.0,327.0,0.0,327.0,0.0,-109.0,109.0,3,rolling,net_profit_fitness,3_days,rep_1,0,0
train,1,0,86986,86986,125287,0,12,246,10.0,4,23,20,222.0,2,222.0,222.0,0.0,inf,0.0,1.0,111.0,0.0,0,rolling,net_profit_fitness,3_days,rep_1,0,0
test,1,0,86986,86986,125287,1,12,524,6.75,1,27,3,210.0,10,70.0,262.0,192.0,1.3645833333333333,144.0,0.2,7.0,24.0,6,rolling,net_profit_fitness,3_days,rep_1,1,1
train,1,0,86986,86986,125287,1,12,524,6.75,1,27,3,321.0,6,321.0,393.0,72.0,5.458333333333333,48.0,0.5,53.5,24.0,2,rolling,net_profit_fitness,3_days,rep_1,1,1
test,1,0,86986,86986,125287,1,12,524,6.75,1,27,3,210.0,10,70.0,262.0,192.0,1.3645833333333333,144.0,0.2,7.0,24.0,6,rolling,net_profit_fitness,3_days,rep_1,2,1
train,1,0,86986,86986,125287,1,12,524,6.75,1,27,3,321.0,6,321.0,393.0,72.0,5.458333333333333,48.0,0.5,53.5,24.0,2,rolling,net_profit_fitness,3_days,rep_1,2,1
test,1,0,86986,86986,125287,1,12,524,6.75,1,27,3,210.0,10,70.0,262.0,192.0,1.3645833333333333,144.0,0.2,7.0,24.0,6,rolling,net_profit_fitness,3_days,rep_1,3,1
train,1,0,86986,86986,125287,1,12,524,6.75,1,27,3,321.0,6,321.0,393.0,72.0,5.458333333333333,48.0,0.5,53.5,24.0,2,rolling,net_profit_fitness,3_days,rep_1,3,1
test,1,0,86986,86986,125287,1,12,524,6.75,1,27,3,210.0,10,70.0,262.0,192.0,1.3645833333333333,144.0,0.2,7.0,24.0,6,rolling,net_profit_fitness,3_days,rep_1,4,1
train,1,0,86986,86986,125287,1,12,524,6.75,1,27,3,321.0,6,321.0,393.0,72.0,5.458333333333333,48.0,0.5,53.5,24.0,2,rolling,net_profit_fitness,3_days,rep_1,4,1
test,1,0,86986,86986,125287,1,12,524,6.75,1,27,3,210.0,10,70.0,262.0,192.0,1.3645833333333333,144.0,0.2,7.0,24.0,6,rolling,net_profit_fitness,3_days,rep_1,5,1
train,1,0,86986,86986,125287,1,12,524,6.75,1,27,3,321.0,6,321.0,393.0,72.0,5.458333333333333,48.0,0.5,53.5,24.0,2,rolling,net_profit_fitness,3_days,rep_1,5,1
test,1,0,86986,86986,125287,1,12,524,6.75,1,27,3,210.0,10,70.0,262.0,192.0,1.3645833333333333,144.0,0.2,7.0,24.0,6,rolling,net_profit_fitness,3_days,rep_1,6,1
train,1,0,86986,86986,125287,1,12,524,6.75,1,27,3,321.0,6,321.0,393.0,72.0,5.458333333333333,48.0,0.5,53.5,24.0,2,rolling,net_profit_fitness,3_days,rep_1,6,1
test,1,0,86986,86986,125287,1,12,524,6.75,1,27,3,210.0,10,70.0,262.0,192.0,1.3645833333333333,144.0,0.2,7.0,24.0,6,rolling,net_profit_fitness,3_days,rep_1,7,1
train,1,0,86986,86986,125287,1,12,524,6.75,1,27,3,321.0,6,321.0,393.0,72.0,5.458333333333333,48.0,0.5,53.5,24.0,2,rolling,net_profit_fitness,3_days,rep_1,7,1
test,1,0,86986,86986,125287,1,12,524,6.75,1,27,3,210.0,10,70.0,262.0,192.0,1.3645833333333333,144.0,0.2,7.0,24.0,6,rolling,net_profit_fitness,3_days,rep_1,8,1
train,1,0,86986,86986,125287,1,12,524,6.75,1,27,3,321.0,6,321.0,393.0,72.0,5.458333333333333,48.0,0.5,53.5,24.0,2,rolling,net_profit_fitness,3_days,rep_1,8,1
test,1,0,86986,86986,125287,1,12,524,6.75,1,27,3,210.0,10,70.0,262.0,192.0,1.3645833333333333,144.0,0.2,7.0,24.0,6,rolling,net_profit_fitness,3_days,rep_1,9,1
train,1,0,86986,86986,125287,1,12,524,6.75,1,27,3,321.0,6,321.0,393.0,72.0,5.458333333333333,48.0,0.5,53.5,24.0,2,rolling,net_profit_fitness,3_days,rep_1,9,1
test,1,0,86986,86986,125287,1,12,524,6.75,1,27,3,210.0,10,70.0,262.0,192.0,1.3645833333333333,144.0,0.2,7.0,24.0,6,rolling,net_profit_fitness,3_days,rep_1,10,1
train,1,0,86986,86986,125287,1,12,524,6.75,1,27,3,321.0,6,321.0,393.0,72.0,5.458333333333333,48.0,0.5,53.5,24.0,2,rolling,net_profit_fitness,3_days,rep_1,10,1
test,1,0,86986,86986,125287,11,12,482,3.75,6,27,2,330.0,10,110.0,262.0,152.0,1.7236842105263157,114.0,0.2,11.0,19.0,6,rolling,net_profit_fitness,3_days,rep_1,11,11
train,1,0,86986,86986,125287,11,12,482,3.75,6,27,2,336.0,6,336.0,393.0,57.0,6.894736842105263,38.0,0.5,56.0,19.0,2,rolling,net_profit_fitness,3_days,rep_1,11,11
test,1,0,86986,86986,125287,11,12,482,3.75,6,27,2,330.0,10,110.0,262.0,152.0,1.7236842105263157,114.0,0.2,11.0,19.0,6,rolling,net_profit_fitness,3_days,rep_1,12,11
train,1,0,86986,86986,125287,11,12,482,3.75,6,27,2,336.0,6,336.0,393.0,57.0,6.894736842105263,38.0,0.5,56.0,19.0,2,rolling,net_profit_fitness,3_days,rep_1,12,11
test,1,0,86986,86986,125287,11,12,482,3.75,6,27,2,330.0,10,110.0,262.0,152.0,1.7236842105263157,114.0,0.2,11.0,19.0,6,rolling,net_profit_fitness,3_days,rep_1,13,11
train,1,0,86986,86986,125287,11,12,482,3.75,6,27,2,336.0,6,336.0,393.0,57.0,6.894736842105263,38.0,0.5,56.0,19.0,2,rolling,net_profit_fitness,3_days,rep_1,13,11
test,1,0,86986,86986,125287,11,12,482,3.75,6,27,2,330.0,10,110.0,262.0,152.0,1.7236842105263157,114.0,0.2,11.0,19.0,6,rolling,net_profit_fitness,3_days,rep_1,14,11
train,1,0,86986,86986,125287,11,12,482,3.75,6,27,2,336.0,6,336.0,393.0,57.0,6.894736842105263,38.0,0.5,56.0,19.0,2,rolling,net_profit_fitness,3_days,rep_1,14,11
test,1,0,86986,86986,125287,11,12,482,3.75,6,27,2,330.0,10,110.0,262.0,152.0,1.7236842105263157,114.0,0.2,11.0,19.0,6,rolling,net_profit_fitness,3_days,rep_1,15,11
train,1,0,86986,86986,125287,11,12,482,3.75,6,27,2,336.0,6,336.0,393.0,57.0,6.894736842105263,38.0,0.5,56.0,19.0,2,rolling,net_profit_fitness,3_days,rep_1,15,11
test,1,0,86986,86986,125287,11,12,482,3.75,6,27,2,330.0,10,110.0,262.0,152.0,1.7236842105263157,114.0,0.2,11.0,19.0,6,rolling,net_profit_fitness,3_days,rep_1,16,11
train,1,0,86986,86986,125287,11,12,482,3.75,6,27,2,336.0,6,336.0,393.0,57.0,6.894736842105263,38.0,0.5,56.0,19.0,2,rolling,net_profit_fitness,3_days,rep_1,16,11
test,1,0,86986,86986,125287,11,12,482,3.75,6,27,2,330.0,10,110.0,262.0,152.0,1.7236842105263157,114.0,0.2,11.0,19.0,6,rolling,net_profit_fitness,3_days,rep_1,17,11
train,1,0,86986,86986,125287,11,12,482,3.75,6,27,2,336.0,6,336.0,393.0,57.0,6.894736842105263,38.0,0.5,56.0,19.0,2,rolling,net_profit_fitness,3_days,rep_1,17,11
test,1,0,86986,86986,125287,11,12,482,3.75,6,27,2,330.0,10,110.0,262.0,152.0,1.7236842105263157,114.0,0.2,11.0,19.0,6,rolling,net_profit_fitness,3_days,rep_1,18,11
train,1,0,86986,86986,125287,11,12,482,3.75,6,27,2,336.0,6,336.0,393.0,57.0,6.894736842105263,38.0,0.5,56.0,19.0,2,rolling,net_profit_fitness,3_days,rep_1,18,11
test,1,0,86986,86986,125287,11,12,482,3.75,6,27,2,330.0,10,110.0,262.0,152.0,1.7236842105263157,114.0,0.2,11.0,19.0,6,rolling,net_profit_fitness,3_days,rep_1,19,11
train,1,0,86986,86986,125287,11,12,482,3.75,6,27,2,336.0,6,336.0,393.0,57.0,6.894736842105263,38.0,0.5,56.0,19.0,2,rolling,net_profit_fitness,3_days,rep_1,19,11
test,1,0,86986,86986,125287,11,12,482,3.75,6,27,2,330.0,10,110.0,262.0,152.0,1.7236842105263157,114.0,0.2,11.0,19.0,6,rolling,net_profit_fitness,3_days,rep_1,20,11
train,1,0,86986,86986,125287,11,12,482,3.75,6,27,2,336.0,6,336.0,393.0,57.0,6.894736842105263,38.0,0.5,56.0,19.0,2,rolling,net_profit_fitness,3_days,rep_1,20,11
test,1,0,86986,86986,125287,11,12,482,3.75,6,27,2,330.0,10,110.0,262.0,152.0,1.7236842105263157,114.0,0.2,11.0,19.0,6,rolling,net_profit_fitness,3_days,rep_1,21,11
train,1,0,86986,86986,125287,11,12,482,3.75,6,27,2,336.0,6,336.0,393.0,57.0,6.894736842105263,38.0,0.5,56.0,19.0,2,rolling,net_profit_fitness,3_days,rep_1,21,11
test,1,0,86986,86986,125287,11,12,482,3.75,6,27,2,330.0,10,110.0,262.0,152.0,1.7236842105263157,114.0,0.2,11.0,19.0,6,rolling,net_profit_fitness,3_days,rep_1,22,11
train,1,0,86986,86986,125287,11,12,482,3.75,6,27,2,336.0,6,336.0,393.0,57.0,6.894736842105263,38.0,0.5,56.0,19.0,2,rolling,net_profit_fitness,3_days,rep_1,22,11
test,1,0,86986,86986,125287,11,12,482,3.75,6,27,2,330.0,10,110.0,262.0,152.0,1.7236842105263157,114.0,0.2,11.0,19.0,6,rolling,net_profit_fitness,3_days,rep_1,23,11
train,1,0,86986,86986,125287,11,12,482,3.75,6,27,2,336.0,6,336.0,393.0,57.0,6.894736842105263,38.0,0.5,56.0,19.0,2,rolling,net_profit_fitness,3_days,rep_1,23,11
test,1,0,86986,86986,125287,11,12,482,3.75,6,27,2,330.0,10,110.0,262.0,152.0,1.7236842105263157,114.0,0.2,11.0,19.0,6,rolling,net_profit_fitness,3_days,rep_1,24,11
train,1,0,86986,86986,125287,11,12,482,3.75,6,27,2,336.0,6,336.0,393.0,57.0,6.894736842105263,38.0,0.5,56.0,19.0,2,rolling,net_profit_fitness,3_days,rep_1,24,11
test,1,0,86986,86986,125287,11,12,482,3.75,6,27,2,330.0,10,110.0,262.0,152.0,1.7236842105263157,114.0,0.2,11.0,19.0,6,rolling,net_profit_fitness,3_days,rep_1,25,11
train,1,0,86986,86986,125287,11,12,482,3.75,6,27,2,336.0,6,336.0,393.0,57.0,6.894736842105263,38.0,0.5,56.0,19.0,2,rolling,net_profit_fitness,3_days,rep_1,25,11
test,1,0,86986,86986,125287,11,12,482,3.75,6,27,2,330.0,10,110.0,262.0,152.0,1.7236842105263157,114.0,0.2,11.0,19.0,6,rolling,net_profit_fitness,3_days,rep_1,26,11
train,1,0,86986,86986,125287,11,12,482,3.75,6,27,2,336.0,6,336.0,393.0,57.0,6.894736842105263,38.0,0.5,56.0,19.0,2,rolling,net_profit_fitness,3_days,rep_1,26,11
test,1,0,86986,86986,125287,11,12,482,3.75,6,27,2,330.0,10,110.0,262.0,152.0,1.7236842105263157,114.0,0.2,11.0,19.0,6,rolling,net_profit_fitness,3_days,rep_1,27,11
train,1,0,86986,86986,125287,11,12,482,3.75,6,27,2,336.0,6,336.0,393.0,57.0,6.894736842105263,38.0,0.5,56.0,19.0,2,rolling,net_profit_fitness,3_days,rep_1,27,11
test,1,0,86986,86986,125287,11,12,482,3.75,6,27,2,330.0,10,110.0,262.0,152.0,1.7236842105263157,114.0,0.2,11.0,19.0,6,rolling,net_profit_fitness,3_days,rep_1,28,11
train,1,0,86986,86986,125287,11,12,482,3.75,6,27,2,336.0,6,336.0,393.0,57.0,6.894736842105263,38.0,0.5,56.0,19.0,2,rolling,net_profit_fitness,3_days,rep_1,28,11
test,1,0,86986,86986,125287,11,12,482,3.75,6,27,2,330.0,10,110.0,262.0,152.0,1.7236842105263157,114.0,0.2,11.0,19.0,6,rolling,net_profit_fitness,3_days,rep_1,29,11
train,1,0,86986,86986,125287,11,12,482,3.75,6,27,2,336.0,6,336.0,393.0,57.0,6.894736842105263,38.0,0.5,56.0,19.0,2,rolling,net_profit_fitness,3_days,rep_1,29,11
test,1,0,86986,86986,125287,11,12,482,3.75,6,27,2,330.0,10,110.0,262.0,152.0,1.7236842105263157,114.0,0.2,11.0,19.0,6,rolling,net_profit_fitness,3_days,rep_1,30,11
train,1,0,86986,86986,125287,11,12,482,3.75,6,27,2,336.0,6,336.0,393.0,57.0,6.894736842105263,38.0,0.5,56.0,19.0,2,rolling,net_profit_fitness,3_days,rep_1,30,11
test,1,0,86986,86986,125287,11,12,482,3.75,6,27,2,330.0,10,110.0,262.0,152.0,1.7236842105263157,114.0,0.2,11.0,19.0,6,rolling,net_profit_fitness,3_days,rep_1,31,11
train,1,0,86986,86986,125287,11,12,482,3.75,6,27,2,336.0,6,336.0,393.0,57.0,6.894736842105263,38.0,0.5,56.0,19.0,2,rolling,net_profit_fitness,3_days,rep_1,31,11
test,1,0,86986,86986,125287,11,12,482,3.75,6,27,2,330.0,10,110.0,262.0,152.0,1.7236842105263157,114.0,0.2,11.0,19.0,6,rolling,net_profit_fitness,3_days,rep_1,32,11
train,1,0,86986,86986,125287,11,12,482,3.75,6,27,2,336.0,6,336.0,393.0,57.0,6.894736842105263,38.0,0.5,56.0,19.0,2,rolling,net_profit_fitness,3_days,rep_1,32,11
test,1,0,86986,86986,125287,11,12,482,3.75,6,27,2,330.0,10,110.0,262.0,152.0,1.7236842105263157,114.0,0.2,11.0,19.0,6,rolling,net_profit_fitness,3_days,rep_1,33,11
train,1,0,86986,86986,125287,11,12,482,3.75,6,27,2,336.0,6,336.0,393.0,57.0,6.894736842105263,38.0,0.5,56.0,19.0,2,rolling,net_profit_fitness,3_days,rep_1,33,11
test,1,0,86986,86986,125287,11,12,482,3.75,6,27,2,330.0,10,110.0,262.0,152.0,1.7236842105263157,114.0,0.2,11.0,19.0,6,rolling,net_profit_fitness,3_days,rep_1,34,11
train,1,0,86986,86986,125287,11,12,482,3.75,6,27,2,336.0,6,336.0,393.0,57.0,6.894736842105263,38.0,0.5,56.0,19.0,2,rolling,net_profit_fitness,3_days,rep_1,34,11
test,1,0,86986,86986,125287,11,12,482,3.75,6,27,2,330.0,10,110.0,262.0,152.0,1.7236842105263157,114.0,0.2,11.0,19.0,6,rolling,net_profit_fitness,3_days,rep_1,35,11
train,1,0,86986,86986,125287,11,12,482,3.75,6,27,2,336.0,6,336.0,393.0,57.0,6.894736842105263,38.0,0.5,56.0,19.0,2,rolling,net_profit_fitness,3_days,rep_1,35,11
test,1,0,86986,86986,125287,11,12,482,3.75,6,27,2,330.0,10,110.0,262.0,152.0,1.7236842105263157,114.0,0.2,11.0,19.0,6,rolling,net_profit_fitness,3_days,rep_1,36,11
train,1,0,86986,86986,125287,11,12,482,3.75,6,27,2,336.0,6,336.0,393.0,57.0,6.894736842105263,38.0,0.5,56.0,19.0,2,rolling,net_profit_fitness,3_days,rep_1,36,11
test,1,0,86986,86986,125287,11,12,482,3.75,6,27,2,330.0,10,110.0,262.0,152.0,1.7236842105263157,114.0,0.2,11.0,19.0,6,rolling,net_profit_fitness,3_days,rep_1,37,11
train,1,0,86986,86986,125287,11,12,482,3.75,6,27,2,336.0,6,336.0,393.0,57.0,6.894736842105263,38.0,0.5,56.0,19.0,2,rolling,net_profit_fitness,3_days,rep_1,37,11
test,1,0,86986,86986,125287,11,12,482,3.75,6,27,2,330.0,10,110.0,262.0,152.0,1.7236842105263157,114.0,0.2,11.0,19.0,6,rolling,net_profit_fitness,3_days,rep_1,38,11
train,1,0,86986,86986,125287,11,12,482,3.75,6,27,2,336.0,6,336.0,393.0,57.0,6.894736842105263,38.0,0.5,56.0,19.0,2,rolling,net_profit_fitness,3_days,rep_1,38,11
test,1,0,86986,86986,125287,11,12,482,3.75,6,27,2,330.0,10,110.0,262.0,152.0,1.7236842105263157,114.0,0.2,11.0,19.0,6,rolling,net_profit_fitness,3_days,rep_1,39,11
train,1,0,86986,86986,125287,11,12,482,3.75,6,27,2,336.0,6,336.0,393.0,57.0,6.894736842105263,38.0,0.5,56.0,19.0,2,rolling,net_profit_fitness,3_days,rep_1,39,11
test,1,0,86986,86986,125287,11,12,482,3.75,6,27,2,330.0,10,110.0,262.0,152.0,1.7236842105263157,114.0,0.2,11.0,19.0,6,rolling,net_profit_fitness,3_days,rep_1,40,11
train,1,0,86986,86986,125287,11,12,482,3.75,6,27,2,336.0,6,336.0,393.0,57.0,6.894736842105263,38.0,0.5,56.0,19.0,2,rolling,net_profit_fitness,3_days,rep_1,40,11
test,1,0,86986,86986,125287,11,12,482,3.75,6,27,2,330.0,10,110.0,262.0,152.0,1.7236842105263157,114.0,0.2,11.0,19.0,6,rolling,net_profit_fitness,3_days,rep_1,41,11
train,1,0,86986,86986,125287,11,12,482,3.75,6,27,2,336.0,6,336.0,393.0,57.0,6.894736842105263,38.0,0.5,56.0,19.0,2,rolling,net_profit_fitness,3_days,rep_1,41,11
test,1,0,86986,86986,125287,11,12,482,3.75,6,27,2,330.0,10,110.0,262.0,152.0,1.7236842105263157,114.0,0.2,11.0,19.0,6,rolling,net_profit_fitness,3_days,rep_1,42,11
train,1,0,86986,86986,125287,11,12,482,3.75,6,27,2,336.0,6,336.0,393.0,57.0,6.894736842105263,38.0,0.5,56.0,19.0,2,rolling,net_profit_fitness,3_days,rep_1,42,11
test,1,0,86986,86986,125287,11,12,482,3.75,6,27,2,330.0,10,110.0,262.0,152.0,1.7236842105263157,114.0,0.2,11.0,19.0,6,rolling,net_profit_fitness,3_days,rep_1,43,11
train,1,0,86986,86986,125287,11,12,482,3.75,6,27,2,336.0,6,336.0,393.0,57.0,6.894736842105263,38.0,0.5,56.0,19.0,2,rolling,net_profit_fitness,3_days,rep_1,43,11
test,1,0,86986,86986,125287,11,12,482,3.75,6,27,2,330.0,10,110.0,262.0,152.0,1.7236842105263157,114.0,0.2,11.0,19.0,6,rolling,net_profit_fitness,3_days,rep_1,44,11
train,1,0,86986,86986,125287,11,12,482,3.75,6,27,2,336.0,6,336.0,393.0,57.0,6.894736842105263,38.0,0.5,56.0,19.0,2,rolling,net_profit_fitness,3_days,rep_1,44,11
test,1,0,86986,86986,125287,11,12,482,3.75,6,27,2,330.0,10,110.0,262.0,152.0,1.7236842105263157,114.0,0.2,11.0,19.0,6,rolling,net_profit_fitness,3_days,rep_1,45,11
train,1,0,86986,86986,125287,11,12,482,3.75,6,27,2,336.0,6,336.0,393.0,57.0,6.894736842105263,38.0,0.5,56.0,19.0,2,rolling,net_profit_fitness,3_days,rep_1,45,11
test,1,0,86986,86986,125287,11,12,482,3.75,6,27,2,330.0,10,110.0,262.0,152.0,1.7236842105263157,114.0,0.2,11.0,19.0,6,rolling,net_profit_fitness,3_days,rep_1,46,11
train,1,0,86986,86986,125287,11,12,482,3.75,6,27,2,336.0,6,336.0,393.0,57.0,6.894736842105263,38.0,0.5,56.0,19.0,2,rolling,net_profit_fitness,3_days,rep_1,46,11
test,1,0,86986,86986,125287,11,12,482,3.75,6,27,2,330.0,10,110.0,262.0,152.0,1.7236842105263157,114.0,0.2,11.0,19.0,6,rolling,net_profit_fitness,3_days,rep_1,47,11
train,1,0,86986,86986,125287,11,12,482,3.75,6,27,2,336.0,6,336.0,393.0,57.0,6.894736842105263,38.0,0.5,56.0,19.0,2,rolling,net_profit_fitness,3_days,rep_1,47,11
test,1,0,86986,86986,125287,11,12,482,3.75,6,27,2,330.0,10,110.0,262.0,152.0,1.7236842105263157,114.0,0.2,11.0,19.0,6,rolling,net_profit_fitness,3_days,rep_1,48,11
train,1,0,86986,86986,125287,11,12,482,3.75,6,27,2,336.0,6,336.0,393.0,57.0,6.894736842105263,38.0,0.5,56.0,19.0,2,rolling,net_profit_fitness,3_days,rep_1,48,11
test,1,0,86986,86986,125287,11,12,482,3.75,6,27,2,330.0,10,110.0,262.0,152.0,1.7236842105263157,114.0,0.2,11.0,19.0,6,rolling,net_profit_fitness,3_days,rep_1,49,11
train,1,0,86986,86986,125287,11,12,482,3.75,6,27,2,336.0,6,336.0,393.0,57.0,6.894736842105263,38.0,0.5,56.0,19.0,2,rolling,net_profit_fitness,3_days,rep_1,49,11
test,1,0,86986,86986,125287,11,12,482,3.75,6,27,2,330.0,10,110.0,262.0,152.0,1.7236842105263157,114.0,0.2,11.0,19.0,6,rolling,net_profit_fitness,3_days,rep_1,50,11
train,1,0,86986,86986,125287,11,12,482,3.75,6,27,2,336.0,6,336.0,393.0,57.0,6.894736842105263,38.0,0.5,56.0,19.0,2,rolling,net_profit_fitness,3_days,rep_1,50,11
test,1,0,86986,86986,125287,11,12,482,3.75,6,27,2,330.0,10,110.0,262.0,152.0,1.7236842105263157,114.0,0.2,11.0,19.0,6,rolling,net_profit_fitness,3_days,rep_1,51,11
train,1,0,86986,86986,125287,11,12,482,3.75,6,27,2,336.0,6,336.0,393.0,57.0,6.894736842105263,38.0,0.5,56.0,19.0,2,rolling,net_profit_fitness,3_days,rep_1,51,11
test,1,0,86986,86986,125287,11,12,482,3.75,6,27,2,330.0,10,110.0,262.0,152.0,1.7236842105263157,114.0,0.2,11.0,19.0,6,rolling,net_profit_fitness,3_days,rep_1,52,11
train,1,0,86986,86986,125287,11,12,482,3.75,6,27,2,336.0,6,336.0,393.0,57.0,6.894736842105263,38.0,0.5,56.0,19.0,2,rolling,net_profit_fitness,3_days,rep_1,52,11
test,1,0,86986,86986,125287,11,12,482,3.75,6,27,2,330.0,10,110.0,262.0,152.0,1.7236842105263157,114.0,0.2,11.0,19.0,6,rolling,net_profit_fitness,3_days,rep_1,53,11
train,1,0,86986,86986,125287,11,12,482,3.75,6,27,2,336.0,6,336.0,393.0,57.0,6.894736842105263,38.0,0.5,56.0,19.0,2,rolling,net_profit_fitness,3_days,rep_1,53,11
test,1,0,86986,86986,125287,11,12,482,3.75,6,27,2,330.0,10,110.0,262.0,152.0,1.7236842105263157,114.0,0.2,11.0,19.0,6,rolling,net_profit_fitness,3_days,rep_1,54,11
train,1,0,86986,86986,125287,11,12,482,3.75,6,27,2,336.0,6,336.0,393.0,57.0,6.894736842105263,38.0,0.5,56.0,19.0,2,rolling,net_profit_fitness,3_days,rep_1,54,11
test,1,0,86986,86986,125287,11,12,482,3.75,6,27,2,330.0,10,110.0,262.0,152.0,1.7236842105263157,114.0,0.2,11.0,19.0,6,rolling,net_profit_fitness,3_days,rep_1,55,11
train,1,0,86986,86986,125287,11,12,482,3.75,6,27,2,336.0,6,336.0,393.0,57.0,6.894736842105263,38.0,0.5,56.0,19.0,2,rolling,net_profit_fitness,3_days,rep_1,55,11
test,1,0,86986,86986,125287,11,12,482,3.75,6,27,2,330.0,10,110.0,262.0,152.0,1.7236842105263157,114.0,0.2,11.0,19.0,6,rolling,net_profit_fitness,3_days,rep_1,56,11
train,1,0,86986,86986,125287,11,12,482,3.75,6,27,2,336.0,6,336.0,393.0,57.0,6.894736842105263,38.0,0.5,56.0,19.0,2,rolling,net_profit_fitness,3_days,rep_1,56,11
test,1,0,86986,86986,125287,11,12,482,3.75,6,27,2,330.0,10,110.0,262.0,152.0,1.7236842105263157,114.0,0.2,11.0,19.0,6,rolling,net_profit_fitness,3_days,rep_1,57,11
train,1,0,86986,86986,125287,11,12,482,3.75,6,27,2,336.0,6,336.0,393.0,57.0,6.894736842105263,38.0,0.5,56.0,19.0,2,rolling,net_profit_fitness,3_days,rep_1,57,11
test,1,0,86986,86986,125287,11,12,482,3.75,6,27,2,330.0,10,110.0,262.0,152.0,1.7236842105263157,114.0,0.2,11.0,19.0,6,rolling,net_profit_fitness,3_days,rep_1,58,11
train,1,0,86986,86986,125287,11,12,482,3.75,6,27,2,336.0,6,336.0,393.0,57.0,6.894736842105263,38.0,0.5,56.0,19.0,2,rolling,net_profit_fitness,3_days,rep_1,58,11
test,1,0,86986,86986,125287,11,12,482,3.75,6,27,2,330.0,10,110.0,262.0,152.0,1.7236842105263157,114.0,0.2,11.0,19.0,6,rolling,net_profit_fitness,3_days,rep_1,59,11
train,1,0,86986,86986,125287,11,12,482,3.75,6,27,2,336.0,6,336.0,393.0,57.0,6.894736842105263,38.0,0.5,56.0,19.0,2,rolling,net_profit_fitness,3_days,rep_1,59,11
test,1,0,86986,86986,125287,11,12,482,3.75,6,27,2,330.0,10,110.0,262.0,152.0,1.7236842105263157,114.0,0.2,11.0,19.0,6,rolling,net_profit_fitness,3_days,rep_1,60,11
train,1,0,86986,86986,125287,11,12,482,3.75,6,27,2,336.0,6,336.0,393.0,57.0,6.894736842105263,38.0,0.5,56.0,19.0,2,rolling,net_profit_fitness,3_days,rep_1,60,11
test,1,0,86986,86986,125287,11,12,482,3.75,6,27,2,330.0,10,110.0,262.0,152.0,1.7236842105263157,114.0,0.2,11.0,19.0,6,rolling,net_profit_fitness,3_days,rep_1,61,11
train,1,0,86986,86986,125287,11,12,482,3.75,6,27,2,336.0,6,336.0,393.0,57.0,6.894736842105263,38.0,0.5,56.0,19.0,2,rolling,net_profit_fitness,3_days,rep_1,61,11
test,1,0,86986,86986,125287,11,12,482,3.75,6,27,2,330.0,10,110.0,262.0,152.0,1.7236842105263157,114.0,0.2,11.0,19.0,6,rolling,net_profit_fitness,3_days,rep_1,62,11
train,1,0,86986,86986,125287,11,12,482,3.75,6,27,2,336.0,6,336.0,393.0,57.0,6.894736842105263,38.0,0.5,56.0,19.0,2,rolling,net_profit_fitness,3_days,rep_1,62,11
test,1,0,86986,86986,125287,11,12,482,3.75,6,27,2,330.0,10,110.0,262.0,152.0,1.7236842105263157,114.0,0.2,11.0,19.0,6,rolling,net_profit_fitness,3_days,rep_1,63,11
train,1,0,86986,86986,125287,11,12,482,3.75,6,27,2,336.0,6,336.0,393.0,57.0,6.894736842105263,38.0,0.5,56.0,19.0,2,rolling,net_profit_fitness,3_days,rep_1,63,11
test,1,0,86986,86986,125287,11,12,482,3.75,6,27,2,330.0,10,110.0,262.0,152.0,1.7236842105263157,114.0,0.2,11.0,19.0,6,rolling,net_profit_fitness,3_days,rep_1,64,11
train,1,0,86986,86986,125287,11,12,482,3.75,6,27,2,336.0,6,336.0,393.0,57.0,6.894736842105263,38.0,0.5,56.0,19.0,2,rolling,net_profit_fitness,3_days,rep_1,64,11
test,1,0,86986,86986,125287,11,12,482,3.75,6,27,2,330.0,10,110.0,262.0,152.0,1.7236842105263157,114.0,0.2,11.0,19.0,6,rolling,net_profit_fitness,3_days,rep_1,65,11
train,1,0,86986,86986,125287,11,12,482,3.75,6,27,2,336.0,6,336.0,393.0,57.0,6.894736842105263,38.0,0.5,56.0,19.0,2,rolling,net_profit_fitness,3_days,rep_1,65,11
test,1,0,86986,86986,125287,11,12,482,3.75,6,27,2,330.0,10,110.0,262.0,152.0,1.7236842105263157,114.0,0.2,11.0,19.0,6,rolling,net_profit_fitness,3_days,rep_1,66,11
train,1,0,86986,86986,125287,11,12,482,3.75,6,27,2,336.0,6,336.0,393.0,57.0,6.894736842105263,38.0,0.5,56.0,19.0,2,rolling,net_profit_fitness,3_days,rep_1,66,11
test,1,0,86986,86986,125287,11,12,482,3.75,6,27,2,330.0,10,110.0,262.0,152.0,1.7236842105263157,114.0,0.2,11.0,19.0,6,rolling,net_profit_fitness,3_days,rep_1,67,11
train,1,0,86986,86986,125287,11,12,482,3.75,6,27,2,336.0,6,336.0,393.0,57.0,6.894736842105263,38.0,0.5,56.0,19.0,2,rolling,net_profit_fitness,3_days,rep_1,67,11
test,1,0,86986,86986,125287,11,12,482,3.75,6,27,2,330.0,10,110.0,262.0,152.0,1.7236842105263157,114.0,0.2,11.0,19.0,6,rolling,net_profit_fitness,3_days,rep_1,68,11
train,1,0,86986,86986,125287,11,12,482,3.75,6,27,2,336.0,6,336.0,393.0,57.0,6.894736842105263,38.0,0.5,56.0,19.0,2,rolling,net_profit_fitness,3_days,rep_1,68,11
test,1,0,86986,86986,125287,11,12,482,3.75,6,27,2,330.0,10,110.0,262.0,152.0,1.7236842105263157,114.0,0.2,11.0,19.0,6,rolling,net_profit_fitness,3_days,rep_1,69,11
train,1,0,86986,86986,125287,11,12,482,3.75,6,27,2,336.0,6,336.0,393.0,57.0,6.894736842105263,38.0,0.5,56.0,19.0,2,rolling,net_profit_fitness,3_days,rep_1,69,11
test,1,0,86986,86986,125287,11,12,482,3.75,6,27,2,330.0,10,110.0,262.0,152.0,1.7236842105263157,114.0,0.2,11.0,19.0,6,rolling,net_profit_fitness,3_days,rep_1,70,11
train,1,0,86986,86986,125287,11,12,482,3.75,6,27,2,336.0,6,336.0,393.0,57.0,6.894736842105263,38.0,0.5,56.0,19.0,2,rolling,net_profit_fitness,3_days,rep_1,70,11
test,1,0,86986,86986,125287,11,12,482,3.75,6,27,2,330.0,10,110.0,262.0,152.0,1.7236842105263157,114.0,0.2,11.0,19.0,6,rolling,net_profit_fitness,3_days,rep_1,71,11
train,1,0,86986,86986,125287,11,12,482,3.75,6,27,2,336.0,6,336.0,393.0,57.0,6.894736842105263,38.0,0.5,56.0,19.0,2,rolling,net_profit_fitness,3_days,rep_1,71,11
test,1,0,86986,86986,125287,11,12,482,3.75,6,27,2,330.0,10,110.0,262.0,152.0,1.7236842105263157,114.0,0.2,11.0,19.0,6,rolling,net_profit_fitness,3_days,rep_1,72,11
train,1,0,86986,86986,125287,11,12,482,3.75,6,27,2,336.0,6,336.0,393.0,57.0,6.894736842105263,38.0,0.5,56.0,19.0,2,rolling,net_profit_fitness,3_days,rep_1,72,11
test,1,0,86986,86986,125287,11,12,482,3.75,6,27,2,330.0,10,110.0,262.0,152.0,1.7236842105263157,114.0,0.2,11.0,19.0,6,rolling,net_profit_fitness,3_days,rep_1,73,11
train,1,0,86986,86986,125287,11,12,482,3.75,6,27,2,336.0,6,336.0,393.0,57.0,6.894736842105263,38.0,0.5,56.0,19.0,2,rolling,net_profit_fitness,3_days,rep_1,73,11
test,1,0,86986,86986,125287,11,12,482,3.75,6,27,2,330.0,10,110.0,262.0,152.0,1.7236842105263157,114.0,0.2,11.0,19.0,6,rolling,net_profit_fitness,3_days,rep_1,74,11
train,1,0,86986,86986,125287,11,12,482,3.75,6,27,2,336.0,6,336.0,393.0,57.0,6.894736842105263,38.0,0.5,56.0,19.0,2,rolling,net_profit_fitness,3_days,rep_1,74,11
test,1,0,86986,86986,125287,11,12,482,3.75,6,27,2,330.0,10,110.0,262.0,152.0,1.7236842105263157,114.0,0.2,11.0,19.0,6,rolling,net_profit_fitness,3_days,rep_1,75,11
train,1,0,86986,86986,125287,11,12,482,3.75,6,27,2,336.0,6,336.0,393.0,57.0,6.894736842105263,38.0,0.5,56.0,19.0,2,rolling,net_profit_fitness,3_days,rep_1,75,11
test,1,0,86986,86986,125287,11,12,482,3.75,6,27,2,330.0,10,110.0,262.0,152.0,1.7236842105263157,114.0,0.2,11.0,19.0,6,rolling,net_profit_fitness,3_days,rep_1,76,11
train,1,0,86986,86986,125287,11,12,482,3.75,6,27,2,336.0,6,336.0,393.0,57.0,6.894736842105263,38.0,0.5,56.0,19.0,2,rolling,net_profit_fitness,3_days,rep_1,76,11
test,1,0,86986,86986,125287,11,12,482,3.75,6,27,2,330.0,10,110.0,262.0,152.0,1.7236842105263157,114.0,0.2,11.0,19.0,6,rolling,net_profit_fitness,3_days,rep_1,77,11
train,1,0,86986,86986,125287,11,12,482,3.75,6,27,2,336.0,6,336.0,393.0,57.0,6.894736842105263,38.0,0.5,56.0,19.0,2,rolling,net_profit_fitness,3_days,rep_1,77,11
test,1,0,86986,86986,125287,11,12,482,3.75,6,27,2,330.0,10,110.0,262.0,152.0,1.7236842105263157,114.0,0.2,11.0,19.0,6,rolling,net_profit_fitness,3_days,rep_1,78,11
train,1,0,86986,86986,125287,11,12,482,3.75,6,27,2,336.0,6,336.0,393.0,57.0,6.894736842105263,38.0,0.5,56.0,19.0,2,rolling,net_profit_fitness,3_days,rep_1,78,11
test,1,0,86986,86986,125287,11,12,482,3.75,6,27,2,330.0,10,110.0,262.0,152.0,1.7236842105263157,114.0,0.2,11.0,19.0,6,rolling,net_profit_fitness,3_days,rep_1,79,11
train,1,0,86986,86986,125287,11,12,482,3.75,6,27,2,336.0,6,336.0,393.0,57.0,6.894736842105263,38.0,0.5,56.0,19.0,2,rolling,net_profit_fitness,3_days,rep_1,79,11
test,1,0,86986,86986,125287,11,12,482,3.75,6,27,2,330.0,10,110.0,262.0,152.0,1.7236842105263157,114.0,0.2,11.0,19.0,6,rolling,net_profit_fitness,3_days,rep_1,80,11
train,1,0,86986,86986,125287,11,12,482,3.75,6,27,2,336.0,6,336.0,393.0,57.0,6.894736842105263,38.0,0.5,56.0,19.0,2,rolling,net_profit_fitness,3_days,rep_1,80,11
test,1,0,86986,86986,125287,11,12,482,3.75,6,27,2,330.0,10,110.0,262.0,152.0,1.7236842105263157,114.0,0.2,11.0,19.0,6,rolling,net_profit_fitness,3_days,rep_1,81,11
train,1,0,86986,86986,125287,11,12,482,3.75,6,27,2,336.0,6,336.0,393.0,57.0,6.894736842105263,38.0,0.5,56.0,19.0,2,rolling,net_profit_fitness,3_days,rep_1,81,11
test,1,0,86986,86986,125287,11,12,482,3.75,6,27,2,330.0,10,110.0,262.0,152.0,1.7236842105263157,114.0,0.2,11.0,19.0,6,rolling,net_profit_fitness,3_days,rep_1,82,11
train,1,0,86986,86986,125287,11,12,482,3.75,6,27,2,336.0,6,336.0,393.0,57.0,6.894736842105263,38.0,0.5,56.0,19.0,2,rolling,net_profit_fitness,3_days,rep_1,82,11
test,1,0,86986,86986,125287,11,12,482,3.75,6,27,2,330.0,10,110.0,262.0,152.0,1.7236842105263157,114.0,0.2,11.0,19.0,6,rolling,net_profit_fitness,3_days,rep_1,83,11
train,1,0,86986,86986,125287,11,12,482,3.75,6,27,2,336.0,6,336.0,393.0,57.0,6.894736842105263,38.0,0.5,56.0,19.0,2,rolling,net_profit_fitness,3_days,rep_1,83,11
test,1,0,86986,86986,125287,11,12,482,3.75,6,27,2,330.0,10,110.0,262.0,152.0,1.7236842105263157,114.0,0.2,11.0,19.0,6,rolling,net_profit_fitness,3_days,rep_1,84,11
train,1,0,86986,86986,125287,11,12,482,3.75,6,27,2,336.0,6,336.0,393.0,57.0,6.894736842105263,38.0,0.5,56.0,19.0,2,rolling,net_profit_fitness,3_days,rep_1,84,11
test,1,0,86986,86986,125287,11,12,482,3.75,6,27,2,330.0,10,110.0,262.0,152.0,1.7236842105263157,114.0,0.2,11.0,19.0,6,rolling,net_profit_fitness,3_days,rep_1,85,11
train,1,0,86986,86986,125287,11,12,482,3.75,6,27,2,336.0,6,336.0,393.0,57.0,6.894736842105263,38.0,0.5,56.0,19.0,2,rolling,net_profit_fitness,3_days,rep_1,85,11
test,1,0,86986,86986,125287,11,12,482,3.75,6,27,2,330.0,10,110.0,262.0,152.0,1.7236842105263157,114.0,0.2,11.0,19.0,6,rolling,net_profit_fitness,3_days,rep_1,86,11
train,1,0,86986,86986,125287,11,12,482,3.75,6,27,2,336.0,6,336.0,393.0,57.0,6.894736842105263,38.0,0.5,56.0,19.0,2,rolling,net_profit_fitness,3_days,rep_1,86,11
test,1,0,86986,86986,125287,11,12,482,3.75,6,27,2,330.0,10,110.0,262.0,152.0,1.7236842105263157,114.0,0.2,11.0,19.0,6,rolling,net_profit_fitness,3_days,rep_1,87,11
train,1,0,86986,86986,125287,11,12,482,3.75,6,27,2,336.0,6,336.0,393.0,57.0,6.894736842105263,38.0,0.5,56.0,19.0,2,rolling,net_profit_fitness,3_days,rep_1,87,11
test,1,0,86986,86986,125287,11,12,482,3.75,6,27,2,330.0,10,110.0,262.0,152.0,1.7236842105263157,114.0,0.2,11.0,19.0,6,rolling,net_profit_fitness,3_days,rep_1,88,11
train,1,0,86986,86986,125287,11,12,482,3.75,6,27,2,336.0,6,336.0,393.0,57.0,6.894736842105263,38.0,0.5,56.0,19.0,2,rolling,net_profit_fitness,3_days,rep_1,88,11
test,1,0,86986,86986,125287,11,12,482,3.75,6,27,2,330.0,10,110.0,262.0,152.0,1.7236842105263157,114.0,0.2,11.0,19.0,6,rolling,net_profit_fitness,3_days,rep_1,89,11
train,1,0,86986,86986,125287,11,12,482,3.75,6,27,2,336.0,6,336.0,393.0,57.0,6.894736842105263,38.0,0.5,56.0,19.0,2,rolling,net_profit_fitness,3_days,rep_1,89,11
test,1,0,86986,86986,125287,11,12,482,3.75,6,27,2,330.0,10,110.0,262.0,152.0,1.7236842105263157,114.0,0.2,11.0,19.0,6,rolling,net_profit_fitness,3_days,rep_1,90,11
train,1,0,86986,86986,125287,11,12,482,3.75,6,27,2,336.0,6,336.0,393.0,57.0,6.894736842105263,38.0,0.5,56.0,19.0,2,rolling,net_profit_fitness,3_days,rep_1,90,11
test,1,0,86986,86986,125287,11,12,482,3.75,6,27,2,330.0,10,110.0,262.0,152.0,1.7236842105263157,114.0,0.2,11.0,19.0,6,rolling,net_profit_fitness,3_days,rep_1,91,11
train,1,0,86986,86986,125287,11,12,482,3.75,6,27,2,336.0,6,336.0,393.0,57.0,6.894736842105263,38.0,0.5,56.0,19.0,2,rolling,net_profit_fitness,3_days,rep_1,91,11
test,1,0,86986,86986,125287,11,12,482,3.75,6,27,2,330.0,10,110.0,262.0,152.0,1.7236842105263157,114.0,0.2,11.0,19.0,6,rolling,net_profit_fitness,3_days,rep_1,92,11
train,1,0,86986,86986,125287,11,12,482,3.75,6,27,2,336.0,6,336.0,393.0,57.0,6.894736842105263,38.0,0.5,56.0,19.0,2,rolling,net_profit_fitness,3_days,rep_1,92,11
test,1,0,86986,86986,125287,11,12,482,3.75,6,27,2,330.0,10,110.0,262.0,152.0,1.7236842105263157,114.0,0.2,11.0,19.0,6,rolling,net_profit_fitness,3_days,rep_1,93,11
train,1,0,86986,86986,125287,11,12,482,3.75,6,27,2,336.0,6,336.0,393.0,57.0,6.894736842105263,38.0,0.5,56.0,19.0,2,rolling,net_profit_fitness,3_days,rep_1,93,11
test,1,0,86986,86986,125287,11,12,482,3.75,6,27,2,330.0,10,110.0,262.0,152.0,1.7236842105263157,114.0,0.2,11.0,19.0,6,rolling,net_profit_fitness,3_days,rep_1,94,11
train,1,0,86986,86986,125287,11,12,482,3.75,6,27,2,336.0,6,336.0,393.0,57.0,6.894736842105263,38.0,0.5,56.0,19.0,2,rolling,net_profit_fitness,3_days,rep_1,94,11
test,1,0,86986,86986,125287,11,12,482,3.75,6,27,2,330.0,10,110.0,262.0,152.0,1.7236842105263157,114.0,0.2,11.0,19.0,6,rolling,net_profit_fitness,3_days,rep_1,95,11
train,1,0,86986,86986,125287,11,12,482,3.75,6,27,2,336.0,6,336.0,393.0,57.0,6.894736842105263,38.0,0.5,56.0,19.0,2,rolling,net_profit_fitness,3_days,rep_1,95,11
test,1,0,86986,86986,125287,11,12,482,3.75,6,27,2,330.0,10,110.0,262.0,152.0,1.7236842105263157,114.0,0.2,11.0,19.0,6,rolling,net_profit_fitness,3_days,rep_1,96,11
train,1,0,86986,86986,125287,11,12,482,3.75,6,27,2,336.0,6,336.0,393.0,57.0,6.894736842105263,38.0,0.5,56.0,19.0,2,rolling,net_profit_fitness,3_days,rep_1,96,11
test,1,0,86986,86986,125287,11,12,482,3.75,6,27,2,330.0,10,110.0,262.0,152.0,1.7236842105263157,114.0,0.2,11.0,19.0,6,rolling,net_profit_fitness,3_days,rep_1,97,11
train,1,0,86986,86986,125287,11,12,482,3.75,6,27,2,336.0,6,336.0,393.0,57.0,6.894736842105263,38.0,0.5,56.0,19.0,2,rolling,net_profit_fitness,3_days,rep_1,97,11
test,1,0,86986,86986,125287,11,12,482,3.75,6,27,2,330.0,10,110.0,262.0,152.0,1.7236842105263157,114.0,0.2,11.0,19.0,6,rolling,net_profit_fitness,3_days,rep_1,98,11
train,1,0,86986,86986,125287,11,12,482,3.75,6,27,2,336.0,6,336.0,393.0,57.0,6.894736842105263,38.0,0.5,56.0,19.0,2,rolling,net_profit_fitness,3_days,rep_1,98,11
test,1,0,86986,86986,125287,11,12,482,3.75,6,27,2,330.0,10,110.0,262.0,152.0,1.7236842105263157,114.0,0.2,11.0,19.0,6,rolling,net_profit_fitness,3_days,rep_1,99,11
train,1,0,86986,86986,125287,11,12,482,3.75,6,27,2,336.0,6,336.0,393.0,57.0,6.894736842105263,38.0,0.5,56.0,19.0,2,rolling,net_profit_fitness,3_days,rep_1,99,11
test,1,0,86986,86986,125287,11,12,482,3.75,6,27,2,330.0,10,110.0,262.0,152.0,1.7236842105263157,114.0,0.2,11.0,19.0,6,rolling,net_profit_fitness,3_days,rep_1,100,11
train,1,0,86986,86986,125287,11,12,482,3.75,6,27,2,336.0,6,336.0,393.0,57.0,6.894736842105263,38.0,0.5,56.0,19.0,2,rolling,net_profit_fitness,3_days,rep_1,100,11
test,2,22406,125287,125287,130699,0,13,474,4.75,3,15,5,-3000.0,0,0.0,0.0,0.0,inf,0.0,0.0,0.0,0.0,0,rolling,net_profit_fitness,3_days,rep_1,0,0
train,2,22406,125287,125287,130699,0,13,474,4.75,3,15,5,157.0,17,157.0,497.0,340.0,1.4617647058823529,170.0,0.4117647058823529,9.235294117647058,34.0,5,rolling,net_profit_fitness,3_days,rep_1,0,0
test,2,22406,125287,125287,130699,1,6,875,9.0,5,8,2,-3000.0,0,0.0,0.0,0.0,inf,0.0,0.0,0.0,0.0,0,rolling,net_profit_fitness,3_days,rep_1,1,1
train,2,22406,125287,125287,130699,1,6,875,9.0,5,8,2,262.0,47,262.0,756.0,494.0,1.5303643724696356,97.0,0.4468085106382978,5.574468085106383,19.0,5,rolling,net_profit_fitness,3_days,rep_1,1,1
test,2,22406,125287,125287,130699,2,6,505,9.0,5,13,2,-3000.0,0,0.0,0.0,0.0,inf,0.0,0.0,0.0,0.0,0,rolling,net_profit_fitness,3_days,rep_1,2,2
train,2,22406,125287,125287,130699,2,6,505,9.0,5,13,2,333.0,33,333.0,732.0,399.0,1.8345864661654132,133.0,0.3636363636363636,10.090909090909092,19.0,7,rolling,net_profit_fitness,3_days,rep_1,2,2
test,2,22406,125287,125287,130699,2,6,505,9.0,5,13,2,-3000.0,0,0.0,0.0,0.0,inf,0.0,0.0,0.0,0.0,0,rolling,net_profit_fitness,3_days,rep_1,3,2
train,2,22406,125287,125287,130699,2,6,505,9.0,5,13,2,333.0,33,333.0,732.0,399.0,1.8345864661654132,133.0,0.3636363636363636,10.090909090909092,19.0,7,rolling,net_profit_fitness,3_days,rep_1,3,2
test,2,22406,125287,125287,130699,4,12,1508,4.75,4,15,2,-3000.0,0,0.0,0.0,0.0,inf,0.0,0.0,0.0,0.0,0,rolling,net_profit_fitness,3_days,rep_1,4,4
train,2,22406,125287,125287,130699,4,12,1508,4.75,4,15,2,463.0,23,463.0,710.0,247.0,2.874493927125506,95.0,0.4347826086956521,20.130434782608692,19.0,5,rolling,net_profit_fitness,3_days,rep_1,4,4
test,2,22406,125287,125287,130699,4,12,1508,4.75,4,15,2,-3000.0,0,0.0,0.0,0.0,inf,0.0,0.0,0.0,0.0,0,rolling,net_profit_fitness,3_days,rep_1,5,4
train,2,22406,125287,125287,130699,4,12,1508,4.75,4,15,2,463.0,23,463.0,710.0,247.0,2.874493927125506,95.0,0.4347826086956521,20.130434782608692,19.0,5,rolling,net_profit_fitness,3_days,rep_1,5,4
test,2,22406,125287,125287,130699,6,13,1654,9.25,5,13,3,-3000.0,0,0.0,0.0,0.0,inf,0.0,0.0,0.0,0.0,0,rolling,net_profit_fitness,3_days,rep_1,6,6
train,2,22406,125287,125287,130699,6,13,1654,9.25,5,13,3,490.0,15,490.0,610.0,120.0,5.083333333333333,48.0,0.6666666666666666,32.666666666666664,24.0,2,rolling,net_profit_fitness,3_days,rep_1,6,6
test,2,22406,125287,125287,130699,7,13,3493,9.0,5,13,2,-3000.0,0,0.0,0.0,0.0,inf,0.0,0.0,0.0,0.0,0,rolling,net_profit_fitness,3_days,rep_1,7,7
train,2,22406,125287,125287,130699,7,13,3493,9.0,5,13,2,515.0,15,515.0,610.0,95.0,6.421052631578948,38.0,0.6666666666666666,34.333333333333336,19.0,2,rolling,net_profit_fitness,3_days,rep_1,7,7
test,2,22406,125287,125287,130699,7,13,3493,9.0,5,13,2,-3000.0,0,0.0,0.0,0.0,inf,0.0,0.0,0.0,0.0,0,rolling,net_profit_fitness,3_days,rep_1,8,7
train,2,22406,125287,125287,130699,7,13,3493,9.0,5,13,2,515.0,15,515.0,610.0,95.0,6.421052631578948,38.0,0.6666666666666666,34.333333333333336,19.0,2,rolling,net_profit_fitness,3_days,rep_1,8,7
test,2,22406,125287,125287,130699,9,11,1654,9.25,5,13,2,-3000.0,0,0.0,0.0,0.0,inf,0.0,0.0,0.0,0.0,0,rolling,net_profit_fitness,3_days,rep_1,9,9
train,2,22406,125287,125287,130699,9,11,1654,9.25,5,13,2,542.0,22,542.0,732.0,190.0,3.852631578947368,57.0,0.5454545454545454,24.63636363636364,19.0,3,rolling,net_profit_fitness,3_days,rep_1,9,9
test,2,22406,125287,125287,130699,9,11,1654,9.25,5,13,2,-3000.0,0,0.0,0.0,0.0,inf,0.0,0.0,0.0,0.0,0,rolling,net_profit_fitness,3_days,rep_1,10,9
train,2,22406,125287,125287,130699,9,11,1654,9.25,5,13,2,542.0,22,542.0,732.0,190.0,3.852631578947368,57.0,0.5454545454545454,24.63636363636364,19.0,3,rolling,net_profit_fitness,3_days,rep_1,10,9
test,2,22406,125287,125287,130699,9,11,1654,9.25,5,13,2,-3000.0,0,0.0,0.0,0.0,inf,0.0,0.0,0.0,0.0,0,rolling,net_profit_fitness,3_days,rep_1,11,9
train,2,22406,125287,125287,130699,9,11,1654,9.25,5,13,2,542.0,22,542.0,732.0,190.0,3.852631578947368,57.0,0.5454545454545454,24.63636363636364,19.0,3,rolling,net_profit_fitness,3_days,rep_1,11,9
test,2,22406,125287,125287,130699,9,11,1654,9.25,5,13,2,-3000.0,0,0.0,0.0,0.0,inf,0.0,0.0,0.0,0.0,0,rolling,net_profit_fitness,3_days,rep_1,12,9
train,2,22406,125287,125287,130699,9,11,1654,9.25,5,13,2,542.0,22,542.0,732.0,190.0,3.852631578947368,57.0,0.5454545454545454,24.63636363636364,19.0,3,rolling,net_profit_fitness,3_days,rep_1,12,9
test,2,22406,125287,125287,130699,13,11,1372,9.25,5,13,2,-3000.0,0,0.0,0.0,0.0,inf,0.0,0.0,0.0,0.0,0,rolling,net_profit_fitness,3_days,rep_1,13,13
train,2,22406,125287,125287,130699,13,11,1372,9.25,5,13,2,561.0,21,561.0,732.0,171.0,4.280701754385965,57.0,0.5714285714285714,26.714285714285715,19.0,3,rolling,net_profit_fitness,3_days,rep_1,13,13
test,2,22406,125287,125287,130699,13,11,1372,9.25,5,13,2,-3000.0,0,0.0,0.0,0.0,inf,0.0,0.0,0.0,0.0,0,rolling,net_profit_fitness,3_days,rep_1,14,13
train,2,22406,125287,125287,130699,13,11,1372,9.25,5,13,2,561.0,21,561.0,732.0,171.0,4.280701754385965,57.0,0.5714285714285714,26.714285714285715,19.0,3,rolling,net_profit_fitness,3_days,rep_1,14,13
test,2,22406,125287,125287,130699,13,11,1372,9.25,5,13,2,-3000.0,0,0.0,0.0,0.0,inf,0.0,0.0,0.0,0.0,0,rolling,net_profit_fitness,3_days,rep_1,15,13
train,2,22406,125287,125287,130699,13,11,1372,9.25,5,13,2,561.0,21,561.0,732.0,171.0,4.280701754385965,57.0,0.5714285714285714,26.714285714285715,19.0,3,rolling,net_profit_fitness,3_days,rep_1,15,13
test,2,22406,125287,125287,130699,13,11,1372,9.25,5,13,2,-3000.0,0,0.0,0.0,0.0,inf,0.0,0.0,0.0,0.0,0,rolling,net_profit_fitness,3_days,rep_1,16,13
train,2,22406,125287,125287,130699,13,11,1372,9.25,5,13,2,561.0,21,561.0,732.0,171.0,4.280701754385965,57.0,0.5714285714285714,26.714285714285715,19.0,3,rolling,net_profit_fitness,3_days,rep_1,16,13
test,2,22406,125287,125287,130699,13,11,1372,9.25,5,13,2,-3000.0,0,0.0,0.0,0.0,inf,0.0,0.0,0.0,0.0,0,rolling,net_profit_fitness,3_days,rep_1,17,13
train,2,22406,125287,125287,130699,13,11,1372,9.25,5,13,2,561.0,21,561.0,732.0,171.0,4.280701754385965,57.0,0.5714285714285714,26.714285714285715,19.0,3,rolling,net_profit_fitness,3_days,rep_1,17,13
test,2,22406,125287,125287,130699,13,11,1372,9.25,5,13,2,-3000.0,0,0.0,0.0,0.0,inf,0.0,0.0,0.0,0.0,0,rolling,net_profit_fitness,3_days,rep_1,18,13
train,2,22406,125287,125287,130699,13,11,1372,9.25,5,13,2,561.0,21,561.0,732.0,171.0,4.280701754385965,57.0,0.5714285714285714,26.714285714285715,19.0,3,rolling,net_profit_fitness,3_days,rep_1,18,13
test,2,22406,125287,125287,130699,13,11,1372,9.25,5,13,2,-3000.0,0,0.0,0.0,0.0,inf,0.0,0.0,0.0,0.0,0,rolling,net_profit_fitness,3_days,rep_1,19,13
train,2,22406,125287,125287,130699,13,11,1372,9.25,5,13,2,561.0,21,561.0,732.0,171.0,4.280701754385965,57.0,0.5714285714285714,26.714285714285715,19.0,3,rolling,net_profit_fitness,3_days,rep_1,19,13
test,2,22406,125287,125287,130699,13,11,1372,9.25,5,13,2,-3000.0,0,0.0,0.0,0.0,inf,0.0,0.0,0.0,0.0,0,rolling,net_profit_fitness,3_days,rep_1,20,13
train,2,22406,125287,125287,130699,13,11,1372,9.25,5,13,2,561.0,21,561.0,732.0,171.0,4.280701754385965,57.0,0.5714285714285714,26.714285714285715,19.0,3,rolling,net_profit_fitness,3_days,rep_1,20,13
test,2,22406,125287,125287,130699,13,11,1372,9.25,5,13,2,-3000.0,0,0.0,0.0,0.0,inf,0.0,0.0,0.0,0.0,0,rolling,net_profit_fitness,3_days,rep_1,21,13
train,2,22406,125287,125287,130699,13,11,1372,9.25,5,13,2,561.0,21,561.0,732.0,171.0,4.280701754385965,57.0,0.5714285714285714,26.714285714285715,19.0,3,rolling,net_profit_fitness,3_days,rep_1,21,13
test,2,22406,125287,125287,130699,13,11,1372,9.25,5,13,2,-3000.0,0,0.0,0.0,0.0,inf,0.0,0.0,0.0,0.0,0,rolling,net_profit_fitness,3_days,rep_1,22,13
train,2,22406,125287,125287,130699,13,11,1372,9.25,5,13,2,561.0,21,561.0,732.0,171.0,4.280701754385965,57.0,0.5714285714285714,26.714285714285715,19.0,3,rolling,net_profit_fitness,3_days,rep_1,22,13
test,2,22406,125287,125287,130699,13,11,1372,9.25,5,13,2,-3000.0,0,0.0,0.0,0.0,inf,0.0,0.0,0.0,0.0,0,rolling,net_profit_fitness,3_days,rep_1,23,13
train,2,22406,125287,125287,130699,13,11,1372,9.25,5,13,2,561.0,21,561.0,732.0,171.0,4.280701754385965,57.0,0.5714285714285714,26.714285714285715,19.0,3,rolling,net_profit_fitness,3_days,rep_1,23,13
test,2,22406,125287,125287,130699,13,11,1372,9.25,5,13,2,-3000.0,0,0.0,0.0,0.0,inf,0.0,0.0,0.0,0.0,0,rolling,net_profit_fitness,3_days,rep_1,24,13
train,2,22406,125287,125287,130699,13,11,1372,9.25,5,13,2,561.0,21,561.0,732.0,171.0,4.280701754385965,57.0,0.5714285714285714,26.714285714285715,19.0,3,rolling,net_profit_fitness,3_days,rep_1,24,13
test,2,22406,125287,125287,130699,13,11,1372,9.25,5,13,2,-3000.0,0,0.0,0.0,0.0,inf,0.0,0.0,0.0,0.0,0,rolling,net_profit_fitness,3_days,rep_1,25,13
train,2,22406,125287,125287,130699,13,11,1372,9.25,5,13,2,561.0,21,561.0,732.0,171.0,4.280701754385965,57.0,0.5714285714285714,26.714285714285715,19.0,3,rolling,net_profit_fitness,3_days,rep_1,25,13
test,2,22406,125287,125287,130699,13,11,1372,9.25,5,13,2,-3000.0,0,0.0,0.0,0.0,inf,0.0,0.0,0.0,0.0,0,rolling,net_profit_fitness,3_days,rep_1,26,13
train,2,22406,125287,125287,130699,13,11,1372,9.25,5,13,2,561.0,21,561.0,732.0,171.0,4.280701754385965,57.0,0.5714285714285714,26.714285714285715,19.0,3,rolling,net_profit_fitness,3_days,rep_1,26,13
test,2,22406,125287,125287,130699,13,11,1372,9.25,5,13,2,-3000.0,0,0.0,0.0,0.0,inf,0.0,0.0,0.0,0.0,0,rolling,net_profit_fitness,3_days,rep_1,27,13
train,2,22406,125287,125287,130699,13,11,1372,9.25,5,13,2,561.0,21,561.0,732.0,171.0,4.280701754385965,57.0,0.5714285714285714,26.714285714285715,19.0,3,rolling,net_profit_fitness,3_days,rep_1,27,13
test,2,22406,125287,125287,130699,13,11,1372,9.25,5,13,2,-3000.0,0,0.0,0.0,0.0,inf,0.0,0.0,0.0,0.0,0,rolling,net_profit_fitness,3_days,rep_1,28,13
train,2,22406,125287,125287,130699,13,11,1372,9.25,5,13,2,561.0,21,561.0,732.0,171.0,4.280701754385965,57.0,0.5714285714285714,26.714285714285715,19.0,3,rolling,net_profit_fitness,3_days,rep_1,28,13
test,2,22406,125287,125287,130699,13,11,1372,9.25,5,13,2,-3000.0,0,0.0,0.0,0.0,inf,0.0,0.0,0.0,0.0,0,rolling,net_profit_fitness,3_days,rep_1,29,13
train,2,22406,125287,125287,130699,13,11,1372,9.25,5,13,2,561.0,21,561.0,732.0,171.0,4.280701754385965,57.0,0.5714285714285714,26.714285714285715,19.0,3,rolling,net_profit_fitness,3_days,rep_1,29,13
test,2,22406,125287,125287,130699,13,11,1372,9.25,5,13,2,-3000.0,0,0.0,0.0,0.0,inf,0.0,0.0,0.0,0.0,0,rolling,net_profit_fitness,3_days,rep_1,30,13
train,2,22406,125287,125287,130699,13,11,1372,9.25,5,13,2,561.0,21,561.0,732.0,171.0,4.280701754385965,57.0,0.5714285714285714,26.714285714285715,19.0,3,rolling,net_profit_fitness,3_days,rep_1,30,13
test,2,22406,125287,125287,130699,13,11,1372,9.25,5,13,2,-3000.0,0,0.0,0.0,0.0,inf,0.0,0.0,0.0,0.0,0,rolling,net_profit_fitness,3_days,rep_1,31,13
train,2,22406,125287,125287,130699,13,11,1372,9.25,5,13,2,561.0,21,561.0,732.0,171.0,4.280701754385965,57.0,0.5714285714285714,26.714285714285715,19.0,3,rolling,net_profit_fitness,3_days,rep_1,31,13
test,2,22406,125287,125287,130699,13,11,1372,9.25,5,13,2,-3000.0,0,0.0,0.0,0.0,inf,0.0,0.0,0.0,0.0,0,rolling,net_profit_fitness,3_days,rep_1,32,13
train,2,22406,125287,125287,130699,13,11,1372,9.25,5,13,2,561.0,21,561.0,732.0,171.0,4.280701754385965,57.0,0.5714285714285714,26.714285714285715,19.0,3,rolling,net_profit_fitness,3_days,rep_1,32,13
test,2,22406,125287,125287,130699,13,11,1372,9.25,5,13,2,-3000.0,0,0.0,0.0,0.0,inf,0.0,0.0,0.0,0.0,0,rolling,net_profit_fitness,3_days,rep_1,33,13
train,2,22406,125287,125287,130699,13,11,1372,9.25,5,13,2,561.0,21,561.0,732.0,171.0,4.280701754385965,57.0,0.5714285714285714,26.714285714285715,19.0,3,rolling,net_profit_fitness,3_days,rep_1,33,13
test,2,22406,125287,125287,130699,13,11,1372,9.25,5,13,2,-3000.0,0,0.0,0.0,0.0,inf,0.0,0.0,0.0,0.0,0,rolling,net_profit_fitness,3_days,rep_1,34,13
train,2,22406,125287,125287,130699,13,11,1372,9.25,5,13,2,561.0,21,561.0,732.0,171.0,4.280701754385965,57.0,0.5714285714285714,26.714285714285715,19.0,3,rolling,net_profit_fitness,3_days,rep_1,34,13
test,2,22406,125287,125287,130699,13,11,1372,9.25,5,13,2,-3000.0,0,0.0,0.0,0.0,inf,0.0,0.0,0.0,0.0,0,rolling,net_profit_fitness,3_days,rep_1,35,13
train,2,22406,125287,125287,130699,13,11,1372,9.25,5,13,2,561.0,21,561.0,732.0,171.0,4.280701754385965,57.0,0.5714285714285714,26.714285714285715,19.0,3,rolling,net_profit_fitness,3_days,rep_1,35,13
test,2,22406,125287,125287,130699,13,11,1372,9.25,5,13,2,-3000.0,0,0.0,0.0,0.0,inf,0.0,0.0,0.0,0.0,0,rolling,net_profit_fitness,3_days,rep_1,36,13
train,2,22406,125287,125287,130699,13,11,1372,9.25,5,13,2,561.0,21,561.0,732.0,171.0,4.280701754385965,57.0,0.5714285714285714,26.714285714285715,19.0,3,rolling,net_profit_fitness,3_days,rep_1,36,13
test,2,22406,125287,125287,130699,13,11,1372,9.25,5,13,2,-3000.0,0,0.0,0.0,0.0,inf,0.0,0.0,0.0,0.0,0,rolling,net_profit_fitness,3_days,rep_1,37,13
train,2,22406,125287,125287,130699,13,11,1372,9.25,5,13,2,561.0,21,561.0,732.0,171.0,4.280701754385965,57.0,0.5714285714285714,26.714285714285715,19.0,3,rolling,net_profit_fitness,3_days,rep_1,37,13
test,2,22406,125287,125287,130699,13,11,1372,9.25,5,13,2,-3000.0,0,0.0,0.0,0.0,inf,0.0,0.0,0.0,0.0,0,rolling,net_profit_fitness,3_days,rep_1,38,13
train,2,22406,125287,125287,130699,13,11,1372,9.25,5,13,2,561.0,21,561.0,732.0,171.0,4.280701754385965,57.0,0.5714285714285714,26.714285714285715,19.0,3,rolling,net_profit_fitness,3_days,rep_1,38,13
test,2,22406,125287,125287,130699,13,11,1372,9.25,5,13,2,-3000.0,0,0.0,0.0,0.0,inf,0.0,0.0,0.0,0.0,0,rolling,net_profit_fitness,3_days,rep_1,39,13
train,2,22406,125287,125287,130699,13,11,1372,9.25,5,13,2,561.0,21,561.0,732.0,171.0,4.280701754385965,57.0,0.5714285714285714,26.714285714285715,19.0,3,rolling,net_profit_fitness,3_days,rep_1,39,13
test,2,22406,125287,125287,130699,13,11,1372,9.25,5,13,2,-3000.0,0,0.0,0.0,0.0,inf,0.0,0.0,0.0,0.0,0,rolling,net_profit_fitness,3_days,rep_1,40,13
train,2,22406,125287,125287,130699,13,11,1372,9.25,5,13,2,561.0,21,561.0,732.0,171.0,4.280701754385965,57.0,0.5714285714285714,26.714285714285715,19.0,3,rolling,net_profit_fitness,3_days,rep_1,40,13
test,2,22406,125287,125287,130699,13,11,1372,9.25,5,13,2,-3000.0,0,0.0,0.0,0.0,inf,0.0,0.0,0.0,0.0,0,rolling,net_profit_fitness,3_days,rep_1,41,13
train,2,22406,125287,125287,130699,13,11,1372,9.25,5,13,2,561.0,21,561.0,732.0,171.0,4.280701754385965,57.0,0.5714285714285714,26.714285714285715,19.0,3,rolling,net_profit_fitness,3_days,rep_1,41,13
test,2,22406,125287,125287,130699,13,11,1372,9.25,5,13,2,-3000.0,0,0.0,0.0,0.0,inf,0.0,0.0,0.0,0.0,0,rolling,net_profit_fitness,3_days,rep_1,42,13
train,2,22406,125287,125287,130699,13,11,1372,9.25,5,13,2,561.0,21,561.0,732.0,171.0,4.280701754385965,57.0,0.5714285714285714,26.714285714285715,19.0,3,rolling,net_profit_fitness,3_days,rep_1,42,13
test,2,22406,125287,125287,130699,13,11,1372,9.25,5,13,2,-3000.0,0,0.0,0.0,0.0,inf,0.0,0.0,0.0,0.0,0,rolling,net_profit_fitness,3_days,rep_1,43,13
train,2,22406,125287,125287,130699,13,11,1372,9.25,5,13,2,561.0,21,561.0,732.0,171.0,4.280701754385965,57.0,0.5714285714285714,26.714285714285715,19.0,3,rolling,net_profit_fitness,3_days,rep_1,43,13
test,2,22406,125287,125287,130699,13,11,1372,9.25,5,13,2,-3000.0,0,0.0,0.0,0.0,inf,0.0,0.0,0.0,0.0,0,rolling,net_profit_fitness,3_days,rep_1,44,13
train,2,22406,125287,125287,130699,13,11,1372,9.25,5,13,2,561.0,21,561.0,732.0,171.0,4.280701754385965,57.0,0.5714285714285714,26.714285714285715,19.0,3,rolling,net_profit_fitness,3_days,rep_1,44,13
test,2,22406,125287,125287,130699,13,11,1372,9.25,5,13,2,-3000.0,0,0.0,0.0,0.0,inf,0.0,0.0,0.0,0.0,0,rolling,net_profit_fitness,3_days,rep_1,45,13
train,2,22406,125287,125287,130699,13,11,1372,9.25,5,13,2,561.0,21,561.0,732.0,171.0,4.280701754385965,57.0,0.5714285714285714,26.714285714285715,19.0,3,rolling,net_profit_fitness,3_days,rep_1,45,13
test,2,22406,125287,125287,130699,13,11,1372,9.25,5,13,2,-3000.0,0,0.0,0.0,0.0,inf,0.0,0.0,0.0,0.0,0,rolling,net_profit_fitness,3_days,rep_1,46,13
train,2,22406,125287,125287,130699,13,11,1372,9.25,5,13,2,561.0,21,561.0,732.0,171.0,4.280701754385965,57.0,0.5714285714285714,26.714285714285715,19.0,3,rolling,net_profit_fitness,3_days,rep_1,46,13
test,2,22406,125287,125287,130699,13,11,1372,9.25,5,13,2,-3000.0,0,0.0,0.0,0.0,inf,0.0,0.0,0.0,0.0,0,rolling,net_profit_fitness,3_days,rep_1,47,13
train,2,22406,125287,125287,130699,13,11,1372,9.25,5,13,2,561.0,21,561.0,732.0,171.0,4.280701754385965,57.0,0.5714285714285714,26.714285714285715,19.0,3,rolling,net_profit_fitness,3_days,rep_1,47,13
test,2,22406,125287,125287,130699,13,11,1372,9.25,5,13,2,-3000.0,0,0.0,0.0,0.0,inf,0.0,0.0,0.0,0.0,0,rolling,net_profit_fitness,3_days,rep_1,48,13
train,2,22406,125287,125287,130699,13,11,1372,9.25,5,13,2,561.0,21,561.0,732.0,171.0,4.280701754385965,57.0,0.5714285714285714,26.714285714285715,19.0,3,rolling,net_profit_fitness,3_days,rep_1,48,13
test,2,22406,125287,125287,130699,13,11,1372,9.25,5,13,2,-3000.0,0,0.0,0.0,0.0,inf,0.0,0.0,0.0,0.0,0,rolling,net_profit_fitness,3_days,rep_1,49,13
train,2,22406,125287,125287,130699,13,11,1372,9.25,5,13,2,561.0,21,561.0,732.0,171.0,4.280701754385965,57.0,0.5714285714285714,26.714285714285715,19.0,3,rolling,net_profit_fitness,3_days,rep_1,49,13
test,2,22406,125287,125287,130699,13,11,1372,9.25,5,13,2,-3000.0,0,0.0,0.0,0.0,inf,0.0,0.0,0.0,0.0,0,rolling,net_profit_fitness,3_days,rep_1,50,13
train,2,22406,125287,125287,130699,13,11,1372,9.25,5,13,2,561.0,21,561.0,732.0,171.0,4.280701754385965,57.0,0.5714285714285714,26.714285714285715,19.0,3,rolling,net_profit_fitness,3_days,rep_1,50,13
test,2,22406,125287,125287,130699,13,11,1372,9.25,5,13,2,-3000.0,0,0.0,0.0,0.0,inf,0.0,0.0,0.0,0.0,0,rolling,net_profit_fitness,3_days,rep_1,51,13
train,2,22406,125287,125287,130699,13,11,1372,9.25,5,13,2,561.0,21,561.0,732.0,171.0,4.280701754385965,57.0,0.5714285714285714,26.714285714285715,19.0,3,rolling,net_profit_fitness,3_days,rep_1,51,13
test,2,22406,125287,125287,130699,13,11,1372,9.25,5,13,2,-3000.0,0,0.0,0.0,0.0,inf,0.0,0.0,0.0,0.0,0,rolling,net_profit_fitness,3_days,rep_1,52,13
train,2,22406,125287,125287,130699,13,11,1372,9.25,5,13,2,561.0,21,561.0,732.0,171.0,4.280701754385965,57.0,0.5714285714285714,26.714285714285715,19.0,3,rolling,net_profit_fitness,3_days,rep_1,52,13
test,2,22406,125287,125287,130699,13,11,1372,9.25,5,13,2,-3000.0,0,0.0,0.0,0.0,inf,0.0,0.0,0.0,0.0,0,rolling,net_profit_fitness,3_days,rep_1,53,13
train,2,22406,125287,125287,130699,13,11,1372,9.25,5,13,2,561.0,21,561.0,732.0,171.0,4.280701754385965,57.0,0.5714285714285714,26.714285714285715,19.0,3,rolling,net_profit_fitness,3_days,rep_1,53,13
test,2,22406,125287,125287,130699,13,11,1372,9.25,5,13,2,-3000.0,0,0.0,0.0,0.0,inf,0.0,0.0,0.0,0.0,0,rolling,net_profit_fitness,3_days,rep_1,54,13
train,2,22406,125287,125287,130699,13,11,1372,9.25,5,13,2,561.0,21,561.0,732.0,171.0,4.280701754385965,57.0,0.5714285714285714,26.714285714285715,19.0,3,rolling,net_profit_fitness,3_days,rep_1,54,13
test,2,22406,125287,125287,130699,13,11,1372,9.25,5,13,2,-3000.0,0,0.0,0.0,0.0,inf,0.0,0.0,0.0,0.0,0,rolling,net_profit_fitness,3_days,rep_1,55,13
train,2,22406,125287,125287,130699,13,11,1372,9.25,5,13,2,561.0,21,561.0,732.0,171.0,4.280701754385965,57.0,0.5714285714285714,26.714285714285715,19.0,3,rolling,net_profit_fitness,3_days,rep_1,55,13
test,2,22406,125287,125287,130699,13,11,1372,9.25,5,13,2,-3000.0,0,0.0,0.0,0.0,inf,0.0,0.0,0.0,0.0,0,rolling,net_profit_fitness,3_days,rep_1,56,13
train,2,22406,125287,125287,130699,13,11,1372,9.25,5,13,2,561.0,21,561.0,732.0,171.0,4.280701754385965,57.0,0.5714285714285714,26.714285714285715,19.0,3,rolling,net_profit_fitness,3_days,rep_1,56,13
test,2,22406,125287,125287,130699,13,11,1372,9.25,5,13,2,-3000.0,0,0.0,0.0,0.0,inf,0.0,0.0,0.0,0.0,0,rolling,net_profit_fitness,3_days,rep_1,57,13
train,2,22406,125287,125287,130699,13,11,1372,9.25,5,13,2,561.0,21,561.0,732.0,171.0,4.280701754385965,57.0,0.5714285714285714,26.714285714285715,19.0,3,rolling,net_profit_fitness,3_days,rep_1,57,13
test,2,22406,125287,125287,130699,13,11,1372,9.25,5,13,2,-3000.0,0,0.0,0.0,0.0,inf,0.0,0.0,0.0,0.0,0,rolling,net_profit_fitness,3_days,rep_1,58,13
train,2,22406,125287,125287,130699,13,11,1372,9.25,5,13,2,561.0,21,561.0,732.0,171.0,4.280701754385965,57.0,0.5714285714285714,26.714285714285715,19.0,3,rolling,net_profit_fitness,3_days,rep_1,58,13
test,2,22406,125287,125287,130699,13,11,1372,9.25,5,13,2,-3000.0,0,0.0,0.0,0.0,inf,0.0,0.0,0.0,0.0,0,rolling,net_profit_fitness,3_days,rep_1,59,13
train,2,22406,125287,125287,130699,13,11,1372,9.25,5,13,2,561.0,21,561.0,732.0,171.0,4.280701754385965,57.0,0.5714285714285714,26.714285714285715,19.0,3,rolling,net_profit_fitness,3_days,rep_1,59,13
test,2,22406,125287,125287,130699,13,11,1372,9.25,5,13,2,-3000.0,0,0.0,0.0,0.0,inf,0.0,0.0,0.0,0.0,0,rolling,net_profit_fitness,3_days,rep_1,60,13
train,2,22406,125287,125287,130699,13,11,1372,9.25,5,13,2,561.0,21,561.0,732.0,171.0,4.280701754385965,57.0,0.5714285714285714,26.714285714285715,19.0,3,rolling,net_profit_fitness,3_days,rep_1,60,13
test,2,22406,125287,125287,130699,13,11,1372,9.25,5,13,2,-3000.0,0,0.0,0.0,0.0,inf,0.0,0.0,0.0,0.0,0,rolling,net_profit_fitness,3_days,rep_1,61,13
train,2,22406,125287,125287,130699,13,11,1372,9.25,5,13,2,561.0,21,561.0,732.0,171.0,4.280701754385965,57.0,0.5714285714285714,26.714285714285715,19.0,3,rolling,net_profit_fitness,3_days,rep_1,61,13
test,2,22406,125287,125287,130699,13,11,1372,9.25,5,13,2,-3000.0,0,0.0,0.0,0.0,inf,0.0,0.0,0.0,0.0,0,rolling,net_profit_fitness,3_days,rep_1,62,13
train,2,22406,125287,125287,130699,13,11,1372,9.25,5,13,2,561.0,21,561.0,732.0,171.0,4.280701754385965,57.0,0.5714285714285714,26.714285714285715,19.0,3,rolling,net_profit_fitness,3_days,rep_1,62,13
test,2,22406,125287,125287,130699,13,11,1372,9.25,5,13,2,-3000.0,0,0.0,0.0,0.0,inf,0.0,0.0,0.0,0.0,0,rolling,net_profit_fitness,3_days,rep_1,63,13
train,2,22406,125287,125287,130699,13,11,1372,9.25,5,13,2,561.0,21,561.0,732.0,171.0,4.280701754385965,57.0,0.5714285714285714,26.714285714285715,19.0,3,rolling,net_profit_fitness,3_days,rep_1,63,13
test,2,22406,125287,125287,130699,13,11,1372,9.25,5,13,2,-3000.0,0,0.0,0.0,0.0,inf,0.0,0.0,0.0,0.0,0,rolling,net_profit_fitness,3_days,rep_1,64,13
train,2,22406,125287,125287,130699,13,11,1372,9.25,5,13,2,561.0,21,561.0,732.0,171.0,4.280701754385965,57.0,0.5714285714285714,26.714285714285715,19.0,3,rolling,net_profit_fitness,3_days,rep_1,64,13
test,2,22406,125287,125287,130699,13,11,1372,9.25,5,13,2,-3000.0,0,0.0,0.0,0.0,inf,0.0,0.0,0.0,0.0,0,rolling,net_profit_fitness,3_days,rep_1,65,13
train,2,22406,125287,125287,130699,13,11,1372,9.25,5,13,2,561.0,21,561.0,732.0,171.0,4.280701754385965,57.0,0.5714285714285714,26.714285714285715,19.0,3,rolling,net_profit_fitness,3_days,rep_1,65,13
test,2,22406,125287,125287,130699,13,11,1372,9.25,5,13,2,-3000.0,0,0.0,0.0,0.0,inf,0.0,0.0,0.0,0.0,0,rolling,net_profit_fitness,3_days,rep_1,66,13
train,2,22406,125287,125287,130699,13,11,1372,9.25,5,13,2,561.0,21,561.0,732.0,171.0,4.280701754385965,57.0,0.5714285714285714,26.714285714285715,19.0,3,rolling,net_profit_fitness,3_days,rep_1,66,13
test,2,22406,125287,125287,130699,13,11,1372,9.25,5,13,2,-3000.0,0,0.0,0.0,0.0,inf,0.0,0.0,0.0,0.0,0,rolling,net_profit_fitness,3_days,rep_1,67,13
train,2,22406,125287,125287,130699,13,11,1372,9.25,5,13,2,561.0,21,561.0,732.0,171.0,4.280701754385965,57.0,0.5714285714285714,26.714285714285715,19.0,3,rolling,net_profit_fitness,3_days,rep_1,67,13
test,2,22406,125287,125287,130699,13,11,1372,9.25,5,13,2,-3000.0,0,0.0,0.0,0.0,inf,0.0,0.0,0.0,0.0,0,rolling,net_profit_fitness,3_days,rep_1,68,13
train,2,22406,125287,125287,130699,13,11,1372,9.25,5,13,2,561.0,21,561.0,732.0,171.0,4.280701754385965,57.0,0.5714285714285714,26.714285714285715,19.0,3,rolling,net_profit_fitness,3_days,rep_1,68,13
test,2,22406,125287,125287,130699,13,11,1372,9.25,5,13,2,-3000.0,0,0.0,0.0,0.0,inf,0.0,0.0,0.0,0.0,0,rolling,net_profit_fitness,3_days,rep_1,69,13
train,2,22406,125287,125287,130699,13,11,1372,9.25,5,13,2,561.0,21,561.0,732.0,171.0,4.280701754385965,57.0,0.5714285714285714,26.714285714285715,19.0,3,rolling,net_profit_fitness,3_days,rep_1,69,13
test,2,22406,125287,125287,130699,13,11,1372,9.25,5,13,2,-3000.0,0,0.0,0.0,0.0,inf,0.0,0.0,0.0,0.0,0,rolling,net_profit_fitness,3_days,rep_1,70,13
train,2,22406,125287,125287,130699,13,11,1372,9.25,5,13,2,561.0,21,561.0,732.0,171.0,4.280701754385965,57.0,0.5714285714285714,26.714285714285715,19.0,3,rolling,net_profit_fitness,3_days,rep_1,70,13
test,2,22406,125287,125287,130699,13,11,1372,9.25,5,13,2,-3000.0,0,0.0,0.0,0.0,inf,0.0,0.0,0.0,0.0,0,rolling,net_profit_fitness,3_days,rep_1,71,13
train,2,22406,125287,125287,130699,13,11,1372,9.25,5,13,2,561.0,21,561.0,732.0,171.0,4.280701754385965,57.0,0.5714285714285714,26.714285714285715,19.0,3,rolling,net_profit_fitness,3_days,rep_1,71,13
test,2,22406,125287,125287,130699,13,11,1372,9.25,5,13,2,-3000.0,0,0.0,0.0,0.0,inf,0.0,0.0,0.0,0.0,0,rolling,net_profit_fitness,3_days,rep_1,72,13
train,2,22406,125287,125287,130699,13,11,1372,9.25,5,13,2,561.0,21,561.0,732.0,171.0,4.280701754385965,57.0,0.5714285714285714,26.714285714285715,19.0,3,rolling,net_profit_fitness,3_days,rep_1,72,13
test,2,22406,125287,125287,130699,13,11,1372,9.25,5,13,2,-3000.0,0,0.0,0.0,0.0,inf,0.0,0.0,0.0,0.0,0,rolling,net_profit_fitness,3_days,rep_1,73,13
train,2,22406,125287,125287,130699,13,11,1372,9.25,5,13,2,561.0,21,561.0,732.0,171.0,4.280701754385965,57.0,0.5714285714285714,26.714285714285715,19.0,3,rolling,net_profit_fitness,3_days,rep_1,73,13
test,2,22406,125287,125287,130699,13,11,1372,9.25,5,13,2,-3000.0,0,0.0,0.0,0.0,inf,0.0,0.0,0.0,0.0,0,rolling,net_profit_fitness,3_days,rep_1,74,13
train,2,22406,125287,125287,130699,13,11,1372,9.25,5,13,2,561.0,21,561.0,732.0,171.0,4.280701754385965,57.0,0.5714285714285714,26.714285714285715,19.0,3,rolling,net_profit_fitness,3_days,rep_1,74,13
test,2,22406,125287,125287,130699,13,11,1372,9.25,5,13,2,-3000.0,0,0.0,0.0,0.0,inf,0.0,0.0,0.0,0.0,0,rolling,net_profit_fitness,3_days,rep_1,75,13
train,2,22406,125287,125287,130699,13,11,1372,9.25,5,13,2,561.0,21,561.0,732.0,171.0,4.280701754385965,57.0,0.5714285714285714,26.714285714285715,19.0,3,rolling,net_profit_fitness,3_days,rep_1,75,13
test,2,22406,125287,125287,130699,13,11,1372,9.25,5,13,2,-3000.0,0,0.0,0.0,0.0,inf,0.0,0.0,0.0,0.0,0,rolling,net_profit_fitness,3_days,rep_1,76,13
train,2,22406,125287,125287,130699,13,11,1372,9.25,5,13,2,561.0,21,561.0,732.0,171.0,4.280701754385965,57.0,0.5714285714285714,26.714285714285715,19.0,3,rolling,net_profit_fitness,3_days,rep_1,76,13
test,2,22406,125287,125287,130699,13,11,1372,9.25,5,13,2,-3000.0,0,0.0,0.0,0.0,inf,0.0,0.0,0.0,0.0,0,rolling,net_profit_fitness,3_days,rep_1,77,13
train,2,22406,125287,125287,130699,13,11,1372,9.25,5,13,2,561.0,21,561.0,732.0,171.0,4.280701754385965,57.0,0.5714285714285714,26.714285714285715,19.0,3,rolling,net_profit_fitness,3_days,rep_1,77,13
test,2,22406,125287,125287,130699,13,11,1372,9.25,5,13,2,-3000.0,0,0.0,0.0,0.0,inf,0.0,0.0,0.0,0.0,0,rolling,net_profit_fitness,3_days,rep_1,78,13
train,2,22406,125287,125287,130699,13,11,1372,9.25,5,13,2,561.0,21,561.0,732.0,171.0,4.280701754385965,57.0,0.5714285714285714,26.714285714285715,19.0,3,rolling,net_profit_fitness,3_days,rep_1,78,13
test,2,22406,125287,125287,130699,13,11,1372,9.25,5,13,2,-3000.0,0,0.0,0.0,0.0,inf,0.0,0.0,0.0,0.0,0,rolling,net_profit_fitness,3_days,rep_1,79,13
train,2,22406,125287,125287,130699,13,11,1372,9.25,5,13,2,561.0,21,561.0,732.0,171.0,4.280701754385965,57.0,0.5714285714285714,26.714285714285715,19.0,3,rolling,net_profit_fitness,3_days,rep_1,79,13
test,2,22406,125287,125287,130699,13,11,1372,9.25,5,13,2,-3000.0,0,0.0,0.0,0.0,inf,0.0,0.0,0.0,0.0,0,rolling,net_profit_fitness,3_days,rep_1,80,13
train,2,22406,125287,125287,130699,13,11,1372,9.25,5,13,2,561.0,21,561.0,732.0,171.0,4.280701754385965,57.0,0.5714285714285714,26.714285714285715,19.0,3,rolling,net_profit_fitness,3_days,rep_1,80,13
test,2,22406,125287,125287,130699,13,11,1372,9.25,5,13,2,-3000.0,0,0.0,0.0,0.0,inf,0.0,0.0,0.0,0.0,0,rolling,net_profit_fitness,3_days,rep_1,81,13
train,2,22406,125287,125287,130699,13,11,1372,9.25,5,13,2,561.0,21,561.0,732.0,171.0,4.280701754385965,57.0,0.5714285714285714,26.714285714285715,19.0,3,rolling,net_profit_fitness,3_days,rep_1,81,13
test,2,22406,125287,125287,130699,13,11,1372,9.25,5,13,2,-3000.0,0,0.0,0.0,0.0,inf,0.0,0.0,0.0,0.0,0,rolling,net_profit_fitness,3_days,rep_1,82,13
train,2,22406,125287,125287,130699,13,11,1372,9.25,5,13,2,561.0,21,561.0,732.0,171.0,4.280701754385965,57.0,0.5714285714285714,26.714285714285715,19.0,3,rolling,net_profit_fitness,3_days,rep_1,82,13
test,2,22406,125287,125287,130699,13,11,1372,9.25,5,13,2,-3000.0,0,0.0,0.0,0.0,inf,0.0,0.0,0.0,0.0,0,rolling,net_profit_fitness,3_days,rep_1,83,13
train,2,22406,125287,125287,130699,13,11,1372,9.25,5,13,2,561.0,21,561.0,732.0,171.0,4.280701754385965,57.0,0.5714285714285714,26.714285714285715,19.0,3,rolling,net_profit_fitness,3_days,rep_1,83,13
test,2,22406,125287,125287,130699,13,11,1372,9.25,5,13,2,-3000.0,0,0.0,0.0,0.0,inf,0.0,0.0,0.0,0.0,0,rolling,net_profit_fitness,3_days,rep_1,84,13
train,2,22406,125287,125287,130699,13,11,1372,9.25,5,13,2,561.0,21,561.0,732.0,171.0,4.280701754385965,57.0,0.5714285714285714,26.714285714285715,19.0,3,rolling,net_profit_fitness,3_days,rep_1,84,13
test,2,22406,125287,125287,130699,13,11,1372,9.25,5,13,2,-3000.0,0,0.0,0.0,0.0,inf,0.0,0.0,0.0,0.0,0,rolling,net_profit_fitness,3_days,rep_1,85,13
train,2,22406,125287,125287,130699,13,11,1372,9.25,5,13,2,561.0,21,561.0,732.0,171.0,4.280701754385965,57.0,0.5714285714285714,26.714285714285715,19.0,3,rolling,net_profit_fitness,3_days,rep_1,85,13
test,2,22406,125287,125287,130699,13,11,1372,9.25,5,13,2,-3000.0,0,0.0,0.0,0.0,inf,0.0,0.0,0.0,0.0,0,rolling,net_profit_fitness,3_days,rep_1,86,13
train,2,22406,125287,125287,130699,13,11,1372,9.25,5,13,2,561.0,21,561.0,732.0,171.0,4.280701754385965,57.0,0.5714285714285714,26.714285714285715,19.0,3,rolling,net_profit_fitness,3_days,rep_1,86,13
test,2,22406,125287,125287,130699,13,11,1372,9.25,5,13,2,-3000.0,0,0.0,0.0,0.0,inf,0.0,0.0,0.0,0.0,0,rolling,net_profit_fitness,3_days,rep_1,87,13
train,2,22406,125287,125287,130699,13,11,1372,9.25,5,13,2,561.0,21,561.0,732.0,171.0,4.280701754385965,57.0,0.5714285714285714,26.714285714285715,19.0,3,rolling,net_profit_fitness,3_days,rep_1,87,13
test,2,22406,125287,125287,130699,13,11,1372,9.25,5,13,2,-3000.0,0,0.0,0.0,0.0,inf,0.0,0.0,0.0,0.0,0,rolling,net_profit_fitness,3_days,rep_1,88,13
train,2,22406,125287,125287,130699,13,11,1372,9.25,5,13,2,561.0,21,561.0,732.0,171.0,4.280701754385965,57.0,0.5714285714285714,26.714285714285715,19.0,3,rolling,net_profit_fitness,3_days,rep_1,88,13
test,2,22406,125287,125287,130699,13,11,1372,9.25,5,13,2,-3000.0,0,0.0,0.0,0.0,inf,0.0,0.0,0.0,0.0,0,rolling,net_profit_fitness,3_days,rep_1,89,13
train,2,22406,125287,125287,130699,13,11,1372,9.25,5,13,2,561.0,21,561.0,732.0,171.0,4.280701754385965,57.0,0.5714285714285714,26.714285714285715,19.0,3,rolling,net_profit_fitness,3_days,rep_1,89,13
test,2,22406,125287,125287,130699,13,11,1372,9.25,5,13,2,-3000.0,0,0.0,0.0,0.0,inf,0.0,0.0,0.0,0.0,0,rolling,net_profit_fitness,3_days,rep_1,90,13
train,2,22406,125287,125287,130699,13,11,1372,9.25,5,13,2,561.0,21,561.0,732.0,171.0,4.280701754385965,57.0,0.5714285714285714,26.714285714285715,19.0,3,rolling,net_profit_fitness,3_days,rep_1,90,13
test,2,22406,125287,125287,130699,13,11,1372,9.25,5,13,2,-3000.0,0,0.0,0.0,0.0,inf,0.0,0.0,0.0,0.0,0,rolling,net_profit_fitness,3_days,rep_1,91,13
train,2,22406,125287,125287,130699,13,11,1372,9.25,5,13,2,561.0,21,561.0,732.0,171.0,4.280701754385965,57.0,0.5714285714285714,26.714285714285715,19.0,3,rolling,net_profit_fitness,3_days,rep_1,91,13
test,2,22406,125287,125287,130699,13,11,1372,9.25,5,13,2,-3000.0,0,0.0,0.0,0.0,inf,0.0,0.0,0.0,0.0,0,rolling,net_profit_fitness,3_days,rep_1,92,13
train,2,22406,125287,125287,130699,13,11,1372,9.25,5,13,2,561.0,21,561.0,732.0,171.0,4.280701754385965,57.0,0.5714285714285714,26.714285714285715,19.0,3,rolling,net_profit_fitness,3_days,rep_1,92,13
test,2,22406,125287,125287,130699,13,11,1372,9.25,5,13,2,-3000.0,0,0.0,0.0,0.0,inf,0.0,0.0,0.0,0.0,0,rolling,net_profit_fitness,3_days,rep_1,93,13
train,2,22406,125287,125287,130699,13,11,1372,9.25,5,13,2,561.0,21,561.0,732.0,171.0,4.280701754385965,57.0,0.5714285714285714,26.714285714285715,19.0,3,rolling,net_profit_fitness,3_days,rep_1,93,13
test,2,22406,125287,125287,130699,13,11,1372,9.25,5,13,2,-3000.0,0,0.0,0.0,0.0,inf,0.0,0.0,0.0,0.0,0,rolling,net_profit_fitness,3_days,rep_1,94,13
train,2,22406,125287,125287,130699,13,11,1372,9.25,5,13,2,561.0,21,561.0,732.0,171.0,4.280701754385965,57.0,0.5714285714285714,26.714285714285715,19.0,3,rolling,net_profit_fitness,3_days,rep_1,94,13
test,2,22406,125287,125287,130699,13,11,1372,9.25,5,13,2,-3000.0,0,0.0,0.0,0.0,inf,0.0,0.0,0.0,0.0,0,rolling,net_profit_fitness,3_days,rep_1,95,13
train,2,22406,125287,125287,130699,13,11,1372,9.25,5,13,2,561.0,21,561.0,732.0,171.0,4.280701754385965,57.0,0.5714285714285714,26.714285714285715,19.0,3,rolling,net_profit_fitness,3_days,rep_1,95,13
test,2,22406,125287,125287,130699,13,11,1372,9.25,5,13,2,-3000.0,0,0.0,0.0,0.0,inf,0.0,0.0,0.0,0.0,0,rolling,net_profit_fitness,3_days,rep_1,96,13
train,2,22406,125287,125287,130699,13,11,1372,9.25,5,13,2,561.0,21,561.0,732.0,171.0,4.280701754385965,57.0,0.5714285714285714,26.714285714285715,19.0,3,rolling,net_profit_fitness,3_days,rep_1,96,13
test,2,22406,125287,125287,130699,13,11,1372,9.25,5,13,2,-3000.0,0,0.0,0.0,0.0,inf,0.0,0.0,0.0,0.0,0,rolling,net_profit_fitness,3_days,rep_1,97,13
train,2,22406,125287,125287,130699,13,11,1372,9.25,5,13,2,561.0,21,561.0,732.0,171.0,4.280701754385965,57.0,0.5714285714285714,26.714285714285715,19.0,3,rolling,net_profit_fitness,3_days,rep_1,97,13
test,2,22406,125287,125287,130699,13,11,1372,9.25,5,13,2,-3000.0,0,0.0,0.0,0.0,inf,0.0,0.0,0.0,0.0,0,rolling,net_profit_fitness,3_days,rep_1,98,13
train,2,22406,125287,125287,130699,13,11,1372,9.25,5,13,2,561.0,21,561.0,732.0,171.0,4.280701754385965,57.0,0.5714285714285714,26.714285714285715,19.0,3,rolling,net_profit_fitness,3_days,rep_1,98,13
test,2,22406,125287,125287,130699,13,11,1372,9.25,5,13,2,-3000.0,0,0.0,0.0,0.0,inf,0.0,0.0,0.0,0.0,0,rolling,net_profit_fitness,3_days,rep_1,99,13
train,2,22406,125287,125287,130699,13,11,1372,9.25,5,13,2,561.0,21,561.0,732.0,171.0,4.280701754385965,57.0,0.5714285714285714,26.714285714285715,19.0,3,rolling,net_profit_fitness,3_days,rep_1,99,13
test,2,22406,125287,125287,130699,13,11,1372,9.25,5,13,2,-3000.0,0,0.0,0.0,0.0,inf,0.0,0.0,0.0,0.0,0,rolling,net_profit_fitness,3_days,rep_1,100,13
train,2,22406,125287,125287,130699,13,11,1372,9.25,5,13,2,561.0,21,561.0,732.0,171.0,4.280701754385965,57.0,0.5714285714285714,26.714285714285715,19.0,3,rolling,net_profit_fitness,3_days,rep_1,100,13
test,1,0,86986,86986,125287,0,13,1462,6.5,2,10,3,318.0,16,106.0,322.0,216.0,1.4907407407407407,120.0,0.4375,6.625,24.0,5,rolling,net_profit_fitness,3_days,rep_2,0,0
train,1,0,86986,86986,125287,0,13,1462,6.5,2,10,3,158.0,8,158.0,230.0,72.0,3.1944444444444446,24.0,0.625,19.75,24.0,1,rolling,net_profit_fitness,3_days,rep_2,0,0
test,1,0,86986,86986,125287,1,13,2378,5.5,7,23,11,-537.0,11,-179.0,333.0,512.0,0.650390625,401.0,0.2727272727272727,-16.272727272727273,64.0,5,rolling,net_profit_fitness,3_days,rep_2,1,1
train,1,0,86986,86986,125287,1,13,2378,5.5,7,23,11,205.0,5,205.0,333.0,128.0,2.6015625,64.0,0.6,41.0,64.0,1,rolling,net_profit_fitness,3_days,rep_2,1,1
test,1,0,86986,86986,125287,2,15,3229,3.0,5,16,3,324.0,8,108.0,228.0,120.0,1.9,96.0,0.375,13.5,24.0,4,rolling,net_profit_fitness,3_days,rep_2,2,2
train,1,0,86986,86986,125287,2,15,3229,3.0,5,16,3,228.0,3,228.0,228.0,0.0,inf,0.0,1.0,76.0,0.0,0,rolling,net_profit_fitness,3_days,rep_2,2,2
test,1,0,86986,86986,125287,2,15,3229,3.0,5,16,3,324.0,8,108.0,228.0,120.0,1.9,96.0,0.375,13.5,24.0,4,rolling,net_profit_fitness,3_days,rep_2,3,2
train,1,0,86986,86986,125287,2,15,3229,3.0,5,16,3,228.0,3,228.0,228.0,0.0,inf,0.0,1.0,76.0,0.0,0,rolling,net_profit_fitness,3_days,rep_2,3,2
test,1,0,86986,86986,125287,4,13,915,8.75,5,23,4,-609.0,7,-203.0,0.0,203.0,0.0,203.0,0.0,-29.0,29.0,7,rolling,net_profit_fitness,3_days,rep_2,4,4
train,1,0,86986,86986,125287,4,13,915,8.75,5,23,4,275.0,5,275.0,333.0,58.0,5.741379310344827,29.0,0.6,55.0,29.0,1,rolling,net_profit_fitness,3_days,rep_2,4,4
test,1,0,86986,86986,125287,5,13,413,3.0,6,23,3,306.0,7,102.0,222.0,120.0,1.85,72.0,0.2857142857142857,14.571428571428571,24.0,3,rolling,net_profit_fitness,3_days,rep_2,5,5
train,1,0,86986,86986,125287,5,13,413,3.0,6,23,3,285.0,5,285.0,333.0,48.0,6.9375,24.0,0.6,57.0,24.0,1,rolling,net_profit_fitness,3_days,rep_2,5,5
test,1,0,86986,86986,125287,5,13,413,3.0,6,23,3,306.0,7,102.0,222.0,120.0,1.85,72.0,0.2857142857142857,14.571428571428571,24.0,3,rolling,net_profit_fitness,3_days,rep_2,6,5
train,1,0,86986,86986,125287,5,13,413,3.0,6,23,3,285.0,5,285.0,333.0,48.0,6.9375,24.0,0.6,57.0,24.0,1,rolling,net_profit_fitness,3_days,rep_2,6,5
test,1,0,86986,86986,125287,5,13,413,3.0,6,23,3,306.0,7,102.0,222.0,120.0,1.85,72.0,0.2857142857142857,14.571428571428571,24.0,3,rolling,net_profit_fitness,3_days,rep_2,7,5
train,1,0,86986,86986,125287,5,13,413,3.0,6,23,3,285.0,5,285.0,333.0,48.0,6.9375,24.0,0.6,57.0,24.0,1,rolling,net_profit_fitness,3_days,rep_2,7,5
test,1,0,86986,86986,125287,5,13,413,3.0,6,23,3,306.0,7,102.0,222.0,120.0,1.85,72.0,0.2857142857142857,14.571428571428571,24.0,3,rolling,net_profit_fitness,3_days,rep_2,8,5
train,1,0,86986,86986,125287,5,13,413,3.0,6,23,3,285.0,5,285.0,333.0,48.0,6.9375,24.0,0.6,57.0,24.0,1,rolling,net_profit_fitness,3_days,rep_2,8,5
test,1,0,86986,86986,125287,9,13,413,4.75,6,23,2,381.0,7,127.0,222.0,95.0,2.336842105263158,57.0,0.2857142857142857,18.142857142857142,19.0,3,rolling,net_profit_fitness,3_days,rep_2,9,9
train,1,0,86986,86986,125287,9,13,413,4.75,6,23,2,295.0,5,295.0,333.0,38.0,8.763157894736842,19.0,0.6,59.0,19.0,1,rolling,net_profit_fitness,3_days,rep_2,9,9
test,1,0,86986,86986,125287,9,13,413,4.75,6,23,2,381.0,7,127.0,222.0,95.0,2.336842105263158,57.0,0.2857142857142857,18.142857142857142,19.0,3,rolling,net_profit_fitness,3_days,rep_2,10,9
train,1,0,86986,86986,125287,9,13,413,4.75,6,23,2,295.0,5,295.0,333.0,38.0,8.763157894736842,19.0,0.6,59.0,19.0,1,rolling,net_profit_fitness,3_days,rep_2,10,9
test,1,0,86986,86986,125287,9,13,413,4.75,6,23,2,381.0,7,127.0,222.0,95.0,2.336842105263158,57.0,0.2857142857142857,18.142857142857142,19.0,3,rolling,net_profit_fitness,3_days,rep_2,11,9
train,1,0,86986,86986,125287,9,13,413,4.75,6,23,2,295.0,5,295.0,333.0,38.0,8.763157894736842,19.0,0.6,59.0,19.0,1,rolling,net_profit_fitness,3_days,rep_2,11,9
test,1,0,86986,86986,125287,9,13,413,4.75,6,23,2,381.0,7,127.0,222.0,95.0,2.336842105263158,57.0,0.2857142857142857,18.142857142857142,19.0,3,rolling,net_profit_fitness,3_days,rep_2,12,9
train,1,0,86986,86986,125287,9,13,413,4.75,6,23,2,295.0,5,295.0,333.0,38.0,8.763157894736842,19.0,0.6,59.0,19.0,1,rolling,net_profit_fitness,3_days,rep_2,12,9
test,1,0,86986,86986,125287,9,13,413,4.75,6,23,2,381.0,7,127.0,222.0,95.0,2.336842105263158,57.0,0.2857142857142857,18.142857142857142,19.0,3,rolling,net_profit_fitness,3_days,rep_2,13,9
train,1,0,86986,86986,125287,9,13,413,4.75,6,23,2,295.0,5,295.0,333.0,38.0,8.763157894736842,19.0,0.6,59.0,19.0,1,rolling,net_profit_fitness,3_days,rep_2,13,9
test,1,0,86986,86986,125287,9,13,413,4.75,6,23,2,381.0,7,127.0,222.0,95.0,2.336842105263158,57.0,0.2857142857142857,18.142857142857142,19.0,3,rolling,net_profit_fitness,3_days,rep_2,14,9
train,1,0,86986,86986,125287,9,13,413,4.75,6,23,2,295.0,5,295.0,333.0,38.0,8.763157894736842,19.0,0.6,59.0,19.0,1,rolling,net_profit_fitness,3_days,rep_2,14,9
test,1,0,86986,86986,125287,9,13,413,4.75,6,23,2,381.0,7,127.0,222.0,95.0,2.336842105263158,57.0,0.2857142857142857,18.142857142857142,19.0,3,rolling,net_profit_fitness,3_days,rep_2,15,9
train,1,0,86986,86986,125287,9,13,413,4.75,6,23,2,295.0,5,295.0,333.0,38.0,8.763157894736842,19.0,0.6,59.0,19.0,1,rolling,net_profit_fitness,3_days,rep_2,15,9
test,1,0,86986,86986,125287,9,13,413,4.75,6,23,2,381.0,7,127.0,222.0,95.0,2.336842105263158,57.0,0.2857142857142857,18.142857142857142,19.0,3,rolling,net_profit_fitness,3_days,rep_2,16,9
train,1,0,86986,86986,125287,9,13,413,4.75,6,23,2,295.0,5,295.0,333.0,38.0,8.763157894736842,19.0,0.6,59.0,19.0,1,rolling,net_profit_fitness,3_days,rep_2,16,9
test,1,0,86986,86986,125287,9,13,413,4.75,6,23,2,381.0,7,127.0,222.0,95.0,2.336842105263158,57.0,0.2857142857142857,18.142857142857142,19.0,3,rolling,net_profit_fitness,3_days,rep_2,17,9
train,1,0,86986,86986,125287,9,13,413,4.75,6,23,2,295.0,5,295.0,333.0,38.0,8.763157894736842,19.0,0.6,59.0,19.0,1,rolling,net_profit_fitness,3_days,rep_2,17,9
test,1,0,86986,86986,125287,9,13,413,4.75,6,23,2,381.0,7,127.0,222.0,95.0,2.336842105263158,57.0,0.2857142857142857,18.142857142857142,19.0,3,rolling,net_profit_fitness,3_days,rep_2,18,9
train,1,0,86986,86986,125287,9,13,413,4.75,6,23,2,295.0,5,295.0,333.0,38.0,8.763157894736842,19.0,0.6,59.0,19.0,1,rolling,net_profit_fitness,3_days,rep_2,18,9
test,1,0,86986,86986,125287,9,13,413,4.75,6,23,2,381.0,7,127.0,222.0,95.0,2.336842105263158,57.0,0.2857142857142857,18.142857142857142,19.0,3,rolling,net_profit_fitness,3_days,rep_2,19,9
train,1,0,86986,86986,125287,9,13,413,4.75,6,23,2,295.0,5,295.0,333.0,38.0,8.763157894736842,19.0,0.6,59.0,19.0,1,rolling,net_profit_fitness,3_days,rep_2,19,9
test,1,0,86986,86986,125287,9,13,413,4.75,6,23,2,381.0,7,127.0,222.0,95.0,2.336842105263158,57.0,0.2857142857142857,18.142857142857142,19.0,3,rolling,net_profit_fitness,3_days,rep_2,20,9
train,1,0,86986,86986,125287,9,13,413,4.75,6,23,2,295.0,5,295.0,333.0,38.0,8.763157894736842,19.0,0.6,59.0,19.0,1,rolling,net_profit_fitness,3_days,rep_2,20,9
test,1,0,86986,86986,125287,9,13,413,4.75,6,23,2,381.0,7,127.0,222.0,95.0,2.336842105263158,57.0,0.2857142857142857,18.142857142857142,19.0,3,rolling,net_profit_fitness,3_days,rep_2,21,9
train,1,0,86986,86986,125287,9,13,413,4.75,6,23,2,295.0,5,295.0,333.0,38.0,8.763157894736842,19.0,0.6,59.0,19.0,1,rolling,net_profit_fitness,3_days,rep_2,21,9
test,1,0,86986,86986,125287,9,13,413,4.75,6,23,2,381.0,7,127.0,222.0,95.0,2.336842105263158,57.0,0.2857142857142857,18.142857142857142,19.0,3,rolling,net_profit_fitness,3_days,rep_2,22,9
train,1,0,86986,86986,125287,9,13,413,4.75,6,23,2,295.0,5,295.0,333.0,38.0,8.763157894736842,19.0,0.6,59.0,19.0,1,rolling,net_profit_fitness,3_days,rep_2,22,9
test,1,0,86986,86986,125287,9,13,413,4.75,6,23,2,381.0,7,127.0,222.0,95.0,2.336842105263158,57.0,0.2857142857142857,18.142857142857142,19.0,3,rolling,net_profit_fitness,3_days,rep_2,23,9
train,1,0,86986,86986,125287,9,13,413,4.75,6,23,2,295.0,5,295.0,333.0,38.0,8.763157894736842,19.0,0.6,59.0,19.0,1,rolling,net_profit_fitness,3_days,rep_2,23,9
test,1,0,86986,86986,125287,9,13,413,4.75,6,23,2,381.0,7,127.0,222.0,95.0,2.336842105263158,57.0,0.2857142857142857,18.142857142857142,19.0,3,rolling,net_profit_fitness,3_days,rep_2,24,9
train,1,0,86986,86986,125287,9,13,413,4.75,6,23,2,295.0,5,295.0,333.0,38.0,8.763157894736842,19.0,0.6,59.0,19.0,1,rolling,net_profit_fitness,3_days,rep_2,24,9
test,1,0,86986,86986,125287,9,13,413,4.75,6,23,2,381.0,7,127.0,222.0,95.0,2.336842105263158,57.0,0.2857142857142857,18.142857142857142,19.0,3,rolling,net_profit_fitness,3_days,rep_2,25,9
train,1,0,86986,86986,125287,9,13,413,4.75,6,23,2,295.0,5,295.0,333.0,38.0,8.763157894736842,19.0,0.6,59.0,19.0,1,rolling,net_profit_fitness,3_days,rep_2,25,9
test,1,0,86986,86986,125287,9,13,413,4.75,6,23,2,381.0,7,127.0,222.0,95.0,2.336842105263158,57.0,0.2857142857142857,18.142857142857142,19.0,3,rolling,net_profit_fitness,3_days,rep_2,26,9
train,1,0,86986,86986,125287,9,13,413,4.75,6,23,2,295.0,5,295.0,333.0,38.0,8.763157894736842,19.0,0.6,59.0,19.0,1,rolling,net_profit_fitness,3_days,rep_2,26,9
test,1,0,86986,86986,125287,9,13,413,4.75,6,23,2,381.0,7,127.0,222.0,95.0,2.336842105263158,57.0,0.2857142857142857,18.142857142857142,19.0,3,rolling,net_profit_fitness,3_days,rep_2,27,9
train,1,0,86986,86986,125287,9,13,413,4.75,6,23,2,295.0,5,295.0,333.0,38.0,8.763157894736842,19.0,0.6,59.0,19.0,1,rolling,net_profit_fitness,3_days,rep_2,27,9
test,1,0,86986,86986,125287,9,13,413,4.75,6,23,2,381.0,7,127.0,222.0,95.0,2.336842105263158,57.0,0.2857142857142857,18.142857142857142,19.0,3,rolling,net_profit_fitness,3_days,rep_2,28,9
train,1,0,86986,86986,125287,9,13,413,4.75,6,23,2,295.0,5,295.0,333.0,38.0,8.763157894736842,19.0,0.6,59.0,19.0,1,rolling,net_profit_fitness,3_days,rep_2,28,9
test,1,0,86986,86986,125287,9,13,413,4.75,6,23,2,381.0,7,127.0,222.0,95.0,2.336842105263158,57.0,0.2857142857142857,18.142857142857142,19.0,3,rolling,net_profit_fitness,3_days,rep_2,29,9
train,1,0,86986,86986,125287,9,13,413,4.75,6,23,2,295.0,5,295.0,333.0,38.0,8.763157894736842,19.0,0.6,59.0,19.0,1,rolling,net_profit_fitness,3_days,rep_2,29,9
test,1,0,86986,86986,125287,9,13,413,4.75,6,23,2,381.0,7,127.0,222.0,95.0,2.336842105263158,57.0,0.2857142857142857,18.142857142857142,19.0,3,rolling,net_profit_fitness,3_days,rep_2,30,9
train,1,0,86986,86986,125287,9,13,413,4.75,6,23,2,295.0,5,295.0,333.0,38.0,8.763157894736842,19.0,0.6,59.0,19.0,1,rolling,net_profit_fitness,3_days,rep_2,30,9
test,1,0,86986,86986,125287,9,13,413,4.75,6,23,2,381.0,7,127.0,222.0,95.0,2.336842105263158,57.0,0.2857142857142857,18.142857142857142,19.0,3,rolling,net_profit_fitness,3_days,rep_2,31,9
train,1,0,86986,86986,125287,9,13,413,4.75,6,23,2,295.0,5,295.0,333.0,38.0,8.763157894736842,19.0,0.6,59.0,19.0,1,rolling,net_profit_fitness,3_days,rep_2,31,9
test,1,0,86986,86986,125287,9,13,413,4.75,6,23,2,381.0,7,127.0,222.0,95.0,2.336842105263158,57.0,0.2857142857142857,18.142857142857142,19.0,3,rolling,net_profit_fitness,3_days,rep_2,32,9
train,1,0,86986,86986,125287,9,13,413,4.75,6,23,2,295.0,5,295.0,333.0,38.0,8.763157894736842,19.0,0.6,59.0,19.0,1,rolling,net_profit_fitness,3_days,rep_2,32,9
test,1,0,86986,86986,125287,9,13,413,4.75,6,23,2,381.0,7,127.0,222.0,95.0,2.336842105263158,57.0,0.2857142857142857,18.142857142857142,19.0,3,rolling,net_profit_fitness,3_days,rep_2,33,9
train,1,0,86986,86986,125287,9,13,413,4.75,6,23,2,295.0,5,295.0,333.0,38.0,8.763157894736842,19.0,0.6,59.0,19.0,1,rolling,net_profit_fitness,3_days,rep_2,33,9
test,1,0,86986,86986,125287,9,13,413,4.75,6,23,2,381.0,7,127.0,222.0,95.0,2.336842105263158,57.0,0.2857142857142857,18.142857142857142,19.0,3,rolling,net_profit_fitness,3_days,rep_2,34,9
train,1,0,86986,86986,125287,9,13,413,4.75,6,23,2,295.0,5,295.0,333.0,38.0,8.763157894736842,19.0,0.6,59.0,19.0,1,rolling,net_profit_fitness,3_days,rep_2,34,9
test,1,0,86986,86986,125287,9,13,413,4.75,6,23,2,381.0,7,127.0,222.0,95.0,2.336842105263158,57.0,0.2857142857142857,18.142857142857142,19.0,3,rolling,net_profit_fitness,3_days,rep_2,35,9
train,1,0,86986,86986,125287,9,13,413,4.75,6,23,2,295.0,5,295.0,333.0,38.0,8.763157894736842,19.0,0.6,59.0,19.0,1,rolling,net_profit_fitness,3_days,rep_2,35,9
test,1,0,86986,86986,125287,9,13,413,4.75,6,23,2,381.0,7,127.0,222.0,95.0,2.336842105263158,57.0,0.2857142857142857,18.142857142857142,19.0,3,rolling,net_profit_fitness,3_days,rep_2,36,9
train,1,0,86986,86986,125287,9,13,413,4.75,6,23,2,295.0,5,295.0,333.0,38.0,8.763157894736842,19.0,0.6,59.0,19.0,1,rolling,net_profit_fitness,3_days,rep_2,36,9
test,1,0,86986,86986,125287,9,13,413,4.75,6,23,2,381.0,7,127.0,222.0,95.0,2.336842105263158,57.0,0.2857142857142857,18.142857142857142,19.0,3,rolling,net_profit_fitness,3_days,rep_2,37,9
train,1,0,86986,86986,125287,9,13,413,4.75,6,23,2,295.0,5,295.0,333.0,38.0,8.763157894736842,19.0,0.6,59.0,19.0,1,rolling,net_profit_fitness,3_days,rep_2,37,9
test,1,0,86986,86986,125287,9,13,413,4.75,6,23,2,381.0,7,127.0,222.0,95.0,2.336842105263158,57.0,0.2857142857142857,18.142857142857142,19.0,3,rolling,net_profit_fitness,3_days,rep_2,38,9
train,1,0,86986,86986,125287,9,13,413,4.75,6,23,2,295.0,5,295.0,333.0,38.0,8.763157894736842,19.0,0.6,59.0,19.0,1,rolling,net_profit_fitness,3_days,rep_2,38,9
test,1,0,86986,86986,125287,9,13,413,4.75,6,23,2,381.0,7,127.0,222.0,95.0,2.336842105263158,57.0,0.2857142857142857,18.142857142857142,19.0,3,rolling,net_profit_fitness,3_days,rep_2,39,9
train,1,0,86986,86986,125287,9,13,413,4.75,6,23,2,295.0,5,295.0,333.0,38.0,8.763157894736842,19.0,0.6,59.0,19.0,1,rolling,net_profit_fitness,3_days,rep_2,39,9
test,1,0,86986,86986,125287,9,13,413,4.75,6,23,2,381.0,7,127.0,222.0,95.0,2.336842105263158,57.0,0.2857142857142857,18.142857142857142,19.0,3,rolling,net_profit_fitness,3_days,rep_2,40,9
train,1,0,86986,86986,125287,9,13,413,4.75,6,23,2,295.0,5,295.0,333.0,38.0,8.763157894736842,19.0,0.6,59.0,19.0,1,rolling,net_profit_fitness,3_days,rep_2,40,9
test,1,0,86986,86986,125287,9,13,413,4.75,6,23,2,381.0,7,127.0,222.0,95.0,2.336842105263158,57.0,0.2857142857142857,18.142857142857142,19.0,3,rolling,net_profit_fitness,3_days,rep_2,41,9
train,1,0,86986,86986,125287,9,13,413,4.75,6,23,2,295.0,5,295.0,333.0,38.0,8.763157894736842,19.0,0.6,59.0,19.0,1,rolling,net_profit_fitness,3_days,rep_2,41,9
test,1,0,86986,86986,125287,9,13,413,4.75,6,23,2,381.0,7,127.0,222.0,95.0,2.336842105263158,57.0,0.2857142857142857,18.142857142857142,19.0,3,rolling,net_profit_fitness,3_days,rep_2,42,9
train,1,0,86986,86986,125287,9,13,413,4.75,6,23,2,295.0,5,295.0,333.0,38.0,8.763157894736842,19.0,0.6,59.0,19.0,1,rolling,net_profit_fitness,3_days,rep_2,42,9
test,1,0,86986,86986,125287,9,13,413,4.75,6,23,2,381.0,7,127.0,222.0,95.0,2.336842105263158,57.0,0.2857142857142857,18.142857142857142,19.0,3,rolling,net_profit_fitness,3_days,rep_2,43,9
train,1,0,86986,86986,125287,9,13,413,4.75,6,23,2,295.0,5,295.0,333.0,38.0,8.763157894736842,19.0,0.6,59.0,19.0,1,rolling,net_profit_fitness,3_days,rep_2,43,9
test,1,0,86986,86986,125287,9,13,413,4.75,6,23,2,381.0,7,127.0,222.0,95.0,2.336842105263158,57.0,0.2857142857142857,18.142857142857142,19.0,3,rolling,net_profit_fitness,3_days,rep_2,44,9
train,1,0,86986,86986,125287,9,13,413,4.75,6,23,2,295.0,5,295.0,333.0,38.0,8.763157894736842,19.0,0.6,59.0,19.0,1,rolling,net_profit_fitness,3_days,rep_2,44,9
test,1,0,86986,86986,125287,9,13,413,4.75,6,23,2,381.0,7,127.0,222.0,95.0,2.336842105263158,57.0,0.2857142857142857,18.142857142857142,19.0,3,rolling,net_profit_fitness,3_days,rep_2,45,9
train,1,0,86986,86986,125287,9,13,413,4.75,6,23,2,295.0,5,295.0,333.0,38.0,8.763157894736842,19.0,0.6,59.0,19.0,1,rolling,net_profit_fitness,3_days,rep_2,45,9
test,1,0,86986,86986,125287,9,13,413,4.75,6,23,2,381.0,7,127.0,222.0,95.0,2.336842105263158,57.0,0.2857142857142857,18.142857142857142,19.0,3,rolling,net_profit_fitness,3_days,rep_2,46,9
train,1,0,86986,86986,125287,9,13,413,4.75,6,23,2,295.0,5,295.0,333.0,38.0,8.763157894736842,19.0,0.6,59.0,19.0,1,rolling,net_profit_fitness,3_days,rep_2,46,9
test,1,0,86986,86986,125287,9,13,413,4.75,6,23,2,381.0,7,127.0,222.0,95.0,2.336842105263158,57.0,0.2857142857142857,18.142857142857142,19.0,3,rolling,net_profit_fitness,3_days,rep_2,47,9
train,1,0,86986,86986,125287,9,13,413,4.75,6,23,2,295.0,5,295.0,333.0,38.0,8.763157894736842,19.0,0.6,59.0,19.0,1,rolling,net_profit_fitness,3_days,rep_2,47,9
test,1,0,86986,86986,125287,9,13,413,4.75,6,23,2,381.0,7,127.0,222.0,95.0,2.336842105263158,57.0,0.2857142857142857,18.142857142857142,19.0,3,rolling,net_profit_fitness,3_days,rep_2,48,9
train,1,0,86986,86986,125287,9,13,413,4.75,6,23,2,295.0,5,295.0,333.0,38.0,8.763157894736842,19.0,0.6,59.0,19.0,1,rolling,net_profit_fitness,3_days,rep_2,48,9
test,1,0,86986,86986,125287,9,13,413,4.75,6,23,2,381.0,7,127.0,222.0,95.0,2.336842105263158,57.0,0.2857142857142857,18.142857142857142,19.0,3,rolling,net_profit_fitness,3_days,rep_2,49,9
train,1,0,86986,86986,125287,9,13,413,4.75,6,23,2,295.0,5,295.0,333.0,38.0,8.763157894736842,19.0,0.6,59.0,19.0,1,rolling,net_profit_fitness,3_days,rep_2,49,9
test,1,0,86986,86986,125287,9,13,413,4.75,6,23,2,381.0,7,127.0,222.0,95.0,2.336842105263158,57.0,0.2857142857142857,18.142857142857142,19.0,3,rolling,net_profit_fitness,3_days,rep_2,50,9
train,1,0,86986,86986,125287,9,13,413,4.75,6,23,2,295.0,5,295.0,333.0,38.0,8.763157894736842,19.0,0.6,59.0,19.0,1,rolling,net_profit_fitness,3_days,rep_2,50,9
test,1,0,86986,86986,125287,9,13,413,4.75,6,23,2,381.0,7,127.0,222.0,95.0,2.336842105263158,57.0,0.2857142857142857,18.142857142857142,19.0,3,rolling,net_profit_fitness,3_days,rep_2,51,9
train,1,0,86986,86986,125287,9,13,413,4.75,6,23,2,295.0,5,295.0,333.0,38.0,8.763157894736842,19.0,0.6,59.0,19.0,1,rolling,net_profit_fitness,3_days,rep_2,51,9
test,1,0,86986,86986,125287,9,13,413,4.75,6,23,2,381.0,7,127.0,222.0,95.0,2.336842105263158,57.0,0.2857142857142857,18.142857142857142,19.0,3,rolling,net_profit_fitness,3_days,rep_2,52,9
train,1,0,86986,86986,125287,9,13,413,4.75,6,23,2,295.0,5,295.0,333.0,38.0,8.763157894736842,19.0,0.6,59.0,19.0,1,rolling,net_profit_fitness,3_days,rep_2,52,9
test,1,0,86986,86986,125287,9,13,413,4.75,6,23,2,381.0,7,127.0,222.0,95.0,2.336842105263158,57.0,0.2857142857142857,18.142857142857142,19.0,3,rolling,net_profit_fitness,3_days,rep_2,53,9
train,1,0,86986,86986,125287,9,13,413,4.75,6,23,2,295.0,5,295.0,333.0,38.0,8.763157894736842,19.0,0.6,59.0,19.0,1,rolling,net_profit_fitness,3_days,rep_2,53,9
test,1,0,86986,86986,125287,9,13,413,4.75,6,23,2,381.0,7,127.0,222.0,95.0,2.336842105263158,57.0,0.2857142857142857,18.142857142857142,19.0,3,rolling,net_profit_fitness,3_days,rep_2,54,9
train,1,0,86986,86986,125287,9,13,413,4.75,6,23,2,295.0,5,295.0,333.0,38.0,8.763157894736842,19.0,0.6,59.0,19.0,1,rolling,net_profit_fitness,3_days,rep_2,54,9
test,1,0,86986,86986,125287,9,13,413,4.75,6,23,2,381.0,7,127.0,222.0,95.0,2.336842105263158,57.0,0.2857142857142857,18.142857142857142,19.0,3,rolling,net_profit_fitness,3_days,rep_2,55,9
train,1,0,86986,86986,125287,9,13,413,4.75,6,23,2,295.0,5,295.0,333.0,38.0,8.763157894736842,19.0,0.6,59.0,19.0,1,rolling,net_profit_fitness,3_days,rep_2,55,9
test,1,0,86986,86986,125287,9,13,413,4.75,6,23,2,381.0,7,127.0,222.0,95.0,2.336842105263158,57.0,0.2857142857142857,18.142857142857142,19.0,3,rolling,net_profit_fitness,3_days,rep_2,56,9
train,1,0,86986,86986,125287,9,13,413,4.75,6,23,2,295.0,5,295.0,333.0,38.0,8.763157894736842,19.0,0.6,59.0,19.0,1,rolling,net_profit_fitness,3_days,rep_2,56,9
test,1,0,86986,86986,125287,9,13,413,4.75,6,23,2,381.0,7,127.0,222.0,95.0,2.336842105263158,57.0,0.2857142857142857,18.142857142857142,19.0,3,rolling,net_profit_fitness,3_days,rep_2,57,9
train,1,0,86986,86986,125287,9,13,413,4.75,6,23,2,295.0,5,295.0,333.0,38.0,8.763157894736842,19.0,0.6,59.0,19.0,1,rolling,net_profit_fitness,3_days,rep_2,57,9
test,1,0,86986,86986,125287,9,13,413,4.75,6,23,2,381.0,7,127.0,222.0,95.0,2.336842105263158,57.0,0.2857142857142857,18.142857142857142,19.0,3,rolling,net_profit_fitness,3_days,rep_2,58,9
train,1,0,86986,86986,125287,9,13,413,4.75,6,23,2,295.0,5,295.0,333.0,38.0,8.763157894736842,19.0,0.6,59.0,19.0,1,rolling,net_profit_fitness,3_days,rep_2,58,9
test,1,0,86986,86986,125287,9,13,413,4.75,6,23,2,381.0,7,127.0,222.0,95.0,2.336842105263158,57.0,0.2857142857142857,18.142857142857142,19.0,3,rolling,net_profit_fitness,3_days,rep_2,59,9
train,1,0,86986,86986,125287,9,13,413,4.75,6,23,2,295.0,5,295.0,333.0,38.0,8.763157894736842,19.0,0.6,59.0,19.0,1,rolling,net_profit_fitness,3_days,rep_2,59,9
test,1,0,86986,86986,125287,9,13,413,4.75,6,23,2,381.0,7,127.0,222.0,95.0,2.336842105263158,57.0,0.2857142857142857,18.142857142857142,19.0,3,rolling,net_profit_fitness,3_days,rep_2,60,9
train,1,0,86986,86986,125287,9,13,413,4.75,6,23,2,295.0,5,295.0,333.0,38.0,8.763157894736842,19.0,0.6,59.0,19.0,1,rolling,net_profit_fitness,3_days,rep_2,60,9
test,1,0,86986,86986,125287,9,13,413,4.75,6,23,2,381.0,7,127.0,222.0,95.0,2.336842105263158,57.0,0.2857142857142857,18.142857142857142,19.0,3,rolling,net_profit_fitness,3_days,rep_2,61,9
train,1,0,86986,86986,125287,9,13,413,4.75,6,23,2,295.0,5,295.0,333.0,38.0,8.763157894736842,19.0,0.6,59.0,19.0,1,rolling,net_profit_fitness,3_days,rep_2,61,9
test,1,0,86986,86986,125287,9,13,413,4.75,6,23,2,381.0,7,127.0,222.0,95.0,2.336842105263158,57.0,0.2857142857142857,18.142857142857142,19.0,3,rolling,net_profit_fitness,3_days,rep_2,62,9
train,1,0,86986,86986,125287,9,13,413,4.75,6,23,2,295.0,5,295.0,333.0,38.0,8.763157894736842,19.0,0.6,59.0,19.0,1,rolling,net_profit_fitness,3_days,rep_2,62,9
test,1,0,86986,86986,125287,9,13,413,4.75,6,23,2,381.0,7,127.0,222.0,95.0,2.336842105263158,57.0,0.2857142857142857,18.142857142857142,19.0,3,rolling,net_profit_fitness,3_days,rep_2,63,9
train,1,0,86986,86986,125287,9,13,413,4.75,6,23,2,295.0,5,295.0,333.0,38.0,8.763157894736842,19.0,0.6,59.0,19.0,1,rolling,net_profit_fitness,3_days,rep_2,63,9
test,1,0,86986,86986,125287,9,13,413,4.75,6,23,2,381.0,7,127.0,222.0,95.0,2.336842105263158,57.0,0.2857142857142857,18.142857142857142,19.0,3,rolling,net_profit_fitness,3_days,rep_2,64,9
train,1,0,86986,86986,125287,9,13,413,4.75,6,23,2,295.0,5,295.0,333.0,38.0,8.763157894736842,19.0,0.6,59.0,19.0,1,rolling,net_profit_fitness,3_days,rep_2,64,9
test,1,0,86986,86986,125287,9,13,413,4.75,6,23,2,381.0,7,127.0,222.0,95.0,2.336842105263158,57.0,0.2857142857142857,18.142857142857142,19.0,3,rolling,net_profit_fitness,3_days,rep_2,65,9
train,1,0,86986,86986,125287,9,13,413,4.75,6,23,2,295.0,5,295.0,333.0,38.0,8.763157894736842,19.0,0.6,59.0,19.0,1,rolling,net_profit_fitness,3_days,rep_2,65,9
test,1,0,86986,86986,125287,9,13,413,4.75,6,23,2,381.0,7,127.0,222.0,95.0,2.336842105263158,57.0,0.2857142857142857,18.142857142857142,19.0,3,rolling,net_profit_fitness,3_days,rep_2,66,9
train,1,0,86986,86986,125287,9,13,413,4.75,6,23,2,295.0,5,295.0,333.0,38.0,8.763157894736842,19.0,0.6,59.0,19.0,1,rolling,net_profit_fitness,3_days,rep_2,66,9
test,1,0,86986,86986,125287,9,13,413,4.75,6,23,2,381.0,7,127.0,222.0,95.0,2.336842105263158,57.0,0.2857142857142857,18.142857142857142,19.0,3,rolling,net_profit_fitness,3_days,rep_2,67,9
train,1,0,86986,86986,125287,9,13,413,4.75,6,23,2,295.0,5,295.0,333.0,38.0,8.763157894736842,19.0,0.6,59.0,19.0,1,rolling,net_profit_fitness,3_days,rep_2,67,9
test,1,0,86986,86986,125287,9,13,413,4.75,6,23,2,381.0,7,127.0,222.0,95.0,2.336842105263158,57.0,0.2857142857142857,18.142857142857142,19.0,3,rolling,net_profit_fitness,3_days,rep_2,68,9
train,1,0,86986,86986,125287,9,13,413,4.75,6,23,2,295.0,5,295.0,333.0,38.0,8.763157894736842,19.0,0.6,59.0,19.0,1,rolling,net_profit_fitness,3_days,rep_2,68,9
test,1,0,86986,86986,125287,9,13,413,4.75,6,23,2,381.0,7,127.0,222.0,95.0,2.336842105263158,57.0,0.2857142857142857,18.142857142857142,19.0,3,rolling,net_profit_fitness,3_days,rep_2,69,9
train,1,0,86986,86986,125287,9,13,413,4.75,6,23,2,295.0,5,295.0,333.0,38.0,8.763157894736842,19.0,0.6,59.0,19.0,1,rolling,net_profit_fitness,3_days,rep_2,69,9
test,1,0,86986,86986,125287,9,13,413,4.75,6,23,2,381.0,7,127.0,222.0,95.0,2.336842105263158,57.0,0.2857142857142857,18.142857142857142,19.0,3,rolling,net_profit_fitness,3_days,rep_2,70,9
train,1,0,86986,86986,125287,9,13,413,4.75,6,23,2,295.0,5,295.0,333.0,38.0,8.763157894736842,19.0,0.6,59.0,19.0,1,rolling,net_profit_fitness,3_days,rep_2,70,9
test,1,0,86986,86986,125287,9,13,413,4.75,6,23,2,381.0,7,127.0,222.0,95.0,2.336842105263158,57.0,0.2857142857142857,18.142857142857142,19.0,3,rolling,net_profit_fitness,3_days,rep_2,71,9
train,1,0,86986,86986,125287,9,13,413,4.75,6,23,2,295.0,5,295.0,333.0,38.0,8.763157894736842,19.0,0.6,59.0,19.0,1,rolling,net_profit_fitness,3_days,rep_2,71,9
test,1,0,86986,86986,125287,9,13,413,4.75,6,23,2,381.0,7,127.0,222.0,95.0,2.336842105263158,57.0,0.2857142857142857,18.142857142857142,19.0,3,rolling,net_profit_fitness,3_days,rep_2,72,9
train,1,0,86986,86986,125287,9,13,413,4.75,6,23,2,295.0,5,295.0,333.0,38.0,8.763157894736842,19.0,0.6,59.0,19.0,1,rolling,net_profit_fitness,3_days,rep_2,72,9
test,1,0,86986,86986,125287,9,13,413,4.75,6,23,2,381.0,7,127.0,222.0,95.0,2.336842105263158,57.0,0.2857142857142857,18.142857142857142,19.0,3,rolling,net_profit_fitness,3_days,rep_2,73,9
train,1,0,86986,86986,125287,9,13,413,4.75,6,23,2,295.0,5,295.0,333.0,38.0,8.763157894736842,19.0,0.6,59.0,19.0,1,rolling,net_profit_fitness,3_days,rep_2,73,9
test,1,0,86986,86986,125287,9,13,413,4.75,6,23,2,381.0,7,127.0,222.0,95.0,2.336842105263158,57.0,0.2857142857142857,18.142857142857142,19.0,3,rolling,net_profit_fitness,3_days,rep_2,74,9
train,1,0,86986,86986,125287,9,13,413,4.75,6,23,2,295.0,5,295.0,333.0,38.0,8.763157894736842,19.0,0.6,59.0,19.0,1,rolling,net_profit_fitness,3_days,rep_2,74,9
test,1,0,86986,86986,125287,9,13,413,4.75,6,23,2,381.0,7,127.0,222.0,95.0,2.336842105263158,57.0,0.2857142857142857,18.142857142857142,19.0,3,rolling,net_profit_fitness,3_days,rep_2,75,9
train,1,0,86986,86986,125287,9,13,413,4.75,6,23,2,295.0,5,295.0,333.0,38.0,8.763157894736842,19.0,0.6,59.0,19.0,1,rolling,net_profit_fitness,3_days,rep_2,75,9
test,1,0,86986,86986,125287,9,13,413,4.75,6,23,2,381.0,7,127.0,222.0,95.0,2.336842105263158,57.0,0.2857142857142857,18.142857142857142,19.0,3,rolling,net_profit_fitness,3_days,rep_2,76,9
train,1,0,86986,86986,125287,9,13,413,4.75,6,23,2,295.0,5,295.0,333.0,38.0,8.763157894736842,19.0,0.6,59.0,19.0,1,rolling,net_profit_fitness,3_days,rep_2,76,9
test,1,0,86986,86986,125287,9,13,413,4.75,6,23,2,381.0,7,127.0,222.0,95.0,2.336842105263158,57.0,0.2857142857142857,18.142857142857142,19.0,3,rolling,net_profit_fitness,3_days,rep_2,77,9
train,1,0,86986,86986,125287,9,13,413,4.75,6,23,2,295.0,5,295.0,333.0,38.0,8.763157894736842,19.0,0.6,59.0,19.0,1,rolling,net_profit_fitness,3_days,rep_2,77,9
test,1,0,86986,86986,125287,9,13,413,4.75,6,23,2,381.0,7,127.0,222.0,95.0,2.336842105263158,57.0,0.2857142857142857,18.142857142857142,19.0,3,rolling,net_profit_fitness,3_days,rep_2,78,9
train,1,0,86986,86986,125287,9,13,413,4.75,6,23,2,295.0,5,295.0,333.0,38.0,8.763157894736842,19.0,0.6,59.0,19.0,1,rolling,net_profit_fitness,3_days,rep_2,78,9
test,1,0,86986,86986,125287,9,13,413,4.75,6,23,2,381.0,7,127.0,222.0,95.0,2.336842105263158,57.0,0.2857142857142857,18.142857142857142,19.0,3,rolling,net_profit_fitness,3_days,rep_2,79,9
train,1,0,86986,86986,125287,9,13,413,4.75,6,23,2,295.0,5,295.0,333.0,38.0,8.763157894736842,19.0,0.6,59.0,19.0,1,rolling,net_profit_fitness,3_days,rep_2,79,9
test,1,0,86986,86986,125287,9,13,413,4.75,6,23,2,381.0,7,127.0,222.0,95.0,2.336842105263158,57.0,0.2857142857142857,18.142857142857142,19.0,3,rolling,net_profit_fitness,3_days,rep_2,80,9
train,1,0,86986,86986,125287,9,13,413,4.75,6,23,2,295.0,5,295.0,333.0,38.0,8.763157894736842,19.0,0.6,59.0,19.0,1,rolling,net_profit_fitness,3_days,rep_2,80,9
test,1,0,86986,86986,125287,9,13,413,4.75,6,23,2,381.0,7,127.0,222.0,95.0,2.336842105263158,57.0,0.2857142857142857,18.142857142857142,19.0,3,rolling,net_profit_fitness,3_days,rep_2,81,9
train,1,0,86986,86986,125287,9,13,413,4.75,6,23,2,295.0,5,295.0,333.0,38.0,8.763157894736842,19.0,0.6,59.0,19.0,1,rolling,net_profit_fitness,3_days,rep_2,81,9
test,1,0,86986,86986,125287,9,13,413,4.75,6,23,2,381.0,7,127.0,222.0,95.0,2.336842105263158,57.0,0.2857142857142857,18.142857142857142,19.0,3,rolling,net_profit_fitness,3_days,rep_2,82,9
train,1,0,86986,86986,125287,9,13,413,4.75,6,23,2,295.0,5,295.0,333.0,38.0,8.763157894736842,19.0,0.6,59.0,19.0,1,rolling,net_profit_fitness,3_days,rep_2,82,9
test,1,0,86986,86986,125287,9,13,413,4.75,6,23,2,381.0,7,127.0,222.0,95.0,2.336842105263158,57.0,0.2857142857142857,18.142857142857142,19.0,3,rolling,net_profit_fitness,3_days,rep_2,83,9
train,1,0,86986,86986,125287,9,13,413,4.75,6,23,2,295.0,5,295.0,333.0,38.0,8.763157894736842,19.0,0.6,59.0,19.0,1,rolling,net_profit_fitness,3_days,rep_2,83,9
test,1,0,86986,86986,125287,9,13,413,4.75,6,23,2,381.0,7,127.0,222.0,95.0,2.336842105263158,57.0,0.2857142857142857,18.142857142857142,19.0,3,rolling,net_profit_fitness,3_days,rep_2,84,9
train,1,0,86986,86986,125287,9,13,413,4.75,6,23,2,295.0,5,295.0,333.0,38.0,8.763157894736842,19.0,0.6,59.0,19.0,1,rolling,net_profit_fitness,3_days,rep_2,84,9
test,1,0,86986,86986,125287,9,13,413,4.75,6,23,2,381.0,7,127.0,222.0,95.0,2.336842105263158,57.0,0.2857142857142857,18.142857142857142,19.0,3,rolling,net_profit_fitness,3_days,rep_2,85,9
train,1,0,86986,86986,125287,9,13,413,4.75,6,23,2,295.0,5,295.0,333.0,38.0,8.763157894736842,19.0,0.6,59.0,19.0,1,rolling,net_profit_fitness,3_days,rep_2,85,9
test,1,0,86986,86986,125287,9,13,413,4.75,6,23,2,381.0,7,127.0,222.0,95.0,2.336842105263158,57.0,0.2857142857142857,18.142857142857142,19.0,3,rolling,net_profit_fitness,3_days,rep_2,86,9
train,1,0,86986,86986,125287,9,13,413,4.75,6,23,2,295.0,5,295.0,333.0,38.0,8.763157894736842,19.0,0.6,59.0,19.0,1,rolling,net_profit_fitness,3_days,rep_2,86,9
test,1,0,86986,86986,125287,9,13,413,4.75,6,23,2,381.0,7,127.0,222.0,95.0,2.336842105263158,57.0,0.2857142857142857,18.142857142857142,19.0,3,rolling,net_profit_fitness,3_days,rep_2,87,9
train,1,0,86986,86986,125287,9,13,413,4.75,6,23,2,295.0,5,295.0,333.0,38.0,8.763157894736842,19.0,0.6,59.0,19.0,1,rolling,net_profit_fitness,3_days,rep_2,87,9
test,1,0,86986,86986,125287,9,13,413,4.75,6,23,2,381.0,7,127.0,222.0,95.0,2.336842105263158,57.0,0.2857142857142857,18.142857142857142,19.0,3,rolling,net_profit_fitness,3_days,rep_2,88,9
train,1,0,86986,86986,125287,9,13,413,4.75,6,23,2,295.0,5,295.0,333.0,38.0,8.763157894736842,19.0,0.6,59.0,19.0,1,rolling,net_profit_fitness,3_days,rep_2,88,9
test,1,0,86986,86986,125287,9,13,413,4.75,6,23,2,381.0,7,127.0,222.0,95.0,2.336842105263158,57.0,0.2857142857142857,18.142857142857142,19.0,3,rolling,net_profit_fitness,3_days,rep_2,89,9
train,1,0,86986,86986,125287,9,13,413,4.75,6,23,2,295.0,5,295.0,333.0,38.0,8.763157894736842,19.0,0.6,59.0,19.0,1,rolling,net_profit_fitness,3_days,rep_2,89,9
test,1,0,86986,86986,125287,9,13,413,4.75,6,23,2,381.0,7,127.0,222.0,95.0,2.336842105263158,57.0,0.2857142857142857,18.142857142857142,19.0,3,rolling,net_profit_fitness,3_days,rep_2,90,9
train,1,0,86986,86986,125287,9,13,413,4.75,6,23,2,295.0,5,295.0,333.0,38.0,8.763157894736842,19.0,0.6,59.0,19.0,1,rolling,net_profit_fitness,3_days,rep_2,90,9
test,1,0,86986,86986,125287,9,13,413,4.75,6,23,2,381.0,7,127.0,222.0,95.0,2.336842105263158,57.0,0.2857142857142857,18.142857142857142,19.0,3,rolling,net_profit_fitness,3_days,rep_2,91,9
train,1,0,86986,86986,125287,9,13,413,4.75,6,23,2,295.0,5,295.0,333.0,38.0,8.763157894736842,19.0,0.6,59.0,19.0,1,rolling,net_profit_fitness,3_days,rep_2,91,9
test,1,0,86986,86986,125287,9,13,413,4.75,6,23,2,381.0,7,127.0,222.0,95.0,2.336842105263158,57.0,0.2857142857142857,18.142857142857142,19.0,3,rolling,net_profit_fitness,3_days,rep_2,92,9
train,1,0,86986,86986,125287,9,13,413,4.75,6,23,2,295.0,5,295.0,333.0,38.0,8.763157894736842,19.0,0.6,59.0,19.0,1,rolling,net_profit_fitness,3_days,rep_2,92,9
test,1,0,86986,86986,125287,9,13,413,4.75,6,23,2,381.0,7,127.0,222.0,95.0,2.336842105263158,57.0,0.2857142857142857,18.142857142857142,19.0,3,rolling,net_profit_fitness,3_days,rep_2,93,9
train,1,0,86986,86986,125287,9,13,413,4.75,6,23,2,295.0,5,295.0,333.0,38.0,8.763157894736842,19.0,0.6,59.0,19.0,1,rolling,net_profit_fitness,3_days,rep_2,93,9
test,1,0,86986,86986,125287,9,13,413,4.75,6,23,2,381.0,7,127.0,222.0,95.0,2.336842105263158,57.0,0.2857142857142857,18.142857142857142,19.0,3,rolling,net_profit_fitness,3_days,rep_2,94,9
train,1,0,86986,86986,125287,9,13,413,4.75,6,23,2,295.0,5,295.0,333.0,38.0,8.763157894736842,19.0,0.6,59.0,19.0,1,rolling,net_profit_fitness,3_days,rep_2,94,9
test,1,0,86986,86986,125287,9,13,413,4.75,6,23,2,381.0,7,127.0,222.0,95.0,2.336842105263158,57.0,0.2857142857142857,18.142857142857142,19.0,3,rolling,net_profit_fitness,3_days,rep_2,95,9
train,1,0,86986,86986,125287,9,13,413,4.75,6,23,2,295.0,5,295.0,333.0,38.0,8.763157894736842,19.0,0.6,59.0,19.0,1,rolling,net_profit_fitness,3_days,rep_2,95,9
test,1,0,86986,86986,125287,9,13,413,4.75,6,23,2,381.0,7,127.0,222.0,95.0,2.336842105263158,57.0,0.2857142857142857,18.142857142857142,19.0,3,rolling,net_profit_fitness,3_days,rep_2,96,9
train,1,0,86986,86986,125287,9,13,413,4.75,6,23,2,295.0,5,295.0,333.0,38.0,8.763157894736842,19.0,0.6,59.0,19.0,1,rolling,net_profit_fitness,3_days,rep_2,96,9
test,1,0,86986,86986,125287,9,13,413,4.75,6,23,2,381.0,7,127.0,222.0,95.0,2.336842105263158,57.0,0.2857142857142857,18.142857142857142,19.0,3,rolling,net_profit_fitness,3_days,rep_2,97,9
train,1,0,86986,86986,125287,9,13,413,4.75,6,23,2,295.0,5,295.0,333.0,38.0,8.763157894736842,19.0,0.6,59.0,19.0,1,rolling,net_profit_fitness,3_days,rep_2,97,9
test,1,0,86986,86986,125287,9,13,413,4.75,6,23,2,381.0,7,127.0,222.0,95.0,2.336842105263158,57.0,0.2857142857142857,18.142857142857142,19.0,3,rolling,net_profit_fitness,3_days,rep_2,98,9
train,1,0,86986,86986,125287,9,13,413,4.75,6,23,2,295.0,5,295.0,333.0,38.0,8.763157894736842,19.0,0.6,59.0,19.0,1,rolling,net_profit_fitness,3_days,rep_2,98,9
test,1,0,86986,86986,125287,9,13,413,4.75,6,23,2,381.0,7,127.0,222.0,95.0,2.336842105263158,57.0,0.2857142857142857,18.142857142857142,19.0,3,rolling,net_profit_fitness,3_days,rep_2,99,9
train,1,0,86986,86986,125287,9,13,413,4.75,6,23,2,295.0,5,295.0,333.0,38.0,8.763157894736842,19.0,0.6,59.0,19.0,1,rolling,net_profit_fitness,3_days,rep_2,99,9
test,1,0,86986,86986,125287,9,13,413,4.75,6,23,2,381.0,7,127.0,222.0,95.0,2.336842105263158,57.0,0.2857142857142857,18.142857142857142,19.0,3,rolling,net_profit_fitness,3_days,rep_2,100,9
train,1,0,86986,86986,125287,9,13,413,4.75,6,23,2,295.0,5,295.0,333.0,38.0,8.763157894736842,19.0,0.6,59.0,19.0,1,rolling,net_profit_fitness,3_days,rep_2,100,9
test,2,22406,125287,125287,130699,0,12,3109,4.0,5,20,3,-3000.0,0,0.0,0.0,0.0,inf,0.0,0.0,0.0,0.0,0,rolling,net_profit_fitness,3_days,rep_2,0,0
train,2,22406,125287,125287,130699,0,12,3109,4.0,5,20,3,360.0,25,360.0,768.0,408.0,1.8823529411764703,120.0,0.32,14.4,24.0,5,rolling,net_profit_fitness,3_days,rep_2,0,0
test,2,22406,125287,125287,130699,0,12,3109,4.0,5,20,3,-3000.0,0,0.0,0.0,0.0,inf,0.0,0.0,0.0,0.0,0,rolling,net_profit_fitness,3_days,rep_2,1,0
train,2,22406,125287,125287,130699,0,12,3109,4.0,5,20,3,360.0,25,360.0,768.0,408.0,1.8823529411764703,120.0,0.32,14.4,24.0,5,rolling,net_profit_fitness,3_days,rep_2,1,0
test,2,22406,125287,125287,130699,2,12,1755,6.0,5,29,2,-3000.0,0,0.0,0.0,0.0,inf,0.0,0.0,0.0,0.0,0,rolling,net_profit_fitness,3_days,rep_2,2,2
train,2,22406,125287,125287,130699,2,12,1755,6.0,5,29,2,420.0,20,420.0,705.0,285.0,2.473684210526316,114.0,0.25,21.0,19.0,6,rolling,net_profit_fitness,3_days,rep_2,2,2
test,2,22406,125287,125287,130699,3,12,1755,6.0,4,25,3,-3000.0,0,0.0,0.0,0.0,inf,0.0,0.0,0.0,0.0,0,rolling,net_profit_fitness,3_days,rep_2,3,3
train,2,22406,125287,125287,130699,3,12,1755,6.0,4,25,3,511.0,21,511.0,847.0,336.0,2.520833333333333,144.0,0.3333333333333333,24.33333333333333,24.0,6,rolling,net_profit_fitness,3_days,rep_2,3,3
test,2,22406,125287,125287,130699,4,12,1994,3.0,5,25,2,-3000.0,0,0.0,0.0,0.0,inf,0.0,0.0,0.0,0.0,0,rolling,net_profit_fitness,3_days,rep_2,4,4
train,2,22406,125287,125287,130699,4,12,1994,3.0,5,25,2,562.0,22,562.0,847.0,285.0,2.9719298245614034,114.0,0.3181818181818182,25.545454545454547,19.0,6,rolling,net_profit_fitness,3_days,rep_2,4,4
test,2,22406,125287,125287,130699,5,12,1994,4.0,7,25,2,-3000.0,0,0.0,0.0,0.0,inf,0.0,0.0,0.0,0.0,0,rolling,net_profit_fitness,3_days,rep_2,5,5
train,2,22406,125287,125287,130699,5,12,1994,4.0,7,25,2,619.0,19,619.0,847.0,228.0,3.7149122807017534,95.0,0.3684210526315789,32.578947368421055,19.0,5,rolling,net_profit_fitness,3_days,rep_2,5,5
test,2,22406,125287,125287,130699,5,12,1994,4.0,7,25,2,-3000.0,0,0.0,0.0,0.0,inf,0.0,0.0,0.0,0.0,0,rolling,net_profit_fitness,3_days,rep_2,6,5
train,2,22406,125287,125287,130699,5,12,1994,4.0,7,25,2,619.0,19,619.0,847.0,228.0,3.7149122807017534,95.0,0.3684210526315789,32.578947368421055,19.0,5,rolling,net_profit_fitness,3_days,rep_2,6,5
test,2,22406,125287,125287,130699,5,12,1994,4.0,7,25,2,-3000.0,0,0.0,0.0,0.0,inf,0.0,0.0,0.0,0.0,0,rolling,net_profit_fitness,3_days,rep_2,7,5
train,2,22406,125287,125287,130699,5,12,1994,4.0,7,25,2,619.0,19,619.0,847.0,228.0,3.7149122807017534,95.0,0.3684210526315789,32.578947368421055,19.0,5,rolling,net_profit_fitness,3_days,rep_2,7,5
test,2,22406,125287,125287,130699,5,12,1994,4.0,7,25,2,-3000.0,0,0.0,0.0,0.0,inf,0.0,0.0,0.0,0.0,0,rolling,net_profit_fitness,3_days,rep_2,8,5
train,2,22406,125287,125287,130699,5,12,1994,4.0,7,25,2,619.0,19,619.0,847.0,228.0,3.7149122807017534,95.0,0.3684210526315789,32.578947368421055,19.0,5,rolling,net_profit_fitness,3_days,rep_2,8,5
test,2,22406,125287,125287,130699,5,12,1994,4.0,7,25,2,-3000.0,0,0.0,0.0,0.0,inf,0.0,0.0,0.0,0.0,0,rolling,net_profit_fitness,3_days,rep_2,9,5
train,2,22406,125287,125287,130699,5,12,1994,4.0,7,25,2,619.0,19,619.0,847.0,228.0,3.7149122807017534,95.0,0.3684210526315789,32.578947368421055,19.0,5,rolling,net_profit_fitness,3_days,rep_2,9,5
test,2,22406,125287,125287,130699,5,12,1994,4.0,7,25,2,-3000.0,0,0.0,0.0,0.0,inf,0.0,0.0,0.0,0.0,0,rolling,net_profit_fitness,3_days,rep_2,10,5
train,2,22406,125287,125287,130699,5,12,1994,4.0,7,25,2,619.0,19,619.0,847.0,228.0,3.7149122807017534,95.0,0.3684210526315789,32.578947368421055,19.0,5,rolling,net_profit_fitness,3_days,rep_2,10,5
test,2,22406,125287,125287,130699,11,12,1805,3.5,7,26,2,-3000.0,0,0.0,0.0,0.0,inf,0.0,0.0,0.0,0.0,0,rolling,net_profit_fitness,3_days,rep_2,11,11
train,2,22406,125287,125287,130699,11,12,1805,3.5,7,26,2,635.0,20,635.0,882.0,247.0,3.57085020242915,95.0,0.35,31.75,19.0,5,rolling,net_profit_fitness,3_days,rep_2,11,11
test,2,22406,125287,125287,130699,12,12,1324,4.0,7,26,2,-3000.0,0,0.0,0.0,0.0,inf,0.0,0.0,0.0,0.0,0,rolling,net_profit_fitness,3_days,rep_2,12,12
train,2,22406,125287,125287,130699,12,12,1324,4.0,7,26,2,654.0,19,654.0,882.0,228.0,3.8684210526315783,95.0,0.3684210526315789,34.421052631578945,19.0,5,rolling,net_profit_fitness,3_days,rep_2,12,12
test,2,22406,125287,125287,130699,12,12,1324,4.0,7,26,2,-3000.0,0,0.0,0.0,0.0,inf,0.0,0.0,0.0,0.0,0,rolling,net_profit_fitness,3_days,rep_2,13,12
train,2,22406,125287,125287,130699,12,12,1324,4.0,7,26,2,654.0,19,654.0,882.0,228.0,3.8684210526315783,95.0,0.3684210526315789,34.421052631578945,19.0,5,rolling,net_profit_fitness,3_days,rep_2,13,12
test,2,22406,125287,125287,130699,12,12,1324,4.0,7,26,2,-3000.0,0,0.0,0.0,0.0,inf,0.0,0.0,0.0,0.0,0,rolling,net_profit_fitness,3_days,rep_2,14,12
train,2,22406,125287,125287,130699,12,12,1324,4.0,7,26,2,654.0,19,654.0,882.0,228.0,3.8684210526315783,95.0,0.3684210526315789,34.421052631578945,19.0,5,rolling,net_profit_fitness,3_days,rep_2,14,12
test,2,22406,125287,125287,130699,12,12,1324,4.0,7,26,2,-3000.0,0,0.0,0.0,0.0,inf,0.0,0.0,0.0,0.0,0,rolling,net_profit_fitness,3_days,rep_2,15,12
train,2,22406,125287,125287,130699,12,12,1324,4.0,7,26,2,654.0,19,654.0,882.0,228.0,3.8684210526315783,95.0,0.3684210526315789,34.421052631578945,19.0,5,rolling,net_profit_fitness,3_days,rep_2,15,12
test,2,22406,125287,125287,130699,12,12,1324,4.0,7,26,2,-3000.0,0,0.0,0.0,0.0,inf,0.0,0.0,0.0,0.0,0,rolling,net_profit_fitness,3_days,rep_2,16,12
train,2,22406,125287,125287,130699,12,12,1324,4.0,7,26,2,654.0,19,654.0,882.0,228.0,3.8684210526315783,95.0,0.3684210526315789,34.421052631578945,19.0,5,rolling,net_profit_fitness,3_days,rep_2,16,12
test,2,22406,125287,125287,130699,17,12,1338,3.75,8,26,2,-3000.0,0,0.0,0.0,0.0,inf,0.0,0.0,0.0,0.0,0,rolling,net_profit_fitness,3_days,rep_2,17,17
train,2,22406,125287,125287,130699,17,12,1338,3.75,8,26,2,673.0,18,673.0,882.0,209.0,4.220095693779904,95.0,0.3888888888888889,37.388888888888886,19.0,5,rolling,net_profit_fitness,3_days,rep_2,17,17
test,2,22406,125287,125287,130699,17,12,1338,3.75,8,26,2,-3000.0,0,0.0,0.0,0.0,inf,0.0,0.0,0.0,0.0,0,rolling,net_profit_fitness,3_days,rep_2,18,17
train,2,22406,125287,125287,130699,17,12,1338,3.75,8,26,2,673.0,18,673.0,882.0,209.0,4.220095693779904,95.0,0.3888888888888889,37.388888888888886,19.0,5,rolling,net_profit_fitness,3_days,rep_2,18,17
test,2,22406,125287,125287,130699,17,12,1338,3.75,8,26,2,-3000.0,0,0.0,0.0,0.0,inf,0.0,0.0,0.0,0.0,0,rolling,net_profit_fitness,3_days,rep_2,19,17
train,2,22406,125287,125287,130699,17,12,1338,3.75,8,26,2,673.0,18,673.0,882.0,209.0,4.220095693779904,95.0,0.3888888888888889,37.388888888888886,19.0,5,rolling,net_profit_fitness,3_days,rep_2,19,17
test,2,22406,125287,125287,130699,17,12,1338,3.75,8,26,2,-3000.0,0,0.0,0.0,0.0,inf,0.0,0.0,0.0,0.0,0,rolling,net_profit_fitness,3_days,rep_2,20,17
train,2,22406,125287,125287,130699,17,12,1338,3.75,8,26,2,673.0,18,673.0,882.0,209.0,4.220095693779904,95.0,0.3888888888888889,37.388888888888886,19.0,5,rolling,net_profit_fitness,3_days,rep_2,20,17
test,2,22406,125287,125287,130699,17,12,1338,3.75,8,26,2,-3000.0,0,0.0,0.0,0.0,inf,0.0,0.0,0.0,0.0,0,rolling,net_profit_fitness,3_days,rep_2,21,17
train,2,22406,125287,125287,130699,17,12,1338,3.75,8,26,2,673.0,18,673.0,882.0,209.0,4.220095693779904,95.0,0.3888888888888889,37.388888888888886,19.0,5,rolling,net_profit_fitness,3_days,rep_2,21,17
test,2,22406,125287,125287,130699,17,12,1338,3.75,8,26,2,-3000.0,0,0.0,0.0,0.0,inf,0.0,0.0,0.0,0.0,0,rolling,net_profit_fitness,3_days,rep_2,22,17
train,2,22406,125287,125287,130699,17,12,1338,3.75,8,26,2,673.0,18,673.0,882.0,209.0,4.220095693779904,95.0,0.3888888888888889,37.388888888888886,19.0,5,rolling,net_profit_fitness,3_days,rep_2,22,17
test,2,22406,125287,125287,130699,17,12,1338,3.75,8,26,2,-3000.0,0,0.0,0.0,0.0,inf,0.0,0.0,0.0,0.0,0,rolling,net_profit_fitness,3_days,rep_2,23,17
train,2,22406,125287,125287,130699,17,12,1338,3.75,8,26,2,673.0,18,673.0,882.0,209.0,4.220095693779904,95.0,0.3888888888888889,37.388888888888886,19.0,5,rolling,net_profit_fitness,3_days,rep_2,23,17
test,2,22406,125287,125287,130699,17,12,1338,3.75,8,26,2,-3000.0,0,0.0,0.0,0.0,inf,0.0,0.0,0.0,0.0,0,rolling,net_profit_fitness,3_days,rep_2,24,17
train,2,22406,125287,125287,130699,17,12,1338,3.75,8,26,2,673.0,18,673.0,882.0,209.0,4.220095693779904,95.0,0.3888888888888889,37.388888888888886,19.0,5,rolling,net_profit_fitness,3_days,rep_2,24,17
test,2,22406,125287,125287,130699,17,12,1338,3.75,8,26,2,-3000.0,0,0.0,0.0,0.0,inf,0.0,0.0,0.0,0.0,0,rolling,net_profit_fitness,3_days,rep_2,25,17
train,2,22406,125287,125287,130699,17,12,1338,3.75,8,26,2,673.0,18,673.0,882.0,209.0,4.220095693779904,95.0,0.3888888888888889,37.388888888888886,19.0,5,rolling,net_profit_fitness,3_days,rep_2,25,17
test,2,22406,125287,125287,130699,17,12,1338,3.75,8,26,2,-3000.0,0,0.0,0.0,0.0,inf,0.0,0.0,0.0,0.0,0,rolling,net_profit_fitness,3_days,rep_2,26,17
train,2,22406,125287,125287,130699,17,12,1338,3.75,8,26,2,673.0,18,673.0,882.0,209.0,4.220095693779904,95.0,0.3888888888888889,37.388888888888886,19.0,5,rolling,net_profit_fitness,3_days,rep_2,26,17
test,2,22406,125287,125287,130699,17,12,1338,3.75,8,26,2,-3000.0,0,0.0,0.0,0.0,inf,0.0,0.0,0.0,0.0,0,rolling,net_profit_fitness,3_days,rep_2,27,17
train,2,22406,125287,125287,130699,17,12,1338,3.75,8,26,2,673.0,18,673.0,882.0,209.0,4.220095693779904,95.0,0.3888888888888889,37.388888888888886,19.0,5,rolling,net_profit_fitness,3_days,rep_2,27,17
test,2,22406,125287,125287,130699,17,12,1338,3.75,8,26,2,-3000.0,0,0.0,0.0,0.0,inf,0.0,0.0,0.0,0.0,0,rolling,net_profit_fitness,3_days,rep_2,28,17
train,2,22406,125287,125287,130699,17,12,1338,3.75,8,26,2,673.0,18,673.0,882.0,209.0,4.220095693779904,95.0,0.3888888888888889,37.388888888888886,19.0,5,rolling,net_profit_fitness,3_days,rep_2,28,17
test,2,22406,125287,125287,130699,17,12,1338,3.75,8,26,2,-3000.0,0,0.0,0.0,0.0,inf,0.0,0.0,0.0,0.0,0,rolling,net_profit_fitness,3_days,rep_2,29,17
train,2,22406,125287,125287,130699,17,12,1338,3.75,8,26,2,673.0,18,673.0,882.0,209.0,4.220095693779904,95.0,0.3888888888888889,37.388888888888886,19.0,5,rolling,net_profit_fitness,3_days,rep_2,29,17
test,2,22406,125287,125287,130699,17,12,1338,3.75,8,26,2,-3000.0,0,0.0,0.0,0.0,inf,0.0,0.0,0.0,0.0,0,rolling,net_profit_fitness,3_days,rep_2,30,17
train,2,22406,125287,125287,130699,17,12,1338,3.75,8,26,2,673.0,18,673.0,882.0,209.0,4.220095693779904,95.0,0.3888888888888889,37.388888888888886,19.0,5,rolling,net_profit_fitness,3_days,rep_2,30,17
test,2,22406,125287,125287,130699,17,12,1338,3.75,8,26,2,-3000.0,0,0.0,0.0,0.0,inf,0.0,0.0,0.0,0.0,0,rolling,net_profit_fitness,3_days,rep_2,31,17
train,2,22406,125287,125287,130699,17,12,1338,3.75,8,26,2,673.0,18,673.0,882.0,209.0,4.220095693779904,95.0,0.3888888888888889,37.388888888888886,19.0,5,rolling,net_profit_fitness,3_days,rep_2,31,17
test,2,22406,125287,125287,130699,17,12,1338,3.75,8,26,2,-3000.0,0,0.0,0.0,0.0,inf,0.0,0.0,0.0,0.0,0,rolling,net_profit_fitness,3_days,rep_2,32,17
train,2,22406,125287,125287,130699,17,12,1338,3.75,8,26,2,673.0,18,673.0,882.0,209.0,4.220095693779904,95.0,0.3888888888888889,37.388888888888886,19.0,5,rolling,net_profit_fitness,3_days,rep_2,32,17
test,2,22406,125287,125287,130699,17,12,1338,3.75,8,26,2,-3000.0,0,0.0,0.0,0.0,inf,0.0,0.0,0.0,0.0,0,rolling,net_profit_fitness,3_days,rep_2,33,17
train,2,22406,125287,125287,130699,17,12,1338,3.75,8,26,2,673.0,18,673.0,882.0,209.0,4.220095693779904,95.0,0.3888888888888889,37.388888888888886,19.0,5,rolling,net_profit_fitness,3_days,rep_2,33,17
test,2,22406,125287,125287,130699,17,12,1338,3.75,8,26,2,-3000.0,0,0.0,0.0,0.0,inf,0.0,0.0,0.0,0.0,0,rolling,net_profit_fitness,3_days,rep_2,34,17
train,2,22406,125287,125287,130699,17,12,1338,3.75,8,26,2,673.0,18,673.0,882.0,209.0,4.220095693779904,95.0,0.3888888888888889,37.388888888888886,19.0,5,rolling,net_profit_fitness,3_days,rep_2,34,17
test,2,22406,125287,125287,130699,17,12,1338,3.75,8,26,2,-3000.0,0,0.0,0.0,0.0,inf,0.0,0.0,0.0,0.0,0,rolling,net_profit_fitness,3_days,rep_2,35,17
train,2,22406,125287,125287,130699,17,12,1338,3.75,8,26,2,673.0,18,673.0,882.0,209.0,4.220095693779904,95.0,0.3888888888888889,37.388888888888886,19.0,5,rolling,net_profit_fitness,3_days,rep_2,35,17
test,2,22406,125287,125287,130699,17,12,1338,3.75,8,26,2,-3000.0,0,0.0,0.0,0.0,inf,0.0,0.0,0.0,0.0,0,rolling,net_profit_fitness,3_days,rep_2,36,17
train,2,22406,125287,125287,130699,17,12,1338,3.75,8,26,2,673.0,18,673.0,882.0,209.0,4.220095693779904,95.0,0.3888888888888889,37.388888888888886,19.0,5,rolling,net_profit_fitness,3_days,rep_2,36,17
test,2,22406,125287,125287,130699,17,12,1338,3.75,8,26,2,-3000.0,0,0.0,0.0,0.0,inf,0.0,0.0,0.0,0.0,0,rolling,net_profit_fitness,3_days,rep_2,37,17
train,2,22406,125287,125287,130699,17,12,1338,3.75,8,26,2,673.0,18,673.0,882.0,209.0,4.220095693779904,95.0,0.3888888888888889,37.388888888888886,19.0,5,rolling,net_profit_fitness,3_days,rep_2,37,17
test,2,22406,125287,125287,130699,17,12,1338,3.75,8,26,2,-3000.0,0,0.0,0.0,0.0,inf,0.0,0.0,0.0,0.0,0,rolling,net_profit_fitness,3_days,rep_2,38,17
train,2,22406,125287,125287,130699,17,12,1338,3.75,8,26,2,673.0,18,673.0,882.0,209.0,4.220095693779904,95.0,0.3888888888888889,37.388888888888886,19.0,5,rolling,net_profit_fitness,3_days,rep_2,38,17
test,2,22406,125287,125287,130699,17,12,1338,3.75,8,26,2,-3000.0,0,0.0,0.0,0.0,inf,0.0,0.0,0.0,0.0,0,rolling,net_profit_fitness,3_days,rep_2,39,17
train,2,22406,125287,125287,130699,17,12,1338,3.75,8,26,2,673.0,18,673.0,882.0,209.0,4.220095693779904,95.0,0.3888888888888889,37.388888888888886,19.0,5,rolling,net_profit_fitness,3_days,rep_2,39,17
test,2,22406,125287,125287,130699,17,12,1338,3.75,8,26,2,-3000.0,0,0.0,0.0,0.0,inf,0.0,0.0,0.0,0.0,0,rolling,net_profit_fitness,3_days,rep_2,40,17
train,2,22406,125287,125287,130699,17,12,1338,3.75,8,26,2,673.0,18,673.0,882.0,209.0,4.220095693779904,95.0,0.3888888888888889,37.388888888888886,19.0,5,rolling,net_profit_fitness,3_days,rep_2,40,17
test,2,22406,125287,125287,130699,17,12,1338,3.75,8,26,2,-3000.0,0,0.0,0.0,0.0,inf,0.0,0.0,0.0,0.0,0,rolling,net_profit_fitness,3_days,rep_2,41,17
train,2,22406,125287,125287,130699,17,12,1338,3.75,8,26,2,673.0,18,673.0,882.0,209.0,4.220095693779904,95.0,0.3888888888888889,37.388888888888886,19.0,5,rolling,net_profit_fitness,3_days,rep_2,41,17
test,2,22406,125287,125287,130699,17,12,1338,3.75,8,26,2,-3000.0,0,0.0,0.0,0.0,inf,0.0,0.0,0.0,0.0,0,rolling,net_profit_fitness,3_days,rep_2,42,17
train,2,22406,125287,125287,130699,17,12,1338,3.75,8,26,2,673.0,18,673.0,882.0,209.0,4.220095693779904,95.0,0.3888888888888889,37.388888888888886,19.0,5,rolling,net_profit_fitness,3_days,rep_2,42,17
test,2,22406,125287,125287,130699,17,12,1338,3.75,8,26,2,-3000.0,0,0.0,0.0,0.0,inf,0.0,0.0,0.0,0.0,0,rolling,net_profit_fitness,3_days,rep_2,43,17
train,2,22406,125287,125287,130699,17,12,1338,3.75,8,26,2,673.0,18,673.0,882.0,209.0,4.220095693779904,95.0,0.3888888888888889,37.388888888888886,19.0,5,rolling,net_profit_fitness,3_days,rep_2,43,17
test,2,22406,125287,125287,130699,17,12,1338,3.75,8,26,2,-3000.0,0,0.0,0.0,0.0,inf,0.0,0.0,0.0,0.0,0,rolling,net_profit_fitness,3_days,rep_2,44,17
train,2,22406,125287,125287,130699,17,12,1338,3.75,8,26,2,673.0,18,673.0,882.0,209.0,4.220095693779904,95.0,0.3888888888888889,37.388888888888886,19.0,5,rolling,net_profit_fitness,3_days,rep_2,44,17
test,2,22406,125287,125287,130699,17,12,1338,3.75,8,26,2,-3000.0,0,0.0,0.0,0.0,inf,0.0,0.0,0.0,0.0,0,rolling,net_profit_fitness,3_days,rep_2,45,17
train,2,22406,125287,125287,130699,17,12,1338,3.75,8,26,2,673.0,18,673.0,882.0,209.0,4.220095693779904,95.0,0.3888888888888889,37.388888888888886,19.0,5,rolling,net_profit_fitness,3_days,rep_2,45,17
test,2,22406,125287,125287,130699,17,12,1338,3.75,8,26,2,-3000.0,0,0.0,0.0,0.0,inf,0.0,0.0,0.0,0.0,0,rolling,net_profit_fitness,3_days,rep_2,46,17
train,2,22406,125287,125287,130699,17,12,1338,3.75,8,26,2,673.0,18,673.0,882.0,209.0,4.220095693779904,95.0,0.3888888888888889,37.388888888888886,19.0,5,rolling,net_profit_fitness,3_days,rep_2,46,17
test,2,22406,125287,125287,130699,17,12,1338,3.75,8,26,2,-3000.0,0,0.0,0.0,0.0,inf,0.0,0.0,0.0,0.0,0,rolling,net_profit_fitness,3_days,rep_2,47,17
train,2,22406,125287,125287,130699,17,12,1338,3.75,8,26,2,673.0,18,673.0,882.0,209.0,4.220095693779904,95.0,0.3888888888888889,37.388888888888886,19.0,5,rolling,net_profit_fitness,3_days,rep_2,47,17
test,2,22406,125287,125287,130699,17,12,1338,3.75,8,26,2,-3000.0,0,0.0,0.0,0.0,inf,0.0,0.0,0.0,0.0,0,rolling,net_profit_fitness,3_days,rep_2,48,17
train,2,22406,125287,125287,130699,17,12,1338,3.75,8,26,2,673.0,18,673.0,882.0,209.0,4.220095693779904,95.0,0.3888888888888889,37.388888888888886,19.0,5,rolling,net_profit_fitness,3_days,rep_2,48,17
test,2,22406,125287,125287,130699,17,12,1338,3.75,8,26,2,-3000.0,0,0.0,0.0,0.0,inf,0.0,0.0,0.0,0.0,0,rolling,net_profit_fitness,3_days,rep_2,49,17
train,2,22406,125287,125287,130699,17,12,1338,3.75,8,26,2,673.0,18,673.0,882.0,209.0,4.220095693779904,95.0,0.3888888888888889,37.388888888888886,19.0,5,rolling,net_profit_fitness,3_days,rep_2,49,17
test,2,22406,125287,125287,130699,17,12,1338,3.75,8,26,2,-3000.0,0,0.0,0.0,0.0,inf,0.0,0.0,0.0,0.0,0,rolling,net_profit_fitness,3_days,rep_2,50,17
train,2,22406,125287,125287,130699,17,12,1338,3.75,8,26,2,673.0,18,673.0,882.0,209.0,4.220095693779904,95.0,0.3888888888888889,37.388888888888886,19.0,5,rolling,net_profit_fitness,3_days,rep_2,50,17
test,2,22406,125287,125287,130699,17,12,1338,3.75,8,26,2,-3000.0,0,0.0,0.0,0.0,inf,0.0,0.0,0.0,0.0,0,rolling,net_profit_fitness,3_days,rep_2,51,17
train,2,22406,125287,125287,130699,17,12,1338,3.75,8,26,2,673.0,18,673.0,882.0,209.0,4.220095693779904,95.0,0.3888888888888889,37.388888888888886,19.0,5,rolling,net_profit_fitness,3_days,rep_2,51,17
test,2,22406,125287,125287,130699,17,12,1338,3.75,8,26,2,-3000.0,0,0.0,0.0,0.0,inf,0.0,0.0,0.0,0.0,0,rolling,net_profit_fitness,3_days,rep_2,52,17
train,2,22406,125287,125287,130699,17,12,1338,3.75,8,26,2,673.0,18,673.0,882.0,209.0,4.220095693779904,95.0,0.3888888888888889,37.388888888888886,19.0,5,rolling,net_profit_fitness,3_days,rep_2,52,17
test,2,22406,125287,125287,130699,17,12,1338,3.75,8,26,2,-3000.0,0,0.0,0.0,0.0,inf,0.0,0.0,0.0,0.0,0,rolling,net_profit_fitness,3_days,rep_2,53,17
train,2,22406,125287,125287,130699,17,12,1338,3.75,8,26,2,673.0,18,673.0,882.0,209.0,4.220095693779904,95.0,0.3888888888888889,37.388888888888886,19.0,5,rolling,net_profit_fitness,3_days,rep_2,53,17
test,2,22406,125287,125287,130699,17,12,1338,3.75,8,26,2,-3000.0,0,0.0,0.0,0.0,inf,0.0,0.0,0.0,0.0,0,rolling,net_profit_fitness,3_days,rep_2,54,17
train,2,22406,125287,125287,130699,17,12,1338,3.75,8,26,2,673.0,18,673.0,882.0,209.0,4.220095693779904,95.0,0.3888888888888889,37.388888888888886,19.0,5,rolling,net_profit_fitness,3_days,rep_2,54,17
test,2,22406,125287,125287,130699,17,12,1338,3.75,8,26,2,-3000.0,0,0.0,0.0,0.0,inf,0.0,0.0,0.0,0.0,0,rolling,net_profit_fitness,3_days,rep_2,55,17
train,2,22406,125287,125287,130699,17,12,1338,3.75,8,26,2,673.0,18,673.0,882.0,209.0,4.220095693779904,95.0,0.3888888888888889,37.388888888888886,19.0,5,rolling,net_profit_fitness,3_days,rep_2,55,17
test,2,22406,125287,125287,130699,17,12,1338,3.75,8,26,2,-3000.0,0,0.0,0.0,0.0,inf,0.0,0.0,0.0,0.0,0,rolling,net_profit_fitness,3_days,rep_2,56,17
train,2,22406,125287,125287,130699,17,12,1338,3.75,8,26,2,673.0,18,673.0,882.0,209.0,4.220095693779904,95.0,0.3888888888888889,37.388888888888886,19.0,5,rolling,net_profit_fitness,3_days,rep_2,56,17
test,2,22406,125287,125287,130699,17,12,1338,3.75,8,26,2,-3000.0,0,0.0,0.0,0.0,inf,0.0,0.0,0.0,0.0,0,rolling,net_profit_fitness,3_days,rep_2,57,17
train,2,22406,125287,125287,130699,17,12,1338,3.75,8,26,2,673.0,18,673.0,882.0,209.0,4.220095693779904,95.0,0.3888888888888889,37.388888888888886,19.0,5,rolling,net_profit_fitness,3_days,rep_2,57,17
test,2,22406,125287,125287,130699,17,12,1338,3.75,8,26,2,-3000.0,0,0.0,0.0,0.0,inf,0.0,0.0,0.0,0.0,0,rolling,net_profit_fitness,3_days,rep_2,58,17
train,2,22406,125287,125287,130699,17,12,1338,3.75,8,26,2,673.0,18,673.0,882.0,209.0,4.220095693779904,95.0,0.3888888888888889,37.388888888888886,19.0,5,rolling,net_profit_fitness,3_days,rep_2,58,17
test,2,22406,125287,125287,130699,17,12,1338,3.75,8,26,2,-3000.0,0,0.0,0.0,0.0,inf,0.0,0.0,0.0,0.0,0,rolling,net_profit_fitness,3_days,rep_2,59,17
train,2,22406,125287,125287,130699,17,12,1338,3.75,8,26,2,673.0,18,673.0,882.0,209.0,4.220095693779904,95.0,0.3888888888888889,37.388888888888886,19.0,5,rolling,net_profit_fitness,3_days,rep_2,59,17
test,2,22406,125287,125287,130699,17,12,1338,3.75,8,26,2,-3000.0,0,0.0,0.0,0.0,inf,0.0,0.0,0.0,0.0,0,rolling,net_profit_fitness,3_days,rep_2,60,17
train,2,22406,125287,125287,130699,17,12,1338,3.75,8,26,2,673.0,18,673.0,882.0,209.0,4.220095693779904,95.0,0.3888888888888889,37.388888888888886,19.0,5,rolling,net_profit_fitness,3_days,rep_2,60,17
test,2,22406,125287,125287,130699,17,12,1338,3.75,8,26,2,-3000.0,0,0.0,0.0,0.0,inf,0.0,0.0,0.0,0.0,0,rolling,net_profit_fitness,3_days,rep_2,61,17
train,2,22406,125287,125287,130699,17,12,1338,3.75,8,26,2,673.0,18,673.0,882.0,209.0,4.220095693779904,95.0,0.3888888888888889,37.388888888888886,19.0,5,rolling,net_profit_fitness,3_days,rep_2,61,17
test,2,22406,125287,125287,130699,17,12,1338,3.75,8,26,2,-3000.0,0,0.0,0.0,0.0,inf,0.0,0.0,0.0,0.0,0,rolling,net_profit_fitness,3_days,rep_2,62,17
train,2,22406,125287,125287,130699,17,12,1338,3.75,8,26,2,673.0,18,673.0,882.0,209.0,4.220095693779904,95.0,0.3888888888888889,37.388888888888886,19.0,5,rolling,net_profit_fitness,3_days,rep_2,62,17
test,2,22406,125287,125287,130699,17,12,1338,3.75,8,26,2,-3000.0,0,0.0,0.0,0.0,inf,0.0,0.0,0.0,0.0,0,rolling,net_profit_fitness,3_days,rep_2,63,17
train,2,22406,125287,125287,130699,17,12,1338,3.75,8,26,2,673.0,18,673.0,882.0,209.0,4.220095693779904,95.0,0.3888888888888889,37.388888888888886,19.0,5,rolling,net_profit_fitness,3_days,rep_2,63,17
test,2,22406,125287,125287,130699,17,12,1338,3.75,8,26,2,-3000.0,0,0.0,0.0,0.0,inf,0.0,0.0,0.0,0.0,0,rolling,net_profit_fitness,3_days,rep_2,64,17
train,2,22406,125287,125287,130699,17,12,1338,3.75,8,26,2,673.0,18,673.0,882.0,209.0,4.220095693779904,95.0,0.3888888888888889,37.388888888888886,19.0,5,rolling,net_profit_fitness,3_days,rep_2,64,17
test,2,22406,125287,125287,130699,17,12,1338,3.75,8,26,2,-3000.0,0,0.0,0.0,0.0,inf,0.0,0.0,0.0,0.0,0,rolling,net_profit_fitness,3_days,rep_2,65,17
train,2,22406,125287,125287,130699,17,12,1338,3.75,8,26,2,673.0,18,673.0,882.0,209.0,4.220095693779904,95.0,0.3888888888888889,37.388888888888886,19.0,5,rolling,net_profit_fitness,3_days,rep_2,65,17
test,2,22406,125287,125287,130699,17,12,1338,3.75,8,26,2,-3000.0,0,0.0,0.0,0.0,inf,0.0,0.0,0.0,0.0,0,rolling,net_profit_fitness,3_days,rep_2,66,17
train,2,22406,125287,125287,130699,17,12,1338,3.75,8,26,2,673.0,18,673.0,882.0,209.0,4.220095693779904,95.0,0.3888888888888889,37.388888888888886,19.0,5,rolling,net_profit_fitness,3_days,rep_2,66,17
test,2,22406,125287,125287,130699,17,12,1338,3.75,8,26,2,-3000.0,0,0.0,0.0,0.0,inf,0.0,0.0,0.0,0.0,0,rolling,net_profit_fitness,3_days,rep_2,67,17
train,2,22406,125287,125287,130699,17,12,1338,3.75,8,26,2,673.0,18,673.0,882.0,209.0,4.220095693779904,95.0,0.3888888888888889,37.388888888888886,19.0,5,rolling,net_profit_fitness,3_days,rep_2,67,17
test,2,22406,125287,125287,130699,17,12,1338,3.75,8,26,2,-3000.0,0,0.0,0.0,0.0,inf,0.0,0.0,0.0,0.0,0,rolling,net_profit_fitness,3_days,rep_2,68,17
train,2,22406,125287,125287,130699,17,12,1338,3.75,8,26,2,673.0,18,673.0,882.0,209.0,4.220095693779904,95.0,0.3888888888888889,37.388888888888886,19.0,5,rolling,net_profit_fitness,3_days,rep_2,68,17
test,2,22406,125287,125287,130699,17,12,1338,3.75,8,26,2,-3000.0,0,0.0,0.0,0.0,inf,0.0,0.0,0.0,0.0,0,rolling,net_profit_fitness,3_days,rep_2,69,17
train,2,22406,125287,125287,130699,17,12,1338,3.75,8,26,2,673.0,18,673.0,882.0,209.0,4.220095693779904,95.0,0.3888888888888889,37.388888888888886,19.0,5,rolling,net_profit_fitness,3_days,rep_2,69,17
test,2,22406,125287,125287,130699,17,12,1338,3.75,8,26,2,-3000.0,0,0.0,0.0,0.0,inf,0.0,0.0,0.0,0.0,0,rolling,net_profit_fitness,3_days,rep_2,70,17
train,2,22406,125287,125287,130699,17,12,1338,3.75,8,26,2,673.0,18,673.0,882.0,209.0,4.220095693779904,95.0,0.3888888888888889,37.388888888888886,19.0,5,rolling,net_profit_fitness,3_days,rep_2,70,17
test,2,22406,125287,125287,130699,17,12,1338,3.75,8,26,2,-3000.0,0,0.0,0.0,0.0,inf,0.0,0.0,0.0,0.0,0,rolling,net_profit_fitness,3_days,rep_2,71,17
train,2,22406,125287,125287,130699,17,12,1338,3.75,8,26,2,673.0,18,673.0,882.0,209.0,4.220095693779904,95.0,0.3888888888888889,37.388888888888886,19.0,5,rolling,net_profit_fitness,3_days,rep_2,71,17
test,2,22406,125287,125287,130699,17,12,1338,3.75,8,26,2,-3000.0,0,0.0,0.0,0.0,inf,0.0,0.0,0.0,0.0,0,rolling,net_profit_fitness,3_days,rep_2,72,17
train,2,22406,125287,125287,130699,17,12,1338,3.75,8,26,2,673.0,18,673.0,882.0,209.0,4.220095693779904,95.0,0.3888888888888889,37.388888888888886,19.0,5,rolling,net_profit_fitness,3_days,rep_2,72,17
test,2,22406,125287,125287,130699,17,12,1338,3.75,8,26,2,-3000.0,0,0.0,0.0,0.0,inf,0.0,0.0,0.0,0.0,0,rolling,net_profit_fitness,3_days,rep_2,73,17
train,2,22406,125287,125287,130699,17,12,1338,3.75,8,26,2,673.0,18,673.0,882.0,209.0,4.220095693779904,95.0,0.3888888888888889,37.388888888888886,19.0,5,rolling,net_profit_fitness,3_days,rep_2,73,17
test,2,22406,125287,125287,130699,17,12,1338,3.75,8,26,2,-3000.0,0,0.0,0.0,0.0,inf,0.0,0.0,0.0,0.0,0,rolling,net_profit_fitness,3_days,rep_2,74,17
train,2,22406,125287,125287,130699,17,12,1338,3.75,8,26,2,673.0,18,673.0,882.0,209.0,4.220095693779904,95.0,0.3888888888888889,37.388888888888886,19.0,5,rolling,net_profit_fitness,3_days,rep_2,74,17
test,2,22406,125287,125287,130699,17,12,1338,3.75,8,26,2,-3000.0,0,0.0,0.0,0.0,inf,0.0,0.0,0.0,0.0,0,rolling,net_profit_fitness,3_days,rep_2,75,17
train,2,22406,125287,125287,130699,17,12,1338,3.75,8,26,2,673.0,18,673.0,882.0,209.0,4.220095693779904,95.0,0.3888888888888889,37.388888888888886,19.0,5,rolling,net_profit_fitness,3_days,rep_2,75,17
test,2,22406,125287,125287,130699,17,12,1338,3.75,8,26,2,-3000.0,0,0.0,0.0,0.0,inf,0.0,0.0,0.0,0.0,0,rolling,net_profit_fitness,3_days,rep_2,76,17
train,2,22406,125287,125287,130699,17,12,1338,3.75,8,26,2,673.0,18,673.0,882.0,209.0,4.220095693779904,95.0,0.3888888888888889,37.388888888888886,19.0,5,rolling,net_profit_fitness,3_days,rep_2,76,17
test,2,22406,125287,125287,130699,17,12,1338,3.75,8,26,2,-3000.0,0,0.0,0.0,0.0,inf,0.0,0.0,0.0,0.0,0,rolling,net_profit_fitness,3_days,rep_2,77,17
train,2,22406,125287,125287,130699,17,12,1338,3.75,8,26,2,673.0,18,673.0,882.0,209.0,4.220095693779904,95.0,0.3888888888888889,37.388888888888886,19.0,5,rolling,net_profit_fitness,3_days,rep_2,77,17
test,2,22406,125287,125287,130699,17,12,1338,3.75,8,26,2,-3000.0,0,0.0,0.0,0.0,inf,0.0,0.0,0.0,0.0,0,rolling,net_profit_fitness,3_days,rep_2,78,17
train,2,22406,125287,125287,130699,17,12,1338,3.75,8,26,2,673.0,18,673.0,882.0,209.0,4.220095693779904,95.0,0.3888888888888889,37.388888888888886,19.0,5,rolling,net_profit_fitness,3_days,rep_2,78,17
test,2,22406,125287,125287,130699,17,12,1338,3.75,8,26,2,-3000.0,0,0.0,0.0,0.0,inf,0.0,0.0,0.0,0.0,0,rolling,net_profit_fitness,3_days,rep_2,79,17
train,2,22406,125287,125287,130699,17,12,1338,3.75,8,26,2,673.0,18,673.0,882.0,209.0,4.220095693779904,95.0,0.3888888888888889,37.388888888888886,19.0,5,rolling,net_profit_fitness,3_days,rep_2,79,17
test,2,22406,125287,125287,130699,17,12,1338,3.75,8,26,2,-3000.0,0,0.0,0.0,0.0,inf,0.0,0.0,0.0,0.0,0,rolling,net_profit_fitness,3_days,rep_2,80,17
train,2,22406,125287,125287,130699,17,12,1338,3.75,8,26,2,673.0,18,673.0,882.0,209.0,4.220095693779904,95.0,0.3888888888888889,37.388888888888886,19.0,5,rolling,net_profit_fitness,3_days,rep_2,80,17
test,2,22406,125287,125287,130699,17,12,1338,3.75,8,26,2,-3000.0,0,0.0,0.0,0.0,inf,0.0,0.0,0.0,0.0,0,rolling,net_profit_fitness,3_days,rep_2,81,17
train,2,22406,125287,125287,130699,17,12,1338,3.75,8,26,2,673.0,18,673.0,882.0,209.0,4.220095693779904,95.0,0.3888888888888889,37.388888888888886,19.0,5,rolling,net_profit_fitness,3_days,rep_2,81,17
test,2,22406,125287,125287,130699,17,12,1338,3.75,8,26,2,-3000.0,0,0.0,0.0,0.0,inf,0.0,0.0,0.0,0.0,0,rolling,net_profit_fitness,3_days,rep_2,82,17
train,2,22406,125287,125287,130699,17,12,1338,3.75,8,26,2,673.0,18,673.0,882.0,209.0,4.220095693779904,95.0,0.3888888888888889,37.388888888888886,19.0,5,rolling,net_profit_fitness,3_days,rep_2,82,17
test,2,22406,125287,125287,130699,17,12,1338,3.75,8,26,2,-3000.0,0,0.0,0.0,0.0,inf,0.0,0.0,0.0,0.0,0,rolling,net_profit_fitness,3_days,rep_2,83,17
train,2,22406,125287,125287,130699,17,12,1338,3.75,8,26,2,673.0,18,673.0,882.0,209.0,4.220095693779904,95.0,0.3888888888888889,37.388888888888886,19.0,5,rolling,net_profit_fitness,3_days,rep_2,83,17
test,2,22406,125287,125287,130699,17,12,1338,3.75,8,26,2,-3000.0,0,0.0,0.0,0.0,inf,0.0,0.0,0.0,0.0,0,rolling,net_profit_fitness,3_days,rep_2,84,17
train,2,22406,125287,125287,130699,17,12,1338,3.75,8,26,2,673.0,18,673.0,882.0,209.0,4.220095693779904,95.0,0.3888888888888889,37.388888888888886,19.0,5,rolling,net_profit_fitness,3_days,rep_2,84,17
test,2,22406,125287,125287,130699,17,12,1338,3.75,8,26,2,-3000.0,0,0.0,0.0,0.0,inf,0.0,0.0,0.0,0.0,0,rolling,net_profit_fitness,3_days,rep_2,85,17
train,2,22406,125287,125287,130699,17,12,1338,3.75,8,26,2,673.0,18,673.0,882.0,209.0,4.220095693779904,95.0,0.3888888888888889,37.388888888888886,19.0,5,rolling,net_profit_fitness,3_days,rep_2,85,17
test,2,22406,125287,125287,130699,17,12,1338,3.75,8,26,2,-3000.0,0,0.0,0.0,0.0,inf,0.0,0.0,0.0,0.0,0,rolling,net_profit_fitness,3_days,rep_2,86,17
train,2,22406,125287,125287,130699,17,12,1338,3.75,8,26,2,673.0,18,673.0,882.0,209.0,4.220095693779904,95.0,0.3888888888888889,37.388888888888886,19.0,5,rolling,net_profit_fitness,3_days,rep_2,86,17
test,2,22406,125287,125287,130699,17,12,1338,3.75,8,26,2,-3000.0,0,0.0,0.0,0.0,inf,0.0,0.0,0.0,0.0,0,rolling,net_profit_fitness,3_days,rep_2,87,17
train,2,22406,125287,125287,130699,17,12,1338,3.75,8,26,2,673.0,18,673.0,882.0,209.0,4.220095693779904,95.0,0.3888888888888889,37.388888888888886,19.0,5,rolling,net_profit_fitness,3_days,rep_2,87,17
test,2,22406,125287,125287,130699,17,12,1338,3.75,8,26,2,-3000.0,0,0.0,0.0,0.0,inf,0.0,0.0,0.0,0.0,0,rolling,net_profit_fitness,3_days,rep_2,88,17
train,2,22406,125287,125287,130699,17,12,1338,3.75,8,26,2,673.0,18,673.0,882.0,209.0,4.220095693779904,95.0,0.3888888888888889,37.388888888888886,19.0,5,rolling,net_profit_fitness,3_days,rep_2,88,17
test,2,22406,125287,125287,130699,17,12,1338,3.75,8,26,2,-3000.0,0,0.0,0.0,0.0,inf,0.0,0.0,0.0,0.0,0,rolling,net_profit_fitness,3_days,rep_2,89,17
train,2,22406,125287,125287,130699,17,12,1338,3.75,8,26,2,673.0,18,673.0,882.0,209.0,4.220095693779904,95.0,0.3888888888888889,37.388888888888886,19.0,5,rolling,net_profit_fitness,3_days,rep_2,89,17
test,2,22406,125287,125287,130699,17,12,1338,3.75,8,26,2,-3000.0,0,0.0,0.0,0.0,inf,0.0,0.0,0.0,0.0,0,rolling,net_profit_fitness,3_days,rep_2,90,17
train,2,22406,125287,125287,130699,17,12,1338,3.75,8,26,2,673.0,18,673.0,882.0,209.0,4.220095693779904,95.0,0.3888888888888889,37.388888888888886,19.0,5,rolling,net_profit_fitness,3_days,rep_2,90,17
test,2,22406,125287,125287,130699,17,12,1338,3.75,8,26,2,-3000.0,0,0.0,0.0,0.0,inf,0.0,0.0,0.0,0.0,0,rolling,net_profit_fitness,3_days,rep_2,91,17
train,2,22406,125287,125287,130699,17,12,1338,3.75,8,26,2,673.0,18,673.0,882.0,209.0,4.220095693779904,95.0,0.3888888888888889,37.388888888888886,19.0,5,rolling,net_profit_fitness,3_days,rep_2,91,17
test,2,22406,125287,125287,130699,17,12,1338,3.75,8,26,2,-3000.0,0,0.0,0.0,0.0,inf,0.0,0.0,0.0,0.0,0,rolling,net_profit_fitness,3_days,rep_2,92,17
train,2,22406,125287,125287,130699,17,12,1338,3.75,8,26,2,673.0,18,673.0,882.0,209.0,4.220095693779904,95.0,0.3888888888888889,37.388888888888886,19.0,5,rolling,net_profit_fitness,3_days,rep_2,92,17
test,2,22406,125287,125287,130699,17,12,1338,3.75,8,26,2,-3000.0,0,0.0,0.0,0.0,inf,0.0,0.0,0.0,0.0,0,rolling,net_profit_fitness,3_days,rep_2,93,17
train,2,22406,125287,125287,130699,17,12,1338,3.75,8,26,2,673.0,18,673.0,882.0,209.0,4.220095693779904,95.0,0.3888888888888889,37.388888888888886,19.0,5,rolling,net_profit_fitness,3_days,rep_2,93,17
test,2,22406,125287,125287,130699,17,12,1338,3.75,8,26,2,-3000.0,0,0.0,0.0,0.0,inf,0.0,0.0,0.0,0.0,0,rolling,net_profit_fitness,3_days,rep_2,94,17
train,2,22406,125287,125287,130699,17,12,1338,3.75,8,26,2,673.0,18,673.0,882.0,209.0,4.220095693779904,95.0,0.3888888888888889,37.388888888888886,19.0,5,rolling,net_profit_fitness,3_days,rep_2,94,17
test,2,22406,125287,125287,130699,17,12,1338,3.75,8,26,2,-3000.0,0,0.0,0.0,0.0,inf,0.0,0.0,0.0,0.0,0,rolling,net_profit_fitness,3_days,rep_2,95,17
train,2,22406,125287,125287,130699,17,12,1338,3.75,8,26,2,673.0,18,673.0,882.0,209.0,4.220095693779904,95.0,0.3888888888888889,37.388888888888886,19.0,5,rolling,net_profit_fitness,3_days,rep_2,95,17
test,2,22406,125287,125287,130699,17,12,1338,3.75,8,26,2,-3000.0,0,0.0,0.0,0.0,inf,0.0,0.0,0.0,0.0,0,rolling,net_profit_fitness,3_days,rep_2,96,17
train,2,22406,125287,125287,130699,17,12,1338,3.75,8,26,2,673.0,18,673.0,882.0,209.0,4.220095693779904,95.0,0.3888888888888889,37.388888888888886,19.0,5,rolling,net_profit_fitness,3_days,rep_2,96,17
test,2,22406,125287,125287,130699,17,12,1338,3.75,8,26,2,-3000.0,0,0.0,0.0,0.0,inf,0.0,0.0,0.0,0.0,0,rolling,net_profit_fitness,3_days,rep_2,97,17
train,2,22406,125287,125287,130699,17,12,1338,3.75,8,26,2,673.0,18,673.0,882.0,209.0,4.220095693779904,95.0,0.3888888888888889,37.388888888888886,19.0,5,rolling,net_profit_fitness,3_days,rep_2,97,17
test,2,22406,125287,125287,130699,17,12,1338,3.75,8,26,2,-3000.0,0,0.0,0.0,0.0,inf,0.0,0.0,0.0,0.0,0,rolling,net_profit_fitness,3_days,rep_2,98,17
train,2,22406,125287,125287,130699,17,12,1338,3.75,8,26,2,673.0,18,673.0,882.0,209.0,4.220095693779904,95.0,0.3888888888888889,37.388888888888886,19.0,5,rolling,net_profit_fitness,3_days,rep_2,98,17
test,2,22406,125287,125287,130699,17,12,1338,3.75,8,26,2,-3000.0,0,0.0,0.0,0.0,inf,0.0,0.0,0.0,0.0,0,rolling,net_profit_fitness,3_days,rep_2,99,17
train,2,22406,125287,125287,130699,17,12,1338,3.75,8,26,2,673.0,18,673.0,882.0,209.0,4.220095693779904,95.0,0.3888888888888889,37.388888888888886,19.0,5,rolling,net_profit_fitness,3_days,rep_2,99,17
test,2,22406,125287,125287,130699,17,12,1338,3.75,8,26,2,-3000.0,0,0.0,0.0,0.0,inf,0.0,0.0,0.0,0.0,0,rolling,net_profit_fitness,3_days,rep_2,100,17
train,2,22406,125287,125287,130699,17,12,1338,3.75,8,26,2,673.0,18,673.0,882.0,209.0,4.220095693779904,95.0,0.3888888888888889,37.388888888888886,19.0,5,rolling,net_profit_fitness,3_days,rep_2,100,17
test,1,0,86986,86986,125287,0,11,1830,5.5,10,17,2,444.0,8,148.0,243.0,95.0,2.557894736842105,76.0,0.375,18.5,19.0,4,rolling,net_profit_fitness,3_days,rep_3,0,0
train,1,0,86986,86986,125287,0,11,1830,5.5,10,17,2,205.0,5,205.0,243.0,38.0,6.394736842105263,38.0,0.6,41.0,19.0,2,rolling,net_profit_fitness,3_days,rep_3,0,0
test,1,0,86986,86986,125287,1,15,3260,9.0,7,16,21,-570.0,5,-190.0,152.0,342.0,0.4444444444444444,342.0,0.4,-38.0,114.0,3,rolling,net_profit_fitness,3_days,rep_3,1,1
train,1,0,86986,86986,125287,1,15,3260,9.0,7,16,21,228.0,3,228.0,228.0,0.0,inf,0.0,1.0,76.0,0.0,0,rolling,net_profit_fitness,3_days,rep_3,1,1
test,1,0,86986,86986,125287,1,15,3260,9.0,7,16,21,-570.0,5,-190.0,152.0,342.0,0.4444444444444444,342.0,0.4,-38.0,114.0,3,rolling,net_profit_fitness,3_days,rep_3,2,1
train,1,0,86986,86986,125287,1,15,3260,9.0,7,16,21,228.0,3,228.0,228.0,0.0,inf,0.0,1.0,76.0,0.0,0,rolling,net_profit_fitness,3_days,rep_3,2,1
test,1,0,86986,86986,125287,3,14,3612,5.5,10,18,4,81.0,7,27.0,172.0,145.0,1.186206896551724,145.0,0.2857142857142857,3.857142857142857,29.0,5,rolling,net_profit_fitness,3_days,rep_3,3,3
train,1,0,86986,86986,125287,3,14,3612,5.5,10,18,4,229.0,4,229.0,258.0,29.0,8.89655172413793,29.0,0.75,57.25,29.0,1,rolling,net_profit_fitness,3_days,rep_3,3,3
test,1,0,86986,86986,125287,3,14,3612,5.5,10,18,4,81.0,7,27.0,172.0,145.0,1.186206896551724,145.0,0.2857142857142857,3.857142857142857,29.0,5,rolling,net_profit_fitness,3_days,rep_3,4,3
train,1,0,86986,86986,125287,3,14,3612,5.5,10,18,4,229.0,4,229.0,258.0,29.0,8.89655172413793,29.0,0.75,57.25,29.0,1,rolling,net_profit_fitness,3_days,rep_3,4,3
test,1,0,86986,86986,125287,3,14,3612,5.5,10,18,4,81.0,7,27.0,172.0,145.0,1.186206896551724,145.0,0.2857142857142857,3.857142857142857,29.0,5,rolling,net_profit_fitness,3_days,rep_3,5,3
train,1,0,86986,86986,125287,3,14,3612,5.5,10,18,4,229.0,4,229.0,258.0,29.0,8.89655172413793,29.0,0.75,57.25,29.0,1,rolling,net_profit_fitness,3_days,rep_3,5,3
test,1,0,86986,86986,125287,3,14,3612,5.5,10,18,4,81.0,7,27.0,172.0,145.0,1.186206896551724,145.0,0.2857142857142857,3.857142857142857,29.0,5,rolling,net_profit_fitness,3_days,rep_3,6,3
train,1,0,86986,86986,125287,3,14,3612,5.5,10,18,4,229.0,4,229.0,258.0,29.0,8.89655172413793,29.0,0.75,57.25,29.0,1,rolling,net_profit_fitness,3_days,rep_3,6,3
test,1,0,86986,86986,125287,3,14,3612,5.5,10,18,4,81.0,7,27.0,172.0,145.0,1.186206896551724,145.0,0.2857142857142857,3.857142857142857,29.0,5,rolling,net_profit_fitness,3_days,rep_3,7,3
train,1,0,86986,86986,125287,3,14,3612,5.5,10,18,4,229.0,4,229.0,258.0,29.0,8.89655172413793,29.0,0.75,57.25,29.0,1,rolling,net_profit_fitness,3_days,rep_3,7,3
test,1,0,86986,86986,125287,3,14,3612,5.5,10,18,4,81.0,7,27.0,172.0,145.0,1.186206896551724,145.0,0.2857142857142857,3.857142857142857,29.0,5,rolling,net_profit_fitness,3_days,rep_3,8,3
train,1,0,86986,86986,125287,3,14,3612,5.5,10,18,4,229.0,4,229.0,258.0,29.0,8.89655172413793,29.0,0.75,57.25,29.0,1,rolling,net_profit_fitness,3_days,rep_3,8,3
test,1,0,86986,86986,125287,3,14,3612,5.5,10,18,4,81.0,7,27.0,172.0,145.0,1.186206896551724,145.0,0.2857142857142857,3.857142857142857,29.0,5,rolling,net_profit_fitness,3_days,rep_3,9,3
train,1,0,86986,86986,125287,3,14,3612,5.5,10,18,4,229.0,4,229.0,258.0,29.0,8.89655172413793,29.0,0.75,57.25,29.0,1,rolling,net_profit_fitness,3_days,rep_3,9,3
test,1,0,86986,86986,125287,3,14,3612,5.5,10,18,4,81.0,7,27.0,172.0,145.0,1.186206896551724,145.0,0.2857142857142857,3.857142857142857,29.0,5,rolling,net_profit_fitness,3_days,rep_3,10,3
train,1,0,86986,86986,125287,3,14,3612,5.5,10,18,4,229.0,4,229.0,258.0,29.0,8.89655172413793,29.0,0.75,57.25,29.0,1,rolling,net_profit_fitness,3_days,rep_3,10,3
test,1,0,86986,86986,125287,3,14,3612,5.5,10,18,4,81.0,7,27.0,172.0,145.0,1.186206896551724,145.0,0.2857142857142857,3.857142857142857,29.0,5,rolling,net_profit_fitness,3_days,rep_3,11,3
train,1,0,86986,86986,125287,3,14,3612,5.5,10,18,4,229.0,4,229.0,258.0,29.0,8.89655172413793,29.0,0.75,57.25,29.0,1,rolling,net_profit_fitness,3_days,rep_3,11,3
test,1,0,86986,86986,125287,3,14,3612,5.5,10,18,4,81.0,7,27.0,172.0,145.0,1.186206896551724,145.0,0.2857142857142857,3.857142857142857,29.0,5,rolling,net_profit_fitness,3_days,rep_3,12,3
train,1,0,86986,86986,125287,3,14,3612,5.5,10,18,4,229.0,4,229.0,258.0,29.0,8.89655172413793,29.0,0.75,57.25,29.0,1,rolling,net_profit_fitness,3_days,rep_3,12,3
test,1,0,86986,86986,125287,3,14,3612,5.5,10,18,4,81.0,7,27.0,172.0,145.0,1.186206896551724,145.0,0.2857142857142857,3.857142857142857,29.0,5,rolling,net_profit_fitness,3_days,rep_3,13,3
train,1,0,86986,86986,125287,3,14,3612,5.5,10,18,4,229.0,4,229.0,258.0,29.0,8.89655172413793,29.0,0.75,57.25,29.0,1,rolling,net_profit_fitness,3_days,rep_3,13,3
test,1,0,86986,86986,125287,3,14,3612,5.5,10,18,4,81.0,7,27.0,172.0,145.0,1.186206896551724,145.0,0.2857142857142857,3.857142857142857,29.0,5,rolling,net_profit_fitness,3_days,rep_3,14,3
train,1,0,86986,86986,125287,3,14,3612,5.5,10,18,4,229.0,4,229.0,258.0,29.0,8.89655172413793,29.0,0.75,57.25,29.0,1,rolling,net_profit_fitness,3_days,rep_3,14,3
test,1,0,86986,86986,125287,3,14,3612,5.5,10,18,4,81.0,7,27.0,172.0,145.0,1.186206896551724,145.0,0.2857142857142857,3.857142857142857,29.0,5,rolling,net_profit_fitness,3_days,rep_3,15,3
train,1,0,86986,86986,125287,3,14,3612,5.5,10,18,4,229.0,4,229.0,258.0,29.0,8.89655172413793,29.0,0.75,57.25,29.0,1,rolling,net_profit_fitness,3_days,rep_3,15,3
test,1,0,86986,86986,125287,3,14,3612,5.5,10,18,4,81.0,7,27.0,172.0,145.0,1.186206896551724,145.0,0.2857142857142857,3.857142857142857,29.0,5,rolling,net_profit_fitness,3_days,rep_3,16,3
train,1,0,86986,86986,125287,3,14,3612,5.5,10,18,4,229.0,4,229.0,258.0,29.0,8.89655172413793,29.0,0.75,57.25,29.0,1,rolling,net_profit_fitness,3_days,rep_3,16,3
test,1,0,86986,86986,125287,3,14,3612,5.5,10,18,4,81.0,7,27.0,172.0,145.0,1.186206896551724,145.0,0.2857142857142857,3.857142857142857,29.0,5,rolling,net_profit_fitness,3_days,rep_3,17,3
train,1,0,86986,86986,125287,3,14,3612,5.5,10,18,4,229.0,4,229.0,258.0,29.0,8.89655172413793,29.0,0.75,57.25,29.0,1,rolling,net_profit_fitness,3_days,rep_3,17,3
test,1,0,86986,86986,125287,3,14,3612,5.5,10,18,4,81.0,7,27.0,172.0,145.0,1.186206896551724,145.0,0.2857142857142857,3.857142857142857,29.0,5,rolling,net_profit_fitness,3_days,rep_3,18,3
train,1,0,86986,86986,125287,3,14,3612,5.5,10,18,4,229.0,4,229.0,258.0,29.0,8.89655172413793,29.0,0.75,57.25,29.0,1,rolling,net_profit_fitness,3_days,rep_3,18,3
test,1,0,86986,86986,125287,3,14,3612,5.5,10,18,4,81.0,7,27.0,172.0,145.0,1.186206896551724,145.0,0.2857142857142857,3.857142857142857,29.0,5,rolling,net_profit_fitness,3_days,rep_3,19,3
train,1,0,86986,86986,125287,3,14,3612,5.5,10,18,4,229.0,4,229.0,258.0,29.0,8.89655172413793,29.0,0.75,57.25,29.0,1,rolling,net_profit_fitness,3_days,rep_3,19,3
test,1,0,86986,86986,125287,3,14,3612,5.5,10,18,4,81.0,7,27.0,172.0,145.0,1.186206896551724,145.0,0.2857142857142857,3.857142857142857,29.0,5,rolling,net_profit_fitness,3_days,rep_3,20,3
train,1,0,86986,86986,125287,3,14,3612,5.5,10,18,4,229.0,4,229.0,258.0,29.0,8.89655172413793,29.0,0.75,57.25,29.0,1,rolling,net_profit_fitness,3_days,rep_3,20,3
test,1,0,86986,86986,125287,3,14,3612,5.5,10,18,4,81.0,7,27.0,172.0,145.0,1.186206896551724,145.0,0.2857142857142857,3.857142857142857,29.0,5,rolling,net_profit_fitness,3_days,rep_3,21,3
train,1,0,86986,86986,125287,3,14,3612,5.5,10,18,4,229.0,4,229.0,258.0,29.0,8.89655172413793,29.0,0.75,57.25,29.0,1,rolling,net_profit_fitness,3_days,rep_3,21,3
test,1,0,86986,86986,125287,3,14,3612,5.5,10,18,4,81.0,7,27.0,172.0,145.0,1.186206896551724,145.0,0.2857142857142857,3.857142857142857,29.0,5,rolling,net_profit_fitness,3_days,rep_3,22,3
train,1,0,86986,86986,125287,3,14,3612,5.5,10,18,4,229.0,4,229.0,258.0,29.0,8.89655172413793,29.0,0.75,57.25,29.0,1,rolling,net_profit_fitness,3_days,rep_3,22,3
test,1,0,86986,86986,125287,3,14,3612,5.5,10,18,4,81.0,7,27.0,172.0,145.0,1.186206896551724,145.0,0.2857142857142857,3.857142857142857,29.0,5,rolling,net_profit_fitness,3_days,rep_3,23,3
train,1,0,86986,86986,125287,3,14,3612,5.5,10,18,4,229.0,4,229.0,258.0,29.0,8.89655172413793,29.0,0.75,57.25,29.0,1,rolling,net_profit_fitness,3_days,rep_3,23,3
test,1,0,86986,86986,125287,3,14,3612,5.5,10,18,4,81.0,7,27.0,172.0,145.0,1.186206896551724,145.0,0.2857142857142857,3.857142857142857,29.0,5,rolling,net_profit_fitness,3_days,rep_3,24,3
train,1,0,86986,86986,125287,3,14,3612,5.5,10,18,4,229.0,4,229.0,258.0,29.0,8.89655172413793,29.0,0.75,57.25,29.0,1,rolling,net_profit_fitness,3_days,rep_3,24,3
test,1,0,86986,86986,125287,3,14,3612,5.5,10,18,4,81.0,7,27.0,172.0,145.0,1.186206896551724,145.0,0.2857142857142857,3.857142857142857,29.0,5,rolling,net_profit_fitness,3_days,rep_3,25,3
train,1,0,86986,86986,125287,3,14,3612,5.5,10,18,4,229.0,4,229.0,258.0,29.0,8.89655172413793,29.0,0.75,57.25,29.0,1,rolling,net_profit_fitness,3_days,rep_3,25,3
test,1,0,86986,86986,125287,3,14,3612,5.5,10,18,4,81.0,7,27.0,172.0,145.0,1.186206896551724,145.0,0.2857142857142857,3.857142857142857,29.0,5,rolling,net_profit_fitness,3_days,rep_3,26,3
train,1,0,86986,86986,125287,3,14,3612,5.5,10,18,4,229.0,4,229.0,258.0,29.0,8.89655172413793,29.0,0.75,57.25,29.0,1,rolling,net_profit_fitness,3_days,rep_3,26,3
test,1,0,86986,86986,125287,3,14,3612,5.5,10,18,4,81.0,7,27.0,172.0,145.0,1.186206896551724,145.0,0.2857142857142857,3.857142857142857,29.0,5,rolling,net_profit_fitness,3_days,rep_3,27,3
train,1,0,86986,86986,125287,3,14,3612,5.5,10,18,4,229.0,4,229.0,258.0,29.0,8.89655172413793,29.0,0.75,57.25,29.0,1,rolling,net_profit_fitness,3_days,rep_3,27,3
test,1,0,86986,86986,125287,3,14,3612,5.5,10,18,4,81.0,7,27.0,172.0,145.0,1.186206896551724,145.0,0.2857142857142857,3.857142857142857,29.0,5,rolling,net_profit_fitness,3_days,rep_3,28,3
train,1,0,86986,86986,125287,3,14,3612,5.5,10,18,4,229.0,4,229.0,258.0,29.0,8.89655172413793,29.0,0.75,57.25,29.0,1,rolling,net_profit_fitness,3_days,rep_3,28,3
test,1,0,86986,86986,125287,3,14,3612,5.5,10,18,4,81.0,7,27.0,172.0,145.0,1.186206896551724,145.0,0.2857142857142857,3.857142857142857,29.0,5,rolling,net_profit_fitness,3_days,rep_3,29,3
train,1,0,86986,86986,125287,3,14,3612,5.5,10,18,4,229.0,4,229.0,258.0,29.0,8.89655172413793,29.0,0.75,57.25,29.0,1,rolling,net_profit_fitness,3_days,rep_3,29,3
test,1,0,86986,86986,125287,3,14,3612,5.5,10,18,4,81.0,7,27.0,172.0,145.0,1.186206896551724,145.0,0.2857142857142857,3.857142857142857,29.0,5,rolling,net_profit_fitness,3_days,rep_3,30,3
train,1,0,86986,86986,125287,3,14,3612,5.5,10,18,4,229.0,4,229.0,258.0,29.0,8.89655172413793,29.0,0.75,57.25,29.0,1,rolling,net_profit_fitness,3_days,rep_3,30,3
test,1,0,86986,86986,125287,3,14,3612,5.5,10,18,4,81.0,7,27.0,172.0,145.0,1.186206896551724,145.0,0.2857142857142857,3.857142857142857,29.0,5,rolling,net_profit_fitness,3_days,rep_3,31,3
train,1,0,86986,86986,125287,3,14,3612,5.5,10,18,4,229.0,4,229.0,258.0,29.0,8.89655172413793,29.0,0.75,57.25,29.0,1,rolling,net_profit_fitness,3_days,rep_3,31,3
test,1,0,86986,86986,125287,3,14,3612,5.5,10,18,4,81.0,7,27.0,172.0,145.0,1.186206896551724,145.0,0.2857142857142857,3.857142857142857,29.0,5,rolling,net_profit_fitness,3_days,rep_3,32,3
train,1,0,86986,86986,125287,3,14,3612,5.5,10,18,4,229.0,4,229.0,258.0,29.0,8.89655172413793,29.0,0.75,57.25,29.0,1,rolling,net_profit_fitness,3_days,rep_3,32,3
test,1,0,86986,86986,125287,3,14,3612,5.5,10,18,4,81.0,7,27.0,172.0,145.0,1.186206896551724,145.0,0.2857142857142857,3.857142857142857,29.0,5,rolling,net_profit_fitness,3_days,rep_3,33,3
train,1,0,86986,86986,125287,3,14,3612,5.5,10,18,4,229.0,4,229.0,258.0,29.0,8.89655172413793,29.0,0.75,57.25,29.0,1,rolling,net_profit_fitness,3_days,rep_3,33,3
test,1,0,86986,86986,125287,3,14,3612,5.5,10,18,4,81.0,7,27.0,172.0,145.0,1.186206896551724,145.0,0.2857142857142857,3.857142857142857,29.0,5,rolling,net_profit_fitness,3_days,rep_3,34,3
train,1,0,86986,86986,125287,3,14,3612,5.5,10,18,4,229.0,4,229.0,258.0,29.0,8.89655172413793,29.0,0.75,57.25,29.0,1,rolling,net_profit_fitness,3_days,rep_3,34,3
test,1,0,86986,86986,125287,3,14,3612,5.5,10,18,4,81.0,7,27.0,172.0,145.0,1.186206896551724,145.0,0.2857142857142857,3.857142857142857,29.0,5,rolling,net_profit_fitness,3_days,rep_3,35,3
train,1,0,86986,86986,125287,3,14,3612,5.5,10,18,4,229.0,4,229.0,258.0,29.0,8.89655172413793,29.0,0.75,57.25,29.0,1,rolling,net_profit_fitness,3_days,rep_3,35,3
test,1,0,86986,86986,125287,3,14,3612,5.5,10,18,4,81.0,7,27.0,172.0,145.0,1.186206896551724,145.0,0.2857142857142857,3.857142857142857,29.0,5,rolling,net_profit_fitness,3_days,rep_3,36,3
train,1,0,86986,86986,125287,3,14,3612,5.5,10,18,4,229.0,4,229.0,258.0,29.0,8.89655172413793,29.0,0.75,57.25,29.0,1,rolling,net_profit_fitness,3_days,rep_3,36,3
test,1,0,86986,86986,125287,3,14,3612,5.5,10,18,4,81.0,7,27.0,172.0,145.0,1.186206896551724,145.0,0.2857142857142857,3.857142857142857,29.0,5,rolling,net_profit_fitness,3_days,rep_3,37,3
train,1,0,86986,86986,125287,3,14,3612,5.5,10,18,4,229.0,4,229.0,258.0,29.0,8.89655172413793,29.0,0.75,57.25,29.0,1,rolling,net_profit_fitness,3_days,rep_3,37,3
test,1,0,86986,86986,125287,3,14,3612,5.5,10,18,4,81.0,7,27.0,172.0,145.0,1.186206896551724,145.0,0.2857142857142857,3.857142857142857,29.0,5,rolling,net_profit_fitness,3_days,rep_3,38,3
train,1,0,86986,86986,125287,3,14,3612,5.5,10,18,4,229.0,4,229.0,258.0,29.0,8.89655172413793,29.0,0.75,57.25,29.0,1,rolling,net_profit_fitness,3_days,rep_3,38,3
test,1,0,86986,86986,125287,3,14,3612,5.5,10,18,4,81.0,7,27.0,172.0,145.0,1.186206896551724,145.0,0.2857142857142857,3.857142857142857,29.0,5,rolling,net_profit_fitness,3_days,rep_3,39,3
train,1,0,86986,86986,125287,3,14,3612,5.5,10,18,4,229.0,4,229.0,258.0,29.0,8.89655172413793,29.0,0.75,57.25,29.0,1,rolling,net_profit_fitness,3_days,rep_3,39,3
test,1,0,86986,86986,125287,3,14,3612,5.5,10,18,4,81.0,7,27.0,172.0,145.0,1.186206896551724,145.0,0.2857142857142857,3.857142857142857,29.0,5,rolling,net_profit_fitness,3_days,rep_3,40,3
train,1,0,86986,86986,125287,3,14,3612,5.5,10,18,4,229.0,4,229.0,258.0,29.0,8.89655172413793,29.0,0.75,57.25,29.0,1,rolling,net_profit_fitness,3_days,rep_3,40,3
test,1,0,86986,86986,125287,3,14,3612,5.5,10,18,4,81.0,7,27.0,172.0,145.0,1.186206896551724,145.0,0.2857142857142857,3.857142857142857,29.0,5,rolling,net_profit_fitness,3_days,rep_3,41,3
train,1,0,86986,86986,125287,3,14,3612,5.5,10,18,4,229.0,4,229.0,258.0,29.0,8.89655172413793,29.0,0.75,57.25,29.0,1,rolling,net_profit_fitness,3_days,rep_3,41,3
test,1,0,86986,86986,125287,3,14,3612,5.5,10,18,4,81.0,7,27.0,172.0,145.0,1.186206896551724,145.0,0.2857142857142857,3.857142857142857,29.0,5,rolling,net_profit_fitness,3_days,rep_3,42,3
train,1,0,86986,86986,125287,3,14,3612,5.5,10,18,4,229.0,4,229.0,258.0,29.0,8.89655172413793,29.0,0.75,57.25,29.0,1,rolling,net_profit_fitness,3_days,rep_3,42,3
test,1,0,86986,86986,125287,3,14,3612,5.5,10,18,4,81.0,7,27.0,172.0,145.0,1.186206896551724,145.0,0.2857142857142857,3.857142857142857,29.0,5,rolling,net_profit_fitness,3_days,rep_3,43,3
train,1,0,86986,86986,125287,3,14,3612,5.5,10,18,4,229.0,4,229.0,258.0,29.0,8.89655172413793,29.0,0.75,57.25,29.0,1,rolling,net_profit_fitness,3_days,rep_3,43,3
test,1,0,86986,86986,125287,3,14,3612,5.5,10,18,4,81.0,7,27.0,172.0,145.0,1.186206896551724,145.0,0.2857142857142857,3.857142857142857,29.0,5,rolling,net_profit_fitness,3_days,rep_3,44,3
train,1,0,86986,86986,125287,3,14,3612,5.5,10,18,4,229.0,4,229.0,258.0,29.0,8.89655172413793,29.0,0.75,57.25,29.0,1,rolling,net_profit_fitness,3_days,rep_3,44,3
test,1,0,86986,86986,125287,3,14,3612,5.5,10,18,4,81.0,7,27.0,172.0,145.0,1.186206896551724,145.0,0.2857142857142857,3.857142857142857,29.0,5,rolling,net_profit_fitness,3_days,rep_3,45,3
train,1,0,86986,86986,125287,3,14,3612,5.5,10,18,4,229.0,4,229.0,258.0,29.0,8.89655172413793,29.0,0.75,57.25,29.0,1,rolling,net_profit_fitness,3_days,rep_3,45,3
test,1,0,86986,86986,125287,3,14,3612,5.5,10,18,4,81.0,7,27.0,172.0,145.0,1.186206896551724,145.0,0.2857142857142857,3.857142857142857,29.0,5,rolling,net_profit_fitness,3_days,rep_3,46,3
train,1,0,86986,86986,125287,3,14,3612,5.5,10,18,4,229.0,4,229.0,258.0,29.0,8.89655172413793,29.0,0.75,57.25,29.0,1,rolling,net_profit_fitness,3_days,rep_3,46,3
test,1,0,86986,86986,125287,3,14,3612,5.5,10,18,4,81.0,7,27.0,172.0,145.0,1.186206896551724,145.0,0.2857142857142857,3.857142857142857,29.0,5,rolling,net_profit_fitness,3_days,rep_3,47,3
train,1,0,86986,86986,125287,3,14,3612,5.5,10,18,4,229.0,4,229.0,258.0,29.0,8.89655172413793,29.0,0.75,57.25,29.0,1,rolling,net_profit_fitness,3_days,rep_3,47,3
test,1,0,86986,86986,125287,3,14,3612,5.5,10,18,4,81.0,7,27.0,172.0,145.0,1.186206896551724,145.0,0.2857142857142857,3.857142857142857,29.0,5,rolling,net_profit_fitness,3_days,rep_3,48,3
train,1,0,86986,86986,125287,3,14,3612,5.5,10,18,4,229.0,4,229.0,258.0,29.0,8.89655172413793,29.0,0.75,57.25,29.0,1,rolling,net_profit_fitness,3_days,rep_3,48,3
test,1,0,86986,86986,125287,3,14,3612,5.5,10,18,4,81.0,7,27.0,172.0,145.0,1.186206896551724,145.0,0.2857142857142857,3.857142857142857,29.0,5,rolling,net_profit_fitness,3_days,rep_3,49,3
train,1,0,86986,86986,125287,3,14,3612,5.5,10,18,4,229.0,4,229.0,258.0,29.0,8.89655172413793,29.0,0.75,57.25,29.0,1,rolling,net_profit_fitness,3_days,rep_3,49,3
test,1,0,86986,86986,125287,3,14,3612,5.5,10,18,4,81.0,7,27.0,172.0,145.0,1.186206896551724,145.0,0.2857142857142857,3.857142857142857,29.0,5,rolling,net_profit_fitness,3_days,rep_3,50,3
train,1,0,86986,86986,125287,3,14,3612,5.5,10,18,4,229.0,4,229.0,258.0,29.0,8.89655172413793,29.0,0.75,57.25,29.0,1,rolling,net_profit_fitness,3_days,rep_3,50,3
test,1,0,86986,86986,125287,3,14,3612,5.5,10,18,4,81.0,7,27.0,172.0,145.0,1.186206896551724,145.0,0.2857142857142857,3.857142857142857,29.0,5,rolling,net_profit_fitness,3_days,rep_3,51,3
train,1,0,86986,86986,125287,3,14,3612,5.5,10,18,4,229.0,4,229.0,258.0,29.0,8.89655172413793,29.0,0.75,57.25,29.0,1,rolling,net_profit_fitness,3_days,rep_3,51,3
test,1,0,86986,86986,125287,3,14,3612,5.5,10,18,4,81.0,7,27.0,172.0,145.0,1.186206896551724,145.0,0.2857142857142857,3.857142857142857,29.0,5,rolling,net_profit_fitness,3_days,rep_3,52,3
train,1,0,86986,86986,125287,3,14,3612,5.5,10,18,4,229.0,4,229.0,258.0,29.0,8.89655172413793,29.0,0.75,57.25,29.0,1,rolling,net_profit_fitness,3_days,rep_3,52,3
test,1,0,86986,86986,125287,3,14,3612,5.5,10,18,4,81.0,7,27.0,172.0,145.0,1.186206896551724,145.0,0.2857142857142857,3.857142857142857,29.0,5,rolling,net_profit_fitness,3_days,rep_3,53,3
train,1,0,86986,86986,125287,3,14,3612,5.5,10,18,4,229.0,4,229.0,258.0,29.0,8.89655172413793,29.0,0.75,57.25,29.0,1,rolling,net_profit_fitness,3_days,rep_3,53,3
test,1,0,86986,86986,125287,3,14,3612,5.5,10,18,4,81.0,7,27.0,172.0,145.0,1.186206896551724,145.0,0.2857142857142857,3.857142857142857,29.0,5,rolling,net_profit_fitness,3_days,rep_3,54,3
train,1,0,86986,86986,125287,3,14,3612,5.5,10,18,4,229.0,4,229.0,258.0,29.0,8.89655172413793,29.0,0.75,57.25,29.0,1,rolling,net_profit_fitness,3_days,rep_3,54,3
test,1,0,86986,86986,125287,3,14,3612,5.5,10,18,4,81.0,7,27.0,172.0,145.0,1.186206896551724,145.0,0.2857142857142857,3.857142857142857,29.0,5,rolling,net_profit_fitness,3_days,rep_3,55,3
train,1,0,86986,86986,125287,3,14,3612,5.5,10,18,4,229.0,4,229.0,258.0,29.0,8.89655172413793,29.0,0.75,57.25,29.0,1,rolling,net_profit_fitness,3_days,rep_3,55,3
test,1,0,86986,86986,125287,3,14,3612,5.5,10,18,4,81.0,7,27.0,172.0,145.0,1.186206896551724,145.0,0.2857142857142857,3.857142857142857,29.0,5,rolling,net_profit_fitness,3_days,rep_3,56,3
train,1,0,86986,86986,125287,3,14,3612,5.5,10,18,4,229.0,4,229.0,258.0,29.0,8.89655172413793,29.0,0.75,57.25,29.0,1,rolling,net_profit_fitness,3_days,rep_3,56,3
test,1,0,86986,86986,125287,3,14,3612,5.5,10,18,4,81.0,7,27.0,172.0,145.0,1.186206896551724,145.0,0.2857142857142857,3.857142857142857,29.0,5,rolling,net_profit_fitness,3_days,rep_3,57,3
train,1,0,86986,86986,125287,3,14,3612,5.5,10,18,4,229.0,4,229.0,258.0,29.0,8.89655172413793,29.0,0.75,57.25,29.0,1,rolling,net_profit_fitness,3_days,rep_3,57,3
test,1,0,86986,86986,125287,3,14,3612,5.5,10,18,4,81.0,7,27.0,172.0,145.0,1.186206896551724,145.0,0.2857142857142857,3.857142857142857,29.0,5,rolling,net_profit_fitness,3_days,rep_3,58,3
train,1,0,86986,86986,125287,3,14,3612,5.5,10,18,4,229.0,4,229.0,258.0,29.0,8.89655172413793,29.0,0.75,57.25,29.0,1,rolling,net_profit_fitness,3_days,rep_3,58,3
test,1,0,86986,86986,125287,3,14,3612,5.5,10,18,4,81.0,7,27.0,172.0,145.0,1.186206896551724,145.0,0.2857142857142857,3.857142857142857,29.0,5,rolling,net_profit_fitness,3_days,rep_3,59,3
train,1,0,86986,86986,125287,3,14,3612,5.5,10,18,4,229.0,4,229.0,258.0,29.0,8.89655172413793,29.0,0.75,57.25,29.0,1,rolling,net_profit_fitness,3_days,rep_3,59,3
test,1,0,86986,86986,125287,3,14,3612,5.5,10,18,4,81.0,7,27.0,172.0,145.0,1.186206896551724,145.0,0.2857142857142857,3.857142857142857,29.0,5,rolling,net_profit_fitness,3_days,rep_3,60,3
train,1,0,86986,86986,125287,3,14,3612,5.5,10,18,4,229.0,4,229.0,258.0,29.0,8.89655172413793,29.0,0.75,57.25,29.0,1,rolling,net_profit_fitness,3_days,rep_3,60,3
test,1,0,86986,86986,125287,3,14,3612,5.5,10,18,4,81.0,7,27.0,172.0,145.0,1.186206896551724,145.0,0.2857142857142857,3.857142857142857,29.0,5,rolling,net_profit_fitness,3_days,rep_3,61,3
train,1,0,86986,86986,125287,3,14,3612,5.5,10,18,4,229.0,4,229.0,258.0,29.0,8.89655172413793,29.0,0.75,57.25,29.0,1,rolling,net_profit_fitness,3_days,rep_3,61,3
test,1,0,86986,86986,125287,3,14,3612,5.5,10,18,4,81.0,7,27.0,172.0,145.0,1.186206896551724,145.0,0.2857142857142857,3.857142857142857,29.0,5,rolling,net_profit_fitness,3_days,rep_3,62,3
train,1,0,86986,86986,125287,3,14,3612,5.5,10,18,4,229.0,4,229.0,258.0,29.0,8.89655172413793,29.0,0.75,57.25,29.0,1,rolling,net_profit_fitness,3_days,rep_3,62,3
test,1,0,86986,86986,125287,3,14,3612,5.5,10,18,4,81.0,7,27.0,172.0,145.0,1.186206896551724,145.0,0.2857142857142857,3.857142857142857,29.0,5,rolling,net_profit_fitness,3_days,rep_3,63,3
train,1,0,86986,86986,125287,3,14,3612,5.5,10,18,4,229.0,4,229.0,258.0,29.0,8.89655172413793,29.0,0.75,57.25,29.0,1,rolling,net_profit_fitness,3_days,rep_3,63,3
test,1,0,86986,86986,125287,3,14,3612,5.5,10,18,4,81.0,7,27.0,172.0,145.0,1.186206896551724,145.0,0.2857142857142857,3.857142857142857,29.0,5,rolling,net_profit_fitness,3_days,rep_3,64,3
train,1,0,86986,86986,125287,3,14,3612,5.5,10,18,4,229.0,4,229.0,258.0,29.0,8.89655172413793,29.0,0.75,57.25,29.0,1,rolling,net_profit_fitness,3_days,rep_3,64,3
test,1,0,86986,86986,125287,3,14,3612,5.5,10,18,4,81.0,7,27.0,172.0,145.0,1.186206896551724,145.0,0.2857142857142857,3.857142857142857,29.0,5,rolling,net_profit_fitness,3_days,rep_3,65,3
train,1,0,86986,86986,125287,3,14,3612,5.5,10,18,4,229.0,4,229.0,258.0,29.0,8.89655172413793,29.0,0.75,57.25,29.0,1,rolling,net_profit_fitness,3_days,rep_3,65,3
test,1,0,86986,86986,125287,3,14,3612,5.5,10,18,4,81.0,7,27.0,172.0,145.0,1.186206896551724,145.0,0.2857142857142857,3.857142857142857,29.0,5,rolling,net_profit_fitness,3_days,rep_3,66,3
train,1,0,86986,86986,125287,3,14,3612,5.5,10,18,4,229.0,4,229.0,258.0,29.0,8.89655172413793,29.0,0.75,57.25,29.0,1,rolling,net_profit_fitness,3_days,rep_3,66,3
test,1,0,86986,86986,125287,3,14,3612,5.5,10,18,4,81.0,7,27.0,172.0,145.0,1.186206896551724,145.0,0.2857142857142857,3.857142857142857,29.0,5,rolling,net_profit_fitness,3_days,rep_3,67,3
train,1,0,86986,86986,125287,3,14,3612,5.5,10,18,4,229.0,4,229.0,258.0,29.0,8.89655172413793,29.0,0.75,57.25,29.0,1,rolling,net_profit_fitness,3_days,rep_3,67,3
test,1,0,86986,86986,125287,3,14,3612,5.5,10,18,4,81.0,7,27.0,172.0,145.0,1.186206896551724,145.0,0.2857142857142857,3.857142857142857,29.0,5,rolling,net_profit_fitness,3_days,rep_3,68,3
train,1,0,86986,86986,125287,3,14,3612,5.5,10,18,4,229.0,4,229.0,258.0,29.0,8.89655172413793,29.0,0.75,57.25,29.0,1,rolling,net_profit_fitness,3_days,rep_3,68,3
test,1,0,86986,86986,125287,3,14,3612,5.5,10,18,4,81.0,7,27.0,172.0,145.0,1.186206896551724,145.0,0.2857142857142857,3.857142857142857,29.0,5,rolling,net_profit_fitness,3_days,rep_3,69,3
train,1,0,86986,86986,125287,3,14,3612,5.5,10,18,4,229.0,4,229.0,258.0,29.0,8.89655172413793,29.0,0.75,57.25,29.0,1,rolling,net_profit_fitness,3_days,rep_3,69,3
test,1,0,86986,86986,125287,3,14,3612,5.5,10,18,4,81.0,7,27.0,172.0,145.0,1.186206896551724,145.0,0.2857142857142857,3.857142857142857,29.0,5,rolling,net_profit_fitness,3_days,rep_3,70,3
train,1,0,86986,86986,125287,3,14,3612,5.5,10,18,4,229.0,4,229.0,258.0,29.0,8.89655172413793,29.0,0.75,57.25,29.0,1,rolling,net_profit_fitness,3_days,rep_3,70,3
test,1,0,86986,86986,125287,3,14,3612,5.5,10,18,4,81.0,7,27.0,172.0,145.0,1.186206896551724,145.0,0.2857142857142857,3.857142857142857,29.0,5,rolling,net_profit_fitness,3_days,rep_3,71,3
train,1,0,86986,86986,125287,3,14,3612,5.5,10,18,4,229.0,4,229.0,258.0,29.0,8.89655172413793,29.0,0.75,57.25,29.0,1,rolling,net_profit_fitness,3_days,rep_3,71,3
test,1,0,86986,86986,125287,3,14,3612,5.5,10,18,4,81.0,7,27.0,172.0,145.0,1.186206896551724,145.0,0.2857142857142857,3.857142857142857,29.0,5,rolling,net_profit_fitness,3_days,rep_3,72,3
train,1,0,86986,86986,125287,3,14,3612,5.5,10,18,4,229.0,4,229.0,258.0,29.0,8.89655172413793,29.0,0.75,57.25,29.0,1,rolling,net_profit_fitness,3_days,rep_3,72,3
test,1,0,86986,86986,125287,3,14,3612,5.5,10,18,4,81.0,7,27.0,172.0,145.0,1.186206896551724,145.0,0.2857142857142857,3.857142857142857,29.0,5,rolling,net_profit_fitness,3_days,rep_3,73,3
train,1,0,86986,86986,125287,3,14,3612,5.5,10,18,4,229.0,4,229.0,258.0,29.0,8.89655172413793,29.0,0.75,57.25,29.0,1,rolling,net_profit_fitness,3_days,rep_3,73,3
test,1,0,86986,86986,125287,3,14,3612,5.5,10,18,4,81.0,7,27.0,172.0,145.0,1.186206896551724,145.0,0.2857142857142857,3.857142857142857,29.0,5,rolling,net_profit_fitness,3_days,rep_3,74,3
train,1,0,86986,86986,125287,3,14,3612,5.5,10,18,4,229.0,4,229.0,258.0,29.0,8.89655172413793,29.0,0.75,57.25,29.0,1,rolling,net_profit_fitness,3_days,rep_3,74,3
test,1,0,86986,86986,125287,3,14,3612,5.5,10,18,4,81.0,7,27.0,172.0,145.0,1.186206896551724,145.0,0.2857142857142857,3.857142857142857,29.0,5,rolling,net_profit_fitness,3_days,rep_3,75,3
train,1,0,86986,86986,125287,3,14,3612,5.5,10,18,4,229.0,4,229.0,258.0,29.0,8.89655172413793,29.0,0.75,57.25,29.0,1,rolling,net_profit_fitness,3_days,rep_3,75,3
test,1,0,86986,86986,125287,3,14,3612,5.5,10,18,4,81.0,7,27.0,172.0,145.0,1.186206896551724,145.0,0.2857142857142857,3.857142857142857,29.0,5,rolling,net_profit_fitness,3_days,rep_3,76,3
train,1,0,86986,86986,125287,3,14,3612,5.5,10,18,4,229.0,4,229.0,258.0,29.0,8.89655172413793,29.0,0.75,57.25,29.0,1,rolling,net_profit_fitness,3_days,rep_3,76,3
test,1,0,86986,86986,125287,3,14,3612,5.5,10,18,4,81.0,7,27.0,172.0,145.0,1.186206896551724,145.0,0.2857142857142857,3.857142857142857,29.0,5,rolling,net_profit_fitness,3_days,rep_3,77,3
train,1,0,86986,86986,125287,3,14,3612,5.5,10,18,4,229.0,4,229.0,258.0,29.0,8.89655172413793,29.0,0.75,57.25,29.0,1,rolling,net_profit_fitness,3_days,rep_3,77,3
test,1,0,86986,86986,125287,3,14,3612,5.5,10,18,4,81.0,7,27.0,172.0,145.0,1.186206896551724,145.0,0.2857142857142857,3.857142857142857,29.0,5,rolling,net_profit_fitness,3_days,rep_3,78,3
train,1,0,86986,86986,125287,3,14,3612,5.5,10,18,4,229.0,4,229.0,258.0,29.0,8.89655172413793,29.0,0.75,57.25,29.0,1,rolling,net_profit_fitness,3_days,rep_3,78,3
test,1,0,86986,86986,125287,3,14,3612,5.5,10,18,4,81.0,7,27.0,172.0,145.0,1.186206896551724,145.0,0.2857142857142857,3.857142857142857,29.0,5,rolling,net_profit_fitness,3_days,rep_3,79,3
train,1,0,86986,86986,125287,3,14,3612,5.5,10,18,4,229.0,4,229.0,258.0,29.0,8.89655172413793,29.0,0.75,57.25,29.0,1,rolling,net_profit_fitness,3_days,rep_3,79,3
test,1,0,86986,86986,125287,3,14,3612,5.5,10,18,4,81.0,7,27.0,172.0,145.0,1.186206896551724,145.0,0.2857142857142857,3.857142857142857,29.0,5,rolling,net_profit_fitness,3_days,rep_3,80,3
train,1,0,86986,86986,125287,3,14,3612,5.5,10,18,4,229.0,4,229.0,258.0,29.0,8.89655172413793,29.0,0.75,57.25,29.0,1,rolling,net_profit_fitness,3_days,rep_3,80,3
test,1,0,86986,86986,125287,3,14,3612,5.5,10,18,4,81.0,7,27.0,172.0,145.0,1.186206896551724,145.0,0.2857142857142857,3.857142857142857,29.0,5,rolling,net_profit_fitness,3_days,rep_3,81,3
train,1,0,86986,86986,125287,3,14,3612,5.5,10,18,4,229.0,4,229.0,258.0,29.0,8.89655172413793,29.0,0.75,57.25,29.0,1,rolling,net_profit_fitness,3_days,rep_3,81,3
test,1,0,86986,86986,125287,3,14,3612,5.5,10,18,4,81.0,7,27.0,172.0,145.0,1.186206896551724,145.0,0.2857142857142857,3.857142857142857,29.0,5,rolling,net_profit_fitness,3_days,rep_3,82,3
train,1,0,86986,86986,125287,3,14,3612,5.5,10,18,4,229.0,4,229.0,258.0,29.0,8.89655172413793,29.0,0.75,57.25,29.0,1,rolling,net_profit_fitness,3_days,rep_3,82,3
test,1,0,86986,86986,125287,3,14,3612,5.5,10,18,4,81.0,7,27.0,172.0,145.0,1.186206896551724,145.0,0.2857142857142857,3.857142857142857,29.0,5,rolling,net_profit_fitness,3_days,rep_3,83,3
train,1,0,86986,86986,125287,3,14,3612,5.5,10,18,4,229.0,4,229.0,258.0,29.0,8.89655172413793,29.0,0.75,57.25,29.0,1,rolling,net_profit_fitness,3_days,rep_3,83,3
test,1,0,86986,86986,125287,3,14,3612,5.5,10,18,4,81.0,7,27.0,172.0,145.0,1.186206896551724,145.0,0.2857142857142857,3.857142857142857,29.0,5,rolling,net_profit_fitness,3_days,rep_3,84,3
train,1,0,86986,86986,125287,3,14,3612,5.5,10,18,4,229.0,4,229.0,258.0,29.0,8.89655172413793,29.0,0.75,57.25,29.0,1,rolling,net_profit_fitness,3_days,rep_3,84,3
test,1,0,86986,86986,125287,3,14,3612,5.5,10,18,4,81.0,7,27.0,172.0,145.0,1.186206896551724,145.0,0.2857142857142857,3.857142857142857,29.0,5,rolling,net_profit_fitness,3_days,rep_3,85,3
train,1,0,86986,86986,125287,3,14,3612,5.5,10,18,4,229.0,4,229.0,258.0,29.0,8.89655172413793,29.0,0.75,57.25,29.0,1,rolling,net_profit_fitness,3_days,rep_3,85,3
test,1,0,86986,86986,125287,3,14,3612,5.5,10,18,4,81.0,7,27.0,172.0,145.0,1.186206896551724,145.0,0.2857142857142857,3.857142857142857,29.0,5,rolling,net_profit_fitness,3_days,rep_3,86,3
train,1,0,86986,86986,125287,3,14,3612,5.5,10,18,4,229.0,4,229.0,258.0,29.0,8.89655172413793,29.0,0.75,57.25,29.0,1,rolling,net_profit_fitness,3_days,rep_3,86,3
test,1,0,86986,86986,125287,3,14,3612,5.5,10,18,4,81.0,7,27.0,172.0,145.0,1.186206896551724,145.0,0.2857142857142857,3.857142857142857,29.0,5,rolling,net_profit_fitness,3_days,rep_3,87,3
train,1,0,86986,86986,125287,3,14,3612,5.5,10,18,4,229.0,4,229.0,258.0,29.0,8.89655172413793,29.0,0.75,57.25,29.0,1,rolling,net_profit_fitness,3_days,rep_3,87,3
test,1,0,86986,86986,125287,3,14,3612,5.5,10,18,4,81.0,7,27.0,172.0,145.0,1.186206896551724,145.0,0.2857142857142857,3.857142857142857,29.0,5,rolling,net_profit_fitness,3_days,rep_3,88,3
train,1,0,86986,86986,125287,3,14,3612,5.5,10,18,4,229.0,4,229.0,258.0,29.0,8.89655172413793,29.0,0.75,57.25,29.0,1,rolling,net_profit_fitness,3_days,rep_3,88,3
test,1,0,86986,86986,125287,3,14,3612,5.5,10,18,4,81.0,7,27.0,172.0,145.0,1.186206896551724,145.0,0.2857142857142857,3.857142857142857,29.0,5,rolling,net_profit_fitness,3_days,rep_3,89,3
train,1,0,86986,86986,125287,3,14,3612,5.5,10,18,4,229.0,4,229.0,258.0,29.0,8.89655172413793,29.0,0.75,57.25,29.0,1,rolling,net_profit_fitness,3_days,rep_3,89,3
test,1,0,86986,86986,125287,3,14,3612,5.5,10,18,4,81.0,7,27.0,172.0,145.0,1.186206896551724,145.0,0.2857142857142857,3.857142857142857,29.0,5,rolling,net_profit_fitness,3_days,rep_3,90,3
train,1,0,86986,86986,125287,3,14,3612,5.5,10,18,4,229.0,4,229.0,258.0,29.0,8.89655172413793,29.0,0.75,57.25,29.0,1,rolling,net_profit_fitness,3_days,rep_3,90,3
test,1,0,86986,86986,125287,3,14,3612,5.5,10,18,4,81.0,7,27.0,172.0,145.0,1.186206896551724,145.0,0.2857142857142857,3.857142857142857,29.0,5,rolling,net_profit_fitness,3_days,rep_3,91,3
train,1,0,86986,86986,125287,3,14,3612,5.5,10,18,4,229.0,4,229.0,258.0,29.0,8.89655172413793,29.0,0.75,57.25,29.0,1,rolling,net_profit_fitness,3_days,rep_3,91,3
test,1,0,86986,86986,125287,3,14,3612,5.5,10,18,4,81.0,7,27.0,172.0,145.0,1.186206896551724,145.0,0.2857142857142857,3.857142857142857,29.0,5,rolling,net_profit_fitness,3_days,rep_3,92,3
train,1,0,86986,86986,125287,3,14,3612,5.5,10,18,4,229.0,4,229.0,258.0,29.0,8.89655172413793,29.0,0.75,57.25,29.0,1,rolling,net_profit_fitness,3_days,rep_3,92,3
test,1,0,86986,86986,125287,3,14,3612,5.5,10,18,4,81.0,7,27.0,172.0,145.0,1.186206896551724,145.0,0.2857142857142857,3.857142857142857,29.0,5,rolling,net_profit_fitness,3_days,rep_3,93,3
train,1,0,86986,86986,125287,3,14,3612,5.5,10,18,4,229.0,4,229.0,258.0,29.0,8.89655172413793,29.0,0.75,57.25,29.0,1,rolling,net_profit_fitness,3_days,rep_3,93,3
test,1,0,86986,86986,125287,3,14,3612,5.5,10,18,4,81.0,7,27.0,172.0,145.0,1.186206896551724,145.0,0.2857142857142857,3.857142857142857,29.0,5,rolling,net_profit_fitness,3_days,rep_3,94,3
train,1,0,86986,86986,125287,3,14,3612,5.5,10,18,4,229.0,4,229.0,258.0,29.0,8.89655172413793,29.0,0.75,57.25,29.0,1,rolling,net_profit_fitness,3_days,rep_3,94,3
test,1,0,86986,86986,125287,3,14,3612,5.5,10,18,4,81.0,7,27.0,172.0,145.0,1.186206896551724,145.0,0.2857142857142857,3.857142857142857,29.0,5,rolling,net_profit_fitness,3_days,rep_3,95,3
train,1,0,86986,86986,125287,3,14,3612,5.5,10,18,4,229.0,4,229.0,258.0,29.0,8.89655172413793,29.0,0.75,57.25,29.0,1,rolling,net_profit_fitness,3_days,rep_3,95,3
test,1,0,86986,86986,125287,3,14,3612,5.5,10,18,4,81.0,7,27.0,172.0,145.0,1.186206896551724,145.0,0.2857142857142857,3.857142857142857,29.0,5,rolling,net_profit_fitness,3_days,rep_3,96,3
train,1,0,86986,86986,125287,3,14,3612,5.5,10,18,4,229.0,4,229.0,258.0,29.0,8.89655172413793,29.0,0.75,57.25,29.0,1,rolling,net_profit_fitness,3_days,rep_3,96,3
test,1,0,86986,86986,125287,3,14,3612,5.5,10,18,4,81.0,7,27.0,172.0,145.0,1.186206896551724,145.0,0.2857142857142857,3.857142857142857,29.0,5,rolling,net_profit_fitness,3_days,rep_3,97,3
train,1,0,86986,86986,125287,3,14,3612,5.5,10,18,4,229.0,4,229.0,258.0,29.0,8.89655172413793,29.0,0.75,57.25,29.0,1,rolling,net_profit_fitness,3_days,rep_3,97,3
test,1,0,86986,86986,125287,3,14,3612,5.5,10,18,4,81.0,7,27.0,172.0,145.0,1.186206896551724,145.0,0.2857142857142857,3.857142857142857,29.0,5,rolling,net_profit_fitness,3_days,rep_3,98,3
train,1,0,86986,86986,125287,3,14,3612,5.5,10,18,4,229.0,4,229.0,258.0,29.0,8.89655172413793,29.0,0.75,57.25,29.0,1,rolling,net_profit_fitness,3_days,rep_3,98,3
test,1,0,86986,86986,125287,3,14,3612,5.5,10,18,4,81.0,7,27.0,172.0,145.0,1.186206896551724,145.0,0.2857142857142857,3.857142857142857,29.0,5,rolling,net_profit_fitness,3_days,rep_3,99,3
train,1,0,86986,86986,125287,3,14,3612,5.5,10,18,4,229.0,4,229.0,258.0,29.0,8.89655172413793,29.0,0.75,57.25,29.0,1,rolling,net_profit_fitness,3_days,rep_3,99,3
test,1,0,86986,86986,125287,3,14,3612,5.5,10,18,4,81.0,7,27.0,172.0,145.0,1.186206896551724,145.0,0.2857142857142857,3.857142857142857,29.0,5,rolling,net_profit_fitness,3_days,rep_3,100,3
train,1,0,86986,86986,125287,3,14,3612,5.5,10,18,4,229.0,4,229.0,258.0,29.0,8.89655172413793,29.0,0.75,57.25,29.0,1,rolling,net_profit_fitness,3_days,rep_3,100,3
test,2,22406,125287,125287,130699,0,10,234,9.25,8,28,7,-3000.0,0,0.0,0.0,0.0,inf,0.0,0.0,0.0,0.0,0,rolling,net_profit_fitness,3_days,rep_3,0,0
train,2,22406,125287,125287,130699,0,10,234,9.25,8,28,7,228.0,3,228.0,272.0,44.0,6.181818181818182,44.0,0.6666666666666666,76.0,44.0,1,rolling,net_profit_fitness,3_days,rep_3,0,0
test,2,22406,125287,125287,130699,1,13,3437,3.5,5,13,3,-3000.0,0,0.0,0.0,0.0,inf,0.0,0.0,0.0,0.0,0,rolling,net_profit_fitness,3_days,rep_3,1,1
train,2,22406,125287,125287,130699,1,13,3437,3.5,5,13,3,311.0,26,311.0,671.0,360.0,1.863888888888889,120.0,0.4230769230769231,11.961538461538462,24.0,5,rolling,net_profit_fitness,3_days,rep_3,1,1
test,2,22406,125287,125287,130699,2,13,3437,3.5,11,13,3,-3000.0,0,0.0,0.0,0.0,inf,0.0,0.0,0.0,0.0,0,rolling,net_profit_fitness,3_days,rep_3,2,2
train,2,22406,125287,125287,130699,2,13,3437,3.5,11,13,3,418.0,18,418.0,610.0,192.0,3.177083333333333,48.0,0.5555555555555556,23.22222222222222,24.0,2,rolling,net_profit_fitness,3_days,rep_3,2,2
test,2,22406,125287,125287,130699,3,13,1462,3.5,10,14,3,-3000.0,0,0.0,0.0,0.0,inf,0.0,0.0,0.0,0.0,0,rolling,net_profit_fitness,3_days,rep_3,3,3
train,2,22406,125287,125287,130699,3,13,1462,3.5,10,14,3,420.0,20,420.0,660.0,240.0,2.75,72.0,0.5,21.0,24.0,3,rolling,net_profit_fitness,3_days,rep_3,3,3
test,2,22406,125287,125287,130699,4,12,1757,7.5,5,26,3,-3000.0,0,0.0,0.0,0.0,inf,0.0,0.0,0.0,0.0,0,rolling,net_profit_fitness,3_days,rep_3,4,4
train,2,22406,125287,125287,130699,4,12,1757,7.5,5,26,3,444.0,19,444.0,756.0,312.0,2.423076923076923,96.0,0.3157894736842105,23.36842105263158,24.0,4,rolling,net_profit_fitness,3_days,rep_3,4,4
test,2,22406,125287,125287,130699,5,12,1757,5.25,5,26,3,-3000.0,0,0.0,0.0,0.0,inf,0.0,0.0,0.0,0.0,0,rolling,net_profit_fitness,3_days,rep_3,5,5
train,2,22406,125287,125287,130699,5,12,1757,5.25,5,26,3,546.0,21,546.0,882.0,336.0,2.625,144.0,0.3333333333333333,26.0,24.0,6,rolling,net_profit_fitness,3_days,rep_3,5,5
test,2,22406,125287,125287,130699,5,12,1757,5.25,5,26,3,-3000.0,0,0.0,0.0,0.0,inf,0.0,0.0,0.0,0.0,0,rolling,net_profit_fitness,3_days,rep_3,6,5
train,2,22406,125287,125287,130699,5,12,1757,5.25,5,26,3,546.0,21,546.0,882.0,336.0,2.625,144.0,0.3333333333333333,26.0,24.0,6,rolling,net_profit_fitness,3_days,rep_3,6,5
test,2,22406,125287,125287,130699,5,12,1757,5.25,5,26,3,-3000.0,0,0.0,0.0,0.0,inf,0.0,0.0,0.0,0.0,0,rolling,net_profit_fitness,3_days,rep_3,7,5
train,2,22406,125287,125287,130699,5,12,1757,5.25,5,26,3,546.0,21,546.0,882.0,336.0,2.625,144.0,0.3333333333333333,26.0,24.0,6,rolling,net_profit_fitness,3_days,rep_3,7,5
test,2,22406,125287,125287,130699,5,12,1757,5.25,5,26,3,-3000.0,0,0.0,0.0,0.0,inf,0.0,0.0,0.0,0.0,0,rolling,net_profit_fitness,3_days,rep_3,8,5
train,2,22406,125287,125287,130699,5,12,1757,5.25,5,26,3,546.0,21,546.0,882.0,336.0,2.625,144.0,0.3333333333333333,26.0,24.0,6,rolling,net_profit_fitness,3_days,rep_3,8,5
test,2,22406,125287,125287,130699,5,12,1757,5.25,5,26,3,-3000.0,0,0.0,0.0,0.0,inf,0.0,0.0,0.0,0.0,0,rolling,net_profit_fitness,3_days,rep_3,9,5
train,2,22406,125287,125287,130699,5,12,1757,5.25,5,26,3,546.0,21,546.0,882.0,336.0,2.625,144.0,0.3333333333333333,26.0,24.0,6,rolling,net_profit_fitness,3_days,rep_3,9,5
test,2,22406,125287,125287,130699,10,12,1462,3.5,8,24,2,-3000.0,0,0.0,0.0,0.0,inf,0.0,0.0,0.0,0.0,0,rolling,net_profit_fitness,3_days,rep_3,10,10
train,2,22406,125287,125287,130699,10,12,1462,3.5,8,24,2,565.0,20,565.0,812.0,247.0,3.2874493927125505,114.0,0.35,28.25,19.0,6,rolling,net_profit_fitness,3_days,rep_3,10,10
test,2,22406,125287,125287,130699,10,12,1462,3.5,8,24,2,-3000.0,0,0.0,0.0,0.0,inf,0.0,0.0,0.0,0.0,0,rolling,net_profit_fitness,3_days,rep_3,11,10
train,2,22406,125287,125287,130699,10,12,1462,3.5,8,24,2,565.0,20,565.0,812.0,247.0,3.2874493927125505,114.0,0.35,28.25,19.0,6,rolling,net_profit_fitness,3_days,rep_3,11,10
test,2,22406,125287,125287,130699,10,12,1462,3.5,8,24,2,-3000.0,0,0.0,0.0,0.0,inf,0.0,0.0,0.0,0.0,0,rolling,net_profit_fitness,3_days,rep_3,12,10
train,2,22406,125287,125287,130699,10,12,1462,3.5,8,24,2,565.0,20,565.0,812.0,247.0,3.2874493927125505,114.0,0.35,28.25,19.0,6,rolling,net_profit_fitness,3_days,rep_3,12,10
test,2,22406,125287,125287,130699,13,11,1721,3.25,8,25,2,-3000.0,0,0.0,0.0,0.0,inf,0.0,0.0,0.0,0.0,0,rolling,net_profit_fitness,3_days,rep_3,13,13
train,2,22406,125287,125287,130699,13,11,1721,3.25,8,25,2,588.0,28,588.0,968.0,380.0,2.5473684210526315,114.0,0.2857142857142857,21.0,19.0,6,rolling,net_profit_fitness,3_days,rep_3,13,13
test,2,22406,125287,125287,130699,14,12,1809,3.5,8,26,2,-3000.0,0,0.0,0.0,0.0,inf,0.0,0.0,0.0,0.0,0,rolling,net_profit_fitness,3_days,rep_3,14,14
train,2,22406,125287,125287,130699,14,12,1809,3.5,8,26,2,654.0,19,654.0,882.0,228.0,3.8684210526315783,95.0,0.3684210526315789,34.421052631578945,19.0,5,rolling,net_profit_fitness,3_days,rep_3,14,14
test,2,22406,125287,125287,130699,14,12,1809,3.5,8,26,2,-3000.0,0,0.0,0.0,0.0,inf,0.0,0.0,0.0,0.0,0,rolling,net_profit_fitness,3_days,rep_3,15,14
train,2,22406,125287,125287,130699,14,12,1809,3.5,8,26,2,654.0,19,654.0,882.0,228.0,3.8684210526315783,95.0,0.3684210526315789,34.421052631578945,19.0,5,rolling,net_profit_fitness,3_days,rep_3,15,14
test,2,22406,125287,125287,130699,16,12,1721,3.25,8,26,2,-3000.0,0,0.0,0.0,0.0,inf,0.0,0.0,0.0,0.0,0,rolling,net_profit_fitness,3_days,rep_3,16,16
train,2,22406,125287,125287,130699,16,12,1721,3.25,8,26,2,673.0,18,673.0,882.0,209.0,4.220095693779904,95.0,0.3888888888888889,37.388888888888886,19.0,5,rolling,net_profit_fitness,3_days,rep_3,16,16
test,2,22406,125287,125287,130699,16,12,1721,3.25,8,26,2,-3000.0,0,0.0,0.0,0.0,inf,0.0,0.0,0.0,0.0,0,rolling,net_profit_fitness,3_days,rep_3,17,16
train,2,22406,125287,125287,130699,16,12,1721,3.25,8,26,2,673.0,18,673.0,882.0,209.0,4.220095693779904,95.0,0.3888888888888889,37.388888888888886,19.0,5,rolling,net_profit_fitness,3_days,rep_3,17,16
test,2,22406,125287,125287,130699,16,12,1721,3.25,8,26,2,-3000.0,0,0.0,0.0,0.0,inf,0.0,0.0,0.0,0.0,0,rolling,net_profit_fitness,3_days,rep_3,18,16
train,2,22406,125287,125287,130699,16,12,1721,3.25,8,26,2,673.0,18,673.0,882.0,209.0,4.220095693779904,95.0,0.3888888888888889,37.388888888888886,19.0,5,rolling,net_profit_fitness,3_days,rep_3,18,16
test,2,22406,125287,125287,130699,16,12,1721,3.25,8,26,2,-3000.0,0,0.0,0.0,0.0,inf,0.0,0.0,0.0,0.0,0,rolling,net_profit_fitness,3_days,rep_3,19,16
train,2,22406,125287,125287,130699,16,12,1721,3.25,8,26,2,673.0,18,673.0,882.0,209.0,4.220095693779904,95.0,0.3888888888888889,37.388888888888886,19.0,5,rolling,net_profit_fitness,3_days,rep_3,19,16
test,2,22406,125287,125287,130699,16,12,1721,3.25,8,26,2,-3000.0,0,0.0,0.0,0.0,inf,0.0,0.0,0.0,0.0,0,rolling,net_profit_fitness,3_days,rep_3,20,16
train,2,22406,125287,125287,130699,16,12,1721,3.25,8,26,2,673.0,18,673.0,882.0,209.0,4.220095693779904,95.0,0.3888888888888889,37.388888888888886,19.0,5,rolling,net_profit_fitness,3_days,rep_3,20,16
test,2,22406,125287,125287,130699,16,12,1721,3.25,8,26,2,-3000.0,0,0.0,0.0,0.0,inf,0.0,0.0,0.0,0.0,0,rolling,net_profit_fitness,3_days,rep_3,21,16
train,2,22406,125287,125287,130699,16,12,1721,3.25,8,26,2,673.0,18,673.0,882.0,209.0,4.220095693779904,95.0,0.3888888888888889,37.388888888888886,19.0,5,rolling,net_profit_fitness,3_days,rep_3,21,16
test,2,22406,125287,125287,130699,16,12,1721,3.25,8,26,2,-3000.0,0,0.0,0.0,0.0,inf,0.0,0.0,0.0,0.0,0,rolling,net_profit_fitness,3_days,rep_3,22,16
train,2,22406,125287,125287,130699,16,12,1721,3.25,8,26,2,673.0,18,673.0,882.0,209.0,4.220095693779904,95.0,0.3888888888888889,37.388888888888886,19.0,5,rolling,net_profit_fitness,3_days,rep_3,22,16
test,2,22406,125287,125287,130699,16,12,1721,3.25,8,26,2,-3000.0,0,0.0,0.0,0.0,inf,0.0,0.0,0.0,0.0,0,rolling,net_profit_fitness,3_days,rep_3,23,16
train,2,22406,125287,125287,130699,16,12,1721,3.25,8,26,2,673.0,18,673.0,882.0,209.0,4.220095693779904,95.0,0.3888888888888889,37.388888888888886,19.0,5,rolling,net_profit_fitness,3_days,rep_3,23,16
test,2,22406,125287,125287,130699,16,12,1721,3.25,8,26,2,-3000.0,0,0.0,0.0,0.0,inf,0.0,0.0,0.0,0.0,0,rolling,net_profit_fitness,3_days,rep_3,24,16
train,2,22406,125287,125287,130699,16,12,1721,3.25,8,26,2,673.0,18,673.0,882.0,209.0,4.220095693779904,95.0,0.3888888888888889,37.388888888888886,19.0,5,rolling,net_profit_fitness,3_days,rep_3,24,16
test,2,22406,125287,125287,130699,16,12,1721,3.25,8,26,2,-3000.0,0,0.0,0.0,0.0,inf,0.0,0.0,0.0,0.0,0,rolling,net_profit_fitness,3_days,rep_3,25,16
train,2,22406,125287,125287,130699,16,12,1721,3.25,8,26,2,673.0,18,673.0,882.0,209.0,4.220095693779904,95.0,0.3888888888888889,37.388888888888886,19.0,5,rolling,net_profit_fitness,3_days,rep_3,25,16
test,2,22406,125287,125287,130699,16,12,1721,3.25,8,26,2,-3000.0,0,0.0,0.0,0.0,inf,0.0,0.0,0.0,0.0,0,rolling,net_profit_fitness,3_days,rep_3,26,16
train,2,22406,125287,125287,130699,16,12,1721,3.25,8,26,2,673.0,18,673.0,882.0,209.0,4.220095693779904,95.0,0.3888888888888889,37.388888888888886,19.0,5,rolling,net_profit_fitness,3_days,rep_3,26,16
test,2,22406,125287,125287,130699,16,12,1721,3.25,8,26,2,-3000.0,0,0.0,0.0,0.0,inf,0.0,0.0,0.0,0.0,0,rolling,net_profit_fitness,3_days,rep_3,27,16
train,2,22406,125287,125287,130699,16,12,1721,3.25,8,26,2,673.0,18,673.0,882.0,209.0,4.220095693779904,95.0,0.3888888888888889,37.388888888888886,19.0,5,rolling,net_profit_fitness,3_days,rep_3,27,16
test,2,22406,125287,125287,130699,16,12,1721,3.25,8,26,2,-3000.0,0,0.0,0.0,0.0,inf,0.0,0.0,0.0,0.0,0,rolling,net_profit_fitness,3_days,rep_3,28,16
train,2,22406,125287,125287,130699,16,12,1721,3.25,8,26,2,673.0,18,673.0,882.0,209.0,4.220095693779904,95.0,0.3888888888888889,37.388888888888886,19.0,5,rolling,net_profit_fitness,3_days,rep_3,28,16
test,2,22406,125287,125287,130699,16,12,1721,3.25,8,26,2,-3000.0,0,0.0,0.0,0.0,inf,0.0,0.0,0.0,0.0,0,rolling,net_profit_fitness,3_days,rep_3,29,16
train,2,22406,125287,125287,130699,16,12,1721,3.25,8,26,2,673.0,18,673.0,882.0,209.0,4.220095693779904,95.0,0.3888888888888889,37.388888888888886,19.0,5,rolling,net_profit_fitness,3_days,rep_3,29,16
test,2,22406,125287,125287,130699,16,12,1721,3.25,8,26,2,-3000.0,0,0.0,0.0,0.0,inf,0.0,0.0,0.0,0.0,0,rolling,net_profit_fitness,3_days,rep_3,30,16
train,2,22406,125287,125287,130699,16,12,1721,3.25,8,26,2,673.0,18,673.0,882.0,209.0,4.220095693779904,95.0,0.3888888888888889,37.388888888888886,19.0,5,rolling,net_profit_fitness,3_days,rep_3,30,16
test,2,22406,125287,125287,130699,16,12,1721,3.25,8,26,2,-3000.0,0,0.0,0.0,0.0,inf,0.0,0.0,0.0,0.0,0,rolling,net_profit_fitness,3_days,rep_3,31,16
train,2,22406,125287,125287,130699,16,12,1721,3.25,8,26,2,673.0,18,673.0,882.0,209.0,4.220095693779904,95.0,0.3888888888888889,37.388888888888886,19.0,5,rolling,net_profit_fitness,3_days,rep_3,31,16
test,2,22406,125287,125287,130699,16,12,1721,3.25,8,26,2,-3000.0,0,0.0,0.0,0.0,inf,0.0,0.0,0.0,0.0,0,rolling,net_profit_fitness,3_days,rep_3,32,16
train,2,22406,125287,125287,130699,16,12,1721,3.25,8,26,2,673.0,18,673.0,882.0,209.0,4.220095693779904,95.0,0.3888888888888889,37.388888888888886,19.0,5,rolling,net_profit_fitness,3_days,rep_3,32,16
test,2,22406,125287,125287,130699,16,12,1721,3.25,8,26,2,-3000.0,0,0.0,0.0,0.0,inf,0.0,0.0,0.0,0.0,0,rolling,net_profit_fitness,3_days,rep_3,33,16
train,2,22406,125287,125287,130699,16,12,1721,3.25,8,26,2,673.0,18,673.0,882.0,209.0,4.220095693779904,95.0,0.3888888888888889,37.388888888888886,19.0,5,rolling,net_profit_fitness,3_days,rep_3,33,16
test,2,22406,125287,125287,130699,16,12,1721,3.25,8,26,2,-3000.0,0,0.0,0.0,0.0,inf,0.0,0.0,0.0,0.0,0,rolling,net_profit_fitness,3_days,rep_3,34,16
train,2,22406,125287,125287,130699,16,12,1721,3.25,8,26,2,673.0,18,673.0,882.0,209.0,4.220095693779904,95.0,0.3888888888888889,37.388888888888886,19.0,5,rolling,net_profit_fitness,3_days,rep_3,34,16
test,2,22406,125287,125287,130699,16,12,1721,3.25,8,26,2,-3000.0,0,0.0,0.0,0.0,inf,0.0,0.0,0.0,0.0,0,rolling,net_profit_fitness,3_days,rep_3,35,16
train,2,22406,125287,125287,130699,16,12,1721,3.25,8,26,2,673.0,18,673.0,882.0,209.0,4.220095693779904,95.0,0.3888888888888889,37.388888888888886,19.0,5,rolling,net_profit_fitness,3_days,rep_3,35,16
test,2,22406,125287,125287,130699,16,12,1721,3.25,8,26,2,-3000.0,0,0.0,0.0,0.0,inf,0.0,0.0,0.0,0.0,0,rolling,net_profit_fitness,3_days,rep_3,36,16
train,2,22406,125287,125287,130699,16,12,1721,3.25,8,26,2,673.0,18,673.0,882.0,209.0,4.220095693779904,95.0,0.3888888888888889,37.388888888888886,19.0,5,rolling,net_profit_fitness,3_days,rep_3,36,16
test,2,22406,125287,125287,130699,16,12,1721,3.25,8,26,2,-3000.0,0,0.0,0.0,0.0,inf,0.0,0.0,0.0,0.0,0,rolling,net_profit_fitness,3_days,rep_3,37,16
train,2,22406,125287,125287,130699,16,12,1721,3.25,8,26,2,673.0,18,673.0,882.0,209.0,4.220095693779904,95.0,0.3888888888888889,37.388888888888886,19.0,5,rolling,net_profit_fitness,3_days,rep_3,37,16
test,2,22406,125287,125287,130699,16,12,1721,3.25,8,26,2,-3000.0,0,0.0,0.0,0.0,inf,0.0,0.0,0.0,0.0,0,rolling,net_profit_fitness,3_days,rep_3,38,16
train,2,22406,125287,125287,130699,16,12,1721,3.25,8,26,2,673.0,18,673.0,882.0,209.0,4.220095693779904,95.0,0.3888888888888889,37.388888888888886,19.0,5,rolling,net_profit_fitness,3_days,rep_3,38,16
test,2,22406,125287,125287,130699,16,12,1721,3.25,8,26,2,-3000.0,0,0.0,0.0,0.0,inf,0.0,0.0,0.0,0.0,0,rolling,net_profit_fitness,3_days,rep_3,39,16
train,2,22406,125287,125287,130699,16,12,1721,3.25,8,26,2,673.0,18,673.0,882.0,209.0,4.220095693779904,95.0,0.3888888888888889,37.388888888888886,19.0,5,rolling,net_profit_fitness,3_days,rep_3,39,16
test,2,22406,125287,125287,130699,16,12,1721,3.25,8,26,2,-3000.0,0,0.0,0.0,0.0,inf,0.0,0.0,0.0,0.0,0,rolling,net_profit_fitness,3_days,rep_3,40,16
train,2,22406,125287,125287,130699,16,12,1721,3.25,8,26,2,673.0,18,673.0,882.0,209.0,4.220095693779904,95.0,0.3888888888888889,37.388888888888886,19.0,5,rolling,net_profit_fitness,3_days,rep_3,40,16
test,2,22406,125287,125287,130699,16,12,1721,3.25,8,26,2,-3000.0,0,0.0,0.0,0.0,inf,0.0,0.0,0.0,0.0,0,rolling,net_profit_fitness,3_days,rep_3,41,16
train,2,22406,125287,125287,130699,16,12,1721,3.25,8,26,2,673.0,18,673.0,882.0,209.0,4.220095693779904,95.0,0.3888888888888889,37.388888888888886,19.0,5,rolling,net_profit_fitness,3_days,rep_3,41,16
test,2,22406,125287,125287,130699,16,12,1721,3.25,8,26,2,-3000.0,0,0.0,0.0,0.0,inf,0.0,0.0,0.0,0.0,0,rolling,net_profit_fitness,3_days,rep_3,42,16
train,2,22406,125287,125287,130699,16,12,1721,3.25,8,26,2,673.0,18,673.0,882.0,209.0,4.220095693779904,95.0,0.3888888888888889,37.388888888888886,19.0,5,rolling,net_profit_fitness,3_days,rep_3,42,16
test,2,22406,125287,125287,130699,16,12,1721,3.25,8,26,2,-3000.0,0,0.0,0.0,0.0,inf,0.0,0.0,0.0,0.0,0,rolling,net_profit_fitness,3_days,rep_3,43,16
train,2,22406,125287,125287,130699,16,12,1721,3.25,8,26,2,673.0,18,673.0,882.0,209.0,4.220095693779904,95.0,0.3888888888888889,37.388888888888886,19.0,5,rolling,net_profit_fitness,3_days,rep_3,43,16
test,2,22406,125287,125287,130699,16,12,1721,3.25,8,26,2,-3000.0,0,0.0,0.0,0.0,inf,0.0,0.0,0.0,0.0,0,rolling,net_profit_fitness,3_days,rep_3,44,16
train,2,22406,125287,125287,130699,16,12,1721,3.25,8,26,2,673.0,18,673.0,882.0,209.0,4.220095693779904,95.0,0.3888888888888889,37.388888888888886,19.0,5,rolling,net_profit_fitness,3_days,rep_3,44,16
test,2,22406,125287,125287,130699,16,12,1721,3.25,8,26,2,-3000.0,0,0.0,0.0,0.0,inf,0.0,0.0,0.0,0.0,0,rolling,net_profit_fitness,3_days,rep_3,45,16
train,2,22406,125287,125287,130699,16,12,1721,3.25,8,26,2,673.0,18,673.0,882.0,209.0,4.220095693779904,95.0,0.3888888888888889,37.388888888888886,19.0,5,rolling,net_profit_fitness,3_days,rep_3,45,16
test,2,22406,125287,125287,130699,16,12,1721,3.25,8,26,2,-3000.0,0,0.0,0.0,0.0,inf,0.0,0.0,0.0,0.0,0,rolling,net_profit_fitness,3_days,rep_3,46,16
train,2,22406,125287,125287,130699,16,12,1721,3.25,8,26,2,673.0,18,673.0,882.0,209.0,4.220095693779904,95.0,0.3888888888888889,37.388888888888886,19.0,5,rolling,net_profit_fitness,3_days,rep_3,46,16
test,2,22406,125287,125287,130699,16,12,1721,3.25,8,26,2,-3000.0,0,0.0,0.0,0.0,inf,0.0,0.0,0.0,0.0,0,rolling,net_profit_fitness,3_days,rep_3,47,16
train,2,22406,125287,125287,130699,16,12,1721,3.25,8,26,2,673.0,18,673.0,882.0,209.0,4.220095693779904,95.0,0.3888888888888889,37.388888888888886,19.0,5,rolling,net_profit_fitness,3_days,rep_3,47,16
test,2,22406,125287,125287,130699,16,12,1721,3.25,8,26,2,-3000.0,0,0.0,0.0,0.0,inf,0.0,0.0,0.0,0.0,0,rolling,net_profit_fitness,3_days,rep_3,48,16
train,2,22406,125287,125287,130699,16,12,1721,3.25,8,26,2,673.0,18,673.0,882.0,209.0,4.220095693779904,95.0,0.3888888888888889,37.388888888888886,19.0,5,rolling,net_profit_fitness,3_days,rep_3,48,16
test,2,22406,125287,125287,130699,16,12,1721,3.25,8,26,2,-3000.0,0,0.0,0.0,0.0,inf,0.0,0.0,0.0,0.0,0,rolling,net_profit_fitness,3_days,rep_3,49,16
train,2,22406,125287,125287,130699,16,12,1721,3.25,8,26,2,673.0,18,673.0,882.0,209.0,4.220095693779904,95.0,0.3888888888888889,37.388888888888886,19.0,5,rolling,net_profit_fitness,3_days,rep_3,49,16
test,2,22406,125287,125287,130699,16,12,1721,3.25,8,26,2,-3000.0,0,0.0,0.0,0.0,inf,0.0,0.0,0.0,0.0,0,rolling,net_profit_fitness,3_days,rep_3,50,16
train,2,22406,125287,125287,130699,16,12,1721,3.25,8,26,2,673.0,18,673.0,882.0,209.0,4.220095693779904,95.0,0.3888888888888889,37.388888888888886,19.0,5,rolling,net_profit_fitness,3_days,rep_3,50,16
test,2,22406,125287,125287,130699,16,12,1721,3.25,8,26,2,-3000.0,0,0.0,0.0,0.0,inf,0.0,0.0,0.0,0.0,0,rolling,net_profit_fitness,3_days,rep_3,51,16
train,2,22406,125287,125287,130699,16,12,1721,3.25,8,26,2,673.0,18,673.0,882.0,209.0,4.220095693779904,95.0,0.3888888888888889,37.388888888888886,19.0,5,rolling,net_profit_fitness,3_days,rep_3,51,16
test,2,22406,125287,125287,130699,16,12,1721,3.25,8,26,2,-3000.0,0,0.0,0.0,0.0,inf,0.0,0.0,0.0,0.0,0,rolling,net_profit_fitness,3_days,rep_3,52,16
train,2,22406,125287,125287,130699,16,12,1721,3.25,8,26,2,673.0,18,673.0,882.0,209.0,4.220095693779904,95.0,0.3888888888888889,37.388888888888886,19.0,5,rolling,net_profit_fitness,3_days,rep_3,52,16
test,2,22406,125287,125287,130699,16,12,1721,3.25,8,26,2,-3000.0,0,0.0,0.0,0.0,inf,0.0,0.0,0.0,0.0,0,rolling,net_profit_fitness,3_days,rep_3,53,16
train,2,22406,125287,125287,130699,16,12,1721,3.25,8,26,2,673.0,18,673.0,882.0,209.0,4.220095693779904,95.0,0.3888888888888889,37.388888888888886,19.0,5,rolling,net_profit_fitness,3_days,rep_3,53,16
test,2,22406,125287,125287,130699,16,12,1721,3.25,8,26,2,-3000.0,0,0.0,0.0,0.0,inf,0.0,0.0,0.0,0.0,0,rolling,net_profit_fitness,3_days,rep_3,54,16
train,2,22406,125287,125287,130699,16,12,1721,3.25,8,26,2,673.0,18,673.0,882.0,209.0,4.220095693779904,95.0,0.3888888888888889,37.388888888888886,19.0,5,rolling,net_profit_fitness,3_days,rep_3,54,16
test,2,22406,125287,125287,130699,16,12,1721,3.25,8,26,2,-3000.0,0,0.0,0.0,0.0,inf,0.0,0.0,0.0,0.0,0,rolling,net_profit_fitness,3_days,rep_3,55,16
train,2,22406,125287,125287,130699,16,12,1721,3.25,8,26,2,673.0,18,673.0,882.0,209.0,4.220095693779904,95.0,0.3888888888888889,37.388888888888886,19.0,5,rolling,net_profit_fitness,3_days,rep_3,55,16
test,2,22406,125287,125287,130699,16,12,1721,3.25,8,26,2,-3000.0,0,0.0,0.0,0.0,inf,0.0,0.0,0.0,0.0,0,rolling,net_profit_fitness,3_days,rep_3,56,16
train,2,22406,125287,125287,130699,16,12,1721,3.25,8,26,2,673.0,18,673.0,882.0,209.0,4.220095693779904,95.0,0.3888888888888889,37.388888888888886,19.0,5,rolling,net_profit_fitness,3_days,rep_3,56,16
test,2,22406,125287,125287,130699,16,12,1721,3.25,8,26,2,-3000.0,0,0.0,0.0,0.0,inf,0.0,0.0,0.0,0.0,0,rolling,net_profit_fitness,3_days,rep_3,57,16
train,2,22406,125287,125287,130699,16,12,1721,3.25,8,26,2,673.0,18,673.0,882.0,209.0,4.220095693779904,95.0,0.3888888888888889,37.388888888888886,19.0,5,rolling,net_profit_fitness,3_days,rep_3,57,16
test,2,22406,125287,125287,130699,16,12,1721,3.25,8,26,2,-3000.0,0,0.0,0.0,0.0,inf,0.0,0.0,0.0,0.0,0,rolling,net_profit_fitness,3_days,rep_3,58,16
train,2,22406,125287,125287,130699,16,12,1721,3.25,8,26,2,673.0,18,673.0,882.0,209.0,4.220095693779904,95.0,0.3888888888888889,37.388888888888886,19.0,5,rolling,net_profit_fitness,3_days,rep_3,58,16
test,2,22406,125287,125287,130699,16,12,1721,3.25,8,26,2,-3000.0,0,0.0,0.0,0.0,inf,0.0,0.0,0.0,0.0,0,rolling,net_profit_fitness,3_days,rep_3,59,16
train,2,22406,125287,125287,130699,16,12,1721,3.25,8,26,2,673.0,18,673.0,882.0,209.0,4.220095693779904,95.0,0.3888888888888889,37.388888888888886,19.0,5,rolling,net_profit_fitness,3_days,rep_3,59,16
test,2,22406,125287,125287,130699,16,12,1721,3.25,8,26,2,-3000.0,0,0.0,0.0,0.0,inf,0.0,0.0,0.0,0.0,0,rolling,net_profit_fitness,3_days,rep_3,60,16
train,2,22406,125287,125287,130699,16,12,1721,3.25,8,26,2,673.0,18,673.0,882.0,209.0,4.220095693779904,95.0,0.3888888888888889,37.388888888888886,19.0,5,rolling,net_profit_fitness,3_days,rep_3,60,16
test,2,22406,125287,125287,130699,16,12,1721,3.25,8,26,2,-3000.0,0,0.0,0.0,0.0,inf,0.0,0.0,0.0,0.0,0,rolling,net_profit_fitness,3_days,rep_3,61,16
train,2,22406,125287,125287,130699,16,12,1721,3.25,8,26,2,673.0,18,673.0,882.0,209.0,4.220095693779904,95.0,0.3888888888888889,37.388888888888886,19.0,5,rolling,net_profit_fitness,3_days,rep_3,61,16
test,2,22406,125287,125287,130699,16,12,1721,3.25,8,26,2,-3000.0,0,0.0,0.0,0.0,inf,0.0,0.0,0.0,0.0,0,rolling,net_profit_fitness,3_days,rep_3,62,16
train,2,22406,125287,125287,130699,16,12,1721,3.25,8,26,2,673.0,18,673.0,882.0,209.0,4.220095693779904,95.0,0.3888888888888889,37.388888888888886,19.0,5,rolling,net_profit_fitness,3_days,rep_3,62,16
test,2,22406,125287,125287,130699,16,12,1721,3.25,8,26,2,-3000.0,0,0.0,0.0,0.0,inf,0.0,0.0,0.0,0.0,0,rolling,net_profit_fitness,3_days,rep_3,63,16
train,2,22406,125287,125287,130699,16,12,1721,3.25,8,26,2,673.0,18,673.0,882.0,209.0,4.220095693779904,95.0,0.3888888888888889,37.388888888888886,19.0,5,rolling,net_profit_fitness,3_days,rep_3,63,16
test,2,22406,125287,125287,130699,16,12,1721,3.25,8,26,2,-3000.0,0,0.0,0.0,0.0,inf,0.0,0.0,0.0,0.0,0,rolling,net_profit_fitness,3_days,rep_3,64,16
train,2,22406,125287,125287,130699,16,12,1721,3.25,8,26,2,673.0,18,673.0,882.0,209.0,4.220095693779904,95.0,0.3888888888888889,37.388888888888886,19.0,5,rolling,net_profit_fitness,3_days,rep_3,64,16
test,2,22406,125287,125287,130699,16,12,1721,3.25,8,26,2,-3000.0,0,0.0,0.0,0.0,inf,0.0,0.0,0.0,0.0,0,rolling,net_profit_fitness,3_days,rep_3,65,16
train,2,22406,125287,125287,130699,16,12,1721,3.25,8,26,2,673.0,18,673.0,882.0,209.0,4.220095693779904,95.0,0.3888888888888889,37.388888888888886,19.0,5,rolling,net_profit_fitness,3_days,rep_3,65,16
test,2,22406,125287,125287,130699,16,12,1721,3.25,8,26,2,-3000.0,0,0.0,0.0,0.0,inf,0.0,0.0,0.0,0.0,0,rolling,net_profit_fitness,3_days,rep_3,66,16
train,2,22406,125287,125287,130699,16,12,1721,3.25,8,26,2,673.0,18,673.0,882.0,209.0,4.220095693779904,95.0,0.3888888888888889,37.388888888888886,19.0,5,rolling,net_profit_fitness,3_days,rep_3,66,16
test,2,22406,125287,125287,130699,16,12,1721,3.25,8,26,2,-3000.0,0,0.0,0.0,0.0,inf,0.0,0.0,0.0,0.0,0,rolling,net_profit_fitness,3_days,rep_3,67,16
train,2,22406,125287,125287,130699,16,12,1721,3.25,8,26,2,673.0,18,673.0,882.0,209.0,4.220095693779904,95.0,0.3888888888888889,37.388888888888886,19.0,5,rolling,net_profit_fitness,3_days,rep_3,67,16
test,2,22406,125287,125287,130699,16,12,1721,3.25,8,26,2,-3000.0,0,0.0,0.0,0.0,inf,0.0,0.0,0.0,0.0,0,rolling,net_profit_fitness,3_days,rep_3,68,16
train,2,22406,125287,125287,130699,16,12,1721,3.25,8,26,2,673.0,18,673.0,882.0,209.0,4.220095693779904,95.0,0.3888888888888889,37.388888888888886,19.0,5,rolling,net_profit_fitness,3_days,rep_3,68,16
test,2,22406,125287,125287,130699,16,12,1721,3.25,8,26,2,-3000.0,0,0.0,0.0,0.0,inf,0.0,0.0,0.0,0.0,0,rolling,net_profit_fitness,3_days,rep_3,69,16
train,2,22406,125287,125287,130699,16,12,1721,3.25,8,26,2,673.0,18,673.0,882.0,209.0,4.220095693779904,95.0,0.3888888888888889,37.388888888888886,19.0,5,rolling,net_profit_fitness,3_days,rep_3,69,16
test,2,22406,125287,125287,130699,16,12,1721,3.25,8,26,2,-3000.0,0,0.0,0.0,0.0,inf,0.0,0.0,0.0,0.0,0,rolling,net_profit_fitness,3_days,rep_3,70,16
train,2,22406,125287,125287,130699,16,12,1721,3.25,8,26,2,673.0,18,673.0,882.0,209.0,4.220095693779904,95.0,0.3888888888888889,37.388888888888886,19.0,5,rolling,net_profit_fitness,3_days,rep_3,70,16
test,2,22406,125287,125287,130699,16,12,1721,3.25,8,26,2,-3000.0,0,0.0,0.0,0.0,inf,0.0,0.0,0.0,0.0,0,rolling,net_profit_fitness,3_days,rep_3,71,16
train,2,22406,125287,125287,130699,16,12,1721,3.25,8,26,2,673.0,18,673.0,882.0,209.0,4.220095693779904,95.0,0.3888888888888889,37.388888888888886,19.0,5,rolling,net_profit_fitness,3_days,rep_3,71,16
test,2,22406,125287,125287,130699,16,12,1721,3.25,8,26,2,-3000.0,0,0.0,0.0,0.0,inf,0.0,0.0,0.0,0.0,0,rolling,net_profit_fitness,3_days,rep_3,72,16
train,2,22406,125287,125287,130699,16,12,1721,3.25,8,26,2,673.0,18,673.0,882.0,209.0,4.220095693779904,95.0,0.3888888888888889,37.388888888888886,19.0,5,rolling,net_profit_fitness,3_days,rep_3,72,16
test,2,22406,125287,125287,130699,16,12,1721,3.25,8,26,2,-3000.0,0,0.0,0.0,0.0,inf,0.0,0.0,0.0,0.0,0,rolling,net_profit_fitness,3_days,rep_3,73,16
train,2,22406,125287,125287,130699,16,12,1721,3.25,8,26,2,673.0,18,673.0,882.0,209.0,4.220095693779904,95.0,0.3888888888888889,37.388888888888886,19.0,5,rolling,net_profit_fitness,3_days,rep_3,73,16
test,2,22406,125287,125287,130699,16,12,1721,3.25,8,26,2,-3000.0,0,0.0,0.0,0.0,inf,0.0,0.0,0.0,0.0,0,rolling,net_profit_fitness,3_days,rep_3,74,16
train,2,22406,125287,125287,130699,16,12,1721,3.25,8,26,2,673.0,18,673.0,882.0,209.0,4.220095693779904,95.0,0.3888888888888889,37.388888888888886,19.0,5,rolling,net_profit_fitness,3_days,rep_3,74,16
test,2,22406,125287,125287,130699,16,12,1721,3.25,8,26,2,-3000.0,0,0.0,0.0,0.0,inf,0.0,0.0,0.0,0.0,0,rolling,net_profit_fitness,3_days,rep_3,75,16
train,2,22406,125287,125287,130699,16,12,1721,3.25,8,26,2,673.0,18,673.0,882.0,209.0,4.220095693779904,95.0,0.3888888888888889,37.388888888888886,19.0,5,rolling,net_profit_fitness,3_days,rep_3,75,16
test,2,22406,125287,125287,130699,16,12,1721,3.25,8,26,2,-3000.0,0,0.0,0.0,0.0,inf,0.0,0.0,0.0,0.0,0,rolling,net_profit_fitness,3_days,rep_3,76,16
train,2,22406,125287,125287,130699,16,12,1721,3.25,8,26,2,673.0,18,673.0,882.0,209.0,4.220095693779904,95.0,0.3888888888888889,37.388888888888886,19.0,5,rolling,net_profit_fitness,3_days,rep_3,76,16
test,2,22406,125287,125287,130699,16,12,1721,3.25,8,26,2,-3000.0,0,0.0,0.0,0.0,inf,0.0,0.0,0.0,0.0,0,rolling,net_profit_fitness,3_days,rep_3,77,16
train,2,22406,125287,125287,130699,16,12,1721,3.25,8,26,2,673.0,18,673.0,882.0,209.0,4.220095693779904,95.0,0.3888888888888889,37.388888888888886,19.0,5,rolling,net_profit_fitness,3_days,rep_3,77,16
test,2,22406,125287,125287,130699,16,12,1721,3.25,8,26,2,-3000.0,0,0.0,0.0,0.0,inf,0.0,0.0,0.0,0.0,0,rolling,net_profit_fitness,3_days,rep_3,78,16
train,2,22406,125287,125287,130699,16,12,1721,3.25,8,26,2,673.0,18,673.0,882.0,209.0,4.220095693779904,95.0,0.3888888888888889,37.388888888888886,19.0,5,rolling,net_profit_fitness,3_days,rep_3,78,16
test,2,22406,125287,125287,130699,16,12,1721,3.25,8,26,2,-3000.0,0,0.0,0.0,0.0,inf,0.0,0.0,0.0,0.0,0,rolling,net_profit_fitness,3_days,rep_3,79,16
train,2,22406,125287,125287,130699,16,12,1721,3.25,8,26,2,673.0,18,673.0,882.0,209.0,4.220095693779904,95.0,0.3888888888888889,37.388888888888886,19.0,5,rolling,net_profit_fitness,3_days,rep_3,79,16
test,2,22406,125287,125287,130699,16,12,1721,3.25,8,26,2,-3000.0,0,0.0,0.0,0.0,inf,0.0,0.0,0.0,0.0,0,rolling,net_profit_fitness,3_days,rep_3,80,16
train,2,22406,125287,125287,130699,16,12,1721,3.25,8,26,2,673.0,18,673.0,882.0,209.0,4.220095693779904,95.0,0.3888888888888889,37.388888888888886,19.0,5,rolling,net_profit_fitness,3_days,rep_3,80,16
test,2,22406,125287,125287,130699,16,12,1721,3.25,8,26,2,-3000.0,0,0.0,0.0,0.0,inf,0.0,0.0,0.0,0.0,0,rolling,net_profit_fitness,3_days,rep_3,81,16
train,2,22406,125287,125287,130699,16,12,1721,3.25,8,26,2,673.0,18,673.0,882.0,209.0,4.220095693779904,95.0,0.3888888888888889,37.388888888888886,19.0,5,rolling,net_profit_fitness,3_days,rep_3,81,16
test,2,22406,125287,125287,130699,16,12,1721,3.25,8,26,2,-3000.0,0,0.0,0.0,0.0,inf,0.0,0.0,0.0,0.0,0,rolling,net_profit_fitness,3_days,rep_3,82,16
train,2,22406,125287,125287,130699,16,12,1721,3.25,8,26,2,673.0,18,673.0,882.0,209.0,4.220095693779904,95.0,0.3888888888888889,37.388888888888886,19.0,5,rolling,net_profit_fitness,3_days,rep_3,82,16
test,2,22406,125287,125287,130699,16,12,1721,3.25,8,26,2,-3000.0,0,0.0,0.0,0.0,inf,0.0,0.0,0.0,0.0,0,rolling,net_profit_fitness,3_days,rep_3,83,16
train,2,22406,125287,125287,130699,16,12,1721,3.25,8,26,2,673.0,18,673.0,882.0,209.0,4.220095693779904,95.0,0.3888888888888889,37.388888888888886,19.0,5,rolling,net_profit_fitness,3_days,rep_3,83,16
test,2,22406,125287,125287,130699,16,12,1721,3.25,8,26,2,-3000.0,0,0.0,0.0,0.0,inf,0.0,0.0,0.0,0.0,0,rolling,net_profit_fitness,3_days,rep_3,84,16
train,2,22406,125287,125287,130699,16,12,1721,3.25,8,26,2,673.0,18,673.0,882.0,209.0,4.220095693779904,95.0,0.3888888888888889,37.388888888888886,19.0,5,rolling,net_profit_fitness,3_days,rep_3,84,16
test,2,22406,125287,125287,130699,16,12,1721,3.25,8,26,2,-3000.0,0,0.0,0.0,0.0,inf,0.0,0.0,0.0,0.0,0,rolling,net_profit_fitness,3_days,rep_3,85,16
train,2,22406,125287,125287,130699,16,12,1721,3.25,8,26,2,673.0,18,673.0,882.0,209.0,4.220095693779904,95.0,0.3888888888888889,37.388888888888886,19.0,5,rolling,net_profit_fitness,3_days,rep_3,85,16
test,2,22406,125287,125287,130699,16,12,1721,3.25,8,26,2,-3000.0,0,0.0,0.0,0.0,inf,0.0,0.0,0.0,0.0,0,rolling,net_profit_fitness,3_days,rep_3,86,16
train,2,22406,125287,125287,130699,16,12,1721,3.25,8,26,2,673.0,18,673.0,882.0,209.0,4.220095693779904,95.0,0.3888888888888889,37.388888888888886,19.0,5,rolling,net_profit_fitness,3_days,rep_3,86,16
test,2,22406,125287,125287,130699,16,12,1721,3.25,8,26,2,-3000.0,0,0.0,0.0,0.0,inf,0.0,0.0,0.0,0.0,0,rolling,net_profit_fitness,3_days,rep_3,87,16
train,2,22406,125287,125287,130699,16,12,1721,3.25,8,26,2,673.0,18,673.0,882.0,209.0,4.220095693779904,95.0,0.3888888888888889,37.388888888888886,19.0,5,rolling,net_profit_fitness,3_days,rep_3,87,16
test,2,22406,125287,125287,130699,16,12,1721,3.25,8,26,2,-3000.0,0,0.0,0.0,0.0,inf,0.0,0.0,0.0,0.0,0,rolling,net_profit_fitness,3_days,rep_3,88,16
train,2,22406,125287,125287,130699,16,12,1721,3.25,8,26,2,673.0,18,673.0,882.0,209.0,4.220095693779904,95.0,0.3888888888888889,37.388888888888886,19.0,5,rolling,net_profit_fitness,3_days,rep_3,88,16
test,2,22406,125287,125287,130699,16,12,1721,3.25,8,26,2,-3000.0,0,0.0,0.0,0.0,inf,0.0,0.0,0.0,0.0,0,rolling,net_profit_fitness,3_days,rep_3,89,16
train,2,22406,125287,125287,130699,16,12,1721,3.25,8,26,2,673.0,18,673.0,882.0,209.0,4.220095693779904,95.0,0.3888888888888889,37.388888888888886,19.0,5,rolling,net_profit_fitness,3_days,rep_3,89,16
test,2,22406,125287,125287,130699,16,12,1721,3.25,8,26,2,-3000.0,0,0.0,0.0,0.0,inf,0.0,0.0,0.0,0.0,0,rolling,net_profit_fitness,3_days,rep_3,90,16
train,2,22406,125287,125287,130699,16,12,1721,3.25,8,26,2,673.0,18,673.0,882.0,209.0,4.220095693779904,95.0,0.3888888888888889,37.388888888888886,19.0,5,rolling,net_profit_fitness,3_days,rep_3,90,16
test,2,22406,125287,125287,130699,16,12,1721,3.25,8,26,2,-3000.0,0,0.0,0.0,0.0,inf,0.0,0.0,0.0,0.0,0,rolling,net_profit_fitness,3_days,rep_3,91,16
train,2,22406,125287,125287,130699,16,12,1721,3.25,8,26,2,673.0,18,673.0,882.0,209.0,4.220095693779904,95.0,0.3888888888888889,37.388888888888886,19.0,5,rolling,net_profit_fitness,3_days,rep_3,91,16
test,2,22406,125287,125287,130699,16,12,1721,3.25,8,26,2,-3000.0,0,0.0,0.0,0.0,inf,0.0,0.0,0.0,0.0,0,rolling,net_profit_fitness,3_days,rep_3,92,16
train,2,22406,125287,125287,130699,16,12,1721,3.25,8,26,2,673.0,18,673.0,882.0,209.0,4.220095693779904,95.0,0.3888888888888889,37.388888888888886,19.0,5,rolling,net_profit_fitness,3_days,rep_3,92,16
test,2,22406,125287,125287,130699,16,12,1721,3.25,8,26,2,-3000.0,0,0.0,0.0,0.0,inf,0.0,0.0,0.0,0.0,0,rolling,net_profit_fitness,3_days,rep_3,93,16
train,2,22406,125287,125287,130699,16,12,1721,3.25,8,26,2,673.0,18,673.0,882.0,209.0,4.220095693779904,95.0,0.3888888888888889,37.388888888888886,19.0,5,rolling,net_profit_fitness,3_days,rep_3,93,16
test,2,22406,125287,125287,130699,16,12,1721,3.25,8,26,2,-3000.0,0,0.0,0.0,0.0,inf,0.0,0.0,0.0,0.0,0,rolling,net_profit_fitness,3_days,rep_3,94,16
train,2,22406,125287,125287,130699,16,12,1721,3.25,8,26,2,673.0,18,673.0,882.0,209.0,4.220095693779904,95.0,0.3888888888888889,37.388888888888886,19.0,5,rolling,net_profit_fitness,3_days,rep_3,94,16
test,2,22406,125287,125287,130699,16,12,1721,3.25,8,26,2,-3000.0,0,0.0,0.0,0.0,inf,0.0,0.0,0.0,0.0,0,rolling,net_profit_fitness,3_days,rep_3,95,16
train,2,22406,125287,125287,130699,16,12,1721,3.25,8,26,2,673.0,18,673.0,882.0,209.0,4.220095693779904,95.0,0.3888888888888889,37.388888888888886,19.0,5,rolling,net_profit_fitness,3_days,rep_3,95,16
test,2,22406,125287,125287,130699,16,12,1721,3.25,8,26,2,-3000.0,0,0.0,0.0,0.0,inf,0.0,0.0,0.0,0.0,0,rolling,net_profit_fitness,3_days,rep_3,96,16
train,2,22406,125287,125287,130699,16,12,1721,3.25,8,26,2,673.0,18,673.0,882.0,209.0,4.220095693779904,95.0,0.3888888888888889,37.388888888888886,19.0,5,rolling,net_profit_fitness,3_days,rep_3,96,16
test,2,22406,125287,125287,130699,16,12,1721,3.25,8,26,2,-3000.0,0,0.0,0.0,0.0,inf,0.0,0.0,0.0,0.0,0,rolling,net_profit_fitness,3_days,rep_3,97,16
train,2,22406,125287,125287,130699,16,12,1721,3.25,8,26,2,673.0,18,673.0,882.0,209.0,4.220095693779904,95.0,0.3888888888888889,37.388888888888886,19.0,5,rolling,net_profit_fitness,3_days,rep_3,97,16
test,2,22406,125287,125287,130699,16,12,1721,3.25,8,26,2,-3000.0,0,0.0,0.0,0.0,inf,0.0,0.0,0.0,0.0,0,rolling,net_profit_fitness,3_days,rep_3,98,16
train,2,22406,125287,125287,130699,16,12,1721,3.25,8,26,2,673.0,18,673.0,882.0,209.0,4.220095693779904,95.0,0.3888888888888889,37.388888888888886,19.0,5,rolling,net_profit_fitness,3_days,rep_3,98,16
test,2,22406,125287,125287,130699,16,12,1721,3.25,8,26,2,-3000.0,0,0.0,0.0,0.0,inf,0.0,0.0,0.0,0.0,0,rolling,net_profit_fitness,3_days,rep_3,99,16
train,2,22406,125287,125287,130699,16,12,1721,3.25,8,26,2,673.0,18,673.0,882.0,209.0,4.220095693779904,95.0,0.3888888888888889,37.388888888888886,19.0,5,rolling,net_profit_fitness,3_days,rep_3,99,16
test,2,22406,125287,125287,130699,16,12,1721,3.25,8,26,2,-3000.0,0,0.0,0.0,0.0,inf,0.0,0.0,0.0,0.0,0,rolling,net_profit_fitness,3_days,rep_3,100,16
train,2,22406,125287,125287,130699,16,12,1721,3.25,8,26,2,673.0,18,673.0,882.0,209.0,4.220095693779904,95.0,0.3888888888888889,37.388888888888886,19.0,5,rolling,net_profit_fitness,3_days,rep_3,100,16
